  0
SECTION
  2
HEADER
  9
$ACADVER
  1
AC1021
  9
$ACADMAINTVER
 70
    25
  9
$DWGCODEPAGE
  3
ANSI_1252
  9
$INSBASE
 10
0.0
 20
0.0
 30
0.0
  9
$EXTMIN
 10
-6.37821
 20
-8.7654
 30
0.0
  9
$EXTMAX
 10
6.36023
 20
8.75735
 30
0.0
  9
$LIMMIN
 10
0.0
 20
0.0
  9
$LIMMAX
 10
12.0
 20
9.0
  9
$ORTHOMODE
 70
     0
  9
$REGENMODE
 70
     1
  9
$FILLMODE
 70
     1
  9
$QTEXTMODE
 70
     0
  9
$MIRRTEXT
 70
     1
  9
$LTSCALE
 40
1.0
  9
$ATTMODE
 70
     1
  9
$TEXTSIZE
 40
0.2
  9
$TRACEWID
 40
0.05
  9
$TEXTSTYLE
  7
Standard
  9
$CLAYER
  8
0
  9
$CELTYPE
  6
ByLayer
  9
$CECOLOR
 62
   256
  9
$CELTSCALE
 40
1.0
  9
$DISPSILH
 70
     0
  9
$DIMSCALE
 40
1.0
  9
$DIMASZ
 40
0.18
  9
$DIMEXO
 40
0.0625
  9
$DIMDLI
 40
0.38
  9
$DIMRND
 40
0.0
  9
$DIMDLE
 40
0.0
  9
$DIMEXE
 40
0.18
  9
$DIMTP
 40
0.0
  9
$DIMTM
 40
0.0
  9
$DIMTXT
 40
0.18
  9
$DIMCEN
 40
0.09
  9
$DIMTSZ
 40
0.0
  9
$DIMTOL
 70
     0
  9
$DIMLIM
 70
     0
  9
$DIMTIH
 70
     1
  9
$DIMTOH
 70
     1
  9
$DIMSE1
 70
     0
  9
$DIMSE2
 70
     0
  9
$DIMTAD
 70
     0
  9
$DIMZIN
 70
     0
  9
$DIMBLK
  1

  9
$DIMASO
 70
     1
  9
$DIMSHO
 70
     1
  9
$DIMPOST
  1

  9
$DIMAPOST
  1

  9
$DIMALT
 70
     0
  9
$DIMALTD
 70
     2
  9
$DIMALTF
 40
25.4
  9
$DIMLFAC
 40
1.0
  9
$DIMTOFL
 70
     0
  9
$DIMTVP
 40
0.0
  9
$DIMTIX
 70
     0
  9
$DIMSOXD
 70
     0
  9
$DIMSAH
 70
     0
  9
$DIMBLK1
  1

  9
$DIMBLK2
  1

  9
$DIMSTYLE
  2
Standard
  9
$DIMCLRD
 70
     0
  9
$DIMCLRE
 70
     0
  9
$DIMCLRT
 70
     0
  9
$DIMTFAC
 40
1.0
  9
$DIMGAP
 40
0.09
  9
$DIMJUST
 70
     0
  9
$DIMSD1
 70
     0
  9
$DIMSD2
 70
     0
  9
$DIMTOLJ
 70
     1
  9
$DIMTZIN
 70
     0
  9
$DIMALTZ
 70
     0
  9
$DIMALTTZ
 70
     0
  9
$DIMUPT
 70
     0
  9
$DIMDEC
 70
     4
  9
$DIMTDEC
 70
     4
  9
$DIMALTU
 70
     2
  9
$DIMALTTD
 70
     2
  9
$DIMTXSTY
  7
Standard
  9
$DIMAUNIT
 70
     0
  9
$DIMADEC
 70
     0
  9
$DIMALTRND
 40
0.0
  9
$DIMAZIN
 70
     0
  9
$DIMDSEP
 70
    46
  9
$DIMATFIT
 70
     3
  9
$DIMFRAC
 70
     0
  9
$DIMLDRBLK
  1

  9
$DIMLUNIT
 70
     2
  9
$DIMLWD
 70
    -2
  9
$DIMLWE
 70
    -2
  9
$DIMTMOVE
 70
     0
  9
$DIMFXL
 40
1.0
  9
$DIMFXLON
 70
     0
  9
$DIMJOGANG
 40
0.7853981633974483
  9
$DIMTFILL
 70
     0
  9
$DIMTFILLCLR
 70
     0
  9
$DIMARCSYM
 70
     0
  9
$DIMLTYPE
  6

  9
$DIMLTEX1
  6

  9
$DIMLTEX2
  6

  9
$LUNITS
 70
     2
  9
$LUPREC
 70
     4
  9
$SKETCHINC
 40
0.1
  9
$FILLETRAD
 40
0.5
  9
$AUNITS
 70
     0
  9
$AUPREC
 70
     0
  9
$MENU
  1
.
  9
$ELEVATION
 40
0.0
  9
$PELEVATION
 40
0.0
  9
$THICKNESS
 40
0.0
  9
$LIMCHECK
 70
     0
  9
$CHAMFERA
 40
0.5
  9
$CHAMFERB
 40
0.5
  9
$CHAMFERC
 40
1.0
  9
$CHAMFERD
 40
0.0
  9
$SKPOLY
 70
     0
  9
$TDCREATE
 40
2456871.796582384
  9
$TDUCREATE
 40
2456871.921582384
  9
$TDUPDATE
 40
2456871.796582893
  9
$TDUUPDATE
 40
2456871.921582893
  9
$TDINDWG
 40
0.0000000116
  9
$TDUSRTIMER
 40
0.0000000116
  9
$USRTIMER
 70
     1
  9
$ANGBASE
 50
0.0
  9
$ANGDIR
 70
     0
  9
$PDMODE
 70
     0
  9
$PDSIZE
 40
0.0
  9
$PLINEWID
 40
0.0
  9
$SPLFRAME
 70
     0
  9
$SPLINETYPE
 70
     6
  9
$SPLINESEGS
 70
     8
  9
$HANDSEED
  5
20A
  9
$SURFTAB1
 70
     6
  9
$SURFTAB2
 70
     6
  9
$SURFTYPE
 70
     6
  9
$SURFU
 70
     6
  9
$SURFV
 70
     6
  9
$UCSBASE
  2

  9
$UCSNAME
  2

  9
$UCSORG
 10
0.0
 20
0.0
 30
0.0
  9
$UCSXDIR
 10
1.0
 20
0.0
 30
0.0
  9
$UCSYDIR
 10
0.0
 20
1.0
 30
0.0
  9
$UCSORTHOREF
  2

  9
$UCSORTHOVIEW
 70
     0
  9
$UCSORGTOP
 10
0.0
 20
0.0
 30
0.0
  9
$UCSORGBOTTOM
 10
0.0
 20
0.0
 30
0.0
  9
$UCSORGLEFT
 10
0.0
 20
0.0
 30
0.0
  9
$UCSORGRIGHT
 10
0.0
 20
0.0
 30
0.0
  9
$UCSORGFRONT
 10
0.0
 20
0.0
 30
0.0
  9
$UCSORGBACK
 10
0.0
 20
0.0
 30
0.0
  9
$PUCSBASE
  2

  9
$PUCSNAME
  2

  9
$PUCSORG
 10
0.0
 20
0.0
 30
0.0
  9
$PUCSXDIR
 10
1.0
 20
0.0
 30
0.0
  9
$PUCSYDIR
 10
0.0
 20
1.0
 30
0.0
  9
$PUCSORTHOREF
  2

  9
$PUCSORTHOVIEW
 70
     0
  9
$PUCSORGTOP
 10
0.0
 20
0.0
 30
0.0
  9
$PUCSORGBOTTOM
 10
0.0
 20
0.0
 30
0.0
  9
$PUCSORGLEFT
 10
0.0
 20
0.0
 30
0.0
  9
$PUCSORGRIGHT
 10
0.0
 20
0.0
 30
0.0
  9
$PUCSORGFRONT
 10
0.0
 20
0.0
 30
0.0
  9
$PUCSORGBACK
 10
0.0
 20
0.0
 30
0.0
  9
$USERI1
 70
     0
  9
$USERI2
 70
     0
  9
$USERI3
 70
     0
  9
$USERI4
 70
     0
  9
$USERI5
 70
     0
  9
$USERR1
 40
0.0
  9
$USERR2
 40
0.0
  9
$USERR3
 40
0.0
  9
$USERR4
 40
0.0
  9
$USERR5
 40
0.0
  9
$WORLDVIEW
 70
     1
  9
$SHADEDGE
 70
     3
  9
$SHADEDIF
 70
    70
  9
$TILEMODE
 70
     1
  9
$MAXACTVP
 70
    64
  9
$PINSBASE
 10
0.0
 20
0.0
 30
0.0
  9
$PLIMCHECK
 70
     0
  9
$PEXTMIN
 10
1.000000000000000E+20
 20
1.000000000000000E+20
 30
1.000000000000000E+20
  9
$PEXTMAX
 10
-1.000000000000000E+20
 20
-1.000000000000000E+20
 30
-1.000000000000000E+20
  9
$PLIMMIN
 10
0.0
 20
0.0
  9
$PLIMMAX
 10
12.0
 20
9.0
  9
$UNITMODE
 70
     0
  9
$VISRETAIN
 70
     1
  9
$PLINEGEN
 70
     0
  9
$PSLTSCALE
 70
     1
  9
$TREEDEPTH
 70
  3020
  9
$CMLSTYLE
  2
Standard
  9
$CMLJUST
 70
     0
  9
$CMLSCALE
 40
1.0
  9
$PROXYGRAPHICS
 70
     1
  9
$MEASUREMENT
 70
     0
  9
$CELWEIGHT
370
    -1
  9
$ENDCAPS
280
     0
  9
$JOINSTYLE
280
     0
  9
$LWDISPLAY
290
     0
  9
$INSUNITS
 70
     5
  9
$HYPERLINKBASE
  1

  9
$STYLESHEET
  1

  9
$XEDIT
290
     1
  9
$CEPSNTYPE
380
     0
  9
$PSTYLEMODE
290
     1
  9
$FINGERPRINTGUID
  2
{121A699C-B624-409F-87B7-7C9BA084AF19}
  9
$VERSIONGUID
  2
{FAEB1C32-E019-11D5-929B-00C0DF256EC4}
  9
$EXTNAMES
290
     1
  9
$PSVPSCALE
 40
0.0
  9
$OLESTARTUP
290
     0
  9
$SORTENTS
280
   127
  9
$INDEXCTL
280
     0
  9
$HIDETEXT
280
     1
  9
$XCLIPFRAME
290
     0
  9
$HALOGAP
280
     0
  9
$OBSCOLOR
 70
   257
  9
$OBSLTYPE
280
     0
  9
$INTERSECTIONDISPLAY
280
     0
  9
$INTERSECTIONCOLOR
 70
   257
  9
$DIMASSOC
280
     2
  9
$PROJECTNAME
  1

  9
$CAMERADISPLAY
290
     0
  9
$LENSLENGTH
 40
50.0
  9
$CAMERAHEIGHT
 40
0.0
  9
$STEPSPERSEC
 40
2.0
  9
$STEPSIZE
 40
6.0
  9
$3DDWFPREC
 40
2.0
  9
$PSOLWIDTH
 40
0.25
  9
$PSOLHEIGHT
 40
4.0
  9
$LOFTANG1
 40
1.570796326794897
  9
$LOFTANG2
 40
1.570796326794897
  9
$LOFTMAG1
 40
0.0
  9
$LOFTMAG2
 40
0.0
  9
$LOFTPARAM
 70
     7
  9
$LOFTNORMALS
280
     1
  9
$LATITUDE
 40
37.795
  9
$LONGITUDE
 40
-122.394
  9
$NORTHDIRECTION
 40
0.0
  9
$TIMEZONE
 70
 -8000
  9
$LIGHTGLYPHDISPLAY
280
     1
  9
$TILEMODELIGHTSYNCH
280
     1
  9
$SOLIDHIST
280
     1
  9
$SHOWHIST
280
     1
  9
$DWFFRAME
280
     2
  9
$DGNFRAME
280
     2
  9
$REALWORLDSCALE
290
     1
  9
$INTERFERECOLOR
 62
   256
  9
$CSHADOW
280
     0
  9
$SHADOWPLANELOCATION
 40
0.0
  0
ENDSEC
  0
SECTION
  2
CLASSES
  0
CLASS
  1
ACDBDICTIONARYWDFLT
  2
AcDbDictionaryWithDefault
  3
ObjectDBX Classes
 90
        0
 91
        4
280
     0
281
     0
  0
CLASS
  1
VISUALSTYLE
  2
AcDbVisualStyle
  3
ObjectDBX Classes
 90
     4095
 91
        4
280
     0
281
     0
  0
CLASS
  1
MATERIAL
  2
AcDbMaterial
  3
ObjectDBX Classes
 90
     1153
 91
        4
280
     0
281
     0
  0
ENDSEC
  0
SECTION
  2
TABLES
  0
TABLE
  2
VPORT
  5
8
330
0
100
AcDbSymbolTable
 70
     1
  0
VPORT
  5
29
330
8
100
AcDbSymbolTableRecord
100
AcDbViewportTableRecord
  2
*Active
 70
     0
 10
0.0
 20
0.0
 11
1.0
 21
1.0
 12
10.42990654205607
 22
4.5
 13
0.0
 23
0.0
 14
0.5
 24
0.5
 15
0.5
 25
0.5
 16
0.0
 26
0.0
 36
1.0
 17
0.0
 27
0.0
 37
0.0
 40
9.0
 41
1.972972972850329
 42
50.0
 43
0.0
 44
0.0
 50
0.0
 51
0.0
 71
     0
 72
   100
 73
     1
 74
     3
 75
     0
 76
     0
 77
     0
 78
     0
281
     0
 65
     1
110
0.0
120
0.0
130
0.0
111
1.0
121
0.0
131
0.0
112
0.0
122
1.0
132
0.0
 79
     0
146
0.0
 60
     3
 61
     5
292
     1
282
     1
141
0.0
142
0.0
 63
   250
  0
ENDTAB
  0
TABLE
  2
LTYPE
  5
5
330
0
100
AcDbSymbolTable
 70
     1
  0
LTYPE
  5
14
330
5
100
AcDbSymbolTableRecord
100
AcDbLinetypeTableRecord
  2
ByBlock
 70
     0
  3

 72
    65
 73
     0
 40
0.0
  0
LTYPE
  5
15
330
5
100
AcDbSymbolTableRecord
100
AcDbLinetypeTableRecord
  2
ByLayer
 70
     0
  3

 72
    65
 73
     0
 40
0.0
  0
LTYPE
  5
16
330
5
100
AcDbSymbolTableRecord
100
AcDbLinetypeTableRecord
  2
Continuous
 70
     0
  3
Solid line
 72
    65
 73
     0
 40
0.0
  0
ENDTAB
  0
TABLE
  2
LAYER
  5
2
330
0
100
AcDbSymbolTable
 70
     2
  0
LAYER
  5
10
330
2
100
AcDbSymbolTableRecord
100
AcDbLayerTableRecord
  2
0
 70
     0
 62
     7
  6
Continuous
370
    -3
390
F
347
3E
  0
LAYER
  5
40
330
2
100
AcDbSymbolTableRecord
100
AcDbLayerTableRecord
  2
Camada 1
 70
     0
 62
     7
  6
Continuous
370
    -3
390
F
347
3E
  0
ENDTAB
  0
TABLE
  2
STYLE
  5
3
330
0
100
AcDbSymbolTable
 70
     1
  0
STYLE
  5
11
330
3
100
AcDbSymbolTableRecord
100
AcDbTextStyleTableRecord
  2
Standard
 70
     0
 40
0.0
 41
1.0
 50
0.0
 71
     0
 42
0.2
  3
txt
  4

  0
ENDTAB
  0
TABLE
  2
VIEW
  5
6
330
0
100
AcDbSymbolTable
 70
     0
  0
ENDTAB
  0
TABLE
  2
UCS
  5
7
330
0
100
AcDbSymbolTable
 70
     0
  0
ENDTAB
  0
TABLE
  2
APPID
  5
9
330
0
100
AcDbSymbolTable
 70
     2
  0
APPID
  5
12
330
9
100
AcDbSymbolTableRecord
100
AcDbRegAppTableRecord
  2
ACAD
 70
     0
  0
APPID
  5
3F
330
9
100
AcDbSymbolTableRecord
100
AcDbRegAppTableRecord
  2
ODA
 70
     0
  0
ENDTAB
  0
TABLE
  2
DIMSTYLE
  5
A
330
0
100
AcDbSymbolTable
 70
     1
100
AcDbDimStyleTable
  0
DIMSTYLE
105
27
330
A
100
AcDbSymbolTableRecord
100
AcDbDimStyleTableRecord
  2
Standard
 70
     0
178
     0
340
11
  0
ENDTAB
  0
TABLE
  2
BLOCK_RECORD
  5
1
330
0
100
AcDbSymbolTable
 70
     1
  0
BLOCK_RECORD
  5
1F
330
1
100
AcDbSymbolTableRecord
100
AcDbBlockTableRecord
  2
*Model_Space
340
22
 70
     0
280
     1
281
     0
  0
BLOCK_RECORD
  5
1B
330
1
100
AcDbSymbolTableRecord
100
AcDbBlockTableRecord
  2
*Paper_Space
340
1E
 70
     0
280
     1
281
     0
  0
BLOCK_RECORD
  5
23
330
1
100
AcDbSymbolTableRecord
100
AcDbBlockTableRecord
  2
*Paper_Space0
340
26
 70
     0
280
     1
281
     0
  0
ENDTAB
  0
ENDSEC
  0
SECTION
  2
BLOCKS
  0
BLOCK
  5
20
330
1F
100
AcDbEntity
  8
0
100
AcDbBlockBegin
  2
*Model_Space
 70
     0
 10
0.0
 20
0.0
 30
0.0
  3
*Model_Space
  1

  0
ENDBLK
  5
21
330
1F
100
AcDbEntity
  8
0
100
AcDbBlockEnd
  0
BLOCK
  5
1C
330
1B
100
AcDbEntity
 67
     1
  8
0
100
AcDbBlockBegin
  2
*Paper_Space
 70
     0
 10
0.0
 20
0.0
 30
0.0
  3
*Paper_Space
  1

  0
ENDBLK
  5
1D
330
1B
100
AcDbEntity
 67
     1
  8
0
100
AcDbBlockEnd
  0
BLOCK
  5
24
330
23
100
AcDbEntity
  8
0
100
AcDbBlockBegin
  2
*Paper_Space0
 70
     0
 10
0.0
 20
0.0
 30
0.0
  3
*Paper_Space0
  1

  0
ENDBLK
  5
25
330
23
100
AcDbEntity
  8
0
100
AcDbBlockEnd
  0
ENDSEC
  0
SECTION
  2
ENTITIES
  0
SPLINE
  5
41
330
1F
100
AcDbEntity
  8
Camada 1
100
AcDbSpline
210
0.0
220
0.0
230
1.0
 70
    11
 71
     3
 72
  2360
 73
  2356
 74
     0
 42
0.0000000001
 43
0.0000000001
 12
1.0
 22
0.0
 32
0.0
 13
1.0
 23
0.0
 33
0.0
 40
0.0
 40
0.0
 40
0.0
 40
0.0
 40
0.0016949152542373
 40
0.0016949152542373
 40
0.0016949152542373
 40
0.0016949152542373
 40
0.0033898305084746
 40
0.0033898305084746
 40
0.0033898305084746
 40
0.0033898305084746
 40
0.0050847457627119
 40
0.0050847457627119
 40
0.0050847457627119
 40
0.0050847457627119
 40
0.0067796610169492
 40
0.0067796610169492
 40
0.0067796610169492
 40
0.0067796610169492
 40
0.0084745762711864
 40
0.0084745762711864
 40
0.0084745762711864
 40
0.0084745762711864
 40
0.0101694915254237
 40
0.0101694915254237
 40
0.0101694915254237
 40
0.0101694915254237
 40
0.011864406779661
 40
0.011864406779661
 40
0.011864406779661
 40
0.011864406779661
 40
0.0135593220338983
 40
0.0135593220338983
 40
0.0135593220338983
 40
0.0135593220338983
 40
0.0152542372881356
 40
0.0152542372881356
 40
0.0152542372881356
 40
0.0152542372881356
 40
0.0169491525423729
 40
0.0169491525423729
 40
0.0169491525423729
 40
0.0169491525423729
 40
0.0186440677966102
 40
0.0186440677966102
 40
0.0186440677966102
 40
0.0186440677966102
 40
0.0203389830508475
 40
0.0203389830508475
 40
0.0203389830508475
 40
0.0203389830508475
 40
0.0220338983050847
 40
0.0220338983050847
 40
0.0220338983050847
 40
0.0220338983050847
 40
0.023728813559322
 40
0.023728813559322
 40
0.023728813559322
 40
0.023728813559322
 40
0.0254237288135593
 40
0.0254237288135593
 40
0.0254237288135593
 40
0.0254237288135593
 40
0.0271186440677966
 40
0.0271186440677966
 40
0.0271186440677966
 40
0.0271186440677966
 40
0.0288135593220339
 40
0.0288135593220339
 40
0.0288135593220339
 40
0.0288135593220339
 40
0.0305084745762712
 40
0.0305084745762712
 40
0.0305084745762712
 40
0.0305084745762712
 40
0.0322033898305085
 40
0.0322033898305085
 40
0.0322033898305085
 40
0.0322033898305085
 40
0.0338983050847458
 40
0.0338983050847458
 40
0.0338983050847458
 40
0.0338983050847458
 40
0.0355932203389831
 40
0.0355932203389831
 40
0.0355932203389831
 40
0.0355932203389831
 40
0.0372881355932203
 40
0.0372881355932203
 40
0.0372881355932203
 40
0.0372881355932203
 40
0.0389830508474576
 40
0.0389830508474576
 40
0.0389830508474576
 40
0.0389830508474576
 40
0.0406779661016949
 40
0.0406779661016949
 40
0.0406779661016949
 40
0.0406779661016949
 40
0.0423728813559322
 40
0.0423728813559322
 40
0.0423728813559322
 40
0.0423728813559322
 40
0.0440677966101695
 40
0.0440677966101695
 40
0.0440677966101695
 40
0.0440677966101695
 40
0.0457627118644068
 40
0.0457627118644068
 40
0.0457627118644068
 40
0.0457627118644068
 40
0.0474576271186441
 40
0.0474576271186441
 40
0.0474576271186441
 40
0.0474576271186441
 40
0.0491525423728814
 40
0.0491525423728814
 40
0.0491525423728814
 40
0.0491525423728814
 40
0.0508474576271186
 40
0.0508474576271186
 40
0.0508474576271186
 40
0.0508474576271186
 40
0.0525423728813559
 40
0.0525423728813559
 40
0.0525423728813559
 40
0.0525423728813559
 40
0.0542372881355932
 40
0.0542372881355932
 40
0.0542372881355932
 40
0.0542372881355932
 40
0.0559322033898305
 40
0.0559322033898305
 40
0.0559322033898305
 40
0.0559322033898305
 40
0.0576271186440678
 40
0.0576271186440678
 40
0.0576271186440678
 40
0.0576271186440678
 40
0.0593220338983051
 40
0.0593220338983051
 40
0.0593220338983051
 40
0.0593220338983051
 40
0.0610169491525424
 40
0.0610169491525424
 40
0.0610169491525424
 40
0.0610169491525424
 40
0.0627118644067797
 40
0.0627118644067797
 40
0.0627118644067797
 40
0.0627118644067797
 40
0.0644067796610169
 40
0.0644067796610169
 40
0.0644067796610169
 40
0.0644067796610169
 40
0.0661016949152542
 40
0.0661016949152542
 40
0.0661016949152542
 40
0.0661016949152542
 40
0.0677966101694915
 40
0.0677966101694915
 40
0.0677966101694915
 40
0.0677966101694915
 40
0.0694915254237288
 40
0.0694915254237288
 40
0.0694915254237288
 40
0.0694915254237288
 40
0.0711864406779661
 40
0.0711864406779661
 40
0.0711864406779661
 40
0.0711864406779661
 40
0.0728813559322034
 40
0.0728813559322034
 40
0.0728813559322034
 40
0.0728813559322034
 40
0.0745762711864407
 40
0.0745762711864407
 40
0.0745762711864407
 40
0.0745762711864407
 40
0.076271186440678
 40
0.076271186440678
 40
0.076271186440678
 40
0.076271186440678
 40
0.0779661016949153
 40
0.0779661016949153
 40
0.0779661016949153
 40
0.0779661016949153
 40
0.0796610169491525
 40
0.0796610169491525
 40
0.0796610169491525
 40
0.0796610169491525
 40
0.0813559322033898
 40
0.0813559322033898
 40
0.0813559322033898
 40
0.0813559322033898
 40
0.0830508474576271
 40
0.0830508474576271
 40
0.0830508474576271
 40
0.0830508474576271
 40
0.0847457627118644
 40
0.0847457627118644
 40
0.0847457627118644
 40
0.0847457627118644
 40
0.0864406779661017
 40
0.0864406779661017
 40
0.0864406779661017
 40
0.0864406779661017
 40
0.088135593220339
 40
0.088135593220339
 40
0.088135593220339
 40
0.088135593220339
 40
0.0898305084745763
 40
0.0898305084745763
 40
0.0898305084745763
 40
0.0898305084745763
 40
0.0915254237288136
 40
0.0915254237288136
 40
0.0915254237288136
 40
0.0915254237288136
 40
0.0932203389830508
 40
0.0932203389830508
 40
0.0932203389830508
 40
0.0932203389830508
 40
0.0949152542372881
 40
0.0949152542372881
 40
0.0949152542372881
 40
0.0949152542372881
 40
0.0966101694915254
 40
0.0966101694915254
 40
0.0966101694915254
 40
0.0966101694915254
 40
0.0983050847457627
 40
0.0983050847457627
 40
0.0983050847457627
 40
0.0983050847457627
 40
0.1
 40
0.1
 40
0.1
 40
0.1
 40
0.1016949152542373
 40
0.1016949152542373
 40
0.1016949152542373
 40
0.1016949152542373
 40
0.1033898305084746
 40
0.1033898305084746
 40
0.1033898305084746
 40
0.1033898305084746
 40
0.1050847457627119
 40
0.1050847457627119
 40
0.1050847457627119
 40
0.1050847457627119
 40
0.1067796610169491
 40
0.1067796610169491
 40
0.1067796610169491
 40
0.1067796610169491
 40
0.1084745762711864
 40
0.1084745762711864
 40
0.1084745762711864
 40
0.1084745762711864
 40
0.1101694915254237
 40
0.1101694915254237
 40
0.1101694915254237
 40
0.1101694915254237
 40
0.111864406779661
 40
0.111864406779661
 40
0.111864406779661
 40
0.111864406779661
 40
0.1135593220338983
 40
0.1135593220338983
 40
0.1135593220338983
 40
0.1135593220338983
 40
0.1152542372881356
 40
0.1152542372881356
 40
0.1152542372881356
 40
0.1152542372881356
 40
0.1169491525423729
 40
0.1169491525423729
 40
0.1169491525423729
 40
0.1169491525423729
 40
0.1186440677966102
 40
0.1186440677966102
 40
0.1186440677966102
 40
0.1186440677966102
 40
0.1203389830508475
 40
0.1203389830508475
 40
0.1203389830508475
 40
0.1203389830508475
 40
0.1220338983050848
 40
0.1220338983050848
 40
0.1220338983050848
 40
0.1220338983050848
 40
0.123728813559322
 40
0.123728813559322
 40
0.123728813559322
 40
0.123728813559322
 40
0.1254237288135593
 40
0.1254237288135593
 40
0.1254237288135593
 40
0.1254237288135593
 40
0.1271186440677966
 40
0.1271186440677966
 40
0.1271186440677966
 40
0.1271186440677966
 40
0.1288135593220339
 40
0.1288135593220339
 40
0.1288135593220339
 40
0.1288135593220339
 40
0.1305084745762712
 40
0.1305084745762712
 40
0.1305084745762712
 40
0.1305084745762712
 40
0.1322033898305085
 40
0.1322033898305085
 40
0.1322033898305085
 40
0.1322033898305085
 40
0.1338983050847458
 40
0.1338983050847458
 40
0.1338983050847458
 40
0.1338983050847458
 40
0.1355932203389831
 40
0.1355932203389831
 40
0.1355932203389831
 40
0.1355932203389831
 40
0.1372881355932203
 40
0.1372881355932203
 40
0.1372881355932203
 40
0.1372881355932203
 40
0.1389830508474576
 40
0.1389830508474576
 40
0.1389830508474576
 40
0.1389830508474576
 40
0.1406779661016949
 40
0.1406779661016949
 40
0.1406779661016949
 40
0.1406779661016949
 40
0.1423728813559322
 40
0.1423728813559322
 40
0.1423728813559322
 40
0.1423728813559322
 40
0.1440677966101695
 40
0.1440677966101695
 40
0.1440677966101695
 40
0.1440677966101695
 40
0.1457627118644068
 40
0.1457627118644068
 40
0.1457627118644068
 40
0.1457627118644068
 40
0.1474576271186441
 40
0.1474576271186441
 40
0.1474576271186441
 40
0.1474576271186441
 40
0.1491525423728814
 40
0.1491525423728814
 40
0.1491525423728814
 40
0.1491525423728814
 40
0.1508474576271187
 40
0.1508474576271187
 40
0.1508474576271187
 40
0.1508474576271187
 40
0.1525423728813559
 40
0.1525423728813559
 40
0.1525423728813559
 40
0.1525423728813559
 40
0.1542372881355932
 40
0.1542372881355932
 40
0.1542372881355932
 40
0.1542372881355932
 40
0.1559322033898305
 40
0.1559322033898305
 40
0.1559322033898305
 40
0.1559322033898305
 40
0.1576271186440678
 40
0.1576271186440678
 40
0.1576271186440678
 40
0.1576271186440678
 40
0.1593220338983051
 40
0.1593220338983051
 40
0.1593220338983051
 40
0.1593220338983051
 40
0.1610169491525424
 40
0.1610169491525424
 40
0.1610169491525424
 40
0.1610169491525424
 40
0.1627118644067796
 40
0.1627118644067796
 40
0.1627118644067796
 40
0.1627118644067796
 40
0.1644067796610169
 40
0.1644067796610169
 40
0.1644067796610169
 40
0.1644067796610169
 40
0.1661016949152542
 40
0.1661016949152542
 40
0.1661016949152542
 40
0.1661016949152542
 40
0.1677966101694915
 40
0.1677966101694915
 40
0.1677966101694915
 40
0.1677966101694915
 40
0.1694915254237288
 40
0.1694915254237288
 40
0.1694915254237288
 40
0.1694915254237288
 40
0.1711864406779661
 40
0.1711864406779661
 40
0.1711864406779661
 40
0.1711864406779661
 40
0.1728813559322034
 40
0.1728813559322034
 40
0.1728813559322034
 40
0.1728813559322034
 40
0.1745762711864407
 40
0.1745762711864407
 40
0.1745762711864407
 40
0.1745762711864407
 40
0.176271186440678
 40
0.176271186440678
 40
0.176271186440678
 40
0.176271186440678
 40
0.1779661016949153
 40
0.1779661016949153
 40
0.1779661016949153
 40
0.1779661016949153
 40
0.1796610169491525
 40
0.1796610169491525
 40
0.1796610169491525
 40
0.1796610169491525
 40
0.1813559322033898
 40
0.1813559322033898
 40
0.1813559322033898
 40
0.1813559322033898
 40
0.1830508474576271
 40
0.1830508474576271
 40
0.1830508474576271
 40
0.1830508474576271
 40
0.1847457627118644
 40
0.1847457627118644
 40
0.1847457627118644
 40
0.1847457627118644
 40
0.1864406779661017
 40
0.1864406779661017
 40
0.1864406779661017
 40
0.1864406779661017
 40
0.188135593220339
 40
0.188135593220339
 40
0.188135593220339
 40
0.188135593220339
 40
0.1898305084745763
 40
0.1898305084745763
 40
0.1898305084745763
 40
0.1898305084745763
 40
0.1915254237288136
 40
0.1915254237288136
 40
0.1915254237288136
 40
0.1915254237288136
 40
0.1932203389830509
 40
0.1932203389830509
 40
0.1932203389830509
 40
0.1932203389830509
 40
0.1949152542372881
 40
0.1949152542372881
 40
0.1949152542372881
 40
0.1949152542372881
 40
0.1966101694915254
 40
0.1966101694915254
 40
0.1966101694915254
 40
0.1966101694915254
 40
0.1983050847457627
 40
0.1983050847457627
 40
0.1983050847457627
 40
0.1983050847457627
 40
0.2
 40
0.2
 40
0.2
 40
0.2
 40
0.2016949152542373
 40
0.2016949152542373
 40
0.2016949152542373
 40
0.2016949152542373
 40
0.2033898305084746
 40
0.2033898305084746
 40
0.2033898305084746
 40
0.2033898305084746
 40
0.2050847457627119
 40
0.2050847457627119
 40
0.2050847457627119
 40
0.2050847457627119
 40
0.2067796610169491
 40
0.2067796610169491
 40
0.2067796610169491
 40
0.2067796610169491
 40
0.2084745762711864
 40
0.2084745762711864
 40
0.2084745762711864
 40
0.2084745762711864
 40
0.2101694915254237
 40
0.2101694915254237
 40
0.2101694915254237
 40
0.2101694915254237
 40
0.211864406779661
 40
0.211864406779661
 40
0.211864406779661
 40
0.211864406779661
 40
0.2135593220338983
 40
0.2135593220338983
 40
0.2135593220338983
 40
0.2135593220338983
 40
0.2152542372881356
 40
0.2152542372881356
 40
0.2152542372881356
 40
0.2152542372881356
 40
0.2169491525423729
 40
0.2169491525423729
 40
0.2169491525423729
 40
0.2169491525423729
 40
0.2186440677966102
 40
0.2186440677966102
 40
0.2186440677966102
 40
0.2186440677966102
 40
0.2203389830508475
 40
0.2203389830508475
 40
0.2203389830508475
 40
0.2203389830508475
 40
0.2220338983050847
 40
0.2220338983050847
 40
0.2220338983050847
 40
0.2220338983050847
 40
0.223728813559322
 40
0.223728813559322
 40
0.223728813559322
 40
0.223728813559322
 40
0.2254237288135593
 40
0.2254237288135593
 40
0.2254237288135593
 40
0.2254237288135593
 40
0.2271186440677966
 40
0.2271186440677966
 40
0.2271186440677966
 40
0.2271186440677966
 40
0.2288135593220339
 40
0.2288135593220339
 40
0.2288135593220339
 40
0.2288135593220339
 40
0.2305084745762712
 40
0.2305084745762712
 40
0.2305084745762712
 40
0.2305084745762712
 40
0.2322033898305085
 40
0.2322033898305085
 40
0.2322033898305085
 40
0.2322033898305085
 40
0.2338983050847458
 40
0.2338983050847458
 40
0.2338983050847458
 40
0.2338983050847458
 40
0.2355932203389831
 40
0.2355932203389831
 40
0.2355932203389831
 40
0.2355932203389831
 40
0.2372881355932203
 40
0.2372881355932203
 40
0.2372881355932203
 40
0.2372881355932203
 40
0.2389830508474576
 40
0.2389830508474576
 40
0.2389830508474576
 40
0.2389830508474576
 40
0.2406779661016949
 40
0.2406779661016949
 40
0.2406779661016949
 40
0.2406779661016949
 40
0.2423728813559322
 40
0.2423728813559322
 40
0.2423728813559322
 40
0.2423728813559322
 40
0.2440677966101695
 40
0.2440677966101695
 40
0.2440677966101695
 40
0.2440677966101695
 40
0.2457627118644068
 40
0.2457627118644068
 40
0.2457627118644068
 40
0.2457627118644068
 40
0.2474576271186441
 40
0.2474576271186441
 40
0.2474576271186441
 40
0.2474576271186441
 40
0.2491525423728814
 40
0.2491525423728814
 40
0.2491525423728814
 40
0.2491525423728814
 40
0.2508474576271186
 40
0.2508474576271186
 40
0.2508474576271186
 40
0.2508474576271186
 40
0.2525423728813559
 40
0.2525423728813559
 40
0.2525423728813559
 40
0.2525423728813559
 40
0.2542372881355932
 40
0.2542372881355932
 40
0.2542372881355932
 40
0.2542372881355932
 40
0.2559322033898305
 40
0.2559322033898305
 40
0.2559322033898305
 40
0.2559322033898305
 40
0.2576271186440678
 40
0.2576271186440678
 40
0.2576271186440678
 40
0.2576271186440678
 40
0.2593220338983051
 40
0.2593220338983051
 40
0.2593220338983051
 40
0.2593220338983051
 40
0.2610169491525424
 40
0.2610169491525424
 40
0.2610169491525424
 40
0.2610169491525424
 40
0.2627118644067797
 40
0.2627118644067797
 40
0.2627118644067797
 40
0.2627118644067797
 40
0.2644067796610169
 40
0.2644067796610169
 40
0.2644067796610169
 40
0.2644067796610169
 40
0.2661016949152543
 40
0.2661016949152543
 40
0.2661016949152543
 40
0.2661016949152543
 40
0.2677966101694915
 40
0.2677966101694915
 40
0.2677966101694915
 40
0.2677966101694915
 40
0.2694915254237288
 40
0.2694915254237288
 40
0.2694915254237288
 40
0.2694915254237288
 40
0.2711864406779661
 40
0.2711864406779661
 40
0.2711864406779661
 40
0.2711864406779661
 40
0.2728813559322034
 40
0.2728813559322034
 40
0.2728813559322034
 40
0.2728813559322034
 40
0.2745762711864407
 40
0.2745762711864407
 40
0.2745762711864407
 40
0.2745762711864407
 40
0.2762711864406779
 40
0.2762711864406779
 40
0.2762711864406779
 40
0.2762711864406779
 40
0.2779661016949153
 40
0.2779661016949153
 40
0.2779661016949153
 40
0.2779661016949153
 40
0.2796610169491525
 40
0.2796610169491525
 40
0.2796610169491525
 40
0.2796610169491525
 40
0.2813559322033898
 40
0.2813559322033898
 40
0.2813559322033898
 40
0.2813559322033898
 40
0.2830508474576271
 40
0.2830508474576271
 40
0.2830508474576271
 40
0.2830508474576271
 40
0.2847457627118644
 40
0.2847457627118644
 40
0.2847457627118644
 40
0.2847457627118644
 40
0.2864406779661017
 40
0.2864406779661017
 40
0.2864406779661017
 40
0.2864406779661017
 40
0.288135593220339
 40
0.288135593220339
 40
0.288135593220339
 40
0.288135593220339
 40
0.2898305084745763
 40
0.2898305084745763
 40
0.2898305084745763
 40
0.2898305084745763
 40
0.2915254237288136
 40
0.2915254237288136
 40
0.2915254237288136
 40
0.2915254237288136
 40
0.2932203389830508
 40
0.2932203389830508
 40
0.2932203389830508
 40
0.2932203389830508
 40
0.2949152542372881
 40
0.2949152542372881
 40
0.2949152542372881
 40
0.2949152542372881
 40
0.2966101694915254
 40
0.2966101694915254
 40
0.2966101694915254
 40
0.2966101694915254
 40
0.2983050847457627
 40
0.2983050847457627
 40
0.2983050847457627
 40
0.2983050847457627
 40
0.3
 40
0.3
 40
0.3
 40
0.3
 40
0.3016949152542373
 40
0.3016949152542373
 40
0.3016949152542373
 40
0.3016949152542373
 40
0.3033898305084746
 40
0.3033898305084746
 40
0.3033898305084746
 40
0.3033898305084746
 40
0.3050847457627119
 40
0.3050847457627119
 40
0.3050847457627119
 40
0.3050847457627119
 40
0.3067796610169491
 40
0.3067796610169491
 40
0.3067796610169491
 40
0.3067796610169491
 40
0.3084745762711865
 40
0.3084745762711865
 40
0.3084745762711865
 40
0.3084745762711865
 40
0.3101694915254237
 40
0.3101694915254237
 40
0.3101694915254237
 40
0.3101694915254237
 40
0.311864406779661
 40
0.311864406779661
 40
0.311864406779661
 40
0.311864406779661
 40
0.3135593220338983
 40
0.3135593220338983
 40
0.3135593220338983
 40
0.3135593220338983
 40
0.3152542372881356
 40
0.3152542372881356
 40
0.3152542372881356
 40
0.3152542372881356
 40
0.3169491525423729
 40
0.3169491525423729
 40
0.3169491525423729
 40
0.3169491525423729
 40
0.3186440677966101
 40
0.3186440677966101
 40
0.3186440677966101
 40
0.3186440677966101
 40
0.3203389830508475
 40
0.3203389830508475
 40
0.3203389830508475
 40
0.3203389830508475
 40
0.3220338983050847
 40
0.3220338983050847
 40
0.3220338983050847
 40
0.3220338983050847
 40
0.323728813559322
 40
0.323728813559322
 40
0.323728813559322
 40
0.323728813559322
 40
0.3254237288135593
 40
0.3254237288135593
 40
0.3254237288135593
 40
0.3254237288135593
 40
0.3271186440677966
 40
0.3271186440677966
 40
0.3271186440677966
 40
0.3271186440677966
 40
0.3288135593220339
 40
0.3288135593220339
 40
0.3288135593220339
 40
0.3288135593220339
 40
0.3305084745762712
 40
0.3305084745762712
 40
0.3305084745762712
 40
0.3305084745762712
 40
0.3322033898305085
 40
0.3322033898305085
 40
0.3322033898305085
 40
0.3322033898305085
 40
0.3338983050847458
 40
0.3338983050847458
 40
0.3338983050847458
 40
0.3338983050847458
 40
0.335593220338983
 40
0.335593220338983
 40
0.335593220338983
 40
0.335593220338983
 40
0.3372881355932204
 40
0.3372881355932204
 40
0.3372881355932204
 40
0.3372881355932204
 40
0.3389830508474576
 40
0.3389830508474576
 40
0.3389830508474576
 40
0.3389830508474576
 40
0.3406779661016949
 40
0.3406779661016949
 40
0.3406779661016949
 40
0.3406779661016949
 40
0.3423728813559322
 40
0.3423728813559322
 40
0.3423728813559322
 40
0.3423728813559322
 40
0.3440677966101695
 40
0.3440677966101695
 40
0.3440677966101695
 40
0.3440677966101695
 40
0.3457627118644068
 40
0.3457627118644068
 40
0.3457627118644068
 40
0.3457627118644068
 40
0.3474576271186441
 40
0.3474576271186441
 40
0.3474576271186441
 40
0.3474576271186441
 40
0.3491525423728813
 40
0.3491525423728813
 40
0.3491525423728813
 40
0.3491525423728813
 40
0.3508474576271187
 40
0.3508474576271187
 40
0.3508474576271187
 40
0.3508474576271187
 40
0.3525423728813559
 40
0.3525423728813559
 40
0.3525423728813559
 40
0.3525423728813559
 40
0.3542372881355932
 40
0.3542372881355932
 40
0.3542372881355932
 40
0.3542372881355932
 40
0.3559322033898305
 40
0.3559322033898305
 40
0.3559322033898305
 40
0.3559322033898305
 40
0.3576271186440678
 40
0.3576271186440678
 40
0.3576271186440678
 40
0.3576271186440678
 40
0.3593220338983051
 40
0.3593220338983051
 40
0.3593220338983051
 40
0.3593220338983051
 40
0.3610169491525424
 40
0.3610169491525424
 40
0.3610169491525424
 40
0.3610169491525424
 40
0.3627118644067797
 40
0.3627118644067797
 40
0.3627118644067797
 40
0.3627118644067797
 40
0.3644067796610169
 40
0.3644067796610169
 40
0.3644067796610169
 40
0.3644067796610169
 40
0.3661016949152542
 40
0.3661016949152542
 40
0.3661016949152542
 40
0.3661016949152542
 40
0.3677966101694915
 40
0.3677966101694915
 40
0.3677966101694915
 40
0.3677966101694915
 40
0.3694915254237288
 40
0.3694915254237288
 40
0.3694915254237288
 40
0.3694915254237288
 40
0.3711864406779661
 40
0.3711864406779661
 40
0.3711864406779661
 40
0.3711864406779661
 40
0.3728813559322034
 40
0.3728813559322034
 40
0.3728813559322034
 40
0.3728813559322034
 40
0.3745762711864407
 40
0.3745762711864407
 40
0.3745762711864407
 40
0.3745762711864407
 40
0.376271186440678
 40
0.376271186440678
 40
0.376271186440678
 40
0.376271186440678
 40
0.3779661016949152
 40
0.3779661016949152
 40
0.3779661016949152
 40
0.3779661016949152
 40
0.3796610169491526
 40
0.3796610169491526
 40
0.3796610169491526
 40
0.3796610169491526
 40
0.3813559322033898
 40
0.3813559322033898
 40
0.3813559322033898
 40
0.3813559322033898
 40
0.3830508474576271
 40
0.3830508474576271
 40
0.3830508474576271
 40
0.3830508474576271
 40
0.3847457627118644
 40
0.3847457627118644
 40
0.3847457627118644
 40
0.3847457627118644
 40
0.3864406779661017
 40
0.3864406779661017
 40
0.3864406779661017
 40
0.3864406779661017
 40
0.388135593220339
 40
0.388135593220339
 40
0.388135593220339
 40
0.388135593220339
 40
0.3898305084745763
 40
0.3898305084745763
 40
0.3898305084745763
 40
0.3898305084745763
 40
0.3915254237288135
 40
0.3915254237288135
 40
0.3915254237288135
 40
0.3915254237288135
 40
0.3932203389830509
 40
0.3932203389830509
 40
0.3932203389830509
 40
0.3932203389830509
 40
0.3949152542372881
 40
0.3949152542372881
 40
0.3949152542372881
 40
0.3949152542372881
 40
0.3966101694915254
 40
0.3966101694915254
 40
0.3966101694915254
 40
0.3966101694915254
 40
0.3983050847457627
 40
0.3983050847457627
 40
0.3983050847457627
 40
0.3983050847457627
 40
0.4
 40
0.4
 40
0.4
 40
0.4
 40
0.4016949152542373
 40
0.4016949152542373
 40
0.4016949152542373
 40
0.4016949152542373
 40
0.4033898305084746
 40
0.4033898305084746
 40
0.4033898305084746
 40
0.4033898305084746
 40
0.4050847457627119
 40
0.4050847457627119
 40
0.4050847457627119
 40
0.4050847457627119
 40
0.4067796610169492
 40
0.4067796610169492
 40
0.4067796610169492
 40
0.4067796610169492
 40
0.4084745762711864
 40
0.4084745762711864
 40
0.4084745762711864
 40
0.4084745762711864
 40
0.4101694915254237
 40
0.4101694915254237
 40
0.4101694915254237
 40
0.4101694915254237
 40
0.411864406779661
 40
0.411864406779661
 40
0.411864406779661
 40
0.411864406779661
 40
0.4135593220338983
 40
0.4135593220338983
 40
0.4135593220338983
 40
0.4135593220338983
 40
0.4152542372881356
 40
0.4152542372881356
 40
0.4152542372881356
 40
0.4152542372881356
 40
0.4169491525423729
 40
0.4169491525423729
 40
0.4169491525423729
 40
0.4169491525423729
 40
0.4186440677966102
 40
0.4186440677966102
 40
0.4186440677966102
 40
0.4186440677966102
 40
0.4203389830508474
 40
0.4203389830508474
 40
0.4203389830508474
 40
0.4203389830508474
 40
0.4220338983050848
 40
0.4220338983050848
 40
0.4220338983050848
 40
0.4220338983050848
 40
0.423728813559322
 40
0.423728813559322
 40
0.423728813559322
 40
0.423728813559322
 40
0.4254237288135593
 40
0.4254237288135593
 40
0.4254237288135593
 40
0.4254237288135593
 40
0.4271186440677966
 40
0.4271186440677966
 40
0.4271186440677966
 40
0.4271186440677966
 40
0.4288135593220339
 40
0.4288135593220339
 40
0.4288135593220339
 40
0.4288135593220339
 40
0.4305084745762712
 40
0.4305084745762712
 40
0.4305084745762712
 40
0.4305084745762712
 40
0.4322033898305085
 40
0.4322033898305085
 40
0.4322033898305085
 40
0.4322033898305085
 40
0.4338983050847458
 40
0.4338983050847458
 40
0.4338983050847458
 40
0.4338983050847458
 40
0.4355932203389831
 40
0.4355932203389831
 40
0.4355932203389831
 40
0.4355932203389831
 40
0.4372881355932203
 40
0.4372881355932203
 40
0.4372881355932203
 40
0.4372881355932203
 40
0.4389830508474576
 40
0.4389830508474576
 40
0.4389830508474576
 40
0.4389830508474576
 40
0.4406779661016949
 40
0.4406779661016949
 40
0.4406779661016949
 40
0.4406779661016949
 40
0.4423728813559322
 40
0.4423728813559322
 40
0.4423728813559322
 40
0.4423728813559322
 40
0.4440677966101695
 40
0.4440677966101695
 40
0.4440677966101695
 40
0.4440677966101695
 40
0.4457627118644068
 40
0.4457627118644068
 40
0.4457627118644068
 40
0.4457627118644068
 40
0.4474576271186441
 40
0.4474576271186441
 40
0.4474576271186441
 40
0.4474576271186441
 40
0.4491525423728814
 40
0.4491525423728814
 40
0.4491525423728814
 40
0.4491525423728814
 40
0.4508474576271186
 40
0.4508474576271186
 40
0.4508474576271186
 40
0.4508474576271186
 40
0.452542372881356
 40
0.452542372881356
 40
0.452542372881356
 40
0.452542372881356
 40
0.4542372881355932
 40
0.4542372881355932
 40
0.4542372881355932
 40
0.4542372881355932
 40
0.4559322033898305
 40
0.4559322033898305
 40
0.4559322033898305
 40
0.4559322033898305
 40
0.4576271186440678
 40
0.4576271186440678
 40
0.4576271186440678
 40
0.4576271186440678
 40
0.4593220338983051
 40
0.4593220338983051
 40
0.4593220338983051
 40
0.4593220338983051
 40
0.4610169491525424
 40
0.4610169491525424
 40
0.4610169491525424
 40
0.4610169491525424
 40
0.4627118644067796
 40
0.4627118644067796
 40
0.4627118644067796
 40
0.4627118644067796
 40
0.464406779661017
 40
0.464406779661017
 40
0.464406779661017
 40
0.464406779661017
 40
0.4661016949152542
 40
0.4661016949152542
 40
0.4661016949152542
 40
0.4661016949152542
 40
0.4677966101694915
 40
0.4677966101694915
 40
0.4677966101694915
 40
0.4677966101694915
 40
0.4694915254237288
 40
0.4694915254237288
 40
0.4694915254237288
 40
0.4694915254237288
 40
0.4711864406779661
 40
0.4711864406779661
 40
0.4711864406779661
 40
0.4711864406779661
 40
0.4728813559322034
 40
0.4728813559322034
 40
0.4728813559322034
 40
0.4728813559322034
 40
0.4745762711864407
 40
0.4745762711864407
 40
0.4745762711864407
 40
0.4745762711864407
 40
0.476271186440678
 40
0.476271186440678
 40
0.476271186440678
 40
0.476271186440678
 40
0.4779661016949153
 40
0.4779661016949153
 40
0.4779661016949153
 40
0.4779661016949153
 40
0.4796610169491525
 40
0.4796610169491525
 40
0.4796610169491525
 40
0.4796610169491525
 40
0.4813559322033898
 40
0.4813559322033898
 40
0.4813559322033898
 40
0.4813559322033898
 40
0.4830508474576271
 40
0.4830508474576271
 40
0.4830508474576271
 40
0.4830508474576271
 40
0.4847457627118644
 40
0.4847457627118644
 40
0.4847457627118644
 40
0.4847457627118644
 40
0.4864406779661017
 40
0.4864406779661017
 40
0.4864406779661017
 40
0.4864406779661017
 40
0.488135593220339
 40
0.488135593220339
 40
0.488135593220339
 40
0.488135593220339
 40
0.4898305084745763
 40
0.4898305084745763
 40
0.4898305084745763
 40
0.4898305084745763
 40
0.4915254237288136
 40
0.4915254237288136
 40
0.4915254237288136
 40
0.4915254237288136
 40
0.4932203389830508
 40
0.4932203389830508
 40
0.4932203389830508
 40
0.4932203389830508
 40
0.4949152542372882
 40
0.4949152542372882
 40
0.4949152542372882
 40
0.4949152542372882
 40
0.4966101694915254
 40
0.4966101694915254
 40
0.4966101694915254
 40
0.4966101694915254
 40
0.4983050847457627
 40
0.4983050847457627
 40
0.4983050847457627
 40
0.4983050847457627
 40
0.5
 40
0.5
 40
0.5
 40
0.5
 40
0.5016949152542373
 40
0.5016949152542373
 40
0.5016949152542373
 40
0.5016949152542373
 40
0.5033898305084745
 40
0.5033898305084745
 40
0.5033898305084745
 40
0.5033898305084745
 40
0.5050847457627119
 40
0.5050847457627119
 40
0.5050847457627119
 40
0.5050847457627119
 40
0.5067796610169492
 40
0.5067796610169492
 40
0.5067796610169492
 40
0.5067796610169492
 40
0.5084745762711864
 40
0.5084745762711864
 40
0.5084745762711864
 40
0.5084745762711864
 40
0.5101694915254237
 40
0.5101694915254237
 40
0.5101694915254237
 40
0.5101694915254237
 40
0.511864406779661
 40
0.511864406779661
 40
0.511864406779661
 40
0.511864406779661
 40
0.5135593220338983
 40
0.5135593220338983
 40
0.5135593220338983
 40
0.5135593220338983
 40
0.5152542372881356
 40
0.5152542372881356
 40
0.5152542372881356
 40
0.5152542372881356
 40
0.5169491525423728
 40
0.5169491525423728
 40
0.5169491525423728
 40
0.5169491525423728
 40
0.5186440677966102
 40
0.5186440677966102
 40
0.5186440677966102
 40
0.5186440677966102
 40
0.5203389830508475
 40
0.5203389830508475
 40
0.5203389830508475
 40
0.5203389830508475
 40
0.5220338983050847
 40
0.5220338983050847
 40
0.5220338983050847
 40
0.5220338983050847
 40
0.523728813559322
 40
0.523728813559322
 40
0.523728813559322
 40
0.523728813559322
 40
0.5254237288135594
 40
0.5254237288135594
 40
0.5254237288135594
 40
0.5254237288135594
 40
0.5271186440677966
 40
0.5271186440677966
 40
0.5271186440677966
 40
0.5271186440677966
 40
0.5288135593220339
 40
0.5288135593220339
 40
0.5288135593220339
 40
0.5288135593220339
 40
0.5305084745762711
 40
0.5305084745762711
 40
0.5305084745762711
 40
0.5305084745762711
 40
0.5322033898305085
 40
0.5322033898305085
 40
0.5322033898305085
 40
0.5322033898305085
 40
0.5338983050847458
 40
0.5338983050847458
 40
0.5338983050847458
 40
0.5338983050847458
 40
0.535593220338983
 40
0.535593220338983
 40
0.535593220338983
 40
0.535593220338983
 40
0.5372881355932203
 40
0.5372881355932203
 40
0.5372881355932203
 40
0.5372881355932203
 40
0.5389830508474577
 40
0.5389830508474577
 40
0.5389830508474577
 40
0.5389830508474577
 40
0.5406779661016949
 40
0.5406779661016949
 40
0.5406779661016949
 40
0.5406779661016949
 40
0.5423728813559322
 40
0.5423728813559322
 40
0.5423728813559322
 40
0.5423728813559322
 40
0.5440677966101695
 40
0.5440677966101695
 40
0.5440677966101695
 40
0.5440677966101695
 40
0.5457627118644067
 40
0.5457627118644067
 40
0.5457627118644067
 40
0.5457627118644067
 40
0.5474576271186441
 40
0.5474576271186441
 40
0.5474576271186441
 40
0.5474576271186441
 40
0.5491525423728814
 40
0.5491525423728814
 40
0.5491525423728814
 40
0.5491525423728814
 40
0.5508474576271186
 40
0.5508474576271186
 40
0.5508474576271186
 40
0.5508474576271186
 40
0.5525423728813559
 40
0.5525423728813559
 40
0.5525423728813559
 40
0.5525423728813559
 40
0.5542372881355933
 40
0.5542372881355933
 40
0.5542372881355933
 40
0.5542372881355933
 40
0.5559322033898305
 40
0.5559322033898305
 40
0.5559322033898305
 40
0.5559322033898305
 40
0.5576271186440678
 40
0.5576271186440678
 40
0.5576271186440678
 40
0.5576271186440678
 40
0.559322033898305
 40
0.559322033898305
 40
0.559322033898305
 40
0.559322033898305
 40
0.5610169491525424
 40
0.5610169491525424
 40
0.5610169491525424
 40
0.5610169491525424
 40
0.5627118644067797
 40
0.5627118644067797
 40
0.5627118644067797
 40
0.5627118644067797
 40
0.5644067796610169
 40
0.5644067796610169
 40
0.5644067796610169
 40
0.5644067796610169
 40
0.5661016949152542
 40
0.5661016949152542
 40
0.5661016949152542
 40
0.5661016949152542
 40
0.5677966101694916
 40
0.5677966101694916
 40
0.5677966101694916
 40
0.5677966101694916
 40
0.5694915254237288
 40
0.5694915254237288
 40
0.5694915254237288
 40
0.5694915254237288
 40
0.5711864406779661
 40
0.5711864406779661
 40
0.5711864406779661
 40
0.5711864406779661
 40
0.5728813559322034
 40
0.5728813559322034
 40
0.5728813559322034
 40
0.5728813559322034
 40
0.5745762711864407
 40
0.5745762711864407
 40
0.5745762711864407
 40
0.5745762711864407
 40
0.576271186440678
 40
0.576271186440678
 40
0.576271186440678
 40
0.576271186440678
 40
0.5779661016949152
 40
0.5779661016949152
 40
0.5779661016949152
 40
0.5779661016949152
 40
0.5796610169491525
 40
0.5796610169491525
 40
0.5796610169491525
 40
0.5796610169491525
 40
0.5813559322033899
 40
0.5813559322033899
 40
0.5813559322033899
 40
0.5813559322033899
 40
0.5830508474576271
 40
0.5830508474576271
 40
0.5830508474576271
 40
0.5830508474576271
 40
0.5847457627118644
 40
0.5847457627118644
 40
0.5847457627118644
 40
0.5847457627118644
 40
0.5864406779661017
 40
0.5864406779661017
 40
0.5864406779661017
 40
0.5864406779661017
 40
0.588135593220339
 40
0.588135593220339
 40
0.588135593220339
 40
0.588135593220339
 40
0.5898305084745763
 40
0.5898305084745763
 40
0.5898305084745763
 40
0.5898305084745763
 40
0.5915254237288136
 40
0.5915254237288136
 40
0.5915254237288136
 40
0.5915254237288136
 40
0.5932203389830508
 40
0.5932203389830508
 40
0.5932203389830508
 40
0.5932203389830508
 40
0.5949152542372881
 40
0.5949152542372881
 40
0.5949152542372881
 40
0.5949152542372881
 40
0.5966101694915255
 40
0.5966101694915255
 40
0.5966101694915255
 40
0.5966101694915255
 40
0.5983050847457627
 40
0.5983050847457627
 40
0.5983050847457627
 40
0.5983050847457627
 40
0.6
 40
0.6
 40
0.6
 40
0.6
 40
0.6016949152542372
 40
0.6016949152542372
 40
0.6016949152542372
 40
0.6016949152542372
 40
0.6033898305084746
 40
0.6033898305084746
 40
0.6033898305084746
 40
0.6033898305084746
 40
0.6050847457627119
 40
0.6050847457627119
 40
0.6050847457627119
 40
0.6050847457627119
 40
0.6067796610169491
 40
0.6067796610169491
 40
0.6067796610169491
 40
0.6067796610169491
 40
0.6084745762711864
 40
0.6084745762711864
 40
0.6084745762711864
 40
0.6084745762711864
 40
0.6101694915254238
 40
0.6101694915254238
 40
0.6101694915254238
 40
0.6101694915254238
 40
0.611864406779661
 40
0.611864406779661
 40
0.611864406779661
 40
0.611864406779661
 40
0.6135593220338983
 40
0.6135593220338983
 40
0.6135593220338983
 40
0.6135593220338983
 40
0.6152542372881356
 40
0.6152542372881356
 40
0.6152542372881356
 40
0.6152542372881356
 40
0.6169491525423729
 40
0.6169491525423729
 40
0.6169491525423729
 40
0.6169491525423729
 40
0.6186440677966102
 40
0.6186440677966102
 40
0.6186440677966102
 40
0.6186440677966102
 40
0.6203389830508474
 40
0.6203389830508474
 40
0.6203389830508474
 40
0.6203389830508474
 40
0.6220338983050847
 40
0.6220338983050847
 40
0.6220338983050847
 40
0.6220338983050847
 40
0.6237288135593221
 40
0.6237288135593221
 40
0.6237288135593221
 40
0.6237288135593221
 40
0.6254237288135593
 40
0.6254237288135593
 40
0.6254237288135593
 40
0.6254237288135593
 40
0.6271186440677966
 40
0.6271186440677966
 40
0.6271186440677966
 40
0.6271186440677966
 40
0.6288135593220339
 40
0.6288135593220339
 40
0.6288135593220339
 40
0.6288135593220339
 40
0.6305084745762712
 40
0.6305084745762712
 40
0.6305084745762712
 40
0.6305084745762712
 40
0.6322033898305085
 40
0.6322033898305085
 40
0.6322033898305085
 40
0.6322033898305085
 40
0.6338983050847458
 40
0.6338983050847458
 40
0.6338983050847458
 40
0.6338983050847458
 40
0.635593220338983
 40
0.635593220338983
 40
0.635593220338983
 40
0.635593220338983
 40
0.6372881355932203
 40
0.6372881355932203
 40
0.6372881355932203
 40
0.6372881355932203
 40
0.6389830508474577
 40
0.6389830508474577
 40
0.6389830508474577
 40
0.6389830508474577
 40
0.6406779661016949
 40
0.6406779661016949
 40
0.6406779661016949
 40
0.6406779661016949
 40
0.6423728813559322
 40
0.6423728813559322
 40
0.6423728813559322
 40
0.6423728813559322
 40
0.6440677966101694
 40
0.6440677966101694
 40
0.6440677966101694
 40
0.6440677966101694
 40
0.6457627118644068
 40
0.6457627118644068
 40
0.6457627118644068
 40
0.6457627118644068
 40
0.6474576271186441
 40
0.6474576271186441
 40
0.6474576271186441
 40
0.6474576271186441
 40
0.6491525423728813
 40
0.6491525423728813
 40
0.6491525423728813
 40
0.6491525423728813
 40
0.6508474576271186
 40
0.6508474576271186
 40
0.6508474576271186
 40
0.6508474576271186
 40
0.652542372881356
 40
0.652542372881356
 40
0.652542372881356
 40
0.652542372881356
 40
0.6542372881355932
 40
0.6542372881355932
 40
0.6542372881355932
 40
0.6542372881355932
 40
0.6559322033898305
 40
0.6559322033898305
 40
0.6559322033898305
 40
0.6559322033898305
 40
0.6576271186440678
 40
0.6576271186440678
 40
0.6576271186440678
 40
0.6576271186440678
 40
0.6593220338983051
 40
0.6593220338983051
 40
0.6593220338983051
 40
0.6593220338983051
 40
0.6610169491525424
 40
0.6610169491525424
 40
0.6610169491525424
 40
0.6610169491525424
 40
0.6627118644067796
 40
0.6627118644067796
 40
0.6627118644067796
 40
0.6627118644067796
 40
0.6644067796610169
 40
0.6644067796610169
 40
0.6644067796610169
 40
0.6644067796610169
 40
0.6661016949152543
 40
0.6661016949152543
 40
0.6661016949152543
 40
0.6661016949152543
 40
0.6677966101694915
 40
0.6677966101694915
 40
0.6677966101694915
 40
0.6677966101694915
 40
0.6694915254237288
 40
0.6694915254237288
 40
0.6694915254237288
 40
0.6694915254237288
 40
0.6711864406779661
 40
0.6711864406779661
 40
0.6711864406779661
 40
0.6711864406779661
 40
0.6728813559322034
 40
0.6728813559322034
 40
0.6728813559322034
 40
0.6728813559322034
 40
0.6745762711864407
 40
0.6745762711864407
 40
0.6745762711864407
 40
0.6745762711864407
 40
0.676271186440678
 40
0.676271186440678
 40
0.676271186440678
 40
0.676271186440678
 40
0.6779661016949152
 40
0.6779661016949152
 40
0.6779661016949152
 40
0.6779661016949152
 40
0.6796610169491526
 40
0.6796610169491526
 40
0.6796610169491526
 40
0.6796610169491526
 40
0.6813559322033899
 40
0.6813559322033899
 40
0.6813559322033899
 40
0.6813559322033899
 40
0.6830508474576271
 40
0.6830508474576271
 40
0.6830508474576271
 40
0.6830508474576271
 40
0.6847457627118644
 40
0.6847457627118644
 40
0.6847457627118644
 40
0.6847457627118644
 40
0.6864406779661016
 40
0.6864406779661016
 40
0.6864406779661016
 40
0.6864406779661016
 40
0.688135593220339
 40
0.688135593220339
 40
0.688135593220339
 40
0.688135593220339
 40
0.6898305084745763
 40
0.6898305084745763
 40
0.6898305084745763
 40
0.6898305084745763
 40
0.6915254237288135
 40
0.6915254237288135
 40
0.6915254237288135
 40
0.6915254237288135
 40
0.6932203389830508
 40
0.6932203389830508
 40
0.6932203389830508
 40
0.6932203389830508
 40
0.6949152542372882
 40
0.6949152542372882
 40
0.6949152542372882
 40
0.6949152542372882
 40
0.6966101694915254
 40
0.6966101694915254
 40
0.6966101694915254
 40
0.6966101694915254
 40
0.6983050847457627
 40
0.6983050847457627
 40
0.6983050847457627
 40
0.6983050847457627
 40
0.7
 40
0.7
 40
0.7
 40
0.7
 40
0.7016949152542373
 40
0.7016949152542373
 40
0.7016949152542373
 40
0.7016949152542373
 40
0.7033898305084746
 40
0.7033898305084746
 40
0.7033898305084746
 40
0.7033898305084746
 40
0.7050847457627119
 40
0.7050847457627119
 40
0.7050847457627119
 40
0.7050847457627119
 40
0.7067796610169491
 40
0.7067796610169491
 40
0.7067796610169491
 40
0.7067796610169491
 40
0.7084745762711865
 40
0.7084745762711865
 40
0.7084745762711865
 40
0.7084745762711865
 40
0.7101694915254237
 40
0.7101694915254237
 40
0.7101694915254237
 40
0.7101694915254237
 40
0.711864406779661
 40
0.711864406779661
 40
0.711864406779661
 40
0.711864406779661
 40
0.7135593220338983
 40
0.7135593220338983
 40
0.7135593220338983
 40
0.7135593220338983
 40
0.7152542372881356
 40
0.7152542372881356
 40
0.7152542372881356
 40
0.7152542372881356
 40
0.7169491525423729
 40
0.7169491525423729
 40
0.7169491525423729
 40
0.7169491525423729
 40
0.7186440677966102
 40
0.7186440677966102
 40
0.7186440677966102
 40
0.7186440677966102
 40
0.7203389830508474
 40
0.7203389830508474
 40
0.7203389830508474
 40
0.7203389830508474
 40
0.7220338983050848
 40
0.7220338983050848
 40
0.7220338983050848
 40
0.7220338983050848
 40
0.7237288135593221
 40
0.7237288135593221
 40
0.7237288135593221
 40
0.7237288135593221
 40
0.7254237288135593
 40
0.7254237288135593
 40
0.7254237288135593
 40
0.7254237288135593
 40
0.7271186440677966
 40
0.7271186440677966
 40
0.7271186440677966
 40
0.7271186440677966
 40
0.7288135593220338
 40
0.7288135593220338
 40
0.7288135593220338
 40
0.7288135593220338
 40
0.7305084745762712
 40
0.7305084745762712
 40
0.7305084745762712
 40
0.7305084745762712
 40
0.7322033898305085
 40
0.7322033898305085
 40
0.7322033898305085
 40
0.7322033898305085
 40
0.7338983050847457
 40
0.7338983050847457
 40
0.7338983050847457
 40
0.7338983050847457
 40
0.735593220338983
 40
0.735593220338983
 40
0.735593220338983
 40
0.735593220338983
 40
0.7372881355932204
 40
0.7372881355932204
 40
0.7372881355932204
 40
0.7372881355932204
 40
0.7389830508474576
 40
0.7389830508474576
 40
0.7389830508474576
 40
0.7389830508474576
 40
0.7406779661016949
 40
0.7406779661016949
 40
0.7406779661016949
 40
0.7406779661016949
 40
0.7423728813559322
 40
0.7423728813559322
 40
0.7423728813559322
 40
0.7423728813559322
 40
0.7440677966101695
 40
0.7440677966101695
 40
0.7440677966101695
 40
0.7440677966101695
 40
0.7457627118644068
 40
0.7457627118644068
 40
0.7457627118644068
 40
0.7457627118644068
 40
0.747457627118644
 40
0.747457627118644
 40
0.747457627118644
 40
0.747457627118644
 40
0.7491525423728813
 40
0.7491525423728813
 40
0.7491525423728813
 40
0.7491525423728813
 40
0.7508474576271187
 40
0.7508474576271187
 40
0.7508474576271187
 40
0.7508474576271187
 40
0.752542372881356
 40
0.752542372881356
 40
0.752542372881356
 40
0.752542372881356
 40
0.7542372881355932
 40
0.7542372881355932
 40
0.7542372881355932
 40
0.7542372881355932
 40
0.7559322033898305
 40
0.7559322033898305
 40
0.7559322033898305
 40
0.7559322033898305
 40
0.7576271186440678
 40
0.7576271186440678
 40
0.7576271186440678
 40
0.7576271186440678
 40
0.7593220338983051
 40
0.7593220338983051
 40
0.7593220338983051
 40
0.7593220338983051
 40
0.7610169491525424
 40
0.7610169491525424
 40
0.7610169491525424
 40
0.7610169491525424
 40
0.7627118644067796
 40
0.7627118644067796
 40
0.7627118644067796
 40
0.7627118644067796
 40
0.764406779661017
 40
0.764406779661017
 40
0.764406779661017
 40
0.764406779661017
 40
0.7661016949152543
 40
0.7661016949152543
 40
0.7661016949152543
 40
0.7661016949152543
 40
0.7677966101694915
 40
0.7677966101694915
 40
0.7677966101694915
 40
0.7677966101694915
 40
0.7694915254237288
 40
0.7694915254237288
 40
0.7694915254237288
 40
0.7694915254237288
 40
0.7711864406779662
 40
0.7711864406779662
 40
0.7711864406779662
 40
0.7711864406779662
 40
0.7728813559322034
 40
0.7728813559322034
 40
0.7728813559322034
 40
0.7728813559322034
 40
0.7745762711864407
 40
0.7745762711864407
 40
0.7745762711864407
 40
0.7745762711864407
 40
0.7762711864406779
 40
0.7762711864406779
 40
0.7762711864406779
 40
0.7762711864406779
 40
0.7779661016949152
 40
0.7779661016949152
 40
0.7779661016949152
 40
0.7779661016949152
 40
0.7796610169491526
 40
0.7796610169491526
 40
0.7796610169491526
 40
0.7796610169491526
 40
0.7813559322033898
 40
0.7813559322033898
 40
0.7813559322033898
 40
0.7813559322033898
 40
0.7830508474576271
 40
0.7830508474576271
 40
0.7830508474576271
 40
0.7830508474576271
 40
0.7847457627118644
 40
0.7847457627118644
 40
0.7847457627118644
 40
0.7847457627118644
 40
0.7864406779661017
 40
0.7864406779661017
 40
0.7864406779661017
 40
0.7864406779661017
 40
0.788135593220339
 40
0.788135593220339
 40
0.788135593220339
 40
0.788135593220339
 40
0.7898305084745763
 40
0.7898305084745763
 40
0.7898305084745763
 40
0.7898305084745763
 40
0.7915254237288135
 40
0.7915254237288135
 40
0.7915254237288135
 40
0.7915254237288135
 40
0.7932203389830509
 40
0.7932203389830509
 40
0.7932203389830509
 40
0.7932203389830509
 40
0.7949152542372881
 40
0.7949152542372881
 40
0.7949152542372881
 40
0.7949152542372881
 40
0.7966101694915254
 40
0.7966101694915254
 40
0.7966101694915254
 40
0.7966101694915254
 40
0.7983050847457627
 40
0.7983050847457627
 40
0.7983050847457627
 40
0.7983050847457627
 40
0.8
 40
0.8
 40
0.8
 40
0.8
 40
0.8016949152542373
 40
0.8016949152542373
 40
0.8016949152542373
 40
0.8016949152542373
 40
0.8033898305084746
 40
0.8033898305084746
 40
0.8033898305084746
 40
0.8033898305084746
 40
0.8050847457627118
 40
0.8050847457627118
 40
0.8050847457627118
 40
0.8050847457627118
 40
0.8067796610169492
 40
0.8067796610169492
 40
0.8067796610169492
 40
0.8067796610169492
 40
0.8084745762711865
 40
0.8084745762711865
 40
0.8084745762711865
 40
0.8084745762711865
 40
0.8101694915254237
 40
0.8101694915254237
 40
0.8101694915254237
 40
0.8101694915254237
 40
0.811864406779661
 40
0.811864406779661
 40
0.811864406779661
 40
0.811864406779661
 40
0.8135593220338984
 40
0.8135593220338984
 40
0.8135593220338984
 40
0.8135593220338984
 40
0.8152542372881356
 40
0.8152542372881356
 40
0.8152542372881356
 40
0.8152542372881356
 40
0.8169491525423729
 40
0.8169491525423729
 40
0.8169491525423729
 40
0.8169491525423729
 40
0.8186440677966101
 40
0.8186440677966101
 40
0.8186440677966101
 40
0.8186440677966101
 40
0.8203389830508474
 40
0.8203389830508474
 40
0.8203389830508474
 40
0.8203389830508474
 40
0.8220338983050848
 40
0.8220338983050848
 40
0.8220338983050848
 40
0.8220338983050848
 40
0.823728813559322
 40
0.823728813559322
 40
0.823728813559322
 40
0.823728813559322
 40
0.8254237288135593
 40
0.8254237288135593
 40
0.8254237288135593
 40
0.8254237288135593
 40
0.8271186440677966
 40
0.8271186440677966
 40
0.8271186440677966
 40
0.8271186440677966
 40
0.8288135593220339
 40
0.8288135593220339
 40
0.8288135593220339
 40
0.8288135593220339
 40
0.8305084745762712
 40
0.8305084745762712
 40
0.8305084745762712
 40
0.8305084745762712
 40
0.8322033898305085
 40
0.8322033898305085
 40
0.8322033898305085
 40
0.8322033898305085
 40
0.8338983050847457
 40
0.8338983050847457
 40
0.8338983050847457
 40
0.8338983050847457
 40
0.8355932203389831
 40
0.8355932203389831
 40
0.8355932203389831
 40
0.8355932203389831
 40
0.8372881355932204
 40
0.8372881355932204
 40
0.8372881355932204
 40
0.8372881355932204
 40
0.8389830508474576
 40
0.8389830508474576
 40
0.8389830508474576
 40
0.8389830508474576
 40
0.8406779661016949
 40
0.8406779661016949
 40
0.8406779661016949
 40
0.8406779661016949
 40
0.8423728813559322
 40
0.8423728813559322
 40
0.8423728813559322
 40
0.8423728813559322
 40
0.8440677966101695
 40
0.8440677966101695
 40
0.8440677966101695
 40
0.8440677966101695
 40
0.8457627118644068
 40
0.8457627118644068
 40
0.8457627118644068
 40
0.8457627118644068
 40
0.847457627118644
 40
0.847457627118644
 40
0.847457627118644
 40
0.847457627118644
 40
0.8491525423728814
 40
0.8491525423728814
 40
0.8491525423728814
 40
0.8491525423728814
 40
0.8508474576271187
 40
0.8508474576271187
 40
0.8508474576271187
 40
0.8508474576271187
 40
0.8525423728813559
 40
0.8525423728813559
 40
0.8525423728813559
 40
0.8525423728813559
 40
0.8542372881355932
 40
0.8542372881355932
 40
0.8542372881355932
 40
0.8542372881355932
 40
0.8559322033898306
 40
0.8559322033898306
 40
0.8559322033898306
 40
0.8559322033898306
 40
0.8576271186440678
 40
0.8576271186440678
 40
0.8576271186440678
 40
0.8576271186440678
 40
0.8593220338983051
 40
0.8593220338983051
 40
0.8593220338983051
 40
0.8593220338983051
 40
0.8610169491525423
 40
0.8610169491525423
 40
0.8610169491525423
 40
0.8610169491525423
 40
0.8627118644067797
 40
0.8627118644067797
 40
0.8627118644067797
 40
0.8627118644067797
 40
0.864406779661017
 40
0.864406779661017
 40
0.864406779661017
 40
0.864406779661017
 40
0.8661016949152542
 40
0.8661016949152542
 40
0.8661016949152542
 40
0.8661016949152542
 40
0.8677966101694915
 40
0.8677966101694915
 40
0.8677966101694915
 40
0.8677966101694915
 40
0.8694915254237288
 40
0.8694915254237288
 40
0.8694915254237288
 40
0.8694915254237288
 40
0.8711864406779661
 40
0.8711864406779661
 40
0.8711864406779661
 40
0.8711864406779661
 40
0.8728813559322034
 40
0.8728813559322034
 40
0.8728813559322034
 40
0.8728813559322034
 40
0.8745762711864407
 40
0.8745762711864407
 40
0.8745762711864407
 40
0.8745762711864407
 40
0.8762711864406779
 40
0.8762711864406779
 40
0.8762711864406779
 40
0.8762711864406779
 40
0.8779661016949153
 40
0.8779661016949153
 40
0.8779661016949153
 40
0.8779661016949153
 40
0.8796610169491526
 40
0.8796610169491526
 40
0.8796610169491526
 40
0.8796610169491526
 40
0.8813559322033898
 40
0.8813559322033898
 40
0.8813559322033898
 40
0.8813559322033898
 40
0.8830508474576271
 40
0.8830508474576271
 40
0.8830508474576271
 40
0.8830508474576271
 40
0.8847457627118644
 40
0.8847457627118644
 40
0.8847457627118644
 40
0.8847457627118644
 40
0.8864406779661017
 40
0.8864406779661017
 40
0.8864406779661017
 40
0.8864406779661017
 40
0.888135593220339
 40
0.888135593220339
 40
0.888135593220339
 40
0.888135593220339
 40
0.8898305084745762
 40
0.8898305084745762
 40
0.8898305084745762
 40
0.8898305084745762
 40
0.8915254237288136
 40
0.8915254237288136
 40
0.8915254237288136
 40
0.8915254237288136
 40
0.8932203389830509
 40
0.8932203389830509
 40
0.8932203389830509
 40
0.8932203389830509
 40
0.8949152542372881
 40
0.8949152542372881
 40
0.8949152542372881
 40
0.8949152542372881
 40
0.8966101694915254
 40
0.8966101694915254
 40
0.8966101694915254
 40
0.8966101694915254
 40
0.8983050847457628
 40
0.8983050847457628
 40
0.8983050847457628
 40
0.8983050847457628
 40
0.9
 40
0.9
 40
0.9
 40
0.9
 40
0.9016949152542373
 40
0.9016949152542373
 40
0.9016949152542373
 40
0.9016949152542373
 40
0.9033898305084745
 40
0.9033898305084745
 40
0.9033898305084745
 40
0.9033898305084745
 40
0.9050847457627119
 40
0.9050847457627119
 40
0.9050847457627119
 40
0.9050847457627119
 40
0.9067796610169492
 40
0.9067796610169492
 40
0.9067796610169492
 40
0.9067796610169492
 40
0.9084745762711864
 40
0.9084745762711864
 40
0.9084745762711864
 40
0.9084745762711864
 40
0.9101694915254237
 40
0.9101694915254237
 40
0.9101694915254237
 40
0.9101694915254237
 40
0.911864406779661
 40
0.911864406779661
 40
0.911864406779661
 40
0.911864406779661
 40
0.9135593220338983
 40
0.9135593220338983
 40
0.9135593220338983
 40
0.9135593220338983
 40
0.9152542372881356
 40
0.9152542372881356
 40
0.9152542372881356
 40
0.9152542372881356
 40
0.9169491525423729
 40
0.9169491525423729
 40
0.9169491525423729
 40
0.9169491525423729
 40
0.9186440677966101
 40
0.9186440677966101
 40
0.9186440677966101
 40
0.9186440677966101
 40
0.9203389830508475
 40
0.9203389830508475
 40
0.9203389830508475
 40
0.9203389830508475
 40
0.9220338983050848
 40
0.9220338983050848
 40
0.9220338983050848
 40
0.9220338983050848
 40
0.923728813559322
 40
0.923728813559322
 40
0.923728813559322
 40
0.923728813559322
 40
0.9254237288135593
 40
0.9254237288135593
 40
0.9254237288135593
 40
0.9254237288135593
 40
0.9271186440677966
 40
0.9271186440677966
 40
0.9271186440677966
 40
0.9271186440677966
 40
0.9288135593220339
 40
0.9288135593220339
 40
0.9288135593220339
 40
0.9288135593220339
 40
0.9305084745762712
 40
0.9305084745762712
 40
0.9305084745762712
 40
0.9305084745762712
 40
0.9322033898305084
 40
0.9322033898305084
 40
0.9322033898305084
 40
0.9322033898305084
 40
0.9338983050847458
 40
0.9338983050847458
 40
0.9338983050847458
 40
0.9338983050847458
 40
0.9355932203389831
 40
0.9355932203389831
 40
0.9355932203389831
 40
0.9355932203389831
 40
0.9372881355932203
 40
0.9372881355932203
 40
0.9372881355932203
 40
0.9372881355932203
 40
0.9389830508474576
 40
0.9389830508474576
 40
0.9389830508474576
 40
0.9389830508474576
 40
0.940677966101695
 40
0.940677966101695
 40
0.940677966101695
 40
0.940677966101695
 40
0.9423728813559322
 40
0.9423728813559322
 40
0.9423728813559322
 40
0.9423728813559322
 40
0.9440677966101695
 40
0.9440677966101695
 40
0.9440677966101695
 40
0.9440677966101695
 40
0.9457627118644067
 40
0.9457627118644067
 40
0.9457627118644067
 40
0.9457627118644067
 40
0.9474576271186441
 40
0.9474576271186441
 40
0.9474576271186441
 40
0.9474576271186441
 40
0.9491525423728814
 40
0.9491525423728814
 40
0.9491525423728814
 40
0.9491525423728814
 40
0.9508474576271186
 40
0.9508474576271186
 40
0.9508474576271186
 40
0.9508474576271186
 40
0.9525423728813559
 40
0.9525423728813559
 40
0.9525423728813559
 40
0.9525423728813559
 40
0.9542372881355933
 40
0.9542372881355933
 40
0.9542372881355933
 40
0.9542372881355933
 40
0.9559322033898305
 40
0.9559322033898305
 40
0.9559322033898305
 40
0.9559322033898305
 40
0.9576271186440678
 40
0.9576271186440678
 40
0.9576271186440678
 40
0.9576271186440678
 40
0.9593220338983051
 40
0.9593220338983051
 40
0.9593220338983051
 40
0.9593220338983051
 40
0.9610169491525423
 40
0.9610169491525423
 40
0.9610169491525423
 40
0.9610169491525423
 40
0.9627118644067797
 40
0.9627118644067797
 40
0.9627118644067797
 40
0.9627118644067797
 40
0.964406779661017
 40
0.964406779661017
 40
0.964406779661017
 40
0.964406779661017
 40
0.9661016949152542
 40
0.9661016949152542
 40
0.9661016949152542
 40
0.9661016949152542
 40
0.9677966101694915
 40
0.9677966101694915
 40
0.9677966101694915
 40
0.9677966101694915
 40
0.9694915254237289
 40
0.9694915254237289
 40
0.9694915254237289
 40
0.9694915254237289
 40
0.9711864406779661
 40
0.9711864406779661
 40
0.9711864406779661
 40
0.9711864406779661
 40
0.9728813559322034
 40
0.9728813559322034
 40
0.9728813559322034
 40
0.9728813559322034
 40
0.9745762711864406
 40
0.9745762711864406
 40
0.9745762711864406
 40
0.9745762711864406
 40
0.976271186440678
 40
0.976271186440678
 40
0.976271186440678
 40
0.976271186440678
 40
0.9779661016949153
 40
0.9779661016949153
 40
0.9779661016949153
 40
0.9779661016949153
 40
0.9796610169491525
 40
0.9796610169491525
 40
0.9796610169491525
 40
0.9796610169491525
 40
0.9813559322033898
 40
0.9813559322033898
 40
0.9813559322033898
 40
0.9813559322033898
 40
0.9830508474576272
 40
0.9830508474576272
 40
0.9830508474576272
 40
0.9830508474576272
 40
0.9847457627118644
 40
0.9847457627118644
 40
0.9847457627118644
 40
0.9847457627118644
 40
0.9864406779661017
 40
0.9864406779661017
 40
0.9864406779661017
 40
0.9864406779661017
 40
0.988135593220339
 40
0.988135593220339
 40
0.988135593220339
 40
0.988135593220339
 40
0.9898305084745763
 40
0.9898305084745763
 40
0.9898305084745763
 40
0.9898305084745763
 40
0.9915254237288136
 40
0.9915254237288136
 40
0.9915254237288136
 40
0.9915254237288136
 40
0.9932203389830508
 40
0.9932203389830508
 40
0.9932203389830508
 40
0.9932203389830508
 40
0.9949152542372881
 40
0.9949152542372881
 40
0.9949152542372881
 40
0.9949152542372881
 40
0.9966101694915255
 40
0.9966101694915255
 40
0.9966101694915255
 40
0.9966101694915255
 40
1.0
 40
1.0
 40
1.0
 40
1.0
 10
-2.0193
 20
8.74783
 30
0.0
 10
-1.93781
 20
8.75982
 30
0.0
 10
-1.8549
 20
8.75276
 30
0.0
 10
-1.7727
 20
8.75594
 30
0.0
 10
-1.7727
 20
8.75594
 30
0.0
 10
-1.92088
 20
8.62012
 30
0.0
 10
-2.03975
 20
8.45643
 30
0.0
 10
-2.20098
 20
8.33472
 30
0.0
 10
-2.20098
 20
8.33472
 30
0.0
 10
-2.19991
 20
8.23524
 30
0.0
 10
-2.20098
 20
8.13576
 30
0.0
 10
-2.19638
 20
8.03627
 30
0.0
 10
-2.19638
 20
8.03627
 30
0.0
 10
-2.14982
 20
8.05074
 30
0.0
 10
-2.10996
 20
8.07543
 30
0.0
 10
-2.07644
 20
8.11035
 30
0.0
 10
-2.07644
 20
8.11035
 30
0.0
 10
-1.87642
 20
8.30897
 30
0.0
 10
-1.67957
 20
8.51076
 30
0.0
 10
-1.47849
 20
8.70832
 30
0.0
 10
-1.47849
 20
8.70832
 30
0.0
 10
-1.40194
 20
8.7884
 30
0.0
 10
-1.27952
 20
8.74183
 30
0.0
 10
-1.1818
 20
8.75452
 30
0.0
 10
-1.1818
 20
8.75452
 30
0.0
 10
-1.52047
 20
8.41304
 30
0.0
 10
-1.86265
 20
8.07507
 30
0.0
 10
-2.20098
 20
7.73324
 30
0.0
 10
-2.20098
 20
7.73324
 30
0.0
 10
-2.20027
 20
7.67009
 30
0.0
 10
-2.19957
 20
7.60694
 30
0.0
 10
-2.1985
 20
7.54379
 30
0.0
 10
-2.1985
 20
7.54379
 30
0.0
 10
-2.14948
 20
7.54167
 30
0.0
 10
-2.10043
 20
7.53991
 30
0.0
 10
-2.05139
 20
7.53779
 30
0.0
 10
-2.05139
 20
7.53779
 30
0.0
 10
-1.66758
 20
7.92444
 30
0.0
 10
-1.28093
 20
8.30756
 30
0.0
 10
-0.89712
 20
8.69385
 30
0.0
 10
-0.89712
 20
8.69385
 30
0.0
 10
-0.82303
 20
8.7891
 30
0.0
 10
-0.69179
 20
8.74394
 30
0.0
 10
-0.58878
 20
8.75452
 30
0.0
 10
-0.58878
 20
8.75452
 30
0.0
 10
-1.07068
 20
8.26593
 30
0.0
 10
-1.55857
 20
7.78298
 30
0.0
 10
-2.04328
 20
7.29755
 30
0.0
 10
-2.04328
 20
7.29755
 30
0.0
 10
-2.11242
 20
7.22417
 30
0.0
 10
-2.21297
 20
7.16104
 30
0.0
 10
-2.2098
 20
7.04744
 30
0.0
 10
-2.2098
 20
7.04744
 30
0.0
 10
-2.13535
 20
7.03932
 30
0.0
 10
-2.05705
 20
7.04074
 30
0.0
 10
-1.98895
 20
7.00439
 30
0.0
 10
-1.98895
 20
7.00439
 30
0.0
 10
-1.42521
 20
7.56813
 30
0.0
 10
-0.86077
 20
8.13117
 30
0.0
 10
-0.29774
 20
8.69597
 30
0.0
 10
-0.29774
 20
8.69597
 30
0.0
 10
-0.22436
 20
8.7891
 30
0.0
 10
-0.09455
 20
8.7436
 30
0.0
 10
0.00706
 20
8.75417
 30
0.0
 10
0.00706
 20
8.75417
 30
0.0
 10
-0.72495
 20
8.01334
 30
0.0
 10
-1.46473
 20
7.27957
 30
0.0
 10
-2.20098
 20
6.54332
 30
0.0
 10
-2.20098
 20
6.54332
 30
0.0
 10
-2.11842
 20
6.53308
 30
0.0
 10
-2.01083
 20
6.55672
 30
0.0
 10
-1.98649
 20
6.44913
 30
0.0
 10
-1.98649
 20
6.44913
 30
0.0
 10
-2.05809
 20
6.44243
 30
0.0
 10
-2.12972
 20
6.44455
 30
0.0
 10
-2.20132
 20
6.44525
 30
0.0
 10
-2.20132
 20
6.44525
 30
0.0
 10
-2.19991
 20
6.36235
 30
0.0
 10
-2.20062
 20
6.27909
 30
0.0
 10
-2.1992
 20
6.19583
 30
0.0
 10
-2.1992
 20
6.19583
 30
0.0
 10
-1.36842
 20
7.0305
 30
0.0
 10
-0.53374
 20
7.86095
 30
0.0
 10
0.29774
 20
8.69491
 30
0.0
 10
0.29774
 20
8.69491
 30
0.0
 10
0.37182
 20
8.7898
 30
0.0
 10
0.50341
 20
8.74324
 30
0.0
 10
0.60607
 20
8.75452
 30
0.0
 10
0.60607
 20
8.75452
 30
0.0
 10
-0.29845
 20
7.84506
 30
0.0
 10
-1.20755
 20
6.94019
 30
0.0
 10
-2.1142
 20
6.03284
 30
0.0
 10
-2.1142
 20
6.03284
 30
0.0
 10
-2.05739
 20
6.01909
 30
0.0
 10
-1.9431
 20
6.01661
 30
0.0
 10
-2.026
 20
5.94147
 30
0.0
 10
-2.026
 20
5.94147
 30
0.0
 10
-2.08421
 20
5.93619
 30
0.0
 10
-2.14277
 20
5.94218
 30
0.0
 10
-2.20098
 20
5.94359
 30
0.0
 10
-2.20098
 20
5.94359
 30
0.0
 10
-2.19957
 20
5.82824
 30
0.0
 10
-2.20027
 20
5.71287
 30
0.0
 10
-2.19991
 20
5.59717
 30
0.0
 10
-2.19991
 20
5.59717
 30
0.0
 10
-1.20402
 20
6.59729
 30
0.0
 10
-0.20425
 20
7.59354
 30
0.0
 10
0.79269
 20
8.59261
 30
0.0
 10
0.79269
 20
8.59261
 30
0.0
 10
0.84525
 20
8.6434
 30
0.0
 10
0.89252
 20
8.69984
 30
0.0
 10
0.95144
 20
8.7436
 30
0.0
 10
0.95144
 20
8.7436
 30
0.0
 10
1.03328
 20
8.7637
 30
0.0
 10
1.11972
 20
8.7503
 30
0.0
 10
1.20368
 20
8.75417
 30
0.0
 10
1.20368
 20
8.75417
 30
0.0
 10
0.13299
 20
7.67891
 30
0.0
 10
-0.94192
 20
6.60752
 30
0.0
 10
-2.01436
 20
5.53402
 30
0.0
 10
-2.01436
 20
5.53402
 30
0.0
 10
-1.97484
 20
5.39962
 30
0.0
 10
-2.14911
 20
5.45076
 30
0.0
 10
-2.19287
 20
5.35657
 30
0.0
 10
-2.19287
 20
5.35657
 30
0.0
 10
-2.20944
 20
5.24121
 30
0.0
 10
-2.19745
 20
5.12339
 30
0.0
 10
-2.19745
 20
5.00698
 30
0.0
 10
-2.19745
 20
5.00698
 30
0.0
 10
-0.95778
 20
6.24204
 30
0.0
 10
0.27727
 20
7.48135
 30
0.0
 10
1.51589
 20
8.71748
 30
0.0
 10
1.51589
 20
8.71748
 30
0.0
 10
1.59173
 20
8.78663
 30
0.0
 10
1.70956
 20
8.74006
 30
0.0
 10
1.80162
 20
8.75452
 30
0.0
 10
1.80162
 20
8.75452
 30
0.0
 10
0.46989
 20
7.41927
 30
0.0
 10
-0.86501
 20
6.08682
 30
0.0
 10
-2.19886
 20
4.75333
 30
0.0
 10
-2.19886
 20
4.75333
 30
0.0
 10
-2.19957
 20
4.69511
 30
0.0
 10
-2.20027
 20
4.63656
 30
0.0
 10
-2.20062
 20
4.57799
 30
0.0
 10
-2.20062
 20
4.57799
 30
0.0
 10
-2.14417
 20
4.57799
 30
0.0
 10
-2.08808
 20
4.57763
 30
0.0
 10
-2.03164
 20
4.57694
 30
0.0
 10
-2.03164
 20
4.57694
 30
0.0
 10
-0.64769
 20
5.95524
 30
0.0
 10
0.73096
 20
7.33882
 30
0.0
 10
2.11349
 20
8.71819
 30
0.0
 10
2.11349
 20
8.71819
 30
0.0
 10
2.1611
 20
8.77675
 30
0.0
 10
2.24367
 20
8.74712
 30
0.0
 10
2.30857
 20
8.75735
 30
0.0
 10
2.30857
 20
8.75735
 30
0.0
 10
2.30893
 20
8.6995
 30
0.0
 10
2.30857
 20
8.64129
 30
0.0
 10
2.30857
 20
8.58343
 30
0.0
 10
2.30857
 20
8.58343
 30
0.0
 10
2.37348
 20
8.57743
 30
0.0
 10
2.52095
 20
8.65751
 30
0.0
 10
2.49731
 20
8.53545
 30
0.0
 10
2.49731
 20
8.53545
 30
0.0
 10
2.43521
 20
8.51394
 30
0.0
 10
2.37137
 20
8.49947
 30
0.0
 10
2.30786
 20
8.48359
 30
0.0
 10
2.30786
 20
8.48359
 30
0.0
 10
2.30998
 20
8.34954
 30
0.0
 10
2.30964
 20
8.21548
 30
0.0
 10
2.30857
 20
8.08143
 30
0.0
 10
2.30857
 20
8.08143
 30
0.0
 10
2.37983
 20
8.0779
 30
0.0
 10
2.49307
 20
8.14846
 30
0.0
 10
2.516
 20
8.03733
 30
0.0
 10
2.516
 20
8.03733
 30
0.0
 10
2.44756
 20
8.01546
 30
0.0
 10
2.37842
 20
7.99711
 30
0.0
 10
2.30857
 20
7.98089
 30
0.0
 10
2.30857
 20
7.98089
 30
0.0
 10
2.30964
 20
7.84365
 30
0.0
 10
2.30964
 20
7.70643
 30
0.0
 10
2.30893
 20
7.5692
 30
0.0
 10
2.30893
 20
7.5692
 30
0.0
 10
2.36855
 20
7.58367
 30
0.0
 10
2.42922
 20
7.59459
 30
0.0
 10
2.49061
 20
7.60165
 30
0.0
 10
2.49061
 20
7.60165
 30
0.0
 10
2.53223
 20
7.4803
 30
0.0
 10
2.3823
 20
7.50252
 30
0.0
 10
2.31069
 20
7.48064
 30
0.0
 10
2.31069
 20
7.48064
 30
0.0
 10
2.30857
 20
7.34306
 30
0.0
 10
2.30998
 20
7.20548
 30
0.0
 10
2.30823
 20
7.0679
 30
0.0
 10
2.30823
 20
7.0679
 30
0.0
 10
2.37031
 20
7.07424
 30
0.0
 10
2.4317
 20
7.08659
 30
0.0
 10
2.49414
 20
7.09012
 30
0.0
 10
2.49414
 20
7.09012
 30
0.0
 10
2.49344
 20
7.07107
 30
0.0
 10
2.49166
 20
7.03262
 30
0.0
 10
2.49096
 20
7.01357
 30
0.0
 10
2.49096
 20
7.01357
 30
0.0
 10
2.42958
 20
6.99981
 30
0.0
 10
2.36855
 20
6.9857
 30
0.0
 10
2.30786
 20
6.97123
 30
0.0
 10
2.30786
 20
6.97123
 30
0.0
 10
2.31034
 20
6.83682
 30
0.0
 10
2.30964
 20
6.70243
 30
0.0
 10
2.30786
 20
6.56766
 30
0.0
 10
2.30786
 20
6.56766
 30
0.0
 10
2.37559
 20
6.57294
 30
0.0
 10
2.44298
 20
6.58424
 30
0.0
 10
2.51142
 20
6.58213
 30
0.0
 10
2.51142
 20
6.58213
 30
0.0
 10
2.50577
 20
6.47381
 30
0.0
 10
2.38019
 20
6.49569
 30
0.0
 10
2.30857
 20
6.4664
 30
0.0
 10
2.30857
 20
6.4664
 30
0.0
 10
2.30964
 20
6.32848
 30
0.0
 10
2.30893
 20
6.19054
 30
0.0
 10
2.30928
 20
6.0526
 30
0.0
 10
2.30928
 20
6.0526
 30
0.0
 10
2.3696
 20
6.06707
 30
0.0
 10
2.42992
 20
6.08012
 30
0.0
 10
2.49096
 20
6.09177
 30
0.0
 10
2.49096
 20
6.09177
 30
0.0
 10
2.52942
 20
5.97005
 30
0.0
 10
2.38901
 20
5.98594
 30
0.0
 10
2.30998
 20
5.96582
 30
0.0
 10
2.30998
 20
5.96582
 30
0.0
 10
2.30893
 20
5.82648
 30
0.0
 10
2.30893
 20
5.68713
 30
0.0
 10
2.30928
 20
5.54813
 30
0.0
 10
2.30928
 20
5.54813
 30
0.0
 10
2.36819
 20
5.56119
 30
0.0
 10
2.42675
 20
5.57459
 30
0.0
 10
2.48532
 20
5.58799
 30
0.0
 10
2.48532
 20
5.58799
 30
0.0
 10
2.48637
 20
5.558
 30
0.0
 10
2.4899
 20
5.52803
 30
0.0
 10
2.4959
 20
5.49839
 30
0.0
 10
2.4959
 20
5.49839
 30
0.0
 10
2.43382
 20
5.48534
 30
0.0
 10
2.37137
 20
5.47229
 30
0.0
 10
2.30928
 20
5.45818
 30
0.0
 10
2.30928
 20
5.45818
 30
0.0
 10
2.30893
 20
5.322
 30
0.0
 10
2.30928
 20
5.18583
 30
0.0
 10
2.30928
 20
5.04966
 30
0.0
 10
2.30928
 20
5.04966
 30
0.0
 10
2.36926
 20
5.05812
 30
0.0
 10
2.42958
 20
5.0673
 30
0.0
 10
2.49025
 20
5.07434
 30
0.0
 10
2.49025
 20
5.07434
 30
0.0
 10
2.49166
 20
5.05529
 30
0.0
 10
2.49449
 20
5.01685
 30
0.0
 10
2.49624
 20
4.99745
 30
0.0
 10
2.49624
 20
4.99745
 30
0.0
 10
2.43346
 20
4.98228
 30
0.0
 10
2.37101
 20
4.96675
 30
0.0
 10
2.30857
 20
4.95229
 30
0.0
 10
2.30857
 20
4.95229
 30
0.0
 10
2.30964
 20
4.8274
 30
0.0
 10
2.30928
 20
4.70252
 30
0.0
 10
2.30964
 20
4.57763
 30
0.0
 10
2.30964
 20
4.57763
 30
0.0
 10
2.4271
 20
4.5787
 30
0.0
 10
2.54458
 20
4.5787
 30
0.0
 10
2.66206
 20
4.57694
 30
0.0
 10
2.66206
 20
4.57694
 30
0.0
 10
2.69733
 20
4.64043
 30
0.0
 10
2.71039
 20
4.73287
 30
0.0
 10
2.80387
 20
4.72827
 30
0.0
 10
2.80387
 20
4.72827
 30
0.0
 10
2.79576
 20
4.69053
 30
0.0
 10
2.77953
 20
4.61468
 30
0.0
 10
2.77142
 20
4.57694
 30
0.0
 10
2.77142
 20
4.57694
 30
0.0
 10
2.89736
 20
4.57941
 30
0.0
 10
3.02365
 20
4.5787
 30
0.0
 10
3.14995
 20
4.57729
 30
0.0
 10
3.14995
 20
4.57729
 30
0.0
 10
3.17076
 20
4.62633
 30
0.0
 10
3.19158
 20
4.67535
 30
0.0
 10
3.21239
 20
4.72405
 30
0.0
 10
3.21239
 20
4.72405
 30
0.0
 10
3.23285
 20
4.7184
 30
0.0
 10
3.27377
 20
4.70675
 30
0.0
 10
3.29423
 20
4.70076
 30
0.0
 10
3.29423
 20
4.70076
 30
0.0
 10
3.27978
 20
4.65983
 30
0.0
 10
3.26565
 20
4.61892
 30
0.0
 10
3.25154
 20
4.57763
 30
0.0
 10
3.25154
 20
4.57763
 30
0.0
 10
3.3796
 20
4.5787
 30
0.0
 10
3.50767
 20
4.5787
 30
0.0
 10
3.63573
 20
4.57799
 30
0.0
 10
3.63573
 20
4.57799
 30
0.0
 10
3.65478
 20
4.62597
 30
0.0
 10
3.67454
 20
4.67359
 30
0.0
 10
3.69429
 20
4.72122
 30
0.0
 10
3.69429
 20
4.72122
 30
0.0
 10
3.71298
 20
4.7184
 30
0.0
 10
3.75002
 20
4.7124
 30
0.0
 10
3.76872
 20
4.70923
 30
0.0
 10
3.76872
 20
4.70923
 30
0.0
 10
3.76061
 20
4.66548
 30
0.0
 10
3.75179
 20
4.62138
 30
0.0
 10
3.74332
 20
4.57729
 30
0.0
 10
3.74332
 20
4.57729
 30
0.0
 10
3.86467
 20
4.57904
 30
0.0
 10
3.98604
 20
4.5787
 30
0.0
 10
4.10774
 20
4.57729
 30
0.0
 10
4.10774
 20
4.57729
 30
0.0
 10
4.15149
 20
4.62633
 30
0.0
 10
4.15819
 20
4.7699
 30
0.0
 10
4.25062
 20
4.71063
 30
0.0
 10
4.25062
 20
4.71063
 30
0.0
 10
4.2432
 20
4.67713
 30
0.0
 10
4.22804
 20
4.61044
 30
0.0
 10
4.22027
 20
4.57694
 30
0.0
 10
4.22027
 20
4.57694
 30
0.0
 10
4.34657
 20
4.57941
 30
0.0
 10
4.47286
 20
4.5787
 30
0.0
 10
4.59951
 20
4.57729
 30
0.0
 10
4.59951
 20
4.57729
 30
0.0
 10
4.61892
 20
4.62492
 30
0.0
 10
4.63797
 20
4.67254
 30
0.0
 10
4.65666
 20
4.72052
 30
0.0
 10
4.65666
 20
4.72052
 30
0.0
 10
4.68558
 20
4.71664
 30
0.0
 10
4.71416
 20
4.71099
 30
0.0
 10
4.74274
 20
4.70393
 30
0.0
 10
4.74274
 20
4.70393
 30
0.0
 10
4.7318
 20
4.67218
 30
0.0
 10
4.70992
 20
4.60869
 30
0.0
 10
4.699
 20
4.57729
 30
0.0
 10
4.699
 20
4.57729
 30
0.0
 10
4.82599
 20
4.5787
 30
0.0
 10
4.95299
 20
4.57834
 30
0.0
 10
5.08034
 20
4.5787
 30
0.0
 10
5.08034
 20
4.5787
 30
0.0
 10
5.11668
 20
4.63196
 30
0.0
 10
5.12022
 20
4.75967
 30
0.0
 10
5.21194
 20
4.7117
 30
0.0
 10
5.21194
 20
4.7117
 30
0.0
 10
5.2077
 20
4.66653
 30
0.0
 10
5.20206
 20
4.62173
 30
0.0
 10
5.19465
 20
4.57694
 30
0.0
 10
5.19465
 20
4.57694
 30
0.0
 10
5.31495
 20
4.57904
 30
0.0
 10
5.4356
 20
4.57904
 30
0.0
 10
5.5559
 20
4.57729
 30
0.0
 10
5.5559
 20
4.57729
 30
0.0
 10
5.60069
 20
4.62597
 30
0.0
 10
5.60492
 20
4.76778
 30
0.0
 10
5.69841
 20
4.71099
 30
0.0
 10
5.69841
 20
4.71099
 30
0.0
 10
5.69136
 20
4.67747
 30
0.0
 10
5.67725
 20
4.61044
 30
0.0
 10
5.66985
 20
4.57658
 30
0.0
 10
5.66985
 20
4.57658
 30
0.0
 10
5.79542
 20
4.57941
 30
0.0
 10
5.92067
 20
4.57904
 30
0.0
 10
6.04626
 20
4.57729
 30
0.0
 10
6.04626
 20
4.57729
 30
0.0
 10
6.06743
 20
4.62562
 30
0.0
 10
6.08824
 20
4.67395
 30
0.0
 10
6.10904
 20
4.72263
 30
0.0
 10
6.10904
 20
4.72263
 30
0.0
 10
6.12951
 20
4.71769
 30
0.0
 10
6.17007
 20
4.70782
 30
0.0
 10
6.19054
 20
4.70288
 30
0.0
 10
6.19054
 20
4.70288
 30
0.0
 10
6.17996
 20
4.67184
 30
0.0
 10
6.15843
 20
4.6094
 30
0.0
 10
6.14749
 20
4.57834
 30
0.0
 10
6.14749
 20
4.57834
 30
0.0
 10
6.217
 20
4.57799
 30
0.0
 10
6.28685
 20
4.57763
 30
0.0
 10
6.35669
 20
4.57624
 30
0.0
 10
6.35669
 20
4.57624
 30
0.0
 10
6.35635
 20
4.53531
 30
0.0
 10
6.35599
 20
4.49403
 30
0.0
 10
6.35599
 20
4.45276
 30
0.0
 10
6.35599
 20
4.45276
 30
0.0
 10
6.24804
 20
4.43442
 30
0.0
 10
6.09528
 20
4.49896
 30
0.0
 10
6.0265
 20
4.38679
 30
0.0
 10
6.0265
 20
4.38679
 30
0.0
 10
5.99227
 20
4.34199
 30
0.0
 10
5.99086
 20
4.28449
 30
0.0
 10
5.99439
 20
4.23087
 30
0.0
 10
5.99439
 20
4.23087
 30
0.0
 10
6.00569
 20
4.07492
 30
0.0
 10
5.98452
 20
3.919
 30
0.0
 10
5.99756
 20
3.76307
 30
0.0
 10
5.99756
 20
3.76307
 30
0.0
 10
5.74815
 20
3.76344
 30
0.0
 10
5.49839
 20
3.76237
 30
0.0
 10
5.24898
 20
3.76344
 30
0.0
 10
5.24898
 20
3.76344
 30
0.0
 10
5.24686
 20
3.99308
 30
0.0
 10
5.25003
 20
4.22275
 30
0.0
 10
5.24722
 20
4.4524
 30
0.0
 10
5.24722
 20
4.4524
 30
0.0
 10
5.20312
 20
4.45206
 30
0.0
 10
5.15902
 20
4.45135
 30
0.0
 10
5.11527
 20
4.45065
 30
0.0
 10
5.11527
 20
4.45065
 30
0.0
 10
5.05283
 20
4.39349
 30
0.0
 10
5.01332
 20
4.27672
 30
0.0
 10
4.91666
 20
4.28025
 30
0.0
 10
4.91666
 20
4.28025
 30
0.0
 10
4.88102
 20
4.35327
 30
0.0
 10
4.97099
 20
4.39702
 30
0.0
 10
4.99921
 20
4.4524
 30
0.0
 10
4.99921
 20
4.4524
 30
0.0
 10
4.88068
 20
4.44958
 30
0.0
 10
4.7625
 20
4.45487
 30
0.0
 10
4.64467
 20
4.44887
 30
0.0
 10
4.64467
 20
4.44887
 30
0.0
 10
4.58257
 20
4.40372
 30
0.0
 10
4.5346
 20
4.33916
 30
0.0
 10
4.49615
 20
4.27355
 30
0.0
 10
4.49615
 20
4.27355
 30
0.0
 10
4.48909
 20
4.11585
 30
0.0
 10
4.50074
 20
3.95781
 30
0.0
 10
4.49014
 20
3.80012
 30
0.0
 10
4.49014
 20
3.80012
 30
0.0
 10
4.53002
 20
3.78107
 30
0.0
 10
4.56812
 20
3.75002
 30
0.0
 10
4.61644
 20
3.76025
 30
0.0
 10
4.61644
 20
3.76025
 30
0.0
 10
4.82599
 20
3.7592
 30
0.0
 10
5.03555
 20
3.76096
 30
0.0
 10
5.24544
 20
3.76025
 30
0.0
 10
5.24544
 20
3.76025
 30
0.0
 10
5.24403
 20
3.51119
 30
0.0
 10
5.24403
 20
3.26214
 30
0.0
 10
5.24544
 20
3.01271
 30
0.0
 10
5.24544
 20
3.01271
 30
0.0
 10
4.99568
 20
3.0113
 30
0.0
 10
4.74591
 20
3.01412
 30
0.0
 10
4.4965
 20
3.0113
 30
0.0
 10
4.4965
 20
3.0113
 30
0.0
 10
4.49757
 20
2.7566
 30
0.0
 10
4.48274
 20
2.50084
 30
0.0
 10
4.50708
 20
2.24683
 30
0.0
 10
4.50708
 20
2.24683
 30
0.0
 10
4.75121
 20
2.27894
 30
0.0
 10
4.99779
 20
2.25531
 30
0.0
 10
5.24298
 20
2.26306
 30
0.0
 10
5.24298
 20
2.26306
 30
0.0
 10
5.24615
 20
2.01117
 30
0.0
 10
5.24403
 20
1.7593
 30
0.0
 10
5.2444
 20
1.50707
 30
0.0
 10
5.2444
 20
1.50707
 30
0.0
 10
5.0045
 20
1.50495
 30
0.0
 10
4.7632
 20
1.512
 30
0.0
 10
4.52437
 20
1.50636
 30
0.0
 10
4.52437
 20
1.50636
 30
0.0
 10
4.5166
 20
1.4993
 30
0.0
 10
4.50144
 20
1.48519
 30
0.0
 10
4.49403
 20
1.47813
 30
0.0
 10
4.49403
 20
1.47813
 30
0.0
 10
4.49474
 20
1.2774
 30
0.0
 10
4.49333
 20
1.07667
 30
0.0
 10
4.49509
 20
0.87558
 30
0.0
 10
4.49509
 20
0.87558
 30
0.0
 10
4.48344
 20
0.82585
 30
0.0
 10
4.52225
 20
0.78987
 30
0.0
 10
4.54447
 20
0.7507
 30
0.0
 10
4.54447
 20
0.7507
 30
0.0
 10
4.77767
 20
0.76059
 30
0.0
 10
5.0112
 20
0.75247
 30
0.0
 10
5.24474
 20
0.75564
 30
0.0
 10
5.24474
 20
0.75564
 30
0.0
 10
5.24403
 20
0.52916
 30
0.0
 10
5.2451
 20
0.30268
 30
0.0
 10
5.24369
 20
0.0762
 30
0.0
 10
5.24369
 20
0.0762
 30
0.0
 10
5.32553
 20
0.07584
 30
0.0
 10
5.40666
 20
0.07584
 30
0.0
 10
5.48886
 20
0.07479
 30
0.0
 10
5.48886
 20
0.07479
 30
0.0
 10
5.4557
 20
0.12664
 30
0.0
 10
5.39184
 20
0.16262
 30
0.0
 10
5.37986
 20
0.22577
 30
0.0
 10
5.37986
 20
0.22577
 30
0.0
 10
5.4871
 20
0.28857
 30
0.0
 10
5.53649
 20
0.13194
 30
0.0
 10
5.60034
 20
0.07479
 30
0.0
 10
5.60034
 20
0.07479
 30
0.0
 10
5.72206
 20
0.07654
 30
0.0
 10
5.84412
 20
0.0762
 30
0.0
 10
5.96582
 20
0.07408
 30
0.0
 10
5.96582
 20
0.07408
 30
0.0
 10
5.94325
 20
0.1337
 30
0.0
 10
5.82824
 20
0.1852
 30
0.0
 10
5.88822
 20
0.2561
 30
0.0
 10
5.88822
 20
0.2561
 30
0.0
 10
5.93231
 20
0.23812
 30
0.0
 10
5.97252
 20
0.21342
 30
0.0
 10
6.0092
 20
0.18167
 30
0.0
 10
6.0092
 20
0.18167
 30
0.0
 10
6.00145
 20
0.37324
 30
0.0
 10
6.00779
 20
0.56515
 30
0.0
 10
6.00428
 20
0.75671
 30
0.0
 10
6.00428
 20
0.75671
 30
0.0
 10
6.11786
 20
0.75459
 30
0.0
 10
6.23147
 20
0.75494
 30
0.0
 10
6.34541
 20
0.75635
 30
0.0
 10
6.34541
 20
0.75635
 30
0.0
 10
6.34047
 20
0.48506
 30
0.0
 10
6.35353
 20
0.21449
 30
0.0
 10
6.3574
 20
-0.05679
 30
0.0
 10
6.3574
 20
-0.05679
 30
0.0
 10
6.29038
 20
-0.05856
 30
0.0
 10
6.22299
 20
-0.05891
 30
0.0
 10
6.15597
 20
-0.05891
 30
0.0
 10
6.15597
 20
-0.05891
 30
0.0
 10
6.16267
 20
-0.09136
 30
0.0
 10
6.17607
 20
-0.15662
 30
0.0
 10
6.18313
 20
-0.18908
 30
0.0
 10
6.18313
 20
-0.18908
 30
0.0
 10
6.08894
 20
-0.22119
 30
0.0
 10
6.08153
 20
-0.11677
 30
0.0
 10
6.04731
 20
-0.05856
 30
0.0
 10
6.04731
 20
-0.05856
 30
0.0
 10
5.92278
 20
-0.05961
 30
0.0
 10
5.79861
 20
-0.05997
 30
0.0
 10
5.67443
 20
-0.05749
 30
0.0
 10
5.67443
 20
-0.05749
 30
0.0
 10
5.68006
 20
-0.08924
 30
0.0
 10
5.691
 20
-0.15309
 30
0.0
 10
5.6963
 20
-0.18486
 30
0.0
 10
5.6963
 20
-0.18486
 30
0.0
 10
5.60528
 20
-0.2427
 30
0.0
 10
5.6067
 20
-0.103
 30
0.0
 10
5.5686
 20
-0.05961
 30
0.0
 10
5.5686
 20
-0.05961
 30
0.0
 10
5.44405
 20
-0.05927
 30
0.0
 10
5.31917
 20
-0.05997
 30
0.0
 10
5.19465
 20
-0.05749
 30
0.0
 10
5.19465
 20
-0.05749
 30
0.0
 10
5.20242
 20
-0.10125
 30
0.0
 10
5.20841
 20
-0.14498
 30
0.0
 10
5.2137
 20
-0.18944
 30
0.0
 10
5.2137
 20
-0.18944
 30
0.0
 10
5.19606
 20
-0.19015
 30
0.0
 10
5.16113
 20
-0.1919
 30
0.0
 10
5.14385
 20
-0.19297
 30
0.0
 10
5.14385
 20
-0.19297
 30
0.0
 10
5.12444
 20
-0.14817
 30
0.0
 10
5.1054
 20
-0.10371
 30
0.0
 10
5.08669
 20
-0.05891
 30
0.0
 10
5.08669
 20
-0.05891
 30
0.0
 10
4.96076
 20
-0.05961
 30
0.0
 10
4.83481
 20
-0.06032
 30
0.0
 10
4.70923
 20
-0.05785
 30
0.0
 10
4.70923
 20
-0.05785
 30
0.0
 10
4.71523
 20
-0.08995
 30
0.0
 10
4.72722
 20
-0.15451
 30
0.0
 10
4.73321
 20
-0.18696
 30
0.0
 10
4.73321
 20
-0.18696
 30
0.0
 10
4.6429
 20
-0.22542
 30
0.0
 10
4.63303
 20
-0.109
 30
0.0
 10
4.59916
 20
-0.0582
 30
0.0
 10
4.59916
 20
-0.0582
 30
0.0
 10
4.47498
 20
-0.05997
 30
0.0
 10
4.35081
 20
-0.06032
 30
0.0
 10
4.22697
 20
-0.05785
 30
0.0
 10
4.22697
 20
-0.05785
 30
0.0
 10
4.23121
 20
-0.0889
 30
0.0
 10
4.23932
 20
-0.15134
 30
0.0
 10
4.24356
 20
-0.18274
 30
0.0
 10
4.24356
 20
-0.18274
 30
0.0
 10
4.15995
 20
-0.24659
 30
0.0
 10
4.15783
 20
-0.10018
 30
0.0
 10
4.11973
 20
-0.05997
 30
0.0
 10
4.11973
 20
-0.05997
 30
0.0
 10
3.99661
 20
-0.05891
 30
0.0
 10
3.87314
 20
-0.05997
 30
0.0
 10
3.75002
 20
-0.05749
 30
0.0
 10
3.75002
 20
-0.05749
 30
0.0
 10
3.74896
 20
-0.10195
 30
0.0
 10
3.79589
 20
-0.22577
 30
0.0
 10
3.69958
 20
-0.1919
 30
0.0
 10
3.69958
 20
-0.1919
 30
0.0
 10
3.67524
 20
-0.14922
 30
0.0
 10
3.65583
 20
-0.10407
 30
0.0
 10
3.63607
 20
-0.05961
 30
0.0
 10
3.63607
 20
-0.05961
 30
0.0
 10
3.51225
 20
-0.05927
 30
0.0
 10
3.38878
 20
-0.05997
 30
0.0
 10
3.26495
 20
-0.05785
 30
0.0
 10
3.26495
 20
-0.05785
 30
0.0
 10
3.26495
 20
-0.11041
 30
0.0
 10
3.31257
 20
-0.22542
 30
0.0
 10
3.21415
 20
-0.18661
 30
0.0
 10
3.21415
 20
-0.18661
 30
0.0
 10
3.19051
 20
-0.14498
 30
0.0
 10
3.17146
 20
-0.10125
 30
0.0
 10
3.15066
 20
-0.05856
 30
0.0
 10
3.15066
 20
-0.05856
 30
0.0
 10
3.02648
 20
-0.05961
 30
0.0
 10
2.90194
 20
-0.05997
 30
0.0
 10
2.77777
 20
-0.0582
 30
0.0
 10
2.77777
 20
-0.0582
 30
0.0
 10
2.78341
 20
-0.0889
 30
0.0
 10
2.79435
 20
-0.15063
 30
0.0
 10
2.8
 20
-0.18133
 30
0.0
 10
2.8
 20
-0.18133
 30
0.0
 10
2.71144
 20
-0.25223
 30
0.0
 10
2.7111
 20
-0.103
 30
0.0
 10
2.6737
 20
-0.06032
 30
0.0
 10
2.6737
 20
-0.06032
 30
0.0
 10
2.55198
 20
-0.05891
 30
0.0
 10
2.43063
 20
-0.05927
 30
0.0
 10
2.30893
 20
-0.05891
 30
0.0
 10
2.30893
 20
-0.05891
 30
0.0
 10
2.30928
 20
-0.1852
 30
0.0
 10
2.30928
 20
-0.31114
 30
0.0
 10
2.30893
 20
-0.43744
 30
0.0
 10
2.30893
 20
-0.43744
 30
0.0
 10
2.37418
 20
-0.43814
 30
0.0
 10
2.49307
 20
-0.35382
 30
0.0
 10
2.50331
 20
-0.46319
 30
0.0
 10
2.50331
 20
-0.46319
 30
0.0
 10
2.45533
 20
-0.51788
 30
0.0
 10
2.37455
 20
-0.5087
 30
0.0
 10
2.31069
 20
-0.52775
 30
0.0
 10
2.31069
 20
-0.52775
 30
0.0
 10
2.30893
 20
-0.6664
 30
0.0
 10
2.30893
 20
-0.80539
 30
0.0
 10
2.30893
 20
-0.94402
 30
0.0
 10
2.30893
 20
-0.94402
 30
0.0
 10
2.37031
 20
-0.93098
 30
0.0
 10
2.4317
 20
-0.91722
 30
0.0
 10
2.49344
 20
-0.90487
 30
0.0
 10
2.49344
 20
-0.90487
 30
0.0
 10
2.5273
 20
-1.0287
 30
0.0
 10
2.38548
 20
-1.00787
 30
0.0
 10
2.30786
 20
-1.03716
 30
0.0
 10
2.30786
 20
-1.03716
 30
0.0
 10
2.30998
 20
-1.17193
 30
0.0
 10
2.30964
 20
-1.30668
 30
0.0
 10
2.30857
 20
-1.44144
 30
0.0
 10
2.30857
 20
-1.44144
 30
0.0
 10
2.37912
 20
-1.44426
 30
0.0
 10
2.49765
 20
-1.37054
 30
0.0
 10
2.51319
 20
-1.48731
 30
0.0
 10
2.51319
 20
-1.48731
 30
0.0
 10
2.44544
 20
-1.50671
 30
0.0
 10
2.37701
 20
-1.52471
 30
0.0
 10
2.30857
 20
-1.54094
 30
0.0
 10
2.30857
 20
-1.54094
 30
0.0
 10
2.30998
 20
-1.67815
 30
0.0
 10
2.30893
 20
-1.81575
 30
0.0
 10
2.30928
 20
-1.95367
 30
0.0
 10
2.30928
 20
-1.95367
 30
0.0
 10
2.36889
 20
-1.93993
 30
0.0
 10
2.42817
 20
-1.92475
 30
0.0
 10
2.4899
 20
-1.92088
 30
0.0
 10
2.4899
 20
-1.92088
 30
0.0
 10
2.534
 20
-2.04187
 30
0.0
 10
2.38054
 20
-2.01999
 30
0.0
 10
2.30964
 20
-2.04082
 30
0.0
 10
2.30964
 20
-2.04082
 30
0.0
 10
2.30893
 20
-2.17981
 30
0.0
 10
2.30928
 20
-2.31916
 30
0.0
 10
2.30893
 20
-2.45816
 30
0.0
 10
2.30893
 20
-2.45816
 30
0.0
 10
2.37031
 20
-2.44544
 30
0.0
 10
2.43134
 20
-2.43204
 30
0.0
 10
2.49307
 20
-2.4204
 30
0.0
 10
2.49307
 20
-2.4204
 30
0.0
 10
2.52835
 20
-2.54105
 30
0.0
 10
2.38794
 20
-2.52306
 30
0.0
 10
2.3114
 20
-2.54423
 30
0.0
 10
2.3114
 20
-2.54423
 30
0.0
 10
2.30752
 20
-2.68181
 30
0.0
 10
2.30998
 20
-2.81939
 30
0.0
 10
2.30893
 20
-2.95697
 30
0.0
 10
2.30893
 20
-2.95697
 30
0.0
 10
2.36889
 20
-2.94852
 30
0.0
 10
2.42922
 20
-2.9397
 30
0.0
 10
2.4899
 20
-2.93299
 30
0.0
 10
2.4899
 20
-2.93299
 30
0.0
 10
2.49132
 20
-2.95239
 30
0.0
 10
2.49414
 20
-2.9912
 30
0.0
 10
2.49555
 20
-3.01059
 30
0.0
 10
2.49555
 20
-3.01059
 30
0.0
 10
2.43311
 20
-3.02541
 30
0.0
 10
2.37067
 20
-3.04024
 30
0.0
 10
2.30823
 20
-3.05469
 30
0.0
 10
2.30823
 20
-3.05469
 30
0.0
 10
2.30998
 20
-3.1891
 30
0.0
 10
2.30964
 20
-3.32351
 30
0.0
 10
2.30893
 20
-3.45792
 30
0.0
 10
2.30893
 20
-3.45792
 30
0.0
 10
2.38125
 20
-3.46075
 30
0.0
 10
2.48778
 20
-3.39407
 30
0.0
 10
2.51919
 20
-3.4999
 30
0.0
 10
2.51919
 20
-3.4999
 30
0.0
 10
2.45075
 20
-3.52495
 30
0.0
 10
2.37983
 20
-3.54188
 30
0.0
 10
2.30928
 20
-3.55988
 30
0.0
 10
2.30928
 20
-3.55988
 30
0.0
 10
2.30928
 20
-3.6971
 30
0.0
 10
2.30964
 20
-3.83433
 30
0.0
 10
2.30857
 20
-3.97157
 30
0.0
 10
2.30857
 20
-3.97157
 30
0.0
 10
2.36466
 20
-3.95851
 30
0.0
 10
2.42147
 20
-3.94687
 30
0.0
 10
2.47826
 20
-3.93734
 30
0.0
 10
2.47826
 20
-3.93734
 30
0.0
 10
2.54952
 20
-4.05095
 30
0.0
 10
2.37771
 20
-4.04354
 30
0.0
 10
2.31174
 20
-4.05729
 30
0.0
 10
2.31174
 20
-4.05729
 30
0.0
 10
2.30823
 20
-4.18324
 30
0.0
 10
2.30928
 20
-4.30917
 30
0.0
 10
2.30893
 20
-4.43512
 30
0.0
 10
2.30893
 20
-4.43512
 30
0.0
 10
2.4317
 20
-4.43442
 30
0.0
 10
2.55447
 20
-4.43547
 30
0.0
 10
2.67687
 20
-4.43301
 30
0.0
 10
2.67687
 20
-4.43301
 30
0.0
 10
2.69521
 20
-4.3882
 30
0.0
 10
2.71322
 20
-4.3434
 30
0.0
 10
2.73227
 20
-4.29894
 30
0.0
 10
2.73227
 20
-4.29894
 30
0.0
 10
2.82821
 20
-4.30142
 30
0.0
 10
2.7961
 20
-4.37444
 30
0.0
 10
2.77388
 20
-4.43547
 30
0.0
 10
2.77388
 20
-4.43547
 30
0.0
 10
2.90159
 20
-4.43406
 30
0.0
 10
3.02965
 20
-4.43442
 30
0.0
 10
3.1577
 20
-4.43512
 30
0.0
 10
3.1577
 20
-4.43512
 30
0.0
 10
3.17253
 20
-4.39773
 30
0.0
 10
3.18735
 20
-4.36033
 30
0.0
 10
3.20216
 20
-4.32328
 30
0.0
 10
3.20216
 20
-4.32328
 30
0.0
 10
3.22333
 20
-4.31058
 30
0.0
 10
3.24484
 20
-4.29789
 30
0.0
 10
3.26636
 20
-4.28554
 30
0.0
 10
3.26636
 20
-4.28554
 30
0.0
 10
3.26989
 20
-4.33599
 30
0.0
 10
3.26884
 20
-4.38643
 30
0.0
 10
3.26672
 20
-4.43723
 30
0.0
 10
3.26672
 20
-4.43723
 30
0.0
 10
3.39054
 20
-4.43335
 30
0.0
 10
3.51472
 20
-4.43442
 30
0.0
 10
3.63926
 20
-4.43476
 30
0.0
 10
3.63926
 20
-4.43476
 30
0.0
 10
3.66148
 20
-4.38396
 30
0.0
 10
3.68406
 20
-4.33317
 30
0.0
 10
3.70733
 20
-4.28308
 30
0.0
 10
3.70733
 20
-4.28308
 30
0.0
 10
3.77577
 20
-4.31446
 30
0.0
 10
3.76307
 20
-4.37656
 30
0.0
 10
3.7486
 20
-4.43688
 30
0.0
 10
3.7486
 20
-4.43688
 30
0.0
 10
3.87103
 20
-4.43123
 30
0.0
 10
3.99379
 20
-4.44041
 30
0.0
 10
4.11621
 20
-4.43089
 30
0.0
 10
4.11621
 20
-4.43089
 30
0.0
 10
4.14796
 20
-4.38291
 30
0.0
 10
4.17125
 20
-4.32964
 30
0.0
 10
4.20051
 20
-4.28025
 30
0.0
 10
4.20051
 20
-4.28025
 30
0.0
 10
4.28059
 20
-4.31482
 30
0.0
 10
4.23262
 20
-4.38221
 30
0.0
 10
4.22485
 20
-4.43618
 30
0.0
 10
4.22485
 20
-4.43618
 30
0.0
 10
4.35292
 20
-4.43371
 30
0.0
 10
4.48098
 20
-4.43512
 30
0.0
 10
4.6094
 20
-4.43371
 30
0.0
 10
4.6094
 20
-4.43371
 30
0.0
 10
4.62526
 20
-4.39032
 30
0.0
 10
4.64149
 20
-4.34693
 30
0.0
 10
4.65737
 20
-4.30354
 30
0.0
 10
4.65737
 20
-4.30354
 30
0.0
 10
4.67924
 20
-4.30988
 30
0.0
 10
4.72263
 20
-4.32223
 30
0.0
 10
4.74451
 20
-4.32859
 30
0.0
 10
4.74451
 20
-4.32859
 30
0.0
 10
4.73004
 20
-4.3635
 30
0.0
 10
4.71523
 20
-4.39878
 30
0.0
 10
4.70076
 20
-4.43442
 30
0.0
 10
4.70076
 20
-4.43442
 30
0.0
 10
4.82811
 20
-4.43512
 30
0.0
 10
4.95547
 20
-4.43406
 30
0.0
 10
5.08316
 20
-4.43476
 30
0.0
 10
5.08316
 20
-4.43476
 30
0.0
 10
5.1121
 20
-4.37656
 30
0.0
 10
5.14278
 20
-4.31799
 30
0.0
 10
5.19112
 20
-4.27284
 30
0.0
 10
5.19112
 20
-4.27284
 30
0.0
 10
5.20522
 20
-4.32681
 30
0.0
 10
5.20805
 20
-4.3815
 30
0.0
 10
5.19959
 20
-4.43723
 30
0.0
 10
5.19959
 20
-4.43723
 30
0.0
 10
5.32377
 20
-4.43301
 30
0.0
 10
5.44829
 20
-4.43618
 30
0.0
 10
5.57318
 20
-4.4323
 30
0.0
 10
5.57318
 20
-4.4323
 30
0.0
 10
5.59435
 20
-4.36879
 30
0.0
 10
5.61764
 20
-4.30142
 30
0.0
 10
5.69348
 20
-4.2873
 30
0.0
 10
5.69348
 20
-4.2873
 30
0.0
 10
5.691
 20
-4.3367
 30
0.0
 10
5.68713
 20
-4.38608
 30
0.0
 10
5.68218
 20
-4.43547
 30
0.0
 10
5.68218
 20
-4.43547
 30
0.0
 10
5.80707
 20
-4.43371
 30
0.0
 10
5.93231
 20
-4.43512
 30
0.0
 10
6.05754
 20
-4.43371
 30
0.0
 10
6.05754
 20
-4.43371
 30
0.0
 10
6.07447
 20
-4.38714
 30
0.0
 10
6.09141
 20
-4.34021
 30
0.0
 10
6.1087
 20
-4.29365
 30
0.0
 10
6.1087
 20
-4.29365
 30
0.0
 10
6.13445
 20
-4.30635
 30
0.0
 10
6.1595
 20
-4.32011
 30
0.0
 10
6.18489
 20
-4.33492
 30
0.0
 10
6.18489
 20
-4.33492
 30
0.0
 10
6.17607
 20
-4.36915
 30
0.0
 10
6.16408
 20
-4.40231
 30
0.0
 10
6.1535
 20
-4.43583
 30
0.0
 10
6.1535
 20
-4.43583
 30
0.0
 10
6.22053
 20
-4.43476
 30
0.0
 10
6.28791
 20
-4.43442
 30
0.0
 10
6.35528
 20
-4.43442
 30
0.0
 10
6.35528
 20
-4.43442
 30
0.0
 10
6.34083
 20
-4.54166
 30
0.0
 10
6.39056
 20
-4.67571
 30
0.0
 10
6.31472
 20
-4.76496
 30
0.0
 10
6.31472
 20
-4.76496
 30
0.0
 10
5.00379
 20
-6.07554
 30
0.0
 10
3.69252
 20
-7.38611
 30
0.0
 10
2.3823
 20
-8.69772
 30
0.0
 10
2.3823
 20
-8.69772
 30
0.0
 10
2.33327
 20
-8.76477
 30
0.0
 10
2.24437
 20
-8.73371
 30
0.0
 10
2.17452
 20
-8.74006
 30
0.0
 10
2.17452
 20
-8.74006
 30
0.0
 10
2.17452
 20
-8.68291
 30
0.0
 10
2.17487
 20
-8.62682
 30
0.0
 10
2.17452
 20
-8.57038
 30
0.0
 10
2.17452
 20
-8.57038
 30
0.0
 10
2.11067
 20
-8.55451
 30
0.0
 10
2.0454
 20
-8.54321
 30
0.0
 10
1.98296
 20
-8.52311
 30
0.0
 10
1.98296
 20
-8.52311
 30
0.0
 10
1.9879
 20
-8.50299
 30
0.0
 10
1.99743
 20
-8.46313
 30
0.0
 10
2.00235
 20
-8.44337
 30
0.0
 10
2.00235
 20
-8.44337
 30
0.0
 10
2.05987
 20
-8.45502
 30
0.0
 10
2.11771
 20
-8.46878
 30
0.0
 10
2.17523
 20
-8.48218
 30
0.0
 10
2.17523
 20
-8.48218
 30
0.0
 10
2.17452
 20
-8.34424
 30
0.0
 10
2.17416
 20
-8.20632
 30
0.0
 10
2.17628
 20
-8.06838
 30
0.0
 10
2.17628
 20
-8.06838
 30
0.0
 10
2.10572
 20
-8.03839
 30
0.0
 10
1.97626
 20
-8.06097
 30
0.0
 10
1.97838
 20
-7.9509
 30
0.0
 10
1.97838
 20
-7.9509
 30
0.0
 10
2.04435
 20
-7.95126
 30
0.0
 10
2.1103
 20
-7.96042
 30
0.0
 10
2.17628
 20
-7.96712
 30
0.0
 10
2.17628
 20
-7.96712
 30
0.0
 10
2.17382
 20
-7.83201
 30
0.0
 10
2.17452
 20
-7.69725
 30
0.0
 10
2.17594
 20
-7.56284
 30
0.0
 10
2.17594
 20
-7.56284
 30
0.0
 10
2.11278
 20
-7.54768
 30
0.0
 10
2.04927
 20
-7.53321
 30
0.0
 10
1.98613
 20
-7.51981
 30
0.0
 10
1.98613
 20
-7.51981
 30
0.0
 10
1.96956
 20
-7.40197
 30
0.0
 10
2.10855
 20
-7.4623
 30
0.0
 10
2.17594
 20
-7.4676
 30
0.0
 10
2.17594
 20
-7.4676
 30
0.0
 10
2.17452
 20
-7.32895
 30
0.0
 10
2.17557
 20
-7.19067
 30
0.0
 10
2.17311
 20
-7.05272
 30
0.0
 10
2.17311
 20
-7.05272
 30
0.0
 10
2.09373
 20
-7.03226
 30
0.0
 10
1.96532
 20
-7.05309
 30
0.0
 10
1.98437
 20
-6.93067
 30
0.0
 10
1.98437
 20
-6.93067
 30
0.0
 10
2.04823
 20
-6.94019
 30
0.0
 10
2.11172
 20
-6.95218
 30
0.0
 10
2.17523
 20
-6.9663
 30
0.0
 10
2.17523
 20
-6.9663
 30
0.0
 10
2.17487
 20
-6.82837
 30
0.0
 10
2.17416
 20
-6.69079
 30
0.0
 10
2.17628
 20
-6.55319
 30
0.0
 10
2.17628
 20
-6.55319
 30
0.0
 10
2.11242
 20
-6.53837
 30
0.0
 10
2.04927
 20
-6.52285
 30
0.0
 10
1.98649
 20
-6.50628
 30
0.0
 10
1.98649
 20
-6.50628
 30
0.0
 10
1.98861
 20
-6.48723
 30
0.0
 10
1.99284
 20
-6.44913
 30
0.0
 10
1.99495
 20
-6.43042
 30
0.0
 10
1.99495
 20
-6.43042
 30
0.0
 10
2.05527
 20
-6.43678
 30
0.0
 10
2.11561
 20
-6.4456
 30
0.0
 10
2.17594
 20
-6.45407
 30
0.0
 10
2.17594
 20
-6.45407
 30
0.0
 10
2.17452
 20
-6.31966
 30
0.0
 10
2.17416
 20
-6.18559
 30
0.0
 10
2.17664
 20
-6.05119
 30
0.0
 10
2.17664
 20
-6.05119
 30
0.0
 10
2.10714
 20
-6.01909
 30
0.0
 10
1.97484
 20
-6.04378
 30
0.0
 10
1.98013
 20
-5.9316
 30
0.0
 10
1.98013
 20
-5.9316
 30
0.0
 10
2.04576
 20
-5.93336
 30
0.0
 10
2.11101
 20
-5.94325
 30
0.0
 10
2.17664
 20
-5.95066
 30
0.0
 10
2.17664
 20
-5.95066
 30
0.0
 10
2.1724
 20
-5.81554
 30
0.0
 10
2.17945
 20
-5.68077
 30
0.0
 10
2.17275
 20
-5.54637
 30
0.0
 10
2.17275
 20
-5.54637
 30
0.0
 10
2.09902
 20
-5.51709
 30
0.0
 10
1.96568
 20
-5.53225
 30
0.0
 10
1.98649
 20
-5.41584
 30
0.0
 10
1.98649
 20
-5.41584
 30
0.0
 10
2.04927
 20
-5.42642
 30
0.0
 10
2.11208
 20
-5.43842
 30
0.0
 10
2.17487
 20
-5.45182
 30
0.0
 10
2.17487
 20
-5.45182
 30
0.0
 10
2.17523
 20
-5.31388
 30
0.0
 10
2.17452
 20
-5.1756
 30
0.0
 10
2.17523
 20
-5.03765
 30
0.0
 10
2.17523
 20
-5.03765
 30
0.0
 10
2.1103
 20
-5.0232
 30
0.0
 10
2.04576
 20
-5.00698
 30
0.0
 10
1.98154
 20
-4.98934
 30
0.0
 10
1.98154
 20
-4.98934
 30
0.0
 10
1.98683
 20
-4.97028
 30
0.0
 10
1.99743
 20
-4.93253
 30
0.0
 10
2.00271
 20
-4.91348
 30
0.0
 10
2.00271
 20
-4.91348
 30
0.0
 10
2.05987
 20
-4.92159
 30
0.0
 10
2.11737
 20
-4.93041
 30
0.0
 10
2.17523
 20
-4.93923
 30
0.0
 10
2.17523
 20
-4.93923
 30
0.0
 10
2.17487
 20
-4.81541
 30
0.0
 10
2.17487
 20
-4.69194
 30
0.0
 10
2.17594
 20
-4.56812
 30
0.0
 10
2.17594
 20
-4.56812
 30
0.0
 10
2.0454
 20
-4.56881
 30
0.0
 10
1.91487
 20
-4.56952
 30
0.0
 10
1.78469
 20
-4.56742
 30
0.0
 10
1.78469
 20
-4.56742
 30
0.0
 10
1.80798
 20
-4.62385
 30
0.0
 10
1.82421
 20
-4.68241
 30
0.0
 10
1.83373
 20
-4.74274
 30
0.0
 10
1.83373
 20
-4.74274
 30
0.0
 10
1.81539
 20
-4.7431
 30
0.0
 10
1.77835
 20
-4.7431
 30
0.0
 10
1.76001
 20
-4.7431
 30
0.0
 10
1.76001
 20
-4.7431
 30
0.0
 10
1.73567
 20
-4.68488
 30
0.0
 10
1.71131
 20
-4.62667
 30
0.0
 10
1.68592
 20
-4.56917
 30
0.0
 10
1.68592
 20
-4.56917
 30
0.0
 10
1.55892
 20
-4.56847
 30
0.0
 10
1.43191
 20
-4.56917
 30
0.0
 10
1.30493
 20
-4.56812
 30
0.0
 10
1.30493
 20
-4.56812
 30
0.0
 10
1.32432
 20
-4.6228
 30
0.0
 10
1.34513
 20
-4.67713
 30
0.0
 10
1.35573
 20
-4.73499
 30
0.0
 10
1.35573
 20
-4.73499
 30
0.0
 10
1.24919
 20
-4.79212
 30
0.0
 10
1.24319
 20
-4.62879
 30
0.0
 10
1.20227
 20
-4.56988
 30
0.0
 10
1.20227
 20
-4.56988
 30
0.0
 10
1.07492
 20
-4.56847
 30
0.0
 10
0.94721
 20
-4.56952
 30
0.0
 10
0.81986
 20
-4.56776
 30
0.0
 10
0.81986
 20
-4.56776
 30
0.0
 10
0.84632
 20
-4.63761
 30
0.0
 10
0.90346
 20
-4.71699
 30
0.0
 10
0.8128
 20
-4.76885
 30
0.0
 10
0.8128
 20
-4.76885
 30
0.0
 10
0.77927
 20
-4.70252
 30
0.0
 10
0.7486
 20
-4.63549
 30
0.0
 10
0.7172
 20
-4.56881
 30
0.0
 10
0.7172
 20
-4.56881
 30
0.0
 10
0.59019
 20
-4.56881
 30
0.0
 10
0.46319
 20
-4.56952
 30
0.0
 10
0.33619
 20
-4.56706
 30
0.0
 10
0.33619
 20
-4.56706
 30
0.0
 10
0.35382
 20
-4.62492
 30
0.0
 10
0.39828
 20
-4.68312
 30
0.0
 10
0.37324
 20
-4.74591
 30
0.0
 10
0.37324
 20
-4.74591
 30
0.0
 10
0.27515
 20
-4.76391
 30
0.0
 10
0.2801
 20
-4.62738
 30
0.0
 10
0.23566
 20
-4.56917
 30
0.0
 10
0.23566
 20
-4.56917
 30
0.0
 10
0.10936
 20
-4.56847
 30
0.0
 10
-0.01693
 20
-4.56881
 30
0.0
 10
-0.14286
 20
-4.56881
 30
0.0
 10
-0.14286
 20
-4.56881
 30
0.0
 10
-0.12417
 20
-4.62421
 30
0.0
 10
-0.10583
 20
-4.67995
 30
0.0
 10
-0.08854
 20
-4.73638
 30
0.0
 10
-0.08854
 20
-4.73638
 30
0.0
 10
-0.03174
 20
-4.62774
 30
0.0
 10
0.02117
 20
-4.705
 30
0.0
 10
0.07126
 20
-4.76144
 30
0.0
 10
0.07126
 20
-4.76144
 30
0.0
 10
0.04974
 20
-4.77485
 30
0.0
 10
0.00635
 20
-4.8013
 30
0.0
 10
-0.01551
 20
-4.81471
 30
0.0
 10
-0.01551
 20
-4.81471
 30
0.0
 10
-0.06561
 20
-4.77943
 30
0.0
 10
-0.109
 20
-4.7318
 30
0.0
 10
-0.17568
 20
-4.73357
 30
0.0
 10
-0.17568
 20
-4.73357
 30
0.0
 10
-0.19826
 20
-4.67854
 30
0.0
 10
-0.22153
 20
-4.62385
 30
0.0
 10
-0.24448
 20
-4.56917
 30
0.0
 10
-0.24448
 20
-4.56917
 30
0.0
 10
-0.37217
 20
-4.56847
 30
0.0
 10
-0.49988
 20
-4.56917
 30
0.0
 10
-0.62759
 20
-4.56742
 30
0.0
 10
-0.62759
 20
-4.56742
 30
0.0
 10
-0.61524
 20
-4.62738
 30
0.0
 10
-0.51929
 20
-4.75614
 30
0.0
 10
-0.64206
 20
-4.75156
 30
0.0
 10
-0.64206
 20
-4.75156
 30
0.0
 10
-0.67663
 20
-4.69299
 30
0.0
 10
-0.70202
 20
-4.62986
 30
0.0
 10
-0.7306
 20
-4.56847
 30
0.0
 10
-0.7306
 20
-4.56847
 30
0.0
 10
-0.8576
 20
-4.56917
 30
0.0
 10
-0.9846
 20
-4.56988
 30
0.0
 10
-1.11125
 20
-4.56671
 30
0.0
 10
-1.11125
 20
-4.56671
 30
0.0
 10
-1.09819
 20
-4.61644
 30
0.0
 10
-1.004
 20
-4.77414
 30
0.0
 10
-1.12994
 20
-4.74556
 30
0.0
 10
-1.12994
 20
-4.74556
 30
0.0
 10
-1.1617
 20
-4.68841
 30
0.0
 10
-1.18604
 20
-4.62774
 30
0.0
 10
-1.2132
 20
-4.56847
 30
0.0
 10
-1.2132
 20
-4.56847
 30
0.0
 10
-1.33843
 20
-4.56881
 30
0.0
 10
-1.46368
 20
-4.56917
 30
0.0
 10
-1.58891
 20
-4.56742
 30
0.0
 10
-1.58891
 20
-4.56742
 30
0.0
 10
-1.57161
 20
-4.62173
 30
0.0
 10
-1.55468
 20
-4.67606
 30
0.0
 10
-1.54199
 20
-4.7318
 30
0.0
 10
-1.54199
 20
-4.7318
 30
0.0
 10
-1.64535
 20
-4.79531
 30
0.0
 10
-1.65381
 20
-4.62738
 30
0.0
 10
-1.69438
 20
-4.57022
 30
0.0
 10
-1.69438
 20
-4.57022
 30
0.0
 10
-1.86302
 20
-4.56706
 30
0.0
 10
-2.03164
 20
-4.57022
 30
0.0
 10
-2.20062
 20
-4.56812
 30
0.0
 10
-2.20062
 20
-4.56812
 30
0.0
 10
-2.19957
 20
-4.69335
 30
0.0
 10
-2.19991
 20
-4.81858
 30
0.0
 10
-2.20027
 20
-4.94417
 30
0.0
 10
-2.20027
 20
-4.94417
 30
0.0
 10
-2.13147
 20
-4.92901
 30
0.0
 10
-2.06162
 20
-4.91808
 30
0.0
 10
-1.99107
 20
-4.92371
 30
0.0
 10
-1.99107
 20
-4.92371
 30
0.0
 10
-2.01224
 20
-5.02355
 30
0.0
 10
-2.12231
 20
-5.01685
 30
0.0
 10
-2.20027
 20
-5.03836
 30
0.0
 10
-2.20027
 20
-5.03836
 30
0.0
 10
-2.19991
 20
-5.17666
 30
0.0
 10
-2.20027
 20
-5.31459
 30
0.0
 10
-2.20027
 20
-5.45287
 30
0.0
 10
-2.20027
 20
-5.45287
 30
0.0
 10
-2.13854
 20
-5.43913
 30
0.0
 10
-2.07715
 20
-5.425
 30
0.0
 10
-2.01471
 20
-5.41513
 30
0.0
 10
-2.01471
 20
-5.41513
 30
0.0
 10
-1.98683
 20
-5.53366
 30
0.0
 10
-2.12195
 20
-5.51956
 30
0.0
 10
-2.1992
 20
-5.54036
 30
0.0
 10
-2.1992
 20
-5.54036
 30
0.0
 10
-2.20098
 20
-5.67796
 30
0.0
 10
-2.1992
 20
-5.81518
 30
0.0
 10
-2.20132
 20
-5.95277
 30
0.0
 10
-2.20132
 20
-5.95277
 30
0.0
 10
-2.14029
 20
-5.94359
 30
0.0
 10
-2.07926
 20
-5.93443
 30
0.0
 10
-2.01824
 20
-5.92737
 30
0.0
 10
-2.01824
 20
-5.92737
 30
0.0
 10
-2.01824
 20
-5.94713
 30
0.0
 10
-2.01789
 20
-5.98699
 30
0.0
 10
-2.01789
 20
-6.00709
 30
0.0
 10
-2.01789
 20
-6.00709
 30
0.0
 10
-2.07926
 20
-6.02014
 30
0.0
 10
-2.13995
 20
-6.03462
 30
0.0
 10
-2.20062
 20
-6.04838
 30
0.0
 10
-2.20062
 20
-6.04838
 30
0.0
 10
-2.19991
 20
-6.18489
 30
0.0
 10
-2.19991
 20
-6.32142
 30
0.0
 10
-2.20027
 20
-6.45795
 30
0.0
 10
-2.20027
 20
-6.45795
 30
0.0
 10
-2.141
 20
-6.45089
 30
0.0
 10
-1.97979
 20
-6.38632
 30
0.0
 10
-2.01682
 20
-6.50592
 30
0.0
 10
-2.01682
 20
-6.50592
 30
0.0
 10
-2.07644
 20
-6.52709
 30
0.0
 10
-2.13888
 20
-6.53979
 30
0.0
 10
-2.20027
 20
-6.55355
 30
0.0
 10
-2.20027
 20
-6.55355
 30
0.0
 10
-2.19957
 20
-6.69113
 30
0.0
 10
-2.19991
 20
-6.82907
 30
0.0
 10
-2.20027
 20
-6.96701
 30
0.0
 10
-2.20027
 20
-6.96701
 30
0.0
 10
-2.14312
 20
-6.97194
 30
0.0
 10
-2.0186
 20
-6.88128
 30
0.0
 10
-2.01224
 20
-6.98112
 30
0.0
 10
-2.01224
 20
-6.98112
 30
0.0
 10
-2.03446
 20
-7.05872
 30
0.0
 10
-2.14207
 20
-7.02875
 30
0.0
 10
-2.19991
 20
-7.05343
 30
0.0
 10
-2.19991
 20
-7.05343
 30
0.0
 10
-2.20027
 20
-7.19101
 30
0.0
 10
-2.19886
 20
-7.32861
 30
0.0
 10
-2.20132
 20
-7.46619
 30
0.0
 10
-2.20132
 20
-7.46619
 30
0.0
 10
-2.13676
 20
-7.47148
 30
0.0
 10
-1.97979
 20
-7.39315
 30
0.0
 10
-2.01753
 20
-7.51521
 30
0.0
 10
-2.01753
 20
-7.51521
 30
0.0
 10
-2.07715
 20
-7.53745
 30
0.0
 10
-2.13995
 20
-7.54909
 30
0.0
 10
-2.20098
 20
-7.56532
 30
0.0
 10
-2.20098
 20
-7.56532
 30
0.0
 10
-2.19957
 20
-7.69972
 30
0.0
 10
-2.19991
 20
-7.83449
 30
0.0
 10
-2.20062
 20
-7.96924
 30
0.0
 10
-2.20062
 20
-7.96924
 30
0.0
 10
-2.13818
 20
-7.96008
 30
0.0
 10
-2.0761
 20
-7.9516
 30
0.0
 10
-2.01329
 20
-7.94561
 30
0.0
 10
-2.01329
 20
-7.94561
 30
0.0
 10
-1.98508
 20
-8.05992
 30
0.0
 10
-2.13113
 20
-8.04121
 30
0.0
 10
-2.20098
 20
-8.06874
 30
0.0
 10
-2.20098
 20
-8.06874
 30
0.0
 10
-2.19957
 20
-8.20561
 30
0.0
 10
-2.19957
 20
-8.34214
 30
0.0
 10
-2.20132
 20
-8.47901
 30
0.0
 10
-2.20132
 20
-8.47901
 30
0.0
 10
-2.13254
 20
-8.46596
 30
0.0
 10
-2.06375
 20
-8.45185
 30
0.0
 10
-1.99319
 20
-8.4529
 30
0.0
 10
-1.99319
 20
-8.4529
 30
0.0
 10
-2.008
 20
-8.56085
 30
0.0
 10
-2.11878
 20
-8.55203
 30
0.0
 10
-2.19957
 20
-8.56933
 30
0.0
 10
-2.19957
 20
-8.56933
 30
0.0
 10
-2.19957
 20
-8.62612
 30
0.0
 10
-2.19957
 20
-8.68291
 30
0.0
 10
-2.19957
 20
-8.74041
 30
0.0
 10
-2.19957
 20
-8.74041
 30
0.0
 10
-2.23378
 20
-8.73972
 30
0.0
 10
-2.30258
 20
-8.73831
 30
0.0
 10
-2.33715
 20
-8.7376
 30
0.0
 10
-2.33715
 20
-8.7376
 30
0.0
 10
-2.3368
 20
-8.68398
 30
0.0
 10
-2.33644
 20
-8.6307
 30
0.0
 10
-2.3361
 20
-8.57778
 30
0.0
 10
-2.3361
 20
-8.57778
 30
0.0
 10
-2.38831
 20
-8.62824
 30
0.0
 10
-2.43699
 20
-8.68291
 30
0.0
 10
-2.49237
 20
-8.72983
 30
0.0
 10
-2.49237
 20
-8.72983
 30
0.0
 10
-2.57739
 20
-8.74923
 30
0.0
 10
-2.66629
 20
-8.73653
 30
0.0
 10
-2.75271
 20
-8.73936
 30
0.0
 10
-2.75271
 20
-8.73936
 30
0.0
 10
-2.61549
 20
-8.5993
 30
0.0
 10
-2.46698
 20
-8.46912
 30
0.0
 10
-2.33961
 20
-8.32026
 30
0.0
 10
-2.33961
 20
-8.32026
 30
0.0
 10
-2.33186
 20
-8.24194
 30
0.0
 10
-2.3361
 20
-8.16327
 30
0.0
 10
-2.33574
 20
-8.08496
 30
0.0
 10
-2.33574
 20
-8.08496
 30
0.0
 10
-2.37489
 20
-8.08813
 30
0.0
 10
-2.41406
 20
-8.09166
 30
0.0
 10
-2.45321
 20
-8.09554
 30
0.0
 10
-2.45321
 20
-8.09554
 30
0.0
 10
-2.66522
 20
-8.30721
 30
0.0
 10
-2.87443
 20
-8.52275
 30
0.0
 10
-3.09033
 20
-8.73019
 30
0.0
 10
-3.09033
 20
-8.73019
 30
0.0
 10
-3.17465
 20
-8.74923
 30
0.0
 10
-3.26319
 20
-8.73619
 30
0.0
 10
-3.34926
 20
-8.74006
 30
0.0
 10
-3.34926
 20
-8.74006
 30
0.0
 10
-3.00918
 20
-8.40493
 30
0.0
 10
-2.67299
 20
-8.06555
 30
0.0
 10
-2.33539
 20
-7.72759
 30
0.0
 10
-2.33539
 20
-7.72759
 30
0.0
 10
-2.3361
 20
-7.67715
 30
0.0
 10
-2.3368
 20
-7.62706
 30
0.0
 10
-2.33785
 20
-7.57695
 30
0.0
 10
-2.33785
 20
-7.57695
 30
0.0
 10
-2.40171
 20
-7.58296
 30
0.0
 10
-2.46591
 20
-7.58367
 30
0.0
 10
-2.52942
 20
-7.57624
 30
0.0
 10
-2.52942
 20
-7.57624
 30
0.0
 10
-2.91747
 20
-7.9629
 30
0.0
 10
-3.30482
 20
-8.35025
 30
0.0
 10
-3.69147
 20
-8.73831
 30
0.0
 10
-3.69147
 20
-8.73831
 30
0.0
 10
-3.77647
 20
-8.73936
 30
0.0
 10
-3.8615
 20
-8.73972
 30
0.0
 10
-3.94652
 20
-8.74006
 30
0.0
 10
-3.94652
 20
-8.74006
 30
0.0
 10
-3.44628
 20
-8.24547
 30
0.0
 10
-2.95168
 20
-7.74488
 30
0.0
 10
-2.45215
 20
-7.24923
 30
0.0
 10
-2.45215
 20
-7.24923
 30
0.0
 10
-2.39959
 20
-7.19912
 30
0.0
 10
-2.34914
 20
-7.14516
 30
0.0
 10
-2.31598
 20
-7.07989
 30
0.0
 10
-2.31598
 20
-7.07989
 30
0.0
 10
-2.39041
 20
-7.05979
 30
0.0
 10
-2.534
 20
-7.13351
 30
0.0
 10
-2.53717
 20
-7.00722
 30
0.0
 10
-2.53717
 20
-7.00722
 30
0.0
 10
-2.47085
 20
-6.9984
 30
0.0
 10
-2.40417
 20
-6.99347
 30
0.0
 10
-2.33749
 20
-6.98887
 30
0.0
 10
-2.33749
 20
-6.98887
 30
0.0
 10
-2.33644
 20
-6.92009
 30
0.0
 10
-2.33574
 20
-6.85095
 30
0.0
 10
-2.33503
 20
-6.78215
 30
0.0
 10
-2.33503
 20
-6.78215
 30
0.0
 10
-2.98484
 20
-7.43584
 30
0.0
 10
-3.63819
 20
-8.08531
 30
0.0
 10
-4.28837
 20
-8.73831
 30
0.0
 10
-4.28837
 20
-8.73831
 30
0.0
 10
-4.37339
 20
-8.73901
 30
0.0
 10
-4.45876
 20
-8.73972
 30
0.0
 10
-4.54377
 20
-8.74077
 30
0.0
 10
-4.54377
 20
-8.74077
 30
0.0
 10
-3.81881
 20
-8.0204
 30
0.0
 10
-3.09986
 20
-7.29333
 30
0.0
 10
-2.37277
 20
-6.57506
 30
0.0
 10
-2.37277
 20
-6.57506
 30
0.0
 10
-2.4204
 20
-6.57577
 30
0.0
 10
-2.46768
 20
-6.57684
 30
0.0
 10
-2.51459
 20
-6.57789
 30
0.0
 10
-2.51459
 20
-6.57789
 30
0.0
 10
-2.51882
 20
-6.55954
 30
0.0
 10
-2.52764
 20
-6.52322
 30
0.0
 10
-2.53188
 20
-6.50487
 30
0.0
 10
-2.53188
 20
-6.50487
 30
0.0
 10
-2.46661
 20
-6.49286
 30
0.0
 10
-2.40064
 20
-6.48475
 30
0.0
 10
-2.33469
 20
-6.47593
 30
0.0
 10
-2.33469
 20
-6.47593
 30
0.0
 10
-2.3361
 20
-6.37892
 30
0.0
 10
-2.3361
 20
-6.28156
 30
0.0
 10
-2.3368
 20
-6.18455
 30
0.0
 10
-2.3368
 20
-6.18455
 30
0.0
 10
-3.1824
 20
-7.03967
 30
0.0
 10
-4.03789
 20
-7.88492
 30
0.0
 10
-4.88492
 20
-8.73831
 30
0.0
 10
-4.88492
 20
-8.73831
 30
0.0
 10
-4.97063
 20
-8.73901
 30
0.0
 10
-5.056
 20
-8.73936
 30
0.0
 10
-5.14139
 20
-8.73972
 30
0.0
 10
-5.14139
 20
-8.73972
 30
0.0
 10
-4.25272
 20
-7.8627
 30
0.0
 10
-3.37889
 20
-6.97052
 30
0.0
 10
-2.48813
 20
-6.09564
 30
0.0
 10
-2.48813
 20
-6.09564
 30
0.0
 10
-2.49943
 20
-6.06989
 30
0.0
 10
-2.52236
 20
-6.01802
 30
0.0
 10
-2.534
 20
-5.99227
 30
0.0
 10
-2.534
 20
-5.99227
 30
0.0
 10
-2.4712
 20
-5.98523
 30
0.0
 10
-2.40841
 20
-5.97992
 30
0.0
 10
-2.34562
 20
-5.97288
 30
0.0
 10
-2.34562
 20
-5.97288
 30
0.0
 10
-2.33045
 20
-5.84482
 30
0.0
 10
-2.3361
 20
-5.7157
 30
0.0
 10
-2.33715
 20
-5.58729
 30
0.0
 10
-2.33715
 20
-5.58729
 30
0.0
 10
-3.38067
 20
-6.64245
 30
0.0
 10
-4.43652
 20
-7.68561
 30
0.0
 10
-5.48216
 20
-8.73865
 30
0.0
 10
-5.48216
 20
-8.73865
 30
0.0
 10
-5.56612
 20
-8.73936
 30
0.0
 10
-5.65009
 20
-8.73936
 30
0.0
 10
-5.73369
 20
-8.73972
 30
0.0
 10
-5.73369
 20
-8.73972
 30
0.0
 10
-4.76919
 20
-7.77239
 30
0.0
 10
-3.80188
 20
-6.8079
 30
0.0
 10
-2.83632
 20
-5.84164
 30
0.0
 10
-2.83632
 20
-5.84164
 30
0.0
 10
-2.72555
 20
-5.7284
 30
0.0
 10
-2.60772
 20
-5.62186
 30
0.0
 10
-2.50647
 20
-5.4998
 30
0.0
 10
-2.50647
 20
-5.4998
 30
0.0
 10
-2.43628
 20
-5.43031
 30
0.0
 10
-2.31386
 20
-5.3742
 30
0.0
 10
-2.33503
 20
-5.25709
 30
0.0
 10
-2.33503
 20
-5.25709
 30
0.0
 10
-2.33362
 20
-5.18337
 30
0.0
 10
-2.33749
 20
-5.10928
 30
0.0
 10
-2.3428
 20
-5.03624
 30
0.0
 10
-2.3428
 20
-5.03624
 30
0.0
 10
-2.38619
 20
-5.0613
 30
0.0
 10
-2.42639
 20
-5.09057
 30
0.0
 10
-2.46345
 20
-5.12375
 30
0.0
 10
-2.46345
 20
-5.12375
 30
0.0
 10
-3.6015
 20
-6.26285
 30
0.0
 10
-4.74098
 20
-7.40056
 30
0.0
 10
-5.8794
 20
-8.53934
 30
0.0
 10
-5.8794
 20
-8.53934
 30
0.0
 10
-5.94642
 20
-8.6046
 30
0.0
 10
-6.00779
 20
-8.67587
 30
0.0
 10
-6.08083
 20
-8.73441
 30
0.0
 10
-6.08083
 20
-8.73441
 30
0.0
 10
-6.16479
 20
-8.74501
 30
0.0
 10
-6.24981
 20
-8.73831
 30
0.0
 10
-6.33448
 20
-8.73865
 30
0.0
 10
-6.33448
 20
-8.73865
 30
0.0
 10
-5.0119
 20
-7.42385
 30
0.0
 10
-3.69639
 20
-6.10234
 30
0.0
 10
-2.37666
 20
-4.78508
 30
0.0
 10
-2.37666
 20
-4.78508
 30
0.0
 10
-2.31104
 20
-4.73357
 30
0.0
 10
-2.3435
 20
-4.64043
 30
0.0
 10
-2.33257
 20
-4.56847
 30
0.0
 10
-2.33257
 20
-4.56847
 30
0.0
 10
-2.39077
 20
-4.56847
 30
0.0
 10
-2.44897
 20
-4.56881
 30
0.0
 10
-2.50684
 20
-4.56917
 30
0.0
 10
-2.50684
 20
-4.56917
 30
0.0
 10
-3.79341
 20
-5.86105
 30
0.0
 10
-5.08565
 20
-7.14728
 30
0.0
 10
-6.37222
 20
-8.43915
 30
0.0
 10
-6.37222
 20
-8.43915
 30
0.0
 10
-6.35881
 20
-8.34036
 30
0.0
 10
-6.41244
 20
-8.2116
 30
0.0
 10
-6.32636
 20
-8.13717
 30
0.0
 10
-6.32636
 20
-8.13717
 30
0.0
 10
-5.13362
 20
-6.94901
 30
0.0
 10
-3.94794
 20
-5.75415
 30
0.0
 10
-2.75307
 20
-4.56812
 30
0.0
 10
-2.75307
 20
-4.56812
 30
0.0
 10
-2.78906
 20
-4.56812
 30
0.0
 10
-2.82504
 20
-4.56812
 30
0.0
 10
-2.86103
 20
-4.56847
 30
0.0
 10
-2.86103
 20
-4.56847
 30
0.0
 10
-2.91146
 20
-4.63549
 30
0.0
 10
-2.96262
 20
-4.70358
 30
0.0
 10
-3.03035
 20
-4.75473
 30
0.0
 10
-3.03035
 20
-4.75473
 30
0.0
 10
-3.1443
 20
-4.71204
 30
0.0
 10
-3.00567
 20
-4.62138
 30
0.0
 10
-2.9711
 20
-4.56742
 30
0.0
 10
-2.9711
 20
-4.56742
 30
0.0
 10
-3.01483
 20
-4.56776
 30
0.0
 10
-3.05893
 20
-4.56847
 30
0.0
 10
-3.10268
 20
-4.56917
 30
0.0
 10
-3.10268
 20
-4.56917
 30
0.0
 10
-4.18994
 20
-5.66278
 30
0.0
 10
-5.28284
 20
-6.7504
 30
0.0
 10
-6.37292
 20
-7.84119
 30
0.0
 10
-6.37292
 20
-7.84119
 30
0.0
 10
-6.37329
 20
-7.75582
 30
0.0
 10
-6.37329
 20
-7.67079
 30
0.0
 10
-6.37222
 20
-7.58542
 30
0.0
 10
-6.37222
 20
-7.58542
 30
0.0
 10
-5.42712
 20
-6.6481
 30
0.0
 10
-4.4898
 20
-5.70264
 30
0.0
 10
-3.54612
 20
-4.76355
 30
0.0
 10
-3.54612
 20
-4.76355
 30
0.0
 10
-3.57575
 20
-4.67959
 30
0.0
 10
-3.50166
 20
-4.62562
 30
0.0
 10
-3.45581
 20
-4.56847
 30
0.0
 10
-3.45581
 20
-4.56847
 30
0.0
 10
-3.53659
 20
-4.56847
 30
0.0
 10
-3.61702
 20
-4.56917
 30
0.0
 10
-3.6978
 20
-4.56988
 30
0.0
 10
-3.6978
 20
-4.56988
 30
0.0
 10
-4.58681
 20
-5.46522
 30
0.0
 10
-5.48464
 20
-6.35175
 30
0.0
 10
-6.37187
 20
-7.24923
 30
0.0
 10
-6.37187
 20
-7.24923
 30
0.0
 10
-6.35916
 20
-7.14762
 30
0.0
 10
-6.41385
 20
-7.01604
 30
0.0
 10
-6.32319
 20
-6.9416
 30
0.0
 10
-6.32319
 20
-6.9416
 30
0.0
 10
-5.52908
 20
-6.15244
 30
0.0
 10
-4.74239
 20
-5.35552
 30
0.0
 10
-3.94545
 20
-4.56917
 30
0.0
 10
-3.94545
 20
-4.56917
 30
0.0
 10
-4.06152
 20
-4.56847
 30
0.0
 10
-4.17724
 20
-4.56881
 30
0.0
 10
-4.29294
 20
-4.56812
 30
0.0
 10
-4.29294
 20
-4.56812
 30
0.0
 10
-4.98369
 20
-5.2645
 30
0.0
 10
-5.68254
 20
-5.95347
 30
0.0
 10
-6.37222
 20
-6.65091
 30
0.0
 10
-6.37222
 20
-6.65091
 30
0.0
 10
-6.35811
 20
-6.55002
 30
0.0
 10
-6.41456
 20
-6.41667
 30
0.0
 10
-6.32071
 20
-6.344
 30
0.0
 10
-6.32071
 20
-6.344
 30
0.0
 10
-5.72628
 20
-5.7538
 30
0.0
 10
-5.1382
 20
-5.15691
 30
0.0
 10
-4.5413
 20
-4.56952
 30
0.0
 10
-4.5413
 20
-4.56952
 30
0.0
 10
-4.62562
 20
-4.56847
 30
0.0
 10
-4.70992
 20
-4.56881
 30
0.0
 10
-4.79424
 20
-4.56952
 30
0.0
 10
-4.79424
 20
-4.56952
 30
0.0
 10
-4.85457
 20
-4.62738
 30
0.0
 10
-4.93148
 20
-4.81858
 30
0.0
 10
-5.02143
 20
-4.70041
 30
0.0
 10
-5.02143
 20
-4.70041
 30
0.0
 10
-5.47088
 20
-5.15338
 30
0.0
 10
-5.92561
 20
-5.60069
 30
0.0
 10
-6.37292
 20
-6.05542
 30
0.0
 10
-6.37292
 20
-6.05542
 30
0.0
 10
-6.37292
 20
-5.96971
 30
0.0
 10
-6.37292
 20
-5.88432
 30
0.0
 10
-6.37222
 20
-5.79895
 30
0.0
 10
-6.37222
 20
-5.79895
 30
0.0
 10
-5.95877
 20
-5.3915
 30
0.0
 10
-5.55237
 20
-4.97699
 30
0.0
 10
-5.13961
 20
-4.56917
 30
0.0
 10
-5.13961
 20
-4.56917
 30
0.0
 10
-5.18512
 20
-4.56847
 30
0.0
 10
-5.23063
 20
-4.56776
 30
0.0
 10
-5.27578
 20
-4.56776
 30
0.0
 10
-5.27578
 20
-4.56776
 30
0.0
 10
-5.33929
 20
-4.63868
 30
0.0
 10
-5.38339
 20
-4.75192
 30
0.0
 10
-5.49592
 20
-4.75156
 30
0.0
 10
-5.49592
 20
-4.75156
 30
0.0
 10
-5.48922
 20
-4.67535
 30
0.0
 10
-5.43207
 20
-4.62385
 30
0.0
 10
-5.38797
 20
-4.56776
 30
0.0
 10
-5.38797
 20
-4.56776
 30
0.0
 10
-5.41267
 20
-4.56776
 30
0.0
 10
-5.46206
 20
-4.56776
 30
0.0
 10
-5.48674
 20
-4.56812
 30
0.0
 10
-5.48674
 20
-4.56812
 30
0.0
 10
-5.78167
 20
-4.86516
 30
0.0
 10
-6.08012
 20
-5.15902
 30
0.0
 10
-6.37363
 20
-5.45747
 30
0.0
 10
-6.37363
 20
-5.45747
 30
0.0
 10
-6.37117
 20
-5.37209
 30
0.0
 10
-6.38033
 20
-5.28601
 30
0.0
 10
-6.36622
 20
-5.20171
 30
0.0
 10
-6.36622
 20
-5.20171
 30
0.0
 10
-6.22511
 20
-5.04966
 30
0.0
 10
-6.07413
 20
-4.90643
 30
0.0
 10
-5.92632
 20
-4.76108
 30
0.0
 10
-5.92632
 20
-4.76108
 30
0.0
 10
-5.94077
 20
-4.74486
 30
0.0
 10
-5.96971
 20
-4.71275
 30
0.0
 10
-5.98416
 20
-4.69688
 30
0.0
 10
-5.98416
 20
-4.69688
 30
0.0
 10
-5.94395
 20
-4.6542
 30
0.0
 10
-5.90408
 20
-4.61186
 30
0.0
 10
-5.86422
 20
-4.56917
 30
0.0
 10
-5.86422
 20
-4.56917
 30
0.0
 10
-5.9376
 20
-4.56847
 30
0.0
 10
-6.01062
 20
-4.56847
 30
0.0
 10
-6.08365
 20
-4.56812
 30
0.0
 10
-6.08365
 20
-4.56812
 30
0.0
 10
-6.18101
 20
-4.66478
 30
0.0
 10
-6.27732
 20
-4.76215
 30
0.0
 10
-6.37399
 20
-4.85951
 30
0.0
 10
-6.37399
 20
-4.85951
 30
0.0
 10
-6.37433
 20
-4.71735
 30
0.0
 10
-6.36975
 20
-4.57553
 30
0.0
 10
-6.37292
 20
-4.43335
 30
0.0
 10
-6.37292
 20
-4.43335
 30
0.0
 10
-6.34824
 20
-4.43406
 30
0.0
 10
-6.29954
 20
-4.43512
 30
0.0
 10
-6.2752
 20
-4.43583
 30
0.0
 10
-6.2752
 20
-4.43583
 30
0.0
 10
-6.25403
 20
-4.39067
 30
0.0
 10
-6.23429
 20
-4.34552
 30
0.0
 10
-6.20959
 20
-4.30283
 30
0.0
 10
-6.20959
 20
-4.30283
 30
0.0
 10
-6.11716
 20
-4.29577
 30
0.0
 10
-6.15667
 20
-4.38502
 30
0.0
 10
-6.16374
 20
-4.43723
 30
0.0
 10
-6.16374
 20
-4.43723
 30
0.0
 10
-6.03815
 20
-4.43335
 30
0.0
 10
-5.91255
 20
-4.43583
 30
0.0
 10
-5.7866
 20
-4.4323
 30
0.0
 10
-5.7866
 20
-4.4323
 30
0.0
 10
-5.7605
 20
-4.39596
 30
0.0
 10
-5.76757
 20
-4.31835
 30
0.0
 10
-5.71429
 20
-4.31129
 30
0.0
 10
-5.71429
 20
-4.31129
 30
0.0
 10
-5.62856
 20
-4.2813
 30
0.0
 10
-5.67513
 20
-4.39737
 30
0.0
 10
-5.68713
 20
-4.43583
 30
0.0
 10
-5.68713
 20
-4.43583
 30
0.0
 10
-5.56048
 20
-4.43371
 30
0.0
 10
-5.43418
 20
-4.43476
 30
0.0
 10
-5.30754
 20
-4.43442
 30
0.0
 10
-5.30754
 20
-4.43442
 30
0.0
 10
-5.28319
 20
-4.37727
 30
0.0
 10
-5.25709
 20
-4.26049
 30
0.0
 10
-5.17243
 20
-4.32681
 30
0.0
 10
-5.17243
 20
-4.32681
 30
0.0
 10
-5.18125
 20
-4.36386
 30
0.0
 10
-5.19499
 20
-4.39949
 30
0.0
 10
-5.20664
 20
-4.43583
 30
0.0
 10
-5.20664
 20
-4.43583
 30
0.0
 10
-5.08
 20
-4.43406
 30
0.0
 10
-4.95299
 20
-4.43406
 30
0.0
 10
-4.82599
 20
-4.43512
 30
0.0
 10
-4.82599
 20
-4.43512
 30
0.0
 10
-4.79636
 20
-4.37268
 30
0.0
 10
-4.78119
 20
-4.27743
 30
0.0
 10
-4.68841
 20
-4.31553
 30
0.0
 10
-4.68841
 20
-4.31553
 30
0.0
 10
-4.69688
 20
-4.34586
 30
0.0
 10
-4.71382
 20
-4.40619
 30
0.0
 10
-4.72227
 20
-4.43618
 30
0.0
 10
-4.72227
 20
-4.43618
 30
0.0
 10
-4.59563
 20
-4.43406
 30
0.0
 10
-4.46899
 20
-4.43442
 30
0.0
 10
-4.34233
 20
-4.43442
 30
0.0
 10
-4.34233
 20
-4.43442
 30
0.0
 10
-4.31587
 20
-4.37303
 30
0.0
 10
-4.29365
 20
-4.30459
 30
0.0
 10
-4.22134
 20
-4.28449
 30
0.0
 10
-4.22134
 20
-4.28449
 30
0.0
 10
-4.22168
 20
-4.33492
 30
0.0
 10
-4.22346
 20
-4.38538
 30
0.0
 10
-4.22697
 20
-4.43618
 30
0.0
 10
-4.22697
 20
-4.43618
 30
0.0
 10
-4.10562
 20
-4.43052
 30
0.0
 10
-3.98356
 20
-4.44253
 30
0.0
 10
-3.86291
 20
-4.42911
 30
0.0
 10
-3.86291
 20
-4.42911
 30
0.0
 10
-3.82164
 20
-4.38608
 30
0.0
 10
-3.81105
 20
-4.25662
 30
0.0
 10
-3.72638
 20
-4.32082
 30
0.0
 10
-3.72638
 20
-4.32082
 30
0.0
 10
-3.73379
 20
-4.34939
 30
0.0
 10
-3.7486
 20
-4.40655
 30
0.0
 10
-3.75603
 20
-4.43547
 30
0.0
 10
-3.75603
 20
-4.43547
 30
0.0
 10
-3.62902
 20
-4.43442
 30
0.0
 10
-3.50202
 20
-4.43442
 30
0.0
 10
-3.37467
 20
-4.43547
 30
0.0
 10
-3.37467
 20
-4.43547
 30
0.0
 10
-3.35738
 20
-4.39313
 30
0.0
 10
-3.3401
 20
-4.35115
 30
0.0
 10
-3.32317
 20
-4.30883
 30
0.0
 10
-3.32317
 20
-4.30883
 30
0.0
 10
-3.30446
 20
-4.31058
 30
0.0
 10
-3.26707
 20
-4.31375
 30
0.0
 10
-3.24838
 20
-4.31553
 30
0.0
 10
-3.24838
 20
-4.31553
 30
0.0
 10
-3.25366
 20
-4.34586
 30
0.0
 10
-3.2646
 20
-4.40619
 30
0.0
 10
-3.27025
 20
-4.43652
 30
0.0
 10
-3.27025
 20
-4.43652
 30
0.0
 10
-3.1443
 20
-4.43371
 30
0.0
 10
-3.01837
 20
-4.43512
 30
0.0
 10
-2.89243
 20
-4.43335
 30
0.0
 10
-2.89243
 20
-4.43335
 30
0.0
 10
-2.86666
 20
-4.36667
 30
0.0
 10
-2.84692
 20
-4.27743
 30
0.0
 10
-2.75519
 20
-4.3187
 30
0.0
 10
-2.75519
 20
-4.3187
 30
0.0
 10
-2.76436
 20
-4.34764
 30
0.0
 10
-2.78341
 20
-4.40584
 30
0.0
 10
-2.79293
 20
-4.43476
 30
0.0
 10
-2.79293
 20
-4.43476
 30
0.0
 10
-2.64018
 20
-4.43442
 30
0.0
 10
-2.48778
 20
-4.43512
 30
0.0
 10
-2.33503
 20
-4.43442
 30
0.0
 10
-2.33503
 20
-4.43442
 30
0.0
 10
-2.3382
 20
-4.31129
 30
0.0
 10
-2.33079
 20
-4.18818
 30
0.0
 10
-2.33961
 20
-4.06541
 30
0.0
 10
-2.33961
 20
-4.06541
 30
0.0
 10
-2.40488
 20
-4.03153
 30
0.0
 10
-2.55622
 20
-4.05977
 30
0.0
 10
-2.51741
 20
-3.93946
 30
0.0
 10
-2.51741
 20
-3.93946
 30
0.0
 10
-2.45638
 20
-3.94652
 30
0.0
 10
-2.39535
 20
-3.95676
 30
0.0
 10
-2.33469
 20
-3.9698
 30
0.0
 10
-2.33469
 20
-3.9698
 30
0.0
 10
-2.33644
 20
-3.83258
 30
0.0
 10
-2.3361
 20
-3.695
 30
0.0
 10
-2.33539
 20
-3.55776
 30
0.0
 10
-2.33539
 20
-3.55776
 30
0.0
 10
-2.39959
 20
-3.54365
 30
0.0
 10
-2.46308
 20
-3.52848
 30
0.0
 10
-2.52589
 20
-3.50943
 30
0.0
 10
-2.52589
 20
-3.50943
 30
0.0
 10
-2.52236
 20
-3.49037
 30
0.0
 10
-2.51495
 20
-3.45263
 30
0.0
 10
-2.51142
 20
-3.43358
 30
0.0
 10
-2.51142
 20
-3.43358
 30
0.0
 10
-2.45285
 20
-3.44204
 30
0.0
 10
-2.3943
 20
-3.45193
 30
0.0
 10
-2.3361
 20
-3.46357
 30
0.0
 10
-2.3361
 20
-3.46357
 30
0.0
 10
-2.33574
 20
-3.32739
 30
0.0
 10
-2.3368
 20
-3.19158
 30
0.0
 10
-2.33503
 20
-3.05576
 30
0.0
 10
-2.33503
 20
-3.05576
 30
0.0
 10
-2.40383
 20
-3.02506
 30
0.0
 10
-2.53576
 20
-3.04799
 30
0.0
 10
-2.52976
 20
-2.93652
 30
0.0
 10
-2.52976
 20
-2.93652
 30
0.0
 10
-2.4645
 20
-2.93899
 30
0.0
 10
-2.39959
 20
-2.9471
 30
0.0
 10
-2.33432
 20
-2.95521
 30
0.0
 10
-2.33432
 20
-2.95521
 30
0.0
 10
-2.3368
 20
-2.81939
 30
0.0
 10
-2.33503
 20
-2.68357
 30
0.0
 10
-2.3368
 20
-2.54776
 30
0.0
 10
-2.3368
 20
-2.54776
 30
0.0
 10
-2.40841
 20
-2.51989
 30
0.0
 10
-2.55622
 20
-2.54565
 30
0.0
 10
-2.51812
 20
-2.42429
 30
0.0
 10
-2.51812
 20
-2.42429
 30
0.0
 10
-2.45674
 20
-2.43275
 30
0.0
 10
-2.39572
 20
-2.44333
 30
0.0
 10
-2.33469
 20
-2.45568
 30
0.0
 10
-2.33469
 20
-2.45568
 30
0.0
 10
-2.3368
 20
-2.31775
 30
0.0
 10
-2.3361
 20
-2.18015
 30
0.0
 10
-2.33539
 20
-2.04257
 30
0.0
 10
-2.33539
 20
-2.04257
 30
0.0
 10
-2.4003
 20
-2.02881
 30
0.0
 10
-2.46803
 20
-2.02035
 30
0.0
 10
-2.52589
 20
-1.98613
 30
0.0
 10
-2.52589
 20
-1.98613
 30
0.0
 10
-2.54353
 20
-1.86372
 30
0.0
 10
-2.39323
 20
-1.95474
 30
0.0
 10
-2.33749
 20
-1.95333
 30
0.0
 10
-2.33749
 20
-1.95333
 30
0.0
 10
-2.33503
 20
-1.81539
 30
0.0
 10
-2.3368
 20
-1.67745
 30
0.0
 10
-2.33503
 20
-1.53987
 30
0.0
 10
-2.33503
 20
-1.53987
 30
0.0
 10
-2.39747
 20
-1.52541
 30
0.0
 10
-2.45957
 20
-1.50988
 30
0.0
 10
-2.5213
 20
-1.49401
 30
0.0
 10
-2.5213
 20
-1.49401
 30
0.0
 10
-2.52024
 20
-1.4753
 30
0.0
 10
-2.51848
 20
-1.43827
 30
0.0
 10
-2.51741
 20
-1.41958
 30
0.0
 10
-2.51741
 20
-1.41958
 30
0.0
 10
-2.45638
 20
-1.42521
 30
0.0
 10
-2.39572
 20
-1.43262
 30
0.0
 10
-2.33469
 20
-1.44039
 30
0.0
 10
-2.33469
 20
-1.44039
 30
0.0
 10
-2.33715
 20
-1.30281
 30
0.0
 10
-2.33362
 20
-1.16557
 30
0.0
 10
-2.33961
 20
-1.02834
 30
0.0
 10
-2.33961
 20
-1.02834
 30
0.0
 10
-2.41017
 20
-1.00259
 30
0.0
 10
-2.55869
 20
-1.03187
 30
0.0
 10
-2.51707
 20
-0.91052
 30
0.0
 10
-2.51707
 20
-0.91052
 30
0.0
 10
-2.45638
 20
-0.91897
 30
0.0
 10
-2.39572
 20
-0.92886
 30
0.0
 10
-2.33539
 20
-0.94085
 30
0.0
 10
-2.33539
 20
-0.94085
 30
0.0
 10
-2.3361
 20
-0.80291
 30
0.0
 10
-2.33574
 20
-0.66462
 30
0.0
 10
-2.33715
 20
-0.5267
 30
0.0
 10
-2.33715
 20
-0.5267
 30
0.0
 10
-2.41477
 20
-0.50375
 30
0.0
 10
-2.54423
 20
-0.52387
 30
0.0
 10
-2.52623
 20
-0.40357
 30
0.0
 10
-2.52623
 20
-0.40357
 30
0.0
 10
-2.46238
 20
-0.41205
 30
0.0
 10
-2.39888
 20
-0.42333
 30
0.0
 10
-2.33574
 20
-0.43744
 30
0.0
 10
-2.33574
 20
-0.43744
 30
0.0
 10
-2.3361
 20
-0.31114
 30
0.0
 10
-2.33574
 20
-0.1852
 30
0.0
 10
-2.33574
 20
-0.05891
 30
0.0
 10
-2.33574
 20
-0.05891
 30
0.0
 10
-2.48284
 20
-0.05927
 30
0.0
 10
-2.6296
 20
-0.06032
 30
0.0
 10
-2.77671
 20
-0.05749
 30
0.0
 10
-2.77671
 20
-0.05749
 30
0.0
 10
-2.77388
 20
-0.08325
 30
0.0
 10
-2.76825
 20
-0.13404
 30
0.0
 10
-2.76542
 20
-0.15945
 30
0.0
 10
-2.76542
 20
-0.15945
 30
0.0
 10
-2.78306
 20
-0.16228
 30
0.0
 10
-2.81763
 20
-0.16862
 30
0.0
 10
-2.83491
 20
-0.17144
 30
0.0
 10
-2.83491
 20
-0.17144
 30
0.0
 10
-2.8515
 20
-0.1337
 30
0.0
 10
-2.86773
 20
-0.0963
 30
0.0
 10
-2.88395
 20
-0.05891
 30
0.0
 10
-2.88395
 20
-0.05891
 30
0.0
 10
-3.00989
 20
-0.05997
 30
0.0
 10
-3.13584
 20
-0.05997
 30
0.0
 10
-3.26143
 20
-0.05785
 30
0.0
 10
-3.26143
 20
-0.05785
 30
0.0
 10
-3.25931
 20
-0.08431
 30
0.0
 10
-3.25437
 20
-0.13723
 30
0.0
 10
-3.25225
 20
-0.16369
 30
0.0
 10
-3.25225
 20
-0.16369
 30
0.0
 10
-3.26955
 20
-0.1644
 30
0.0
 10
-3.30446
 20
-0.16544
 30
0.0
 10
-3.3221
 20
-0.16615
 30
0.0
 10
-3.3221
 20
-0.16615
 30
0.0
 10
-3.33762
 20
-0.12982
 30
0.0
 10
-3.3528
 20
-0.09384
 30
0.0
 10
-3.36868
 20
-0.0582
 30
0.0
 10
-3.36868
 20
-0.0582
 30
0.0
 10
-3.49603
 20
-0.05997
 30
0.0
 10
-3.62338
 20
-0.05997
 30
0.0
 10
-3.75038
 20
-0.0582
 30
0.0
 10
-3.75038
 20
-0.0582
 30
0.0
 10
-3.74227
 20
-0.09136
 30
0.0
 10
-3.73415
 20
-0.12452
 30
0.0
 10
-3.72709
 20
-0.15804
 30
0.0
 10
-3.72709
 20
-0.15804
 30
0.0
 10
-3.80717
 20
-0.20179
 30
0.0
 10
-3.82834
 20
-0.11289
 30
0.0
 10
-3.85022
 20
-0.05997
 30
0.0
 10
-3.85022
 20
-0.05997
 30
0.0
 10
-3.97544
 20
-0.05856
 30
0.0
 10
-4.10033
 20
-0.05997
 30
0.0
 10
-4.22556
 20
-0.0582
 30
0.0
 10
-4.22556
 20
-0.0582
 30
0.0
 10
-4.22205
 20
-0.08325
 30
0.0
 10
-4.21534
 20
-0.1337
 30
0.0
 10
-4.21216
 20
-0.15909
 30
0.0
 10
-4.21216
 20
-0.15909
 30
0.0
 10
-4.23087
 20
-0.16157
 30
0.0
 10
-4.26861
 20
-0.16651
 30
0.0
 10
-4.2873
 20
-0.16898
 30
0.0
 10
-4.2873
 20
-0.16898
 30
0.0
 10
-4.30247
 20
-0.13229
 30
0.0
 10
-4.31694
 20
-0.0956
 30
0.0
 10
-4.33139
 20
-0.05891
 30
0.0
 10
-4.33139
 20
-0.05891
 30
0.0
 10
-4.45664
 20
-0.05927
 30
0.0
 10
-4.58187
 20
-0.05997
 30
0.0
 10
-4.70712
 20
-0.05785
 30
0.0
 10
-4.70712
 20
-0.05785
 30
0.0
 10
-4.70641
 20
-0.08819
 30
0.0
 10
-4.70534
 20
-0.14887
 30
0.0
 10
-4.70464
 20
-0.17921
 30
0.0
 10
-4.70464
 20
-0.17921
 30
0.0
 10
-4.77273
 20
-0.17356
 30
0.0
 10
-4.79531
 20
-0.11007
 30
0.0
 10
-4.82423
 20
-0.05891
 30
0.0
 10
-4.82423
 20
-0.05891
 30
0.0
 10
-4.94417
 20
-0.05927
 30
0.0
 10
-5.06411
 20
-0.05997
 30
0.0
 10
-5.18407
 20
-0.05856
 30
0.0
 10
-5.18407
 20
-0.05856
 30
0.0
 10
-5.18195
 20
-0.08502
 30
0.0
 10
-5.17771
 20
-0.13828
 30
0.0
 10
-5.1756
 20
-0.16474
 30
0.0
 10
-5.1756
 20
-0.16474
 30
0.0
 10
-5.25285
 20
-0.18486
 30
0.0
 10
-5.27967
 20
-0.12276
 30
0.0
 10
-5.29907
 20
-0.05961
 30
0.0
 10
-5.29907
 20
-0.05961
 30
0.0
 10
-5.42325
 20
-0.05927
 30
0.0
 10
-5.54777
 20
-0.05961
 30
0.0
 10
-5.67195
 20
-0.05785
 30
0.0
 10
-5.67195
 20
-0.05785
 30
0.0
 10
-5.66949
 20
-0.08361
 30
0.0
 10
-5.66384
 20
-0.13475
 30
0.0
 10
-5.66103
 20
-0.1605
 30
0.0
 10
-5.66103
 20
-0.1605
 30
0.0
 10
-5.67937
 20
-0.16262
 30
0.0
 10
-5.71641
 20
-0.16686
 30
0.0
 10
-5.73475
 20
-0.16898
 30
0.0
 10
-5.73475
 20
-0.16898
 30
0.0
 10
-5.75027
 20
-0.13229
 30
0.0
 10
-5.76545
 20
-0.0956
 30
0.0
 10
-5.78026
 20
-0.05891
 30
0.0
 10
-5.78026
 20
-0.05891
 30
0.0
 10
-5.90656
 20
-0.05961
 30
0.0
 10
-6.0325
 20
-0.06032
 30
0.0
 10
-6.15843
 20
-0.05785
 30
0.0
 10
-6.15843
 20
-0.05785
 30
0.0
 10
-6.15526
 20
-0.08361
 30
0.0
 10
-6.14927
 20
-0.13582
 30
0.0
 10
-6.1461
 20
-0.16157
 30
0.0
 10
-6.1461
 20
-0.16157
 30
0.0
 10
-6.16408
 20
-0.16333
 30
0.0
 10
-6.19936
 20
-0.16686
 30
0.0
 10
-6.217
 20
-0.16862
 30
0.0
 10
-6.217
 20
-0.16862
 30
0.0
 10
-6.23288
 20
-0.13158
 30
0.0
 10
-6.2491
 20
-0.09489
 30
0.0
 10
-6.26497
 20
-0.05856
 30
0.0
 10
-6.26497
 20
-0.05856
 30
0.0
 10
-6.29284
 20
-0.05856
 30
0.0
 10
-6.34858
 20
-0.05927
 30
0.0
 10
-6.37645
 20
-0.05961
 30
0.0
 10
-6.37645
 20
-0.05961
 30
0.0
 10
-6.37329
 20
-0.00916
 30
0.0
 10
-6.36975
 20
0.04127
 30
0.0
 10
-6.36481
 20
0.09136
 30
0.0
 10
-6.36481
 20
0.09136
 30
0.0
 10
-6.3701
 20
0.14746
 30
0.0
 10
-6.37329
 20
0.20355
 30
0.0
 10
-6.3747
 20
0.25964
 30
0.0
 10
-6.3747
 20
0.25964
 30
0.0
 10
-6.32459
 20
0.20143
 30
0.0
 10
-6.27768
 20
0.14076
 30
0.0
 10
-6.23359
 20
0.07796
 30
0.0
 10
-6.23359
 20
0.07796
 30
0.0
 10
-6.10975
 20
0.07479
 30
0.0
 10
-5.98628
 20
0.0762
 30
0.0
 10
-5.86281
 20
0.07372
 30
0.0
 10
-5.86281
 20
0.07372
 30
0.0
 10
-5.90373
 20
0.13441
 30
0.0
 10
-5.94959
 20
0.1912
 30
0.0
 10
-5.9884
 20
0.25293
 30
0.0
 10
-5.9884
 20
0.25293
 30
0.0
 10
-5.96759
 20
0.25788
 30
0.0
 10
-5.92632
 20
0.26775
 30
0.0
 10
-5.90549
 20
0.27235
 30
0.0
 10
-5.90549
 20
0.27235
 30
0.0
 10
-5.85045
 20
0.2092
 30
0.0
 10
-5.7972
 20
0.14464
 30
0.0
 10
-5.74815
 20
0.0762
 30
0.0
 10
-5.74815
 20
0.0762
 30
0.0
 10
-5.62292
 20
0.07584
 30
0.0
 10
-5.49804
 20
0.07654
 30
0.0
 10
-5.37279
 20
0.07479
 30
0.0
 10
-5.37279
 20
0.07479
 30
0.0
 10
-5.41972
 20
0.13723
 30
0.0
 10
-5.4871
 20
0.1912
 30
0.0
 10
-5.49697
 20
0.2741
 30
0.0
 10
-5.49697
 20
0.2741
 30
0.0
 10
-5.37457
 20
0.27905
 30
0.0
 10
-5.33082
 20
0.15134
 30
0.0
 10
-5.26308
 20
0.07479
 30
0.0
 10
-5.26308
 20
0.07479
 30
0.0
 10
-5.1382
 20
0.07654
 30
0.0
 10
-5.01332
 20
0.07584
 30
0.0
 10
-4.88809
 20
0.0762
 30
0.0
 10
-4.88809
 20
0.0762
 30
0.0
 10
-4.9343
 20
0.13299
 30
0.0
 10
-4.99145
 20
0.18308
 30
0.0
 10
-5.01755
 20
0.2533
 30
0.0
 10
-5.01755
 20
0.2533
 30
0.0
 10
-4.89902
 20
0.31009
 30
0.0
 10
-4.85245
 20
0.14464
 30
0.0
 10
-4.7833
 20
0.07725
 30
0.0
 10
-4.7833
 20
0.07725
 30
0.0
 10
-4.65454
 20
0.07513
 30
0.0
 10
-4.52508
 20
0.07196
 30
0.0
 10
-4.39632
 20
0.08325
 30
0.0
 10
-4.39632
 20
0.08325
 30
0.0
 10
-4.46051
 20
0.14639
 30
0.0
 10
-4.53777
 20
0.1912
 30
0.0
 10
-4.61115
 20
0.242
 30
0.0
 10
-4.61115
 20
0.242
 30
0.0
 10
-4.58045
 20
0.26882
 30
0.0
 10
-4.54978
 20
0.29598
 30
0.0
 10
-4.51908
 20
0.32315
 30
0.0
 10
-4.51908
 20
0.32315
 30
0.0
 10
-4.43759
 20
0.2494
 30
0.0
 10
-4.36174
 20
0.16862
 30
0.0
 10
-4.30001
 20
0.07654
 30
0.0
 10
-4.30001
 20
0.07654
 30
0.0
 10
-4.17512
 20
0.07513
 30
0.0
 10
-4.05024
 20
0.07691
 30
0.0
 10
-3.92499
 20
0.07443
 30
0.0
 10
-3.92499
 20
0.07443
 30
0.0
 10
-3.9744
 20
0.1337
 30
0.0
 10
-4.02307
 20
0.19368
 30
0.0
 10
-4.05659
 20
0.26317
 30
0.0
 10
-4.05659
 20
0.26317
 30
0.0
 10
-3.93135
 20
0.29739
 30
0.0
 10
-3.88408
 20
0.15168
 30
0.0
 10
-3.81776
 20
0.0762
 30
0.0
 10
-3.81776
 20
0.0762
 30
0.0
 10
-3.69147
 20
0.07584
 30
0.0
 10
-3.56517
 20
0.07549
 30
0.0
 10
-3.43887
 20
0.07691
 30
0.0
 10
-3.43887
 20
0.07691
 30
0.0
 10
-3.47239
 20
0.13899
 30
0.0
 10
-3.58245
 20
0.18345
 30
0.0
 10
-3.54858
 20
0.26704
 30
0.0
 10
-3.54858
 20
0.26704
 30
0.0
 10
-3.43853
 20
0.28222
 30
0.0
 10
-3.39865
 20
0.13616
 30
0.0
 10
-3.3288
 20
0.07408
 30
0.0
 10
-3.3288
 20
0.07408
 30
0.0
 10
-3.20604
 20
0.07691
 30
0.0
 10
-3.08327
 20
0.07691
 30
0.0
 10
-2.96087
 20
0.07301
 30
0.0
 10
-2.96087
 20
0.07301
 30
0.0
 10
-2.98379
 20
0.13864
 30
0.0
 10
-3.12525
 20
0.20109
 30
0.0
 10
-3.05328
 20
0.27199
 30
0.0
 10
-3.05328
 20
0.27199
 30
0.0
 10
-2.95451
 20
0.26105
 30
0.0
 10
-2.91324
 20
0.14393
 30
0.0
 10
-2.85221
 20
0.07761
 30
0.0
 10
-2.85221
 20
0.07761
 30
0.0
 10
-2.68005
 20
0.07372
 30
0.0
 10
-2.50789
 20
0.07654
 30
0.0
 10
-2.33539
 20
0.07584
 30
0.0
 10
-2.33539
 20
0.07584
 30
0.0
 10
-2.33644
 20
0.19402
 30
0.0
 10
-2.33574
 20
0.31221
 30
0.0
 10
-2.33715
 20
0.43003
 30
0.0
 10
-2.33715
 20
0.43003
 30
0.0
 10
-2.41123
 20
0.41521
 30
0.0
 10
-2.54316
 20
0.38522
 30
0.0
 10
-2.52906
 20
0.50341
 30
0.0
 10
-2.52906
 20
0.50341
 30
0.0
 10
-2.46486
 20
0.50799
 30
0.0
 10
-2.40064
 20
0.51152
 30
0.0
 10
-2.3361
 20
0.51505
 30
0.0
 10
-2.3361
 20
0.51505
 30
0.0
 10
-2.33574
 20
0.65334
 30
0.0
 10
-2.3368
 20
0.79162
 30
0.0
 10
-2.33432
 20
0.92991
 30
0.0
 10
-2.33432
 20
0.92991
 30
0.0
 10
-2.39747
 20
0.92886
 30
0.0
 10
-2.46062
 20
0.92816
 30
0.0
 10
-2.52377
 20
0.92886
 30
0.0
 10
-2.52377
 20
0.92886
 30
0.0
 10
-2.52341
 20
0.94826
 30
0.0
 10
-2.52236
 20
0.98672
 30
0.0
 10
-2.52201
 20
1.00612
 30
0.0
 10
-2.52201
 20
1.00612
 30
0.0
 10
-2.46062
 20
1.0107
 30
0.0
 10
-2.39888
 20
1.01458
 30
0.0
 10
-2.33715
 20
1.01811
 30
0.0
 10
-2.33715
 20
1.01811
 30
0.0
 10
-2.33503
 20
1.15605
 30
0.0
 10
-2.33715
 20
1.29399
 30
0.0
 10
-2.33432
 20
1.43191
 30
0.0
 10
-2.33432
 20
1.43191
 30
0.0
 10
-2.39854
 20
1.44885
 30
0.0
 10
-2.56117
 20
1.37936
 30
0.0
 10
-2.52552
 20
1.50213
 30
0.0
 10
-2.52552
 20
1.50213
 30
0.0
 10
-2.46308
 20
1.51835
 30
0.0
 10
-2.39888
 20
1.52541
 30
0.0
 10
-2.33469
 20
1.53175
 30
0.0
 10
-2.33469
 20
1.53175
 30
0.0
 10
-2.3368
 20
1.66687
 30
0.0
 10
-2.33644
 20
1.80162
 30
0.0
 10
-2.33539
 20
1.9364
 30
0.0
 10
-2.33539
 20
1.9364
 30
0.0
 10
-2.39642
 20
1.93392
 30
0.0
 10
-2.45709
 20
1.9318
 30
0.0
 10
-2.51812
 20
1.93004
 30
0.0
 10
-2.51812
 20
1.93004
 30
0.0
 10
-2.52095
 20
1.96003
 30
0.0
 10
-2.52236
 20
1.99002
 30
0.0
 10
-2.52165
 20
2.01965
 30
0.0
 10
-2.52165
 20
2.01965
 30
0.0
 10
-2.45957
 20
2.02352
 30
0.0
 10
-2.39713
 20
2.02671
 30
0.0
 10
-2.33503
 20
2.02988
 30
0.0
 10
-2.33503
 20
2.02988
 30
0.0
 10
-2.33644
 20
2.16853
 30
0.0
 10
-2.33715
 20
2.30716
 30
0.0
 10
-2.33469
 20
2.44581
 30
0.0
 10
-2.33469
 20
2.44581
 30
0.0
 10
-2.39713
 20
2.44369
 30
0.0
 10
-2.45957
 20
2.44193
 30
0.0
 10
-2.52165
 20
2.44193
 30
0.0
 10
-2.52165
 20
2.44193
 30
0.0
 10
-2.52236
 20
2.46167
 30
0.0
 10
-2.52341
 20
2.50119
 30
0.0
 10
-2.52377
 20
2.52095
 30
0.0
 10
-2.52377
 20
2.52095
 30
0.0
 10
-2.46133
 20
2.52552
 30
0.0
 10
-2.39888
 20
2.52942
 30
0.0
 10
-2.3361
 20
2.53293
 30
0.0
 10
-2.3361
 20
2.53293
 30
0.0
 10
-2.33539
 20
2.67088
 30
0.0
 10
-2.33715
 20
2.80916
 30
0.0
 10
-2.33432
 20
2.9471
 30
0.0
 10
-2.33432
 20
2.9471
 30
0.0
 10
-2.40205
 20
2.94604
 30
0.0
 10
-2.46979
 20
2.9464
 30
0.0
 10
-2.53753
 20
2.95027
 30
0.0
 10
-2.53753
 20
2.95027
 30
0.0
 10
-2.53683
 20
3.06387
 30
0.0
 10
-2.40665
 20
3.02401
 30
0.0
 10
-2.33469
 20
3.04623
 30
0.0
 10
-2.33469
 20
3.04623
 30
0.0
 10
-2.33644
 20
3.18135
 30
0.0
 10
-2.33644
 20
3.31645
 30
0.0
 10
-2.33503
 20
3.45122
 30
0.0
 10
-2.33503
 20
3.45122
 30
0.0
 10
-2.39676
 20
3.4491
 30
0.0
 10
-2.45886
 20
3.44735
 30
0.0
 10
-2.5206
 20
3.44628
 30
0.0
 10
-2.5206
 20
3.44628
 30
0.0
 10
-2.52095
 20
3.47591
 30
0.0
 10
-2.52095
 20
3.50555
 30
0.0
 10
-2.5206
 20
3.53518
 30
0.0
 10
-2.5206
 20
3.53518
 30
0.0
 10
-2.45886
 20
3.53835
 30
0.0
 10
-2.39713
 20
3.54117
 30
0.0
 10
-2.33539
 20
3.54436
 30
0.0
 10
-2.33539
 20
3.54436
 30
0.0
 10
-2.3361
 20
3.68299
 30
0.0
 10
-2.33644
 20
3.82128
 30
0.0
 10
-2.33503
 20
3.95958
 30
0.0
 10
-2.33503
 20
3.95958
 30
0.0
 10
-2.39854
 20
3.95851
 30
0.0
 10
-2.46167
 20
3.95746
 30
0.0
 10
-2.52448
 20
3.95851
 30
0.0
 10
-2.52448
 20
3.95851
 30
0.0
 10
-2.52341
 20
3.97827
 30
0.0
 10
-2.5213
 20
4.01778
 30
0.0
 10
-2.52024
 20
4.03754
 30
0.0
 10
-2.52024
 20
4.03754
 30
0.0
 10
-2.45921
 20
4.04142
 30
0.0
 10
-2.39818
 20
4.04459
 30
0.0
 10
-2.33715
 20
4.04777
 30
0.0
 10
-2.33715
 20
4.04777
 30
0.0
 10
-2.33644
 20
4.18253
 30
0.0
 10
-2.33503
 20
4.31694
 30
0.0
 10
-2.33749
 20
4.45169
 30
0.0
 10
-2.33749
 20
4.45169
 30
0.0
 10
-2.516
 20
4.45065
 30
0.0
 10
-2.69487
 20
4.44923
 30
0.0
 10
-2.87338
 20
4.45276
 30
0.0
 10
-2.87338
 20
4.45276
 30
0.0
 10
-2.93899
 20
4.39278
 30
0.0
 10
-2.9852
 20
4.27813
 30
0.0
 10
-3.09316
 20
4.31411
 30
0.0
 10
-3.09316
 20
4.31411
 30
0.0
 10
-3.06634
 20
4.36245
 30
0.0
 10
-3.03318
 20
4.40689
 30
0.0
 10
-3.00284
 20
4.45276
 30
0.0
 10
-3.00284
 20
4.45276
 30
0.0
 10
-3.12137
 20
4.45028
 30
0.0
 10
-3.24026
 20
4.45028
 30
0.0
 10
-3.35879
 20
4.45169
 30
0.0
 10
-3.35879
 20
4.45169
 30
0.0
 10
-3.41312
 20
4.40195
 30
0.0
 10
-3.44874
 20
4.31129
 30
0.0
 10
-3.53024
 20
4.30494
 30
0.0
 10
-3.53024
 20
4.30494
 30
0.0
 10
-3.60997
 20
4.34092
 30
0.0
 10
-3.50731
 20
4.40372
 30
0.0
 10
-3.49215
 20
4.45206
 30
0.0
 10
-3.49215
 20
4.45206
 30
0.0
 10
-3.60961
 20
4.45065
 30
0.0
 10
-3.72674
 20
4.45065
 30
0.0
 10
-3.84386
 20
4.45099
 30
0.0
 10
-3.84386
 20
4.45099
 30
0.0
 10
-3.90489
 20
4.39173
 30
0.0
 10
-3.95817
 20
4.26402
 30
0.0
 10
-4.06259
 20
4.32717
 30
0.0
 10
-4.06259
 20
4.32717
 30
0.0
 10
-4.02907
 20
4.36915
 30
0.0
 10
-3.99486
 20
4.41077
 30
0.0
 10
-3.96027
 20
4.45206
 30
0.0
 10
-3.96027
 20
4.45206
 30
0.0
 10
-4.07987
 20
4.44853
 30
0.0
 10
-4.19981
 20
4.45664
 30
0.0
 10
-4.31906
 20
4.44746
 30
0.0
 10
-4.31906
 20
4.44746
 30
0.0
 10
-4.37232
 20
4.41325
 30
0.0
 10
-4.40689
 20
4.35751
 30
0.0
 10
-4.44675
 20
4.30988
 30
0.0
 10
-4.44675
 20
4.30988
 30
0.0
 10
-4.46334
 20
4.26578
 30
0.0
 10
-4.48734
 20
4.22556
 30
0.0
 10
-4.51908
 20
4.19099
 30
0.0
 10
-4.51908
 20
4.19099
 30
0.0
 10
-4.53884
 20
4.2104
 30
0.0
 10
-4.57834
 20
4.24956
 30
0.0
 10
-4.59809
 20
4.26931
 30
0.0
 10
-4.59809
 20
4.26931
 30
0.0
 10
-4.54625
 20
4.32929
 30
0.0
 10
-4.4965
 20
4.39067
 30
0.0
 10
-4.44641
 20
4.45169
 30
0.0
 10
-4.44641
 20
4.45169
 30
0.0
 10
-4.566
 20
4.45065
 30
0.0
 10
-4.68558
 20
4.45065
 30
0.0
 10
-4.80518
 20
4.45169
 30
0.0
 10
-4.80518
 20
4.45169
 30
0.0
 10
-4.86657
 20
4.39914
 30
0.0
 10
-4.91067
 20
4.27955
 30
0.0
 10
-5.00803
 20
4.31411
 30
0.0
 10
-5.00803
 20
4.31411
 30
0.0
 10
-5.00238
 20
4.36703
 30
0.0
 10
-4.9671
 20
4.40831
 30
0.0
 10
-4.94135
 20
4.45276
 30
0.0
 10
-4.94135
 20
4.45276
 30
0.0
 10
-5.05812
 20
4.45028
 30
0.0
 10
-5.17489
 20
4.45065
 30
0.0
 10
-5.29166
 20
4.45135
 30
0.0
 10
-5.29166
 20
4.45135
 30
0.0
 10
-5.3541
 20
4.39454
 30
0.0
 10
-5.40773
 20
4.2612
 30
0.0
 10
-5.51039
 20
4.32859
 30
0.0
 10
-5.51039
 20
4.32859
 30
0.0
 10
-5.47687
 20
4.3702
 30
0.0
 10
-5.44264
 20
4.41147
 30
0.0
 10
-5.40807
 20
4.4524
 30
0.0
 10
-5.40807
 20
4.4524
 30
0.0
 10
-5.52732
 20
4.44853
 30
0.0
 10
-5.64656
 20
4.45593
 30
0.0
 10
-5.76545
 20
4.44782
 30
0.0
 10
-5.76545
 20
4.44782
 30
0.0
 10
-5.842
 20
4.40584
 30
0.0
 10
-5.88751
 20
4.25732
 30
0.0
 10
-5.99052
 20
4.33458
 30
0.0
 10
-5.99052
 20
4.33458
 30
0.0
 10
-5.95841
 20
4.37409
 30
0.0
 10
-5.92596
 20
4.41325
 30
0.0
 10
-5.8935
 20
4.45206
 30
0.0
 10
-5.8935
 20
4.45206
 30
0.0
 10
-6.01451
 20
4.45065
 30
0.0
 10
-6.1355
 20
4.45028
 30
0.0
 10
-6.25686
 20
4.45206
 30
0.0
 10
-6.25686
 20
4.45206
 30
0.0
 10
-6.29532
 20
4.40655
 30
0.0
 10
-6.33341
 20
4.36068
 30
0.0
 10
-6.37187
 20
4.31482
 30
0.0
 10
-6.37187
 20
4.31482
 30
0.0
 10
-6.37258
 20
4.39844
 30
0.0
 10
-6.37292
 20
4.48239
 30
0.0
 10
-6.37504
 20
4.566
 30
0.0
 10
-6.37504
 20
4.566
 30
0.0
 10
-6.26991
 20
4.56635
 30
0.0
 10
-6.25264
 20
4.67184
 30
0.0
 10
-6.20994
 20
4.74415
 30
0.0
 10
-6.20994
 20
4.74415
 30
0.0
 10
-6.08999
 20
4.76179
 30
0.0
 10
-6.17431
 20
4.6362
 30
0.0
 10
-6.18455
 20
4.57624
 30
0.0
 10
-6.18455
 20
4.57624
 30
0.0
 10
-6.12951
 20
4.57729
 30
0.0
 10
-6.07484
 20
4.57834
 30
0.0
 10
-6.0198
 20
4.5787
 30
0.0
 10
-6.0198
 20
4.5787
 30
0.0
 10
-6.01944
 20
4.80764
 30
0.0
 10
-6.02085
 20
5.03624
 30
0.0
 10
-6.01873
 20
5.26486
 30
0.0
 10
-6.01873
 20
5.26486
 30
0.0
 10
-5.77037
 20
5.2645
 30
0.0
 10
-5.52167
 20
5.26486
 30
0.0
 10
-5.27297
 20
5.2645
 30
0.0
 10
-5.27297
 20
5.2645
 30
0.0
 10
-5.27332
 20
5.08847
 30
0.0
 10
-5.27049
 20
4.91208
 30
0.0
 10
-5.27578
 20
4.73569
 30
0.0
 10
-5.27578
 20
4.73569
 30
0.0
 10
-5.24968
 20
4.73638
 30
0.0
 10
-5.19747
 20
4.73816
 30
0.0
 10
-5.17172
 20
4.73886
 30
0.0
 10
-5.17172
 20
4.73886
 30
0.0
 10
-5.18617
 20
4.68488
 30
0.0
 10
-5.20135
 20
4.63125
 30
0.0
 10
-5.21616
 20
4.57729
 30
0.0
 10
-5.21616
 20
4.57729
 30
0.0
 10
-5.09269
 20
4.57904
 30
0.0
 10
-4.96887
 20
4.5787
 30
0.0
 10
-4.8454
 20
4.57729
 30
0.0
 10
-4.8454
 20
4.57729
 30
0.0
 10
-4.81682
 20
4.63125
 30
0.0
 10
-4.79283
 20
4.68736
 30
0.0
 10
-4.76673
 20
4.74274
 30
0.0
 10
-4.76673
 20
4.74274
 30
0.0
 10
-4.74944
 20
4.74239
 30
0.0
 10
-4.71452
 20
4.74169
 30
0.0
 10
-4.69723
 20
4.74169
 30
0.0
 10
-4.69723
 20
4.74169
 30
0.0
 10
-4.705
 20
4.68665
 30
0.0
 10
-4.71523
 20
4.63196
 30
0.0
 10
-4.7251
 20
4.57729
 30
0.0
 10
-4.7251
 20
4.57729
 30
0.0
 10
-4.65771
 20
4.57799
 30
0.0
 10
-4.59034
 20
4.57834
 30
0.0
 10
-4.52296
 20
4.57799
 30
0.0
 10
-4.52296
 20
4.57799
 30
0.0
 10
-4.52154
 20
4.80694
 30
0.0
 10
-4.52261
 20
5.03624
 30
0.0
 10
-4.52225
 20
5.2652
 30
0.0
 10
-4.52225
 20
5.2652
 30
0.0
 10
-4.27107
 20
5.26345
 30
0.0
 10
-4.01954
 20
5.2652
 30
0.0
 10
-3.76802
 20
5.26415
 30
0.0
 10
-3.76802
 20
5.26415
 30
0.0
 10
-3.74896
 20
5.07434
 30
0.0
 10
-3.8107
 20
4.86798
 30
0.0
 10
-3.73027
 20
4.69018
 30
0.0
 10
-3.73027
 20
4.69018
 30
0.0
 10
-3.74049
 20
4.66231
 30
0.0
 10
-3.76132
 20
4.60621
 30
0.0
 10
-3.77155
 20
4.57799
 30
0.0
 10
-3.77155
 20
4.57799
 30
0.0
 10
-3.64559
 20
4.57834
 30
0.0
 10
-3.51966
 20
4.57904
 30
0.0
 10
-3.39372
 20
4.57658
 30
0.0
 10
-3.39372
 20
4.57658
 30
0.0
 10
-3.36761
 20
4.63091
 30
0.0
 10
-3.34468
 20
4.68665
 30
0.0
 10
-3.31998
 20
4.74169
 30
0.0
 10
-3.31998
 20
4.74169
 30
0.0
 10
-3.30234
 20
4.74169
 30
0.0
 10
-3.26777
 20
4.74169
 30
0.0
 10
-3.25049
 20
4.74132
 30
0.0
 10
-3.25049
 20
4.74132
 30
0.0
 10
-3.25754
 20
4.68665
 30
0.0
 10
-3.26743
 20
4.63196
 30
0.0
 10
-3.27659
 20
4.57729
 30
0.0
 10
-3.27659
 20
4.57729
 30
0.0
 10
-3.18981
 20
4.57834
 30
0.0
 10
-3.10268
 20
4.5787
 30
0.0
 10
-3.0159
 20
4.57799
 30
0.0
 10
-3.0159
 20
4.57799
 30
0.0
 10
-3.01519
 20
4.80694
 30
0.0
 10
-3.01659
 20
5.0359
 30
0.0
 10
-3.01483
 20
5.2645
 30
0.0
 10
-3.01483
 20
5.2645
 30
0.0
 10
-2.78799
 20
5.26415
 30
0.0
 10
-2.56151
 20
5.2645
 30
0.0
 10
-2.33469
 20
5.2645
 30
0.0
 10
-2.33469
 20
5.2645
 30
0.0
 10
-2.33539
 20
5.3294
 30
0.0
 10
-2.3361
 20
5.39396
 30
0.0
 10
-2.3368
 20
5.45889
 30
0.0
 10
-2.3368
 20
5.45889
 30
0.0
 10
-2.40805
 20
5.48745
 30
0.0
 10
-2.55658
 20
5.46169
 30
0.0
 10
-2.51777
 20
5.582
 30
0.0
 10
-2.51777
 20
5.582
 30
0.0
 10
-2.45674
 20
5.57388
 30
0.0
 10
-2.39642
 20
5.56401
 30
0.0
 10
-2.3361
 20
5.55166
 30
0.0
 10
-2.3361
 20
5.55166
 30
0.0
 10
-2.33539
 20
5.68959
 30
0.0
 10
-2.33574
 20
5.82753
 30
0.0
 10
-2.33715
 20
5.96547
 30
0.0
 10
-2.33715
 20
5.96547
 30
0.0
 10
-2.55588
 20
6.04307
 30
0.0
 10
-2.78799
 20
6.01486
 30
0.0
 10
-3.01519
 20
6.01909
 30
0.0
 10
-3.01519
 20
6.01909
 30
0.0
 10
-3.01625
 20
6.26709
 30
0.0
 10
-3.01554
 20
6.51544
 30
0.0
 10
-3.01554
 20
6.76346
 30
0.0
 10
-3.01554
 20
6.76346
 30
0.0
 10
-2.7894
 20
6.76346
 30
0.0
 10
-2.56329
 20
6.76451
 30
0.0
 10
-2.33749
 20
6.76275
 30
0.0
 10
-2.33749
 20
6.76275
 30
0.0
 10
-2.33644
 20
6.83153
 30
0.0
 10
-2.33574
 20
6.90068
 30
0.0
 10
-2.33432
 20
6.96948
 30
0.0
 10
-2.33432
 20
6.96948
 30
0.0
 10
-2.401
 20
7.00193
 30
0.0
 10
-2.5534
 20
6.97583
 30
0.0
 10
-2.5167
 20
7.08907
 30
0.0
 10
-2.5167
 20
7.08907
 30
0.0
 10
-2.45568
 20
7.08518
 30
0.0
 10
-2.39501
 20
7.07884
 30
0.0
 10
-2.33432
 20
7.06966
 30
0.0
 10
-2.33432
 20
7.06966
 30
0.0
 10
-2.3368
 20
7.20689
 30
0.0
 10
-2.33539
 20
7.34447
 30
0.0
 10
-2.3368
 20
7.48171
 30
0.0
 10
-2.3368
 20
7.48171
 30
0.0
 10
-2.55869
 20
7.54308
 30
0.0
 10
-2.7887
 20
7.52052
 30
0.0
 10
-3.01554
 20
7.52298
 30
0.0
 10
-3.01554
 20
7.52298
 30
0.0
 10
-3.01519
 20
7.77205
 30
0.0
 10
-3.01659
 20
8.02111
 30
0.0
 10
-3.01483
 20
8.27016
 30
0.0
 10
-3.01483
 20
8.27016
 30
0.0
 10
-2.78835
 20
8.27051
 30
0.0
 10
-2.56187
 20
8.27087
 30
0.0
 10
-2.33503
 20
8.26981
 30
0.0
 10
-2.33503
 20
8.26981
 30
0.0
 10
-2.33574
 20
8.34213
 30
0.0
 10
-2.33574
 20
8.4141
 30
0.0
 10
-2.33503
 20
8.48606
 30
0.0
 10
-2.33503
 20
8.48606
 30
0.0
 10
-2.39572
 20
8.50088
 30
0.0
 10
-2.45674
 20
8.51534
 30
0.0
 10
-2.51741
 20
8.52946
 30
0.0
 10
-2.51741
 20
8.52946
 30
0.0
 10
-2.51848
 20
8.5478
 30
0.0
 10
-2.51989
 20
8.58519
 30
0.0
 10
-2.5206
 20
8.60389
 30
0.0
 10
-2.5206
 20
8.60389
 30
0.0
 10
-2.45779
 20
8.59895
 30
0.0
 10
-2.39501
 20
8.5919
 30
0.0
 10
-2.33186
 20
8.58485
 30
0.0
 10
-2.33186
 20
8.58485
 30
0.0
 10
-2.33469
 20
8.63706
 30
0.0
 10
-2.33715
 20
8.68927
 30
0.0
 10
-2.33961
 20
8.74112
 30
0.0
 10
-2.33961
 20
8.74112
 30
0.0
 10
-2.29693
 20
8.74924
 30
0.0
 10
-2.2539
 20
8.75382
 30
0.0
 10
-2.21051
 20
8.75558
 30
0.0
 10
-2.21051
 20
8.75558
 30
0.0
 10
-2.19957
 20
8.70055
 30
0.0
 10
-2.19499
 20
8.64481
 30
0.0
 10
-2.19638
 20
8.58837
 30
0.0
 10
-2.19638
 20
8.58837
 30
0.0
 10
-2.13713
 20
8.64093
 30
0.0
 10
-2.08986
 20
8.70902
 30
0.0
 10
-2.0193
 20
8.74783
 30
0.0
  0
SPLINE
  5
42
330
1F
100
AcDbEntity
  8
Camada 1
100
AcDbSpline
210
0.0
220
0.0
230
1.0
 70
    11
 71
     3
 72
    44
 73
    40
 74
     0
 42
0.0000000001
 43
0.0000000001
 12
1.0
 22
0.0
 32
0.0
 13
1.0
 23
0.0
 33
0.0
 40
0.0
 40
0.0
 40
0.0
 40
0.0
 40
0.0909090909090909
 40
0.0909090909090909
 40
0.0909090909090909
 40
0.0909090909090909
 40
0.1818181818181818
 40
0.1818181818181818
 40
0.1818181818181818
 40
0.1818181818181818
 40
0.2727272727272727
 40
0.2727272727272727
 40
0.2727272727272727
 40
0.2727272727272727
 40
0.3636363636363636
 40
0.3636363636363636
 40
0.3636363636363636
 40
0.3636363636363636
 40
0.4545454545454545
 40
0.4545454545454545
 40
0.4545454545454545
 40
0.4545454545454545
 40
0.5454545454545454
 40
0.5454545454545454
 40
0.5454545454545454
 40
0.5454545454545454
 40
0.6363636363636364
 40
0.6363636363636364
 40
0.6363636363636364
 40
0.6363636363636364
 40
0.7272727272727273
 40
0.7272727272727273
 40
0.7272727272727273
 40
0.7272727272727273
 40
0.8181818181818182
 40
0.8181818181818182
 40
0.8181818181818182
 40
0.8181818181818182
 40
1.0
 40
1.0
 40
1.0
 40
1.0
 10
2.04257
 20
8.39752
 30
0.0
 10
2.04257
 20
8.39752
 30
0.0
 10
2.04257
 20
8.39752
 30
0.0
 10
2.04257
 20
8.39752
 30
0.0
 10
2.04257
 20
8.39752
 30
0.0
 10
0.79021
 20
7.14021
 30
0.0
 10
-0.46918
 20
5.88963
 30
0.0
 10
-1.71979
 20
4.63055
 30
0.0
 10
-1.71979
 20
4.63055
 30
0.0
 10
-1.70497
 20
4.61751
 30
0.0
 10
-1.67498
 20
4.59139
 30
0.0
 10
-1.66017
 20
4.57834
 30
0.0
 10
-1.66017
 20
4.57834
 30
0.0
 10
-1.58291
 20
4.57834
 30
0.0
 10
-1.50566
 20
4.57834
 30
0.0
 10
-1.42804
 20
4.57694
 30
0.0
 10
-1.42804
 20
4.57694
 30
0.0
 10
-1.40088
 20
4.61644
 30
0.0
 10
-1.37724
 20
4.65878
 30
0.0
 10
-1.34832
 20
4.69723
 30
0.0
 10
-1.34832
 20
4.69723
 30
0.0
 10
-1.22307
 20
4.76849
 30
0.0
 10
-1.13171
 20
4.88138
 30
0.0
 10
-1.03011
 20
4.98052
 30
0.0
 10
-1.03011
 20
4.98052
 30
0.0
 10
-0.1598
 20
5.85011
 30
0.0
 10
0.70979
 20
6.72041
 30
0.0
 10
1.58009
 20
7.59001
 30
0.0
 10
1.58009
 20
7.59001
 30
0.0
 10
1.78328
 20
7.78298
 30
0.0
 10
1.96532
 20
7.99641
 30
0.0
 10
2.17523
 20
8.18161
 30
0.0
 10
2.17523
 20
8.18161
 30
0.0
 10
2.17523
 20
8.28286
 30
0.0
 10
2.17594
 20
8.38411
 30
0.0
 10
2.1724
 20
8.48501
 30
0.0
 10
2.1724
 20
8.48501
 30
0.0
 10
2.12514
 20
8.46242
 30
0.0
 10
2.07822
 20
8.43667
 30
0.0
 10
2.04257
 20
8.39752
 30
0.0
  0
SPLINE
  5
43
330
1F
100
AcDbEntity
  8
Camada 1
100
AcDbSpline
210
0.0
220
0.0
230
1.0
 70
    11
 71
     3
 72
    40
 73
    36
 74
     0
 42
0.0000000001
 43
0.0000000001
 12
1.0
 22
0.0
 32
0.0
 13
1.0
 23
0.0
 33
0.0
 40
0.0
 40
0.0
 40
0.0
 40
0.0
 40
0.1
 40
0.1
 40
0.1
 40
0.1
 40
0.2
 40
0.2
 40
0.2
 40
0.2
 40
0.3
 40
0.3
 40
0.3
 40
0.3
 40
0.4
 40
0.4
 40
0.4
 40
0.4
 40
0.5
 40
0.5
 40
0.5
 40
0.5
 40
0.6
 40
0.6
 40
0.6
 40
0.6
 40
0.7
 40
0.7
 40
0.7
 40
0.7
 40
0.8
 40
0.8
 40
0.8
 40
0.8
 40
1.0
 40
1.0
 40
1.0
 40
1.0
 10
-1.18356
 20
4.57729
 30
0.0
 10
-1.18356
 20
4.57729
 30
0.0
 10
-1.18356
 20
4.57729
 30
0.0
 10
-1.18356
 20
4.57729
 30
0.0
 10
-1.18356
 20
4.57729
 30
0.0
 10
-1.06221
 20
4.5787
 30
0.0
 10
-0.94121
 20
4.5787
 30
0.0
 10
-0.8202
 20
4.57729
 30
0.0
 10
-0.8202
 20
4.57729
 30
0.0
 10
-0.8516
 20
4.61926
 30
0.0
 10
-0.88194
 20
4.66231
 30
0.0
 10
-0.91122
 20
4.7057
 30
0.0
 10
-0.91122
 20
4.7057
 30
0.0
 10
-0.8516
 20
4.72546
 30
0.0
 10
-0.79869
 20
4.70641
 30
0.0
 10
-0.76022
 20
4.65878
 30
0.0
 10
-0.76022
 20
4.65878
 30
0.0
 10
0.17497
 20
5.57954
 30
0.0
 10
1.09361
 20
6.51686
 30
0.0
 10
2.02847
 20
7.43795
 30
0.0
 10
2.02847
 20
7.43795
 30
0.0
 10
2.01329
 20
7.45842
 30
0.0
 10
1.98261
 20
7.49969
 30
0.0
 10
1.96708
 20
7.52052
 30
0.0
 10
1.96708
 20
7.52052
 30
0.0
 10
2.03376
 20
7.53674
 30
0.0
 10
2.10643
 20
7.5385
 30
0.0
 10
2.16817
 20
7.57202
 30
0.0
 10
2.16817
 20
7.57202
 30
0.0
 10
2.18227
 20
7.69267
 30
0.0
 10
2.17275
 20
7.81473
 30
0.0
 10
2.17557
 20
7.93608
 30
0.0
 10
2.17557
 20
7.93608
 30
0.0
 10
1.05938
 20
6.81319
 30
0.0
 10
-0.06032
 20
5.69348
 30
0.0
 10
-1.18356
 20
4.57729
 30
0.0
  0
SPLINE
  5
44
330
1F
100
AcDbEntity
  8
Camada 1
100
AcDbSpline
210
0.0
220
0.0
230
1.0
 70
    11
 71
     3
 72
    16
 73
    12
 74
     0
 42
0.0000000001
 43
0.0000000001
 12
1.0
 22
0.0
 32
0.0
 13
1.0
 23
0.0
 33
0.0
 40
0.0
 40
0.0
 40
0.0
 40
0.0
 40
0.25
 40
0.25
 40
0.25
 40
0.25
 40
0.5
 40
0.5
 40
0.5
 40
0.5
 40
1.0
 40
1.0
 40
1.0
 40
1.0
 10
-2.17487
 20
7.46831
 30
0.0
 10
-2.17487
 20
7.46831
 30
0.0
 10
-2.17487
 20
7.46831
 30
0.0
 10
-2.17487
 20
7.46831
 30
0.0
 10
-2.17487
 20
7.46831
 30
0.0
 10
-2.22144
 20
7.44326
 30
0.0
 10
-2.22215
 20
7.41927
 30
0.0
 10
-2.17699
 20
7.39668
 30
0.0
 10
-2.17699
 20
7.39668
 30
0.0
 10
-2.13042
 20
7.42244
 30
0.0
 10
-2.12936
 20
7.44643
 30
0.0
 10
-2.17487
 20
7.46831
 30
0.0
  0
SPLINE
  5
45
330
1F
100
AcDbEntity
  8
Camada 1
100
AcDbSpline
210
0.0
220
0.0
230
1.0
 70
    11
 71
     3
 72
    40
 73
    36
 74
     0
 42
0.0000000001
 43
0.0000000001
 12
1.0
 22
0.0
 32
0.0
 13
1.0
 23
0.0
 33
0.0
 40
0.0
 40
0.0
 40
0.0
 40
0.0
 40
0.1
 40
0.1
 40
0.1
 40
0.1
 40
0.2
 40
0.2
 40
0.2
 40
0.2
 40
0.3
 40
0.3
 40
0.3
 40
0.3
 40
0.4
 40
0.4
 40
0.4
 40
0.4
 40
0.5
 40
0.5
 40
0.5
 40
0.5
 40
0.6
 40
0.6
 40
0.6
 40
0.6
 40
0.7
 40
0.7
 40
0.7
 40
0.7
 40
0.8
 40
0.8
 40
0.8
 40
0.8
 40
1.0
 40
1.0
 40
1.0
 40
1.0
 10
-0.57608
 20
4.5787
 30
0.0
 10
-0.57608
 20
4.5787
 30
0.0
 10
-0.57608
 20
4.5787
 30
0.0
 10
-0.57608
 20
4.5787
 30
0.0
 10
-0.57608
 20
4.5787
 30
0.0
 10
-0.50058
 20
4.57834
 30
0.0
 10
-0.42509
 20
4.57763
 30
0.0
 10
-0.34924
 20
4.57588
 30
0.0
 10
-0.34924
 20
4.57588
 30
0.0
 10
-0.36476
 20
4.62492
 30
0.0
 10
-0.47201
 20
4.72792
 30
0.0
 10
-0.35172
 20
4.72334
 30
0.0
 10
-0.35172
 20
4.72334
 30
0.0
 10
-0.30409
 20
4.68312
 30
0.0
 10
-0.26317
 20
4.63549
 30
0.0
 10
-0.22014
 20
4.59034
 30
0.0
 10
-0.22014
 20
4.59034
 30
0.0
 10
0.55774
 20
5.38692
 30
0.0
 10
1.35573
 20
6.16374
 30
0.0
 10
2.13642
 20
6.95749
 30
0.0
 10
2.13642
 20
6.95749
 30
0.0
 10
2.07362
 20
6.94796
 30
0.0
 10
1.96603
 20
6.91727
 30
0.0
 10
1.97238
 20
7.02697
 30
0.0
 10
1.97238
 20
7.02697
 30
0.0
 10
2.03975
 20
7.03403
 30
0.0
 10
2.1075
 20
7.03932
 30
0.0
 10
2.17523
 20
7.04391
 30
0.0
 10
2.17523
 20
7.04391
 30
0.0
 10
2.17487
 20
7.14233
 30
0.0
 10
2.17523
 20
7.24076
 30
0.0
 10
2.17523
 20
7.33918
 30
0.0
 10
2.17523
 20
7.33918
 30
0.0
 10
1.26152
 20
6.41526
 30
0.0
 10
0.33408
 20
5.50509
 30
0.0
 10
-0.57608
 20
4.5787
 30
0.0
  0
SPLINE
  5
46
330
1F
100
AcDbEntity
  8
Camada 1
100
AcDbSpline
210
0.0
220
0.0
230
1.0
 70
    11
 71
     3
 72
    20
 73
    16
 74
     0
 42
0.0000000001
 43
0.0000000001
 12
1.0
 22
0.0
 32
0.0
 13
1.0
 23
0.0
 33
0.0
 40
0.0
 40
0.0
 40
0.0
 40
0.0
 40
0.2
 40
0.2
 40
0.2
 40
0.2
 40
0.4
 40
0.4
 40
0.4
 40
0.4
 40
0.6
 40
0.6
 40
0.6
 40
0.6
 40
1.0
 40
1.0
 40
1.0
 40
1.0
 10
-2.20062
 20
6.95888
 30
0.0
 10
-2.20062
 20
6.95888
 30
0.0
 10
-2.20062
 20
6.95888
 30
0.0
 10
-2.20062
 20
6.95888
 30
0.0
 10
-2.20062
 20
6.95888
 30
0.0
 10
-2.20027
 20
6.9035
 30
0.0
 10
-2.20027
 20
6.84812
 30
0.0
 10
-2.19957
 20
6.79272
 30
0.0
 10
-2.19957
 20
6.79272
 30
0.0
 10
-2.147
 20
6.84388
 30
0.0
 10
-2.0969
 20
6.89751
 30
0.0
 10
-2.04716
 20
6.95147
 30
0.0
 10
-2.04716
 20
6.95147
 30
0.0
 10
-2.09868
 20
6.95395
 30
0.0
 10
-2.14948
 20
6.95642
 30
0.0
 10
-2.20062
 20
6.95888
 30
0.0
  0
SPLINE
  5
47
330
1F
100
AcDbEntity
  8
Camada 1
100
AcDbSpline
210
0.0
220
0.0
230
1.0
 70
    11
 71
     3
 72
    24
 73
    20
 74
     0
 42
0.0000000001
 43
0.0000000001
 12
1.0
 22
0.0
 32
0.0
 13
1.0
 23
0.0
 33
0.0
 40
0.0
 40
0.0
 40
0.0
 40
0.0
 40
0.1666666666666667
 40
0.1666666666666667
 40
0.1666666666666667
 40
0.1666666666666667
 40
0.3333333333333333
 40
0.3333333333333333
 40
0.3333333333333333
 40
0.3333333333333333
 40
0.5
 40
0.5
 40
0.5
 40
0.5
 40
0.6666666666666666
 40
0.6666666666666666
 40
0.6666666666666666
 40
0.6666666666666666
 40
1.0
 40
1.0
 40
1.0
 40
1.0
 10
1.96179
 20
6.55109
 30
0.0
 10
1.96179
 20
6.55109
 30
0.0
 10
1.96179
 20
6.55109
 30
0.0
 10
1.96179
 20
6.55109
 30
0.0
 10
1.96179
 20
6.55109
 30
0.0
 10
1.98084
 20
6.54085
 30
0.0
 10
2.0006
 20
6.53133
 30
0.0
 10
2.01999
 20
6.5218
 30
0.0
 10
2.01999
 20
6.5218
 30
0.0
 10
2.07222
 20
6.53062
 30
0.0
 10
2.12478
 20
6.53837
 30
0.0
 10
2.17735
 20
6.54507
 30
0.0
 10
2.17735
 20
6.54507
 30
0.0
 10
2.17557
 20
6.61105
 30
0.0
 10
2.17487
 20
6.67702
 30
0.0
 10
2.17382
 20
6.74334
 30
0.0
 10
2.17382
 20
6.74334
 30
0.0
 10
2.10855
 20
6.67349
 30
0.0
 10
2.04364
 20
6.60188
 30
0.0
 10
1.96179
 20
6.55109
 30
0.0
  0
SPLINE
  5
48
330
1F
100
AcDbEntity
  8
Camada 1
100
AcDbSpline
210
0.0
220
0.0
230
1.0
 70
    11
 71
     3
 72
    36
 73
    32
 74
     0
 42
0.0000000001
 43
0.0000000001
 12
1.0
 22
0.0
 32
0.0
 13
1.0
 23
0.0
 33
0.0
 40
0.0
 40
0.0
 40
0.0
 40
0.0
 40
0.1111111111111111
 40
0.1111111111111111
 40
0.1111111111111111
 40
0.1111111111111111
 40
0.2222222222222222
 40
0.2222222222222222
 40
0.2222222222222222
 40
0.2222222222222222
 40
0.3333333333333333
 40
0.3333333333333333
 40
0.3333333333333333
 40
0.3333333333333333
 40
0.4444444444444444
 40
0.4444444444444444
 40
0.4444444444444444
 40
0.4444444444444444
 40
0.5555555555555556
 40
0.5555555555555556
 40
0.5555555555555556
 40
0.5555555555555556
 40
0.6666666666666666
 40
0.6666666666666666
 40
0.6666666666666666
 40
0.6666666666666666
 40
0.7777777777777778
 40
0.7777777777777778
 40
0.7777777777777778
 40
0.7777777777777778
 40
1.0
 40
1.0
 40
1.0
 40
1.0
 10
1.89864
 20
6.46499
 30
0.0
 10
1.89864
 20
6.46499
 30
0.0
 10
1.89864
 20
6.46499
 30
0.0
 10
1.89864
 20
6.46499
 30
0.0
 10
1.89864
 20
6.46499
 30
0.0
 10
1.31514
 20
5.88256
 30
0.0
 10
0.73589
 20
5.29554
 30
0.0
 10
0.14746
 20
4.71769
 30
0.0
 10
0.14746
 20
4.71769
 30
0.0
 10
0.20496
 20
4.65525
 30
0.0
 10
0.27657
 20
4.51696
 30
0.0
 10
0.37499
 20
4.59951
 30
0.0
 10
0.37499
 20
4.59951
 30
0.0
 10
0.94297
 20
5.16042
 30
0.0
 10
1.50388
 20
5.7291
 30
0.0
 10
2.07115
 20
6.29108
 30
0.0
 10
2.07115
 20
6.29108
 30
0.0
 10
2.11737
 20
6.33694
 30
0.0
 10
2.15935
 20
6.38668
 30
0.0
 10
2.19816
 20
6.4389
 30
0.0
 10
2.19816
 20
6.4389
 30
0.0
 10
2.12514
 20
6.44455
 30
0.0
 10
2.05139
 20
6.44172
 30
0.0
 10
1.97838
 20
6.44666
 30
0.0
 10
1.97838
 20
6.44666
 30
0.0
 10
1.97838
 20
6.44666
 30
0.0
 10
2.00166
 20
6.52533
 30
0.0
 10
2.00166
 20
6.52533
 30
0.0
 10
2.00166
 20
6.52533
 30
0.0
 10
1.96532
 20
6.5084
 30
0.0
 10
1.93111
 20
6.48828
 30
0.0
 10
1.89864
 20
6.46499
 30
0.0
  0
SPLINE
  5
49
330
1F
100
AcDbEntity
  8
Camada 1
100
AcDbSpline
210
0.0
220
0.0
230
1.0
 70
    11
 71
     3
 72
    32
 73
    28
 74
     0
 42
0.0000000001
 43
0.0000000001
 12
1.0
 22
0.0
 32
0.0
 13
1.0
 23
0.0
 33
0.0
 40
0.0
 40
0.0
 40
0.0
 40
0.0
 40
0.125
 40
0.125
 40
0.125
 40
0.125
 40
0.25
 40
0.25
 40
0.25
 40
0.25
 40
0.375
 40
0.375
 40
0.375
 40
0.375
 40
0.5
 40
0.5
 40
0.5
 40
0.5
 40
0.625
 40
0.625
 40
0.625
 40
0.625
 40
0.75
 40
0.75
 40
0.75
 40
0.75
 40
1.0
 40
1.0
 40
1.0
 40
1.0
 10
0.67697
 20
4.64855
 30
0.0
 10
0.67697
 20
4.64855
 30
0.0
 10
0.67697
 20
4.64855
 30
0.0
 10
0.67697
 20
4.64855
 30
0.0
 10
0.67697
 20
4.64855
 30
0.0
 10
0.744
 20
4.55682
 30
0.0
 10
0.85689
 20
4.57834
 30
0.0
 10
0.95637
 20
4.57694
 30
0.0
 10
0.95637
 20
4.57694
 30
0.0
 10
0.9906
 20
4.6168
 30
0.0
 10
1.02517
 20
4.65701
 30
0.0
 10
1.05798
 20
4.69864
 30
0.0
 10
1.05798
 20
4.69864
 30
0.0
 10
1.44356
 20
5.04718
 30
0.0
 10
1.79387
 20
5.43418
 30
0.0
 10
2.17099
 20
5.79261
 30
0.0
 10
2.17099
 20
5.79261
 30
0.0
 10
2.17382
 20
5.842
 30
0.0
 10
2.17628
 20
5.89173
 30
0.0
 10
2.17874
 20
5.94147
 30
0.0
 10
2.17874
 20
5.94147
 30
0.0
 10
2.1096
 20
5.94113
 30
0.0
 10
2.04082
 20
5.94042
 30
0.0
 10
1.97167
 20
5.94465
 30
0.0
 10
1.97167
 20
5.94465
 30
0.0
 10
1.54235
 20
5.51039
 30
0.0
 10
1.10949
 20
5.07965
 30
0.0
 10
0.67697
 20
4.64855
 30
0.0
  0
SPLINE
  5
4A
330
1F
100
AcDbEntity
  8
Camada 1
100
AcDbSpline
210
0.0
220
0.0
230
1.0
 70
    11
 71
     3
 72
    36
 73
    32
 74
     0
 42
0.0000000001
 43
0.0000000001
 12
1.0
 22
0.0
 32
0.0
 13
1.0
 23
0.0
 33
0.0
 40
0.0
 40
0.0
 40
0.0
 40
0.0
 40
0.1111111111111111
 40
0.1111111111111111
 40
0.1111111111111111
 40
0.1111111111111111
 40
0.2222222222222222
 40
0.2222222222222222
 40
0.2222222222222222
 40
0.2222222222222222
 40
0.3333333333333333
 40
0.3333333333333333
 40
0.3333333333333333
 40
0.3333333333333333
 40
0.4444444444444444
 40
0.4444444444444444
 40
0.4444444444444444
 40
0.4444444444444444
 40
0.5555555555555556
 40
0.5555555555555556
 40
0.5555555555555556
 40
0.5555555555555556
 40
0.6666666666666666
 40
0.6666666666666666
 40
0.6666666666666666
 40
0.6666666666666666
 40
0.7777777777777778
 40
0.7777777777777778
 40
0.7777777777777778
 40
0.7777777777777778
 40
1.0
 40
1.0
 40
1.0
 40
1.0
 10
2.0006
 20
5.37598
 30
0.0
 10
2.0006
 20
5.37598
 30
0.0
 10
2.0006
 20
5.37598
 30
0.0
 10
2.0006
 20
5.37598
 30
0.0
 10
2.0006
 20
5.37598
 30
0.0
 10
1.73637
 20
5.10962
 30
0.0
 10
1.46826
 20
4.84681
 30
0.0
 10
1.20614
 20
4.57834
 30
0.0
 10
1.20614
 20
4.57834
 30
0.0
 10
1.32856
 20
4.57763
 30
0.0
 10
1.45097
 20
4.57799
 30
0.0
 10
1.57373
 20
4.5787
 30
0.0
 10
1.57373
 20
4.5787
 30
0.0
 10
1.55222
 20
4.6228
 30
0.0
 10
1.52752
 20
4.66583
 30
0.0
 10
1.52082
 20
4.71523
 30
0.0
 10
1.52082
 20
4.71523
 30
0.0
 10
1.56915
 20
4.72475
 30
0.0
 10
1.61042
 20
4.69935
 30
0.0
 10
1.65135
 20
4.67747
 30
0.0
 10
1.65135
 20
4.67747
 30
0.0
 10
1.82279
 20
4.85281
 30
0.0
 10
1.99424
 20
5.02778
 30
0.0
 10
2.1724
 20
5.1964
 30
0.0
 10
2.1724
 20
5.1964
 30
0.0
 10
2.17594
 20
5.28179
 30
0.0
 10
2.17523
 20
5.36751
 30
0.0
 10
2.17382
 20
5.45287
 30
0.0
 10
2.17382
 20
5.45287
 30
0.0
 10
2.11137
 20
5.43772
 30
0.0
 10
2.04257
 20
5.42995
 30
0.0
 10
2.0006
 20
5.37598
 30
0.0
  0
SPLINE
  5
4B
330
1F
100
AcDbEntity
  8
Camada 1
100
AcDbSpline
210
0.0
220
0.0
230
1.0
 70
    11
 71
     3
 72
    20
 73
    16
 74
     0
 42
0.0000000001
 43
0.0000000001
 12
1.0
 22
0.0
 32
0.0
 13
1.0
 23
0.0
 33
0.0
 40
0.0
 40
0.0
 40
0.0
 40
0.0
 40
0.2
 40
0.2
 40
0.2
 40
0.2
 40
0.4
 40
0.4
 40
0.4
 40
0.4
 40
0.6
 40
0.6
 40
0.6
 40
0.6
 40
1.0
 40
1.0
 40
1.0
 40
1.0
 10
1.79846
 20
4.57763
 30
0.0
 10
1.79846
 20
4.57763
 30
0.0
 10
1.79846
 20
4.57763
 30
0.0
 10
1.79846
 20
4.57763
 30
0.0
 10
1.79846
 20
4.57763
 30
0.0
 10
1.92193
 20
4.57834
 30
0.0
 10
2.04576
 20
4.57834
 30
0.0
 10
2.16923
 20
4.5787
 30
0.0
 10
2.16923
 20
4.5787
 30
0.0
 10
2.17735
 20
4.70217
 30
0.0
 10
2.17628
 20
4.82564
 30
0.0
 10
2.17275
 20
4.94875
 30
0.0
 10
2.17275
 20
4.94875
 30
0.0
 10
2.0454
 20
4.82811
 30
0.0
 10
1.92298
 20
4.70146
 30
0.0
 10
1.79846
 20
4.57763
 30
0.0
  0
SPLINE
  5
4C
330
1F
100
AcDbEntity
  8
Camada 1
100
AcDbSpline
210
0.0
220
0.0
230
1.0
 70
    11
 71
     3
 72
   440
 73
   436
 74
     0
 42
0.0000000001
 43
0.0000000001
 12
1.0
 22
0.0
 32
0.0
 13
1.0
 23
0.0
 33
0.0
 40
0.0
 40
0.0
 40
0.0
 40
0.0
 40
0.0090909090909091
 40
0.0090909090909091
 40
0.0090909090909091
 40
0.0090909090909091
 40
0.0181818181818182
 40
0.0181818181818182
 40
0.0181818181818182
 40
0.0181818181818182
 40
0.0272727272727273
 40
0.0272727272727273
 40
0.0272727272727273
 40
0.0272727272727273
 40
0.0363636363636364
 40
0.0363636363636364
 40
0.0363636363636364
 40
0.0363636363636364
 40
0.0454545454545455
 40
0.0454545454545455
 40
0.0454545454545455
 40
0.0454545454545455
 40
0.0545454545454545
 40
0.0545454545454545
 40
0.0545454545454545
 40
0.0545454545454545
 40
0.0636363636363636
 40
0.0636363636363636
 40
0.0636363636363636
 40
0.0636363636363636
 40
0.0727272727272727
 40
0.0727272727272727
 40
0.0727272727272727
 40
0.0727272727272727
 40
0.0818181818181818
 40
0.0818181818181818
 40
0.0818181818181818
 40
0.0818181818181818
 40
0.0909090909090909
 40
0.0909090909090909
 40
0.0909090909090909
 40
0.0909090909090909
 40
0.1
 40
0.1
 40
0.1
 40
0.1
 40
0.1090909090909091
 40
0.1090909090909091
 40
0.1090909090909091
 40
0.1090909090909091
 40
0.1181818181818182
 40
0.1181818181818182
 40
0.1181818181818182
 40
0.1181818181818182
 40
0.1272727272727273
 40
0.1272727272727273
 40
0.1272727272727273
 40
0.1272727272727273
 40
0.1363636363636364
 40
0.1363636363636364
 40
0.1363636363636364
 40
0.1363636363636364
 40
0.1454545454545454
 40
0.1454545454545454
 40
0.1454545454545454
 40
0.1454545454545454
 40
0.1545454545454545
 40
0.1545454545454545
 40
0.1545454545454545
 40
0.1545454545454545
 40
0.1636363636363636
 40
0.1636363636363636
 40
0.1636363636363636
 40
0.1636363636363636
 40
0.1727272727272727
 40
0.1727272727272727
 40
0.1727272727272727
 40
0.1727272727272727
 40
0.1818181818181818
 40
0.1818181818181818
 40
0.1818181818181818
 40
0.1818181818181818
 40
0.1909090909090909
 40
0.1909090909090909
 40
0.1909090909090909
 40
0.1909090909090909
 40
0.2
 40
0.2
 40
0.2
 40
0.2
 40
0.2090909090909091
 40
0.2090909090909091
 40
0.2090909090909091
 40
0.2090909090909091
 40
0.2181818181818182
 40
0.2181818181818182
 40
0.2181818181818182
 40
0.2181818181818182
 40
0.2272727272727273
 40
0.2272727272727273
 40
0.2272727272727273
 40
0.2272727272727273
 40
0.2363636363636364
 40
0.2363636363636364
 40
0.2363636363636364
 40
0.2363636363636364
 40
0.2454545454545455
 40
0.2454545454545455
 40
0.2454545454545455
 40
0.2454545454545455
 40
0.2545454545454545
 40
0.2545454545454545
 40
0.2545454545454545
 40
0.2545454545454545
 40
0.2636363636363636
 40
0.2636363636363636
 40
0.2636363636363636
 40
0.2636363636363636
 40
0.2727272727272727
 40
0.2727272727272727
 40
0.2727272727272727
 40
0.2727272727272727
 40
0.2818181818181818
 40
0.2818181818181818
 40
0.2818181818181818
 40
0.2818181818181818
 40
0.2909090909090909
 40
0.2909090909090909
 40
0.2909090909090909
 40
0.2909090909090909
 40
0.3
 40
0.3
 40
0.3
 40
0.3
 40
0.3090909090909091
 40
0.3090909090909091
 40
0.3090909090909091
 40
0.3090909090909091
 40
0.3181818181818182
 40
0.3181818181818182
 40
0.3181818181818182
 40
0.3181818181818182
 40
0.3272727272727273
 40
0.3272727272727273
 40
0.3272727272727273
 40
0.3272727272727273
 40
0.3363636363636364
 40
0.3363636363636364
 40
0.3363636363636364
 40
0.3363636363636364
 40
0.3454545454545455
 40
0.3454545454545455
 40
0.3454545454545455
 40
0.3454545454545455
 40
0.3545454545454546
 40
0.3545454545454546
 40
0.3545454545454546
 40
0.3545454545454546
 40
0.3636363636363636
 40
0.3636363636363636
 40
0.3636363636363636
 40
0.3636363636363636
 40
0.3727272727272727
 40
0.3727272727272727
 40
0.3727272727272727
 40
0.3727272727272727
 40
0.3818181818181818
 40
0.3818181818181818
 40
0.3818181818181818
 40
0.3818181818181818
 40
0.3909090909090909
 40
0.3909090909090909
 40
0.3909090909090909
 40
0.3909090909090909
 40
0.4
 40
0.4
 40
0.4
 40
0.4
 40
0.4090909090909091
 40
0.4090909090909091
 40
0.4090909090909091
 40
0.4090909090909091
 40
0.4181818181818182
 40
0.4181818181818182
 40
0.4181818181818182
 40
0.4181818181818182
 40
0.4272727272727272
 40
0.4272727272727272
 40
0.4272727272727272
 40
0.4272727272727272
 40
0.4363636363636363
 40
0.4363636363636363
 40
0.4363636363636363
 40
0.4363636363636363
 40
0.4454545454545454
 40
0.4454545454545454
 40
0.4454545454545454
 40
0.4454545454545454
 40
0.4545454545454545
 40
0.4545454545454545
 40
0.4545454545454545
 40
0.4545454545454545
 40
0.4636363636363636
 40
0.4636363636363636
 40
0.4636363636363636
 40
0.4636363636363636
 40
0.4727272727272727
 40
0.4727272727272727
 40
0.4727272727272727
 40
0.4727272727272727
 40
0.4818181818181818
 40
0.4818181818181818
 40
0.4818181818181818
 40
0.4818181818181818
 40
0.4909090909090909
 40
0.4909090909090909
 40
0.4909090909090909
 40
0.4909090909090909
 40
0.5
 40
0.5
 40
0.5
 40
0.5
 40
0.509090909090909
 40
0.509090909090909
 40
0.509090909090909
 40
0.509090909090909
 40
0.5181818181818182
 40
0.5181818181818182
 40
0.5181818181818182
 40
0.5181818181818182
 40
0.5272727272727272
 40
0.5272727272727272
 40
0.5272727272727272
 40
0.5272727272727272
 40
0.5363636363636364
 40
0.5363636363636364
 40
0.5363636363636364
 40
0.5363636363636364
 40
0.5454545454545454
 40
0.5454545454545454
 40
0.5454545454545454
 40
0.5454545454545454
 40
0.5545454545454546
 40
0.5545454545454546
 40
0.5545454545454546
 40
0.5545454545454546
 40
0.5636363636363636
 40
0.5636363636363636
 40
0.5636363636363636
 40
0.5636363636363636
 40
0.5727272727272728
 40
0.5727272727272728
 40
0.5727272727272728
 40
0.5727272727272728
 40
0.5818181818181818
 40
0.5818181818181818
 40
0.5818181818181818
 40
0.5818181818181818
 40
0.5909090909090909
 40
0.5909090909090909
 40
0.5909090909090909
 40
0.5909090909090909
 40
0.6
 40
0.6
 40
0.6
 40
0.6
 40
0.6090909090909091
 40
0.6090909090909091
 40
0.6090909090909091
 40
0.6090909090909091
 40
0.6181818181818182
 40
0.6181818181818182
 40
0.6181818181818182
 40
0.6181818181818182
 40
0.6272727272727273
 40
0.6272727272727273
 40
0.6272727272727273
 40
0.6272727272727273
 40
0.6363636363636364
 40
0.6363636363636364
 40
0.6363636363636364
 40
0.6363636363636364
 40
0.6454545454545455
 40
0.6454545454545455
 40
0.6454545454545455
 40
0.6454545454545455
 40
0.6545454545454545
 40
0.6545454545454545
 40
0.6545454545454545
 40
0.6545454545454545
 40
0.6636363636363637
 40
0.6636363636363637
 40
0.6636363636363637
 40
0.6636363636363637
 40
0.6727272727272727
 40
0.6727272727272727
 40
0.6727272727272727
 40
0.6727272727272727
 40
0.6818181818181818
 40
0.6818181818181818
 40
0.6818181818181818
 40
0.6818181818181818
 40
0.6909090909090909
 40
0.6909090909090909
 40
0.6909090909090909
 40
0.6909090909090909
 40
0.7
 40
0.7
 40
0.7
 40
0.7
 40
0.7090909090909091
 40
0.7090909090909091
 40
0.7090909090909091
 40
0.7090909090909091
 40
0.7181818181818181
 40
0.7181818181818181
 40
0.7181818181818181
 40
0.7181818181818181
 40
0.7272727272727273
 40
0.7272727272727273
 40
0.7272727272727273
 40
0.7272727272727273
 40
0.7363636363636363
 40
0.7363636363636363
 40
0.7363636363636363
 40
0.7363636363636363
 40
0.7454545454545455
 40
0.7454545454545455
 40
0.7454545454545455
 40
0.7454545454545455
 40
0.7545454545454545
 40
0.7545454545454545
 40
0.7545454545454545
 40
0.7545454545454545
 40
0.7636363636363637
 40
0.7636363636363637
 40
0.7636363636363637
 40
0.7636363636363637
 40
0.7727272727272727
 40
0.7727272727272727
 40
0.7727272727272727
 40
0.7727272727272727
 40
0.7818181818181819
 40
0.7818181818181819
 40
0.7818181818181819
 40
0.7818181818181819
 40
0.7909090909090909
 40
0.7909090909090909
 40
0.7909090909090909
 40
0.7909090909090909
 40
0.8
 40
0.8
 40
0.8
 40
0.8
 40
0.8090909090909091
 40
0.8090909090909091
 40
0.8090909090909091
 40
0.8090909090909091
 40
0.8181818181818182
 40
0.8181818181818182
 40
0.8181818181818182
 40
0.8181818181818182
 40
0.8272727272727273
 40
0.8272727272727273
 40
0.8272727272727273
 40
0.8272727272727273
 40
0.8363636363636363
 40
0.8363636363636363
 40
0.8363636363636363
 40
0.8363636363636363
 40
0.8454545454545455
 40
0.8454545454545455
 40
0.8454545454545455
 40
0.8454545454545455
 40
0.8545454545454545
 40
0.8545454545454545
 40
0.8545454545454545
 40
0.8545454545454545
 40
0.8636363636363636
 40
0.8636363636363636
 40
0.8636363636363636
 40
0.8636363636363636
 40
0.8727272727272727
 40
0.8727272727272727
 40
0.8727272727272727
 40
0.8727272727272727
 40
0.8818181818181818
 40
0.8818181818181818
 40
0.8818181818181818
 40
0.8818181818181818
 40
0.8909090909090909
 40
0.8909090909090909
 40
0.8909090909090909
 40
0.8909090909090909
 40
0.9
 40
0.9
 40
0.9
 40
0.9
 40
0.9090909090909091
 40
0.9090909090909091
 40
0.9090909090909091
 40
0.9090909090909091
 40
0.9181818181818182
 40
0.9181818181818182
 40
0.9181818181818182
 40
0.9181818181818182
 40
0.9272727272727272
 40
0.9272727272727272
 40
0.9272727272727272
 40
0.9272727272727272
 40
0.9363636363636364
 40
0.9363636363636364
 40
0.9363636363636364
 40
0.9363636363636364
 40
0.9454545454545454
 40
0.9454545454545454
 40
0.9454545454545454
 40
0.9454545454545454
 40
0.9545454545454546
 40
0.9545454545454546
 40
0.9545454545454546
 40
0.9545454545454546
 40
0.9636363636363636
 40
0.9636363636363636
 40
0.9636363636363636
 40
0.9636363636363636
 40
0.9727272727272728
 40
0.9727272727272728
 40
0.9727272727272728
 40
0.9727272727272728
 40
0.9818181818181818
 40
0.9818181818181818
 40
0.9818181818181818
 40
0.9818181818181818
 40
1.0
 40
1.0
 40
1.0
 40
1.0
 10
-1.58855
 20
4.45169
 30
0.0
 10
-1.58855
 20
4.45169
 30
0.0
 10
-1.58855
 20
4.45169
 30
0.0
 10
-1.58855
 20
4.45169
 30
0.0
 10
-1.58855
 20
4.45169
 30
0.0
 10
-1.57056
 20
4.40513
 30
0.0
 10
-1.55327
 20
4.35892
 30
0.0
 10
-1.53423
 20
4.31236
 30
0.0
 10
-1.53423
 20
4.31236
 30
0.0
 10
-1.55821
 20
4.29612
 30
0.0
 10
-1.58433
 20
4.28483
 30
0.0
 10
-1.61183
 20
4.27813
 30
0.0
 10
-1.61183
 20
4.27813
 30
0.0
 10
-1.64358
 20
4.33351
 30
0.0
 10
-1.66582
 20
4.39313
 30
0.0
 10
-1.69192
 20
4.45065
 30
0.0
 10
-1.69192
 20
4.45065
 30
0.0
 10
-1.86124
 20
4.45099
 30
0.0
 10
-2.03022
 20
4.44994
 30
0.0
 10
-2.19957
 20
4.45169
 30
0.0
 10
-2.19957
 20
4.45169
 30
0.0
 10
-2.20027
 20
4.32399
 30
0.0
 10
-2.20027
 20
4.19629
 30
0.0
 10
-2.20027
 20
4.06822
 30
0.0
 10
-2.20027
 20
4.06822
 30
0.0
 10
-2.14207
 20
4.08128
 30
0.0
 10
-2.0835
 20
4.09504
 30
0.0
 10
-2.0253
 20
4.10774
 30
0.0
 10
-2.0253
 20
4.10774
 30
0.0
 10
-2.02282
 20
4.08515
 30
0.0
 10
-2.01789
 20
4.03965
 30
0.0
 10
-2.01507
 20
4.01708
 30
0.0
 10
-2.01507
 20
4.01708
 30
0.0
 10
-2.07644
 20
4.00543
 30
0.0
 10
-2.13783
 20
3.99486
 30
0.0
 10
-2.1992
 20
3.98426
 30
0.0
 10
-2.1992
 20
3.98426
 30
0.0
 10
-2.20098
 20
3.84598
 30
0.0
 10
-2.1992
 20
3.70804
 30
0.0
 10
-2.20062
 20
3.57011
 30
0.0
 10
-2.20062
 20
3.57011
 30
0.0
 10
-2.1276
 20
3.57222
 30
0.0
 10
-2.00483
 20
3.63926
 30
0.0
 10
-2.00518
 20
3.52
 30
0.0
 10
-2.00518
 20
3.52
 30
0.0
 10
-2.07044
 20
3.50378
 30
0.0
 10
-2.13571
 20
3.48755
 30
0.0
 10
-2.20098
 20
3.47274
 30
0.0
 10
-2.20098
 20
3.47274
 30
0.0
 10
-2.1992
 20
3.3355
 30
0.0
 10
-2.20027
 20
3.19829
 30
0.0
 10
-2.20027
 20
3.06105
 30
0.0
 10
-2.20027
 20
3.06105
 30
0.0
 10
-2.12972
 20
3.07833
 30
0.0
 10
-2.05809
 20
3.09316
 30
0.0
 10
-1.98542
 20
3.07833
 30
0.0
 10
-1.98542
 20
3.07833
 30
0.0
 10
-2.0186
 20
2.98591
 30
0.0
 10
-2.12054
 20
2.98838
 30
0.0
 10
-2.19991
 20
2.96898
 30
0.0
 10
-2.19991
 20
2.96898
 30
0.0
 10
-2.19991
 20
2.83069
 30
0.0
 10
-2.20027
 20
2.69275
 30
0.0
 10
-2.20027
 20
2.55447
 30
0.0
 10
-2.20027
 20
2.55447
 30
0.0
 10
-2.13854
 20
2.56786
 30
0.0
 10
-2.0768
 20
2.58127
 30
0.0
 10
-2.01436
 20
2.59115
 30
0.0
 10
-2.01436
 20
2.59115
 30
0.0
 10
-1.98861
 20
2.47261
 30
0.0
 10
-2.1209
 20
2.48742
 30
0.0
 10
-2.19886
 20
2.46803
 30
0.0
 10
-2.19886
 20
2.46803
 30
0.0
 10
-2.20062
 20
2.33079
 30
0.0
 10
-2.19957
 20
2.19357
 30
0.0
 10
-2.20062
 20
2.05634
 30
0.0
 10
-2.20062
 20
2.05634
 30
0.0
 10
-2.13959
 20
2.06409
 30
0.0
 10
-2.07822
 20
2.07468
 30
0.0
 10
-2.01577
 20
2.07432
 30
0.0
 10
-2.01577
 20
2.07432
 30
0.0
 10
-1.98191
 20
1.96356
 30
0.0
 10
-2.13571
 20
1.98649
 30
0.0
 10
-2.20098
 20
1.95579
 30
0.0
 10
-2.20098
 20
1.95579
 30
0.0
 10
-2.19957
 20
1.82033
 30
0.0
 10
-2.19991
 20
1.68451
 30
0.0
 10
-2.20027
 20
1.54905
 30
0.0
 10
-2.20027
 20
1.54905
 30
0.0
 10
-2.12936
 20
1.5642
 30
0.0
 10
-2.05668
 20
1.57868
 30
0.0
 10
-1.98402
 20
1.56069
 30
0.0
 10
-1.98402
 20
1.56069
 30
0.0
 10
-2.02247
 20
1.47389
 30
0.0
 10
-2.1216
 20
1.47355
 30
0.0
 10
-2.20062
 20
1.45379
 30
0.0
 10
-2.20062
 20
1.45379
 30
0.0
 10
-2.19991
 20
1.31621
 30
0.0
 10
-2.19957
 20
1.17863
 30
0.0
 10
-2.20062
 20
1.04069
 30
0.0
 10
-2.20062
 20
1.04069
 30
0.0
 10
-2.14277
 20
1.05268
 30
0.0
 10
-2.08562
 20
1.06997
 30
0.0
 10
-2.02635
 20
1.0728
 30
0.0
 10
-2.02635
 20
1.0728
 30
0.0
 10
-1.9699
 20
0.95956
 30
0.0
 10
-2.13395
 20
0.96943
 30
0.0
 10
-2.1992
 20
0.95391
 30
0.0
 10
-2.1992
 20
0.95391
 30
0.0
 10
-2.20062
 20
0.81633
 30
0.0
 10
-2.1992
 20
0.67875
 30
0.0
 10
-2.20098
 20
0.54081
 30
0.0
 10
-2.20098
 20
0.54081
 30
0.0
 10
-2.141
 20
0.54785
 30
0.0
 10
-2.08104
 20
0.55986
 30
0.0
 10
-2.02035
 20
0.5602
 30
0.0
 10
-2.02035
 20
0.5602
 30
0.0
 10
-1.97484
 20
0.44838
 30
0.0
 10
-2.13571
 20
0.47308
 30
0.0
 10
-2.20098
 20
0.44131
 30
0.0
 10
-2.20098
 20
0.44131
 30
0.0
 10
-2.19991
 20
0.31925
 30
0.0
 10
-2.19991
 20
0.19719
 30
0.0
 10
-2.20027
 20
0.07513
 30
0.0
 10
-2.20027
 20
0.07513
 30
0.0
 10
-2.03093
 20
0.07654
 30
0.0
 10
-1.8616
 20
0.07443
 30
0.0
 10
-1.69228
 20
0.07691
 30
0.0
 10
-1.69228
 20
0.07691
 30
0.0
 10
-1.65311
 20
0.14252
 30
0.0
 10
-1.64606
 20
0.29457
 30
0.0
 10
-1.53704
 20
0.22577
 30
0.0
 10
-1.53704
 20
0.22577
 30
0.0
 10
-1.55117
 20
0.17463
 30
0.0
 10
-1.57373
 20
0.12593
 30
0.0
 10
-1.59349
 20
0.07654
 30
0.0
 10
-1.59349
 20
0.07654
 30
0.0
 10
-1.46473
 20
0.0762
 30
0.0
 10
-1.33631
 20
0.07408
 30
0.0
 10
-1.20755
 20
0.07832
 30
0.0
 10
-1.20755
 20
0.07832
 30
0.0
 10
-1.18251
 20
0.13687
 30
0.0
 10
-1.15746
 20
0.19543
 30
0.0
 10
-1.13276
 20
0.254
 30
0.0
 10
-1.13276
 20
0.254
 30
0.0
 10
-1.022
 20
0.24835
 30
0.0
 10
-1.08654
 20
0.14252
 30
0.0
 10
-1.09361
 20
0.07338
 30
0.0
 10
-1.09361
 20
0.07338
 30
0.0
 10
-0.97225
 20
0.07691
 30
0.0
 10
-0.8509
 20
0.0762
 30
0.0
 10
-0.72955
 20
0.07513
 30
0.0
 10
-0.72955
 20
0.07513
 30
0.0
 10
-0.69215
 20
0.14817
 30
0.0
 10
-0.67627
 20
0.24411
 30
0.0
 10
-0.58561
 20
0.27023
 30
0.0
 10
-0.58561
 20
0.27023
 30
0.0
 10
-0.58278
 20
0.20214
 30
0.0
 10
-0.59548
 20
0.13652
 30
0.0
 10
-0.62371
 20
0.07338
 30
0.0
 10
-0.62371
 20
0.07338
 30
0.0
 10
-0.49635
 20
0.07691
 30
0.0
 10
-0.369
 20
0.07549
 30
0.0
 10
-0.24165
 20
0.07691
 30
0.0
 10
-0.24165
 20
0.07691
 30
0.0
 10
-0.21836
 20
0.13299
 30
0.0
 10
-0.19543
 20
0.18908
 30
0.0
 10
-0.17356
 20
0.24589
 30
0.0
 10
-0.17356
 20
0.24589
 30
0.0
 10
-0.15205
 20
0.24165
 30
0.0
 10
-0.10865
 20
0.23283
 30
0.0
 10
-0.08714
 20
0.22859
 30
0.0
 10
-0.08714
 20
0.22859
 30
0.0
 10
-0.10548
 20
0.1778
 30
0.0
 10
-0.12488
 20
0.12734
 30
0.0
 10
-0.14357
 20
0.0762
 30
0.0
 10
-0.14357
 20
0.0762
 30
0.0
 10
-0.01551
 20
0.07584
 30
0.0
 10
0.11289
 20
0.07408
 30
0.0
 10
0.24095
 20
0.07902
 30
0.0
 10
0.24095
 20
0.07902
 30
0.0
 10
0.26492
 20
0.13475
 30
0.0
 10
0.28575
 20
0.1919
 30
0.0
 10
0.31503
 20
0.24518
 30
0.0
 10
0.31503
 20
0.24518
 30
0.0
 10
0.43427
 20
0.27023
 30
0.0
 10
0.35277
 20
0.13545
 30
0.0
 10
0.35382
 20
0.07267
 30
0.0
 10
0.35382
 20
0.07267
 30
0.0
 10
0.47201
 20
0.07832
 30
0.0
 10
0.59055
 20
0.07231
 30
0.0
 10
0.70872
 20
0.07761
 30
0.0
 10
0.70872
 20
0.07761
 30
0.0
 10
0.77223
 20
0.1277
 30
0.0
 10
0.75318
 20
0.25435
 30
0.0
 10
0.85619
 20
0.25541
 30
0.0
 10
0.85619
 20
0.25541
 30
0.0
 10
0.86783
 20
0.19227
 30
0.0
 10
0.85653
 20
0.13158
 30
0.0
 10
0.82232
 20
0.07408
 30
0.0
 10
0.82232
 20
0.07408
 30
0.0
 10
0.94967
 20
0.07691
 30
0.0
 10
1.07667
 20
0.07513
 30
0.0
 10
1.20402
 20
0.07654
 30
0.0
 10
1.20402
 20
0.07654
 30
0.0
 10
1.24424
 20
0.14252
 30
0.0
 10
1.24989
 20
0.28821
 30
0.0
 10
1.35819
 20
0.23001
 30
0.0
 10
1.35819
 20
0.23001
 30
0.0
 10
1.34513
 20
0.17709
 30
0.0
 10
1.32362
 20
0.127
 30
0.0
 10
1.30703
 20
0.07479
 30
0.0
 10
1.30703
 20
0.07479
 30
0.0
 10
1.4344
 20
0.0762
 30
0.0
 10
1.56245
 20
0.07443
 30
0.0
 10
1.69016
 20
0.07832
 30
0.0
 10
1.69016
 20
0.07832
 30
0.0
 10
1.71309
 20
0.13404
 30
0.0
 10
1.73389
 20
0.19085
 30
0.0
 10
1.76247
 20
0.24411
 30
0.0
 10
1.76247
 20
0.24411
 30
0.0
 10
1.88207
 20
0.26987
 30
0.0
 10
1.80622
 20
0.13334
 30
0.0
 10
1.78929
 20
0.07479
 30
0.0
 10
1.78929
 20
0.07479
 30
0.0
 10
1.91805
 20
0.07654
 30
0.0
 10
2.04681
 20
0.07584
 30
0.0
 10
2.17557
 20
0.07549
 30
0.0
 10
2.17557
 20
0.07549
 30
0.0
 10
2.17452
 20
0.19826
 30
0.0
 10
2.17416
 20
0.32103
 30
0.0
 10
2.17699
 20
0.44343
 30
0.0
 10
2.17699
 20
0.44343
 30
0.0
 10
2.11067
 20
0.45931
 30
0.0
 10
2.04435
 20
0.47483
 30
0.0
 10
1.97838
 20
0.49142
 30
0.0
 10
1.97838
 20
0.49142
 30
0.0
 10
1.98825
 20
0.60395
 30
0.0
 10
2.10326
 20
0.54397
 30
0.0
 10
2.17699
 20
0.54151
 30
0.0
 10
2.17699
 20
0.54151
 30
0.0
 10
2.17382
 20
0.67909
 30
0.0
 10
2.17557
 20
0.81633
 30
0.0
 10
2.17416
 20
0.95355
 30
0.0
 10
2.17416
 20
0.95355
 30
0.0
 10
2.0962
 20
0.96908
 30
0.0
 10
1.96249
 20
0.95885
 30
0.0
 10
1.9879
 20
1.07772
 30
0.0
 10
1.9879
 20
1.07772
 30
0.0
 10
2.05034
 20
1.0668
 30
0.0
 10
2.11313
 20
1.05445
 30
0.0
 10
2.17523
 20
1.04069
 30
0.0
 10
2.17523
 20
1.04069
 30
0.0
 10
2.17487
 20
1.17863
 30
0.0
 10
2.17487
 20
1.31655
 30
0.0
 10
2.17594
 20
1.4545
 30
0.0
 10
2.17594
 20
1.4545
 30
0.0
 10
2.11242
 20
1.46861
 30
0.0
 10
2.04964
 20
1.48412
 30
0.0
 10
1.9872
 20
1.50071
 30
0.0
 10
1.9872
 20
1.50071
 30
0.0
 10
1.98931
 20
1.51977
 30
0.0
 10
1.99354
 20
1.55821
 30
0.0
 10
1.99565
 20
1.57726
 30
0.0
 10
1.99565
 20
1.57726
 30
0.0
 10
2.05563
 20
1.56986
 30
0.0
 10
2.11561
 20
1.56138
 30
0.0
 10
2.17557
 20
1.55292
 30
0.0
 10
2.17557
 20
1.55292
 30
0.0
 10
2.17487
 20
1.68804
 30
0.0
 10
2.17452
 20
1.8235
 30
0.0
 10
2.17628
 20
1.95862
 30
0.0
 10
2.17628
 20
1.95862
 30
0.0
 10
2.11242
 20
1.97343
 30
0.0
 10
2.04857
 20
1.98861
 30
0.0
 10
1.98508
 20
2.00342
 30
0.0
 10
1.98508
 20
2.00342
 30
0.0
 10
1.97167
 20
2.12336
 30
0.0
 10
2.10502
 20
2.05634
 30
0.0
 10
2.17628
 20
2.05563
 30
0.0
 10
2.17628
 20
2.05563
 30
0.0
 10
2.17416
 20
2.19392
 30
0.0
 10
2.17594
 20
2.33186
 30
0.0
 10
2.17382
 20
2.46979
 30
0.0
 10
2.17382
 20
2.46979
 30
0.0
 10
2.11101
 20
2.48038
 30
0.0
 10
2.04893
 20
2.49132
 30
0.0
 10
1.98683
 20
2.50225
 30
0.0
 10
1.98683
 20
2.50225
 30
0.0
 10
1.99107
 20
2.53152
 30
0.0
 10
1.99672
 20
2.56046
 30
0.0
 10
2.00447
 20
2.58903
 30
0.0
 10
2.00447
 20
2.58903
 30
0.0
 10
2.06162
 20
2.57986
 30
0.0
 10
2.11878
 20
2.56892
 30
0.0
 10
2.17557
 20
2.55551
 30
0.0
 10
2.17557
 20
2.55551
 30
0.0
 10
2.17452
 20
2.69309
 30
0.0
 10
2.17452
 20
2.83069
 30
0.0
 10
2.17557
 20
2.96827
 30
0.0
 10
2.17557
 20
2.96827
 30
0.0
 10
2.10467
 20
2.98591
 30
0.0
 10
2.03341
 20
3.00284
 30
0.0
 10
1.96497
 20
3.02753
 30
0.0
 10
1.96497
 20
3.02753
 30
0.0
 10
2.00235
 20
3.13195
 30
0.0
 10
2.10255
 20
3.07092
 30
0.0
 10
2.17452
 20
3.05822
 30
0.0
 10
2.17452
 20
3.05822
 30
0.0
 10
2.17523
 20
3.1958
 30
0.0
 10
2.17382
 20
3.33375
 30
0.0
 10
2.17628
 20
3.47132
 30
0.0
 10
2.17628
 20
3.47132
 30
0.0
 10
2.11454
 20
3.49108
 30
0.0
 10
2.04116
 20
3.49144
 30
0.0
 10
1.98931
 20
3.53236
 30
0.0
 10
1.98931
 20
3.53236
 30
0.0
 10
1.96532
 20
3.64243
 30
0.0
 10
2.11525
 20
3.56517
 30
0.0
 10
2.17664
 20
3.57011
 30
0.0
 10
2.17664
 20
3.57011
 30
0.0
 10
2.17416
 20
3.70628
 30
0.0
 10
2.17523
 20
3.84245
 30
0.0
 10
2.17557
 20
3.97827
 30
0.0
 10
2.17557
 20
3.97827
 30
0.0
 10
2.10326
 20
4.00826
 30
0.0
 10
1.95333
 20
3.9818
 30
0.0
 10
1.9939
 20
4.10386
 30
0.0
 10
1.9939
 20
4.10386
 30
0.0
 10
2.05458
 20
4.09468
 30
0.0
 10
2.11525
 20
4.08374
 30
0.0
 10
2.17557
 20
4.0707
 30
0.0
 10
2.17557
 20
4.0707
 30
0.0
 10
2.17487
 20
4.1977
 30
0.0
 10
2.17557
 20
4.32469
 30
0.0
 10
2.17346
 20
4.45169
 30
0.0
 10
2.17346
 20
4.45169
 30
0.0
 10
2.04964
 20
4.45028
 30
0.0
 10
1.9258
 20
4.45028
 30
0.0
 10
1.80199
 20
4.4524
 30
0.0
 10
1.80199
 20
4.4524
 30
0.0
 10
1.81256
 20
4.39773
 30
0.0
 10
1.8235
 20
4.34269
 30
0.0
 10
1.83303
 20
4.28766
 30
0.0
 10
1.83303
 20
4.28766
 30
0.0
 10
1.81539
 20
4.28625
 30
0.0
 10
1.78011
 20
4.28342
 30
0.0
 10
1.76247
 20
4.28201
 30
0.0
 10
1.76247
 20
4.28201
 30
0.0
 10
1.73531
 20
4.33916
 30
0.0
 10
1.71062
 20
4.39737
 30
0.0
 10
1.68098
 20
4.45276
 30
0.0
 10
1.68098
 20
4.45276
 30
0.0
 10
1.55716
 20
4.44994
 30
0.0
 10
1.43369
 20
4.45028
 30
0.0
 10
1.31022
 20
4.4524
 30
0.0
 10
1.31022
 20
4.4524
 30
0.0
 10
1.32608
 20
4.40019
 30
0.0
 10
1.34301
 20
4.34798
 30
0.0
 10
1.35924
 20
4.29577
 30
0.0
 10
1.35924
 20
4.29577
 30
0.0
 10
1.33984
 20
4.29119
 30
0.0
 10
1.30174
 20
4.28166
 30
0.0
 10
1.28235
 20
4.27708
 30
0.0
 10
1.28235
 20
4.27708
 30
0.0
 10
1.25552
 20
4.33492
 30
0.0
 10
1.22977
 20
4.39313
 30
0.0
 10
1.20368
 20
4.45099
 30
0.0
 10
1.20368
 20
4.45099
 30
0.0
 10
1.07809
 20
4.45099
 30
0.0
 10
0.9525
 20
4.45206
 30
0.0
 10
0.8269
 20
4.44816
 30
0.0
 10
0.8269
 20
4.44816
 30
0.0
 10
0.83855
 20
4.3942
 30
0.0
 10
0.92251
 20
4.26154
 30
0.0
 10
0.80644
 20
4.27848
 30
0.0
 10
0.80644
 20
4.27848
 30
0.0
 10
0.77187
 20
4.33458
 30
0.0
 10
0.74541
 20
4.3949
 30
0.0
 10
0.71508
 20
4.45311
 30
0.0
 10
0.71508
 20
4.45311
 30
0.0
 10
0.59548
 20
4.44958
 30
0.0
 10
0.47625
 20
4.45028
 30
0.0
 10
0.35665
 20
4.4524
 30
0.0
 10
0.35665
 20
4.4524
 30
0.0
 10
0.36583
 20
4.39666
 30
0.0
 10
0.37711
 20
4.34128
 30
0.0
 10
0.38099
 20
4.28483
 30
0.0
 10
0.38099
 20
4.28483
 30
0.0
 10
0.27834
 20
4.25272
 30
0.0
 10
0.27975
 20
4.39702
 30
0.0
 10
0.2293
 20
4.45276
 30
0.0
 10
0.2293
 20
4.45276
 30
0.0
 10
0.10759
 20
4.44994
 30
0.0
 10
-0.0141
 20
4.44994
 30
0.0
 10
-0.13545
 20
4.45276
 30
0.0
 10
-0.13545
 20
4.45276
 30
0.0
 10
-0.12135
 20
4.40019
 30
0.0
 10
-0.10583
 20
4.34798
 30
0.0
 10
-0.09418
 20
4.29436
 30
0.0
 10
-0.09418
 20
4.29436
 30
0.0
 10
-0.1979
 20
4.23721
 30
0.0
 10
-0.20319
 20
4.38996
 30
0.0
 10
-0.24482
 20
4.45099
 30
0.0
 10
-0.24482
 20
4.45099
 30
0.0
 10
-0.37112
 20
4.45065
 30
0.0
 10
-0.49705
 20
4.45028
 30
0.0
 10
-0.62301
 20
4.4524
 30
0.0
 10
-0.62301
 20
4.4524
 30
0.0
 10
-0.60537
 20
4.40055
 30
0.0
 10
-0.58878
 20
4.34833
 30
0.0
 10
-0.57221
 20
4.29577
 30
0.0
 10
-0.57221
 20
4.29577
 30
0.0
 10
-0.59124
 20
4.29083
 30
0.0
 10
-0.62864
 20
4.28096
 30
0.0
 10
-0.64769
 20
4.27601
 30
0.0
 10
-0.64769
 20
4.27601
 30
0.0
 10
-0.67486
 20
4.33492
 30
0.0
 10
-0.70202
 20
4.39349
 30
0.0
 10
-0.72989
 20
4.45206
 30
0.0
 10
-0.72989
 20
4.45206
 30
0.0
 10
-0.85619
 20
4.44994
 30
0.0
 10
-0.98212
 20
4.45028
 30
0.0
 10
-1.10771
 20
4.45276
 30
0.0
 10
-1.10771
 20
4.45276
 30
0.0
 10
-1.0929
 20
4.39949
 30
0.0
 10
-1.00858
 20
4.25484
 30
0.0
 10
-1.12818
 20
4.28201
 30
0.0
 10
-1.12818
 20
4.28201
 30
0.0
 10
-1.1624
 20
4.3367
 30
0.0
 10
-1.18604
 20
4.39666
 30
0.0
 10
-1.21742
 20
4.4524
 30
0.0
 10
-1.21742
 20
4.4524
 30
0.0
 10
-1.34126
 20
4.44994
 30
0.0
 10
-1.46507
 20
4.45065
 30
0.0
 10
-1.58855
 20
4.45169
 30
0.0
  0
SPLINE
  5
4D
330
1F
100
AcDbEntity
  8
Camada 1
100
AcDbSpline
210
0.0
220
0.0
230
1.0
 70
    11
 71
     3
 72
    40
 73
    36
 74
     0
 42
0.0000000001
 43
0.0000000001
 12
1.0
 22
0.0
 32
0.0
 13
1.0
 23
0.0
 33
0.0
 40
0.0
 40
0.0
 40
0.0
 40
0.0
 40
0.1
 40
0.1
 40
0.1
 40
0.1
 40
0.2
 40
0.2
 40
0.2
 40
0.2
 40
0.3
 40
0.3
 40
0.3
 40
0.3
 40
0.4
 40
0.4
 40
0.4
 40
0.4
 40
0.5
 40
0.5
 40
0.5
 40
0.5
 40
0.6
 40
0.6
 40
0.6
 40
0.6
 40
0.7
 40
0.7
 40
0.7
 40
0.7
 40
0.8
 40
0.8
 40
0.8
 40
0.8
 40
1.0
 40
1.0
 40
1.0
 40
1.0
 10
3.5133
 20
4.27955
 30
0.0
 10
3.5133
 20
4.27955
 30
0.0
 10
3.5133
 20
4.27955
 30
0.0
 10
3.5133
 20
4.27955
 30
0.0
 10
3.5133
 20
4.27955
 30
0.0
 10
3.38912
 20
4.28449
 30
0.0
 10
3.51225
 20
4.41359
 30
0.0
 10
3.55211
 20
4.45206
 30
0.0
 10
3.55211
 20
4.45206
 30
0.0
 10
3.43429
 20
4.44923
 30
0.0
 10
3.31645
 20
4.45452
 30
0.0
 10
3.19863
 20
4.44923
 30
0.0
 10
3.19863
 20
4.44923
 30
0.0
 10
3.12596
 20
4.39103
 30
0.0
 10
3.07622
 20
4.30635
 30
0.0
 10
2.99154
 20
4.26084
 30
0.0
 10
2.99154
 20
4.26084
 30
0.0
 10
3.00884
 20
4.09434
 30
0.0
 10
2.95063
 20
3.90913
 30
0.0
 10
3.02506
 20
3.75462
 30
0.0
 10
3.02506
 20
3.75462
 30
0.0
 10
3.25402
 20
3.76344
 30
0.0
 10
3.48402
 20
3.76414
 30
0.0
 10
3.71298
 20
3.75425
 30
0.0
 10
3.71298
 20
3.75425
 30
0.0
 10
3.73308
 20
3.7913
 30
0.0
 10
3.76061
 20
3.82905
 30
0.0
 10
3.74967
 20
3.87456
 30
0.0
 10
3.74967
 20
3.87456
 30
0.0
 10
3.74896
 20
4.07141
 30
0.0
 10
3.75072
 20
4.2679
 30
0.0
 10
3.74791
 20
4.46475
 30
0.0
 10
3.74791
 20
4.46475
 30
0.0
 10
3.63573
 20
4.45347
 30
0.0
 10
3.59197
 20
4.34269
 30
0.0
 10
3.5133
 20
4.27955
 30
0.0
  0
SPLINE
  5
4E
330
1F
100
AcDbEntity
  8
Camada 1
100
AcDbSpline
210
0.0
220
0.0
230
1.0
 70
    11
 71
     3
 72
   208
 73
   204
 74
     0
 42
0.0000000001
 43
0.0000000001
 12
1.0
 22
0.0
 32
0.0
 13
1.0
 23
0.0
 33
0.0
 40
0.0
 40
0.0
 40
0.0
 40
0.0
 40
0.0192307692307692
 40
0.0192307692307692
 40
0.0192307692307692
 40
0.0192307692307692
 40
0.0384615384615385
 40
0.0384615384615385
 40
0.0384615384615385
 40
0.0384615384615385
 40
0.0576923076923077
 40
0.0576923076923077
 40
0.0576923076923077
 40
0.0576923076923077
 40
0.0769230769230769
 40
0.0769230769230769
 40
0.0769230769230769
 40
0.0769230769230769
 40
0.0961538461538462
 40
0.0961538461538462
 40
0.0961538461538462
 40
0.0961538461538462
 40
0.1153846153846154
 40
0.1153846153846154
 40
0.1153846153846154
 40
0.1153846153846154
 40
0.1346153846153846
 40
0.1346153846153846
 40
0.1346153846153846
 40
0.1346153846153846
 40
0.1538461538461539
 40
0.1538461538461539
 40
0.1538461538461539
 40
0.1538461538461539
 40
0.1730769230769231
 40
0.1730769230769231
 40
0.1730769230769231
 40
0.1730769230769231
 40
0.1923076923076923
 40
0.1923076923076923
 40
0.1923076923076923
 40
0.1923076923076923
 40
0.2115384615384615
 40
0.2115384615384615
 40
0.2115384615384615
 40
0.2115384615384615
 40
0.2307692307692308
 40
0.2307692307692308
 40
0.2307692307692308
 40
0.2307692307692308
 40
0.25
 40
0.25
 40
0.25
 40
0.25
 40
0.2692307692307692
 40
0.2692307692307692
 40
0.2692307692307692
 40
0.2692307692307692
 40
0.2884615384615384
 40
0.2884615384615384
 40
0.2884615384615384
 40
0.2884615384615384
 40
0.3076923076923077
 40
0.3076923076923077
 40
0.3076923076923077
 40
0.3076923076923077
 40
0.3269230769230769
 40
0.3269230769230769
 40
0.3269230769230769
 40
0.3269230769230769
 40
0.3461538461538461
 40
0.3461538461538461
 40
0.3461538461538461
 40
0.3461538461538461
 40
0.3653846153846154
 40
0.3653846153846154
 40
0.3653846153846154
 40
0.3653846153846154
 40
0.3846153846153846
 40
0.3846153846153846
 40
0.3846153846153846
 40
0.3846153846153846
 40
0.4038461538461539
 40
0.4038461538461539
 40
0.4038461538461539
 40
0.4038461538461539
 40
0.4230769230769231
 40
0.4230769230769231
 40
0.4230769230769231
 40
0.4230769230769231
 40
0.4423076923076923
 40
0.4423076923076923
 40
0.4423076923076923
 40
0.4423076923076923
 40
0.4615384615384616
 40
0.4615384615384616
 40
0.4615384615384616
 40
0.4615384615384616
 40
0.4807692307692308
 40
0.4807692307692308
 40
0.4807692307692308
 40
0.4807692307692308
 40
0.5
 40
0.5
 40
0.5
 40
0.5
 40
0.5192307692307693
 40
0.5192307692307693
 40
0.5192307692307693
 40
0.5192307692307693
 40
0.5384615384615384
 40
0.5384615384615384
 40
0.5384615384615384
 40
0.5384615384615384
 40
0.5576923076923077
 40
0.5576923076923077
 40
0.5576923076923077
 40
0.5576923076923077
 40
0.5769230769230769
 40
0.5769230769230769
 40
0.5769230769230769
 40
0.5769230769230769
 40
0.5961538461538461
 40
0.5961538461538461
 40
0.5961538461538461
 40
0.5961538461538461
 40
0.6153846153846154
 40
0.6153846153846154
 40
0.6153846153846154
 40
0.6153846153846154
 40
0.6346153846153846
 40
0.6346153846153846
 40
0.6346153846153846
 40
0.6346153846153846
 40
0.6538461538461539
 40
0.6538461538461539
 40
0.6538461538461539
 40
0.6538461538461539
 40
0.6730769230769231
 40
0.6730769230769231
 40
0.6730769230769231
 40
0.6730769230769231
 40
0.6923076923076923
 40
0.6923076923076923
 40
0.6923076923076923
 40
0.6923076923076923
 40
0.7115384615384616
 40
0.7115384615384616
 40
0.7115384615384616
 40
0.7115384615384616
 40
0.7307692307692307
 40
0.7307692307692307
 40
0.7307692307692307
 40
0.7307692307692307
 40
0.75
 40
0.75
 40
0.75
 40
0.75
 40
0.7692307692307693
 40
0.7692307692307693
 40
0.7692307692307693
 40
0.7692307692307693
 40
0.7884615384615384
 40
0.7884615384615384
 40
0.7884615384615384
 40
0.7884615384615384
 40
0.8076923076923077
 40
0.8076923076923077
 40
0.8076923076923077
 40
0.8076923076923077
 40
0.8269230769230769
 40
0.8269230769230769
 40
0.8269230769230769
 40
0.8269230769230769
 40
0.8461538461538461
 40
0.8461538461538461
 40
0.8461538461538461
 40
0.8461538461538461
 40
0.8653846153846154
 40
0.8653846153846154
 40
0.8653846153846154
 40
0.8653846153846154
 40
0.8846153846153846
 40
0.8846153846153846
 40
0.8846153846153846
 40
0.8846153846153846
 40
0.9038461538461539
 40
0.9038461538461539
 40
0.9038461538461539
 40
0.9038461538461539
 40
0.9230769230769231
 40
0.9230769230769231
 40
0.9230769230769231
 40
0.9230769230769231
 40
0.9423076923076923
 40
0.9423076923076923
 40
0.9423076923076923
 40
0.9423076923076923
 40
0.9615384615384616
 40
0.9615384615384616
 40
0.9615384615384616
 40
0.9615384615384616
 40
1.0
 40
1.0
 40
1.0
 40
1.0
 10
2.30857
 20
3.76414
 30
0.0
 10
2.30857
 20
3.76414
 30
0.0
 10
2.30857
 20
3.76414
 30
0.0
 10
2.30857
 20
3.76414
 30
0.0
 10
2.30857
 20
3.76414
 30
0.0
 10
2.30893
 20
3.69147
 30
0.0
 10
2.30928
 20
3.61879
 30
0.0
 10
2.30893
 20
3.54646
 30
0.0
 10
2.30893
 20
3.54646
 30
0.0
 10
2.38794
 20
3.53236
 30
0.0
 10
2.52095
 20
3.57292
 30
0.0
 10
2.50367
 20
3.44769
 30
0.0
 10
2.50367
 20
3.44769
 30
0.0
 10
2.4384
 20
3.44769
 30
0.0
 10
2.37348
 20
3.4491
 30
0.0
 10
2.30857
 20
3.45122
 30
0.0
 10
2.30857
 20
3.45122
 30
0.0
 10
2.30964
 20
3.31611
 30
0.0
 10
2.30928
 20
3.18099
 30
0.0
 10
2.30823
 20
3.04587
 30
0.0
 10
2.30823
 20
3.04587
 30
0.0
 10
2.5333
 20
2.99966
 30
0.0
 10
2.76331
 20
3.0113
 30
0.0
 10
2.99154
 20
3.01237
 30
0.0
 10
2.99154
 20
3.01237
 30
0.0
 10
2.99049
 20
2.7626
 30
0.0
 10
2.99084
 20
2.51283
 30
0.0
 10
2.99154
 20
2.26306
 30
0.0
 10
2.99154
 20
2.26306
 30
0.0
 10
2.76436
 20
2.26272
 30
0.0
 10
2.53753
 20
2.26165
 30
0.0
 10
2.31069
 20
2.26377
 30
0.0
 10
2.31069
 20
2.26377
 30
0.0
 10
2.30928
 20
2.18651
 30
0.0
 10
2.30893
 20
2.10889
 30
0.0
 10
2.30823
 20
2.03129
 30
0.0
 10
2.30823
 20
2.03129
 30
0.0
 10
2.37101
 20
2.02776
 30
0.0
 10
2.43346
 20
2.02459
 30
0.0
 10
2.49624
 20
2.01719
 30
0.0
 10
2.49624
 20
2.01719
 30
0.0
 10
2.53223
 20
1.88595
 30
0.0
 10
2.38478
 20
1.94239
 30
0.0
 10
2.30823
 20
1.93498
 30
0.0
 10
2.30823
 20
1.93498
 30
0.0
 10
2.30964
 20
1.80021
 30
0.0
 10
2.30998
 20
1.66511
 30
0.0
 10
2.30823
 20
1.53034
 30
0.0
 10
2.30823
 20
1.53034
 30
0.0
 10
2.53434
 20
1.49294
 30
0.0
 10
2.76365
 20
1.50953
 30
0.0
 10
2.99191
 20
1.506
 30
0.0
 10
2.99191
 20
1.506
 30
0.0
 10
2.99049
 20
1.25694
 30
0.0
 10
2.99013
 20
1.00787
 30
0.0
 10
2.99191
 20
0.75917
 30
0.0
 10
2.99191
 20
0.75917
 30
0.0
 10
2.76401
 20
0.75952
 30
0.0
 10
2.53646
 20
0.75881
 30
0.0
 10
2.30857
 20
0.75952
 30
0.0
 10
2.30857
 20
0.75952
 30
0.0
 10
2.30893
 20
0.67839
 30
0.0
 10
2.30928
 20
0.59689
 30
0.0
 10
2.30964
 20
0.5154
 30
0.0
 10
2.30964
 20
0.5154
 30
0.0
 10
2.37489
 20
0.51187
 30
0.0
 10
2.44086
 20
0.50765
 30
0.0
 10
2.50684
 20
0.50236
 30
0.0
 10
2.50684
 20
0.50236
 30
0.0
 10
2.50859
 20
0.38206
 30
0.0
 10
2.39112
 20
0.42367
 30
0.0
 10
2.31069
 20
0.41697
 30
0.0
 10
2.31069
 20
0.41697
 30
0.0
 10
2.30645
 20
0.30302
 30
0.0
 10
2.30998
 20
0.18908
 30
0.0
 10
2.30964
 20
0.07513
 30
0.0
 10
2.30964
 20
0.07513
 30
0.0
 10
2.40347
 20
0.07584
 30
0.0
 10
2.49731
 20
0.07584
 30
0.0
 10
2.59115
 20
0.0762
 30
0.0
 10
2.59115
 20
0.0762
 30
0.0
 10
2.55164
 20
0.13404
 30
0.0
 10
2.43416
 20
0.20143
 30
0.0
 10
2.53118
 20
0.27023
 30
0.0
 10
2.53118
 20
0.27023
 30
0.0
 10
2.59326
 20
0.20778
 30
0.0
 10
2.65041
 20
0.14076
 30
0.0
 10
2.70791
 20
0.07372
 30
0.0
 10
2.70791
 20
0.07372
 30
0.0
 10
2.80246
 20
0.0762
 30
0.0
 10
2.89701
 20
0.07691
 30
0.0
 10
2.99191
 20
0.07267
 30
0.0
 10
2.99191
 20
0.07267
 30
0.0
 10
2.98238
 20
0.29986
 30
0.0
 10
3.00036
 20
0.5274
 30
0.0
 10
2.99366
 20
0.75494
 30
0.0
 10
2.99366
 20
0.75494
 30
0.0
 10
3.2445
 20
0.7553
 30
0.0
 10
3.49566
 20
0.75564
 30
0.0
 10
3.7465
 20
0.75494
 30
0.0
 10
3.7465
 20
0.75494
 30
0.0
 10
3.74543
 20
0.52846
 30
0.0
 10
3.7465
 20
0.30198
 30
0.0
 10
3.74543
 20
0.07549
 30
0.0
 10
3.74543
 20
0.07549
 30
0.0
 10
3.84386
 20
0.0762
 30
0.0
 10
3.94229
 20
0.07654
 30
0.0
 10
4.04071
 20
0.07513
 30
0.0
 10
4.04071
 20
0.07513
 30
0.0
 10
4.0012
 20
0.12347
 30
0.0
 10
3.9504
 20
0.16615
 30
0.0
 10
3.92994
 20
0.22684
 30
0.0
 10
3.92994
 20
0.22684
 30
0.0
 10
4.04001
 20
0.29209
 30
0.0
 10
4.08057
 20
0.12417
 30
0.0
 10
4.15854
 20
0.07937
 30
0.0
 10
4.15854
 20
0.07937
 30
0.0
 10
4.27601
 20
0.0695
 30
0.0
 10
4.39384
 20
0.07866
 30
0.0
 10
4.51167
 20
0.07584
 30
0.0
 10
4.51167
 20
0.07584
 30
0.0
 10
4.47852
 20
0.12276
 30
0.0
 10
4.4457
 20
0.16932
 30
0.0
 10
4.41254
 20
0.21554
 30
0.0
 10
4.41254
 20
0.21554
 30
0.0
 10
4.43406
 20
0.22825
 30
0.0
 10
4.47781
 20
0.25293
 30
0.0
 10
4.49932
 20
0.26563
 30
0.0
 10
4.49932
 20
0.26563
 30
0.0
 10
4.50427
 20
0.44908
 30
0.0
 10
4.49862
 20
0.63253
 30
0.0
 10
4.49333
 20
0.81562
 30
0.0
 10
4.49333
 20
0.81562
 30
0.0
 10
4.49333
 20
0.81562
 30
0.0
 10
4.46017
 20
0.75952
 30
0.0
 10
4.46017
 20
0.75952
 30
0.0
 10
4.46017
 20
0.75952
 30
0.0
 10
4.2231
 20
0.75742
 30
0.0
 10
3.98604
 20
0.76022
 30
0.0
 10
3.74896
 20
0.75917
 30
0.0
 10
3.74896
 20
0.75917
 30
0.0
 10
3.74967
 20
1.00824
 30
0.0
 10
3.74931
 20
1.25694
 30
0.0
 10
3.74896
 20
1.506
 30
0.0
 10
3.74896
 20
1.506
 30
0.0
 10
3.97544
 20
1.50671
 30
0.0
 10
4.20158
 20
1.50566
 30
0.0
 10
4.42806
 20
1.50495
 30
0.0
 10
4.42806
 20
1.50495
 30
0.0
 10
4.47993
 20
1.51306
 30
0.0
 10
4.52049
 20
1.56845
 30
0.0
 10
4.50144
 20
1.62172
 30
0.0
 10
4.50144
 20
1.62172
 30
0.0
 10
4.50108
 20
1.82597
 30
0.0
 10
4.49579
 20
2.03022
 30
0.0
 10
4.50391
 20
2.23414
 30
0.0
 10
4.50391
 20
2.23414
 30
0.0
 10
4.46439
 20
2.25036
 30
0.0
 10
4.42348
 20
2.26976
 30
0.0
 10
4.37902
 20
2.26306
 30
0.0
 10
4.37902
 20
2.26306
 30
0.0
 10
4.16913
 20
2.26342
 30
0.0
 10
3.95922
 20
2.26165
 30
0.0
 10
3.74896
 20
2.26306
 30
0.0
 10
3.74896
 20
2.26306
 30
0.0
 10
3.74931
 20
2.51283
 30
0.0
 10
3.74967
 20
2.76224
 30
0.0
 10
3.74896
 20
3.01201
 30
0.0
 10
3.74896
 20
3.01201
 30
0.0
 10
3.99908
 20
3.01271
 30
0.0
 10
4.24956
 20
3.00813
 30
0.0
 10
4.49932
 20
3.01449
 30
0.0
 10
4.49932
 20
3.01449
 30
0.0
 10
4.50179
 20
3.24131
 30
0.0
 10
4.49791
 20
3.46816
 30
0.0
 10
4.50179
 20
3.695
 30
0.0
 10
4.50179
 20
3.695
 30
0.0
 10
4.48415
 20
3.71863
 30
0.0
 10
4.46651
 20
3.74227
 30
0.0
 10
4.44887
 20
3.7659
 30
0.0
 10
4.44887
 20
3.7659
 30
0.0
 10
4.23898
 20
3.76061
 30
0.0
 10
4.02872
 20
3.76307
 30
0.0
 10
3.81881
 20
3.76449
 30
0.0
 10
3.81881
 20
3.76449
 30
0.0
 10
3.79377
 20
3.7458
 30
0.0
 10
3.76872
 20
3.72745
 30
0.0
 10
3.74368
 20
3.70874
 30
0.0
 10
3.74368
 20
3.70874
 30
0.0
 10
3.7486
 20
3.47698
 30
0.0
 10
3.74543
 20
3.2452
 30
0.0
 10
3.7458
 20
3.01342
 30
0.0
 10
3.7458
 20
3.01342
 30
0.0
 10
3.49496
 20
3.01201
 30
0.0
 10
3.24414
 20
3.01201
 30
0.0
 10
2.99366
 20
3.01342
 30
0.0
 10
2.99366
 20
3.01342
 30
0.0
 10
2.99966
 20
3.25825
 30
0.0
 10
2.9785
 20
3.50414
 30
0.0
 10
3.00777
 20
3.74791
 30
0.0
 10
3.00777
 20
3.74791
 30
0.0
 10
2.776
 20
3.77895
 30
0.0
 10
2.54141
 20
3.75567
 30
0.0
 10
2.30857
 20
3.76414
 30
0.0
  0
SPLINE
  5
4F
330
1F
100
AcDbEntity
  8
Camada 1
100
AcDbSpline
210
0.0
220
0.0
230
1.0
 70
    11
 71
     3
 72
   368
 73
   364
 74
     0
 42
0.0000000001
 43
0.0000000001
 12
1.0
 22
0.0
 32
0.0
 13
1.0
 23
0.0
 33
0.0
 40
0.0
 40
0.0
 40
0.0
 40
0.0
 40
0.0108695652173913
 40
0.0108695652173913
 40
0.0108695652173913
 40
0.0108695652173913
 40
0.0217391304347826
 40
0.0217391304347826
 40
0.0217391304347826
 40
0.0217391304347826
 40
0.0326086956521739
 40
0.0326086956521739
 40
0.0326086956521739
 40
0.0326086956521739
 40
0.0434782608695652
 40
0.0434782608695652
 40
0.0434782608695652
 40
0.0434782608695652
 40
0.0543478260869565
 40
0.0543478260869565
 40
0.0543478260869565
 40
0.0543478260869565
 40
0.0652173913043478
 40
0.0652173913043478
 40
0.0652173913043478
 40
0.0652173913043478
 40
0.0760869565217391
 40
0.0760869565217391
 40
0.0760869565217391
 40
0.0760869565217391
 40
0.0869565217391304
 40
0.0869565217391304
 40
0.0869565217391304
 40
0.0869565217391304
 40
0.0978260869565217
 40
0.0978260869565217
 40
0.0978260869565217
 40
0.0978260869565217
 40
0.108695652173913
 40
0.108695652173913
 40
0.108695652173913
 40
0.108695652173913
 40
0.1195652173913044
 40
0.1195652173913044
 40
0.1195652173913044
 40
0.1195652173913044
 40
0.1304347826086956
 40
0.1304347826086956
 40
0.1304347826086956
 40
0.1304347826086956
 40
0.1413043478260869
 40
0.1413043478260869
 40
0.1413043478260869
 40
0.1413043478260869
 40
0.1521739130434783
 40
0.1521739130434783
 40
0.1521739130434783
 40
0.1521739130434783
 40
0.1630434782608696
 40
0.1630434782608696
 40
0.1630434782608696
 40
0.1630434782608696
 40
0.1739130434782609
 40
0.1739130434782609
 40
0.1739130434782609
 40
0.1739130434782609
 40
0.1847826086956522
 40
0.1847826086956522
 40
0.1847826086956522
 40
0.1847826086956522
 40
0.1956521739130435
 40
0.1956521739130435
 40
0.1956521739130435
 40
0.1956521739130435
 40
0.2065217391304348
 40
0.2065217391304348
 40
0.2065217391304348
 40
0.2065217391304348
 40
0.2173913043478261
 40
0.2173913043478261
 40
0.2173913043478261
 40
0.2173913043478261
 40
0.2282608695652174
 40
0.2282608695652174
 40
0.2282608695652174
 40
0.2282608695652174
 40
0.2391304347826087
 40
0.2391304347826087
 40
0.2391304347826087
 40
0.2391304347826087
 40
0.25
 40
0.25
 40
0.25
 40
0.25
 40
0.2608695652173913
 40
0.2608695652173913
 40
0.2608695652173913
 40
0.2608695652173913
 40
0.2717391304347826
 40
0.2717391304347826
 40
0.2717391304347826
 40
0.2717391304347826
 40
0.2826086956521739
 40
0.2826086956521739
 40
0.2826086956521739
 40
0.2826086956521739
 40
0.2934782608695652
 40
0.2934782608695652
 40
0.2934782608695652
 40
0.2934782608695652
 40
0.3043478260869565
 40
0.3043478260869565
 40
0.3043478260869565
 40
0.3043478260869565
 40
0.3152173913043478
 40
0.3152173913043478
 40
0.3152173913043478
 40
0.3152173913043478
 40
0.3260869565217391
 40
0.3260869565217391
 40
0.3260869565217391
 40
0.3260869565217391
 40
0.3369565217391304
 40
0.3369565217391304
 40
0.3369565217391304
 40
0.3369565217391304
 40
0.3478260869565217
 40
0.3478260869565217
 40
0.3478260869565217
 40
0.3478260869565217
 40
0.358695652173913
 40
0.358695652173913
 40
0.358695652173913
 40
0.358695652173913
 40
0.3695652173913043
 40
0.3695652173913043
 40
0.3695652173913043
 40
0.3695652173913043
 40
0.3804347826086957
 40
0.3804347826086957
 40
0.3804347826086957
 40
0.3804347826086957
 40
0.391304347826087
 40
0.391304347826087
 40
0.391304347826087
 40
0.391304347826087
 40
0.4021739130434783
 40
0.4021739130434783
 40
0.4021739130434783
 40
0.4021739130434783
 40
0.4130434782608696
 40
0.4130434782608696
 40
0.4130434782608696
 40
0.4130434782608696
 40
0.4239130434782609
 40
0.4239130434782609
 40
0.4239130434782609
 40
0.4239130434782609
 40
0.4347826086956522
 40
0.4347826086956522
 40
0.4347826086956522
 40
0.4347826086956522
 40
0.4456521739130435
 40
0.4456521739130435
 40
0.4456521739130435
 40
0.4456521739130435
 40
0.4565217391304348
 40
0.4565217391304348
 40
0.4565217391304348
 40
0.4565217391304348
 40
0.4673913043478261
 40
0.4673913043478261
 40
0.4673913043478261
 40
0.4673913043478261
 40
0.4782608695652174
 40
0.4782608695652174
 40
0.4782608695652174
 40
0.4782608695652174
 40
0.4891304347826087
 40
0.4891304347826087
 40
0.4891304347826087
 40
0.4891304347826087
 40
0.5
 40
0.5
 40
0.5
 40
0.5
 40
0.5108695652173914
 40
0.5108695652173914
 40
0.5108695652173914
 40
0.5108695652173914
 40
0.5217391304347826
 40
0.5217391304347826
 40
0.5217391304347826
 40
0.5217391304347826
 40
0.532608695652174
 40
0.532608695652174
 40
0.532608695652174
 40
0.532608695652174
 40
0.5434782608695652
 40
0.5434782608695652
 40
0.5434782608695652
 40
0.5434782608695652
 40
0.5543478260869565
 40
0.5543478260869565
 40
0.5543478260869565
 40
0.5543478260869565
 40
0.5652173913043478
 40
0.5652173913043478
 40
0.5652173913043478
 40
0.5652173913043478
 40
0.5760869565217391
 40
0.5760869565217391
 40
0.5760869565217391
 40
0.5760869565217391
 40
0.5869565217391305
 40
0.5869565217391305
 40
0.5869565217391305
 40
0.5869565217391305
 40
0.5978260869565217
 40
0.5978260869565217
 40
0.5978260869565217
 40
0.5978260869565217
 40
0.6086956521739131
 40
0.6086956521739131
 40
0.6086956521739131
 40
0.6086956521739131
 40
0.6195652173913043
 40
0.6195652173913043
 40
0.6195652173913043
 40
0.6195652173913043
 40
0.6304347826086957
 40
0.6304347826086957
 40
0.6304347826086957
 40
0.6304347826086957
 40
0.6413043478260869
 40
0.6413043478260869
 40
0.6413043478260869
 40
0.6413043478260869
 40
0.6521739130434783
 40
0.6521739130434783
 40
0.6521739130434783
 40
0.6521739130434783
 40
0.6630434782608695
 40
0.6630434782608695
 40
0.6630434782608695
 40
0.6630434782608695
 40
0.6739130434782609
 40
0.6739130434782609
 40
0.6739130434782609
 40
0.6739130434782609
 40
0.6847826086956522
 40
0.6847826086956522
 40
0.6847826086956522
 40
0.6847826086956522
 40
0.6956521739130435
 40
0.6956521739130435
 40
0.6956521739130435
 40
0.6956521739130435
 40
0.7065217391304348
 40
0.7065217391304348
 40
0.7065217391304348
 40
0.7065217391304348
 40
0.717391304347826
 40
0.717391304347826
 40
0.717391304347826
 40
0.717391304347826
 40
0.7282608695652174
 40
0.7282608695652174
 40
0.7282608695652174
 40
0.7282608695652174
 40
0.7391304347826086
 40
0.7391304347826086
 40
0.7391304347826086
 40
0.7391304347826086
 40
0.75
 40
0.75
 40
0.75
 40
0.75
 40
0.7608695652173914
 40
0.7608695652173914
 40
0.7608695652173914
 40
0.7608695652173914
 40
0.7717391304347826
 40
0.7717391304347826
 40
0.7717391304347826
 40
0.7717391304347826
 40
0.782608695652174
 40
0.782608695652174
 40
0.782608695652174
 40
0.782608695652174
 40
0.7934782608695652
 40
0.7934782608695652
 40
0.7934782608695652
 40
0.7934782608695652
 40
0.8043478260869565
 40
0.8043478260869565
 40
0.8043478260869565
 40
0.8043478260869565
 40
0.8152173913043478
 40
0.8152173913043478
 40
0.8152173913043478
 40
0.8152173913043478
 40
0.8260869565217391
 40
0.8260869565217391
 40
0.8260869565217391
 40
0.8260869565217391
 40
0.8369565217391305
 40
0.8369565217391305
 40
0.8369565217391305
 40
0.8369565217391305
 40
0.8478260869565217
 40
0.8478260869565217
 40
0.8478260869565217
 40
0.8478260869565217
 40
0.8586956521739131
 40
0.8586956521739131
 40
0.8586956521739131
 40
0.8586956521739131
 40
0.8695652173913043
 40
0.8695652173913043
 40
0.8695652173913043
 40
0.8695652173913043
 40
0.8804347826086957
 40
0.8804347826086957
 40
0.8804347826086957
 40
0.8804347826086957
 40
0.8913043478260869
 40
0.8913043478260869
 40
0.8913043478260869
 40
0.8913043478260869
 40
0.9021739130434783
 40
0.9021739130434783
 40
0.9021739130434783
 40
0.9021739130434783
 40
0.9130434782608695
 40
0.9130434782608695
 40
0.9130434782608695
 40
0.9130434782608695
 40
0.9239130434782609
 40
0.9239130434782609
 40
0.9239130434782609
 40
0.9239130434782609
 40
0.9347826086956522
 40
0.9347826086956522
 40
0.9347826086956522
 40
0.9347826086956522
 40
0.9456521739130435
 40
0.9456521739130435
 40
0.9456521739130435
 40
0.9456521739130435
 40
0.9565217391304348
 40
0.9565217391304348
 40
0.9565217391304348
 40
0.9565217391304348
 40
0.967391304347826
 40
0.967391304347826
 40
0.967391304347826
 40
0.967391304347826
 40
0.9782608695652174
 40
0.9782608695652174
 40
0.9782608695652174
 40
0.9782608695652174
 40
1.0
 40
1.0
 40
1.0
 40
1.0
 10
-1.18921
 20
-0.0582
 30
0.0
 10
-1.18921
 20
-0.0582
 30
0.0
 10
-1.18921
 20
-0.0582
 30
0.0
 10
-1.18921
 20
-0.0582
 30
0.0
 10
-1.18921
 20
-0.0582
 30
0.0
 10
-1.23155
 20
-0.10583
 30
0.0
 10
-1.27316
 20
-0.15416
 30
0.0
 10
-1.31375
 20
-0.20319
 30
0.0
 10
-1.31375
 20
-0.20319
 30
0.0
 10
-1.39876
 20
-0.17497
 30
0.0
 10
-1.36489
 20
-0.10583
 30
0.0
 10
-1.31127
 20
-0.05715
 30
0.0
 10
-1.31127
 20
-0.05715
 30
0.0
 10
-1.379
 20
-0.0582
 30
0.0
 10
-1.44638
 20
-0.05891
 30
0.0
 10
-1.51377
 20
-0.05961
 30
0.0
 10
-1.51377
 20
-0.05961
 30
0.0
 10
-1.53105
 20
-0.28363
 30
0.0
 10
-1.51729
 20
-0.50799
 30
0.0
 10
-1.50988
 20
-0.73166
 30
0.0
 10
-1.50988
 20
-0.73166
 30
0.0
 10
-1.73884
 20
-0.75812
 30
0.0
 10
-1.97026
 20
-0.74117
 30
0.0
 10
-2.20027
 20
-0.74507
 30
0.0
 10
-2.20027
 20
-0.74507
 30
0.0
 10
-2.20027
 20
-0.81808
 30
0.0
 10
-2.20027
 20
-0.8911
 30
0.0
 10
-2.20027
 20
-0.96448
 30
0.0
 10
-2.20027
 20
-0.96448
 30
0.0
 10
-2.14312
 20
-0.96697
 30
0.0
 10
-2.08633
 20
-0.96943
 30
0.0
 10
-2.02917
 20
-0.97189
 30
0.0
 10
-2.02917
 20
-0.97189
 30
0.0
 10
-2.01894
 20
-0.98743
 30
0.0
 10
-1.99848
 20
-1.01881
 30
0.0
 10
-1.9879
 20
-1.03433
 30
0.0
 10
-1.9879
 20
-1.03433
 30
0.0
 10
-2.05527
 20
-1.06574
 30
0.0
 10
-2.12865
 20
-1.06221
 30
0.0
 10
-2.19991
 20
-1.04951
 30
0.0
 10
-2.19991
 20
-1.04951
 30
0.0
 10
-2.19991
 20
-1.18709
 30
0.0
 10
-2.19957
 20
-1.32503
 30
0.0
 10
-2.20132
 20
-1.46297
 30
0.0
 10
-2.20132
 20
-1.46297
 30
0.0
 10
-1.97767
 20
-1.51095
 30
0.0
 10
-1.74907
 20
-1.50071
 30
0.0
 10
-1.52188
 20
-1.49895
 30
0.0
 10
-1.52188
 20
-1.49895
 30
0.0
 10
-1.50707
 20
-1.748
 30
0.0
 10
-1.52152
 20
-1.99707
 30
0.0
 10
-1.52118
 20
-2.24649
 30
0.0
 10
-1.52118
 20
-2.24649
 30
0.0
 10
-1.74766
 20
-2.24437
 30
0.0
 10
-1.97414
 20
-2.24683
 30
0.0
 10
-2.20062
 20
-2.24472
 30
0.0
 10
-2.20062
 20
-2.24472
 30
0.0
 10
-2.20027
 20
-2.32233
 30
0.0
 10
-2.19991
 20
-2.39994
 30
0.0
 10
-2.20027
 20
-2.47791
 30
0.0
 10
-2.20027
 20
-2.47791
 30
0.0
 10
-2.12231
 20
-2.48742
 30
0.0
 10
-2.02459
 20
-2.46486
 30
0.0
 10
-1.97838
 20
-2.54811
 30
0.0
 10
-1.97838
 20
-2.54811
 30
0.0
 10
-2.05034
 20
-2.57457
 30
0.0
 10
-2.12619
 20
-2.57069
 30
0.0
 10
-2.20098
 20
-2.56504
 30
0.0
 10
-2.20098
 20
-2.56504
 30
0.0
 10
-2.19957
 20
-2.70369
 30
0.0
 10
-2.19957
 20
-2.84232
 30
0.0
 10
-2.20098
 20
-2.98097
 30
0.0
 10
-2.20098
 20
-2.98097
 30
0.0
 10
-1.97202
 20
-3.00531
 30
0.0
 10
-1.74201
 20
-3.00496
 30
0.0
 10
-1.512
 20
-3.00601
 30
0.0
 10
-1.512
 20
-3.00601
 30
0.0
 10
-1.53599
 20
-3.25437
 30
0.0
 10
-1.50176
 20
-3.50307
 30
0.0
 10
-1.51341
 20
-3.75179
 30
0.0
 10
-1.51341
 20
-3.75179
 30
0.0
 10
-1.74237
 20
-3.75108
 30
0.0
 10
-1.97131
 20
-3.7525
 30
0.0
 10
-2.20062
 20
-3.75072
 30
0.0
 10
-2.20062
 20
-3.75072
 30
0.0
 10
-2.20027
 20
-3.8308
 30
0.0
 10
-2.19991
 20
-3.91125
 30
0.0
 10
-2.19991
 20
-3.99167
 30
0.0
 10
-2.19991
 20
-3.99167
 30
0.0
 10
-2.12231
 20
-4.00297
 30
0.0
 10
-2.02247
 20
-3.97898
 30
0.0
 10
-1.97908
 20
-4.06471
 30
0.0
 10
-1.97908
 20
-4.06471
 30
0.0
 10
-2.05069
 20
-4.08763
 30
0.0
 10
-2.12619
 20
-4.08481
 30
0.0
 10
-2.20062
 20
-4.08199
 30
0.0
 10
-2.20062
 20
-4.08199
 30
0.0
 10
-2.19991
 20
-4.19981
 30
0.0
 10
-2.19991
 20
-4.31765
 30
0.0
 10
-2.20027
 20
-4.43547
 30
0.0
 10
-2.20027
 20
-4.43547
 30
0.0
 10
-2.06409
 20
-4.43442
 30
0.0
 10
-1.92792
 20
-4.43442
 30
0.0
 10
-1.79175
 20
-4.43442
 30
0.0
 10
-1.79175
 20
-4.43442
 30
0.0
 10
-1.81327
 20
-4.4076
 30
0.0
 10
-1.85632
 20
-4.35363
 30
0.0
 10
-1.87783
 20
-4.32681
 30
0.0
 10
-1.87783
 20
-4.32681
 30
0.0
 10
-1.77658
 20
-4.26332
 30
0.0
 10
-1.73531
 20
-4.39242
 30
0.0
 10
-1.66229
 20
-4.43335
 30
0.0
 10
-1.66229
 20
-4.43335
 30
0.0
 10
-1.61113
 20
-4.43547
 30
0.0
 10
-1.55963
 20
-4.43652
 30
0.0
 10
-1.50812
 20
-4.43618
 30
0.0
 10
-1.50812
 20
-4.43618
 30
0.0
 10
-1.50953
 20
-4.20792
 30
0.0
 10
-1.50777
 20
-3.98003
 30
0.0
 10
-1.50917
 20
-3.75179
 30
0.0
 10
-1.50917
 20
-3.75179
 30
0.0
 10
-1.26083
 20
-3.75214
 30
0.0
 10
-1.01282
 20
-3.75179
 30
0.0
 10
-0.76446
 20
-3.75179
 30
0.0
 10
-0.76446
 20
-3.75179
 30
0.0
 10
-0.76234
 20
-3.94723
 30
0.0
 10
-0.76694
 20
-4.14231
 30
0.0
 10
-0.76376
 20
-4.33775
 30
0.0
 10
-0.76376
 20
-4.33775
 30
0.0
 10
-0.76553
 20
-4.37444
 30
0.0
 10
-0.74436
 20
-4.42524
 30
0.0
 10
-0.70379
 20
-4.43052
 30
0.0
 10
-0.70379
 20
-4.43052
 30
0.0
 10
-0.58525
 20
-4.44005
 30
0.0
 10
-0.46567
 20
-4.43264
 30
0.0
 10
-0.34642
 20
-4.43512
 30
0.0
 10
-0.34642
 20
-4.43512
 30
0.0
 10
-0.37358
 20
-4.39878
 30
0.0
 10
-0.4004
 20
-4.36245
 30
0.0
 10
-0.42721
 20
-4.32647
 30
0.0
 10
-0.42721
 20
-4.32647
 30
0.0
 10
-0.33231
 20
-4.26861
 30
0.0
 10
-0.28363
 20
-4.3808
 30
0.0
 10
-0.22506
 20
-4.43406
 30
0.0
 10
-0.22506
 20
-4.43406
 30
0.0
 10
-0.15346
 20
-4.43476
 30
0.0
 10
-0.08183
 20
-4.43476
 30
0.0
 10
-0.00987
 20
-4.43547
 30
0.0
 10
-0.00987
 20
-4.43547
 30
0.0
 10
-0.00987
 20
-4.20758
 30
0.0
 10
-0.01023
 20
-3.98003
 30
0.0
 10
-0.00987
 20
-3.7525
 30
0.0
 10
-0.00987
 20
-3.7525
 30
0.0
 10
0.23847
 20
-3.75108
 30
0.0
 10
0.48682
 20
-3.7525
 30
0.0
 10
0.73554
 20
-3.75179
 30
0.0
 10
0.73554
 20
-3.75179
 30
0.0
 10
0.73483
 20
-3.97862
 30
0.0
 10
0.73659
 20
-4.20582
 30
0.0
 10
0.73413
 20
-4.43301
 30
0.0
 10
0.73413
 20
-4.43301
 30
0.0
 10
0.85583
 20
-4.43547
 30
0.0
 10
0.9772
 20
-4.43371
 30
0.0
 10
1.09889
 20
-4.43688
 30
0.0
 10
1.09889
 20
-4.43688
 30
0.0
 10
1.07492
 20
-4.40019
 30
0.0
 10
1.04775
 20
-4.36421
 30
0.0
 10
1.03363
 20
-4.32223
 30
0.0
 10
1.03363
 20
-4.32223
 30
0.0
 10
1.11972
 20
-4.27002
 30
0.0
 10
1.16699
 20
-4.38572
 30
0.0
 10
1.22025
 20
-4.43406
 30
0.0
 10
1.22025
 20
-4.43406
 30
0.0
 10
1.31127
 20
-4.43476
 30
0.0
 10
1.40263
 20
-4.43476
 30
0.0
 10
1.49401
 20
-4.43476
 30
0.0
 10
1.49401
 20
-4.43476
 30
0.0
 10
1.49224
 20
-4.20722
 30
0.0
 10
1.49365
 20
-3.97932
 30
0.0
 10
1.4926
 20
-3.75179
 30
0.0
 10
1.4926
 20
-3.75179
 30
0.0
 10
1.72013
 20
-3.7525
 30
0.0
 10
1.94768
 20
-3.75108
 30
0.0
 10
2.17523
 20
-3.75284
 30
0.0
 10
2.17523
 20
-3.75284
 30
0.0
 10
2.17557
 20
-3.695
 30
0.0
 10
2.17594
 20
-3.63714
 30
0.0
 10
2.17664
 20
-3.57964
 30
0.0
 10
2.17664
 20
-3.57964
 30
0.0
 10
2.10326
 20
-3.57082
 30
0.0
 10
1.9759
 20
-3.62549
 30
0.0
 10
1.9745
 20
-3.51013
 30
0.0
 10
1.9745
 20
-3.51013
 30
0.0
 10
2.04152
 20
-3.49885
 30
0.0
 10
2.10889
 20
-3.49037
 30
0.0
 10
2.17628
 20
-3.48085
 30
0.0
 10
2.17628
 20
-3.48085
 30
0.0
 10
2.17452
 20
-3.34644
 30
0.0
 10
2.17416
 20
-3.21203
 30
0.0
 10
2.17664
 20
-3.07764
 30
0.0
 10
2.17664
 20
-3.07764
 30
0.0
 10
2.08845
 20
-3.08363
 30
0.0
 10
1.98613
 20
-3.10198
 30
0.0
 10
1.9498
 20
-2.99614
 30
0.0
 10
1.9498
 20
-2.99614
 30
0.0
 10
1.79775
 20
-2.99366
 30
0.0
 10
1.64606
 20
-3.00848
 30
0.0
 10
1.49401
 20
-3.00284
 30
0.0
 10
1.49401
 20
-3.00284
 30
0.0
 10
1.48624
 20
-2.75624
 30
0.0
 10
1.50566
 20
-2.50825
 30
0.0
 10
1.48378
 20
-2.26236
 30
0.0
 10
1.48378
 20
-2.26236
 30
0.0
 10
1.24848
 20
-2.21402
 30
0.0
 10
0.98142
 20
-2.274
 30
0.0
 10
0.73907
 20
-2.23343
 30
0.0
 10
0.73907
 20
-2.23343
 30
0.0
 10
0.73483
 20
-1.98895
 30
0.0
 10
0.72989
 20
-1.74342
 30
0.0
 10
0.74436
 20
-1.4993
 30
0.0
 10
0.74436
 20
-1.4993
 30
0.0
 10
0.99377
 20
-1.50035
 30
0.0
 10
1.24319
 20
-1.4993
 30
0.0
 10
1.49224
 20
-1.49965
 30
0.0
 10
1.49224
 20
-1.49965
 30
0.0
 10
1.49506
 20
-1.73637
 30
0.0
 10
1.48978
 20
-1.97343
 30
0.0
 10
1.49401
 20
-2.21014
 30
0.0
 10
1.49401
 20
-2.21014
 30
0.0
 10
1.50106
 20
-2.22003
 30
0.0
 10
1.51518
 20
-2.24048
 30
0.0
 10
1.52223
 20
-2.25036
 30
0.0
 10
1.52223
 20
-2.25036
 30
0.0
 10
1.73989
 20
-2.25178
 30
0.0
 10
1.95757
 20
-2.2479
 30
0.0
 10
2.17523
 20
-2.25
 30
0.0
 10
2.17523
 20
-2.25
 30
0.0
 10
2.17523
 20
-2.18792
 30
0.0
 10
2.17557
 20
-2.12583
 30
0.0
 10
2.17664
 20
-2.06409
 30
0.0
 10
2.17664
 20
-2.06409
 30
0.0
 10
2.10538
 20
-2.05246
 30
0.0
 10
1.9699
 20
-2.11561
 30
0.0
 10
1.97238
 20
-1.99354
 30
0.0
 10
1.97238
 20
-1.99354
 30
0.0
 10
2.03834
 20
-1.98578
 30
0.0
 10
2.10502
 20
-1.9812
 30
0.0
 10
2.17134
 20
-1.97767
 30
0.0
 10
2.17134
 20
-1.97767
 30
0.0
 10
2.17735
 20
-1.83902
 30
0.0
 10
2.17346
 20
-1.70039
 30
0.0
 10
2.17664
 20
-1.56209
 30
0.0
 10
2.17664
 20
-1.56209
 30
0.0
 10
2.10255
 20
-1.55434
 30
0.0
 10
1.9872
 20
-1.60408
 30
0.0
 10
1.9745
 20
-1.49613
 30
0.0
 10
1.9745
 20
-1.49613
 30
0.0
 10
1.81397
 20
-1.49472
 30
0.0
 10
1.65347
 20
-1.49613
 30
0.0
 10
1.49331
 20
-1.49542
 30
0.0
 10
1.49331
 20
-1.49542
 30
0.0
 10
1.4926
 20
-1.24707
 30
0.0
 10
1.49401
 20
-0.99871
 30
0.0
 10
1.4926
 20
-0.75035
 30
0.0
 10
1.4926
 20
-0.75035
 30
0.0
 10
1.71979
 20
-0.75106
 30
0.0
 10
1.94734
 20
-0.74965
 30
0.0
 10
2.17452
 20
-0.7514
 30
0.0
 10
2.17452
 20
-0.7514
 30
0.0
 10
2.17487
 20
-0.68367
 30
0.0
 10
2.17557
 20
-0.61595
 30
0.0
 10
2.17664
 20
-0.54856
 30
0.0
 10
2.17664
 20
-0.54856
 30
0.0
 10
2.11313
 20
-0.55068
 30
0.0
 10
2.04998
 20
-0.55245
 30
0.0
 10
1.98649
 20
-0.55209
 30
0.0
 10
1.98649
 20
-0.55209
 30
0.0
 10
1.98683
 20
-0.53199
 30
0.0
 10
1.98754
 20
-0.49176
 30
0.0
 10
1.9879
 20
-0.47166
 30
0.0
 10
1.9879
 20
-0.47166
 30
0.0
 10
2.04964
 20
-0.46813
 30
0.0
 10
2.11101
 20
-0.46531
 30
0.0
 10
2.17275
 20
-0.46248
 30
0.0
 10
2.17275
 20
-0.46248
 30
0.0
 10
2.17628
 20
-0.32807
 30
0.0
 10
2.17452
 20
-0.19332
 30
0.0
 10
2.17523
 20
-0.05856
 30
0.0
 10
2.17523
 20
-0.05856
 30
0.0
 10
2.02211
 20
-0.06173
 30
0.0
 10
1.86937
 20
-0.05537
 30
0.0
 10
1.71662
 20
-0.06103
 30
0.0
 10
1.71662
 20
-0.06103
 30
0.0
 10
1.65629
 20
-0.11007
 30
0.0
 10
1.60479
 20
-0.16898
 30
0.0
 10
1.54128
 20
-0.21449
 30
0.0
 10
1.54128
 20
-0.21449
 30
0.0
 10
1.51799
 20
-0.15205
 30
0.0
 10
1.55081
 20
-0.09771
 30
0.0
 10
1.57938
 20
-0.04514
 30
0.0
 10
1.57938
 20
-0.04514
 30
0.0
 10
1.55821
 20
-0.05079
 30
0.0
 10
1.51589
 20
-0.06208
 30
0.0
 10
1.49472
 20
-0.06772
 30
0.0
 10
1.49472
 20
-0.06772
 30
0.0
 10
1.48872
 20
-0.2935
 30
0.0
 10
1.49577
 20
-0.51929
 30
0.0
 10
1.49224
 20
-0.74541
 30
0.0
 10
1.49224
 20
-0.74541
 30
0.0
 10
1.24459
 20
-0.74719
 30
0.0
 10
0.9973
 20
-0.74295
 30
0.0
 10
0.74965
 20
-0.74789
 30
0.0
 10
0.74965
 20
-0.74789
 30
0.0
 10
0.72743
 20
-0.52034
 30
0.0
 10
0.7313
 20
-0.29069
 30
0.0
 10
0.74541
 20
-0.06278
 30
0.0
 10
0.74541
 20
-0.06278
 30
0.0
 10
0.68403
 20
-0.11747
 30
0.0
 10
0.63887
 20
-0.21201
 30
0.0
 10
0.53939
 20
-0.19156
 30
0.0
 10
0.53939
 20
-0.19156
 30
0.0
 10
0.56339
 20
-0.14464
 30
0.0
 10
0.59124
 20
-0.10018
 30
0.0
 10
0.62018
 20
-0.05679
 30
0.0
 10
0.62018
 20
-0.05679
 30
0.0
 10
0.50058
 20
-0.06032
 30
0.0
 10
0.38064
 20
-0.05961
 30
0.0
 10
0.2607
 20
-0.05856
 30
0.0
 10
0.2607
 20
-0.05856
 30
0.0
 10
0.20672
 20
-0.10724
 30
0.0
 10
0.16932
 20
-0.19015
 30
0.0
 10
0.08995
 20
-0.19826
 30
0.0
 10
0.08995
 20
-0.19826
 30
0.0
 10
0.05326
 20
-0.14181
 30
0.0
 10
0.109
 20
-0.09913
 30
0.0
 10
0.13757
 20
-0.05537
 30
0.0
 10
0.13757
 20
-0.05537
 30
0.0
 10
0.09983
 20
-0.05644
 30
0.0
 10
0.02363
 20
-0.05927
 30
0.0
 10
-0.01447
 20
-0.06068
 30
0.0
 10
-0.01447
 20
-0.06068
 30
0.0
 10
-0.0134
 20
-0.28892
 30
0.0
 10
-0.01235
 20
-0.51752
 30
0.0
 10
-0.01481
 20
-0.74612
 30
0.0
 10
-0.01481
 20
-0.74612
 30
0.0
 10
-0.26317
 20
-0.74541
 30
0.0
 10
-0.51187
 20
-0.74541
 30
0.0
 10
-0.76022
 20
-0.74577
 30
0.0
 10
-0.76022
 20
-0.74577
 30
0.0
 10
-0.76022
 20
-0.53903
 30
0.0
 10
-0.76412
 20
-0.33231
 30
0.0
 10
-0.75742
 20
-0.12593
 30
0.0
 10
-0.75742
 20
-0.12593
 30
0.0
 10
-0.79657
 20
-0.14145
 30
0.0
 10
-0.84313
 20
-0.24906
 30
0.0
 10
-0.8777
 20
-0.17322
 30
0.0
 10
-0.8777
 20
-0.17322
 30
0.0
 10
-0.9352
 20
-0.13404
 30
0.0
 10
-0.83925
 20
-0.09525
 30
0.0
 10
-0.82444
 20
-0.05749
 30
0.0
 10
-0.82444
 20
-0.05749
 30
0.0
 10
-0.94614
 20
-0.05997
 30
0.0
 10
-1.06785
 20
-0.05997
 30
0.0
 10
-1.18921
 20
-0.0582
 30
0.0
  0
SPLINE
  5
50
330
1F
100
AcDbEntity
  8
Camada 1
100
AcDbSpline
210
0.0
220
0.0
230
1.0
 70
    11
 71
     3
 72
    24
 73
    20
 74
     0
 42
0.0000000001
 43
0.0000000001
 12
1.0
 22
0.0
 32
0.0
 13
1.0
 23
0.0
 33
0.0
 40
0.0
 40
0.0
 40
0.0
 40
0.0
 40
0.1666666666666667
 40
0.1666666666666667
 40
0.1666666666666667
 40
0.1666666666666667
 40
0.3333333333333333
 40
0.3333333333333333
 40
0.3333333333333333
 40
0.3333333333333333
 40
0.5
 40
0.5
 40
0.5
 40
0.5
 40
0.6666666666666666
 40
0.6666666666666666
 40
0.6666666666666666
 40
0.6666666666666666
 40
1.0
 40
1.0
 40
1.0
 40
1.0
 10
2.31245
 20
-4.57129
 30
0.0
 10
2.31245
 20
-4.57129
 30
0.0
 10
2.31245
 20
-4.57129
 30
0.0
 10
2.31245
 20
-4.57129
 30
0.0
 10
2.31245
 20
-4.57129
 30
0.0
 10
2.30823
 20
-4.69547
 30
0.0
 10
2.30857
 20
-4.81965
 30
0.0
 10
2.30998
 20
-4.94383
 30
0.0
 10
2.30998
 20
-4.94383
 30
0.0
 10
2.38266
 20
-4.8648
 30
0.0
 10
2.48038
 20
-4.79918
 30
0.0
 10
2.50825
 20
-4.68948
 30
0.0
 10
2.50825
 20
-4.68948
 30
0.0
 10
2.52589
 20
-4.64361
 30
0.0
 10
2.5601
 20
-4.60691
 30
0.0
 10
2.58726
 20
-4.56671
 30
0.0
 10
2.58726
 20
-4.56671
 30
0.0
 10
2.49555
 20
-4.56881
 30
0.0
 10
2.40417
 20
-4.56847
 30
0.0
 10
2.31245
 20
-4.57129
 30
0.0
  0
SPLINE
  5
51
330
1F
100
AcDbEntity
  8
Camada 1
100
AcDbSpline
210
0.0
220
0.0
230
1.0
 70
    11
 71
     3
 72
    40
 73
    36
 74
     0
 42
0.0000000001
 43
0.0000000001
 12
1.0
 22
0.0
 32
0.0
 13
1.0
 23
0.0
 33
0.0
 40
0.0
 40
0.0
 40
0.0
 40
0.0
 40
0.1
 40
0.1
 40
0.1
 40
0.1
 40
0.2
 40
0.2
 40
0.2
 40
0.2
 40
0.3
 40
0.3
 40
0.3
 40
0.3
 40
0.4
 40
0.4
 40
0.4
 40
0.4
 40
0.5
 40
0.5
 40
0.5
 40
0.5
 40
0.6
 40
0.6
 40
0.6
 40
0.6
 40
0.7
 40
0.7
 40
0.7
 40
0.7
 40
0.8
 40
0.8
 40
0.8
 40
0.8
 40
1.0
 40
1.0
 40
1.0
 40
1.0
 10
2.94004
 20
-4.57305
 30
0.0
 10
2.94004
 20
-4.57305
 30
0.0
 10
2.94004
 20
-4.57305
 30
0.0
 10
2.94004
 20
-4.57305
 30
0.0
 10
2.94004
 20
-4.57305
 30
0.0
 10
2.71604
 20
-4.7625
 30
0.0
 10
2.53824
 20
-5.00133
 30
0.0
 10
2.31034
 20
-5.18688
 30
0.0
 10
2.31034
 20
-5.18688
 30
0.0
 10
2.30893
 20
-5.28954
 30
0.0
 10
2.30716
 20
-5.39255
 30
0.0
 10
2.31598
 20
-5.49521
 30
0.0
 10
2.31598
 20
-5.49521
 30
0.0
 10
2.40841
 20
-5.45041
 30
0.0
 10
2.47543
 20
-5.37069
 30
0.0
 10
2.54706
 20
-5.29943
 30
0.0
 10
2.54706
 20
-5.29943
 30
0.0
 10
2.79047
 20
-5.05495
 30
0.0
 10
3.03459
 20
-4.81083
 30
0.0
 10
3.28083
 20
-4.56917
 30
0.0
 10
3.28083
 20
-4.56917
 30
0.0
 10
3.2579
 20
-4.56847
 30
0.0
 10
3.21274
 20
-4.56706
 30
0.0
 10
3.18981
 20
-4.56671
 30
0.0
 10
3.18981
 20
-4.56671
 30
0.0
 10
3.13124
 20
-4.64219
 30
0.0
 10
3.07092
 20
-4.71874
 30
0.0
 10
2.98626
 20
-4.76708
 30
0.0
 10
2.98626
 20
-4.76708
 30
0.0
 10
2.94993
 20
-4.67924
 30
0.0
 10
3.03283
 20
-4.62597
 30
0.0
 10
3.07798
 20
-4.56459
 30
0.0
 10
3.07798
 20
-4.56459
 30
0.0
 10
3.03176
 20
-4.5653
 30
0.0
 10
2.98591
 20
-4.56812
 30
0.0
 10
2.94004
 20
-4.57305
 30
0.0
  0
SPLINE
  5
52
330
1F
100
AcDbEntity
  8
Camada 1
100
AcDbSpline
210
0.0
220
0.0
230
1.0
 70
    11
 71
     3
 72
    36
 73
    32
 74
     0
 42
0.0000000001
 43
0.0000000001
 12
1.0
 22
0.0
 32
0.0
 13
1.0
 23
0.0
 33
0.0
 40
0.0
 40
0.0
 40
0.0
 40
0.0
 40
0.1111111111111111
 40
0.1111111111111111
 40
0.1111111111111111
 40
0.1111111111111111
 40
0.2222222222222222
 40
0.2222222222222222
 40
0.2222222222222222
 40
0.2222222222222222
 40
0.3333333333333333
 40
0.3333333333333333
 40
0.3333333333333333
 40
0.3333333333333333
 40
0.4444444444444444
 40
0.4444444444444444
 40
0.4444444444444444
 40
0.4444444444444444
 40
0.5555555555555556
 40
0.5555555555555556
 40
0.5555555555555556
 40
0.5555555555555556
 40
0.6666666666666666
 40
0.6666666666666666
 40
0.6666666666666666
 40
0.6666666666666666
 40
0.7777777777777778
 40
0.7777777777777778
 40
0.7777777777777778
 40
0.7777777777777778
 40
1.0
 40
1.0
 40
1.0
 40
1.0
 10
2.31069
 20
-5.7859
 30
0.0
 10
2.31069
 20
-5.7859
 30
0.0
 10
2.31069
 20
-5.7859
 30
0.0
 10
2.31069
 20
-5.7859
 30
0.0
 10
2.31069
 20
-5.7859
 30
0.0
 10
2.30964
 20
-5.85045
 30
0.0
 10
2.30893
 20
-5.91502
 30
0.0
 10
2.30893
 20
-5.97958
 30
0.0
 10
2.30893
 20
-5.97958
 30
0.0
 10
2.36996
 20
-5.97322
 30
0.0
 10
2.44827
 20
-6.00709
 30
0.0
 10
2.49237
 20
-5.94959
 30
0.0
 10
2.49237
 20
-5.94959
 30
0.0
 10
2.95592
 20
-5.49063
 30
0.0
 10
3.41241
 20
-5.02425
 30
0.0
 10
3.87879
 20
-4.56812
 30
0.0
 10
3.87879
 20
-4.56812
 30
0.0
 10
3.80894
 20
-4.56776
 30
0.0
 10
3.73909
 20
-4.56847
 30
0.0
 10
3.66959
 20
-4.56988
 30
0.0
 10
3.66959
 20
-4.56988
 30
0.0
 10
3.61526
 20
-4.63408
 30
0.0
 10
3.57116
 20
-4.71557
 30
0.0
 10
3.4925
 20
-4.75297
 30
0.0
 10
3.4925
 20
-4.75297
 30
0.0
 10
3.40713
 20
-4.69864
 30
0.0
 10
3.53764
 20
-4.61398
 30
0.0
 10
3.56129
 20
-4.55012
 30
0.0
 10
3.56129
 20
-4.55012
 30
0.0
 10
3.13336
 20
-4.95017
 30
0.0
 10
2.73261
 20
-5.37915
 30
0.0
 10
2.31069
 20
-5.7859
 30
0.0
  0
SPLINE
  5
53
330
1F
100
AcDbEntity
  8
Camada 1
100
AcDbSpline
210
0.0
220
0.0
230
1.0
 70
    11
 71
     3
 72
    36
 73
    32
 74
     0
 42
0.0000000001
 43
0.0000000001
 12
1.0
 22
0.0
 32
0.0
 13
1.0
 23
0.0
 33
0.0
 40
0.0
 40
0.0
 40
0.0
 40
0.0
 40
0.1111111111111111
 40
0.1111111111111111
 40
0.1111111111111111
 40
0.1111111111111111
 40
0.2222222222222222
 40
0.2222222222222222
 40
0.2222222222222222
 40
0.2222222222222222
 40
0.3333333333333333
 40
0.3333333333333333
 40
0.3333333333333333
 40
0.3333333333333333
 40
0.4444444444444444
 40
0.4444444444444444
 40
0.4444444444444444
 40
0.4444444444444444
 40
0.5555555555555556
 40
0.5555555555555556
 40
0.5555555555555556
 40
0.5555555555555556
 40
0.6666666666666666
 40
0.6666666666666666
 40
0.6666666666666666
 40
0.6666666666666666
 40
0.7777777777777778
 40
0.7777777777777778
 40
0.7777777777777778
 40
0.7777777777777778
 40
1.0
 40
1.0
 40
1.0
 40
1.0
 10
4.1529
 20
-4.56847
 30
0.0
 10
4.1529
 20
-4.56847
 30
0.0
 10
4.1529
 20
-4.56847
 30
0.0
 10
4.1529
 20
-4.56847
 30
0.0
 10
4.1529
 20
-4.56847
 30
0.0
 10
4.10739
 20
-4.62526
 30
0.0
 10
4.06964
 20
-4.69299
 30
0.0
 10
4.00402
 20
-4.72968
 30
0.0
 10
4.00402
 20
-4.72968
 30
0.0
 10
3.88654
 20
-4.78683
 30
0.0
 10
3.80576
 20
-4.89267
 30
0.0
 10
3.71369
 20
-4.98193
 30
0.0
 10
3.71369
 20
-4.98193
 30
0.0
 10
3.2459
 20
-5.44865
 30
0.0
 10
2.78058
 20
-5.9175
 30
0.0
 10
2.31069
 20
-6.38245
 30
0.0
 10
2.31069
 20
-6.38245
 30
0.0
 10
2.30928
 20
-6.41278
 30
0.0
 10
2.30823
 20
-6.44313
 30
0.0
 10
2.30716
 20
-6.47417
 30
0.0
 10
2.30716
 20
-6.47417
 30
0.0
 10
2.3809
 20
-6.48441
 30
0.0
 10
2.45497
 20
-6.49639
 30
0.0
 10
2.5273
 20
-6.51474
 30
0.0
 10
2.5273
 20
-6.51474
 30
0.0
 10
3.17394
 20
-5.86317
 30
0.0
 10
3.82128
 20
-5.21194
 30
0.0
 10
4.47569
 20
-4.56847
 30
0.0
 10
4.47569
 20
-4.56847
 30
0.0
 10
4.36808
 20
-4.56812
 30
0.0
 10
4.26049
 20
-4.56881
 30
0.0
 10
4.1529
 20
-4.56847
 30
0.0
  0
SPLINE
  5
54
330
1F
100
AcDbEntity
  8
Camada 1
100
AcDbSpline
210
0.0
220
0.0
230
1.0
 70
    11
 71
     3
 72
    44
 73
    40
 74
     0
 42
0.0000000001
 43
0.0000000001
 12
1.0
 22
0.0
 32
0.0
 13
1.0
 23
0.0
 33
0.0
 40
0.0
 40
0.0
 40
0.0
 40
0.0
 40
0.0909090909090909
 40
0.0909090909090909
 40
0.0909090909090909
 40
0.0909090909090909
 40
0.1818181818181818
 40
0.1818181818181818
 40
0.1818181818181818
 40
0.1818181818181818
 40
0.2727272727272727
 40
0.2727272727272727
 40
0.2727272727272727
 40
0.2727272727272727
 40
0.3636363636363636
 40
0.3636363636363636
 40
0.3636363636363636
 40
0.3636363636363636
 40
0.4545454545454545
 40
0.4545454545454545
 40
0.4545454545454545
 40
0.4545454545454545
 40
0.5454545454545454
 40
0.5454545454545454
 40
0.5454545454545454
 40
0.5454545454545454
 40
0.6363636363636364
 40
0.6363636363636364
 40
0.6363636363636364
 40
0.6363636363636364
 40
0.7272727272727273
 40
0.7272727272727273
 40
0.7272727272727273
 40
0.7272727272727273
 40
0.8181818181818182
 40
0.8181818181818182
 40
0.8181818181818182
 40
0.8181818181818182
 40
1.0
 40
1.0
 40
1.0
 40
1.0
 10
5.31636
 20
-4.56881
 30
0.0
 10
5.31636
 20
-4.56881
 30
0.0
 10
5.31636
 20
-4.56881
 30
0.0
 10
5.31636
 20
-4.56881
 30
0.0
 10
5.31636
 20
-4.56881
 30
0.0
 10
4.34233
 20
-5.5446
 30
0.0
 10
3.37007
 20
-6.52251
 30
0.0
 10
2.38972
 20
-7.49194
 30
0.0
 10
2.38972
 20
-7.49194
 30
0.0
 10
2.42147
 20
-7.49687
 30
0.0
 10
2.48532
 20
-7.5071
 30
0.0
 10
2.51707
 20
-7.51204
 30
0.0
 10
2.51707
 20
-7.51204
 30
0.0
 10
2.49836
 20
-7.62635
 30
0.0
 10
2.38831
 20
-7.58542
 30
0.0
 10
2.30964
 20
-7.57519
 30
0.0
 10
2.30964
 20
-7.57519
 30
0.0
 10
2.30893
 20
-7.69055
 30
0.0
 10
2.30893
 20
-7.80591
 30
0.0
 10
2.30964
 20
-7.92161
 30
0.0
 10
2.30964
 20
-7.92161
 30
0.0
 10
3.43076
 20
-6.80507
 30
0.0
 10
4.54625
 20
-5.68254
 30
0.0
 10
5.66844
 20
-4.56671
 30
0.0
 10
5.66844
 20
-4.56671
 30
0.0
 10
5.6515
 20
-4.56706
 30
0.0
 10
5.61798
 20
-4.56776
 30
0.0
 10
5.60105
 20
-4.56812
 30
0.0
 10
5.60105
 20
-4.56812
 30
0.0
 10
5.55096
 20
-4.63232
 30
0.0
 10
5.50298
 20
-4.69971
 30
0.0
 10
5.43772
 20
-4.7498
 30
0.0
 10
5.43772
 20
-4.7498
 30
0.0
 10
5.31318
 20
-4.72617
 30
0.0
 10
5.45641
 20
-4.61892
 30
0.0
 10
5.49239
 20
-4.56776
 30
0.0
 10
5.49239
 20
-4.56776
 30
0.0
 10
5.43348
 20
-4.56812
 30
0.0
 10
5.37491
 20
-4.56847
 30
0.0
 10
5.31636
 20
-4.56881
 30
0.0
  0
SPLINE
  5
55
330
1F
100
AcDbEntity
  8
Camada 1
100
AcDbSpline
210
0.0
220
0.0
230
1.0
 70
    11
 71
     3
 72
    48
 73
    44
 74
     0
 42
0.0000000001
 43
0.0000000001
 12
1.0
 22
0.0
 32
0.0
 13
1.0
 23
0.0
 33
0.0
 40
0.0
 40
0.0
 40
0.0
 40
0.0
 40
0.0833333333333333
 40
0.0833333333333333
 40
0.0833333333333333
 40
0.0833333333333333
 40
0.1666666666666667
 40
0.1666666666666667
 40
0.1666666666666667
 40
0.1666666666666667
 40
0.25
 40
0.25
 40
0.25
 40
0.25
 40
0.3333333333333333
 40
0.3333333333333333
 40
0.3333333333333333
 40
0.3333333333333333
 40
0.4166666666666667
 40
0.4166666666666667
 40
0.4166666666666667
 40
0.4166666666666667
 40
0.5
 40
0.5
 40
0.5
 40
0.5
 40
0.5833333333333334
 40
0.5833333333333334
 40
0.5833333333333334
 40
0.5833333333333334
 40
0.6666666666666666
 40
0.6666666666666666
 40
0.6666666666666666
 40
0.6666666666666666
 40
0.75
 40
0.75
 40
0.75
 40
0.75
 40
0.8333333333333334
 40
0.8333333333333334
 40
0.8333333333333334
 40
0.8333333333333334
 40
1.0
 40
1.0
 40
1.0
 40
1.0
 10
5.4176
 20
-5.06552
 30
0.0
 10
5.4176
 20
-5.06552
 30
0.0
 10
5.4176
 20
-5.06552
 30
0.0
 10
5.4176
 20
-5.06552
 30
0.0
 10
5.4176
 20
-5.06552
 30
0.0
 10
4.45947
 20
-6.02333
 30
0.0
 10
3.50202
 20
-6.98183
 30
0.0
 10
2.54316
 20
-7.93891
 30
0.0
 10
2.54316
 20
-7.93891
 30
0.0
 10
2.48954
 20
-7.97312
 30
0.0
 10
2.48532
 20
-8.02993
 30
0.0
 10
2.49273
 20
-8.08813
 30
0.0
 10
2.49273
 20
-8.08813
 30
0.0
 10
2.45638
 20
-8.09096
 30
0.0
 10
2.4204
 20
-8.09378
 30
0.0
 10
2.38441
 20
-8.09659
 30
0.0
 10
2.38441
 20
-8.09659
 30
0.0
 10
2.35937
 20
-8.12165
 30
0.0
 10
2.33469
 20
-8.14704
 30
0.0
 10
2.30998
 20
-8.17279
 30
0.0
 10
2.30998
 20
-8.17279
 30
0.0
 10
2.30893
 20
-8.28674
 30
0.0
 10
2.30823
 20
-8.40139
 30
0.0
 10
2.3114
 20
-8.5157
 30
0.0
 10
2.3114
 20
-8.5157
 30
0.0
 10
3.63255
 20
-7.20336
 30
0.0
 10
4.94454
 20
-5.88186
 30
0.0
 10
6.26463
 20
-4.56847
 30
0.0
 10
6.26463
 20
-4.56847
 30
0.0
 10
6.2043
 20
-4.56776
 30
0.0
 10
6.14432
 20
-4.56812
 30
0.0
 10
6.08436
 20
-4.56776
 30
0.0
 10
6.08436
 20
-4.56776
 30
0.0
 10
6.02014
 20
-4.63832
 30
0.0
 10
5.97393
 20
-4.75438
 30
0.0
 10
5.86069
 20
-4.7498
 30
0.0
 10
5.86069
 20
-4.7498
 30
0.0
 10
5.88785
 20
-4.67676
 30
0.0
 10
5.93195
 20
-4.61222
 30
0.0
 10
5.96511
 20
-4.54235
 30
0.0
 10
5.96511
 20
-4.54235
 30
0.0
 10
5.76192
 20
-4.69265
 30
0.0
 10
5.60246
 20
-4.89374
 30
0.0
 10
5.4176
 20
-5.06552
 30
0.0
  0
SPLINE
  5
56
330
1F
100
AcDbEntity
  8
Camada 1
100
AcDbSpline
210
0.0
220
0.0
230
1.0
 70
    11
 71
     3
 72
    36
 73
    32
 74
     0
 42
0.0000000001
 43
0.0000000001
 12
1.0
 22
0.0
 32
0.0
 13
1.0
 23
0.0
 33
0.0
 40
0.0
 40
0.0
 40
0.0
 40
0.0
 40
0.1111111111111111
 40
0.1111111111111111
 40
0.1111111111111111
 40
0.1111111111111111
 40
0.2222222222222222
 40
0.2222222222222222
 40
0.2222222222222222
 40
0.2222222222222222
 40
0.3333333333333333
 40
0.3333333333333333
 40
0.3333333333333333
 40
0.3333333333333333
 40
0.4444444444444444
 40
0.4444444444444444
 40
0.4444444444444444
 40
0.4444444444444444
 40
0.5555555555555556
 40
0.5555555555555556
 40
0.5555555555555556
 40
0.5555555555555556
 40
0.6666666666666666
 40
0.6666666666666666
 40
0.6666666666666666
 40
0.6666666666666666
 40
0.7777777777777778
 40
0.7777777777777778
 40
0.7777777777777778
 40
0.7777777777777778
 40
1.0
 40
1.0
 40
1.0
 40
1.0
 10
2.30292
 20
-6.98958
 30
0.0
 10
2.30292
 20
-6.98958
 30
0.0
 10
2.30292
 20
-6.98958
 30
0.0
 10
2.30292
 20
-6.98958
 30
0.0
 10
2.30292
 20
-6.98958
 30
0.0
 10
2.36502
 20
-6.99276
 30
0.0
 10
2.4278
 20
-6.99311
 30
0.0
 10
2.4899
 20
-7.00193
 30
0.0
 10
2.4899
 20
-7.00193
 30
0.0
 10
2.55057
 20
-7.11763
 30
0.0
 10
2.37243
 20
-7.07143
 30
0.0
 10
2.30823
 20
-7.07672
 30
0.0
 10
2.30823
 20
-7.07672
 30
0.0
 10
2.30893
 20
-7.16033
 30
0.0
 10
2.30893
 20
-7.24393
 30
0.0
 10
2.30893
 20
-7.32825
 30
0.0
 10
2.30893
 20
-7.32825
 30
0.0
 10
3.15029
 20
-6.48404
 30
0.0
 10
3.99345
 20
-5.64232
 30
0.0
 10
4.83622
 20
-4.80024
 30
0.0
 10
4.83622
 20
-4.80024
 30
0.0
 10
4.90326
 20
-4.73039
 30
0.0
 10
4.9403
 20
-4.63832
 30
0.0
 10
5.00591
 20
-4.56706
 30
0.0
 10
5.00591
 20
-4.56706
 30
0.0
 10
4.91137
 20
-4.56881
 30
0.0
 10
4.81682
 20
-4.56917
 30
0.0
 10
4.72263
 20
-4.56847
 30
0.0
 10
4.72263
 20
-4.56847
 30
0.0
 10
3.91548
 20
-5.37491
 30
0.0
 10
3.10868
 20
-6.18172
 30
0.0
 10
2.30292
 20
-6.98958
 30
0.0
  0
SPLINE
  5
57
330
1F
100
AcDbEntity
  8
Camada 1
100
AcDbSpline
210
0.0
220
0.0
230
1.0
 70
    11
 71
     3
 72
    20
 73
    16
 74
     0
 42
0.0000000001
 43
0.0000000001
 12
1.0
 22
0.0
 32
0.0
 13
1.0
 23
0.0
 33
0.0
 40
0.0
 40
0.0
 40
0.0
 40
0.0
 40
0.2
 40
0.2
 40
0.2
 40
0.2
 40
0.4
 40
0.4
 40
0.4
 40
0.4
 40
0.6
 40
0.6
 40
0.6
 40
0.6
 40
1.0
 40
1.0
 40
1.0
 40
1.0
 10
2.30893
 20
-6.57048
 30
0.0
 10
2.30893
 20
-6.57048
 30
0.0
 10
2.30893
 20
-6.57048
 30
0.0
 10
2.30893
 20
-6.57048
 30
0.0
 10
2.30893
 20
-6.57048
 30
0.0
 10
2.30893
 20
-6.62374
 30
0.0
 10
2.30857
 20
-6.67702
 30
0.0
 10
2.30893
 20
-6.73099
 30
0.0
 10
2.30893
 20
-6.73099
 30
0.0
 10
2.35973
 20
-6.68019
 30
0.0
 10
2.41123
 20
-6.6301
 30
0.0
 10
2.46308
 20
-6.58035
 30
0.0
 10
2.46308
 20
-6.58035
 30
0.0
 10
2.41158
 20
-6.57684
 30
0.0
 10
2.36007
 20
-6.57365
 30
0.0
 10
2.30893
 20
-6.57048
 30
0.0
  0
SPLINE
  5
58
330
1F
100
AcDbEntity
  8
Camada 1
100
AcDbSpline
210
0.0
220
0.0
230
1.0
 70
    11
 71
     3
 72
    20
 73
    16
 74
     0
 42
0.0000000001
 43
0.0000000001
 12
1.0
 22
0.0
 32
0.0
 13
1.0
 23
0.0
 33
0.0
 40
0.0
 40
0.0
 40
0.0
 40
0.0
 40
0.2
 40
0.2
 40
0.2
 40
0.2
 40
0.4
 40
0.4
 40
0.4
 40
0.4
 40
0.6
 40
0.6
 40
0.6
 40
0.6
 40
1.0
 40
1.0
 40
1.0
 40
1.0
 10
-2.45004
 20
-7.49828
 30
0.0
 10
-2.45004
 20
-7.49828
 30
0.0
 10
-2.45004
 20
-7.49828
 30
0.0
 10
-2.45004
 20
-7.49828
 30
0.0
 10
-2.45004
 20
-7.49828
 30
0.0
 10
-2.42147
 20
-7.49687
 30
0.0
 10
-2.36361
 20
-7.49406
 30
0.0
 10
-2.33503
 20
-7.49265
 30
0.0
 10
-2.33503
 20
-7.49265
 30
0.0
 10
-2.33574
 20
-7.45418
 30
0.0
 10
-2.3361
 20
-7.4161
 30
0.0
 10
-2.33644
 20
-7.37799
 30
0.0
 10
-2.33644
 20
-7.37799
 30
0.0
 10
-2.37455
 20
-7.41785
 30
0.0
 10
-2.41299
 20
-7.45771
 30
0.0
 10
-2.45004
 20
-7.49828
 30
0.0
  0
SPLINE
  5
59
330
1F
100
AcDbEntity
  8
Camada 1
100
AcDbSpline
210
0.0
220
0.0
230
1.0
 70
    11
 71
     3
 72
    20
 73
    16
 74
     0
 42
0.0000000001
 43
0.0000000001
 12
1.0
 22
0.0
 32
0.0
 13
1.0
 23
0.0
 33
0.0
 40
0.0
 40
0.0
 40
0.0
 40
0.0
 40
0.2
 40
0.2
 40
0.2
 40
0.2
 40
0.4
 40
0.4
 40
0.4
 40
0.4
 40
0.6
 40
0.6
 40
0.6
 40
0.6
 40
1.0
 40
1.0
 40
1.0
 40
1.0
 10
-6.37046
 20
8.745
 30
0.0
 10
-6.25581
 20
8.76264
 30
0.0
 10
-6.13867
 20
8.751
 30
0.0
 10
-6.02297
 20
8.75312
 30
0.0
 10
-6.02297
 20
8.75312
 30
0.0
 10
-6.02226
 20
8.59261
 30
0.0
 10
-6.02226
 20
8.43244
 30
0.0
 10
-6.02333
 20
8.27193
 30
0.0
 10
-6.02333
 20
8.27193
 30
0.0
 10
-6.14009
 20
8.27122
 30
0.0
 10
-6.25722
 20
8.27158
 30
0.0
 10
-6.37433
 20
8.27087
 30
0.0
 10
-6.37433
 20
8.27087
 30
0.0
 10
-6.3701
 20
8.42891
 30
0.0
 10
-6.3775
 20
8.58696
 30
0.0
 10
-6.37046
 20
8.745
 30
0.0
  0
SPLINE
  5
5A
330
1F
100
AcDbEntity
  8
Camada 1
100
AcDbSpline
210
0.0
220
0.0
230
1.0
 70
    11
 71
     3
 72
    20
 73
    16
 74
     0
 42
0.0000000001
 43
0.0000000001
 12
1.0
 22
0.0
 32
0.0
 13
1.0
 23
0.0
 33
0.0
 40
0.0
 40
0.0
 40
0.0
 40
0.0
 40
0.2
 40
0.2
 40
0.2
 40
0.2
 40
0.4
 40
0.4
 40
0.4
 40
0.4
 40
0.6
 40
0.6
 40
0.6
 40
0.6
 40
1.0
 40
1.0
 40
1.0
 40
1.0
 10
-5.27156
 20
8.75382
 30
0.0
 10
-5.02214
 20
8.75347
 30
0.0
 10
-4.77273
 20
8.75276
 30
0.0
 10
-4.52366
 20
8.75417
 30
0.0
 10
-4.52366
 20
8.75417
 30
0.0
 10
-4.52154
 20
8.59331
 30
0.0
 10
-4.52261
 20
8.43244
 30
0.0
 10
-4.52225
 20
8.27158
 30
0.0
 10
-4.52225
 20
8.27158
 30
0.0
 10
-4.77202
 20
8.27193
 30
0.0
 10
-5.02143
 20
8.27051
 30
0.0
 10
-5.2712
 20
8.27228
 30
0.0
 10
-5.2712
 20
8.27228
 30
0.0
 10
-5.27227
 20
8.4328
 30
0.0
 10
-5.27227
 20
8.59331
 30
0.0
 10
-5.27156
 20
8.75382
 30
0.0
  0
SPLINE
  5
5B
330
1F
100
AcDbEntity
  8
Camada 1
100
AcDbSpline
210
0.0
220
0.0
230
1.0
 70
    11
 71
     3
 72
    20
 73
    16
 74
     0
 42
0.0000000001
 43
0.0000000001
 12
1.0
 22
0.0
 32
0.0
 13
1.0
 23
0.0
 33
0.0
 40
0.0
 40
0.0
 40
0.0
 40
0.0
 40
0.2
 40
0.2
 40
0.2
 40
0.2
 40
0.4
 40
0.4
 40
0.4
 40
0.4
 40
0.6
 40
0.6
 40
0.6
 40
0.6
 40
1.0
 40
1.0
 40
1.0
 40
1.0
 10
-3.76519
 20
8.75382
 30
0.0
 10
-3.51649
 20
8.75347
 30
0.0
 10
-3.26777
 20
8.75312
 30
0.0
 10
-3.01871
 20
8.75417
 30
0.0
 10
-3.01871
 20
8.75417
 30
0.0
 10
-3.018
 20
8.59331
 30
0.0
 10
-3.01837
 20
8.4328
 30
0.0
 10
-3.01871
 20
8.27193
 30
0.0
 10
-3.01871
 20
8.27193
 30
0.0
 10
-3.26777
 20
8.27087
 30
0.0
 10
-3.5172
 20
8.27193
 30
0.0
 10
-3.7666
 20
8.27158
 30
0.0
 10
-3.7666
 20
8.27158
 30
0.0
 10
-3.7666
 20
8.43244
 30
0.0
 10
-3.76765
 20
8.59296
 30
0.0
 10
-3.76519
 20
8.75382
 30
0.0
  0
SPLINE
  5
5C
330
1F
100
AcDbEntity
  8
Camada 1
100
AcDbSpline
210
0.0
220
0.0
230
1.0
 70
    11
 71
     3
 72
    16
 73
    12
 74
     0
 42
0.0000000001
 43
0.0000000001
 12
1.0
 22
0.0
 32
0.0
 13
1.0
 23
0.0
 33
0.0
 40
0.0
 40
0.0
 40
0.0
 40
0.0
 40
0.25
 40
0.25
 40
0.25
 40
0.25
 40
0.5
 40
0.5
 40
0.5
 40
0.5
 40
1.0
 40
1.0
 40
1.0
 40
1.0
 10
2.56575
 20
8.62824
 30
0.0
 10
2.60314
 20
8.63881
 30
0.0
 10
2.65394
 20
8.70302
 30
0.0
 10
2.69063
 20
8.65434
 30
0.0
 10
2.69063
 20
8.65434
 30
0.0
 10
2.74778
 20
8.62753
 30
0.0
 10
2.67053
 20
8.57037
 30
0.0
 10
2.66734
 20
8.53298
 30
0.0
 10
2.66734
 20
8.53298
 30
0.0
 10
2.63243
 20
8.56332
 30
0.0
 10
2.59856
 20
8.59507
 30
0.0
 10
2.56575
 20
8.62824
 30
0.0
  0
SPLINE
  5
5D
330
1F
100
AcDbEntity
  8
Camada 1
100
AcDbSpline
210
0.0
220
0.0
230
1.0
 70
    11
 71
     3
 72
    16
 73
    12
 74
     0
 42
0.0000000001
 43
0.0000000001
 12
1.0
 22
0.0
 32
0.0
 13
1.0
 23
0.0
 33
0.0
 40
0.0
 40
0.0
 40
0.0
 40
0.0
 40
0.25
 40
0.25
 40
0.25
 40
0.25
 40
0.5
 40
0.5
 40
0.5
 40
0.5
 40
1.0
 40
1.0
 40
1.0
 40
1.0
 10
4.32929
 20
8.68221
 30
0.0
 10
4.40231
 20
8.64729
 30
0.0
 10
4.4076
 20
8.57673
 30
0.0
 10
4.34092
 20
8.5291
 30
0.0
 10
4.34092
 20
8.5291
 30
0.0
 10
4.31375
 20
8.5538
 30
0.0
 10
4.28695
 20
8.57849
 30
0.0
 10
4.26049
 20
8.60389
 30
0.0
 10
4.26049
 20
8.60389
 30
0.0
 10
4.27743
 20
8.62329
 30
0.0
 10
4.312
 20
8.66245
 30
0.0
 10
4.32929
 20
8.68221
 30
0.0
  0
SPLINE
  5
5E
330
1F
100
AcDbEntity
  8
Camada 1
100
AcDbSpline
210
0.0
220
0.0
230
1.0
 70
    11
 71
     3
 72
    16
 73
    12
 74
     0
 42
0.0000000001
 43
0.0000000001
 12
1.0
 22
0.0
 32
0.0
 13
1.0
 23
0.0
 33
0.0
 40
0.0
 40
0.0
 40
0.0
 40
0.0
 40
0.25
 40
0.25
 40
0.25
 40
0.25
 40
0.5
 40
0.5
 40
0.5
 40
0.5
 40
1.0
 40
1.0
 40
1.0
 40
1.0
 10
4.61539
 20
8.56932
 30
0.0
 10
4.56564
 20
8.60036
 30
0.0
 10
4.6235
 20
8.65434
 30
0.0
 10
4.65454
 20
8.67375
 30
0.0
 10
4.65454
 20
8.67375
 30
0.0
 10
4.68524
 20
8.65222
 30
0.0
 10
4.71557
 20
8.62965
 30
0.0
 10
4.74486
 20
8.60636
 30
0.0
 10
4.74486
 20
8.60636
 30
0.0
 10
4.70817
 20
8.58026
 30
0.0
 10
4.65842
 20
8.51182
 30
0.0
 10
4.61539
 20
8.56932
 30
0.0
  0
SPLINE
  5
5F
330
1F
100
AcDbEntity
  8
Camada 1
100
AcDbSpline
210
0.0
220
0.0
230
1.0
 70
    11
 71
     3
 72
    20
 73
    16
 74
     0
 42
0.0000000001
 43
0.0000000001
 12
1.0
 22
0.0
 32
0.0
 13
1.0
 23
0.0
 33
0.0
 40
0.0
 40
0.0
 40
0.0
 40
0.0
 40
0.2
 40
0.2
 40
0.2
 40
0.2
 40
0.4
 40
0.4
 40
0.4
 40
0.4
 40
0.6
 40
0.6
 40
0.6
 40
0.6
 40
1.0
 40
1.0
 40
1.0
 40
1.0
 10
2.74319
 20
8.44161
 30
0.0
 10
2.76718
 20
8.47019
 30
0.0
 10
2.79223
 20
8.49841
 30
0.0
 10
2.81798
 20
8.52557
 30
0.0
 10
2.81798
 20
8.52557
 30
0.0
 10
2.84161
 20
8.50088
 30
0.0
 10
2.86526
 20
8.47583
 30
0.0
 10
2.88924
 20
8.45114
 30
0.0
 10
2.88924
 20
8.45114
 30
0.0
 10
2.86737
 20
8.42292
 30
0.0
 10
2.84444
 20
8.3954
 30
0.0
 10
2.82117
 20
8.36894
 30
0.0
 10
2.82117
 20
8.36894
 30
0.0
 10
2.79505
 20
8.39328
 30
0.0
 10
2.76895
 20
8.41728
 30
0.0
 10
2.74319
 20
8.44161
 30
0.0
  0
SPLINE
  5
60
330
1F
100
AcDbEntity
  8
Camada 1
100
AcDbSpline
210
0.0
220
0.0
230
1.0
 70
    11
 71
     3
 72
    16
 73
    12
 74
     0
 42
0.0000000001
 43
0.0000000001
 12
1.0
 22
0.0
 32
0.0
 13
1.0
 23
0.0
 33
0.0
 40
0.0
 40
0.0
 40
0.0
 40
0.0
 40
0.25
 40
0.25
 40
0.25
 40
0.25
 40
0.5
 40
0.5
 40
0.5
 40
0.5
 40
1.0
 40
1.0
 40
1.0
 40
1.0
 10
4.08657
 20
8.46208
 30
0.0
 10
4.13773
 20
8.49841
 30
0.0
 10
4.19311
 20
8.49524
 30
0.0
 10
4.24602
 20
8.46384
 30
0.0
 10
4.24602
 20
8.46384
 30
0.0
 10
4.21886
 20
8.4275
 30
0.0
 10
4.19135
 20
8.39152
 30
0.0
 10
4.16348
 20
8.35589
 30
0.0
 10
4.16348
 20
8.35589
 30
0.0
 10
4.13702
 20
8.39082
 30
0.0
 10
4.11127
 20
8.42644
 30
0.0
 10
4.08657
 20
8.46208
 30
0.0
  0
SPLINE
  5
61
330
1F
100
AcDbEntity
  8
Camada 1
100
AcDbSpline
210
0.0
220
0.0
230
1.0
 70
    11
 71
     3
 72
    12
 73
     8
 74
     0
 42
0.0000000001
 43
0.0000000001
 12
1.0
 22
0.0
 32
0.0
 13
1.0
 23
0.0
 33
0.0
 40
0.0
 40
0.0
 40
0.0
 40
0.0
 40
0.3333333333333333
 40
0.3333333333333333
 40
0.3333333333333333
 40
0.3333333333333333
 40
1.0
 40
1.0
 40
1.0
 40
1.0
 10
4.81083
 20
8.4977
 30
0.0
 10
4.86375
 20
8.503
 30
0.0
 10
4.9336
 20
8.42891
 30
0.0
 10
4.86409
 20
8.39681
 30
0.0
 10
4.86409
 20
8.39681
 30
0.0
 10
4.81083
 20
8.31567
 30
0.0
 10
4.71028
 20
8.47795
 30
0.0
 10
4.81083
 20
8.4977
 30
0.0
  0
SPLINE
  5
62
330
1F
100
AcDbEntity
  8
Camada 1
100
AcDbSpline
210
0.0
220
0.0
230
1.0
 70
    11
 71
     3
 72
    16
 73
    12
 74
     0
 42
0.0000000001
 43
0.0000000001
 12
1.0
 22
0.0
 32
0.0
 13
1.0
 23
0.0
 33
0.0
 40
0.0
 40
0.0
 40
0.0
 40
0.0
 40
0.25
 40
0.25
 40
0.25
 40
0.25
 40
0.5
 40
0.5
 40
0.5
 40
0.5
 40
1.0
 40
1.0
 40
1.0
 40
1.0
 10
6.0907
 20
8.44761
 30
0.0
 10
6.13974
 20
8.49806
 30
0.0
 10
6.19478
 20
8.50335
 30
0.0
 10
6.25086
 20
8.45749
 30
0.0
 10
6.25086
 20
8.45749
 30
0.0
 10
6.2237
 20
8.42539
 30
0.0
 10
6.19619
 20
8.39363
 30
0.0
 10
6.16795
 20
8.36259
 30
0.0
 10
6.16795
 20
8.36259
 30
0.0
 10
6.14856
 20
8.38376
 30
0.0
 10
6.10975
 20
8.42644
 30
0.0
 10
6.0907
 20
8.44761
 30
0.0
  0
SPLINE
  5
63
330
1F
100
AcDbEntity
  8
Camada 1
100
AcDbSpline
210
0.0
220
0.0
230
1.0
 70
    11
 71
     3
 72
    20
 73
    16
 74
     0
 42
0.0000000001
 43
0.0000000001
 12
1.0
 22
0.0
 32
0.0
 13
1.0
 23
0.0
 33
0.0
 40
0.0
 40
0.0
 40
0.0
 40
0.0
 40
0.2
 40
0.2
 40
0.2
 40
0.2
 40
0.4
 40
0.4
 40
0.4
 40
0.4
 40
0.6
 40
0.6
 40
0.6
 40
0.6
 40
1.0
 40
1.0
 40
1.0
 40
1.0
 10
2.90971
 20
8.28393
 30
0.0
 10
2.93687
 20
8.30685
 30
0.0
 10
2.96438
 20
8.32979
 30
0.0
 10
2.99225
 20
8.35271
 30
0.0
 10
2.99225
 20
8.35271
 30
0.0
 10
3.01519
 20
8.32943
 30
0.0
 10
3.03847
 20
8.3065
 30
0.0
 10
3.06175
 20
8.28322
 30
0.0
 10
3.06175
 20
8.28322
 30
0.0
 10
3.0353
 20
8.2557
 30
0.0
 10
3.00848
 20
8.22854
 30
0.0
 10
2.98167
 20
8.20173
 30
0.0
 10
2.98167
 20
8.20173
 30
0.0
 10
2.95733
 20
8.22924
 30
0.0
 10
2.93334
 20
8.25641
 30
0.0
 10
2.90971
 20
8.28393
 30
0.0
  0
SPLINE
  5
64
330
1F
100
AcDbEntity
  8
Camada 1
100
AcDbSpline
210
0.0
220
0.0
230
1.0
 70
    11
 71
     3
 72
    20
 73
    16
 74
     0
 42
0.0000000001
 43
0.0000000001
 12
1.0
 22
0.0
 32
0.0
 13
1.0
 23
0.0
 33
0.0
 40
0.0
 40
0.0
 40
0.0
 40
0.0
 40
0.2
 40
0.2
 40
0.2
 40
0.2
 40
0.4
 40
0.4
 40
0.4
 40
0.4
 40
0.6
 40
0.6
 40
0.6
 40
0.6
 40
1.0
 40
1.0
 40
1.0
 40
1.0
 10
3.92289
 20
8.26558
 30
0.0
 10
3.94723
 20
8.2938
 30
0.0
 10
3.97262
 20
8.32097
 30
0.0
 10
3.99908
 20
8.34707
 30
0.0
 10
3.99908
 20
8.34707
 30
0.0
 10
4.02342
 20
8.32097
 30
0.0
 10
4.04847
 20
8.29451
 30
0.0
 10
4.07317
 20
8.26805
 30
0.0
 10
4.07317
 20
8.26805
 30
0.0
 10
4.04636
 20
8.24406
 30
0.0
 10
4.0199
 20
8.22007
 30
0.0
 10
3.99345
 20
8.19573
 30
0.0
 10
3.99345
 20
8.19573
 30
0.0
 10
3.9698
 20
8.21936
 30
0.0
 10
3.94616
 20
8.24264
 30
0.0
 10
3.92289
 20
8.26558
 30
0.0
  0
SPLINE
  5
65
330
1F
100
AcDbEntity
  8
Camada 1
100
AcDbSpline
210
0.0
220
0.0
230
1.0
 70
    11
 71
     3
 72
    20
 73
    16
 74
     0
 42
0.0000000001
 43
0.0000000001
 12
1.0
 22
0.0
 32
0.0
 13
1.0
 23
0.0
 33
0.0
 40
0.0
 40
0.0
 40
0.0
 40
0.0
 40
0.2
 40
0.2
 40
0.2
 40
0.2
 40
0.4
 40
0.4
 40
0.4
 40
0.4
 40
0.6
 40
0.6
 40
0.6
 40
0.6
 40
1.0
 40
1.0
 40
1.0
 40
1.0
 10
4.91949
 20
8.27263
 30
0.0
 10
4.94595
 20
8.29697
 30
0.0
 10
4.97311
 20
8.32131
 30
0.0
 10
4.99991
 20
8.34531
 30
0.0
 10
4.99991
 20
8.34531
 30
0.0
 10
5.02214
 20
8.31991
 30
0.0
 10
5.04472
 20
8.29415
 30
0.0
 10
5.0673
 20
8.26875
 30
0.0
 10
5.0673
 20
8.26875
 30
0.0
 10
5.04506
 20
8.24406
 30
0.0
 10
5.02284
 20
8.21901
 30
0.0
 10
5.00133
 20
8.19396
 30
0.0
 10
5.00133
 20
8.19396
 30
0.0
 10
4.97346
 20
8.22007
 30
0.0
 10
4.94629
 20
8.24618
 30
0.0
 10
4.91949
 20
8.27263
 30
0.0
  0
SPLINE
  5
66
330
1F
100
AcDbEntity
  8
Camada 1
100
AcDbSpline
210
0.0
220
0.0
230
1.0
 70
    11
 71
     3
 72
    20
 73
    16
 74
     0
 42
0.0000000001
 43
0.0000000001
 12
1.0
 22
0.0
 32
0.0
 13
1.0
 23
0.0
 33
0.0
 40
0.0
 40
0.0
 40
0.0
 40
0.0
 40
0.2
 40
0.2
 40
0.2
 40
0.2
 40
0.4
 40
0.4
 40
0.4
 40
0.4
 40
0.6
 40
0.6
 40
0.6
 40
0.6
 40
1.0
 40
1.0
 40
1.0
 40
1.0
 10
5.92949
 20
8.27687
 30
0.0
 10
5.95453
 20
8.30227
 30
0.0
 10
5.97992
 20
8.32767
 30
0.0
 10
6.00569
 20
8.35342
 30
0.0
 10
6.00569
 20
8.35342
 30
0.0
 10
6.02543
 20
8.32449
 30
0.0
 10
6.0466
 20
8.29627
 30
0.0
 10
6.0646
 20
8.26593
 30
0.0
 10
6.0646
 20
8.26593
 30
0.0
 10
6.04414
 20
8.23983
 30
0.0
 10
6.02297
 20
8.21408
 30
0.0
 10
6.00109
 20
8.18902
 30
0.0
 10
6.00109
 20
8.18902
 30
0.0
 10
5.97675
 20
8.21795
 30
0.0
 10
5.95241
 20
8.24688
 30
0.0
 10
5.92949
 20
8.27687
 30
0.0
  0
SPLINE
  5
67
330
1F
100
AcDbEntity
  8
Camada 1
100
AcDbSpline
210
0.0
220
0.0
230
1.0
 70
    11
 71
     3
 72
    20
 73
    16
 74
     0
 42
0.0000000001
 43
0.0000000001
 12
1.0
 22
0.0
 32
0.0
 13
1.0
 23
0.0
 33
0.0
 40
0.0
 40
0.0
 40
0.0
 40
0.0
 40
0.2
 40
0.2
 40
0.2
 40
0.2
 40
0.4
 40
0.4
 40
0.4
 40
0.4
 40
0.6
 40
0.6
 40
0.6
 40
0.6
 40
1.0
 40
1.0
 40
1.0
 40
1.0
 10
-6.02051
 20
8.27051
 30
0.0
 10
-5.77108
 20
8.27051
 30
0.0
 10
-5.52167
 20
8.27051
 30
0.0
 10
-5.27227
 20
8.27051
 30
0.0
 10
-5.27227
 20
8.27051
 30
0.0
 10
-5.27297
 20
8.02181
 30
0.0
 10
-5.27368
 20
7.77275
 30
0.0
 10
-5.27227
 20
7.52369
 30
0.0
 10
-5.27227
 20
7.52369
 30
0.0
 10
-5.52167
 20
7.52333
 30
0.0
 10
-5.77108
 20
7.52369
 30
0.0
 10
-6.02085
 20
7.52369
 30
0.0
 10
-6.02085
 20
7.52369
 30
0.0
 10
-6.01909
 20
7.77275
 30
0.0
 10
-6.0198
 20
8.02181
 30
0.0
 10
-6.02051
 20
8.27051
 30
0.0
  0
SPLINE
  5
68
330
1F
100
AcDbEntity
  8
Camada 1
100
AcDbSpline
210
0.0
220
0.0
230
1.0
 70
    11
 71
     3
 72
    20
 73
    16
 74
     0
 42
0.0000000001
 43
0.0000000001
 12
1.0
 22
0.0
 32
0.0
 13
1.0
 23
0.0
 33
0.0
 40
0.0
 40
0.0
 40
0.0
 40
0.0
 40
0.2
 40
0.2
 40
0.2
 40
0.2
 40
0.4
 40
0.4
 40
0.4
 40
0.4
 40
0.6
 40
0.6
 40
0.6
 40
0.6
 40
1.0
 40
1.0
 40
1.0
 40
1.0
 10
-4.52154
 20
8.27051
 30
0.0
 10
-4.27073
 20
8.27016
 30
0.0
 10
-4.01954
 20
8.27087
 30
0.0
 10
-3.76836
 20
8.27016
 30
0.0
 10
-3.76836
 20
8.27016
 30
0.0
 10
-3.76765
 20
8.02145
 30
0.0
 10
-3.76872
 20
7.77275
 30
0.0
 10
-3.76802
 20
7.52403
 30
0.0
 10
-3.76802
 20
7.52403
 30
0.0
 10
-4.01954
 20
7.52403
 30
0.0
 10
-4.27107
 20
7.52228
 30
0.0
 10
-4.52261
 20
7.5251
 30
0.0
 10
-4.52261
 20
7.5251
 30
0.0
 10
-4.52154
 20
7.77346
 30
0.0
 10
-4.52332
 20
8.02216
 30
0.0
 10
-4.52154
 20
8.27051
 30
0.0
  0
SPLINE
  5
69
330
1F
100
AcDbEntity
  8
Camada 1
100
AcDbSpline
210
0.0
220
0.0
230
1.0
 70
    11
 71
     3
 72
    20
 73
    16
 74
     0
 42
0.0000000001
 43
0.0000000001
 12
1.0
 22
0.0
 32
0.0
 13
1.0
 23
0.0
 33
0.0
 40
0.0
 40
0.0
 40
0.0
 40
0.0
 40
0.2
 40
0.2
 40
0.2
 40
0.2
 40
0.4
 40
0.4
 40
0.4
 40
0.4
 40
0.6
 40
0.6
 40
0.6
 40
0.6
 40
1.0
 40
1.0
 40
1.0
 40
1.0
 10
3.07516
 20
8.11459
 30
0.0
 10
3.10198
 20
8.13822
 30
0.0
 10
3.12985
 20
8.16151
 30
0.0
 10
3.15841
 20
8.18338
 30
0.0
 10
3.15841
 20
8.18338
 30
0.0
 10
3.18276
 20
8.15904
 30
0.0
 10
3.2071
 20
8.1347
 30
0.0
 10
3.23179
 20
8.11071
 30
0.0
 10
3.23179
 20
8.11071
 30
0.0
 10
3.20428
 20
8.08566
 30
0.0
 10
3.17605
 20
8.06167
 30
0.0
 10
3.14713
 20
8.03839
 30
0.0
 10
3.14713
 20
8.03839
 30
0.0
 10
3.12313
 20
8.06379
 30
0.0
 10
3.09915
 20
8.08919
 30
0.0
 10
3.07516
 20
8.11459
 30
0.0
  0
SPLINE
  5
6A
330
1F
100
AcDbEntity
  8
Camada 1
100
AcDbSpline
210
0.0
220
0.0
230
1.0
 70
    11
 71
     3
 72
    20
 73
    16
 74
     0
 42
0.0000000001
 43
0.0000000001
 12
1.0
 22
0.0
 32
0.0
 13
1.0
 23
0.0
 33
0.0
 40
0.0
 40
0.0
 40
0.0
 40
0.0
 40
0.2
 40
0.2
 40
0.2
 40
0.2
 40
0.4
 40
0.4
 40
0.4
 40
0.4
 40
0.6
 40
0.6
 40
0.6
 40
0.6
 40
1.0
 40
1.0
 40
1.0
 40
1.0
 10
3.8308
 20
8.17562
 30
0.0
 10
3.85621
 20
8.15304
 30
0.0
 10
3.88126
 20
8.13082
 30
0.0
 10
3.90701
 20
8.1086
 30
0.0
 10
3.90701
 20
8.1086
 30
0.0
 10
3.87984
 20
8.08108
 30
0.0
 10
3.85268
 20
8.05391
 30
0.0
 10
3.82551
 20
8.0271
 30
0.0
 10
3.82551
 20
8.0271
 30
0.0
 10
3.80152
 20
8.05427
 30
0.0
 10
3.77789
 20
8.08143
 30
0.0
 10
3.75425
 20
8.10824
 30
0.0
 10
3.75425
 20
8.10824
 30
0.0
 10
3.77966
 20
8.13082
 30
0.0
 10
3.80541
 20
8.15304
 30
0.0
 10
3.8308
 20
8.17562
 30
0.0
  0
SPLINE
  5
6B
330
1F
100
AcDbEntity
  8
Camada 1
100
AcDbSpline
210
0.0
220
0.0
230
1.0
 70
    11
 71
     3
 72
    20
 73
    16
 74
     0
 42
0.0000000001
 43
0.0000000001
 12
1.0
 22
0.0
 32
0.0
 13
1.0
 23
0.0
 33
0.0
 40
0.0
 40
0.0
 40
0.0
 40
0.0
 40
0.2
 40
0.2
 40
0.2
 40
0.2
 40
0.4
 40
0.4
 40
0.4
 40
0.4
 40
0.6
 40
0.6
 40
0.6
 40
0.6
 40
1.0
 40
1.0
 40
1.0
 40
1.0
 10
5.09869
 20
8.10259
 30
0.0
 10
5.11493
 20
8.12905
 30
0.0
 10
5.13221
 20
8.15516
 30
0.0
 10
5.1502
 20
8.18056
 30
0.0
 10
5.1502
 20
8.18056
 30
0.0
 10
5.18018
 20
8.15622
 30
0.0
 10
5.21053
 20
8.13188
 30
0.0
 10
5.24087
 20
8.10754
 30
0.0
 10
5.24087
 20
8.10754
 30
0.0
 10
5.2137
 20
8.07931
 30
0.0
 10
5.18653
 20
8.05109
 30
0.0
 10
5.15902
 20
8.02286
 30
0.0
 10
5.15902
 20
8.02286
 30
0.0
 10
5.13856
 20
8.04932
 30
0.0
 10
5.11703
 20
8.07507
 30
0.0
 10
5.09869
 20
8.10259
 30
0.0
  0
SPLINE
  5
6C
330
1F
100
AcDbEntity
  8
Camada 1
100
AcDbSpline
210
0.0
220
0.0
230
1.0
 70
    11
 71
     3
 72
    20
 73
    16
 74
     0
 42
0.0000000001
 43
0.0000000001
 12
1.0
 22
0.0
 32
0.0
 13
1.0
 23
0.0
 33
0.0
 40
0.0
 40
0.0
 40
0.0
 40
0.0
 40
0.2
 40
0.2
 40
0.2
 40
0.2
 40
0.4
 40
0.4
 40
0.4
 40
0.4
 40
0.6
 40
0.6
 40
0.6
 40
0.6
 40
1.0
 40
1.0
 40
1.0
 40
1.0
 10
5.82789
 20
8.17809
 30
0.0
 10
5.85716
 20
8.15304
 30
0.0
 10
5.88644
 20
8.12764
 30
0.0
 10
5.91572
 20
8.10259
 30
0.0
 10
5.91572
 20
8.10259
 30
0.0
 10
5.88751
 20
8.08143
 30
0.0
 10
5.85998
 20
8.05991
 30
0.0
 10
5.82999
 20
8.04192
 30
0.0
 10
5.82999
 20
8.04192
 30
0.0
 10
5.8046
 20
8.06167
 30
0.0
 10
5.77956
 20
8.08214
 30
0.0
 10
5.75592
 20
8.10365
 30
0.0
 10
5.75592
 20
8.10365
 30
0.0
 10
5.77956
 20
8.12834
 30
0.0
 10
5.8039
 20
8.1534
 30
0.0
 10
5.82789
 20
8.17809
 30
0.0
  0
SPLINE
  5
6D
330
1F
100
AcDbEntity
  8
Camada 1
100
AcDbSpline
210
0.0
220
0.0
230
1.0
 70
    11
 71
     3
 72
    20
 73
    16
 74
     0
 42
0.0000000001
 43
0.0000000001
 12
1.0
 22
0.0
 32
0.0
 13
1.0
 23
0.0
 33
0.0
 40
0.0
 40
0.0
 40
0.0
 40
0.0
 40
0.2
 40
0.2
 40
0.2
 40
0.2
 40
0.4
 40
0.4
 40
0.4
 40
0.4
 40
0.6
 40
0.6
 40
0.6
 40
0.6
 40
1.0
 40
1.0
 40
1.0
 40
1.0
 10
3.24555
 20
7.94702
 30
0.0
 10
3.2639
 20
7.9636
 30
0.0
 10
3.30022
 20
7.99676
 30
0.0
 10
3.31857
 20
8.01334
 30
0.0
 10
3.31857
 20
8.01334
 30
0.0
 10
3.33869
 20
7.99782
 30
0.0
 10
3.37889
 20
7.96643
 30
0.0
 10
3.39901
 20
7.9509
 30
0.0
 10
3.39901
 20
7.9509
 30
0.0
 10
3.37255
 20
7.92339
 30
0.0
 10
3.34573
 20
7.89622
 30
0.0
 10
3.31786
 20
7.87047
 30
0.0
 10
3.31786
 20
7.87047
 30
0.0
 10
3.29282
 20
7.89515
 30
0.0
 10
3.26918
 20
7.92127
 30
0.0
 10
3.24555
 20
7.94702
 30
0.0
  0
SPLINE
  5
6E
330
1F
100
AcDbEntity
  8
Camada 1
100
AcDbSpline
210
0.0
220
0.0
230
1.0
 70
    11
 71
     3
 72
    16
 73
    12
 74
     0
 42
0.0000000001
 43
0.0000000001
 12
1.0
 22
0.0
 32
0.0
 13
1.0
 23
0.0
 33
0.0
 40
0.0
 40
0.0
 40
0.0
 40
0.0
 40
0.25
 40
0.25
 40
0.25
 40
0.25
 40
0.5
 40
0.5
 40
0.5
 40
0.5
 40
1.0
 40
1.0
 40
1.0
 40
1.0
 10
3.64277
 20
8.01863
 30
0.0
 10
3.67312
 20
7.99359
 30
0.0
 10
3.70487
 20
7.96924
 30
0.0
 10
3.73203
 20
7.94032
 30
0.0
 10
3.73203
 20
7.94032
 30
0.0
 10
3.70981
 20
7.91033
 30
0.0
 10
3.68618
 20
7.88105
 30
0.0
 10
3.66182
 20
7.85247
 30
0.0
 10
3.66182
 20
7.85247
 30
0.0
 10
3.60503
 20
7.90046
 30
0.0
 10
3.59339
 20
7.95867
 30
0.0
 10
3.64277
 20
8.01863
 30
0.0
  0
SPLINE
  5
6F
330
1F
100
AcDbEntity
  8
Camada 1
100
AcDbSpline
210
0.0
220
0.0
230
1.0
 70
    11
 71
     3
 72
    16
 73
    12
 74
     0
 42
0.0000000001
 43
0.0000000001
 12
1.0
 22
0.0
 32
0.0
 13
1.0
 23
0.0
 33
0.0
 40
0.0
 40
0.0
 40
0.0
 40
0.0
 40
0.25
 40
0.25
 40
0.25
 40
0.25
 40
0.5
 40
0.5
 40
0.5
 40
0.5
 40
1.0
 40
1.0
 40
1.0
 40
1.0
 10
5.25215
 20
7.93291
 30
0.0
 10
5.27897
 20
7.96007
 30
0.0
 10
5.30577
 20
7.98723
 30
0.0
 10
5.33293
 20
8.0144
 30
0.0
 10
5.33293
 20
8.0144
 30
0.0
 10
5.35622
 20
7.97736
 30
0.0
 10
5.42924
 20
7.93432
 30
0.0
 10
5.36787
 20
7.89622
 30
0.0
 10
5.36787
 20
7.89622
 30
0.0
 10
5.32835
 20
7.83695
 30
0.0
 10
5.28813
 20
7.90963
 30
0.0
 10
5.25215
 20
7.93291
 30
0.0
  0
SPLINE
  5
70
330
1F
100
AcDbEntity
  8
Camada 1
100
AcDbSpline
210
0.0
220
0.0
230
1.0
 70
    11
 71
     3
 72
    20
 73
    16
 74
     0
 42
0.0000000001
 43
0.0000000001
 12
1.0
 22
0.0
 32
0.0
 13
1.0
 23
0.0
 33
0.0
 40
0.0
 40
0.0
 40
0.0
 40
0.0
 40
0.2
 40
0.2
 40
0.2
 40
0.2
 40
0.4
 40
0.4
 40
0.4
 40
0.4
 40
0.6
 40
0.6
 40
0.6
 40
0.6
 40
1.0
 40
1.0
 40
1.0
 40
1.0
 10
5.66737
 20
8.01229
 30
0.0
 10
5.691
 20
7.98477
 30
0.0
 10
5.73193
 20
7.96395
 30
0.0
 10
5.73122
 20
7.92233
 30
0.0
 10
5.73122
 20
7.92233
 30
0.0
 10
5.70759
 20
7.90151
 30
0.0
 10
5.68325
 20
7.88175
 30
0.0
 10
5.65784
 20
7.86306
 30
0.0
 10
5.65784
 20
7.86306
 30
0.0
 10
5.63491
 20
7.88811
 30
0.0
 10
5.61233
 20
7.91316
 30
0.0
 10
5.58977
 20
7.9382
 30
0.0
 10
5.58977
 20
7.9382
 30
0.0
 10
5.61552
 20
7.9629
 30
0.0
 10
5.64127
 20
7.98759
 30
0.0
 10
5.66737
 20
8.01229
 30
0.0
  0
SPLINE
  5
71
330
1F
100
AcDbEntity
  8
Camada 1
100
AcDbSpline
210
0.0
220
0.0
230
1.0
 70
    11
 71
     3
 72
    20
 73
    16
 74
     0
 42
0.0000000001
 43
0.0000000001
 12
1.0
 22
0.0
 32
0.0
 13
1.0
 23
0.0
 33
0.0
 40
0.0
 40
0.0
 40
0.0
 40
0.0
 40
0.2
 40
0.2
 40
0.2
 40
0.2
 40
0.4
 40
0.4
 40
0.4
 40
0.4
 40
0.6
 40
0.6
 40
0.6
 40
0.6
 40
1.0
 40
1.0
 40
1.0
 40
1.0
 10
3.41066
 20
7.76464
 30
0.0
 10
3.4357
 20
7.79497
 30
0.0
 10
3.4618
 20
7.82496
 30
0.0
 10
3.48862
 20
7.85388
 30
0.0
 10
3.48862
 20
7.85388
 30
0.0
 10
3.51613
 20
7.82637
 30
0.0
 10
3.54365
 20
7.79885
 30
0.0
 10
3.57152
 20
7.77134
 30
0.0
 10
3.57152
 20
7.77134
 30
0.0
 10
3.54682
 20
7.747
 30
0.0
 10
3.52248
 20
7.72195
 30
0.0
 10
3.49637
 20
7.69902
 30
0.0
 10
3.49637
 20
7.69902
 30
0.0
 10
3.46674
 20
7.71947
 30
0.0
 10
3.43817
 20
7.74135
 30
0.0
 10
3.41066
 20
7.76464
 30
0.0
  0
SPLINE
  5
72
330
1F
100
AcDbEntity
  8
Camada 1
100
AcDbSpline
210
0.0
220
0.0
230
1.0
 70
    11
 71
     3
 72
    16
 73
    12
 74
     0
 42
0.0000000001
 43
0.0000000001
 12
1.0
 22
0.0
 32
0.0
 13
1.0
 23
0.0
 33
0.0
 40
0.0
 40
0.0
 40
0.0
 40
0.0
 40
0.25
 40
0.25
 40
0.25
 40
0.25
 40
0.5
 40
0.5
 40
0.5
 40
0.5
 40
1.0
 40
1.0
 40
1.0
 40
1.0
 10
5.45535
 20
7.80591
 30
0.0
 10
5.48569
 20
7.86129
 30
0.0
 10
5.54355
 20
7.79144
 30
0.0
 10
5.58341
 20
7.78651
 30
0.0
 10
5.58341
 20
7.78651
 30
0.0
 10
5.55096
 20
7.74946
 30
0.0
 10
5.51602
 20
7.71489
 30
0.0
 10
5.47828
 20
7.68385
 30
0.0
 10
5.47828
 20
7.68385
 30
0.0
 10
5.47441
 20
7.72195
 30
0.0
 10
5.40807
 20
7.77451
 30
0.0
 10
5.45535
 20
7.80591
 30
0.0
  0
SPLINE
  5
73
330
1F
100
AcDbEntity
  8
Camada 1
100
AcDbSpline
210
0.0
220
0.0
230
1.0
 70
    11
 71
     3
 72
    20
 73
    16
 74
     0
 42
0.0000000001
 43
0.0000000001
 12
1.0
 22
0.0
 32
0.0
 13
1.0
 23
0.0
 33
0.0
 40
0.0
 40
0.0
 40
0.0
 40
0.0
 40
0.2
 40
0.2
 40
0.2
 40
0.2
 40
0.4
 40
0.4
 40
0.4
 40
0.4
 40
0.6
 40
0.6
 40
0.6
 40
0.6
 40
1.0
 40
1.0
 40
1.0
 40
1.0
 10
3.25437
 20
7.59249
 30
0.0
 10
3.27659
 20
7.62105
 30
0.0
 10
3.29881
 20
7.64928
 30
0.0
 10
3.32105
 20
7.67749
 30
0.0
 10
3.32105
 20
7.67749
 30
0.0
 10
3.34822
 20
7.65174
 30
0.0
 10
3.37572
 20
7.62565
 30
0.0
 10
3.40325
 20
7.59953
 30
0.0
 10
3.40325
 20
7.59953
 30
0.0
 10
3.37643
 20
7.57519
 30
0.0
 10
3.34963
 20
7.55049
 30
0.0
 10
3.32317
 20
7.52615
 30
0.0
 10
3.32317
 20
7.52615
 30
0.0
 10
3.30022
 20
7.54839
 30
0.0
 10
3.2773
 20
7.57061
 30
0.0
 10
3.25437
 20
7.59249
 30
0.0
  0
SPLINE
  5
74
330
1F
100
AcDbEntity
  8
Camada 1
100
AcDbSpline
210
0.0
220
0.0
230
1.0
 70
    11
 71
     3
 72
    20
 73
    16
 74
     0
 42
0.0000000001
 43
0.0000000001
 12
1.0
 22
0.0
 32
0.0
 13
1.0
 23
0.0
 33
0.0
 40
0.0
 40
0.0
 40
0.0
 40
0.0
 40
0.2
 40
0.2
 40
0.2
 40
0.2
 40
0.4
 40
0.4
 40
0.4
 40
0.4
 40
0.6
 40
0.6
 40
0.6
 40
0.6
 40
1.0
 40
1.0
 40
1.0
 40
1.0
 10
3.57964
 20
7.60871
 30
0.0
 10
3.60715
 20
7.63376
 30
0.0
 10
3.63466
 20
7.65844
 30
0.0
 10
3.66289
 20
7.68278
 30
0.0
 10
3.66289
 20
7.68278
 30
0.0
 10
3.68547
 20
7.66022
 30
0.0
 10
3.7084
 20
7.63763
 30
0.0
 10
3.73133
 20
7.61505
 30
0.0
 10
3.73133
 20
7.61505
 30
0.0
 10
3.70733
 20
7.58684
 30
0.0
 10
3.68299
 20
7.55896
 30
0.0
 10
3.65865
 20
7.53109
 30
0.0
 10
3.65865
 20
7.53109
 30
0.0
 10
3.6322
 20
7.55685
 30
0.0
 10
3.60574
 20
7.5826
 30
0.0
 10
3.57964
 20
7.60871
 30
0.0
  0
SPLINE
  5
75
330
1F
100
AcDbEntity
  8
Camada 1
100
AcDbSpline
210
0.0
220
0.0
230
1.0
 70
    11
 71
     3
 72
    20
 73
    16
 74
     0
 42
0.0000000001
 43
0.0000000001
 12
1.0
 22
0.0
 32
0.0
 13
1.0
 23
0.0
 33
0.0
 40
0.0
 40
0.0
 40
0.0
 40
0.0
 40
0.2
 40
0.2
 40
0.2
 40
0.2
 40
0.4
 40
0.4
 40
0.4
 40
0.4
 40
0.6
 40
0.6
 40
0.6
 40
0.6
 40
1.0
 40
1.0
 40
1.0
 40
1.0
 10
5.25885
 20
7.59283
 30
0.0
 10
5.28179
 20
7.62105
 30
0.0
 10
5.30436
 20
7.64998
 30
0.0
 10
5.32623
 20
7.67961
 30
0.0
 10
5.32623
 20
7.67961
 30
0.0
 10
5.35199
 20
7.65598
 30
0.0
 10
5.3781
 20
7.63269
 30
0.0
 10
5.40419
 20
7.60942
 30
0.0
 10
5.40419
 20
7.60942
 30
0.0
 10
5.37915
 20
7.58084
 30
0.0
 10
5.35515
 20
7.55156
 30
0.0
 10
5.33223
 20
7.52157
 30
0.0
 10
5.33223
 20
7.52157
 30
0.0
 10
5.30754
 20
7.5452
 30
0.0
 10
5.28319
 20
7.5692
 30
0.0
 10
5.25885
 20
7.59283
 30
0.0
  0
SPLINE
  5
76
330
1F
100
AcDbEntity
  8
Camada 1
100
AcDbSpline
210
0.0
220
0.0
230
1.0
 70
    11
 71
     3
 72
    20
 73
    16
 74
     0
 42
0.0000000001
 43
0.0000000001
 12
1.0
 22
0.0
 32
0.0
 13
1.0
 23
0.0
 33
0.0
 40
0.0
 40
0.0
 40
0.0
 40
0.0
 40
0.2
 40
0.2
 40
0.2
 40
0.2
 40
0.4
 40
0.4
 40
0.4
 40
0.4
 40
0.6
 40
0.6
 40
0.6
 40
0.6
 40
1.0
 40
1.0
 40
1.0
 40
1.0
 10
5.66596
 20
7.67574
 30
0.0
 10
5.69136
 20
7.64928
 30
0.0
 10
5.71605
 20
7.62175
 30
0.0
 10
5.74004
 20
7.59354
 30
0.0
 10
5.74004
 20
7.59354
 30
0.0
 10
5.71641
 20
7.57132
 30
0.0
 10
5.69312
 20
7.54909
 30
0.0
 10
5.67019
 20
7.52651
 30
0.0
 10
5.67019
 20
7.52651
 30
0.0
 10
5.64339
 20
7.54979
 30
0.0
 10
5.61622
 20
7.57307
 30
0.0
 10
5.58977
 20
7.596
 30
0.0
 10
5.58977
 20
7.596
 30
0.0
 10
5.61516
 20
7.62282
 30
0.0
 10
5.6402
 20
7.64928
 30
0.0
 10
5.66596
 20
7.67574
 30
0.0
  0
SPLINE
  5
77
330
1F
100
AcDbEntity
  8
Camada 1
100
AcDbSpline
210
0.0
220
0.0
230
1.0
 70
    11
 71
     3
 72
    20
 73
    16
 74
     0
 42
0.0000000001
 43
0.0000000001
 12
1.0
 22
0.0
 32
0.0
 13
1.0
 23
0.0
 33
0.0
 40
0.0
 40
0.0
 40
0.0
 40
0.0
 40
0.2
 40
0.2
 40
0.2
 40
0.2
 40
0.4
 40
0.4
 40
0.4
 40
0.4
 40
0.6
 40
0.6
 40
0.6
 40
0.6
 40
1.0
 40
1.0
 40
1.0
 40
1.0
 10
-6.37222
 20
7.52122
 30
0.0
 10
-6.25544
 20
7.52052
 30
0.0
 10
-6.13903
 20
7.52086
 30
0.0
 10
-6.02262
 20
7.52052
 30
0.0
 10
-6.02262
 20
7.52052
 30
0.0
 10
-6.02262
 20
7.26934
 30
0.0
 10
-6.02192
 20
7.01815
 30
0.0
 10
-6.02297
 20
6.76697
 30
0.0
 10
-6.02297
 20
6.76697
 30
0.0
 10
-6.13938
 20
6.76697
 30
0.0
 10
-6.25581
 20
6.76697
 30
0.0
 10
-6.37222
 20
6.76592
 30
0.0
 10
-6.37222
 20
6.76592
 30
0.0
 10
-6.37329
 20
7.01781
 30
0.0
 10
-6.37329
 20
7.26934
 30
0.0
 10
-6.37222
 20
7.52122
 30
0.0
  0
SPLINE
  5
78
330
1F
100
AcDbEntity
  8
Camada 1
100
AcDbSpline
210
0.0
220
0.0
230
1.0
 70
    11
 71
     3
 72
    20
 73
    16
 74
     0
 42
0.0000000001
 43
0.0000000001
 12
1.0
 22
0.0
 32
0.0
 13
1.0
 23
0.0
 33
0.0
 40
0.0
 40
0.0
 40
0.0
 40
0.0
 40
0.2
 40
0.2
 40
0.2
 40
0.2
 40
0.4
 40
0.4
 40
0.4
 40
0.4
 40
0.6
 40
0.6
 40
0.6
 40
0.6
 40
1.0
 40
1.0
 40
1.0
 40
1.0
 10
-5.2712
 20
7.52052
 30
0.0
 10
-5.02214
 20
7.52122
 30
0.0
 10
-4.77273
 20
7.51981
 30
0.0
 10
-4.52366
 20
7.52122
 30
0.0
 10
-4.52366
 20
7.52122
 30
0.0
 10
-4.52225
 20
7.26968
 30
0.0
 10
-4.52154
 20
7.01815
 30
0.0
 10
-4.52366
 20
6.76627
 30
0.0
 10
-4.52366
 20
6.76627
 30
0.0
 10
-4.77273
 20
6.76768
 30
0.0
 10
-5.02214
 20
6.76627
 30
0.0
 10
-5.2712
 20
6.76733
 30
0.0
 10
-5.2712
 20
6.76733
 30
0.0
 10
-5.27261
 20
7.01815
 30
0.0
 10
-5.2719
 20
7.26934
 30
0.0
 10
-5.2712
 20
7.52052
 30
0.0
  0
SPLINE
  5
79
330
1F
100
AcDbEntity
  8
Camada 1
100
AcDbSpline
210
0.0
220
0.0
230
1.0
 70
    11
 71
     3
 72
    20
 73
    16
 74
     0
 42
0.0000000001
 43
0.0000000001
 12
1.0
 22
0.0
 32
0.0
 13
1.0
 23
0.0
 33
0.0
 40
0.0
 40
0.0
 40
0.0
 40
0.0
 40
0.2
 40
0.2
 40
0.2
 40
0.2
 40
0.4
 40
0.4
 40
0.4
 40
0.4
 40
0.6
 40
0.6
 40
0.6
 40
0.6
 40
1.0
 40
1.0
 40
1.0
 40
1.0
 10
-3.76378
 20
7.52122
 30
0.0
 10
-3.51542
 20
7.51981
 30
0.0
 10
-3.26743
 20
7.52157
 30
0.0
 10
-3.01907
 20
7.52016
 30
0.0
 10
-3.01907
 20
7.52016
 30
0.0
 10
-3.01837
 20
7.26897
 30
0.0
 10
-3.01766
 20
7.01815
 30
0.0
 10
-3.01941
 20
6.76697
 30
0.0
 10
-3.01941
 20
6.76697
 30
0.0
 10
-3.26707
 20
6.77333
 30
0.0
 10
-3.51683
 20
6.75357
 30
0.0
 10
-3.76344
 20
6.77686
 30
0.0
 10
-3.76344
 20
6.77686
 30
0.0
 10
-3.76977
 20
7.02486
 30
0.0
 10
-3.76695
 20
7.27321
 30
0.0
 10
-3.76378
 20
7.52122
 30
0.0
  0
SPLINE
  5
7A
330
1F
100
AcDbEntity
  8
Camada 1
100
AcDbSpline
210
0.0
220
0.0
230
1.0
 70
    11
 71
     3
 72
    20
 73
    16
 74
     0
 42
0.0000000001
 43
0.0000000001
 12
1.0
 22
0.0
 32
0.0
 13
1.0
 23
0.0
 33
0.0
 40
0.0
 40
0.0
 40
0.0
 40
0.0
 40
0.2
 40
0.2
 40
0.2
 40
0.2
 40
0.4
 40
0.4
 40
0.4
 40
0.4
 40
0.6
 40
0.6
 40
0.6
 40
0.6
 40
1.0
 40
1.0
 40
1.0
 40
1.0
 10
3.15877
 20
7.505
 30
0.0
 10
3.18416
 20
7.48312
 30
0.0
 10
3.20993
 20
7.46159
 30
0.0
 10
3.23568
 20
7.44007
 30
0.0
 10
3.23568
 20
7.44007
 30
0.0
 10
3.21027
 20
7.41221
 30
0.0
 10
3.18487
 20
7.38433
 30
0.0
 10
3.15948
 20
7.35646
 30
0.0
 10
3.15948
 20
7.35646
 30
0.0
 10
3.13336
 20
7.38292
 30
0.0
 10
3.10761
 20
7.40974
 30
0.0
 10
3.08186
 20
7.4362
 30
0.0
 10
3.08186
 20
7.4362
 30
0.0
 10
3.10727
 20
7.45912
 30
0.0
 10
3.13302
 20
7.48205
 30
0.0
 10
3.15877
 20
7.505
 30
0.0
  0
SPLINE
  5
7B
330
1F
100
AcDbEntity
  8
Camada 1
100
AcDbSpline
210
0.0
220
0.0
230
1.0
 70
    11
 71
     3
 72
    20
 73
    16
 74
     0
 42
0.0000000001
 43
0.0000000001
 12
1.0
 22
0.0
 32
0.0
 13
1.0
 23
0.0
 33
0.0
 40
0.0
 40
0.0
 40
0.0
 40
0.0
 40
0.2
 40
0.2
 40
0.2
 40
0.2
 40
0.4
 40
0.4
 40
0.4
 40
0.4
 40
0.6
 40
0.6
 40
0.6
 40
0.6
 40
1.0
 40
1.0
 40
1.0
 40
1.0
 10
3.74614
 20
7.44361
 30
0.0
 10
3.7726
 20
7.46653
 30
0.0
 10
3.79906
 20
7.48911
 30
0.0
 10
3.82658
 20
7.51134
 30
0.0
 10
3.82658
 20
7.51134
 30
0.0
 10
3.85234
 20
7.4877
 30
0.0
 10
3.87809
 20
7.46441
 30
0.0
 10
3.90384
 20
7.44114
 30
0.0
 10
3.90384
 20
7.44114
 30
0.0
 10
3.87561
 20
7.41574
 30
0.0
 10
3.84774
 20
7.39034
 30
0.0
 10
3.81987
 20
7.36494
 30
0.0
 10
3.81987
 20
7.36494
 30
0.0
 10
3.79518
 20
7.3914
 30
0.0
 10
3.77048
 20
7.41749
 30
0.0
 10
3.74614
 20
7.44361
 30
0.0
  0
SPLINE
  5
7C
330
1F
100
AcDbEntity
  8
Camada 1
100
AcDbSpline
210
0.0
220
0.0
230
1.0
 70
    11
 71
     3
 72
    20
 73
    16
 74
     0
 42
0.0000000001
 43
0.0000000001
 12
1.0
 22
0.0
 32
0.0
 13
1.0
 23
0.0
 33
0.0
 40
0.0
 40
0.0
 40
0.0
 40
0.0
 40
0.2
 40
0.2
 40
0.2
 40
0.2
 40
0.4
 40
0.4
 40
0.4
 40
0.4
 40
0.6
 40
0.6
 40
0.6
 40
0.6
 40
1.0
 40
1.0
 40
1.0
 40
1.0
 10
5.08635
 20
7.43795
 30
0.0
 10
5.11069
 20
7.46054
 30
0.0
 10
5.13537
 20
7.48347
 30
0.0
 10
5.16008
 20
7.50605
 30
0.0
 10
5.16008
 20
7.50605
 30
0.0
 10
5.18653
 20
7.48347
 30
0.0
 10
5.21299
 20
7.4609
 30
0.0
 10
5.2398
 20
7.43832
 30
0.0
 10
5.2398
 20
7.43832
 30
0.0
 10
5.21545
 20
7.41115
 30
0.0
 10
5.19077
 20
7.38363
 30
0.0
 10
5.16678
 20
7.35646
 30
0.0
 10
5.16678
 20
7.35646
 30
0.0
 10
5.13927
 20
7.38328
 30
0.0
 10
5.11245
 20
7.41009
 30
0.0
 10
5.08635
 20
7.43795
 30
0.0
  0
SPLINE
  5
7D
330
1F
100
AcDbEntity
  8
Camada 1
100
AcDbSpline
210
0.0
220
0.0
230
1.0
 70
    11
 71
     3
 72
    20
 73
    16
 74
     0
 42
0.0000000001
 43
0.0000000001
 12
1.0
 22
0.0
 32
0.0
 13
1.0
 23
0.0
 33
0.0
 40
0.0
 40
0.0
 40
0.0
 40
0.0
 40
0.2
 40
0.2
 40
0.2
 40
0.2
 40
0.4
 40
0.4
 40
0.4
 40
0.4
 40
0.6
 40
0.6
 40
0.6
 40
0.6
 40
1.0
 40
1.0
 40
1.0
 40
1.0
 10
5.75909
 20
7.43795
 30
0.0
 10
5.78167
 20
7.46054
 30
0.0
 10
5.80424
 20
7.48276
 30
0.0
 10
5.82682
 20
7.50534
 30
0.0
 10
5.82682
 20
7.50534
 30
0.0
 10
5.85505
 20
7.48171
 30
0.0
 10
5.88362
 20
7.45842
 30
0.0
 10
5.91255
 20
7.43479
 30
0.0
 10
5.91255
 20
7.43479
 30
0.0
 10
5.88539
 20
7.40867
 30
0.0
 10
5.85857
 20
7.38222
 30
0.0
 10
5.83177
 20
7.35612
 30
0.0
 10
5.83177
 20
7.35612
 30
0.0
 10
5.80743
 20
7.38328
 30
0.0
 10
5.78309
 20
7.41079
 30
0.0
 10
5.75909
 20
7.43795
 30
0.0
  0
SPLINE
  5
7E
330
1F
100
AcDbEntity
  8
Camada 1
100
AcDbSpline
210
0.0
220
0.0
230
1.0
 70
    11
 71
     3
 72
    20
 73
    16
 74
     0
 42
0.0000000001
 43
0.0000000001
 12
1.0
 22
0.0
 32
0.0
 13
1.0
 23
0.0
 33
0.0
 40
0.0
 40
0.0
 40
0.0
 40
0.0
 40
0.2
 40
0.2
 40
0.2
 40
0.2
 40
0.4
 40
0.4
 40
0.4
 40
0.4
 40
0.6
 40
0.6
 40
0.6
 40
0.6
 40
1.0
 40
1.0
 40
1.0
 40
1.0
 10
2.98767
 20
7.34094
 30
0.0
 10
3.01201
 20
7.31378
 30
0.0
 10
3.06246
 20
7.2958
 30
0.0
 10
3.05152
 20
7.25099
 30
0.0
 10
3.05152
 20
7.25099
 30
0.0
 10
3.03176
 20
7.22948
 30
0.0
 10
3.01059
 20
7.20901
 30
0.0
 10
2.98908
 20
7.1896
 30
0.0
 10
2.98908
 20
7.1896
 30
0.0
 10
2.9718
 20
7.20865
 30
0.0
 10
2.93792
 20
7.24746
 30
0.0
 10
2.92064
 20
7.26651
 30
0.0
 10
2.92064
 20
7.26651
 30
0.0
 10
2.93758
 20
7.2852
 30
0.0
 10
2.97074
 20
7.32225
 30
0.0
 10
2.98767
 20
7.34094
 30
0.0
  0
SPLINE
  5
7F
330
1F
100
AcDbEntity
  8
Camada 1
100
AcDbSpline
210
0.0
220
0.0
230
1.0
 70
    11
 71
     3
 72
    20
 73
    16
 74
     0
 42
0.0000000001
 43
0.0000000001
 12
1.0
 22
0.0
 32
0.0
 13
1.0
 23
0.0
 33
0.0
 40
0.0
 40
0.0
 40
0.0
 40
0.0
 40
0.2
 40
0.2
 40
0.2
 40
0.2
 40
0.4
 40
0.4
 40
0.4
 40
0.4
 40
0.6
 40
0.6
 40
0.6
 40
0.6
 40
1.0
 40
1.0
 40
1.0
 40
1.0
 10
3.91583
 20
7.27357
 30
0.0
 10
3.93522
 20
7.29226
 30
0.0
 10
3.97369
 20
7.32966
 30
0.0
 10
3.99308
 20
7.34835
 30
0.0
 10
3.99308
 20
7.34835
 30
0.0
 10
4.01637
 20
7.32367
 30
0.0
 10
4.04001
 20
7.29896
 30
0.0
 10
4.06364
 20
7.27428
 30
0.0
 10
4.06364
 20
7.27428
 30
0.0
 10
4.04707
 20
7.25523
 30
0.0
 10
4.01389
 20
7.21713
 30
0.0
 10
3.99732
 20
7.19807
 30
0.0
 10
3.99732
 20
7.19807
 30
0.0
 10
3.96945
 20
7.22277
 30
0.0
 10
3.94263
 20
7.24817
 30
0.0
 10
3.91583
 20
7.27357
 30
0.0
  0
SPLINE
  5
80
330
1F
100
AcDbEntity
  8
Camada 1
100
AcDbSpline
210
0.0
220
0.0
230
1.0
 70
    11
 71
     3
 72
    20
 73
    16
 74
     0
 42
0.0000000001
 43
0.0000000001
 12
1.0
 22
0.0
 32
0.0
 13
1.0
 23
0.0
 33
0.0
 40
0.0
 40
0.0
 40
0.0
 40
0.0
 40
0.2
 40
0.2
 40
0.2
 40
0.2
 40
0.4
 40
0.4
 40
0.4
 40
0.4
 40
0.6
 40
0.6
 40
0.6
 40
0.6
 40
1.0
 40
1.0
 40
1.0
 40
1.0
 10
4.90819
 20
7.26722
 30
0.0
 10
4.93888
 20
7.28839
 30
0.0
 10
4.96851
 20
7.31131
 30
0.0
 10
5.00062
 20
7.33036
 30
0.0
 10
5.00062
 20
7.33036
 30
0.0
 10
5.02742
 20
7.31026
 30
0.0
 10
5.05354
 20
7.28909
 30
0.0
 10
5.07929
 20
7.26722
 30
0.0
 10
5.07929
 20
7.26722
 30
0.0
 10
5.05354
 20
7.24464
 30
0.0
 10
5.02742
 20
7.22312
 30
0.0
 10
5.00027
 20
7.20302
 30
0.0
 10
5.00027
 20
7.20302
 30
0.0
 10
4.96746
 20
7.22136
 30
0.0
 10
4.93818
 20
7.24534
 30
0.0
 10
4.90819
 20
7.26722
 30
0.0
  0
SPLINE
  5
81
330
1F
100
AcDbEntity
  8
Camada 1
100
AcDbSpline
210
0.0
220
0.0
230
1.0
 70
    11
 71
     3
 72
    16
 73
    12
 74
     0
 42
0.0000000001
 43
0.0000000001
 12
1.0
 22
0.0
 32
0.0
 13
1.0
 23
0.0
 33
0.0
 40
0.0
 40
0.0
 40
0.0
 40
0.0
 40
0.25
 40
0.25
 40
0.25
 40
0.25
 40
0.5
 40
0.5
 40
0.5
 40
0.5
 40
1.0
 40
1.0
 40
1.0
 40
1.0
 10
5.91679
 20
7.26827
 30
0.0
 10
5.95595
 20
7.29509
 30
0.0
 10
6.02085
 20
7.36635
 30
0.0
 10
6.05296
 20
7.29051
 30
0.0
 10
6.05296
 20
7.29051
 30
0.0
 10
6.08224
 20
7.24358
 30
0.0
 10
6.03566
 20
7.21959
 30
0.0
 10
6.00075
 20
7.19912
 30
0.0
 10
6.00075
 20
7.19912
 30
0.0
 10
5.97181
 20
7.221
 30
0.0
 10
5.94359
 20
7.24393
 30
0.0
 10
5.91679
 20
7.26827
 30
0.0
  0
SPLINE
  5
82
330
1F
100
AcDbEntity
  8
Camada 1
100
AcDbSpline
210
0.0
220
0.0
230
1.0
 70
    11
 71
     3
 72
    20
 73
    16
 74
     0
 42
0.0000000001
 43
0.0000000001
 12
1.0
 22
0.0
 32
0.0
 13
1.0
 23
0.0
 33
0.0
 40
0.0
 40
0.0
 40
0.0
 40
0.0
 40
0.2
 40
0.2
 40
0.2
 40
0.2
 40
0.4
 40
0.4
 40
0.4
 40
0.4
 40
0.6
 40
0.6
 40
0.6
 40
0.6
 40
1.0
 40
1.0
 40
1.0
 40
1.0
 10
4.08622
 20
7.11588
 30
0.0
 10
4.11127
 20
7.13739
 30
0.0
 10
4.13666
 20
7.15926
 30
0.0
 10
4.16243
 20
7.18078
 30
0.0
 10
4.16243
 20
7.18078
 30
0.0
 10
4.18499
 20
7.15715
 30
0.0
 10
4.20792
 20
7.13317
 30
0.0
 10
4.23087
 20
7.10917
 30
0.0
 10
4.23087
 20
7.10917
 30
0.0
 10
4.20722
 20
7.0806
 30
0.0
 10
4.18324
 20
7.05238
 30
0.0
 10
4.1596
 20
7.0238
 30
0.0
 10
4.1596
 20
7.0238
 30
0.0
 10
4.1349
 20
7.0545
 30
0.0
 10
4.1102
 20
7.08518
 30
0.0
 10
4.08622
 20
7.11588
 30
0.0
  0
SPLINE
  5
83
330
1F
100
AcDbEntity
  8
Camada 1
100
AcDbSpline
210
0.0
220
0.0
230
1.0
 70
    11
 71
     3
 72
    16
 73
    12
 74
     0
 42
0.0000000001
 43
0.0000000001
 12
1.0
 22
0.0
 32
0.0
 13
1.0
 23
0.0
 33
0.0
 40
0.0
 40
0.0
 40
0.0
 40
0.0
 40
0.25
 40
0.25
 40
0.25
 40
0.25
 40
0.5
 40
0.5
 40
0.5
 40
0.5
 40
1.0
 40
1.0
 40
1.0
 40
1.0
 10
2.75519
 20
7.112
 30
0.0
 10
2.78729
 20
7.16526
 30
0.0
 10
2.86032
 20
7.16845
 30
0.0
 10
2.89065
 20
7.11129
 30
0.0
 10
2.89065
 20
7.11129
 30
0.0
 10
2.87231
 20
7.07495
 30
0.0
 10
2.84621
 20
7.04391
 30
0.0
 10
2.82292
 20
7.01075
 30
0.0
 10
2.82292
 20
7.01075
 30
0.0
 10
2.79929
 20
7.04391
 30
0.0
 10
2.77424
 20
7.07602
 30
0.0
 10
2.75519
 20
7.112
 30
0.0
  0
SPLINE
  5
84
330
1F
100
AcDbEntity
  8
Camada 1
100
AcDbSpline
210
0.0
220
0.0
230
1.0
 70
    11
 71
     3
 72
    20
 73
    16
 74
     0
 42
0.0000000001
 43
0.0000000001
 12
1.0
 22
0.0
 32
0.0
 13
1.0
 23
0.0
 33
0.0
 40
0.0
 40
0.0
 40
0.0
 40
0.0
 40
0.2
 40
0.2
 40
0.2
 40
0.2
 40
0.4
 40
0.4
 40
0.4
 40
0.4
 40
0.6
 40
0.6
 40
0.6
 40
0.6
 40
1.0
 40
1.0
 40
1.0
 40
1.0
 10
4.75262
 20
7.11129
 30
0.0
 10
4.77202
 20
7.12505
 30
0.0
 10
4.81083
 20
7.15256
 30
0.0
 10
4.83022
 20
7.16633
 30
0.0
 10
4.83022
 20
7.16633
 30
0.0
 10
4.84893
 20
7.14974
 30
0.0
 10
4.88562
 20
7.11624
 30
0.0
 10
4.90431
 20
7.09965
 30
0.0
 10
4.90431
 20
7.09965
 30
0.0
 10
4.87469
 20
7.07813
 30
0.0
 10
4.85422
 20
7.03121
 30
0.0
 10
4.81329
 20
7.03474
 30
0.0
 10
4.81329
 20
7.03474
 30
0.0
 10
4.79107
 20
7.05872
 30
0.0
 10
4.77097
 20
7.08413
 30
0.0
 10
4.75262
 20
7.11129
 30
0.0
  0
SPLINE
  5
85
330
1F
100
AcDbEntity
  8
Camada 1
100
AcDbSpline
210
0.0
220
0.0
230
1.0
 70
    11
 71
     3
 72
    16
 73
    12
 74
     0
 42
0.0000000001
 43
0.0000000001
 12
1.0
 22
0.0
 32
0.0
 13
1.0
 23
0.0
 33
0.0
 40
0.0
 40
0.0
 40
0.0
 40
0.0
 40
0.25
 40
0.25
 40
0.25
 40
0.25
 40
0.5
 40
0.5
 40
0.5
 40
0.5
 40
1.0
 40
1.0
 40
1.0
 40
1.0
 10
6.13056
 20
7.13846
 30
0.0
 10
6.16055
 20
7.18538
 30
0.0
 10
6.21276
 20
7.11941
 30
0.0
 10
6.25052
 20
7.11658
 30
0.0
 10
6.25052
 20
7.11658
 30
0.0
 10
6.22158
 20
7.08447
 30
0.0
 10
6.20394
 20
7.02734
 30
0.0
 10
6.15102
 20
7.03333
 30
0.0
 10
6.15102
 20
7.03333
 30
0.0
 10
6.12352
 20
7.05979
 30
0.0
 10
6.08083
 20
7.10776
 30
0.0
 10
6.13056
 20
7.13846
 30
0.0
  0
SPLINE
  5
86
330
1F
100
AcDbEntity
  8
Camada 1
100
AcDbSpline
210
0.0
220
0.0
230
1.0
 70
    11
 71
     3
 72
    20
 73
    16
 74
     0
 42
0.0000000001
 43
0.0000000001
 12
1.0
 22
0.0
 32
0.0
 13
1.0
 23
0.0
 33
0.0
 40
0.0
 40
0.0
 40
0.0
 40
0.0
 40
0.2
 40
0.2
 40
0.2
 40
0.2
 40
0.4
 40
0.4
 40
0.4
 40
0.4
 40
0.6
 40
0.6
 40
0.6
 40
0.6
 40
1.0
 40
1.0
 40
1.0
 40
1.0
 10
2.58304
 20
6.93807
 30
0.0
 10
2.6095
 20
6.96029
 30
0.0
 10
2.63596
 20
6.98253
 30
0.0
 10
2.66242
 20
7.00475
 30
0.0
 10
2.66242
 20
7.00475
 30
0.0
 10
2.68498
 20
6.9783
 30
0.0
 10
2.70791
 20
6.95147
 30
0.0
 10
2.73085
 20
6.92502
 30
0.0
 10
2.73085
 20
6.92502
 30
0.0
 10
2.70333
 20
6.90104
 30
0.0
 10
2.67652
 20
6.87704
 30
0.0
 10
2.64936
 20
6.85305
 30
0.0
 10
2.64936
 20
6.85305
 30
0.0
 10
2.62714
 20
6.88162
 30
0.0
 10
2.6049
 20
6.90986
 30
0.0
 10
2.58304
 20
6.93807
 30
0.0
  0
SPLINE
  5
87
330
1F
100
AcDbEntity
  8
Camada 1
100
AcDbSpline
210
0.0
220
0.0
230
1.0
 70
    11
 71
     3
 72
    20
 73
    16
 74
     0
 42
0.0000000001
 43
0.0000000001
 12
1.0
 22
0.0
 32
0.0
 13
1.0
 23
0.0
 33
0.0
 40
0.0
 40
0.0
 40
0.0
 40
0.0
 40
0.2
 40
0.2
 40
0.2
 40
0.2
 40
0.4
 40
0.4
 40
0.4
 40
0.4
 40
0.6
 40
0.6
 40
0.6
 40
0.6
 40
1.0
 40
1.0
 40
1.0
 40
1.0
 10
4.24992
 20
6.94019
 30
0.0
 10
4.27813
 20
6.96419
 30
0.0
 10
4.30635
 20
6.98853
 30
0.0
 10
4.33492
 20
7.01286
 30
0.0
 10
4.33492
 20
7.01286
 30
0.0
 10
4.35645
 20
6.98746
 30
0.0
 10
4.37832
 20
6.9617
 30
0.0
 10
4.40019
 20
6.93632
 30
0.0
 10
4.40019
 20
6.93632
 30
0.0
 10
4.37585
 20
6.91127
 30
0.0
 10
4.35186
 20
6.88657
 30
0.0
 10
4.32788
 20
6.86152
 30
0.0
 10
4.32788
 20
6.86152
 30
0.0
 10
4.30176
 20
6.88764
 30
0.0
 10
4.27567
 20
6.91373
 30
0.0
 10
4.24992
 20
6.94019
 30
0.0
  0
SPLINE
  5
88
330
1F
100
AcDbEntity
  8
Camada 1
100
AcDbSpline
210
0.0
220
0.0
230
1.0
 70
    11
 71
     3
 72
    20
 73
    16
 74
     0
 42
0.0000000001
 43
0.0000000001
 12
1.0
 22
0.0
 32
0.0
 13
1.0
 23
0.0
 33
0.0
 40
0.0
 40
0.0
 40
0.0
 40
0.0
 40
0.2
 40
0.2
 40
0.2
 40
0.2
 40
0.4
 40
0.4
 40
0.4
 40
0.4
 40
0.6
 40
0.6
 40
0.6
 40
0.6
 40
1.0
 40
1.0
 40
1.0
 40
1.0
 10
4.58752
 20
6.93561
 30
0.0
 10
4.61327
 20
6.96136
 30
0.0
 10
4.63902
 20
6.98712
 30
0.0
 10
4.66478
 20
7.0125
 30
0.0
 10
4.66478
 20
7.0125
 30
0.0
 10
4.68524
 20
6.98394
 30
0.0
 10
4.70675
 20
6.95571
 30
0.0
 10
4.72298
 20
6.92396
 30
0.0
 10
4.72298
 20
6.92396
 30
0.0
 10
4.70252
 20
6.89856
 30
0.0
 10
4.68136
 20
6.87317
 30
0.0
 10
4.65983
 20
6.84847
 30
0.0
 10
4.65983
 20
6.84847
 30
0.0
 10
4.63515
 20
6.87704
 30
0.0
 10
4.61081
 20
6.90597
 30
0.0
 10
4.58752
 20
6.93561
 30
0.0
  0
SPLINE
  5
89
330
1F
100
AcDbEntity
  8
Camada 1
100
AcDbSpline
210
0.0
220
0.0
230
1.0
 70
    11
 71
     3
 72
    20
 73
    16
 74
     0
 42
0.0000000001
 43
0.0000000001
 12
1.0
 22
0.0
 32
0.0
 13
1.0
 23
0.0
 33
0.0
 40
0.0
 40
0.0
 40
0.0
 40
0.0
 40
0.2
 40
0.2
 40
0.2
 40
0.2
 40
0.4
 40
0.4
 40
0.4
 40
0.4
 40
0.6
 40
0.6
 40
0.6
 40
0.6
 40
1.0
 40
1.0
 40
1.0
 40
1.0
 10
2.40841
 20
6.77509
 30
0.0
 10
2.43134
 20
6.80295
 30
0.0
 10
2.45886
 20
6.82695
 30
0.0
 10
2.48603
 20
6.85095
 30
0.0
 10
2.48603
 20
6.85095
 30
0.0
 10
2.51178
 20
6.82342
 30
0.0
 10
2.53824
 20
6.79591
 30
0.0
 10
2.5647
 20
6.76839
 30
0.0
 10
2.5647
 20
6.76839
 30
0.0
 10
2.53858
 20
6.73981
 30
0.0
 10
2.51249
 20
6.71159
 30
0.0
 10
2.48673
 20
6.68301
 30
0.0
 10
2.48673
 20
6.68301
 30
0.0
 10
2.45991
 20
6.71335
 30
0.0
 10
2.4317
 20
6.74263
 30
0.0
 10
2.40841
 20
6.77509
 30
0.0
  0
SPLINE
  5
8A
330
1F
100
AcDbEntity
  8
Camada 1
100
AcDbSpline
210
0.0
220
0.0
230
1.0
 70
    11
 71
     3
 72
    20
 73
    16
 74
     0
 42
0.0000000001
 43
0.0000000001
 12
1.0
 22
0.0
 32
0.0
 13
1.0
 23
0.0
 33
0.0
 40
0.0
 40
0.0
 40
0.0
 40
0.0
 40
0.2
 40
0.2
 40
0.2
 40
0.2
 40
0.4
 40
0.4
 40
0.4
 40
0.4
 40
0.6
 40
0.6
 40
0.6
 40
0.6
 40
1.0
 40
1.0
 40
1.0
 40
1.0
 10
4.41184
 20
6.77509
 30
0.0
 10
4.43688
 20
6.79555
 30
0.0
 10
4.46298
 20
6.81531
 30
0.0
 10
4.4898
 20
6.83401
 30
0.0
 10
4.4898
 20
6.83401
 30
0.0
 10
4.52049
 20
6.81637
 30
0.0
 10
4.54907
 20
6.7952
 30
0.0
 10
4.57904
 20
6.77545
 30
0.0
 10
4.57904
 20
6.77545
 30
0.0
 10
4.54978
 20
6.74511
 30
0.0
 10
4.52084
 20
6.71512
 30
0.0
 10
4.49192
 20
6.68513
 30
0.0
 10
4.49192
 20
6.68513
 30
0.0
 10
4.46475
 20
6.71512
 30
0.0
 10
4.4383
 20
6.74511
 30
0.0
 10
4.41184
 20
6.77509
 30
0.0
  0
SPLINE
  5
8B
330
1F
100
AcDbEntity
  8
Camada 1
100
AcDbSpline
210
0.0
220
0.0
230
1.0
 70
    11
 71
     3
 72
    20
 73
    16
 74
     0
 42
0.0000000001
 43
0.0000000001
 12
1.0
 22
0.0
 32
0.0
 13
1.0
 23
0.0
 33
0.0
 40
0.0
 40
0.0
 40
0.0
 40
0.0
 40
0.2
 40
0.2
 40
0.2
 40
0.2
 40
0.4
 40
0.4
 40
0.4
 40
0.4
 40
0.6
 40
0.6
 40
0.6
 40
0.6
 40
1.0
 40
1.0
 40
1.0
 40
1.0
 10
-6.02051
 20
6.7638
 30
0.0
 10
-5.77108
 20
6.7638
 30
0.0
 10
-5.52167
 20
6.76346
 30
0.0
 10
-5.27227
 20
6.7638
 30
0.0
 10
-5.27227
 20
6.7638
 30
0.0
 10
-5.27368
 20
6.51544
 30
0.0
 10
-5.27261
 20
6.26709
 30
0.0
 10
-5.27297
 20
6.01839
 30
0.0
 10
-5.27297
 20
6.01839
 30
0.0
 10
-5.52202
 20
6.01873
 30
0.0
 10
-5.77108
 20
6.01944
 30
0.0
 10
-6.0198
 20
6.01839
 30
0.0
 10
-6.0198
 20
6.01839
 30
0.0
 10
-6.0198
 20
6.26674
 30
0.0
 10
-6.01909
 20
6.51544
 30
0.0
 10
-6.02051
 20
6.7638
 30
0.0
  0
SPLINE
  5
8C
330
1F
100
AcDbEntity
  8
Camada 1
100
AcDbSpline
210
0.0
220
0.0
230
1.0
 70
    11
 71
     3
 72
    20
 73
    16
 74
     0
 42
0.0000000001
 43
0.0000000001
 12
1.0
 22
0.0
 32
0.0
 13
1.0
 23
0.0
 33
0.0
 40
0.0
 40
0.0
 40
0.0
 40
0.0
 40
0.2
 40
0.2
 40
0.2
 40
0.2
 40
0.4
 40
0.4
 40
0.4
 40
0.4
 40
0.6
 40
0.6
 40
0.6
 40
0.6
 40
1.0
 40
1.0
 40
1.0
 40
1.0
 10
-4.52225
 20
6.76275
 30
0.0
 10
-4.27002
 20
6.76485
 30
0.0
 10
-4.01742
 20
6.7631
 30
0.0
 10
-3.76519
 20
6.7638
 30
0.0
 10
-3.76519
 20
6.7638
 30
0.0
 10
-3.77189
 20
6.51544
 30
0.0
 10
-3.7659
 20
6.26709
 30
0.0
 10
-3.76872
 20
6.01873
 30
0.0
 10
-3.76872
 20
6.01873
 30
0.0
 10
-4.0199
 20
6.01909
 30
0.0
 10
-4.27073
 20
6.01873
 30
0.0
 10
-4.52191
 20
6.01909
 30
0.0
 10
-4.52191
 20
6.01909
 30
0.0
 10
-4.52296
 20
6.26709
 30
0.0
 10
-4.52191
 20
6.51474
 30
0.0
 10
-4.52225
 20
6.76275
 30
0.0
  0
SPLINE
  5
8D
330
1F
100
AcDbEntity
  8
Camada 1
100
AcDbSpline
210
0.0
220
0.0
230
1.0
 70
    11
 71
     3
 72
    20
 73
    16
 74
     0
 42
0.0000000001
 43
0.0000000001
 12
1.0
 22
0.0
 32
0.0
 13
1.0
 23
0.0
 33
0.0
 40
0.0
 40
0.0
 40
0.0
 40
0.0
 40
0.2
 40
0.2
 40
0.2
 40
0.2
 40
0.4
 40
0.4
 40
0.4
 40
0.4
 40
0.6
 40
0.6
 40
0.6
 40
0.6
 40
1.0
 40
1.0
 40
1.0
 40
1.0
 10
2.58092
 20
6.60152
 30
0.0
 10
2.59997
 20
6.63256
 30
0.0
 10
2.62254
 20
6.66184
 30
0.0
 10
2.64442
 20
6.69113
 30
0.0
 10
2.64442
 20
6.69113
 30
0.0
 10
2.66982
 20
6.66326
 30
0.0
 10
2.69487
 20
6.63504
 30
0.0
 10
2.71955
 20
6.60646
 30
0.0
 10
2.71955
 20
6.60646
 30
0.0
 10
2.70262
 20
6.58741
 30
0.0
 10
2.66876
 20
6.54931
 30
0.0
 10
2.65182
 20
6.53026
 30
0.0
 10
2.65182
 20
6.53026
 30
0.0
 10
2.62748
 20
6.55355
 30
0.0
 10
2.60244
 20
6.57613
 30
0.0
 10
2.58092
 20
6.60152
 30
0.0
  0
SPLINE
  5
8E
330
1F
100
AcDbEntity
  8
Camada 1
100
AcDbSpline
210
0.0
220
0.0
230
1.0
 70
    11
 71
     3
 72
    20
 73
    16
 74
     0
 42
0.0000000001
 43
0.0000000001
 12
1.0
 22
0.0
 32
0.0
 13
1.0
 23
0.0
 33
0.0
 40
0.0
 40
0.0
 40
0.0
 40
0.0
 40
0.2
 40
0.2
 40
0.2
 40
0.2
 40
0.4
 40
0.4
 40
0.4
 40
0.4
 40
0.6
 40
0.6
 40
0.6
 40
0.6
 40
1.0
 40
1.0
 40
1.0
 40
1.0
 10
4.24427
 20
6.58707
 30
0.0
 10
4.26755
 20
6.61387
 30
0.0
 10
4.29083
 20
6.64069
 30
0.0
 10
4.31411
 20
6.66715
 30
0.0
 10
4.31411
 20
6.66715
 30
0.0
 10
4.34516
 20
6.6435
 30
0.0
 10
4.37656
 20
6.61952
 30
0.0
 10
4.40796
 20
6.59623
 30
0.0
 10
4.40796
 20
6.59623
 30
0.0
 10
4.38291
 20
6.57365
 30
0.0
 10
4.35715
 20
6.55214
 30
0.0
 10
4.33
 20
6.53204
 30
0.0
 10
4.33
 20
6.53204
 30
0.0
 10
4.30001
 20
6.54826
 30
0.0
 10
4.27214
 20
6.56802
 30
0.0
 10
4.24427
 20
6.58707
 30
0.0
  0
SPLINE
  5
8F
330
1F
100
AcDbEntity
  8
Camada 1
100
AcDbSpline
210
0.0
220
0.0
230
1.0
 70
    11
 71
     3
 72
    12
 73
     8
 74
     0
 42
0.0000000001
 43
0.0000000001
 12
1.0
 22
0.0
 32
0.0
 13
1.0
 23
0.0
 33
0.0
 40
0.0
 40
0.0
 40
0.0
 40
0.0
 40
0.3333333333333333
 40
0.3333333333333333
 40
0.3333333333333333
 40
0.3333333333333333
 40
1.0
 40
1.0
 40
1.0
 40
1.0
 10
4.63373
 20
6.6502
 30
0.0
 10
4.69265
 20
6.69819
 30
0.0
 10
4.75614
 20
6.59906
 30
0.0
 10
4.6983
 20
6.55637
 30
0.0
 10
4.6983
 20
6.55637
 30
0.0
 10
4.6503
 20
6.49111
 30
0.0
 10
4.54342
 20
6.62269
 30
0.0
 10
4.63373
 20
6.6502
 30
0.0
  0
SPLINE
  5
90
330
1F
100
AcDbEntity
  8
Camada 1
100
AcDbSpline
210
0.0
220
0.0
230
1.0
 70
    11
 71
     3
 72
    20
 73
    16
 74
     0
 42
0.0000000001
 43
0.0000000001
 12
1.0
 22
0.0
 32
0.0
 13
1.0
 23
0.0
 33
0.0
 40
0.0
 40
0.0
 40
0.0
 40
0.0
 40
0.2
 40
0.2
 40
0.2
 40
0.2
 40
0.4
 40
0.4
 40
0.4
 40
0.4
 40
0.6
 40
0.6
 40
0.6
 40
0.6
 40
1.0
 40
1.0
 40
1.0
 40
1.0
 10
2.75378
 20
6.44666
 30
0.0
 10
2.77283
 20
6.47171
 30
0.0
 10
2.79293
 20
6.49639
 30
0.0
 10
2.8141
 20
6.52039
 30
0.0
 10
2.8141
 20
6.52039
 30
0.0
 10
2.8388
 20
6.49498
 30
0.0
 10
2.86349
 20
6.46959
 30
0.0
 10
2.88819
 20
6.44384
 30
0.0
 10
2.88819
 20
6.44384
 30
0.0
 10
2.86315
 20
6.4149
 30
0.0
 10
2.83774
 20
6.38632
 30
0.0
 10
2.81235
 20
6.35776
 30
0.0
 10
2.81235
 20
6.35776
 30
0.0
 10
2.79188
 20
6.38668
 30
0.0
 10
2.77035
 20
6.41526
 30
0.0
 10
2.75378
 20
6.44666
 30
0.0
  0
SPLINE
  5
91
330
1F
100
AcDbEntity
  8
Camada 1
100
AcDbSpline
210
0.0
220
0.0
230
1.0
 70
    11
 71
     3
 72
    20
 73
    16
 74
     0
 42
0.0000000001
 43
0.0000000001
 12
1.0
 22
0.0
 32
0.0
 13
1.0
 23
0.0
 33
0.0
 40
0.0
 40
0.0
 40
0.0
 40
0.0
 40
0.2
 40
0.2
 40
0.2
 40
0.2
 40
0.4
 40
0.4
 40
0.4
 40
0.4
 40
0.6
 40
0.6
 40
0.6
 40
0.6
 40
1.0
 40
1.0
 40
1.0
 40
1.0
 10
4.75684
 20
6.42866
 30
0.0
 10
4.78119
 20
6.45759
 30
0.0
 10
4.80625
 20
6.48652
 30
0.0
 10
4.832
 20
6.5151
 30
0.0
 10
4.832
 20
6.5151
 30
0.0
 10
4.85493
 20
6.48582
 30
0.0
 10
4.8782
 20
6.45653
 30
0.0
 10
4.90149
 20
6.42725
 30
0.0
 10
4.90149
 20
6.42725
 30
0.0
 10
4.87785
 20
6.40432
 30
0.0
 10
4.85422
 20
6.38174
 30
0.0
 10
4.83093
 20
6.35881
 30
0.0
 10
4.83093
 20
6.35881
 30
0.0
 10
4.80625
 20
6.3821
 30
0.0
 10
4.78119
 20
6.40537
 30
0.0
 10
4.75684
 20
6.42866
 30
0.0
  0
SPLINE
  5
92
330
1F
100
AcDbEntity
  8
Camada 1
100
AcDbSpline
210
0.0
220
0.0
230
1.0
 70
    11
 71
     3
 72
    20
 73
    16
 74
     0
 42
0.0000000001
 43
0.0000000001
 12
1.0
 22
0.0
 32
0.0
 13
1.0
 23
0.0
 33
0.0
 40
0.0
 40
0.0
 40
0.0
 40
0.0
 40
0.2
 40
0.2
 40
0.2
 40
0.2
 40
0.4
 40
0.4
 40
0.4
 40
0.4
 40
0.6
 40
0.6
 40
0.6
 40
0.6
 40
1.0
 40
1.0
 40
1.0
 40
1.0
 10
6.10481
 20
6.44666
 30
0.0
 10
6.12563
 20
6.47381
 30
0.0
 10
6.1482
 20
6.49993
 30
0.0
 10
6.1722
 20
6.52463
 30
0.0
 10
6.1722
 20
6.52463
 30
0.0
 10
6.19478
 20
6.49357
 30
0.0
 10
6.21805
 20
6.46289
 30
0.0
 10
6.24204
 20
6.4322
 30
0.0
 10
6.24204
 20
6.4322
 30
0.0
 10
6.21558
 20
6.40927
 30
0.0
 10
6.18912
 20
6.38598
 30
0.0
 10
6.16303
 20
6.36305
 30
0.0
 10
6.16303
 20
6.36305
 30
0.0
 10
6.14327
 20
6.39056
 30
0.0
 10
6.12281
 20
6.41809
 30
0.0
 10
6.10481
 20
6.44666
 30
0.0
  0
SPLINE
  5
93
330
1F
100
AcDbEntity
  8
Camada 1
100
AcDbSpline
210
0.0
220
0.0
230
1.0
 70
    11
 71
     3
 72
    16
 73
    12
 74
     0
 42
0.0000000001
 43
0.0000000001
 12
1.0
 22
0.0
 32
0.0
 13
1.0
 23
0.0
 33
0.0
 40
0.0
 40
0.0
 40
0.0
 40
0.0
 40
0.25
 40
0.25
 40
0.25
 40
0.25
 40
0.5
 40
0.5
 40
0.5
 40
0.5
 40
1.0
 40
1.0
 40
1.0
 40
1.0
 10
4.11656
 20
6.46711
 30
0.0
 10
4.14689
 20
6.52144
 30
0.0
 10
4.19981
 20
6.44842
 30
0.0
 10
4.23791
 20
6.44277
 30
0.0
 10
4.23791
 20
6.44277
 30
0.0
 10
4.20722
 20
6.40927
 30
0.0
 10
4.17583
 20
6.3768
 30
0.0
 10
4.14301
 20
6.34541
 30
0.0
 10
4.14301
 20
6.34541
 30
0.0
 10
4.13666
 20
6.38352
 30
0.0
 10
4.06293
 20
6.43573
 30
0.0
 10
4.11656
 20
6.46711
 30
0.0
  0
SPLINE
  5
94
330
1F
100
AcDbEntity
  8
Camada 1
100
AcDbSpline
210
0.0
220
0.0
230
1.0
 70
    11
 71
     3
 72
    20
 73
    16
 74
     0
 42
0.0000000001
 43
0.0000000001
 12
1.0
 22
0.0
 32
0.0
 13
1.0
 23
0.0
 33
0.0
 40
0.0
 40
0.0
 40
0.0
 40
0.0
 40
0.2
 40
0.2
 40
0.2
 40
0.2
 40
0.4
 40
0.4
 40
0.4
 40
0.4
 40
0.6
 40
0.6
 40
0.6
 40
0.6
 40
1.0
 40
1.0
 40
1.0
 40
1.0
 10
2.97956
 20
6.34364
 30
0.0
 10
3.00813
 20
6.32071
 30
0.0
 10
3.03635
 20
6.29778
 30
0.0
 10
3.06528
 20
6.2752
 30
0.0
 10
3.06528
 20
6.2752
 30
0.0
 10
3.03494
 20
6.24945
 30
0.0
 10
3.0046
 20
6.2237
 30
0.0
 10
2.97461
 20
6.19831
 30
0.0
 10
2.97461
 20
6.19831
 30
0.0
 10
2.95239
 20
6.2244
 30
0.0
 10
2.93017
 20
6.25016
 30
0.0
 10
2.90829
 20
6.27627
 30
0.0
 10
2.90829
 20
6.27627
 30
0.0
 10
2.93193
 20
6.29849
 30
0.0
 10
2.95556
 20
6.32107
 30
0.0
 10
2.97956
 20
6.34364
 30
0.0
  0
SPLINE
  5
95
330
1F
100
AcDbEntity
  8
Camada 1
100
AcDbSpline
210
0.0
220
0.0
230
1.0
 70
    11
 71
     3
 72
    16
 73
    12
 74
     0
 42
0.0000000001
 43
0.0000000001
 12
1.0
 22
0.0
 32
0.0
 13
1.0
 23
0.0
 33
0.0
 40
0.0
 40
0.0
 40
0.0
 40
0.0
 40
0.25
 40
0.25
 40
0.25
 40
0.25
 40
0.5
 40
0.5
 40
0.5
 40
0.5
 40
1.0
 40
1.0
 40
1.0
 40
1.0
 10
3.91583
 20
6.25157
 30
0.0
 10
3.94124
 20
6.2819
 30
0.0
 10
3.96699
 20
6.31225
 30
0.0
 10
3.99167
 20
6.3433
 30
0.0
 10
3.99167
 20
6.3433
 30
0.0
 10
4.05411
 20
6.29355
 30
0.0
 10
4.05694
 20
6.22969
 30
0.0
 10
3.9945
 20
6.17855
 30
0.0
 10
3.9945
 20
6.17855
 30
0.0
 10
3.96804
 20
6.20289
 30
0.0
 10
3.94194
 20
6.22723
 30
0.0
 10
3.91583
 20
6.25157
 30
0.0
  0
SPLINE
  5
96
330
1F
100
AcDbEntity
  8
Camada 1
100
AcDbSpline
210
0.0
220
0.0
230
1.0
 70
    11
 71
     3
 72
    20
 73
    16
 74
     0
 42
0.0000000001
 43
0.0000000001
 12
1.0
 22
0.0
 32
0.0
 13
1.0
 23
0.0
 33
0.0
 40
0.0
 40
0.0
 40
0.0
 40
0.0
 40
0.2
 40
0.2
 40
0.2
 40
0.2
 40
0.4
 40
0.4
 40
0.4
 40
0.4
 40
0.6
 40
0.6
 40
0.6
 40
0.6
 40
1.0
 40
1.0
 40
1.0
 40
1.0
 10
4.9209
 20
6.26533
 30
0.0
 10
4.94665
 20
6.29038
 30
0.0
 10
4.97311
 20
6.31542
 30
0.0
 10
4.99921
 20
6.34047
 30
0.0
 10
4.99921
 20
6.34047
 30
0.0
 10
5.0232
 20
6.31859
 30
0.0
 10
5.04718
 20
6.29673
 30
0.0
 10
5.07152
 20
6.27486
 30
0.0
 10
5.07152
 20
6.27486
 30
0.0
 10
5.04789
 20
6.24662
 30
0.0
 10
5.02462
 20
6.21805
 30
0.0
 10
5.00167
 20
6.18983
 30
0.0
 10
5.00167
 20
6.18983
 30
0.0
 10
4.97451
 20
6.21488
 30
0.0
 10
4.9477
 20
6.24028
 30
0.0
 10
4.9209
 20
6.26533
 30
0.0
  0
SPLINE
  5
97
330
1F
100
AcDbEntity
  8
Camada 1
100
AcDbSpline
210
0.0
220
0.0
230
1.0
 70
    11
 71
     3
 72
    16
 73
    12
 74
     0
 42
0.0000000001
 43
0.0000000001
 12
1.0
 22
0.0
 32
0.0
 13
1.0
 23
0.0
 33
0.0
 40
0.0
 40
0.0
 40
0.0
 40
0.0
 40
0.25
 40
0.25
 40
0.25
 40
0.25
 40
0.5
 40
0.5
 40
0.5
 40
0.5
 40
1.0
 40
1.0
 40
1.0
 40
1.0
 10
5.9196
 20
6.25756
 30
0.0
 10
5.94854
 20
6.29002
 30
0.0
 10
5.969
 20
6.34259
 30
0.0
 10
6.02085
 20
6.33976
 30
0.0
 10
6.02085
 20
6.33976
 30
0.0
 10
6.04202
 20
6.31437
 30
0.0
 10
6.09211
 20
6.25897
 30
0.0
 10
6.04273
 20
6.23464
 30
0.0
 10
6.04273
 20
6.23464
 30
0.0
 10
6.00957
 20
6.18701
 30
0.0
 10
5.95665
 20
6.25052
 30
0.0
 10
5.9196
 20
6.25756
 30
0.0
  0
SPLINE
  5
98
330
1F
100
AcDbEntity
  8
Camada 1
100
AcDbSpline
210
0.0
220
0.0
230
1.0
 70
    11
 71
     3
 72
    20
 73
    16
 74
     0
 42
0.0000000001
 43
0.0000000001
 12
1.0
 22
0.0
 32
0.0
 13
1.0
 23
0.0
 33
0.0
 40
0.0
 40
0.0
 40
0.0
 40
0.0
 40
0.2
 40
0.2
 40
0.2
 40
0.2
 40
0.4
 40
0.4
 40
0.4
 40
0.4
 40
0.6
 40
0.6
 40
0.6
 40
0.6
 40
1.0
 40
1.0
 40
1.0
 40
1.0
 10
3.06775
 20
6.1034
 30
0.0
 10
3.09915
 20
6.12775
 30
0.0
 10
3.13055
 20
6.15244
 30
0.0
 10
3.1623
 20
6.17677
 30
0.0
 10
3.1623
 20
6.17677
 30
0.0
 10
3.17994
 20
6.15631
 30
0.0
 10
3.21451
 20
6.11504
 30
0.0
 10
3.23215
 20
6.09423
 30
0.0
 10
3.23215
 20
6.09423
 30
0.0
 10
3.20357
 20
6.07625
 30
0.0
 10
3.175
 20
6.05825
 30
0.0
 10
3.14607
 20
6.04097
 30
0.0
 10
3.14607
 20
6.04097
 30
0.0
 10
3.11962
 20
6.06142
 30
0.0
 10
3.09316
 20
6.08188
 30
0.0
 10
3.06775
 20
6.1034
 30
0.0
  0
SPLINE
  5
99
330
1F
100
AcDbEntity
  8
Camada 1
100
AcDbSpline
210
0.0
220
0.0
230
1.0
 70
    11
 71
     3
 72
    20
 73
    16
 74
     0
 42
0.0000000001
 43
0.0000000001
 12
1.0
 22
0.0
 32
0.0
 13
1.0
 23
0.0
 33
0.0
 40
0.0
 40
0.0
 40
0.0
 40
0.0
 40
0.2
 40
0.2
 40
0.2
 40
0.2
 40
0.4
 40
0.4
 40
0.4
 40
0.4
 40
0.6
 40
0.6
 40
0.6
 40
0.6
 40
1.0
 40
1.0
 40
1.0
 40
1.0
 10
3.74791
 20
6.09811
 30
0.0
 10
3.77048
 20
6.12104
 30
0.0
 10
3.79341
 20
6.14398
 30
0.0
 10
3.81635
 20
6.16725
 30
0.0
 10
3.81635
 20
6.16725
 30
0.0
 10
3.84386
 20
6.14221
 30
0.0
 10
3.87173
 20
6.11681
 30
0.0
 10
3.8989
 20
6.0907
 30
0.0
 10
3.8989
 20
6.0907
 30
0.0
 10
3.87139
 20
6.06565
 30
0.0
 10
3.84457
 20
6.04026
 30
0.0
 10
3.8174
 20
6.0152
 30
0.0
 10
3.8174
 20
6.0152
 30
0.0
 10
3.79411
 20
6.04307
 30
0.0
 10
3.77084
 20
6.0706
 30
0.0
 10
3.74791
 20
6.09811
 30
0.0
  0
SPLINE
  5
9A
330
1F
100
AcDbEntity
  8
Camada 1
100
AcDbSpline
210
0.0
220
0.0
230
1.0
 70
    11
 71
     3
 72
    20
 73
    16
 74
     0
 42
0.0000000001
 43
0.0000000001
 12
1.0
 22
0.0
 32
0.0
 13
1.0
 23
0.0
 33
0.0
 40
0.0
 40
0.0
 40
0.0
 40
0.0
 40
0.2
 40
0.2
 40
0.2
 40
0.2
 40
0.4
 40
0.4
 40
0.4
 40
0.4
 40
0.6
 40
0.6
 40
0.6
 40
0.6
 40
1.0
 40
1.0
 40
1.0
 40
1.0
 10
5.08387
 20
6.09988
 30
0.0
 10
5.1114
 20
6.12352
 30
0.0
 10
5.13927
 20
6.14715
 30
0.0
 10
5.16714
 20
6.17044
 30
0.0
 10
5.16714
 20
6.17044
 30
0.0
 10
5.19219
 20
6.14749
 30
0.0
 10
5.21757
 20
6.12422
 30
0.0
 10
5.24298
 20
6.10129
 30
0.0
 10
5.24298
 20
6.10129
 30
0.0
 10
5.2197
 20
6.07625
 30
0.0
 10
5.19677
 20
6.05119
 30
0.0
 10
5.17384
 20
6.02614
 30
0.0
 10
5.17384
 20
6.02614
 30
0.0
 10
5.14385
 20
6.05084
 30
0.0
 10
5.11386
 20
6.07554
 30
0.0
 10
5.08387
 20
6.09988
 30
0.0
  0
SPLINE
  5
9B
330
1F
100
AcDbEntity
  8
Camada 1
100
AcDbSpline
210
0.0
220
0.0
230
1.0
 70
    11
 71
     3
 72
    20
 73
    16
 74
     0
 42
0.0000000001
 43
0.0000000001
 12
1.0
 22
0.0
 32
0.0
 13
1.0
 23
0.0
 33
0.0
 40
0.0
 40
0.0
 40
0.0
 40
0.0
 40
0.2
 40
0.2
 40
0.2
 40
0.2
 40
0.4
 40
0.4
 40
0.4
 40
0.4
 40
0.6
 40
0.6
 40
0.6
 40
0.6
 40
1.0
 40
1.0
 40
1.0
 40
1.0
 10
5.75203
 20
6.10834
 30
0.0
 10
5.77673
 20
6.13021
 30
0.0
 10
5.80284
 20
6.15068
 30
0.0
 10
5.82965
 20
6.17007
 30
0.0
 10
5.82965
 20
6.17007
 30
0.0
 10
5.86034
 20
6.1528
 30
0.0
 10
5.88892
 20
6.13163
 30
0.0
 10
5.91784
 20
6.11116
 30
0.0
 10
5.91784
 20
6.11116
 30
0.0
 10
5.88997
 20
6.08612
 30
0.0
 10
5.8621
 20
6.06071
 30
0.0
 10
5.83494
 20
6.03532
 30
0.0
 10
5.83494
 20
6.03532
 30
0.0
 10
5.80672
 20
6.05895
 30
0.0
 10
5.77885
 20
6.08365
 30
0.0
 10
5.75203
 20
6.10834
 30
0.0
  0
SPLINE
  5
9C
330
1F
100
AcDbEntity
  8
Camada 1
100
AcDbSpline
210
0.0
220
0.0
230
1.0
 70
    11
 71
     3
 72
    20
 73
    16
 74
     0
 42
0.0000000001
 43
0.0000000001
 12
1.0
 22
0.0
 32
0.0
 13
1.0
 23
0.0
 33
0.0
 40
0.0
 40
0.0
 40
0.0
 40
0.0
 40
0.2
 40
0.2
 40
0.2
 40
0.2
 40
0.4
 40
0.4
 40
0.4
 40
0.4
 40
0.6
 40
0.6
 40
0.6
 40
0.6
 40
1.0
 40
1.0
 40
1.0
 40
1.0
 10
3.24626
 20
5.9309
 30
0.0
 10
3.26918
 20
5.95948
 30
0.0
 10
3.29247
 20
5.98769
 30
0.0
 10
3.31611
 20
6.01556
 30
0.0
 10
3.31611
 20
6.01556
 30
0.0
 10
3.34151
 20
5.99157
 30
0.0
 10
3.3669
 20
5.96759
 30
0.0
 10
3.39266
 20
5.94359
 30
0.0
 10
3.39266
 20
5.94359
 30
0.0
 10
3.36868
 20
5.91538
 30
0.0
 10
3.34432
 20
5.88751
 30
0.0
 10
3.32034
 20
5.85964
 30
0.0
 10
3.32034
 20
5.85964
 30
0.0
 10
3.29564
 20
5.88362
 30
0.0
 10
3.27096
 20
5.90727
 30
0.0
 10
3.24626
 20
5.9309
 30
0.0
  0
SPLINE
  5
9D
330
1F
100
AcDbEntity
  8
Camada 1
100
AcDbSpline
210
0.0
220
0.0
230
1.0
 70
    11
 71
     3
 72
    20
 73
    16
 74
     0
 42
0.0000000001
 43
0.0000000001
 12
1.0
 22
0.0
 32
0.0
 13
1.0
 23
0.0
 33
0.0
 40
0.0
 40
0.0
 40
0.0
 40
0.0
 40
0.2
 40
0.2
 40
0.2
 40
0.2
 40
0.4
 40
0.4
 40
0.4
 40
0.4
 40
0.6
 40
0.6
 40
0.6
 40
0.6
 40
1.0
 40
1.0
 40
1.0
 40
1.0
 10
5.66632
 20
6.01732
 30
0.0
 10
5.68854
 20
5.99263
 30
0.0
 10
5.71112
 20
5.96793
 30
0.0
 10
5.73193
 20
5.94147
 30
0.0
 10
5.73193
 20
5.94147
 30
0.0
 10
5.71675
 20
5.91361
 30
0.0
 10
5.69701
 20
5.88856
 30
0.0
 10
5.67937
 20
5.86246
 30
0.0
 10
5.67937
 20
5.86246
 30
0.0
 10
5.64868
 20
5.8861
 30
0.0
 10
5.61833
 20
5.91007
 30
0.0
 10
5.58799
 20
5.93407
 30
0.0
 10
5.58799
 20
5.93407
 30
0.0
 10
5.6141
 20
5.96194
 30
0.0
 10
5.63986
 20
5.98981
 30
0.0
 10
5.66632
 20
6.01732
 30
0.0
  0
SPLINE
  5
9E
330
1F
100
AcDbEntity
  8
Camada 1
100
AcDbSpline
210
0.0
220
0.0
230
1.0
 70
    11
 71
     3
 72
    20
 73
    16
 74
     0
 42
0.0000000001
 43
0.0000000001
 12
1.0
 22
0.0
 32
0.0
 13
1.0
 23
0.0
 33
0.0
 40
0.0
 40
0.0
 40
0.0
 40
0.0
 40
0.2
 40
0.2
 40
0.2
 40
0.2
 40
0.4
 40
0.4
 40
0.4
 40
0.4
 40
0.6
 40
0.6
 40
0.6
 40
0.6
 40
1.0
 40
1.0
 40
1.0
 40
1.0
 10
-6.37363
 20
5.26873
 30
0.0
 10
-6.37222
 20
5.51744
 30
0.0
 10
-6.37292
 20
5.76615
 30
0.0
 10
-6.37329
 20
6.01486
 30
0.0
 10
-6.37329
 20
6.01486
 30
0.0
 10
-6.25651
 20
6.0138
 30
0.0
 10
-6.13974
 20
6.01451
 30
0.0
 10
-6.02297
 20
6.01415
 30
0.0
 10
-6.02297
 20
6.01415
 30
0.0
 10
-6.02226
 20
5.76579
 30
0.0
 10
-6.02226
 20
5.5178
 30
0.0
 10
-6.02262
 20
5.26944
 30
0.0
 10
-6.02262
 20
5.26944
 30
0.0
 10
-6.13974
 20
5.26837
 30
0.0
 10
-6.25686
 20
5.26908
 30
0.0
 10
-6.37363
 20
5.26873
 30
0.0
  0
SPLINE
  5
9F
330
1F
100
AcDbEntity
  8
Camada 1
100
AcDbSpline
210
0.0
220
0.0
230
1.0
 70
    11
 71
     3
 72
    20
 73
    16
 74
     0
 42
0.0000000001
 43
0.0000000001
 12
1.0
 22
0.0
 32
0.0
 13
1.0
 23
0.0
 33
0.0
 40
0.0
 40
0.0
 40
0.0
 40
0.0
 40
0.2
 40
0.2
 40
0.2
 40
0.2
 40
0.4
 40
0.4
 40
0.4
 40
0.4
 40
0.6
 40
0.6
 40
0.6
 40
0.6
 40
1.0
 40
1.0
 40
1.0
 40
1.0
 10
-5.2712
 20
6.01415
 30
0.0
 10
-5.02143
 20
6.01451
 30
0.0
 10
-4.77202
 20
6.0138
 30
0.0
 10
-4.52191
 20
6.01451
 30
0.0
 10
-4.52191
 20
6.01451
 30
0.0
 10
-4.52296
 20
5.76545
 30
0.0
 10
-4.52225
 20
5.51673
 30
0.0
 10
-4.52225
 20
5.26803
 30
0.0
 10
-4.52225
 20
5.26803
 30
0.0
 10
-4.77202
 20
5.26837
 30
0.0
 10
-5.02143
 20
5.26908
 30
0.0
 10
-5.2712
 20
5.26803
 30
0.0
 10
-5.2712
 20
5.26803
 30
0.0
 10
-5.27261
 20
5.51673
 30
0.0
 10
-5.2719
 20
5.76545
 30
0.0
 10
-5.2712
 20
6.01415
 30
0.0
  0
SPLINE
  5
A0
330
1F
100
AcDbEntity
  8
Camada 1
100
AcDbSpline
210
0.0
220
0.0
230
1.0
 70
    11
 71
     3
 72
    20
 73
    16
 74
     0
 42
0.0000000001
 43
0.0000000001
 12
1.0
 22
0.0
 32
0.0
 13
1.0
 23
0.0
 33
0.0
 40
0.0
 40
0.0
 40
0.0
 40
0.0
 40
0.2
 40
0.2
 40
0.2
 40
0.2
 40
0.4
 40
0.4
 40
0.4
 40
0.4
 40
0.6
 40
0.6
 40
0.6
 40
0.6
 40
1.0
 40
1.0
 40
1.0
 40
1.0
 10
-3.76731
 20
6.01451
 30
0.0
 10
-3.51754
 20
6.01415
 30
0.0
 10
-3.26813
 20
6.0138
 30
0.0
 10
-3.01871
 20
6.01451
 30
0.0
 10
-3.01871
 20
6.01451
 30
0.0
 10
-3.01837
 20
5.76579
 30
0.0
 10
-3.01837
 20
5.51673
 30
0.0
 10
-3.01871
 20
5.26803
 30
0.0
 10
-3.01871
 20
5.26803
 30
0.0
 10
-3.26813
 20
5.26908
 30
0.0
 10
-3.51754
 20
5.26837
 30
0.0
 10
-3.76731
 20
5.26803
 30
0.0
 10
-3.76731
 20
5.26803
 30
0.0
 10
-3.76624
 20
5.51673
 30
0.0
 10
-3.76624
 20
5.76545
 30
0.0
 10
-3.76731
 20
6.01451
 30
0.0
  0
SPLINE
  5
A1
330
1F
100
AcDbEntity
  8
Camada 1
100
AcDbSpline
210
0.0
220
0.0
230
1.0
 70
    11
 71
     3
 72
    20
 73
    16
 74
     0
 42
0.0000000001
 43
0.0000000001
 12
1.0
 22
0.0
 32
0.0
 13
1.0
 23
0.0
 33
0.0
 40
0.0
 40
0.0
 40
0.0
 40
0.0
 40
0.2
 40
0.2
 40
0.2
 40
0.2
 40
0.4
 40
0.4
 40
0.4
 40
0.4
 40
0.6
 40
0.6
 40
0.6
 40
0.6
 40
1.0
 40
1.0
 40
1.0
 40
1.0
 10
3.57504
 20
5.92949
 30
0.0
 10
3.60469
 20
5.95136
 30
0.0
 10
3.63361
 20
5.97358
 30
0.0
 10
3.66289
 20
5.99617
 30
0.0
 10
3.66289
 20
5.99617
 30
0.0
 10
3.68618
 20
5.9711
 30
0.0
 10
3.70945
 20
5.94606
 30
0.0
 10
3.73308
 20
5.92137
 30
0.0
 10
3.73308
 20
5.92137
 30
0.0
 10
3.70346
 20
5.89879
 30
0.0
 10
3.67417
 20
5.87587
 30
0.0
 10
3.64525
 20
5.85257
 30
0.0
 10
3.64525
 20
5.85257
 30
0.0
 10
3.62196
 20
5.87833
 30
0.0
 10
3.59833
 20
5.90408
 30
0.0
 10
3.57504
 20
5.92949
 30
0.0
  0
SPLINE
  5
A2
330
1F
100
AcDbEntity
  8
Camada 1
100
AcDbSpline
210
0.0
220
0.0
230
1.0
 70
    11
 71
     3
 72
    16
 73
    12
 74
     0
 42
0.0000000001
 43
0.0000000001
 12
1.0
 22
0.0
 32
0.0
 13
1.0
 23
0.0
 33
0.0
 40
0.0
 40
0.0
 40
0.0
 40
0.0
 40
0.25
 40
0.25
 40
0.25
 40
0.25
 40
0.5
 40
0.5
 40
0.5
 40
0.5
 40
1.0
 40
1.0
 40
1.0
 40
1.0
 10
5.25039
 20
5.94995
 30
0.0
 10
5.28849
 20
5.95417
 30
0.0
 10
5.34317
 20
6.02543
 30
0.0
 10
5.37279
 20
5.97252
 30
0.0
 10
5.37279
 20
5.97252
 30
0.0
 10
5.42395
 20
5.94006
 30
0.0
 10
5.35374
 20
5.88539
 30
0.0
 10
5.34916
 20
5.84658
 30
0.0
 10
5.34916
 20
5.84658
 30
0.0
 10
5.31459
 20
5.87974
 30
0.0
 10
5.28179
 20
5.91431
 30
0.0
 10
5.25039
 20
5.94995
 30
0.0
  0
SPLINE
  5
A3
330
1F
100
AcDbEntity
  8
Camada 1
100
AcDbSpline
210
0.0
220
0.0
230
1.0
 70
    11
 71
     3
 72
    20
 73
    16
 74
     0
 42
0.0000000001
 43
0.0000000001
 12
1.0
 22
0.0
 32
0.0
 13
1.0
 23
0.0
 33
0.0
 40
0.0
 40
0.0
 40
0.0
 40
0.0
 40
0.2
 40
0.2
 40
0.2
 40
0.2
 40
0.4
 40
0.4
 40
0.4
 40
0.4
 40
0.6
 40
0.6
 40
0.6
 40
0.6
 40
1.0
 40
1.0
 40
1.0
 40
1.0
 10
3.40713
 20
5.76509
 30
0.0
 10
3.43358
 20
5.79225
 30
0.0
 10
3.46075
 20
5.81907
 30
0.0
 10
3.48791
 20
5.84624
 30
0.0
 10
3.48791
 20
5.84624
 30
0.0
 10
3.5133
 20
5.82012
 30
0.0
 10
3.53871
 20
5.79366
 30
0.0
 10
3.56446
 20
5.76757
 30
0.0
 10
3.56446
 20
5.76757
 30
0.0
 10
3.53871
 20
5.73829
 30
0.0
 10
3.51296
 20
5.70934
 30
0.0
 10
3.48721
 20
5.68077
 30
0.0
 10
3.48721
 20
5.68077
 30
0.0
 10
3.46709
 20
5.70194
 30
0.0
 10
3.42723
 20
5.74392
 30
0.0
 10
3.40713
 20
5.76509
 30
0.0
  0
SPLINE
  5
A4
330
1F
100
AcDbEntity
  8
Camada 1
100
AcDbSpline
210
0.0
220
0.0
230
1.0
 70
    11
 71
     3
 72
    20
 73
    16
 74
     0
 42
0.0000000001
 43
0.0000000001
 12
1.0
 22
0.0
 32
0.0
 13
1.0
 23
0.0
 33
0.0
 40
0.0
 40
0.0
 40
0.0
 40
0.0
 40
0.2
 40
0.2
 40
0.2
 40
0.2
 40
0.4
 40
0.4
 40
0.4
 40
0.4
 40
0.6
 40
0.6
 40
0.6
 40
0.6
 40
1.0
 40
1.0
 40
1.0
 40
1.0
 10
5.42042
 20
5.77497
 30
0.0
 10
5.449
 20
5.80107
 30
0.0
 10
5.47758
 20
5.82719
 30
0.0
 10
5.5065
 20
5.85328
 30
0.0
 10
5.5065
 20
5.85328
 30
0.0
 10
5.52662
 20
5.82753
 30
0.0
 10
5.54601
 20
5.80178
 30
0.0
 10
5.56506
 20
5.77497
 30
0.0
 10
5.56506
 20
5.77497
 30
0.0
 10
5.55554
 20
5.73792
 30
0.0
 10
5.52414
 20
5.71146
 30
0.0
 10
5.50438
 20
5.67972
 30
0.0
 10
5.50438
 20
5.67972
 30
0.0
 10
5.47652
 20
5.71146
 30
0.0
 10
5.44829
 20
5.74321
 30
0.0
 10
5.42042
 20
5.77497
 30
0.0
  0
SPLINE
  5
A5
330
1F
100
AcDbEntity
  8
Camada 1
100
AcDbSpline
210
0.0
220
0.0
230
1.0
 70
    11
 71
     3
 72
    20
 73
    16
 74
     0
 42
0.0000000001
 43
0.0000000001
 12
1.0
 22
0.0
 32
0.0
 13
1.0
 23
0.0
 33
0.0
 40
0.0
 40
0.0
 40
0.0
 40
0.0
 40
0.2
 40
0.2
 40
0.2
 40
0.2
 40
0.4
 40
0.4
 40
0.4
 40
0.4
 40
0.6
 40
0.6
 40
0.6
 40
0.6
 40
1.0
 40
1.0
 40
1.0
 40
1.0
 10
3.2466
 20
5.58375
 30
0.0
 10
3.26884
 20
5.61199
 30
0.0
 10
3.2914
 20
5.6402
 30
0.0
 10
3.3147
 20
5.66807
 30
0.0
 10
3.3147
 20
5.66807
 30
0.0
 10
3.33974
 20
5.64515
 30
0.0
 10
3.36549
 20
5.62186
 30
0.0
 10
3.39124
 20
5.59893
 30
0.0
 10
3.39124
 20
5.59893
 30
0.0
 10
3.3669
 20
5.56894
 30
0.0
 10
3.34291
 20
5.53931
 30
0.0
 10
3.31964
 20
5.50898
 30
0.0
 10
3.31964
 20
5.50898
 30
0.0
 10
3.2953
 20
5.53402
 30
0.0
 10
3.27096
 20
5.55907
 30
0.0
 10
3.2466
 20
5.58375
 30
0.0
  0
SPLINE
  5
A6
330
1F
100
AcDbEntity
  8
Camada 1
100
AcDbSpline
210
0.0
220
0.0
230
1.0
 70
    11
 71
     3
 72
    20
 73
    16
 74
     0
 42
0.0000000001
 43
0.0000000001
 12
1.0
 22
0.0
 32
0.0
 13
1.0
 23
0.0
 33
0.0
 40
0.0
 40
0.0
 40
0.0
 40
0.0
 40
0.2
 40
0.2
 40
0.2
 40
0.2
 40
0.4
 40
0.4
 40
0.4
 40
0.4
 40
0.6
 40
0.6
 40
0.6
 40
0.6
 40
1.0
 40
1.0
 40
1.0
 40
1.0
 10
3.65371
 20
5.67372
 30
0.0
 10
3.68087
 20
5.65043
 30
0.0
 10
3.70804
 20
5.62715
 30
0.0
 10
3.73591
 20
5.60387
 30
0.0
 10
3.73591
 20
5.60387
 30
0.0
 10
3.71122
 20
5.58095
 30
0.0
 10
3.68547
 20
5.55907
 30
0.0
 10
3.65936
 20
5.53826
 30
0.0
 10
3.65936
 20
5.53826
 30
0.0
 10
3.62973
 20
5.55695
 30
0.0
 10
3.60186
 20
5.57812
 30
0.0
 10
3.57399
 20
5.59859
 30
0.0
 10
3.57399
 20
5.59859
 30
0.0
 10
3.60009
 20
5.62363
 30
0.0
 10
3.62691
 20
5.64868
 30
0.0
 10
3.65371
 20
5.67372
 30
0.0
  0
SPLINE
  5
A7
330
1F
100
AcDbEntity
  8
Camada 1
100
AcDbSpline
210
0.0
220
0.0
230
1.0
 70
    11
 71
     3
 72
    12
 73
     8
 74
     0
 42
0.0000000001
 43
0.0000000001
 12
1.0
 22
0.0
 32
0.0
 13
1.0
 23
0.0
 33
0.0
 40
0.0
 40
0.0
 40
0.0
 40
0.0
 40
0.3333333333333333
 40
0.3333333333333333
 40
0.3333333333333333
 40
0.3333333333333333
 40
1.0
 40
1.0
 40
1.0
 40
1.0
 10
5.30789
 20
5.65996
 30
0.0
 10
5.34811
 20
5.70159
 30
0.0
 10
5.43031
 20
5.59469
 30
0.0
 10
5.37033
 20
5.56401
 30
0.0
 10
5.37033
 20
5.56401
 30
0.0
 10
5.31106
 20
5.49733
 30
0.0
 10
5.21545
 20
5.62434
 30
0.0
 10
5.30789
 20
5.65996
 30
0.0
  0
SPLINE
  5
A8
330
1F
100
AcDbEntity
  8
Camada 1
100
AcDbSpline
210
0.0
220
0.0
230
1.0
 70
    11
 71
     3
 72
    20
 73
    16
 74
     0
 42
0.0000000001
 43
0.0000000001
 12
1.0
 22
0.0
 32
0.0
 13
1.0
 23
0.0
 33
0.0
 40
0.0
 40
0.0
 40
0.0
 40
0.0
 40
0.2
 40
0.2
 40
0.2
 40
0.2
 40
0.4
 40
0.4
 40
0.4
 40
0.4
 40
0.6
 40
0.6
 40
0.6
 40
0.6
 40
1.0
 40
1.0
 40
1.0
 40
1.0
 10
5.59223
 20
5.59752
 30
0.0
 10
5.61903
 20
5.62151
 30
0.0
 10
5.64585
 20
5.64585
 30
0.0
 10
5.67302
 20
5.66985
 30
0.0
 10
5.67302
 20
5.66985
 30
0.0
 10
5.6956
 20
5.6469
 30
0.0
 10
5.71853
 20
5.62363
 30
0.0
 10
5.7418
 20
5.60069
 30
0.0
 10
5.7418
 20
5.60069
 30
0.0
 10
5.71816
 20
5.57354
 30
0.0
 10
5.69453
 20
5.54637
 30
0.0
 10
5.6716
 20
5.51921
 30
0.0
 10
5.6716
 20
5.51921
 30
0.0
 10
5.64479
 20
5.54531
 30
0.0
 10
5.61833
 20
5.57142
 30
0.0
 10
5.59223
 20
5.59752
 30
0.0
  0
SPLINE
  5
A9
330
1F
100
AcDbEntity
  8
Camada 1
100
AcDbSpline
210
0.0
220
0.0
230
1.0
 70
    11
 71
     3
 72
    20
 73
    16
 74
     0
 42
0.0000000001
 43
0.0000000001
 12
1.0
 22
0.0
 32
0.0
 13
1.0
 23
0.0
 33
0.0
 40
0.0
 40
0.0
 40
0.0
 40
0.0
 40
0.2
 40
0.2
 40
0.2
 40
0.2
 40
0.4
 40
0.4
 40
0.4
 40
0.4
 40
0.6
 40
0.6
 40
0.6
 40
0.6
 40
1.0
 40
1.0
 40
1.0
 40
1.0
 10
3.07552
 20
5.42607
 30
0.0
 10
3.09845
 20
5.44936
 30
0.0
 10
3.12173
 20
5.47229
 30
0.0
 10
3.14466
 20
5.49556
 30
0.0
 10
3.14466
 20
5.49556
 30
0.0
 10
3.17183
 20
5.47229
 30
0.0
 10
3.19933
 20
5.449
 30
0.0
 10
3.22686
 20
5.42536
 30
0.0
 10
3.22686
 20
5.42536
 30
0.0
 10
3.20216
 20
5.39855
 30
0.0
 10
3.17746
 20
5.37138
 30
0.0
 10
3.15312
 20
5.34458
 30
0.0
 10
3.15312
 20
5.34458
 30
0.0
 10
3.12737
 20
5.37209
 30
0.0
 10
3.10161
 20
5.39925
 30
0.0
 10
3.07552
 20
5.42607
 30
0.0
  0
SPLINE
  5
AA
330
1F
100
AcDbEntity
  8
Camada 1
100
AcDbSpline
210
0.0
220
0.0
230
1.0
 70
    11
 71
     3
 72
    16
 73
    12
 74
     0
 42
0.0000000001
 43
0.0000000001
 12
1.0
 22
0.0
 32
0.0
 13
1.0
 23
0.0
 33
0.0
 40
0.0
 40
0.0
 40
0.0
 40
0.0
 40
0.25
 40
0.25
 40
0.25
 40
0.25
 40
0.5
 40
0.5
 40
0.5
 40
0.5
 40
1.0
 40
1.0
 40
1.0
 40
1.0
 10
3.77718
 20
5.40103
 30
0.0
 10
3.72109
 20
5.43277
 30
0.0
 10
3.79764
 20
5.47652
 30
0.0
 10
3.81175
 20
5.5111
 30
0.0
 10
3.81175
 20
5.5111
 30
0.0
 10
3.84315
 20
5.48464
 30
0.0
 10
3.87456
 20
5.45782
 30
0.0
 10
3.90596
 20
5.43102
 30
0.0
 10
3.90596
 20
5.43102
 30
0.0
 10
3.86396
 20
5.40737
 30
0.0
 10
3.81458
 20
5.33152
 30
0.0
 10
3.77718
 20
5.40103
 30
0.0
  0
SPLINE
  5
AB
330
1F
100
AcDbEntity
  8
Camada 1
100
AcDbSpline
210
0.0
220
0.0
230
1.0
 70
    11
 71
     3
 72
    20
 73
    16
 74
     0
 42
0.0000000001
 43
0.0000000001
 12
1.0
 22
0.0
 32
0.0
 13
1.0
 23
0.0
 33
0.0
 40
0.0
 40
0.0
 40
0.0
 40
0.0
 40
0.2
 40
0.2
 40
0.2
 40
0.2
 40
0.4
 40
0.4
 40
0.4
 40
0.4
 40
0.6
 40
0.6
 40
0.6
 40
0.6
 40
1.0
 40
1.0
 40
1.0
 40
1.0
 10
5.08387
 20
5.43947
 30
0.0
 10
5.10786
 20
5.46135
 30
0.0
 10
5.13326
 20
5.48181
 30
0.0
 10
5.15972
 20
5.50087
 30
0.0
 10
5.15972
 20
5.50087
 30
0.0
 10
5.19007
 20
5.48181
 30
0.0
 10
5.21828
 20
5.45958
 30
0.0
 10
5.24686
 20
5.43772
 30
0.0
 10
5.24686
 20
5.43772
 30
0.0
 10
5.21687
 20
5.41301
 30
0.0
 10
5.18688
 20
5.38868
 30
0.0
 10
5.15691
 20
5.36434
 30
0.0
 10
5.15691
 20
5.36434
 30
0.0
 10
5.13221
 20
5.38938
 30
0.0
 10
5.10821
 20
5.41443
 30
0.0
 10
5.08387
 20
5.43947
 30
0.0
  0
SPLINE
  5
AC
330
1F
100
AcDbEntity
  8
Camada 1
100
AcDbSpline
210
0.0
220
0.0
230
1.0
 70
    11
 71
     3
 72
    20
 73
    16
 74
     0
 42
0.0000000001
 43
0.0000000001
 12
1.0
 22
0.0
 32
0.0
 13
1.0
 23
0.0
 33
0.0
 40
0.0
 40
0.0
 40
0.0
 40
0.0
 40
0.2
 40
0.2
 40
0.2
 40
0.2
 40
0.4
 40
0.4
 40
0.4
 40
0.4
 40
0.6
 40
0.6
 40
0.6
 40
0.6
 40
1.0
 40
1.0
 40
1.0
 40
1.0
 10
5.7598
 20
5.43031
 30
0.0
 10
5.78343
 20
5.45358
 30
0.0
 10
5.80672
 20
5.47722
 30
0.0
 10
5.8307
 20
5.5005
 30
0.0
 10
5.8307
 20
5.5005
 30
0.0
 10
5.85857
 20
5.47687
 30
0.0
 10
5.88751
 20
5.45394
 30
0.0
 10
5.91679
 20
5.43136
 30
0.0
 10
5.91679
 20
5.43136
 30
0.0
 10
5.88892
 20
5.4049
 30
0.0
 10
5.86139
 20
5.37845
 30
0.0
 10
5.83388
 20
5.35199
 30
0.0
 10
5.83388
 20
5.35199
 30
0.0
 10
5.80884
 20
5.3781
 30
0.0
 10
5.7845
 20
5.40419
 30
0.0
 10
5.7598
 20
5.43031
 30
0.0
  0
SPLINE
  5
AD
330
1F
100
AcDbEntity
  8
Camada 1
100
AcDbSpline
210
0.0
220
0.0
230
1.0
 70
    11
 71
     3
 72
    20
 73
    16
 74
     0
 42
0.0000000001
 43
0.0000000001
 12
1.0
 22
0.0
 32
0.0
 13
1.0
 23
0.0
 33
0.0
 40
0.0
 40
0.0
 40
0.0
 40
0.0
 40
0.2
 40
0.2
 40
0.2
 40
0.2
 40
0.4
 40
0.4
 40
0.4
 40
0.4
 40
0.6
 40
0.6
 40
0.6
 40
0.6
 40
1.0
 40
1.0
 40
1.0
 40
1.0
 10
3.91829
 20
5.26944
 30
0.0
 10
3.94263
 20
5.29483
 30
0.0
 10
3.96699
 20
5.31988
 30
0.0
 10
3.99204
 20
5.34492
 30
0.0
 10
3.99204
 20
5.34492
 30
0.0
 10
4.01567
 20
5.31777
 30
0.0
 10
4.0393
 20
5.29025
 30
0.0
 10
4.06364
 20
5.26238
 30
0.0
 10
4.06364
 20
5.26238
 30
0.0
 10
4.03718
 20
5.23769
 30
0.0
 10
4.01143
 20
5.21299
 30
0.0
 10
3.98568
 20
5.18829
 30
0.0
 10
3.98568
 20
5.18829
 30
0.0
 10
3.96416
 20
5.21616
 30
0.0
 10
3.94158
 20
5.24333
 30
0.0
 10
3.91829
 20
5.26944
 30
0.0
  0
SPLINE
  5
AE
330
1F
100
AcDbEntity
  8
Camada 1
100
AcDbSpline
210
0.0
220
0.0
230
1.0
 70
    11
 71
     3
 72
    20
 73
    16
 74
     0
 42
0.0000000001
 43
0.0000000001
 12
1.0
 22
0.0
 32
0.0
 13
1.0
 23
0.0
 33
0.0
 40
0.0
 40
0.0
 40
0.0
 40
0.0
 40
0.2
 40
0.2
 40
0.2
 40
0.2
 40
0.4
 40
0.4
 40
0.4
 40
0.4
 40
0.6
 40
0.6
 40
0.6
 40
0.6
 40
1.0
 40
1.0
 40
1.0
 40
1.0
 10
4.99285
 20
5.34563
 30
0.0
 10
5.01967
 20
5.31953
 30
0.0
 10
5.04542
 20
5.29271
 30
0.0
 10
5.07083
 20
5.26486
 30
0.0
 10
5.07083
 20
5.26486
 30
0.0
 10
5.04789
 20
5.24157
 30
0.0
 10
5.02532
 20
5.21794
 30
0.0
 10
5.00308
 20
5.1943
 30
0.0
 10
5.00308
 20
5.1943
 30
0.0
 10
4.97451
 20
5.21757
 30
0.0
 10
4.94629
 20
5.24121
 30
0.0
 10
4.91912
 20
5.26555
 30
0.0
 10
4.91912
 20
5.26555
 30
0.0
 10
4.94347
 20
5.29237
 30
0.0
 10
4.9678
 20
5.31917
 30
0.0
 10
4.99285
 20
5.34563
 30
0.0
  0
SPLINE
  5
AF
330
1F
100
AcDbEntity
  8
Camada 1
100
AcDbSpline
210
0.0
220
0.0
230
1.0
 70
    11
 71
     3
 72
    20
 73
    16
 74
     0
 42
0.0000000001
 43
0.0000000001
 12
1.0
 22
0.0
 32
0.0
 13
1.0
 23
0.0
 33
0.0
 40
0.0
 40
0.0
 40
0.0
 40
0.0
 40
0.2
 40
0.2
 40
0.2
 40
0.2
 40
0.4
 40
0.4
 40
0.4
 40
0.4
 40
0.6
 40
0.6
 40
0.6
 40
0.6
 40
1.0
 40
1.0
 40
1.0
 40
1.0
 10
2.9023
 20
5.24722
 30
0.0
 10
2.9277
 20
5.27437
 30
0.0
 10
2.95346
 20
5.30153
 30
0.0
 10
2.97921
 20
5.32835
 30
0.0
 10
2.97921
 20
5.32835
 30
0.0
 10
3.00567
 20
5.30436
 30
0.0
 10
3.03283
 20
5.28072
 30
0.0
 10
3.05752
 20
5.25426
 30
0.0
 10
3.05752
 20
5.25426
 30
0.0
 10
3.03742
 20
5.23063
 30
0.0
 10
3.0159
 20
5.20805
 30
0.0
 10
2.99332
 20
5.18724
 30
0.0
 10
2.99332
 20
5.18724
 30
0.0
 10
2.96192
 20
5.20593
 30
0.0
 10
2.93229
 20
5.22676
 30
0.0
 10
2.9023
 20
5.24722
 30
0.0
  0
SPLINE
  5
B0
330
1F
100
AcDbEntity
  8
Camada 1
100
AcDbSpline
210
0.0
220
0.0
230
1.0
 70
    11
 71
     3
 72
    16
 73
    12
 74
     0
 42
0.0000000001
 43
0.0000000001
 12
1.0
 22
0.0
 32
0.0
 13
1.0
 23
0.0
 33
0.0
 40
0.0
 40
0.0
 40
0.0
 40
0.0
 40
0.25
 40
0.25
 40
0.25
 40
0.25
 40
0.5
 40
0.5
 40
0.5
 40
0.5
 40
1.0
 40
1.0
 40
1.0
 40
1.0
 10
5.91714
 20
5.25673
 30
0.0
 10
5.95312
 20
5.27473
 30
0.0
 10
6.00216
 20
5.35693
 30
0.0
 10
6.04131
 20
5.30365
 30
0.0
 10
6.04131
 20
5.30365
 30
0.0
 10
6.08682
 20
5.27685
 30
0.0
 10
6.04908
 20
5.21794
 30
0.0
 10
6.02014
 20
5.1943
 30
0.0
 10
6.02014
 20
5.1943
 30
0.0
 10
5.9824
 20
5.20912
 30
0.0
 10
5.95029
 20
5.23451
 30
0.0
 10
5.91714
 20
5.25673
 30
0.0
  0
SPLINE
  5
B1
330
1F
100
AcDbEntity
  8
Camada 1
100
AcDbSpline
210
0.0
220
0.0
230
1.0
 70
    11
 71
     3
 72
    20
 73
    16
 74
     0
 42
0.0000000001
 43
0.0000000001
 12
1.0
 22
0.0
 32
0.0
 13
1.0
 23
0.0
 33
0.0
 40
0.0
 40
0.0
 40
0.0
 40
0.0
 40
0.2
 40
0.2
 40
0.2
 40
0.2
 40
0.4
 40
0.4
 40
0.4
 40
0.4
 40
0.6
 40
0.6
 40
0.6
 40
0.6
 40
1.0
 40
1.0
 40
1.0
 40
1.0
 10
4.09539
 20
5.10433
 30
0.0
 10
4.11339
 20
5.13009
 30
0.0
 10
4.13244
 20
5.15479
 30
0.0
 10
4.1529
 20
5.17877
 30
0.0
 10
4.1529
 20
5.17877
 30
0.0
 10
4.17865
 20
5.15513
 30
0.0
 10
4.20475
 20
5.13115
 30
0.0
 10
4.23087
 20
5.1075
 30
0.0
 10
4.23087
 20
5.1075
 30
0.0
 10
4.20511
 20
5.07683
 30
0.0
 10
4.17971
 20
5.04577
 30
0.0
 10
4.15536
 20
5.01438
 30
0.0
 10
4.15536
 20
5.01438
 30
0.0
 10
4.13456
 20
5.04367
 30
0.0
 10
4.11302
 20
5.07293
 30
0.0
 10
4.09539
 20
5.10433
 30
0.0
  0
SPLINE
  5
B2
330
1F
100
AcDbEntity
  8
Camada 1
100
AcDbSpline
210
0.0
220
0.0
230
1.0
 70
    11
 71
     3
 72
    16
 73
    12
 74
     0
 42
0.0000000001
 43
0.0000000001
 12
1.0
 22
0.0
 32
0.0
 13
1.0
 23
0.0
 33
0.0
 40
0.0
 40
0.0
 40
0.0
 40
0.0
 40
0.25
 40
0.25
 40
0.25
 40
0.25
 40
0.5
 40
0.5
 40
0.5
 40
0.5
 40
1.0
 40
1.0
 40
1.0
 40
1.0
 10
4.78155
 20
5.13326
 30
0.0
 10
4.81295
 20
5.20135
 30
0.0
 10
4.86516
 20
5.13679
 30
0.0
 10
4.90573
 20
5.11562
 30
0.0
 10
4.90573
 20
5.11562
 30
0.0
 10
4.87927
 20
5.08316
 30
0.0
 10
4.85315
 20
5.05037
 30
0.0
 10
4.82706
 20
5.01755
 30
0.0
 10
4.82706
 20
5.01755
 30
0.0
 10
4.81259
 20
5.05459
 30
0.0
 10
4.72792
 20
5.09798
 30
0.0
 10
4.78155
 20
5.13326
 30
0.0
  0
SPLINE
  5
B3
330
1F
100
AcDbEntity
  8
Camada 1
100
AcDbSpline
210
0.0
220
0.0
230
1.0
 70
    11
 71
     3
 72
    20
 73
    16
 74
     0
 42
0.0000000001
 43
0.0000000001
 12
1.0
 22
0.0
 32
0.0
 13
1.0
 23
0.0
 33
0.0
 40
0.0
 40
0.0
 40
0.0
 40
0.0
 40
0.2
 40
0.2
 40
0.2
 40
0.2
 40
0.4
 40
0.4
 40
0.4
 40
0.4
 40
0.6
 40
0.6
 40
0.6
 40
0.6
 40
1.0
 40
1.0
 40
1.0
 40
1.0
 10
6.09847
 20
5.08776
 30
0.0
 10
6.12315
 20
5.11668
 30
0.0
 10
6.14785
 20
5.14526
 30
0.0
 10
6.17326
 20
5.17384
 30
0.0
 10
6.17326
 20
5.17384
 30
0.0
 10
6.19653
 20
5.14526
 30
0.0
 10
6.21982
 20
5.11632
 30
0.0
 10
6.24275
 20
5.08669
 30
0.0
 10
6.24275
 20
5.08669
 30
0.0
 10
6.21946
 20
5.06341
 30
0.0
 10
6.19619
 20
5.03977
 30
0.0
 10
6.17326
 20
5.0165
 30
0.0
 10
6.17326
 20
5.0165
 30
0.0
 10
6.1482
 20
5.04013
 30
0.0
 10
6.12352
 20
5.06377
 30
0.0
 10
6.09847
 20
5.08776
 30
0.0
  0
SPLINE
  5
B4
330
1F
100
AcDbEntity
  8
Camada 1
100
AcDbSpline
210
0.0
220
0.0
230
1.0
 70
    11
 71
     3
 72
    20
 73
    16
 74
     0
 42
0.0000000001
 43
0.0000000001
 12
1.0
 22
0.0
 32
0.0
 13
1.0
 23
0.0
 33
0.0
 40
0.0
 40
0.0
 40
0.0
 40
0.0
 40
0.2
 40
0.2
 40
0.2
 40
0.2
 40
0.4
 40
0.4
 40
0.4
 40
0.4
 40
0.6
 40
0.6
 40
0.6
 40
0.6
 40
1.0
 40
1.0
 40
1.0
 40
1.0
 10
2.73719
 20
5.09481
 30
0.0
 10
2.75766
 20
5.11033
 30
0.0
 10
2.79822
 20
5.14068
 30
0.0
 10
2.81834
 20
5.1562
 30
0.0
 10
2.81834
 20
5.1562
 30
0.0
 10
2.83669
 20
5.13891
 30
0.0
 10
2.87338
 20
5.10399
 30
0.0
 10
2.89136
 20
5.08669
 30
0.0
 10
2.89136
 20
5.08669
 30
0.0
 10
2.86702
 20
5.0613
 30
0.0
 10
2.84198
 20
5.03624
 30
0.0
 10
2.81445
 20
5.01438
 30
0.0
 10
2.81445
 20
5.01438
 30
0.0
 10
2.78659
 20
5.03907
 30
0.0
 10
2.76224
 20
5.06764
 30
0.0
 10
2.73719
 20
5.09481
 30
0.0
  0
SPLINE
  5
B5
330
1F
100
AcDbEntity
  8
Camada 1
100
AcDbSpline
210
0.0
220
0.0
230
1.0
 70
    11
 71
     3
 72
    20
 73
    16
 74
     0
 42
0.0000000001
 43
0.0000000001
 12
1.0
 22
0.0
 32
0.0
 13
1.0
 23
0.0
 33
0.0
 40
0.0
 40
0.0
 40
0.0
 40
0.0
 40
0.2
 40
0.2
 40
0.2
 40
0.2
 40
0.4
 40
0.4
 40
0.4
 40
0.4
 40
0.6
 40
0.6
 40
0.6
 40
0.6
 40
1.0
 40
1.0
 40
1.0
 40
1.0
 10
2.57668
 20
4.92266
 30
0.0
 10
2.60103
 20
4.94736
 30
0.0
 10
2.62536
 20
4.97204
 30
0.0
 10
2.64971
 20
4.99674
 30
0.0
 10
2.64971
 20
4.99674
 30
0.0
 10
2.6737
 20
4.96922
 30
0.0
 10
2.69733
 20
4.94135
 30
0.0
 10
2.72026
 20
4.91277
 30
0.0
 10
2.72026
 20
4.91277
 30
0.0
 10
2.69521
 20
4.88843
 30
0.0
 10
2.67017
 20
4.86409
 30
0.0
 10
2.64548
 20
4.83941
 30
0.0
 10
2.64548
 20
4.83941
 30
0.0
 10
2.62149
 20
4.86657
 30
0.0
 10
2.59856
 20
4.89444
 30
0.0
 10
2.57668
 20
4.92266
 30
0.0
  0
SPLINE
  5
B6
330
1F
100
AcDbEntity
  8
Camada 1
100
AcDbSpline
210
0.0
220
0.0
230
1.0
 70
    11
 71
     3
 72
    20
 73
    16
 74
     0
 42
0.0000000001
 43
0.0000000001
 12
1.0
 22
0.0
 32
0.0
 13
1.0
 23
0.0
 33
0.0
 40
0.0
 40
0.0
 40
0.0
 40
0.0
 40
0.2
 40
0.2
 40
0.2
 40
0.2
 40
0.4
 40
0.4
 40
0.4
 40
0.4
 40
0.6
 40
0.6
 40
0.6
 40
0.6
 40
1.0
 40
1.0
 40
1.0
 40
1.0
 10
4.32505
 20
5.00203
 30
0.0
 10
4.35081
 20
4.98052
 30
0.0
 10
4.3762
 20
4.95864
 30
0.0
 10
4.40195
 20
4.93676
 30
0.0
 10
4.40195
 20
4.93676
 30
0.0
 10
4.37727
 20
4.90926
 30
0.0
 10
4.35256
 20
4.88173
 30
0.0
 10
4.32822
 20
4.85386
 30
0.0
 10
4.32822
 20
4.85386
 30
0.0
 10
4.30142
 20
4.88068
 30
0.0
 10
4.2746
 20
4.90714
 30
0.0
 10
4.24814
 20
4.93394
 30
0.0
 10
4.24814
 20
4.93394
 30
0.0
 10
4.27355
 20
4.95652
 30
0.0
 10
4.2993
 20
4.97945
 30
0.0
 10
4.32505
 20
5.00203
 30
0.0
  0
SPLINE
  5
B7
330
1F
100
AcDbEntity
  8
Camada 1
100
AcDbSpline
210
0.0
220
0.0
230
1.0
 70
    11
 71
     3
 72
    16
 73
    12
 74
     0
 42
0.0000000001
 43
0.0000000001
 12
1.0
 22
0.0
 32
0.0
 13
1.0
 23
0.0
 33
0.0
 40
0.0
 40
0.0
 40
0.0
 40
0.0
 40
0.25
 40
0.25
 40
0.25
 40
0.25
 40
0.5
 40
0.5
 40
0.5
 40
0.5
 40
1.0
 40
1.0
 40
1.0
 40
1.0
 10
4.59422
 20
4.91384
 30
0.0
 10
4.60199
 20
4.95582
 30
0.0
 10
4.63549
 20
4.98581
 30
0.0
 10
4.65771
 20
5.02072
 30
0.0
 10
4.65771
 20
5.02072
 30
0.0
 10
4.67325
 20
4.98333
 30
0.0
 10
4.76074
 20
4.92936
 30
0.0
 10
4.70076
 20
4.89374
 30
0.0
 10
4.70076
 20
4.89374
 30
0.0
 10
4.67325
 20
4.84893
 30
0.0
 10
4.61997
 20
4.89055
 30
0.0
 10
4.59422
 20
4.91384
 30
0.0
  0
SPLINE
  5
B8
330
1F
100
AcDbEntity
  8
Camada 1
100
AcDbSpline
210
0.0
220
0.0
230
1.0
 70
    11
 71
     3
 72
    20
 73
    16
 74
     0
 42
0.0000000001
 43
0.0000000001
 12
1.0
 22
0.0
 32
0.0
 13
1.0
 23
0.0
 33
0.0
 40
0.0
 40
0.0
 40
0.0
 40
0.0
 40
0.2
 40
0.2
 40
0.2
 40
0.2
 40
0.4
 40
0.4
 40
0.4
 40
0.4
 40
0.6
 40
0.6
 40
0.6
 40
0.6
 40
1.0
 40
1.0
 40
1.0
 40
1.0
 10
2.40665
 20
4.75473
 30
0.0
 10
2.42922
 20
4.77838
 30
0.0
 10
2.45145
 20
4.80201
 30
0.0
 10
2.47402
 20
4.82564
 30
0.0
 10
2.47402
 20
4.82564
 30
0.0
 10
2.50189
 20
4.80236
 30
0.0
 10
2.52976
 20
4.77872
 30
0.0
 10
2.55798
 20
4.75543
 30
0.0
 10
2.55798
 20
4.75543
 30
0.0
 10
2.53152
 20
4.72863
 30
0.0
 10
2.50542
 20
4.70217
 30
0.0
 10
2.47931
 20
4.67571
 30
0.0
 10
2.47931
 20
4.67571
 30
0.0
 10
2.45497
 20
4.70217
 30
0.0
 10
2.43099
 20
4.72827
 30
0.0
 10
2.40665
 20
4.75473
 30
0.0
  0
SPLINE
  5
B9
330
1F
100
AcDbEntity
  8
Camada 1
100
AcDbSpline
210
0.0
220
0.0
230
1.0
 70
    11
 71
     3
 72
    16
 73
    12
 74
     0
 42
0.0000000001
 43
0.0000000001
 12
1.0
 22
0.0
 32
0.0
 13
1.0
 23
0.0
 33
0.0
 40
0.0
 40
0.0
 40
0.0
 40
0.0
 40
0.25
 40
0.25
 40
0.25
 40
0.25
 40
0.5
 40
0.5
 40
0.5
 40
0.5
 40
1.0
 40
1.0
 40
1.0
 40
1.0
 10
4.46088
 20
4.814
 30
0.0
 10
4.49896
 20
4.86021
 30
0.0
 10
4.53989
 20
4.78189
 30
0.0
 10
4.57763
 20
4.76744
 30
0.0
 10
4.57763
 20
4.76744
 30
0.0
 10
4.54554
 20
4.73957
 30
0.0
 10
4.51309
 20
4.71204
 30
0.0
 10
4.48062
 20
4.68453
 30
0.0
 10
4.48062
 20
4.68453
 30
0.0
 10
4.4591
 20
4.72651
 30
0.0
 10
4.38538
 20
4.78437
 30
0.0
 10
4.46088
 20
4.814
 30
0.0
  0
SPLINE
  5
BA
330
1F
100
AcDbEntity
  8
Camada 1
100
AcDbSpline
210
0.0
220
0.0
230
1.0
 70
    11
 71
     3
 72
    16
 73
    12
 74
     0
 42
0.0000000001
 43
0.0000000001
 12
1.0
 22
0.0
 32
0.0
 13
1.0
 23
0.0
 33
0.0
 40
0.0
 40
0.0
 40
0.0
 40
0.0
 40
0.25
 40
0.25
 40
0.25
 40
0.25
 40
0.5
 40
0.5
 40
0.5
 40
0.5
 40
1.0
 40
1.0
 40
1.0
 40
1.0
 10
-2.53047
 20
4.34516
 30
0.0
 10
-2.49836
 20
4.32047
 30
0.0
 10
-2.46591
 20
4.29541
 30
0.0
 10
-2.43346
 20
4.27002
 30
0.0
 10
-2.43346
 20
4.27002
 30
0.0
 10
-2.46133
 20
4.24285
 30
0.0
 10
-2.4892
 20
4.21569
 30
0.0
 10
-2.51707
 20
4.18818
 30
0.0
 10
-2.51707
 20
4.18818
 30
0.0
 10
-2.57069
 20
4.23403
 30
0.0
 10
-2.58056
 20
4.29048
 30
0.0
 10
-2.53047
 20
4.34516
 30
0.0
  0
SPLINE
  5
BB
330
1F
100
AcDbEntity
  8
Camada 1
100
AcDbSpline
210
0.0
220
0.0
230
1.0
 70
    11
 71
     3
 72
    16
 73
    12
 74
     0
 42
0.0000000001
 43
0.0000000001
 12
1.0
 22
0.0
 32
0.0
 13
1.0
 23
0.0
 33
0.0
 40
0.0
 40
0.0
 40
0.0
 40
0.0
 40
0.25
 40
0.25
 40
0.25
 40
0.25
 40
0.5
 40
0.5
 40
0.5
 40
0.5
 40
1.0
 40
1.0
 40
1.0
 40
1.0
 10
-6.37363
 20
4.18853
 30
0.0
 10
-6.34576
 20
4.16031
 30
0.0
 10
-6.31825
 20
4.13173
 30
0.0
 10
-6.29072
 20
4.10316
 30
0.0
 10
-6.29072
 20
4.10316
 30
0.0
 10
-6.31825
 20
4.07775
 30
0.0
 10
-6.34541
 20
4.052
 30
0.0
 10
-6.37292
 20
4.0266
 30
0.0
 10
-6.37292
 20
4.0266
 30
0.0
 10
-6.37363
 20
4.08057
 30
0.0
 10
-6.37363
 20
4.13456
 30
0.0
 10
-6.37363
 20
4.18853
 30
0.0
  0
SPLINE
  5
BC
330
1F
100
AcDbEntity
  8
Camada 1
100
AcDbSpline
210
0.0
220
0.0
230
1.0
 70
    11
 71
     3
 72
    20
 73
    16
 74
     0
 42
0.0000000001
 43
0.0000000001
 12
1.0
 22
0.0
 32
0.0
 13
1.0
 23
0.0
 33
0.0
 40
0.0
 40
0.0
 40
0.0
 40
0.0
 40
0.2
 40
0.2
 40
0.2
 40
0.2
 40
0.4
 40
0.4
 40
0.4
 40
0.4
 40
0.6
 40
0.6
 40
0.6
 40
0.6
 40
1.0
 40
1.0
 40
1.0
 40
1.0
 10
-4.76108
 20
4.1102
 30
0.0
 10
-4.73638
 20
4.13526
 30
0.0
 10
-4.7117
 20
4.16031
 30
0.0
 10
-4.68736
 20
4.18535
 30
0.0
 10
-4.68736
 20
4.18535
 30
0.0
 10
-4.66231
 20
4.15748
 30
0.0
 10
-4.63797
 20
4.12925
 30
0.0
 10
-4.61468
 20
4.09999
 30
0.0
 10
-4.61468
 20
4.09999
 30
0.0
 10
-4.64043
 20
4.07599
 30
0.0
 10
-4.66583
 20
4.052
 30
0.0
 10
-4.69159
 20
4.02766
 30
0.0
 10
-4.69159
 20
4.02766
 30
0.0
 10
-4.71523
 20
4.05482
 30
0.0
 10
-4.73886
 20
4.08199
 30
0.0
 10
-4.76108
 20
4.1102
 30
0.0
  0
SPLINE
  5
BD
330
1F
100
AcDbEntity
  8
Camada 1
100
AcDbSpline
210
0.0
220
0.0
230
1.0
 70
    11
 71
     3
 72
    20
 73
    16
 74
     0
 42
0.0000000001
 43
0.0000000001
 12
1.0
 22
0.0
 32
0.0
 13
1.0
 23
0.0
 33
0.0
 40
0.0
 40
0.0
 40
0.0
 40
0.0
 40
0.2
 40
0.2
 40
0.2
 40
0.2
 40
0.4
 40
0.4
 40
0.4
 40
0.4
 40
0.6
 40
0.6
 40
0.6
 40
0.6
 40
1.0
 40
1.0
 40
1.0
 40
1.0
 10
-4.4323
 20
4.09363
 30
0.0
 10
-4.40937
 20
4.12184
 30
0.0
 10
-4.38679
 20
4.15042
 30
0.0
 10
-4.36386
 20
4.17865
 30
0.0
 10
-4.36386
 20
4.17865
 30
0.0
 10
-4.33599
 20
4.1529
 30
0.0
 10
-4.30742
 20
4.12679
 30
0.0
 10
-4.27848
 20
4.10104
 30
0.0
 10
-4.27848
 20
4.10104
 30
0.0
 10
-4.30142
 20
4.07775
 30
0.0
 10
-4.32435
 20
4.05448
 30
0.0
 10
-4.34693
 20
4.03083
 30
0.0
 10
-4.34693
 20
4.03083
 30
0.0
 10
-4.37549
 20
4.052
 30
0.0
 10
-4.40407
 20
4.07282
 30
0.0
 10
-4.4323
 20
4.09363
 30
0.0
  0
SPLINE
  5
BE
330
1F
100
AcDbEntity
  8
Camada 1
100
AcDbSpline
210
0.0
220
0.0
230
1.0
 70
    11
 71
     3
 72
    16
 73
    12
 74
     0
 42
0.0000000001
 43
0.0000000001
 12
1.0
 22
0.0
 32
0.0
 13
1.0
 23
0.0
 33
0.0
 40
0.0
 40
0.0
 40
0.0
 40
0.0
 40
0.25
 40
0.25
 40
0.25
 40
0.25
 40
0.5
 40
0.5
 40
0.5
 40
0.5
 40
1.0
 40
1.0
 40
1.0
 40
1.0
 10
-2.74813
 20
4.11514
 30
0.0
 10
-2.71604
 20
4.16842
 30
0.0
 10
-2.64442
 20
4.16806
 30
0.0
 10
-2.61267
 20
4.1148
 30
0.0
 10
-2.61267
 20
4.1148
 30
0.0
 10
-2.63136
 20
4.07811
 30
0.0
 10
-2.65711
 20
4.04566
 30
0.0
 10
-2.6804
 20
4.01179
 30
0.0
 10
-2.6804
 20
4.01179
 30
0.0
 10
-2.7044
 20
4.04529
 30
0.0
 10
-2.73227
 20
4.07704
 30
0.0
 10
-2.74813
 20
4.11514
 30
0.0
  0
SPLINE
  5
BF
330
1F
100
AcDbEntity
  8
Camada 1
100
AcDbSpline
210
0.0
220
0.0
230
1.0
 70
    11
 71
     3
 72
    16
 73
    12
 74
     0
 42
0.0000000001
 43
0.0000000001
 12
1.0
 22
0.0
 32
0.0
 13
1.0
 23
0.0
 33
0.0
 40
0.0
 40
0.0
 40
0.0
 40
0.0
 40
0.25
 40
0.25
 40
0.25
 40
0.25
 40
0.5
 40
0.5
 40
0.5
 40
0.5
 40
1.0
 40
1.0
 40
1.0
 40
1.0
 10
-1.87254
 20
3.98463
 30
0.0
 10
-1.91947
 20
4.05377
 30
0.0
 10
-1.84538
 20
4.11056
 30
0.0
 10
-1.79634
 20
4.14901
 30
0.0
 10
-1.79634
 20
4.14901
 30
0.0
 10
-1.7519
 20
4.11726
 30
0.0
 10
-1.66863
 20
4.0968
 30
0.0
 10
-1.67957
 20
4.02731
 30
0.0
 10
-1.67957
 20
4.02731
 30
0.0
 10
-1.67922
 20
3.92711
 30
0.0
 10
-1.83198
 20
3.88866
 30
0.0
 10
-1.87254
 20
3.98463
 30
0.0
  0
SPLINE
  5
C0
330
1F
100
AcDbEntity
  8
Camada 1
100
AcDbSpline
210
0.0
220
0.0
230
1.0
 70
    11
 71
     3
 72
    16
 73
    12
 74
     0
 42
0.0000000001
 43
0.0000000001
 12
1.0
 22
0.0
 32
0.0
 13
1.0
 23
0.0
 33
0.0
 40
0.0
 40
0.0
 40
0.0
 40
0.0
 40
0.25
 40
0.25
 40
0.25
 40
0.25
 40
0.5
 40
0.5
 40
0.5
 40
0.5
 40
1.0
 40
1.0
 40
1.0
 40
1.0
 10
-1.14969
 20
3.96451
 30
0.0
 10
-1.23647
 20
4.03859
 30
0.0
 10
-1.11478
 20
4.17971
 30
0.0
 10
-1.02904
 20
4.12114
 30
0.0
 10
-1.02904
 20
4.12114
 30
0.0
 10
-0.96979
 20
4.09892
 30
0.0
 10
-0.97613
 20
4.02943
 30
0.0
 10
-0.96697
 20
3.97898
 30
0.0
 10
-0.96697
 20
3.97898
 30
0.0
 10
-1.01952
 20
3.94723
 30
0.0
 10
-1.10313
 20
3.89643
 30
0.0
 10
-1.14969
 20
3.96451
 30
0.0
  0
SPLINE
  5
C1
330
1F
100
AcDbEntity
  8
Camada 1
100
AcDbSpline
210
0.0
220
0.0
230
1.0
 70
    11
 71
     3
 72
    20
 73
    16
 74
     0
 42
0.0000000001
 43
0.0000000001
 12
1.0
 22
0.0
 32
0.0
 13
1.0
 23
0.0
 33
0.0
 40
0.0
 40
0.0
 40
0.0
 40
0.0
 40
0.2
 40
0.2
 40
0.2
 40
0.2
 40
0.4
 40
0.4
 40
0.4
 40
0.4
 40
0.6
 40
0.6
 40
0.6
 40
0.6
 40
1.0
 40
1.0
 40
1.0
 40
1.0
 10
0.26916
 20
4.10491
 30
0.0
 10
0.2988
 20
4.11868
 30
0.0
 10
0.32843
 20
4.13208
 30
0.0
 10
0.35806
 20
4.14584
 30
0.0
 10
0.35806
 20
4.14584
 30
0.0
 10
0.43602
 20
4.10986
 30
0.0
 10
0.48823
 20
3.99238
 30
0.0
 10
0.39229
 20
3.94299
 30
0.0
 10
0.39229
 20
3.94299
 30
0.0
 10
0.32456
 20
3.89607
 30
0.0
 10
0.26387
 20
3.9638
 30
0.0
 10
0.22718
 20
4.01496
 30
0.0
 10
0.22718
 20
4.01496
 30
0.0
 10
0.24095
 20
4.04495
 30
0.0
 10
0.25505
 20
4.07492
 30
0.0
 10
0.26916
 20
4.10491
 30
0.0
  0
SPLINE
  5
C2
330
1F
100
AcDbEntity
  8
Camada 1
100
AcDbSpline
210
0.0
220
0.0
230
1.0
 70
    11
 71
     3
 72
    20
 73
    16
 74
     0
 42
0.0000000001
 43
0.0000000001
 12
1.0
 22
0.0
 32
0.0
 13
1.0
 23
0.0
 33
0.0
 40
0.0
 40
0.0
 40
0.0
 40
0.0
 40
0.2
 40
0.2
 40
0.2
 40
0.2
 40
0.4
 40
0.4
 40
0.4
 40
0.4
 40
0.6
 40
0.6
 40
0.6
 40
0.6
 40
1.0
 40
1.0
 40
1.0
 40
1.0
 10
0.97683
 20
4.10457
 30
0.0
 10
1.00612
 20
4.11868
 30
0.0
 10
1.0354
 20
4.13244
 30
0.0
 10
1.06469
 20
4.14655
 30
0.0
 10
1.06469
 20
4.14655
 30
0.0
 10
1.131
 20
4.11091
 30
0.0
 10
1.1945
 20
4.02061
 30
0.0
 10
1.12112
 20
3.95781
 30
0.0
 10
1.12112
 20
3.95781
 30
0.0
 10
1.05798
 20
3.88796
 30
0.0
 10
0.9726
 20
3.95427
 30
0.0
 10
0.93486
 20
4.0153
 30
0.0
 10
0.93486
 20
4.0153
 30
0.0
 10
0.94862
 20
4.04495
 30
0.0
 10
0.96273
 20
4.07492
 30
0.0
 10
0.97683
 20
4.10457
 30
0.0
  0
SPLINE
  5
C3
330
1F
100
AcDbEntity
  8
Camada 1
100
AcDbSpline
210
0.0
220
0.0
230
1.0
 70
    11
 71
     3
 72
    16
 73
    12
 74
     0
 42
0.0000000001
 43
0.0000000001
 12
1.0
 22
0.0
 32
0.0
 13
1.0
 23
0.0
 33
0.0
 40
0.0
 40
0.0
 40
0.0
 40
0.0
 40
0.25
 40
0.25
 40
0.25
 40
0.25
 40
0.5
 40
0.5
 40
0.5
 40
0.5
 40
1.0
 40
1.0
 40
1.0
 40
1.0
 10
1.66051
 20
4.02061
 30
0.0
 10
1.64747
 20
4.09046
 30
0.0
 10
1.71944
 20
4.11656
 30
0.0
 10
1.76354
 20
4.15113
 30
0.0
 10
1.76354
 20
4.15113
 30
0.0
 10
1.81327
 20
4.11302
 30
0.0
 10
1.8923
 20
4.06471
 30
0.0
 10
1.85349
 20
3.98992
 30
0.0
 10
1.85349
 20
3.98992
 30
0.0
 10
1.81892
 20
3.89573
 30
0.0
 10
1.66017
 20
3.91617
 30
0.0
 10
1.66051
 20
4.02061
 30
0.0
  0
SPLINE
  5
C4
330
1F
100
AcDbEntity
  8
Camada 1
100
AcDbSpline
210
0.0
220
0.0
230
1.0
 70
    11
 71
     3
 72
    16
 73
    12
 74
     0
 42
0.0000000001
 43
0.0000000001
 12
1.0
 22
0.0
 32
0.0
 13
1.0
 23
0.0
 33
0.0
 40
0.0
 40
0.0
 40
0.0
 40
0.0
 40
0.25
 40
0.25
 40
0.25
 40
0.25
 40
0.5
 40
0.5
 40
0.5
 40
0.5
 40
1.0
 40
1.0
 40
1.0
 40
1.0
 10
-0.48472
 20
4.02025
 30
0.0
 10
-0.45649
 20
4.07952
 30
0.0
 10
-0.41134
 20
4.12537
 30
0.0
 10
-0.35065
 20
4.15149
 30
0.0
 10
-0.35065
 20
4.15149
 30
0.0
 10
-0.2942
 20
4.10986
 30
0.0
 10
-0.21872
 20
4.02624
 30
0.0
 10
-0.29245
 20
3.96239
 30
0.0
 10
-0.29245
 20
3.96239
 30
0.0
 10
-0.35489
 20
3.88479
 30
0.0
 10
-0.44874
 20
3.95464
 30
0.0
 10
-0.48472
 20
4.02025
 30
0.0
  0
SPLINE
  5
C5
330
1F
100
AcDbEntity
  8
Camada 1
100
AcDbSpline
210
0.0
220
0.0
230
1.0
 70
    11
 71
     3
 72
    20
 73
    16
 74
     0
 42
0.0000000001
 43
0.0000000001
 12
1.0
 22
0.0
 32
0.0
 13
1.0
 23
0.0
 33
0.0
 40
0.0
 40
0.0
 40
0.0
 40
0.0
 40
0.2
 40
0.2
 40
0.2
 40
0.2
 40
0.4
 40
0.4
 40
0.4
 40
0.4
 40
0.6
 40
0.6
 40
0.6
 40
0.6
 40
1.0
 40
1.0
 40
1.0
 40
1.0
 10
-6.27308
 20
3.93664
 30
0.0
 10
-6.25122
 20
3.96275
 30
0.0
 10
-6.22899
 20
3.98885
 30
0.0
 10
-6.20642
 20
4.0146
 30
0.0
 10
-6.20642
 20
4.0146
 30
0.0
 10
-6.17855
 20
3.99062
 30
0.0
 10
-6.15068
 20
3.96628
 30
0.0
 10
-6.12245
 20
3.94229
 30
0.0
 10
-6.12245
 20
3.94229
 30
0.0
 10
-6.1468
 20
3.91617
 30
0.0
 10
-6.17114
 20
3.88972
 30
0.0
 10
-6.19548
 20
3.86362
 30
0.0
 10
-6.19548
 20
3.86362
 30
0.0
 10
-6.22123
 20
3.88796
 30
0.0
 10
-6.24733
 20
3.91266
 30
0.0
 10
-6.27308
 20
3.93664
 30
0.0
  0
SPLINE
  5
C6
330
1F
100
AcDbEntity
  8
Camada 1
100
AcDbSpline
210
0.0
220
0.0
230
1.0
 70
    11
 71
     3
 72
    20
 73
    16
 74
     0
 42
0.0000000001
 43
0.0000000001
 12
1.0
 22
0.0
 32
0.0
 13
1.0
 23
0.0
 33
0.0
 40
0.0
 40
0.0
 40
0.0
 40
0.0
 40
0.2
 40
0.2
 40
0.2
 40
0.2
 40
0.4
 40
0.4
 40
0.4
 40
0.4
 40
0.6
 40
0.6
 40
0.6
 40
0.6
 40
1.0
 40
1.0
 40
1.0
 40
1.0
 10
-4.85985
 20
4.01109
 30
0.0
 10
-4.83234
 20
3.9878
 30
0.0
 10
-4.80484
 20
3.96487
 30
0.0
 10
-4.77731
 20
3.94158
 30
0.0
 10
-4.77731
 20
3.94158
 30
0.0
 10
-4.80413
 20
3.91512
 30
0.0
 10
-4.83093
 20
3.88832
 30
0.0
 10
-4.85775
 20
3.86186
 30
0.0
 10
-4.85775
 20
3.86186
 30
0.0
 10
-4.88209
 20
3.88937
 30
0.0
 10
-4.90643
 20
3.91724
 30
0.0
 10
-4.93112
 20
3.94475
 30
0.0
 10
-4.93112
 20
3.94475
 30
0.0
 10
-4.90714
 20
3.96699
 30
0.0
 10
-4.8835
 20
3.98885
 30
0.0
 10
-4.85985
 20
4.01109
 30
0.0
  0
SPLINE
  5
C7
330
1F
100
AcDbEntity
  8
Camada 1
100
AcDbSpline
210
0.0
220
0.0
230
1.0
 70
    11
 71
     3
 72
    20
 73
    16
 74
     0
 42
0.0000000001
 43
0.0000000001
 12
1.0
 22
0.0
 32
0.0
 13
1.0
 23
0.0
 33
0.0
 40
0.0
 40
0.0
 40
0.0
 40
0.0
 40
0.2
 40
0.2
 40
0.2
 40
0.2
 40
0.4
 40
0.4
 40
0.4
 40
0.4
 40
0.6
 40
0.6
 40
0.6
 40
0.6
 40
1.0
 40
1.0
 40
1.0
 40
1.0
 10
-4.19311
 20
4.01072
 30
0.0
 10
-4.1663
 20
3.98604
 30
0.0
 10
-4.13914
 20
3.96134
 30
0.0
 10
-4.11198
 20
3.93629
 30
0.0
 10
-4.11198
 20
3.93629
 30
0.0
 10
-4.13773
 20
3.91018
 30
0.0
 10
-4.16348
 20
3.88408
 30
0.0
 10
-4.18889
 20
3.85797
 30
0.0
 10
-4.18889
 20
3.85797
 30
0.0
 10
-4.21252
 20
3.88126
 30
0.0
 10
-4.23615
 20
3.90455
 30
0.0
 10
-4.25979
 20
3.92782
 30
0.0
 10
-4.25979
 20
3.92782
 30
0.0
 10
-4.23757
 20
3.95569
 30
0.0
 10
-4.21534
 20
3.98322
 30
0.0
 10
-4.19311
 20
4.01072
 30
0.0
  0
SPLINE
  5
C8
330
1F
100
AcDbEntity
  8
Camada 1
100
AcDbSpline
210
0.0
220
0.0
230
1.0
 70
    11
 71
     3
 72
    20
 73
    16
 74
     0
 42
0.0000000001
 43
0.0000000001
 12
1.0
 22
0.0
 32
0.0
 13
1.0
 23
0.0
 33
0.0
 40
0.0
 40
0.0
 40
0.0
 40
0.0
 40
0.2
 40
0.2
 40
0.2
 40
0.2
 40
0.4
 40
0.4
 40
0.4
 40
0.4
 40
0.6
 40
0.6
 40
0.6
 40
0.6
 40
1.0
 40
1.0
 40
1.0
 40
1.0
 10
-2.91994
 20
3.92182
 30
0.0
 10
-2.89842
 20
3.95145
 30
0.0
 10
-2.87619
 20
3.98073
 30
0.0
 10
-2.85291
 20
4.00931
 30
0.0
 10
-2.85291
 20
4.00931
 30
0.0
 10
-2.82539
 20
3.98392
 30
0.0
 10
-2.79788
 20
3.95817
 30
0.0
 10
-2.77035
 20
3.93206
 30
0.0
 10
-2.77035
 20
3.93206
 30
0.0
 10
-2.79717
 20
3.90701
 30
0.0
 10
-2.82434
 20
3.88196
 30
0.0
 10
-2.85114
 20
3.85692
 30
0.0
 10
-2.85114
 20
3.85692
 30
0.0
 10
-2.87408
 20
3.87879
 30
0.0
 10
-2.89701
 20
3.90031
 30
0.0
 10
-2.91994
 20
3.92182
 30
0.0
  0
SPLINE
  5
C9
330
1F
100
AcDbEntity
  8
Camada 1
100
AcDbSpline
210
0.0
220
0.0
230
1.0
 70
    11
 71
     3
 72
    16
 73
    12
 74
     0
 42
0.0000000001
 43
0.0000000001
 12
1.0
 22
0.0
 32
0.0
 13
1.0
 23
0.0
 33
0.0
 40
0.0
 40
0.0
 40
0.0
 40
0.0
 40
0.25
 40
0.25
 40
0.25
 40
0.25
 40
0.5
 40
0.5
 40
0.5
 40
0.5
 40
1.0
 40
1.0
 40
1.0
 40
1.0
 10
-6.0526
 20
3.82622
 30
0.0
 10
-6.01944
 20
3.86927
 30
0.0
 10
-5.9884
 20
3.79095
 30
0.0
 10
-5.96089
 20
3.77613
 30
0.0
 10
-5.96089
 20
3.77613
 30
0.0
 10
-5.98063
 20
3.73062
 30
0.0
 10
-6.03003
 20
3.6837
 30
0.0
 10
-6.07413
 20
3.73238
 30
0.0
 10
-6.07413
 20
3.73238
 30
0.0
 10
-6.12034
 20
3.75284
 30
0.0
 10
-6.08153
 20
3.81
 30
0.0
 10
-6.0526
 20
3.82622
 30
0.0
  0
SPLINE
  5
CA
330
1F
100
AcDbEntity
  8
Camada 1
100
AcDbSpline
210
0.0
220
0.0
230
1.0
 70
    11
 71
     3
 72
    20
 73
    16
 74
     0
 42
0.0000000001
 43
0.0000000001
 12
1.0
 22
0.0
 32
0.0
 13
1.0
 23
0.0
 33
0.0
 40
0.0
 40
0.0
 40
0.0
 40
0.0
 40
0.2
 40
0.2
 40
0.2
 40
0.2
 40
0.4
 40
0.4
 40
0.4
 40
0.4
 40
0.6
 40
0.6
 40
0.6
 40
0.6
 40
1.0
 40
1.0
 40
1.0
 40
1.0
 10
-5.10399
 20
3.77367
 30
0.0
 10
-5.07505
 20
3.79694
 30
0.0
 10
-5.04613
 20
3.82023
 30
0.0
 10
-5.0165
 20
3.84281
 30
0.0
 10
-5.0165
 20
3.84281
 30
0.0
 10
-4.99285
 20
3.81881
 30
0.0
 10
-4.96958
 20
3.79518
 30
0.0
 10
-4.94595
 20
3.77119
 30
0.0
 10
-4.94595
 20
3.77119
 30
0.0
 10
-4.9717
 20
3.74614
 30
0.0
 10
-4.99779
 20
3.72145
 30
0.0
 10
-5.02462
 20
3.69746
 30
0.0
 10
-5.02462
 20
3.69746
 30
0.0
 10
-5.05107
 20
3.72285
 30
0.0
 10
-5.07753
 20
3.74826
 30
0.0
 10
-5.10399
 20
3.77367
 30
0.0
  0
SPLINE
  5
CB
330
1F
100
AcDbEntity
  8
Camada 1
100
AcDbSpline
210
0.0
220
0.0
230
1.0
 70
    11
 71
     3
 72
    20
 73
    16
 74
     0
 42
0.0000000001
 43
0.0000000001
 12
1.0
 22
0.0
 32
0.0
 13
1.0
 23
0.0
 33
0.0
 40
0.0
 40
0.0
 40
0.0
 40
0.0
 40
0.2
 40
0.2
 40
0.2
 40
0.2
 40
0.4
 40
0.4
 40
0.4
 40
0.4
 40
0.6
 40
0.6
 40
0.6
 40
0.6
 40
1.0
 40
1.0
 40
1.0
 40
1.0
 10
-4.09434
 20
3.76731
 30
0.0
 10
-4.06717
 20
3.79306
 30
0.0
 10
-4.03965
 20
3.81847
 30
0.0
 10
-4.01179
 20
3.84352
 30
0.0
 10
-4.01179
 20
3.84352
 30
0.0
 10
-3.99133
 20
3.81565
 30
0.0
 10
-3.9705
 20
3.78741
 30
0.0
 10
-3.9497
 20
3.7592
 30
0.0
 10
-3.9497
 20
3.7592
 30
0.0
 10
-3.97369
 20
3.73661
 30
0.0
 10
-3.99767
 20
3.71369
 30
0.0
 10
-4.02166
 20
3.69076
 30
0.0
 10
-4.02166
 20
3.69076
 30
0.0
 10
-4.046
 20
3.71651
 30
0.0
 10
-4.07
 20
3.7419
 30
0.0
 10
-4.09434
 20
3.76731
 30
0.0
  0
SPLINE
  5
CC
330
1F
100
AcDbEntity
  8
Camada 1
100
AcDbSpline
210
0.0
220
0.0
230
1.0
 70
    11
 71
     3
 72
    20
 73
    16
 74
     0
 42
0.0000000001
 43
0.0000000001
 12
1.0
 22
0.0
 32
0.0
 13
1.0
 23
0.0
 33
0.0
 40
0.0
 40
0.0
 40
0.0
 40
0.0
 40
0.2
 40
0.2
 40
0.2
 40
0.2
 40
0.4
 40
0.4
 40
0.4
 40
0.4
 40
0.6
 40
0.6
 40
0.6
 40
0.6
 40
1.0
 40
1.0
 40
1.0
 40
1.0
 10
-3.09386
 20
3.77119
 30
0.0
 10
-3.06634
 20
3.79236
 30
0.0
 10
-3.03883
 20
3.81353
 30
0.0
 10
-3.01166
 20
3.8347
 30
0.0
 10
-3.01166
 20
3.8347
 30
0.0
 10
-2.98767
 20
3.81282
 30
0.0
 10
-2.96367
 20
3.7906
 30
0.0
 10
-2.9397
 20
3.76872
 30
0.0
 10
-2.9397
 20
3.76872
 30
0.0
 10
-2.96545
 20
3.7412
 30
0.0
 10
-2.99084
 20
3.71333
 30
0.0
 10
-3.01625
 20
3.68582
 30
0.0
 10
-3.01625
 20
3.68582
 30
0.0
 10
-3.04236
 20
3.71439
 30
0.0
 10
-3.06811
 20
3.74297
 30
0.0
 10
-3.09386
 20
3.77119
 30
0.0
  0
SPLINE
  5
CD
330
1F
100
AcDbEntity
  8
Camada 1
100
AcDbSpline
210
0.0
220
0.0
230
1.0
 70
    11
 71
     3
 72
    24
 73
    20
 74
     0
 42
0.0000000001
 43
0.0000000001
 12
1.0
 22
0.0
 32
0.0
 13
1.0
 23
0.0
 33
0.0
 40
0.0
 40
0.0
 40
0.0
 40
0.0
 40
0.1666666666666667
 40
0.1666666666666667
 40
0.1666666666666667
 40
0.1666666666666667
 40
0.3333333333333333
 40
0.3333333333333333
 40
0.3333333333333333
 40
0.3333333333333333
 40
0.5
 40
0.5
 40
0.5
 40
0.5
 40
0.6666666666666666
 40
0.6666666666666666
 40
0.6666666666666666
 40
0.6666666666666666
 40
1.0
 40
1.0
 40
1.0
 40
1.0
 10
6.00428
 20
3.76096
 30
0.0
 10
6.12034
 20
3.76025
 30
0.0
 10
6.23675
 20
3.76025
 30
0.0
 10
6.35316
 20
3.7592
 30
0.0
 10
6.35316
 20
3.7592
 30
0.0
 10
6.3574
 20
3.59974
 30
0.0
 10
6.35212
 20
3.44028
 30
0.0
 10
6.34471
 20
3.28083
 30
0.0
 10
6.34471
 20
3.28083
 30
0.0
 10
6.34576
 20
3.19122
 30
0.0
 10
6.34541
 20
3.10198
 30
0.0
 10
6.34717
 20
3.01237
 30
0.0
 10
6.34717
 20
3.01237
 30
0.0
 10
6.23288
 20
3.01271
 30
0.0
 10
6.11857
 20
3.01308
 30
0.0
 10
6.00428
 20
3.01237
 30
0.0
 10
6.00428
 20
3.01237
 30
0.0
 10
6.00569
 20
3.26178
 30
0.0
 10
6.00604
 20
3.51155
 30
0.0
 10
6.00428
 20
3.76096
 30
0.0
  0
SPLINE
  5
CE
330
1F
100
AcDbEntity
  8
Camada 1
100
AcDbSpline
210
0.0
220
0.0
230
1.0
 70
    11
 71
     3
 72
    20
 73
    16
 74
     0
 42
0.0000000001
 43
0.0000000001
 12
1.0
 22
0.0
 32
0.0
 13
1.0
 23
0.0
 33
0.0
 40
0.0
 40
0.0
 40
0.0
 40
0.0
 40
0.2
 40
0.2
 40
0.2
 40
0.2
 40
0.4
 40
0.4
 40
0.4
 40
0.4
 40
0.6
 40
0.6
 40
0.6
 40
0.6
 40
1.0
 40
1.0
 40
1.0
 40
1.0
 10
-5.87375
 20
3.67276
 30
0.0
 10
-5.84376
 20
3.65371
 30
0.0
 10
-5.81483
 20
3.63361
 30
0.0
 10
-5.7866
 20
3.61138
 30
0.0
 10
-5.7866
 20
3.61138
 30
0.0
 10
-5.81166
 20
3.58352
 30
0.0
 10
-5.83671
 20
3.55599
 30
0.0
 10
-5.8621
 20
3.52882
 30
0.0
 10
-5.8621
 20
3.52882
 30
0.0
 10
-5.88751
 20
3.55318
 30
0.0
 10
-5.91255
 20
3.57752
 30
0.0
 10
-5.93794
 20
3.60186
 30
0.0
 10
-5.93794
 20
3.60186
 30
0.0
 10
-5.91643
 20
3.62549
 30
0.0
 10
-5.89526
 20
3.64912
 30
0.0
 10
-5.87375
 20
3.67276
 30
0.0
  0
SPLINE
  5
CF
330
1F
100
AcDbEntity
  8
Camada 1
100
AcDbSpline
210
0.0
220
0.0
230
1.0
 70
    11
 71
     3
 72
    16
 73
    12
 74
     0
 42
0.0000000001
 43
0.0000000001
 12
1.0
 22
0.0
 32
0.0
 13
1.0
 23
0.0
 33
0.0
 40
0.0
 40
0.0
 40
0.0
 40
0.0
 40
0.25
 40
0.25
 40
0.25
 40
0.25
 40
0.5
 40
0.5
 40
0.5
 40
0.5
 40
1.0
 40
1.0
 40
1.0
 40
1.0
 10
-5.27015
 20
3.59867
 30
0.0
 10
-5.2444
 20
3.62513
 30
0.0
 10
-5.21757
 20
3.65054
 30
0.0
 10
-5.19041
 20
3.67524
 30
0.0
 10
-5.19041
 20
3.67524
 30
0.0
 10
-5.17136
 20
3.6576
 30
0.0
 10
-5.13362
 20
3.62232
 30
0.0
 10
-5.11457
 20
3.60503
 30
0.0
 10
-5.11457
 20
3.60503
 30
0.0
 10
-5.15267
 20
3.53201
 30
0.0
 10
-5.22464
 20
3.52812
 30
0.0
 10
-5.27015
 20
3.59867
 30
0.0
  0
SPLINE
  5
D0
330
1F
100
AcDbEntity
  8
Camada 1
100
AcDbSpline
210
0.0
220
0.0
230
1.0
 70
    11
 71
     3
 72
    16
 73
    12
 74
     0
 42
0.0000000001
 43
0.0000000001
 12
1.0
 22
0.0
 32
0.0
 13
1.0
 23
0.0
 33
0.0
 40
0.0
 40
0.0
 40
0.0
 40
0.0
 40
0.25
 40
0.25
 40
0.25
 40
0.25
 40
0.5
 40
0.5
 40
0.5
 40
0.5
 40
1.0
 40
1.0
 40
1.0
 40
1.0
 10
-3.86679
 20
3.6636
 30
0.0
 10
-3.82975
 20
3.64808
 30
0.0
 10
-3.79801
 20
3.62232
 30
0.0
 10
-3.76449
 20
3.59974
 30
0.0
 10
-3.76449
 20
3.59974
 30
0.0
 10
-3.79801
 20
3.57611
 30
0.0
 10
-3.8301
 20
3.54929
 30
0.0
 10
-3.86679
 20
3.53094
 30
0.0
 10
-3.86679
 20
3.53094
 30
0.0
 10
-3.91653
 20
3.56234
 30
0.0
 10
-3.92677
 20
3.63677
 30
0.0
 10
-3.86679
 20
3.6636
 30
0.0
  0
SPLINE
  5
D1
330
1F
100
AcDbEntity
  8
Camada 1
100
AcDbSpline
210
0.0
220
0.0
230
1.0
 70
    11
 71
     3
 72
    16
 73
    12
 74
     0
 42
0.0000000001
 43
0.0000000001
 12
1.0
 22
0.0
 32
0.0
 13
1.0
 23
0.0
 33
0.0
 40
0.0
 40
0.0
 40
0.0
 40
0.0
 40
0.25
 40
0.25
 40
0.25
 40
0.25
 40
0.5
 40
0.5
 40
0.5
 40
0.5
 40
1.0
 40
1.0
 40
1.0
 40
1.0
 10
-3.17994
 20
3.67135
 30
0.0
 10
-3.15806
 20
3.64277
 30
0.0
 10
-3.08715
 20
3.59621
 30
0.0
 10
-3.13725
 20
3.56234
 30
0.0
 10
-3.13725
 20
3.56234
 30
0.0
 10
-3.17675
 20
3.49603
 30
0.0
 10
-3.22262
 20
3.56729
 30
0.0
 10
-3.26495
 20
3.59127
 30
0.0
 10
-3.26495
 20
3.59127
 30
0.0
 10
-3.23673
 20
3.61809
 30
0.0
 10
-3.20815
 20
3.64489
 30
0.0
 10
-3.17994
 20
3.67135
 30
0.0
  0
SPLINE
  5
D2
330
1F
100
AcDbEntity
  8
Camada 1
100
AcDbSpline
210
0.0
220
0.0
230
1.0
 70
    11
 71
     3
 72
    20
 73
    16
 74
     0
 42
0.0000000001
 43
0.0000000001
 12
1.0
 22
0.0
 32
0.0
 13
1.0
 23
0.0
 33
0.0
 40
0.0
 40
0.0
 40
0.0
 40
0.0
 40
0.2
 40
0.2
 40
0.2
 40
0.2
 40
0.4
 40
0.4
 40
0.4
 40
0.4
 40
0.6
 40
0.6
 40
0.6
 40
0.6
 40
1.0
 40
1.0
 40
1.0
 40
1.0
 10
-5.6977
 20
3.51155
 30
0.0
 10
-5.67124
 20
3.48438
 30
0.0
 10
-5.64479
 20
3.45722
 30
0.0
 10
-5.61833
 20
3.43005
 30
0.0
 10
-5.61833
 20
3.43005
 30
0.0
 10
-5.64444
 20
3.40783
 30
0.0
 10
-5.6709
 20
3.38561
 30
0.0
 10
-5.69701
 20
3.36303
 30
0.0
 10
-5.69701
 20
3.36303
 30
0.0
 10
-5.72169
 20
3.38561
 30
0.0
 10
-5.74604
 20
3.40854
 30
0.0
 10
-5.77074
 20
3.43076
 30
0.0
 10
-5.77074
 20
3.43076
 30
0.0
 10
-5.74674
 20
3.45792
 30
0.0
 10
-5.7224
 20
3.48473
 30
0.0
 10
-5.6977
 20
3.51155
 30
0.0
  0
SPLINE
  5
D3
330
1F
100
AcDbEntity
  8
Camada 1
100
AcDbSpline
210
0.0
220
0.0
230
1.0
 70
    11
 71
     3
 72
    20
 73
    16
 74
     0
 42
0.0000000001
 43
0.0000000001
 12
1.0
 22
0.0
 32
0.0
 13
1.0
 23
0.0
 33
0.0
 40
0.0
 40
0.0
 40
0.0
 40
0.0
 40
0.2
 40
0.2
 40
0.2
 40
0.2
 40
0.4
 40
0.4
 40
0.4
 40
0.4
 40
0.6
 40
0.6
 40
0.6
 40
0.6
 40
1.0
 40
1.0
 40
1.0
 40
1.0
 10
-5.43102
 20
3.44523
 30
0.0
 10
-5.40526
 20
3.46886
 30
0.0
 10
-5.37951
 20
3.49215
 30
0.0
 10
-5.3534
 20
3.51508
 30
0.0
 10
-5.3534
 20
3.51508
 30
0.0
 10
-5.33293
 20
3.48791
 30
0.0
 10
-5.31142
 20
3.46075
 30
0.0
 10
-5.29554
 20
3.43005
 30
0.0
 10
-5.29554
 20
3.43005
 30
0.0
 10
-5.316
 20
3.40289
 30
0.0
 10
-5.33788
 20
3.37643
 30
0.0
 10
-5.36081
 20
3.35104
 30
0.0
 10
-5.36081
 20
3.35104
 30
0.0
 10
-5.38409
 20
3.38278
 30
0.0
 10
-5.40773
 20
3.41417
 30
0.0
 10
-5.43102
 20
3.44523
 30
0.0
  0
SPLINE
  5
D4
330
1F
100
AcDbEntity
  8
Camada 1
100
AcDbSpline
210
0.0
220
0.0
230
1.0
 70
    11
 71
     3
 72
    20
 73
    16
 74
     0
 42
0.0000000001
 43
0.0000000001
 12
1.0
 22
0.0
 32
0.0
 13
1.0
 23
0.0
 33
0.0
 40
0.0
 40
0.0
 40
0.0
 40
0.0
 40
0.2
 40
0.2
 40
0.2
 40
0.2
 40
0.4
 40
0.4
 40
0.4
 40
0.4
 40
0.6
 40
0.6
 40
0.6
 40
0.6
 40
1.0
 40
1.0
 40
1.0
 40
1.0
 10
-3.68582
 20
3.50908
 30
0.0
 10
-3.65936
 20
3.48121
 30
0.0
 10
-3.6329
 20
3.45334
 30
0.0
 10
-3.6068
 20
3.42511
 30
0.0
 10
-3.6068
 20
3.42511
 30
0.0
 10
-3.63395
 20
3.40325
 30
0.0
 10
-3.66112
 20
3.38137
 30
0.0
 10
-3.68828
 20
3.35915
 30
0.0
 10
-3.68828
 20
3.35915
 30
0.0
 10
-3.71264
 20
3.38208
 30
0.0
 10
-3.73698
 20
3.40501
 30
0.0
 10
-3.76132
 20
3.42759
 30
0.0
 10
-3.76132
 20
3.42759
 30
0.0
 10
-3.73627
 20
3.45475
 30
0.0
 10
-3.71122
 20
3.48192
 30
0.0
 10
-3.68582
 20
3.50908
 30
0.0
  0
SPLINE
  5
D5
330
1F
100
AcDbEntity
  8
Camada 1
100
AcDbSpline
210
0.0
220
0.0
230
1.0
 70
    11
 71
     3
 72
    12
 73
     8
 74
     0
 42
0.0000000001
 43
0.0000000001
 12
1.0
 22
0.0
 32
0.0
 13
1.0
 23
0.0
 33
0.0
 40
0.0
 40
0.0
 40
0.0
 40
0.0
 40
0.3333333333333333
 40
0.3333333333333333
 40
0.3333333333333333
 40
0.3333333333333333
 40
1.0
 40
1.0
 40
1.0
 40
1.0
 10
-3.37431
 20
3.48262
 30
0.0
 10
-3.32563
 20
3.50097
 30
0.0
 10
-3.26002
 20
3.44664
 30
0.0
 10
-3.30234
 20
3.39972
 30
0.0
 10
-3.30234
 20
3.39972
 30
0.0
 10
-3.34468
 20
3.29812
 30
0.0
 10
-3.47839
 20
3.44769
 30
0.0
 10
-3.37431
 20
3.48262
 30
0.0
  0
SPLINE
  5
D6
330
1F
100
AcDbEntity
  8
Camada 1
100
AcDbSpline
210
0.0
220
0.0
230
1.0
 70
    11
 71
     3
 72
    20
 73
    16
 74
     0
 42
0.0000000001
 43
0.0000000001
 12
1.0
 22
0.0
 32
0.0
 13
1.0
 23
0.0
 33
0.0
 40
0.0
 40
0.0
 40
0.0
 40
0.0
 40
0.2
 40
0.2
 40
0.2
 40
0.2
 40
0.4
 40
0.4
 40
0.4
 40
0.4
 40
0.6
 40
0.6
 40
0.6
 40
0.6
 40
1.0
 40
1.0
 40
1.0
 40
1.0
 10
0.97754
 20
3.39653
 30
0.0
 10
1.00612
 20
3.41066
 30
0.0
 10
1.03504
 20
3.42477
 30
0.0
 10
1.06398
 20
3.43853
 30
0.0
 10
1.06398
 20
3.43853
 30
0.0
 10
1.12994
 20
3.40218
 30
0.0
 10
1.19345
 20
3.31681
 30
0.0
 10
1.12394
 20
3.25084
 30
0.0
 10
1.12394
 20
3.25084
 30
0.0
 10
1.05903
 20
3.18065
 30
0.0
 10
0.96943
 20
3.24379
 30
0.0
 10
0.93451
 20
3.31116
 30
0.0
 10
0.93451
 20
3.31116
 30
0.0
 10
0.94862
 20
3.33974
 30
0.0
 10
0.96307
 20
3.36797
 30
0.0
 10
0.97754
 20
3.39653
 30
0.0
  0
SPLINE
  5
D7
330
1F
100
AcDbEntity
  8
Camada 1
100
AcDbSpline
210
0.0
220
0.0
230
1.0
 70
    11
 71
     3
 72
    16
 73
    12
 74
     0
 42
0.0000000001
 43
0.0000000001
 12
1.0
 22
0.0
 32
0.0
 13
1.0
 23
0.0
 33
0.0
 40
0.0
 40
0.0
 40
0.0
 40
0.0
 40
0.25
 40
0.25
 40
0.25
 40
0.25
 40
0.5
 40
0.5
 40
0.5
 40
0.5
 40
1.0
 40
1.0
 40
1.0
 40
1.0
 10
-1.8475
 20
3.40325
 30
0.0
 10
-1.80304
 20
3.42688
 30
0.0
 10
-1.73355
 20
3.43076
 30
0.0
 10
-1.7032
 20
3.38349
 30
0.0
 10
-1.7032
 20
3.38349
 30
0.0
 10
-1.63759
 20
3.3221
 30
0.0
 10
-1.71309
 20
3.20321
 30
0.0
 10
-1.79599
 20
3.22297
 30
0.0
 10
-1.79599
 20
3.22297
 30
0.0
 10
-1.88136
 20
3.22545
 30
0.0
 10
-1.92122
 20
3.35455
 30
0.0
 10
-1.8475
 20
3.40325
 30
0.0
  0
SPLINE
  5
D8
330
1F
100
AcDbEntity
  8
Camada 1
100
AcDbSpline
210
0.0
220
0.0
230
1.0
 70
    11
 71
     3
 72
    16
 73
    12
 74
     0
 42
0.0000000001
 43
0.0000000001
 12
1.0
 22
0.0
 32
0.0
 13
1.0
 23
0.0
 33
0.0
 40
0.0
 40
0.0
 40
0.0
 40
0.0
 40
0.25
 40
0.25
 40
0.25
 40
0.25
 40
0.5
 40
0.5
 40
0.5
 40
0.5
 40
1.0
 40
1.0
 40
1.0
 40
1.0
 10
-1.15429
 20
3.38525
 30
0.0
 10
-1.10172
 20
3.45722
 30
0.0
 10
-0.95215
 20
3.41312
 30
0.0
 10
-0.97225
 20
3.31576
 30
0.0
 10
-0.97225
 20
3.31576
 30
0.0
 10
-0.97437
 20
3.22579
 30
0.0
 10
-1.07138
 20
3.22121
 30
0.0
 10
-1.13875
 20
3.22262
 30
0.0
 10
-1.13875
 20
3.22262
 30
0.0
 10
-1.15181
 20
3.27271
 30
0.0
 10
-1.20967
 20
3.34081
 30
0.0
 10
-1.15429
 20
3.38525
 30
0.0
  0
SPLINE
  5
D9
330
1F
100
AcDbEntity
  8
Camada 1
100
AcDbSpline
210
0.0
220
0.0
230
1.0
 70
    11
 71
     3
 72
    16
 73
    12
 74
     0
 42
0.0000000001
 43
0.0000000001
 12
1.0
 22
0.0
 32
0.0
 13
1.0
 23
0.0
 33
0.0
 40
0.0
 40
0.0
 40
0.0
 40
0.0
 40
0.25
 40
0.25
 40
0.25
 40
0.25
 40
0.5
 40
0.5
 40
0.5
 40
0.5
 40
1.0
 40
1.0
 40
1.0
 40
1.0
 10
-0.48401
 20
3.31364
 30
0.0
 10
-0.4579
 20
3.37714
 30
0.0
 10
-0.40498
 20
3.44981
 30
0.0
 10
-0.32597
 20
3.41277
 30
0.0
 10
-0.32597
 20
3.41277
 30
0.0
 10
-0.22365
 20
3.38737
 30
0.0
 10
-0.25681
 20
3.21768
 30
0.0
 10
-0.35842
 20
3.22192
 30
0.0
 10
-0.35842
 20
3.22192
 30
0.0
 10
-0.42121
 20
3.20993
 30
0.0
 10
-0.44767
 20
3.27837
 30
0.0
 10
-0.48401
 20
3.31364
 30
0.0
  0
SPLINE
  5
DA
330
1F
100
AcDbEntity
  8
Camada 1
100
AcDbSpline
210
0.0
220
0.0
230
1.0
 70
    11
 71
     3
 72
    16
 73
    12
 74
     0
 42
0.0000000001
 43
0.0000000001
 12
1.0
 22
0.0
 32
0.0
 13
1.0
 23
0.0
 33
0.0
 40
0.0
 40
0.0
 40
0.0
 40
0.0
 40
0.25
 40
0.25
 40
0.25
 40
0.25
 40
0.5
 40
0.5
 40
0.5
 40
0.5
 40
1.0
 40
1.0
 40
1.0
 40
1.0
 10
0.22153
 20
3.31611
 30
0.0
 10
0.25471
 20
3.37397
 30
0.0
 10
0.30656
 20
3.45157
 30
0.0
 10
0.38488
 20
3.41207
 30
0.0
 10
0.38488
 20
3.41207
 30
0.0
 10
0.48224
 20
3.38561
 30
0.0
 10
0.45225
 20
3.21415
 30
0.0
 10
0.35172
 20
3.22297
 30
0.0
 10
0.35172
 20
3.22297
 30
0.0
 10
0.28716
 20
3.20321
 30
0.0
 10
0.26
 20
3.28295
 30
0.0
 10
0.22153
 20
3.31611
 30
0.0
  0
SPLINE
  5
DB
330
1F
100
AcDbEntity
  8
Camada 1
100
AcDbSpline
210
0.0
220
0.0
230
1.0
 70
    11
 71
     3
 72
    16
 73
    12
 74
     0
 42
0.0000000001
 43
0.0000000001
 12
1.0
 22
0.0
 32
0.0
 13
1.0
 23
0.0
 33
0.0
 40
0.0
 40
0.0
 40
0.0
 40
0.0
 40
0.25
 40
0.25
 40
0.25
 40
0.25
 40
0.5
 40
0.5
 40
0.5
 40
0.5
 40
1.0
 40
1.0
 40
1.0
 40
1.0
 10
1.66722
 20
3.28648
 30
0.0
 10
1.63054
 20
3.36303
 30
0.0
 10
1.71026
 20
3.41029
 30
0.0
 10
1.76388
 20
3.44452
 30
0.0
 10
1.76388
 20
3.44452
 30
0.0
 10
1.79987
 20
3.40747
 30
0.0
 10
1.87501
 20
3.37889
 30
0.0
 10
1.86055
 20
3.31399
 30
0.0
 10
1.86055
 20
3.31399
 30
0.0
 10
1.86443
 20
3.20886
 30
0.0
 10
1.6898
 20
3.18452
 30
0.0
 10
1.66722
 20
3.28648
 30
0.0
  0
SPLINE
  5
DC
330
1F
100
AcDbEntity
  8
Camada 1
100
AcDbSpline
210
0.0
220
0.0
230
1.0
 70
    11
 71
     3
 72
    20
 73
    16
 74
     0
 42
0.0000000001
 43
0.0000000001
 12
1.0
 22
0.0
 32
0.0
 13
1.0
 23
0.0
 33
0.0
 40
0.0
 40
0.0
 40
0.0
 40
0.0
 40
0.2
 40
0.2
 40
0.2
 40
0.2
 40
0.4
 40
0.4
 40
0.4
 40
0.4
 40
0.6
 40
0.6
 40
0.6
 40
0.6
 40
1.0
 40
1.0
 40
1.0
 40
1.0
 10
-5.60704
 20
3.28153
 30
0.0
 10
-5.57988
 20
3.30059
 30
0.0
 10
-5.55378
 20
3.32069
 30
0.0
 10
-5.5245
 20
3.33657
 30
0.0
 10
-5.5245
 20
3.33657
 30
0.0
 10
-5.49768
 20
3.31505
 30
0.0
 10
-5.47229
 20
3.29106
 30
0.0
 10
-5.44653
 20
3.26777
 30
0.0
 10
-5.44653
 20
3.26777
 30
0.0
 10
-5.47582
 20
3.24026
 30
0.0
 10
-5.50509
 20
3.2131
 30
0.0
 10
-5.53402
 20
3.18557
 30
0.0
 10
-5.53402
 20
3.18557
 30
0.0
 10
-5.55837
 20
3.21768
 30
0.0
 10
-5.5827
 20
3.24979
 30
0.0
 10
-5.60704
 20
3.28153
 30
0.0
  0
SPLINE
  5
DD
330
1F
100
AcDbEntity
  8
Camada 1
100
AcDbSpline
210
0.0
220
0.0
230
1.0
 70
    11
 71
     3
 72
    20
 73
    16
 74
     0
 42
0.0000000001
 43
0.0000000001
 12
1.0
 22
0.0
 32
0.0
 13
1.0
 23
0.0
 33
0.0
 40
0.0
 40
0.0
 40
0.0
 40
0.0
 40
0.2
 40
0.2
 40
0.2
 40
0.2
 40
0.4
 40
0.4
 40
0.4
 40
0.4
 40
0.6
 40
0.6
 40
0.6
 40
0.6
 40
1.0
 40
1.0
 40
1.0
 40
1.0
 10
-3.5239
 20
3.34186
 30
0.0
 10
-3.49566
 20
3.31611
 30
0.0
 10
-3.46745
 20
3.28999
 30
0.0
 10
-3.43887
 20
3.2639
 30
0.0
 10
-3.43887
 20
3.2639
 30
0.0
 10
-3.46709
 20
3.23673
 30
0.0
 10
-3.49496
 20
3.20993
 30
0.0
 10
-3.52319
 20
3.18311
 30
0.0
 10
-3.52319
 20
3.18311
 30
0.0
 10
-3.54646
 20
3.2071
 30
0.0
 10
-3.56975
 20
3.23144
 30
0.0
 10
-3.59339
 20
3.25542
 30
0.0
 10
-3.59339
 20
3.25542
 30
0.0
 10
-3.57011
 20
3.28436
 30
0.0
 10
-3.54717
 20
3.31328
 30
0.0
 10
-3.5239
 20
3.34186
 30
0.0
  0
SPLINE
  5
DE
330
1F
100
AcDbEntity
  8
Camada 1
100
AcDbSpline
210
0.0
220
0.0
230
1.0
 70
    11
 71
     3
 72
    20
 73
    16
 74
     0
 42
0.0000000001
 43
0.0000000001
 12
1.0
 22
0.0
 32
0.0
 13
1.0
 23
0.0
 33
0.0
 40
0.0
 40
0.0
 40
0.0
 40
0.0
 40
0.2
 40
0.2
 40
0.2
 40
0.2
 40
0.4
 40
0.4
 40
0.4
 40
0.4
 40
0.6
 40
0.6
 40
0.6
 40
0.6
 40
1.0
 40
1.0
 40
1.0
 40
1.0
 10
-5.69665
 20
3.17146
 30
0.0
 10
-5.66844
 20
3.14819
 30
0.0
 10
-5.64056
 20
3.1249
 30
0.0
 10
-5.61269
 20
3.10127
 30
0.0
 10
-5.61269
 20
3.10127
 30
0.0
 10
-5.64303
 20
3.07622
 30
0.0
 10
-5.67336
 20
3.05152
 30
0.0
 10
-5.70371
 20
3.02648
 30
0.0
 10
-5.70371
 20
3.02648
 30
0.0
 10
-5.72593
 20
3.05257
 30
0.0
 10
-5.74815
 20
3.07833
 30
0.0
 10
-5.77037
 20
3.10409
 30
0.0
 10
-5.77037
 20
3.10409
 30
0.0
 10
-5.74569
 20
3.12632
 30
0.0
 10
-5.72135
 20
3.14888
 30
0.0
 10
-5.69665
 20
3.17146
 30
0.0
  0
SPLINE
  5
DF
330
1F
100
AcDbEntity
  8
Camada 1
100
AcDbSpline
210
0.0
220
0.0
230
1.0
 70
    11
 71
     3
 72
    16
 73
    12
 74
     0
 42
0.0000000001
 43
0.0000000001
 12
1.0
 22
0.0
 32
0.0
 13
1.0
 23
0.0
 33
0.0
 40
0.0
 40
0.0
 40
0.0
 40
0.0
 40
0.25
 40
0.25
 40
0.25
 40
0.25
 40
0.5
 40
0.5
 40
0.5
 40
0.5
 40
1.0
 40
1.0
 40
1.0
 40
1.0
 10
-5.42783
 20
3.08434
 30
0.0
 10
-5.41126
 20
3.12103
 30
0.0
 10
-5.38585
 20
3.15241
 30
0.0
 10
-5.36363
 20
3.18557
 30
0.0
 10
-5.36363
 20
3.18557
 30
0.0
 10
-5.34212
 20
3.14888
 30
0.0
 10
-5.2652
 20
3.10549
 30
0.0
 10
-5.31988
 20
3.06105
 30
0.0
 10
-5.31988
 20
3.06105
 30
0.0
 10
-5.34492
 20
3.01308
 30
0.0
 10
-5.4049
 20
3.05752
 30
0.0
 10
-5.42783
 20
3.08434
 30
0.0
  0
SPLINE
  5
E0
330
1F
100
AcDbEntity
  8
Camada 1
100
AcDbSpline
210
0.0
220
0.0
230
1.0
 70
    11
 71
     3
 72
    20
 73
    16
 74
     0
 42
0.0000000001
 43
0.0000000001
 12
1.0
 22
0.0
 32
0.0
 13
1.0
 23
0.0
 33
0.0
 40
0.0
 40
0.0
 40
0.0
 40
0.0
 40
0.2
 40
0.2
 40
0.2
 40
0.2
 40
0.4
 40
0.4
 40
0.4
 40
0.4
 40
0.6
 40
0.6
 40
0.6
 40
0.6
 40
1.0
 40
1.0
 40
1.0
 40
1.0
 10
-3.76307
 20
3.10056
 30
0.0
 10
-3.73415
 20
3.12242
 30
0.0
 10
-3.70521
 20
3.14466
 30
0.0
 10
-3.67595
 20
3.16652
 30
0.0
 10
-3.67595
 20
3.16652
 30
0.0
 10
-3.65512
 20
3.14077
 30
0.0
 10
-3.63395
 20
3.11467
 30
0.0
 10
-3.6128
 20
3.08856
 30
0.0
 10
-3.6128
 20
3.08856
 30
0.0
 10
-3.63889
 20
3.06528
 30
0.0
 10
-3.66465
 20
3.04165
 30
0.0
 10
-3.6904
 20
3.018
 30
0.0
 10
-3.6904
 20
3.018
 30
0.0
 10
-3.71474
 20
3.04553
 30
0.0
 10
-3.73909
 20
3.07304
 30
0.0
 10
-3.76307
 20
3.10056
 30
0.0
  0
SPLINE
  5
E1
330
1F
100
AcDbEntity
  8
Camada 1
100
AcDbSpline
210
0.0
220
0.0
230
1.0
 70
    11
 71
     3
 72
    20
 73
    16
 74
     0
 42
0.0000000001
 43
0.0000000001
 12
1.0
 22
0.0
 32
0.0
 13
1.0
 23
0.0
 33
0.0
 40
0.0
 40
0.0
 40
0.0
 40
0.0
 40
0.2
 40
0.2
 40
0.2
 40
0.2
 40
0.4
 40
0.4
 40
0.4
 40
0.4
 40
0.6
 40
0.6
 40
0.6
 40
0.6
 40
1.0
 40
1.0
 40
1.0
 40
1.0
 10
-3.42194
 20
3.10056
 30
0.0
 10
-3.39794
 20
3.1242
 30
0.0
 10
-3.37431
 20
3.14749
 30
0.0
 10
-3.35033
 20
3.17112
 30
0.0
 10
-3.35033
 20
3.17112
 30
0.0
 10
-3.32563
 20
3.14749
 30
0.0
 10
-3.30093
 20
3.12349
 30
0.0
 10
-3.27625
 20
3.09915
 30
0.0
 10
-3.27625
 20
3.09915
 30
0.0
 10
-3.30022
 20
3.07199
 30
0.0
 10
-3.32458
 20
3.04482
 30
0.0
 10
-3.34892
 20
3.0173
 30
0.0
 10
-3.34892
 20
3.0173
 30
0.0
 10
-3.37326
 20
3.04517
 30
0.0
 10
-3.3976
 20
3.07269
 30
0.0
 10
-3.42194
 20
3.10056
 30
0.0
  0
SPLINE
  5
E2
330
1F
100
AcDbEntity
  8
Camada 1
100
AcDbSpline
210
0.0
220
0.0
230
1.0
 70
    11
 71
     3
 72
    12
 73
     8
 74
     0
 42
0.0000000001
 43
0.0000000001
 12
1.0
 22
0.0
 32
0.0
 13
1.0
 23
0.0
 33
0.0
 40
0.0
 40
0.0
 40
0.0
 40
0.0
 40
0.3333333333333333
 40
0.3333333333333333
 40
0.3333333333333333
 40
0.3333333333333333
 40
1.0
 40
1.0
 40
1.0
 40
1.0
 10
-5.87903
 20
2.85009
 30
0.0
 10
-5.93407
 20
2.90125
 30
0.0
 10
-5.92983
 20
3.02612
 30
0.0
 10
-5.83352
 20
2.98202
 30
0.0
 10
-5.83352
 20
2.98202
 30
0.0
 10
-5.75168
 20
2.9337
 30
0.0
 10
-5.83318
 20
2.88712
 30
0.0
 10
-5.87903
 20
2.85009
 30
0.0
  0
SPLINE
  5
E3
330
1F
100
AcDbEntity
  8
Camada 1
100
AcDbSpline
210
0.0
220
0.0
230
1.0
 70
    11
 71
     3
 72
    16
 73
    12
 74
     0
 42
0.0000000001
 43
0.0000000001
 12
1.0
 22
0.0
 32
0.0
 13
1.0
 23
0.0
 33
0.0
 40
0.0
 40
0.0
 40
0.0
 40
0.0
 40
0.25
 40
0.25
 40
0.25
 40
0.25
 40
0.5
 40
0.5
 40
0.5
 40
0.5
 40
1.0
 40
1.0
 40
1.0
 40
1.0
 10
-5.26979
 20
2.93899
 30
0.0
 10
-5.23733
 20
2.95205
 30
0.0
 10
-5.19888
 20
3.02224
 30
0.0
 10
-5.16395
 20
2.98062
 30
0.0
 10
-5.16395
 20
2.98062
 30
0.0
 10
-5.09023
 20
2.94993
 30
0.0
 10
-5.15584
 20
2.88571
 30
0.0
 10
-5.19465
 20
2.8575
 30
0.0
 10
-5.19465
 20
2.8575
 30
0.0
 10
-5.21334
 20
2.87796
 30
0.0
 10
-5.2511
 20
2.91853
 30
0.0
 10
-5.26979
 20
2.93899
 30
0.0
  0
SPLINE
  5
E4
330
1F
100
AcDbEntity
  8
Camada 1
100
AcDbSpline
210
0.0
220
0.0
230
1.0
 70
    11
 71
     3
 72
    16
 73
    12
 74
     0
 42
0.0000000001
 43
0.0000000001
 12
1.0
 22
0.0
 32
0.0
 13
1.0
 23
0.0
 33
0.0
 40
0.0
 40
0.0
 40
0.0
 40
0.0
 40
0.25
 40
0.25
 40
0.25
 40
0.25
 40
0.5
 40
0.5
 40
0.5
 40
0.5
 40
1.0
 40
1.0
 40
1.0
 40
1.0
 10
-3.86749
 20
2.99437
 30
0.0
 10
-3.83258
 20
2.97461
 30
0.0
 10
-3.80083
 20
2.94993
 30
0.0
 10
-3.76836
 20
2.92629
 30
0.0
 10
-3.76836
 20
2.92629
 30
0.0
 10
-3.80083
 20
2.90264
 30
0.0
 10
-3.83222
 20
2.8776
 30
0.0
 10
-3.86749
 20
2.85855
 30
0.0
 10
-3.86749
 20
2.85855
 30
0.0
 10
-3.92677
 20
2.88819
 30
0.0
 10
-3.91865
 20
2.96157
 30
0.0
 10
-3.86749
 20
2.99437
 30
0.0
  0
SPLINE
  5
E5
330
1F
100
AcDbEntity
  8
Camada 1
100
AcDbSpline
210
0.0
220
0.0
230
1.0
 70
    11
 71
     3
 72
    12
 73
     8
 74
     0
 42
0.0000000001
 43
0.0000000001
 12
1.0
 22
0.0
 32
0.0
 13
1.0
 23
0.0
 33
0.0
 40
0.0
 40
0.0
 40
0.0
 40
0.0
 40
0.3333333333333333
 40
0.3333333333333333
 40
0.3333333333333333
 40
0.3333333333333333
 40
1.0
 40
1.0
 40
1.0
 40
1.0
 10
-3.19758
 20
3.0113
 30
0.0
 10
-3.15453
 20
2.97461
 30
0.0
 10
-3.07128
 20
2.9224
 30
0.0
 10
-3.15348
 20
2.87548
 30
0.0
 10
-3.15348
 20
2.87548
 30
0.0
 10
-3.24272
 20
2.82963
 30
0.0
 10
-3.26002
 20
2.96757
 30
0.0
 10
-3.19758
 20
3.0113
 30
0.0
  0
SPLINE
  5
E6
330
1F
100
AcDbEntity
  8
Camada 1
100
AcDbSpline
210
0.0
220
0.0
230
1.0
 70
    11
 71
     3
 72
    20
 73
    16
 74
     0
 42
0.0000000001
 43
0.0000000001
 12
1.0
 22
0.0
 32
0.0
 13
1.0
 23
0.0
 33
0.0
 40
0.0
 40
0.0
 40
0.0
 40
0.0
 40
0.2
 40
0.2
 40
0.2
 40
0.2
 40
0.4
 40
0.4
 40
0.4
 40
0.4
 40
0.6
 40
0.6
 40
0.6
 40
0.6
 40
1.0
 40
1.0
 40
1.0
 40
1.0
 10
5.24898
 20
3.0113
 30
0.0
 10
5.4998
 20
3.01166
 30
0.0
 10
5.75027
 20
3.0113
 30
0.0
 10
6.00109
 20
3.01166
 30
0.0
 10
6.00109
 20
3.01166
 30
0.0
 10
6.00216
 20
2.7626
 30
0.0
 10
6.00075
 20
2.51388
 30
0.0
 10
6.0018
 20
2.26484
 30
0.0
 10
6.0018
 20
2.26484
 30
0.0
 10
5.75062
 20
2.26094
 30
0.0
 10
5.49909
 20
2.26236
 30
0.0
 10
5.24791
 20
2.26413
 30
0.0
 10
5.24791
 20
2.26413
 30
0.0
 10
5.24898
 20
2.51319
 30
0.0
 10
5.24756
 20
2.76224
 30
0.0
 10
5.24898
 20
3.0113
 30
0.0
  0
SPLINE
  5
E7
330
1F
100
AcDbEntity
  8
Camada 1
100
AcDbSpline
210
0.0
220
0.0
230
1.0
 70
    11
 71
     3
 72
    20
 73
    16
 74
     0
 42
0.0000000001
 43
0.0000000001
 12
1.0
 22
0.0
 32
0.0
 13
1.0
 23
0.0
 33
0.0
 40
0.0
 40
0.0
 40
0.0
 40
0.0
 40
0.2
 40
0.2
 40
0.2
 40
0.2
 40
0.4
 40
0.4
 40
0.4
 40
0.4
 40
0.6
 40
0.6
 40
0.6
 40
0.6
 40
1.0
 40
1.0
 40
1.0
 40
1.0
 10
-6.10551
 20
2.76189
 30
0.0
 10
-6.08012
 20
2.7894
 30
0.0
 10
-6.05437
 20
2.81657
 30
0.0
 10
-6.02862
 20
2.84373
 30
0.0
 10
-6.02862
 20
2.84373
 30
0.0
 10
-6.00251
 20
2.81481
 30
0.0
 10
-5.97675
 20
2.78518
 30
0.0
 10
-5.95171
 20
2.75483
 30
0.0
 10
-5.95171
 20
2.75483
 30
0.0
 10
-5.97782
 20
2.73332
 30
0.0
 10
-6.00499
 20
2.71322
 30
0.0
 10
-6.0332
 20
2.69451
 30
0.0
 10
-6.0332
 20
2.69451
 30
0.0
 10
-6.05895
 20
2.71533
 30
0.0
 10
-6.08224
 20
2.73897
 30
0.0
 10
-6.10551
 20
2.76189
 30
0.0
  0
SPLINE
  5
E8
330
1F
100
AcDbEntity
  8
Camada 1
100
AcDbSpline
210
0.0
220
0.0
230
1.0
 70
    11
 71
     3
 72
    20
 73
    16
 74
     0
 42
0.0000000001
 43
0.0000000001
 12
1.0
 22
0.0
 32
0.0
 13
1.0
 23
0.0
 33
0.0
 40
0.0
 40
0.0
 40
0.0
 40
0.0
 40
0.2
 40
0.2
 40
0.2
 40
0.2
 40
0.4
 40
0.4
 40
0.4
 40
0.4
 40
0.6
 40
0.6
 40
0.6
 40
0.6
 40
1.0
 40
1.0
 40
1.0
 40
1.0
 10
-5.10046
 20
2.76577
 30
0.0
 10
-5.07471
 20
2.79118
 30
0.0
 10
-5.04895
 20
2.81657
 30
0.0
 10
-5.02284
 20
2.84161
 30
0.0
 10
-5.02284
 20
2.84161
 30
0.0
 10
-4.99816
 20
2.8134
 30
0.0
 10
-4.97311
 20
2.78482
 30
0.0
 10
-4.94805
 20
2.7566
 30
0.0
 10
-4.94805
 20
2.7566
 30
0.0
 10
-4.97557
 20
2.73543
 30
0.0
 10
-5.00308
 20
2.71426
 30
0.0
 10
-5.03061
 20
2.69275
 30
0.0
 10
-5.03061
 20
2.69275
 30
0.0
 10
-5.05388
 20
2.71744
 30
0.0
 10
-5.07717
 20
2.74179
 30
0.0
 10
-5.10046
 20
2.76577
 30
0.0
  0
SPLINE
  5
E9
330
1F
100
AcDbEntity
  8
Camada 1
100
AcDbSpline
210
0.0
220
0.0
230
1.0
 70
    11
 71
     3
 72
    12
 73
     8
 74
     0
 42
0.0000000001
 43
0.0000000001
 12
1.0
 22
0.0
 32
0.0
 13
1.0
 23
0.0
 33
0.0
 40
0.0
 40
0.0
 40
0.0
 40
0.0
 40
0.3333333333333333
 40
0.3333333333333333
 40
0.3333333333333333
 40
0.3333333333333333
 40
1.0
 40
1.0
 40
1.0
 40
1.0
 10
-4.07282
 20
2.73402
 30
0.0
 10
-4.12114
 20
2.81869
 30
0.0
 10
-3.98251
 20
2.8342
 30
0.0
 10
-3.94158
 20
2.77424
 30
0.0
 10
-3.94158
 20
2.77424
 30
0.0
 10
-3.96662
 20
2.72732
 30
0.0
 10
-4.03965
 20
2.64865
 30
0.0
 10
-4.07282
 20
2.73402
 30
0.0
  0
SPLINE
  5
EA
330
1F
100
AcDbEntity
  8
Camada 1
100
AcDbSpline
210
0.0
220
0.0
230
1.0
 70
    11
 71
     3
 72
    20
 73
    16
 74
     0
 42
0.0000000001
 43
0.0000000001
 12
1.0
 22
0.0
 32
0.0
 13
1.0
 23
0.0
 33
0.0
 40
0.0
 40
0.0
 40
0.0
 40
0.0
 40
0.2
 40
0.2
 40
0.2
 40
0.2
 40
0.4
 40
0.4
 40
0.4
 40
0.4
 40
0.6
 40
0.6
 40
0.6
 40
0.6
 40
1.0
 40
1.0
 40
1.0
 40
1.0
 10
-3.09597
 20
2.76365
 30
0.0
 10
-3.06704
 20
2.78341
 30
0.0
 10
-3.04129
 20
2.80987
 30
0.0
 10
-3.00743
 20
2.82081
 30
0.0
 10
-3.00743
 20
2.82081
 30
0.0
 10
-2.98238
 20
2.80141
 30
0.0
 10
-2.95804
 20
2.78129
 30
0.0
 10
-2.93404
 20
2.76083
 30
0.0
 10
-2.93404
 20
2.76083
 30
0.0
 10
-2.96121
 20
2.73685
 30
0.0
 10
-2.98874
 20
2.71251
 30
0.0
 10
-3.0159
 20
2.68851
 30
0.0
 10
-3.0159
 20
2.68851
 30
0.0
 10
-3.0427
 20
2.71356
 30
0.0
 10
-3.06916
 20
2.73861
 30
0.0
 10
-3.09597
 20
2.76365
 30
0.0
  0
SPLINE
  5
EB
330
1F
100
AcDbEntity
  8
Camada 1
100
AcDbSpline
210
0.0
220
0.0
230
1.0
 70
    11
 71
     3
 72
    16
 73
    12
 74
     0
 42
0.0000000001
 43
0.0000000001
 12
1.0
 22
0.0
 32
0.0
 13
1.0
 23
0.0
 33
0.0
 40
0.0
 40
0.0
 40
0.0
 40
0.0
 40
0.25
 40
0.25
 40
0.25
 40
0.25
 40
0.5
 40
0.5
 40
0.5
 40
0.5
 40
1.0
 40
1.0
 40
1.0
 40
1.0
 10
-1.88453
 20
2.60879
 30
0.0
 10
-1.90287
 20
2.70087
 30
0.0
 10
-1.75436
 20
2.75237
 30
0.0
 10
-1.70568
 20
2.67794
 30
0.0
 10
-1.70568
 20
2.67794
 30
0.0
 10
-1.65135
 20
2.63172
 30
0.0
 10
-1.70039
 20
2.5668
 30
0.0
 10
-1.71696
 20
2.516
 30
0.0
 10
-1.71696
 20
2.516
 30
0.0
 10
-1.78469
 20
2.51001
 30
0.0
 10
-1.88595
 20
2.51777
 30
0.0
 10
-1.88453
 20
2.60879
 30
0.0
  0
SPLINE
  5
EC
330
1F
100
AcDbEntity
  8
Camada 1
100
AcDbSpline
210
0.0
220
0.0
230
1.0
 70
    11
 71
     3
 72
    12
 73
     8
 74
     0
 42
0.0000000001
 43
0.0000000001
 12
1.0
 22
0.0
 32
0.0
 13
1.0
 23
0.0
 33
0.0
 40
0.0
 40
0.0
 40
0.0
 40
0.0
 40
0.3333333333333333
 40
0.3333333333333333
 40
0.3333333333333333
 40
0.3333333333333333
 40
1.0
 40
1.0
 40
1.0
 40
1.0
 10
-1.1377
 20
2.69699
 30
0.0
 10
-1.02588
 20
2.77459
 30
0.0
 10
-0.89853
 20
2.60173
 30
0.0
 10
-1.01811
 20
2.52764
 30
0.0
 10
-1.01811
 20
2.52764
 30
0.0
 10
-1.12465
 20
2.45957
 30
0.0
 10
-1.24071
 20
2.61832
 30
0.0
 10
-1.1377
 20
2.69699
 30
0.0
  0
SPLINE
  5
ED
330
1F
100
AcDbEntity
  8
Camada 1
100
AcDbSpline
210
0.0
220
0.0
230
1.0
 70
    11
 71
     3
 72
    20
 73
    16
 74
     0
 42
0.0000000001
 43
0.0000000001
 12
1.0
 22
0.0
 32
0.0
 13
1.0
 23
0.0
 33
0.0
 40
0.0
 40
0.0
 40
0.0
 40
0.0
 40
0.2
 40
0.2
 40
0.2
 40
0.2
 40
0.4
 40
0.4
 40
0.4
 40
0.4
 40
0.6
 40
0.6
 40
0.6
 40
0.6
 40
1.0
 40
1.0
 40
1.0
 40
1.0
 10
-0.43074
 20
2.70651
 30
0.0
 10
-0.3623
 20
2.71885
 30
0.0
 10
-0.25858
 20
2.70862
 30
0.0
 10
-0.26387
 20
2.61584
 30
0.0
 10
-0.26387
 20
2.61584
 30
0.0
 10
-0.25717
 20
2.52341
 30
0.0
 10
-0.35701
 20
2.50506
 30
0.0
 10
-0.42721
 20
2.51812
 30
0.0
 10
-0.42721
 20
2.51812
 30
0.0
 10
-0.43921
 20
2.54141
 30
0.0
 10
-0.46319
 20
2.58797
 30
0.0
 10
-0.47483
 20
2.61126
 30
0.0
 10
-0.47483
 20
2.61126
 30
0.0
 10
-0.46389
 20
2.63489
 30
0.0
 10
-0.44167
 20
2.68252
 30
0.0
 10
-0.43074
 20
2.70651
 30
0.0
  0
SPLINE
  5
EE
330
1F
100
AcDbEntity
  8
Camada 1
100
AcDbSpline
210
0.0
220
0.0
230
1.0
 70
    11
 71
     3
 72
    16
 73
    12
 74
     0
 42
0.0000000001
 43
0.0000000001
 12
1.0
 22
0.0
 32
0.0
 13
1.0
 23
0.0
 33
0.0
 40
0.0
 40
0.0
 40
0.0
 40
0.0
 40
0.25
 40
0.25
 40
0.25
 40
0.25
 40
0.5
 40
0.5
 40
0.5
 40
0.5
 40
1.0
 40
1.0
 40
1.0
 40
1.0
 10
0.22153
 20
2.6102
 30
0.0
 10
0.25788
 20
2.66559
 30
0.0
 10
0.30762
 20
2.74601
 30
0.0
 10
0.38629
 20
2.70369
 30
0.0
 10
0.38629
 20
2.70369
 30
0.0
 10
0.47837
 20
2.67229
 30
0.0
 10
0.4385
 20
2.56433
 30
0.0
 10
0.39475
 20
2.50789
 30
0.0
 10
0.39475
 20
2.50789
 30
0.0
 10
0.31574
 20
2.5026
 30
0.0
 10
0.26
 20
2.54599
 30
0.0
 10
0.22153
 20
2.6102
 30
0.0
  0
SPLINE
  5
EF
330
1F
100
AcDbEntity
  8
Camada 1
100
AcDbSpline
210
0.0
220
0.0
230
1.0
 70
    11
 71
     3
 72
    16
 73
    12
 74
     0
 42
0.0000000001
 43
0.0000000001
 12
1.0
 22
0.0
 32
0.0
 13
1.0
 23
0.0
 33
0.0
 40
0.0
 40
0.0
 40
0.0
 40
0.0
 40
0.25
 40
0.25
 40
0.25
 40
0.25
 40
0.5
 40
0.5
 40
0.5
 40
0.5
 40
1.0
 40
1.0
 40
1.0
 40
1.0
 10
0.98354
 20
2.70403
 30
0.0
 10
1.0689
 20
2.73156
 30
0.0
 10
1.18497
 20
2.68605
 30
0.0
 10
1.14899
 20
2.5781
 30
0.0
 10
1.14899
 20
2.5781
 30
0.0
 10
1.10596
 20
2.47227
 30
0.0
 10
0.97048
 20
2.51283
 30
0.0
 10
0.93591
 20
2.60385
 30
0.0
 10
0.93591
 20
2.60385
 30
0.0
 10
0.95179
 20
2.63735
 30
0.0
 10
0.96767
 20
2.67053
 30
0.0
 10
0.98354
 20
2.70403
 30
0.0
  0
SPLINE
  5
F0
330
1F
100
AcDbEntity
  8
Camada 1
100
AcDbSpline
210
0.0
220
0.0
230
1.0
 70
    11
 71
     3
 72
    20
 73
    16
 74
     0
 42
0.0000000001
 43
0.0000000001
 12
1.0
 22
0.0
 32
0.0
 13
1.0
 23
0.0
 33
0.0
 40
0.0
 40
0.0
 40
0.0
 40
0.0
 40
0.2
 40
0.2
 40
0.2
 40
0.2
 40
0.4
 40
0.4
 40
0.4
 40
0.4
 40
0.6
 40
0.6
 40
0.6
 40
0.6
 40
1.0
 40
1.0
 40
1.0
 40
1.0
 10
1.68416
 20
2.70121
 30
0.0
 10
1.75965
 20
2.72097
 30
0.0
 10
1.86584
 20
2.71144
 30
0.0
 10
1.86407
 20
2.60984
 30
0.0
 10
1.86407
 20
2.60984
 30
0.0
 10
1.86019
 20
2.51459
 30
0.0
 10
1.76176
 20
2.50684
 30
0.0
 10
1.68945
 20
2.52201
 30
0.0
 10
1.68945
 20
2.52201
 30
0.0
 10
1.68134
 20
2.54353
 30
0.0
 10
1.66511
 20
2.58692
 30
0.0
 10
1.65734
 20
2.60843
 30
0.0
 10
1.65734
 20
2.60843
 30
0.0
 10
1.66404
 20
2.63172
 30
0.0
 10
1.67745
 20
2.67794
 30
0.0
 10
1.68416
 20
2.70121
 30
0.0
  0
SPLINE
  5
F1
330
1F
100
AcDbEntity
  8
Camada 1
100
AcDbSpline
210
0.0
220
0.0
230
1.0
 70
    11
 71
     3
 72
    20
 73
    16
 74
     0
 42
0.0000000001
 43
0.0000000001
 12
1.0
 22
0.0
 32
0.0
 13
1.0
 23
0.0
 33
0.0
 40
0.0
 40
0.0
 40
0.0
 40
0.0
 40
0.2
 40
0.2
 40
0.2
 40
0.2
 40
0.4
 40
0.4
 40
0.4
 40
0.4
 40
0.6
 40
0.6
 40
0.6
 40
0.6
 40
1.0
 40
1.0
 40
1.0
 40
1.0
 10
-6.20465
 20
2.67017
 30
0.0
 10
-6.17607
 20
2.64688
 30
0.0
 10
-6.14785
 20
2.6229
 30
0.0
 10
-6.11998
 20
2.59785
 30
0.0
 10
-6.11998
 20
2.59785
 30
0.0
 10
-6.1468
 20
2.5721
 30
0.0
 10
-6.17326
 20
2.54635
 30
0.0
 10
-6.20006
 20
2.5206
 30
0.0
 10
-6.20006
 20
2.5206
 30
0.0
 10
-6.2237
 20
2.54776
 30
0.0
 10
-6.24699
 20
2.57457
 30
0.0
 10
-6.27027
 20
2.60139
 30
0.0
 10
-6.27027
 20
2.60139
 30
0.0
 10
-6.25403
 20
2.61866
 30
0.0
 10
-6.22123
 20
2.65289
 30
0.0
 10
-6.20465
 20
2.67017
 30
0.0
  0
SPLINE
  5
F2
330
1F
100
AcDbEntity
  8
Camada 1
100
AcDbSpline
210
0.0
220
0.0
230
1.0
 70
    11
 71
     3
 72
    20
 73
    16
 74
     0
 42
0.0000000001
 43
0.0000000001
 12
1.0
 22
0.0
 32
0.0
 13
1.0
 23
0.0
 33
0.0
 40
0.0
 40
0.0
 40
0.0
 40
0.0
 40
0.2
 40
0.2
 40
0.2
 40
0.2
 40
0.4
 40
0.4
 40
0.4
 40
0.4
 40
0.6
 40
0.6
 40
0.6
 40
0.6
 40
1.0
 40
1.0
 40
1.0
 40
1.0
 10
-4.86092
 20
2.67088
 30
0.0
 10
-4.83376
 20
2.64688
 30
0.0
 10
-4.80694
 20
2.62254
 30
0.0
 10
-4.77979
 20
2.5982
 30
0.0
 10
-4.77979
 20
2.5982
 30
0.0
 10
-4.80659
 20
2.57245
 30
0.0
 10
-4.8334
 20
2.54635
 30
0.0
 10
-4.86021
 20
2.5206
 30
0.0
 10
-4.86021
 20
2.5206
 30
0.0
 10
-4.88421
 20
2.54847
 30
0.0
 10
-4.90819
 20
2.57632
 30
0.0
 10
-4.93218
 20
2.60385
 30
0.0
 10
-4.93218
 20
2.60385
 30
0.0
 10
-4.90819
 20
2.62643
 30
0.0
 10
-4.88456
 20
2.64865
 30
0.0
 10
-4.86092
 20
2.67088
 30
0.0
  0
SPLINE
  5
F3
330
1F
100
AcDbEntity
  8
Camada 1
100
AcDbSpline
210
0.0
220
0.0
230
1.0
 70
    11
 71
     3
 72
    20
 73
    16
 74
     0
 42
0.0000000001
 43
0.0000000001
 12
1.0
 22
0.0
 32
0.0
 13
1.0
 23
0.0
 33
0.0
 40
0.0
 40
0.0
 40
0.0
 40
0.0
 40
0.2
 40
0.2
 40
0.2
 40
0.2
 40
0.4
 40
0.4
 40
0.4
 40
0.4
 40
0.6
 40
0.6
 40
0.6
 40
0.6
 40
1.0
 40
1.0
 40
1.0
 40
1.0
 10
-4.19629
 20
2.67053
 30
0.0
 10
-4.16842
 20
2.64371
 30
0.0
 10
-4.14055
 20
2.61654
 30
0.0
 10
-4.11268
 20
2.58903
 30
0.0
 10
-4.11268
 20
2.58903
 30
0.0
 10
-4.1416
 20
2.56292
 30
0.0
 10
-4.17054
 20
2.53646
 30
0.0
 10
-4.19946
 20
2.51001
 30
0.0
 10
-4.19946
 20
2.51001
 30
0.0
 10
-4.21815
 20
2.53646
 30
0.0
 10
-4.23757
 20
2.56222
 30
0.0
 10
-4.25379
 20
2.58974
 30
0.0
 10
-4.25379
 20
2.58974
 30
0.0
 10
-4.23545
 20
2.61725
 30
0.0
 10
-4.2164
 20
2.64407
 30
0.0
 10
-4.19629
 20
2.67053
 30
0.0
  0
SPLINE
  5
F4
330
1F
100
AcDbEntity
  8
Camada 1
100
AcDbSpline
210
0.0
220
0.0
230
1.0
 70
    11
 71
     3
 72
    20
 73
    16
 74
     0
 42
0.0000000001
 43
0.0000000001
 12
1.0
 22
0.0
 32
0.0
 13
1.0
 23
0.0
 33
0.0
 40
0.0
 40
0.0
 40
0.0
 40
0.0
 40
0.2
 40
0.2
 40
0.2
 40
0.2
 40
0.4
 40
0.4
 40
0.4
 40
0.4
 40
0.6
 40
0.6
 40
0.6
 40
0.6
 40
1.0
 40
1.0
 40
1.0
 40
1.0
 10
-2.91994
 20
2.59961
 30
0.0
 10
-2.89382
 20
2.62183
 30
0.0
 10
-2.86737
 20
2.64407
 30
0.0
 10
-2.84091
 20
2.66629
 30
0.0
 10
-2.84091
 20
2.66629
 30
0.0
 10
-2.81798
 20
2.64054
 30
0.0
 10
-2.79471
 20
2.61479
 30
0.0
 10
-2.77142
 20
2.58903
 30
0.0
 10
-2.77142
 20
2.58903
 30
0.0
 10
-2.79822
 20
2.56504
 30
0.0
 10
-2.82468
 20
2.5407
 30
0.0
 10
-2.85114
 20
2.51636
 30
0.0
 10
-2.85114
 20
2.51636
 30
0.0
 10
-2.87408
 20
2.54423
 30
0.0
 10
-2.89701
 20
2.5721
 30
0.0
 10
-2.91994
 20
2.59961
 30
0.0
  0
SPLINE
  5
F5
330
1F
100
AcDbEntity
  8
Camada 1
100
AcDbSpline
210
0.0
220
0.0
230
1.0
 70
    11
 71
     3
 72
    16
 73
    12
 74
     0
 42
0.0000000001
 43
0.0000000001
 12
1.0
 22
0.0
 32
0.0
 13
1.0
 23
0.0
 33
0.0
 40
0.0
 40
0.0
 40
0.0
 40
0.0
 40
0.25
 40
0.25
 40
0.25
 40
0.25
 40
0.5
 40
0.5
 40
0.5
 40
0.5
 40
1.0
 40
1.0
 40
1.0
 40
1.0
 10
-6.37151
 20
2.50718
 30
0.0
 10
-6.34293
 20
2.48214
 30
0.0
 10
-6.31437
 20
2.45674
 30
0.0
 10
-6.2858
 20
2.43134
 30
0.0
 10
-6.2858
 20
2.43134
 30
0.0
 10
-6.31472
 20
2.40417
 30
0.0
 10
-6.34364
 20
2.37701
 30
0.0
 10
-6.37258
 20
2.34984
 30
0.0
 10
-6.37258
 20
2.34984
 30
0.0
 10
-6.37292
 20
2.40242
 30
0.0
 10
-6.37258
 20
2.45497
 30
0.0
 10
-6.37151
 20
2.50718
 30
0.0
  0
SPLINE
  5
F6
330
1F
100
AcDbEntity
  8
Camada 1
100
AcDbSpline
210
0.0
220
0.0
230
1.0
 70
    11
 71
     3
 72
    16
 73
    12
 74
     0
 42
0.0000000001
 43
0.0000000001
 12
1.0
 22
0.0
 32
0.0
 13
1.0
 23
0.0
 33
0.0
 40
0.0
 40
0.0
 40
0.0
 40
0.0
 40
0.25
 40
0.25
 40
0.25
 40
0.25
 40
0.5
 40
0.5
 40
0.5
 40
0.5
 40
1.0
 40
1.0
 40
1.0
 40
1.0
 10
-4.71204
 20
2.48496
 30
0.0
 10
-4.67924
 20
2.52589
 30
0.0
 10
-4.64431
 20
2.45251
 30
0.0
 10
-4.62138
 20
2.43346
 30
0.0
 10
-4.62138
 20
2.43346
 30
0.0
 10
-4.63832
 20
2.38407
 30
0.0
 10
-4.69159
 20
2.3428
 30
0.0
 10
-4.73392
 20
2.3936
 30
0.0
 10
-4.73392
 20
2.3936
 30
0.0
 10
-4.78119
 20
2.4137
 30
0.0
 10
-4.73709
 20
2.46732
 30
0.0
 10
-4.71204
 20
2.48496
 30
0.0
  0
SPLINE
  5
F7
330
1F
100
AcDbEntity
  8
Camada 1
100
AcDbSpline
210
0.0
220
0.0
230
1.0
 70
    11
 71
     3
 72
    20
 73
    16
 74
     0
 42
0.0000000001
 43
0.0000000001
 12
1.0
 22
0.0
 32
0.0
 13
1.0
 23
0.0
 33
0.0
 40
0.0
 40
0.0
 40
0.0
 40
0.0
 40
0.2
 40
0.2
 40
0.2
 40
0.2
 40
0.4
 40
0.4
 40
0.4
 40
0.4
 40
0.6
 40
0.6
 40
0.6
 40
0.6
 40
1.0
 40
1.0
 40
1.0
 40
1.0
 10
-4.35785
 20
2.4966
 30
0.0
 10
-4.3328
 20
2.47156
 30
0.0
 10
-4.30812
 20
2.44686
 30
0.0
 10
-4.28308
 20
2.42181
 30
0.0
 10
-4.28308
 20
2.42181
 30
0.0
 10
-4.30776
 20
2.39676
 30
0.0
 10
-4.3321
 20
2.37208
 30
0.0
 10
-4.3568
 20
2.34702
 30
0.0
 10
-4.3568
 20
2.34702
 30
0.0
 10
-4.38221
 20
2.37172
 30
0.0
 10
-4.40725
 20
2.39676
 30
0.0
 10
-4.43264
 20
2.42147
 30
0.0
 10
-4.43264
 20
2.42147
 30
0.0
 10
-4.4076
 20
2.44651
 30
0.0
 10
-4.38291
 20
2.47156
 30
0.0
 10
-4.35785
 20
2.4966
 30
0.0
  0
SPLINE
  5
F8
330
1F
100
AcDbEntity
  8
Camada 1
100
AcDbSpline
210
0.0
220
0.0
230
1.0
 70
    11
 71
     3
 72
    16
 73
    12
 74
     0
 42
0.0000000001
 43
0.0000000001
 12
1.0
 22
0.0
 32
0.0
 13
1.0
 23
0.0
 33
0.0
 40
0.0
 40
0.0
 40
0.0
 40
0.0
 40
0.25
 40
0.25
 40
0.25
 40
0.25
 40
0.5
 40
0.5
 40
0.5
 40
0.5
 40
1.0
 40
1.0
 40
1.0
 40
1.0
 10
-2.75766
 20
2.40488
 30
0.0
 10
-2.73227
 20
2.4391
 30
0.0
 10
-2.70651
 20
2.47297
 30
0.0
 10
-2.6804
 20
2.50684
 30
0.0
 10
-2.6804
 20
2.50684
 30
0.0
 10
-2.65182
 20
2.47261
 30
0.0
 10
-2.62395
 20
2.43769
 30
0.0
 10
-2.59644
 20
2.40205
 30
0.0
 10
-2.59644
 20
2.40205
 30
0.0
 10
-2.65041
 20
2.36748
 30
0.0
 10
-2.70615
 20
2.36643
 30
0.0
 10
-2.75766
 20
2.40488
 30
0.0
  0
SPLINE
  5
F9
330
1F
100
AcDbEntity
  8
Camada 1
100
AcDbSpline
210
0.0
220
0.0
230
1.0
 70
    11
 71
     3
 72
    16
 73
    12
 74
     0
 42
0.0000000001
 43
0.0000000001
 12
1.0
 22
0.0
 32
0.0
 13
1.0
 23
0.0
 33
0.0
 40
0.0
 40
0.0
 40
0.0
 40
0.0
 40
0.25
 40
0.25
 40
0.25
 40
0.25
 40
0.5
 40
0.5
 40
0.5
 40
0.5
 40
1.0
 40
1.0
 40
1.0
 40
1.0
 10
-4.60762
 20
2.26201
 30
0.0
 10
-4.56494
 20
2.28706
 30
0.0
 10
-4.5166
 20
2.36326
 30
0.0
 10
-4.47604
 20
2.29481
 30
0.0
 10
-4.47604
 20
2.29481
 30
0.0
 10
-4.42382
 20
2.25602
 30
0.0
 10
-4.50074
 20
2.21014
 30
0.0
 10
-4.52296
 20
2.1784
 30
0.0
 10
-4.52296
 20
2.1784
 30
0.0
 10
-4.55117
 20
2.20627
 30
0.0
 10
-4.57941
 20
2.23414
 30
0.0
 10
-4.60762
 20
2.26201
 30
0.0
  0
SPLINE
  5
FA
330
1F
100
AcDbEntity
  8
Camada 1
100
AcDbSpline
210
0.0
220
0.0
230
1.0
 70
    11
 71
     3
 72
    16
 73
    12
 74
     0
 42
0.0000000001
 43
0.0000000001
 12
1.0
 22
0.0
 32
0.0
 13
1.0
 23
0.0
 33
0.0
 40
0.0
 40
0.0
 40
0.0
 40
0.0
 40
0.25
 40
0.25
 40
0.25
 40
0.25
 40
0.5
 40
0.5
 40
0.5
 40
0.5
 40
1.0
 40
1.0
 40
1.0
 40
1.0
 10
-2.59891
 20
2.25848
 30
0.0
 10
-2.55658
 20
2.2807
 30
0.0
 10
-2.50859
 20
2.36149
 30
0.0
 10
-2.4645
 20
2.29763
 30
0.0
 10
-2.4645
 20
2.29763
 30
0.0
 10
-2.4137
 20
2.2673
 30
0.0
 10
-2.46698
 20
2.20909
 30
0.0
 10
-2.50296
 20
2.19216
 30
0.0
 10
-2.50296
 20
2.19216
 30
0.0
 10
-2.53646
 20
2.21262
 30
0.0
 10
-2.56821
 20
2.23485
 30
0.0
 10
-2.59891
 20
2.25848
 30
0.0
  0
SPLINE
  5
FB
330
1F
100
AcDbEntity
  8
Camada 1
100
AcDbSpline
210
0.0
220
0.0
230
1.0
 70
    11
 71
     3
 72
    20
 73
    16
 74
     0
 42
0.0000000001
 43
0.0000000001
 12
1.0
 22
0.0
 32
0.0
 13
1.0
 23
0.0
 33
0.0
 40
0.0
 40
0.0
 40
0.0
 40
0.0
 40
0.2
 40
0.2
 40
0.2
 40
0.2
 40
0.4
 40
0.4
 40
0.4
 40
0.4
 40
0.6
 40
0.6
 40
0.6
 40
0.6
 40
1.0
 40
1.0
 40
1.0
 40
1.0
 10
2.99225
 20
2.26342
 30
0.0
 10
3.24379
 20
2.26165
 30
0.0
 10
3.49566
 20
2.26272
 30
0.0
 10
3.74721
 20
2.26272
 30
0.0
 10
3.74721
 20
2.26272
 30
0.0
 10
3.74473
 20
2.01117
 30
0.0
 10
3.7465
 20
1.75965
 30
0.0
 10
3.74614
 20
1.50777
 30
0.0
 10
3.74614
 20
1.50777
 30
0.0
 10
3.49532
 20
1.50671
 30
0.0
 10
3.24414
 20
1.50847
 30
0.0
 10
2.99295
 20
1.50707
 30
0.0
 10
2.99295
 20
1.50707
 30
0.0
 10
2.99295
 20
1.75894
 30
0.0
 10
2.99473
 20
2.01117
 30
0.0
 10
2.99225
 20
2.26342
 30
0.0
  0
SPLINE
  5
FC
330
1F
100
AcDbEntity
  8
Camada 1
100
AcDbSpline
210
0.0
220
0.0
230
1.0
 70
    11
 71
     3
 72
    20
 73
    16
 74
     0
 42
0.0000000001
 43
0.0000000001
 12
1.0
 22
0.0
 32
0.0
 13
1.0
 23
0.0
 33
0.0
 40
0.0
 40
0.0
 40
0.0
 40
0.0
 40
0.2
 40
0.2
 40
0.2
 40
0.2
 40
0.4
 40
0.4
 40
0.4
 40
0.4
 40
0.6
 40
0.6
 40
0.6
 40
0.6
 40
1.0
 40
1.0
 40
1.0
 40
1.0
 10
6.00674
 20
2.26342
 30
0.0
 10
6.11928
 20
2.26236
 30
0.0
 10
6.23181
 20
2.26272
 30
0.0
 10
6.34434
 20
2.26342
 30
0.0
 10
6.34434
 20
2.26342
 30
0.0
 10
6.34646
 20
2.01117
 30
0.0
 10
6.34541
 20
1.75894
 30
0.0
 10
6.34576
 20
1.50671
 30
0.0
 10
6.34576
 20
1.50671
 30
0.0
 10
6.23181
 20
1.50777
 30
0.0
 10
6.11823
 20
1.50847
 30
0.0
 10
6.00499
 20
1.50566
 30
0.0
 10
6.00499
 20
1.50566
 30
0.0
 10
6.00674
 20
1.75823
 30
0.0
 10
6.00357
 20
2.01083
 30
0.0
 10
6.00674
 20
2.26342
 30
0.0
  0
SPLINE
  5
FD
330
1F
100
AcDbEntity
  8
Camada 1
100
AcDbSpline
210
0.0
220
0.0
230
1.0
 70
    11
 71
     3
 72
    20
 73
    16
 74
     0
 42
0.0000000001
 43
0.0000000001
 12
1.0
 22
0.0
 32
0.0
 13
1.0
 23
0.0
 33
0.0
 40
0.0
 40
0.0
 40
0.0
 40
0.0
 40
0.2
 40
0.2
 40
0.2
 40
0.2
 40
0.4
 40
0.4
 40
0.4
 40
0.4
 40
0.6
 40
0.6
 40
0.6
 40
0.6
 40
1.0
 40
1.0
 40
1.0
 40
1.0
 10
-4.43052
 20
2.09091
 30
0.0
 10
-4.40513
 20
2.11771
 30
0.0
 10
-4.37938
 20
2.14417
 30
0.0
 10
-4.35327
 20
2.17063
 30
0.0
 10
-4.35327
 20
2.17063
 30
0.0
 10
-4.32893
 20
2.14417
 30
0.0
 10
-4.30459
 20
2.11737
 30
0.0
 10
-4.27989
 20
2.0902
 30
0.0
 10
-4.27989
 20
2.0902
 30
0.0
 10
-4.30318
 20
2.06691
 30
0.0
 10
-4.32611
 20
2.04364
 30
0.0
 10
-4.34939
 20
2.01999
 30
0.0
 10
-4.34939
 20
2.01999
 30
0.0
 10
-4.37656
 20
2.04399
 30
0.0
 10
-4.40372
 20
2.06762
 30
0.0
 10
-4.43052
 20
2.09091
 30
0.0
  0
SPLINE
  5
FE
330
1F
100
AcDbEntity
  8
Camada 1
100
AcDbSpline
210
0.0
220
0.0
230
1.0
 70
    11
 71
     3
 72
    20
 73
    16
 74
     0
 42
0.0000000001
 43
0.0000000001
 12
1.0
 22
0.0
 32
0.0
 13
1.0
 23
0.0
 33
0.0
 40
0.0
 40
0.0
 40
0.0
 40
0.0
 40
0.2
 40
0.2
 40
0.2
 40
0.2
 40
0.4
 40
0.4
 40
0.4
 40
0.4
 40
0.6
 40
0.6
 40
0.6
 40
0.6
 40
1.0
 40
1.0
 40
1.0
 40
1.0
 10
-2.7492
 20
2.09937
 30
0.0
 10
-2.72379
 20
2.12514
 30
0.0
 10
-2.6984
 20
2.15089
 30
0.0
 10
-2.67299
 20
2.17628
 30
0.0
 10
-2.67299
 20
2.17628
 30
0.0
 10
-2.65253
 20
2.14806
 30
0.0
 10
-2.63102
 20
2.12054
 30
0.0
 10
-2.61301
 20
2.0902
 30
0.0
 10
-2.61301
 20
2.0902
 30
0.0
 10
-2.63348
 20
2.0634
 30
0.0
 10
-2.65499
 20
2.03799
 30
0.0
 10
-2.67757
 20
2.01295
 30
0.0
 10
-2.67757
 20
2.01295
 30
0.0
 10
-2.70157
 20
2.04187
 30
0.0
 10
-2.72555
 20
2.07044
 30
0.0
 10
-2.7492
 20
2.09937
 30
0.0
  0
SPLINE
  5
FF
330
1F
100
AcDbEntity
  8
Camada 1
100
AcDbSpline
210
0.0
220
0.0
230
1.0
 70
    11
 71
     3
 72
    16
 73
    12
 74
     0
 42
0.0000000001
 43
0.0000000001
 12
1.0
 22
0.0
 32
0.0
 13
1.0
 23
0.0
 33
0.0
 40
0.0
 40
0.0
 40
0.0
 40
0.0
 40
0.25
 40
0.25
 40
0.25
 40
0.25
 40
0.5
 40
0.5
 40
0.5
 40
0.5
 40
1.0
 40
1.0
 40
1.0
 40
1.0
 10
-6.37292
 20
2.16252
 30
0.0
 10
-6.34646
 20
2.13713
 30
0.0
 10
-6.31966
 20
2.11172
 30
0.0
 10
-6.29355
 20
2.08597
 30
0.0
 10
-6.29355
 20
2.08597
 30
0.0
 10
-6.32001
 20
2.06162
 30
0.0
 10
-6.34683
 20
2.03729
 30
0.0
 10
-6.37329
 20
2.01259
 30
0.0
 10
-6.37329
 20
2.01259
 30
0.0
 10
-6.37329
 20
2.06269
 30
0.0
 10
-6.37329
 20
2.11242
 30
0.0
 10
-6.37292
 20
2.16252
 30
0.0
  0
SPLINE
  5
100
330
1F
100
AcDbEntity
  8
Camada 1
100
AcDbSpline
210
0.0
220
0.0
230
1.0
 70
    11
 71
     3
 72
    12
 73
     8
 74
     0
 42
0.0000000001
 43
0.0000000001
 12
1.0
 22
0.0
 32
0.0
 13
1.0
 23
0.0
 33
0.0
 40
0.0
 40
0.0
 40
0.0
 40
0.0
 40
0.3333333333333333
 40
0.3333333333333333
 40
0.3333333333333333
 40
0.3333333333333333
 40
1.0
 40
1.0
 40
1.0
 40
1.0
 10
-4.77378
 20
2.1075
 30
0.0
 10
-4.72792
 20
2.16393
 30
0.0
 10
-4.59846
 20
2.1477
 30
0.0
 10
-4.64114
 20
2.06021
 30
0.0
 10
-4.64114
 20
2.06021
 30
0.0
 10
-4.68417
 20
1.97801
 30
0.0
 10
-4.74768
 20
2.05987
 30
0.0
 10
-4.77378
 20
2.1075
 30
0.0
  0
SPLINE
  5
101
330
1F
100
AcDbEntity
  8
Camada 1
100
AcDbSpline
210
0.0
220
0.0
230
1.0
 70
    11
 71
     3
 72
    20
 73
    16
 74
     0
 42
0.0000000001
 43
0.0000000001
 12
1.0
 22
0.0
 32
0.0
 13
1.0
 23
0.0
 33
0.0
 40
0.0
 40
0.0
 40
0.0
 40
0.0
 40
0.2
 40
0.2
 40
0.2
 40
0.2
 40
0.4
 40
0.4
 40
0.4
 40
0.4
 40
0.6
 40
0.6
 40
0.6
 40
0.6
 40
1.0
 40
1.0
 40
1.0
 40
1.0
 10
-6.27627
 20
1.92263
 30
0.0
 10
-6.25333
 20
1.94627
 30
0.0
 10
-6.2304
 20
1.96956
 30
0.0
 10
-6.20747
 20
1.99319
 30
0.0
 10
-6.20747
 20
1.99319
 30
0.0
 10
-6.18243
 20
1.97202
 30
0.0
 10
-6.15738
 20
1.95085
 30
0.0
 10
-6.13233
 20
1.9297
 30
0.0
 10
-6.13233
 20
1.9297
 30
0.0
 10
-6.15667
 20
1.89864
 30
0.0
 10
-6.18137
 20
1.8676
 30
0.0
 10
-6.20642
 20
1.83656
 30
0.0
 10
-6.20642
 20
1.83656
 30
0.0
 10
-6.23005
 20
1.86513
 30
0.0
 10
-6.25369
 20
1.89371
 30
0.0
 10
-6.27627
 20
1.92263
 30
0.0
  0
SPLINE
  5
102
330
1F
100
AcDbEntity
  8
Camada 1
100
AcDbSpline
210
0.0
220
0.0
230
1.0
 70
    11
 71
     3
 72
    20
 73
    16
 74
     0
 42
0.0000000001
 43
0.0000000001
 12
1.0
 22
0.0
 32
0.0
 13
1.0
 23
0.0
 33
0.0
 40
0.0
 40
0.0
 40
0.0
 40
0.0
 40
0.2
 40
0.2
 40
0.2
 40
0.2
 40
0.4
 40
0.4
 40
0.4
 40
0.4
 40
0.6
 40
0.6
 40
0.6
 40
0.6
 40
1.0
 40
1.0
 40
1.0
 40
1.0
 10
-4.93148
 20
1.92051
 30
0.0
 10
-4.90926
 20
1.94522
 30
0.0
 10
-4.88702
 20
1.9699
 30
0.0
 10
-4.8648
 20
1.99424
 30
0.0
 10
-4.8648
 20
1.99424
 30
0.0
 10
-4.8387
 20
1.97309
 30
0.0
 10
-4.81259
 20
1.95192
 30
0.0
 10
-4.78613
 20
1.93075
 30
0.0
 10
-4.78613
 20
1.93075
 30
0.0
 10
-4.81117
 20
1.90005
 30
0.0
 10
-4.83693
 20
1.86972
 30
0.0
 10
-4.86304
 20
1.84009
 30
0.0
 10
-4.86304
 20
1.84009
 30
0.0
 10
-4.88597
 20
1.86689
 30
0.0
 10
-4.90889
 20
1.89335
 30
0.0
 10
-4.93148
 20
1.92051
 30
0.0
  0
SPLINE
  5
103
330
1F
100
AcDbEntity
  8
Camada 1
100
AcDbSpline
210
0.0
220
0.0
230
1.0
 70
    11
 71
     3
 72
    20
 73
    16
 74
     0
 42
0.0000000001
 43
0.0000000001
 12
1.0
 22
0.0
 32
0.0
 13
1.0
 23
0.0
 33
0.0
 40
0.0
 40
0.0
 40
0.0
 40
0.0
 40
0.2
 40
0.2
 40
0.2
 40
0.2
 40
0.4
 40
0.4
 40
0.4
 40
0.4
 40
0.6
 40
0.6
 40
0.6
 40
0.6
 40
1.0
 40
1.0
 40
1.0
 40
1.0
 10
-4.18923
 20
2.00166
 30
0.0
 10
-4.16312
 20
1.97626
 30
0.0
 10
-4.13666
 20
1.95085
 30
0.0
 10
-4.1102
 20
1.92546
 30
0.0
 10
-4.1102
 20
1.92546
 30
0.0
 10
-4.13737
 20
1.90005
 30
0.0
 10
-4.16489
 20
1.87501
 30
0.0
 10
-4.19206
 20
1.84962
 30
0.0
 10
-4.19206
 20
1.84962
 30
0.0
 10
-4.21464
 20
1.87819
 30
0.0
 10
-4.23721
 20
1.90641
 30
0.0
 10
-4.26013
 20
1.93428
 30
0.0
 10
-4.26013
 20
1.93428
 30
0.0
 10
-4.2365
 20
1.95686
 30
0.0
 10
-4.21286
 20
1.97908
 30
0.0
 10
-4.18923
 20
2.00166
 30
0.0
  0
SPLINE
  5
104
330
1F
100
AcDbEntity
  8
Camada 1
100
AcDbSpline
210
0.0
220
0.0
230
1.0
 70
    11
 71
     3
 72
    20
 73
    16
 74
     0
 42
0.0000000001
 43
0.0000000001
 12
1.0
 22
0.0
 32
0.0
 13
1.0
 23
0.0
 33
0.0
 40
0.0
 40
0.0
 40
0.0
 40
0.0
 40
0.2
 40
0.2
 40
0.2
 40
0.2
 40
0.4
 40
0.4
 40
0.4
 40
0.4
 40
0.6
 40
0.6
 40
0.6
 40
0.6
 40
1.0
 40
1.0
 40
1.0
 40
1.0
 10
-2.91923
 20
1.93533
 30
0.0
 10
-2.89382
 20
1.95721
 30
0.0
 10
-2.86843
 20
1.97872
 30
0.0
 10
-2.84302
 20
2.00025
 30
0.0
 10
-2.84302
 20
2.00025
 30
0.0
 10
-2.81834
 20
1.9759
 30
0.0
 10
-2.79364
 20
1.95155
 30
0.0
 10
-2.76895
 20
1.92687
 30
0.0
 10
-2.76895
 20
1.92687
 30
0.0
 10
-2.79505
 20
1.90112
 30
0.0
 10
-2.82151
 20
1.87537
 30
0.0
 10
-2.84762
 20
1.84962
 30
0.0
 10
-2.84762
 20
1.84962
 30
0.0
 10
-2.8716
 20
1.87819
 30
0.0
 10
-2.89524
 20
1.90675
 30
0.0
 10
-2.91923
 20
1.93533
 30
0.0
  0
SPLINE
  5
105
330
1F
100
AcDbEntity
  8
Camada 1
100
AcDbSpline
210
0.0
220
0.0
230
1.0
 70
    11
 71
     3
 72
    16
 73
    12
 74
     0
 42
0.0000000001
 43
0.0000000001
 12
1.0
 22
0.0
 32
0.0
 13
1.0
 23
0.0
 33
0.0
 40
0.0
 40
0.0
 40
0.0
 40
0.0
 40
0.25
 40
0.25
 40
0.25
 40
0.25
 40
0.5
 40
0.5
 40
0.5
 40
0.5
 40
1.0
 40
1.0
 40
1.0
 40
1.0
 10
-1.88382
 20
1.9258
 30
0.0
 10
-1.87254
 20
2.00589
 30
0.0
 10
-1.78328
 20
2.00483
 30
0.0
 10
-1.72154
 20
2.00483
 30
0.0
 10
-1.72154
 20
2.00483
 30
0.0
 10
-1.70215
 20
1.95509
 30
0.0
 10
-1.65311
 20
1.89512
 30
0.0
 10
-1.70285
 20
1.84643
 30
0.0
 10
-1.70285
 20
1.84643
 30
0.0
 10
-1.75612
 20
1.75541
 30
0.0
 10
-1.9124
 20
1.82386
 30
0.0
 10
-1.88382
 20
1.9258
 30
0.0
  0
SPLINE
  5
106
330
1F
100
AcDbEntity
  8
Camada 1
100
AcDbSpline
210
0.0
220
0.0
230
1.0
 70
    11
 71
     3
 72
    16
 73
    12
 74
     0
 42
0.0000000001
 43
0.0000000001
 12
1.0
 22
0.0
 32
0.0
 13
1.0
 23
0.0
 33
0.0
 40
0.0
 40
0.0
 40
0.0
 40
0.0
 40
0.25
 40
0.25
 40
0.25
 40
0.25
 40
0.5
 40
0.5
 40
0.5
 40
0.5
 40
1.0
 40
1.0
 40
1.0
 40
1.0
 10
-1.15393
 20
1.96568
 30
0.0
 10
-1.10842
 20
2.04045
 30
0.0
 10
-1.01599
 20
1.99143
 30
0.0
 10
-0.96378
 20
1.95155
 30
0.0
 10
-0.96378
 20
1.95155
 30
0.0
 10
-0.97508
 20
1.89688
 30
0.0
 10
-0.9846
 20
1.81115
 30
0.0
 10
-1.05621
 20
1.80728
 30
0.0
 10
-1.05621
 20
1.80728
 30
0.0
 10
-1.14158
 20
1.78118
 30
0.0
 10
-1.21813
 20
1.90183
 30
0.0
 10
-1.15393
 20
1.96568
 30
0.0
  0
SPLINE
  5
107
330
1F
100
AcDbEntity
  8
Camada 1
100
AcDbSpline
210
0.0
220
0.0
230
1.0
 70
    11
 71
     3
 72
    16
 73
    12
 74
     0
 42
0.0000000001
 43
0.0000000001
 12
1.0
 22
0.0
 32
0.0
 13
1.0
 23
0.0
 33
0.0
 40
0.0
 40
0.0
 40
0.0
 40
0.0
 40
0.25
 40
0.25
 40
0.25
 40
0.25
 40
0.5
 40
0.5
 40
0.5
 40
0.5
 40
1.0
 40
1.0
 40
1.0
 40
1.0
 10
-0.41027
 20
1.99565
 30
0.0
 10
-0.33796
 20
2.03588
 30
0.0
 10
-0.24341
 20
1.96391
 30
0.0
 10
-0.26528
 20
1.88348
 30
0.0
 10
-0.26528
 20
1.88348
 30
0.0
 10
-0.27869
 20
1.78788
 30
0.0
 10
-0.43497
 20
1.77517
 30
0.0
 10
-0.45966
 20
1.87006
 30
0.0
 10
-0.45966
 20
1.87006
 30
0.0
 10
-0.4893
 20
1.91311
 30
0.0
 10
-0.45084
 20
1.9766
 30
0.0
 10
-0.41027
 20
1.99565
 30
0.0
  0
SPLINE
  5
108
330
1F
100
AcDbEntity
  8
Camada 1
100
AcDbSpline
210
0.0
220
0.0
230
1.0
 70
    11
 71
     3
 72
    16
 73
    12
 74
     0
 42
0.0000000001
 43
0.0000000001
 12
1.0
 22
0.0
 32
0.0
 13
1.0
 23
0.0
 33
0.0
 40
0.0
 40
0.0
 40
0.0
 40
0.0
 40
0.25
 40
0.25
 40
0.25
 40
0.25
 40
0.5
 40
0.5
 40
0.5
 40
0.5
 40
1.0
 40
1.0
 40
1.0
 40
1.0
 10
0.22119
 20
1.90641
 30
0.0
 10
0.25858
 20
1.94556
 30
0.0
 10
0.28716
 20
2.02177
 30
0.0
 10
0.35418
 20
2.00377
 30
0.0
 10
0.35418
 20
2.00377
 30
0.0
 10
0.47096
 20
2.00554
 30
0.0
 10
0.47342
 20
1.80833
 30
0.0
 10
0.35701
 20
1.80693
 30
0.0
 10
0.35701
 20
1.80693
 30
0.0
 10
0.28716
 20
1.78681
 30
0.0
 10
0.25858
 20
1.86548
 30
0.0
 10
0.22119
 20
1.90641
 30
0.0
  0
SPLINE
  5
109
330
1F
100
AcDbEntity
  8
Camada 1
100
AcDbSpline
210
0.0
220
0.0
230
1.0
 70
    11
 71
     3
 72
    16
 73
    12
 74
     0
 42
0.0000000001
 43
0.0000000001
 12
1.0
 22
0.0
 32
0.0
 13
1.0
 23
0.0
 33
0.0
 40
0.0
 40
0.0
 40
0.0
 40
0.0
 40
0.25
 40
0.25
 40
0.25
 40
0.25
 40
0.5
 40
0.5
 40
0.5
 40
0.5
 40
1.0
 40
1.0
 40
1.0
 40
1.0
 10
0.92957
 20
1.905
 30
0.0
 10
0.96626
 20
1.95721
 30
0.0
 10
1.01318
 20
2.03553
 30
0.0
 10
1.08973
 20
1.99884
 30
0.0
 10
1.08973
 20
1.99884
 30
0.0
 10
1.17474
 20
1.9759
 30
0.0
 10
1.17439
 20
1.83515
 30
0.0
 10
1.08937
 20
1.81186
 30
0.0
 10
1.08937
 20
1.81186
 30
0.0
 10
1.01318
 20
1.77587
 30
0.0
 10
0.96626
 20
1.85313
 30
0.0
 10
0.92957
 20
1.905
 30
0.0
  0
SPLINE
  5
10A
330
1F
100
AcDbEntity
  8
Camada 1
100
AcDbSpline
210
0.0
220
0.0
230
1.0
 70
    11
 71
     3
 72
    12
 73
     8
 74
     0
 42
0.0000000001
 43
0.0000000001
 12
1.0
 22
0.0
 32
0.0
 13
1.0
 23
0.0
 33
0.0
 40
0.0
 40
0.0
 40
0.0
 40
0.0
 40
0.3333333333333333
 40
0.3333333333333333
 40
0.3333333333333333
 40
0.3333333333333333
 40
1.0
 40
1.0
 40
1.0
 40
1.0
 10
1.70673
 20
1.99178
 30
0.0
 10
1.8302
 20
2.07468
 30
0.0
 10
1.93111
 20
1.85278
 30
0.0
 10
1.7974
 20
1.81292
 30
0.0
 10
1.7974
 20
1.81292
 30
0.0
 10
1.6838
 20
1.75294
 30
0.0
 10
1.60513
 20
1.93957
 30
0.0
 10
1.70673
 20
1.99178
 30
0.0
  0
SPLINE
  5
10B
330
1F
100
AcDbEntity
  8
Camada 1
100
AcDbSpline
210
0.0
220
0.0
230
1.0
 70
    11
 71
     3
 72
    20
 73
    16
 74
     0
 42
0.0000000001
 43
0.0000000001
 12
1.0
 22
0.0
 32
0.0
 13
1.0
 23
0.0
 33
0.0
 40
0.0
 40
0.0
 40
0.0
 40
0.0
 40
0.2
 40
0.2
 40
0.2
 40
0.2
 40
0.4
 40
0.4
 40
0.4
 40
0.4
 40
0.6
 40
0.6
 40
0.6
 40
0.6
 40
1.0
 40
1.0
 40
1.0
 40
1.0
 10
-6.11187
 20
1.75506
 30
0.0
 10
-6.08541
 20
1.77977
 30
0.0
 10
-6.05895
 20
1.8041
 30
0.0
 10
-6.0325
 20
1.82845
 30
0.0
 10
-6.0325
 20
1.82845
 30
0.0
 10
-6.00991
 20
1.80269
 30
0.0
 10
-5.98769
 20
1.77658
 30
0.0
 10
-5.96688
 20
1.74941
 30
0.0
 10
-5.96688
 20
1.74941
 30
0.0
 10
-5.98981
 20
1.72402
 30
0.0
 10
-6.01274
 20
1.69827
 30
0.0
 10
-6.03566
 20
1.67216
 30
0.0
 10
-6.03566
 20
1.67216
 30
0.0
 10
-6.06178
 20
1.69932
 30
0.0
 10
-6.08717
 20
1.72685
 30
0.0
 10
-6.11187
 20
1.75506
 30
0.0
  0
SPLINE
  5
10C
330
1F
100
AcDbEntity
  8
Camada 1
100
AcDbSpline
210
0.0
220
0.0
230
1.0
 70
    11
 71
     3
 72
    20
 73
    16
 74
     0
 42
0.0000000001
 43
0.0000000001
 12
1.0
 22
0.0
 32
0.0
 13
1.0
 23
0.0
 33
0.0
 40
0.0
 40
0.0
 40
0.0
 40
0.0
 40
0.2
 40
0.2
 40
0.2
 40
0.2
 40
0.4
 40
0.4
 40
0.4
 40
0.4
 40
0.6
 40
0.6
 40
0.6
 40
0.6
 40
1.0
 40
1.0
 40
1.0
 40
1.0
 10
-5.03449
 20
1.82491
 30
0.0
 10
-5.00732
 20
1.80304
 30
0.0
 10
-4.98016
 20
1.78118
 30
0.0
 10
-4.95265
 20
1.75894
 30
0.0
 10
-4.95265
 20
1.75894
 30
0.0
 10
-4.97592
 20
1.73177
 30
0.0
 10
-4.99886
 20
1.70427
 30
0.0
 10
-5.02179
 20
1.67674
 30
0.0
 10
-5.02179
 20
1.67674
 30
0.0
 10
-5.04859
 20
1.69969
 30
0.0
 10
-5.07541
 20
1.72295
 30
0.0
 10
-5.10187
 20
1.7459
 30
0.0
 10
-5.10187
 20
1.7459
 30
0.0
 10
-5.07965
 20
1.77236
 30
0.0
 10
-5.05707
 20
1.79882
 30
0.0
 10
-5.03449
 20
1.82491
 30
0.0
  0
SPLINE
  5
10D
330
1F
100
AcDbEntity
  8
Camada 1
100
AcDbSpline
210
0.0
220
0.0
230
1.0
 70
    11
 71
     3
 72
    16
 73
    12
 74
     0
 42
0.0000000001
 43
0.0000000001
 12
1.0
 22
0.0
 32
0.0
 13
1.0
 23
0.0
 33
0.0
 40
0.0
 40
0.0
 40
0.0
 40
0.0
 40
0.25
 40
0.25
 40
0.25
 40
0.25
 40
0.5
 40
0.5
 40
0.5
 40
0.5
 40
1.0
 40
1.0
 40
1.0
 40
1.0
 10
-4.09645
 20
1.766
 30
0.0
 10
-4.04847
 20
1.83056
 30
0.0
 10
-3.99204
 20
1.82845
 30
0.0
 10
-3.94088
 20
1.76812
 30
0.0
 10
-3.94088
 20
1.76812
 30
0.0
 10
-3.96733
 20
1.73955
 30
0.0
 10
-3.99379
 20
1.71097
 30
0.0
 10
-4.02025
 20
1.68239
 30
0.0
 10
-4.02025
 20
1.68239
 30
0.0
 10
-4.04566
 20
1.71026
 30
0.0
 10
-4.07105
 20
1.73848
 30
0.0
 10
-4.09645
 20
1.766
 30
0.0
  0
SPLINE
  5
10E
330
1F
100
AcDbEntity
  8
Camada 1
100
AcDbSpline
210
0.0
220
0.0
230
1.0
 70
    11
 71
     3
 72
    20
 73
    16
 74
     0
 42
0.0000000001
 43
0.0000000001
 12
1.0
 22
0.0
 32
0.0
 13
1.0
 23
0.0
 33
0.0
 40
0.0
 40
0.0
 40
0.0
 40
0.0
 40
0.2
 40
0.2
 40
0.2
 40
0.2
 40
0.4
 40
0.4
 40
0.4
 40
0.4
 40
0.6
 40
0.6
 40
0.6
 40
0.6
 40
1.0
 40
1.0
 40
1.0
 40
1.0
 10
-3.01625
 20
1.83091
 30
0.0
 10
-2.98874
 20
1.80903
 30
0.0
 10
-2.96157
 20
1.78681
 30
0.0
 10
-2.93441
 20
1.76388
 30
0.0
 10
-2.93441
 20
1.76388
 30
0.0
 10
-2.95839
 20
1.73813
 30
0.0
 10
-2.98238
 20
1.71238
 30
0.0
 10
-3.00567
 20
1.68627
 30
0.0
 10
-3.00567
 20
1.68627
 30
0.0
 10
-3.03459
 20
1.71026
 30
0.0
 10
-3.06246
 20
1.73496
 30
0.0
 10
-3.09033
 20
1.75965
 30
0.0
 10
-3.09033
 20
1.75965
 30
0.0
 10
-3.06563
 20
1.78328
 30
0.0
 10
-3.04095
 20
1.80728
 30
0.0
 10
-3.01625
 20
1.83091
 30
0.0
  0
SPLINE
  5
10F
330
1F
100
AcDbEntity
  8
Camada 1
100
AcDbSpline
210
0.0
220
0.0
230
1.0
 70
    11
 71
     3
 72
    20
 73
    16
 74
     0
 42
0.0000000001
 43
0.0000000001
 12
1.0
 22
0.0
 32
0.0
 13
1.0
 23
0.0
 33
0.0
 40
0.0
 40
0.0
 40
0.0
 40
0.0
 40
0.2
 40
0.2
 40
0.2
 40
0.2
 40
0.4
 40
0.4
 40
0.4
 40
0.4
 40
0.6
 40
0.6
 40
0.6
 40
0.6
 40
1.0
 40
1.0
 40
1.0
 40
1.0
 10
-5.87375
 20
1.65522
 30
0.0
 10
-5.84446
 20
1.6323
 30
0.0
 10
-5.81589
 20
1.60867
 30
0.0
 10
-5.78767
 20
1.58467
 30
0.0
 10
-5.78767
 20
1.58467
 30
0.0
 10
-5.818
 20
1.56033
 30
0.0
 10
-5.84799
 20
1.53563
 30
0.0
 10
-5.87798
 20
1.51058
 30
0.0
 10
-5.87798
 20
1.51058
 30
0.0
 10
-5.90091
 20
1.53563
 30
0.0
 10
-5.92384
 20
1.56069
 30
0.0
 10
-5.94713
 20
1.58574
 30
0.0
 10
-5.94713
 20
1.58574
 30
0.0
 10
-5.92242
 20
1.60901
 30
0.0
 10
-5.89808
 20
1.63194
 30
0.0
 10
-5.87375
 20
1.65522
 30
0.0
  0
SPLINE
  5
110
330
1F
100
AcDbEntity
  8
Camada 1
100
AcDbSpline
210
0.0
220
0.0
230
1.0
 70
    11
 71
     3
 72
    20
 73
    16
 74
     0
 42
0.0000000001
 43
0.0000000001
 12
1.0
 22
0.0
 32
0.0
 13
1.0
 23
0.0
 33
0.0
 40
0.0
 40
0.0
 40
0.0
 40
0.0
 40
0.2
 40
0.2
 40
0.2
 40
0.2
 40
0.4
 40
0.4
 40
0.4
 40
0.4
 40
0.6
 40
0.6
 40
0.6
 40
0.6
 40
1.0
 40
1.0
 40
1.0
 40
1.0
 10
-5.19888
 20
1.65522
 30
0.0
 10
-5.17065
 20
1.6323
 30
0.0
 10
-5.14278
 20
1.60867
 30
0.0
 10
-5.11527
 20
1.58433
 30
0.0
 10
-5.11527
 20
1.58433
 30
0.0
 10
-5.13961
 20
1.56174
 30
0.0
 10
-5.16536
 20
1.54057
 30
0.0
 10
-5.19182
 20
1.52047
 30
0.0
 10
-5.19182
 20
1.52047
 30
0.0
 10
-5.22181
 20
1.53882
 30
0.0
 10
-5.25003
 20
1.55928
 30
0.0
 10
-5.27861
 20
1.57902
 30
0.0
 10
-5.27861
 20
1.57902
 30
0.0
 10
-5.25215
 20
1.60479
 30
0.0
 10
-5.22534
 20
1.63018
 30
0.0
 10
-5.19888
 20
1.65522
 30
0.0
  0
SPLINE
  5
111
330
1F
100
AcDbEntity
  8
Camada 1
100
AcDbSpline
210
0.0
220
0.0
230
1.0
 70
    11
 71
     3
 72
    12
 73
     8
 74
     0
 42
0.0000000001
 43
0.0000000001
 12
1.0
 22
0.0
 32
0.0
 13
1.0
 23
0.0
 33
0.0
 40
0.0
 40
0.0
 40
0.0
 40
0.0
 40
0.3333333333333333
 40
0.3333333333333333
 40
0.3333333333333333
 40
0.3333333333333333
 40
1.0
 40
1.0
 40
1.0
 40
1.0
 10
-3.86608
 20
1.65311
 30
0.0
 10
-3.79764
 20
1.65734
 30
0.0
 10
-3.75462
 20
1.57161
 30
0.0
 10
-3.82481
 20
1.5374
 30
0.0
 10
-3.82481
 20
1.5374
 30
0.0
 10
-3.89643
 20
1.49119
 30
0.0
 10
-3.94794
 20
1.63125
 30
0.0
 10
-3.86608
 20
1.65311
 30
0.0
  0
SPLINE
  5
112
330
1F
100
AcDbEntity
  8
Camada 1
100
AcDbSpline
210
0.0
220
0.0
230
1.0
 70
    11
 71
     3
 72
    16
 73
    12
 74
     0
 42
0.0000000001
 43
0.0000000001
 12
1.0
 22
0.0
 32
0.0
 13
1.0
 23
0.0
 33
0.0
 40
0.0
 40
0.0
 40
0.0
 40
0.0
 40
0.25
 40
0.25
 40
0.25
 40
0.25
 40
0.5
 40
0.5
 40
0.5
 40
0.5
 40
1.0
 40
1.0
 40
1.0
 40
1.0
 10
-3.2131
 20
1.54552
 30
0.0
 10
-3.27625
 20
1.58574
 30
0.0
 10
-3.21098
 20
1.63125
 30
0.0
 10
-3.18347
 20
1.6704
 30
0.0
 10
-3.18347
 20
1.6704
 30
0.0
 10
-3.1556
 20
1.64146
 30
0.0
 10
-3.12773
 20
1.61254
 30
0.0
 10
-3.0995
 20
1.58362
 30
0.0
 10
-3.0995
 20
1.58362
 30
0.0
 10
-3.13513
 20
1.57409
 30
0.0
 10
-3.18452
 20
1.49331
 30
0.0
 10
-3.2131
 20
1.54552
 30
0.0
  0
SPLINE
  5
113
330
1F
100
AcDbEntity
  8
Camada 1
100
AcDbSpline
210
0.0
220
0.0
230
1.0
 70
    11
 71
     3
 72
    20
 73
    16
 74
     0
 42
0.0000000001
 43
0.0000000001
 12
1.0
 22
0.0
 32
0.0
 13
1.0
 23
0.0
 33
0.0
 40
0.0
 40
0.0
 40
0.0
 40
0.0
 40
0.2
 40
0.2
 40
0.2
 40
0.2
 40
0.4
 40
0.4
 40
0.4
 40
0.4
 40
0.6
 40
0.6
 40
0.6
 40
0.6
 40
1.0
 40
1.0
 40
1.0
 40
1.0
 10
-5.70476
 20
1.4926
 30
0.0
 10
-5.67725
 20
1.46614
 30
0.0
 10
-5.64973
 20
1.43968
 30
0.0
 10
-5.62256
 20
1.41323
 30
0.0
 10
-5.62256
 20
1.41323
 30
0.0
 10
-5.6515
 20
1.38994
 30
0.0
 10
-5.68042
 20
1.36666
 30
0.0
 10
-5.70934
 20
1.34301
 30
0.0
 10
-5.70934
 20
1.34301
 30
0.0
 10
-5.73229
 20
1.36666
 30
0.0
 10
-5.75522
 20
1.38959
 30
0.0
 10
-5.77814
 20
1.41286
 30
0.0
 10
-5.77814
 20
1.41286
 30
0.0
 10
-5.7538
 20
1.43968
 30
0.0
 10
-5.7291
 20
1.46614
 30
0.0
 10
-5.70476
 20
1.4926
 30
0.0
  0
SPLINE
  5
114
330
1F
100
AcDbEntity
  8
Camada 1
100
AcDbSpline
210
0.0
220
0.0
230
1.0
 70
    11
 71
     3
 72
    20
 73
    16
 74
     0
 42
0.0000000001
 43
0.0000000001
 12
1.0
 22
0.0
 32
0.0
 13
1.0
 23
0.0
 33
0.0
 40
0.0
 40
0.0
 40
0.0
 40
0.0
 40
0.2
 40
0.2
 40
0.2
 40
0.2
 40
0.4
 40
0.4
 40
0.4
 40
0.4
 40
0.6
 40
0.6
 40
0.6
 40
0.6
 40
1.0
 40
1.0
 40
1.0
 40
1.0
 10
-3.68793
 20
1.49965
 30
0.0
 10
-3.66182
 20
1.47567
 30
0.0
 10
-3.63607
 20
1.45204
 30
0.0
 10
-3.60997
 20
1.42769
 30
0.0
 10
-3.60997
 20
1.42769
 30
0.0
 10
-3.63185
 20
1.40158
 30
0.0
 10
-3.65407
 20
1.37548
 30
0.0
 10
-3.67595
 20
1.34902
 30
0.0
 10
-3.67595
 20
1.34902
 30
0.0
 10
-3.70416
 20
1.37266
 30
0.0
 10
-3.73238
 20
1.39593
 30
0.0
 10
-3.76061
 20
1.41887
 30
0.0
 10
-3.76061
 20
1.41887
 30
0.0
 10
-3.73627
 20
1.44604
 30
0.0
 10
-3.71228
 20
1.47284
 30
0.0
 10
-3.68793
 20
1.49965
 30
0.0
  0
SPLINE
  5
115
330
1F
100
AcDbEntity
  8
Camada 1
100
AcDbSpline
210
0.0
220
0.0
230
1.0
 70
    11
 71
     3
 72
    20
 73
    16
 74
     0
 42
0.0000000001
 43
0.0000000001
 12
1.0
 22
0.0
 32
0.0
 13
1.0
 23
0.0
 33
0.0
 40
0.0
 40
0.0
 40
0.0
 40
0.0
 40
0.2
 40
0.2
 40
0.2
 40
0.2
 40
0.4
 40
0.4
 40
0.4
 40
0.4
 40
0.6
 40
0.6
 40
0.6
 40
0.6
 40
1.0
 40
1.0
 40
1.0
 40
1.0
 10
-3.41948
 20
1.42699
 30
0.0
 10
-3.39336
 20
1.45345
 30
0.0
 10
-3.36727
 20
1.4799
 30
0.0
 10
-3.34115
 20
1.506
 30
0.0
 10
-3.34115
 20
1.506
 30
0.0
 10
-3.32139
 20
1.47778
 30
0.0
 10
-3.30059
 20
1.44955
 30
0.0
 10
-3.28329
 20
1.41922
 30
0.0
 10
-3.28329
 20
1.41922
 30
0.0
 10
-3.30341
 20
1.39242
 30
0.0
 10
-3.32458
 20
1.36666
 30
0.0
 10
-3.3468
 20
1.3416
 30
0.0
 10
-3.3468
 20
1.3416
 30
0.0
 10
-3.37185
 20
1.36947
 30
0.0
 10
-3.39619
 20
1.3977
 30
0.0
 10
-3.41948
 20
1.42699
 30
0.0
  0
SPLINE
  5
116
330
1F
100
AcDbEntity
  8
Camada 1
100
AcDbSpline
210
0.0
220
0.0
230
1.0
 70
    11
 71
     3
 72
    20
 73
    16
 74
     0
 42
0.0000000001
 43
0.0000000001
 12
1.0
 22
0.0
 32
0.0
 13
1.0
 23
0.0
 33
0.0
 40
0.0
 40
0.0
 40
0.0
 40
0.0
 40
0.2
 40
0.2
 40
0.2
 40
0.2
 40
0.4
 40
0.4
 40
0.4
 40
0.4
 40
0.6
 40
0.6
 40
0.6
 40
0.6
 40
1.0
 40
1.0
 40
1.0
 40
1.0
 10
5.24862
 20
1.50529
 30
0.0
 10
5.49839
 20
1.50671
 30
0.0
 10
5.74815
 20
1.50671
 30
0.0
 10
5.99792
 20
1.50529
 30
0.0
 10
5.99792
 20
1.50529
 30
0.0
 10
6.01027
 20
1.25623
 30
0.0
 10
5.99334
 20
1.00717
 30
0.0
 10
5.99369
 20
0.75812
 30
0.0
 10
5.99369
 20
0.75812
 30
0.0
 10
5.74533
 20
0.76022
 30
0.0
 10
5.49697
 20
0.75847
 30
0.0
 10
5.24862
 20
0.75917
 30
0.0
 10
5.24862
 20
0.75917
 30
0.0
 10
5.24827
 20
1.00787
 30
0.0
 10
5.24791
 20
1.25659
 30
0.0
 10
5.24862
 20
1.50529
 30
0.0
  0
SPLINE
  5
117
330
1F
100
AcDbEntity
  8
Camada 1
100
AcDbSpline
210
0.0
220
0.0
230
1.0
 70
    11
 71
     3
 72
    16
 73
    12
 74
     0
 42
0.0000000001
 43
0.0000000001
 12
1.0
 22
0.0
 32
0.0
 13
1.0
 23
0.0
 33
0.0
 40
0.0
 40
0.0
 40
0.0
 40
0.0
 40
0.25
 40
0.25
 40
0.25
 40
0.25
 40
0.5
 40
0.5
 40
0.5
 40
0.5
 40
1.0
 40
1.0
 40
1.0
 40
1.0
 10
-5.38726
 20
1.35113
 30
0.0
 10
-5.43489
 20
1.39593
 30
0.0
 10
-5.43913
 20
1.46049
 30
0.0
 10
-5.36609
 20
1.47778
 30
0.0
 10
-5.36609
 20
1.47778
 30
0.0
 10
-5.34528
 20
1.46543
 30
0.0
 10
-5.30331
 20
1.4411
 30
0.0
 10
-5.2825
 20
1.42875
 30
0.0
 10
-5.2825
 20
1.42875
 30
0.0
 10
-5.31283
 20
1.39734
 30
0.0
 10
-5.33646
 20
1.34832
 30
0.0
 10
-5.38726
 20
1.35113
 30
0.0
  0
SPLINE
  5
118
330
1F
100
AcDbEntity
  8
Camada 1
100
AcDbSpline
210
0.0
220
0.0
230
1.0
 70
    11
 71
     3
 72
    20
 73
    16
 74
     0
 42
0.0000000001
 43
0.0000000001
 12
1.0
 22
0.0
 32
0.0
 13
1.0
 23
0.0
 33
0.0
 40
0.0
 40
0.0
 40
0.0
 40
0.0
 40
0.2
 40
0.2
 40
0.2
 40
0.2
 40
0.4
 40
0.4
 40
0.4
 40
0.4
 40
0.6
 40
0.6
 40
0.6
 40
0.6
 40
1.0
 40
1.0
 40
1.0
 40
1.0
 10
-5.6074
 20
1.24107
 30
0.0
 10
-5.58411
 20
1.27141
 30
0.0
 10
-5.56048
 20
1.30104
 30
0.0
 10
-5.53649
 20
1.33068
 30
0.0
 10
-5.53649
 20
1.33068
 30
0.0
 10
-5.50862
 20
1.30315
 30
0.0
 10
-5.48111
 20
1.27565
 30
0.0
 10
-5.45324
 20
1.24777
 30
0.0
 10
-5.45324
 20
1.24777
 30
0.0
 10
-5.48075
 20
1.22202
 30
0.0
 10
-5.50827
 20
1.19627
 30
0.0
 10
-5.53614
 20
1.17016
 30
0.0
 10
-5.53614
 20
1.17016
 30
0.0
 10
-5.55978
 20
1.19379
 30
0.0
 10
-5.58341
 20
1.21742
 30
0.0
 10
-5.6074
 20
1.24107
 30
0.0
  0
SPLINE
  5
119
330
1F
100
AcDbEntity
  8
Camada 1
100
AcDbSpline
210
0.0
220
0.0
230
1.0
 70
    11
 71
     3
 72
    20
 73
    16
 74
     0
 42
0.0000000001
 43
0.0000000001
 12
1.0
 22
0.0
 32
0.0
 13
1.0
 23
0.0
 33
0.0
 40
0.0
 40
0.0
 40
0.0
 40
0.0
 40
0.2
 40
0.2
 40
0.2
 40
0.2
 40
0.4
 40
0.4
 40
0.4
 40
0.4
 40
0.6
 40
0.6
 40
0.6
 40
0.6
 40
1.0
 40
1.0
 40
1.0
 40
1.0
 10
-3.59197
 20
1.26118
 30
0.0
 10
-3.56834
 20
1.28481
 30
0.0
 10
-3.54507
 20
1.30844
 30
0.0
 10
-3.52142
 20
1.33173
 30
0.0
 10
-3.52142
 20
1.33173
 30
0.0
 10
-3.49355
 20
1.3081
 30
0.0
 10
-3.46499
 20
1.2841
 30
0.0
 10
-3.43675
 20
1.26012
 30
0.0
 10
-3.43675
 20
1.26012
 30
0.0
 10
-3.46251
 20
1.23296
 30
0.0
 10
-3.48826
 20
1.20543
 30
0.0
 10
-3.51401
 20
1.17827
 30
0.0
 10
-3.51401
 20
1.17827
 30
0.0
 10
-3.54117
 20
1.20473
 30
0.0
 10
-3.56693
 20
1.2326
 30
0.0
 10
-3.59197
 20
1.26118
 30
0.0
  0
SPLINE
  5
11A
330
1F
100
AcDbEntity
  8
Camada 1
100
AcDbSpline
210
0.0
220
0.0
230
1.0
 70
    11
 71
     3
 72
    12
 73
     8
 74
     0
 42
0.0000000001
 43
0.0000000001
 12
1.0
 22
0.0
 32
0.0
 13
1.0
 23
0.0
 33
0.0
 40
0.0
 40
0.0
 40
0.0
 40
0.0
 40
0.3333333333333333
 40
0.3333333333333333
 40
0.3333333333333333
 40
0.3333333333333333
 40
1.0
 40
1.0
 40
1.0
 40
1.0
 10
-1.82104
 20
1.29292
 30
0.0
 10
-1.69157
 20
1.34902
 30
0.0
 10
-1.61819
 20
1.12218
 30
0.0
 10
-1.75894
 20
1.10172
 30
0.0
 10
-1.75894
 20
1.10172
 30
0.0
 10
-1.87888
 20
1.06079
 30
0.0
 10
-1.93781
 20
1.25201
 30
0.0
 10
-1.82104
 20
1.29292
 30
0.0
  0
SPLINE
  5
11B
330
1F
100
AcDbEntity
  8
Camada 1
100
AcDbSpline
210
0.0
220
0.0
230
1.0
 70
    11
 71
     3
 72
    12
 73
     8
 74
     0
 42
0.0000000001
 43
0.0000000001
 12
1.0
 22
0.0
 32
0.0
 13
1.0
 23
0.0
 33
0.0
 40
0.0
 40
0.0
 40
0.0
 40
0.0
 40
0.3333333333333333
 40
0.3333333333333333
 40
0.3333333333333333
 40
0.3333333333333333
 40
1.0
 40
1.0
 40
1.0
 40
1.0
 10
-1.11441
 20
1.2901
 30
0.0
 10
-1.00188
 20
1.34338
 30
0.0
 10
-0.91086
 20
1.16521
 30
0.0
 10
-1.0227
 20
1.10666
 30
0.0
 10
-1.0227
 20
1.10666
 30
0.0
 10
-1.14582
 20
1.03893
 30
0.0
 10
-1.24529
 20
1.23895
 30
0.0
 10
-1.11441
 20
1.2901
 30
0.0
  0
SPLINE
  5
11C
330
1F
100
AcDbEntity
  8
Camada 1
100
AcDbSpline
210
0.0
220
0.0
230
1.0
 70
    11
 71
     3
 72
    16
 73
    12
 74
     0
 42
0.0000000001
 43
0.0000000001
 12
1.0
 22
0.0
 32
0.0
 13
1.0
 23
0.0
 33
0.0
 40
0.0
 40
0.0
 40
0.0
 40
0.0
 40
0.25
 40
0.25
 40
0.25
 40
0.25
 40
0.5
 40
0.5
 40
0.5
 40
0.5
 40
1.0
 40
1.0
 40
1.0
 40
1.0
 10
-0.48401
 20
1.20049
 30
0.0
 10
-0.44803
 20
1.26858
 30
0.0
 10
-0.38876
 20
1.31127
 30
0.0
 10
-0.30833
 20
1.29962
 30
0.0
 10
-0.30833
 20
1.29962
 30
0.0
 10
-0.26704
 20
1.24142
 30
0.0
 10
-0.23247
 20
1.14017
 30
0.0
 10
-0.32066
 20
1.1063
 30
0.0
 10
-0.32066
 20
1.1063
 30
0.0
 10
-0.39899
 20
1.06644
 30
0.0
 10
-0.45084
 20
1.14194
 30
0.0
 10
-0.48401
 20
1.20049
 30
0.0
  0
SPLINE
  5
11D
330
1F
100
AcDbEntity
  8
Camada 1
100
AcDbSpline
210
0.0
220
0.0
230
1.0
 70
    11
 71
     3
 72
    16
 73
    12
 74
     0
 42
0.0000000001
 43
0.0000000001
 12
1.0
 22
0.0
 32
0.0
 13
1.0
 23
0.0
 33
0.0
 40
0.0
 40
0.0
 40
0.0
 40
0.0
 40
0.25
 40
0.25
 40
0.25
 40
0.25
 40
0.5
 40
0.5
 40
0.5
 40
0.5
 40
1.0
 40
1.0
 40
1.0
 40
1.0
 10
0.22153
 20
1.20015
 30
0.0
 10
0.25858
 20
1.23825
 30
0.0
 10
0.28645
 20
1.31022
 30
0.0
 10
0.35136
 20
1.29716
 30
0.0
 10
0.35136
 20
1.29716
 30
0.0
 10
0.45295
 20
1.29962
 30
0.0
 10
0.4826
 20
1.13524
 30
0.0
 10
0.38559
 20
1.1063
 30
0.0
 10
0.38559
 20
1.1063
 30
0.0
 10
0.30833
 20
1.06539
 30
0.0
 10
0.25681
 20
1.14511
 30
0.0
 10
0.22153
 20
1.20015
 30
0.0
  0
SPLINE
  5
11E
330
1F
100
AcDbEntity
  8
Camada 1
100
AcDbSpline
210
0.0
220
0.0
230
1.0
 70
    11
 71
     3
 72
    20
 73
    16
 74
     0
 42
0.0000000001
 43
0.0000000001
 12
1.0
 22
0.0
 32
0.0
 13
1.0
 23
0.0
 33
0.0
 40
0.0
 40
0.0
 40
0.0
 40
0.0
 40
0.2
 40
0.2
 40
0.2
 40
0.2
 40
0.4
 40
0.4
 40
0.4
 40
0.4
 40
0.6
 40
0.6
 40
0.6
 40
0.6
 40
1.0
 40
1.0
 40
1.0
 40
1.0
 10
0.9352
 20
1.20685
 30
0.0
 10
0.96908
 20
1.24459
 30
0.0
 10
0.99625
 20
1.3088
 30
0.0
 10
1.05833
 20
1.29716
 30
0.0
 10
1.05833
 20
1.29716
 30
0.0
 10
1.13417
 20
1.29892
 30
0.0
 10
1.17722
 20
1.20791
 30
0.0
 10
1.14123
 20
1.14547
 30
0.0
 10
1.14123
 20
1.14547
 30
0.0
 10
1.11478
 20
1.08513
 30
0.0
 10
1.03645
 20
1.10666
 30
0.0
 10
0.9846
 20
1.1063
 30
0.0
 10
0.9846
 20
1.1063
 30
0.0
 10
0.96801
 20
1.13982
 30
0.0
 10
0.95179
 20
1.17333
 30
0.0
 10
0.9352
 20
1.20685
 30
0.0
  0
SPLINE
  5
11F
330
1F
100
AcDbEntity
  8
Camada 1
100
AcDbSpline
210
0.0
220
0.0
230
1.0
 70
    11
 71
     3
 72
    16
 73
    12
 74
     0
 42
0.0000000001
 43
0.0000000001
 12
1.0
 22
0.0
 32
0.0
 13
1.0
 23
0.0
 33
0.0
 40
0.0
 40
0.0
 40
0.0
 40
0.0
 40
0.25
 40
0.25
 40
0.25
 40
0.25
 40
0.5
 40
0.5
 40
0.5
 40
0.5
 40
1.0
 40
1.0
 40
1.0
 40
1.0
 10
1.67604
 20
1.28517
 30
0.0
 10
1.76142
 20
1.31056
 30
0.0
 10
1.84291
 20
1.28763
 30
0.0
 10
1.88029
 20
1.20156
 30
0.0
 10
1.88029
 20
1.20156
 30
0.0
 10
1.84784
 20
1.10737
 30
0.0
 10
1.76213
 20
1.08338
 30
0.0
 10
1.67357
 20
1.11159
 30
0.0
 10
1.67357
 20
1.11159
 30
0.0
 10
1.66722
 20
1.16945
 30
0.0
 10
1.66792
 20
1.22765
 30
0.0
 10
1.67604
 20
1.28517
 30
0.0
  0
SPLINE
  5
120
330
1F
100
AcDbEntity
  8
Camada 1
100
AcDbSpline
210
0.0
220
0.0
230
1.0
 70
    11
 71
     3
 72
    20
 73
    16
 74
     0
 42
0.0000000001
 43
0.0000000001
 12
1.0
 22
0.0
 32
0.0
 13
1.0
 23
0.0
 33
0.0
 40
0.0
 40
0.0
 40
0.0
 40
0.0
 40
0.2
 40
0.2
 40
0.2
 40
0.2
 40
0.4
 40
0.4
 40
0.4
 40
0.4
 40
0.6
 40
0.6
 40
0.6
 40
0.6
 40
1.0
 40
1.0
 40
1.0
 40
1.0
 10
-5.77179
 20
1.07492
 30
0.0
 10
-5.75098
 20
1.10172
 30
0.0
 10
-5.73017
 20
1.12854
 30
0.0
 10
-5.709
 20
1.155
 30
0.0
 10
-5.709
 20
1.155
 30
0.0
 10
-5.68077
 20
1.13242
 30
0.0
 10
-5.65221
 20
1.10983
 30
0.0
 10
-5.62363
 20
1.08725
 30
0.0
 10
-5.62363
 20
1.08725
 30
0.0
 10
-5.64727
 20
1.06009
 30
0.0
 10
-5.67055
 20
1.03328
 30
0.0
 10
-5.69382
 20
1.00576
 30
0.0
 10
-5.69382
 20
1.00576
 30
0.0
 10
-5.71994
 20
1.0287
 30
0.0
 10
-5.74604
 20
1.05197
 30
0.0
 10
-5.77179
 20
1.07492
 30
0.0
  0
SPLINE
  5
121
330
1F
100
AcDbEntity
  8
Camada 1
100
AcDbSpline
210
0.0
220
0.0
230
1.0
 70
    11
 71
     3
 72
    20
 73
    16
 74
     0
 42
0.0000000001
 43
0.0000000001
 12
1.0
 22
0.0
 32
0.0
 13
1.0
 23
0.0
 33
0.0
 40
0.0
 40
0.0
 40
0.0
 40
0.0
 40
0.2
 40
0.2
 40
0.2
 40
0.2
 40
0.4
 40
0.4
 40
0.4
 40
0.4
 40
0.6
 40
0.6
 40
0.6
 40
0.6
 40
1.0
 40
1.0
 40
1.0
 40
1.0
 10
-5.37033
 20
1.15746
 30
0.0
 10
-5.34423
 20
1.13242
 30
0.0
 10
-5.31812
 20
1.10701
 30
0.0
 10
-5.29237
 20
1.08162
 30
0.0
 10
-5.29237
 20
1.08162
 30
0.0
 10
-5.31707
 20
1.0548
 30
0.0
 10
-5.34212
 20
1.02834
 30
0.0
 10
-5.3668
 20
1.00153
 30
0.0
 10
-5.3668
 20
1.00153
 30
0.0
 10
-5.39114
 20
1.0287
 30
0.0
 10
-5.41513
 20
1.0555
 30
0.0
 10
-5.43877
 20
1.08267
 30
0.0
 10
-5.43877
 20
1.08267
 30
0.0
 10
-5.42149
 20
1.10137
 30
0.0
 10
-5.38726
 20
1.13875
 30
0.0
 10
-5.37033
 20
1.15746
 30
0.0
  0
SPLINE
  5
122
330
1F
100
AcDbEntity
  8
Camada 1
100
AcDbSpline
210
0.0
220
0.0
230
1.0
 70
    11
 71
     3
 72
    20
 73
    16
 74
     0
 42
0.0000000001
 43
0.0000000001
 12
1.0
 22
0.0
 32
0.0
 13
1.0
 23
0.0
 33
0.0
 40
0.0
 40
0.0
 40
0.0
 40
0.0
 40
0.2
 40
0.2
 40
0.2
 40
0.2
 40
0.4
 40
0.4
 40
0.4
 40
0.4
 40
0.6
 40
0.6
 40
0.6
 40
0.6
 40
1.0
 40
1.0
 40
1.0
 40
1.0
 10
-3.68618
 20
1.15992
 30
0.0
 10
-3.6576
 20
1.137
 30
0.0
 10
-3.62973
 20
1.11371
 30
0.0
 10
-3.6015
 20
1.08973
 30
0.0
 10
-3.6015
 20
1.08973
 30
0.0
 10
-3.6322
 20
1.06503
 30
0.0
 10
-3.66253
 20
1.04069
 30
0.0
 10
-3.69322
 20
1.01635
 30
0.0
 10
-3.69322
 20
1.01635
 30
0.0
 10
-3.7151
 20
1.0414
 30
0.0
 10
-3.73732
 20
1.06644
 30
0.0
 10
-3.7592
 20
1.09149
 30
0.0
 10
-3.7592
 20
1.09149
 30
0.0
 10
-3.73486
 20
1.11441
 30
0.0
 10
-3.71052
 20
1.137
 30
0.0
 10
-3.68618
 20
1.15992
 30
0.0
  0
SPLINE
  5
123
330
1F
100
AcDbEntity
  8
Camada 1
100
AcDbSpline
210
0.0
220
0.0
230
1.0
 70
    11
 71
     3
 72
    16
 73
    12
 74
     0
 42
0.0000000001
 43
0.0000000001
 12
1.0
 22
0.0
 32
0.0
 13
1.0
 23
0.0
 33
0.0
 40
0.0
 40
0.0
 40
0.0
 40
0.0
 40
0.25
 40
0.25
 40
0.25
 40
0.25
 40
0.5
 40
0.5
 40
0.5
 40
0.5
 40
1.0
 40
1.0
 40
1.0
 40
1.0
 10
-3.42971
 20
1.06715
 30
0.0
 10
-3.40042
 20
1.0996
 30
0.0
 10
-3.38313
 20
1.15922
 30
0.0
 10
-3.32916
 20
1.15217
 30
0.0
 10
-3.32916
 20
1.15217
 30
0.0
 10
-3.30446
 20
1.12888
 30
0.0
 10
-3.26143
 20
1.0735
 30
0.0
 10
-3.30694
 20
1.0481
 30
0.0
 10
-3.30694
 20
1.0481
 30
0.0
 10
-3.33762
 20
0.99942
 30
0.0
 10
-3.3916
 20
1.06432
 30
0.0
 10
-3.42971
 20
1.06715
 30
0.0
  0
SPLINE
  5
124
330
1F
100
AcDbEntity
  8
Camada 1
100
AcDbSpline
210
0.0
220
0.0
230
1.0
 70
    11
 71
     3
 72
    16
 73
    12
 74
     0
 42
0.0000000001
 43
0.0000000001
 12
1.0
 22
0.0
 32
0.0
 13
1.0
 23
0.0
 33
0.0
 40
0.0
 40
0.0
 40
0.0
 40
0.0
 40
0.25
 40
0.25
 40
0.25
 40
0.25
 40
0.5
 40
0.5
 40
0.5
 40
0.5
 40
1.0
 40
1.0
 40
1.0
 40
1.0
 10
-5.86034
 20
0.98918
 30
0.0
 10
-5.79825
 20
0.94368
 30
0.0
 10
-5.79084
 20
0.88299
 30
0.0
 10
-5.85857
 20
0.83609
 30
0.0
 10
-5.85857
 20
0.83609
 30
0.0
 10
-5.88751
 20
0.86184
 30
0.0
 10
-5.91609
 20
0.88793
 30
0.0
 10
-5.94501
 20
0.91369
 30
0.0
 10
-5.94501
 20
0.91369
 30
0.0
 10
-5.91679
 20
0.93909
 30
0.0
 10
-5.88856
 20
0.96414
 30
0.0
 10
-5.86034
 20
0.98918
 30
0.0
  0
SPLINE
  5
125
330
1F
100
AcDbEntity
  8
Camada 1
100
AcDbSpline
210
0.0
220
0.0
230
1.0
 70
    11
 71
     3
 72
    16
 73
    12
 74
     0
 42
0.0000000001
 43
0.0000000001
 12
1.0
 22
0.0
 32
0.0
 13
1.0
 23
0.0
 33
0.0
 40
0.0
 40
0.0
 40
0.0
 40
0.0
 40
0.25
 40
0.25
 40
0.25
 40
0.25
 40
0.5
 40
0.5
 40
0.5
 40
0.5
 40
1.0
 40
1.0
 40
1.0
 40
1.0
 10
-5.27931
 20
0.92145
 30
0.0
 10
-5.22746
 20
0.98531
 30
0.0
 10
-5.16678
 20
0.97367
 30
0.0
 10
-5.11352
 20
0.91827
 30
0.0
 10
-5.11352
 20
0.91827
 30
0.0
 10
-5.14526
 20
0.89181
 30
0.0
 10
-5.17771
 20
0.86571
 30
0.0
 10
-5.21017
 20
0.8403
 30
0.0
 10
-5.21017
 20
0.8403
 30
0.0
 10
-5.23346
 20
0.86713
 30
0.0
 10
-5.25638
 20
0.89429
 30
0.0
 10
-5.27931
 20
0.92145
 30
0.0
  0
SPLINE
  5
126
330
1F
100
AcDbEntity
  8
Camada 1
100
AcDbSpline
210
0.0
220
0.0
230
1.0
 70
    11
 71
     3
 72
    16
 73
    12
 74
     0
 42
0.0000000001
 43
0.0000000001
 12
1.0
 22
0.0
 32
0.0
 13
1.0
 23
0.0
 33
0.0
 40
0.0
 40
0.0
 40
0.0
 40
0.0
 40
0.25
 40
0.25
 40
0.25
 40
0.25
 40
0.5
 40
0.5
 40
0.5
 40
0.5
 40
1.0
 40
1.0
 40
1.0
 40
1.0
 10
-3.86785
 20
0.98283
 30
0.0
 10
-3.8347
 20
0.97013
 30
0.0
 10
-3.80223
 20
0.95566
 30
0.0
 10
-3.77048
 20
0.93909
 30
0.0
 10
-3.77048
 20
0.93909
 30
0.0
 10
-3.79835
 20
0.9091
 30
0.0
 10
-3.81635
 20
0.85266
 30
0.0
 10
-3.86608
 20
0.85653
 30
0.0
 10
-3.86608
 20
0.85653
 30
0.0
 10
-3.91865
 20
0.88265
 30
0.0
 10
-3.92465
 20
0.95744
 30
0.0
 10
-3.86785
 20
0.98283
 30
0.0
  0
SPLINE
  5
127
330
1F
100
AcDbEntity
  8
Camada 1
100
AcDbSpline
210
0.0
220
0.0
230
1.0
 70
    11
 71
     3
 72
    20
 73
    16
 74
     0
 42
0.0000000001
 43
0.0000000001
 12
1.0
 22
0.0
 32
0.0
 13
1.0
 23
0.0
 33
0.0
 40
0.0
 40
0.0
 40
0.0
 40
0.0
 40
0.2
 40
0.2
 40
0.2
 40
0.2
 40
0.4
 40
0.4
 40
0.4
 40
0.4
 40
0.6
 40
0.6
 40
0.6
 40
0.6
 40
1.0
 40
1.0
 40
1.0
 40
1.0
 10
-3.18628
 20
0.99272
 30
0.0
 10
-3.15841
 20
0.96943
 30
0.0
 10
-3.1309
 20
0.9458
 30
0.0
 10
-3.10303
 20
0.92145
 30
0.0
 10
-3.10303
 20
0.92145
 30
0.0
 10
-3.12807
 20
0.89675
 30
0.0
 10
-3.15241
 20
0.87171
 30
0.0
 10
-3.17712
 20
0.84632
 30
0.0
 10
-3.17712
 20
0.84632
 30
0.0
 10
-3.20392
 20
0.87066
 30
0.0
 10
-3.23074
 20
0.89464
 30
0.0
 10
-3.25754
 20
0.91863
 30
0.0
 10
-3.25754
 20
0.91863
 30
0.0
 10
-3.23391
 20
0.94333
 30
0.0
 10
-3.21027
 20
0.96801
 30
0.0
 10
-3.18628
 20
0.99272
 30
0.0
  0
SPLINE
  5
128
330
1F
100
AcDbEntity
  8
Camada 1
100
AcDbSpline
210
0.0
220
0.0
230
1.0
 70
    11
 71
     3
 72
    20
 73
    16
 74
     0
 42
0.0000000001
 43
0.0000000001
 12
1.0
 22
0.0
 32
0.0
 13
1.0
 23
0.0
 33
0.0
 40
0.0
 40
0.0
 40
0.0
 40
0.0
 40
0.2
 40
0.2
 40
0.2
 40
0.2
 40
0.4
 40
0.4
 40
0.4
 40
0.4
 40
0.6
 40
0.6
 40
0.6
 40
0.6
 40
1.0
 40
1.0
 40
1.0
 40
1.0
 10
-4.08975
 20
0.75776
 30
0.0
 10
-4.06471
 20
0.78351
 30
0.0
 10
-4.03965
 20
0.80926
 30
0.0
 10
-4.01425
 20
0.83467
 30
0.0
 10
-4.01425
 20
0.83467
 30
0.0
 10
-3.99345
 20
0.80715
 30
0.0
 10
-3.97157
 20
0.77998
 30
0.0
 10
-3.95534
 20
0.74894
 30
0.0
 10
-3.95534
 20
0.74894
 30
0.0
 10
-3.9751
 20
0.72178
 30
0.0
 10
-3.99625
 20
0.69532
 30
0.0
 10
-4.01884
 20
0.66993
 30
0.0
 10
-4.01884
 20
0.66993
 30
0.0
 10
-4.04213
 20
0.6999
 30
0.0
 10
-4.06576
 20
0.72884
 30
0.0
 10
-4.08975
 20
0.75776
 30
0.0
  0
SPLINE
  5
129
330
1F
100
AcDbEntity
  8
Camada 1
100
AcDbSpline
210
0.0
220
0.0
230
1.0
 70
    11
 71
     3
 72
    16
 73
    12
 74
     0
 42
0.0000000001
 43
0.0000000001
 12
1.0
 22
0.0
 32
0.0
 13
1.0
 23
0.0
 33
0.0
 40
0.0
 40
0.0
 40
0.0
 40
0.0
 40
0.25
 40
0.25
 40
0.25
 40
0.25
 40
0.5
 40
0.5
 40
0.5
 40
0.5
 40
1.0
 40
1.0
 40
1.0
 40
1.0
 10
-6.07694
 20
0.78351
 30
0.0
 10
-6.04237
 20
0.83149
 30
0.0
 10
-5.99298
 20
0.77681
 30
0.0
 10
-5.95595
 20
0.76446
 30
0.0
 10
-5.95595
 20
0.76446
 30
0.0
 10
-5.9817
 20
0.72989
 30
0.0
 10
-6.00816
 20
0.69603
 30
0.0
 10
-6.03462
 20
0.6618
 30
0.0
 10
-6.03462
 20
0.6618
 30
0.0
 10
-6.05155
 20
0.69673
 30
0.0
 10
-6.13092
 20
0.74789
 30
0.0
 10
-6.07694
 20
0.78351
 30
0.0
  0
SPLINE
  5
12A
330
1F
100
AcDbEntity
  8
Camada 1
100
AcDbSpline
210
0.0
220
0.0
230
1.0
 70
    11
 71
     3
 72
    20
 73
    16
 74
     0
 42
0.0000000001
 43
0.0000000001
 12
1.0
 22
0.0
 32
0.0
 13
1.0
 23
0.0
 33
0.0
 40
0.0
 40
0.0
 40
0.0
 40
0.0
 40
0.2
 40
0.2
 40
0.2
 40
0.2
 40
0.4
 40
0.4
 40
0.4
 40
0.4
 40
0.6
 40
0.6
 40
0.6
 40
0.6
 40
1.0
 40
1.0
 40
1.0
 40
1.0
 10
-5.11281
 20
0.744
 30
0.0
 10
-5.08212
 20
0.76904
 30
0.0
 10
-5.05107
 20
0.7934
 30
0.0
 10
-5.01931
 20
0.81738
 30
0.0
 10
-5.01931
 20
0.81738
 30
0.0
 10
-4.9985
 20
0.79233
 30
0.0
 10
-4.97769
 20
0.76729
 30
0.0
 10
-4.95652
 20
0.74224
 30
0.0
 10
-4.95652
 20
0.74224
 30
0.0
 10
-4.98052
 20
0.71966
 30
0.0
 10
-5.0045
 20
0.69708
 30
0.0
 10
-5.02849
 20
0.67415
 30
0.0
 10
-5.02849
 20
0.67415
 30
0.0
 10
-5.0567
 20
0.69744
 30
0.0
 10
-5.08494
 20
0.72107
 30
0.0
 10
-5.11281
 20
0.744
 30
0.0
  0
SPLINE
  5
12B
330
1F
100
AcDbEntity
  8
Camada 1
100
AcDbSpline
210
0.0
220
0.0
230
1.0
 70
    11
 71
     3
 72
    16
 73
    12
 74
     0
 42
0.0000000001
 43
0.0000000001
 12
1.0
 22
0.0
 32
0.0
 13
1.0
 23
0.0
 33
0.0
 40
0.0
 40
0.0
 40
0.0
 40
0.0
 40
0.25
 40
0.25
 40
0.25
 40
0.25
 40
0.5
 40
0.5
 40
0.5
 40
0.5
 40
1.0
 40
1.0
 40
1.0
 40
1.0
 10
-3.08963
 20
0.75742
 30
0.0
 10
-3.06069
 20
0.78246
 30
0.0
 10
-3.03176
 20
0.80715
 30
0.0
 10
-3.00248
 20
0.83185
 30
0.0
 10
-3.00248
 20
0.83185
 30
0.0
 10
-2.93652
 20
0.78176
 30
0.0
 10
-2.94674
 20
0.72531
 30
0.0
 10
-3.00107
 20
0.6731
 30
0.0
 10
-3.00107
 20
0.6731
 30
0.0
 10
-3.03106
 20
0.70131
 30
0.0
 10
-3.06034
 20
0.72918
 30
0.0
 10
-3.08963
 20
0.75742
 30
0.0
  0
SPLINE
  5
12C
330
1F
100
AcDbEntity
  8
Camada 1
100
AcDbSpline
210
0.0
220
0.0
230
1.0
 70
    11
 71
     3
 72
    20
 73
    16
 74
     0
 42
0.0000000001
 43
0.0000000001
 12
1.0
 22
0.0
 32
0.0
 13
1.0
 23
0.0
 33
0.0
 40
0.0
 40
0.0
 40
0.0
 40
0.0
 40
0.2
 40
0.2
 40
0.2
 40
0.2
 40
0.4
 40
0.4
 40
0.4
 40
0.4
 40
0.6
 40
0.6
 40
0.6
 40
0.6
 40
1.0
 40
1.0
 40
1.0
 40
1.0
 10
-6.26638
 20
0.57925
 30
0.0
 10
-6.24628
 20
0.60819
 30
0.0
 10
-6.22547
 20
0.63641
 30
0.0
 10
-6.20394
 20
0.66428
 30
0.0
 10
-6.20394
 20
0.66428
 30
0.0
 10
-6.18137
 20
0.63465
 30
0.0
 10
-6.15597
 20
0.60642
 30
0.0
 10
-6.14009
 20
0.57221
 30
0.0
 10
-6.14009
 20
0.57221
 30
0.0
 10
-6.16196
 20
0.54575
 30
0.0
 10
-6.18455
 20
0.51964
 30
0.0
 10
-6.20783
 20
0.49388
 30
0.0
 10
-6.20783
 20
0.49388
 30
0.0
 10
-6.22757
 20
0.52246
 30
0.0
 10
-6.2491
 20
0.54963
 30
0.0
 10
-6.26638
 20
0.57925
 30
0.0
  0
SPLINE
  5
12D
330
1F
100
AcDbEntity
  8
Camada 1
100
AcDbSpline
210
0.0
220
0.0
230
1.0
 70
    11
 71
     3
 72
    20
 73
    16
 74
     0
 42
0.0000000001
 43
0.0000000001
 12
1.0
 22
0.0
 32
0.0
 13
1.0
 23
0.0
 33
0.0
 40
0.0
 40
0.0
 40
0.0
 40
0.0
 40
0.2
 40
0.2
 40
0.2
 40
0.2
 40
0.4
 40
0.4
 40
0.4
 40
0.4
 40
0.6
 40
0.6
 40
0.6
 40
0.6
 40
1.0
 40
1.0
 40
1.0
 40
1.0
 10
-4.93465
 20
0.58032
 30
0.0
 10
-4.91101
 20
0.60537
 30
0.0
 10
-4.88702
 20
0.63041
 30
0.0
 10
-4.86339
 20
0.65546
 30
0.0
 10
-4.86339
 20
0.65546
 30
0.0
 10
-4.83799
 20
0.62864
 30
0.0
 10
-4.81365
 20
0.60113
 30
0.0
 10
-4.78966
 20
0.57291
 30
0.0
 10
-4.78966
 20
0.57291
 30
0.0
 10
-4.81612
 20
0.54856
 30
0.0
 10
-4.84222
 20
0.52422
 30
0.0
 10
-4.86833
 20
0.49954
 30
0.0
 10
-4.86833
 20
0.49954
 30
0.0
 10
-4.89126
 20
0.52599
 30
0.0
 10
-4.91348
 20
0.55279
 30
0.0
 10
-4.93465
 20
0.58032
 30
0.0
  0
SPLINE
  5
12E
330
1F
100
AcDbEntity
  8
Camada 1
100
AcDbSpline
210
0.0
220
0.0
230
1.0
 70
    11
 71
     3
 72
    16
 73
    12
 74
     0
 42
0.0000000001
 43
0.0000000001
 12
1.0
 22
0.0
 32
0.0
 13
1.0
 23
0.0
 33
0.0
 40
0.0
 40
0.0
 40
0.0
 40
0.0
 40
0.25
 40
0.25
 40
0.25
 40
0.25
 40
0.5
 40
0.5
 40
0.5
 40
0.5
 40
1.0
 40
1.0
 40
1.0
 40
1.0
 10
-4.18076
 20
0.66321
 30
0.0
 10
-4.12009
 20
0.61524
 30
0.0
 10
-4.1275
 20
0.55386
 30
0.0
 10
-4.18146
 20
0.50305
 30
0.0
 10
-4.18146
 20
0.50305
 30
0.0
 10
-4.20792
 20
0.53304
 30
0.0
 10
-4.23438
 20
0.56232
 30
0.0
 10
-4.26084
 20
0.59231
 30
0.0
 10
-4.26084
 20
0.59231
 30
0.0
 10
-4.23403
 20
0.61595
 30
0.0
 10
-4.20758
 20
0.63994
 30
0.0
 10
-4.18076
 20
0.66321
 30
0.0
  0
SPLINE
  5
12F
330
1F
100
AcDbEntity
  8
Camada 1
100
AcDbSpline
210
0.0
220
0.0
230
1.0
 70
    11
 71
     3
 72
    20
 73
    16
 74
     0
 42
0.0000000001
 43
0.0000000001
 12
1.0
 22
0.0
 32
0.0
 13
1.0
 23
0.0
 33
0.0
 40
0.0
 40
0.0
 40
0.0
 40
0.0
 40
0.2
 40
0.2
 40
0.2
 40
0.2
 40
0.4
 40
0.4
 40
0.4
 40
0.4
 40
0.6
 40
0.6
 40
0.6
 40
0.6
 40
1.0
 40
1.0
 40
1.0
 40
1.0
 10
-2.92099
 20
0.58807
 30
0.0
 10
-2.89453
 20
0.60995
 30
0.0
 10
-2.86948
 20
0.63324
 30
0.0
 10
-2.84232
 20
0.65439
 30
0.0
 10
-2.84232
 20
0.65439
 30
0.0
 10
-2.81657
 20
0.63253
 30
0.0
 10
-2.79223
 20
0.60854
 30
0.0
 10
-2.76754
 20
0.58525
 30
0.0
 10
-2.76754
 20
0.58525
 30
0.0
 10
-2.79435
 20
0.5602
 30
0.0
 10
-2.82117
 20
0.53516
 30
0.0
 10
-2.84797
 20
0.51011
 30
0.0
 10
-2.84797
 20
0.51011
 30
0.0
 10
-2.87231
 20
0.53622
 30
0.0
 10
-2.89665
 20
0.56232
 30
0.0
 10
-2.92099
 20
0.58807
 30
0.0
  0
SPLINE
  5
130
330
1F
100
AcDbEntity
  8
Camada 1
100
AcDbSpline
210
0.0
220
0.0
230
1.0
 70
    11
 71
     3
 72
    16
 73
    12
 74
     0
 42
0.0000000001
 43
0.0000000001
 12
1.0
 22
0.0
 32
0.0
 13
1.0
 23
0.0
 33
0.0
 40
0.0
 40
0.0
 40
0.0
 40
0.0
 40
0.25
 40
0.25
 40
0.25
 40
0.25
 40
0.5
 40
0.5
 40
0.5
 40
0.5
 40
1.0
 40
1.0
 40
1.0
 40
1.0
 10
-1.87359
 20
0.52987
 30
0.0
 10
-1.85208
 20
0.60147
 30
0.0
 10
-1.77446
 20
0.58208
 30
0.0
 10
-1.71732
 20
0.58702
 30
0.0
 10
-1.71732
 20
0.58702
 30
0.0
 10
-1.70144
 20
0.53728
 30
0.0
 10
-1.65347
 20
0.47449
 30
0.0
 10
-1.7032
 20
0.42757
 30
0.0
 10
-1.7032
 20
0.42757
 30
0.0
 10
-1.76388
 20
0.33231
 30
0.0
 10
-1.93815
 20
0.42827
 30
0.0
 10
-1.87359
 20
0.52987
 30
0.0
  0
SPLINE
  5
131
330
1F
100
AcDbEntity
  8
Camada 1
100
AcDbSpline
210
0.0
220
0.0
230
1.0
 70
    11
 71
     3
 72
    16
 73
    12
 74
     0
 42
0.0000000001
 43
0.0000000001
 12
1.0
 22
0.0
 32
0.0
 13
1.0
 23
0.0
 33
0.0
 40
0.0
 40
0.0
 40
0.0
 40
0.0
 40
0.25
 40
0.25
 40
0.25
 40
0.25
 40
0.5
 40
0.5
 40
0.5
 40
0.5
 40
1.0
 40
1.0
 40
1.0
 40
1.0
 10
-1.18816
 20
0.50977
 30
0.0
 10
-1.14477
 20
0.58561
 30
0.0
 10
-1.02763
 20
0.62934
 30
0.0
 10
-0.98071
 20
0.53128
 30
0.0
 10
-0.98071
 20
0.53128
 30
0.0
 10
-0.93274
 20
0.4311
 30
0.0
 10
-1.0488
 20
0.37112
 30
0.0
 10
-1.13417
 20
0.39051
 30
0.0
 10
-1.13417
 20
0.39051
 30
0.0
 10
-1.15252
 20
0.43039
 30
0.0
 10
-1.17086
 20
0.46989
 30
0.0
 10
-1.18816
 20
0.50977
 30
0.0
  0
SPLINE
  5
132
330
1F
100
AcDbEntity
  8
Camada 1
100
AcDbSpline
210
0.0
220
0.0
230
1.0
 70
    11
 71
     3
 72
    16
 73
    12
 74
     0
 42
0.0000000001
 43
0.0000000001
 12
1.0
 22
0.0
 32
0.0
 13
1.0
 23
0.0
 33
0.0
 40
0.0
 40
0.0
 40
0.0
 40
0.0
 40
0.25
 40
0.25
 40
0.25
 40
0.25
 40
0.5
 40
0.5
 40
0.5
 40
0.5
 40
1.0
 40
1.0
 40
1.0
 40
1.0
 10
-0.43427
 20
0.58454
 30
0.0
 10
-0.38734
 20
0.57714
 30
0.0
 10
-0.32032
 20
0.60501
 30
0.0
 10
-0.28999
 20
0.55562
 30
0.0
 10
-0.28999
 20
0.55562
 30
0.0
 10
-0.21695
 20
0.49001
 30
0.0
 10
-0.29669
 20
0.35913
 30
0.0
 10
-0.39017
 20
0.3937
 30
0.0
 10
-0.39017
 20
0.3937
 30
0.0
 10
-0.48436
 20
0.4071
 30
0.0
 10
-0.47659
 20
0.52317
 30
0.0
 10
-0.43427
 20
0.58454
 30
0.0
  0
SPLINE
  5
133
330
1F
100
AcDbEntity
  8
Camada 1
100
AcDbSpline
210
0.0
220
0.0
230
1.0
 70
    11
 71
     3
 72
    20
 73
    16
 74
     0
 42
0.0000000001
 43
0.0000000001
 12
1.0
 22
0.0
 32
0.0
 13
1.0
 23
0.0
 33
0.0
 40
0.0
 40
0.0
 40
0.0
 40
0.0
 40
0.2
 40
0.2
 40
0.2
 40
0.2
 40
0.4
 40
0.4
 40
0.4
 40
0.4
 40
0.6
 40
0.6
 40
0.6
 40
0.6
 40
1.0
 40
1.0
 40
1.0
 40
1.0
 10
0.24835
 20
0.52599
 30
0.0
 10
0.27693
 20
0.61736
 30
0.0
 10
0.42791
 20
0.60607
 30
0.0
 10
0.44202
 20
0.51257
 30
0.0
 10
0.44202
 20
0.51257
 30
0.0
 10
0.46284
 20
0.44626
 30
0.0
 10
0.3997
 20
0.40886
 30
0.0
 10
0.35701
 20
0.37324
 30
0.0
 10
0.35701
 20
0.37324
 30
0.0
 10
0.32597
 20
0.38664
 30
0.0
 10
0.29491
 20
0.40004
 30
0.0
 10
0.26387
 20
0.41275
 30
0.0
 10
0.26387
 20
0.41275
 30
0.0
 10
0.25681
 20
0.44979
 30
0.0
 10
0.22153
 20
0.49001
 30
0.0
 10
0.24835
 20
0.52599
 30
0.0
  0
SPLINE
  5
134
330
1F
100
AcDbEntity
  8
Camada 1
100
AcDbSpline
210
0.0
220
0.0
230
1.0
 70
    11
 71
     3
 72
    16
 73
    12
 74
     0
 42
0.0000000001
 43
0.0000000001
 12
1.0
 22
0.0
 32
0.0
 13
1.0
 23
0.0
 33
0.0
 40
0.0
 40
0.0
 40
0.0
 40
0.0
 40
0.25
 40
0.25
 40
0.25
 40
0.25
 40
0.5
 40
0.5
 40
0.5
 40
0.5
 40
1.0
 40
1.0
 40
1.0
 40
1.0
 10
0.92957
 20
0.49318
 30
0.0
 10
0.9666
 20
0.53162
 30
0.0
 10
0.99447
 20
0.60218
 30
0.0
 10
1.05974
 20
0.58878
 30
0.0
 10
1.05974
 20
0.58878
 30
0.0
 10
1.16275
 20
0.59372
 30
0.0
 10
1.19097
 20
0.42333
 30
0.0
 10
1.09007
 20
0.39687
 30
0.0
 10
1.09007
 20
0.39687
 30
0.0
 10
1.01106
 20
0.36125
 30
0.0
 10
0.96519
 20
0.43814
 30
0.0
 10
0.92957
 20
0.49318
 30
0.0
  0
SPLINE
  5
135
330
1F
100
AcDbEntity
  8
Camada 1
100
AcDbSpline
210
0.0
220
0.0
230
1.0
 70
    11
 71
     3
 72
    12
 73
     8
 74
     0
 42
0.0000000001
 43
0.0000000001
 12
1.0
 22
0.0
 32
0.0
 13
1.0
 23
0.0
 33
0.0
 40
0.0
 40
0.0
 40
0.0
 40
0.0
 40
0.3333333333333333
 40
0.3333333333333333
 40
0.3333333333333333
 40
0.3333333333333333
 40
1.0
 40
1.0
 40
1.0
 40
1.0
 10
1.7085
 20
0.5782
 30
0.0
 10
1.83444
 20
0.65439
 30
0.0
 10
1.93075
 20
0.4332
 30
0.0
 10
1.79317
 20
0.39475
 30
0.0
 10
1.79317
 20
0.39475
 30
0.0
 10
1.67428
 20
0.34571
 30
0.0
 10
1.61079
 20
0.52492
 30
0.0
 10
1.7085
 20
0.5782
 30
0.0
  0
SPLINE
  5
136
330
1F
100
AcDbEntity
  8
Camada 1
100
AcDbSpline
210
0.0
220
0.0
230
1.0
 70
    11
 71
     3
 72
    16
 73
    12
 74
     0
 42
0.0000000001
 43
0.0000000001
 12
1.0
 22
0.0
 32
0.0
 13
1.0
 23
0.0
 33
0.0
 40
0.0
 40
0.0
 40
0.0
 40
0.0
 40
0.25
 40
0.25
 40
0.25
 40
0.25
 40
0.5
 40
0.5
 40
0.5
 40
0.5
 40
1.0
 40
1.0
 40
1.0
 40
1.0
 10
-6.37504
 20
0.4886
 30
0.0
 10
-6.34787
 20
0.46284
 30
0.0
 10
-6.32107
 20
0.43673
 30
0.0
 10
-6.29425
 20
0.41063
 30
0.0
 10
-6.29425
 20
0.41063
 30
0.0
 10
-6.32001
 20
0.38417
 30
0.0
 10
-6.34576
 20
0.35772
 30
0.0
 10
-6.37151
 20
0.3309
 30
0.0
 10
-6.37151
 20
0.3309
 30
0.0
 10
-6.37292
 20
0.38381
 30
0.0
 10
-6.37399
 20
0.43602
 30
0.0
 10
-6.37504
 20
0.4886
 30
0.0
  0
SPLINE
  5
137
330
1F
100
AcDbEntity
  8
Camada 1
100
AcDbSpline
210
0.0
220
0.0
230
1.0
 70
    11
 71
     3
 72
    20
 73
    16
 74
     0
 42
0.0000000001
 43
0.0000000001
 12
1.0
 22
0.0
 32
0.0
 13
1.0
 23
0.0
 33
0.0
 40
0.0
 40
0.0
 40
0.0
 40
0.0
 40
0.2
 40
0.2
 40
0.2
 40
0.2
 40
0.4
 40
0.4
 40
0.4
 40
0.4
 40
0.6
 40
0.6
 40
0.6
 40
0.6
 40
1.0
 40
1.0
 40
1.0
 40
1.0
 10
-4.76037
 20
0.4138
 30
0.0
 10
-4.73991
 20
0.44097
 30
0.0
 10
-4.7184
 20
0.46672
 30
0.0
 10
-4.69511
 20
0.49142
 30
0.0
 10
-4.69511
 20
0.49142
 30
0.0
 10
-4.67113
 20
0.46355
 30
0.0
 10
-4.64714
 20
0.43532
 30
0.0
 10
-4.62421
 20
0.40604
 30
0.0
 10
-4.62421
 20
0.40604
 30
0.0
 10
-4.64996
 20
0.38064
 30
0.0
 10
-4.67535
 20
0.35489
 30
0.0
 10
-4.7011
 20
0.32914
 30
0.0
 10
-4.7011
 20
0.32914
 30
0.0
 10
-4.72122
 20
0.35736
 30
0.0
 10
-4.74203
 20
0.38488
 30
0.0
 10
-4.76037
 20
0.4138
 30
0.0
  0
SPLINE
  5
138
330
1F
100
AcDbEntity
  8
Camada 1
100
AcDbSpline
210
0.0
220
0.0
230
1.0
 70
    11
 71
     3
 72
    20
 73
    16
 74
     0
 42
0.0000000001
 43
0.0000000001
 12
1.0
 22
0.0
 32
0.0
 13
1.0
 23
0.0
 33
0.0
 40
0.0
 40
0.0
 40
0.0
 40
0.0
 40
0.2
 40
0.2
 40
0.2
 40
0.2
 40
0.4
 40
0.4
 40
0.4
 40
0.4
 40
0.6
 40
0.6
 40
0.6
 40
0.6
 40
1.0
 40
1.0
 40
1.0
 40
1.0
 10
-4.35609
 20
0.48965
 30
0.0
 10
-4.32822
 20
0.46567
 30
0.0
 10
-4.30035
 20
0.44167
 30
0.0
 10
-4.27248
 20
0.41733
 30
0.0
 10
-4.27248
 20
0.41733
 30
0.0
 10
-4.29718
 20
0.39546
 30
0.0
 10
-4.32257
 20
0.37465
 30
0.0
 10
-4.34869
 20
0.35453
 30
0.0
 10
-4.34869
 20
0.35453
 30
0.0
 10
-4.37938
 20
0.37253
 30
0.0
 10
-4.40725
 20
0.3937
 30
0.0
 10
-4.43583
 20
0.41451
 30
0.0
 10
-4.43583
 20
0.41451
 30
0.0
 10
-4.40937
 20
0.43956
 30
0.0
 10
-4.38255
 20
0.46496
 30
0.0
 10
-4.35609
 20
0.48965
 30
0.0
  0
SPLINE
  5
139
330
1F
100
AcDbEntity
  8
Camada 1
100
AcDbSpline
210
0.0
220
0.0
230
1.0
 70
    11
 71
     3
 72
    16
 73
    12
 74
     0
 42
0.0000000001
 43
0.0000000001
 12
1.0
 22
0.0
 32
0.0
 13
1.0
 23
0.0
 33
0.0
 40
0.0
 40
0.0
 40
0.0
 40
0.0
 40
0.25
 40
0.25
 40
0.25
 40
0.25
 40
0.5
 40
0.5
 40
0.5
 40
0.5
 40
1.0
 40
1.0
 40
1.0
 40
1.0
 10
-2.72308
 20
0.38276
 30
0.0
 10
-2.77354
 20
0.42367
 30
0.0
 10
-2.69558
 20
0.46813
 30
0.0
 10
-2.67864
 20
0.50375
 30
0.0
 10
-2.67864
 20
0.50375
 30
0.0
 10
-2.65465
 20
0.47096
 30
0.0
 10
-2.62678
 20
0.43992
 30
0.0
 10
-2.61126
 20
0.40181
 30
0.0
 10
-2.61126
 20
0.40181
 30
0.0
 10
-2.6363
 20
0.36442
 30
0.0
 10
-2.69063
 20
0.33867
 30
0.0
 10
-2.72308
 20
0.38276
 30
0.0
  0
SPLINE
  5
13A
330
1F
100
AcDbEntity
  8
Camada 1
100
AcDbSpline
210
0.0
220
0.0
230
1.0
 70
    11
 71
     3
 72
    12
 73
     8
 74
     0
 42
0.0000000001
 43
0.0000000001
 12
1.0
 22
0.0
 32
0.0
 13
1.0
 23
0.0
 33
0.0
 40
0.0
 40
0.0
 40
0.0
 40
0.0
 40
0.3333333333333333
 40
0.3333333333333333
 40
0.3333333333333333
 40
0.3333333333333333
 40
1.0
 40
1.0
 40
1.0
 40
1.0
 10
-2.52942
 20
0.31009
 30
0.0
 10
-2.47721
 20
0.31891
 30
0.0
 10
-2.41087
 20
0.25259
 30
0.0
 10
-2.46698
 20
0.21096
 30
0.0
 10
-2.46698
 20
0.21096
 30
0.0
 10
-2.52411
 20
0.12876
 30
0.0
 10
-2.6229
 20
0.27481
 30
0.0
 10
-2.52942
 20
0.31009
 30
0.0
  0
SPLINE
  5
13B
330
1F
100
AcDbEntity
  8
Camada 1
100
AcDbSpline
210
0.0
220
0.0
230
1.0
 70
    11
 71
     3
 72
    16
 73
    12
 74
     0
 42
0.0000000001
 43
0.0000000001
 12
1.0
 22
0.0
 32
0.0
 13
1.0
 23
0.0
 33
0.0
 40
0.0
 40
0.0
 40
0.0
 40
0.0
 40
0.25
 40
0.25
 40
0.25
 40
0.25
 40
0.5
 40
0.5
 40
0.5
 40
0.5
 40
1.0
 40
1.0
 40
1.0
 40
1.0
 10
-6.36481
 20
-0.57643
 30
0.0
 10
-6.36481
 20
-0.51082
 30
0.0
 10
-6.40927
 20
-0.38276
 30
0.0
 10
-6.30977
 20
-0.37641
 30
0.0
 10
-6.30977
 20
-0.37641
 30
0.0
 10
-6.2177
 20
-0.35243
 30
0.0
 10
-6.14115
 20
-0.49213
 30
0.0
 10
-6.2237
 20
-0.55068
 30
0.0
 10
-6.2237
 20
-0.55068
 30
0.0
 10
-6.25934
 20
-0.59124
 30
0.0
 10
-6.31789
 20
-0.57185
 30
0.0
 10
-6.36481
 20
-0.57643
 30
0.0
  0
SPLINE
  5
13C
330
1F
100
AcDbEntity
  8
Camada 1
100
AcDbSpline
210
0.0
220
0.0
230
1.0
 70
    11
 71
     3
 72
    16
 73
    12
 74
     0
 42
0.0000000001
 43
0.0000000001
 12
1.0
 22
0.0
 32
0.0
 13
1.0
 23
0.0
 33
0.0
 40
0.0
 40
0.0
 40
0.0
 40
0.0
 40
0.25
 40
0.25
 40
0.25
 40
0.25
 40
0.5
 40
0.5
 40
0.5
 40
0.5
 40
1.0
 40
1.0
 40
1.0
 40
1.0
 10
-5.68147
 20
-0.45049
 30
0.0
 10
-5.66914
 20
-0.39017
 30
0.0
 10
-5.60105
 20
-0.38488
 30
0.0
 10
-5.55449
 20
-0.363
 30
0.0
 10
-5.55449
 20
-0.363
 30
0.0
 10
-5.50192
 20
-0.4071
 30
0.0
 10
-5.44194
 20
-0.49635
 30
0.0
 10
-5.51497
 20
-0.55104
 30
0.0
 10
-5.51497
 20
-0.55104
 30
0.0
 10
-5.58095
 20
-0.63041
 30
0.0
 10
-5.71605
 20
-0.5401
 30
0.0
 10
-5.68147
 20
-0.45049
 30
0.0
  0
SPLINE
  5
13D
330
1F
100
AcDbEntity
  8
Camada 1
100
AcDbSpline
210
0.0
220
0.0
230
1.0
 70
    11
 71
     3
 72
    16
 73
    12
 74
     0
 42
0.0000000001
 43
0.0000000001
 12
1.0
 22
0.0
 32
0.0
 13
1.0
 23
0.0
 33
0.0
 40
0.0
 40
0.0
 40
0.0
 40
0.0
 40
0.25
 40
0.25
 40
0.25
 40
0.25
 40
0.5
 40
0.5
 40
0.5
 40
0.5
 40
1.0
 40
1.0
 40
1.0
 40
1.0
 10
-4.17936
 20
-0.3757
 30
0.0
 10
-4.11868
 20
-0.36688
 30
0.0
 10
-4.05448
 20
-0.42403
 30
0.0
 10
-4.0661
 20
-0.48789
 30
0.0
 10
-4.0661
 20
-0.48789
 30
0.0
 10
-4.06541
 20
-0.56127
 30
0.0
 10
-4.1723
 20
-0.61241
 30
0.0
 10
-4.22627
 20
-0.55879
 30
0.0
 10
-4.22627
 20
-0.55879
 30
0.0
 10
-4.29718
 20
-0.51187
 30
0.0
 10
-4.2672
 20
-0.3824
 30
0.0
 10
-4.17936
 20
-0.3757
 30
0.0
  0
SPLINE
  5
13E
330
1F
100
AcDbEntity
  8
Camada 1
100
AcDbSpline
210
0.0
220
0.0
230
1.0
 70
    11
 71
     3
 72
    12
 73
     8
 74
     0
 42
0.0000000001
 43
0.0000000001
 12
1.0
 22
0.0
 32
0.0
 13
1.0
 23
0.0
 33
0.0
 40
0.0
 40
0.0
 40
0.0
 40
0.0
 40
0.3333333333333333
 40
0.3333333333333333
 40
0.3333333333333333
 40
0.3333333333333333
 40
1.0
 40
1.0
 40
1.0
 40
1.0
 10
-3.4752
 20
-0.37535
 30
0.0
 10
-3.34926
 20
-0.35277
 30
0.0
 10
-3.30941
 20
-0.55633
 30
0.0
 10
-3.43853
 20
-0.57925
 30
0.0
 10
-3.43853
 20
-0.57925
 30
0.0
 10
-3.56799
 20
-0.60783
 30
0.0
 10
-3.60469
 20
-0.39722
 30
0.0
 10
-3.4752
 20
-0.37535
 30
0.0
  0
SPLINE
  5
13F
330
1F
100
AcDbEntity
  8
Camada 1
100
AcDbSpline
210
0.0
220
0.0
230
1.0
 70
    11
 71
     3
 72
    16
 73
    12
 74
     0
 42
0.0000000001
 43
0.0000000001
 12
1.0
 22
0.0
 32
0.0
 13
1.0
 23
0.0
 33
0.0
 40
0.0
 40
0.0
 40
0.0
 40
0.0
 40
0.25
 40
0.25
 40
0.25
 40
0.25
 40
0.5
 40
0.5
 40
0.5
 40
0.5
 40
1.0
 40
1.0
 40
1.0
 40
1.0
 10
-2.77001
 20
-0.36194
 30
0.0
 10
-2.7245
 20
-0.38876
 30
0.0
 10
-2.64829
 20
-0.39758
 30
0.0
 10
-2.65041
 20
-0.46496
 30
0.0
 10
-2.65041
 20
-0.46496
 30
0.0
 10
-2.62784
 20
-0.56868
 30
0.0
 10
-2.78165
 20
-0.62723
 30
0.0
 10
-2.8342
 20
-0.53481
 30
0.0
 10
-2.8342
 20
-0.53481
 30
0.0
 10
-2.8829
 20
-0.46777
 30
0.0
 10
-2.81834
 20
-0.40286
 30
0.0
 10
-2.77001
 20
-0.36194
 30
0.0
  0
SPLINE
  5
140
330
1F
100
AcDbEntity
  8
Camada 1
100
AcDbSpline
210
0.0
220
0.0
230
1.0
 70
    11
 71
     3
 72
    16
 73
    12
 74
     0
 42
0.0000000001
 43
0.0000000001
 12
1.0
 22
0.0
 32
0.0
 13
1.0
 23
0.0
 33
0.0
 40
0.0
 40
0.0
 40
0.0
 40
0.0
 40
0.25
 40
0.25
 40
0.25
 40
0.25
 40
0.5
 40
0.5
 40
0.5
 40
0.5
 40
1.0
 40
1.0
 40
1.0
 40
1.0
 10
2.70157
 20
-0.37606
 30
0.0
 10
2.76684
 20
-0.35877
 30
0.0
 10
2.82434
 20
-0.41485
 30
0.0
 10
2.83069
 20
-0.47766
 30
0.0
 10
2.83069
 20
-0.47766
 30
0.0
 10
2.83386
 20
-0.55879
 30
0.0
 10
2.71921
 20
-0.62052
 30
0.0
 10
2.661
 20
-0.55279
 30
0.0
 10
2.661
 20
-0.55279
 30
0.0
 10
2.59186
 20
-0.50411
 30
0.0
 10
2.62573
 20
-0.39652
 30
0.0
 10
2.70157
 20
-0.37606
 30
0.0
  0
SPLINE
  5
141
330
1F
100
AcDbEntity
  8
Camada 1
100
AcDbSpline
210
0.0
220
0.0
230
1.0
 70
    11
 71
     3
 72
    20
 73
    16
 74
     0
 42
0.0000000001
 43
0.0000000001
 12
1.0
 22
0.0
 32
0.0
 13
1.0
 23
0.0
 33
0.0
 40
0.0
 40
0.0
 40
0.0
 40
0.0
 40
0.2
 40
0.2
 40
0.2
 40
0.2
 40
0.4
 40
0.4
 40
0.4
 40
0.4
 40
0.6
 40
0.6
 40
0.6
 40
0.6
 40
1.0
 40
1.0
 40
1.0
 40
1.0
 10
3.41665
 20
-0.36653
 30
0.0
 10
3.4925
 20
-0.37818
 30
0.0
 10
3.53236
 20
-0.43638
 30
0.0
 10
3.55035
 20
-0.50623
 30
0.0
 10
3.55035
 20
-0.50623
 30
0.0
 10
3.50767
 20
-0.54504
 30
0.0
 10
3.44699
 20
-0.61453
 30
0.0
 10
3.38561
 20
-0.56515
 30
0.0
 10
3.38561
 20
-0.56515
 30
0.0
 10
3.32634
 20
-0.54222
 30
0.0
 10
3.33869
 20
-0.47695
 30
0.0
 10
3.33445
 20
-0.4265
 30
0.0
 10
3.33445
 20
-0.4265
 30
0.0
 10
3.35492
 20
-0.41134
 30
0.0
 10
3.39619
 20
-0.38135
 30
0.0
 10
3.41665
 20
-0.36653
 30
0.0
  0
SPLINE
  5
142
330
1F
100
AcDbEntity
  8
Camada 1
100
AcDbSpline
210
0.0
220
0.0
230
1.0
 70
    11
 71
     3
 72
    16
 73
    12
 74
     0
 42
0.0000000001
 43
0.0000000001
 12
1.0
 22
0.0
 32
0.0
 13
1.0
 23
0.0
 33
0.0
 40
0.0
 40
0.0
 40
0.0
 40
0.0
 40
0.25
 40
0.25
 40
0.25
 40
0.25
 40
0.5
 40
0.5
 40
0.5
 40
0.5
 40
1.0
 40
1.0
 40
1.0
 40
1.0
 10
4.07423
 20
-0.40498
 30
0.0
 10
4.13315
 20
-0.32985
 30
0.0
 10
4.26013
 20
-0.40111
 30
0.0
 10
4.24744
 20
-0.48789
 30
0.0
 10
4.24744
 20
-0.48789
 30
0.0
 10
4.2418
 20
-0.55562
 30
0.0
 10
4.1656
 20
-0.5775
 30
0.0
 10
4.1102
 20
-0.59055
 30
0.0
 10
4.1102
 20
-0.59055
 30
0.0
 10
4.06082
 20
-0.54504
 30
0.0
 10
4.00049
 20
-0.45895
 30
0.0
 10
4.07423
 20
-0.40498
 30
0.0
  0
SPLINE
  5
143
330
1F
100
AcDbEntity
  8
Camada 1
100
AcDbSpline
210
0.0
220
0.0
230
1.0
 70
    11
 71
     3
 72
    16
 73
    12
 74
     0
 42
0.0000000001
 43
0.0000000001
 12
1.0
 22
0.0
 32
0.0
 13
1.0
 23
0.0
 33
0.0
 40
0.0
 40
0.0
 40
0.0
 40
0.0
 40
0.25
 40
0.25
 40
0.25
 40
0.25
 40
0.5
 40
0.5
 40
0.5
 40
0.5
 40
1.0
 40
1.0
 40
1.0
 40
1.0
 10
4.74839
 20
-0.46284
 30
0.0
 10
4.75438
 20
-0.39546
 30
0.0
 10
4.83234
 20
-0.38028
 30
0.0
 10
4.88492
 20
-0.36442
 30
0.0
 10
4.88492
 20
-0.36442
 30
0.0
 10
4.93218
 20
-0.41098
 30
0.0
 10
4.9918
 20
-0.49106
 30
0.0
 10
4.92337
 20
-0.54785
 30
0.0
 10
4.92337
 20
-0.54785
 30
0.0
 10
4.86339
 20
-0.62759
 30
0.0
 10
4.73145
 20
-0.55316
 30
0.0
 10
4.74839
 20
-0.46284
 30
0.0
  0
SPLINE
  5
144
330
1F
100
AcDbEntity
  8
Camada 1
100
AcDbSpline
210
0.0
220
0.0
230
1.0
 70
    11
 71
     3
 72
    16
 73
    12
 74
     0
 42
0.0000000001
 43
0.0000000001
 12
1.0
 22
0.0
 32
0.0
 13
1.0
 23
0.0
 33
0.0
 40
0.0
 40
0.0
 40
0.0
 40
0.0
 40
0.25
 40
0.25
 40
0.25
 40
0.25
 40
0.5
 40
0.5
 40
0.5
 40
0.5
 40
1.0
 40
1.0
 40
1.0
 40
1.0
 10
5.4557
 20
-0.4646
 30
0.0
 10
5.46028
 20
-0.39722
 30
0.0
 10
5.53826
 20
-0.3824
 30
0.0
 10
5.59011
 20
-0.36371
 30
0.0
 10
5.59011
 20
-0.36371
 30
0.0
 10
5.64091
 20
-0.40815
 30
0.0
 10
5.7023
 20
-0.49354
 30
0.0
 10
5.62926
 20
-0.54926
 30
0.0
 10
5.62926
 20
-0.54926
 30
0.0
 10
5.56965
 20
-0.62652
 30
0.0
 10
5.43984
 20
-0.55279
 30
0.0
 10
5.4557
 20
-0.4646
 30
0.0
  0
SPLINE
  5
145
330
1F
100
AcDbEntity
  8
Camada 1
100
AcDbSpline
210
0.0
220
0.0
230
1.0
 70
    11
 71
     3
 72
    16
 73
    12
 74
     0
 42
0.0000000001
 43
0.0000000001
 12
1.0
 22
0.0
 32
0.0
 13
1.0
 23
0.0
 33
0.0
 40
0.0
 40
0.0
 40
0.0
 40
0.0
 40
0.25
 40
0.25
 40
0.25
 40
0.25
 40
0.5
 40
0.5
 40
0.5
 40
0.5
 40
1.0
 40
1.0
 40
1.0
 40
1.0
 10
6.16338
 20
-0.48753
 30
0.0
 10
6.15456
 20
-0.39687
 30
0.0
 10
6.25863
 20
-0.36759
 30
0.0
 10
6.3306
 20
-0.37041
 30
0.0
 10
6.3306
 20
-0.37041
 30
0.0
 10
6.34612
 20
-0.43956
 30
0.0
 10
6.34576
 20
-0.51047
 30
0.0
 10
6.33482
 20
-0.58032
 30
0.0
 10
6.33482
 20
-0.58032
 30
0.0
 10
6.26604
 20
-0.58666
 30
0.0
 10
6.17185
 20
-0.57185
 30
0.0
 10
6.16338
 20
-0.48753
 30
0.0
  0
SPLINE
  5
146
330
1F
100
AcDbEntity
  8
Camada 1
100
AcDbSpline
210
0.0
220
0.0
230
1.0
 70
    11
 71
     3
 72
    16
 73
    12
 74
     0
 42
0.0000000001
 43
0.0000000001
 12
1.0
 22
0.0
 32
0.0
 13
1.0
 23
0.0
 33
0.0
 40
0.0
 40
0.0
 40
0.0
 40
0.0
 40
0.25
 40
0.25
 40
0.25
 40
0.25
 40
0.5
 40
0.5
 40
0.5
 40
0.5
 40
1.0
 40
1.0
 40
1.0
 40
1.0
 10
-4.95335
 20
-0.41205
 30
0.0
 10
-4.90326
 20
-0.34008
 30
0.0
 10
-4.77943
 20
-0.37923
 30
0.0
 10
-4.77519
 20
-0.46248
 30
0.0
 10
-4.77519
 20
-0.46248
 30
0.0
 10
-4.75402
 20
-0.54397
 30
0.0
 10
-4.86974
 20
-0.62052
 30
0.0
 10
-4.93218
 20
-0.56127
 30
0.0
 10
-4.93218
 20
-0.56127
 30
0.0
 10
-4.98157
 20
-0.53128
 30
0.0
 10
-4.98298
 20
-0.45578
 30
0.0
 10
-4.95335
 20
-0.41205
 30
0.0
  0
SPLINE
  5
147
330
1F
100
AcDbEntity
  8
Camada 1
100
AcDbSpline
210
0.0
220
0.0
230
1.0
 70
    11
 71
     3
 72
    20
 73
    16
 74
     0
 42
0.0000000001
 43
0.0000000001
 12
1.0
 22
0.0
 32
0.0
 13
1.0
 23
0.0
 33
0.0
 40
0.0
 40
0.0
 40
0.0
 40
0.0
 40
0.2
 40
0.2
 40
0.2
 40
0.2
 40
0.4
 40
0.4
 40
0.4
 40
0.4
 40
0.6
 40
0.6
 40
0.6
 40
0.6
 40
1.0
 40
1.0
 40
1.0
 40
1.0
 10
-1.50988
 20
-0.74999
 30
0.0
 10
-1.26118
 20
-0.7507
 30
0.0
 10
-1.01282
 20
-0.75035
 30
0.0
 10
-0.76412
 20
-0.7507
 30
0.0
 10
-0.76412
 20
-0.7507
 30
0.0
 10
-0.76446
 20
-0.99905
 30
0.0
 10
-0.76412
 20
-1.24741
 30
0.0
 10
-0.76446
 20
-1.49577
 30
0.0
 10
-0.76446
 20
-1.49577
 30
0.0
 10
-1.01282
 20
-1.49613
 30
0.0
 10
-1.26118
 20
-1.49472
 30
0.0
 10
-1.50953
 20
-1.49684
 30
0.0
 10
-1.50953
 20
-1.49684
 30
0.0
 10
-1.50847
 20
-1.24777
 30
0.0
 10
-1.50847
 20
-0.99905
 30
0.0
 10
-1.50988
 20
-0.74999
 30
0.0
  0
SPLINE
  5
148
330
1F
100
AcDbEntity
  8
Camada 1
100
AcDbSpline
210
0.0
220
0.0
230
1.0
 70
    11
 71
     3
 72
    20
 73
    16
 74
     0
 42
0.0000000001
 43
0.0000000001
 12
1.0
 22
0.0
 32
0.0
 13
1.0
 23
0.0
 33
0.0
 40
0.0
 40
0.0
 40
0.0
 40
0.0
 40
0.2
 40
0.2
 40
0.2
 40
0.2
 40
0.4
 40
0.4
 40
0.4
 40
0.4
 40
0.6
 40
0.6
 40
0.6
 40
0.6
 40
1.0
 40
1.0
 40
1.0
 40
1.0
 10
-0.01057
 20
-0.75106
 30
0.0
 10
0.23847
 20
-0.74999
 30
0.0
 10
0.48718
 20
-0.7507
 30
0.0
 10
0.73625
 20
-0.75035
 30
0.0
 10
0.73625
 20
-0.75035
 30
0.0
 10
0.73483
 20
-0.99905
 30
0.0
 10
0.73518
 20
-1.24812
 30
0.0
 10
0.73589
 20
-1.49718
 30
0.0
 10
0.73589
 20
-1.49718
 30
0.0
 10
0.48718
 20
-1.49401
 30
0.0
 10
0.23847
 20
-1.49718
 30
0.0
 10
-0.01023
 20
-1.49506
 30
0.0
 10
-0.01023
 20
-1.49506
 30
0.0
 10
-0.00987
 20
-1.24707
 30
0.0
 10
-0.00987
 20
-0.99905
 30
0.0
 10
-0.01057
 20
-0.75106
 30
0.0
  0
SPLINE
  5
149
330
1F
100
AcDbEntity
  8
Camada 1
100
AcDbSpline
210
0.0
220
0.0
230
1.0
 70
    11
 71
     3
 72
    16
 73
    12
 74
     0
 42
0.0000000001
 43
0.0000000001
 12
1.0
 22
0.0
 32
0.0
 13
1.0
 23
0.0
 33
0.0
 40
0.0
 40
0.0
 40
0.0
 40
0.0
 40
0.25
 40
0.25
 40
0.25
 40
0.25
 40
0.5
 40
0.5
 40
0.5
 40
0.5
 40
1.0
 40
1.0
 40
1.0
 40
1.0
 10
-6.37821
 20
-1.11512
 30
0.0
 10
-6.31155
 20
-1.06997
 30
0.0
 10
-6.20642
 20
-1.07492
 30
0.0
 10
-6.18949
 20
-1.16945
 30
0.0
 10
-6.18949
 20
-1.16945
 30
0.0
 10
-6.17326
 20
-1.26894
 30
0.0
 10
-6.28473
 20
-1.29998
 30
0.0
 10
-6.36235
 20
-1.2841
 30
0.0
 10
-6.36235
 20
-1.2841
 30
0.0
 10
-6.36869
 20
-1.22765
 30
0.0
 10
-6.37363
 20
-1.17122
 30
0.0
 10
-6.37821
 20
-1.11512
 30
0.0
  0
SPLINE
  5
14A
330
1F
100
AcDbEntity
  8
Camada 1
100
AcDbSpline
210
0.0
220
0.0
230
1.0
 70
    11
 71
     3
 72
    16
 73
    12
 74
     0
 42
0.0000000001
 43
0.0000000001
 12
1.0
 22
0.0
 32
0.0
 13
1.0
 23
0.0
 33
0.0
 40
0.0
 40
0.0
 40
0.0
 40
0.0
 40
0.25
 40
0.25
 40
0.25
 40
0.25
 40
0.5
 40
0.5
 40
0.5
 40
0.5
 40
1.0
 40
1.0
 40
1.0
 40
1.0
 10
-5.66596
 20
-1.10737
 30
0.0
 10
-5.60387
 20
-1.08196
 30
0.0
 10
-5.51992
 20
-1.0682
 30
0.0
 10
-5.48852
 20
-1.14511
 30
0.0
 10
-5.48852
 20
-1.14511
 30
0.0
 10
-5.43913
 20
-1.24495
 30
0.0
 10
-5.59364
 20
-1.34549
 30
0.0
 10
-5.65925
 20
-1.25201
 30
0.0
 10
-5.65925
 20
-1.25201
 30
0.0
 10
-5.70547
 20
-1.2125
 30
0.0
 10
-5.67443
 20
-1.15534
 30
0.0
 10
-5.66596
 20
-1.10737
 30
0.0
  0
SPLINE
  5
14B
330
1F
100
AcDbEntity
  8
Camada 1
100
AcDbSpline
210
0.0
220
0.0
230
1.0
 70
    11
 71
     3
 72
    24
 73
    20
 74
     0
 42
0.0000000001
 43
0.0000000001
 12
1.0
 22
0.0
 32
0.0
 13
1.0
 23
0.0
 33
0.0
 40
0.0
 40
0.0
 40
0.0
 40
0.0
 40
0.1666666666666667
 40
0.1666666666666667
 40
0.1666666666666667
 40
0.1666666666666667
 40
0.3333333333333333
 40
0.3333333333333333
 40
0.3333333333333333
 40
0.3333333333333333
 40
0.5
 40
0.5
 40
0.5
 40
0.5
 40
0.6666666666666666
 40
0.6666666666666666
 40
0.6666666666666666
 40
0.6666666666666666
 40
1.0
 40
1.0
 40
1.0
 40
1.0
 10
-4.25874
 20
-1.12148
 30
0.0
 10
-4.22697
 20
-1.10666
 30
0.0
 10
-4.19522
 20
-1.09149
 30
0.0
 10
-4.16348
 20
-1.07631
 30
0.0
 10
-4.16348
 20
-1.07631
 30
0.0
 10
-4.13419
 20
-1.09149
 30
0.0
 10
-4.10491
 20
-1.10666
 30
0.0
 10
-4.07563
 20
-1.12182
 30
0.0
 10
-4.07563
 20
-1.12182
 30
0.0
 10
-4.07105
 20
-1.1624
 30
0.0
 10
-4.06788
 20
-1.20332
 30
0.0
 10
-4.06646
 20
-1.24424
 30
0.0
 10
-4.06646
 20
-1.24424
 30
0.0
 10
-4.11585
 20
-1.26753
 30
0.0
 10
-4.17936
 20
-1.31692
 30
0.0
 10
-4.22875
 20
-1.26612
 30
0.0
 10
-4.22875
 20
-1.26612
 30
0.0
 10
-4.27955
 20
-1.23472
 30
0.0
 10
-4.25379
 20
-1.16981
 30
0.0
 10
-4.25874
 20
-1.12148
 30
0.0
  0
SPLINE
  5
14C
330
1F
100
AcDbEntity
  8
Camada 1
100
AcDbSpline
210
0.0
220
0.0
230
1.0
 70
    11
 71
     3
 72
    16
 73
    12
 74
     0
 42
0.0000000001
 43
0.0000000001
 12
1.0
 22
0.0
 32
0.0
 13
1.0
 23
0.0
 33
0.0
 40
0.0
 40
0.0
 40
0.0
 40
0.0
 40
0.25
 40
0.25
 40
0.25
 40
0.25
 40
0.5
 40
0.5
 40
0.5
 40
0.5
 40
1.0
 40
1.0
 40
1.0
 40
1.0
 10
-3.54682
 20
-1.23401
 30
0.0
 10
-3.59375
 20
-1.1578
 30
0.0
 10
-3.5133
 20
-1.10067
 30
0.0
 10
-3.45722
 20
-1.06715
 30
0.0
 10
-3.45722
 20
-1.06715
 30
0.0
 10
-3.41383
 20
-1.10137
 30
0.0
 10
-3.34115
 20
-1.12994
 30
0.0
 10
-3.35808
 20
-1.19979
 30
0.0
 10
-3.35808
 20
-1.19979
 30
0.0
 10
-3.36091
 20
-1.29611
 30
0.0
 10
-3.51013
 20
-1.32257
 30
0.0
 10
-3.54682
 20
-1.23401
 30
0.0
  0
SPLINE
  5
14D
330
1F
100
AcDbEntity
  8
Camada 1
100
AcDbSpline
210
0.0
220
0.0
230
1.0
 70
    11
 71
     3
 72
    12
 73
     8
 74
     0
 42
0.0000000001
 43
0.0000000001
 12
1.0
 22
0.0
 32
0.0
 13
1.0
 23
0.0
 33
0.0
 40
0.0
 40
0.0
 40
0.0
 40
0.0
 40
0.3333333333333333
 40
0.3333333333333333
 40
0.3333333333333333
 40
0.3333333333333333
 40
1.0
 40
1.0
 40
1.0
 40
1.0
 10
-2.76789
 20
-1.08408
 30
0.0
 10
-2.64865
 20
-1.05621
 30
0.0
 10
-2.59961
 20
-1.25377
 30
0.0
 10
-2.71955
 20
-1.28551
 30
0.0
 10
-2.71955
 20
-1.28551
 30
0.0
 10
-2.8515
 20
-1.32749
 30
0.0
 10
-2.90335
 20
-1.10808
 30
0.0
 10
-2.76789
 20
-1.08408
 30
0.0
  0
SPLINE
  5
14E
330
1F
100
AcDbEntity
  8
Camada 1
100
AcDbSpline
210
0.0
220
0.0
230
1.0
 70
    11
 71
     3
 72
    16
 73
    12
 74
     0
 42
0.0000000001
 43
0.0000000001
 12
1.0
 22
0.0
 32
0.0
 13
1.0
 23
0.0
 33
0.0
 40
0.0
 40
0.0
 40
0.0
 40
0.0
 40
0.25
 40
0.25
 40
0.25
 40
0.25
 40
0.5
 40
0.5
 40
0.5
 40
0.5
 40
1.0
 40
1.0
 40
1.0
 40
1.0
 10
2.70298
 20
-1.08374
 30
0.0
 10
2.77883
 20
-1.06327
 30
0.0
 10
2.86385
 20
-1.16382
 30
0.0
 10
2.81657
 20
-1.23084
 30
0.0
 10
2.81657
 20
-1.23084
 30
0.0
 10
2.79293
 20
-1.29329
 30
0.0
 10
2.70121
 20
-1.30986
 30
0.0
 10
2.65747
 20
-1.25906
 30
0.0
 10
2.65747
 20
-1.25906
 30
0.0
 10
2.59221
 20
-1.21038
 30
0.0
 10
2.62854
 20
-1.10208
 30
0.0
 10
2.70298
 20
-1.08374
 30
0.0
  0
SPLINE
  5
14F
330
1F
100
AcDbEntity
  8
Camada 1
100
AcDbSpline
210
0.0
220
0.0
230
1.0
 70
    11
 71
     3
 72
    16
 73
    12
 74
     0
 42
0.0000000001
 43
0.0000000001
 12
1.0
 22
0.0
 32
0.0
 13
1.0
 23
0.0
 33
0.0
 40
0.0
 40
0.0
 40
0.0
 40
0.0
 40
0.25
 40
0.25
 40
0.25
 40
0.25
 40
0.5
 40
0.5
 40
0.5
 40
0.5
 40
1.0
 40
1.0
 40
1.0
 40
1.0
 10
3.40571
 20
-1.07102
 30
0.0
 10
3.48192
 20
-1.08549
 30
0.0
 10
3.53306
 20
-1.13629
 30
0.0
 10
3.5507
 20
-1.21143
 30
0.0
 10
3.5507
 20
-1.21143
 30
0.0
 10
3.5059
 20
-1.26293
 30
0.0
 10
3.42652
 20
-1.32749
 30
0.0
 10
3.36585
 20
-1.25871
 30
0.0
 10
3.36585
 20
-1.25871
 30
0.0
 10
3.29211
 20
-1.20297
 30
0.0
 10
3.35385
 20
-1.11583
 30
0.0
 10
3.40571
 20
-1.07102
 30
0.0
  0
SPLINE
  5
150
330
1F
100
AcDbEntity
  8
Camada 1
100
AcDbSpline
210
0.0
220
0.0
230
1.0
 70
    11
 71
     3
 72
    16
 73
    12
 74
     0
 42
0.0000000001
 43
0.0000000001
 12
1.0
 22
0.0
 32
0.0
 13
1.0
 23
0.0
 33
0.0
 40
0.0
 40
0.0
 40
0.0
 40
0.0
 40
0.25
 40
0.25
 40
0.25
 40
0.25
 40
0.5
 40
0.5
 40
0.5
 40
0.5
 40
1.0
 40
1.0
 40
1.0
 40
1.0
 10
4.11444
 20
-1.06997
 30
0.0
 10
4.19028
 20
-1.08654
 30
0.0
 10
4.2439
 20
-1.13629
 30
0.0
 10
4.25838
 20
-1.21462
 30
0.0
 10
4.25838
 20
-1.21462
 30
0.0
 10
4.20158
 20
-1.29399
 30
0.0
 10
4.11302
 20
-1.30493
 30
0.0
 10
4.03754
 20
-1.24319
 30
0.0
 10
4.03754
 20
-1.24319
 30
0.0
 10
4.03436
 20
-1.17439
 30
0.0
 10
4.06223
 20
-1.11478
 30
0.0
 10
4.11444
 20
-1.06997
 30
0.0
  0
SPLINE
  5
151
330
1F
100
AcDbEntity
  8
Camada 1
100
AcDbSpline
210
0.0
220
0.0
230
1.0
 70
    11
 71
     3
 72
    16
 73
    12
 74
     0
 42
0.0000000001
 43
0.0000000001
 12
1.0
 22
0.0
 32
0.0
 13
1.0
 23
0.0
 33
0.0
 40
0.0
 40
0.0
 40
0.0
 40
0.0
 40
0.25
 40
0.25
 40
0.25
 40
0.25
 40
0.5
 40
0.5
 40
0.5
 40
0.5
 40
1.0
 40
1.0
 40
1.0
 40
1.0
 10
4.81965
 20
-1.08584
 30
0.0
 10
4.89338
 20
-1.05833
 30
0.0
 10
4.97804
 20
-1.14229
 30
0.0
 10
4.94946
 20
-1.21673
 30
0.0
 10
4.94946
 20
-1.21673
 30
0.0
 10
4.92901
 20
-1.28551
 30
0.0
 10
4.82564
 20
-1.31762
 30
0.0
 10
4.77908
 20
-1.25552
 30
0.0
 10
4.77908
 20
-1.25552
 30
0.0
 10
4.71699
 20
-1.20543
 30
0.0
 10
4.75297
 20
-1.11125
 30
0.0
 10
4.81965
 20
-1.08584
 30
0.0
  0
SPLINE
  5
152
330
1F
100
AcDbEntity
  8
Camada 1
100
AcDbSpline
210
0.0
220
0.0
230
1.0
 70
    11
 71
     3
 72
    16
 73
    12
 74
     0
 42
0.0000000001
 43
0.0000000001
 12
1.0
 22
0.0
 32
0.0
 13
1.0
 23
0.0
 33
0.0
 40
0.0
 40
0.0
 40
0.0
 40
0.0
 40
0.25
 40
0.25
 40
0.25
 40
0.25
 40
0.5
 40
0.5
 40
0.5
 40
0.5
 40
1.0
 40
1.0
 40
1.0
 40
1.0
 10
5.44335
 20
-1.21284
 30
0.0
 10
5.45923
 20
-1.13665
 30
0.0
 10
5.5118
 20
-1.08761
 30
0.0
 10
5.58658
 20
-1.07032
 30
0.0
 10
5.58658
 20
-1.07032
 30
0.0
 10
5.6395
 20
-1.11337
 30
0.0
 10
5.70335
 20
-1.2012
 30
0.0
 10
5.62963
 20
-1.2573
 30
0.0
 10
5.62963
 20
-1.2573
 30
0.0
 10
5.56965
 20
-1.32785
 30
0.0
 10
5.48886
 20
-1.264
 30
0.0
 10
5.44335
 20
-1.21284
 30
0.0
  0
SPLINE
  5
153
330
1F
100
AcDbEntity
  8
Camada 1
100
AcDbSpline
210
0.0
220
0.0
230
1.0
 70
    11
 71
     3
 72
    20
 73
    16
 74
     0
 42
0.0000000001
 43
0.0000000001
 12
1.0
 22
0.0
 32
0.0
 13
1.0
 23
0.0
 33
0.0
 40
0.0
 40
0.0
 40
0.0
 40
0.0
 40
0.2
 40
0.2
 40
0.2
 40
0.2
 40
0.4
 40
0.4
 40
0.4
 40
0.4
 40
0.6
 40
0.6
 40
0.6
 40
0.6
 40
1.0
 40
1.0
 40
1.0
 40
1.0
 10
6.17714
 20
-1.22977
 30
0.0
 10
6.12739
 20
-1.15181
 30
0.0
 10
6.21911
 20
-1.08973
 30
0.0
 10
6.28685
 20
-1.0735
 30
0.0
 10
6.28685
 20
-1.0735
 30
0.0
 10
6.30344
 20
-1.08691
 30
0.0
 10
6.33659
 20
-1.11371
 30
0.0
 10
6.35316
 20
-1.12713
 30
0.0
 10
6.35316
 20
-1.12713
 30
0.0
 10
6.35423
 20
-1.16804
 30
0.0
 10
6.35528
 20
-1.20931
 30
0.0
 10
6.35706
 20
-1.2506
 30
0.0
 10
6.35706
 20
-1.2506
 30
0.0
 10
6.30096
 20
-1.29117
 30
0.0
 10
6.20994
 20
-1.30915
 30
0.0
 10
6.17714
 20
-1.22977
 30
0.0
  0
SPLINE
  5
154
330
1F
100
AcDbEntity
  8
Camada 1
100
AcDbSpline
210
0.0
220
0.0
230
1.0
 70
    11
 71
     3
 72
    16
 73
    12
 74
     0
 42
0.0000000001
 43
0.0000000001
 12
1.0
 22
0.0
 32
0.0
 13
1.0
 23
0.0
 33
0.0
 40
0.0
 40
0.0
 40
0.0
 40
0.0
 40
0.25
 40
0.25
 40
0.25
 40
0.25
 40
0.5
 40
0.5
 40
0.5
 40
0.5
 40
1.0
 40
1.0
 40
1.0
 40
1.0
 10
-4.90677
 20
-1.28763
 30
0.0
 10
-5.01332
 20
-1.24213
 30
0.0
 10
-4.97804
 20
-1.09326
 30
0.0
 10
-4.87327
 20
-1.07138
 30
0.0
 10
-4.87327
 20
-1.07138
 30
0.0
 10
-4.84893
 20
-1.08549
 30
0.0
 10
-4.80094
 20
-1.11371
 30
0.0
 10
-4.7766
 20
-1.12747
 30
0.0
 10
-4.7766
 20
-1.12747
 30
0.0
 10
-4.75826
 20
-1.21108
 30
0.0
 10
-4.80659
 20
-1.31197
 30
0.0
 10
-4.90677
 20
-1.28763
 30
0.0
  0
SPLINE
  5
155
330
1F
100
AcDbEntity
  8
Camada 1
100
AcDbSpline
210
0.0
220
0.0
230
1.0
 70
    11
 71
     3
 72
    68
 73
    64
 74
     0
 42
0.0000000001
 43
0.0000000001
 12
1.0
 22
0.0
 32
0.0
 13
1.0
 23
0.0
 33
0.0
 40
0.0
 40
0.0
 40
0.0
 40
0.0
 40
0.0588235294117647
 40
0.0588235294117647
 40
0.0588235294117647
 40
0.0588235294117647
 40
0.1176470588235294
 40
0.1176470588235294
 40
0.1176470588235294
 40
0.1176470588235294
 40
0.1764705882352941
 40
0.1764705882352941
 40
0.1764705882352941
 40
0.1764705882352941
 40
0.2352941176470588
 40
0.2352941176470588
 40
0.2352941176470588
 40
0.2352941176470588
 40
0.2941176470588235
 40
0.2941176470588235
 40
0.2941176470588235
 40
0.2941176470588235
 40
0.3529411764705883
 40
0.3529411764705883
 40
0.3529411764705883
 40
0.3529411764705883
 40
0.4117647058823529
 40
0.4117647058823529
 40
0.4117647058823529
 40
0.4117647058823529
 40
0.4705882352941176
 40
0.4705882352941176
 40
0.4705882352941176
 40
0.4705882352941176
 40
0.5294117647058824
 40
0.5294117647058824
 40
0.5294117647058824
 40
0.5294117647058824
 40
0.5882352941176471
 40
0.5882352941176471
 40
0.5882352941176471
 40
0.5882352941176471
 40
0.6470588235294118
 40
0.6470588235294118
 40
0.6470588235294118
 40
0.6470588235294118
 40
0.7058823529411765
 40
0.7058823529411765
 40
0.7058823529411765
 40
0.7058823529411765
 40
0.7647058823529411
 40
0.7647058823529411
 40
0.7647058823529411
 40
0.7647058823529411
 40
0.8235294117647058
 40
0.8235294117647058
 40
0.8235294117647058
 40
0.8235294117647058
 40
0.8823529411764706
 40
0.8823529411764706
 40
0.8823529411764706
 40
0.8823529411764706
 40
1.0
 40
1.0
 40
1.0
 40
1.0
 10
-0.75917
 20
-2.2158
 30
0.0
 10
-0.762
 20
-1.97696
 30
0.0
 10
-0.76059
 20
-1.73848
 30
0.0
 10
-0.76129
 20
-1.49965
 30
0.0
 10
-0.76129
 20
-1.49965
 30
0.0
 10
-0.51223
 20
-1.49965
 30
0.0
 10
-0.26317
 20
-1.50001
 30
0.0
 10
-0.01376
 20
-1.49965
 30
0.0
 10
-0.01376
 20
-1.49965
 30
0.0
 10
-0.01305
 20
-1.74837
 30
0.0
 10
-0.01376
 20
-1.99707
 30
0.0
 10
-0.0134
 20
-2.24613
 30
0.0
 10
-0.0134
 20
-2.24613
 30
0.0
 10
-0.24024
 20
-2.24508
 30
0.0
 10
-0.46708
 20
-2.24613
 30
0.0
 10
-0.69356
 20
-2.24367
 30
0.0
 10
-0.69356
 20
-2.24367
 30
0.0
 10
-0.74682
 20
-2.25178
 30
0.0
 10
-0.756
 20
-2.30823
 30
0.0
 10
-0.762
 20
-2.35196
 30
0.0
 10
-0.762
 20
-2.35196
 30
0.0
 10
-0.77045
 20
-2.5601
 30
0.0
 10
-0.75776
 20
-2.76895
 30
0.0
 10
-0.76834
 20
-2.97744
 30
0.0
 10
-0.76834
 20
-2.97744
 30
0.0
 10
-0.72636
 20
-2.9912
 30
0.0
 10
-0.68438
 20
-3.00813
 30
0.0
 10
-0.63853
 20
-3.00389
 30
0.0
 10
-0.63853
 20
-3.00389
 30
0.0
 10
-0.43039
 20
-3.0046
 30
0.0
 10
-0.22189
 20
-3.00355
 30
0.0
 10
-0.0134
 20
-3.00355
 30
0.0
 10
-0.0134
 20
-3.00355
 30
0.0
 10
-0.01376
 20
-3.25296
 30
0.0
 10
-0.0134
 20
-3.50202
 30
0.0
 10
-0.0134
 20
-3.75143
 30
0.0
 10
-0.0134
 20
-3.75143
 30
0.0
 10
-0.26282
 20
-3.75143
 30
0.0
 10
-0.51187
 20
-3.75143
 30
0.0
 10
-0.76093
 20
-3.75143
 30
0.0
 10
-0.76093
 20
-3.75143
 30
0.0
 10
-0.75812
 20
-3.50767
 30
0.0
 10
-0.76763
 20
-3.2639
 30
0.0
 10
-0.7553
 20
-3.02048
 30
0.0
 10
-0.7553
 20
-3.02048
 30
0.0
 10
-0.8269
 20
-2.98202
 30
0.0
 10
-0.9091
 20
-2.9979
 30
0.0
 10
-0.98672
 20
-3.00036
 30
0.0
 10
-0.98672
 20
-3.00036
 30
0.0
 10
-1.15992
 20
-3.00637
 30
0.0
 10
-1.33314
 20
-3.00002
 30
0.0
 10
-1.50636
 20
-3.00284
 30
0.0
 10
-1.50636
 20
-3.00284
 30
0.0
 10
-1.512
 20
-2.75132
 30
0.0
 10
-1.50741
 20
-2.49943
 30
0.0
 10
-1.50883
 20
-2.24754
 30
0.0
 10
-1.50883
 20
-2.24754
 30
0.0
 10
-1.26787
 20
-2.24825
 30
0.0
 10
-1.02517
 20
-2.25495
 30
0.0
 10
-0.78563
 20
-2.24754
 30
0.0
 10
-0.78563
 20
-2.24754
 30
0.0
 10
-0.77893
 20
-2.23979
 30
0.0
 10
-0.76588
 20
-2.22391
 30
0.0
 10
-0.75917
 20
-2.2158
 30
0.0
  0
SPLINE
  5
156
330
1F
100
AcDbEntity
  8
Camada 1
100
AcDbSpline
210
0.0
220
0.0
230
1.0
 70
    11
 71
     3
 72
    20
 73
    16
 74
     0
 42
0.0000000001
 43
0.0000000001
 12
1.0
 22
0.0
 32
0.0
 13
1.0
 23
0.0
 33
0.0
 40
0.0
 40
0.0
 40
0.0
 40
0.0
 40
0.2
 40
0.2
 40
0.2
 40
0.2
 40
0.4
 40
0.4
 40
0.4
 40
0.4
 40
0.6
 40
0.6
 40
0.6
 40
0.6
 40
1.0
 40
1.0
 40
1.0
 40
1.0
 10
-6.3754
 20
-1.82457
 30
0.0
 10
-6.34152
 20
-1.80939
 30
0.0
 10
-6.30731
 20
-1.79422
 30
0.0
 10
-6.27345
 20
-1.7794
 30
0.0
 10
-6.27345
 20
-1.7794
 30
0.0
 10
-6.23359
 20
-1.81785
 30
0.0
 10
-6.16584
 20
-1.85666
 30
0.0
 10
-6.19337
 20
-1.92263
 30
0.0
 10
-6.19337
 20
-1.92263
 30
0.0
 10
-6.2103
 20
-2.00166
 30
0.0
 10
-6.30202
 20
-1.9946
 30
0.0
 10
-6.36447
 20
-1.99036
 30
0.0
 10
-6.36447
 20
-1.99036
 30
0.0
 10
-6.36939
 20
-1.93498
 30
0.0
 10
-6.37292
 20
-1.87959
 30
0.0
 10
-6.3754
 20
-1.82457
 30
0.0
  0
SPLINE
  5
157
330
1F
100
AcDbEntity
  8
Camada 1
100
AcDbSpline
210
0.0
220
0.0
230
1.0
 70
    11
 71
     3
 72
    16
 73
    12
 74
     0
 42
0.0000000001
 43
0.0000000001
 12
1.0
 22
0.0
 32
0.0
 13
1.0
 23
0.0
 33
0.0
 40
0.0
 40
0.0
 40
0.0
 40
0.0
 40
0.25
 40
0.25
 40
0.25
 40
0.25
 40
0.5
 40
0.5
 40
0.5
 40
0.5
 40
1.0
 40
1.0
 40
1.0
 40
1.0
 10
-5.70442
 20
-1.90465
 30
0.0
 10
-5.67443
 20
-1.8482
 30
0.0
 10
-5.62926
 20
-1.80445
 30
0.0
 10
-5.57388
 20
-1.77341
 30
0.0
 10
-5.57388
 20
-1.77341
 30
0.0
 10
-5.50827
 20
-1.81151
 30
0.0
 10
-5.43736
 20
-1.90041
 30
0.0
 10
-5.5132
 20
-1.96639
 30
0.0
 10
-5.5132
 20
-1.96639
 30
0.0
 10
-5.57883
 20
-2.03941
 30
0.0
 10
-5.66561
 20
-1.96708
 30
0.0
 10
-5.70442
 20
-1.90465
 30
0.0
  0
SPLINE
  5
158
330
1F
100
AcDbEntity
  8
Camada 1
100
AcDbSpline
210
0.0
220
0.0
230
1.0
 70
    11
 71
     3
 72
    16
 73
    12
 74
     0
 42
0.0000000001
 43
0.0000000001
 12
1.0
 22
0.0
 32
0.0
 13
1.0
 23
0.0
 33
0.0
 40
0.0
 40
0.0
 40
0.0
 40
0.0
 40
0.25
 40
0.25
 40
0.25
 40
0.25
 40
0.5
 40
0.5
 40
0.5
 40
0.5
 40
1.0
 40
1.0
 40
1.0
 40
1.0
 10
-4.96569
 20
-1.93357
 30
0.0
 10
-5.00203
 20
-1.85349
 30
0.0
 10
-4.92478
 20
-1.80728
 30
0.0
 10
-4.86657
 20
-1.77411
 30
0.0
 10
-4.86657
 20
-1.77411
 30
0.0
 10
-4.83093
 20
-1.81044
 30
0.0
 10
-4.76532
 20
-1.83761
 30
0.0
 10
-4.77343
 20
-1.89864
 30
0.0
 10
-4.77343
 20
-1.89864
 30
0.0
 10
-4.76603
 20
-2.00271
 30
0.0
 10
-4.93818
 20
-2.03694
 30
0.0
 10
-4.96569
 20
-1.93357
 30
0.0
  0
SPLINE
  5
159
330
1F
100
AcDbEntity
  8
Camada 1
100
AcDbSpline
210
0.0
220
0.0
230
1.0
 70
    11
 71
     3
 72
    16
 73
    12
 74
     0
 42
0.0000000001
 43
0.0000000001
 12
1.0
 22
0.0
 32
0.0
 13
1.0
 23
0.0
 33
0.0
 40
0.0
 40
0.0
 40
0.0
 40
0.0
 40
0.25
 40
0.25
 40
0.25
 40
0.25
 40
0.5
 40
0.5
 40
0.5
 40
0.5
 40
1.0
 40
1.0
 40
1.0
 40
1.0
 10
-4.25696
 20
-1.93569
 30
0.0
 10
-4.29648
 20
-1.85737
 30
0.0
 10
-4.21815
 20
-1.80903
 30
0.0
 10
-4.16243
 20
-1.77341
 30
0.0
 10
-4.16243
 20
-1.77341
 30
0.0
 10
-4.12221
 20
-1.81081
 30
0.0
 10
-4.04988
 20
-1.83973
 30
0.0
 10
-4.06646
 20
-1.90782
 30
0.0
 10
-4.06646
 20
-1.90782
 30
0.0
 10
-4.06505
 20
-2.00625
 30
0.0
 10
-4.23016
 20
-2.03341
 30
0.0
 10
-4.25696
 20
-1.93569
 30
0.0
  0
SPLINE
  5
15A
330
1F
100
AcDbEntity
  8
Camada 1
100
AcDbSpline
210
0.0
220
0.0
230
1.0
 70
    11
 71
     3
 72
    20
 73
    16
 74
     0
 42
0.0000000001
 43
0.0000000001
 12
1.0
 22
0.0
 32
0.0
 13
1.0
 23
0.0
 33
0.0
 40
0.0
 40
0.0
 40
0.0
 40
0.0
 40
0.2
 40
0.2
 40
0.2
 40
0.2
 40
0.4
 40
0.4
 40
0.4
 40
0.4
 40
0.6
 40
0.6
 40
0.6
 40
0.6
 40
1.0
 40
1.0
 40
1.0
 40
1.0
 10
-3.55106
 20
-1.83056
 30
0.0
 10
-3.5179
 20
-1.81327
 30
0.0
 10
-3.48438
 20
-1.79599
 30
0.0
 10
-3.45086
 20
-1.7787
 30
0.0
 10
-3.45086
 20
-1.7787
 30
0.0
 10
-3.39794
 20
-1.81222
 30
0.0
 10
-3.32634
 20
-1.86407
 30
0.0
 10
-3.36585
 20
-1.9364
 30
0.0
 10
-3.36585
 20
-1.9364
 30
0.0
 10
-3.38278
 20
-2.0013
 30
0.0
 10
-3.48121
 20
-2.01682
 30
0.0
 10
-3.52424
 20
-1.97131
 30
0.0
 10
-3.52424
 20
-1.97131
 30
0.0
 10
-3.56975
 20
-1.93781
 30
0.0
 10
-3.54787
 20
-1.87749
 30
0.0
 10
-3.55106
 20
-1.83056
 30
0.0
  0
SPLINE
  5
15B
330
1F
100
AcDbEntity
  8
Camada 1
100
AcDbSpline
210
0.0
220
0.0
230
1.0
 70
    11
 71
     3
 72
    16
 73
    12
 74
     0
 42
0.0000000001
 43
0.0000000001
 12
1.0
 22
0.0
 32
0.0
 13
1.0
 23
0.0
 33
0.0
 40
0.0
 40
0.0
 40
0.0
 40
0.0
 40
0.25
 40
0.25
 40
0.25
 40
0.25
 40
0.5
 40
0.5
 40
0.5
 40
0.5
 40
1.0
 40
1.0
 40
1.0
 40
1.0
 10
-2.84833
 20
-1.90641
 30
0.0
 10
-2.86702
 20
-1.83938
 30
0.0
 10
-2.79047
 20
-1.81044
 30
0.0
 10
-2.75166
 20
-1.77341
 30
0.0
 10
-2.75166
 20
-1.77341
 30
0.0
 10
-2.70898
 20
-1.80903
 30
0.0
 10
-2.63418
 20
-1.8369
 30
0.0
 10
-2.65041
 20
-1.90675
 30
0.0
 10
-2.65041
 20
-1.90675
 30
0.0
 10
-2.65148
 20
-2.02564
 30
0.0
 10
-2.84692
 20
-2.02423
 30
0.0
 10
-2.84833
 20
-1.90641
 30
0.0
  0
SPLINE
  5
15C
330
1F
100
AcDbEntity
  8
Camada 1
100
AcDbSpline
210
0.0
220
0.0
230
1.0
 70
    11
 71
     3
 72
    20
 73
    16
 74
     0
 42
0.0000000001
 43
0.0000000001
 12
1.0
 22
0.0
 32
0.0
 13
1.0
 23
0.0
 33
0.0
 40
0.0
 40
0.0
 40
0.0
 40
0.0
 40
0.2
 40
0.2
 40
0.2
 40
0.2
 40
0.4
 40
0.4
 40
0.4
 40
0.4
 40
0.6
 40
0.6
 40
0.6
 40
0.6
 40
1.0
 40
1.0
 40
1.0
 40
1.0
 10
2.65711
 20
-1.96603
 30
0.0
 10
2.58197
 20
-1.90534
 30
0.0
 10
2.64724
 20
-1.81575
 30
0.0
 10
2.71039
 20
-1.7787
 30
0.0
 10
2.71039
 20
-1.7787
 30
0.0
 10
2.74072
 20
-1.7928
 30
0.0
 10
2.77106
 20
-1.80728
 30
0.0
 10
2.80175
 20
-1.82174
 30
0.0
 10
2.80175
 20
-1.82174
 30
0.0
 10
2.81445
 20
-1.85173
 30
0.0
 10
2.82716
 20
-1.8817
 30
0.0
 10
2.8402
 20
-1.91206
 30
0.0
 10
2.8402
 20
-1.91206
 30
0.0
 10
2.80282
 20
-1.97238
 30
0.0
 10
2.71814
 20
-2.03729
 30
0.0
 10
2.65711
 20
-1.96603
 30
0.0
  0
SPLINE
  5
15D
330
1F
100
AcDbEntity
  8
Camada 1
100
AcDbSpline
210
0.0
220
0.0
230
1.0
 70
    11
 71
     3
 72
    12
 73
     8
 74
     0
 42
0.0000000001
 43
0.0000000001
 12
1.0
 22
0.0
 32
0.0
 13
1.0
 23
0.0
 33
0.0
 40
0.0
 40
0.0
 40
0.0
 40
0.0
 40
0.3333333333333333
 40
0.3333333333333333
 40
0.3333333333333333
 40
0.3333333333333333
 40
1.0
 40
1.0
 40
1.0
 40
1.0
 10
3.41171
 20
-1.79069
 30
0.0
 10
3.52424
 20
-1.76847
 30
0.0
 10
3.59197
 20
-1.94098
 30
0.0
 10
3.47627
 20
-1.98931
 30
0.0
 10
3.47627
 20
-1.98931
 30
0.0
 10
3.34291
 20
-2.04752
 30
0.0
 10
3.27096
 20
-1.82527
 30
0.0
 10
3.41171
 20
-1.79069
 30
0.0
  0
SPLINE
  5
15E
330
1F
100
AcDbEntity
  8
Camada 1
100
AcDbSpline
210
0.0
220
0.0
230
1.0
 70
    11
 71
     3
 72
    16
 73
    12
 74
     0
 42
0.0000000001
 43
0.0000000001
 12
1.0
 22
0.0
 32
0.0
 13
1.0
 23
0.0
 33
0.0
 40
0.0
 40
0.0
 40
0.0
 40
0.0
 40
0.25
 40
0.25
 40
0.25
 40
0.25
 40
0.5
 40
0.5
 40
0.5
 40
0.5
 40
1.0
 40
1.0
 40
1.0
 40
1.0
 10
4.08939
 20
-1.97943
 30
0.0
 10
4.00156
 20
-1.93111
 30
0.0
 10
4.04142
 20
-1.79634
 30
0.0
 10
4.13631
 20
-1.78964
 30
0.0
 10
4.13631
 20
-1.78964
 30
0.0
 10
4.21004
 20
-1.78082
 30
0.0
 10
4.23509
 20
-1.86372
 30
0.0
 10
4.25944
 20
-1.91769
 30
0.0
 10
4.25944
 20
-1.91769
 30
0.0
 10
4.21674
 20
-1.96179
 30
0.0
 10
4.15325
 20
-2.03093
 30
0.0
 10
4.08939
 20
-1.97943
 30
0.0
  0
SPLINE
  5
15F
330
1F
100
AcDbEntity
  8
Camada 1
100
AcDbSpline
210
0.0
220
0.0
230
1.0
 70
    11
 71
     3
 72
    16
 73
    12
 74
     0
 42
0.0000000001
 43
0.0000000001
 12
1.0
 22
0.0
 32
0.0
 13
1.0
 23
0.0
 33
0.0
 40
0.0
 40
0.0
 40
0.0
 40
0.0
 40
0.25
 40
0.25
 40
0.25
 40
0.25
 40
0.5
 40
0.5
 40
0.5
 40
0.5
 40
1.0
 40
1.0
 40
1.0
 40
1.0
 10
4.82423
 20
-1.7921
 30
0.0
 10
4.90326
 20
-1.76742
 30
0.0
 10
4.99109
 20
-1.86937
 30
0.0
 10
4.9403
 20
-1.94062
 30
0.0
 10
4.9403
 20
-1.94062
 30
0.0
 10
4.91031
 20
-2.01612
 30
0.0
 10
4.79178
 20
-2.01295
 30
0.0
 10
4.76108
 20
-1.93957
 30
0.0
 10
4.76108
 20
-1.93957
 30
0.0
 10
4.72227
 20
-1.88419
 30
0.0
 10
4.76849
 20
-1.81363
 30
0.0
 10
4.82423
 20
-1.7921
 30
0.0
  0
SPLINE
  5
160
330
1F
100
AcDbEntity
  8
Camada 1
100
AcDbSpline
210
0.0
220
0.0
230
1.0
 70
    11
 71
     3
 72
    12
 73
     8
 74
     0
 42
0.0000000001
 43
0.0000000001
 12
1.0
 22
0.0
 32
0.0
 13
1.0
 23
0.0
 33
0.0
 40
0.0
 40
0.0
 40
0.0
 40
0.0
 40
0.3333333333333333
 40
0.3333333333333333
 40
0.3333333333333333
 40
0.3333333333333333
 40
1.0
 40
1.0
 40
1.0
 40
1.0
 10
5.55837
 20
-1.78893
 30
0.0
 10
5.68325
 20
-1.78293
 30
0.0
 10
5.69736
 20
-1.99002
 30
0.0
 10
5.5693
 20
-1.99531
 30
0.0
 10
5.5693
 20
-1.99531
 30
0.0
 10
5.43172
 20
-2.01188
 30
0.0
 10
5.4183
 20
-1.79317
 30
0.0
 10
5.55837
 20
-1.78893
 30
0.0
  0
SPLINE
  5
161
330
1F
100
AcDbEntity
  8
Camada 1
100
AcDbSpline
210
0.0
220
0.0
230
1.0
 70
    11
 71
     3
 72
    24
 73
    20
 74
     0
 42
0.0000000001
 43
0.0000000001
 12
1.0
 22
0.0
 32
0.0
 13
1.0
 23
0.0
 33
0.0
 40
0.0
 40
0.0
 40
0.0
 40
0.0
 40
0.1666666666666667
 40
0.1666666666666667
 40
0.1666666666666667
 40
0.1666666666666667
 40
0.3333333333333333
 40
0.3333333333333333
 40
0.3333333333333333
 40
0.3333333333333333
 40
0.5
 40
0.5
 40
0.5
 40
0.5
 40
0.6666666666666666
 40
0.6666666666666666
 40
0.6666666666666666
 40
0.6666666666666666
 40
1.0
 40
1.0
 40
1.0
 40
1.0
 10
6.19478
 20
-1.81926
 30
0.0
 10
6.22265
 20
-1.80728
 30
0.0
 10
6.25052
 20
-1.79528
 30
0.0
 10
6.27873
 20
-1.78328
 30
0.0
 10
6.27873
 20
-1.78328
 30
0.0
 10
6.30555
 20
-1.79987
 30
0.0
 10
6.3327
 20
-1.81645
 30
0.0
 10
6.36023
 20
-1.83339
 30
0.0
 10
6.36023
 20
-1.83339
 30
0.0
 10
6.35175
 20
-1.8877
 30
0.0
 10
6.34188
 20
-1.94203
 30
0.0
 10
6.33095
 20
-1.99636
 30
0.0
 10
6.33095
 20
-1.99636
 30
0.0
 10
6.25615
 20
-2.00483
 30
0.0
 10
6.19337
 20
-1.9759
 30
0.0
 10
6.1528
 20
-1.91276
 30
0.0
 10
6.1528
 20
-1.91276
 30
0.0
 10
6.16654
 20
-1.88136
 30
0.0
 10
6.18067
 20
-1.85032
 30
0.0
 10
6.19478
 20
-1.81926
 30
0.0
  0
SPLINE
  5
162
330
1F
100
AcDbEntity
  8
Camada 1
100
AcDbSpline
210
0.0
220
0.0
230
1.0
 70
    11
 71
     3
 72
    20
 73
    16
 74
     0
 42
0.0000000001
 43
0.0000000001
 12
1.0
 22
0.0
 32
0.0
 13
1.0
 23
0.0
 33
0.0
 40
0.0
 40
0.0
 40
0.0
 40
0.0
 40
0.2
 40
0.2
 40
0.2
 40
0.2
 40
0.4
 40
0.4
 40
0.4
 40
0.4
 40
0.6
 40
0.6
 40
0.6
 40
0.6
 40
1.0
 40
1.0
 40
1.0
 40
1.0
 10
-0.00987
 20
-2.25
 30
0.0
 10
0.23847
 20
-2.2479
 30
0.0
 10
0.48682
 20
-2.25212
 30
0.0
 10
0.73483
 20
-2.2479
 30
0.0
 10
0.73483
 20
-2.2479
 30
0.0
 10
0.73483
 20
-2.50013
 30
0.0
 10
0.7373
 20
-2.75237
 30
0.0
 10
0.73377
 20
-3.0046
 30
0.0
 10
0.73377
 20
-3.0046
 30
0.0
 10
0.48506
 20
-2.99649
 30
0.0
 10
0.236
 20
-3.01271
 30
0.0
 10
-0.01198
 20
-2.99295
 30
0.0
 10
-0.01198
 20
-2.99295
 30
0.0
 10
-0.00776
 20
-2.7453
 30
0.0
 10
-0.01128
 20
-2.49765
 30
0.0
 10
-0.00987
 20
-2.25
 30
0.0
  0
SPLINE
  5
163
330
1F
100
AcDbEntity
  8
Camada 1
100
AcDbSpline
210
0.0
220
0.0
230
1.0
 70
    11
 71
     3
 72
    20
 73
    16
 74
     0
 42
0.0000000001
 43
0.0000000001
 12
1.0
 22
0.0
 32
0.0
 13
1.0
 23
0.0
 33
0.0
 40
0.0
 40
0.0
 40
0.0
 40
0.0
 40
0.2
 40
0.2
 40
0.2
 40
0.2
 40
0.4
 40
0.4
 40
0.4
 40
0.4
 40
0.6
 40
0.6
 40
0.6
 40
0.6
 40
1.0
 40
1.0
 40
1.0
 40
1.0
 10
-6.37329
 20
-2.53083
 30
0.0
 10
-6.34083
 20
-2.51636
 30
0.0
 10
-6.30836
 20
-2.50189
 30
0.0
 10
-6.27556
 20
-2.48778
 30
0.0
 10
-6.27556
 20
-2.48778
 30
0.0
 10
-6.2237
 20
-2.52552
 30
0.0
 10
-6.15597
 20
-2.58514
 30
0.0
 10
-6.20289
 20
-2.65465
 30
0.0
 10
-6.20289
 20
-2.65465
 30
0.0
 10
-6.23675
 20
-2.71709
 30
0.0
 10
-6.31013
 20
-2.69769
 30
0.0
 10
-6.36729
 20
-2.69628
 30
0.0
 10
-6.36729
 20
-2.69628
 30
0.0
 10
-6.37046
 20
-2.64125
 30
0.0
 10
-6.37222
 20
-2.58585
 30
0.0
 10
-6.37329
 20
-2.53083
 30
0.0
  0
SPLINE
  5
164
330
1F
100
AcDbEntity
  8
Camada 1
100
AcDbSpline
210
0.0
220
0.0
230
1.0
 70
    11
 71
     3
 72
    20
 73
    16
 74
     0
 42
0.0000000001
 43
0.0000000001
 12
1.0
 22
0.0
 32
0.0
 13
1.0
 23
0.0
 33
0.0
 40
0.0
 40
0.0
 40
0.0
 40
0.0
 40
0.2
 40
0.2
 40
0.2
 40
0.2
 40
0.4
 40
0.4
 40
0.4
 40
0.4
 40
0.6
 40
0.6
 40
0.6
 40
0.6
 40
1.0
 40
1.0
 40
1.0
 40
1.0
 10
-5.65643
 20
-2.52835
 30
0.0
 10
-5.62715
 20
-2.51459
 30
0.0
 10
-5.59752
 20
-2.50048
 30
0.0
 10
-5.56789
 20
-2.48673
 30
0.0
 10
-5.56789
 20
-2.48673
 30
0.0
 10
-5.50298
 20
-2.52411
 30
0.0
 10
-5.43947
 20
-2.61408
 30
0.0
 10
-5.51356
 20
-2.67687
 30
0.0
 10
-5.51356
 20
-2.67687
 30
0.0
 10
-5.57671
 20
-2.74496
 30
0.0
 10
-5.66208
 20
-2.67899
 30
0.0
 10
-5.69911
 20
-2.61761
 30
0.0
 10
-5.69911
 20
-2.61761
 30
0.0
 10
-5.68501
 20
-2.58797
 30
0.0
 10
-5.6709
 20
-2.55798
 30
0.0
 10
-5.65643
 20
-2.52835
 30
0.0
  0
SPLINE
  5
165
330
1F
100
AcDbEntity
  8
Camada 1
100
AcDbSpline
210
0.0
220
0.0
230
1.0
 70
    11
 71
     3
 72
    16
 73
    12
 74
     0
 42
0.0000000001
 43
0.0000000001
 12
1.0
 22
0.0
 32
0.0
 13
1.0
 23
0.0
 33
0.0
 40
0.0
 40
0.0
 40
0.0
 40
0.0
 40
0.25
 40
0.25
 40
0.25
 40
0.25
 40
0.5
 40
0.5
 40
0.5
 40
0.5
 40
1.0
 40
1.0
 40
1.0
 40
1.0
 10
-4.96605
 20
-2.64442
 30
0.0
 10
-5.00238
 20
-2.56433
 30
0.0
 10
-4.92583
 20
-2.5167
 30
0.0
 10
-4.86903
 20
-2.48143
 30
0.0
 10
-4.86903
 20
-2.48143
 30
0.0
 10
-4.83129
 20
-2.51848
 30
0.0
 10
-4.75967
 20
-2.54706
 30
0.0
 10
-4.77448
 20
-2.61231
 30
0.0
 10
-4.77448
 20
-2.61231
 30
0.0
 10
-4.77097
 20
-2.71322
 30
0.0
 10
-4.93465
 20
-2.74109
 30
0.0
 10
-4.96605
 20
-2.64442
 30
0.0
  0
SPLINE
  5
166
330
1F
100
AcDbEntity
  8
Camada 1
100
AcDbSpline
210
0.0
220
0.0
230
1.0
 70
    11
 71
     3
 72
    16
 73
    12
 74
     0
 42
0.0000000001
 43
0.0000000001
 12
1.0
 22
0.0
 32
0.0
 13
1.0
 23
0.0
 33
0.0
 40
0.0
 40
0.0
 40
0.0
 40
0.0
 40
0.25
 40
0.25
 40
0.25
 40
0.25
 40
0.5
 40
0.5
 40
0.5
 40
0.5
 40
1.0
 40
1.0
 40
1.0
 40
1.0
 10
-4.26544
 20
-2.61231
 30
0.0
 10
-4.27567
 20
-2.54353
 30
0.0
 10
-4.20687
 20
-2.5167
 30
0.0
 10
-4.16312
 20
-2.48108
 30
0.0
 10
-4.16312
 20
-2.48108
 30
0.0
 10
-4.11161
 20
-2.51989
 30
0.0
 10
-4.03718
 20
-2.56611
 30
0.0
 10
-4.07175
 20
-2.64337
 30
0.0
 10
-4.07175
 20
-2.64337
 30
0.0
 10
-4.10279
 20
-2.73826
 30
0.0
 10
-4.2672
 20
-2.71744
 30
0.0
 10
-4.26544
 20
-2.61231
 30
0.0
  0
SPLINE
  5
167
330
1F
100
AcDbEntity
  8
Camada 1
100
AcDbSpline
210
0.0
220
0.0
230
1.0
 70
    11
 71
     3
 72
    16
 73
    12
 74
     0
 42
0.0000000001
 43
0.0000000001
 12
1.0
 22
0.0
 32
0.0
 13
1.0
 23
0.0
 33
0.0
 40
0.0
 40
0.0
 40
0.0
 40
0.0
 40
0.25
 40
0.25
 40
0.25
 40
0.25
 40
0.5
 40
0.5
 40
0.5
 40
0.5
 40
1.0
 40
1.0
 40
1.0
 40
1.0
 10
-3.55635
 20
-2.61196
 30
0.0
 10
-3.57046
 20
-2.54458
 30
0.0
 10
-3.49778
 20
-2.51741
 30
0.0
 10
-3.45756
 20
-2.48072
 30
0.0
 10
-3.45756
 20
-2.48072
 30
0.0
 10
-3.40676
 20
-2.51812
 30
0.0
 10
-3.32527
 20
-2.56716
 30
0.0
 10
-3.36479
 20
-2.6423
 30
0.0
 10
-3.36479
 20
-2.6423
 30
0.0
 10
-3.39019
 20
-2.74143
 30
0.0
 10
-3.56305
 20
-2.71463
 30
0.0
 10
-3.55635
 20
-2.61196
 30
0.0
  0
SPLINE
  5
168
330
1F
100
AcDbEntity
  8
Camada 1
100
AcDbSpline
210
0.0
220
0.0
230
1.0
 70
    11
 71
     3
 72
    20
 73
    16
 74
     0
 42
0.0000000001
 43
0.0000000001
 12
1.0
 22
0.0
 32
0.0
 13
1.0
 23
0.0
 33
0.0
 40
0.0
 40
0.0
 40
0.0
 40
0.0
 40
0.2
 40
0.2
 40
0.2
 40
0.2
 40
0.4
 40
0.4
 40
0.4
 40
0.4
 40
0.6
 40
0.6
 40
0.6
 40
0.6
 40
1.0
 40
1.0
 40
1.0
 40
1.0
 10
2.6543
 20
-2.67229
 30
0.0
 10
2.58268
 20
-2.6095
 30
0.0
 10
2.64865
 20
-2.52341
 30
0.0
 10
2.71073
 20
-2.48603
 30
0.0
 10
2.71073
 20
-2.48603
 30
0.0
 10
2.74002
 20
-2.50013
 30
0.0
 10
2.76965
 20
-2.51459
 30
0.0
 10
2.79893
 20
-2.52906
 30
0.0
 10
2.79893
 20
-2.52906
 30
0.0
 10
2.81305
 20
-2.55763
 30
0.0
 10
2.82716
 20
-2.58655
 30
0.0
 10
2.84161
 20
-2.61549
 30
0.0
 10
2.84161
 20
-2.61549
 30
0.0
 10
2.8067
 20
-2.68145
 30
0.0
 10
2.71638
 20
-2.74672
 30
0.0
 10
2.6543
 20
-2.67229
 30
0.0
  0
SPLINE
  5
169
330
1F
100
AcDbEntity
  8
Camada 1
100
AcDbSpline
210
0.0
220
0.0
230
1.0
 70
    11
 71
     3
 72
    20
 73
    16
 74
     0
 42
0.0000000001
 43
0.0000000001
 12
1.0
 22
0.0
 32
0.0
 13
1.0
 23
0.0
 33
0.0
 40
0.0
 40
0.0
 40
0.0
 40
0.0
 40
0.2
 40
0.2
 40
0.2
 40
0.2
 40
0.4
 40
0.4
 40
0.4
 40
0.4
 40
0.6
 40
0.6
 40
0.6
 40
0.6
 40
1.0
 40
1.0
 40
1.0
 40
1.0
 10
3.3602
 20
-2.67017
 30
0.0
 10
3.29211
 20
-2.60879
 30
0.0
 10
3.35633
 20
-2.52341
 30
0.0
 10
3.41665
 20
-2.48673
 30
0.0
 10
3.41665
 20
-2.48673
 30
0.0
 10
3.44628
 20
-2.50013
 30
0.0
 10
3.47591
 20
-2.51354
 30
0.0
 10
3.5059
 20
-2.5273
 30
0.0
 10
3.5059
 20
-2.5273
 30
0.0
 10
3.52071
 20
-2.55693
 30
0.0
 10
3.53518
 20
-2.58655
 30
0.0
 10
3.54999
 20
-2.61654
 30
0.0
 10
3.54999
 20
-2.61654
 30
0.0
 10
3.5126
 20
-2.68181
 30
0.0
 10
3.42229
 20
-2.74708
 30
0.0
 10
3.3602
 20
-2.67017
 30
0.0
  0
SPLINE
  5
16A
330
1F
100
AcDbEntity
  8
Camada 1
100
AcDbSpline
210
0.0
220
0.0
230
1.0
 70
    11
 71
     3
 72
    16
 73
    12
 74
     0
 42
0.0000000001
 43
0.0000000001
 12
1.0
 22
0.0
 32
0.0
 13
1.0
 23
0.0
 33
0.0
 40
0.0
 40
0.0
 40
0.0
 40
0.0
 40
0.25
 40
0.25
 40
0.25
 40
0.25
 40
0.5
 40
0.5
 40
0.5
 40
0.5
 40
1.0
 40
1.0
 40
1.0
 40
1.0
 10
4.05165
 20
-2.64583
 30
0.0
 10
4.00685
 20
-2.57527
 30
0.0
 10
4.08374
 20
-2.5213
 30
0.0
 10
4.13244
 20
-2.4825
 30
0.0
 10
4.13244
 20
-2.4825
 30
0.0
 10
4.18889
 20
-2.516
 30
0.0
 10
4.2859
 20
-2.56786
 30
0.0
 10
4.23367
 20
-2.64617
 30
0.0
 10
4.23367
 20
-2.64617
 30
0.0
 10
4.20441
 20
-2.7245
 30
0.0
 10
4.08057
 20
-2.72379
 30
0.0
 10
4.05165
 20
-2.64583
 30
0.0
  0
SPLINE
  5
16B
330
1F
100
AcDbEntity
  8
Camada 1
100
AcDbSpline
210
0.0
220
0.0
230
1.0
 70
    11
 71
     3
 72
    16
 73
    12
 74
     0
 42
0.0000000001
 43
0.0000000001
 12
1.0
 22
0.0
 32
0.0
 13
1.0
 23
0.0
 33
0.0
 40
0.0
 40
0.0
 40
0.0
 40
0.0
 40
0.25
 40
0.25
 40
0.25
 40
0.25
 40
0.5
 40
0.5
 40
0.5
 40
0.5
 40
1.0
 40
1.0
 40
1.0
 40
1.0
 10
4.84681
 20
-2.4959
 30
0.0
 10
4.91489
 20
-2.50367
 30
0.0
 10
4.98193
 20
-2.57069
 30
0.0
 10
4.94595
 20
-2.6423
 30
0.0
 10
4.94595
 20
-2.6423
 30
0.0
 10
4.91208
 20
-2.74002
 30
0.0
 10
4.75262
 20
-2.71463
 30
0.0
 10
4.74873
 20
-2.61231
 30
0.0
 10
4.74873
 20
-2.61231
 30
0.0
 10
4.73287
 20
-2.55093
 30
0.0
 10
4.79743
 20
-2.51142
 30
0.0
 10
4.84681
 20
-2.4959
 30
0.0
  0
SPLINE
  5
16C
330
1F
100
AcDbEntity
  8
Camada 1
100
AcDbSpline
210
0.0
220
0.0
230
1.0
 70
    11
 71
     3
 72
    16
 73
    12
 74
     0
 42
0.0000000001
 43
0.0000000001
 12
1.0
 22
0.0
 32
0.0
 13
1.0
 23
0.0
 33
0.0
 40
0.0
 40
0.0
 40
0.0
 40
0.0
 40
0.25
 40
0.25
 40
0.25
 40
0.25
 40
0.5
 40
0.5
 40
0.5
 40
0.5
 40
1.0
 40
1.0
 40
1.0
 40
1.0
 10
5.46629
 20
-2.6423
 30
0.0
 10
5.41867
 20
-2.56716
 30
0.0
 10
5.51673
 20
-2.51459
 30
0.0
 10
5.57072
 20
-2.48179
 30
0.0
 10
5.57072
 20
-2.48179
 30
0.0
 10
5.61199
 20
-2.5213
 30
0.0
 10
5.68359
 20
-2.55869
 30
0.0
 10
5.65925
 20
-2.62819
 30
0.0
 10
5.65925
 20
-2.62819
 30
0.0
 10
5.63986
 20
-2.72026
 30
0.0
 10
5.49697
 20
-2.73227
 30
0.0
 10
5.46629
 20
-2.6423
 30
0.0
  0
SPLINE
  5
16D
330
1F
100
AcDbEntity
  8
Camada 1
100
AcDbSpline
210
0.0
220
0.0
230
1.0
 70
    11
 71
     3
 72
    24
 73
    20
 74
     0
 42
0.0000000001
 43
0.0000000001
 12
1.0
 22
0.0
 32
0.0
 13
1.0
 23
0.0
 33
0.0
 40
0.0
 40
0.0
 40
0.0
 40
0.0
 40
0.1666666666666667
 40
0.1666666666666667
 40
0.1666666666666667
 40
0.1666666666666667
 40
0.3333333333333333
 40
0.3333333333333333
 40
0.3333333333333333
 40
0.3333333333333333
 40
0.5
 40
0.5
 40
0.5
 40
0.5
 40
0.6666666666666666
 40
0.6666666666666666
 40
0.6666666666666666
 40
0.6666666666666666
 40
1.0
 40
1.0
 40
1.0
 40
1.0
 10
6.19512
 20
-2.52764
 30
0.0
 10
6.22194
 20
-2.51566
 30
0.0
 10
6.2491
 20
-2.50367
 30
0.0
 10
6.27627
 20
-2.49166
 30
0.0
 10
6.27627
 20
-2.49166
 30
0.0
 10
6.30061
 20
-2.50577
 30
0.0
 10
6.32495
 20
-2.51989
 30
0.0
 10
6.34965
 20
-2.53434
 30
0.0
 10
6.34965
 20
-2.53434
 30
0.0
 10
6.33764
 20
-2.59326
 30
0.0
 10
6.3708
 20
-2.71744
 30
0.0
 10
6.27274
 20
-2.70333
 30
0.0
 10
6.27274
 20
-2.70333
 30
0.0
 10
6.21347
 20
-2.71392
 30
0.0
 10
6.18771
 20
-2.65041
 30
0.0
 10
6.1528
 20
-2.61654
 30
0.0
 10
6.1528
 20
-2.61654
 30
0.0
 10
6.16654
 20
-2.58692
 30
0.0
 10
6.18067
 20
-2.55729
 30
0.0
 10
6.19512
 20
-2.52764
 30
0.0
  0
SPLINE
  5
16E
330
1F
100
AcDbEntity
  8
Camada 1
100
AcDbSpline
210
0.0
220
0.0
230
1.0
 70
    11
 71
     3
 72
    20
 73
    16
 74
     0
 42
0.0000000001
 43
0.0000000001
 12
1.0
 22
0.0
 32
0.0
 13
1.0
 23
0.0
 33
0.0
 40
0.0
 40
0.0
 40
0.0
 40
0.0
 40
0.2
 40
0.2
 40
0.2
 40
0.2
 40
0.4
 40
0.4
 40
0.4
 40
0.4
 40
0.6
 40
0.6
 40
0.6
 40
0.6
 40
1.0
 40
1.0
 40
1.0
 40
1.0
 10
-2.84056
 20
-2.53683
 30
0.0
 10
-2.81834
 20
-2.52589
 30
0.0
 10
-2.77354
 20
-2.50401
 30
0.0
 10
-2.75132
 20
-2.49307
 30
0.0
 10
-2.75132
 20
-2.49307
 30
0.0
 10
-2.72837
 20
-2.50331
 30
0.0
 10
-2.68252
 20
-2.52377
 30
0.0
 10
-2.65959
 20
-2.534
 30
0.0
 10
-2.65959
 20
-2.534
 30
0.0
 10
-2.63913
 20
-2.60561
 30
0.0
 10
-2.6564
 20
-2.71604
 30
0.0
 10
-2.75449
 20
-2.70403
 30
0.0
 10
-2.75449
 20
-2.70403
 30
0.0
 10
-2.84551
 20
-2.70791
 30
0.0
 10
-2.85784
 20
-2.60419
 30
0.0
 10
-2.84056
 20
-2.53683
 30
0.0
  0
SPLINE
  5
16F
330
1F
100
AcDbEntity
  8
Camada 1
100
AcDbSpline
210
0.0
220
0.0
230
1.0
 70
    11
 71
     3
 72
    20
 73
    16
 74
     0
 42
0.0000000001
 43
0.0000000001
 12
1.0
 22
0.0
 32
0.0
 13
1.0
 23
0.0
 33
0.0
 40
0.0
 40
0.0
 40
0.0
 40
0.0
 40
0.2
 40
0.2
 40
0.2
 40
0.2
 40
0.4
 40
0.4
 40
0.4
 40
0.4
 40
0.6
 40
0.6
 40
0.6
 40
0.6
 40
1.0
 40
1.0
 40
1.0
 40
1.0
 10
0.738
 20
-3.00601
 30
0.0
 10
0.98953
 20
-3.00214
 30
0.0
 10
1.24142
 20
-3.00319
 30
0.0
 10
1.49294
 20
-3.00531
 30
0.0
 10
1.49294
 20
-3.00531
 30
0.0
 10
1.4926
 20
-3.25402
 30
0.0
 10
1.49331
 20
-3.50237
 30
0.0
 10
1.4926
 20
-3.75108
 30
0.0
 10
1.4926
 20
-3.75108
 30
0.0
 10
1.24071
 20
-3.75214
 30
0.0
 10
0.98848
 20
-3.75072
 30
0.0
 10
0.73659
 20
-3.75179
 30
0.0
 10
0.73659
 20
-3.75179
 30
0.0
 10
0.73625
 20
-3.50307
 30
0.0
 10
0.73377
 20
-3.25437
 30
0.0
 10
0.738
 20
-3.00601
 30
0.0
  0
SPLINE
  5
170
330
1F
100
AcDbEntity
  8
Camada 1
100
AcDbSpline
210
0.0
220
0.0
230
1.0
 70
    11
 71
     3
 72
    16
 73
    12
 74
     0
 42
0.0000000001
 43
0.0000000001
 12
1.0
 22
0.0
 32
0.0
 13
1.0
 23
0.0
 33
0.0
 40
0.0
 40
0.0
 40
0.0
 40
0.0
 40
0.25
 40
0.25
 40
0.25
 40
0.25
 40
0.5
 40
0.5
 40
0.5
 40
0.5
 40
1.0
 40
1.0
 40
1.0
 40
1.0
 10
-3.5507
 20
-3.35033
 30
0.0
 10
-3.5881
 20
-3.27447
 30
0.0
 10
-3.50943
 20
-3.2265
 30
0.0
 10
-3.45756
 20
-3.19017
 30
0.0
 10
-3.45756
 20
-3.19017
 30
0.0
 10
-3.40501
 20
-3.22579
 30
0.0
 10
-3.32598
 20
-3.27483
 30
0.0
 10
-3.36479
 20
-3.35033
 30
0.0
 10
-3.36479
 20
-3.35033
 30
0.0
 10
-3.38596
 20
-3.43464
 30
0.0
 10
-3.52672
 20
-3.43181
 30
0.0
 10
-3.5507
 20
-3.35033
 30
0.0
  0
SPLINE
  5
171
330
1F
100
AcDbEntity
  8
Camada 1
100
AcDbSpline
210
0.0
220
0.0
230
1.0
 70
    11
 71
     3
 72
    16
 73
    12
 74
     0
 42
0.0000000001
 43
0.0000000001
 12
1.0
 22
0.0
 32
0.0
 13
1.0
 23
0.0
 33
0.0
 40
0.0
 40
0.0
 40
0.0
 40
0.0
 40
0.25
 40
0.25
 40
0.25
 40
0.25
 40
0.5
 40
0.5
 40
0.5
 40
0.5
 40
1.0
 40
1.0
 40
1.0
 40
1.0
 10
-6.37117
 20
-3.22403
 30
0.0
 10
-6.31401
 20
-3.22121
 30
0.0
 10
-6.23181
 20
-3.1951
 30
0.0
 10
-6.20041
 20
-3.26107
 30
0.0
 10
-6.20041
 20
-3.26107
 30
0.0
 10
-6.1489
 20
-3.34327
 30
0.0
 10
-6.25086
 20
-3.4484
 30
0.0
 10
-6.33411
 20
-3.40325
 30
0.0
 10
-6.33411
 20
-3.40325
 30
0.0
 10
-6.40574
 20
-3.37643
 30
0.0
 10
-6.36057
 20
-3.28188
 30
0.0
 10
-6.37117
 20
-3.22403
 30
0.0
  0
SPLINE
  5
172
330
1F
100
AcDbEntity
  8
Camada 1
100
AcDbSpline
210
0.0
220
0.0
230
1.0
 70
    11
 71
     3
 72
    16
 73
    12
 74
     0
 42
0.0000000001
 43
0.0000000001
 12
1.0
 22
0.0
 32
0.0
 13
1.0
 23
0.0
 33
0.0
 40
0.0
 40
0.0
 40
0.0
 40
0.0
 40
0.25
 40
0.25
 40
0.25
 40
0.25
 40
0.5
 40
0.5
 40
0.5
 40
0.5
 40
1.0
 40
1.0
 40
1.0
 40
1.0
 10
-5.70371
 20
-3.31681
 30
0.0
 10
-5.66914
 20
-3.27166
 30
0.0
 10
-5.64303
 20
-3.19899
 30
0.0
 10
-5.57247
 20
-3.21274
 30
0.0
 10
-5.57247
 20
-3.21274
 30
0.0
 10
-5.45182
 20
-3.21168
 30
0.0
 10
-5.45358
 20
-3.41277
 30
0.0
 10
-5.57283
 20
-3.41136
 30
0.0
 10
-5.57283
 20
-3.41136
 30
0.0
 10
-5.63774
 20
-3.42652
 30
0.0
 10
-5.66702
 20
-3.35492
 30
0.0
 10
-5.70371
 20
-3.31681
 30
0.0
  0
SPLINE
  5
173
330
1F
100
AcDbEntity
  8
Camada 1
100
AcDbSpline
210
0.0
220
0.0
230
1.0
 70
    11
 71
     3
 72
    16
 73
    12
 74
     0
 42
0.0000000001
 43
0.0000000001
 12
1.0
 22
0.0
 32
0.0
 13
1.0
 23
0.0
 33
0.0
 40
0.0
 40
0.0
 40
0.0
 40
0.0
 40
0.25
 40
0.25
 40
0.25
 40
0.25
 40
0.5
 40
0.5
 40
0.5
 40
0.5
 40
1.0
 40
1.0
 40
1.0
 40
1.0
 10
-4.9276
 20
-3.22509
 30
0.0
 10
-4.86339
 20
-3.18664
 30
0.0
 10
-4.75826
 20
-3.23568
 30
0.0
 10
-4.77485
 20
-3.31716
 30
0.0
 10
-4.77485
 20
-3.31716
 30
0.0
 10
-4.76074
 20
-3.42511
 30
0.0
 10
-4.95087
 20
-3.45052
 30
0.0
 10
-4.96746
 20
-3.34398
 30
0.0
 10
-4.96746
 20
-3.34398
 30
0.0
 10
-4.97804
 20
-3.30588
 30
0.0
 10
-4.97099
 20
-3.23885
 30
0.0
 10
-4.9276
 20
-3.22509
 30
0.0
  0
SPLINE
  5
174
330
1F
100
AcDbEntity
  8
Camada 1
100
AcDbSpline
210
0.0
220
0.0
230
1.0
 70
    11
 71
     3
 72
    20
 73
    16
 74
     0
 42
0.0000000001
 43
0.0000000001
 12
1.0
 22
0.0
 32
0.0
 13
1.0
 23
0.0
 33
0.0
 40
0.0
 40
0.0
 40
0.0
 40
0.0
 40
0.2
 40
0.2
 40
0.2
 40
0.2
 40
0.4
 40
0.4
 40
0.4
 40
0.4
 40
0.6
 40
0.6
 40
0.6
 40
0.6
 40
1.0
 40
1.0
 40
1.0
 40
1.0
 10
-4.25167
 20
-3.2265
 30
0.0
 10
-4.19311
 20
-3.21804
 30
0.0
 10
-4.13385
 20
-3.21909
 30
0.0
 10
-4.07528
 20
-3.22967
 30
0.0
 10
-4.07528
 20
-3.22967
 30
0.0
 10
-4.07634
 20
-3.27659
 30
0.0
 10
-4.05799
 20
-3.32775
 30
0.0
 10
-4.07987
 20
-3.37185
 30
0.0
 10
-4.07987
 20
-3.37185
 30
0.0
 10
-4.11762
 20
-3.41877
 30
0.0
 10
-4.18782
 20
-3.42406
 30
0.0
 10
-4.2365
 20
-3.39124
 30
0.0
 10
-4.2365
 20
-3.39124
 30
0.0
 10
-4.27777
 20
-3.34468
 30
0.0
 10
-4.25343
 20
-3.28117
 30
0.0
 10
-4.25167
 20
-3.2265
 30
0.0
  0
SPLINE
  5
175
330
1F
100
AcDbEntity
  8
Camada 1
100
AcDbSpline
210
0.0
220
0.0
230
1.0
 70
    11
 71
     3
 72
    16
 73
    12
 74
     0
 42
0.0000000001
 43
0.0000000001
 12
1.0
 22
0.0
 32
0.0
 13
1.0
 23
0.0
 33
0.0
 40
0.0
 40
0.0
 40
0.0
 40
0.0
 40
0.25
 40
0.25
 40
0.25
 40
0.25
 40
0.5
 40
0.5
 40
0.5
 40
0.5
 40
1.0
 40
1.0
 40
1.0
 40
1.0
 10
-2.83632
 20
-3.25895
 30
0.0
 10
-2.80528
 20
-3.19229
 30
0.0
 10
-2.71885
 20
-3.22297
 30
0.0
 10
-2.66206
 20
-3.22791
 30
0.0
 10
-2.66206
 20
-3.22791
 30
0.0
 10
-2.65535
 20
-3.28999
 30
0.0
 10
-2.63243
 20
-3.39514
 30
0.0
 10
-2.72062
 20
-3.40747
 30
0.0
 10
-2.72062
 20
-3.40747
 30
0.0
 10
-2.80528
 20
-3.44275
 30
0.0
 10
-2.88642
 20
-3.33304
 30
0.0
 10
-2.83632
 20
-3.25895
 30
0.0
  0
SPLINE
  5
176
330
1F
100
AcDbEntity
  8
Camada 1
100
AcDbSpline
210
0.0
220
0.0
230
1.0
 70
    11
 71
     3
 72
    16
 73
    12
 74
     0
 42
0.0000000001
 43
0.0000000001
 12
1.0
 22
0.0
 32
0.0
 13
1.0
 23
0.0
 33
0.0
 40
0.0
 40
0.0
 40
0.0
 40
0.0
 40
0.25
 40
0.25
 40
0.25
 40
0.25
 40
0.5
 40
0.5
 40
0.5
 40
0.5
 40
1.0
 40
1.0
 40
1.0
 40
1.0
 10
2.71533
 20
-3.41136
 30
0.0
 10
2.59785
 20
-3.41207
 30
0.0
 10
2.59396
 20
-3.21239
 30
0.0
 10
2.71463
 20
-3.2131
 30
0.0
 10
2.71463
 20
-3.2131
 30
0.0
 10
2.78553
 20
-3.19899
 30
0.0
 10
2.81305
 20
-3.27096
 30
0.0
 10
2.84621
 20
-3.31752
 30
0.0
 10
2.84621
 20
-3.31752
 30
0.0
 10
2.80916
 20
-3.35526
 30
0.0
 10
2.78024
 20
-3.42723
 30
0.0
 10
2.71533
 20
-3.41136
 30
0.0
  0
SPLINE
  5
177
330
1F
100
AcDbEntity
  8
Camada 1
100
AcDbSpline
210
0.0
220
0.0
230
1.0
 70
    11
 71
     3
 72
    16
 73
    12
 74
     0
 42
0.0000000001
 43
0.0000000001
 12
1.0
 22
0.0
 32
0.0
 13
1.0
 23
0.0
 33
0.0
 40
0.0
 40
0.0
 40
0.0
 40
0.0
 40
0.25
 40
0.25
 40
0.25
 40
0.25
 40
0.5
 40
0.5
 40
0.5
 40
0.5
 40
1.0
 40
1.0
 40
1.0
 40
1.0
 10
3.33409
 20
-3.28436
 30
0.0
 10
3.36408
 20
-3.17146
 30
0.0
 10
3.52602
 20
-3.20569
 30
0.0
 10
3.54894
 20
-3.30834
 30
0.0
 10
3.54894
 20
-3.30834
 30
0.0
 10
3.53554
 20
-3.33304
 30
0.0
 10
3.50872
 20
-3.38172
 30
0.0
 10
3.49532
 20
-3.40642
 30
0.0
 10
3.49532
 20
-3.40642
 30
0.0
 10
3.41524
 20
-3.4283
 30
0.0
 10
3.30799
 20
-3.38278
 30
0.0
 10
3.33409
 20
-3.28436
 30
0.0
  0
SPLINE
  5
178
330
1F
100
AcDbEntity
  8
Camada 1
100
AcDbSpline
210
0.0
220
0.0
230
1.0
 70
    11
 71
     3
 72
    16
 73
    12
 74
     0
 42
0.0000000001
 43
0.0000000001
 12
1.0
 22
0.0
 32
0.0
 13
1.0
 23
0.0
 33
0.0
 40
0.0
 40
0.0
 40
0.0
 40
0.0
 40
0.25
 40
0.25
 40
0.25
 40
0.25
 40
0.5
 40
0.5
 40
0.5
 40
0.5
 40
1.0
 40
1.0
 40
1.0
 40
1.0
 10
4.04318
 20
-3.28577
 30
0.0
 10
4.04953
 20
-3.2071
 30
0.0
 10
4.14689
 20
-3.21875
 30
0.0
 10
4.20299
 20
-3.21203
 30
0.0
 10
4.20299
 20
-3.21203
 30
0.0
 10
4.22451
 20
-3.26319
 30
0.0
 10
4.27531
 20
-3.32387
 30
0.0
 10
4.22098
 20
-3.37326
 30
0.0
 10
4.22098
 20
-3.37326
 30
0.0
 10
4.16382
 20
-3.46357
 30
0.0
 10
4.01072
 20
-3.38596
 30
0.0
 10
4.04318
 20
-3.28577
 30
0.0
  0
SPLINE
  5
179
330
1F
100
AcDbEntity
  8
Camada 1
100
AcDbSpline
210
0.0
220
0.0
230
1.0
 70
    11
 71
     3
 72
    16
 73
    12
 74
     0
 42
0.0000000001
 43
0.0000000001
 12
1.0
 22
0.0
 32
0.0
 13
1.0
 23
0.0
 33
0.0
 40
0.0
 40
0.0
 40
0.0
 40
0.0
 40
0.25
 40
0.25
 40
0.25
 40
0.25
 40
0.5
 40
0.5
 40
0.5
 40
0.5
 40
1.0
 40
1.0
 40
1.0
 40
1.0
 10
4.75262
 20
-3.27659
 30
0.0
 10
4.7759
 20
-3.20674
 30
0.0
 10
4.85352
 20
-3.21875
 30
0.0
 10
4.91101
 20
-3.21132
 30
0.0
 10
4.91101
 20
-3.21132
 30
0.0
 10
4.93041
 20
-3.26354
 30
0.0
 10
4.98756
 20
-3.3288
 30
0.0
 10
4.92653
 20
-3.37609
 30
0.0
 10
4.92653
 20
-3.37609
 30
0.0
 10
4.86445
 20
-3.46709
 30
0.0
 10
4.71063
 20
-3.37572
 30
0.0
 10
4.75262
 20
-3.27659
 30
0.0
  0
SPLINE
  5
17A
330
1F
100
AcDbEntity
  8
Camada 1
100
AcDbSpline
210
0.0
220
0.0
230
1.0
 70
    11
 71
     3
 72
    12
 73
     8
 74
     0
 42
0.0000000001
 43
0.0000000001
 12
1.0
 22
0.0
 32
0.0
 13
1.0
 23
0.0
 33
0.0
 40
0.0
 40
0.0
 40
0.0
 40
0.0
 40
0.3333333333333333
 40
0.3333333333333333
 40
0.3333333333333333
 40
0.3333333333333333
 40
1.0
 40
1.0
 40
1.0
 40
1.0
 10
5.51532
 20
-3.22155
 30
0.0
 10
5.62715
 20
-3.16089
 30
0.0
 10
5.7224
 20
-3.33233
 30
0.0
 10
5.61693
 20
-3.39583
 30
0.0
 10
5.61693
 20
-3.39583
 30
0.0
 10
5.50509
 20
-3.47944
 30
0.0
 10
5.3788
 20
-3.27413
 30
0.0
 10
5.51532
 20
-3.22155
 30
0.0
  0
SPLINE
  5
17B
330
1F
100
AcDbEntity
  8
Camada 1
100
AcDbSpline
210
0.0
220
0.0
230
1.0
 70
    11
 71
     3
 72
    16
 73
    12
 74
     0
 42
0.0000000001
 43
0.0000000001
 12
1.0
 22
0.0
 32
0.0
 13
1.0
 23
0.0
 33
0.0
 40
0.0
 40
0.0
 40
0.0
 40
0.0
 40
0.25
 40
0.25
 40
0.25
 40
0.25
 40
0.5
 40
0.5
 40
0.5
 40
0.5
 40
1.0
 40
1.0
 40
1.0
 40
1.0
 10
6.14856
 20
-3.31786
 30
0.0
 10
6.18137
 20
-3.27201
 30
0.0
 10
6.20501
 20
-3.1997
 30
0.0
 10
6.27661
 20
-3.21344
 30
0.0
 10
6.27661
 20
-3.21344
 30
0.0
 10
6.38844
 20
-3.20216
 30
0.0
 10
6.38457
 20
-3.4237
 30
0.0
 10
6.27308
 20
-3.41207
 30
0.0
 10
6.27308
 20
-3.41207
 30
0.0
 10
6.2103
 20
-3.42194
 30
0.0
 10
6.18418
 20
-3.35492
 30
0.0
 10
6.14856
 20
-3.31786
 30
0.0
  0
SPLINE
  5
17C
330
1F
100
AcDbEntity
  8
Camada 1
100
AcDbSpline
210
0.0
220
0.0
230
1.0
 70
    11
 71
     3
 72
    16
 73
    12
 74
     0
 42
0.0000000001
 43
0.0000000001
 12
1.0
 22
0.0
 32
0.0
 13
1.0
 23
0.0
 33
0.0
 40
0.0
 40
0.0
 40
0.0
 40
0.0
 40
0.25
 40
0.25
 40
0.25
 40
0.25
 40
0.5
 40
0.5
 40
0.5
 40
0.5
 40
1.0
 40
1.0
 40
1.0
 40
1.0
 10
-6.37117
 20
-3.93135
 30
0.0
 10
-6.30414
 20
-3.92112
 30
0.0
 10
-6.19972
 20
-3.90842
 30
0.0
 10
-6.19019
 20
-4.00227
 30
0.0
 10
-6.19019
 20
-4.00227
 30
0.0
 10
-6.17149
 20
-4.10845
 30
0.0
 10
-6.28896
 20
-4.13137
 30
0.0
 10
-6.36834
 20
-4.11127
 30
0.0
 10
-6.36834
 20
-4.11127
 30
0.0
 10
-6.37117
 20
-4.05129
 30
0.0
 10
-6.37187
 20
-3.99133
 30
0.0
 10
-6.37117
 20
-3.93135
 30
0.0
  0
SPLINE
  5
17D
330
1F
100
AcDbEntity
  8
Camada 1
100
AcDbSpline
210
0.0
220
0.0
230
1.0
 70
    11
 71
     3
 72
    20
 73
    16
 74
     0
 42
0.0000000001
 43
0.0000000001
 12
1.0
 22
0.0
 32
0.0
 13
1.0
 23
0.0
 33
0.0
 40
0.0
 40
0.0
 40
0.0
 40
0.0
 40
0.2
 40
0.2
 40
0.2
 40
0.2
 40
0.4
 40
0.4
 40
0.4
 40
0.4
 40
0.6
 40
0.6
 40
0.6
 40
0.6
 40
1.0
 40
1.0
 40
1.0
 40
1.0
 10
-5.64832
 20
-3.92782
 30
0.0
 10
-5.60139
 20
-3.93135
 30
0.0
 10
-5.54002
 20
-3.90842
 30
0.0
 10
-5.50545
 20
-3.95111
 30
0.0
 10
-5.50545
 20
-3.95111
 30
0.0
 10
-5.45146
 20
-4.00543
 30
0.0
 10
-5.48886
 20
-4.1215
 30
0.0
 10
-5.57072
 20
-4.11797
 30
0.0
 10
-5.57072
 20
-4.11797
 30
0.0
 10
-5.63491
 20
-4.13456
 30
0.0
 10
-5.6642
 20
-4.06822
 30
0.0
 10
-5.69841
 20
-4.02872
 30
0.0
 10
-5.69841
 20
-4.02872
 30
0.0
 10
-5.68184
 20
-3.99486
 30
0.0
 10
-5.6649
 20
-3.96134
 30
0.0
 10
-5.64832
 20
-3.92782
 30
0.0
  0
SPLINE
  5
17E
330
1F
100
AcDbEntity
  8
Camada 1
100
AcDbSpline
210
0.0
220
0.0
230
1.0
 70
    11
 71
     3
 72
    16
 73
    12
 74
     0
 42
0.0000000001
 43
0.0000000001
 12
1.0
 22
0.0
 32
0.0
 13
1.0
 23
0.0
 33
0.0
 40
0.0
 40
0.0
 40
0.0
 40
0.0
 40
0.25
 40
0.25
 40
0.25
 40
0.25
 40
0.5
 40
0.5
 40
0.5
 40
0.5
 40
1.0
 40
1.0
 40
1.0
 40
1.0
 10
-4.99497
 20
-4.02061
 30
0.0
 10
-4.95899
 20
-3.96699
 30
0.0
 10
-4.91137
 20
-3.88972
 30
0.0
 10
-4.83446
 20
-3.92818
 30
0.0
 10
-4.83446
 20
-3.92818
 30
0.0
 10
-4.73604
 20
-3.95639
 30
0.0
 10
-4.76355
 20
-4.12679
 30
0.0
 10
-4.86798
 20
-4.11902
 30
0.0
 10
-4.86798
 20
-4.11902
 30
0.0
 10
-4.9343
 20
-4.13173
 30
0.0
 10
-4.95969
 20
-4.06047
 30
0.0
 10
-4.99497
 20
-4.02061
 30
0.0
  0
SPLINE
  5
17F
330
1F
100
AcDbEntity
  8
Camada 1
100
AcDbSpline
210
0.0
220
0.0
230
1.0
 70
    11
 71
     3
 72
    16
 73
    12
 74
     0
 42
0.0000000001
 43
0.0000000001
 12
1.0
 22
0.0
 32
0.0
 13
1.0
 23
0.0
 33
0.0
 40
0.0
 40
0.0
 40
0.0
 40
0.0
 40
0.25
 40
0.25
 40
0.25
 40
0.25
 40
0.5
 40
0.5
 40
0.5
 40
0.5
 40
1.0
 40
1.0
 40
1.0
 40
1.0
 10
-4.22098
 20
-3.93381
 30
0.0
 10
-4.14338
 20
-3.88479
 30
0.0
 10
-4.03189
 20
-3.96239
 30
0.0
 10
-4.07141
 20
-4.052
 30
0.0
 10
-4.07141
 20
-4.052
 30
0.0
 10
-4.0841
 20
-4.13948
 30
0.0
 10
-4.24285
 20
-4.14443
 30
0.0
 10
-4.25767
 20
-4.05659
 30
0.0
 10
-4.25767
 20
-4.05659
 30
0.0
 10
-4.27567
 20
-4.01778
 30
0.0
 10
-4.26191
 20
-3.95076
 30
0.0
 10
-4.22098
 20
-3.93381
 30
0.0
  0
SPLINE
  5
180
330
1F
100
AcDbEntity
  8
Camada 1
100
AcDbSpline
210
0.0
220
0.0
230
1.0
 70
    11
 71
     3
 72
    12
 73
     8
 74
     0
 42
0.0000000001
 43
0.0000000001
 12
1.0
 22
0.0
 32
0.0
 13
1.0
 23
0.0
 33
0.0
 40
0.0
 40
0.0
 40
0.0
 40
0.0
 40
0.3333333333333333
 40
0.3333333333333333
 40
0.3333333333333333
 40
0.3333333333333333
 40
1.0
 40
1.0
 40
1.0
 40
1.0
 10
-3.51472
 20
-3.93559
 30
0.0
 10
-3.40254
 20
-3.85762
 30
0.0
 10
-3.2907
 20
-4.03684
 30
0.0
 10
-3.40218
 20
-4.10562
 30
0.0
 10
-3.40218
 20
-4.10562
 30
0.0
 10
-3.51225
 20
-4.18146
 30
0.0
 10
-3.62303
 20
-4.0012
 30
0.0
 10
-3.51472
 20
-3.93559
 30
0.0
  0
SPLINE
  5
181
330
1F
100
AcDbEntity
  8
Camada 1
100
AcDbSpline
210
0.0
220
0.0
230
1.0
 70
    11
 71
     3
 72
    16
 73
    12
 74
     0
 42
0.0000000001
 43
0.0000000001
 12
1.0
 22
0.0
 32
0.0
 13
1.0
 23
0.0
 33
0.0
 40
0.0
 40
0.0
 40
0.0
 40
0.0
 40
0.25
 40
0.25
 40
0.25
 40
0.25
 40
0.5
 40
0.5
 40
0.5
 40
0.5
 40
1.0
 40
1.0
 40
1.0
 40
1.0
 10
-2.85255
 20
-4.02237
 30
0.0
 10
-2.85574
 20
-3.91371
 30
0.0
 10
-2.73967
 20
-3.91512
 30
0.0
 10
-2.66312
 20
-3.93381
 30
0.0
 10
-2.66312
 20
-3.93381
 30
0.0
 10
-2.65606
 20
-3.99167
 30
0.0
 10
-2.6564
 20
-4.04988
 30
0.0
 10
-2.66522
 20
-4.10774
 30
0.0
 10
-2.66522
 20
-4.10774
 30
0.0
 10
-2.74038
 20
-4.12396
 30
0.0
 10
-2.84938
 20
-4.12537
 30
0.0
 10
-2.85255
 20
-4.02237
 30
0.0
  0
SPLINE
  5
182
330
1F
100
AcDbEntity
  8
Camada 1
100
AcDbSpline
210
0.0
220
0.0
230
1.0
 70
    11
 71
     3
 72
    16
 73
    12
 74
     0
 42
0.0000000001
 43
0.0000000001
 12
1.0
 22
0.0
 32
0.0
 13
1.0
 23
0.0
 33
0.0
 40
0.0
 40
0.0
 40
0.0
 40
0.0
 40
0.25
 40
0.25
 40
0.25
 40
0.25
 40
0.5
 40
0.5
 40
0.5
 40
0.5
 40
1.0
 40
1.0
 40
1.0
 40
1.0
 10
2.62784
 20
-4.0527
 30
0.0
 10
2.59257
 20
-3.94652
 30
0.0
 10
2.70827
 20
-3.90348
 30
0.0
 10
2.79188
 20
-3.92747
 30
0.0
 10
2.79188
 20
-3.92747
 30
0.0
 10
2.80775
 20
-3.96098
 30
0.0
 10
2.82397
 20
-3.99486
 30
0.0
 10
2.84056
 20
-4.02872
 30
0.0
 10
2.84056
 20
-4.02872
 30
0.0
 10
2.80882
 20
-4.12291
 30
0.0
 10
2.66593
 20
-4.16102
 30
0.0
 10
2.62784
 20
-4.0527
 30
0.0
  0
SPLINE
  5
183
330
1F
100
AcDbEntity
  8
Camada 1
100
AcDbSpline
210
0.0
220
0.0
230
1.0
 70
    11
 71
     3
 72
    20
 73
    16
 74
     0
 42
0.0000000001
 43
0.0000000001
 12
1.0
 22
0.0
 32
0.0
 13
1.0
 23
0.0
 33
0.0
 40
0.0
 40
0.0
 40
0.0
 40
0.0
 40
0.2
 40
0.2
 40
0.2
 40
0.2
 40
0.4
 40
0.4
 40
0.4
 40
0.4
 40
0.6
 40
0.6
 40
0.6
 40
0.6
 40
1.0
 40
1.0
 40
1.0
 40
1.0
 10
3.32775
 20
-4.07105
 30
0.0
 10
3.3355
 20
-4.01954
 30
0.0
 10
3.33162
 20
-3.95323
 30
0.0
 10
3.38807
 20
-3.92782
 30
0.0
 10
3.38807
 20
-3.92782
 30
0.0
 10
3.42477
 20
-3.92499
 30
0.0
 10
3.46145
 20
-3.92465
 30
0.0
 10
3.49815
 20
-3.92606
 30
0.0
 10
3.49815
 20
-3.92606
 30
0.0
 10
3.51472
 20
-3.96027
 30
0.0
 10
3.53201
 20
-3.9945
 30
0.0
 10
3.54965
 20
-4.02836
 30
0.0
 10
3.54965
 20
-4.02836
 30
0.0
 10
3.50943
 20
-4.12715
 30
0.0
 10
3.40218
 20
-4.14126
 30
0.0
 10
3.32775
 20
-4.07105
 30
0.0
  0
SPLINE
  5
184
330
1F
100
AcDbEntity
  8
Camada 1
100
AcDbSpline
210
0.0
220
0.0
230
1.0
 70
    11
 71
     3
 72
    16
 73
    12
 74
     0
 42
0.0000000001
 43
0.0000000001
 12
1.0
 22
0.0
 32
0.0
 13
1.0
 23
0.0
 33
0.0
 40
0.0
 40
0.0
 40
0.0
 40
0.0
 40
0.25
 40
0.25
 40
0.25
 40
0.25
 40
0.5
 40
0.5
 40
0.5
 40
0.5
 40
1.0
 40
1.0
 40
1.0
 40
1.0
 10
4.02836
 20
-3.98215
 30
0.0
 10
4.07175
 20
-3.95993
 30
0.0
 10
4.10986
 20
-3.90207
 30
0.0
 10
4.16453
 20
-3.92394
 30
0.0
 10
4.16453
 20
-3.92394
 30
0.0
 10
4.2746
 20
-3.93381
 30
0.0
 10
4.26826
 20
-4.11232
 30
0.0
 10
4.15783
 20
-4.11902
 30
0.0
 10
4.15783
 20
-4.11902
 30
0.0
 10
4.07141
 20
-4.13843
 30
0.0
 10
4.04707
 20
-4.04529
 30
0.0
 10
4.02836
 20
-3.98215
 30
0.0
  0
SPLINE
  5
185
330
1F
100
AcDbEntity
  8
Camada 1
100
AcDbSpline
210
0.0
220
0.0
230
1.0
 70
    11
 71
     3
 72
    16
 73
    12
 74
     0
 42
0.0000000001
 43
0.0000000001
 12
1.0
 22
0.0
 32
0.0
 13
1.0
 23
0.0
 33
0.0
 40
0.0
 40
0.0
 40
0.0
 40
0.0
 40
0.25
 40
0.25
 40
0.25
 40
0.25
 40
0.5
 40
0.5
 40
0.5
 40
0.5
 40
1.0
 40
1.0
 40
1.0
 40
1.0
 10
4.7565
 20
-3.98426
 30
0.0
 10
4.77343
 20
-3.91125
 30
0.0
 10
4.85457
 20
-3.92888
 30
0.0
 10
4.91031
 20
-3.919
 30
0.0
 10
4.91031
 20
-3.919
 30
0.0
 10
4.93148
 20
-3.97121
 30
0.0
 10
4.98581
 20
-4.03647
 30
0.0
 10
4.92653
 20
-4.08552
 30
0.0
 10
4.92653
 20
-4.08552
 30
0.0
 10
4.86445
 20
-4.17405
 30
0.0
 10
4.70393
 20
-4.08057
 30
0.0
 10
4.7565
 20
-3.98426
 30
0.0
  0
SPLINE
  5
186
330
1F
100
AcDbEntity
  8
Camada 1
100
AcDbSpline
210
0.0
220
0.0
230
1.0
 70
    11
 71
     3
 72
    16
 73
    12
 74
     0
 42
0.0000000001
 43
0.0000000001
 12
1.0
 22
0.0
 32
0.0
 13
1.0
 23
0.0
 33
0.0
 40
0.0
 40
0.0
 40
0.0
 40
0.0
 40
0.25
 40
0.25
 40
0.25
 40
0.25
 40
0.5
 40
0.5
 40
0.5
 40
0.5
 40
1.0
 40
1.0
 40
1.0
 40
1.0
 10
5.44018
 20
-4.02237
 30
0.0
 10
5.47441
 20
-3.97862
 30
0.0
 10
5.50087
 20
-3.9056
 30
0.0
 10
5.57176
 20
-3.92148
 30
0.0
 10
5.57176
 20
-3.92148
 30
0.0
 10
5.68749
 20
-3.92077
 30
0.0
 10
5.69066
 20
-4.11161
 30
0.0
 10
5.57705
 20
-4.11762
 30
0.0
 10
5.57705
 20
-4.11762
 30
0.0
 10
5.50862
 20
-4.13773
 30
0.0
 10
5.47687
 20
-4.06364
 30
0.0
 10
5.44018
 20
-4.02237
 30
0.0
  0
SPLINE
  5
187
330
1F
100
AcDbEntity
  8
Camada 1
100
AcDbSpline
210
0.0
220
0.0
230
1.0
 70
    11
 71
     3
 72
    20
 73
    16
 74
     0
 42
0.0000000001
 43
0.0000000001
 12
1.0
 22
0.0
 32
0.0
 13
1.0
 23
0.0
 33
0.0
 40
0.0
 40
0.0
 40
0.0
 40
0.0
 40
0.2
 40
0.2
 40
0.2
 40
0.2
 40
0.4
 40
0.4
 40
0.4
 40
0.4
 40
0.6
 40
0.6
 40
0.6
 40
0.6
 40
1.0
 40
1.0
 40
1.0
 40
1.0
 10
6.15244
 20
-4.0146
 30
0.0
 10
6.18737
 20
-3.93805
 30
0.0
 10
6.25439
 20
-3.90806
 30
0.0
 10
6.33623
 20
-3.9243
 30
0.0
 10
6.33623
 20
-3.9243
 30
0.0
 10
6.34505
 20
-3.98744
 30
0.0
 10
6.37575
 20
-4.06505
 30
0.0
 10
6.31718
 20
-4.11409
 30
0.0
 10
6.31718
 20
-4.11409
 30
0.0
 10
6.27979
 20
-4.11514
 30
0.0
 10
6.2424
 20
-4.1148
 30
0.0
 10
6.20535
 20
-4.11339
 30
0.0
 10
6.20535
 20
-4.11339
 30
0.0
 10
6.18771
 20
-4.08023
 30
0.0
 10
6.17007
 20
-4.04707
 30
0.0
 10
6.15244
 20
-4.0146
 30
0.0
  0
SPLINE
  5
188
330
1F
100
AcDbEntity
  8
Camada 1
100
AcDbSpline
210
0.0
220
0.0
230
1.0
 70
    11
 71
     3
 72
    20
 73
    16
 74
     0
 42
0.0000000001
 43
0.0000000001
 12
1.0
 22
0.0
 32
0.0
 13
1.0
 23
0.0
 33
0.0
 40
0.0
 40
0.0
 40
0.0
 40
0.0
 40
0.2
 40
0.2
 40
0.2
 40
0.2
 40
0.4
 40
0.4
 40
0.4
 40
0.4
 40
0.6
 40
0.6
 40
0.6
 40
0.6
 40
1.0
 40
1.0
 40
1.0
 40
1.0
 10
-2.09868
 20
-4.74839
 30
0.0
 10
-2.07222
 20
-4.72227
 30
0.0
 10
-2.04576
 20
-4.69618
 30
0.0
 10
-2.0193
 20
-4.67042
 30
0.0
 10
-2.0193
 20
-4.67042
 30
0.0
 10
-1.99743
 20
-4.69299
 30
0.0
 10
-1.9752
 20
-4.71557
 30
0.0
 10
-1.95297
 20
-4.73816
 30
0.0
 10
-1.95297
 20
-4.73816
 30
0.0
 10
-1.97555
 20
-4.76496
 30
0.0
 10
-1.99777
 20
-4.79142
 30
0.0
 10
-2.01999
 20
-4.81858
 30
0.0
 10
-2.01999
 20
-4.81858
 30
0.0
 10
-2.04645
 20
-4.79495
 30
0.0
 10
-2.07256
 20
-4.77166
 30
0.0
 10
-2.09868
 20
-4.74839
 30
0.0
  0
SPLINE
  5
189
330
1F
100
AcDbEntity
  8
Camada 1
100
AcDbSpline
210
0.0
220
0.0
230
1.0
 70
    11
 71
     3
 72
    20
 73
    16
 74
     0
 42
0.0000000001
 43
0.0000000001
 12
1.0
 22
0.0
 32
0.0
 13
1.0
 23
0.0
 33
0.0
 40
0.0
 40
0.0
 40
0.0
 40
0.0
 40
0.2
 40
0.2
 40
0.2
 40
0.2
 40
0.4
 40
0.4
 40
0.4
 40
0.4
 40
0.6
 40
0.6
 40
0.6
 40
0.6
 40
1.0
 40
1.0
 40
1.0
 40
1.0
 10
1.91593
 20
-4.7558
 30
0.0
 10
1.9431
 20
-4.72792
 30
0.0
 10
1.97061
 20
-4.70005
 30
0.0
 10
1.99848
 20
-4.67254
 30
0.0
 10
1.99848
 20
-4.67254
 30
0.0
 10
2.02388
 20
-4.70252
 30
0.0
 10
2.04964
 20
-4.73251
 30
0.0
 10
2.07539
 20
-4.76284
 30
0.0
 10
2.07539
 20
-4.76284
 30
0.0
 10
2.04752
 20
-4.77943
 30
0.0
 10
2.02106
 20
-4.79812
 30
0.0
 10
1.99214
 20
-4.81259
 30
0.0
 10
1.99214
 20
-4.81259
 30
0.0
 10
1.96603
 20
-4.79424
 30
0.0
 10
1.94062
 20
-4.77519
 30
0.0
 10
1.91593
 20
-4.7558
 30
0.0
  0
SPLINE
  5
18A
330
1F
100
AcDbEntity
  8
Camada 1
100
AcDbSpline
210
0.0
220
0.0
230
1.0
 70
    11
 71
     3
 72
    20
 73
    16
 74
     0
 42
0.0000000001
 43
0.0000000001
 12
1.0
 22
0.0
 32
0.0
 13
1.0
 23
0.0
 33
0.0
 40
0.0
 40
0.0
 40
0.0
 40
0.0
 40
0.2
 40
0.2
 40
0.2
 40
0.2
 40
0.4
 40
0.4
 40
0.4
 40
0.4
 40
0.6
 40
0.6
 40
0.6
 40
0.6
 40
1.0
 40
1.0
 40
1.0
 40
1.0
 10
-1.9364
 20
-4.91208
 30
0.0
 10
-1.9124
 20
-4.88667
 30
0.0
 10
-1.88877
 20
-4.86163
 30
0.0
 10
-1.86477
 20
-4.83658
 30
0.0
 10
-1.86477
 20
-4.83658
 30
0.0
 10
-1.83515
 20
-4.86127
 30
0.0
 10
-1.80552
 20
-4.88667
 30
0.0
 10
-1.77587
 20
-4.91208
 30
0.0
 10
-1.77587
 20
-4.91208
 30
0.0
 10
-1.8041
 20
-4.93323
 30
0.0
 10
-1.83198
 20
-4.95511
 30
0.0
 10
-1.86195
 20
-4.97382
 30
0.0
 10
-1.86195
 20
-4.97382
 30
0.0
 10
-1.8877
 20
-4.95406
 30
0.0
 10
-1.9124
 20
-4.9336
 30
0.0
 10
-1.9364
 20
-4.91208
 30
0.0
  0
SPLINE
  5
18B
330
1F
100
AcDbEntity
  8
Camada 1
100
AcDbSpline
210
0.0
220
0.0
230
1.0
 70
    11
 71
     3
 72
    20
 73
    16
 74
     0
 42
0.0000000001
 43
0.0000000001
 12
1.0
 22
0.0
 32
0.0
 13
1.0
 23
0.0
 33
0.0
 40
0.0
 40
0.0
 40
0.0
 40
0.0
 40
0.2
 40
0.2
 40
0.2
 40
0.2
 40
0.4
 40
0.4
 40
0.4
 40
0.4
 40
0.6
 40
0.6
 40
0.6
 40
0.6
 40
1.0
 40
1.0
 40
1.0
 40
1.0
 10
-0.26882
 20
-4.90502
 30
0.0
 10
-0.24024
 20
-4.88173
 30
0.0
 10
-0.21132
 20
-4.85951
 30
0.0
 10
-0.18133
 20
-4.83799
 30
0.0
 10
-0.18133
 20
-4.83799
 30
0.0
 10
-0.15875
 20
-4.86268
 30
0.0
 10
-0.13616
 20
-4.88738
 30
0.0
 10
-0.11324
 20
-4.91208
 30
0.0
 10
-0.11324
 20
-4.91208
 30
0.0
 10
-0.14216
 20
-4.93606
 30
0.0
 10
-0.1711
 20
-4.95969
 30
0.0
 10
-0.20038
 20
-4.98298
 30
0.0
 10
-0.20038
 20
-4.98298
 30
0.0
 10
-0.22331
 20
-4.95687
 30
0.0
 10
-0.24623
 20
-4.93077
 30
0.0
 10
-0.26882
 20
-4.90502
 30
0.0
  0
SPLINE
  5
18C
330
1F
100
AcDbEntity
  8
Camada 1
100
AcDbSpline
210
0.0
220
0.0
230
1.0
 70
    11
 71
     3
 72
    20
 73
    16
 74
     0
 42
0.0000000001
 43
0.0000000001
 12
1.0
 22
0.0
 32
0.0
 13
1.0
 23
0.0
 33
0.0
 40
0.0
 40
0.0
 40
0.0
 40
0.0
 40
0.2
 40
0.2
 40
0.2
 40
0.2
 40
0.4
 40
0.4
 40
0.4
 40
0.4
 40
0.6
 40
0.6
 40
0.6
 40
0.6
 40
1.0
 40
1.0
 40
1.0
 40
1.0
 10
0.08183
 20
-4.91384
 30
0.0
 10
0.10688
 20
-4.89091
 30
0.0
 10
0.13194
 20
-4.86833
 30
0.0
 10
0.15699
 20
-4.84575
 30
0.0
 10
0.15699
 20
-4.84575
 30
0.0
 10
0.18167
 20
-4.86974
 30
0.0
 10
0.20672
 20
-4.89408
 30
0.0
 10
0.23176
 20
-4.91842
 30
0.0
 10
0.23176
 20
-4.91842
 30
0.0
 10
0.20637
 20
-4.94347
 30
0.0
 10
0.18133
 20
-4.96887
 30
0.0
 10
0.15628
 20
-4.99426
 30
0.0
 10
0.15628
 20
-4.99426
 30
0.0
 10
0.13124
 20
-4.96746
 30
0.0
 10
0.10653
 20
-4.9403
 30
0.0
 10
0.08183
 20
-4.91384
 30
0.0
  0
SPLINE
  5
18D
330
1F
100
AcDbEntity
  8
Camada 1
100
AcDbSpline
210
0.0
220
0.0
230
1.0
 70
    11
 71
     3
 72
    20
 73
    16
 74
     0
 42
0.0000000001
 43
0.0000000001
 12
1.0
 22
0.0
 32
0.0
 13
1.0
 23
0.0
 33
0.0
 40
0.0
 40
0.0
 40
0.0
 40
0.0
 40
0.2
 40
0.2
 40
0.2
 40
0.2
 40
0.4
 40
0.4
 40
0.4
 40
0.4
 40
0.6
 40
0.6
 40
0.6
 40
0.6
 40
1.0
 40
1.0
 40
1.0
 40
1.0
 10
1.7653
 20
-4.91137
 30
0.0
 10
1.7854
 20
-4.88492
 30
0.0
 10
1.80657
 20
-4.85985
 30
0.0
 10
1.8295
 20
-4.83588
 30
0.0
 10
1.8295
 20
-4.83588
 30
0.0
 10
1.85313
 20
-4.86375
 30
0.0
 10
1.87713
 20
-4.89196
 30
0.0
 10
1.90076
 20
-4.92054
 30
0.0
 10
1.90076
 20
-4.92054
 30
0.0
 10
1.87466
 20
-4.94629
 30
0.0
 10
1.84855
 20
-4.9724
 30
0.0
 10
1.82279
 20
-4.99886
 30
0.0
 10
1.82279
 20
-4.99886
 30
0.0
 10
1.80233
 20
-4.97028
 30
0.0
 10
1.78118
 20
-4.94205
 30
0.0
 10
1.7653
 20
-4.91137
 30
0.0
  0
SPLINE
  5
18E
330
1F
100
AcDbEntity
  8
Camada 1
100
AcDbSpline
210
0.0
220
0.0
230
1.0
 70
    11
 71
     3
 72
    16
 73
    12
 74
     0
 42
0.0000000001
 43
0.0000000001
 12
1.0
 22
0.0
 32
0.0
 13
1.0
 23
0.0
 33
0.0
 40
0.0
 40
0.0
 40
0.0
 40
0.0
 40
0.25
 40
0.25
 40
0.25
 40
0.25
 40
0.5
 40
0.5
 40
0.5
 40
0.5
 40
1.0
 40
1.0
 40
1.0
 40
1.0
 10
-1.77446
 20
-5.08
 30
0.0
 10
-1.73708
 20
-5.05741
 30
0.0
 10
-1.69545
 20
-4.98228
 30
0.0
 10
-1.65099
 20
-5.03695
 30
0.0
 10
-1.65099
 20
-5.03695
 30
0.0
 10
-1.60548
 20
-5.05882
 30
0.0
 10
-1.64182
 20
-5.1188
 30
0.0
 10
-1.6704
 20
-5.13927
 30
0.0
 10
-1.6704
 20
-5.13927
 30
0.0
 10
-1.71379
 20
-5.1449
 30
0.0
 10
-1.73989
 20
-5.09729
 30
0.0
 10
-1.77446
 20
-5.08
 30
0.0
  0
SPLINE
  5
18F
330
1F
100
AcDbEntity
  8
Camada 1
100
AcDbSpline
210
0.0
220
0.0
230
1.0
 70
    11
 71
     3
 72
    12
 73
     8
 74
     0
 42
0.0000000001
 43
0.0000000001
 12
1.0
 22
0.0
 32
0.0
 13
1.0
 23
0.0
 33
0.0
 40
0.0
 40
0.0
 40
0.0
 40
0.0
 40
0.3333333333333333
 40
0.3333333333333333
 40
0.3333333333333333
 40
0.3333333333333333
 40
1.0
 40
1.0
 40
1.0
 40
1.0
 10
-0.37711
 20
-5.01509
 30
0.0
 10
-0.32561
 20
-5.01261
 30
0.0
 10
-0.25893
 20
-5.07753
 30
0.0
 10
-0.31679
 20
-5.1188
 30
0.0
 10
-0.31679
 20
-5.1188
 30
0.0
 10
-0.38488
 20
-5.19535
 30
0.0
 10
-0.4646
 20
-5.05178
 30
0.0
 10
-0.37711
 20
-5.01509
 30
0.0
  0
SPLINE
  5
190
330
1F
100
AcDbEntity
  8
Camada 1
100
AcDbSpline
210
0.0
220
0.0
230
1.0
 70
    11
 71
     3
 72
    20
 73
    16
 74
     0
 42
0.0000000001
 43
0.0000000001
 12
1.0
 22
0.0
 32
0.0
 13
1.0
 23
0.0
 33
0.0
 40
0.0
 40
0.0
 40
0.0
 40
0.0
 40
0.2
 40
0.2
 40
0.2
 40
0.2
 40
0.4
 40
0.4
 40
0.4
 40
0.4
 40
0.6
 40
0.6
 40
0.6
 40
0.6
 40
1.0
 40
1.0
 40
1.0
 40
1.0
 10
0.2494
 20
-5.08952
 30
0.0
 10
0.27445
 20
-5.06306
 30
0.0
 10
0.3002
 20
-5.0366
 30
0.0
 10
0.32597
 20
-5.01049
 30
0.0
 10
0.32597
 20
-5.01049
 30
0.0
 10
0.34325
 20
-5.02954
 30
0.0
 10
0.37853
 20
-5.06764
 30
0.0
 10
0.39616
 20
-5.08669
 30
0.0
 10
0.39616
 20
-5.08669
 30
0.0
 10
0.37287
 20
-5.11104
 30
0.0
 10
0.34924
 20
-5.13537
 30
0.0
 10
0.32561
 20
-5.15937
 30
0.0
 10
0.32561
 20
-5.15937
 30
0.0
 10
0.30656
 20
-5.14173
 30
0.0
 10
0.26846
 20
-5.1068
 30
0.0
 10
0.2494
 20
-5.08952
 30
0.0
  0
SPLINE
  5
191
330
1F
100
AcDbEntity
  8
Camada 1
100
AcDbSpline
210
0.0
220
0.0
230
1.0
 70
    11
 71
     3
 72
    16
 73
    12
 74
     0
 42
0.0000000001
 43
0.0000000001
 12
1.0
 22
0.0
 32
0.0
 13
1.0
 23
0.0
 33
0.0
 40
0.0
 40
0.0
 40
0.0
 40
0.0
 40
0.25
 40
0.25
 40
0.25
 40
0.25
 40
0.5
 40
0.5
 40
0.5
 40
0.5
 40
1.0
 40
1.0
 40
1.0
 40
1.0
 10
1.61712
 20
-5.12127
 30
0.0
 10
1.56069
 20
-5.08458
 30
0.0
 10
1.63688
 20
-5.03307
 30
0.0
 10
1.66792
 20
-5.00979
 30
0.0
 10
1.66792
 20
-5.00979
 30
0.0
 10
1.68556
 20
-5.03025
 30
0.0
 10
1.72049
 20
-5.07083
 30
0.0
 10
1.73813
 20
-5.09128
 30
0.0
 10
1.73813
 20
-5.09128
 30
0.0
 10
1.70074
 20
-5.11422
 30
0.0
 10
1.65734
 20
-5.17701
 30
0.0
 10
1.61712
 20
-5.12127
 30
0.0
  0
SPLINE
  5
192
330
1F
100
AcDbEntity
  8
Camada 1
100
AcDbSpline
210
0.0
220
0.0
230
1.0
 70
    11
 71
     3
 72
    20
 73
    16
 74
     0
 42
0.0000000001
 43
0.0000000001
 12
1.0
 22
0.0
 32
0.0
 13
1.0
 23
0.0
 33
0.0
 40
0.0
 40
0.0
 40
0.0
 40
0.0
 40
0.2
 40
0.2
 40
0.2
 40
0.2
 40
0.4
 40
0.4
 40
0.4
 40
0.4
 40
0.6
 40
0.6
 40
0.6
 40
0.6
 40
1.0
 40
1.0
 40
1.0
 40
1.0
 10
2.68498
 20
-8.74041
 30
0.0
 10
3.91089
 20
-7.52157
 30
0.0
 10
5.12833
 20
-6.29355
 30
0.0
 10
6.35565
 20
-5.07576
 30
0.0
 10
6.35565
 20
-5.07576
 30
0.0
 10
6.344
 20
-5.1763
 30
0.0
 10
6.39022
 20
-5.30472
 30
0.0
 10
6.2992
 20
-5.37915
 30
0.0
 10
6.2992
 20
-5.37915
 30
0.0
 10
5.19852
 20
-6.47805
 30
0.0
 10
4.09892
 20
-7.57802
 30
0.0
 10
3.00002
 20
-8.67867
 30
0.0
 10
3.00002
 20
-8.67867
 30
0.0
 10
2.92734
 20
-8.78063
 30
0.0
 10
2.78977
 20
-8.7263
 30
0.0
 10
2.68498
 20
-8.74041
 30
0.0
  0
SPLINE
  5
193
330
1F
100
AcDbEntity
  8
Camada 1
100
AcDbSpline
210
0.0
220
0.0
230
1.0
 70
    11
 71
     3
 72
    20
 73
    16
 74
     0
 42
0.0000000001
 43
0.0000000001
 12
1.0
 22
0.0
 32
0.0
 13
1.0
 23
0.0
 33
0.0
 40
0.0
 40
0.0
 40
0.0
 40
0.0
 40
0.2
 40
0.2
 40
0.2
 40
0.2
 40
0.4
 40
0.4
 40
0.4
 40
0.4
 40
0.6
 40
0.6
 40
0.6
 40
0.6
 40
1.0
 40
1.0
 40
1.0
 40
1.0
 10
-1.58679
 20
-5.24791
 30
0.0
 10
-1.56632
 20
-5.21723
 30
0.0
 10
-1.54235
 20
-5.18865
 30
0.0
 10
-1.5194
 20
-5.15972
 30
0.0
 10
-1.5194
 20
-5.15972
 30
0.0
 10
-1.49895
 20
-5.19007
 30
0.0
 10
-1.47601
 20
-5.21864
 30
0.0
 10
-1.45944
 20
-5.2518
 30
0.0
 10
-1.45944
 20
-5.2518
 30
0.0
 10
-1.47849
 20
-5.2779
 30
0.0
 10
-1.49789
 20
-5.30331
 30
0.0
 10
-1.51835
 20
-5.3287
 30
0.0
 10
-1.51835
 20
-5.3287
 30
0.0
 10
-1.54235
 20
-5.3026
 30
0.0
 10
-1.56527
 20
-5.27578
 30
0.0
 10
-1.58679
 20
-5.24791
 30
0.0
  0
SPLINE
  5
194
330
1F
100
AcDbEntity
  8
Camada 1
100
AcDbSpline
210
0.0
220
0.0
230
1.0
 70
    11
 71
     3
 72
    20
 73
    16
 74
     0
 42
0.0000000001
 43
0.0000000001
 12
1.0
 22
0.0
 32
0.0
 13
1.0
 23
0.0
 33
0.0
 40
0.0
 40
0.0
 40
0.0
 40
0.0
 40
0.2
 40
0.2
 40
0.2
 40
0.2
 40
0.4
 40
0.4
 40
0.4
 40
0.4
 40
0.6
 40
0.6
 40
0.6
 40
0.6
 40
1.0
 40
1.0
 40
1.0
 40
1.0
 10
-0.59477
 20
-5.25392
 30
0.0
 10
-0.57538
 20
-5.22252
 30
0.0
 10
-0.55245
 20
-5.19324
 30
0.0
 10
-0.53057
 20
-5.16361
 30
0.0
 10
-0.53057
 20
-5.16361
 30
0.0
 10
-0.5027
 20
-5.1936
 30
0.0
 10
-0.47519
 20
-5.22357
 30
0.0
 10
-0.44767
 20
-5.25426
 30
0.0
 10
-0.44767
 20
-5.25426
 30
0.0
 10
-0.47554
 20
-5.27578
 30
0.0
 10
-0.50341
 20
-5.2966
 30
0.0
 10
-0.53199
 20
-5.31671
 30
0.0
 10
-0.53199
 20
-5.31671
 30
0.0
 10
-0.55457
 20
-5.29731
 30
0.0
 10
-0.57572
 20
-5.27649
 30
0.0
 10
-0.59477
 20
-5.25392
 30
0.0
  0
SPLINE
  5
195
330
1F
100
AcDbEntity
  8
Camada 1
100
AcDbSpline
210
0.0
220
0.0
230
1.0
 70
    11
 71
     3
 72
    12
 73
     8
 74
     0
 42
0.0000000001
 43
0.0000000001
 12
1.0
 22
0.0
 32
0.0
 13
1.0
 23
0.0
 33
0.0
 40
0.0
 40
0.0
 40
0.0
 40
0.0
 40
0.3333333333333333
 40
0.3333333333333333
 40
0.3333333333333333
 40
0.3333333333333333
 40
1.0
 40
1.0
 40
1.0
 40
1.0
 10
0.46989
 20
-5.19711
 30
0.0
 10
0.51893
 20
-5.17348
 30
0.0
 10
0.59443
 20
-5.26062
 30
0.0
 10
0.53269
 20
-5.29342
 30
0.0
 10
0.53269
 20
-5.29342
 30
0.0
 10
0.47237
 20
-5.36751
 30
0.0
 10
0.37853
 20
-5.23487
 30
0.0
 10
0.46989
 20
-5.19711
 30
0.0
  0
SPLINE
  5
196
330
1F
100
AcDbEntity
  8
Camada 1
100
AcDbSpline
210
0.0
220
0.0
230
1.0
 70
    11
 71
     3
 72
    20
 73
    16
 74
     0
 42
0.0000000001
 43
0.0000000001
 12
1.0
 22
0.0
 32
0.0
 13
1.0
 23
0.0
 33
0.0
 40
0.0
 40
0.0
 40
0.0
 40
0.0
 40
0.2
 40
0.2
 40
0.2
 40
0.2
 40
0.4
 40
0.4
 40
0.4
 40
0.4
 40
0.6
 40
0.6
 40
0.6
 40
0.6
 40
1.0
 40
1.0
 40
1.0
 40
1.0
 10
1.41569
 20
-5.24262
 30
0.0
 10
1.44463
 20
-5.22111
 30
0.0
 10
1.4746
 20
-5.20135
 30
0.0
 10
1.506
 20
-5.18371
 30
0.0
 10
1.506
 20
-5.18371
 30
0.0
 10
1.52681
 20
-5.20805
 30
0.0
 10
1.54763
 20
-5.23239
 30
0.0
 10
1.56915
 20
-5.25673
 30
0.0
 10
1.56915
 20
-5.25673
 30
0.0
 10
1.54199
 20
-5.28002
 30
0.0
 10
1.51553
 20
-5.30331
 30
0.0
 10
1.48907
 20
-5.32729
 30
0.0
 10
1.48907
 20
-5.32729
 30
0.0
 10
1.46437
 20
-5.29872
 30
0.0
 10
1.43968
 20
-5.27085
 30
0.0
 10
1.41569
 20
-5.24262
 30
0.0
  0
SPLINE
  5
197
330
1F
100
AcDbEntity
  8
Camada 1
100
AcDbSpline
210
0.0
220
0.0
230
1.0
 70
    11
 71
     3
 72
    20
 73
    16
 74
     0
 42
0.0000000001
 43
0.0000000001
 12
1.0
 22
0.0
 32
0.0
 13
1.0
 23
0.0
 33
0.0
 40
0.0
 40
0.0
 40
0.0
 40
0.0
 40
0.2
 40
0.2
 40
0.2
 40
0.2
 40
0.4
 40
0.4
 40
0.4
 40
0.4
 40
0.6
 40
0.6
 40
0.6
 40
0.6
 40
1.0
 40
1.0
 40
1.0
 40
1.0
 10
-1.43121
 20
-5.4176
 30
0.0
 10
-1.40652
 20
-5.39114
 30
0.0
 10
-1.38148
 20
-5.36468
 30
0.0
 10
-1.35607
 20
-5.33929
 30
0.0
 10
-1.35607
 20
-5.33929
 30
0.0
 10
-1.33139
 20
-5.36222
 30
0.0
 10
-1.30668
 20
-5.38514
 30
0.0
 10
-1.28164
 20
-5.40843
 30
0.0
 10
-1.28164
 20
-5.40843
 30
0.0
 10
-1.30457
 20
-5.43489
 30
0.0
 10
-1.32679
 20
-5.46135
 30
0.0
 10
-1.34937
 20
-5.48815
 30
0.0
 10
-1.34937
 20
-5.48815
 30
0.0
 10
-1.37653
 20
-5.46452
 30
0.0
 10
-1.40404
 20
-5.44089
 30
0.0
 10
-1.43121
 20
-5.4176
 30
0.0
  0
SPLINE
  5
198
330
1F
100
AcDbEntity
  8
Camada 1
100
AcDbSpline
210
0.0
220
0.0
230
1.0
 70
    11
 71
     3
 72
    20
 73
    16
 74
     0
 42
0.0000000001
 43
0.0000000001
 12
1.0
 22
0.0
 32
0.0
 13
1.0
 23
0.0
 33
0.0
 40
0.0
 40
0.0
 40
0.0
 40
0.0
 40
0.2
 40
0.2
 40
0.2
 40
0.2
 40
0.4
 40
0.4
 40
0.4
 40
0.4
 40
0.6
 40
0.6
 40
0.6
 40
0.6
 40
1.0
 40
1.0
 40
1.0
 40
1.0
 10
-0.69885
 20
-5.33752
 30
0.0
 10
-0.67168
 20
-5.36187
 30
0.0
 10
-0.64452
 20
-5.38621
 30
0.0
 10
-0.61736
 20
-5.4109
 30
0.0
 10
-0.61736
 20
-5.4109
 30
0.0
 10
-0.64381
 20
-5.43736
 30
0.0
 10
-0.67027
 20
-5.46417
 30
0.0
 10
-0.69708
 20
-5.49098
 30
0.0
 10
-0.69708
 20
-5.49098
 30
0.0
 10
-0.72036
 20
-5.46276
 30
0.0
 10
-0.74329
 20
-5.43489
 30
0.0
 10
-0.76658
 20
-5.40737
 30
0.0
 10
-0.76658
 20
-5.40737
 30
0.0
 10
-0.744
 20
-5.38409
 30
0.0
 10
-0.72143
 20
-5.36081
 30
0.0
 10
-0.69885
 20
-5.33752
 30
0.0
  0
SPLINE
  5
199
330
1F
100
AcDbEntity
  8
Camada 1
100
AcDbSpline
210
0.0
220
0.0
230
1.0
 70
    11
 71
     3
 72
    20
 73
    16
 74
     0
 42
0.0000000001
 43
0.0000000001
 12
1.0
 22
0.0
 32
0.0
 13
1.0
 23
0.0
 33
0.0
 40
0.0
 40
0.0
 40
0.0
 40
0.0
 40
0.2
 40
0.2
 40
0.2
 40
0.2
 40
0.4
 40
0.4
 40
0.4
 40
0.4
 40
0.6
 40
0.6
 40
0.6
 40
0.6
 40
1.0
 40
1.0
 40
1.0
 40
1.0
 10
1.24812
 20
-5.4243
 30
0.0
 10
1.27387
 20
-5.39715
 30
0.0
 10
1.29962
 20
-5.37033
 30
0.0
 10
1.32574
 20
-5.34353
 30
0.0
 10
1.32574
 20
-5.34353
 30
0.0
 10
1.35008
 20
-5.37104
 30
0.0
 10
1.37478
 20
-5.39855
 30
0.0
 10
1.39982
 20
-5.42642
 30
0.0
 10
1.39982
 20
-5.42642
 30
0.0
 10
1.37724
 20
-5.44865
 30
0.0
 10
1.35466
 20
-5.47088
 30
0.0
 10
1.33278
 20
-5.4938
 30
0.0
 10
1.33278
 20
-5.4938
 30
0.0
 10
1.30422
 20
-5.47051
 30
0.0
 10
1.27599
 20
-5.44759
 30
0.0
 10
1.24812
 20
-5.4243
 30
0.0
  0
SPLINE
  5
19A
330
1F
100
AcDbEntity
  8
Camada 1
100
AcDbSpline
210
0.0
220
0.0
230
1.0
 70
    11
 71
     3
 72
    16
 73
    12
 74
     0
 42
0.0000000001
 43
0.0000000001
 12
1.0
 22
0.0
 32
0.0
 13
1.0
 23
0.0
 33
0.0
 40
0.0
 40
0.0
 40
0.0
 40
0.0
 40
0.25
 40
0.25
 40
0.25
 40
0.25
 40
0.5
 40
0.5
 40
0.5
 40
0.5
 40
1.0
 40
1.0
 40
1.0
 40
1.0
 10
0.62089
 20
-5.38339
 30
0.0
 10
0.66498
 20
-5.33259
 30
0.0
 10
0.70202
 20
-5.39644
 30
0.0
 10
0.73837
 20
-5.4222
 30
0.0
 10
0.73837
 20
-5.4222
 30
0.0
 10
0.71191
 20
-5.44865
 30
0.0
 10
0.68579
 20
-5.47546
 30
0.0
 10
0.65933
 20
-5.50228
 30
0.0
 10
0.65933
 20
-5.50228
 30
0.0
 10
0.6424
 20
-5.4691
 30
0.0
 10
0.56339
 20
-5.4109
 30
0.0
 10
0.62089
 20
-5.38339
 30
0.0
  0
SPLINE
  5
19B
330
1F
100
AcDbEntity
  8
Camada 1
100
AcDbSpline
210
0.0
220
0.0
230
1.0
 70
    11
 71
     3
 72
    20
 73
    16
 74
     0
 42
0.0000000001
 43
0.0000000001
 12
1.0
 22
0.0
 32
0.0
 13
1.0
 23
0.0
 33
0.0
 40
0.0
 40
0.0
 40
0.0
 40
0.0
 40
0.2
 40
0.2
 40
0.2
 40
0.2
 40
0.4
 40
0.4
 40
0.4
 40
0.4
 40
0.6
 40
0.6
 40
0.6
 40
0.6
 40
1.0
 40
1.0
 40
1.0
 40
1.0
 10
-1.26787
 20
-5.57917
 30
0.0
 10
-1.24142
 20
-5.55554
 30
0.0
 10
-1.21462
 20
-5.53225
 30
0.0
 10
-1.18816
 20
-5.50898
 30
0.0
 10
-1.18816
 20
-5.50898
 30
0.0
 10
-1.1691
 20
-5.52591
 30
0.0
 10
-1.131
 20
-5.56012
 30
0.0
 10
-1.11195
 20
-5.57705
 30
0.0
 10
-1.11195
 20
-5.57705
 30
0.0
 10
-1.12818
 20
-5.59647
 30
0.0
 10
-1.15992
 20
-5.63457
 30
0.0
 10
-1.17615
 20
-5.65396
 30
0.0
 10
-1.17615
 20
-5.65396
 30
0.0
 10
-1.20685
 20
-5.62892
 30
0.0
 10
-1.23754
 20
-5.60422
 30
0.0
 10
-1.26787
 20
-5.57917
 30
0.0
  0
SPLINE
  5
19C
330
1F
100
AcDbEntity
  8
Camada 1
100
AcDbSpline
210
0.0
220
0.0
230
1.0
 70
    11
 71
     3
 72
    20
 73
    16
 74
     0
 42
0.0000000001
 43
0.0000000001
 12
1.0
 22
0.0
 32
0.0
 13
1.0
 23
0.0
 33
0.0
 40
0.0
 40
0.0
 40
0.0
 40
0.0
 40
0.2
 40
0.2
 40
0.2
 40
0.2
 40
0.4
 40
0.4
 40
0.4
 40
0.4
 40
0.6
 40
0.6
 40
0.6
 40
0.6
 40
1.0
 40
1.0
 40
1.0
 40
1.0
 10
-0.86042
 20
-5.50969
 30
0.0
 10
-0.83431
 20
-5.53332
 30
0.0
 10
-0.80822
 20
-5.55625
 30
0.0
 10
-0.78139
 20
-5.57988
 30
0.0
 10
-0.78139
 20
-5.57988
 30
0.0
 10
-0.81104
 20
-5.60528
 30
0.0
 10
-0.84101
 20
-5.62997
 30
0.0
 10
-0.87171
 20
-5.65431
 30
0.0
 10
-0.87171
 20
-5.65431
 30
0.0
 10
-0.89393
 20
-5.62785
 30
0.0
 10
-0.91617
 20
-5.60139
 30
0.0
 10
-0.93839
 20
-5.5753
 30
0.0
 10
-0.93839
 20
-5.5753
 30
0.0
 10
-0.91263
 20
-5.55342
 30
0.0
 10
-0.88652
 20
-5.53154
 30
0.0
 10
-0.86042
 20
-5.50969
 30
0.0
  0
SPLINE
  5
19D
330
1F
100
AcDbEntity
  8
Camada 1
100
AcDbSpline
210
0.0
220
0.0
230
1.0
 70
    11
 71
     3
 72
    20
 73
    16
 74
     0
 42
0.0000000001
 43
0.0000000001
 12
1.0
 22
0.0
 32
0.0
 13
1.0
 23
0.0
 33
0.0
 40
0.0
 40
0.0
 40
0.0
 40
0.0
 40
0.2
 40
0.2
 40
0.2
 40
0.2
 40
0.4
 40
0.4
 40
0.4
 40
0.4
 40
0.6
 40
0.6
 40
0.6
 40
0.6
 40
1.0
 40
1.0
 40
1.0
 40
1.0
 10
0.82055
 20
-5.51427
 30
0.0
 10
0.84737
 20
-5.53861
 30
0.0
 10
0.87488
 20
-5.56331
 30
0.0
 10
0.90204
 20
-5.58799
 30
0.0
 10
0.90204
 20
-5.58799
 30
0.0
 10
0.87806
 20
-5.61304
 30
0.0
 10
0.85407
 20
-5.63808
 30
0.0
 10
0.83043
 20
-5.66349
 30
0.0
 10
0.83043
 20
-5.66349
 30
0.0
 10
0.80503
 20
-5.6402
 30
0.0
 10
0.77964
 20
-5.61693
 30
0.0
 10
0.75459
 20
-5.59435
 30
0.0
 10
0.75459
 20
-5.59435
 30
0.0
 10
0.77645
 20
-5.56753
 30
0.0
 10
0.79833
 20
-5.54073
 30
0.0
 10
0.82055
 20
-5.51427
 30
0.0
  0
SPLINE
  5
19E
330
1F
100
AcDbEntity
  8
Camada 1
100
AcDbSpline
210
0.0
220
0.0
230
1.0
 70
    11
 71
     3
 72
    20
 73
    16
 74
     0
 42
0.0000000001
 43
0.0000000001
 12
1.0
 22
0.0
 32
0.0
 13
1.0
 23
0.0
 33
0.0
 40
0.0
 40
0.0
 40
0.0
 40
0.0
 40
0.2
 40
0.2
 40
0.2
 40
0.2
 40
0.4
 40
0.4
 40
0.4
 40
0.4
 40
0.6
 40
0.6
 40
0.6
 40
0.6
 40
1.0
 40
1.0
 40
1.0
 40
1.0
 10
1.0929
 20
-5.5827
 30
0.0
 10
1.11407
 20
-5.55695
 30
0.0
 10
1.13629
 20
-5.53191
 30
0.0
 10
1.15992
 20
-5.50827
 30
0.0
 10
1.15992
 20
-5.50827
 30
0.0
 10
1.18356
 20
-5.53507
 30
0.0
 10
1.20685
 20
-5.56294
 30
0.0
 10
1.22943
 20
-5.59118
 30
0.0
 10
1.22943
 20
-5.59118
 30
0.0
 10
1.20438
 20
-5.61693
 30
0.0
 10
1.17934
 20
-5.64303
 30
0.0
 10
1.15464
 20
-5.66914
 30
0.0
 10
1.15464
 20
-5.66914
 30
0.0
 10
1.13312
 20
-5.64091
 30
0.0
 10
1.1109
 20
-5.61269
 30
0.0
 10
1.0929
 20
-5.5827
 30
0.0
  0
SPLINE
  5
19F
330
1F
100
AcDbEntity
  8
Camada 1
100
AcDbSpline
210
0.0
220
0.0
230
1.0
 70
    11
 71
     3
 72
    20
 73
    16
 74
     0
 42
0.0000000001
 43
0.0000000001
 12
1.0
 22
0.0
 32
0.0
 13
1.0
 23
0.0
 33
0.0
 40
0.0
 40
0.0
 40
0.0
 40
0.0
 40
0.2
 40
0.2
 40
0.2
 40
0.2
 40
0.4
 40
0.4
 40
0.4
 40
0.4
 40
0.6
 40
0.6
 40
0.6
 40
0.6
 40
1.0
 40
1.0
 40
1.0
 40
1.0
 10
-1.10771
 20
-5.74957
 30
0.0
 10
-1.07809
 20
-5.72206
 30
0.0
 10
-1.04846
 20
-5.69419
 30
0.0
 10
-1.01847
 20
-5.66737
 30
0.0
 10
-1.01847
 20
-5.66737
 30
0.0
 10
-0.99589
 20
-5.69312
 30
0.0
 10
-0.97542
 20
-5.72099
 30
0.0
 10
-0.95744
 20
-5.75062
 30
0.0
 10
-0.95744
 20
-5.75062
 30
0.0
 10
-0.97683
 20
-5.77778
 30
0.0
 10
-0.99659
 20
-5.8046
 30
0.0
 10
-1.01706
 20
-5.83106
 30
0.0
 10
-1.01706
 20
-5.83106
 30
0.0
 10
-1.04739
 20
-5.80354
 30
0.0
 10
-1.07738
 20
-5.77639
 30
0.0
 10
-1.10771
 20
-5.74957
 30
0.0
  0
SPLINE
  5
1A0
330
1F
100
AcDbEntity
  8
Camada 1
100
AcDbSpline
210
0.0
220
0.0
230
1.0
 70
    11
 71
     3
 72
    20
 73
    16
 74
     0
 42
0.0000000001
 43
0.0000000001
 12
1.0
 22
0.0
 32
0.0
 13
1.0
 23
0.0
 33
0.0
 40
0.0
 40
0.0
 40
0.0
 40
0.0
 40
0.2
 40
0.2
 40
0.2
 40
0.2
 40
0.4
 40
0.4
 40
0.4
 40
0.4
 40
0.6
 40
0.6
 40
0.6
 40
0.6
 40
1.0
 40
1.0
 40
1.0
 40
1.0
 10
0.91405
 20
-5.75734
 30
0.0
 10
0.94051
 20
-5.73158
 30
0.0
 10
0.96697
 20
-5.70547
 30
0.0
 10
0.99342
 20
-5.67972
 30
0.0
 10
0.99342
 20
-5.67972
 30
0.0
 10
1.01917
 20
-5.70547
 30
0.0
 10
1.04527
 20
-5.73158
 30
0.0
 10
1.07138
 20
-5.75804
 30
0.0
 10
1.07138
 20
-5.75804
 30
0.0
 10
1.04493
 20
-5.78272
 30
0.0
 10
1.01847
 20
-5.80743
 30
0.0
 10
0.99272
 20
-5.83282
 30
0.0
 10
0.99272
 20
-5.83282
 30
0.0
 10
0.97296
 20
-5.81413
 30
0.0
 10
0.9338
 20
-5.77639
 30
0.0
 10
0.91405
 20
-5.75734
 30
0.0
  0
SPLINE
  5
1A1
330
1F
100
AcDbEntity
  8
Camada 1
100
AcDbSpline
210
0.0
220
0.0
230
1.0
 70
    11
 71
     3
 72
    20
 73
    16
 74
     0
 42
0.0000000001
 43
0.0000000001
 12
1.0
 22
0.0
 32
0.0
 13
1.0
 23
0.0
 33
0.0
 40
0.0
 40
0.0
 40
0.0
 40
0.0
 40
0.2
 40
0.2
 40
0.2
 40
0.2
 40
0.4
 40
0.4
 40
0.4
 40
0.4
 40
0.6
 40
0.6
 40
0.6
 40
0.6
 40
1.0
 40
1.0
 40
1.0
 40
1.0
 10
3.28188
 20
-8.74006
 30
0.0
 10
4.30988
 20
-7.72159
 30
0.0
 10
5.32482
 20
-6.68937
 30
0.0
 10
6.35565
 20
-5.67372
 30
0.0
 10
6.35565
 20
-5.67372
 30
0.0
 10
6.34364
 20
-5.77427
 30
0.0
 10
6.39092
 20
-5.90337
 30
0.0
 10
6.29884
 20
-5.97712
 30
0.0
 10
6.29884
 20
-5.97712
 30
0.0
 10
5.37774
 20
-6.89397
 30
0.0
 10
4.46298
 20
-7.81719
 30
0.0
 10
3.53976
 20
-8.73159
 30
0.0
 10
3.53976
 20
-8.73159
 30
0.0
 10
3.4551
 20
-8.74713
 30
0.0
 10
3.36761
 20
-8.7369
 30
0.0
 10
3.28188
 20
-8.74006
 30
0.0
  0
SPLINE
  5
1A2
330
1F
100
AcDbEntity
  8
Camada 1
100
AcDbSpline
210
0.0
220
0.0
230
1.0
 70
    11
 71
     3
 72
    20
 73
    16
 74
     0
 42
0.0000000001
 43
0.0000000001
 12
1.0
 22
0.0
 32
0.0
 13
1.0
 23
0.0
 33
0.0
 40
0.0
 40
0.0
 40
0.0
 40
0.0
 40
0.2
 40
0.2
 40
0.2
 40
0.2
 40
0.4
 40
0.4
 40
0.4
 40
0.4
 40
0.6
 40
0.6
 40
0.6
 40
0.6
 40
1.0
 40
1.0
 40
1.0
 40
1.0
 10
-1.27
 20
-5.91431
 30
0.0
 10
-1.24529
 20
-5.88892
 30
0.0
 10
-1.22096
 20
-5.86351
 30
0.0
 10
-1.19627
 20
-5.83847
 30
0.0
 10
-1.19627
 20
-5.83847
 30
0.0
 10
-1.17193
 20
-5.86527
 30
0.0
 10
-1.14757
 20
-5.89244
 30
0.0
 10
-1.12289
 20
-5.91996
 30
0.0
 10
-1.12289
 20
-5.91996
 30
0.0
 10
-1.14899
 20
-5.94465
 30
0.0
 10
-1.17474
 20
-5.97005
 30
0.0
 10
-1.20015
 20
-5.99546
 30
0.0
 10
-1.20015
 20
-5.99546
 30
0.0
 10
-1.22273
 20
-5.96723
 30
0.0
 10
-1.246
 20
-5.94042
 30
0.0
 10
-1.27
 20
-5.91431
 30
0.0
  0
SPLINE
  5
1A3
330
1F
100
AcDbEntity
  8
Camada 1
100
AcDbSpline
210
0.0
220
0.0
230
1.0
 70
    11
 71
     3
 72
    20
 73
    16
 74
     0
 42
0.0000000001
 43
0.0000000001
 12
1.0
 22
0.0
 32
0.0
 13
1.0
 23
0.0
 33
0.0
 40
0.0
 40
0.0
 40
0.0
 40
0.0
 40
0.2
 40
0.2
 40
0.2
 40
0.2
 40
0.4
 40
0.4
 40
0.4
 40
0.4
 40
0.6
 40
0.6
 40
0.6
 40
0.6
 40
1.0
 40
1.0
 40
1.0
 40
1.0
 10
-0.92392
 20
-5.91714
 30
0.0
 10
-0.89992
 20
-5.89033
 30
0.0
 10
-0.87558
 20
-5.86422
 30
0.0
 10
-0.8509
 20
-5.83847
 30
0.0
 10
-0.8509
 20
-5.83847
 30
0.0
 10
-0.82656
 20
-5.86598
 30
0.0
 10
-0.80186
 20
-5.89385
 30
0.0
 10
-0.77716
 20
-5.92137
 30
0.0
 10
-0.77716
 20
-5.92137
 30
0.0
 10
-0.80327
 20
-5.94501
 30
0.0
 10
-0.82973
 20
-5.9683
 30
0.0
 10
-0.85619
 20
-5.99157
 30
0.0
 10
-0.85619
 20
-5.99157
 30
0.0
 10
-0.87312
 20
-5.97288
 30
0.0
 10
-0.90699
 20
-5.93548
 30
0.0
 10
-0.92392
 20
-5.91714
 30
0.0
  0
SPLINE
  5
1A4
330
1F
100
AcDbEntity
  8
Camada 1
100
AcDbSpline
210
0.0
220
0.0
230
1.0
 70
    11
 71
     3
 72
    20
 73
    16
 74
     0
 42
0.0000000001
 43
0.0000000001
 12
1.0
 22
0.0
 32
0.0
 13
1.0
 23
0.0
 33
0.0
 40
0.0
 40
0.0
 40
0.0
 40
0.0
 40
0.2
 40
0.2
 40
0.2
 40
0.2
 40
0.4
 40
0.4
 40
0.4
 40
0.4
 40
0.6
 40
0.6
 40
0.6
 40
0.6
 40
1.0
 40
1.0
 40
1.0
 40
1.0
 10
0.7486
 20
-5.9242
 30
0.0
 10
0.7687
 20
-5.89986
 30
0.0
 10
0.79058
 20
-5.87728
 30
0.0
 10
0.81421
 20
-5.85681
 30
0.0
 10
0.81421
 20
-5.85681
 30
0.0
 10
0.8449
 20
-5.8755
 30
0.0
 10
0.87417
 20
-5.89704
 30
0.0
 10
0.90382
 20
-5.91819
 30
0.0
 10
0.90382
 20
-5.91819
 30
0.0
 10
0.87595
 20
-5.94465
 30
0.0
 10
0.84842
 20
-5.9711
 30
0.0
 10
0.82091
 20
-5.99756
 30
0.0
 10
0.82091
 20
-5.99756
 30
0.0
 10
0.79621
 20
-5.97358
 30
0.0
 10
0.77116
 20
-5.94959
 30
0.0
 10
0.7486
 20
-5.9242
 30
0.0
  0
SPLINE
  5
1A5
330
1F
100
AcDbEntity
  8
Camada 1
100
AcDbSpline
210
0.0
220
0.0
230
1.0
 70
    11
 71
     3
 72
    16
 73
    12
 74
     0
 42
0.0000000001
 43
0.0000000001
 12
1.0
 22
0.0
 32
0.0
 13
1.0
 23
0.0
 33
0.0
 40
0.0
 40
0.0
 40
0.0
 40
0.0
 40
0.25
 40
0.25
 40
0.25
 40
0.25
 40
0.5
 40
0.5
 40
0.5
 40
0.5
 40
1.0
 40
1.0
 40
1.0
 40
1.0
 10
1.12218
 20
-5.88468
 30
0.0
 10
1.16134
 20
-5.83917
 30
0.0
 10
1.2132
 20
-5.88044
 30
0.0
 10
1.22977
 20
-5.9242
 30
0.0
 10
1.22977
 20
-5.9242
 30
0.0
 10
1.2086
 20
-5.95312
 30
0.0
 10
1.18638
 20
-5.98099
 30
0.0
 10
1.16311
 20
-6.0085
 30
0.0
 10
1.16311
 20
-6.0085
 30
0.0
 10
1.1444
 20
-5.97429
 30
0.0
 10
1.06503
 20
-5.91889
 30
0.0
 10
1.12218
 20
-5.88468
 30
0.0
  0
SPLINE
  5
1A6
330
1F
100
AcDbEntity
  8
Camada 1
100
AcDbSpline
210
0.0
220
0.0
230
1.0
 70
    11
 71
     3
 72
    20
 73
    16
 74
     0
 42
0.0000000001
 43
0.0000000001
 12
1.0
 22
0.0
 32
0.0
 13
1.0
 23
0.0
 33
0.0
 40
0.0
 40
0.0
 40
0.0
 40
0.0
 40
0.2
 40
0.2
 40
0.2
 40
0.2
 40
0.4
 40
0.4
 40
0.4
 40
0.4
 40
0.6
 40
0.6
 40
0.6
 40
0.6
 40
1.0
 40
1.0
 40
1.0
 40
1.0
 10
-1.37159
 20
-6.00745
 30
0.0
 10
-1.34408
 20
-6.03144
 30
0.0
 10
-1.31655
 20
-6.05542
 30
0.0
 10
-1.28905
 20
-6.08012
 30
0.0
 10
-1.28905
 20
-6.08012
 30
0.0
 10
-1.31197
 20
-6.10551
 30
0.0
 10
-1.33526
 20
-6.13127
 30
0.0
 10
-1.35819
 20
-6.15738
 30
0.0
 10
-1.35819
 20
-6.15738
 30
0.0
 10
-1.38465
 20
-6.1355
 30
0.0
 10
-1.41145
 20
-6.11363
 30
0.0
 10
-1.43756
 20
-6.09211
 30
0.0
 10
-1.43756
 20
-6.09211
 30
0.0
 10
-1.41569
 20
-6.06354
 30
0.0
 10
-1.39381
 20
-6.03532
 30
0.0
 10
-1.37159
 20
-6.00745
 30
0.0
  0
SPLINE
  5
1A7
330
1F
100
AcDbEntity
  8
Camada 1
100
AcDbSpline
210
0.0
220
0.0
230
1.0
 70
    11
 71
     3
 72
    20
 73
    16
 74
     0
 42
0.0000000001
 43
0.0000000001
 12
1.0
 22
0.0
 32
0.0
 13
1.0
 23
0.0
 33
0.0
 40
0.0
 40
0.0
 40
0.0
 40
0.0
 40
0.2
 40
0.2
 40
0.2
 40
0.2
 40
0.4
 40
0.4
 40
0.4
 40
0.4
 40
0.6
 40
0.6
 40
0.6
 40
0.6
 40
1.0
 40
1.0
 40
1.0
 40
1.0
 10
-0.75988
 20
-6.08646
 30
0.0
 10
-0.73447
 20
-6.06036
 30
0.0
 10
-0.70908
 20
-6.03462
 30
0.0
 10
-0.68367
 20
-6.00886
 30
0.0
 10
-0.68367
 20
-6.00886
 30
0.0
 10
-0.6597
 20
-6.03284
 30
0.0
 10
-0.6357
 20
-6.05754
 30
0.0
 10
-0.61136
 20
-6.08188
 30
0.0
 10
-0.61136
 20
-6.08188
 30
0.0
 10
-0.63465
 20
-6.10729
 30
0.0
 10
-0.65792
 20
-6.13304
 30
0.0
 10
-0.68121
 20
-6.15879
 30
0.0
 10
-0.68121
 20
-6.15879
 30
0.0
 10
-0.70767
 20
-6.13445
 30
0.0
 10
-0.73377
 20
-6.11046
 30
0.0
 10
-0.75988
 20
-6.08646
 30
0.0
  0
SPLINE
  5
1A8
330
1F
100
AcDbEntity
  8
Camada 1
100
AcDbSpline
210
0.0
220
0.0
230
1.0
 70
    11
 71
     3
 72
    20
 73
    16
 74
     0
 42
0.0000000001
 43
0.0000000001
 12
1.0
 22
0.0
 32
0.0
 13
1.0
 23
0.0
 33
0.0
 40
0.0
 40
0.0
 40
0.0
 40
0.0
 40
0.2
 40
0.2
 40
0.2
 40
0.2
 40
0.4
 40
0.4
 40
0.4
 40
0.4
 40
0.6
 40
0.6
 40
0.6
 40
0.6
 40
1.0
 40
1.0
 40
1.0
 40
1.0
 10
0.65158
 20
-6.01345
 30
0.0
 10
0.67768
 20
-6.04061
 30
0.0
 10
0.70379
 20
-6.06777
 30
0.0
 10
0.73025
 20
-6.09528
 30
0.0
 10
0.73025
 20
-6.09528
 30
0.0
 10
0.70696
 20
-6.11752
 30
0.0
 10
0.68333
 20
-6.14009
 30
0.0
 10
0.6604
 20
-6.16267
 30
0.0
 10
0.6604
 20
-6.16267
 30
0.0
 10
0.63287
 20
-6.14079
 30
0.0
 10
0.60537
 20
-6.11893
 30
0.0
 10
0.57784
 20
-6.0974
 30
0.0
 10
0.57784
 20
-6.0974
 30
0.0
 10
0.60218
 20
-6.06918
 30
0.0
 10
0.62688
 20
-6.04131
 30
0.0
 10
0.65158
 20
-6.01345
 30
0.0
  0
SPLINE
  5
1A9
330
1F
100
AcDbEntity
  8
Camada 1
100
AcDbSpline
210
0.0
220
0.0
230
1.0
 70
    11
 71
     3
 72
    20
 73
    16
 74
     0
 42
0.0000000001
 43
0.0000000001
 12
1.0
 22
0.0
 32
0.0
 13
1.0
 23
0.0
 33
0.0
 40
0.0
 40
0.0
 40
0.0
 40
0.0
 40
0.2
 40
0.2
 40
0.2
 40
0.2
 40
0.4
 40
0.4
 40
0.4
 40
0.4
 40
0.6
 40
0.6
 40
0.6
 40
0.6
 40
1.0
 40
1.0
 40
1.0
 40
1.0
 10
1.33068
 20
-6.0152
 30
0.0
 10
1.35573
 20
-6.04237
 30
0.0
 10
1.38041
 20
-6.06989
 30
0.0
 10
1.40475
 20
-6.09811
 30
0.0
 10
1.40475
 20
-6.09811
 30
0.0
 10
1.38112
 20
-6.12104
 30
0.0
 10
1.35784
 20
-6.14398
 30
0.0
 10
1.3349
 20
-6.16725
 30
0.0
 10
1.3349
 20
-6.16725
 30
0.0
 10
1.30703
 20
-6.14221
 30
0.0
 10
1.27987
 20
-6.11645
 30
0.0
 10
1.25341
 20
-6.09035
 30
0.0
 10
1.25341
 20
-6.09035
 30
0.0
 10
1.27881
 20
-6.06495
 30
0.0
 10
1.30457
 20
-6.0399
 30
0.0
 10
1.33068
 20
-6.0152
 30
0.0
  0
SPLINE
  5
1AA
330
1F
100
AcDbEntity
  8
Camada 1
100
AcDbSpline
210
0.0
220
0.0
230
1.0
 70
    11
 71
     3
 72
    20
 73
    16
 74
     0
 42
0.0000000001
 43
0.0000000001
 12
1.0
 22
0.0
 32
0.0
 13
1.0
 23
0.0
 33
0.0
 40
0.0
 40
0.0
 40
0.0
 40
0.0
 40
0.2
 40
0.2
 40
0.2
 40
0.2
 40
0.4
 40
0.4
 40
0.4
 40
0.4
 40
0.6
 40
0.6
 40
0.6
 40
0.6
 40
1.0
 40
1.0
 40
1.0
 40
1.0
 10
-1.60937
 20
-6.24451
 30
0.0
 10
-1.5808
 20
-6.22335
 30
0.0
 10
-1.55222
 20
-6.20218
 30
0.0
 10
-1.524
 20
-6.18067
 30
0.0
 10
-1.524
 20
-6.18067
 30
0.0
 10
-1.50142
 20
-6.20465
 30
0.0
 10
-1.47849
 20
-6.22864
 30
0.0
 10
-1.4552
 20
-6.25264
 30
0.0
 10
-1.4552
 20
-6.25264
 30
0.0
 10
-1.48378
 20
-6.27732
 30
0.0
 10
-1.5127
 20
-6.30166
 30
0.0
 10
-1.54199
 20
-6.32529
 30
0.0
 10
-1.54199
 20
-6.32529
 30
0.0
 10
-1.56457
 20
-6.29813
 30
0.0
 10
-1.58715
 20
-6.27097
 30
0.0
 10
-1.60937
 20
-6.24451
 30
0.0
  0
SPLINE
  5
1AB
330
1F
100
AcDbEntity
  8
Camada 1
100
AcDbSpline
210
0.0
220
0.0
230
1.0
 70
    11
 71
     3
 72
    20
 73
    16
 74
     0
 42
0.0000000001
 43
0.0000000001
 12
1.0
 22
0.0
 32
0.0
 13
1.0
 23
0.0
 33
0.0
 40
0.0
 40
0.0
 40
0.0
 40
0.0
 40
0.2
 40
0.2
 40
0.2
 40
0.2
 40
0.4
 40
0.4
 40
0.4
 40
0.4
 40
0.6
 40
0.6
 40
0.6
 40
0.6
 40
1.0
 40
1.0
 40
1.0
 40
1.0
 10
-0.59477
 20
-6.25369
 30
0.0
 10
-0.5715
 20
-6.22828
 30
0.0
 10
-0.54785
 20
-6.20289
 30
0.0
 10
-0.52458
 20
-6.17748
 30
0.0
 10
-0.52458
 20
-6.17748
 30
0.0
 10
-0.49388
 20
-6.20218
 30
0.0
 10
-0.46426
 20
-6.22828
 30
0.0
 10
-0.43532
 20
-6.25544
 30
0.0
 10
-0.43532
 20
-6.25544
 30
0.0
 10
-0.46248
 20
-6.27661
 30
0.0
 10
-0.49072
 20
-6.29637
 30
0.0
 10
-0.51964
 20
-6.31472
 30
0.0
 10
-0.51964
 20
-6.31472
 30
0.0
 10
-0.54575
 20
-6.29532
 30
0.0
 10
-0.5708
 20
-6.27486
 30
0.0
 10
-0.59477
 20
-6.25369
 30
0.0
  0
SPLINE
  5
1AC
330
1F
100
AcDbEntity
  8
Camada 1
100
AcDbSpline
210
0.0
220
0.0
230
1.0
 70
    11
 71
     3
 72
    20
 73
    16
 74
     0
 42
0.0000000001
 43
0.0000000001
 12
1.0
 22
0.0
 32
0.0
 13
1.0
 23
0.0
 33
0.0
 40
0.0
 40
0.0
 40
0.0
 40
0.0
 40
0.2
 40
0.2
 40
0.2
 40
0.2
 40
0.4
 40
0.4
 40
0.4
 40
0.4
 40
0.6
 40
0.6
 40
0.6
 40
0.6
 40
1.0
 40
1.0
 40
1.0
 40
1.0
 10
0.41063
 20
-6.25369
 30
0.0
 10
0.4378
 20
-6.22935
 30
0.0
 10
0.46531
 20
-6.20501
 30
0.0
 10
0.49247
 20
-6.18067
 30
0.0
 10
0.49247
 20
-6.18067
 30
0.0
 10
0.51469
 20
-6.20676
 30
0.0
 10
0.53693
 20
-6.23288
 30
0.0
 10
0.55915
 20
-6.25934
 30
0.0
 10
0.55915
 20
-6.25934
 30
0.0
 10
0.53516
 20
-6.28509
 30
0.0
 10
0.51118
 20
-6.31119
 30
0.0
 10
0.48753
 20
-6.3373
 30
0.0
 10
0.48753
 20
-6.3373
 30
0.0
 10
0.46143
 20
-6.30977
 30
0.0
 10
0.43568
 20
-6.28156
 30
0.0
 10
0.41063
 20
-6.25369
 30
0.0
  0
SPLINE
  5
1AD
330
1F
100
AcDbEntity
  8
Camada 1
100
AcDbSpline
210
0.0
220
0.0
230
1.0
 70
    11
 71
     3
 72
    20
 73
    16
 74
     0
 42
0.0000000001
 43
0.0000000001
 12
1.0
 22
0.0
 32
0.0
 13
1.0
 23
0.0
 33
0.0
 40
0.0
 40
0.0
 40
0.0
 40
0.0
 40
0.2
 40
0.2
 40
0.2
 40
0.2
 40
0.4
 40
0.4
 40
0.4
 40
0.4
 40
0.6
 40
0.6
 40
0.6
 40
0.6
 40
1.0
 40
1.0
 40
1.0
 40
1.0
 10
1.42416
 20
-6.25193
 30
0.0
 10
1.45097
 20
-6.23005
 30
0.0
 10
1.47849
 20
-6.20818
 30
0.0
 10
1.506
 20
-6.18666
 30
0.0
 10
1.506
 20
-6.18666
 30
0.0
 10
1.52788
 20
-6.21312
 30
0.0
 10
1.5501
 20
-6.23992
 30
0.0
 10
1.57232
 20
-6.26709
 30
0.0
 10
1.57232
 20
-6.26709
 30
0.0
 10
1.54515
 20
-6.28896
 30
0.0
 10
1.51835
 20
-6.31189
 30
0.0
 10
1.49153
 20
-6.33448
 30
0.0
 10
1.49153
 20
-6.33448
 30
0.0
 10
1.46897
 20
-6.3066
 30
0.0
 10
1.44638
 20
-6.27944
 30
0.0
 10
1.42416
 20
-6.25193
 30
0.0
  0
SPLINE
  5
1AE
330
1F
100
AcDbEntity
  8
Camada 1
100
AcDbSpline
210
0.0
220
0.0
230
1.0
 70
    11
 71
     3
 72
    20
 73
    16
 74
     0
 42
0.0000000001
 43
0.0000000001
 12
1.0
 22
0.0
 32
0.0
 13
1.0
 23
0.0
 33
0.0
 40
0.0
 40
0.0
 40
0.0
 40
0.0
 40
0.2
 40
0.2
 40
0.2
 40
0.2
 40
0.4
 40
0.4
 40
0.4
 40
0.4
 40
0.6
 40
0.6
 40
0.6
 40
0.6
 40
1.0
 40
1.0
 40
1.0
 40
1.0
 10
3.87914
 20
-8.73865
 30
0.0
 10
4.70887
 20
-7.92161
 30
0.0
 10
5.52167
 20
-7.08695
 30
0.0
 10
6.35494
 20
-6.27379
 30
0.0
 10
6.35494
 20
-6.27379
 30
0.0
 10
6.34541
 20
-6.37433
 30
0.0
 10
6.38951
 20
-6.50168
 30
0.0
 10
6.29742
 20
-6.57542
 30
0.0
 10
6.29742
 20
-6.57542
 30
0.0
 10
5.59082
 20
-7.28132
 30
0.0
 10
4.88421
 20
-7.98795
 30
0.0
 10
4.17829
 20
-8.69421
 30
0.0
 10
4.17829
 20
-8.69421
 30
0.0
 10
4.1042
 20
-8.77922
 30
0.0
 10
3.97686
 20
-8.72489
 30
0.0
 10
3.87914
 20
-8.73865
 30
0.0
  0
SPLINE
  5
1AF
330
1F
100
AcDbEntity
  8
Camada 1
100
AcDbSpline
210
0.0
220
0.0
230
1.0
 70
    11
 71
     3
 72
    20
 73
    16
 74
     0
 42
0.0000000001
 43
0.0000000001
 12
1.0
 22
0.0
 32
0.0
 13
1.0
 23
0.0
 33
0.0
 40
0.0
 40
0.0
 40
0.0
 40
0.0
 40
0.2
 40
0.2
 40
0.2
 40
0.2
 40
0.4
 40
0.4
 40
0.4
 40
0.4
 40
0.6
 40
0.6
 40
0.6
 40
0.6
 40
1.0
 40
1.0
 40
1.0
 40
1.0
 10
-1.7854
 20
-6.4195
 30
0.0
 10
-1.75612
 20
-6.39726
 30
0.0
 10
-1.72755
 20
-6.37399
 30
0.0
 10
-1.69686
 20
-6.35458
 30
0.0
 10
-1.69686
 20
-6.35458
 30
0.0
 10
-1.66933
 20
-6.3747
 30
0.0
 10
-1.64287
 20
-6.39655
 30
0.0
 10
-1.61748
 20
-6.41984
 30
0.0
 10
-1.61748
 20
-6.41984
 30
0.0
 10
-1.64287
 20
-6.44277
 30
0.0
 10
-1.66933
 20
-6.4643
 30
0.0
 10
-1.6965
 20
-6.48511
 30
0.0
 10
-1.6965
 20
-6.48511
 30
0.0
 10
-1.7279
 20
-6.46499
 30
0.0
 10
-1.75612
 20
-6.44172
 30
0.0
 10
-1.7854
 20
-6.4195
 30
0.0
  0
SPLINE
  5
1B0
330
1F
100
AcDbEntity
  8
Camada 1
100
AcDbSpline
210
0.0
220
0.0
230
1.0
 70
    11
 71
     3
 72
    16
 73
    12
 74
     0
 42
0.0000000001
 43
0.0000000001
 12
1.0
 22
0.0
 32
0.0
 13
1.0
 23
0.0
 33
0.0
 40
0.0
 40
0.0
 40
0.0
 40
0.0
 40
0.25
 40
0.25
 40
0.25
 40
0.25
 40
0.5
 40
0.5
 40
0.5
 40
0.5
 40
1.0
 40
1.0
 40
1.0
 40
1.0
 10
-0.37499
 20
-6.36798
 30
0.0
 10
-0.33197
 20
-6.33552
 30
0.0
 10
-0.2981
 20
-6.38245
 30
0.0
 10
-0.28575
 20
-6.42126
 30
0.0
 10
-0.28575
 20
-6.42126
 30
0.0
 10
-0.30656
 20
-6.45018
 30
0.0
 10
-0.32948
 20
-6.4777
 30
0.0
 10
-0.35382
 20
-6.50416
 30
0.0
 10
-0.35382
 20
-6.50416
 30
0.0
 10
-0.37889
 20
-6.46606
 30
0.0
 10
-0.45191
 20
-6.39444
 30
0.0
 10
-0.37499
 20
-6.36798
 30
0.0
  0
SPLINE
  5
1B1
330
1F
100
AcDbEntity
  8
Camada 1
100
AcDbSpline
210
0.0
220
0.0
230
1.0
 70
    11
 71
     3
 72
    16
 73
    12
 74
     0
 42
0.0000000001
 43
0.0000000001
 12
1.0
 22
0.0
 32
0.0
 13
1.0
 23
0.0
 33
0.0
 40
0.0
 40
0.0
 40
0.0
 40
0.0
 40
0.25
 40
0.25
 40
0.25
 40
0.25
 40
0.5
 40
0.5
 40
0.5
 40
0.5
 40
1.0
 40
1.0
 40
1.0
 40
1.0
 10
0.25717
 20
-6.44418
 30
0.0
 10
0.25471
 20
-6.4015
 30
0.0
 10
0.29951
 20
-6.3754
 30
0.0
 10
0.3182
 20
-6.34118
 30
0.0
 10
0.3182
 20
-6.34118
 30
0.0
 10
0.33584
 20
-6.3768
 30
0.0
 10
0.41205
 20
-6.4216
 30
0.0
 10
0.36371
 20
-6.46289
 30
0.0
 10
0.36371
 20
-6.46289
 30
0.0
 10
0.33937
 20
-6.50769
 30
0.0
 10
0.27693
 20
-6.47805
 30
0.0
 10
0.25717
 20
-6.44418
 30
0.0
  0
SPLINE
  5
1B2
330
1F
100
AcDbEntity
  8
Camada 1
100
AcDbSpline
210
0.0
220
0.0
230
1.0
 70
    11
 71
     3
 72
    20
 73
    16
 74
     0
 42
0.0000000001
 43
0.0000000001
 12
1.0
 22
0.0
 32
0.0
 13
1.0
 23
0.0
 33
0.0
 40
0.0
 40
0.0
 40
0.0
 40
0.0
 40
0.2
 40
0.2
 40
0.2
 40
0.2
 40
0.4
 40
0.4
 40
0.4
 40
0.4
 40
0.6
 40
0.6
 40
0.6
 40
0.6
 40
1.0
 40
1.0
 40
1.0
 40
1.0
 10
1.59137
 20
-6.42301
 30
0.0
 10
1.61678
 20
-6.39833
 30
0.0
 10
1.64217
 20
-6.37399
 30
0.0
 10
1.66792
 20
-6.34929
 30
0.0
 10
1.66792
 20
-6.34929
 30
0.0
 10
1.68909
 20
-6.37363
 30
0.0
 10
1.70921
 20
-6.39903
 30
0.0
 10
1.7279
 20
-6.42584
 30
0.0
 10
1.7279
 20
-6.42584
 30
0.0
 10
1.71026
 20
-6.45478
 30
0.0
 10
1.68945
 20
-6.48158
 30
0.0
 10
1.66933
 20
-6.50909
 30
0.0
 10
1.66933
 20
-6.50909
 30
0.0
 10
1.64324
 20
-6.48017
 30
0.0
 10
1.61712
 20
-6.45159
 30
0.0
 10
1.59137
 20
-6.42301
 30
0.0
  0
SPLINE
  5
1B3
330
1F
100
AcDbEntity
  8
Camada 1
100
AcDbSpline
210
0.0
220
0.0
230
1.0
 70
    11
 71
     3
 72
    16
 73
    12
 74
     0
 42
0.0000000001
 43
0.0000000001
 12
1.0
 22
0.0
 32
0.0
 13
1.0
 23
0.0
 33
0.0
 40
0.0
 40
0.0
 40
0.0
 40
0.0
 40
0.25
 40
0.25
 40
0.25
 40
0.25
 40
0.5
 40
0.5
 40
0.5
 40
0.5
 40
1.0
 40
1.0
 40
1.0
 40
1.0
 10
-1.90358
 20
-6.63292
 30
0.0
 10
-1.96849
 20
-6.59377
 30
0.0
 10
-1.89688
 20
-6.54755
 30
0.0
 10
-1.87289
 20
-6.50699
 30
0.0
 10
-1.87289
 20
-6.50699
 30
0.0
 10
-1.84608
 20
-6.53308
 30
0.0
 10
-1.81926
 20
-6.55954
 30
0.0
 10
-1.79246
 20
-6.586
 30
0.0
 10
-1.79246
 20
-6.586
 30
0.0
 10
-1.82104
 20
-6.61387
 30
0.0
 10
-1.86231
 20
-6.68372
 30
0.0
 10
-1.90358
 20
-6.63292
 30
0.0
  0
SPLINE
  5
1B4
330
1F
100
AcDbEntity
  8
Camada 1
100
AcDbSpline
210
0.0
220
0.0
230
1.0
 70
    11
 71
     3
 72
    16
 73
    12
 74
     0
 42
0.0000000001
 43
0.0000000001
 12
1.0
 22
0.0
 32
0.0
 13
1.0
 23
0.0
 33
0.0
 40
0.0
 40
0.0
 40
0.0
 40
0.0
 40
0.25
 40
0.25
 40
0.25
 40
0.25
 40
0.5
 40
0.5
 40
0.5
 40
0.5
 40
1.0
 40
1.0
 40
1.0
 40
1.0
 10
-0.22825
 20
-6.61634
 30
0.0
 10
-0.27305
 20
-6.58176
 30
0.0
 10
-0.20109
 20
-6.54261
 30
0.0
 10
-0.19156
 20
-6.50875
 30
0.0
 10
-0.19156
 20
-6.50875
 30
0.0
 10
-0.16968
 20
-6.52814
 30
0.0
 10
-0.12593
 20
-6.56695
 30
0.0
 10
-0.10407
 20
-6.58636
 30
0.0
 10
-0.10407
 20
-6.58636
 30
0.0
 10
-0.13511
 20
-6.62235
 30
0.0
 10
-0.19719
 20
-6.69254
 30
0.0
 10
-0.22825
 20
-6.61634
 30
0.0
  0
SPLINE
  5
1B5
330
1F
100
AcDbEntity
  8
Camada 1
100
AcDbSpline
210
0.0
220
0.0
230
1.0
 70
    11
 71
     3
 72
    16
 73
    12
 74
     0
 42
0.0000000001
 43
0.0000000001
 12
1.0
 22
0.0
 32
0.0
 13
1.0
 23
0.0
 33
0.0
 40
0.0
 40
0.0
 40
0.0
 40
0.0
 40
0.25
 40
0.25
 40
0.25
 40
0.25
 40
0.5
 40
0.5
 40
0.5
 40
0.5
 40
1.0
 40
1.0
 40
1.0
 40
1.0
 10
0.08042
 20
-6.59729
 30
0.0
 10
0.10266
 20
-6.56731
 30
0.0
 10
0.12629
 20
-6.53837
 30
0.0
 10
0.15098
 20
-6.51016
 30
0.0
 10
0.15098
 20
-6.51016
 30
0.0
 10
0.20884
 20
-6.55954
 30
0.0
 10
0.21731
 20
-6.61846
 30
0.0
 10
0.1651
 20
-6.67773
 30
0.0
 10
0.1651
 20
-6.67773
 30
0.0
 10
0.13582
 20
-6.65161
 30
0.0
 10
0.10617
 20
-6.62657
 30
0.0
 10
0.08042
 20
-6.59729
 30
0.0
  0
SPLINE
  5
1B6
330
1F
100
AcDbEntity
  8
Camada 1
100
AcDbSpline
210
0.0
220
0.0
230
1.0
 70
    11
 71
     3
 72
    16
 73
    12
 74
     0
 42
0.0000000001
 43
0.0000000001
 12
1.0
 22
0.0
 32
0.0
 13
1.0
 23
0.0
 33
0.0
 40
0.0
 40
0.0
 40
0.0
 40
0.0
 40
0.25
 40
0.25
 40
0.25
 40
0.25
 40
0.5
 40
0.5
 40
0.5
 40
0.5
 40
1.0
 40
1.0
 40
1.0
 40
1.0
 10
1.79422
 20
-6.55425
 30
0.0
 10
1.8302
 20
-6.50027
 30
0.0
 10
1.88453
 20
-6.57789
 30
0.0
 10
1.91805
 20
-6.59799
 30
0.0
 10
1.91805
 20
-6.59799
 30
0.0
 10
1.8877
 20
-6.62094
 30
0.0
 10
1.85666
 20
-6.64316
 30
0.0
 10
1.82491
 20
-6.66433
 30
0.0
 10
1.82491
 20
-6.66433
 30
0.0
 10
1.79105
 20
-6.63999
 30
0.0
 10
1.74378
 20
-6.59058
 30
0.0
 10
1.79422
 20
-6.55425
 30
0.0
  0
SPLINE
  5
1B7
330
1F
100
AcDbEntity
  8
Camada 1
100
AcDbSpline
210
0.0
220
0.0
230
1.0
 70
    11
 71
     3
 72
    20
 73
    16
 74
     0
 42
0.0000000001
 43
0.0000000001
 12
1.0
 22
0.0
 32
0.0
 13
1.0
 23
0.0
 33
0.0
 40
0.0
 40
0.0
 40
0.0
 40
0.0
 40
0.2
 40
0.2
 40
0.2
 40
0.2
 40
0.4
 40
0.4
 40
0.4
 40
0.4
 40
0.6
 40
0.6
 40
0.6
 40
0.6
 40
1.0
 40
1.0
 40
1.0
 40
1.0
 10
-2.03763
 20
-6.67631
 30
0.0
 10
-2.0073
 20
-6.70594
 30
0.0
 10
-1.97767
 20
-6.73629
 30
0.0
 10
-1.94804
 20
-6.76733
 30
0.0
 10
-1.94804
 20
-6.76733
 30
0.0
 10
-1.9752
 20
-6.78956
 30
0.0
 10
-2.00166
 20
-6.81248
 30
0.0
 10
-2.02847
 20
-6.83506
 30
0.0
 10
-2.02847
 20
-6.83506
 30
0.0
 10
-2.05563
 20
-6.81036
 30
0.0
 10
-2.08244
 20
-6.78602
 30
0.0
 10
-2.10925
 20
-6.76205
 30
0.0
 10
-2.10925
 20
-6.76205
 30
0.0
 10
-2.08526
 20
-6.73311
 30
0.0
 10
-2.06162
 20
-6.70453
 30
0.0
 10
-2.03763
 20
-6.67631
 30
0.0
  0
SPLINE
  5
1B8
330
1F
100
AcDbEntity
  8
Camada 1
100
AcDbSpline
210
0.0
220
0.0
230
1.0
 70
    11
 71
     3
 72
    20
 73
    16
 74
     0
 42
0.0000000001
 43
0.0000000001
 12
1.0
 22
0.0
 32
0.0
 13
1.0
 23
0.0
 33
0.0
 40
0.0
 40
0.0
 40
0.0
 40
0.0
 40
0.2
 40
0.2
 40
0.2
 40
0.2
 40
0.4
 40
0.4
 40
0.4
 40
0.4
 40
0.6
 40
0.6
 40
0.6
 40
0.6
 40
1.0
 40
1.0
 40
1.0
 40
1.0
 10
-0.09384
 20
-6.75604
 30
0.0
 10
-0.06456
 20
-6.72923
 30
0.0
 10
-0.03493
 20
-6.70277
 30
0.0
 10
-0.00528
 20
-6.67666
 30
0.0
 10
-0.00528
 20
-6.67666
 30
0.0
 10
0.01517
 20
-6.70348
 30
0.0
 10
0.03493
 20
-6.73135
 30
0.0
 10
0.05432
 20
-6.75993
 30
0.0
 10
0.05432
 20
-6.75993
 30
0.0
 10
0.03386
 20
-6.78744
 30
0.0
 10
0.01093
 20
-6.81284
 30
0.0
 10
-0.01093
 20
-6.8393
 30
0.0
 10
-0.01093
 20
-6.8393
 30
0.0
 10
-0.0388
 20
-6.81143
 30
0.0
 10
-0.06631
 20
-6.7839
 30
0.0
 10
-0.09384
 20
-6.75604
 30
0.0
  0
SPLINE
  5
1B9
330
1F
100
AcDbEntity
  8
Camada 1
100
AcDbSpline
210
0.0
220
0.0
230
1.0
 70
    11
 71
     3
 72
    20
 73
    16
 74
     0
 42
0.0000000001
 43
0.0000000001
 12
1.0
 22
0.0
 32
0.0
 13
1.0
 23
0.0
 33
0.0
 40
0.0
 40
0.0
 40
0.0
 40
0.0
 40
0.2
 40
0.2
 40
0.2
 40
0.2
 40
0.4
 40
0.4
 40
0.4
 40
0.4
 40
0.6
 40
0.6
 40
0.6
 40
0.6
 40
1.0
 40
1.0
 40
1.0
 40
1.0
 10
1.91769
 20
-6.75428
 30
0.0
 10
1.94697
 20
-6.72818
 30
0.0
 10
1.97626
 20
-6.70277
 30
0.0
 10
2.00589
 20
-6.67702
 30
0.0
 10
2.00589
 20
-6.67702
 30
0.0
 10
2.02671
 20
-6.70453
 30
0.0
 10
2.04716
 20
-6.7324
 30
0.0
 10
2.06691
 20
-6.76098
 30
0.0
 10
2.06691
 20
-6.76098
 30
0.0
 10
2.05069
 20
-6.78992
 30
0.0
 10
2.02988
 20
-6.81601
 30
0.0
 10
2.01117
 20
-6.84388
 30
0.0
 10
2.01117
 20
-6.84388
 30
0.0
 10
1.97979
 20
-6.81389
 30
0.0
 10
1.94839
 20
-6.7839
 30
0.0
 10
1.91769
 20
-6.75428
 30
0.0
  0
SPLINE
  5
1BA
330
1F
100
AcDbEntity
  8
Camada 1
100
AcDbSpline
210
0.0
220
0.0
230
1.0
 70
    11
 71
     3
 72
    20
 73
    16
 74
     0
 42
0.0000000001
 43
0.0000000001
 12
1.0
 22
0.0
 32
0.0
 13
1.0
 23
0.0
 33
0.0
 40
0.0
 40
0.0
 40
0.0
 40
0.0
 40
0.2
 40
0.2
 40
0.2
 40
0.2
 40
0.4
 40
0.4
 40
0.4
 40
0.4
 40
0.6
 40
0.6
 40
0.6
 40
0.6
 40
1.0
 40
1.0
 40
1.0
 40
1.0
 10
-1.8609
 20
-6.85446
 30
0.0
 10
-1.83479
 20
-6.87846
 30
0.0
 10
-1.80869
 20
-6.90279
 30
0.0
 10
-1.78257
 20
-6.9275
 30
0.0
 10
-1.78257
 20
-6.9275
 30
0.0
 10
-1.80764
 20
-6.95325
 30
0.0
 10
-1.83303
 20
-6.979
 30
0.0
 10
-1.85807
 20
-7.0051
 30
0.0
 10
-1.85807
 20
-7.0051
 30
0.0
 10
-1.88277
 20
-6.97793
 30
0.0
 10
-1.90746
 20
-6.95077
 30
0.0
 10
-1.93216
 20
-6.92396
 30
0.0
 10
-1.93216
 20
-6.92396
 30
0.0
 10
-1.90853
 20
-6.90068
 30
0.0
 10
-1.88489
 20
-6.8774
 30
0.0
 10
-1.8609
 20
-6.85446
 30
0.0
  0
SPLINE
  5
1BB
330
1F
100
AcDbEntity
  8
Camada 1
100
AcDbSpline
210
0.0
220
0.0
230
1.0
 70
    11
 71
     3
 72
    20
 73
    16
 74
     0
 42
0.0000000001
 43
0.0000000001
 12
1.0
 22
0.0
 32
0.0
 13
1.0
 23
0.0
 33
0.0
 40
0.0
 40
0.0
 40
0.0
 40
0.0
 40
0.2
 40
0.2
 40
0.2
 40
0.2
 40
0.4
 40
0.4
 40
0.4
 40
0.4
 40
0.6
 40
0.6
 40
0.6
 40
0.6
 40
1.0
 40
1.0
 40
1.0
 40
1.0
 10
-0.26105
 20
-6.93737
 30
0.0
 10
-0.23424
 20
-6.90845
 30
0.0
 10
-0.20742
 20
-6.88021
 30
0.0
 10
-0.18097
 20
-6.85129
 30
0.0
 10
-0.18097
 20
-6.85129
 30
0.0
 10
-0.15804
 20
-6.87775
 30
0.0
 10
-0.13475
 20
-6.90457
 30
0.0
 10
-0.11219
 20
-6.93173
 30
0.0
 10
-0.11219
 20
-6.93173
 30
0.0
 10
-0.13475
 20
-6.95501
 30
0.0
 10
-0.15733
 20
-6.979
 30
0.0
 10
-0.17992
 20
-7.00298
 30
0.0
 10
-0.17992
 20
-7.00298
 30
0.0
 10
-0.20708
 20
-6.98076
 30
0.0
 10
-0.23424
 20
-6.95888
 30
0.0
 10
-0.26105
 20
-6.93737
 30
0.0
  0
SPLINE
  5
1BC
330
1F
100
AcDbEntity
  8
Camada 1
100
AcDbSpline
210
0.0
220
0.0
230
1.0
 70
    11
 71
     3
 72
    20
 73
    16
 74
     0
 42
0.0000000001
 43
0.0000000001
 12
1.0
 22
0.0
 32
0.0
 13
1.0
 23
0.0
 33
0.0
 40
0.0
 40
0.0
 40
0.0
 40
0.0
 40
0.2
 40
0.2
 40
0.2
 40
0.2
 40
0.4
 40
0.4
 40
0.4
 40
0.4
 40
0.6
 40
0.6
 40
0.6
 40
0.6
 40
1.0
 40
1.0
 40
1.0
 40
1.0
 10
0.07372
 20
-6.9215
 30
0.0
 10
0.10125
 20
-6.89751
 30
0.0
 10
0.12876
 20
-6.87387
 30
0.0
 10
0.15628
 20
-6.85058
 30
0.0
 10
0.15628
 20
-6.85058
 30
0.0
 10
0.18238
 20
-6.87634
 30
0.0
 10
0.20884
 20
-6.90209
 30
0.0
 10
0.23495
 20
-6.92855
 30
0.0
 10
0.23495
 20
-6.92855
 30
0.0
 10
0.20708
 20
-6.9476
 30
0.0
 10
0.17921
 20
-6.96701
 30
0.0
 10
0.14958
 20
-6.98394
 30
0.0
 10
0.14958
 20
-6.98394
 30
0.0
 10
0.12312
 20
-6.96419
 30
0.0
 10
0.09806
 20
-6.94336
 30
0.0
 10
0.07372
 20
-6.9215
 30
0.0
  0
SPLINE
  5
1BD
330
1F
100
AcDbEntity
  8
Camada 1
100
AcDbSpline
210
0.0
220
0.0
230
1.0
 70
    11
 71
     3
 72
    20
 73
    16
 74
     0
 42
0.0000000001
 43
0.0000000001
 12
1.0
 22
0.0
 32
0.0
 13
1.0
 23
0.0
 33
0.0
 40
0.0
 40
0.0
 40
0.0
 40
0.0
 40
0.2
 40
0.2
 40
0.2
 40
0.2
 40
0.4
 40
0.4
 40
0.4
 40
0.4
 40
0.6
 40
0.6
 40
0.6
 40
0.6
 40
1.0
 40
1.0
 40
1.0
 40
1.0
 10
1.82491
 20
-6.84705
 30
0.0
 10
1.85103
 20
-6.87139
 30
0.0
 10
1.87749
 20
-6.89609
 30
0.0
 10
1.90358
 20
-6.92114
 30
0.0
 10
1.90358
 20
-6.92114
 30
0.0
 10
1.88419
 20
-6.9409
 30
0.0
 10
1.84608
 20
-6.97971
 30
0.0
 10
1.82703
 20
-6.99947
 30
0.0
 10
1.82703
 20
-6.99947
 30
0.0
 10
1.80304
 20
-6.97335
 30
0.0
 10
1.77906
 20
-6.94796
 30
0.0
 10
1.75506
 20
-6.92221
 30
0.0
 10
1.75506
 20
-6.92221
 30
0.0
 10
1.77236
 20
-6.9035
 30
0.0
 10
1.80728
 20
-6.86611
 30
0.0
 10
1.82491
 20
-6.84705
 30
0.0
  0
SPLINE
  5
1BE
330
1F
100
AcDbEntity
  8
Camada 1
100
AcDbSpline
210
0.0
220
0.0
230
1.0
 70
    11
 71
     3
 72
    20
 73
    16
 74
     0
 42
0.0000000001
 43
0.0000000001
 12
1.0
 22
0.0
 32
0.0
 13
1.0
 23
0.0
 33
0.0
 40
0.0
 40
0.0
 40
0.0
 40
0.0
 40
0.2
 40
0.2
 40
0.2
 40
0.2
 40
0.4
 40
0.4
 40
0.4
 40
0.4
 40
0.6
 40
0.6
 40
0.6
 40
0.6
 40
1.0
 40
1.0
 40
1.0
 40
1.0
 10
4.47569
 20
-8.73865
 30
0.0
 10
5.1008
 20
-8.11671
 30
0.0
 10
5.72452
 20
-7.49335
 30
0.0
 10
6.34646
 20
-6.86822
 30
0.0
 10
6.34646
 20
-6.86822
 30
0.0
 10
6.34612
 20
-6.95325
 30
0.0
 10
6.34541
 20
-7.03862
 30
0.0
 10
6.34505
 20
-7.12399
 30
0.0
 10
6.34505
 20
-7.12399
 30
0.0
 10
5.80672
 20
-7.66234
 30
0.0
 10
5.26767
 20
-8.20032
 30
0.0
 10
4.73004
 20
-8.73936
 30
0.0
 10
4.73004
 20
-8.73936
 30
0.0
 10
4.64502
 20
-8.73901
 30
0.0
 10
4.56035
 20
-8.73936
 30
0.0
 10
4.47569
 20
-8.73865
 30
0.0
  0
SPLINE
  5
1BF
330
1F
100
AcDbEntity
  8
Camada 1
100
AcDbSpline
210
0.0
220
0.0
230
1.0
 70
    11
 71
     3
 72
    16
 73
    12
 74
     0
 42
0.0000000001
 43
0.0000000001
 12
1.0
 22
0.0
 32
0.0
 13
1.0
 23
0.0
 33
0.0
 40
0.0
 40
0.0
 40
0.0
 40
0.0
 40
0.25
 40
0.25
 40
0.25
 40
0.25
 40
0.5
 40
0.5
 40
0.5
 40
0.5
 40
1.0
 40
1.0
 40
1.0
 40
1.0
 10
-1.7727
 20
-7.11517
 30
0.0
 10
-1.748
 20
-7.08518
 30
0.0
 10
-1.72473
 20
-7.0545
 30
0.0
 10
-1.69615
 20
-7.02839
 30
0.0
 10
-1.69615
 20
-7.02839
 30
0.0
 10
-1.65417
 20
-7.03509
 30
0.0
 10
-1.59631
 20
-7.106
 30
0.0
 10
-1.64923
 20
-7.13563
 30
0.0
 10
-1.64923
 20
-7.13563
 30
0.0
 10
-1.68027
 20
-7.18679
 30
0.0
 10
-1.73426
 20
-7.11941
 30
0.0
 10
-1.7727
 20
-7.11517
 30
0.0
  0
SPLINE
  5
1C0
330
1F
100
AcDbEntity
  8
Camada 1
100
AcDbSpline
210
0.0
220
0.0
230
1.0
 70
    11
 71
     3
 72
    20
 73
    16
 74
     0
 42
0.0000000001
 43
0.0000000001
 12
1.0
 22
0.0
 32
0.0
 13
1.0
 23
0.0
 33
0.0
 40
0.0
 40
0.0
 40
0.0
 40
0.0
 40
0.2
 40
0.2
 40
0.2
 40
0.2
 40
0.4
 40
0.4
 40
0.4
 40
0.4
 40
0.6
 40
0.6
 40
0.6
 40
0.6
 40
1.0
 40
1.0
 40
1.0
 40
1.0
 10
-0.42757
 20
-7.10035
 30
0.0
 10
-0.40357
 20
-7.0739
 30
0.0
 10
-0.37958
 20
-7.04744
 30
0.0
 10
-0.35207
 20
-7.02415
 30
0.0
 10
-0.35207
 20
-7.02415
 30
0.0
 10
-0.32419
 20
-7.04814
 30
0.0
 10
-0.29915
 20
-7.07531
 30
0.0
 10
-0.2741
 20
-7.10282
 30
0.0
 10
-0.2741
 20
-7.10282
 30
0.0
 10
-0.29386
 20
-7.1187
 30
0.0
 10
-0.33267
 20
-7.15044
 30
0.0
 10
-0.35207
 20
-7.16667
 30
0.0
 10
-0.35207
 20
-7.16667
 30
0.0
 10
-0.37112
 20
-7.1501
 30
0.0
 10
-0.40886
 20
-7.11694
 30
0.0
 10
-0.42757
 20
-7.10035
 30
0.0
  0
SPLINE
  5
1C1
330
1F
100
AcDbEntity
  8
Camada 1
100
AcDbSpline
210
0.0
220
0.0
230
1.0
 70
    11
 71
     3
 72
    16
 73
    12
 74
     0
 42
0.0000000001
 43
0.0000000001
 12
1.0
 22
0.0
 32
0.0
 13
1.0
 23
0.0
 33
0.0
 40
0.0
 40
0.0
 40
0.0
 40
0.0
 40
0.25
 40
0.25
 40
0.25
 40
0.25
 40
0.5
 40
0.5
 40
0.5
 40
0.5
 40
1.0
 40
1.0
 40
1.0
 40
1.0
 10
0.26282
 20
-7.06895
 30
0.0
 10
0.2868
 20
-7.04285
 30
0.0
 10
0.33197
 20
-7.00017
 30
0.0
 10
0.35877
 20
-7.0499
 30
0.0
 10
0.35877
 20
-7.0499
 30
0.0
 10
0.42298
 20
-7.09188
 30
0.0
 10
0.34113
 20
-7.13493
 30
0.0
 10
0.31784
 20
-7.17444
 30
0.0
 10
0.31784
 20
-7.17444
 30
0.0
 10
0.30373
 20
-7.13846
 30
0.0
 10
0.24906
 20
-7.11164
 30
0.0
 10
0.26282
 20
-7.06895
 30
0.0
  0
SPLINE
  5
1C2
330
1F
100
AcDbEntity
  8
Camada 1
100
AcDbSpline
210
0.0
220
0.0
230
1.0
 70
    11
 71
     3
 72
    12
 73
     8
 74
     0
 42
0.0000000001
 43
0.0000000001
 12
1.0
 22
0.0
 32
0.0
 13
1.0
 23
0.0
 33
0.0
 40
0.0
 40
0.0
 40
0.0
 40
0.0
 40
0.3333333333333333
 40
0.3333333333333333
 40
0.3333333333333333
 40
0.3333333333333333
 40
1.0
 40
1.0
 40
1.0
 40
1.0
 10
1.66158
 20
-7.17337
 30
0.0
 10
1.60126
 20
-7.12645
 30
0.0
 10
1.57161
 20
-7.0559
 30
0.0
 10
1.66017
 20
-7.02098
 30
0.0
 10
1.66017
 20
-7.02098
 30
0.0
 10
1.74978
 20
-7.04919
 30
0.0
 10
1.7145
 20
-7.12611
 30
0.0
 10
1.66158
 20
-7.17337
 30
0.0
  0
SPLINE
  5
1C3
330
1F
100
AcDbEntity
  8
Camada 1
100
AcDbSpline
210
0.0
220
0.0
230
1.0
 70
    11
 71
     3
 72
    20
 73
    16
 74
     0
 42
0.0000000001
 43
0.0000000001
 12
1.0
 22
0.0
 32
0.0
 13
1.0
 23
0.0
 33
0.0
 40
0.0
 40
0.0
 40
0.0
 40
0.0
 40
0.2
 40
0.2
 40
0.2
 40
0.2
 40
0.4
 40
0.4
 40
0.4
 40
0.4
 40
0.6
 40
0.6
 40
0.6
 40
0.6
 40
1.0
 40
1.0
 40
1.0
 40
1.0
 10
0.41627
 20
-7.25874
 30
0.0
 10
0.44026
 20
-7.23229
 30
0.0
 10
0.4646
 20
-7.20653
 30
0.0
 10
0.48894
 20
-7.18043
 30
0.0
 10
0.48894
 20
-7.18043
 30
0.0
 10
0.51364
 20
-7.20653
 30
0.0
 10
0.53869
 20
-7.23299
 30
0.0
 10
0.56373
 20
-7.25945
 30
0.0
 10
0.56373
 20
-7.25945
 30
0.0
 10
0.53833
 20
-7.28415
 30
0.0
 10
0.51293
 20
-7.30885
 30
0.0
 10
0.48753
 20
-7.3339
 30
0.0
 10
0.48753
 20
-7.3339
 30
0.0
 10
0.46955
 20
-7.31519
 30
0.0
 10
0.43427
 20
-7.27745
 30
0.0
 10
0.41627
 20
-7.25874
 30
0.0
  0
SPLINE
  5
1C4
330
1F
100
AcDbEntity
  8
Camada 1
100
AcDbSpline
210
0.0
220
0.0
230
1.0
 70
    11
 71
     3
 72
    12
 73
     8
 74
     0
 42
0.0000000001
 43
0.0000000001
 12
1.0
 22
0.0
 32
0.0
 13
1.0
 23
0.0
 33
0.0
 40
0.0
 40
0.0
 40
0.0
 40
0.0
 40
0.3333333333333333
 40
0.3333333333333333
 40
0.3333333333333333
 40
0.3333333333333333
 40
1.0
 40
1.0
 40
1.0
 40
1.0
 10
-1.5374
 20
-7.20266
 30
0.0
 10
-1.48872
 20
-7.20054
 30
0.0
 10
-1.4171
 20
-7.26897
 30
0.0
 10
-1.48096
 20
-7.3025
 30
0.0
 10
-1.48096
 20
-7.3025
 30
0.0
 10
-1.5434
 20
-7.38786
 30
0.0
 10
-1.63547
 20
-7.22982
 30
0.0
 10
-1.5374
 20
-7.20266
 30
0.0
  0
SPLINE
  5
1C5
330
1F
100
AcDbEntity
  8
Camada 1
100
AcDbSpline
210
0.0
220
0.0
230
1.0
 70
    11
 71
     3
 72
    16
 73
    12
 74
     0
 42
0.0000000001
 43
0.0000000001
 12
1.0
 22
0.0
 32
0.0
 13
1.0
 23
0.0
 33
0.0
 40
0.0
 40
0.0
 40
0.0
 40
0.0
 40
0.25
 40
0.25
 40
0.25
 40
0.25
 40
0.5
 40
0.5
 40
0.5
 40
0.5
 40
1.0
 40
1.0
 40
1.0
 40
1.0
 10
-0.60501
 20
-7.26227
 30
0.0
 10
-0.57291
 20
-7.23935
 30
0.0
 10
-0.54081
 20
-7.21606
 30
0.0
 10
-0.50587
 20
-7.19807
 30
0.0
 10
-0.50587
 20
-7.19807
 30
0.0
 10
-0.44062
 20
-7.23194
 30
0.0
 10
-0.47378
 20
-7.2965
 30
0.0
 10
-0.49776
 20
-7.34589
 30
0.0
 10
-0.49776
 20
-7.34589
 30
0.0
 10
-0.53374
 20
-7.31838
 30
0.0
 10
-0.56973
 20
-7.29051
 30
0.0
 10
-0.60501
 20
-7.26227
 30
0.0
  0
SPLINE
  5
1C6
330
1F
100
AcDbEntity
  8
Camada 1
100
AcDbSpline
210
0.0
220
0.0
230
1.0
 70
    11
 71
     3
 72
    20
 73
    16
 74
     0
 42
0.0000000001
 43
0.0000000001
 12
1.0
 22
0.0
 32
0.0
 13
1.0
 23
0.0
 33
0.0
 40
0.0
 40
0.0
 40
0.0
 40
0.0
 40
0.2
 40
0.2
 40
0.2
 40
0.2
 40
0.4
 40
0.4
 40
0.4
 40
0.4
 40
0.6
 40
0.6
 40
0.6
 40
0.6
 40
1.0
 40
1.0
 40
1.0
 40
1.0
 10
1.41781
 20
-7.26227
 30
0.0
 10
1.4418
 20
-7.23477
 30
0.0
 10
1.46614
 20
-7.2076
 30
0.0
 10
1.49048
 20
-7.18043
 30
0.0
 10
1.49048
 20
-7.18043
 30
0.0
 10
1.51694
 20
-7.20548
 30
0.0
 10
1.54374
 20
-7.23159
 30
0.0
 10
1.5702
 20
-7.25735
 30
0.0
 10
1.5702
 20
-7.25735
 30
0.0
 10
1.54374
 20
-7.28169
 30
0.0
 10
1.51729
 20
-7.30708
 30
0.0
 10
1.49083
 20
-7.33212
 30
0.0
 10
1.49083
 20
-7.33212
 30
0.0
 10
1.46649
 20
-7.30849
 30
0.0
 10
1.44215
 20
-7.2852
 30
0.0
 10
1.41781
 20
-7.26227
 30
0.0
  0
SPLINE
  5
1C7
330
1F
100
AcDbEntity
  8
Camada 1
100
AcDbSpline
210
0.0
220
0.0
230
1.0
 70
    11
 71
     3
 72
    20
 73
    16
 74
     0
 42
0.0000000001
 43
0.0000000001
 12
1.0
 22
0.0
 32
0.0
 13
1.0
 23
0.0
 33
0.0
 40
0.0
 40
0.0
 40
0.0
 40
0.0
 40
0.2
 40
0.2
 40
0.2
 40
0.2
 40
0.4
 40
0.4
 40
0.4
 40
0.4
 40
0.6
 40
0.6
 40
0.6
 40
0.6
 40
1.0
 40
1.0
 40
1.0
 40
1.0
 10
-1.35714
 20
-7.35471
 30
0.0
 10
-1.33103
 20
-7.38152
 30
0.0
 10
-1.30527
 20
-7.40903
 30
0.0
 10
-1.27987
 20
-7.43654
 30
0.0
 10
-1.27987
 20
-7.43654
 30
0.0
 10
-1.30315
 20
-7.45878
 30
0.0
 10
-1.32644
 20
-7.48171
 30
0.0
 10
-1.34937
 20
-7.50429
 30
0.0
 10
-1.34937
 20
-7.50429
 30
0.0
 10
-1.37688
 20
-7.48171
 30
0.0
 10
-1.40441
 20
-7.45912
 30
0.0
 10
-1.43157
 20
-7.43691
 30
0.0
 10
-1.43157
 20
-7.43691
 30
0.0
 10
-1.40687
 20
-7.40938
 30
0.0
 10
-1.38219
 20
-7.38187
 30
0.0
 10
-1.35714
 20
-7.35471
 30
0.0
  0
SPLINE
  5
1C8
330
1F
100
AcDbEntity
  8
Camada 1
100
AcDbSpline
210
0.0
220
0.0
230
1.0
 70
    11
 71
     3
 72
    20
 73
    16
 74
     0
 42
0.0000000001
 43
0.0000000001
 12
1.0
 22
0.0
 32
0.0
 13
1.0
 23
0.0
 33
0.0
 40
0.0
 40
0.0
 40
0.0
 40
0.0
 40
0.2
 40
0.2
 40
0.2
 40
0.2
 40
0.4
 40
0.4
 40
0.4
 40
0.4
 40
0.6
 40
0.6
 40
0.6
 40
0.6
 40
1.0
 40
1.0
 40
1.0
 40
1.0
 10
-0.68967
 20
-7.35612
 30
0.0
 10
-0.66321
 20
-7.38222
 30
0.0
 10
-0.63641
 20
-7.40903
 30
0.0
 10
-0.60959
 20
-7.4362
 30
0.0
 10
-0.60959
 20
-7.4362
 30
0.0
 10
-0.63641
 20
-7.45878
 30
0.0
 10
-0.66286
 20
-7.48171
 30
0.0
 10
-0.68932
 20
-7.505
 30
0.0
 10
-0.68932
 20
-7.505
 30
0.0
 10
-0.71402
 20
-7.48242
 30
0.0
 10
-0.73871
 20
-7.46019
 30
0.0
 10
-0.76341
 20
-7.43795
 30
0.0
 10
-0.76341
 20
-7.43795
 30
0.0
 10
-0.73907
 20
-7.41045
 30
0.0
 10
-0.71437
 20
-7.38292
 30
0.0
 10
-0.68967
 20
-7.35612
 30
0.0
  0
SPLINE
  5
1C9
330
1F
100
AcDbEntity
  8
Camada 1
100
AcDbSpline
210
0.0
220
0.0
230
1.0
 70
    11
 71
     3
 72
    20
 73
    16
 74
     0
 42
0.0000000001
 43
0.0000000001
 12
1.0
 22
0.0
 32
0.0
 13
1.0
 23
0.0
 33
0.0
 40
0.0
 40
0.0
 40
0.0
 40
0.0
 40
0.2
 40
0.2
 40
0.2
 40
0.2
 40
0.4
 40
0.4
 40
0.4
 40
0.4
 40
0.6
 40
0.6
 40
0.6
 40
0.6
 40
1.0
 40
1.0
 40
1.0
 40
1.0
 10
0.65334
 20
-7.35188
 30
0.0
 10
0.67875
 20
-7.3734
 30
0.0
 10
0.70414
 20
-7.39493
 30
0.0
 10
0.73025
 20
-7.4168
 30
0.0
 10
0.73025
 20
-7.4168
 30
0.0
 10
0.70731
 20
-7.44466
 30
0.0
 10
0.68474
 20
-7.47289
 30
0.0
 10
0.6625
 20
-7.50111
 30
0.0
 10
0.6625
 20
-7.50111
 30
0.0
 10
0.63534
 20
-7.47642
 30
0.0
 10
0.60854
 20
-7.45137
 30
0.0
 10
0.58173
 20
-7.42667
 30
0.0
 10
0.58173
 20
-7.42667
 30
0.0
 10
0.60537
 20
-7.40163
 30
0.0
 10
0.62934
 20
-7.37658
 30
0.0
 10
0.65334
 20
-7.35188
 30
0.0
  0
SPLINE
  5
1CA
330
1F
100
AcDbEntity
  8
Camada 1
100
AcDbSpline
210
0.0
220
0.0
230
1.0
 70
    11
 71
     3
 72
    20
 73
    16
 74
     0
 42
0.0000000001
 43
0.0000000001
 12
1.0
 22
0.0
 32
0.0
 13
1.0
 23
0.0
 33
0.0
 40
0.0
 40
0.0
 40
0.0
 40
0.0
 40
0.2
 40
0.2
 40
0.2
 40
0.2
 40
0.4
 40
0.4
 40
0.4
 40
0.4
 40
0.6
 40
0.6
 40
0.6
 40
0.6
 40
1.0
 40
1.0
 40
1.0
 40
1.0
 10
1.2506
 20
-7.41997
 30
0.0
 10
1.27635
 20
-7.39668
 30
0.0
 10
1.30245
 20
-7.3741
 30
0.0
 10
1.32856
 20
-7.35153
 30
0.0
 10
1.32856
 20
-7.35153
 30
0.0
 10
1.35183
 20
-7.37658
 30
0.0
 10
1.37512
 20
-7.40233
 30
0.0
 10
1.39876
 20
-7.42772
 30
0.0
 10
1.39876
 20
-7.42772
 30
0.0
 10
1.3723
 20
-7.45172
 30
0.0
 10
1.3462
 20
-7.47606
 30
0.0
 10
1.32009
 20
-7.5004
 30
0.0
 10
1.32009
 20
-7.5004
 30
0.0
 10
1.29645
 20
-7.47323
 30
0.0
 10
1.27353
 20
-7.44643
 30
0.0
 10
1.2506
 20
-7.41997
 30
0.0
  0
SPLINE
  5
1CB
330
1F
100
AcDbEntity
  8
Camada 1
100
AcDbSpline
210
0.0
220
0.0
230
1.0
 70
    11
 71
     3
 72
    20
 73
    16
 74
     0
 42
0.0000000001
 43
0.0000000001
 12
1.0
 22
0.0
 32
0.0
 13
1.0
 23
0.0
 33
0.0
 40
0.0
 40
0.0
 40
0.0
 40
0.0
 40
0.2
 40
0.2
 40
0.2
 40
0.2
 40
0.4
 40
0.4
 40
0.4
 40
0.4
 40
0.6
 40
0.6
 40
0.6
 40
0.6
 40
1.0
 40
1.0
 40
1.0
 40
1.0
 10
5.06801
 20
-8.7376
 30
0.0
 10
5.50298
 20
-8.31603
 30
0.0
 10
5.92596
 20
-7.88175
 30
0.0
 10
6.35669
 20
-7.45559
 30
0.0
 10
6.35669
 20
-7.45559
 30
0.0
 10
6.34434
 20
-7.56072
 30
0.0
 10
6.39127
 20
-7.69443
 30
0.0
 10
6.29496
 20
-7.77205
 30
0.0
 10
6.29496
 20
-7.77205
 30
0.0
 10
5.97217
 20
-8.09412
 30
0.0
 10
5.64973
 20
-8.41587
 30
0.0
 10
5.32799
 20
-8.73901
 30
0.0
 10
5.32799
 20
-8.73901
 30
0.0
 10
5.24121
 20
-8.73936
 30
0.0
 10
5.15443
 20
-8.73901
 30
0.0
 10
5.06801
 20
-8.7376
 30
0.0
  0
SPLINE
  5
1CC
330
1F
100
AcDbEntity
  8
Camada 1
100
AcDbSpline
210
0.0
220
0.0
230
1.0
 70
    11
 71
     3
 72
    20
 73
    16
 74
     0
 42
0.0000000001
 43
0.0000000001
 12
1.0
 22
0.0
 32
0.0
 13
1.0
 23
0.0
 33
0.0
 40
0.0
 40
0.0
 40
0.0
 40
0.0
 40
0.2
 40
0.2
 40
0.2
 40
0.2
 40
0.4
 40
0.4
 40
0.4
 40
0.4
 40
0.6
 40
0.6
 40
0.6
 40
0.6
 40
1.0
 40
1.0
 40
1.0
 40
1.0
 10
-1.18957
 20
-7.52474
 30
0.0
 10
-1.16346
 20
-7.55049
 30
0.0
 10
-1.13736
 20
-7.57624
 30
0.0
 10
-1.1109
 20
-7.60236
 30
0.0
 10
-1.1109
 20
-7.60236
 30
0.0
 10
-1.13841
 20
-7.62669
 30
0.0
 10
-1.16592
 20
-7.6514
 30
0.0
 10
-1.19308
 20
-7.67608
 30
0.0
 10
-1.19308
 20
-7.67608
 30
0.0
 10
-1.21567
 20
-7.64821
 30
0.0
 10
-1.23789
 20
-7.6207
 30
0.0
 10
-1.25976
 20
-7.59354
 30
0.0
 10
-1.25976
 20
-7.59354
 30
0.0
 10
-1.23647
 20
-7.57061
 30
0.0
 10
-1.2132
 20
-7.54768
 30
0.0
 10
-1.18957
 20
-7.52474
 30
0.0
  0
SPLINE
  5
1CD
330
1F
100
AcDbEntity
  8
Camada 1
100
AcDbSpline
210
0.0
220
0.0
230
1.0
 70
    11
 71
     3
 72
    20
 73
    16
 74
     0
 42
0.0000000001
 43
0.0000000001
 12
1.0
 22
0.0
 32
0.0
 13
1.0
 23
0.0
 33
0.0
 40
0.0
 40
0.0
 40
0.0
 40
0.0
 40
0.2
 40
0.2
 40
0.2
 40
0.2
 40
0.4
 40
0.4
 40
0.4
 40
0.4
 40
0.6
 40
0.6
 40
0.6
 40
0.6
 40
1.0
 40
1.0
 40
1.0
 40
1.0
 10
-0.93239
 20
-7.6006
 30
0.0
 10
-0.90557
 20
-7.57449
 30
0.0
 10
-0.87877
 20
-7.54909
 30
0.0
 10
-0.85124
 20
-7.52403
 30
0.0
 10
-0.85124
 20
-7.52403
 30
0.0
 10
-0.82832
 20
-7.54698
 30
0.0
 10
-0.80468
 20
-7.56954
 30
0.0
 10
-0.78105
 20
-7.59249
 30
0.0
 10
-0.78105
 20
-7.59249
 30
0.0
 10
-0.80573
 20
-7.62034
 30
0.0
 10
-0.82868
 20
-7.64928
 30
0.0
 10
-0.85124
 20
-7.67927
 30
0.0
 10
-0.85124
 20
-7.67927
 30
0.0
 10
-0.87841
 20
-7.65281
 30
0.0
 10
-0.90523
 20
-7.62635
 30
0.0
 10
-0.93239
 20
-7.6006
 30
0.0
  0
SPLINE
  5
1CE
330
1F
100
AcDbEntity
  8
Camada 1
100
AcDbSpline
210
0.0
220
0.0
230
1.0
 70
    11
 71
     3
 72
    20
 73
    16
 74
     0
 42
0.0000000001
 43
0.0000000001
 12
1.0
 22
0.0
 32
0.0
 13
1.0
 23
0.0
 33
0.0
 40
0.0
 40
0.0
 40
0.0
 40
0.0
 40
0.2
 40
0.2
 40
0.2
 40
0.2
 40
0.4
 40
0.4
 40
0.4
 40
0.4
 40
0.6
 40
0.6
 40
0.6
 40
0.6
 40
1.0
 40
1.0
 40
1.0
 40
1.0
 10
0.74753
 20
-7.58718
 30
0.0
 10
0.77364
 20
-7.56462
 30
0.0
 10
0.8001
 20
-7.54274
 30
0.0
 10
0.82656
 20
-7.52086
 30
0.0
 10
0.82656
 20
-7.52086
 30
0.0
 10
0.8509
 20
-7.54379
 30
0.0
 10
0.87524
 20
-7.56742
 30
0.0
 10
0.89958
 20
-7.59071
 30
0.0
 10
0.89958
 20
-7.59071
 30
0.0
 10
0.87488
 20
-7.61683
 30
0.0
 10
0.85054
 20
-7.64329
 30
0.0
 10
0.8262
 20
-7.67009
 30
0.0
 10
0.8262
 20
-7.67009
 30
0.0
 10
0.7994
 20
-7.64222
 30
0.0
 10
0.77328
 20
-7.61471
 30
0.0
 10
0.74753
 20
-7.58718
 30
0.0
  0
SPLINE
  5
1CF
330
1F
100
AcDbEntity
  8
Camada 1
100
AcDbSpline
210
0.0
220
0.0
230
1.0
 70
    11
 71
     3
 72
    20
 73
    16
 74
     0
 42
0.0000000001
 43
0.0000000001
 12
1.0
 22
0.0
 32
0.0
 13
1.0
 23
0.0
 33
0.0
 40
0.0
 40
0.0
 40
0.0
 40
0.0
 40
0.2
 40
0.2
 40
0.2
 40
0.2
 40
0.4
 40
0.4
 40
0.4
 40
0.4
 40
0.6
 40
0.6
 40
0.6
 40
0.6
 40
1.0
 40
1.0
 40
1.0
 40
1.0
 10
1.15992
 20
-7.51628
 30
0.0
 10
1.18321
 20
-7.54203
 30
0.0
 10
1.20685
 20
-7.56742
 30
0.0
 10
1.22943
 20
-7.59424
 30
0.0
 10
1.22943
 20
-7.59424
 30
0.0
 10
1.20368
 20
-7.6207
 30
0.0
 10
1.17474
 20
-7.64399
 30
0.0
 10
1.14687
 20
-7.66833
 30
0.0
 10
1.14687
 20
-7.66833
 30
0.0
 10
1.13171
 20
-7.64928
 30
0.0
 10
1.10101
 20
-7.61047
 30
0.0
 10
1.08549
 20
-7.59107
 30
0.0
 10
1.08549
 20
-7.59107
 30
0.0
 10
1.10418
 20
-7.57237
 30
0.0
 10
1.14158
 20
-7.53497
 30
0.0
 10
1.15992
 20
-7.51628
 30
0.0
  0
SPLINE
  5
1D0
330
1F
100
AcDbEntity
  8
Camada 1
100
AcDbSpline
210
0.0
220
0.0
230
1.0
 70
    11
 71
     3
 72
    16
 73
    12
 74
     0
 42
0.0000000001
 43
0.0000000001
 12
1.0
 22
0.0
 32
0.0
 13
1.0
 23
0.0
 33
0.0
 40
0.0
 40
0.0
 40
0.0
 40
0.0
 40
0.25
 40
0.25
 40
0.25
 40
0.25
 40
0.5
 40
0.5
 40
0.5
 40
0.5
 40
1.0
 40
1.0
 40
1.0
 40
1.0
 10
-1.10277
 20
-7.78898
 30
0.0
 10
-1.07631
 20
-7.75194
 30
0.0
 10
-1.04846
 20
-7.7156
 30
0.0
 10
-1.02059
 20
-7.67997
 30
0.0
 10
-1.02059
 20
-7.67997
 30
0.0
 10
-1.00507
 20
-7.71701
 30
0.0
 10
-0.91863
 20
-7.77168
 30
0.0
 10
-0.97649
 20
-7.80591
 30
0.0
 10
-0.97649
 20
-7.80591
 30
0.0
 10
-1.01247
 20
-7.85495
 30
0.0
 10
-1.06398
 20
-7.80062
 30
0.0
 10
-1.10277
 20
-7.78898
 30
0.0
  0
SPLINE
  5
1D1
330
1F
100
AcDbEntity
  8
Camada 1
100
AcDbSpline
210
0.0
220
0.0
230
1.0
 70
    11
 71
     3
 72
    20
 73
    16
 74
     0
 42
0.0000000001
 43
0.0000000001
 12
1.0
 22
0.0
 32
0.0
 13
1.0
 23
0.0
 33
0.0
 40
0.0
 40
0.0
 40
0.0
 40
0.0
 40
0.2
 40
0.2
 40
0.2
 40
0.2
 40
0.4
 40
0.4
 40
0.4
 40
0.4
 40
0.6
 40
0.6
 40
0.6
 40
0.6
 40
1.0
 40
1.0
 40
1.0
 40
1.0
 10
0.90981
 20
-7.75616
 30
0.0
 10
0.9352
 20
-7.7343
 30
0.0
 10
0.96166
 20
-7.71348
 30
0.0
 10
0.98882
 20
-7.69372
 30
0.0
 10
0.98882
 20
-7.69372
 30
0.0
 10
1.01706
 20
-7.71418
 30
0.0
 10
1.04563
 20
-7.73499
 30
0.0
 10
1.07385
 20
-7.75652
 30
0.0
 10
1.07385
 20
-7.75652
 30
0.0
 10
1.04563
 20
-7.78262
 30
0.0
 10
1.01811
 20
-7.80979
 30
0.0
 10
0.99024
 20
-7.83624
 30
0.0
 10
0.99024
 20
-7.83624
 30
0.0
 10
0.96343
 20
-7.80944
 30
0.0
 10
0.93661
 20
-7.78262
 30
0.0
 10
0.90981
 20
-7.75616
 30
0.0
  0
SPLINE
  5
1D2
330
1F
100
AcDbEntity
  8
Camada 1
100
AcDbSpline
210
0.0
220
0.0
230
1.0
 70
    11
 71
     3
 72
    24
 73
    20
 74
     0
 42
0.0000000001
 43
0.0000000001
 12
1.0
 22
0.0
 32
0.0
 13
1.0
 23
0.0
 33
0.0
 40
0.0
 40
0.0
 40
0.0
 40
0.0
 40
0.1666666666666667
 40
0.1666666666666667
 40
0.1666666666666667
 40
0.1666666666666667
 40
0.3333333333333333
 40
0.3333333333333333
 40
0.3333333333333333
 40
0.3333333333333333
 40
0.5
 40
0.5
 40
0.5
 40
0.5
 40
0.6666666666666666
 40
0.6666666666666666
 40
0.6666666666666666
 40
0.6666666666666666
 40
1.0
 40
1.0
 40
1.0
 40
1.0
 10
0.82196
 20
-7.85247
 30
0.0
 10
0.84701
 20
-7.87752
 30
0.0
 10
0.87171
 20
-7.90256
 30
0.0
 10
0.89675
 20
-7.92833
 30
0.0
 10
0.89675
 20
-7.92833
 30
0.0
 10
0.88018
 20
-7.94561
 30
0.0
 10
0.84666
 20
-7.98054
 30
0.0
 10
0.83007
 20
-7.99782
 30
0.0
 10
0.83007
 20
-7.99782
 30
0.0
 10
0.81633
 20
-7.99182
 30
0.0
 10
0.7888
 20
-7.97913
 30
0.0
 10
0.77505
 20
-7.97312
 30
0.0
 10
0.77505
 20
-7.97312
 30
0.0
 10
0.76975
 20
-7.96042
 30
0.0
 10
0.75847
 20
-7.93503
 30
0.0
 10
0.75318
 20
-7.92232
 30
0.0
 10
0.75318
 20
-7.92232
 30
0.0
 10
0.77576
 20
-7.89869
 30
0.0
 10
0.79903
 20
-7.87541
 30
0.0
 10
0.82196
 20
-7.85247
 30
0.0
  0
SPLINE
  5
1D3
330
1F
100
AcDbEntity
  8
Camada 1
100
AcDbSpline
210
0.0
220
0.0
230
1.0
 70
    11
 71
     3
 72
    16
 73
    12
 74
     0
 42
0.0000000001
 43
0.0000000001
 12
1.0
 22
0.0
 32
0.0
 13
1.0
 23
0.0
 33
0.0
 40
0.0
 40
0.0
 40
0.0
 40
0.0
 40
0.25
 40
0.25
 40
0.25
 40
0.25
 40
0.5
 40
0.5
 40
0.5
 40
0.5
 40
1.0
 40
1.0
 40
1.0
 40
1.0
 10
-1.27458
 20
-7.93608
 30
0.0
 10
-1.22624
 20
-7.87576
 30
0.0
 10
-1.1684
 20
-7.86236
 30
0.0
 10
-1.11337
 20
-7.92339
 30
0.0
 10
-1.11337
 20
-7.92339
 30
0.0
 10
-1.12994
 20
-7.94456
 30
0.0
 10
-1.16311
 20
-7.98688
 30
0.0
 10
-1.17968
 20
-8.00805
 30
0.0
 10
-1.17968
 20
-8.00805
 30
0.0
 10
-1.21143
 20
-7.98405
 30
0.0
 10
-1.24319
 20
-7.95972
 30
0.0
 10
-1.27458
 20
-7.93608
 30
0.0
  0
SPLINE
  5
1D4
330
1F
100
AcDbEntity
  8
Camada 1
100
AcDbSpline
210
0.0
220
0.0
230
1.0
 70
    11
 71
     3
 72
    20
 73
    16
 74
     0
 42
0.0000000001
 43
0.0000000001
 12
1.0
 22
0.0
 32
0.0
 13
1.0
 23
0.0
 33
0.0
 40
0.0
 40
0.0
 40
0.0
 40
0.0
 40
0.2
 40
0.2
 40
0.2
 40
0.2
 40
0.4
 40
0.4
 40
0.4
 40
0.4
 40
0.6
 40
0.6
 40
0.6
 40
0.6
 40
1.0
 40
1.0
 40
1.0
 40
1.0
 10
-0.91546
 20
-7.93644
 30
0.0
 10
-0.89605
 20
-7.90892
 30
0.0
 10
-0.87629
 20
-7.88175
 30
0.0
 10
-0.85619
 20
-7.85495
 30
0.0
 10
-0.85619
 20
-7.85495
 30
0.0
 10
-0.83007
 20
-7.88212
 30
0.0
 10
-0.80362
 20
-7.90928
 30
0.0
 10
-0.77716
 20
-7.93715
 30
0.0
 10
-0.77716
 20
-7.93715
 30
0.0
 10
-0.80291
 20
-7.96254
 30
0.0
 10
-0.82832
 20
-7.98865
 30
0.0
 10
-0.85372
 20
-8.01475
 30
0.0
 10
-0.85372
 20
-8.01475
 30
0.0
 10
-0.87558
 20
-7.98936
 30
0.0
 10
-0.89641
 20
-7.96325
 30
0.0
 10
-0.91546
 20
-7.93644
 30
0.0
  0
SPLINE
  5
1D5
330
1F
100
AcDbEntity
  8
Camada 1
100
AcDbSpline
210
0.0
220
0.0
230
1.0
 70
    11
 71
     3
 72
    16
 73
    12
 74
     0
 42
0.0000000001
 43
0.0000000001
 12
1.0
 22
0.0
 32
0.0
 13
1.0
 23
0.0
 33
0.0
 40
0.0
 40
0.0
 40
0.0
 40
0.0
 40
0.25
 40
0.25
 40
0.25
 40
0.25
 40
0.5
 40
0.5
 40
0.5
 40
0.5
 40
1.0
 40
1.0
 40
1.0
 40
1.0
 10
1.11653
 20
-7.89094
 30
0.0
 10
1.14757
 20
-7.83802
 30
0.0
 10
1.20332
 20
-7.90645
 30
0.0
 10
1.24319
 20
-7.91069
 30
0.0
 10
1.24319
 20
-7.91069
 30
0.0
 10
1.21284
 20
-7.94032
 30
0.0
 10
1.1952
 20
-7.99711
 30
0.0
 10
1.14406
 20
-7.99394
 30
0.0
 10
1.14406
 20
-7.99394
 30
0.0
 10
1.12465
 20
-7.96712
 30
0.0
 10
1.06469
 20
-7.91739
 30
0.0
 10
1.11653
 20
-7.89094
 30
0.0
  0
SPLINE
  5
1D6
330
1F
100
AcDbEntity
  8
Camada 1
100
AcDbSpline
210
0.0
220
0.0
230
1.0
 70
    11
 71
     3
 72
    20
 73
    16
 74
     0
 42
0.0000000001
 43
0.0000000001
 12
1.0
 22
0.0
 32
0.0
 13
1.0
 23
0.0
 33
0.0
 40
0.0
 40
0.0
 40
0.0
 40
0.0
 40
0.2
 40
0.2
 40
0.2
 40
0.2
 40
0.4
 40
0.4
 40
0.4
 40
0.4
 40
0.6
 40
0.6
 40
0.6
 40
0.6
 40
1.0
 40
1.0
 40
1.0
 40
1.0
 10
-1.43651
 20
-8.1093
 30
0.0
 10
-1.4104
 20
-8.08107
 30
0.0
 10
-1.38394
 20
-8.0532
 30
0.0
 10
-1.35714
 20
-8.02569
 30
0.0
 10
-1.35714
 20
-8.02569
 30
0.0
 10
-1.33244
 20
-8.05249
 30
0.0
 10
-1.30739
 20
-8.07966
 30
0.0
 10
-1.28235
 20
-8.10682
 30
0.0
 10
-1.28235
 20
-8.10682
 30
0.0
 10
-1.30493
 20
-8.1294
 30
0.0
 10
-1.32749
 20
-8.15233
 30
0.0
 10
-1.35008
 20
-8.17527
 30
0.0
 10
-1.35008
 20
-8.17527
 30
0.0
 10
-1.379
 20
-8.1534
 30
0.0
 10
-1.40794
 20
-8.13152
 30
0.0
 10
-1.43651
 20
-8.1093
 30
0.0
  0
SPLINE
  5
1D7
330
1F
100
AcDbEntity
  8
Camada 1
100
AcDbSpline
210
0.0
220
0.0
230
1.0
 70
    11
 71
     3
 72
    20
 73
    16
 74
     0
 42
0.0000000001
 43
0.0000000001
 12
1.0
 22
0.0
 32
0.0
 13
1.0
 23
0.0
 33
0.0
 40
0.0
 40
0.0
 40
0.0
 40
0.0
 40
0.2
 40
0.2
 40
0.2
 40
0.2
 40
0.4
 40
0.4
 40
0.4
 40
0.4
 40
0.6
 40
0.6
 40
0.6
 40
0.6
 40
1.0
 40
1.0
 40
1.0
 40
1.0
 10
0.65722
 20
-8.02216
 30
0.0
 10
0.68121
 20
-8.04898
 30
0.0
 10
0.7052
 20
-8.07578
 30
0.0
 10
0.72918
 20
-8.10294
 30
0.0
 10
0.72918
 20
-8.10294
 30
0.0
 10
0.70167
 20
-8.12482
 30
0.0
 10
0.6738
 20
-8.14704
 30
0.0
 10
0.64628
 20
-8.16963
 30
0.0
 10
0.64628
 20
-8.16963
 30
0.0
 10
0.62406
 20
-8.1428
 30
0.0
 10
0.60218
 20
-8.11671
 30
0.0
 10
0.57996
 20
-8.09096
 30
0.0
 10
0.57996
 20
-8.09096
 30
0.0
 10
0.60571
 20
-8.06767
 30
0.0
 10
0.63146
 20
-8.04474
 30
0.0
 10
0.65722
 20
-8.02216
 30
0.0
  0
SPLINE
  5
1D8
330
1F
100
AcDbEntity
  8
Camada 1
100
AcDbSpline
210
0.0
220
0.0
230
1.0
 70
    11
 71
     3
 72
    20
 73
    16
 74
     0
 42
0.0000000001
 43
0.0000000001
 12
1.0
 22
0.0
 32
0.0
 13
1.0
 23
0.0
 33
0.0
 40
0.0
 40
0.0
 40
0.0
 40
0.0
 40
0.2
 40
0.2
 40
0.2
 40
0.2
 40
0.4
 40
0.4
 40
0.4
 40
0.4
 40
0.6
 40
0.6
 40
0.6
 40
0.6
 40
1.0
 40
1.0
 40
1.0
 40
1.0
 10
1.32115
 20
-8.02252
 30
0.0
 10
1.34761
 20
-8.04367
 30
0.0
 10
1.37442
 20
-8.06484
 30
0.0
 10
1.40124
 20
-8.08672
 30
0.0
 10
1.40124
 20
-8.08672
 30
0.0
 10
1.379
 20
-8.1153
 30
0.0
 10
1.35714
 20
-8.14387
 30
0.0
 10
1.33561
 20
-8.17245
 30
0.0
 10
1.33561
 20
-8.17245
 30
0.0
 10
1.3081
 20
-8.14846
 30
0.0
 10
1.28023
 20
-8.12446
 30
0.0
 10
1.25306
 20
-8.10083
 30
0.0
 10
1.25306
 20
-8.10083
 30
0.0
 10
1.27565
 20
-8.07437
 30
0.0
 10
1.29821
 20
-8.04827
 30
0.0
 10
1.32115
 20
-8.02252
 30
0.0
  0
SPLINE
  5
1D9
330
1F
100
AcDbEntity
  8
Camada 1
100
AcDbSpline
210
0.0
220
0.0
230
1.0
 70
    11
 71
     3
 72
    20
 73
    16
 74
     0
 42
0.0000000001
 43
0.0000000001
 12
1.0
 22
0.0
 32
0.0
 13
1.0
 23
0.0
 33
0.0
 40
0.0
 40
0.0
 40
0.0
 40
0.0
 40
0.2
 40
0.2
 40
0.2
 40
0.2
 40
0.4
 40
0.4
 40
0.4
 40
0.4
 40
0.6
 40
0.6
 40
0.6
 40
0.6
 40
1.0
 40
1.0
 40
1.0
 40
1.0
 10
-0.76129
 20
-8.1026
 30
0.0
 10
-0.73413
 20
-8.07685
 30
0.0
 10
-0.70731
 20
-8.05144
 30
0.0
 10
-0.6798
 20
-8.02674
 30
0.0
 10
-0.6798
 20
-8.02674
 30
0.0
 10
-0.65687
 20
-8.05356
 30
0.0
 10
-0.63394
 20
-8.08036
 30
0.0
 10
-0.61066
 20
-8.10753
 30
0.0
 10
-0.61066
 20
-8.10753
 30
0.0
 10
-0.63287
 20
-8.13047
 30
0.0
 10
-0.65475
 20
-8.15374
 30
0.0
 10
-0.67627
 20
-8.17738
 30
0.0
 10
-0.67627
 20
-8.17738
 30
0.0
 10
-0.7052
 20
-8.15269
 30
0.0
 10
-0.73377
 20
-8.12765
 30
0.0
 10
-0.76129
 20
-8.1026
 30
0.0
  0
SPLINE
  5
1DA
330
1F
100
AcDbEntity
  8
Camada 1
100
AcDbSpline
210
0.0
220
0.0
230
1.0
 70
    11
 71
     3
 72
    20
 73
    16
 74
     0
 42
0.0000000001
 43
0.0000000001
 12
1.0
 22
0.0
 32
0.0
 13
1.0
 23
0.0
 33
0.0
 40
0.0
 40
0.0
 40
0.0
 40
0.0
 40
0.2
 40
0.2
 40
0.2
 40
0.2
 40
0.4
 40
0.4
 40
0.4
 40
0.4
 40
0.6
 40
0.6
 40
0.6
 40
0.6
 40
1.0
 40
1.0
 40
1.0
 40
1.0
 10
5.66807
 20
-8.73795
 30
0.0
 10
5.8935
 20
-8.51252
 30
0.0
 10
6.12281
 20
-8.29062
 30
0.0
 10
6.34293
 20
-8.05956
 30
0.0
 10
6.34293
 20
-8.05956
 30
0.0
 10
6.33976
 20
-8.15552
 30
0.0
 10
6.39304
 20
-8.27722
 30
0.0
 10
6.30907
 20
-8.35201
 30
0.0
 10
6.30907
 20
-8.35201
 30
0.0
 10
6.18418
 20
-8.48396
 30
0.0
 10
6.05013
 20
-8.60672
 30
0.0
 10
5.9249
 20
-8.73865
 30
0.0
 10
5.9249
 20
-8.73865
 30
0.0
 10
5.83917
 20
-8.73936
 30
0.0
 10
5.75344
 20
-8.73936
 30
0.0
 10
5.66807
 20
-8.73795
 30
0.0
  0
SPLINE
  5
1DB
330
1F
100
AcDbEntity
  8
Camada 1
100
AcDbSpline
210
0.0
220
0.0
230
1.0
 70
    11
 71
     3
 72
    20
 73
    16
 74
     0
 42
0.0000000001
 43
0.0000000001
 12
1.0
 22
0.0
 32
0.0
 13
1.0
 23
0.0
 33
0.0
 40
0.0
 40
0.0
 40
0.0
 40
0.0
 40
0.2
 40
0.2
 40
0.2
 40
0.2
 40
0.4
 40
0.4
 40
0.4
 40
0.4
 40
0.6
 40
0.6
 40
0.6
 40
0.6
 40
1.0
 40
1.0
 40
1.0
 40
1.0
 10
-1.60372
 20
-8.26947
 30
0.0
 10
-1.57621
 20
-8.24442
 30
0.0
 10
-1.54834
 20
-8.21937
 30
0.0
 10
-1.52047
 20
-8.19502
 30
0.0
 10
-1.52047
 20
-8.19502
 30
0.0
 10
-1.49789
 20
-8.21972
 30
0.0
 10
-1.47567
 20
-8.24442
 30
0.0
 10
-1.45274
 20
-8.26981
 30
0.0
 10
-1.45274
 20
-8.26981
 30
0.0
 10
-1.47567
 20
-8.29556
 30
0.0
 10
-1.49825
 20
-8.32131
 30
0.0
 10
-1.52082
 20
-8.34777
 30
0.0
 10
-1.52082
 20
-8.34777
 30
0.0
 10
-1.54869
 20
-8.32131
 30
0.0
 10
-1.57621
 20
-8.29556
 30
0.0
 10
-1.60372
 20
-8.26947
 30
0.0
  0
SPLINE
  5
1DC
330
1F
100
AcDbEntity
  8
Camada 1
100
AcDbSpline
210
0.0
220
0.0
230
1.0
 70
    11
 71
     3
 72
    20
 73
    16
 74
     0
 42
0.0000000001
 43
0.0000000001
 12
1.0
 22
0.0
 32
0.0
 13
1.0
 23
0.0
 33
0.0
 40
0.0
 40
0.0
 40
0.0
 40
0.0
 40
0.2
 40
0.2
 40
0.2
 40
0.2
 40
0.4
 40
0.4
 40
0.4
 40
0.4
 40
0.6
 40
0.6
 40
0.6
 40
0.6
 40
1.0
 40
1.0
 40
1.0
 40
1.0
 10
-0.52034
 20
-8.1982
 30
0.0
 10
-0.49388
 20
-8.22042
 30
0.0
 10
-0.46708
 20
-8.24301
 30
0.0
 10
-0.44062
 20
-8.26593
 30
0.0
 10
-0.44062
 20
-8.26593
 30
0.0
 10
-0.46531
 20
-8.29274
 30
0.0
 10
-0.49001
 20
-8.31956
 30
0.0
 10
-0.51469
 20
-8.34707
 30
0.0
 10
-0.51469
 20
-8.34707
 30
0.0
 10
-0.54044
 20
-8.31956
 30
0.0
 10
-0.56549
 20
-8.29203
 30
0.0
 10
-0.59055
 20
-8.26487
 30
0.0
 10
-0.59055
 20
-8.26487
 30
0.0
 10
-0.56727
 20
-8.2423
 30
0.0
 10
-0.54363
 20
-8.22006
 30
0.0
 10
-0.52034
 20
-8.1982
 30
0.0
  0
SPLINE
  5
1DD
330
1F
100
AcDbEntity
  8
Camada 1
100
AcDbSpline
210
0.0
220
0.0
230
1.0
 70
    11
 71
     3
 72
    20
 73
    16
 74
     0
 42
0.0000000001
 43
0.0000000001
 12
1.0
 22
0.0
 32
0.0
 13
1.0
 23
0.0
 33
0.0
 40
0.0
 40
0.0
 40
0.0
 40
0.0
 40
0.2
 40
0.2
 40
0.2
 40
0.2
 40
0.4
 40
0.4
 40
0.4
 40
0.4
 40
0.6
 40
0.6
 40
0.6
 40
0.6
 40
1.0
 40
1.0
 40
1.0
 40
1.0
 10
0.40886
 20
-8.26135
 30
0.0
 10
0.43602
 20
-8.23701
 30
0.0
 10
0.46355
 20
-8.21265
 30
0.0
 10
0.49106
 20
-8.18868
 30
0.0
 10
0.49106
 20
-8.18868
 30
0.0
 10
0.51435
 20
-8.2116
 30
0.0
 10
0.53764
 20
-8.23489
 30
0.0
 10
0.56127
 20
-8.25816
 30
0.0
 10
0.56127
 20
-8.25816
 30
0.0
 10
0.53728
 20
-8.28569
 30
0.0
 10
0.51364
 20
-8.31391
 30
0.0
 10
0.49001
 20
-8.34214
 30
0.0
 10
0.49001
 20
-8.34214
 30
0.0
 10
0.46284
 20
-8.31497
 30
0.0
 10
0.43568
 20
-8.28781
 30
0.0
 10
0.40886
 20
-8.26135
 30
0.0
  0
SPLINE
  5
1DE
330
1F
100
AcDbEntity
  8
Camada 1
100
AcDbSpline
210
0.0
220
0.0
230
1.0
 70
    11
 71
     3
 72
    20
 73
    16
 74
     0
 42
0.0000000001
 43
0.0000000001
 12
1.0
 22
0.0
 32
0.0
 13
1.0
 23
0.0
 33
0.0
 40
0.0
 40
0.0
 40
0.0
 40
0.0
 40
0.2
 40
0.2
 40
0.2
 40
0.2
 40
0.4
 40
0.4
 40
0.4
 40
0.4
 40
0.6
 40
0.6
 40
0.6
 40
0.6
 40
1.0
 40
1.0
 40
1.0
 40
1.0
 10
1.42168
 20
-8.26028
 30
0.0
 10
1.44392
 20
-8.23701
 30
0.0
 10
1.46614
 20
-8.21407
 30
0.0
 10
1.48872
 20
-8.19114
 30
0.0
 10
1.48872
 20
-8.19114
 30
0.0
 10
1.51694
 20
-8.21372
 30
0.0
 10
1.54586
 20
-8.23665
 30
0.0
 10
1.57444
 20
-8.25994
 30
0.0
 10
1.57444
 20
-8.25994
 30
0.0
 10
1.54763
 20
-8.28674
 30
0.0
 10
1.52082
 20
-8.31427
 30
0.0
 10
1.49401
 20
-8.34143
 30
0.0
 10
1.49401
 20
-8.34143
 30
0.0
 10
1.46967
 20
-8.31427
 30
0.0
 10
1.44568
 20
-8.2871
 30
0.0
 10
1.42168
 20
-8.26028
 30
0.0
  0
SPLINE
  5
1DF
330
1F
100
AcDbEntity
  8
Camada 1
100
AcDbSpline
210
0.0
220
0.0
230
1.0
 70
    11
 71
     3
 72
    16
 73
    12
 74
     0
 42
0.0000000001
 43
0.0000000001
 12
1.0
 22
0.0
 32
0.0
 13
1.0
 23
0.0
 33
0.0
 40
0.0
 40
0.0
 40
0.0
 40
0.0
 40
0.25
 40
0.25
 40
0.25
 40
0.25
 40
0.5
 40
0.5
 40
0.5
 40
0.5
 40
1.0
 40
1.0
 40
1.0
 40
1.0
 10
-1.71484
 20
-8.37635
 30
0.0
 10
-1.65981
 20
-8.36224
 30
0.0
 10
-1.64182
 20
-8.42856
 30
0.0
 10
-1.61042
 20
-8.45855
 30
0.0
 10
-1.61042
 20
-8.45855
 30
0.0
 10
-1.65064
 20
-8.46983
 30
0.0
 10
-1.70074
 20
-8.52345
 30
0.0
 10
-1.73743
 20
-8.47372
 30
0.0
 10
-1.73743
 20
-8.47372
 30
0.0
 10
-1.78964
 20
-8.45255
 30
0.0
 10
-1.73389
 20
-8.39998
 30
0.0
 10
-1.71484
 20
-8.37635
 30
0.0
  0
SPLINE
  5
1E0
330
1F
100
AcDbEntity
  8
Camada 1
100
AcDbSpline
210
0.0
220
0.0
230
1.0
 70
    11
 71
     3
 72
    20
 73
    16
 74
     0
 42
0.0000000001
 43
0.0000000001
 12
1.0
 22
0.0
 32
0.0
 13
1.0
 23
0.0
 33
0.0
 40
0.0
 40
0.0
 40
0.0
 40
0.0
 40
0.2
 40
0.2
 40
0.2
 40
0.2
 40
0.4
 40
0.4
 40
0.4
 40
0.4
 40
0.6
 40
0.6
 40
0.6
 40
0.6
 40
1.0
 40
1.0
 40
1.0
 40
1.0
 10
-0.4265
 20
-8.43104
 30
0.0
 10
-0.40145
 20
-8.40951
 30
0.0
 10
-0.3757
 20
-8.38941
 30
0.0
 10
-0.3489
 20
-8.36999
 30
0.0
 10
-0.3489
 20
-8.36999
 30
0.0
 10
-0.32066
 20
-8.39045
 30
0.0
 10
-0.29669
 20
-8.4155
 30
0.0
 10
-0.27199
 20
-8.44055
 30
0.0
 10
-0.27199
 20
-8.44055
 30
0.0
 10
-0.2981
 20
-8.46454
 30
0.0
 10
-0.32419
 20
-8.48888
 30
0.0
 10
-0.35031
 20
-8.51358
 30
0.0
 10
-0.35031
 20
-8.51358
 30
0.0
 10
-0.3757
 20
-8.48571
 30
0.0
 10
-0.40111
 20
-8.45819
 30
0.0
 10
-0.4265
 20
-8.43104
 30
0.0
  0
SPLINE
  5
1E1
330
1F
100
AcDbEntity
  8
Camada 1
100
AcDbSpline
210
0.0
220
0.0
230
1.0
 70
    11
 71
     3
 72
    20
 73
    16
 74
     0
 42
0.0000000001
 43
0.0000000001
 12
1.0
 22
0.0
 32
0.0
 13
1.0
 23
0.0
 33
0.0
 40
0.0
 40
0.0
 40
0.0
 40
0.0
 40
0.2
 40
0.2
 40
0.2
 40
0.2
 40
0.4
 40
0.4
 40
0.4
 40
0.4
 40
0.6
 40
0.6
 40
0.6
 40
0.6
 40
1.0
 40
1.0
 40
1.0
 40
1.0
 10
0.23459
 20
-8.43104
 30
0.0
 10
0.26141
 20
-8.40809
 30
0.0
 10
0.28963
 20
-8.38694
 30
0.0
 10
0.31855
 20
-8.36719
 30
0.0
 10
0.31855
 20
-8.36719
 30
0.0
 10
0.34819
 20
-8.38729
 30
0.0
 10
0.37677
 20
-8.4088
 30
0.0
 10
0.40428
 20
-8.43244
 30
0.0
 10
0.40428
 20
-8.43244
 30
0.0
 10
0.37606
 20
-8.45397
 30
0.0
 10
0.34783
 20
-8.47514
 30
0.0
 10
0.31925
 20
-8.49629
 30
0.0
 10
0.31925
 20
-8.49629
 30
0.0
 10
0.28999
 20
-8.47548
 30
0.0
 10
0.26175
 20
-8.45361
 30
0.0
 10
0.23459
 20
-8.43104
 30
0.0
  0
SPLINE
  5
1E2
330
1F
100
AcDbEntity
  8
Camada 1
100
AcDbSpline
210
0.0
220
0.0
230
1.0
 70
    11
 71
     3
 72
    16
 73
    12
 74
     0
 42
0.0000000001
 43
0.0000000001
 12
1.0
 22
0.0
 32
0.0
 13
1.0
 23
0.0
 33
0.0
 40
0.0
 40
0.0
 40
0.0
 40
0.0
 40
0.25
 40
0.25
 40
0.25
 40
0.25
 40
0.5
 40
0.5
 40
0.5
 40
0.5
 40
1.0
 40
1.0
 40
1.0
 40
1.0
 10
1.57797
 20
-8.4335
 30
0.0
 10
1.61395
 20
-8.40563
 30
0.0
 10
1.65064
 20
-8.37847
 30
0.0
 10
1.68804
 20
-8.35201
 30
0.0
 10
1.68804
 20
-8.35201
 30
0.0
 10
1.7145
 20
-8.39998
 30
0.0
 10
1.74025
 20
-8.46137
 30
0.0
 10
1.68063
 20
-8.49806
 30
0.0
 10
1.68063
 20
-8.49806
 30
0.0
 10
1.64287
 20
-8.48254
 30
0.0
 10
1.61113
 20
-8.45609
 30
0.0
 10
1.57797
 20
-8.4335
 30
0.0
  0
SPLINE
  5
1E3
330
1F
100
AcDbEntity
  8
Camada 1
100
AcDbSpline
210
0.0
220
0.0
230
1.0
 70
    11
 71
     3
 72
    20
 73
    16
 74
     0
 42
0.0000000001
 43
0.0000000001
 12
1.0
 22
0.0
 32
0.0
 13
1.0
 23
0.0
 33
0.0
 40
0.0
 40
0.0
 40
0.0
 40
0.0
 40
0.2
 40
0.2
 40
0.2
 40
0.2
 40
0.4
 40
0.4
 40
0.4
 40
0.4
 40
0.6
 40
0.6
 40
0.6
 40
0.6
 40
1.0
 40
1.0
 40
1.0
 40
1.0
 10
0.14605
 20
-8.51853
 30
0.0
 10
0.17392
 20
-8.54674
 30
0.0
 10
0.20143
 20
-8.57425
 30
0.0
 10
0.2293
 20
-8.60319
 30
0.0
 10
0.2293
 20
-8.60319
 30
0.0
 10
0.19897
 20
-8.62753
 30
0.0
 10
0.16932
 20
-8.65221
 30
0.0
 10
0.13935
 20
-8.67728
 30
0.0
 10
0.13935
 20
-8.67728
 30
0.0
 10
0.12135
 20
-8.65046
 30
0.0
 10
0.10159
 20
-8.62507
 30
0.0
 10
0.08678
 20
-8.59683
 30
0.0
 10
0.08678
 20
-8.59683
 30
0.0
 10
0.10583
 20
-8.57003
 30
0.0
 10
0.12559
 20
-8.54392
 30
0.0
 10
0.14605
 20
-8.51853
 30
0.0
  0
SPLINE
  5
1E4
330
1F
100
AcDbEntity
  8
Camada 1
100
AcDbSpline
210
0.0
220
0.0
230
1.0
 70
    11
 71
     3
 72
    20
 73
    16
 74
     0
 42
0.0000000001
 43
0.0000000001
 12
1.0
 22
0.0
 32
0.0
 13
1.0
 23
0.0
 33
0.0
 40
0.0
 40
0.0
 40
0.0
 40
0.0
 40
0.2
 40
0.2
 40
0.2
 40
0.2
 40
0.4
 40
0.4
 40
0.4
 40
0.4
 40
0.6
 40
0.6
 40
0.6
 40
0.6
 40
1.0
 40
1.0
 40
1.0
 40
1.0
 10
1.7586
 20
-8.60107
 30
0.0
 10
1.78187
 20
-8.57425
 30
0.0
 10
1.80552
 20
-8.54779
 30
0.0
 10
1.82915
 20
-8.5217
 30
0.0
 10
1.82915
 20
-8.5217
 30
0.0
 10
1.85454
 20
-8.54779
 30
0.0
 10
1.88029
 20
-8.57425
 30
0.0
 10
1.90605
 20
-8.60071
 30
0.0
 10
1.90605
 20
-8.60071
 30
0.0
 10
1.87959
 20
-8.62541
 30
0.0
 10
1.85349
 20
-8.64975
 30
0.0
 10
1.82703
 20
-8.67445
 30
0.0
 10
1.82703
 20
-8.67445
 30
0.0
 10
1.80974
 20
-8.65611
 30
0.0
 10
1.77587
 20
-8.61942
 30
0.0
 10
1.7586
 20
-8.60107
 30
0.0
  0
SPLINE
  5
1E5
330
1F
100
AcDbEntity
  8
Camada 1
100
AcDbSpline
210
0.0
220
0.0
230
1.0
 70
    11
 71
     3
 72
    16
 73
    12
 74
     0
 42
0.0000000001
 43
0.0000000001
 12
1.0
 22
0.0
 32
0.0
 13
1.0
 23
0.0
 33
0.0
 40
0.0
 40
0.0
 40
0.0
 40
0.0
 40
0.25
 40
0.25
 40
0.25
 40
0.25
 40
0.5
 40
0.5
 40
0.5
 40
0.5
 40
1.0
 40
1.0
 40
1.0
 40
1.0
 10
-1.90746
 20
-8.64023
 30
0.0
 10
-1.95686
 20
-8.59966
 30
0.0
 10
-1.88841
 20
-8.55909
 30
0.0
 10
-1.86055
 20
-8.53157
 30
0.0
 10
-1.86055
 20
-8.53157
 30
0.0
 10
-1.83409
 20
-8.55839
 30
0.0
 10
-1.80764
 20
-8.58519
 30
0.0
 10
-1.78118
 20
-8.61235
 30
0.0
 10
-1.78118
 20
-8.61235
 30
0.0
 10
-1.82316
 20
-8.63564
 30
0.0
 10
-1.87042
 20
-8.70866
 30
0.0
 10
-1.90746
 20
-8.64023
 30
0.0
  0
SPLINE
  5
1E6
330
1F
100
AcDbEntity
  8
Camada 1
100
AcDbSpline
210
0.0
220
0.0
230
1.0
 70
    11
 71
     3
 72
    12
 73
     8
 74
     0
 42
0.0000000001
 43
0.0000000001
 12
1.0
 22
0.0
 32
0.0
 13
1.0
 23
0.0
 33
0.0
 40
0.0
 40
0.0
 40
0.0
 40
0.0
 40
0.3333333333333333
 40
0.3333333333333333
 40
0.3333333333333333
 40
0.3333333333333333
 40
1.0
 40
1.0
 40
1.0
 40
1.0
 10
-0.19755
 20
-8.55098
 30
0.0
 10
-0.15346
 20
-8.52311
 30
0.0
 10
-0.08254
 20
-8.60777
 30
0.0
 10
-0.13757
 20
-8.64481
 30
0.0
 10
-0.13757
 20
-8.64481
 30
0.0
 10
-0.19897
 20
-8.72559
 30
0.0
 10
-0.29598
 20
-8.5732
 30
0.0
 10
-0.19755
 20
-8.55098
 30
0.0
  0
SPLINE
  5
1E7
330
1F
100
AcDbEntity
  8
Camada 1
100
AcDbSpline
210
0.0
220
0.0
230
1.0
 70
    11
 71
     3
 72
    12
 73
     8
 74
     0
 42
0.0000000001
 43
0.0000000001
 12
1.0
 22
0.0
 32
0.0
 13
1.0
 23
0.0
 33
0.0
 40
0.0
 40
0.0
 40
0.0
 40
0.0
 40
0.3333333333333333
 40
0.3333333333333333
 40
0.3333333333333333
 40
0.3333333333333333
 40
1.0
 40
1.0
 40
1.0
 40
1.0
 10
-0.02892
 20
-8.68856
 30
0.0
 10
0.01905
 20
-8.67022
 30
0.0
 10
0.05186
 20
-8.75135
 30
0.0
 10
-0.00246
 20
-8.76299
 30
0.0
 10
-0.00246
 20
-8.76299
 30
0.0
 10
-0.05045
 20
-8.78029
 30
0.0
 10
-0.08536
 20
-8.69879
 30
0.0
 10
-0.02892
 20
-8.68856
 30
0.0
  0
ENDSEC
  0
SECTION
  2
OBJECTS
  0
DICTIONARY
  5
C
330
0
100
AcDbDictionary
281
     1
  3
ACAD_GROUP
350
D
  3
ACAD_LAYOUT
350
1A
  3
ACAD_MATERIAL
350
3B
  3
ACAD_MLEADERSTYLE
350
209
  3
ACAD_MLINESTYLE
350
17
  3
ACAD_PLOTSETTINGS
350
19
  3
ACAD_PLOTSTYLENAME
350
E
  3
ACAD_TABLESTYLE
350
208
  3
ACAD_VISUALSTYLE
350
2A
  0
DICTIONARY
  5
D
102
{ACAD_REACTORS
330
C
102
}
330
C
100
AcDbDictionary
281
     1
  0
DICTIONARY
  5
1A
102
{ACAD_REACTORS
330
C
102
}
330
C
100
AcDbDictionary
281
     1
  3
Layout1
350
1E
  3
Layout2
350
26
  3
Model
350
22
  0
DICTIONARY
  5
3B
102
{ACAD_REACTORS
330
C
102
}
330
C
100
AcDbDictionary
281
     1
  3
ByBlock
350
3D
  3
ByLayer
350
3C
  3
Global
350
3E
  0
DICTIONARY
  5
209
102
{ACAD_REACTORS
330
C
102
}
330
C
100
AcDbDictionary
281
     1
  0
DICTIONARY
  5
17
102
{ACAD_REACTORS
330
C
102
}
330
C
100
AcDbDictionary
281
     1
  3
Standard
350
18
  0
DICTIONARY
  5
19
102
{ACAD_REACTORS
330
C
102
}
330
C
100
AcDbDictionary
281
     1
  0
ACDBDICTIONARYWDFLT
  5
E
102
{ACAD_REACTORS
330
C
102
}
330
C
100
AcDbDictionary
281
     1
  3
Normal
350
F
100
AcDbDictionaryWithDefault
340
F
  0
DICTIONARY
  5
208
102
{ACAD_REACTORS
330
C
102
}
330
C
100
AcDbDictionary
281
     1
  0
DICTIONARY
  5
2A
102
{ACAD_REACTORS
330
C
102
}
330
C
100
AcDbDictionary
281
     1
  3
2dWireframe
350
2F
  3
3D Hidden
350
31
  3
3dWireframe
350
30
  3
Basic
350
32
  3
Brighten
350
36
  3
ColorChange
350
3A
  3
Conceptual
350
34
  3
Dim
350
35
  3
Facepattern
350
39
  3
Flat
350
2B
  3
FlatWithEdges
350
2C
  3
Gouraud
350
2D
  3
GouraudWithEdges
350
2E
  3
Linepattern
350
38
  3
Realistic
350
33
  3
Thicken
350
37
  0
LAYOUT
  5
1E
102
{ACAD_REACTORS
330
1A
102
}
330
1A
100
AcDbPlotSettings
  1

  2
none_device
  4

  6

 40
0.0
 41
0.0
 42
0.0
 43
0.0
 44
0.0
 45
0.0
 46
0.0
 47
0.0
 48
0.0
 49
0.0
140
0.0
141
0.0
142
1.0
143
1.0
 70
   688
 72
     0
 73
     0
 74
     5
  7

 75
    16
 76
     0
 77
     2
 78
   300
147
1.0
148
0.0
149
0.0
100
AcDbLayout
  1
Layout1
 70
     1
 71
     1
 10
0.0
 20
0.0
 11
12.0
 21
9.0
 12
0.0
 22
0.0
 32
0.0
 14
1.000000000000000E+20
 24
1.000000000000000E+20
 34
1.000000000000000E+20
 15
-1.000000000000000E+20
 25
-1.000000000000000E+20
 35
-1.000000000000000E+20
146
0.0
 13
0.0
 23
0.0
 33
0.0
 16
1.0
 26
0.0
 36
0.0
 17
0.0
 27
1.0
 37
0.0
 76
     0
330
1B
  0
LAYOUT
  5
26
102
{ACAD_REACTORS
330
1A
102
}
330
1A
100
AcDbPlotSettings
  1

  2
none_device
  4

  6

 40
0.0
 41
0.0
 42
0.0
 43
0.0
 44
0.0
 45
0.0
 46
0.0
 47
0.0
 48
0.0
 49
0.0
140
0.0
141
0.0
142
1.0
143
1.0
 70
   688
 72
     0
 73
     0
 74
     5
  7

 75
    16
 76
     0
 77
     2
 78
   300
147
1.0
148
0.0
149
0.0
100
AcDbLayout
  1
Layout2
 70
     1
 71
     2
 10
0.0
 20
0.0
 11
0.0
 21
0.0
 12
0.0
 22
0.0
 32
0.0
 14
0.0
 24
0.0
 34
0.0
 15
0.0
 25
0.0
 35
0.0
146
0.0
 13
0.0
 23
0.0
 33
0.0
 16
1.0
 26
0.0
 36
0.0
 17
0.0
 27
1.0
 37
0.0
 76
     0
330
23
  0
LAYOUT
  5
22
102
{ACAD_REACTORS
330
1A
102
}
330
1A
100
AcDbPlotSettings
  1

  2
none_device
  4

  6

 40
0.0
 41
0.0
 42
0.0
 43
0.0
 44
0.0
 45
0.0
 46
0.0
 47
0.0
 48
0.0
 49
0.0
140
0.0
141
0.0
142
1.0
143
1.0
 70
  1712
 72
     0
 73
     0
 74
     0
  7

 75
     0
 76
     0
 77
     2
 78
   300
147
1.0
148
0.0
149
0.0
100
AcDbLayout
  1
Model
 70
     1
 71
     0
 10
0.0
 20
0.0
 11
12.0
 21
9.0
 12
0.0
 22
0.0
 32
0.0
 14
-6.37821
 24
-8.7654
 34
0.0
 15
6.36023
 25
8.75735
 35
0.0
146
0.0
 13
0.0
 23
0.0
 33
0.0
 16
1.0
 26
0.0
 36
0.0
 17
0.0
 27
1.0
 37
0.0
 76
     0
330
1F
331
29
  0
MATERIAL
  5
3D
102
{ACAD_REACTORS
330
3B
102
}
330
3B
100
AcDbMaterial
  1
ByBlock
 72
     1
 94
      127
  0
MATERIAL
  5
3C
102
{ACAD_REACTORS
330
3B
102
}
330
3B
100
AcDbMaterial
  1
ByLayer
 72
     1
 94
      127
  0
MATERIAL
  5
3E
102
{ACAD_REACTORS
330
3B
102
}
330
3B
100
AcDbMaterial
  1
Global
 72
     1
 94
      127
  0
MLINESTYLE
  5
18
102
{ACAD_REACTORS
330
17
102
}
330
17
100
AcDbMlineStyle
  2
Standard
 70
     0
  3

 62
   256
 51
90.0
 52
90.0
 71
     2
 49
0.5
 62
   256
  6
BYLAYER
 49
-0.5
 62
   256
  6
BYLAYER
  0
ACDBPLACEHOLDER
  5
F
102
{ACAD_REACTORS
330
E
102
}
330
E
  0
VISUALSTYLE
  5
2F
102
{ACAD_REACTORS
330
2A
102
}
102
{ACAD_XDICTIONARY
360
1F0
102
}
330
2A
100
AcDbVisualStyle
  2
2dWireframe
 70
     4
 71
     0
 72
     2
 73
     0
 90
        0
 40
-0.6
 41
-30.0
 62
     5
 63
     7
421
 16777215
 74
     1
 91
        4
 64
     7
 65
   257
 75
     1
175
     1
 42
1.0
 92
        0
 66
   257
 43
1.0
 76
     1
 77
     6
 78
     2
 67
     7
 79
     5
170
     0
171
     0
290
     0
174
     0
 93
        1
 44
0.0
173
     0
291
     0
 45
0.0
  0
VISUALSTYLE
  5
31
102
{ACAD_REACTORS
330
2A
102
}
102
{ACAD_XDICTIONARY
360
1F4
102
}
330
2A
100
AcDbVisualStyle
  2
3D Hidden
 70
     6
 71
     1
 72
     2
 73
     2
 90
        0
 40
-0.6
 41
-30.0
 62
     5
 63
     7
421
 16777215
 74
     2
 91
        2
 64
     7
 65
   257
 75
     2
175
     1
 42
40.0
 92
        0
 66
   257
 43
1.0
 76
     1
 77
     6
 78
     2
 67
     7
 79
     3
170
     0
171
     0
290
     0
174
     0
 93
        1
 44
0.0
173
     0
291
     0
 45
0.0
  0
VISUALSTYLE
  5
30
102
{ACAD_REACTORS
330
2A
102
}
102
{ACAD_XDICTIONARY
360
1F2
102
}
330
2A
100
AcDbVisualStyle
  2
3dWireframe
 70
     5
 71
     0
 72
     2
 73
     0
 90
        0
 40
-0.6
 41
-30.0
 62
     5
 63
     7
421
 16777215
 74
     1
 91
        4
 64
     7
 65
   257
 75
     1
175
     1
 42
1.0
 92
        0
 66
   257
 43
1.0
 76
     1
 77
     6
 78
     2
 67
     7
 79
     5
170
     0
171
     0
290
     0
174
     0
 93
        1
 44
0.0
173
     0
291
     0
 45
0.0
  0
VISUALSTYLE
  5
32
102
{ACAD_REACTORS
330
2A
102
}
102
{ACAD_XDICTIONARY
360
1F6
102
}
330
2A
100
AcDbVisualStyle
  2
Basic
 70
     7
 71
     1
 72
     0
 73
     1
 90
        0
 40
-0.6
 41
-30.0
 62
     5
 63
     7
421
 16777215
 74
     0
 91
        4
 64
     7
 65
   257
 75
     1
175
     1
 42
1.0
 92
        8
 66
     7
 43
1.0
 76
     1
 77
     6
 78
     2
 67
     7
 79
     5
170
     0
171
     0
290
     0
174
     0
 93
        1
 44
0.0
173
     0
291
     1
 45
0.0
  0
VISUALSTYLE
  5
36
102
{ACAD_REACTORS
330
2A
102
}
102
{ACAD_XDICTIONARY
360
1FE
102
}
330
2A
100
AcDbVisualStyle
  2
Brighten
 70
    12
 71
     2
 72
     2
 73
     0
 90
        0
 40
-0.6
 41
-30.0
 62
     5
 63
     7
421
 16777215
 74
     1
 91
        4
 64
     7
 65
   257
 75
     1
175
     1
 42
1.0
 92
        8
 66
     7
 43
1.0
 76
     1
 77
     6
 78
     2
 67
     7
 79
     5
170
     0
171
     0
290
     0
174
     0
 93
        1
 44
50.0
173
     0
291
     1
 45
0.0
  0
VISUALSTYLE
  5
3A
102
{ACAD_REACTORS
330
2A
102
}
102
{ACAD_XDICTIONARY
360
206
102
}
330
2A
100
AcDbVisualStyle
  2
ColorChange
 70
    16
 71
     2
 72
     2
 73
     3
 90
        0
 40
-0.6
 41
-30.0
 62
     5
 63
     8
421
  8421504
 74
     1
 91
        4
 64
     7
 65
   257
 75
     1
175
     1
 42
1.0
 92
        8
 66
     8
424
  8421504
 43
1.0
 76
     1
 77
     6
 78
     2
 67
     7
 79
     5
170
     0
171
     0
290
     0
174
     0
 93
        1
 44
0.0
173
     0
291
     1
 45
0.0
  0
VISUALSTYLE
  5
34
102
{ACAD_REACTORS
330
2A
102
}
102
{ACAD_XDICTIONARY
360
1FA
102
}
330
2A
100
AcDbVisualStyle
  2
Conceptual
 70
     9
 71
     3
 72
     2
 73
     0
 90
        0
 40
-0.6
 41
-30.0
 62
     5
 63
     7
421
 16777215
 74
     2
 91
        2
 64
     7
 65
   257
 75
     1
175
     1
 42
40.0
 92
        8
 66
     7
 43
1.0
 76
     1
 77
     6
 78
     2
 67
     7
 79
     3
170
     0
171
     0
290
     0
174
     0
 93
        1
 44
0.0
173
     0
291
     0
 45
0.0
  0
VISUALSTYLE
  5
35
102
{ACAD_REACTORS
330
2A
102
}
102
{ACAD_XDICTIONARY
360
1FC
102
}
330
2A
100
AcDbVisualStyle
  2
Dim
 70
    11
 71
     2
 72
     2
 73
     0
 90
        0
 40
-0.6
 41
-30.0
 62
     5
 63
     7
421
 16777215
 74
     1
 91
        4
 64
     7
 65
   257
 75
     1
175
     1
 42
1.0
 92
        8
 66
     7
 43
1.0
 76
     1
 77
     6
 78
     2
 67
     7
 79
     5
170
     0
171
     0
290
     0
174
     0
 93
        1
 44
-50.0
173
     0
291
     1
 45
0.0
  0
VISUALSTYLE
  5
39
102
{ACAD_REACTORS
330
2A
102
}
102
{ACAD_XDICTIONARY
360
204
102
}
330
2A
100
AcDbVisualStyle
  2
Facepattern
 70
    15
 71
     2
 72
     2
 73
     0
 90
        0
 40
-0.6
 41
-30.0
 62
     5
 63
     7
421
 16777215
 74
     1
 91
        4
 64
     7
 65
   257
 75
     1
175
     1
 42
1.0
 92
        8
 66
     7
 43
1.0
 76
     1
 77
     6
 78
     2
 67
     7
 79
     5
170
     0
171
     0
290
     0
174
     0
 93
        1
 44
0.0
173
     0
291
     1
 45
0.0
  0
VISUALSTYLE
  5
2B
102
{ACAD_REACTORS
330
2A
102
}
102
{ACAD_XDICTIONARY
360
1E8
102
}
330
2A
100
AcDbVisualStyle
  2
Flat
 70
     0
 71
     2
 72
     1
 73
     1
 90
        2
 40
-0.6
 41
30.0
 62
     5
 63
     7
421
 16777215
 74
     0
 91
        4
 64
     7
 65
   257
 75
     1
175
     1
 42
1.0
 92
        8
 66
     7
 43
1.0
 76
     1
 77
     6
 78
     2
 67
     7
 79
     5
170
     0
171
     0
290
     0
174
     0
 93
       13
 44
0.0
173
     0
291
     1
 45
0.0
  0
VISUALSTYLE
  5
2C
102
{ACAD_REACTORS
330
2A
102
}
102
{ACAD_XDICTIONARY
360
1EA
102
}
330
2A
100
AcDbVisualStyle
  2
FlatWithEdges
 70
     1
 71
     2
 72
     1
 73
     1
 90
        2
 40
-0.6
 41
30.0
 62
     5
 63
     7
421
 16777215
 74
     1
 91
        4
 64
     7
 65
   257
 75
     1
175
     1
 42
1.0
 92
        0
 66
   257
 43
1.0
 76
     1
 77
     6
 78
     2
 67
     7
 79
     5
170
     0
171
     0
290
     0
174
     0
 93
       13
 44
0.0
173
     0
291
     1
 45
0.0
  0
VISUALSTYLE
  5
2D
102
{ACAD_REACTORS
330
2A
102
}
102
{ACAD_XDICTIONARY
360
1EC
102
}
330
2A
100
AcDbVisualStyle
  2
Gouraud
 70
     2
 71
     2
 72
     2
 73
     1
 90
        2
 40
-0.6
 41
30.0
 62
     5
 63
     7
421
 16777215
 74
     0
 91
        4
 64
     7
 65
   257
 75
     1
175
     1
 42
1.0
 92
        0
 66
     7
 43
1.0
 76
     1
 77
     6
 78
     2
 67
     7
 79
     5
170
     0
171
     0
290
     0
174
     0
 93
       13
 44
0.0
173
     0
291
     1
 45
0.0
  0
VISUALSTYLE
  5
2E
102
{ACAD_REACTORS
330
2A
102
}
102
{ACAD_XDICTIONARY
360
1EE
102
}
330
2A
100
AcDbVisualStyle
  2
GouraudWithEdges
 70
     3
 71
     2
 72
     2
 73
     1
 90
        2
 40
-0.6
 41
30.0
 62
     5
 63
     7
421
 16777215
 74
     1
 91
        4
 64
     7
 65
   257
 75
     1
175
     1
 42
1.0
 92
        0
 66
   257
 43
1.0
 76
     1
 77
     6
 78
     2
 67
     7
 79
     5
170
     0
171
     0
290
     0
174
     0
 93
       13
 44
0.0
173
     0
291
     1
 45
0.0
  0
VISUALSTYLE
  5
38
102
{ACAD_REACTORS
330
2A
102
}
102
{ACAD_XDICTIONARY
360
202
102
}
330
2A
100
AcDbVisualStyle
  2
Linepattern
 70
    14
 71
     2
 72
     2
 73
     0
 90
        0
 40
-0.6
 41
-30.0
 62
     5
 63
     7
421
 16777215
 74
     1
 91
        4
 64
     7
 65
   257
 75
     7
175
     7
 42
1.0
 92
        8
 66
     7
 43
1.0
 76
     1
 77
     6
 78
     2
 67
     7
 79
     5
170
     0
171
     0
290
     0
174
     0
 93
        1
 44
0.0
173
     0
291
     1
 45
0.0
  0
VISUALSTYLE
  5
33
102
{ACAD_REACTORS
330
2A
102
}
102
{ACAD_XDICTIONARY
360
1F8
102
}
330
2A
100
AcDbVisualStyle
  2
Realistic
 70
     8
 71
     2
 72
     2
 73
     0
 90
        0
 40
-0.6
 41
-30.0
 62
     5
 63
     7
421
 16777215
 74
     1
 91
        0
 64
     7
 65
   257
 75
     1
175
     1
 42
1.0
 92
        8
 66
     8
424
  7895160
 43
1.0
 76
     1
 77
     6
 78
     2
 67
     7
 79
     5
170
     0
171
     0
290
     0
174
     0
 93
       13
 44
0.0
173
     0
291
     0
 45
0.0
  0
VISUALSTYLE
  5
37
102
{ACAD_REACTORS
330
2A
102
}
102
{ACAD_XDICTIONARY
360
200
102
}
330
2A
100
AcDbVisualStyle
  2
Thicken
 70
    13
 71
     2
 72
     2
 73
     0
 90
        0
 40
-0.6
 41
-30.0
 62
     5
 63
     7
421
 16777215
 74
     1
 91
        4
 64
     7
 65
   257
 75
     1
175
     1
 42
1.0
 92
       12
 66
     7
 43
1.0
 76
     1
 77
     6
 78
     2
 67
     7
 79
     5
170
     0
171
     0
290
     0
174
     0
 93
        1
 44
0.0
173
     0
291
     1
 45
0.0
  0
DICTIONARY
  5
1F0
330
2F
100
AcDbDictionary
280
     1
281
     1
  3
ACAD_XREC_ROUNDTRIP
360
1F1
  0
DICTIONARY
  5
1F4
330
31
100
AcDbDictionary
280
     1
281
     1
  3
ACAD_XREC_ROUNDTRIP
360
1F5
  0
DICTIONARY
  5
1F2
330
30
100
AcDbDictionary
280
     1
281
     1
  3
ACAD_XREC_ROUNDTRIP
360
1F3
  0
DICTIONARY
  5
1F6
330
32
100
AcDbDictionary
280
     1
281
     1
  3
ACAD_XREC_ROUNDTRIP
360
1F7
  0
DICTIONARY
  5
1FE
330
36
100
AcDbDictionary
280
     1
281
     1
  3
ACAD_XREC_ROUNDTRIP
360
1FF
  0
DICTIONARY
  5
206
330
3A
100
AcDbDictionary
280
     1
281
     1
  3
ACAD_XREC_ROUNDTRIP
360
207
  0
DICTIONARY
  5
1FA
330
34
100
AcDbDictionary
280
     1
281
     1
  3
ACAD_XREC_ROUNDTRIP
360
1FB
  0
DICTIONARY
  5
1FC
330
35
100
AcDbDictionary
280
     1
281
     1
  3
ACAD_XREC_ROUNDTRIP
360
1FD
  0
DICTIONARY
  5
204
330
39
100
AcDbDictionary
280
     1
281
     1
  3
ACAD_XREC_ROUNDTRIP
360
205
  0
DICTIONARY
  5
1E8
330
2B
100
AcDbDictionary
280
     1
281
     1
  3
ACAD_XREC_ROUNDTRIP
360
1E9
  0
DICTIONARY
  5
1EA
330
2C
100
AcDbDictionary
280
     1
281
     1
  3
ACAD_XREC_ROUNDTRIP
360
1EB
  0
DICTIONARY
  5
1EC
330
2D
100
AcDbDictionary
280
     1
281
     1
  3
ACAD_XREC_ROUNDTRIP
360
1ED
  0
DICTIONARY
  5
1EE
330
2E
100
AcDbDictionary
280
     1
281
     1
  3
ACAD_XREC_ROUNDTRIP
360
1EF
  0
DICTIONARY
  5
202
330
38
100
AcDbDictionary
280
     1
281
     1
  3
ACAD_XREC_ROUNDTRIP
360
203
  0
DICTIONARY
  5
1F8
330
33
100
AcDbDictionary
280
     1
281
     1
  3
ACAD_XREC_ROUNDTRIP
360
1F9
  0
DICTIONARY
  5
200
330
37
100
AcDbDictionary
280
     1
281
     1
  3
ACAD_XREC_ROUNDTRIP
360
201
  0
XRECORD
  5
1F1
102
{ACAD_REACTORS
330
1F0
102
}
330
1F0
100
AcDbXrecord
280
     1
102
RTVSPropertyOp0
 70
     1
102
RTVSPropertyOp1
 70
     1
102
RTVSPropertyOp2
 70
     1
102
RTVSPropertyOp3
 70
     1
102
RTVSPropertyOp4
 70
     1
102
RTVSPropertyOp5
 70
     1
102
RTVSPropertyOp6
 70
     1
102
RTVSPropertyOp7
 70
     1
102
RTVSPropertyOp8
 70
     1
102
RTVSPropertyOp9
 70
     1
102
RTVSPropertyOp10
 70
     1
102
RTVSPropertyOp11
 70
     1
102
RTVSPropertyOp12
 70
     1
102
RTVSPropertyOp13
 70
     1
102
RTVSPropertyOp14
 70
     1
102
RTVSPropertyOp15
 70
     1
102
RTVSPropertyOp16
 70
     1
102
RTVSPropertyOp17
 70
     1
102
RTVSPropertyOp18
 70
     1
102
RTVSPropertyOp19
 70
     1
102
RTVSPropertyOp20
 70
     1
102
RTVSPropertyOp21
 70
     1
102
RTVSPropertyOp22
 70
     1
102
RTVSPropertyOp23
 70
     1
102
RTVSPropertyOp24
 70
     1
102
RTVSPropertyOp25
 70
     1
102
RTVSPropertyOp26
 70
     1
102
RTVSPropertyOp27
 70
     1
102
RTVSPropertyOp28
 70
     1
102
RTVSPropertyOp29
 70
     1
102
RTVSPropertyOp30
 70
     1
102
RTVSPropertyOp31
 70
     1
102
RTVSPropertyOp32
 70
     1
  0
XRECORD
  5
1F5
102
{ACAD_REACTORS
330
1F4
102
}
330
1F4
100
AcDbXrecord
280
     1
102
RTVSPropertyOp0
 70
     1
102
RTVSPropertyOp1
 70
     1
102
RTVSPropertyOp2
 70
     1
102
RTVSPropertyOp3
 70
     1
102
RTVSPropertyOp4
 70
     1
102
RTVSPropertyOp5
 70
     1
102
RTVSPropertyOp6
 70
     1
102
RTVSPropertyOp7
 70
     1
102
RTVSPropertyOp8
 70
     1
102
RTVSPropertyOp9
 70
     1
102
RTVSPropertyOp10
 70
     1
102
RTVSPropertyOp11
 70
     1
102
RTVSPropertyOp12
 70
     1
102
RTVSPropertyOp13
 70
     1
102
RTVSPropertyOp14
 70
     1
102
RTVSPropertyOp15
 70
     1
102
RTVSPropertyOp16
 70
     1
102
RTVSPropertyOp17
 70
     1
102
RTVSPropertyOp18
 70
     1
102
RTVSPropertyOp19
 70
     1
102
RTVSPropertyOp20
 70
     1
102
RTVSPropertyOp21
 70
     1
102
RTVSPropertyOp22
 70
     1
102
RTVSPropertyOp23
 70
     1
102
RTVSPropertyOp24
 70
     1
102
RTVSPropertyOp25
 70
     1
102
RTVSPropertyOp26
 70
     1
102
RTVSPropertyOp27
 70
     1
102
RTVSPropertyOp28
 70
     1
102
RTVSPropertyOp29
 70
     1
102
RTVSPropertyOp30
 70
     1
102
RTVSPropertyOp31
 70
     1
102
RTVSPropertyOp32
 70
     1
  0
XRECORD
  5
1F3
102
{ACAD_REACTORS
330
1F2
102
}
330
1F2
100
AcDbXrecord
280
     1
102
RTVSPropertyOp0
 70
     1
102
RTVSPropertyOp1
 70
     1
102
RTVSPropertyOp2
 70
     1
102
RTVSPropertyOp3
 70
     1
102
RTVSPropertyOp4
 70
     1
102
RTVSPropertyOp5
 70
     1
102
RTVSPropertyOp6
 70
     1
102
RTVSPropertyOp7
 70
     1
102
RTVSPropertyOp8
 70
     1
102
RTVSPropertyOp9
 70
     1
102
RTVSPropertyOp10
 70
     1
102
RTVSPropertyOp11
 70
     1
102
RTVSPropertyOp12
 70
     1
102
RTVSPropertyOp13
 70
     1
102
RTVSPropertyOp14
 70
     1
102
RTVSPropertyOp15
 70
     1
102
RTVSPropertyOp16
 70
     1
102
RTVSPropertyOp17
 70
     1
102
RTVSPropertyOp18
 70
     1
102
RTVSPropertyOp19
 70
     1
102
RTVSPropertyOp20
 70
     1
102
RTVSPropertyOp21
 70
     1
102
RTVSPropertyOp22
 70
     1
102
RTVSPropertyOp23
 70
     1
102
RTVSPropertyOp24
 70
     1
102
RTVSPropertyOp25
 70
     1
102
RTVSPropertyOp26
 70
     1
102
RTVSPropertyOp27
 70
     1
102
RTVSPropertyOp28
 70
     1
102
RTVSPropertyOp29
 70
     1
102
RTVSPropertyOp30
 70
     1
102
RTVSPropertyOp31
 70
     1
102
RTVSPropertyOp32
 70
     1
  0
XRECORD
  5
1F7
102
{ACAD_REACTORS
330
1F6
102
}
330
1F6
100
AcDbXrecord
280
     1
102
RTVSPropertyOp0
 70
     1
102
RTVSPropertyOp1
 70
     1
102
RTVSPropertyOp2
 70
     1
102
RTVSPropertyOp3
 70
     1
102
RTVSPropertyOp4
 70
     1
102
RTVSPropertyOp5
 70
     1
102
RTVSPropertyOp6
 70
     1
102
RTVSPropertyOp7
 70
     1
102
RTVSPropertyOp8
 70
     1
102
RTVSPropertyOp9
 70
     1
102
RTVSPropertyOp10
 70
     1
102
RTVSPropertyOp11
 70
     1
102
RTVSPropertyOp12
 70
     1
102
RTVSPropertyOp13
 70
     1
102
RTVSPropertyOp14
 70
     1
102
RTVSPropertyOp15
 70
     1
102
RTVSPropertyOp16
 70
     1
102
RTVSPropertyOp17
 70
     1
102
RTVSPropertyOp18
 70
     1
102
RTVSPropertyOp19
 70
     1
102
RTVSPropertyOp20
 70
     1
102
RTVSPropertyOp21
 70
     1
102
RTVSPropertyOp22
 70
     1
102
RTVSPropertyOp23
 70
     1
102
RTVSPropertyOp24
 70
     1
102
RTVSPropertyOp25
 70
     1
102
RTVSPropertyOp26
 70
     1
102
RTVSPropertyOp27
 70
     1
102
RTVSPropertyOp28
 70
     1
102
RTVSPropertyOp29
 70
     1
102
RTVSPropertyOp30
 70
     1
102
RTVSPropertyOp31
 70
     1
102
RTVSPropertyOp32
 70
     1
  0
XRECORD
  5
1FF
102
{ACAD_REACTORS
330
1FE
102
}
330
1FE
100
AcDbXrecord
280
     1
102
RTVSPropertyOp0
 70
     1
102
RTVSPropertyOp1
 70
     1
102
RTVSPropertyOp2
 70
     1
102
RTVSPropertyOp3
 70
     1
102
RTVSPropertyOp4
 70
     1
102
RTVSPropertyOp5
 70
     1
102
RTVSPropertyOp6
 70
     1
102
RTVSPropertyOp7
 70
     1
102
RTVSPropertyOp8
 70
     1
102
RTVSPropertyOp9
 70
     1
102
RTVSPropertyOp10
 70
     1
102
RTVSPropertyOp11
 70
     1
102
RTVSPropertyOp12
 70
     1
102
RTVSPropertyOp13
 70
     1
102
RTVSPropertyOp14
 70
     1
102
RTVSPropertyOp15
 70
     1
102
RTVSPropertyOp16
 70
     1
102
RTVSPropertyOp17
 70
     1
102
RTVSPropertyOp18
 70
     1
102
RTVSPropertyOp19
 70
     1
102
RTVSPropertyOp20
 70
     1
102
RTVSPropertyOp21
 70
     1
102
RTVSPropertyOp22
 70
     1
102
RTVSPropertyOp23
 70
     1
102
RTVSPropertyOp24
 70
     1
102
RTVSPropertyOp25
 70
     1
102
RTVSPropertyOp26
 70
     1
102
RTVSPropertyOp27
 70
     1
102
RTVSPropertyOp28
 70
     1
102
RTVSPropertyOp29
 70
     1
102
RTVSPropertyOp30
 70
     1
102
RTVSPropertyOp31
 70
     1
102
RTVSPropertyOp32
 70
     1
  0
XRECORD
  5
207
102
{ACAD_REACTORS
330
206
102
}
330
206
100
AcDbXrecord
280
     1
102
RTVSPropertyOp0
 70
     1
102
RTVSPropertyOp1
 70
     1
102
RTVSPropertyOp2
 70
     1
102
RTVSPropertyOp3
 70
     1
102
RTVSPropertyOp4
 70
     1
102
RTVSPropertyOp5
 70
     1
102
RTVSPropertyOp6
 70
     1
102
RTVSPropertyOp7
 70
     1
102
RTVSPropertyOp8
 70
     1
102
RTVSPropertyOp9
 70
     1
102
RTVSPropertyOp10
 70
     1
102
RTVSPropertyOp11
 70
     1
102
RTVSPropertyOp12
 70
     1
102
RTVSPropertyOp13
 70
     1
102
RTVSPropertyOp14
 70
     1
102
RTVSPropertyOp15
 70
     1
102
RTVSPropertyOp16
 70
     1
102
RTVSPropertyOp17
 70
     1
102
RTVSPropertyOp18
 70
     1
102
RTVSPropertyOp19
 70
     1
102
RTVSPropertyOp20
 70
     1
102
RTVSPropertyOp21
 70
     1
102
RTVSPropertyOp22
 70
     1
102
RTVSPropertyOp23
 70
     1
102
RTVSPropertyOp24
 70
     1
102
RTVSPropertyOp25
 70
     1
102
RTVSPropertyOp26
 70
     1
102
RTVSPropertyOp27
 70
     1
102
RTVSPropertyOp28
 70
     1
102
RTVSPropertyOp29
 70
     1
102
RTVSPropertyOp30
 70
     1
102
RTVSPropertyOp31
 70
     1
102
RTVSPropertyOp32
 70
     1
  0
XRECORD
  5
1FB
102
{ACAD_REACTORS
330
1FA
102
}
330
1FA
100
AcDbXrecord
280
     1
102
RTVSPropertyOp0
 70
     1
102
RTVSPropertyOp1
 70
     1
102
RTVSPropertyOp2
 70
     1
102
RTVSPropertyOp3
 70
     1
102
RTVSPropertyOp4
 70
     1
102
RTVSPropertyOp5
 70
     1
102
RTVSPropertyOp6
 70
     1
102
RTVSPropertyOp7
 70
     1
102
RTVSPropertyOp8
 70
     1
102
RTVSPropertyOp9
 70
     1
102
RTVSPropertyOp10
 70
     1
102
RTVSPropertyOp11
 70
     1
102
RTVSPropertyOp12
 70
     1
102
RTVSPropertyOp13
 70
     1
102
RTVSPropertyOp14
 70
     1
102
RTVSPropertyOp15
 70
     1
102
RTVSPropertyOp16
 70
     1
102
RTVSPropertyOp17
 70
     1
102
RTVSPropertyOp18
 70
     1
102
RTVSPropertyOp19
 70
     1
102
RTVSPropertyOp20
 70
     1
102
RTVSPropertyOp21
 70
     1
102
RTVSPropertyOp22
 70
     1
102
RTVSPropertyOp23
 70
     1
102
RTVSPropertyOp24
 70
     1
102
RTVSPropertyOp25
 70
     1
102
RTVSPropertyOp26
 70
     1
102
RTVSPropertyOp27
 70
     1
102
RTVSPropertyOp28
 70
     1
102
RTVSPropertyOp29
 70
     1
102
RTVSPropertyOp30
 70
     1
102
RTVSPropertyOp31
 70
     1
102
RTVSPropertyOp32
 70
     1
  0
XRECORD
  5
1FD
102
{ACAD_REACTORS
330
1FC
102
}
330
1FC
100
AcDbXrecord
280
     1
102
RTVSPropertyOp0
 70
     1
102
RTVSPropertyOp1
 70
     1
102
RTVSPropertyOp2
 70
     1
102
RTVSPropertyOp3
 70
     1
102
RTVSPropertyOp4
 70
     1
102
RTVSPropertyOp5
 70
     1
102
RTVSPropertyOp6
 70
     1
102
RTVSPropertyOp7
 70
     1
102
RTVSPropertyOp8
 70
     1
102
RTVSPropertyOp9
 70
     1
102
RTVSPropertyOp10
 70
     1
102
RTVSPropertyOp11
 70
     1
102
RTVSPropertyOp12
 70
     1
102
RTVSPropertyOp13
 70
     1
102
RTVSPropertyOp14
 70
     1
102
RTVSPropertyOp15
 70
     1
102
RTVSPropertyOp16
 70
     1
102
RTVSPropertyOp17
 70
     1
102
RTVSPropertyOp18
 70
     1
102
RTVSPropertyOp19
 70
     1
102
RTVSPropertyOp20
 70
     1
102
RTVSPropertyOp21
 70
     1
102
RTVSPropertyOp22
 70
     1
102
RTVSPropertyOp23
 70
     1
102
RTVSPropertyOp24
 70
     1
102
RTVSPropertyOp25
 70
     1
102
RTVSPropertyOp26
 70
     1
102
RTVSPropertyOp27
 70
     1
102
RTVSPropertyOp28
 70
     1
102
RTVSPropertyOp29
 70
     1
102
RTVSPropertyOp30
 70
     1
102
RTVSPropertyOp31
 70
     1
102
RTVSPropertyOp32
 70
     1
  0
XRECORD
  5
205
102
{ACAD_REACTORS
330
204
102
}
330
204
100
AcDbXrecord
280
     1
102
RTVSPropertyOp0
 70
     1
102
RTVSPropertyOp1
 70
     1
102
RTVSPropertyOp2
 70
     1
102
RTVSPropertyOp3
 70
     1
102
RTVSPropertyOp4
 70
     1
102
RTVSPropertyOp5
 70
     1
102
RTVSPropertyOp6
 70
     1
102
RTVSPropertyOp7
 70
     1
102
RTVSPropertyOp8
 70
     1
102
RTVSPropertyOp9
 70
     1
102
RTVSPropertyOp10
 70
     1
102
RTVSPropertyOp11
 70
     1
102
RTVSPropertyOp12
 70
     1
102
RTVSPropertyOp13
 70
     1
102
RTVSPropertyOp14
 70
     1
102
RTVSPropertyOp15
 70
     1
102
RTVSPropertyOp16
 70
     1
102
RTVSPropertyOp17
 70
     1
102
RTVSPropertyOp18
 70
     1
102
RTVSPropertyOp19
 70
     1
102
RTVSPropertyOp20
 70
     1
102
RTVSPropertyOp21
 70
     1
102
RTVSPropertyOp22
 70
     1
102
RTVSPropertyOp23
 70
     1
102
RTVSPropertyOp24
 70
     1
102
RTVSPropertyOp25
 70
     1
102
RTVSPropertyOp26
 70
     1
102
RTVSPropertyOp27
 70
     1
102
RTVSPropertyOp28
 70
     1
102
RTVSPropertyOp29
 70
     1
102
RTVSPropertyOp30
 70
     1
102
RTVSPropertyOp31
 70
     1
102
RTVSPropertyOp32
 70
     1
  0
XRECORD
  5
1E9
102
{ACAD_REACTORS
330
1E8
102
}
330
1E8
100
AcDbXrecord
280
     1
102
RTVSPropertyOp0
 70
     1
102
RTVSPropertyOp1
 70
     1
102
RTVSPropertyOp2
 70
     1
102
RTVSPropertyOp3
 70
     1
102
RTVSPropertyOp4
 70
     1
102
RTVSPropertyOp5
 70
     1
102
RTVSPropertyOp6
 70
     1
102
RTVSPropertyOp7
 70
     1
102
RTVSPropertyOp8
 70
     1
102
RTVSPropertyOp9
 70
     1
102
RTVSPropertyOp10
 70
     1
102
RTVSPropertyOp11
 70
     1
102
RTVSPropertyOp12
 70
     1
102
RTVSPropertyOp13
 70
     1
102
RTVSPropertyOp14
 70
     1
102
RTVSPropertyOp15
 70
     1
102
RTVSPropertyOp16
 70
     1
102
RTVSPropertyOp17
 70
     1
102
RTVSPropertyOp18
 70
     1
102
RTVSPropertyOp19
 70
     1
102
RTVSPropertyOp20
 70
     1
102
RTVSPropertyOp21
 70
     1
102
RTVSPropertyOp22
 70
     1
102
RTVSPropertyOp23
 70
     1
102
RTVSPropertyOp24
 70
     1
102
RTVSPropertyOp25
 70
     1
102
RTVSPropertyOp26
 70
     1
102
RTVSPropertyOp27
 70
     1
102
RTVSPropertyOp28
 70
     1
102
RTVSPropertyOp29
 70
     1
102
RTVSPropertyOp30
 70
     1
102
RTVSPropertyOp31
 70
     1
102
RTVSPropertyOp32
 70
     1
  0
XRECORD
  5
1EB
102
{ACAD_REACTORS
330
1EA
102
}
330
1EA
100
AcDbXrecord
280
     1
102
RTVSPropertyOp0
 70
     1
102
RTVSPropertyOp1
 70
     1
102
RTVSPropertyOp2
 70
     1
102
RTVSPropertyOp3
 70
     1
102
RTVSPropertyOp4
 70
     1
102
RTVSPropertyOp5
 70
     1
102
RTVSPropertyOp6
 70
     1
102
RTVSPropertyOp7
 70
     1
102
RTVSPropertyOp8
 70
     1
102
RTVSPropertyOp9
 70
     1
102
RTVSPropertyOp10
 70
     1
102
RTVSPropertyOp11
 70
     1
102
RTVSPropertyOp12
 70
     1
102
RTVSPropertyOp13
 70
     1
102
RTVSPropertyOp14
 70
     1
102
RTVSPropertyOp15
 70
     1
102
RTVSPropertyOp16
 70
     1
102
RTVSPropertyOp17
 70
     1
102
RTVSPropertyOp18
 70
     1
102
RTVSPropertyOp19
 70
     1
102
RTVSPropertyOp20
 70
     1
102
RTVSPropertyOp21
 70
     1
102
RTVSPropertyOp22
 70
     1
102
RTVSPropertyOp23
 70
     1
102
RTVSPropertyOp24
 70
     1
102
RTVSPropertyOp25
 70
     1
102
RTVSPropertyOp26
 70
     1
102
RTVSPropertyOp27
 70
     1
102
RTVSPropertyOp28
 70
     1
102
RTVSPropertyOp29
 70
     1
102
RTVSPropertyOp30
 70
     1
102
RTVSPropertyOp31
 70
     1
102
RTVSPropertyOp32
 70
     1
  0
XRECORD
  5
1ED
102
{ACAD_REACTORS
330
1EC
102
}
330
1EC
100
AcDbXrecord
280
     1
102
RTVSPropertyOp0
 70
     1
102
RTVSPropertyOp1
 70
     1
102
RTVSPropertyOp2
 70
     1
102
RTVSPropertyOp3
 70
     1
102
RTVSPropertyOp4
 70
     1
102
RTVSPropertyOp5
 70
     1
102
RTVSPropertyOp6
 70
     1
102
RTVSPropertyOp7
 70
     1
102
RTVSPropertyOp8
 70
     1
102
RTVSPropertyOp9
 70
     1
102
RTVSPropertyOp10
 70
     1
102
RTVSPropertyOp11
 70
     1
102
RTVSPropertyOp12
 70
     1
102
RTVSPropertyOp13
 70
     1
102
RTVSPropertyOp14
 70
     1
102
RTVSPropertyOp15
 70
     1
102
RTVSPropertyOp16
 70
     1
102
RTVSPropertyOp17
 70
     1
102
RTVSPropertyOp18
 70
     1
102
RTVSPropertyOp19
 70
     1
102
RTVSPropertyOp20
 70
     1
102
RTVSPropertyOp21
 70
     1
102
RTVSPropertyOp22
 70
     1
102
RTVSPropertyOp23
 70
     1
102
RTVSPropertyOp24
 70
     1
102
RTVSPropertyOp25
 70
     1
102
RTVSPropertyOp26
 70
     1
102
RTVSPropertyOp27
 70
     1
102
RTVSPropertyOp28
 70
     1
102
RTVSPropertyOp29
 70
     1
102
RTVSPropertyOp30
 70
     1
102
RTVSPropertyOp31
 70
     1
102
RTVSPropertyOp32
 70
     1
  0
XRECORD
  5
1EF
102
{ACAD_REACTORS
330
1EE
102
}
330
1EE
100
AcDbXrecord
280
     1
102
RTVSPropertyOp0
 70
     1
102
RTVSPropertyOp1
 70
     1
102
RTVSPropertyOp2
 70
     1
102
RTVSPropertyOp3
 70
     1
102
RTVSPropertyOp4
 70
     1
102
RTVSPropertyOp5
 70
     1
102
RTVSPropertyOp6
 70
     1
102
RTVSPropertyOp7
 70
     1
102
RTVSPropertyOp8
 70
     1
102
RTVSPropertyOp9
 70
     1
102
RTVSPropertyOp10
 70
     1
102
RTVSPropertyOp11
 70
     1
102
RTVSPropertyOp12
 70
     1
102
RTVSPropertyOp13
 70
     1
102
RTVSPropertyOp14
 70
     1
102
RTVSPropertyOp15
 70
     1
102
RTVSPropertyOp16
 70
     1
102
RTVSPropertyOp17
 70
     1
102
RTVSPropertyOp18
 70
     1
102
RTVSPropertyOp19
 70
     1
102
RTVSPropertyOp20
 70
     1
102
RTVSPropertyOp21
 70
     1
102
RTVSPropertyOp22
 70
     1
102
RTVSPropertyOp23
 70
     1
102
RTVSPropertyOp24
 70
     1
102
RTVSPropertyOp25
 70
     1
102
RTVSPropertyOp26
 70
     1
102
RTVSPropertyOp27
 70
     1
102
RTVSPropertyOp28
 70
     1
102
RTVSPropertyOp29
 70
     1
102
RTVSPropertyOp30
 70
     1
102
RTVSPropertyOp31
 70
     1
102
RTVSPropertyOp32
 70
     1
  0
XRECORD
  5
203
102
{ACAD_REACTORS
330
202
102
}
330
202
100
AcDbXrecord
280
     1
102
RTVSPropertyOp0
 70
     1
102
RTVSPropertyOp1
 70
     1
102
RTVSPropertyOp2
 70
     1
102
RTVSPropertyOp3
 70
     1
102
RTVSPropertyOp4
 70
     1
102
RTVSPropertyOp5
 70
     1
102
RTVSPropertyOp6
 70
     1
102
RTVSPropertyOp7
 70
     1
102
RTVSPropertyOp8
 70
     1
102
RTVSPropertyOp9
 70
     1
102
RTVSPropertyOp10
 70
     1
102
RTVSPropertyOp11
 70
     1
102
RTVSPropertyOp12
 70
     1
102
RTVSPropertyOp13
 70
     1
102
RTVSPropertyOp14
 70
     1
102
RTVSPropertyOp15
 70
     1
102
RTVSPropertyOp16
 70
     1
102
RTVSPropertyOp17
 70
     1
102
RTVSPropertyOp18
 70
     1
102
RTVSPropertyOp19
 70
     1
102
RTVSPropertyOp20
 70
     1
102
RTVSPropertyOp21
 70
     1
102
RTVSPropertyOp22
 70
     1
102
RTVSPropertyOp23
 70
     1
102
RTVSPropertyOp24
 70
     1
102
RTVSPropertyOp25
 70
     1
102
RTVSPropertyOp26
 70
     1
102
RTVSPropertyOp27
 70
     1
102
RTVSPropertyOp28
 70
     1
102
RTVSPropertyOp29
 70
     1
102
RTVSPropertyOp30
 70
     1
102
RTVSPropertyOp31
 70
     1
102
RTVSPropertyOp32
 70
     1
  0
XRECORD
  5
1F9
102
{ACAD_REACTORS
330
1F8
102
}
330
1F8
100
AcDbXrecord
280
     1
102
RTVSPropertyOp0
 70
     1
102
RTVSPropertyOp1
 70
     1
102
RTVSPropertyOp2
 70
     1
102
RTVSPropertyOp3
 70
     1
102
RTVSPropertyOp4
 70
     1
102
RTVSPropertyOp5
 70
     1
102
RTVSPropertyOp6
 70
     1
102
RTVSPropertyOp7
 70
     1
102
RTVSPropertyOp8
 70
     1
102
RTVSPropertyOp9
 70
     1
102
RTVSPropertyOp10
 70
     1
102
RTVSPropertyOp11
 70
     1
102
RTVSPropertyOp12
 70
     1
102
RTVSPropertyOp13
 70
     1
102
RTVSPropertyOp14
 70
     1
102
RTVSPropertyOp15
 70
     1
102
RTVSPropertyOp16
 70
     1
102
RTVSPropertyOp17
 70
     1
102
RTVSPropertyOp18
 70
     1
102
RTVSPropertyOp19
 70
     1
102
RTVSPropertyOp20
 70
     1
102
RTVSPropertyOp21
 70
     1
102
RTVSPropertyOp22
 70
     1
102
RTVSPropertyOp23
 70
     1
102
RTVSPropertyOp24
 70
     1
102
RTVSPropertyOp25
 70
     1
102
RTVSPropertyOp26
 70
     1
102
RTVSPropertyOp27
 70
     1
102
RTVSPropertyOp28
 70
     1
102
RTVSPropertyOp29
 70
     1
102
RTVSPropertyOp30
 70
     1
102
RTVSPropertyOp31
 70
     1
102
RTVSPropertyOp32
 70
     1
  0
XRECORD
  5
201
102
{ACAD_REACTORS
330
200
102
}
330
200
100
AcDbXrecord
280
     1
102
RTVSPropertyOp0
 70
     1
102
RTVSPropertyOp1
 70
     1
102
RTVSPropertyOp2
 70
     1
102
RTVSPropertyOp3
 70
     1
102
RTVSPropertyOp4
 70
     1
102
RTVSPropertyOp5
 70
     1
102
RTVSPropertyOp6
 70
     1
102
RTVSPropertyOp7
 70
     1
102
RTVSPropertyOp8
 70
     1
102
RTVSPropertyOp9
 70
     1
102
RTVSPropertyOp10
 70
     1
102
RTVSPropertyOp11
 70
     1
102
RTVSPropertyOp12
 70
     1
102
RTVSPropertyOp13
 70
     1
102
RTVSPropertyOp14
 70
     1
102
RTVSPropertyOp15
 70
     1
102
RTVSPropertyOp16
 70
     1
102
RTVSPropertyOp17
 70
     1
102
RTVSPropertyOp18
 70
     1
102
RTVSPropertyOp19
 70
     1
102
RTVSPropertyOp20
 70
     1
102
RTVSPropertyOp21
 70
     1
102
RTVSPropertyOp22
 70
     1
102
RTVSPropertyOp23
 70
     1
102
RTVSPropertyOp24
 70
     1
102
RTVSPropertyOp25
 70
     1
102
RTVSPropertyOp26
 70
     1
102
RTVSPropertyOp27
 70
     1
102
RTVSPropertyOp28
 70
     1
102
RTVSPropertyOp29
 70
     1
102
RTVSPropertyOp30
 70
     1
102
RTVSPropertyOp31
 70
     1
102
RTVSPropertyOp32
 70
     1
  0
ENDSEC
  0
EOF
