  0
SECTION
  2
HEADER
  9
$ACADVER
  1
AC1021
  9
$ACADMAINTVER
 70
    25
  9
$DWGCODEPAGE
  3
ANSI_1252
  9
$INSBASE
 10
0.0
 20
0.0
 30
0.0
  9
$EXTMIN
 10
-16.77458
 20
-16.66875
 30
0.0
  9
$EXTMAX
 10
16.77458
 20
16.66875
 30
0.0
  9
$LIMMIN
 10
0.0
 20
0.0
  9
$LIMMAX
 10
12.0
 20
9.0
  9
$ORTHOMODE
 70
     0
  9
$REGENMODE
 70
     1
  9
$FILLMODE
 70
     1
  9
$QTEXTMODE
 70
     0
  9
$MIRRTEXT
 70
     1
  9
$LTSCALE
 40
1.0
  9
$ATTMODE
 70
     1
  9
$TEXTSIZE
 40
0.2
  9
$TRACEWID
 40
0.05
  9
$TEXTSTYLE
  7
Standard
  9
$CLAYER
  8
0
  9
$CELTYPE
  6
ByLayer
  9
$CECOLOR
 62
   256
  9
$CELTSCALE
 40
1.0
  9
$DISPSILH
 70
     0
  9
$DIMSCALE
 40
1.0
  9
$DIMASZ
 40
0.18
  9
$DIMEXO
 40
0.0625
  9
$DIMDLI
 40
0.38
  9
$DIMRND
 40
0.0
  9
$DIMDLE
 40
0.0
  9
$DIMEXE
 40
0.18
  9
$DIMTP
 40
0.0
  9
$DIMTM
 40
0.0
  9
$DIMTXT
 40
0.18
  9
$DIMCEN
 40
0.09
  9
$DIMTSZ
 40
0.0
  9
$DIMTOL
 70
     0
  9
$DIMLIM
 70
     0
  9
$DIMTIH
 70
     1
  9
$DIMTOH
 70
     1
  9
$DIMSE1
 70
     0
  9
$DIMSE2
 70
     0
  9
$DIMTAD
 70
     0
  9
$DIMZIN
 70
     0
  9
$DIMBLK
  1

  9
$DIMASO
 70
     1
  9
$DIMSHO
 70
     1
  9
$DIMPOST
  1

  9
$DIMAPOST
  1

  9
$DIMALT
 70
     0
  9
$DIMALTD
 70
     2
  9
$DIMALTF
 40
25.4
  9
$DIMLFAC
 40
1.0
  9
$DIMTOFL
 70
     0
  9
$DIMTVP
 40
0.0
  9
$DIMTIX
 70
     0
  9
$DIMSOXD
 70
     0
  9
$DIMSAH
 70
     0
  9
$DIMBLK1
  1

  9
$DIMBLK2
  1

  9
$DIMSTYLE
  2
Standard
  9
$DIMCLRD
 70
     0
  9
$DIMCLRE
 70
     0
  9
$DIMCLRT
 70
     0
  9
$DIMTFAC
 40
1.0
  9
$DIMGAP
 40
0.09
  9
$DIMJUST
 70
     0
  9
$DIMSD1
 70
     0
  9
$DIMSD2
 70
     0
  9
$DIMTOLJ
 70
     1
  9
$DIMTZIN
 70
     0
  9
$DIMALTZ
 70
     0
  9
$DIMALTTZ
 70
     0
  9
$DIMUPT
 70
     0
  9
$DIMDEC
 70
     4
  9
$DIMTDEC
 70
     4
  9
$DIMALTU
 70
     2
  9
$DIMALTTD
 70
     2
  9
$DIMTXSTY
  7
Standard
  9
$DIMAUNIT
 70
     0
  9
$DIMADEC
 70
     0
  9
$DIMALTRND
 40
0.0
  9
$DIMAZIN
 70
     0
  9
$DIMDSEP
 70
    46
  9
$DIMATFIT
 70
     3
  9
$DIMFRAC
 70
     0
  9
$DIMLDRBLK
  1

  9
$DIMLUNIT
 70
     2
  9
$DIMLWD
 70
    -2
  9
$DIMLWE
 70
    -2
  9
$DIMTMOVE
 70
     0
  9
$DIMFXL
 40
1.0
  9
$DIMFXLON
 70
     0
  9
$DIMJOGANG
 40
0.7853981633974483
  9
$DIMTFILL
 70
     0
  9
$DIMTFILLCLR
 70
     0
  9
$DIMARCSYM
 70
     0
  9
$DIMLTYPE
  6

  9
$DIMLTEX1
  6

  9
$DIMLTEX2
  6

  9
$LUNITS
 70
     2
  9
$LUPREC
 70
     4
  9
$SKETCHINC
 40
0.1
  9
$FILLETRAD
 40
0.5
  9
$AUNITS
 70
     0
  9
$AUPREC
 70
     0
  9
$MENU
  1
.
  9
$ELEVATION
 40
0.0
  9
$PELEVATION
 40
0.0
  9
$THICKNESS
 40
0.0
  9
$LIMCHECK
 70
     0
  9
$CHAMFERA
 40
0.0
  9
$CHAMFERB
 40
0.0
  9
$CHAMFERC
 40
0.0
  9
$CHAMFERD
 40
0.0
  9
$SKPOLY
 70
     0
  9
$TDCREATE
 40
2457272.921398993
  9
$TDUCREATE
 40
2457273.046398993
  9
$TDUPDATE
 40
2457272.921398993
  9
$TDUUPDATE
 40
2457273.046398993
  9
$TDINDWG
 40
0.0000000116
  9
$TDUSRTIMER
 40
0.0000000116
  9
$USRTIMER
 70
     1
  9
$ANGBASE
 50
0.0
  9
$ANGDIR
 70
     0
  9
$PDMODE
 70
     0
  9
$PDSIZE
 40
0.0
  9
$PLINEWID
 40
0.0
  9
$SPLFRAME
 70
     0
  9
$SPLINETYPE
 70
     6
  9
$SPLINESEGS
 70
     8
  9
$HANDSEED
  5
DA
  9
$SURFTAB1
 70
     6
  9
$SURFTAB2
 70
     6
  9
$SURFTYPE
 70
     6
  9
$SURFU
 70
     6
  9
$SURFV
 70
     6
  9
$UCSBASE
  2

  9
$UCSNAME
  2

  9
$UCSORG
 10
0.0
 20
0.0
 30
0.0
  9
$UCSXDIR
 10
1.0
 20
0.0
 30
0.0
  9
$UCSYDIR
 10
0.0
 20
1.0
 30
0.0
  9
$UCSORTHOREF
  2

  9
$UCSORTHOVIEW
 70
     0
  9
$UCSORGTOP
 10
0.0
 20
0.0
 30
0.0
  9
$UCSORGBOTTOM
 10
0.0
 20
0.0
 30
0.0
  9
$UCSORGLEFT
 10
0.0
 20
0.0
 30
0.0
  9
$UCSORGRIGHT
 10
0.0
 20
0.0
 30
0.0
  9
$UCSORGFRONT
 10
0.0
 20
0.0
 30
0.0
  9
$UCSORGBACK
 10
0.0
 20
0.0
 30
0.0
  9
$PUCSBASE
  2

  9
$PUCSNAME
  2

  9
$PUCSORG
 10
0.0
 20
0.0
 30
0.0
  9
$PUCSXDIR
 10
1.0
 20
0.0
 30
0.0
  9
$PUCSYDIR
 10
0.0
 20
1.0
 30
0.0
  9
$PUCSORTHOREF
  2

  9
$PUCSORTHOVIEW
 70
     0
  9
$PUCSORGTOP
 10
0.0
 20
0.0
 30
0.0
  9
$PUCSORGBOTTOM
 10
0.0
 20
0.0
 30
0.0
  9
$PUCSORGLEFT
 10
0.0
 20
0.0
 30
0.0
  9
$PUCSORGRIGHT
 10
0.0
 20
0.0
 30
0.0
  9
$PUCSORGFRONT
 10
0.0
 20
0.0
 30
0.0
  9
$PUCSORGBACK
 10
0.0
 20
0.0
 30
0.0
  9
$USERI1
 70
     0
  9
$USERI2
 70
     0
  9
$USERI3
 70
     0
  9
$USERI4
 70
     0
  9
$USERI5
 70
     0
  9
$USERR1
 40
0.0
  9
$USERR2
 40
0.0
  9
$USERR3
 40
0.0
  9
$USERR4
 40
0.0
  9
$USERR5
 40
0.0
  9
$WORLDVIEW
 70
     1
  9
$SHADEDGE
 70
     3
  9
$SHADEDIF
 70
    70
  9
$TILEMODE
 70
     1
  9
$MAXACTVP
 70
    64
  9
$PINSBASE
 10
0.0
 20
0.0
 30
0.0
  9
$PLIMCHECK
 70
     0
  9
$PEXTMIN
 10
1.000000000000000E+20
 20
1.000000000000000E+20
 30
1.000000000000000E+20
  9
$PEXTMAX
 10
-1.000000000000000E+20
 20
-1.000000000000000E+20
 30
-1.000000000000000E+20
  9
$PLIMMIN
 10
0.0
 20
0.0
  9
$PLIMMAX
 10
12.0
 20
9.0
  9
$UNITMODE
 70
     0
  9
$VISRETAIN
 70
     1
  9
$PLINEGEN
 70
     0
  9
$PSLTSCALE
 70
     1
  9
$TREEDEPTH
 70
  3020
  9
$CMLSTYLE
  2
Standard
  9
$CMLJUST
 70
     0
  9
$CMLSCALE
 40
1.0
  9
$PROXYGRAPHICS
 70
     1
  9
$MEASUREMENT
 70
     0
  9
$CELWEIGHT
370
    -1
  9
$ENDCAPS
280
     0
  9
$JOINSTYLE
280
     0
  9
$LWDISPLAY
290
     0
  9
$INSUNITS
 70
     5
  9
$HYPERLINKBASE
  1

  9
$STYLESHEET
  1

  9
$XEDIT
290
     1
  9
$CEPSNTYPE
380
     0
  9
$PSTYLEMODE
290
     1
  9
$FINGERPRINTGUID
  2
{6597AC33-349C-49EB-9D59-0BD691A018F2}
  9
$VERSIONGUID
  2
{FAEB1C32-E019-11D5-929B-00C0DF256EC4}
  9
$EXTNAMES
290
     1
  9
$PSVPSCALE
 40
0.0
  9
$OLESTARTUP
290
     0
  9
$SORTENTS
280
   127
  9
$INDEXCTL
280
     0
  9
$HIDETEXT
280
     1
  9
$XCLIPFRAME
290
     0
  9
$HALOGAP
280
     0
  9
$OBSCOLOR
 70
   257
  9
$OBSLTYPE
280
     0
  9
$INTERSECTIONDISPLAY
280
     0
  9
$INTERSECTIONCOLOR
 70
   257
  9
$DIMASSOC
280
     2
  9
$PROJECTNAME
  1

  9
$CAMERADISPLAY
290
     0
  9
$LENSLENGTH
 40
50.0
  9
$CAMERAHEIGHT
 40
0.0
  9
$STEPSPERSEC
 40
2.0
  9
$STEPSIZE
 40
6.0
  9
$3DDWFPREC
 40
2.0
  9
$PSOLWIDTH
 40
0.25
  9
$PSOLHEIGHT
 40
4.0
  9
$LOFTANG1
 40
1.570796326794897
  9
$LOFTANG2
 40
1.570796326794897
  9
$LOFTMAG1
 40
0.0
  9
$LOFTMAG2
 40
0.0
  9
$LOFTPARAM
 70
     7
  9
$LOFTNORMALS
280
     1
  9
$LATITUDE
 40
37.795
  9
$LONGITUDE
 40
-122.394
  9
$NORTHDIRECTION
 40
0.0
  9
$TIMEZONE
 70
 -8000
  9
$LIGHTGLYPHDISPLAY
280
     1
  9
$TILEMODELIGHTSYNCH
280
     1
  9
$CMATERIAL
347
44
  9
$SOLIDHIST
280
     0
  9
$SHOWHIST
280
     1
  9
$DWFFRAME
280
     2
  9
$DGNFRAME
280
     2
  9
$REALWORLDSCALE
290
     1
  9
$INTERFERECOLOR
 62
   256
  9
$CSHADOW
280
     0
  9
$SHADOWPLANELOCATION
 40
0.0
  0
ENDSEC
  0
SECTION
  2
CLASSES
  0
CLASS
  1
ACDBDICTIONARYWDFLT
  2
AcDbDictionaryWithDefault
  3
ObjectDBX Classes
 90
        0
 91
        4
280
     0
281
     0
  0
CLASS
  1
VISUALSTYLE
  2
AcDbVisualStyle
  3
ObjectDBX Classes
 90
     4095
 91
        4
280
     0
281
     0
  0
CLASS
  1
MATERIAL
  2
AcDbMaterial
  3
ObjectDBX Classes
 90
     1153
 91
        4
280
     0
281
     0
  0
CLASS
  1
SCALE
  2
AcDbScale
  3
ObjectDBX Classes
 90
     1153
 91
        4
280
     0
281
     0
  0
CLASS
  1
TABLESTYLE
  2
AcDbTableStyle
  3
ObjectDBX Classes
 90
     4095
 91
        4
280
     0
281
     0
  0
CLASS
  1
MLEADERSTYLE
  2
AcDbMLeaderStyle
  3
ACDB_MLEADERSTYLE_CLASS
 90
     4095
 91
        4
280
     0
281
     0
  0
CLASS
  1
SUN
  2
AcDbSun
  3
SCENEOE
 90
     1153
 91
        4
280
     0
281
     0
  0
CLASS
  1
DICTIONARYVAR
  2
AcDbDictionaryVar
  3
ObjectDBX Classes
 90
        0
 91
        4
280
     0
281
     0
  0
CLASS
  1
CELLSTYLEMAP
  2
AcDbCellStyleMap
  3
ObjectDBX Classes
 90
     1152
 91
        4
280
     0
281
     0
  0
ENDSEC
  0
SECTION
  2
TABLES
  0
TABLE
  2
VPORT
  5
8
330
0
100
AcDbSymbolTable
 70
     1
  0
VPORT
  5
29
330
8
100
AcDbSymbolTableRecord
100
AcDbViewportTableRecord
  2
*Active
 70
     0
 10
0.0
 20
0.0
 11
1.0
 21
1.0
 12
10.42990654205607
 22
4.5
 13
0.0
 23
0.0
 14
0.5
 24
0.5
 15
0.5
 25
0.5
 16
0.0
 26
0.0
 36
1.0
 17
0.0
 27
0.0
 37
0.0
 40
9.0
 41
1.972972972850329
 42
50.0
 43
0.0
 44
0.0
 50
0.0
 51
0.0
 71
     0
 72
   100
 73
     1
 74
     3
 75
     0
 76
     0
 77
     0
 78
     0
281
     0
 65
     1
110
0.0
120
0.0
130
0.0
111
1.0
121
0.0
131
0.0
112
0.0
122
1.0
132
0.0
 79
     0
146
0.0
 60
     3
 61
     5
292
     1
282
     1
141
0.0
142
0.0
 63
   250
361
6D
  0
ENDTAB
  0
TABLE
  2
LTYPE
  5
5
330
0
100
AcDbSymbolTable
 70
     1
  0
LTYPE
  5
14
330
5
100
AcDbSymbolTableRecord
100
AcDbLinetypeTableRecord
  2
ByBlock
 70
     0
  3

 72
    65
 73
     0
 40
0.0
  0
LTYPE
  5
15
330
5
100
AcDbSymbolTableRecord
100
AcDbLinetypeTableRecord
  2
ByLayer
 70
     0
  3

 72
    65
 73
     0
 40
0.0
  0
LTYPE
  5
16
330
5
100
AcDbSymbolTableRecord
100
AcDbLinetypeTableRecord
  2
Continuous
 70
     0
  3
Solid line
 72
    65
 73
     0
 40
0.0
  0
ENDTAB
  0
TABLE
  2
LAYER
  5
2
330
0
100
AcDbSymbolTable
 70
     2
  0
LAYER
  5
10
330
2
100
AcDbSymbolTableRecord
100
AcDbLayerTableRecord
  2
0
 70
     0
 62
     7
  6
Continuous
370
    -3
390
F
347
46
  0
LAYER
  5
6F
330
2
100
AcDbSymbolTableRecord
100
AcDbLayerTableRecord
  2
Layer 1
 70
     0
 62
     7
  6
Continuous
370
    -3
390
F
347
46
  0
ENDTAB
  0
TABLE
  2
STYLE
  5
3
330
0
100
AcDbSymbolTable
 70
     1
  0
STYLE
  5
11
330
3
100
AcDbSymbolTableRecord
100
AcDbTextStyleTableRecord
  2
Standard
 70
     0
 40
0.0
 41
1.0
 50
0.0
 71
     0
 42
0.2
  3
txt
  4

  0
ENDTAB
  0
TABLE
  2
VIEW
  5
6
330
0
100
AcDbSymbolTable
 70
     0
  0
ENDTAB
  0
TABLE
  2
UCS
  5
7
330
0
100
AcDbSymbolTable
 70
     0
  0
ENDTAB
  0
TABLE
  2
APPID
  5
9
330
0
100
AcDbSymbolTable
 70
     3
  0
APPID
  5
12
330
9
100
AcDbSymbolTableRecord
100
AcDbRegAppTableRecord
  2
ACAD
 70
     0
  0
APPID
  5
6E
330
9
100
AcDbSymbolTableRecord
100
AcDbRegAppTableRecord
  2
ODA
 70
     0
  0
APPID
  5
D2
330
9
100
AcDbSymbolTableRecord
100
AcDbRegAppTableRecord
  2
ACAD_MLEADERVER
 70
     0
  0
ENDTAB
  0
TABLE
  2
DIMSTYLE
  5
A
330
0
100
AcDbSymbolTable
 70
     1
100
AcDbDimStyleTable
  0
DIMSTYLE
105
27
330
A
100
AcDbSymbolTableRecord
100
AcDbDimStyleTableRecord
  2
Standard
 70
     0
178
     0
340
11
  0
ENDTAB
  0
TABLE
  2
BLOCK_RECORD
  5
1
330
0
100
AcDbSymbolTable
 70
     1
  0
BLOCK_RECORD
  5
1F
330
1
100
AcDbSymbolTableRecord
100
AcDbBlockTableRecord
  2
*Model_Space
340
22
 70
     0
280
     1
281
     0
  0
BLOCK_RECORD
  5
1B
330
1
100
AcDbSymbolTableRecord
100
AcDbBlockTableRecord
  2
*Paper_Space
340
1E
 70
     0
280
     1
281
     0
  0
BLOCK_RECORD
  5
23
330
1
100
AcDbSymbolTableRecord
100
AcDbBlockTableRecord
  2
*Paper_Space0
340
26
 70
     0
280
     1
281
     0
  0
ENDTAB
  0
ENDSEC
  0
SECTION
  2
BLOCKS
  0
BLOCK
  5
20
330
1F
100
AcDbEntity
  8
0
100
AcDbBlockBegin
  2
*Model_Space
 70
     0
 10
0.0
 20
0.0
 30
0.0
  3
*Model_Space
  1

  0
ENDBLK
  5
21
330
1F
100
AcDbEntity
  8
0
100
AcDbBlockEnd
  0
BLOCK
  5
1C
330
1B
100
AcDbEntity
 67
     1
  8
0
100
AcDbBlockBegin
  2
*Paper_Space
 70
     0
 10
0.0
 20
0.0
 30
0.0
  3
*Paper_Space
  1

  0
ENDBLK
  5
1D
330
1B
100
AcDbEntity
 67
     1
  8
0
100
AcDbBlockEnd
  0
BLOCK
  5
24
330
23
100
AcDbEntity
  8
0
100
AcDbBlockBegin
  2
*Paper_Space0
 70
     0
 10
0.0
 20
0.0
 30
0.0
  3
*Paper_Space0
  1

  0
ENDBLK
  5
25
330
23
100
AcDbEntity
  8
0
100
AcDbBlockEnd
  0
ENDSEC
  0
SECTION
  2
ENTITIES
  0
SPLINE
  5
70
330
1F
100
AcDbEntity
  8
Layer 1
 62
     7
100
AcDbSpline
210
0.0
220
0.0
230
1.0
 70
    11
 71
     3
 72
    24
 73
    20
 74
     0
 42
0.000000001
 43
0.0000000001
 40
0.0
 40
0.0
 40
0.0
 40
0.0
 40
0.1666666666666667
 40
0.1666666666666667
 40
0.1666666666666667
 40
0.1666666666666667
 40
0.3333333333333333
 40
0.3333333333333333
 40
0.3333333333333333
 40
0.3333333333333333
 40
0.5
 40
0.5
 40
0.5
 40
0.5
 40
0.6666666666666666
 40
0.6666666666666666
 40
0.6666666666666666
 40
0.6666666666666666
 40
1.0
 40
1.0
 40
1.0
 40
1.0
 10
-16.77458
 20
16.66875
 30
0.0
 10
-16.77458
 20
16.66875
 30
0.0
 10
16.77458
 20
16.66875
 30
0.0
 10
16.77458
 20
16.66875
 30
0.0
 10
16.77458
 20
16.66875
 30
0.0
 10
16.77458
 20
16.66875
 30
0.0
 10
16.77458
 20
-16.66875
 30
0.0
 10
16.77458
 20
-16.66875
 30
0.0
 10
16.77458
 20
-16.66875
 30
0.0
 10
16.77458
 20
-16.66875
 30
0.0
 10
-16.77458
 20
-16.66875
 30
0.0
 10
-16.77458
 20
-16.66875
 30
0.0
 10
-16.77458
 20
-16.66875
 30
0.0
 10
-16.77458
 20
-16.66875
 30
0.0
 10
-16.77458
 20
16.66875
 30
0.0
 10
-16.77458
 20
16.66875
 30
0.0
 10
-16.77458
 20
16.66875
 30
0.0
 10
-16.77458
 20
16.66875
 30
0.0
 10
-16.77458
 20
16.66875
 30
0.0
 10
-16.77458
 20
16.66875
 30
0.0
  0
SPLINE
  5
71
330
1F
100
AcDbEntity
  8
Layer 1
 62
     7
100
AcDbSpline
210
0.0
220
0.0
230
1.0
 70
    11
 71
     3
 72
  1428
 73
  1424
 74
     0
 42
0.000000001
 43
0.0000000001
 40
0.0
 40
0.0
 40
0.0
 40
0.0
 40
0.0028011204481793
 40
0.0028011204481793
 40
0.0028011204481793
 40
0.0028011204481793
 40
0.0056022408963585
 40
0.0056022408963585
 40
0.0056022408963585
 40
0.0056022408963585
 40
0.0084033613445378
 40
0.0084033613445378
 40
0.0084033613445378
 40
0.0084033613445378
 40
0.0112044817927171
 40
0.0112044817927171
 40
0.0112044817927171
 40
0.0112044817927171
 40
0.0140056022408964
 40
0.0140056022408964
 40
0.0140056022408964
 40
0.0140056022408964
 40
0.0168067226890756
 40
0.0168067226890756
 40
0.0168067226890756
 40
0.0168067226890756
 40
0.0196078431372549
 40
0.0196078431372549
 40
0.0196078431372549
 40
0.0196078431372549
 40
0.0224089635854342
 40
0.0224089635854342
 40
0.0224089635854342
 40
0.0224089635854342
 40
0.0252100840336134
 40
0.0252100840336134
 40
0.0252100840336134
 40
0.0252100840336134
 40
0.0280112044817927
 40
0.0280112044817927
 40
0.0280112044817927
 40
0.0280112044817927
 40
0.030812324929972
 40
0.030812324929972
 40
0.030812324929972
 40
0.030812324929972
 40
0.0336134453781513
 40
0.0336134453781513
 40
0.0336134453781513
 40
0.0336134453781513
 40
0.0364145658263305
 40
0.0364145658263305
 40
0.0364145658263305
 40
0.0364145658263305
 40
0.0392156862745098
 40
0.0392156862745098
 40
0.0392156862745098
 40
0.0392156862745098
 40
0.0420168067226891
 40
0.0420168067226891
 40
0.0420168067226891
 40
0.0420168067226891
 40
0.0448179271708683
 40
0.0448179271708683
 40
0.0448179271708683
 40
0.0448179271708683
 40
0.0476190476190476
 40
0.0476190476190476
 40
0.0476190476190476
 40
0.0476190476190476
 40
0.0504201680672269
 40
0.0504201680672269
 40
0.0504201680672269
 40
0.0504201680672269
 40
0.0532212885154062
 40
0.0532212885154062
 40
0.0532212885154062
 40
0.0532212885154062
 40
0.0560224089635854
 40
0.0560224089635854
 40
0.0560224089635854
 40
0.0560224089635854
 40
0.0588235294117647
 40
0.0588235294117647
 40
0.0588235294117647
 40
0.0588235294117647
 40
0.061624649859944
 40
0.061624649859944
 40
0.061624649859944
 40
0.061624649859944
 40
0.0644257703081232
 40
0.0644257703081232
 40
0.0644257703081232
 40
0.0644257703081232
 40
0.0672268907563025
 40
0.0672268907563025
 40
0.0672268907563025
 40
0.0672268907563025
 40
0.0700280112044818
 40
0.0700280112044818
 40
0.0700280112044818
 40
0.0700280112044818
 40
0.0728291316526611
 40
0.0728291316526611
 40
0.0728291316526611
 40
0.0728291316526611
 40
0.0756302521008403
 40
0.0756302521008403
 40
0.0756302521008403
 40
0.0756302521008403
 40
0.0784313725490196
 40
0.0784313725490196
 40
0.0784313725490196
 40
0.0784313725490196
 40
0.0812324929971989
 40
0.0812324929971989
 40
0.0812324929971989
 40
0.0812324929971989
 40
0.0840336134453782
 40
0.0840336134453782
 40
0.0840336134453782
 40
0.0840336134453782
 40
0.0868347338935574
 40
0.0868347338935574
 40
0.0868347338935574
 40
0.0868347338935574
 40
0.0896358543417367
 40
0.0896358543417367
 40
0.0896358543417367
 40
0.0896358543417367
 40
0.092436974789916
 40
0.092436974789916
 40
0.092436974789916
 40
0.092436974789916
 40
0.0952380952380952
 40
0.0952380952380952
 40
0.0952380952380952
 40
0.0952380952380952
 40
0.0980392156862745
 40
0.0980392156862745
 40
0.0980392156862745
 40
0.0980392156862745
 40
0.1008403361344538
 40
0.1008403361344538
 40
0.1008403361344538
 40
0.1008403361344538
 40
0.1036414565826331
 40
0.1036414565826331
 40
0.1036414565826331
 40
0.1036414565826331
 40
0.1064425770308123
 40
0.1064425770308123
 40
0.1064425770308123
 40
0.1064425770308123
 40
0.1092436974789916
 40
0.1092436974789916
 40
0.1092436974789916
 40
0.1092436974789916
 40
0.1120448179271709
 40
0.1120448179271709
 40
0.1120448179271709
 40
0.1120448179271709
 40
0.1148459383753501
 40
0.1148459383753501
 40
0.1148459383753501
 40
0.1148459383753501
 40
0.1176470588235294
 40
0.1176470588235294
 40
0.1176470588235294
 40
0.1176470588235294
 40
0.1204481792717087
 40
0.1204481792717087
 40
0.1204481792717087
 40
0.1204481792717087
 40
0.123249299719888
 40
0.123249299719888
 40
0.123249299719888
 40
0.123249299719888
 40
0.1260504201680672
 40
0.1260504201680672
 40
0.1260504201680672
 40
0.1260504201680672
 40
0.1288515406162465
 40
0.1288515406162465
 40
0.1288515406162465
 40
0.1288515406162465
 40
0.1316526610644258
 40
0.1316526610644258
 40
0.1316526610644258
 40
0.1316526610644258
 40
0.134453781512605
 40
0.134453781512605
 40
0.134453781512605
 40
0.134453781512605
 40
0.1372549019607843
 40
0.1372549019607843
 40
0.1372549019607843
 40
0.1372549019607843
 40
0.1400560224089636
 40
0.1400560224089636
 40
0.1400560224089636
 40
0.1400560224089636
 40
0.1428571428571428
 40
0.1428571428571428
 40
0.1428571428571428
 40
0.1428571428571428
 40
0.1456582633053221
 40
0.1456582633053221
 40
0.1456582633053221
 40
0.1456582633053221
 40
0.1484593837535014
 40
0.1484593837535014
 40
0.1484593837535014
 40
0.1484593837535014
 40
0.1512605042016807
 40
0.1512605042016807
 40
0.1512605042016807
 40
0.1512605042016807
 40
0.15406162464986
 40
0.15406162464986
 40
0.15406162464986
 40
0.15406162464986
 40
0.1568627450980392
 40
0.1568627450980392
 40
0.1568627450980392
 40
0.1568627450980392
 40
0.1596638655462185
 40
0.1596638655462185
 40
0.1596638655462185
 40
0.1596638655462185
 40
0.1624649859943978
 40
0.1624649859943978
 40
0.1624649859943978
 40
0.1624649859943978
 40
0.165266106442577
 40
0.165266106442577
 40
0.165266106442577
 40
0.165266106442577
 40
0.1680672268907563
 40
0.1680672268907563
 40
0.1680672268907563
 40
0.1680672268907563
 40
0.1708683473389356
 40
0.1708683473389356
 40
0.1708683473389356
 40
0.1708683473389356
 40
0.1736694677871148
 40
0.1736694677871148
 40
0.1736694677871148
 40
0.1736694677871148
 40
0.1764705882352941
 40
0.1764705882352941
 40
0.1764705882352941
 40
0.1764705882352941
 40
0.1792717086834734
 40
0.1792717086834734
 40
0.1792717086834734
 40
0.1792717086834734
 40
0.1820728291316527
 40
0.1820728291316527
 40
0.1820728291316527
 40
0.1820728291316527
 40
0.1848739495798319
 40
0.1848739495798319
 40
0.1848739495798319
 40
0.1848739495798319
 40
0.1876750700280112
 40
0.1876750700280112
 40
0.1876750700280112
 40
0.1876750700280112
 40
0.1904761904761905
 40
0.1904761904761905
 40
0.1904761904761905
 40
0.1904761904761905
 40
0.1932773109243698
 40
0.1932773109243698
 40
0.1932773109243698
 40
0.1932773109243698
 40
0.196078431372549
 40
0.196078431372549
 40
0.196078431372549
 40
0.196078431372549
 40
0.1988795518207283
 40
0.1988795518207283
 40
0.1988795518207283
 40
0.1988795518207283
 40
0.2016806722689076
 40
0.2016806722689076
 40
0.2016806722689076
 40
0.2016806722689076
 40
0.2044817927170868
 40
0.2044817927170868
 40
0.2044817927170868
 40
0.2044817927170868
 40
0.2072829131652661
 40
0.2072829131652661
 40
0.2072829131652661
 40
0.2072829131652661
 40
0.2100840336134454
 40
0.2100840336134454
 40
0.2100840336134454
 40
0.2100840336134454
 40
0.2128851540616246
 40
0.2128851540616246
 40
0.2128851540616246
 40
0.2128851540616246
 40
0.2156862745098039
 40
0.2156862745098039
 40
0.2156862745098039
 40
0.2156862745098039
 40
0.2184873949579832
 40
0.2184873949579832
 40
0.2184873949579832
 40
0.2184873949579832
 40
0.2212885154061625
 40
0.2212885154061625
 40
0.2212885154061625
 40
0.2212885154061625
 40
0.2240896358543417
 40
0.2240896358543417
 40
0.2240896358543417
 40
0.2240896358543417
 40
0.226890756302521
 40
0.226890756302521
 40
0.226890756302521
 40
0.226890756302521
 40
0.2296918767507003
 40
0.2296918767507003
 40
0.2296918767507003
 40
0.2296918767507003
 40
0.2324929971988796
 40
0.2324929971988796
 40
0.2324929971988796
 40
0.2324929971988796
 40
0.2352941176470588
 40
0.2352941176470588
 40
0.2352941176470588
 40
0.2352941176470588
 40
0.2380952380952381
 40
0.2380952380952381
 40
0.2380952380952381
 40
0.2380952380952381
 40
0.2408963585434174
 40
0.2408963585434174
 40
0.2408963585434174
 40
0.2408963585434174
 40
0.2436974789915966
 40
0.2436974789915966
 40
0.2436974789915966
 40
0.2436974789915966
 40
0.2464985994397759
 40
0.2464985994397759
 40
0.2464985994397759
 40
0.2464985994397759
 40
0.2492997198879552
 40
0.2492997198879552
 40
0.2492997198879552
 40
0.2492997198879552
 40
0.2521008403361344
 40
0.2521008403361344
 40
0.2521008403361344
 40
0.2521008403361344
 40
0.2549019607843137
 40
0.2549019607843137
 40
0.2549019607843137
 40
0.2549019607843137
 40
0.257703081232493
 40
0.257703081232493
 40
0.257703081232493
 40
0.257703081232493
 40
0.2605042016806723
 40
0.2605042016806723
 40
0.2605042016806723
 40
0.2605042016806723
 40
0.2633053221288515
 40
0.2633053221288515
 40
0.2633053221288515
 40
0.2633053221288515
 40
0.2661064425770308
 40
0.2661064425770308
 40
0.2661064425770308
 40
0.2661064425770308
 40
0.2689075630252101
 40
0.2689075630252101
 40
0.2689075630252101
 40
0.2689075630252101
 40
0.2717086834733893
 40
0.2717086834733893
 40
0.2717086834733893
 40
0.2717086834733893
 40
0.2745098039215687
 40
0.2745098039215687
 40
0.2745098039215687
 40
0.2745098039215687
 40
0.2773109243697479
 40
0.2773109243697479
 40
0.2773109243697479
 40
0.2773109243697479
 40
0.2801120448179272
 40
0.2801120448179272
 40
0.2801120448179272
 40
0.2801120448179272
 40
0.2829131652661064
 40
0.2829131652661064
 40
0.2829131652661064
 40
0.2829131652661064
 40
0.2857142857142857
 40
0.2857142857142857
 40
0.2857142857142857
 40
0.2857142857142857
 40
0.288515406162465
 40
0.288515406162465
 40
0.288515406162465
 40
0.288515406162465
 40
0.2913165266106443
 40
0.2913165266106443
 40
0.2913165266106443
 40
0.2913165266106443
 40
0.2941176470588235
 40
0.2941176470588235
 40
0.2941176470588235
 40
0.2941176470588235
 40
0.2969187675070028
 40
0.2969187675070028
 40
0.2969187675070028
 40
0.2969187675070028
 40
0.2997198879551821
 40
0.2997198879551821
 40
0.2997198879551821
 40
0.2997198879551821
 40
0.3025210084033613
 40
0.3025210084033613
 40
0.3025210084033613
 40
0.3025210084033613
 40
0.3053221288515406
 40
0.3053221288515406
 40
0.3053221288515406
 40
0.3053221288515406
 40
0.3081232492997199
 40
0.3081232492997199
 40
0.3081232492997199
 40
0.3081232492997199
 40
0.3109243697478992
 40
0.3109243697478992
 40
0.3109243697478992
 40
0.3109243697478992
 40
0.3137254901960784
 40
0.3137254901960784
 40
0.3137254901960784
 40
0.3137254901960784
 40
0.3165266106442577
 40
0.3165266106442577
 40
0.3165266106442577
 40
0.3165266106442577
 40
0.319327731092437
 40
0.319327731092437
 40
0.319327731092437
 40
0.319327731092437
 40
0.3221288515406163
 40
0.3221288515406163
 40
0.3221288515406163
 40
0.3221288515406163
 40
0.3249299719887955
 40
0.3249299719887955
 40
0.3249299719887955
 40
0.3249299719887955
 40
0.3277310924369748
 40
0.3277310924369748
 40
0.3277310924369748
 40
0.3277310924369748
 40
0.3305322128851541
 40
0.3305322128851541
 40
0.3305322128851541
 40
0.3305322128851541
 40
0.3333333333333333
 40
0.3333333333333333
 40
0.3333333333333333
 40
0.3333333333333333
 40
0.3361344537815126
 40
0.3361344537815126
 40
0.3361344537815126
 40
0.3361344537815126
 40
0.3389355742296919
 40
0.3389355742296919
 40
0.3389355742296919
 40
0.3389355742296919
 40
0.3417366946778712
 40
0.3417366946778712
 40
0.3417366946778712
 40
0.3417366946778712
 40
0.3445378151260504
 40
0.3445378151260504
 40
0.3445378151260504
 40
0.3445378151260504
 40
0.3473389355742297
 40
0.3473389355742297
 40
0.3473389355742297
 40
0.3473389355742297
 40
0.3501400560224089
 40
0.3501400560224089
 40
0.3501400560224089
 40
0.3501400560224089
 40
0.3529411764705883
 40
0.3529411764705883
 40
0.3529411764705883
 40
0.3529411764705883
 40
0.3557422969187675
 40
0.3557422969187675
 40
0.3557422969187675
 40
0.3557422969187675
 40
0.3585434173669468
 40
0.3585434173669468
 40
0.3585434173669468
 40
0.3585434173669468
 40
0.361344537815126
 40
0.361344537815126
 40
0.361344537815126
 40
0.361344537815126
 40
0.3641456582633053
 40
0.3641456582633053
 40
0.3641456582633053
 40
0.3641456582633053
 40
0.3669467787114846
 40
0.3669467787114846
 40
0.3669467787114846
 40
0.3669467787114846
 40
0.3697478991596639
 40
0.3697478991596639
 40
0.3697478991596639
 40
0.3697478991596639
 40
0.3725490196078431
 40
0.3725490196078431
 40
0.3725490196078431
 40
0.3725490196078431
 40
0.3753501400560224
 40
0.3753501400560224
 40
0.3753501400560224
 40
0.3753501400560224
 40
0.3781512605042017
 40
0.3781512605042017
 40
0.3781512605042017
 40
0.3781512605042017
 40
0.3809523809523809
 40
0.3809523809523809
 40
0.3809523809523809
 40
0.3809523809523809
 40
0.3837535014005602
 40
0.3837535014005602
 40
0.3837535014005602
 40
0.3837535014005602
 40
0.3865546218487395
 40
0.3865546218487395
 40
0.3865546218487395
 40
0.3865546218487395
 40
0.3893557422969188
 40
0.3893557422969188
 40
0.3893557422969188
 40
0.3893557422969188
 40
0.392156862745098
 40
0.392156862745098
 40
0.392156862745098
 40
0.392156862745098
 40
0.3949579831932773
 40
0.3949579831932773
 40
0.3949579831932773
 40
0.3949579831932773
 40
0.3977591036414566
 40
0.3977591036414566
 40
0.3977591036414566
 40
0.3977591036414566
 40
0.4005602240896359
 40
0.4005602240896359
 40
0.4005602240896359
 40
0.4005602240896359
 40
0.4033613445378151
 40
0.4033613445378151
 40
0.4033613445378151
 40
0.4033613445378151
 40
0.4061624649859944
 40
0.4061624649859944
 40
0.4061624649859944
 40
0.4061624649859944
 40
0.4089635854341737
 40
0.4089635854341737
 40
0.4089635854341737
 40
0.4089635854341737
 40
0.4117647058823529
 40
0.4117647058823529
 40
0.4117647058823529
 40
0.4117647058823529
 40
0.4145658263305322
 40
0.4145658263305322
 40
0.4145658263305322
 40
0.4145658263305322
 40
0.4173669467787115
 40
0.4173669467787115
 40
0.4173669467787115
 40
0.4173669467787115
 40
0.4201680672268908
 40
0.4201680672268908
 40
0.4201680672268908
 40
0.4201680672268908
 40
0.42296918767507
 40
0.42296918767507
 40
0.42296918767507
 40
0.42296918767507
 40
0.4257703081232493
 40
0.4257703081232493
 40
0.4257703081232493
 40
0.4257703081232493
 40
0.4285714285714285
 40
0.4285714285714285
 40
0.4285714285714285
 40
0.4285714285714285
 40
0.4313725490196079
 40
0.4313725490196079
 40
0.4313725490196079
 40
0.4313725490196079
 40
0.4341736694677871
 40
0.4341736694677871
 40
0.4341736694677871
 40
0.4341736694677871
 40
0.4369747899159664
 40
0.4369747899159664
 40
0.4369747899159664
 40
0.4369747899159664
 40
0.4397759103641457
 40
0.4397759103641457
 40
0.4397759103641457
 40
0.4397759103641457
 40
0.4425770308123249
 40
0.4425770308123249
 40
0.4425770308123249
 40
0.4425770308123249
 40
0.4453781512605042
 40
0.4453781512605042
 40
0.4453781512605042
 40
0.4453781512605042
 40
0.4481792717086835
 40
0.4481792717086835
 40
0.4481792717086835
 40
0.4481792717086835
 40
0.4509803921568628
 40
0.4509803921568628
 40
0.4509803921568628
 40
0.4509803921568628
 40
0.453781512605042
 40
0.453781512605042
 40
0.453781512605042
 40
0.453781512605042
 40
0.4565826330532213
 40
0.4565826330532213
 40
0.4565826330532213
 40
0.4565826330532213
 40
0.4593837535014005
 40
0.4593837535014005
 40
0.4593837535014005
 40
0.4593837535014005
 40
0.4621848739495799
 40
0.4621848739495799
 40
0.4621848739495799
 40
0.4621848739495799
 40
0.4649859943977591
 40
0.4649859943977591
 40
0.4649859943977591
 40
0.4649859943977591
 40
0.4677871148459384
 40
0.4677871148459384
 40
0.4677871148459384
 40
0.4677871148459384
 40
0.4705882352941176
 40
0.4705882352941176
 40
0.4705882352941176
 40
0.4705882352941176
 40
0.4733893557422969
 40
0.4733893557422969
 40
0.4733893557422969
 40
0.4733893557422969
 40
0.4761904761904762
 40
0.4761904761904762
 40
0.4761904761904762
 40
0.4761904761904762
 40
0.4789915966386555
 40
0.4789915966386555
 40
0.4789915966386555
 40
0.4789915966386555
 40
0.4817927170868347
 40
0.4817927170868347
 40
0.4817927170868347
 40
0.4817927170868347
 40
0.484593837535014
 40
0.484593837535014
 40
0.484593837535014
 40
0.484593837535014
 40
0.4873949579831933
 40
0.4873949579831933
 40
0.4873949579831933
 40
0.4873949579831933
 40
0.4901960784313725
 40
0.4901960784313725
 40
0.4901960784313725
 40
0.4901960784313725
 40
0.4929971988795518
 40
0.4929971988795518
 40
0.4929971988795518
 40
0.4929971988795518
 40
0.4957983193277311
 40
0.4957983193277311
 40
0.4957983193277311
 40
0.4957983193277311
 40
0.4985994397759104
 40
0.4985994397759104
 40
0.4985994397759104
 40
0.4985994397759104
 40
0.5014005602240896
 40
0.5014005602240896
 40
0.5014005602240896
 40
0.5014005602240896
 40
0.5042016806722689
 40
0.5042016806722689
 40
0.5042016806722689
 40
0.5042016806722689
 40
0.5070028011204482
 40
0.5070028011204482
 40
0.5070028011204482
 40
0.5070028011204482
 40
0.5098039215686274
 40
0.5098039215686274
 40
0.5098039215686274
 40
0.5098039215686274
 40
0.5126050420168067
 40
0.5126050420168067
 40
0.5126050420168067
 40
0.5126050420168067
 40
0.5154061624649859
 40
0.5154061624649859
 40
0.5154061624649859
 40
0.5154061624649859
 40
0.5182072829131653
 40
0.5182072829131653
 40
0.5182072829131653
 40
0.5182072829131653
 40
0.5210084033613446
 40
0.5210084033613446
 40
0.5210084033613446
 40
0.5210084033613446
 40
0.5238095238095238
 40
0.5238095238095238
 40
0.5238095238095238
 40
0.5238095238095238
 40
0.5266106442577031
 40
0.5266106442577031
 40
0.5266106442577031
 40
0.5266106442577031
 40
0.5294117647058824
 40
0.5294117647058824
 40
0.5294117647058824
 40
0.5294117647058824
 40
0.5322128851540616
 40
0.5322128851540616
 40
0.5322128851540616
 40
0.5322128851540616
 40
0.5350140056022409
 40
0.5350140056022409
 40
0.5350140056022409
 40
0.5350140056022409
 40
0.5378151260504201
 40
0.5378151260504201
 40
0.5378151260504201
 40
0.5378151260504201
 40
0.5406162464985994
 40
0.5406162464985994
 40
0.5406162464985994
 40
0.5406162464985994
 40
0.5434173669467787
 40
0.5434173669467787
 40
0.5434173669467787
 40
0.5434173669467787
 40
0.5462184873949579
 40
0.5462184873949579
 40
0.5462184873949579
 40
0.5462184873949579
 40
0.5490196078431373
 40
0.5490196078431373
 40
0.5490196078431373
 40
0.5490196078431373
 40
0.5518207282913166
 40
0.5518207282913166
 40
0.5518207282913166
 40
0.5518207282913166
 40
0.5546218487394958
 40
0.5546218487394958
 40
0.5546218487394958
 40
0.5546218487394958
 40
0.5574229691876751
 40
0.5574229691876751
 40
0.5574229691876751
 40
0.5574229691876751
 40
0.5602240896358543
 40
0.5602240896358543
 40
0.5602240896358543
 40
0.5602240896358543
 40
0.5630252100840336
 40
0.5630252100840336
 40
0.5630252100840336
 40
0.5630252100840336
 40
0.5658263305322129
 40
0.5658263305322129
 40
0.5658263305322129
 40
0.5658263305322129
 40
0.5686274509803921
 40
0.5686274509803921
 40
0.5686274509803921
 40
0.5686274509803921
 40
0.5714285714285714
 40
0.5714285714285714
 40
0.5714285714285714
 40
0.5714285714285714
 40
0.5742296918767507
 40
0.5742296918767507
 40
0.5742296918767507
 40
0.5742296918767507
 40
0.5770308123249299
 40
0.5770308123249299
 40
0.5770308123249299
 40
0.5770308123249299
 40
0.5798319327731093
 40
0.5798319327731093
 40
0.5798319327731093
 40
0.5798319327731093
 40
0.5826330532212886
 40
0.5826330532212886
 40
0.5826330532212886
 40
0.5826330532212886
 40
0.5854341736694678
 40
0.5854341736694678
 40
0.5854341736694678
 40
0.5854341736694678
 40
0.5882352941176471
 40
0.5882352941176471
 40
0.5882352941176471
 40
0.5882352941176471
 40
0.5910364145658263
 40
0.5910364145658263
 40
0.5910364145658263
 40
0.5910364145658263
 40
0.5938375350140056
 40
0.5938375350140056
 40
0.5938375350140056
 40
0.5938375350140056
 40
0.5966386554621849
 40
0.5966386554621849
 40
0.5966386554621849
 40
0.5966386554621849
 40
0.5994397759103641
 40
0.5994397759103641
 40
0.5994397759103641
 40
0.5994397759103641
 40
0.6022408963585434
 40
0.6022408963585434
 40
0.6022408963585434
 40
0.6022408963585434
 40
0.6050420168067226
 40
0.6050420168067226
 40
0.6050420168067226
 40
0.6050420168067226
 40
0.6078431372549019
 40
0.6078431372549019
 40
0.6078431372549019
 40
0.6078431372549019
 40
0.6106442577030813
 40
0.6106442577030813
 40
0.6106442577030813
 40
0.6106442577030813
 40
0.6134453781512605
 40
0.6134453781512605
 40
0.6134453781512605
 40
0.6134453781512605
 40
0.6162464985994398
 40
0.6162464985994398
 40
0.6162464985994398
 40
0.6162464985994398
 40
0.6190476190476191
 40
0.6190476190476191
 40
0.6190476190476191
 40
0.6190476190476191
 40
0.6218487394957983
 40
0.6218487394957983
 40
0.6218487394957983
 40
0.6218487394957983
 40
0.6246498599439776
 40
0.6246498599439776
 40
0.6246498599439776
 40
0.6246498599439776
 40
0.6274509803921569
 40
0.6274509803921569
 40
0.6274509803921569
 40
0.6274509803921569
 40
0.6302521008403361
 40
0.6302521008403361
 40
0.6302521008403361
 40
0.6302521008403361
 40
0.6330532212885154
 40
0.6330532212885154
 40
0.6330532212885154
 40
0.6330532212885154
 40
0.6358543417366946
 40
0.6358543417366946
 40
0.6358543417366946
 40
0.6358543417366946
 40
0.6386554621848739
 40
0.6386554621848739
 40
0.6386554621848739
 40
0.6386554621848739
 40
0.6414565826330533
 40
0.6414565826330533
 40
0.6414565826330533
 40
0.6414565826330533
 40
0.6442577030812325
 40
0.6442577030812325
 40
0.6442577030812325
 40
0.6442577030812325
 40
0.6470588235294118
 40
0.6470588235294118
 40
0.6470588235294118
 40
0.6470588235294118
 40
0.6498599439775911
 40
0.6498599439775911
 40
0.6498599439775911
 40
0.6498599439775911
 40
0.6526610644257703
 40
0.6526610644257703
 40
0.6526610644257703
 40
0.6526610644257703
 40
0.6554621848739496
 40
0.6554621848739496
 40
0.6554621848739496
 40
0.6554621848739496
 40
0.6582633053221288
 40
0.6582633053221288
 40
0.6582633053221288
 40
0.6582633053221288
 40
0.6610644257703081
 40
0.6610644257703081
 40
0.6610644257703081
 40
0.6610644257703081
 40
0.6638655462184874
 40
0.6638655462184874
 40
0.6638655462184874
 40
0.6638655462184874
 40
0.6666666666666666
 40
0.6666666666666666
 40
0.6666666666666666
 40
0.6666666666666666
 40
0.6694677871148459
 40
0.6694677871148459
 40
0.6694677871148459
 40
0.6694677871148459
 40
0.6722689075630253
 40
0.6722689075630253
 40
0.6722689075630253
 40
0.6722689075630253
 40
0.6750700280112045
 40
0.6750700280112045
 40
0.6750700280112045
 40
0.6750700280112045
 40
0.6778711484593838
 40
0.6778711484593838
 40
0.6778711484593838
 40
0.6778711484593838
 40
0.680672268907563
 40
0.680672268907563
 40
0.680672268907563
 40
0.680672268907563
 40
0.6834733893557423
 40
0.6834733893557423
 40
0.6834733893557423
 40
0.6834733893557423
 40
0.6862745098039216
 40
0.6862745098039216
 40
0.6862745098039216
 40
0.6862745098039216
 40
0.6890756302521008
 40
0.6890756302521008
 40
0.6890756302521008
 40
0.6890756302521008
 40
0.6918767507002801
 40
0.6918767507002801
 40
0.6918767507002801
 40
0.6918767507002801
 40
0.6946778711484594
 40
0.6946778711484594
 40
0.6946778711484594
 40
0.6946778711484594
 40
0.6974789915966386
 40
0.6974789915966386
 40
0.6974789915966386
 40
0.6974789915966386
 40
0.7002801120448179
 40
0.7002801120448179
 40
0.7002801120448179
 40
0.7002801120448179
 40
0.7030812324929971
 40
0.7030812324929971
 40
0.7030812324929971
 40
0.7030812324929971
 40
0.7058823529411765
 40
0.7058823529411765
 40
0.7058823529411765
 40
0.7058823529411765
 40
0.7086834733893558
 40
0.7086834733893558
 40
0.7086834733893558
 40
0.7086834733893558
 40
0.711484593837535
 40
0.711484593837535
 40
0.711484593837535
 40
0.711484593837535
 40
0.7142857142857143
 40
0.7142857142857143
 40
0.7142857142857143
 40
0.7142857142857143
 40
0.7170868347338936
 40
0.7170868347338936
 40
0.7170868347338936
 40
0.7170868347338936
 40
0.7198879551820728
 40
0.7198879551820728
 40
0.7198879551820728
 40
0.7198879551820728
 40
0.7226890756302521
 40
0.7226890756302521
 40
0.7226890756302521
 40
0.7226890756302521
 40
0.7254901960784313
 40
0.7254901960784313
 40
0.7254901960784313
 40
0.7254901960784313
 40
0.7282913165266106
 40
0.7282913165266106
 40
0.7282913165266106
 40
0.7282913165266106
 40
0.7310924369747899
 40
0.7310924369747899
 40
0.7310924369747899
 40
0.7310924369747899
 40
0.7338935574229691
 40
0.7338935574229691
 40
0.7338935574229691
 40
0.7338935574229691
 40
0.7366946778711485
 40
0.7366946778711485
 40
0.7366946778711485
 40
0.7366946778711485
 40
0.7394957983193278
 40
0.7394957983193278
 40
0.7394957983193278
 40
0.7394957983193278
 40
0.742296918767507
 40
0.742296918767507
 40
0.742296918767507
 40
0.742296918767507
 40
0.7450980392156863
 40
0.7450980392156863
 40
0.7450980392156863
 40
0.7450980392156863
 40
0.7478991596638656
 40
0.7478991596638656
 40
0.7478991596638656
 40
0.7478991596638656
 40
0.7507002801120448
 40
0.7507002801120448
 40
0.7507002801120448
 40
0.7507002801120448
 40
0.7535014005602241
 40
0.7535014005602241
 40
0.7535014005602241
 40
0.7535014005602241
 40
0.7563025210084033
 40
0.7563025210084033
 40
0.7563025210084033
 40
0.7563025210084033
 40
0.7591036414565826
 40
0.7591036414565826
 40
0.7591036414565826
 40
0.7591036414565826
 40
0.7619047619047619
 40
0.7619047619047619
 40
0.7619047619047619
 40
0.7619047619047619
 40
0.7647058823529411
 40
0.7647058823529411
 40
0.7647058823529411
 40
0.7647058823529411
 40
0.7675070028011205
 40
0.7675070028011205
 40
0.7675070028011205
 40
0.7675070028011205
 40
0.7703081232492998
 40
0.7703081232492998
 40
0.7703081232492998
 40
0.7703081232492998
 40
0.773109243697479
 40
0.773109243697479
 40
0.773109243697479
 40
0.773109243697479
 40
0.7759103641456583
 40
0.7759103641456583
 40
0.7759103641456583
 40
0.7759103641456583
 40
0.7787114845938375
 40
0.7787114845938375
 40
0.7787114845938375
 40
0.7787114845938375
 40
0.7815126050420168
 40
0.7815126050420168
 40
0.7815126050420168
 40
0.7815126050420168
 40
0.7843137254901961
 40
0.7843137254901961
 40
0.7843137254901961
 40
0.7843137254901961
 40
0.7871148459383753
 40
0.7871148459383753
 40
0.7871148459383753
 40
0.7871148459383753
 40
0.7899159663865546
 40
0.7899159663865546
 40
0.7899159663865546
 40
0.7899159663865546
 40
0.7927170868347339
 40
0.7927170868347339
 40
0.7927170868347339
 40
0.7927170868347339
 40
0.7955182072829131
 40
0.7955182072829131
 40
0.7955182072829131
 40
0.7955182072829131
 40
0.7983193277310925
 40
0.7983193277310925
 40
0.7983193277310925
 40
0.7983193277310925
 40
0.8011204481792717
 40
0.8011204481792717
 40
0.8011204481792717
 40
0.8011204481792717
 40
0.803921568627451
 40
0.803921568627451
 40
0.803921568627451
 40
0.803921568627451
 40
0.8067226890756303
 40
0.8067226890756303
 40
0.8067226890756303
 40
0.8067226890756303
 40
0.8095238095238095
 40
0.8095238095238095
 40
0.8095238095238095
 40
0.8095238095238095
 40
0.8123249299719888
 40
0.8123249299719888
 40
0.8123249299719888
 40
0.8123249299719888
 40
0.8151260504201681
 40
0.8151260504201681
 40
0.8151260504201681
 40
0.8151260504201681
 40
0.8179271708683473
 40
0.8179271708683473
 40
0.8179271708683473
 40
0.8179271708683473
 40
0.8207282913165266
 40
0.8207282913165266
 40
0.8207282913165266
 40
0.8207282913165266
 40
0.8235294117647058
 40
0.8235294117647058
 40
0.8235294117647058
 40
0.8235294117647058
 40
0.8263305322128851
 40
0.8263305322128851
 40
0.8263305322128851
 40
0.8263305322128851
 40
0.8291316526610645
 40
0.8291316526610645
 40
0.8291316526610645
 40
0.8291316526610645
 40
0.8319327731092437
 40
0.8319327731092437
 40
0.8319327731092437
 40
0.8319327731092437
 40
0.834733893557423
 40
0.834733893557423
 40
0.834733893557423
 40
0.834733893557423
 40
0.8375350140056023
 40
0.8375350140056023
 40
0.8375350140056023
 40
0.8375350140056023
 40
0.8403361344537815
 40
0.8403361344537815
 40
0.8403361344537815
 40
0.8403361344537815
 40
0.8431372549019608
 40
0.8431372549019608
 40
0.8431372549019608
 40
0.8431372549019608
 40
0.84593837535014
 40
0.84593837535014
 40
0.84593837535014
 40
0.84593837535014
 40
0.8487394957983193
 40
0.8487394957983193
 40
0.8487394957983193
 40
0.8487394957983193
 40
0.8515406162464986
 40
0.8515406162464986
 40
0.8515406162464986
 40
0.8515406162464986
 40
0.8543417366946778
 40
0.8543417366946778
 40
0.8543417366946778
 40
0.8543417366946778
 40
0.8571428571428571
 40
0.8571428571428571
 40
0.8571428571428571
 40
0.8571428571428571
 40
0.8599439775910365
 40
0.8599439775910365
 40
0.8599439775910365
 40
0.8599439775910365
 40
0.8627450980392157
 40
0.8627450980392157
 40
0.8627450980392157
 40
0.8627450980392157
 40
0.865546218487395
 40
0.865546218487395
 40
0.865546218487395
 40
0.865546218487395
 40
0.8683473389355743
 40
0.8683473389355743
 40
0.8683473389355743
 40
0.8683473389355743
 40
0.8711484593837535
 40
0.8711484593837535
 40
0.8711484593837535
 40
0.8711484593837535
 40
0.8739495798319328
 40
0.8739495798319328
 40
0.8739495798319328
 40
0.8739495798319328
 40
0.876750700280112
 40
0.876750700280112
 40
0.876750700280112
 40
0.876750700280112
 40
0.8795518207282913
 40
0.8795518207282913
 40
0.8795518207282913
 40
0.8795518207282913
 40
0.8823529411764706
 40
0.8823529411764706
 40
0.8823529411764706
 40
0.8823529411764706
 40
0.8851540616246498
 40
0.8851540616246498
 40
0.8851540616246498
 40
0.8851540616246498
 40
0.8879551820728291
 40
0.8879551820728291
 40
0.8879551820728291
 40
0.8879551820728291
 40
0.8907563025210085
 40
0.8907563025210085
 40
0.8907563025210085
 40
0.8907563025210085
 40
0.8935574229691877
 40
0.8935574229691877
 40
0.8935574229691877
 40
0.8935574229691877
 40
0.896358543417367
 40
0.896358543417367
 40
0.896358543417367
 40
0.896358543417367
 40
0.8991596638655462
 40
0.8991596638655462
 40
0.8991596638655462
 40
0.8991596638655462
 40
0.9019607843137255
 40
0.9019607843137255
 40
0.9019607843137255
 40
0.9019607843137255
 40
0.9047619047619048
 40
0.9047619047619048
 40
0.9047619047619048
 40
0.9047619047619048
 40
0.907563025210084
 40
0.907563025210084
 40
0.907563025210084
 40
0.907563025210084
 40
0.9103641456582633
 40
0.9103641456582633
 40
0.9103641456582633
 40
0.9103641456582633
 40
0.9131652661064426
 40
0.9131652661064426
 40
0.9131652661064426
 40
0.9131652661064426
 40
0.9159663865546218
 40
0.9159663865546218
 40
0.9159663865546218
 40
0.9159663865546218
 40
0.9187675070028011
 40
0.9187675070028011
 40
0.9187675070028011
 40
0.9187675070028011
 40
0.9215686274509803
 40
0.9215686274509803
 40
0.9215686274509803
 40
0.9215686274509803
 40
0.9243697478991597
 40
0.9243697478991597
 40
0.9243697478991597
 40
0.9243697478991597
 40
0.927170868347339
 40
0.927170868347339
 40
0.927170868347339
 40
0.927170868347339
 40
0.9299719887955182
 40
0.9299719887955182
 40
0.9299719887955182
 40
0.9299719887955182
 40
0.9327731092436975
 40
0.9327731092436975
 40
0.9327731092436975
 40
0.9327731092436975
 40
0.9355742296918768
 40
0.9355742296918768
 40
0.9355742296918768
 40
0.9355742296918768
 40
0.938375350140056
 40
0.938375350140056
 40
0.938375350140056
 40
0.938375350140056
 40
0.9411764705882353
 40
0.9411764705882353
 40
0.9411764705882353
 40
0.9411764705882353
 40
0.9439775910364145
 40
0.9439775910364145
 40
0.9439775910364145
 40
0.9439775910364145
 40
0.9467787114845938
 40
0.9467787114845938
 40
0.9467787114845938
 40
0.9467787114845938
 40
0.9495798319327731
 40
0.9495798319327731
 40
0.9495798319327731
 40
0.9495798319327731
 40
0.9523809523809523
 40
0.9523809523809523
 40
0.9523809523809523
 40
0.9523809523809523
 40
0.9551820728291317
 40
0.9551820728291317
 40
0.9551820728291317
 40
0.9551820728291317
 40
0.957983193277311
 40
0.957983193277311
 40
0.957983193277311
 40
0.957983193277311
 40
0.9607843137254902
 40
0.9607843137254902
 40
0.9607843137254902
 40
0.9607843137254902
 40
0.9635854341736695
 40
0.9635854341736695
 40
0.9635854341736695
 40
0.9635854341736695
 40
0.9663865546218487
 40
0.9663865546218487
 40
0.9663865546218487
 40
0.9663865546218487
 40
0.969187675070028
 40
0.969187675070028
 40
0.969187675070028
 40
0.969187675070028
 40
0.9719887955182073
 40
0.9719887955182073
 40
0.9719887955182073
 40
0.9719887955182073
 40
0.9747899159663865
 40
0.9747899159663865
 40
0.9747899159663865
 40
0.9747899159663865
 40
0.9775910364145658
 40
0.9775910364145658
 40
0.9775910364145658
 40
0.9775910364145658
 40
0.9803921568627451
 40
0.9803921568627451
 40
0.9803921568627451
 40
0.9803921568627451
 40
0.9831932773109243
 40
0.9831932773109243
 40
0.9831932773109243
 40
0.9831932773109243
 40
0.9859943977591037
 40
0.9859943977591037
 40
0.9859943977591037
 40
0.9859943977591037
 40
0.988795518207283
 40
0.988795518207283
 40
0.988795518207283
 40
0.988795518207283
 40
0.9915966386554622
 40
0.9915966386554622
 40
0.9915966386554622
 40
0.9915966386554622
 40
0.9943977591036415
 40
0.9943977591036415
 40
0.9943977591036415
 40
0.9943977591036415
 40
1.0
 40
1.0
 40
1.0
 40
1.0
 10
2.21615
 20
15.35289
 30
0.0
 10
2.16606
 20
15.02057
 30
0.0
 10
2.35373
 20
14.71612
 30
0.0
 10
2.45851
 20
14.41485
 30
0.0
 10
2.45851
 20
14.41485
 30
0.0
 10
2.48214
 20
14.41415
 30
0.0
 10
2.53012
 20
14.41238
 30
0.0
 10
2.55411
 20
14.41168
 30
0.0
 10
2.55411
 20
14.41168
 30
0.0
 10
2.64583
 20
14.67556
 30
0.0
 10
2.77001
 20
14.96766
 30
0.0
 10
3.04447
 20
15.08372
 30
0.0
 10
3.04447
 20
15.08372
 30
0.0
 10
3.12702
 20
14.94226
 30
0.0
 10
3.27519
 20
14.81737
 30
0.0
 10
3.25261
 20
14.63499
 30
0.0
 10
3.25261
 20
14.63499
 30
0.0
 10
3.04765
 20
14.27551
 30
0.0
 10
2.66912
 20
14.06278
 30
0.0
 10
2.31069
 20
13.88216
 30
0.0
 10
2.31069
 20
13.88216
 30
0.0
 10
1.49331
 20
13.5001
 30
0.0
 10
0.64911
 20
13.17978
 30
0.0
 10
-0.19191
 20
12.85487
 30
0.0
 10
-0.19191
 20
12.85487
 30
0.0
 10
-0.51929
 20
12.7314
 30
0.0
 10
-0.83503
 20
12.57371
 30
0.0
 10
-1.17651
 20
12.49116
 30
0.0
 10
-1.17651
 20
12.49116
 30
0.0
 10
-1.24531
 20
12.98751
 30
0.0
 10
-1.3148
 20
13.55937
 30
0.0
 10
-1.72297
 20
13.90474
 30
0.0
 10
-1.72297
 20
13.90474
 30
0.0
 10
-1.93675
 20
14.10688
 30
0.0
 10
-2.28071
 20
14.10017
 30
0.0
 10
-2.5213
 20
13.95095
 30
0.0
 10
-2.5213
 20
13.95095
 30
0.0
 10
-2.98873
 20
13.68848
 30
0.0
 10
-3.23003
 20
13.09793
 30
0.0
 10
-3.05788
 20
12.58252
 30
0.0
 10
-3.05788
 20
12.58252
 30
0.0
 10
-2.83598
 20
12.71341
 30
0.0
 10
-2.6416
 20
12.92154
 30
0.0
 10
-2.37631
 20
12.95471
 30
0.0
 10
-2.37631
 20
12.95471
 30
0.0
 10
-2.2158
 20
13.00939
 30
0.0
 10
-2.00519
 20
12.86969
 30
0.0
 10
-2.04011
 20
12.69471
 30
0.0
 10
-2.04011
 20
12.69471
 30
0.0
 10
-2.08598
 20
12.51973
 30
0.0
 10
-2.20169
 20
12.36698
 30
0.0
 10
-2.33151
 20
12.24421
 30
0.0
 10
-2.33151
 20
12.24421
 30
0.0
 10
-2.7245
 20
11.93447
 30
0.0
 10
-3.1877
 20
11.73304
 30
0.0
 10
-3.65019
 20
11.551
 30
0.0
 10
-3.65019
 20
11.551
 30
0.0
 10
-4.20158
 20
11.31605
 30
0.0
 10
-4.80236
 20
11.24761
 30
0.0
 10
-5.38939
 20
11.15942
 30
0.0
 10
-5.38939
 20
11.15942
 30
0.0
 10
-5.16784
 20
11.52666
 30
0.0
 10
-4.90573
 20
11.8812
 30
0.0
 10
-4.78719
 20
12.29924
 30
0.0
 10
-4.78719
 20
12.29924
 30
0.0
 10
-4.53319
 20
13.16249
 30
0.0
 10
-4.66972
 20
14.17708
 30
0.0
 10
-5.28179
 20
14.86147
 30
0.0
 10
-5.28179
 20
14.86147
 30
0.0
 10
-5.70653
 20
15.43262
 30
0.0
 10
-6.42303
 20
15.70708
 30
0.0
 10
-7.10953
 20
15.78257
 30
0.0
 10
-7.10953
 20
15.78257
 30
0.0
 10
-7.88705
 20
15.88064
 30
0.0
 10
-8.7309
 20
15.45378
 30
0.0
 10
-9.03499
 20
14.71754
 30
0.0
 10
-9.03499
 20
14.71754
 30
0.0
 10
-9.24137
 20
14.25998
 30
0.0
 10
-9.13483
 20
13.63557
 30
0.0
 10
-8.70373
 20
13.34452
 30
0.0
 10
-8.70373
 20
13.34452
 30
0.0
 10
-8.42998
 20
13.1445
 30
0.0
 10
-8.08249
 20
13.11628
 30
0.0
 10
-7.75582
 20
13.16461
 30
0.0
 10
-7.75582
 20
13.16461
 30
0.0
 10
-7.82602
 20
13.37698
 30
0.0
 10
-7.9569
 20
13.56572
 30
0.0
 10
-8.01335
 20
13.78267
 30
0.0
 10
-8.01335
 20
13.78267
 30
0.0
 10
-8.05991
 20
14.11605
 30
0.0
 10
-7.85566
 20
14.42826
 30
0.0
 10
-7.58966
 20
14.60923
 30
0.0
 10
-7.58966
 20
14.60923
 30
0.0
 10
-7.27745
 20
14.8269
 30
0.0
 10
-6.82801
 20
14.82831
 30
0.0
 10
-6.51087
 20
14.61982
 30
0.0
 10
-6.51087
 20
14.61982
 30
0.0
 10
-6.08965
 20
14.36829
 30
0.0
 10
-5.81096
 20
13.91779
 30
0.0
 10
-5.72135
 20
13.44083
 30
0.0
 10
-5.72135
 20
13.44083
 30
0.0
 10
-6.06531
 20
13.58441
 30
0.0
 10
-6.39692
 20
13.82748
 30
0.0
 10
-6.78991
 20
13.7728
 30
0.0
 10
-6.78991
 20
13.7728
 30
0.0
 10
-7.09119
 20
13.77562
 30
0.0
 10
-7.42703
 20
13.6271
 30
0.0
 10
-7.55262
 20
13.33994
 30
0.0
 10
-7.55262
 20
13.33994
 30
0.0
 10
-7.6648
 20
13.02209
 30
0.0
 10
-7.51064
 20
12.694
 30
0.0
 10
-7.37729
 20
12.40649
 30
0.0
 10
-7.37729
 20
12.40649
 30
0.0
 10
-7.35647
 20
12.40578
 30
0.0
 10
-7.31485
 20
12.40402
 30
0.0
 10
-7.29403
 20
12.40331
 30
0.0
 10
-7.29403
 20
12.40331
 30
0.0
 10
-7.20408
 20
12.55818
 30
0.0
 10
-7.12329
 20
12.72258
 30
0.0
 10
-6.99241
 20
12.84781
 30
0.0
 10
-6.99241
 20
12.84781
 30
0.0
 10
-6.83295
 20
12.99598
 30
0.0
 10
-6.57013
 20
12.98928
 30
0.0
 10
-6.39939
 20
12.86334
 30
0.0
 10
-6.39939
 20
12.86334
 30
0.0
 10
-6.21348
 20
12.72364
 30
0.0
 10
-6.08118
 20
12.49751
 30
0.0
 10
-6.0893
 20
12.26044
 30
0.0
 10
-6.0893
 20
12.26044
 30
0.0
 10
-6.08648
 20
11.84169
 30
0.0
 10
-6.39269
 20
11.49385
 30
0.0
 10
-6.71901
 20
11.26949
 30
0.0
 10
-6.71901
 20
11.26949
 30
0.0
 10
-7.50041
 20
10.7696
 30
0.0
 10
-8.47654
 20
10.67223
 30
0.0
 10
-9.37789
 20
10.79853
 30
0.0
 10
-9.37789
 20
10.79853
 30
0.0
 10
-9.78253
 20
10.85603
 30
0.0
 10
-10.1981
 20
10.89096
 30
0.0
 10
-10.57981
 20
11.04759
 30
0.0
 10
-10.57981
 20
11.04759
 30
0.0
 10
-10.71316
 20
11.16259
 30
0.0
 10
-10.79535
 20
11.32523
 30
0.0
 10
-10.90471
 20
11.46069
 30
0.0
 10
-10.90471
 20
11.46069
 30
0.0
 10
-11.37214
 20
12.14332
 30
0.0
 10
-11.95493
 20
12.76985
 30
0.0
 10
-12.68765
 20
13.16919
 30
0.0
 10
-12.68765
 20
13.16919
 30
0.0
 10
-13.00374
 20
13.33888
 30
0.0
 10
-13.36957
 20
13.35546
 30
0.0
 10
-13.72023
 20
13.36957
 30
0.0
 10
-13.72023
 20
13.36957
 30
0.0
 10
-13.89909
 20
13.01856
 30
0.0
 10
-13.80455
 20
12.59064
 30
0.0
 10
-13.64403
 20
12.2488
 30
0.0
 10
-13.64403
 20
12.2488
 30
0.0
 10
-13.18119
 20
11.40037
 30
0.0
 10
-12.38885
 20
10.79676
 30
0.0
 10
-11.60427
 20
10.26513
 30
0.0
 10
-11.60427
 20
10.26513
 30
0.0
 10
-11.42788
 20
10.14695
 30
0.0
 10
-11.3986
 20
9.92434
 30
0.0
 10
-11.35592
 20
9.7349
 30
0.0
 10
-11.35592
 20
9.7349
 30
0.0
 10
-11.17847
 20
8.95667
 30
0.0
 10
-11.14249
 20
8.13858
 30
0.0
 10
-11.30688
 20
7.35506
 30
0.0
 10
-11.30688
 20
7.35506
 30
0.0
 10
-11.42506
 20
6.82237
 30
0.0
 10
-11.70199
 20
6.29991
 30
0.0
 10
-12.14191
 20
5.96688
 30
0.0
 10
-12.14191
 20
5.96688
 30
0.0
 10
-12.47634
 20
5.7083
 30
0.0
 10
-12.98328
 20
5.7083
 30
0.0
 10
-13.29302
 20
6.00392
 30
0.0
 10
-13.29302
 20
6.00392
 30
0.0
 10
-13.39638
 20
6.14327
 30
0.0
 10
-13.50363
 20
6.3313
 30
0.0
 10
-13.4239
 20
6.50699
 30
0.0
 10
-13.4239
 20
6.50699
 30
0.0
 10
-13.32089
 20
6.7564
 30
0.0
 10
-13.0429
 20
6.85059
 30
0.0
 10
-12.83229
 20
6.98994
 30
0.0
 10
-12.83229
 20
6.98994
 30
0.0
 10
-13.11875
 20
7.12787
 30
0.0
 10
-13.42037
 20
7.31767
 30
0.0
 10
-13.75304
 20
7.22771
 30
0.0
 10
-13.75304
 20
7.22771
 30
0.0
 10
-14.10194
 20
7.14269
 30
0.0
 10
-14.29773
 20
6.74194
 30
0.0
 10
-14.27057
 20
6.40256
 30
0.0
 10
-14.27057
 20
6.40256
 30
0.0
 10
-14.30196
 20
6.03356
 30
0.0
 10
-14.07548
 20
5.73864
 30
0.0
 10
-13.93331
 20
5.42255
 30
0.0
 10
-13.93331
 20
5.42255
 30
0.0
 10
-14.14498
 20
5.46876
 30
0.0
 10
-14.35453
 20
5.53297
 30
0.0
 10
-14.5482
 20
5.63139
 30
0.0
 10
-14.5482
 20
5.63139
 30
0.0
 10
-15.00858
 20
5.88045
 30
0.0
 10
-15.40828
 20
6.40151
 30
0.0
 10
-15.27175
 20
6.95149
 30
0.0
 10
-15.27175
 20
6.95149
 30
0.0
 10
-15.17333
 20
7.30462
 30
0.0
 10
-14.8657
 20
7.58261
 30
0.0
 10
-14.51222
 20
7.66692
 30
0.0
 10
-14.51222
 20
7.66692
 30
0.0
 10
-14.20001
 20
7.69655
 30
0.0
 10
-13.92873
 20
7.51875
 30
0.0
 10
-13.65144
 20
7.40833
 30
0.0
 10
-13.65144
 20
7.40833
 30
0.0
 10
-13.63345
 20
7.71419
 30
0.0
 10
-13.62534
 20
8.04616
 30
0.0
 10
-13.81619
 20
8.30474
 30
0.0
 10
-13.81619
 20
8.30474
 30
0.0
 10
-14.11252
 20
8.77852
 30
0.0
 10
-14.77222
 20
8.86142
 30
0.0
 10
-15.25799
 20
8.66281
 30
0.0
 10
-15.25799
 20
8.66281
 30
0.0
 10
-15.88876
 20
8.38024
 30
0.0
 10
-16.34525
 20
7.7029
 30
0.0
 10
-16.33573
 20
7.00687
 30
0.0
 10
-16.33573
 20
7.00687
 30
0.0
 10
-16.3008
 20
6.50487
 30
0.0
 10
-16.19285
 20
5.99369
 30
0.0
 10
-15.92121
 20
5.56331
 30
0.0
 10
-15.92121
 20
5.56331
 30
0.0
 10
-15.38252
 20
4.73992
 30
0.0
 10
-14.36335
 20
4.27919
 30
0.0
 10
-13.38827
 20
4.39773
 30
0.0
 10
-13.38827
 20
4.39773
 30
0.0
 10
-12.72893
 20
4.41254
 30
0.0
 10
-12.14508
 20
4.74627
 30
0.0
 10
-11.60956
 20
5.0987
 30
0.0
 10
-11.60956
 20
5.0987
 30
0.0
 10
-11.69529
 20
4.6228
 30
0.0
 10
-11.74926
 20
4.13844
 30
0.0
 10
-11.89814
 20
3.6763
 30
0.0
 10
-11.89814
 20
3.6763
 30
0.0
 10
-12.06394
 20
3.20005
 30
0.0
 10
-12.28408
 20
2.74355
 30
0.0
 10
-12.54231
 20
2.31105
 30
0.0
 10
-12.54231
 20
2.31105
 30
0.0
 10
-12.71764
 20
2.02353
 30
0.0
 10
-13.01468
 20
1.79211
 30
0.0
 10
-13.36252
 20
1.78435
 30
0.0
 10
-13.36252
 20
1.78435
 30
0.0
 10
-13.4433
 20
1.96709
 30
0.0
 10
-13.45741
 20
2.18087
 30
0.0
 10
-13.36957
 20
2.36502
 30
0.0
 10
-13.36957
 20
2.36502
 30
0.0
 10
-13.28279
 20
2.51707
 30
0.0
 10
-13.16673
 20
2.65007
 30
0.0
 10
-13.07853
 20
2.80141
 30
0.0
 10
-13.07853
 20
2.80141
 30
0.0
 10
-13.55831
 20
2.95593
 30
0.0
 10
-14.12663
 20
2.76296
 30
0.0
 10
-14.4085
 20
2.34421
 30
0.0
 10
-14.4085
 20
2.34421
 30
0.0
 10
-14.56902
 20
2.14136
 30
0.0
 10
-14.64522
 20
1.83021
 30
0.0
 10
-14.48435
 20
1.60443
 30
0.0
 10
-14.48435
 20
1.60443
 30
0.0
 10
-14.16191
 20
1.09396
 30
0.0
 10
-13.49798
 20
1.03681
 30
0.0
 10
-12.96106
 20
0.94474
 30
0.0
 10
-12.96106
 20
0.94474
 30
0.0
 10
-13.08982
 20
0.54434
 30
0.0
 10
-13.27009
 20
0.16334
 30
0.0
 10
-13.42566
 20
-0.22684
 30
0.0
 10
-13.42566
 20
-0.22684
 30
0.0
 10
-13.70789
 20
-0.92569
 30
0.0
 10
-13.99046
 20
-1.62525
 30
0.0
 10
-14.30902
 20
-2.30858
 30
0.0
 10
-14.30902
 20
-2.30858
 30
0.0
 10
-14.50199
 20
-2.70051
 30
0.0
 10
-14.7133
 20
-3.11503
 30
0.0
 10
-15.09113
 20
-3.36021
 30
0.0
 10
-15.09113
 20
-3.36021
 30
0.0
 10
-15.27986
 20
-3.48192
 30
0.0
 10
-15.46154
 20
-3.26813
 30
0.0
 10
-15.61289
 20
-3.18523
 30
0.0
 10
-15.61289
 20
-3.18523
 30
0.0
 10
-15.49435
 20
-2.86138
 30
0.0
 10
-15.12111
 20
-2.82399
 30
0.0
 10
-14.88087
 20
-2.62784
 30
0.0
 10
-14.88087
 20
-2.62784
 30
0.0
 10
-15.12711
 20
-2.54071
 30
0.0
 10
-15.361
 20
-2.41441
 30
0.0
 10
-15.61677
 20
-2.35726
 30
0.0
 10
-15.61677
 20
-2.35726
 30
0.0
 10
-15.96884
 20
-2.28529
 30
0.0
 10
-16.26658
 20
-2.59292
 30
0.0
 10
-16.36078
 20
-2.90477
 30
0.0
 10
-16.36078
 20
-2.90477
 30
0.0
 10
-16.47225
 20
-3.38596
 30
0.0
 10
-16.20203
 20
-3.90948
 30
0.0
 10
-15.75858
 20
-4.11551
 30
0.0
 10
-15.75858
 20
-4.11551
 30
0.0
 10
-15.39169
 20
-4.27919
 30
0.0
 10
-15.00329
 20
-4.08093
 30
0.0
 10
-14.64275
 20
-3.99697
 30
0.0
 10
-14.64275
 20
-3.99697
 30
0.0
 10
-14.66391
 20
-4.57659
 30
0.0
 10
-14.77328
 20
-5.15902
 30
0.0
 10
-14.66568
 20
-5.73828
 30
0.0
 10
-14.66568
 20
-5.73828
 30
0.0
 10
-14.60429
 20
-6.37928
 30
0.0
 10
-14.23811
 20
-6.92644
 30
0.0
 10
-14.00034
 20
-7.50782
 30
0.0
 10
-14.00034
 20
-7.50782
 30
0.0
 10
-13.84829
 20
-7.84366
 30
0.0
 10
-13.964
 20
-8.20244
 30
0.0
 10
-14.03879
 20
-8.54004
 30
0.0
 10
-14.03879
 20
-8.54004
 30
0.0
 10
-14.29385
 20
-9.6647
 30
0.0
 10
-14.35418
 20
-10.84756
 30
0.0
 10
-14.09347
 20
-11.97716
 30
0.0
 10
-14.09347
 20
-11.97716
 30
0.0
 10
-13.68284
 20
-13.57242
 30
0.0
 10
-12.55748
 20
-14.99411
 30
0.0
 10
-11.03877
 20
-15.66333
 30
0.0
 10
-11.03877
 20
-15.66333
 30
0.0
 10
-9.85696
 20
-16.21931
 30
0.0
 10
-8.43209
 20
-16.13535
 30
0.0
 10
-7.27957
 20
-15.54692
 30
0.0
 10
-7.27957
 20
-15.54692
 30
0.0
 10
-6.63575
 20
-15.26046
 30
0.0
 10
-6.04485
 20
-14.82725
 30
0.0
 10
-5.34
 20
-14.7006
 30
0.0
 10
-5.34
 20
-14.7006
 30
0.0
 10
-5.14738
 20
-14.65086
 30
0.0
 10
-5.01156
 20
-14.80044
 30
0.0
 10
-4.86904
 20
-14.89428
 30
0.0
 10
-4.86904
 20
-14.89428
 30
0.0
 10
-4.9463
 20
-15.27104
 30
0.0
 10
-5.29696
 20
-15.45131
 30
0.0
 10
-5.59188
 20
-15.64146
 30
0.0
 10
-5.59188
 20
-15.64146
 30
0.0
 10
-5.39574
 20
-15.80303
 30
0.0
 10
-5.20136
 20
-15.99953
 30
0.0
 10
-4.94418
 20
-16.05562
 30
0.0
 10
-4.94418
 20
-16.05562
 30
0.0
 10
-4.68771
 20
-16.10819
 30
0.0
 10
-4.43406
 20
-15.95049
 30
0.0
 10
-4.29507
 20
-15.74377
 30
0.0
 10
-4.29507
 20
-15.74377
 30
0.0
 10
-3.96558
 20
-15.30385
 30
0.0
 10
-4.06294
 20
-14.62969
 30
0.0
 10
-4.44394
 20
-14.25187
 30
0.0
 10
-4.44394
 20
-14.25187
 30
0.0
 10
-4.70359
 20
-14.0141
 30
0.0
 10
-5.06413
 20
-13.97741
 30
0.0
 10
-5.39609
 20
-13.93296
 30
0.0
 10
-5.39609
 20
-13.93296
 30
0.0
 10
-5.29872
 20
-13.63521
 30
0.0
 10
-5.14914
 20
-13.35687
 30
0.0
 10
-5.07506
 20
-13.05172
 30
0.0
 10
-5.07506
 20
-13.05172
 30
0.0
 10
-4.71911
 20
-11.83499
 30
0.0
 10
-4.97734
 20
-10.40377
 30
0.0
 10
-5.89739
 20
-9.49607
 30
0.0
 10
-5.89739
 20
-9.49607
 30
0.0
 10
-6.57825
 20
-8.72949
 30
0.0
 10
-7.67045
 20
-8.35907
 30
0.0
 10
-8.67657
 20
-8.57038
 30
0.0
 10
-8.67657
 20
-8.57038
 30
0.0
 10
-9.38883
 20
-8.73513
 30
0.0
 10
-10.08733
 20
-9.1694
 30
0.0
 10
-10.38825
 20
-9.86084
 30
0.0
 10
-10.38825
 20
-9.86084
 30
0.0
 10
-10.59603
 20
-10.25172
 30
0.0
 10
-10.58792
 20
-10.71351
 30
0.0
 10
-10.54629
 20
-11.14249
 30
0.0
 10
-10.54629
 20
-11.14249
 30
0.0
 10
-10.51066
 20
-11.54677
 30
0.0
 10
-10.24114
 20
-11.932
 30
0.0
 10
-9.85838
 20
-12.07841
 30
0.0
 10
-9.85838
 20
-12.07841
 30
0.0
 10
-9.5123
 20
-12.23751
 30
0.0
 10
-9.11895
 20
-12.18142
 30
0.0
 10
-8.7563
 20
-12.11933
 30
0.0
 10
-8.7563
 20
-12.11933
 30
0.0
 10
-8.96197
 20
-11.8999
 30
0.0
 10
-9.15882
 20
-11.6646
 30
0.0
 10
-9.26677
 20
-11.38061
 30
0.0
 10
-9.26677
 20
-11.38061
 30
0.0
 10
-9.39906
 20
-11.08816
 30
0.0
 10
-9.50101
 20
-10.73291
 30
0.0
 10
-9.36907
 20
-10.42317
 30
0.0
 10
-9.36907
 20
-10.42317
 30
0.0
 10
-9.01241
 20
-9.74055
 30
0.0
 10
-8.11318
 20
-9.49678
 30
0.0
 10
-7.41539
 20
-9.74302
 30
0.0
 10
-7.41539
 20
-9.74302
 30
0.0
 10
-7.06332
 20
-9.89894
 30
0.0
 10
-6.72253
 20
-10.1032
 30
0.0
 10
-6.46606
 20
-10.39566
 30
0.0
 10
-6.46606
 20
-10.39566
 30
0.0
 10
-6.89504
 20
-10.43481
 30
0.0
 10
-7.35259
 20
-10.43129
 30
0.0
 10
-7.74488
 20
-10.63554
 30
0.0
 10
-7.74488
 20
-10.63554
 30
0.0
 10
-8.36119
 20
-10.95904
 30
0.0
 10
-8.61448
 20
-11.91754
 30
0.0
 10
-8.0899
 20
-12.42942
 30
0.0
 10
-8.0899
 20
-12.42942
 30
0.0
 10
-7.77699
 20
-12.79631
 30
0.0
 10
-7.25699
 20
-12.73281
 30
0.0
 10
-6.83436
 20
-12.6552
 30
0.0
 10
-6.83436
 20
-12.6552
 30
0.0
 10
-6.92714
 20
-12.36345
 30
0.0
 10
-7.12964
 20
-12.12533
 30
0.0
 10
-7.26546
 20
-11.8551
 30
0.0
 10
-7.26546
 20
-11.8551
 30
0.0
 10
-7.30426
 20
-11.76126
 30
0.0
 10
-7.34483
 20
-11.6459
 30
0.0
 10
-7.28804
 20
-11.551
 30
0.0
 10
-7.28804
 20
-11.551
 30
0.0
 10
-7.21607
 20
-11.43952
 30
0.0
 10
-7.09683
 20
-11.36438
 30
0.0
 10
-6.96877
 20
-11.33546
 30
0.0
 10
-6.96877
 20
-11.33546
 30
0.0
 10
-6.44666
 20
-11.21128
 30
0.0
 10
-5.89598
 20
-11.73021
 30
0.0
 10
-5.97641
 20
-12.25938
 30
0.0
 10
-5.97641
 20
-12.25938
 30
0.0
 10
-5.96089
 20
-12.89403
 30
0.0
 10
-6.25793
 20
-13.49763
 30
0.0
 10
-6.68726
 20
-13.95024
 30
0.0
 10
-6.68726
 20
-13.95024
 30
0.0
 10
-7.31661
 20
-14.62722
 30
0.0
 10
-8.20455
 20
-14.99411
 30
0.0
 10
-9.09496
 20
-15.17579
 30
0.0
 10
-9.09496
 20
-15.17579
 30
0.0
 10
-10.60344
 20
-15.33984
 30
0.0
 10
-12.10381
 20
-14.4459
 30
0.0
 10
-12.8203
 20
-13.13603
 30
0.0
 10
-12.8203
 20
-13.13603
 30
0.0
 10
-13.16214
 20
-12.52714
 30
0.0
 10
-13.41755
 20
-11.85686
 30
0.0
 10
-13.47223
 20
-11.15624
 30
0.0
 10
-13.47223
 20
-11.15624
 30
0.0
 10
-13.15791
 20
-11.15483
 30
0.0
 10
-12.84252
 20
-11.17494
 30
0.0
 10
-12.52926
 20
-11.14037
 30
0.0
 10
-12.52926
 20
-11.14037
 30
0.0
 10
-12.26785
 20
-11.09909
 30
0.0
 10
-12.07311
 20
-10.88355
 30
0.0
 10
-11.94964
 20
-10.66412
 30
0.0
 10
-11.94964
 20
-10.66412
 30
0.0
 10
-11.811
 20
-10.43834
 30
0.0
 10
-11.82934
 20
-10.15577
 30
0.0
 10
-11.84169
 20
-9.90283
 30
0.0
 10
-11.84169
 20
-9.90283
 30
0.0
 10
-12.00115
 20
-9.51265
 30
0.0
 10
-12.40614
 20
-9.34685
 30
0.0
 10
-12.77161
 20
-9.21103
 30
0.0
 10
-12.77161
 20
-9.21103
 30
0.0
 10
-12.81571
 20
-9.51195
 30
0.0
 10
-12.76914
 20
-9.81816
 30
0.0
 10
-12.81395
 20
-10.11943
 30
0.0
 10
-12.81395
 20
-10.11943
 30
0.0
 10
-12.82594
 20
-10.20516
 30
0.0
 10
-12.92684
 20
-10.23091
 30
0.0
 10
-12.99986
 20
-10.23761
 30
0.0
 10
-12.99986
 20
-10.23761
 30
0.0
 10
-13.14485
 20
-10.22385
 30
0.0
 10
-13.23269
 20
-10.08309
 30
0.0
 10
-13.27009
 20
-9.95609
 30
0.0
 10
-13.27009
 20
-9.95609
 30
0.0
 10
-13.45671
 20
-9.53311
 30
0.0
 10
-13.36993
 20
-9.06004
 30
0.0
 10
-13.28208
 20
-8.62506
 30
0.0
 10
-13.28208
 20
-8.62506
 30
0.0
 10
-13.22246
 20
-8.45326
 30
0.0
 10
-13.22776
 20
-8.21972
 30
0.0
 10
-13.05878
 20
-8.11071
 30
0.0
 10
-13.05878
 20
-8.11071
 30
0.0
 10
-12.86228
 20
-7.97736
 30
0.0
 10
-12.65096
 20
-7.86659
 30
0.0
 10
-12.45799
 20
-7.7276
 30
0.0
 10
-12.45799
 20
-7.7276
 30
0.0
 10
-12.60052
 20
-7.56708
 30
0.0
 10
-12.76315
 20
-7.42033
 30
0.0
 10
-12.87604
 20
-7.23653
 30
0.0
 10
-12.87604
 20
-7.23653
 30
0.0
 10
-12.88944
 20
-7.11341
 30
0.0
 10
-12.83088
 20
-6.99347
 30
0.0
 10
-12.8083
 20
-6.87599
 30
0.0
 10
-12.8083
 20
-6.87599
 30
0.0
 10
-12.58006
 20
-6.07942
 30
0.0
 10
-12.29254
 20
-5.30154
 30
0.0
 10
-11.97328
 20
-4.53743
 30
0.0
 10
-11.97328
 20
-4.53743
 30
0.0
 10
-11.94682
 20
-4.53496
 30
0.0
 10
-11.89426
 20
-4.53002
 30
0.0
 10
-11.86815
 20
-4.5272
 30
0.0
 10
-11.86815
 20
-4.5272
 30
0.0
 10
-11.70234
 20
-4.86692
 30
0.0
 10
-11.51502
 20
-5.22746
 30
0.0
 10
-11.18729
 20
-5.4356
 30
0.0
 10
-11.18729
 20
-5.4356
 30
0.0
 10
-10.80029
 20
-5.64127
 30
0.0
 10
-10.31663
 20
-5.63845
 30
0.0
 10
-9.91941
 20
-5.46135
 30
0.0
 10
-9.91941
 20
-5.46135
 30
0.0
 10
-9.56557
 20
-5.28038
 30
0.0
 10
-9.24948
 20
-4.92019
 30
0.0
 10
-9.30028
 20
-4.49897
 30
0.0
 10
-9.30028
 20
-4.49897
 30
0.0
 10
-9.28405
 20
-3.93735
 30
0.0
 10
-9.85097
 20
-3.50979
 30
0.0
 10
-10.38049
 20
-3.50132
 30
0.0
 10
-10.38049
 20
-3.50132
 30
0.0
 10
-10.28771
 20
-3.68759
 30
0.0
 10
-10.15153
 20
-3.85233
 30
0.0
 10
-10.08627
 20
-4.05165
 30
0.0
 10
-10.08627
 20
-4.05165
 30
0.0
 10
-10.02806
 20
-4.27849
 30
0.0
 10
-10.19634
 20
-4.47922
 30
0.0
 10
-10.38719
 20
-4.57059
 30
0.0
 10
-10.38719
 20
-4.57059
 30
0.0
 10
-10.51489
 20
-4.63303
 30
0.0
 10
-10.67294
 20
-4.72087
 30
0.0
 10
-10.81405
 20
-4.64044
 30
0.0
 10
-10.81405
 20
-4.64044
 30
0.0
 10
-10.95939
 20
-4.58929
 30
0.0
 10
-11.03665
 20
-4.44782
 30
0.0
 10
-11.08251
 20
-4.3113
 30
0.0
 10
-11.08251
 20
-4.3113
 30
0.0
 10
-11.26878
 20
-3.86644
 30
0.0
 10
-11.19823
 20
-3.37185
 30
0.0
 10
-11.17671
 20
-2.90477
 30
0.0
 10
-11.17671
 20
-2.90477
 30
0.0
 10
-11.01372
 20
-1.56175
 30
0.0
 10
-10.52195
 20
-0.2921
 30
0.0
 10
-10.13001
 20
0.99519
 30
0.0
 10
-10.13001
 20
0.99519
 30
0.0
 10
-9.68058
 20
2.54741
 30
0.0
 10
-9.38989
 20
4.15043
 30
0.0
 10
-9.33238
 20
5.76756
 30
0.0
 10
-9.33238
 20
5.76756
 30
0.0
 10
-9.3218
 20
6.71548
 30
0.0
 10
-9.40964
 20
7.66657
 30
0.0
 10
-9.61249
 20
8.59331
 30
0.0
 10
-9.61249
 20
8.59331
 30
0.0
 10
-9.67246
 20
8.85896
 30
0.0
 10
-9.75924
 20
9.11966
 30
0.0
 10
-9.79099
 20
9.3913
 30
0.0
 10
-9.79099
 20
9.3913
 30
0.0
 10
-9.28934
 20
9.28546
 30
0.0
 10
-8.7951
 20
9.14541
 30
0.0
 10
-8.28781
 20
9.06815
 30
0.0
 10
-8.28781
 20
9.06815
 30
0.0
 10
-7.64046
 20
8.97502
 30
0.0
 10
-6.98712
 20
8.9214
 30
0.0
 10
-6.33236
 20
8.93939
 30
0.0
 10
-6.33236
 20
8.93939
 30
0.0
 10
-4.93959
 20
8.92069
 30
0.0
 10
-3.56729
 20
9.18281
 30
0.0
 10
-2.20592
 20
9.44316
 30
0.0
 10
-2.20592
 20
9.44316
 30
0.0
 10
-2.20768
 20
8.33931
 30
0.0
 10
-2.20204
 20
7.23512
 30
0.0
 10
-2.19851
 20
6.13163
 30
0.0
 10
-2.19851
 20
6.13163
 30
0.0
 10
-2.36573
 20
6.06531
 30
0.0
 10
-2.5467
 20
6.01521
 30
0.0
 10
-2.68429
 20
5.89386
 30
0.0
 10
-2.68429
 20
5.89386
 30
0.0
 10
-2.96721
 20
5.65468
 30
0.0
 10
-3.13231
 20
5.2511
 30
0.0
 10
-3.01272
 20
4.88668
 30
0.0
 10
-3.01272
 20
4.88668
 30
0.0
 10
-2.96369
 20
4.55366
 30
0.0
 10
-2.66665
 20
4.35786
 30
0.0
 10
-2.413
 20
4.17795
 30
0.0
 10
-2.413
 20
4.17795
 30
0.0
 10
-2.46415
 20
3.86503
 30
0.0
 10
-2.48356
 20
3.54789
 30
0.0
 10
-2.53929
 20
3.23568
 30
0.0
 10
-2.53929
 20
3.23568
 30
0.0
 10
-2.61161
 20
3.31011
 30
0.0
 10
-2.67688
 20
3.39161
 30
0.0
 10
-2.73156
 20
3.4798
 30
0.0
 10
-2.73156
 20
3.4798
 30
0.0
 10
-3.13902
 20
4.14302
 30
0.0
 10
-3.69111
 20
4.76144
 30
0.0
 10
-4.42031
 20
5.07118
 30
0.0
 10
-4.42031
 20
5.07118
 30
0.0
 10
-5.05143
 20
5.36399
 30
0.0
 10
-5.81589
 20
5.27121
 30
0.0
 10
-6.40539
 20
4.92301
 30
0.0
 10
-6.40539
 20
4.92301
 30
0.0
 10
-6.68338
 20
4.77837
 30
0.0
 10
-6.68408
 20
4.41607
 30
0.0
 10
-6.68514
 20
4.14443
 30
0.0
 10
-6.68514
 20
4.14443
 30
0.0
 10
-6.70172
 20
3.59234
 30
0.0
 10
-6.34541
 20
3.10586
 30
0.0
 10
-5.90762
 20
2.80599
 30
0.0
 10
-5.90762
 20
2.80599
 30
0.0
 10
-5.17737
 20
2.31316
 30
0.0
 10
-4.30354
 20
2.09021
 30
0.0
 10
-3.44029
 20
1.97767
 30
0.0
 10
-3.44029
 20
1.97767
 30
0.0
 10
-3.44099
 20
1.95651
 30
0.0
 10
-3.44241
 20
1.91452
 30
0.0
 10
-3.44311
 20
1.89336
 30
0.0
 10
-3.44311
 20
1.89336
 30
0.0
 10
-4.03789
 20
1.69157
 30
0.0
 10
-4.65984
 20
1.50566
 30
0.0
 10
-5.14844
 20
1.09149
 30
0.0
 10
-5.14844
 20
1.09149
 30
0.0
 10
-5.4162
 20
0.84914
 30
0.0
 10
-5.61269
 20
0.51647
 30
0.0
 10
-5.65468
 20
0.15416
 30
0.0
 10
-5.65468
 20
0.15416
 30
0.0
 10
-5.71041
 20
-0.56656
 30
0.0
 10
-5.24051
 20
-1.19556
 30
0.0
 10
-5.25145
 20
-1.91135
 30
0.0
 10
-5.25145
 20
-1.91135
 30
0.0
 10
-5.27579
 20
-2.33045
 30
0.0
 10
-5.46347
 20
-2.72838
 30
0.0
 10
-5.7718
 20
-3.01237
 30
0.0
 10
-5.7718
 20
-3.01237
 30
0.0
 10
-6.34612
 20
-3.60539
 30
0.0
 10
-7.16633
 20
-3.81141
 30
0.0
 10
-7.91704
 20
-4.07811
 30
0.0
 10
-7.91704
 20
-4.07811
 30
0.0
 10
-7.57731
 20
-4.24074
 30
0.0
 10
-7.21819
 20
-4.35822
 30
0.0
 10
-6.87388
 20
-4.51062
 30
0.0
 10
-6.87388
 20
-4.51062
 30
0.0
 10
-7.06438
 20
-4.83235
 30
0.0
 10
-7.34342
 20
-5.09305
 30
0.0
 10
-7.51981
 20
-5.42361
 30
0.0
 10
-7.51981
 20
-5.42361
 30
0.0
 10
-6.61952
 20
-5.17701
 30
0.0
 10
-5.78838
 20
-4.71734
 30
0.0
 10
-5.06906
 20
-4.12574
 30
0.0
 10
-5.06906
 20
-4.12574
 30
0.0
 10
-4.95194
 20
-4.50603
 30
0.0
 10
-4.83164
 20
-4.88915
 30
0.0
 10
-4.63621
 20
-5.23804
 30
0.0
 10
-4.63621
 20
-5.23804
 30
0.0
 10
-4.18606
 20
-6.0512
 30
0.0
 10
-3.44558
 20
-6.63893
 30
0.0
 10
-2.90548
 20
-7.3854
 30
0.0
 10
-2.90548
 20
-7.3854
 30
0.0
 10
-2.44793
 20
-8.02993
 30
0.0
 10
-2.22497
 20
-8.79969
 30
0.0
 10
-2.08915
 20
-9.5691
 30
0.0
 10
-2.08915
 20
-9.5691
 30
0.0
 10
-1.97591
 20
-9.32815
 30
0.0
 10
-1.95404
 20
-9.05722
 30
0.0
 10
-1.88136
 20
-8.80428
 30
0.0
 10
-1.88136
 20
-8.80428
 30
0.0
 10
-1.78576
 20
-8.39117
 30
0.0
 10
-1.61078
 20
-7.99959
 30
0.0
 10
-1.39735
 20
-7.63482
 30
0.0
 10
-1.39735
 20
-7.63482
 30
0.0
 10
-0.90311
 20
-6.80014
 30
0.0
 10
-0.09701
 20
-6.20818
 30
0.0
 10
0.40746
 20
-5.38127
 30
0.0
 10
0.40746
 20
-5.38127
 30
0.0
 10
0.64841
 20
-4.99463
 30
0.0
 10
0.78669
 20
-4.55577
 30
0.0
 10
0.9211
 20
-4.12432
 30
0.0
 10
0.9211
 20
-4.12432
 30
0.0
 10
1.23119
 20
-4.34375
 30
0.0
 10
1.50566
 20
-4.61292
 30
0.0
 10
1.85032
 20
-4.78331
 30
0.0
 10
1.85032
 20
-4.78331
 30
0.0
 10
2.33715
 20
-5.04613
 30
0.0
 10
2.84515
 20
-5.28955
 30
0.0
 10
3.38455
 20
-5.42361
 30
0.0
 10
3.38455
 20
-5.42361
 30
0.0
 10
3.17747
 20
-5.10822
 30
0.0
 10
2.91465
 20
-4.82706
 30
0.0
 10
2.74602
 20
-4.48733
 30
0.0
 10
2.74602
 20
-4.48733
 30
0.0
 10
3.09527
 20
-4.36951
 30
0.0
 10
3.43359
 20
-4.22346
 30
0.0
 10
3.77472
 20
-4.08481
 30
0.0
 10
3.77472
 20
-4.08481
 30
0.0
 10
3.47557
 20
-3.92042
 30
0.0
 10
3.12702
 20
-3.88197
 30
0.0
 10
2.81587
 20
-3.7465
 30
0.0
 10
2.81587
 20
-3.7465
 30
0.0
 10
2.27824
 20
-3.52037
 30
0.0
 10
1.72085
 20
-3.23815
 30
0.0
 10
1.39241
 20
-2.73473
 30
0.0
 10
1.39241
 20
-2.73473
 30
0.0
 10
1.12995
 20
-2.37808
 30
0.0
 10
1.06257
 20
-1.90535
 30
0.0
 10
1.15993
 20
-1.47814
 30
0.0
 10
1.15993
 20
-1.47814
 30
0.0
 10
1.26012
 20
-0.92992
 30
0.0
 10
1.55822
 20
-0.41381
 30
0.0
 10
1.49648
 20
0.15804
 30
0.0
 10
1.49648
 20
0.15804
 30
0.0
 10
1.48802
 20
0.54681
 30
0.0
 10
1.23472
 20
0.88371
 30
0.0
 10
0.95814
 20
1.13312
 30
0.0
 10
0.95814
 20
1.13312
 30
0.0
 10
0.47272
 20
1.55646
 30
0.0
 10
-0.18062
 20
1.67111
 30
0.0
 10
-0.74754
 20
1.94028
 30
0.0
 10
-0.74754
 20
1.94028
 30
0.0
 10
0.20003
 20
2.15794
 30
0.0
 10
1.23684
 20
2.30999
 30
0.0
 10
1.9872
 20
2.98697
 30
0.0
 10
1.9872
 20
2.98697
 30
0.0
 10
2.50472
 20
3.42794
 30
0.0
 10
2.74108
 20
4.23898
 30
0.0
 10
2.37561
 20
4.84505
 30
0.0
 10
2.37561
 20
4.84505
 30
0.0
 10
1.73073
 20
5.31566
 30
0.0
 10
0.82127
 20
5.36751
 30
0.0
 10
0.11536
 20
5.00204
 30
0.0
 10
0.11536
 20
5.00204
 30
0.0
 10
-0.40534
 20
4.72475
 30
0.0
 10
-0.84596
 20
4.31024
 30
0.0
 10
-1.17757
 20
3.82482
 30
0.0
 10
-1.17757
 20
3.82482
 30
0.0
 10
-1.30986
 20
3.64772
 30
0.0
 10
-1.41746
 20
3.44911
 30
0.0
 10
-1.58291
 20
3.29953
 30
0.0
 10
-1.58291
 20
3.29953
 30
0.0
 10
-1.62489
 20
3.58669
 30
0.0
 10
-1.65488
 20
3.87526
 30
0.0
 10
-1.67428
 20
4.16454
 30
0.0
 10
-1.67428
 20
4.16454
 30
0.0
 10
-1.41781
 20
4.33388
 30
0.0
 10
-1.13206
 20
4.51661
 30
0.0
 10
-1.05657
 20
4.83694
 30
0.0
 10
-1.05657
 20
4.83694
 30
0.0
 10
-0.84737
 20
5.34776
 30
0.0
 10
-1.22343
 20
5.87199
 30
0.0
 10
-1.67181
 20
6.09917
 30
0.0
 10
-1.67181
 20
6.09917
 30
0.0
 10
-1.68169
 20
7.25135
 30
0.0
 10
-1.67111
 20
8.40352
 30
0.0
 10
-1.67816
 20
9.55569
 30
0.0
 10
-1.67816
 20
9.55569
 30
0.0
 10
-0.92851
 20
9.82733
 30
0.0
 10
-0.14993
 20
10.00831
 30
0.0
 10
0.60572
 20
10.26195
 30
0.0
 10
0.60572
 20
10.26195
 30
0.0
 10
1.59914
 20
10.5283
 30
0.0
 10
2.61549
 20
10.84933
 30
0.0
 10
3.65689
 20
10.75619
 30
0.0
 10
3.65689
 20
10.75619
 30
0.0
 10
3.95817
 20
10.72021
 30
0.0
 10
4.33211
 20
10.6874
 30
0.0
 10
4.5152
 20
10.40412
 30
0.0
 10
4.5152
 20
10.40412
 30
0.0
 10
4.62351
 20
10.23902
 30
0.0
 10
4.5145
 20
10.04182
 30
0.0
 10
4.42454
 20
9.89683
 30
0.0
 10
4.42454
 20
9.89683
 30
0.0
 10
4.36033
 20
9.7723
 30
0.0
 10
4.23263
 20
9.69751
 30
0.0
 10
4.10527
 20
9.65094
 30
0.0
 10
4.10527
 20
9.65094
 30
0.0
 10
3.83293
 20
9.63965
 30
0.0
 10
3.62585
 20
9.83227
 30
0.0
 10
3.39584
 20
9.94481
 30
0.0
 10
3.39584
 20
9.94481
 30
0.0
 10
3.35597
 20
9.34614
 30
0.0
 10
3.93206
 20
8.82368
 30
0.0
 10
4.51873
 20
8.88647
 30
0.0
 10
4.51873
 20
8.88647
 30
0.0
 10
5.01791
 20
8.92986
 30
0.0
 10
5.41867
 20
9.38036
 30
0.0
 10
5.4804
 20
9.86402
 30
0.0
 10
5.4804
 20
9.86402
 30
0.0
 10
5.49028
 20
10.15718
 30
0.0
 10
5.50898
 20
10.48314
 30
0.0
 10
5.34317
 20
10.74173
 30
0.0
 10
5.34317
 20
10.74173
 30
0.0
 10
5.1054
 20
11.08569
 30
0.0
 10
4.71417
 20
11.2589
 30
0.0
 10
4.36245
 20
11.45857
 30
0.0
 10
4.36245
 20
11.45857
 30
0.0
 10
4.81365
 20
11.67342
 30
0.0
 10
5.27897
 20
11.87274
 30
0.0
 10
5.76298
 20
12.00009
 30
0.0
 10
5.76298
 20
12.00009
 30
0.0
 10
5.77638
 20
7.26511
 30
0.0
 10
5.76086
 20
2.52977
 30
0.0
 10
5.77074
 20
-2.20521
 30
0.0
 10
5.77074
 20
-2.20521
 30
0.0
 10
5.76051
 20
-2.40206
 30
0.0
 10
5.77744
 20
-2.60562
 30
0.0
 10
5.73017
 20
-2.79894
 30
0.0
 10
5.73017
 20
-2.79894
 30
0.0
 10
5.54919
 20
-2.84515
 30
0.0
 10
5.35658
 20
-2.80282
 30
0.0
 10
5.17596
 20
-2.84692
 30
0.0
 10
5.17596
 20
-2.84692
 30
0.0
 10
5.13362
 20
-2.89172
 30
0.0
 10
5.13327
 20
-2.95628
 30
0.0
 10
5.13009
 20
-3.01413
 30
0.0
 10
5.13009
 20
-3.01413
 30
0.0
 10
5.12198
 20
-3.55212
 30
0.0
 10
5.13609
 20
-4.09046
 30
0.0
 10
5.13468
 20
-4.6288
 30
0.0
 10
5.13468
 20
-4.6288
 30
0.0
 10
4.91278
 20
-4.6549
 30
0.0
 10
4.68806
 20
-4.63515
 30
0.0
 10
4.46581
 20
-4.63903
 30
0.0
 10
4.46581
 20
-4.63903
 30
0.0
 10
4.40902
 20
-5.09341
 30
0.0
 10
4.44041
 20
-5.55272
 30
0.0
 10
4.41784
 20
-6.00922
 30
0.0
 10
4.41784
 20
-6.00922
 30
0.0
 10
4.30953
 20
-6.10376
 30
0.0
 10
4.14831
 20
-6.09424
 30
0.0
 10
4.02026
 20
-6.14292
 30
0.0
 10
4.02026
 20
-6.14292
 30
0.0
 10
3.55671
 20
-6.2417
 30
0.0
 10
3.10938
 20
-6.40362
 30
0.0
 10
2.67723
 20
-6.59553
 30
0.0
 10
2.67723
 20
-6.59553
 30
0.0
 10
2.09338
 20
-6.89116
 30
0.0
 10
1.52188
 20
-7.27639
 30
0.0
 10
1.18921
 20
-7.85707
 30
0.0
 10
1.18921
 20
-7.85707
 30
0.0
 10
0.82832
 20
-8.42786
 30
0.0
 10
0.87736
 20
-9.19868
 30
0.0
 10
1.25977
 20
-9.7469
 30
0.0
 10
1.25977
 20
-9.7469
 30
0.0
 10
1.71626
 20
-10.39566
 30
0.0
 10
2.42782
 20
-10.81581
 30
0.0
 10
3.15701
 20
-11.09557
 30
0.0
 10
3.15701
 20
-11.09557
 30
0.0
 10
3.64067
 20
-11.29136
 30
0.0
 10
4.16278
 20
-11.35839
 30
0.0
 10
4.65984
 20
-11.50126
 30
0.0
 10
4.65984
 20
-11.50126
 30
0.0
 10
5.12586
 20
-12.03007
 30
0.0
 10
5.42502
 20
-12.69047
 30
0.0
 10
5.91573
 20
-13.20024
 30
0.0
 10
5.91573
 20
-13.20024
 30
0.0
 10
6.25651
 20
-12.71235
 30
0.0
 10
6.58671
 20
-12.21634
 30
0.0
 10
6.93667
 20
-11.7348
 30
0.0
 10
6.93667
 20
-11.7348
 30
0.0
 10
7.02945
 20
-11.6145
 30
0.0
 10
7.1187
 20
-11.46528
 30
0.0
 10
7.28345
 20
-11.44693
 30
0.0
 10
7.28345
 20
-11.44693
 30
0.0
 10
8.15375
 20
-11.28748
 30
0.0
 10
9.03252
 20
-11.02642
 30
0.0
 10
9.75536
 20
-10.49796
 30
0.0
 10
9.75536
 20
-10.49796
 30
0.0
 10
10.22562
 20
-10.1914
 30
0.0
 10
10.62108
 20
-9.73808
 30
0.0
 10
10.78195
 20
-9.19374
 30
0.0
 10
10.78195
 20
-9.19374
 30
0.0
 10
10.98479
 20
-8.55133
 30
0.0
 10
10.70081
 20
-7.8553
 30
0.0
 10
10.24114
 20
-7.39775
 30
0.0
 10
10.24114
 20
-7.39775
 30
0.0
 10
9.55604
 20
-6.70066
 30
0.0
 10
8.61448
 20
-6.32636
 30
0.0
 10
7.67609
 20
-6.11928
 30
0.0
 10
7.67609
 20
-6.11928
 30
0.0
 10
7.56991
 20
-6.08683
 30
0.0
 10
7.45243
 20
-6.07766
 30
0.0
 10
7.36353
 20
-6.00922
 30
0.0
 10
7.36353
 20
-6.00922
 30
0.0
 10
7.33566
 20
-5.56895
 30
0.0
 10
7.35859
 20
-5.12692
 30
0.0
 10
7.35824
 20
-4.68595
 30
0.0
 10
7.35824
 20
-4.68595
 30
0.0
 10
7.20549
 20
-4.66055
 30
0.0
 10
7.05097
 20
-4.64114
 30
0.0
 10
6.89892
 20
-4.62033
 30
0.0
 10
6.89892
 20
-4.62033
 30
0.0
 10
6.89469
 20
-4.03084
 30
0.0
 10
6.89751
 20
-3.4417
 30
0.0
 10
6.89822
 20
-2.85256
 30
0.0
 10
6.89822
 20
-2.85256
 30
0.0
 10
6.73276
 20
-2.82258
 30
0.0
 10
6.56484
 20
-2.82046
 30
0.0
 10
6.39798
 20
-2.80811
 30
0.0
 10
6.39798
 20
-2.80811
 30
0.0
 10
6.4075
 20
2.19534
 30
0.0
 10
6.40292
 20
7.19878
 30
0.0
 10
6.40045
 20
12.20223
 30
0.0
 10
6.40045
 20
12.20223
 30
0.0
 10
6.65656
 20
12.29184
 30
0.0
 10
6.92044
 20
12.40578
 30
0.0
 10
7.19737
 20
12.38109
 30
0.0
 10
7.19737
 20
12.38109
 30
0.0
 10
7.38999
 20
12.29042
 30
0.0
 10
7.5244
 20
12.11227
 30
0.0
 10
7.70361
 20
11.99833
 30
0.0
 10
7.70361
 20
11.99833
 30
0.0
 10
7.88
 20
12.23645
 30
0.0
 10
7.9562
 20
12.56841
 30
0.0
 10
8.24265
 20
12.70706
 30
0.0
 10
8.24265
 20
12.70706
 30
0.0
 10
8.78064
 20
12.88097
 30
0.0
 10
9.38742
 20
12.98257
 30
0.0
 10
9.93563
 20
12.79525
 30
0.0
 10
9.93563
 20
12.79525
 30
0.0
 10
10.12649
 20
12.7448
 30
0.0
 10
10.24855
 20
12.59311
 30
0.0
 10
10.25031
 20
12.39026
 30
0.0
 10
10.25031
 20
12.39026
 30
0.0
 10
9.92223
 20
12.24492
 30
0.0
 10
9.55569
 20
12.34722
 30
0.0
 10
9.21209
 20
12.31336
 30
0.0
 10
9.21209
 20
12.31336
 30
0.0
 10
9.3151
 20
11.94576
 30
0.0
 10
9.5063
 20
11.54959
 30
0.0
 10
9.88377
 20
11.40001
 30
0.0
 10
9.88377
 20
11.40001
 30
0.0
 10
10.30464
 20
11.31041
 30
0.0
 10
10.83557
 20
11.43494
 30
0.0
 10
11.05606
 20
11.83852
 30
0.0
 10
11.05606
 20
11.83852
 30
0.0
 10
11.28254
 20
12.16977
 30
0.0
 10
11.16965
 20
12.5857
 30
0.0
 10
11.12908
 20
12.95435
 30
0.0
 10
11.12908
 20
12.95435
 30
0.0
 10
11.50549
 20
12.96741
 30
0.0
 10
11.88191
 20
12.8972
 30
0.0
 10
12.23539
 20
12.76914
 30
0.0
 10
12.23539
 20
12.76914
 30
0.0
 10
12.78925
 20
12.57371
 30
0.0
 10
13.32724
 20
12.31724
 30
0.0
 10
13.79714
 20
11.96164
 30
0.0
 10
13.79714
 20
11.96164
 30
0.0
 10
14.40039
 20
11.45787
 30
0.0
 10
14.89816
 20
10.80523
 30
0.0
 10
15.13064
 20
10.04746
 30
0.0
 10
15.13064
 20
10.04746
 30
0.0
 10
15.34231
 20
9.46538
 30
0.0
 10
15.3416
 20
8.81733
 30
0.0
 10
15.15674
 20
8.22819
 30
0.0
 10
15.15674
 20
8.22819
 30
0.0
 10
14.94084
 20
7.58049
 30
0.0
 10
14.6491
 20
6.93314
 30
0.0
 10
14.14568
 20
6.45689
 30
0.0
 10
14.14568
 20
6.45689
 30
0.0
 10
13.71812
 20
6.01839
 30
0.0
 10
13.1505
 20
5.70936
 30
0.0
 10
12.53984
 20
5.63351
 30
0.0
 10
12.53984
 20
5.63351
 30
0.0
 10
12.29325
 20
5.62998
 30
0.0
 10
12.01879
 20
5.59223
 30
0.0
 10
11.79971
 20
5.73123
 30
0.0
 10
11.79971
 20
5.73123
 30
0.0
 10
11.49279
 20
5.8928
 30
0.0
 10
11.26631
 20
6.2424
 30
0.0
 10
11.35697
 20
6.59941
 30
0.0
 10
11.35697
 20
6.59941
 30
0.0
 10
11.36156
 20
6.84107
 30
0.0
 10
11.62403
 20
7.02381
 30
0.0
 10
11.85333
 20
6.90845
 30
0.0
 10
11.85333
 20
6.90845
 30
0.0
 10
12.13802
 20
6.79379
 30
0.0
 10
12.38673
 20
6.60224
 30
0.0
 10
12.66049
 20
6.46218
 30
0.0
 10
12.66049
 20
6.46218
 30
0.0
 10
12.77444
 20
6.71407
 30
0.0
 10
12.81289
 20
7.00123
 30
0.0
 10
12.73669
 20
7.27004
 30
0.0
 10
12.73669
 20
7.27004
 30
0.0
 10
12.61286
 20
7.76076
 30
0.0
 10
12.06359
 20
8.07297
 30
0.0
 10
11.5764
 20
7.96925
 30
0.0
 10
11.5764
 20
7.96925
 30
0.0
 10
11.29877
 20
7.91316
 30
0.0
 10
11.00279
 20
7.82779
 30
0.0
 10
10.81722
 20
7.59742
 30
0.0
 10
10.81722
 20
7.59742
 30
0.0
 10
10.42247
 20
7.21113
 30
0.0
 10
10.4581
 20
6.60894
 30
0.0
 10
10.38472
 20
6.10552
 30
0.0
 10
10.38472
 20
6.10552
 30
0.0
 10
10.11132
 20
6.35353
 30
0.0
 10
9.90353
 20
6.66997
 30
0.0
 10
9.75642
 20
7.00687
 30
0.0
 10
9.75642
 20
7.00687
 30
0.0
 10
9.57792
 20
7.36953
 30
0.0
 10
9.62554
 20
7.80521
 30
0.0
 10
9.74019
 20
8.17915
 30
0.0
 10
9.74019
 20
8.17915
 30
0.0
 10
9.88907
 20
8.55839
 30
0.0
 10
10.18681
 20
8.92351
 30
0.0
 10
10.60132
 20
9.01277
 30
0.0
 10
10.60132
 20
9.01277
 30
0.0
 10
11.17494
 20
9.04699
 30
0.0
 10
11.73233
 20
8.77041
 30
0.0
 10
12.13732
 20
8.37812
 30
0.0
 10
12.13732
 20
8.37812
 30
0.0
 10
12.31124
 20
8.86037
 30
0.0
 10
12.23433
 20
9.47491
 30
0.0
 10
11.83464
 20
9.82416
 30
0.0
 10
11.83464
 20
9.82416
 30
0.0
 10
11.54853
 20
10.0778
 30
0.0
 10
11.15095
 20
10.16317
 30
0.0
 10
10.77736
 20
10.14448
 30
0.0
 10
10.77736
 20
10.14448
 30
0.0
 10
10.01148
 20
10.17199
 30
0.0
 10
9.24877
 20
9.75184
 30
0.0
 10
8.8713
 20
9.08403
 30
0.0
 10
8.8713
 20
9.08403
 30
0.0
 10
8.29204
 20
8.19961
 30
0.0
 10
8.38341
 20
6.97371
 30
0.0
 10
8.97819
 20
6.12069
 30
0.0
 10
8.97819
 20
6.12069
 30
0.0
 10
9.52571
 20
5.33541
 30
0.0
 10
10.40589
 20
4.79213
 30
0.0
 10
11.35345
 20
4.6542
 30
0.0
 10
11.35345
 20
4.6542
 30
0.0
 10
11.4935
 20
4.60587
 30
0.0
 10
11.67941
 20
4.63797
 30
0.0
 10
11.79407
 20
4.52579
 30
0.0
 10
11.79407
 20
4.52579
 30
0.0
 10
11.82017
 20
4.14973
 30
0.0
 10
11.805
 20
3.77049
 30
0.0
 10
11.7542
 20
3.3969
 30
0.0
 10
11.7542
 20
3.3969
 30
0.0
 10
11.3792
 20
3.58599
 30
0.0
 10
11.02642
 20
3.81564
 30
0.0
 10
10.64472
 20
3.99062
 30
0.0
 10
10.64472
 20
3.99062
 30
0.0
 10
10.63978
 20
3.74826
 30
0.0
 10
10.6366
 20
3.50591
 30
0.0
 10
10.63484
 20
3.26319
 30
0.0
 10
10.63484
 20
3.26319
 30
0.0
 10
10.97597
 20
3.03001
 30
0.0
 10
11.34957
 20
2.8515
 30
0.0
 10
11.69776
 20
2.62961
 30
0.0
 10
11.69776
 20
2.62961
 30
0.0
 10
11.79512
 20
2.57528
 30
0.0
 10
11.79971
 20
2.44334
 30
0.0
 10
11.79724
 20
2.34668
 30
0.0
 10
11.79724
 20
2.34668
 30
0.0
 10
11.81664
 20
1.90465
 30
0.0
 10
11.805
 20
1.46121
 30
0.0
 10
11.76761
 20
1.02023
 30
0.0
 10
11.76761
 20
1.02023
 30
0.0
 10
11.27372
 20
1.23155
 30
0.0
 10
10.83522
 20
1.54728
 30
0.0
 10
10.35579
 20
1.78576
 30
0.0
 10
10.35579
 20
1.78576
 30
0.0
 10
10.35614
 20
2.14912
 30
0.0
 10
10.36461
 20
2.51284
 30
0.0
 10
10.35015
 20
2.87584
 30
0.0
 10
10.35015
 20
2.87584
 30
0.0
 10
10.36426
 20
2.97074
 30
0.0
 10
10.34591
 20
3.08046
 30
0.0
 10
10.26266
 20
3.13549
 30
0.0
 10
10.26266
 20
3.13549
 30
0.0
 10
10.08133
 20
3.26708
 30
0.0
 10
9.8806
 20
3.36726
 30
0.0
 10
9.67811
 20
3.46075
 30
0.0
 10
9.67811
 20
3.46075
 30
0.0
 10
9.61849
 20
3.042
 30
0.0
 10
9.68234
 20
2.61655
 30
0.0
 10
9.63471
 20
2.1971
 30
0.0
 10
9.63471
 20
2.1971
 30
0.0
 10
9.36061
 20
2.35903
 30
0.0
 10
9.08262
 20
2.51354
 30
0.0
 10
8.80604
 20
2.67088
 30
0.0
 10
8.80604
 20
2.67088
 30
0.0
 10
8.73019
 20
2.7118
 30
0.0
 10
8.65329
 20
2.76084
 30
0.0
 10
8.56474
 20
2.76542
 30
0.0
 10
8.56474
 20
2.76542
 30
0.0
 10
8.40458
 20
2.62678
 30
0.0
 10
8.33014
 20
2.41864
 30
0.0
 10
8.22078
 20
2.2419
 30
0.0
 10
8.22078
 20
2.2419
 30
0.0
 10
8.55451
 20
1.99708
 30
0.0
 10
8.93868
 20
1.83374
 30
0.0
 10
9.28934
 20
1.61537
 30
0.0
 10
9.28934
 20
1.61537
 30
0.0
 10
8.98454
 20
1.35996
 30
0.0
 10
8.61095
 20
1.20685
 30
0.0
 10
8.27264
 20
1.0033
 30
0.0
 10
8.27264
 20
1.0033
 30
0.0
 10
8.2737
 20
0.95956
 30
0.0
 10
8.27511
 20
0.91581
 30
0.0
 10
8.27687
 20
0.87171
 30
0.0
 10
8.27687
 20
0.87171
 30
0.0
 10
8.5023
 20
0.78246
 30
0.0
 10
8.71326
 20
0.54434
 30
0.0
 10
8.97431
 20
0.62477
 30
0.0
 10
8.97431
 20
0.62477
 30
0.0
 10
9.30063
 20
0.78105
 30
0.0
 10
9.59273
 20
1.00259
 30
0.0
 10
9.92187
 20
1.15358
 30
0.0
 10
9.92187
 20
1.15358
 30
0.0
 10
10.06299
 20
1.22626
 30
0.0
 10
10.19104
 20
1.08479
 30
0.0
 10
10.31628
 20
1.03858
 30
0.0
 10
10.31628
 20
1.03858
 30
0.0
 10
10.67611
 20
0.82303
 30
0.0
 10
11.05323
 20
0.63535
 30
0.0
 10
11.40001
 20
0.39758
 30
0.0
 10
11.40001
 20
0.39758
 30
0.0
 10
11.10262
 20
0.18486
 30
0.0
 10
10.76607
 20
0.03457
 30
0.0
 10
10.45563
 20
-0.15699
 30
0.0
 10
10.45563
 20
-0.15699
 30
0.0
 10
10.29017
 20
-0.24201
 30
0.0
 10
10.12402
 20
-0.38806
 30
0.0
 10
9.92329
 20
-0.33973
 30
0.0
 10
9.92329
 20
-0.33973
 30
0.0
 10
9.57404
 20
-0.18909
 30
0.0
 10
9.26289
 20
0.03457
 30
0.0
 10
8.92528
 20
0.20779
 30
0.0
 10
8.92528
 20
0.20779
 30
0.0
 10
8.85613
 20
0.2413
 30
0.0
 10
8.78205
 20
0.20179
 30
0.0
 10
8.71926
 20
0.17321
 30
0.0
 10
8.71926
 20
0.17321
 30
0.0
 10
8.5404
 20
0.07902
 30
0.0
 10
8.37494
 20
-0.03881
 30
0.0
 10
8.20632
 20
-0.14887
 30
0.0
 10
8.20632
 20
-0.14887
 30
0.0
 10
8.55451
 20
-0.38418
 30
0.0
 10
8.94151
 20
-0.55421
 30
0.0
 10
9.29005
 20
-0.78987
 30
0.0
 10
9.29005
 20
-0.78987
 30
0.0
 10
8.94715
 20
-1.01671
 30
0.0
 10
8.58696
 20
-1.21708
 30
0.0
 10
8.22678
 20
-1.41499
 30
0.0
 10
8.22678
 20
-1.41499
 30
0.0
 10
8.32167
 20
-1.60761
 30
0.0
 10
8.4268
 20
-1.79529
 30
0.0
 10
8.53193
 20
-1.98332
 30
0.0
 10
8.53193
 20
-1.98332
 30
0.0
 10
8.92528
 20
-1.83656
 30
0.0
 10
9.2583
 20
-1.57198
 30
0.0
 10
9.64353
 20
-1.40794
 30
0.0
 10
9.64353
 20
-1.40794
 30
0.0
 10
9.64988
 20
-1.8228
 30
0.0
 10
9.64777
 20
-2.23732
 30
0.0
 10
9.65659
 20
-2.65218
 30
0.0
 10
9.65659
 20
-2.65218
 30
0.0
 10
9.90106
 20
-2.55129
 30
0.0
 10
10.13319
 20
-2.42323
 30
0.0
 10
10.35509
 20
-2.27965
 30
0.0
 10
10.35509
 20
-2.27965
 30
0.0
 10
10.35297
 20
-1.85349
 30
0.0
 10
10.35403
 20
-1.42734
 30
0.0
 10
10.35297
 20
-1.00189
 30
0.0
 10
10.35297
 20
-1.00189
 30
0.0
 10
10.81299
 20
-0.71261
 30
0.0
 10
11.28677
 20
-0.44097
 30
0.0
 10
11.77643
 20
-0.20532
 30
0.0
 10
11.77643
 20
-0.20532
 30
0.0
 10
11.81559
 20
-0.72037
 30
0.0
 10
11.79618
 20
-1.2379
 30
0.0
 10
11.80465
 20
-1.75401
 30
0.0
 10
11.80465
 20
-1.75401
 30
0.0
 10
11.43176
 20
-2.01471
 30
0.0
 10
11.02254
 20
-2.21544
 30
0.0
 10
10.63131
 20
-2.44581
 30
0.0
 10
10.63131
 20
-2.44581
 30
0.0
 10
10.63484
 20
-2.69169
 30
0.0
 10
10.63942
 20
-2.93758
 30
0.0
 10
10.64507
 20
-3.18382
 30
0.0
 10
10.64507
 20
-3.18382
 30
0.0
 10
11.03665
 20
-3.02295
 30
0.0
 10
11.37779
 20
-2.76084
 30
0.0
 10
11.77219
 20
-2.60526
 30
0.0
 10
11.77219
 20
-2.60526
 30
0.0
 10
11.81559
 20
-2.96827
 30
0.0
 10
11.7796
 20
-3.33516
 30
0.0
 10
11.78313
 20
-3.69993
 30
0.0
 10
11.78313
 20
-3.69993
 30
0.0
 10
11.77996
 20
-3.74685
 30
0.0
 10
11.80641
 20
-3.78954
 30
0.0
 10
11.8424
 20
-3.81847
 30
0.0
 10
11.8424
 20
-3.81847
 30
0.0
 10
12.04736
 20
-3.8414
 30
0.0
 10
12.2555
 20
-3.82023
 30
0.0
 10
12.46258
 20
-3.82094
 30
0.0
 10
12.46258
 20
-3.82094
 30
0.0
 10
12.47246
 20
-3.41489
 30
0.0
 10
12.47034
 20
-3.00884
 30
0.0
 10
12.47951
 20
-2.60315
 30
0.0
 10
12.47951
 20
-2.60315
 30
0.0
 10
12.86581
 20
-2.76825
 30
0.0
 10
13.21435
 20
-3.00708
 30
0.0
 10
13.58441
 20
-3.20463
 30
0.0
 10
13.58441
 20
-3.20463
 30
0.0
 10
13.63592
 20
-2.96757
 30
0.0
 10
13.61863
 20
-2.72309
 30
0.0
 10
13.63416
 20
-2.4825
 30
0.0
 10
13.63416
 20
-2.4825
 30
0.0
 10
13.26127
 20
-2.22532
 30
0.0
 10
12.85875
 20
-2.01648
 30
0.0
 10
12.46964
 20
-1.78647
 30
0.0
 10
12.46964
 20
-1.78647
 30
0.0
 10
12.46999
 20
-1.26012
 30
0.0
 10
12.46858
 20
-0.73378
 30
0.0
 10
12.47775
 20
-0.20779
 30
0.0
 10
12.47775
 20
-0.20779
 30
0.0
 10
12.96317
 20
-0.44027
 30
0.0
 10
13.42072
 20
-0.72778
 30
0.0
 10
13.88286
 20
-1.00259
 30
0.0
 10
13.88286
 20
-1.00259
 30
0.0
 10
13.88181
 20
-1.4291
 30
0.0
 10
13.88145
 20
-1.85561
 30
0.0
 10
13.87934
 20
-2.28247
 30
0.0
 10
13.87934
 20
-2.28247
 30
0.0
 10
14.09665
 20
-2.41265
 30
0.0
 10
14.31466
 20
-2.54494
 30
0.0
 10
14.54679
 20
-2.64901
 30
0.0
 10
14.54679
 20
-2.64901
 30
0.0
 10
14.55349
 20
-2.23379
 30
0.0
 10
14.55138
 20
-1.81857
 30
0.0
 10
14.55949
 20
-1.4037
 30
0.0
 10
14.55949
 20
-1.4037
 30
0.0
 10
14.95672
 20
-1.55258
 30
0.0
 10
15.29715
 20
-1.81575
 30
0.0
 10
15.67956
 20
-1.99602
 30
0.0
 10
15.67956
 20
-1.99602
 30
0.0
 10
15.79915
 20
-1.8101
 30
0.0
 10
15.91381
 20
-1.62137
 30
0.0
 10
16.01893
 20
-1.42699
 30
0.0
 10
16.01893
 20
-1.42699
 30
0.0
 10
15.6785
 20
-1.20297
 30
0.0
 10
15.30209
 20
-1.03964
 30
0.0
 10
14.96624
 20
-0.80963
 30
0.0
 10
14.96624
 20
-0.80963
 30
0.0
 10
15.26469
 20
-0.53975
 30
0.0
 10
15.65522
 20
-0.39335
 30
0.0
 10
15.99882
 20
-0.18838
 30
0.0
 10
15.99882
 20
-0.18838
 30
0.0
 10
15.99706
 20
-0.16581
 30
0.0
 10
15.99353
 20
-0.12065
 30
0.0
 10
15.99177
 20
-0.09807
 30
0.0
 10
15.99177
 20
-0.09807
 30
0.0
 10
15.81009
 20
0.00494
 30
0.0
 10
15.63264
 20
0.11642
 30
0.0
 10
15.44249
 20
0.20285
 30
0.0
 10
15.44249
 20
0.20285
 30
0.0
 10
15.36841
 20
0.24412
 30
0.0
 10
15.28798
 20
0.19191
 30
0.0
 10
15.22307
 20
0.15946
 30
0.0
 10
15.22307
 20
0.15946
 30
0.0
 10
14.9098
 20
-0.006
 30
0.0
 10
14.62052
 20
-0.21625
 30
0.0
 10
14.29173
 20
-0.35172
 30
0.0
 10
14.29173
 20
-0.35172
 30
0.0
 10
14.12064
 20
-0.38453
 30
0.0
 10
13.98517
 20
-0.26705
 30
0.0
 10
13.84512
 20
-0.19544
 30
0.0
 10
13.84512
 20
-0.19544
 30
0.0
 10
13.51456
 20
0.00423
 30
0.0
 10
13.17731
 20
0.19191
 30
0.0
 10
12.84393
 20
0.38629
 30
0.0
 10
12.84393
 20
0.38629
 30
0.0
 10
13.208
 20
0.64382
 30
0.0
 10
13.60029
 20
0.8576
 30
0.0
 10
13.98976
 20
1.07386
 30
0.0
 10
13.98976
 20
1.07386
 30
0.0
 10
14.08783
 20
1.11795
 30
0.0
 10
14.20072
 20
1.21214
 30
0.0
 10
14.31396
 20
1.15429
 30
0.0
 10
14.31396
 20
1.15429
 30
0.0
 10
14.63111
 20
0.99871
 30
0.0
 10
14.92215
 20
0.7941
 30
0.0
 10
15.23541
 20
0.63077
 30
0.0
 10
15.23541
 20
0.63077
 30
0.0
 10
15.52222
 20
0.51576
 30
0.0
 10
15.75506
 20
0.79834
 30
0.0
 10
16.00024
 20
0.90135
 30
0.0
 10
16.00024
 20
0.90135
 30
0.0
 10
15.99812
 20
0.92534
 30
0.0
 10
15.99389
 20
0.97296
 30
0.0
 10
15.99177
 20
0.9966
 30
0.0
 10
15.99177
 20
0.9966
 30
0.0
 10
15.66086
 20
1.17016
 30
0.0
 10
15.33313
 20
1.34902
 30
0.0
 10
15.01069
 20
1.53705
 30
0.0
 10
15.01069
 20
1.53705
 30
0.0
 10
15.01211
 20
1.58009
 30
0.0
 10
15.01352
 20
1.62348
 30
0.0
 10
15.01599
 20
1.66617
 30
0.0
 10
15.01599
 20
1.66617
 30
0.0
 10
15.35289
 20
1.84256
 30
0.0
 10
15.68344
 20
2.03094
 30
0.0
 10
16.01505
 20
2.21686
 30
0.0
 10
16.01505
 20
2.21686
 30
0.0
 10
15.91839
 20
2.41265
 30
0.0
 10
15.80656
 20
2.60032
 30
0.0
 10
15.70284
 20
2.79153
 30
0.0
 10
15.70284
 20
2.79153
 30
0.0
 10
15.31302
 20
2.6222
 30
0.0
 10
14.95601
 20
2.3876
 30
0.0
 10
14.58136
 20
2.18899
 30
0.0
 10
14.58136
 20
2.18899
 30
0.0
 10
14.54185
 20
2.60738
 30
0.0
 10
14.55491
 20
3.02895
 30
0.0
 10
14.52986
 20
3.44805
 30
0.0
 10
14.52986
 20
3.44805
 30
0.0
 10
14.31925
 20
3.34081
 30
0.0
 10
14.09771
 20
3.23956
 30
0.0
 10
13.91849
 20
3.08575
 30
0.0
 10
13.91849
 20
3.08575
 30
0.0
 10
13.84441
 20
2.7305
 30
0.0
 10
13.90262
 20
2.35479
 30
0.0
 10
13.87616
 20
1.99214
 30
0.0
 10
13.87616
 20
1.99214
 30
0.0
 10
13.93719
 20
1.82351
 30
0.0
 10
13.79008
 20
1.73496
 30
0.0
 10
13.67437
 20
1.66899
 30
0.0
 10
13.67437
 20
1.66899
 30
0.0
 10
13.27503
 20
1.45133
 30
0.0
 10
12.89544
 20
1.19451
 30
0.0
 10
12.47563
 20
1.01671
 30
0.0
 10
12.47563
 20
1.01671
 30
0.0
 10
12.46611
 20
1.54305
 30
0.0
 10
12.47105
 20
2.06904
 30
0.0
 10
12.47034
 20
2.59539
 30
0.0
 10
12.47034
 20
2.59539
 30
0.0
 10
12.83864
 20
2.81587
 30
0.0
 10
13.22776
 20
3.00284
 30
0.0
 10
13.58159
 20
3.24697
 30
0.0
 10
13.58159
 20
3.24697
 30
0.0
 10
13.67825
 20
3.47945
 30
0.0
 10
13.6084
 20
3.74403
 30
0.0
 10
13.595
 20
3.98745
 30
0.0
 10
13.595
 20
3.98745
 30
0.0
 10
13.21117
 20
3.81741
 30
0.0
 10
12.86157
 20
3.58246
 30
0.0
 10
12.48339
 20
3.40219
 30
0.0
 10
12.48339
 20
3.40219
 30
0.0
 10
12.46434
 20
3.80788
 30
0.0
 10
12.47034
 20
4.21464
 30
0.0
 10
12.48163
 20
4.62033
 30
0.0
 10
12.48163
 20
4.62033
 30
0.0
 10
13.01362
 20
4.68559
 30
0.0
 10
13.51597
 20
4.86833
 30
0.0
 10
14.00669
 20
5.07577
 30
0.0
 10
14.00669
 20
5.07577
 30
0.0
 10
14.05714
 20
4.75615
 30
0.0
 10
14.09594
 20
4.40937
 30
0.0
 10
14.31078
 20
4.15078
 30
0.0
 10
14.31078
 20
4.15078
 30
0.0
 10
14.64204
 20
3.77507
 30
0.0
 10
15.21813
 20
3.71299
 30
0.0
 10
15.66968
 20
3.87526
 30
0.0
 10
15.66968
 20
3.87526
 30
0.0
 10
15.88699
 20
3.99344
 30
0.0
 10
16.13535
 20
4.16913
 30
0.0
 10
16.1604
 20
4.43936
 30
0.0
 10
16.1604
 20
4.43936
 30
0.0
 10
16.20449
 20
4.77273
 30
0.0
 10
15.96672
 20
5.05107
 30
0.0
 10
15.73812
 20
5.26027
 30
0.0
 10
15.73812
 20
5.26027
 30
0.0
 10
15.56526
 20
5.00345
 30
0.0
 10
15.42803
 20
4.67677
 30
0.0
 10
15.10524
 20
4.58294
 30
0.0
 10
15.10524
 20
4.58294
 30
0.0
 10
14.97471
 20
4.56671
 30
0.0
 10
14.85265
 20
4.6736
 30
0.0
 10
14.80044
 20
4.78437
 30
0.0
 10
14.80044
 20
4.78437
 30
0.0
 10
14.76163
 20
5.24016
 30
0.0
 10
14.98882
 20
5.65644
 30
0.0
 10
15.19343
 20
6.04696
 30
0.0
 10
15.19343
 20
6.04696
 30
0.0
 10
15.45555
 20
6.49323
 30
0.0
 10
15.68873
 20
6.95642
 30
0.0
 10
15.88417
 20
7.43585
 30
0.0
 10
15.88417
 20
7.43585
 30
0.0
 10
16.16181
 20
8.14705
 30
0.0
 10
16.20908
 20
8.93692
 30
0.0
 10
16.07256
 20
9.68446
 30
0.0
 10
16.07256
 20
9.68446
 30
0.0
 10
15.75329
 20
11.14743
 30
0.0
 10
14.68931
 20
12.36945
 30
0.0
 10
13.38827
 20
13.06901
 30
0.0
 10
13.38827
 20
13.06901
 30
0.0
 10
12.70741
 20
13.39956
 30
0.0
 10
11.9828
 20
13.67155
 30
0.0
 10
11.22151
 20
13.72729
 30
0.0
 10
11.22151
 20
13.72729
 30
0.0
 10
10.1727
 20
13.83312
 30
0.0
 10
9.12107
 20
13.67261
 30
0.0
 10
8.0959
 20
13.45953
 30
0.0
 10
8.0959
 20
13.45953
 30
0.0
 10
7.74065
 20
13.3664
 30
0.0
 10
7.38646
 20
13.51421
 30
0.0
 10
7.07214
 20
13.66802
 30
0.0
 10
7.07214
 20
13.66802
 30
0.0
 10
6.61952
 20
13.8744
 30
0.0
 10
6.16268
 20
14.09841
 30
0.0
 10
5.66385
 20
14.16544
 30
0.0
 10
5.66385
 20
14.16544
 30
0.0
 10
5.07189
 20
14.24446
 30
0.0
 10
4.47816
 20
14.15909
 30
0.0
 10
3.88655
 20
14.12381
 30
0.0
 10
3.88655
 20
14.12381
 30
0.0
 10
3.94688
 20
14.46389
 30
0.0
 10
4.15572
 20
14.81596
 30
0.0
 10
4.01743
 20
15.16451
 30
0.0
 10
4.01743
 20
15.16451
 30
0.0
 10
3.89184
 20
15.5194
 30
0.0
 10
3.55071
 20
15.75082
 30
0.0
 10
3.19299
 20
15.82173
 30
0.0
 10
3.19299
 20
15.82173
 30
0.0
 10
2.81376
 20
15.92968
 30
0.0
 10
2.36149
 20
15.72295
 30
0.0
 10
2.21615
 20
15.35289
 30
0.0
  0
SPLINE
  5
72
330
1F
100
AcDbEntity
  8
Layer 1
 62
     7
100
AcDbSpline
210
0.0
220
0.0
230
1.0
 70
    11
 71
     3
 72
    48
 73
    44
 74
     0
 42
0.000000001
 43
0.0000000001
 40
0.0
 40
0.0
 40
0.0
 40
0.0
 40
0.0833333333333333
 40
0.0833333333333333
 40
0.0833333333333333
 40
0.0833333333333333
 40
0.1666666666666667
 40
0.1666666666666667
 40
0.1666666666666667
 40
0.1666666666666667
 40
0.25
 40
0.25
 40
0.25
 40
0.25
 40
0.3333333333333333
 40
0.3333333333333333
 40
0.3333333333333333
 40
0.3333333333333333
 40
0.4166666666666667
 40
0.4166666666666667
 40
0.4166666666666667
 40
0.4166666666666667
 40
0.5
 40
0.5
 40
0.5
 40
0.5
 40
0.5833333333333334
 40
0.5833333333333334
 40
0.5833333333333334
 40
0.5833333333333334
 40
0.6666666666666666
 40
0.6666666666666666
 40
0.6666666666666666
 40
0.6666666666666666
 40
0.75
 40
0.75
 40
0.75
 40
0.75
 40
0.8333333333333334
 40
0.8333333333333334
 40
0.8333333333333334
 40
0.8333333333333334
 40
1.0
 40
1.0
 40
1.0
 40
1.0
 10
3.04659
 20
12.96987
 30
0.0
 10
3.90948
 20
13.25245
 30
0.0
 10
4.8066
 20
13.48846
 30
0.0
 10
5.72206
 20
13.44789
 30
0.0
 10
5.72206
 20
13.44789
 30
0.0
 10
6.05614
 20
13.4052
 30
0.0
 10
6.37505
 20
13.28843
 30
0.0
 10
6.69149
 20
13.17696
 30
0.0
 10
6.69149
 20
13.17696
 30
0.0
 10
6.68443
 20
13.15614
 30
0.0
 10
6.67103
 20
13.11416
 30
0.0
 10
6.66432
 20
13.09335
 30
0.0
 10
6.66432
 20
13.09335
 30
0.0
 10
5.11175
 20
12.69859
 30
0.0
 10
3.60398
 20
12.15037
 30
0.0
 10
2.07504
 20
11.67589
 30
0.0
 10
2.07504
 20
11.67589
 30
0.0
 10
0.21096
 20
11.11144
 30
0.0
 10
-1.65241
 20
10.51101
 30
0.0
 10
-3.58211
 20
10.21327
 30
0.0
 10
-3.58211
 20
10.21327
 30
0.0
 10
-4.05553
 20
10.14518
 30
0.0
 10
-4.52861
 20
10.07322
 30
0.0
 10
-5.00451
 20
10.02559
 30
0.0
 10
-5.00451
 20
10.02559
 30
0.0
 10
-5.07647
 20
10.0203
 30
0.0
 10
-5.14809
 20
10.03124
 30
0.0
 10
-5.21899
 20
10.04111
 30
0.0
 10
-5.21899
 20
10.04111
 30
0.0
 10
-4.84787
 20
10.16141
 30
0.0
 10
-4.46793
 20
10.24961
 30
0.0
 10
-4.08799
 20
10.33745
 30
0.0
 10
-4.08799
 20
10.33745
 30
0.0
 10
-3.12914
 20
10.59991
 30
0.0
 10
-2.17346
 20
10.88708
 30
0.0
 10
-1.2573
 20
11.27689
 30
0.0
 10
-1.2573
 20
11.27689
 30
0.0
 10
-0.27481
 20
11.69
 30
0.0
 10
0.68756
 20
12.15249
 30
0.0
 10
1.68769
 20
12.52361
 30
0.0
 10
1.68769
 20
12.52361
 30
0.0
 10
2.13501
 20
12.68942
 30
0.0
 10
2.59539
 20
12.81536
 30
0.0
 10
3.04659
 20
12.96987
 30
0.0
  0
SPLINE
  5
73
330
1F
100
AcDbEntity
  8
Layer 1
 62
     7
100
AcDbSpline
210
0.0
220
0.0
230
1.0
 70
    11
 71
     3
 72
    20
 73
    16
 74
     0
 42
0.000000001
 43
0.0000000001
 40
0.0
 40
0.0
 40
0.0
 40
0.0
 40
0.2
 40
0.2
 40
0.2
 40
0.2
 40
0.4
 40
0.4
 40
0.4
 40
0.4
 40
0.6
 40
0.6
 40
0.6
 40
0.6
 40
1.0
 40
1.0
 40
1.0
 40
1.0
 10
-2.22638
 20
5.71959
 30
0.0
 10
-1.88842
 20
5.8293
 30
0.0
 10
-1.47285
 20
5.61411
 30
0.0
 10
-1.41076
 20
5.25886
 30
0.0
 10
-1.41076
 20
5.25886
 30
0.0
 10
-1.27564
 20
4.79354
 30
0.0
 10
-1.85879
 20
4.34093
 30
0.0
 10
-2.27542
 20
4.57024
 30
0.0
 10
-2.27542
 20
4.57024
 30
0.0
 10
-2.57069
 20
4.69441
 30
0.0
 10
-2.76013
 20
5.086
 30
0.0
 10
-2.59398
 20
5.38057
 30
0.0
 10
-2.59398
 20
5.38057
 30
0.0
 10
-2.52906
 20
5.54249
 30
0.0
 10
-2.37913
 20
5.64903
 30
0.0
 10
-2.22638
 20
5.71959
 30
0.0
  0
SPLINE
  5
74
330
1F
100
AcDbEntity
  8
Layer 1
 62
     7
100
AcDbSpline
210
0.0
220
0.0
230
1.0
 70
    11
 71
     3
 72
    36
 73
    32
 74
     0
 42
0.000000001
 43
0.0000000001
 40
0.0
 40
0.0
 40
0.0
 40
0.0
 40
0.1111111111111111
 40
0.1111111111111111
 40
0.1111111111111111
 40
0.1111111111111111
 40
0.2222222222222222
 40
0.2222222222222222
 40
0.2222222222222222
 40
0.2222222222222222
 40
0.3333333333333333
 40
0.3333333333333333
 40
0.3333333333333333
 40
0.3333333333333333
 40
0.4444444444444444
 40
0.4444444444444444
 40
0.4444444444444444
 40
0.4444444444444444
 40
0.5555555555555556
 40
0.5555555555555556
 40
0.5555555555555556
 40
0.5555555555555556
 40
0.6666666666666666
 40
0.6666666666666666
 40
0.6666666666666666
 40
0.6666666666666666
 40
0.7777777777777778
 40
0.7777777777777778
 40
0.7777777777777778
 40
0.7777777777777778
 40
1.0
 40
1.0
 40
1.0
 40
1.0
 10
-10.44857
 20
4.92619
 30
0.0
 10
-10.52618
 20
3.49814
 30
0.0
 10
-10.86273
 20
2.09832
 30
0.0
 10
-11.22892
 20
0.72037
 30
0.0
 10
-11.22892
 20
0.72037
 30
0.0
 10
-11.78348
 20
-1.22273
 30
0.0
 10
-12.44847
 20
-3.13161
 30
0.0
 10
-13.08418
 20
-5.04931
 30
0.0
 10
-13.08418
 20
-5.04931
 30
0.0
 10
-13.26198
 20
-5.62504
 30
0.0
 10
-13.42743
 20
-6.20466
 30
0.0
 10
-13.61158
 20
-6.77827
 30
0.0
 10
-13.61158
 20
-6.77827
 30
0.0
 10
-13.90262
 20
-6.3373
 30
0.0
 10
-13.97
 20
-5.79049
 30
0.0
 10
-13.94989
 20
-5.27368
 30
0.0
 10
-13.94989
 20
-5.27368
 30
0.0
 10
-13.87687
 20
-4.3621
 30
0.0
 10
-13.55478
 20
-3.50026
 30
0.0
 10
-13.26903
 20
-2.63984
 30
0.0
 10
-13.26903
 20
-2.63984
 30
0.0
 10
-12.99563
 20
-1.71133
 30
0.0
 10
-12.56983
 20
-0.83926
 30
0.0
 10
-12.17789
 20
0.04269
 30
0.0
 10
-12.17789
 20
0.04269
 30
0.0
 10
-11.49914
 20
1.45098
 30
0.0
 10
-10.97068
 20
2.93194
 30
0.0
 10
-10.61861
 20
4.45558
 30
0.0
 10
-10.61861
 20
4.45558
 30
0.0
 10
-10.57804
 20
4.61786
 30
0.0
 10
-10.50466
 20
4.7692
 30
0.0
 10
-10.44857
 20
4.92619
 30
0.0
  0
SPLINE
  5
75
330
1F
100
AcDbEntity
  8
Layer 1
 62
     7
100
AcDbSpline
210
0.0
220
0.0
230
1.0
 70
    11
 71
     3
 72
    16
 73
    12
 74
     0
 42
0.000000001
 43
0.0000000001
 40
0.0
 40
0.0
 40
0.0
 40
0.0
 40
0.25
 40
0.25
 40
0.25
 40
0.25
 40
0.5
 40
0.5
 40
0.5
 40
0.5
 40
1.0
 40
1.0
 40
1.0
 40
1.0
 10
-5.47264
 20
4.09116
 30
0.0
 10
-4.31835
 20
4.34022
 30
0.0
 10
-3.11503
 20
3.54436
 30
0.0
 10
-2.74743
 20
2.4511
 30
0.0
 10
-2.74743
 20
2.4511
 30
0.0
 10
-3.5239
 20
2.54564
 30
0.0
 10
-4.34058
 20
2.71216
 30
0.0
 10
-4.95794
 20
3.22615
 30
0.0
 10
-4.95794
 20
3.22615
 30
0.0
 10
-5.22887
 20
3.43853
 30
0.0
 10
-5.39821
 20
3.7592
 30
0.0
 10
-5.47264
 20
4.09116
 30
0.0
  0
SPLINE
  5
76
330
1F
100
AcDbEntity
  8
Layer 1
 62
     7
100
AcDbSpline
210
0.0
220
0.0
230
1.0
 70
    11
 71
     3
 72
    24
 73
    20
 74
     0
 42
0.000000001
 43
0.0000000001
 40
0.0
 40
0.0
 40
0.0
 40
0.0
 40
0.1666666666666667
 40
0.1666666666666667
 40
0.1666666666666667
 40
0.1666666666666667
 40
0.3333333333333333
 40
0.3333333333333333
 40
0.3333333333333333
 40
0.3333333333333333
 40
0.5
 40
0.5
 40
0.5
 40
0.5
 40
0.6666666666666666
 40
0.6666666666666666
 40
0.6666666666666666
 40
0.6666666666666666
 40
1.0
 40
1.0
 40
1.0
 40
1.0
 10
-0.55845
 20
3.62832
 30
0.0
 10
-0.03175
 20
4.03719
 30
0.0
 10
0.66005
 20
4.19559
 30
0.0
 10
1.31692
 20
4.1208
 30
0.0
 10
1.31692
 20
4.1208
 30
0.0
 10
1.27353
 20
3.90666
 30
0.0
 10
1.21673
 20
3.68371
 30
0.0
 10
1.07315
 20
3.51226
 30
0.0
 10
1.07315
 20
3.51226
 30
0.0
 10
0.68509
 20
2.99826
 30
0.0
 10
0.05821
 20
2.74849
 30
0.0
 10
-0.54645
 20
2.59292
 30
0.0
 10
-0.54645
 20
2.59292
 30
0.0
 10
-0.83114
 20
2.534
 30
0.0
 10
-1.11901
 20
2.47403
 30
0.0
 10
-1.41041
 20
2.46874
 30
0.0
 10
-1.41041
 20
2.46874
 30
0.0
 10
-1.22626
 20
2.91677
 30
0.0
 10
-0.93804
 20
3.32528
 30
0.0
 10
-0.55845
 20
3.62832
 30
0.0
  0
SPLINE
  5
77
330
1F
100
AcDbEntity
  8
Layer 1
 62
     7
100
AcDbSpline
210
0.0
220
0.0
230
1.0
 70
    11
 71
     3
 72
    24
 73
    20
 74
     0
 42
0.000000001
 43
0.0000000001
 40
0.0
 40
0.0
 40
0.0
 40
0.0
 40
0.1666666666666667
 40
0.1666666666666667
 40
0.1666666666666667
 40
0.1666666666666667
 40
0.3333333333333333
 40
0.3333333333333333
 40
0.3333333333333333
 40
0.3333333333333333
 40
0.5
 40
0.5
 40
0.5
 40
0.5
 40
0.6666666666666666
 40
0.6666666666666666
 40
0.6666666666666666
 40
0.6666666666666666
 40
1.0
 40
1.0
 40
1.0
 40
1.0
 10
-4.47922
 20
0.56303
 30
0.0
 10
-4.06259
 20
0.89711
 30
0.0
 10
-3.56517
 20
1.11266
 30
0.0
 10
-3.06317
 20
1.28411
 30
0.0
 10
-3.06317
 20
1.28411
 30
0.0
 10
-3.47063
 20
0.65017
 30
0.0
 10
-4.10281
 20
0.19544
 30
0.0
 10
-4.47075
 20
-0.46919
 30
0.0
 10
-4.47075
 20
-0.46919
 30
0.0
 10
-4.49792
 20
-0.47202
 30
0.0
 10
-4.55189
 20
-0.47801
 30
0.0
 10
-4.57906
 20
-0.48084
 30
0.0
 10
-4.57906
 20
-0.48084
 30
0.0
 10
-4.63621
 20
-0.31962
 30
0.0
 10
-4.68524
 20
-0.15416
 30
0.0
 10
-4.72087
 20
0.0127
 30
0.0
 10
-4.72087
 20
0.0127
 30
0.0
 10
-4.76391
 20
0.22507
 30
0.0
 10
-4.63726
 20
0.4318
 30
0.0
 10
-4.47922
 20
0.56303
 30
0.0
  0
SPLINE
  5
78
330
1F
100
AcDbEntity
  8
Layer 1
 62
     7
100
AcDbSpline
210
0.0
220
0.0
230
1.0
 70
    11
 71
     3
 72
    20
 73
    16
 74
     0
 42
0.000000001
 43
0.0000000001
 40
0.0
 40
0.0
 40
0.0
 40
0.0
 40
0.2
 40
0.2
 40
0.2
 40
0.2
 40
0.4
 40
0.4
 40
0.4
 40
0.4
 40
0.6
 40
0.6
 40
0.6
 40
0.6
 40
1.0
 40
1.0
 40
1.0
 40
1.0
 10
-1.03364
 20
1.28976
 30
0.0
 10
-0.5147
 20
1.04281
 30
0.0
 10
0.06526
 20
0.86431
 30
0.0
 10
0.46849
 20
0.43286
 30
0.0
 10
0.46849
 20
0.43286
 30
0.0
 10
0.68827
 20
0.14499
 30
0.0
 10
0.53058
 20
-0.24024
 30
0.0
 10
0.3877
 20
-0.53164
 30
0.0
 10
0.3877
 20
-0.53164
 30
0.0
 10
-0.03775
 20
0.10336
 30
0.0
 10
-0.58138
 20
0.64206
 30
0.0
 10
-1.08197
 20
1.21532
 30
0.0
 10
-1.08197
 20
1.21532
 30
0.0
 10
-1.06998
 20
1.23402
 30
0.0
 10
-1.04563
 20
1.27106
 30
0.0
 10
-1.03364
 20
1.28976
 30
0.0
  0
SPLINE
  5
79
330
1F
100
AcDbEntity
  8
Layer 1
 62
     7
100
AcDbSpline
210
0.0
220
0.0
230
1.0
 70
    11
 71
     3
 72
    28
 73
    24
 74
     0
 42
0.000000001
 43
0.0000000001
 40
0.0
 40
0.0
 40
0.0
 40
0.0
 40
0.1428571428571428
 40
0.1428571428571428
 40
0.1428571428571428
 40
0.1428571428571428
 40
0.2857142857142857
 40
0.2857142857142857
 40
0.2857142857142857
 40
0.2857142857142857
 40
0.4285714285714285
 40
0.4285714285714285
 40
0.4285714285714285
 40
0.4285714285714285
 40
0.5714285714285714
 40
0.5714285714285714
 40
0.5714285714285714
 40
0.5714285714285714
 40
0.7142857142857143
 40
0.7142857142857143
 40
0.7142857142857143
 40
0.7142857142857143
 40
1.0
 40
1.0
 40
1.0
 40
1.0
 10
-2.4444
 20
0.86078
 30
0.0
 10
-2.20204
 20
0.86254
 30
0.0
 10
-1.95968
 20
0.86289
 30
0.0
 10
-1.71732
 20
0.86148
 30
0.0
 10
-1.71732
 20
0.86148
 30
0.0
 10
-1.69369
 20
0.83608
 30
0.0
 10
-1.67005
 20
0.81068
 30
0.0
 10
-1.64606
 20
0.78528
 30
0.0
 10
-1.64606
 20
0.78528
 30
0.0
 10
-1.72473
 20
0.23636
 30
0.0
 10
-1.80658
 20
-0.3115
 30
0.0
 10
-1.8923
 20
-0.85937
 30
0.0
 10
-1.8923
 20
-0.85937
 30
0.0
 10
-1.95051
 20
-1.22167
 30
0.0
 10
-1.96533
 20
-1.59844
 30
0.0
 10
-2.10891
 20
-1.94098
 30
0.0
 10
-2.10891
 20
-1.94098
 30
0.0
 10
-2.24296
 20
-1.03188
 30
0.0
 10
-2.36326
 20
-0.121
 30
0.0
 10
-2.51531
 20
0.78528
 30
0.0
 10
-2.51531
 20
0.78528
 30
0.0
 10
-2.49167
 20
0.81068
 30
0.0
 10
-2.46803
 20
0.83573
 30
0.0
 10
-2.4444
 20
0.86078
 30
0.0
  0
SPLINE
  5
7A
330
1F
100
AcDbEntity
  8
Layer 1
 62
     7
100
AcDbSpline
210
0.0
220
0.0
230
1.0
 70
    11
 71
     3
 72
    16
 73
    12
 74
     0
 42
0.000000001
 43
0.0000000001
 40
0.0
 40
0.0
 40
0.0
 40
0.0
 40
0.25
 40
0.25
 40
0.25
 40
0.25
 40
0.5
 40
0.5
 40
0.5
 40
0.5
 40
1.0
 40
1.0
 40
1.0
 40
1.0
 10
-3.84739
 20
-1.30457
 30
0.0
 10
-3.66219
 20
-1.04704
 30
0.0
 10
-3.47451
 20
-0.78034
 30
0.0
 10
-3.21769
 20
-0.58914
 30
0.0
 10
-3.21769
 20
-0.58914
 30
0.0
 10
-3.02754
 20
-1.10843
 30
0.0
 10
-2.77742
 20
-1.61043
 30
0.0
 10
-2.6543
 20
-2.15089
 30
0.0
 10
-2.6543
 20
-2.15089
 30
0.0
 10
-3.07199
 20
-1.899
 30
0.0
 10
-3.44593
 20
-1.58044
 30
0.0
 10
-3.84739
 20
-1.30457
 30
0.0
  0
SPLINE
  5
7B
330
1F
100
AcDbEntity
  8
Layer 1
 62
     7
100
AcDbSpline
210
0.0
220
0.0
230
1.0
 70
    11
 71
     3
 72
    20
 73
    16
 74
     0
 42
0.000000001
 43
0.0000000001
 40
0.0
 40
0.0
 40
0.0
 40
0.0
 40
0.2
 40
0.2
 40
0.2
 40
0.2
 40
0.4
 40
0.4
 40
0.4
 40
0.4
 40
0.6
 40
0.6
 40
0.6
 40
0.6
 40
1.0
 40
1.0
 40
1.0
 40
1.0
 10
-1.18816
 20
-1.2827
 30
0.0
 10
-1.07068
 20
-1.04916
 30
0.0
 10
-0.98108
 20
-0.79904
 30
0.0
 10
-0.82585
 20
-0.58667
 30
0.0
 10
-0.82585
 20
-0.58667
 30
0.0
 10
-0.63747
 20
-0.84596
 30
0.0
 10
-0.44626
 20
-1.10455
 30
0.0
 10
-0.27975
 20
-1.37901
 30
0.0
 10
-0.27975
 20
-1.37901
 30
0.0
 10
-0.69638
 20
-1.62137
 30
0.0
 10
-1.09855
 20
-1.89018
 30
0.0
 10
-1.53458
 20
-2.09797
 30
0.0
 10
-1.53458
 20
-2.09797
 30
0.0
 10
-1.46509
 20
-1.80904
 30
0.0
 10
-1.30634
 20
-1.55293
 30
0.0
 10
-1.18816
 20
-1.2827
 30
0.0
  0
SPLINE
  5
7C
330
1F
100
AcDbEntity
  8
Layer 1
 62
     7
100
AcDbSpline
210
0.0
220
0.0
230
1.0
 70
    11
 71
     3
 72
    16
 73
    12
 74
     0
 42
0.000000001
 43
0.0000000001
 40
0.0
 40
0.0
 40
0.0
 40
0.0
 40
0.25
 40
0.25
 40
0.25
 40
0.25
 40
0.5
 40
0.5
 40
0.5
 40
0.5
 40
1.0
 40
1.0
 40
1.0
 40
1.0
 10
-3.98604
 20
-2.26589
 30
0.0
 10
-3.53624
 20
-2.44369
 30
0.0
 10
-3.0667
 20
-2.58339
 30
0.0
 10
-2.64089
 20
-2.81481
 30
0.0
 10
-2.64089
 20
-2.81481
 30
0.0
 10
-3.08187
 20
-3.00919
 30
0.0
 10
-3.53589
 20
-3.17394
 30
0.0
 10
-3.98921
 20
-3.33728
 30
0.0
 10
-3.98921
 20
-3.33728
 30
0.0
 10
-4.00156
 20
-2.98027
 30
0.0
 10
-4.01003
 20
-2.62255
 30
0.0
 10
-3.98604
 20
-2.26589
 30
0.0
  0
SPLINE
  5
7D
330
1F
100
AcDbEntity
  8
Layer 1
 62
     7
100
AcDbSpline
210
0.0
220
0.0
230
1.0
 70
    11
 71
     3
 72
    20
 73
    16
 74
     0
 42
0.000000001
 43
0.0000000001
 40
0.0
 40
0.0
 40
0.0
 40
0.0
 40
0.2
 40
0.2
 40
0.2
 40
0.2
 40
0.4
 40
0.4
 40
0.4
 40
0.4
 40
0.6
 40
0.6
 40
0.6
 40
0.6
 40
1.0
 40
1.0
 40
1.0
 40
1.0
 10
-1.46121
 20
-2.77707
 30
0.0
 10
-1.01635
 20
-2.62749
 30
0.0
 10
-0.59267
 20
-2.41229
 30
0.0
 10
-0.13582
 20
-2.30082
 30
0.0
 10
-0.13582
 20
-2.30082
 30
0.0
 10
-0.12524
 20
-2.64901
 30
0.0
 10
-0.12312
 20
-2.99861
 30
0.0
 10
-0.14993
 20
-3.3468
 30
0.0
 10
-0.14993
 20
-3.3468
 30
0.0
 10
-0.59761
 20
-3.21804
 30
0.0
 10
-1.01988
 20
-3.01625
 30
0.0
 10
-1.45803
 20
-2.86032
 30
0.0
 10
-1.45803
 20
-2.86032
 30
0.0
 10
-1.45909
 20
-2.83951
 30
0.0
 10
-1.4605
 20
-2.79788
 30
0.0
 10
-1.46121
 20
-2.77707
 30
0.0
  0
SPLINE
  5
7E
330
1F
100
AcDbEntity
  8
Layer 1
 62
     7
100
AcDbSpline
210
0.0
220
0.0
230
1.0
 70
    11
 71
     3
 72
    16
 73
    12
 74
     0
 42
0.000000001
 43
0.0000000001
 40
0.0
 40
0.0
 40
0.0
 40
0.0
 40
0.25
 40
0.25
 40
0.25
 40
0.25
 40
0.5
 40
0.5
 40
0.5
 40
0.5
 40
1.0
 40
1.0
 40
1.0
 40
1.0
 10
-1.50989
 20
-3.46851
 30
0.0
 10
-1.08373
 20
-3.72569
 30
0.0
 10
-0.68545
 20
-4.0259
 30
0.0
 10
-0.29316
 20
-4.33141
 30
0.0
 10
-0.29316
 20
-4.33141
 30
0.0
 10
-0.48683
 20
-4.58399
 30
0.0
 10
-0.69497
 20
-4.82565
 30
0.0
 10
-0.9211
 20
-5.05001
 30
0.0
 10
-0.9211
 20
-5.05001
 30
0.0
 10
-1.12395
 20
-4.52508
 30
0.0
 10
-1.33773
 20
-4.00403
 30
0.0
 10
-1.50989
 20
-3.46851
 30
0.0
  0
SPLINE
  5
7F
330
1F
100
AcDbEntity
  8
Layer 1
 62
     7
100
AcDbSpline
210
0.0
220
0.0
230
1.0
 70
    11
 71
     3
 72
    20
 73
    16
 74
     0
 42
0.000000001
 43
0.0000000001
 40
0.0
 40
0.0
 40
0.0
 40
0.0
 40
0.2
 40
0.2
 40
0.2
 40
0.2
 40
0.4
 40
0.4
 40
0.4
 40
0.4
 40
0.6
 40
0.6
 40
0.6
 40
0.6
 40
1.0
 40
1.0
 40
1.0
 40
1.0
 10
-3.85269
 20
-4.23016
 30
0.0
 10
-3.429
 20
-3.99838
 30
0.0
 10
-3.03107
 20
-3.71863
 30
0.0
 10
-2.59433
 20
-3.5112
 30
0.0
 10
-2.59433
 20
-3.5112
 30
0.0
 10
-2.78236
 20
-4.0192
 30
0.0
 10
-3.03777
 20
-4.50003
 30
0.0
 10
-3.26637
 20
-4.9911
 30
0.0
 10
-3.26637
 20
-4.9911
 30
0.0
 10
-3.29071
 20
-4.99039
 30
0.0
 10
-3.33975
 20
-4.98898
 30
0.0
 10
-3.36409
 20
-4.98828
 30
0.0
 10
-3.36409
 20
-4.98828
 30
0.0
 10
-3.51966
 20
-4.73075
 30
0.0
 10
-3.72216
 20
-4.50215
 30
0.0
 10
-3.85269
 20
-4.23016
 30
0.0
  0
SPLINE
  5
80
330
1F
100
AcDbEntity
  8
Layer 1
 62
     7
100
AcDbSpline
210
0.0
220
0.0
230
1.0
 70
    11
 71
     3
 72
    24
 73
    20
 74
     0
 42
0.000000001
 43
0.0000000001
 40
0.0
 40
0.0
 40
0.0
 40
0.0
 40
0.1666666666666667
 40
0.1666666666666667
 40
0.1666666666666667
 40
0.1666666666666667
 40
0.3333333333333333
 40
0.3333333333333333
 40
0.3333333333333333
 40
0.3333333333333333
 40
0.5
 40
0.5
 40
0.5
 40
0.5
 40
0.6666666666666666
 40
0.6666666666666666
 40
0.6666666666666666
 40
0.6666666666666666
 40
1.0
 40
1.0
 40
1.0
 40
1.0
 10
-2.23591
 20
-4.60481
 30
0.0
 10
-2.19428
 20
-4.32047
 30
0.0
 10
-2.17558
 20
-4.02661
 30
0.0
 10
-2.05352
 20
-3.76167
 30
0.0
 10
-2.05352
 20
-3.76167
 30
0.0
 10
-1.94451
 20
-4.16384
 30
0.0
 10
-1.91135
 20
-4.58082
 30
0.0
 10
-1.84785
 20
-4.99145
 30
0.0
 10
-1.84785
 20
-4.99145
 30
0.0
 10
-1.77306
 20
-5.48005
 30
0.0
 10
-1.69369
 20
-5.969
 30
0.0
 10
-1.64465
 20
-6.46148
 30
0.0
 10
-1.64465
 20
-6.46148
 30
0.0
 10
-1.92405
 20
-6.46889
 30
0.0
 10
-2.2038
 20
-6.47171
 30
0.0
 10
-2.48285
 20
-6.46536
 30
0.0
 10
-2.48285
 20
-6.46536
 30
0.0
 10
-2.4384
 20
-5.84059
 30
0.0
 10
-2.31316
 20
-5.2257
 30
0.0
 10
-2.23591
 20
-4.60481
 30
0.0
  0
SPLINE
  5
81
330
1F
100
AcDbEntity
  8
Layer 1
 62
     7
100
AcDbSpline
210
0.0
220
0.0
230
1.0
 70
    11
 71
     3
 72
    24
 73
    20
 74
     0
 42
0.000000001
 43
0.0000000001
 40
0.0
 40
0.0
 40
0.0
 40
0.0
 40
0.1666666666666667
 40
0.1666666666666667
 40
0.1666666666666667
 40
0.1666666666666667
 40
0.3333333333333333
 40
0.3333333333333333
 40
0.3333333333333333
 40
0.3333333333333333
 40
0.5
 40
0.5
 40
0.5
 40
0.5
 40
0.6666666666666666
 40
0.6666666666666666
 40
0.6666666666666666
 40
0.6666666666666666
 40
1.0
 40
1.0
 40
1.0
 40
1.0
 10
2.00625
 20
-7.68703
 30
0.0
 10
2.25954
 20
-7.66269
 30
0.0
 10
2.5146
 20
-7.68209
 30
0.0
 10
2.76825
 20
-7.69655
 30
0.0
 10
2.76825
 20
-7.69655
 30
0.0
 10
2.77001
 20
-8.36224
 30
0.0
 10
2.77001
 20
-9.02794
 30
0.0
 10
2.7686
 20
-9.69433
 30
0.0
 10
2.7686
 20
-9.69433
 30
0.0
 10
2.44898
 20
-9.67281
 30
0.0
 10
2.00907
 20
-9.85802
 30
0.0
 10
1.79352
 20
-9.53276
 30
0.0
 10
1.79352
 20
-9.53276
 30
0.0
 10
1.46332
 20
-9.06251
 30
0.0
 10
1.45732
 20
-8.38729
 30
0.0
 10
1.76459
 20
-7.90434
 30
0.0
 10
1.76459
 20
-7.90434
 30
0.0
 10
1.83162
 20
-7.82179
 30
0.0
 10
1.89759
 20
-7.71737
 30
0.0
 10
2.00625
 20
-7.68703
 30
0.0
  0
SPLINE
  5
82
330
1F
100
AcDbEntity
  8
Layer 1
 62
     7
100
AcDbSpline
210
0.0
220
0.0
230
1.0
 70
    11
 71
     3
 72
    20
 73
    16
 74
     0
 42
0.000000001
 43
0.0000000001
 40
0.0
 40
0.0
 40
0.0
 40
0.0
 40
0.2
 40
0.2
 40
0.2
 40
0.2
 40
0.4
 40
0.4
 40
0.4
 40
0.4
 40
0.6
 40
0.6
 40
0.6
 40
0.6
 40
1.0
 40
1.0
 40
1.0
 40
1.0
 10
3.40536
 20
-7.70008
 30
0.0
 10
3.64596
 20
-7.68456
 30
0.0
 10
3.88726
 20
-7.67433
 30
0.0
 10
4.12891
 20
-7.66763
 30
0.0
 10
4.12891
 20
-7.66763
 30
0.0
 10
4.22028
 20
-8.33085
 30
0.0
 10
4.17089
 20
-9.00395
 30
0.0
 10
4.18147
 20
-9.6714
 30
0.0
 10
4.18147
 20
-9.6714
 30
0.0
 10
3.92324
 20
-9.71091
 30
0.0
 10
3.65901
 20
-9.71691
 30
0.0
 10
3.40113
 20
-9.67564
 30
0.0
 10
3.40113
 20
-9.67564
 30
0.0
 10
3.40466
 20
-9.01665
 30
0.0
 10
3.40395
 20
-8.35836
 30
0.0
 10
3.40536
 20
-7.70008
 30
0.0
  0
SPLINE
  5
83
330
1F
100
AcDbEntity
  8
Layer 1
 62
     7
100
AcDbSpline
210
0.0
220
0.0
230
1.0
 70
    11
 71
     3
 72
    24
 73
    20
 74
     0
 42
0.000000001
 43
0.0000000001
 40
0.0
 40
0.0
 40
0.0
 40
0.0
 40
0.1666666666666667
 40
0.1666666666666667
 40
0.1666666666666667
 40
0.1666666666666667
 40
0.3333333333333333
 40
0.3333333333333333
 40
0.3333333333333333
 40
0.3333333333333333
 40
0.5
 40
0.5
 40
0.5
 40
0.5
 40
0.6666666666666666
 40
0.6666666666666666
 40
0.6666666666666666
 40
0.6666666666666666
 40
1.0
 40
1.0
 40
1.0
 40
1.0
 10
4.82953
 20
-7.66798
 30
0.0
 10
5.0673
 20
-7.67151
 30
0.0
 10
5.30648
 20
-7.67186
 30
0.0
 10
5.54461
 20
-7.68103
 30
0.0
 10
5.54461
 20
-7.68103
 30
0.0
 10
5.56084
 20
-8.35096
 30
0.0
 10
5.55696
 20
-9.02123
 30
0.0
 10
5.56295
 20
-9.69116
 30
0.0
 10
5.56295
 20
-9.69116
 30
0.0
 10
5.3273
 20
-9.70386
 30
0.0
 10
5.08988
 20
-9.73631
 30
0.0
 10
4.85457
 20
-9.71338
 30
0.0
 10
4.85457
 20
-9.71338
 30
0.0
 10
4.75297
 20
-9.55075
 30
0.0
 10
4.80342
 20
-9.34156
 30
0.0
 10
4.7879
 20
-9.15917
 30
0.0
 10
4.7879
 20
-9.15917
 30
0.0
 10
4.82177
 20
-8.66281
 30
0.0
 10
4.75368
 20
-8.16116
 30
0.0
 10
4.82953
 20
-7.66798
 30
0.0
  0
SPLINE
  5
84
330
1F
100
AcDbEntity
  8
Layer 1
 62
     7
100
AcDbSpline
210
0.0
220
0.0
230
1.0
 70
    11
 71
     3
 72
    20
 73
    16
 74
     0
 42
0.000000001
 43
0.0000000001
 40
0.0
 40
0.0
 40
0.0
 40
0.0
 40
0.2
 40
0.2
 40
0.2
 40
0.2
 40
0.4
 40
0.4
 40
0.4
 40
0.4
 40
0.6
 40
0.6
 40
0.6
 40
0.6
 40
1.0
 40
1.0
 40
1.0
 40
1.0
 10
6.23394
 20
-7.66304
 30
0.0
 10
6.47735
 20
-7.67186
 30
0.0
 10
6.72289
 20
-7.67045
 30
0.0
 10
6.96595
 20
-7.69691
 30
0.0
 10
6.96595
 20
-7.69691
 30
0.0
 10
6.96877
 20
-8.36295
 30
0.0
 10
6.96736
 20
-9.02935
 30
0.0
 10
6.96666
 20
-9.69574
 30
0.0
 10
6.96666
 20
-9.69574
 30
0.0
 10
6.70736
 20
-9.70527
 30
0.0
 10
6.44454
 20
-9.72538
 30
0.0
 10
6.18772
 20
-9.68057
 30
0.0
 10
6.18772
 20
-9.68057
 30
0.0
 10
6.21594
 20
-9.00959
 30
0.0
 10
6.13304
 20
-8.32908
 30
0.0
 10
6.23394
 20
-7.66304
 30
0.0
  0
SPLINE
  5
85
330
1F
100
AcDbEntity
  8
Layer 1
 62
     7
100
AcDbSpline
210
0.0
220
0.0
230
1.0
 70
    11
 71
     3
 72
    24
 73
    20
 74
     0
 42
0.000000001
 43
0.0000000001
 40
0.0
 40
0.0
 40
0.0
 40
0.0
 40
0.1666666666666667
 40
0.1666666666666667
 40
0.1666666666666667
 40
0.1666666666666667
 40
0.3333333333333333
 40
0.3333333333333333
 40
0.3333333333333333
 40
0.3333333333333333
 40
0.5
 40
0.5
 40
0.5
 40
0.5
 40
0.6666666666666666
 40
0.6666666666666666
 40
0.6666666666666666
 40
0.6666666666666666
 40
1.0
 40
1.0
 40
1.0
 40
1.0
 10
7.64505
 20
-7.66304
 30
0.0
 10
7.88846
 20
-7.67186
 30
0.0
 10
8.134
 20
-7.67045
 30
0.0
 10
8.37706
 20
-7.69691
 30
0.0
 10
8.37706
 20
-7.69691
 30
0.0
 10
8.37953
 20
-8.34355
 30
0.0
 10
8.38129
 20
-8.99054
 30
0.0
 10
8.37318
 20
-9.63789
 30
0.0
 10
8.37318
 20
-9.63789
 30
0.0
 10
8.34813
 20
-9.66682
 30
0.0
 10
8.32309
 20
-9.69574
 30
0.0
 10
8.29874
 20
-9.72538
 30
0.0
 10
8.29874
 20
-9.72538
 30
0.0
 10
8.06485
 20
-9.71585
 30
0.0
 10
7.83061
 20
-9.71515
 30
0.0
 10
7.59954
 20
-9.68022
 30
0.0
 10
7.59954
 20
-9.68022
 30
0.0
 10
7.62635
 20
-9.00924
 30
0.0
 10
7.54415
 20
-8.32873
 30
0.0
 10
7.64505
 20
-7.66304
 30
0.0
  0
SPLINE
  5
86
330
1F
100
AcDbEntity
  8
Layer 1
 62
     7
100
AcDbSpline
210
0.0
220
0.0
230
1.0
 70
    11
 71
     3
 72
    24
 73
    20
 74
     0
 42
0.000000001
 43
0.0000000001
 40
0.0
 40
0.0
 40
0.0
 40
0.0
 40
0.1666666666666667
 40
0.1666666666666667
 40
0.1666666666666667
 40
0.1666666666666667
 40
0.3333333333333333
 40
0.3333333333333333
 40
0.3333333333333333
 40
0.3333333333333333
 40
0.5
 40
0.5
 40
0.5
 40
0.5
 40
0.6666666666666666
 40
0.6666666666666666
 40
0.6666666666666666
 40
0.6666666666666666
 40
1.0
 40
1.0
 40
1.0
 40
1.0
 10
9.02441
 20
-7.68033
 30
0.0
 10
9.33873
 20
-7.70855
 30
0.0
 10
9.73667
 20
-7.55932
 30
0.0
 10
9.97267
 20
-7.84154
 30
0.0
 10
9.97267
 20
-7.84154
 30
0.0
 10
10.26089
 20
-8.20808
 30
0.0
 10
10.27112
 20
-8.7182
 30
0.0
 10
10.17376
 20
-9.15388
 30
0.0
 10
10.17376
 20
-9.15388
 30
0.0
 10
10.11555
 20
-9.36272
 30
0.0
 10
10.00619
 20
-9.60191
 30
0.0
 10
9.79523
 20
-9.6901
 30
0.0
 10
9.79523
 20
-9.6901
 30
0.0
 10
9.53699
 20
-9.74019
 30
0.0
 10
9.26606
 20
-9.73349
 30
0.0
 10
9.00889
 20
-9.67705
 30
0.0
 10
9.00889
 20
-9.67705
 30
0.0
 10
9.01524
 20
-9.01136
 30
0.0
 10
9.00712
 20
-8.34566
 30
0.0
 10
9.02441
 20
-7.68033
 30
0.0
  0
SPLINE
  5
87
330
1F
100
AcDbEntity
  8
Layer 1
 62
   251
100
AcDbSpline
210
0.0
220
0.0
230
1.0
 70
    11
 71
     3
 72
  1432
 73
  1428
 74
     0
 42
0.000000001
 43
0.0000000001
 40
0.0
 40
0.0
 40
0.0
 40
0.0
 40
0.0027932960893855
 40
0.0027932960893855
 40
0.0027932960893855
 40
0.0027932960893855
 40
0.0055865921787709
 40
0.0055865921787709
 40
0.0055865921787709
 40
0.0055865921787709
 40
0.0083798882681564
 40
0.0083798882681564
 40
0.0083798882681564
 40
0.0083798882681564
 40
0.0111731843575419
 40
0.0111731843575419
 40
0.0111731843575419
 40
0.0111731843575419
 40
0.0139664804469274
 40
0.0139664804469274
 40
0.0139664804469274
 40
0.0139664804469274
 40
0.0167597765363128
 40
0.0167597765363128
 40
0.0167597765363128
 40
0.0167597765363128
 40
0.0195530726256983
 40
0.0195530726256983
 40
0.0195530726256983
 40
0.0195530726256983
 40
0.0223463687150838
 40
0.0223463687150838
 40
0.0223463687150838
 40
0.0223463687150838
 40
0.0251396648044693
 40
0.0251396648044693
 40
0.0251396648044693
 40
0.0251396648044693
 40
0.0279329608938547
 40
0.0279329608938547
 40
0.0279329608938547
 40
0.0279329608938547
 40
0.0307262569832402
 40
0.0307262569832402
 40
0.0307262569832402
 40
0.0307262569832402
 40
0.0335195530726257
 40
0.0335195530726257
 40
0.0335195530726257
 40
0.0335195530726257
 40
0.0363128491620112
 40
0.0363128491620112
 40
0.0363128491620112
 40
0.0363128491620112
 40
0.0391061452513966
 40
0.0391061452513966
 40
0.0391061452513966
 40
0.0391061452513966
 40
0.0418994413407821
 40
0.0418994413407821
 40
0.0418994413407821
 40
0.0418994413407821
 40
0.0446927374301676
 40
0.0446927374301676
 40
0.0446927374301676
 40
0.0446927374301676
 40
0.0474860335195531
 40
0.0474860335195531
 40
0.0474860335195531
 40
0.0474860335195531
 40
0.0502793296089385
 40
0.0502793296089385
 40
0.0502793296089385
 40
0.0502793296089385
 40
0.053072625698324
 40
0.053072625698324
 40
0.053072625698324
 40
0.053072625698324
 40
0.0558659217877095
 40
0.0558659217877095
 40
0.0558659217877095
 40
0.0558659217877095
 40
0.058659217877095
 40
0.058659217877095
 40
0.058659217877095
 40
0.058659217877095
 40
0.0614525139664804
 40
0.0614525139664804
 40
0.0614525139664804
 40
0.0614525139664804
 40
0.0642458100558659
 40
0.0642458100558659
 40
0.0642458100558659
 40
0.0642458100558659
 40
0.0670391061452514
 40
0.0670391061452514
 40
0.0670391061452514
 40
0.0670391061452514
 40
0.0698324022346369
 40
0.0698324022346369
 40
0.0698324022346369
 40
0.0698324022346369
 40
0.0726256983240224
 40
0.0726256983240224
 40
0.0726256983240224
 40
0.0726256983240224
 40
0.0754189944134078
 40
0.0754189944134078
 40
0.0754189944134078
 40
0.0754189944134078
 40
0.0782122905027933
 40
0.0782122905027933
 40
0.0782122905027933
 40
0.0782122905027933
 40
0.0810055865921788
 40
0.0810055865921788
 40
0.0810055865921788
 40
0.0810055865921788
 40
0.0837988826815642
 40
0.0837988826815642
 40
0.0837988826815642
 40
0.0837988826815642
 40
0.0865921787709497
 40
0.0865921787709497
 40
0.0865921787709497
 40
0.0865921787709497
 40
0.0893854748603352
 40
0.0893854748603352
 40
0.0893854748603352
 40
0.0893854748603352
 40
0.0921787709497207
 40
0.0921787709497207
 40
0.0921787709497207
 40
0.0921787709497207
 40
0.0949720670391061
 40
0.0949720670391061
 40
0.0949720670391061
 40
0.0949720670391061
 40
0.0977653631284916
 40
0.0977653631284916
 40
0.0977653631284916
 40
0.0977653631284916
 40
0.1005586592178771
 40
0.1005586592178771
 40
0.1005586592178771
 40
0.1005586592178771
 40
0.1033519553072626
 40
0.1033519553072626
 40
0.1033519553072626
 40
0.1033519553072626
 40
0.106145251396648
 40
0.106145251396648
 40
0.106145251396648
 40
0.106145251396648
 40
0.1089385474860335
 40
0.1089385474860335
 40
0.1089385474860335
 40
0.1089385474860335
 40
0.111731843575419
 40
0.111731843575419
 40
0.111731843575419
 40
0.111731843575419
 40
0.1145251396648045
 40
0.1145251396648045
 40
0.1145251396648045
 40
0.1145251396648045
 40
0.1173184357541899
 40
0.1173184357541899
 40
0.1173184357541899
 40
0.1173184357541899
 40
0.1201117318435754
 40
0.1201117318435754
 40
0.1201117318435754
 40
0.1201117318435754
 40
0.1229050279329609
 40
0.1229050279329609
 40
0.1229050279329609
 40
0.1229050279329609
 40
0.1256983240223464
 40
0.1256983240223464
 40
0.1256983240223464
 40
0.1256983240223464
 40
0.1284916201117318
 40
0.1284916201117318
 40
0.1284916201117318
 40
0.1284916201117318
 40
0.1312849162011173
 40
0.1312849162011173
 40
0.1312849162011173
 40
0.1312849162011173
 40
0.1340782122905028
 40
0.1340782122905028
 40
0.1340782122905028
 40
0.1340782122905028
 40
0.1368715083798883
 40
0.1368715083798883
 40
0.1368715083798883
 40
0.1368715083798883
 40
0.1396648044692737
 40
0.1396648044692737
 40
0.1396648044692737
 40
0.1396648044692737
 40
0.1424581005586592
 40
0.1424581005586592
 40
0.1424581005586592
 40
0.1424581005586592
 40
0.1452513966480447
 40
0.1452513966480447
 40
0.1452513966480447
 40
0.1452513966480447
 40
0.1480446927374302
 40
0.1480446927374302
 40
0.1480446927374302
 40
0.1480446927374302
 40
0.1508379888268156
 40
0.1508379888268156
 40
0.1508379888268156
 40
0.1508379888268156
 40
0.1536312849162011
 40
0.1536312849162011
 40
0.1536312849162011
 40
0.1536312849162011
 40
0.1564245810055866
 40
0.1564245810055866
 40
0.1564245810055866
 40
0.1564245810055866
 40
0.1592178770949721
 40
0.1592178770949721
 40
0.1592178770949721
 40
0.1592178770949721
 40
0.1620111731843575
 40
0.1620111731843575
 40
0.1620111731843575
 40
0.1620111731843575
 40
0.164804469273743
 40
0.164804469273743
 40
0.164804469273743
 40
0.164804469273743
 40
0.1675977653631285
 40
0.1675977653631285
 40
0.1675977653631285
 40
0.1675977653631285
 40
0.170391061452514
 40
0.170391061452514
 40
0.170391061452514
 40
0.170391061452514
 40
0.1731843575418995
 40
0.1731843575418995
 40
0.1731843575418995
 40
0.1731843575418995
 40
0.1759776536312849
 40
0.1759776536312849
 40
0.1759776536312849
 40
0.1759776536312849
 40
0.1787709497206704
 40
0.1787709497206704
 40
0.1787709497206704
 40
0.1787709497206704
 40
0.1815642458100559
 40
0.1815642458100559
 40
0.1815642458100559
 40
0.1815642458100559
 40
0.1843575418994413
 40
0.1843575418994413
 40
0.1843575418994413
 40
0.1843575418994413
 40
0.1871508379888268
 40
0.1871508379888268
 40
0.1871508379888268
 40
0.1871508379888268
 40
0.1899441340782123
 40
0.1899441340782123
 40
0.1899441340782123
 40
0.1899441340782123
 40
0.1927374301675978
 40
0.1927374301675978
 40
0.1927374301675978
 40
0.1927374301675978
 40
0.1955307262569832
 40
0.1955307262569832
 40
0.1955307262569832
 40
0.1955307262569832
 40
0.1983240223463687
 40
0.1983240223463687
 40
0.1983240223463687
 40
0.1983240223463687
 40
0.2011173184357542
 40
0.2011173184357542
 40
0.2011173184357542
 40
0.2011173184357542
 40
0.2039106145251397
 40
0.2039106145251397
 40
0.2039106145251397
 40
0.2039106145251397
 40
0.2067039106145251
 40
0.2067039106145251
 40
0.2067039106145251
 40
0.2067039106145251
 40
0.2094972067039106
 40
0.2094972067039106
 40
0.2094972067039106
 40
0.2094972067039106
 40
0.2122905027932961
 40
0.2122905027932961
 40
0.2122905027932961
 40
0.2122905027932961
 40
0.2150837988826816
 40
0.2150837988826816
 40
0.2150837988826816
 40
0.2150837988826816
 40
0.217877094972067
 40
0.217877094972067
 40
0.217877094972067
 40
0.217877094972067
 40
0.2206703910614525
 40
0.2206703910614525
 40
0.2206703910614525
 40
0.2206703910614525
 40
0.223463687150838
 40
0.223463687150838
 40
0.223463687150838
 40
0.223463687150838
 40
0.2262569832402235
 40
0.2262569832402235
 40
0.2262569832402235
 40
0.2262569832402235
 40
0.2290502793296089
 40
0.2290502793296089
 40
0.2290502793296089
 40
0.2290502793296089
 40
0.2318435754189944
 40
0.2318435754189944
 40
0.2318435754189944
 40
0.2318435754189944
 40
0.2346368715083799
 40
0.2346368715083799
 40
0.2346368715083799
 40
0.2346368715083799
 40
0.2374301675977654
 40
0.2374301675977654
 40
0.2374301675977654
 40
0.2374301675977654
 40
0.2402234636871508
 40
0.2402234636871508
 40
0.2402234636871508
 40
0.2402234636871508
 40
0.2430167597765363
 40
0.2430167597765363
 40
0.2430167597765363
 40
0.2430167597765363
 40
0.2458100558659218
 40
0.2458100558659218
 40
0.2458100558659218
 40
0.2458100558659218
 40
0.2486033519553073
 40
0.2486033519553073
 40
0.2486033519553073
 40
0.2486033519553073
 40
0.2513966480446927
 40
0.2513966480446927
 40
0.2513966480446927
 40
0.2513966480446927
 40
0.2541899441340782
 40
0.2541899441340782
 40
0.2541899441340782
 40
0.2541899441340782
 40
0.2569832402234637
 40
0.2569832402234637
 40
0.2569832402234637
 40
0.2569832402234637
 40
0.2597765363128491
 40
0.2597765363128491
 40
0.2597765363128491
 40
0.2597765363128491
 40
0.2625698324022346
 40
0.2625698324022346
 40
0.2625698324022346
 40
0.2625698324022346
 40
0.2653631284916201
 40
0.2653631284916201
 40
0.2653631284916201
 40
0.2653631284916201
 40
0.2681564245810056
 40
0.2681564245810056
 40
0.2681564245810056
 40
0.2681564245810056
 40
0.2709497206703911
 40
0.2709497206703911
 40
0.2709497206703911
 40
0.2709497206703911
 40
0.2737430167597765
 40
0.2737430167597765
 40
0.2737430167597765
 40
0.2737430167597765
 40
0.276536312849162
 40
0.276536312849162
 40
0.276536312849162
 40
0.276536312849162
 40
0.2793296089385475
 40
0.2793296089385475
 40
0.2793296089385475
 40
0.2793296089385475
 40
0.282122905027933
 40
0.282122905027933
 40
0.282122905027933
 40
0.282122905027933
 40
0.2849162011173184
 40
0.2849162011173184
 40
0.2849162011173184
 40
0.2849162011173184
 40
0.2877094972067039
 40
0.2877094972067039
 40
0.2877094972067039
 40
0.2877094972067039
 40
0.2905027932960894
 40
0.2905027932960894
 40
0.2905027932960894
 40
0.2905027932960894
 40
0.2932960893854749
 40
0.2932960893854749
 40
0.2932960893854749
 40
0.2932960893854749
 40
0.2960893854748604
 40
0.2960893854748604
 40
0.2960893854748604
 40
0.2960893854748604
 40
0.2988826815642458
 40
0.2988826815642458
 40
0.2988826815642458
 40
0.2988826815642458
 40
0.3016759776536313
 40
0.3016759776536313
 40
0.3016759776536313
 40
0.3016759776536313
 40
0.3044692737430167
 40
0.3044692737430167
 40
0.3044692737430167
 40
0.3044692737430167
 40
0.3072625698324022
 40
0.3072625698324022
 40
0.3072625698324022
 40
0.3072625698324022
 40
0.3100558659217877
 40
0.3100558659217877
 40
0.3100558659217877
 40
0.3100558659217877
 40
0.3128491620111732
 40
0.3128491620111732
 40
0.3128491620111732
 40
0.3128491620111732
 40
0.3156424581005586
 40
0.3156424581005586
 40
0.3156424581005586
 40
0.3156424581005586
 40
0.3184357541899441
 40
0.3184357541899441
 40
0.3184357541899441
 40
0.3184357541899441
 40
0.3212290502793296
 40
0.3212290502793296
 40
0.3212290502793296
 40
0.3212290502793296
 40
0.3240223463687151
 40
0.3240223463687151
 40
0.3240223463687151
 40
0.3240223463687151
 40
0.3268156424581006
 40
0.3268156424581006
 40
0.3268156424581006
 40
0.3268156424581006
 40
0.329608938547486
 40
0.329608938547486
 40
0.329608938547486
 40
0.329608938547486
 40
0.3324022346368715
 40
0.3324022346368715
 40
0.3324022346368715
 40
0.3324022346368715
 40
0.335195530726257
 40
0.335195530726257
 40
0.335195530726257
 40
0.335195530726257
 40
0.3379888268156425
 40
0.3379888268156425
 40
0.3379888268156425
 40
0.3379888268156425
 40
0.3407821229050279
 40
0.3407821229050279
 40
0.3407821229050279
 40
0.3407821229050279
 40
0.3435754189944134
 40
0.3435754189944134
 40
0.3435754189944134
 40
0.3435754189944134
 40
0.3463687150837989
 40
0.3463687150837989
 40
0.3463687150837989
 40
0.3463687150837989
 40
0.3491620111731844
 40
0.3491620111731844
 40
0.3491620111731844
 40
0.3491620111731844
 40
0.3519553072625698
 40
0.3519553072625698
 40
0.3519553072625698
 40
0.3519553072625698
 40
0.3547486033519553
 40
0.3547486033519553
 40
0.3547486033519553
 40
0.3547486033519553
 40
0.3575418994413408
 40
0.3575418994413408
 40
0.3575418994413408
 40
0.3575418994413408
 40
0.3603351955307262
 40
0.3603351955307262
 40
0.3603351955307262
 40
0.3603351955307262
 40
0.3631284916201117
 40
0.3631284916201117
 40
0.3631284916201117
 40
0.3631284916201117
 40
0.3659217877094972
 40
0.3659217877094972
 40
0.3659217877094972
 40
0.3659217877094972
 40
0.3687150837988827
 40
0.3687150837988827
 40
0.3687150837988827
 40
0.3687150837988827
 40
0.3715083798882682
 40
0.3715083798882682
 40
0.3715083798882682
 40
0.3715083798882682
 40
0.3743016759776536
 40
0.3743016759776536
 40
0.3743016759776536
 40
0.3743016759776536
 40
0.3770949720670391
 40
0.3770949720670391
 40
0.3770949720670391
 40
0.3770949720670391
 40
0.3798882681564246
 40
0.3798882681564246
 40
0.3798882681564246
 40
0.3798882681564246
 40
0.3826815642458101
 40
0.3826815642458101
 40
0.3826815642458101
 40
0.3826815642458101
 40
0.3854748603351955
 40
0.3854748603351955
 40
0.3854748603351955
 40
0.3854748603351955
 40
0.388268156424581
 40
0.388268156424581
 40
0.388268156424581
 40
0.388268156424581
 40
0.3910614525139665
 40
0.3910614525139665
 40
0.3910614525139665
 40
0.3910614525139665
 40
0.393854748603352
 40
0.393854748603352
 40
0.393854748603352
 40
0.393854748603352
 40
0.3966480446927375
 40
0.3966480446927375
 40
0.3966480446927375
 40
0.3966480446927375
 40
0.3994413407821229
 40
0.3994413407821229
 40
0.3994413407821229
 40
0.3994413407821229
 40
0.4022346368715084
 40
0.4022346368715084
 40
0.4022346368715084
 40
0.4022346368715084
 40
0.4050279329608938
 40
0.4050279329608938
 40
0.4050279329608938
 40
0.4050279329608938
 40
0.4078212290502793
 40
0.4078212290502793
 40
0.4078212290502793
 40
0.4078212290502793
 40
0.4106145251396648
 40
0.4106145251396648
 40
0.4106145251396648
 40
0.4106145251396648
 40
0.4134078212290503
 40
0.4134078212290503
 40
0.4134078212290503
 40
0.4134078212290503
 40
0.4162011173184357
 40
0.4162011173184357
 40
0.4162011173184357
 40
0.4162011173184357
 40
0.4189944134078212
 40
0.4189944134078212
 40
0.4189944134078212
 40
0.4189944134078212
 40
0.4217877094972067
 40
0.4217877094972067
 40
0.4217877094972067
 40
0.4217877094972067
 40
0.4245810055865922
 40
0.4245810055865922
 40
0.4245810055865922
 40
0.4245810055865922
 40
0.4273743016759777
 40
0.4273743016759777
 40
0.4273743016759777
 40
0.4273743016759777
 40
0.4301675977653631
 40
0.4301675977653631
 40
0.4301675977653631
 40
0.4301675977653631
 40
0.4329608938547486
 40
0.4329608938547486
 40
0.4329608938547486
 40
0.4329608938547486
 40
0.4357541899441341
 40
0.4357541899441341
 40
0.4357541899441341
 40
0.4357541899441341
 40
0.4385474860335196
 40
0.4385474860335196
 40
0.4385474860335196
 40
0.4385474860335196
 40
0.441340782122905
 40
0.441340782122905
 40
0.441340782122905
 40
0.441340782122905
 40
0.4441340782122905
 40
0.4441340782122905
 40
0.4441340782122905
 40
0.4441340782122905
 40
0.446927374301676
 40
0.446927374301676
 40
0.446927374301676
 40
0.446927374301676
 40
0.4497206703910615
 40
0.4497206703910615
 40
0.4497206703910615
 40
0.4497206703910615
 40
0.4525139664804469
 40
0.4525139664804469
 40
0.4525139664804469
 40
0.4525139664804469
 40
0.4553072625698324
 40
0.4553072625698324
 40
0.4553072625698324
 40
0.4553072625698324
 40
0.4581005586592179
 40
0.4581005586592179
 40
0.4581005586592179
 40
0.4581005586592179
 40
0.4608938547486033
 40
0.4608938547486033
 40
0.4608938547486033
 40
0.4608938547486033
 40
0.4636871508379888
 40
0.4636871508379888
 40
0.4636871508379888
 40
0.4636871508379888
 40
0.4664804469273743
 40
0.4664804469273743
 40
0.4664804469273743
 40
0.4664804469273743
 40
0.4692737430167598
 40
0.4692737430167598
 40
0.4692737430167598
 40
0.4692737430167598
 40
0.4720670391061452
 40
0.4720670391061452
 40
0.4720670391061452
 40
0.4720670391061452
 40
0.4748603351955307
 40
0.4748603351955307
 40
0.4748603351955307
 40
0.4748603351955307
 40
0.4776536312849162
 40
0.4776536312849162
 40
0.4776536312849162
 40
0.4776536312849162
 40
0.4804469273743017
 40
0.4804469273743017
 40
0.4804469273743017
 40
0.4804469273743017
 40
0.4832402234636872
 40
0.4832402234636872
 40
0.4832402234636872
 40
0.4832402234636872
 40
0.4860335195530726
 40
0.4860335195530726
 40
0.4860335195530726
 40
0.4860335195530726
 40
0.4888268156424581
 40
0.4888268156424581
 40
0.4888268156424581
 40
0.4888268156424581
 40
0.4916201117318436
 40
0.4916201117318436
 40
0.4916201117318436
 40
0.4916201117318436
 40
0.4944134078212291
 40
0.4944134078212291
 40
0.4944134078212291
 40
0.4944134078212291
 40
0.4972067039106145
 40
0.4972067039106145
 40
0.4972067039106145
 40
0.4972067039106145
 40
0.5
 40
0.5
 40
0.5
 40
0.5
 40
0.5027932960893855
 40
0.5027932960893855
 40
0.5027932960893855
 40
0.5027932960893855
 40
0.505586592178771
 40
0.505586592178771
 40
0.505586592178771
 40
0.505586592178771
 40
0.5083798882681564
 40
0.5083798882681564
 40
0.5083798882681564
 40
0.5083798882681564
 40
0.5111731843575419
 40
0.5111731843575419
 40
0.5111731843575419
 40
0.5111731843575419
 40
0.5139664804469274
 40
0.5139664804469274
 40
0.5139664804469274
 40
0.5139664804469274
 40
0.5167597765363129
 40
0.5167597765363129
 40
0.5167597765363129
 40
0.5167597765363129
 40
0.5195530726256983
 40
0.5195530726256983
 40
0.5195530726256983
 40
0.5195530726256983
 40
0.5223463687150838
 40
0.5223463687150838
 40
0.5223463687150838
 40
0.5223463687150838
 40
0.5251396648044693
 40
0.5251396648044693
 40
0.5251396648044693
 40
0.5251396648044693
 40
0.5279329608938548
 40
0.5279329608938548
 40
0.5279329608938548
 40
0.5279329608938548
 40
0.5307262569832403
 40
0.5307262569832403
 40
0.5307262569832403
 40
0.5307262569832403
 40
0.5335195530726257
 40
0.5335195530726257
 40
0.5335195530726257
 40
0.5335195530726257
 40
0.5363128491620112
 40
0.5363128491620112
 40
0.5363128491620112
 40
0.5363128491620112
 40
0.5391061452513967
 40
0.5391061452513967
 40
0.5391061452513967
 40
0.5391061452513967
 40
0.5418994413407822
 40
0.5418994413407822
 40
0.5418994413407822
 40
0.5418994413407822
 40
0.5446927374301676
 40
0.5446927374301676
 40
0.5446927374301676
 40
0.5446927374301676
 40
0.547486033519553
 40
0.547486033519553
 40
0.547486033519553
 40
0.547486033519553
 40
0.5502793296089385
 40
0.5502793296089385
 40
0.5502793296089385
 40
0.5502793296089385
 40
0.553072625698324
 40
0.553072625698324
 40
0.553072625698324
 40
0.553072625698324
 40
0.5558659217877095
 40
0.5558659217877095
 40
0.5558659217877095
 40
0.5558659217877095
 40
0.5586592178770949
 40
0.5586592178770949
 40
0.5586592178770949
 40
0.5586592178770949
 40
0.5614525139664804
 40
0.5614525139664804
 40
0.5614525139664804
 40
0.5614525139664804
 40
0.5642458100558659
 40
0.5642458100558659
 40
0.5642458100558659
 40
0.5642458100558659
 40
0.5670391061452514
 40
0.5670391061452514
 40
0.5670391061452514
 40
0.5670391061452514
 40
0.5698324022346368
 40
0.5698324022346368
 40
0.5698324022346368
 40
0.5698324022346368
 40
0.5726256983240223
 40
0.5726256983240223
 40
0.5726256983240223
 40
0.5726256983240223
 40
0.5754189944134078
 40
0.5754189944134078
 40
0.5754189944134078
 40
0.5754189944134078
 40
0.5782122905027933
 40
0.5782122905027933
 40
0.5782122905027933
 40
0.5782122905027933
 40
0.5810055865921788
 40
0.5810055865921788
 40
0.5810055865921788
 40
0.5810055865921788
 40
0.5837988826815642
 40
0.5837988826815642
 40
0.5837988826815642
 40
0.5837988826815642
 40
0.5865921787709497
 40
0.5865921787709497
 40
0.5865921787709497
 40
0.5865921787709497
 40
0.5893854748603352
 40
0.5893854748603352
 40
0.5893854748603352
 40
0.5893854748603352
 40
0.5921787709497207
 40
0.5921787709497207
 40
0.5921787709497207
 40
0.5921787709497207
 40
0.5949720670391061
 40
0.5949720670391061
 40
0.5949720670391061
 40
0.5949720670391061
 40
0.5977653631284916
 40
0.5977653631284916
 40
0.5977653631284916
 40
0.5977653631284916
 40
0.6005586592178771
 40
0.6005586592178771
 40
0.6005586592178771
 40
0.6005586592178771
 40
0.6033519553072626
 40
0.6033519553072626
 40
0.6033519553072626
 40
0.6033519553072626
 40
0.6061452513966481
 40
0.6061452513966481
 40
0.6061452513966481
 40
0.6061452513966481
 40
0.6089385474860335
 40
0.6089385474860335
 40
0.6089385474860335
 40
0.6089385474860335
 40
0.611731843575419
 40
0.611731843575419
 40
0.611731843575419
 40
0.611731843575419
 40
0.6145251396648045
 40
0.6145251396648045
 40
0.6145251396648045
 40
0.6145251396648045
 40
0.61731843575419
 40
0.61731843575419
 40
0.61731843575419
 40
0.61731843575419
 40
0.6201117318435754
 40
0.6201117318435754
 40
0.6201117318435754
 40
0.6201117318435754
 40
0.6229050279329609
 40
0.6229050279329609
 40
0.6229050279329609
 40
0.6229050279329609
 40
0.6256983240223464
 40
0.6256983240223464
 40
0.6256983240223464
 40
0.6256983240223464
 40
0.6284916201117319
 40
0.6284916201117319
 40
0.6284916201117319
 40
0.6284916201117319
 40
0.6312849162011173
 40
0.6312849162011173
 40
0.6312849162011173
 40
0.6312849162011173
 40
0.6340782122905028
 40
0.6340782122905028
 40
0.6340782122905028
 40
0.6340782122905028
 40
0.6368715083798883
 40
0.6368715083798883
 40
0.6368715083798883
 40
0.6368715083798883
 40
0.6396648044692738
 40
0.6396648044692738
 40
0.6396648044692738
 40
0.6396648044692738
 40
0.6424581005586593
 40
0.6424581005586593
 40
0.6424581005586593
 40
0.6424581005586593
 40
0.6452513966480447
 40
0.6452513966480447
 40
0.6452513966480447
 40
0.6452513966480447
 40
0.6480446927374302
 40
0.6480446927374302
 40
0.6480446927374302
 40
0.6480446927374302
 40
0.6508379888268156
 40
0.6508379888268156
 40
0.6508379888268156
 40
0.6508379888268156
 40
0.6536312849162011
 40
0.6536312849162011
 40
0.6536312849162011
 40
0.6536312849162011
 40
0.6564245810055865
 40
0.6564245810055865
 40
0.6564245810055865
 40
0.6564245810055865
 40
0.659217877094972
 40
0.659217877094972
 40
0.659217877094972
 40
0.659217877094972
 40
0.6620111731843575
 40
0.6620111731843575
 40
0.6620111731843575
 40
0.6620111731843575
 40
0.664804469273743
 40
0.664804469273743
 40
0.664804469273743
 40
0.664804469273743
 40
0.6675977653631285
 40
0.6675977653631285
 40
0.6675977653631285
 40
0.6675977653631285
 40
0.6703910614525139
 40
0.6703910614525139
 40
0.6703910614525139
 40
0.6703910614525139
 40
0.6731843575418994
 40
0.6731843575418994
 40
0.6731843575418994
 40
0.6731843575418994
 40
0.6759776536312849
 40
0.6759776536312849
 40
0.6759776536312849
 40
0.6759776536312849
 40
0.6787709497206704
 40
0.6787709497206704
 40
0.6787709497206704
 40
0.6787709497206704
 40
0.6815642458100558
 40
0.6815642458100558
 40
0.6815642458100558
 40
0.6815642458100558
 40
0.6843575418994413
 40
0.6843575418994413
 40
0.6843575418994413
 40
0.6843575418994413
 40
0.6871508379888268
 40
0.6871508379888268
 40
0.6871508379888268
 40
0.6871508379888268
 40
0.6899441340782123
 40
0.6899441340782123
 40
0.6899441340782123
 40
0.6899441340782123
 40
0.6927374301675978
 40
0.6927374301675978
 40
0.6927374301675978
 40
0.6927374301675978
 40
0.6955307262569832
 40
0.6955307262569832
 40
0.6955307262569832
 40
0.6955307262569832
 40
0.6983240223463687
 40
0.6983240223463687
 40
0.6983240223463687
 40
0.6983240223463687
 40
0.7011173184357542
 40
0.7011173184357542
 40
0.7011173184357542
 40
0.7011173184357542
 40
0.7039106145251397
 40
0.7039106145251397
 40
0.7039106145251397
 40
0.7039106145251397
 40
0.7067039106145251
 40
0.7067039106145251
 40
0.7067039106145251
 40
0.7067039106145251
 40
0.7094972067039106
 40
0.7094972067039106
 40
0.7094972067039106
 40
0.7094972067039106
 40
0.7122905027932961
 40
0.7122905027932961
 40
0.7122905027932961
 40
0.7122905027932961
 40
0.7150837988826816
 40
0.7150837988826816
 40
0.7150837988826816
 40
0.7150837988826816
 40
0.7178770949720671
 40
0.7178770949720671
 40
0.7178770949720671
 40
0.7178770949720671
 40
0.7206703910614525
 40
0.7206703910614525
 40
0.7206703910614525
 40
0.7206703910614525
 40
0.723463687150838
 40
0.723463687150838
 40
0.723463687150838
 40
0.723463687150838
 40
0.7262569832402235
 40
0.7262569832402235
 40
0.7262569832402235
 40
0.7262569832402235
 40
0.729050279329609
 40
0.729050279329609
 40
0.729050279329609
 40
0.729050279329609
 40
0.7318435754189944
 40
0.7318435754189944
 40
0.7318435754189944
 40
0.7318435754189944
 40
0.7346368715083799
 40
0.7346368715083799
 40
0.7346368715083799
 40
0.7346368715083799
 40
0.7374301675977654
 40
0.7374301675977654
 40
0.7374301675977654
 40
0.7374301675977654
 40
0.7402234636871509
 40
0.7402234636871509
 40
0.7402234636871509
 40
0.7402234636871509
 40
0.7430167597765364
 40
0.7430167597765364
 40
0.7430167597765364
 40
0.7430167597765364
 40
0.7458100558659218
 40
0.7458100558659218
 40
0.7458100558659218
 40
0.7458100558659218
 40
0.7486033519553073
 40
0.7486033519553073
 40
0.7486033519553073
 40
0.7486033519553073
 40
0.7513966480446927
 40
0.7513966480446927
 40
0.7513966480446927
 40
0.7513966480446927
 40
0.7541899441340782
 40
0.7541899441340782
 40
0.7541899441340782
 40
0.7541899441340782
 40
0.7569832402234636
 40
0.7569832402234636
 40
0.7569832402234636
 40
0.7569832402234636
 40
0.7597765363128491
 40
0.7597765363128491
 40
0.7597765363128491
 40
0.7597765363128491
 40
0.7625698324022346
 40
0.7625698324022346
 40
0.7625698324022346
 40
0.7625698324022346
 40
0.7653631284916201
 40
0.7653631284916201
 40
0.7653631284916201
 40
0.7653631284916201
 40
0.7681564245810056
 40
0.7681564245810056
 40
0.7681564245810056
 40
0.7681564245810056
 40
0.770949720670391
 40
0.770949720670391
 40
0.770949720670391
 40
0.770949720670391
 40
0.7737430167597765
 40
0.7737430167597765
 40
0.7737430167597765
 40
0.7737430167597765
 40
0.776536312849162
 40
0.776536312849162
 40
0.776536312849162
 40
0.776536312849162
 40
0.7793296089385475
 40
0.7793296089385475
 40
0.7793296089385475
 40
0.7793296089385475
 40
0.7821229050279329
 40
0.7821229050279329
 40
0.7821229050279329
 40
0.7821229050279329
 40
0.7849162011173184
 40
0.7849162011173184
 40
0.7849162011173184
 40
0.7849162011173184
 40
0.7877094972067039
 40
0.7877094972067039
 40
0.7877094972067039
 40
0.7877094972067039
 40
0.7905027932960894
 40
0.7905027932960894
 40
0.7905027932960894
 40
0.7905027932960894
 40
0.7932960893854749
 40
0.7932960893854749
 40
0.7932960893854749
 40
0.7932960893854749
 40
0.7960893854748603
 40
0.7960893854748603
 40
0.7960893854748603
 40
0.7960893854748603
 40
0.7988826815642458
 40
0.7988826815642458
 40
0.7988826815642458
 40
0.7988826815642458
 40
0.8016759776536313
 40
0.8016759776536313
 40
0.8016759776536313
 40
0.8016759776536313
 40
0.8044692737430168
 40
0.8044692737430168
 40
0.8044692737430168
 40
0.8044692737430168
 40
0.8072625698324022
 40
0.8072625698324022
 40
0.8072625698324022
 40
0.8072625698324022
 40
0.8100558659217877
 40
0.8100558659217877
 40
0.8100558659217877
 40
0.8100558659217877
 40
0.8128491620111732
 40
0.8128491620111732
 40
0.8128491620111732
 40
0.8128491620111732
 40
0.8156424581005587
 40
0.8156424581005587
 40
0.8156424581005587
 40
0.8156424581005587
 40
0.8184357541899442
 40
0.8184357541899442
 40
0.8184357541899442
 40
0.8184357541899442
 40
0.8212290502793296
 40
0.8212290502793296
 40
0.8212290502793296
 40
0.8212290502793296
 40
0.8240223463687151
 40
0.8240223463687151
 40
0.8240223463687151
 40
0.8240223463687151
 40
0.8268156424581006
 40
0.8268156424581006
 40
0.8268156424581006
 40
0.8268156424581006
 40
0.8296089385474861
 40
0.8296089385474861
 40
0.8296089385474861
 40
0.8296089385474861
 40
0.8324022346368715
 40
0.8324022346368715
 40
0.8324022346368715
 40
0.8324022346368715
 40
0.835195530726257
 40
0.835195530726257
 40
0.835195530726257
 40
0.835195530726257
 40
0.8379888268156425
 40
0.8379888268156425
 40
0.8379888268156425
 40
0.8379888268156425
 40
0.840782122905028
 40
0.840782122905028
 40
0.840782122905028
 40
0.840782122905028
 40
0.8435754189944135
 40
0.8435754189944135
 40
0.8435754189944135
 40
0.8435754189944135
 40
0.8463687150837989
 40
0.8463687150837989
 40
0.8463687150837989
 40
0.8463687150837989
 40
0.8491620111731844
 40
0.8491620111731844
 40
0.8491620111731844
 40
0.8491620111731844
 40
0.8519553072625698
 40
0.8519553072625698
 40
0.8519553072625698
 40
0.8519553072625698
 40
0.8547486033519553
 40
0.8547486033519553
 40
0.8547486033519553
 40
0.8547486033519553
 40
0.8575418994413407
 40
0.8575418994413407
 40
0.8575418994413407
 40
0.8575418994413407
 40
0.8603351955307262
 40
0.8603351955307262
 40
0.8603351955307262
 40
0.8603351955307262
 40
0.8631284916201117
 40
0.8631284916201117
 40
0.8631284916201117
 40
0.8631284916201117
 40
0.8659217877094972
 40
0.8659217877094972
 40
0.8659217877094972
 40
0.8659217877094972
 40
0.8687150837988827
 40
0.8687150837988827
 40
0.8687150837988827
 40
0.8687150837988827
 40
0.8715083798882681
 40
0.8715083798882681
 40
0.8715083798882681
 40
0.8715083798882681
 40
0.8743016759776536
 40
0.8743016759776536
 40
0.8743016759776536
 40
0.8743016759776536
 40
0.8770949720670391
 40
0.8770949720670391
 40
0.8770949720670391
 40
0.8770949720670391
 40
0.8798882681564246
 40
0.8798882681564246
 40
0.8798882681564246
 40
0.8798882681564246
 40
0.88268156424581
 40
0.88268156424581
 40
0.88268156424581
 40
0.88268156424581
 40
0.8854748603351955
 40
0.8854748603351955
 40
0.8854748603351955
 40
0.8854748603351955
 40
0.888268156424581
 40
0.888268156424581
 40
0.888268156424581
 40
0.888268156424581
 40
0.8910614525139665
 40
0.8910614525139665
 40
0.8910614525139665
 40
0.8910614525139665
 40
0.8938547486033519
 40
0.8938547486033519
 40
0.8938547486033519
 40
0.8938547486033519
 40
0.8966480446927374
 40
0.8966480446927374
 40
0.8966480446927374
 40
0.8966480446927374
 40
0.8994413407821229
 40
0.8994413407821229
 40
0.8994413407821229
 40
0.8994413407821229
 40
0.9022346368715084
 40
0.9022346368715084
 40
0.9022346368715084
 40
0.9022346368715084
 40
0.9050279329608939
 40
0.9050279329608939
 40
0.9050279329608939
 40
0.9050279329608939
 40
0.9078212290502793
 40
0.9078212290502793
 40
0.9078212290502793
 40
0.9078212290502793
 40
0.9106145251396648
 40
0.9106145251396648
 40
0.9106145251396648
 40
0.9106145251396648
 40
0.9134078212290503
 40
0.9134078212290503
 40
0.9134078212290503
 40
0.9134078212290503
 40
0.9162011173184358
 40
0.9162011173184358
 40
0.9162011173184358
 40
0.9162011173184358
 40
0.9189944134078212
 40
0.9189944134078212
 40
0.9189944134078212
 40
0.9189944134078212
 40
0.9217877094972067
 40
0.9217877094972067
 40
0.9217877094972067
 40
0.9217877094972067
 40
0.9245810055865922
 40
0.9245810055865922
 40
0.9245810055865922
 40
0.9245810055865922
 40
0.9273743016759777
 40
0.9273743016759777
 40
0.9273743016759777
 40
0.9273743016759777
 40
0.9301675977653632
 40
0.9301675977653632
 40
0.9301675977653632
 40
0.9301675977653632
 40
0.9329608938547486
 40
0.9329608938547486
 40
0.9329608938547486
 40
0.9329608938547486
 40
0.9357541899441341
 40
0.9357541899441341
 40
0.9357541899441341
 40
0.9357541899441341
 40
0.9385474860335196
 40
0.9385474860335196
 40
0.9385474860335196
 40
0.9385474860335196
 40
0.9413407821229051
 40
0.9413407821229051
 40
0.9413407821229051
 40
0.9413407821229051
 40
0.9441340782122905
 40
0.9441340782122905
 40
0.9441340782122905
 40
0.9441340782122905
 40
0.946927374301676
 40
0.946927374301676
 40
0.946927374301676
 40
0.946927374301676
 40
0.9497206703910615
 40
0.9497206703910615
 40
0.9497206703910615
 40
0.9497206703910615
 40
0.952513966480447
 40
0.952513966480447
 40
0.952513966480447
 40
0.952513966480447
 40
0.9553072625698324
 40
0.9553072625698324
 40
0.9553072625698324
 40
0.9553072625698324
 40
0.9581005586592178
 40
0.9581005586592178
 40
0.9581005586592178
 40
0.9581005586592178
 40
0.9608938547486033
 40
0.9608938547486033
 40
0.9608938547486033
 40
0.9608938547486033
 40
0.9636871508379888
 40
0.9636871508379888
 40
0.9636871508379888
 40
0.9636871508379888
 40
0.9664804469273743
 40
0.9664804469273743
 40
0.9664804469273743
 40
0.9664804469273743
 40
0.9692737430167597
 40
0.9692737430167597
 40
0.9692737430167597
 40
0.9692737430167597
 40
0.9720670391061452
 40
0.9720670391061452
 40
0.9720670391061452
 40
0.9720670391061452
 40
0.9748603351955307
 40
0.9748603351955307
 40
0.9748603351955307
 40
0.9748603351955307
 40
0.9776536312849162
 40
0.9776536312849162
 40
0.9776536312849162
 40
0.9776536312849162
 40
0.9804469273743017
 40
0.9804469273743017
 40
0.9804469273743017
 40
0.9804469273743017
 40
0.9832402234636871
 40
0.9832402234636871
 40
0.9832402234636871
 40
0.9832402234636871
 40
0.9860335195530726
 40
0.9860335195530726
 40
0.9860335195530726
 40
0.9860335195530726
 40
0.9888268156424581
 40
0.9888268156424581
 40
0.9888268156424581
 40
0.9888268156424581
 40
0.9916201117318436
 40
0.9916201117318436
 40
0.9916201117318436
 40
0.9916201117318436
 40
0.994413407821229
 40
0.994413407821229
 40
0.994413407821229
 40
0.994413407821229
 40
1.0
 40
1.0
 40
1.0
 40
1.0
 10
2.21615
 20
15.35289
 30
0.0
 10
2.36149
 20
15.72295
 30
0.0
 10
2.81376
 20
15.92968
 30
0.0
 10
3.19299
 20
15.82173
 30
0.0
 10
3.19299
 20
15.82173
 30
0.0
 10
3.55071
 20
15.75082
 30
0.0
 10
3.89184
 20
15.5194
 30
0.0
 10
4.01743
 20
15.16451
 30
0.0
 10
4.01743
 20
15.16451
 30
0.0
 10
4.15572
 20
14.81596
 30
0.0
 10
3.94688
 20
14.46389
 30
0.0
 10
3.88655
 20
14.12381
 30
0.0
 10
3.88655
 20
14.12381
 30
0.0
 10
4.47816
 20
14.15909
 30
0.0
 10
5.07189
 20
14.24446
 30
0.0
 10
5.66385
 20
14.16544
 30
0.0
 10
5.66385
 20
14.16544
 30
0.0
 10
6.16268
 20
14.09841
 30
0.0
 10
6.61952
 20
13.8744
 30
0.0
 10
7.07214
 20
13.66802
 30
0.0
 10
7.07214
 20
13.66802
 30
0.0
 10
7.38646
 20
13.51421
 30
0.0
 10
7.74065
 20
13.3664
 30
0.0
 10
8.0959
 20
13.45953
 30
0.0
 10
8.0959
 20
13.45953
 30
0.0
 10
9.12107
 20
13.67261
 30
0.0
 10
10.1727
 20
13.83312
 30
0.0
 10
11.22151
 20
13.72729
 30
0.0
 10
11.22151
 20
13.72729
 30
0.0
 10
11.9828
 20
13.67155
 30
0.0
 10
12.70741
 20
13.39956
 30
0.0
 10
13.38827
 20
13.06901
 30
0.0
 10
13.38827
 20
13.06901
 30
0.0
 10
14.68931
 20
12.36945
 30
0.0
 10
15.75329
 20
11.14743
 30
0.0
 10
16.07256
 20
9.68446
 30
0.0
 10
16.07256
 20
9.68446
 30
0.0
 10
16.20908
 20
8.93692
 30
0.0
 10
16.16181
 20
8.14705
 30
0.0
 10
15.88417
 20
7.43585
 30
0.0
 10
15.88417
 20
7.43585
 30
0.0
 10
15.68873
 20
6.95642
 30
0.0
 10
15.45555
 20
6.49323
 30
0.0
 10
15.19343
 20
6.04696
 30
0.0
 10
15.19343
 20
6.04696
 30
0.0
 10
14.98882
 20
5.65644
 30
0.0
 10
14.76163
 20
5.24016
 30
0.0
 10
14.80044
 20
4.78437
 30
0.0
 10
14.80044
 20
4.78437
 30
0.0
 10
14.85265
 20
4.6736
 30
0.0
 10
14.97471
 20
4.56671
 30
0.0
 10
15.10524
 20
4.58294
 30
0.0
 10
15.10524
 20
4.58294
 30
0.0
 10
15.42803
 20
4.67677
 30
0.0
 10
15.56526
 20
5.00345
 30
0.0
 10
15.73812
 20
5.26027
 30
0.0
 10
15.73812
 20
5.26027
 30
0.0
 10
15.96672
 20
5.05107
 30
0.0
 10
16.20449
 20
4.77273
 30
0.0
 10
16.1604
 20
4.43936
 30
0.0
 10
16.1604
 20
4.43936
 30
0.0
 10
16.13535
 20
4.16913
 30
0.0
 10
15.88699
 20
3.99344
 30
0.0
 10
15.66968
 20
3.87526
 30
0.0
 10
15.66968
 20
3.87526
 30
0.0
 10
15.21813
 20
3.71299
 30
0.0
 10
14.64204
 20
3.77507
 30
0.0
 10
14.31078
 20
4.15078
 30
0.0
 10
14.31078
 20
4.15078
 30
0.0
 10
14.09594
 20
4.40937
 30
0.0
 10
14.05714
 20
4.75615
 30
0.0
 10
14.00669
 20
5.07577
 30
0.0
 10
14.00669
 20
5.07577
 30
0.0
 10
13.51597
 20
4.86833
 30
0.0
 10
13.01362
 20
4.68559
 30
0.0
 10
12.48163
 20
4.62033
 30
0.0
 10
12.48163
 20
4.62033
 30
0.0
 10
12.47034
 20
4.21464
 30
0.0
 10
12.46434
 20
3.80788
 30
0.0
 10
12.48339
 20
3.40219
 30
0.0
 10
12.48339
 20
3.40219
 30
0.0
 10
12.86157
 20
3.58246
 30
0.0
 10
13.21117
 20
3.81741
 30
0.0
 10
13.595
 20
3.98745
 30
0.0
 10
13.595
 20
3.98745
 30
0.0
 10
13.6084
 20
3.74403
 30
0.0
 10
13.67825
 20
3.47945
 30
0.0
 10
13.58159
 20
3.24697
 30
0.0
 10
13.58159
 20
3.24697
 30
0.0
 10
13.22776
 20
3.00284
 30
0.0
 10
12.83864
 20
2.81587
 30
0.0
 10
12.47034
 20
2.59539
 30
0.0
 10
12.47034
 20
2.59539
 30
0.0
 10
12.47105
 20
2.06904
 30
0.0
 10
12.46611
 20
1.54305
 30
0.0
 10
12.47563
 20
1.01671
 30
0.0
 10
12.47563
 20
1.01671
 30
0.0
 10
12.89544
 20
1.19451
 30
0.0
 10
13.27503
 20
1.45133
 30
0.0
 10
13.67437
 20
1.66899
 30
0.0
 10
13.67437
 20
1.66899
 30
0.0
 10
13.79008
 20
1.73496
 30
0.0
 10
13.93719
 20
1.82351
 30
0.0
 10
13.87616
 20
1.99214
 30
0.0
 10
13.87616
 20
1.99214
 30
0.0
 10
13.90262
 20
2.35479
 30
0.0
 10
13.84441
 20
2.7305
 30
0.0
 10
13.91849
 20
3.08575
 30
0.0
 10
13.91849
 20
3.08575
 30
0.0
 10
14.09771
 20
3.23956
 30
0.0
 10
14.31925
 20
3.34081
 30
0.0
 10
14.52986
 20
3.44805
 30
0.0
 10
14.52986
 20
3.44805
 30
0.0
 10
14.55491
 20
3.02895
 30
0.0
 10
14.54185
 20
2.60738
 30
0.0
 10
14.58136
 20
2.18899
 30
0.0
 10
14.58136
 20
2.18899
 30
0.0
 10
14.95601
 20
2.3876
 30
0.0
 10
15.31302
 20
2.6222
 30
0.0
 10
15.70284
 20
2.79153
 30
0.0
 10
15.70284
 20
2.79153
 30
0.0
 10
15.80656
 20
2.60032
 30
0.0
 10
15.91839
 20
2.41265
 30
0.0
 10
16.01505
 20
2.21686
 30
0.0
 10
16.01505
 20
2.21686
 30
0.0
 10
15.68344
 20
2.03094
 30
0.0
 10
15.35289
 20
1.84256
 30
0.0
 10
15.01599
 20
1.66617
 30
0.0
 10
15.01599
 20
1.66617
 30
0.0
 10
15.01352
 20
1.62348
 30
0.0
 10
15.01211
 20
1.58009
 30
0.0
 10
15.01069
 20
1.53705
 30
0.0
 10
15.01069
 20
1.53705
 30
0.0
 10
15.33313
 20
1.34902
 30
0.0
 10
15.66086
 20
1.17016
 30
0.0
 10
15.99177
 20
0.9966
 30
0.0
 10
15.99177
 20
0.9966
 30
0.0
 10
15.99389
 20
0.97296
 30
0.0
 10
15.99812
 20
0.92534
 30
0.0
 10
16.00024
 20
0.90135
 30
0.0
 10
16.00024
 20
0.90135
 30
0.0
 10
15.75506
 20
0.79834
 30
0.0
 10
15.52222
 20
0.51576
 30
0.0
 10
15.23541
 20
0.63077
 30
0.0
 10
15.23541
 20
0.63077
 30
0.0
 10
14.92215
 20
0.7941
 30
0.0
 10
14.63111
 20
0.99871
 30
0.0
 10
14.31396
 20
1.15429
 30
0.0
 10
14.31396
 20
1.15429
 30
0.0
 10
14.20072
 20
1.21214
 30
0.0
 10
14.08783
 20
1.11795
 30
0.0
 10
13.98976
 20
1.07386
 30
0.0
 10
13.98976
 20
1.07386
 30
0.0
 10
13.60029
 20
0.8576
 30
0.0
 10
13.208
 20
0.64382
 30
0.0
 10
12.84393
 20
0.38629
 30
0.0
 10
12.84393
 20
0.38629
 30
0.0
 10
13.17731
 20
0.19191
 30
0.0
 10
13.51456
 20
0.00423
 30
0.0
 10
13.84512
 20
-0.19544
 30
0.0
 10
13.84512
 20
-0.19544
 30
0.0
 10
13.98517
 20
-0.26705
 30
0.0
 10
14.12064
 20
-0.38453
 30
0.0
 10
14.29173
 20
-0.35172
 30
0.0
 10
14.29173
 20
-0.35172
 30
0.0
 10
14.62052
 20
-0.21625
 30
0.0
 10
14.9098
 20
-0.006
 30
0.0
 10
15.22307
 20
0.15946
 30
0.0
 10
15.22307
 20
0.15946
 30
0.0
 10
15.28798
 20
0.19191
 30
0.0
 10
15.36841
 20
0.24412
 30
0.0
 10
15.44249
 20
0.20285
 30
0.0
 10
15.44249
 20
0.20285
 30
0.0
 10
15.63264
 20
0.11642
 30
0.0
 10
15.81009
 20
0.00494
 30
0.0
 10
15.99177
 20
-0.09807
 30
0.0
 10
15.99177
 20
-0.09807
 30
0.0
 10
15.99353
 20
-0.12065
 30
0.0
 10
15.99706
 20
-0.16581
 30
0.0
 10
15.99882
 20
-0.18838
 30
0.0
 10
15.99882
 20
-0.18838
 30
0.0
 10
15.65522
 20
-0.39335
 30
0.0
 10
15.26469
 20
-0.53975
 30
0.0
 10
14.96624
 20
-0.80963
 30
0.0
 10
14.96624
 20
-0.80963
 30
0.0
 10
15.30209
 20
-1.03964
 30
0.0
 10
15.6785
 20
-1.20297
 30
0.0
 10
16.01893
 20
-1.42699
 30
0.0
 10
16.01893
 20
-1.42699
 30
0.0
 10
15.91381
 20
-1.62137
 30
0.0
 10
15.79915
 20
-1.8101
 30
0.0
 10
15.67956
 20
-1.99602
 30
0.0
 10
15.67956
 20
-1.99602
 30
0.0
 10
15.29715
 20
-1.81575
 30
0.0
 10
14.95672
 20
-1.55258
 30
0.0
 10
14.55949
 20
-1.4037
 30
0.0
 10
14.55949
 20
-1.4037
 30
0.0
 10
14.55138
 20
-1.81857
 30
0.0
 10
14.55349
 20
-2.23379
 30
0.0
 10
14.54679
 20
-2.64901
 30
0.0
 10
14.54679
 20
-2.64901
 30
0.0
 10
14.31466
 20
-2.54494
 30
0.0
 10
14.09665
 20
-2.41265
 30
0.0
 10
13.87934
 20
-2.28247
 30
0.0
 10
13.87934
 20
-2.28247
 30
0.0
 10
13.88145
 20
-1.85561
 30
0.0
 10
13.88181
 20
-1.4291
 30
0.0
 10
13.88286
 20
-1.00259
 30
0.0
 10
13.88286
 20
-1.00259
 30
0.0
 10
13.42072
 20
-0.72778
 30
0.0
 10
12.96317
 20
-0.44027
 30
0.0
 10
12.47775
 20
-0.20779
 30
0.0
 10
12.47775
 20
-0.20779
 30
0.0
 10
12.46858
 20
-0.73378
 30
0.0
 10
12.46999
 20
-1.26012
 30
0.0
 10
12.46964
 20
-1.78647
 30
0.0
 10
12.46964
 20
-1.78647
 30
0.0
 10
12.85875
 20
-2.01648
 30
0.0
 10
13.26127
 20
-2.22532
 30
0.0
 10
13.63416
 20
-2.4825
 30
0.0
 10
13.63416
 20
-2.4825
 30
0.0
 10
13.61863
 20
-2.72309
 30
0.0
 10
13.63592
 20
-2.96757
 30
0.0
 10
13.58441
 20
-3.20463
 30
0.0
 10
13.58441
 20
-3.20463
 30
0.0
 10
13.21435
 20
-3.00708
 30
0.0
 10
12.86581
 20
-2.76825
 30
0.0
 10
12.47951
 20
-2.60315
 30
0.0
 10
12.47951
 20
-2.60315
 30
0.0
 10
12.47034
 20
-3.00884
 30
0.0
 10
12.47246
 20
-3.41489
 30
0.0
 10
12.46258
 20
-3.82094
 30
0.0
 10
12.46258
 20
-3.82094
 30
0.0
 10
12.2555
 20
-3.82023
 30
0.0
 10
12.04736
 20
-3.8414
 30
0.0
 10
11.8424
 20
-3.81847
 30
0.0
 10
11.8424
 20
-3.81847
 30
0.0
 10
11.80641
 20
-3.78954
 30
0.0
 10
11.77996
 20
-3.74685
 30
0.0
 10
11.78313
 20
-3.69993
 30
0.0
 10
11.78313
 20
-3.69993
 30
0.0
 10
11.7796
 20
-3.33516
 30
0.0
 10
11.81559
 20
-2.96827
 30
0.0
 10
11.77219
 20
-2.60526
 30
0.0
 10
11.77219
 20
-2.60526
 30
0.0
 10
11.37779
 20
-2.76084
 30
0.0
 10
11.03665
 20
-3.02295
 30
0.0
 10
10.64507
 20
-3.18382
 30
0.0
 10
10.64507
 20
-3.18382
 30
0.0
 10
10.63942
 20
-2.93758
 30
0.0
 10
10.63484
 20
-2.69169
 30
0.0
 10
10.63131
 20
-2.44581
 30
0.0
 10
10.63131
 20
-2.44581
 30
0.0
 10
11.02254
 20
-2.21544
 30
0.0
 10
11.43176
 20
-2.01471
 30
0.0
 10
11.80465
 20
-1.75401
 30
0.0
 10
11.80465
 20
-1.75401
 30
0.0
 10
11.79618
 20
-1.2379
 30
0.0
 10
11.81559
 20
-0.72037
 30
0.0
 10
11.77643
 20
-0.20532
 30
0.0
 10
11.77643
 20
-0.20532
 30
0.0
 10
11.28677
 20
-0.44097
 30
0.0
 10
10.81299
 20
-0.71261
 30
0.0
 10
10.35297
 20
-1.00189
 30
0.0
 10
10.35297
 20
-1.00189
 30
0.0
 10
10.35403
 20
-1.42734
 30
0.0
 10
10.35297
 20
-1.85349
 30
0.0
 10
10.35509
 20
-2.27965
 30
0.0
 10
10.35509
 20
-2.27965
 30
0.0
 10
10.13319
 20
-2.42323
 30
0.0
 10
9.90106
 20
-2.55129
 30
0.0
 10
9.65659
 20
-2.65218
 30
0.0
 10
9.65659
 20
-2.65218
 30
0.0
 10
9.64777
 20
-2.23732
 30
0.0
 10
9.64988
 20
-1.8228
 30
0.0
 10
9.64353
 20
-1.40794
 30
0.0
 10
9.64353
 20
-1.40794
 30
0.0
 10
9.2583
 20
-1.57198
 30
0.0
 10
8.92528
 20
-1.83656
 30
0.0
 10
8.53193
 20
-1.98332
 30
0.0
 10
8.53193
 20
-1.98332
 30
0.0
 10
8.4268
 20
-1.79529
 30
0.0
 10
8.32167
 20
-1.60761
 30
0.0
 10
8.22678
 20
-1.41499
 30
0.0
 10
8.22678
 20
-1.41499
 30
0.0
 10
8.58696
 20
-1.21708
 30
0.0
 10
8.94715
 20
-1.01671
 30
0.0
 10
9.29005
 20
-0.78987
 30
0.0
 10
9.29005
 20
-0.78987
 30
0.0
 10
8.94151
 20
-0.55421
 30
0.0
 10
8.55451
 20
-0.38418
 30
0.0
 10
8.20632
 20
-0.14887
 30
0.0
 10
8.20632
 20
-0.14887
 30
0.0
 10
8.37494
 20
-0.03881
 30
0.0
 10
8.5404
 20
0.07902
 30
0.0
 10
8.71926
 20
0.17321
 30
0.0
 10
8.71926
 20
0.17321
 30
0.0
 10
8.78205
 20
0.20179
 30
0.0
 10
8.85613
 20
0.2413
 30
0.0
 10
8.92528
 20
0.20779
 30
0.0
 10
8.92528
 20
0.20779
 30
0.0
 10
9.26289
 20
0.03457
 30
0.0
 10
9.57404
 20
-0.18909
 30
0.0
 10
9.92329
 20
-0.33973
 30
0.0
 10
9.92329
 20
-0.33973
 30
0.0
 10
10.12402
 20
-0.38806
 30
0.0
 10
10.29017
 20
-0.24201
 30
0.0
 10
10.45563
 20
-0.15699
 30
0.0
 10
10.45563
 20
-0.15699
 30
0.0
 10
10.76607
 20
0.03457
 30
0.0
 10
11.10262
 20
0.18486
 30
0.0
 10
11.40001
 20
0.39758
 30
0.0
 10
11.40001
 20
0.39758
 30
0.0
 10
11.05323
 20
0.63535
 30
0.0
 10
10.67611
 20
0.82303
 30
0.0
 10
10.31628
 20
1.03858
 30
0.0
 10
10.31628
 20
1.03858
 30
0.0
 10
10.19104
 20
1.08479
 30
0.0
 10
10.06299
 20
1.22626
 30
0.0
 10
9.92187
 20
1.15358
 30
0.0
 10
9.92187
 20
1.15358
 30
0.0
 10
9.59273
 20
1.00259
 30
0.0
 10
9.30063
 20
0.78105
 30
0.0
 10
8.97431
 20
0.62477
 30
0.0
 10
8.97431
 20
0.62477
 30
0.0
 10
8.71326
 20
0.54434
 30
0.0
 10
8.5023
 20
0.78246
 30
0.0
 10
8.27687
 20
0.87171
 30
0.0
 10
8.27687
 20
0.87171
 30
0.0
 10
8.27511
 20
0.91581
 30
0.0
 10
8.2737
 20
0.95956
 30
0.0
 10
8.27264
 20
1.0033
 30
0.0
 10
8.27264
 20
1.0033
 30
0.0
 10
8.61095
 20
1.20685
 30
0.0
 10
8.98454
 20
1.35996
 30
0.0
 10
9.28934
 20
1.61537
 30
0.0
 10
9.28934
 20
1.61537
 30
0.0
 10
8.93868
 20
1.83374
 30
0.0
 10
8.55451
 20
1.99708
 30
0.0
 10
8.22078
 20
2.2419
 30
0.0
 10
8.22078
 20
2.2419
 30
0.0
 10
8.33014
 20
2.41864
 30
0.0
 10
8.40458
 20
2.62678
 30
0.0
 10
8.56474
 20
2.76542
 30
0.0
 10
8.56474
 20
2.76542
 30
0.0
 10
8.65329
 20
2.76084
 30
0.0
 10
8.73019
 20
2.7118
 30
0.0
 10
8.80604
 20
2.67088
 30
0.0
 10
8.80604
 20
2.67088
 30
0.0
 10
9.08262
 20
2.51354
 30
0.0
 10
9.36061
 20
2.35903
 30
0.0
 10
9.63471
 20
2.1971
 30
0.0
 10
9.63471
 20
2.1971
 30
0.0
 10
9.68234
 20
2.61655
 30
0.0
 10
9.61849
 20
3.042
 30
0.0
 10
9.67811
 20
3.46075
 30
0.0
 10
9.67811
 20
3.46075
 30
0.0
 10
9.8806
 20
3.36726
 30
0.0
 10
10.08133
 20
3.26708
 30
0.0
 10
10.26266
 20
3.13549
 30
0.0
 10
10.26266
 20
3.13549
 30
0.0
 10
10.34591
 20
3.08046
 30
0.0
 10
10.36426
 20
2.97074
 30
0.0
 10
10.35015
 20
2.87584
 30
0.0
 10
10.35015
 20
2.87584
 30
0.0
 10
10.36461
 20
2.51284
 30
0.0
 10
10.35614
 20
2.14912
 30
0.0
 10
10.35579
 20
1.78576
 30
0.0
 10
10.35579
 20
1.78576
 30
0.0
 10
10.83522
 20
1.54728
 30
0.0
 10
11.27372
 20
1.23155
 30
0.0
 10
11.76761
 20
1.02023
 30
0.0
 10
11.76761
 20
1.02023
 30
0.0
 10
11.805
 20
1.46121
 30
0.0
 10
11.81664
 20
1.90465
 30
0.0
 10
11.79724
 20
2.34668
 30
0.0
 10
11.79724
 20
2.34668
 30
0.0
 10
11.79971
 20
2.44334
 30
0.0
 10
11.79512
 20
2.57528
 30
0.0
 10
11.69776
 20
2.62961
 30
0.0
 10
11.69776
 20
2.62961
 30
0.0
 10
11.34957
 20
2.8515
 30
0.0
 10
10.97597
 20
3.03001
 30
0.0
 10
10.63484
 20
3.26319
 30
0.0
 10
10.63484
 20
3.26319
 30
0.0
 10
10.6366
 20
3.50591
 30
0.0
 10
10.63978
 20
3.74826
 30
0.0
 10
10.64472
 20
3.99062
 30
0.0
 10
10.64472
 20
3.99062
 30
0.0
 10
11.02642
 20
3.81564
 30
0.0
 10
11.3792
 20
3.58599
 30
0.0
 10
11.7542
 20
3.3969
 30
0.0
 10
11.7542
 20
3.3969
 30
0.0
 10
11.805
 20
3.77049
 30
0.0
 10
11.82017
 20
4.14973
 30
0.0
 10
11.79407
 20
4.52579
 30
0.0
 10
11.79407
 20
4.52579
 30
0.0
 10
11.67941
 20
4.63797
 30
0.0
 10
11.4935
 20
4.60587
 30
0.0
 10
11.35345
 20
4.6542
 30
0.0
 10
11.35345
 20
4.6542
 30
0.0
 10
10.40589
 20
4.79213
 30
0.0
 10
9.52571
 20
5.33541
 30
0.0
 10
8.97819
 20
6.12069
 30
0.0
 10
8.97819
 20
6.12069
 30
0.0
 10
8.38341
 20
6.97371
 30
0.0
 10
8.29204
 20
8.19961
 30
0.0
 10
8.8713
 20
9.08403
 30
0.0
 10
8.8713
 20
9.08403
 30
0.0
 10
9.24877
 20
9.75184
 30
0.0
 10
10.01148
 20
10.17199
 30
0.0
 10
10.77736
 20
10.14448
 30
0.0
 10
10.77736
 20
10.14448
 30
0.0
 10
11.15095
 20
10.16317
 30
0.0
 10
11.54853
 20
10.0778
 30
0.0
 10
11.83464
 20
9.82416
 30
0.0
 10
11.83464
 20
9.82416
 30
0.0
 10
12.23433
 20
9.47491
 30
0.0
 10
12.31124
 20
8.86037
 30
0.0
 10
12.13732
 20
8.37812
 30
0.0
 10
12.13732
 20
8.37812
 30
0.0
 10
11.73233
 20
8.77041
 30
0.0
 10
11.17494
 20
9.04699
 30
0.0
 10
10.60132
 20
9.01277
 30
0.0
 10
10.60132
 20
9.01277
 30
0.0
 10
10.18681
 20
8.92351
 30
0.0
 10
9.88907
 20
8.55839
 30
0.0
 10
9.74019
 20
8.17915
 30
0.0
 10
9.74019
 20
8.17915
 30
0.0
 10
9.62554
 20
7.80521
 30
0.0
 10
9.57792
 20
7.36953
 30
0.0
 10
9.75642
 20
7.00687
 30
0.0
 10
9.75642
 20
7.00687
 30
0.0
 10
9.90353
 20
6.66997
 30
0.0
 10
10.11132
 20
6.35353
 30
0.0
 10
10.38472
 20
6.10552
 30
0.0
 10
10.38472
 20
6.10552
 30
0.0
 10
10.4581
 20
6.60894
 30
0.0
 10
10.42247
 20
7.21113
 30
0.0
 10
10.81722
 20
7.59742
 30
0.0
 10
10.81722
 20
7.59742
 30
0.0
 10
11.00279
 20
7.82779
 30
0.0
 10
11.29877
 20
7.91316
 30
0.0
 10
11.5764
 20
7.96925
 30
0.0
 10
11.5764
 20
7.96925
 30
0.0
 10
12.06359
 20
8.07297
 30
0.0
 10
12.61286
 20
7.76076
 30
0.0
 10
12.73669
 20
7.27004
 30
0.0
 10
12.73669
 20
7.27004
 30
0.0
 10
12.81289
 20
7.00123
 30
0.0
 10
12.77444
 20
6.71407
 30
0.0
 10
12.66049
 20
6.46218
 30
0.0
 10
12.66049
 20
6.46218
 30
0.0
 10
12.38673
 20
6.60224
 30
0.0
 10
12.13802
 20
6.79379
 30
0.0
 10
11.85333
 20
6.90845
 30
0.0
 10
11.85333
 20
6.90845
 30
0.0
 10
11.62403
 20
7.02381
 30
0.0
 10
11.36156
 20
6.84107
 30
0.0
 10
11.35697
 20
6.59941
 30
0.0
 10
11.35697
 20
6.59941
 30
0.0
 10
11.26631
 20
6.2424
 30
0.0
 10
11.49279
 20
5.8928
 30
0.0
 10
11.79971
 20
5.73123
 30
0.0
 10
11.79971
 20
5.73123
 30
0.0
 10
12.01879
 20
5.59223
 30
0.0
 10
12.29325
 20
5.62998
 30
0.0
 10
12.53984
 20
5.63351
 30
0.0
 10
12.53984
 20
5.63351
 30
0.0
 10
13.1505
 20
5.70936
 30
0.0
 10
13.71812
 20
6.01839
 30
0.0
 10
14.14568
 20
6.45689
 30
0.0
 10
14.14568
 20
6.45689
 30
0.0
 10
14.6491
 20
6.93314
 30
0.0
 10
14.94084
 20
7.58049
 30
0.0
 10
15.15674
 20
8.22819
 30
0.0
 10
15.15674
 20
8.22819
 30
0.0
 10
15.3416
 20
8.81733
 30
0.0
 10
15.34231
 20
9.46538
 30
0.0
 10
15.13064
 20
10.04746
 30
0.0
 10
15.13064
 20
10.04746
 30
0.0
 10
14.89816
 20
10.80523
 30
0.0
 10
14.40039
 20
11.45787
 30
0.0
 10
13.79714
 20
11.96164
 30
0.0
 10
13.79714
 20
11.96164
 30
0.0
 10
13.32724
 20
12.31724
 30
0.0
 10
12.78925
 20
12.57371
 30
0.0
 10
12.23539
 20
12.76914
 30
0.0
 10
12.23539
 20
12.76914
 30
0.0
 10
11.88191
 20
12.8972
 30
0.0
 10
11.50549
 20
12.96741
 30
0.0
 10
11.12908
 20
12.95435
 30
0.0
 10
11.12908
 20
12.95435
 30
0.0
 10
11.16965
 20
12.5857
 30
0.0
 10
11.28254
 20
12.16977
 30
0.0
 10
11.05606
 20
11.83852
 30
0.0
 10
11.05606
 20
11.83852
 30
0.0
 10
10.83557
 20
11.43494
 30
0.0
 10
10.30464
 20
11.31041
 30
0.0
 10
9.88377
 20
11.40001
 30
0.0
 10
9.88377
 20
11.40001
 30
0.0
 10
9.5063
 20
11.54959
 30
0.0
 10
9.3151
 20
11.94576
 30
0.0
 10
9.21209
 20
12.31336
 30
0.0
 10
9.21209
 20
12.31336
 30
0.0
 10
9.55569
 20
12.34722
 30
0.0
 10
9.92223
 20
12.24492
 30
0.0
 10
10.25031
 20
12.39026
 30
0.0
 10
10.25031
 20
12.39026
 30
0.0
 10
10.24855
 20
12.59311
 30
0.0
 10
10.12649
 20
12.7448
 30
0.0
 10
9.93563
 20
12.79525
 30
0.0
 10
9.93563
 20
12.79525
 30
0.0
 10
9.38742
 20
12.98257
 30
0.0
 10
8.78064
 20
12.88097
 30
0.0
 10
8.24265
 20
12.70706
 30
0.0
 10
8.24265
 20
12.70706
 30
0.0
 10
7.9562
 20
12.56841
 30
0.0
 10
7.88
 20
12.23645
 30
0.0
 10
7.70361
 20
11.99833
 30
0.0
 10
7.70361
 20
11.99833
 30
0.0
 10
7.5244
 20
12.11227
 30
0.0
 10
7.38999
 20
12.29042
 30
0.0
 10
7.19737
 20
12.38109
 30
0.0
 10
7.19737
 20
12.38109
 30
0.0
 10
6.92044
 20
12.40578
 30
0.0
 10
6.65656
 20
12.29184
 30
0.0
 10
6.40045
 20
12.20223
 30
0.0
 10
6.40045
 20
12.20223
 30
0.0
 10
6.40292
 20
7.19878
 30
0.0
 10
6.4075
 20
2.19534
 30
0.0
 10
6.39798
 20
-2.80811
 30
0.0
 10
6.39798
 20
-2.80811
 30
0.0
 10
6.56484
 20
-2.82046
 30
0.0
 10
6.73276
 20
-2.82258
 30
0.0
 10
6.89822
 20
-2.85256
 30
0.0
 10
6.89822
 20
-2.85256
 30
0.0
 10
6.89751
 20
-3.4417
 30
0.0
 10
6.89469
 20
-4.03084
 30
0.0
 10
6.89892
 20
-4.62033
 30
0.0
 10
6.89892
 20
-4.62033
 30
0.0
 10
7.05097
 20
-4.64114
 30
0.0
 10
7.20549
 20
-4.66055
 30
0.0
 10
7.35824
 20
-4.68595
 30
0.0
 10
7.35824
 20
-4.68595
 30
0.0
 10
7.35859
 20
-5.12692
 30
0.0
 10
7.33566
 20
-5.56895
 30
0.0
 10
7.36353
 20
-6.00922
 30
0.0
 10
7.36353
 20
-6.00922
 30
0.0
 10
7.45243
 20
-6.07766
 30
0.0
 10
7.56991
 20
-6.08683
 30
0.0
 10
7.67609
 20
-6.11928
 30
0.0
 10
7.67609
 20
-6.11928
 30
0.0
 10
8.61448
 20
-6.32636
 30
0.0
 10
9.55604
 20
-6.70066
 30
0.0
 10
10.24114
 20
-7.39775
 30
0.0
 10
10.24114
 20
-7.39775
 30
0.0
 10
10.70081
 20
-7.8553
 30
0.0
 10
10.98479
 20
-8.55133
 30
0.0
 10
10.78195
 20
-9.19374
 30
0.0
 10
10.78195
 20
-9.19374
 30
0.0
 10
10.62108
 20
-9.73808
 30
0.0
 10
10.22562
 20
-10.1914
 30
0.0
 10
9.75536
 20
-10.49796
 30
0.0
 10
9.75536
 20
-10.49796
 30
0.0
 10
9.03252
 20
-11.02642
 30
0.0
 10
8.15375
 20
-11.28748
 30
0.0
 10
7.28345
 20
-11.44693
 30
0.0
 10
7.28345
 20
-11.44693
 30
0.0
 10
7.1187
 20
-11.46528
 30
0.0
 10
7.02945
 20
-11.6145
 30
0.0
 10
6.93667
 20
-11.7348
 30
0.0
 10
6.93667
 20
-11.7348
 30
0.0
 10
6.58671
 20
-12.21634
 30
0.0
 10
6.25651
 20
-12.71235
 30
0.0
 10
5.91573
 20
-13.20024
 30
0.0
 10
5.91573
 20
-13.20024
 30
0.0
 10
5.42502
 20
-12.69047
 30
0.0
 10
5.12586
 20
-12.03007
 30
0.0
 10
4.65984
 20
-11.50126
 30
0.0
 10
4.65984
 20
-11.50126
 30
0.0
 10
4.16278
 20
-11.35839
 30
0.0
 10
3.64067
 20
-11.29136
 30
0.0
 10
3.15701
 20
-11.09557
 30
0.0
 10
3.15701
 20
-11.09557
 30
0.0
 10
2.42782
 20
-10.81581
 30
0.0
 10
1.71626
 20
-10.39566
 30
0.0
 10
1.25977
 20
-9.7469
 30
0.0
 10
1.25977
 20
-9.7469
 30
0.0
 10
0.87736
 20
-9.19868
 30
0.0
 10
0.82832
 20
-8.42786
 30
0.0
 10
1.18921
 20
-7.85707
 30
0.0
 10
1.18921
 20
-7.85707
 30
0.0
 10
1.52188
 20
-7.27639
 30
0.0
 10
2.09338
 20
-6.89116
 30
0.0
 10
2.67723
 20
-6.59553
 30
0.0
 10
2.67723
 20
-6.59553
 30
0.0
 10
3.10938
 20
-6.40362
 30
0.0
 10
3.55671
 20
-6.2417
 30
0.0
 10
4.02026
 20
-6.14292
 30
0.0
 10
4.02026
 20
-6.14292
 30
0.0
 10
4.14831
 20
-6.09424
 30
0.0
 10
4.30953
 20
-6.10376
 30
0.0
 10
4.41784
 20
-6.00922
 30
0.0
 10
4.41784
 20
-6.00922
 30
0.0
 10
4.44041
 20
-5.55272
 30
0.0
 10
4.40902
 20
-5.09341
 30
0.0
 10
4.46581
 20
-4.63903
 30
0.0
 10
4.46581
 20
-4.63903
 30
0.0
 10
4.68806
 20
-4.63515
 30
0.0
 10
4.91278
 20
-4.6549
 30
0.0
 10
5.13468
 20
-4.6288
 30
0.0
 10
5.13468
 20
-4.6288
 30
0.0
 10
5.13609
 20
-4.09046
 30
0.0
 10
5.12198
 20
-3.55212
 30
0.0
 10
5.13009
 20
-3.01413
 30
0.0
 10
5.13009
 20
-3.01413
 30
0.0
 10
5.13327
 20
-2.95628
 30
0.0
 10
5.13362
 20
-2.89172
 30
0.0
 10
5.17596
 20
-2.84692
 30
0.0
 10
5.17596
 20
-2.84692
 30
0.0
 10
5.35658
 20
-2.80282
 30
0.0
 10
5.54919
 20
-2.84515
 30
0.0
 10
5.73017
 20
-2.79894
 30
0.0
 10
5.73017
 20
-2.79894
 30
0.0
 10
5.77744
 20
-2.60562
 30
0.0
 10
5.76051
 20
-2.40206
 30
0.0
 10
5.77074
 20
-2.20521
 30
0.0
 10
5.77074
 20
-2.20521
 30
0.0
 10
5.76086
 20
2.52977
 30
0.0
 10
5.77638
 20
7.26511
 30
0.0
 10
5.76298
 20
12.00009
 30
0.0
 10
5.76298
 20
12.00009
 30
0.0
 10
5.27897
 20
11.87274
 30
0.0
 10
4.81365
 20
11.67342
 30
0.0
 10
4.36245
 20
11.45857
 30
0.0
 10
4.36245
 20
11.45857
 30
0.0
 10
4.71417
 20
11.2589
 30
0.0
 10
5.1054
 20
11.08569
 30
0.0
 10
5.34317
 20
10.74173
 30
0.0
 10
5.34317
 20
10.74173
 30
0.0
 10
5.50898
 20
10.48314
 30
0.0
 10
5.49028
 20
10.15718
 30
0.0
 10
5.4804
 20
9.86402
 30
0.0
 10
5.4804
 20
9.86402
 30
0.0
 10
5.41867
 20
9.38036
 30
0.0
 10
5.01791
 20
8.92986
 30
0.0
 10
4.51873
 20
8.88647
 30
0.0
 10
4.51873
 20
8.88647
 30
0.0
 10
3.93206
 20
8.82368
 30
0.0
 10
3.35597
 20
9.34614
 30
0.0
 10
3.39584
 20
9.94481
 30
0.0
 10
3.39584
 20
9.94481
 30
0.0
 10
3.62585
 20
9.83227
 30
0.0
 10
3.83293
 20
9.63965
 30
0.0
 10
4.10527
 20
9.65094
 30
0.0
 10
4.10527
 20
9.65094
 30
0.0
 10
4.23263
 20
9.69751
 30
0.0
 10
4.36033
 20
9.7723
 30
0.0
 10
4.42454
 20
9.89683
 30
0.0
 10
4.42454
 20
9.89683
 30
0.0
 10
4.5145
 20
10.04182
 30
0.0
 10
4.62351
 20
10.23902
 30
0.0
 10
4.5152
 20
10.40412
 30
0.0
 10
4.5152
 20
10.40412
 30
0.0
 10
4.33211
 20
10.6874
 30
0.0
 10
3.95817
 20
10.72021
 30
0.0
 10
3.65689
 20
10.75619
 30
0.0
 10
3.65689
 20
10.75619
 30
0.0
 10
2.61549
 20
10.84933
 30
0.0
 10
1.59914
 20
10.5283
 30
0.0
 10
0.60572
 20
10.26195
 30
0.0
 10
0.60572
 20
10.26195
 30
0.0
 10
-0.14993
 20
10.00831
 30
0.0
 10
-0.92851
 20
9.82733
 30
0.0
 10
-1.67816
 20
9.55569
 30
0.0
 10
-1.67816
 20
9.55569
 30
0.0
 10
-1.67111
 20
8.40352
 30
0.0
 10
-1.68169
 20
7.25135
 30
0.0
 10
-1.67181
 20
6.09917
 30
0.0
 10
-1.67181
 20
6.09917
 30
0.0
 10
-1.22343
 20
5.87199
 30
0.0
 10
-0.84737
 20
5.34776
 30
0.0
 10
-1.05657
 20
4.83694
 30
0.0
 10
-1.05657
 20
4.83694
 30
0.0
 10
-1.13206
 20
4.51661
 30
0.0
 10
-1.41781
 20
4.33388
 30
0.0
 10
-1.67428
 20
4.16454
 30
0.0
 10
-1.67428
 20
4.16454
 30
0.0
 10
-1.65488
 20
3.87526
 30
0.0
 10
-1.62489
 20
3.58669
 30
0.0
 10
-1.58291
 20
3.29953
 30
0.0
 10
-1.58291
 20
3.29953
 30
0.0
 10
-1.41746
 20
3.44911
 30
0.0
 10
-1.30986
 20
3.64772
 30
0.0
 10
-1.17757
 20
3.82482
 30
0.0
 10
-1.17757
 20
3.82482
 30
0.0
 10
-0.84596
 20
4.31024
 30
0.0
 10
-0.40534
 20
4.72475
 30
0.0
 10
0.11536
 20
5.00204
 30
0.0
 10
0.11536
 20
5.00204
 30
0.0
 10
0.82127
 20
5.36751
 30
0.0
 10
1.73073
 20
5.31566
 30
0.0
 10
2.37561
 20
4.84505
 30
0.0
 10
2.37561
 20
4.84505
 30
0.0
 10
2.74108
 20
4.23898
 30
0.0
 10
2.50472
 20
3.42794
 30
0.0
 10
1.9872
 20
2.98697
 30
0.0
 10
1.9872
 20
2.98697
 30
0.0
 10
1.23684
 20
2.30999
 30
0.0
 10
0.20003
 20
2.15794
 30
0.0
 10
-0.74754
 20
1.94028
 30
0.0
 10
-0.74754
 20
1.94028
 30
0.0
 10
-0.18062
 20
1.67111
 30
0.0
 10
0.47272
 20
1.55646
 30
0.0
 10
0.95814
 20
1.13312
 30
0.0
 10
0.95814
 20
1.13312
 30
0.0
 10
1.23472
 20
0.88371
 30
0.0
 10
1.48802
 20
0.54681
 30
0.0
 10
1.49648
 20
0.15804
 30
0.0
 10
1.49648
 20
0.15804
 30
0.0
 10
1.55822
 20
-0.41381
 30
0.0
 10
1.26012
 20
-0.92992
 30
0.0
 10
1.15993
 20
-1.47814
 30
0.0
 10
1.15993
 20
-1.47814
 30
0.0
 10
1.06257
 20
-1.90535
 30
0.0
 10
1.12995
 20
-2.37808
 30
0.0
 10
1.39241
 20
-2.73473
 30
0.0
 10
1.39241
 20
-2.73473
 30
0.0
 10
1.72085
 20
-3.23815
 30
0.0
 10
2.27824
 20
-3.52037
 30
0.0
 10
2.81587
 20
-3.7465
 30
0.0
 10
2.81587
 20
-3.7465
 30
0.0
 10
3.12702
 20
-3.88197
 30
0.0
 10
3.47557
 20
-3.92042
 30
0.0
 10
3.77472
 20
-4.08481
 30
0.0
 10
3.77472
 20
-4.08481
 30
0.0
 10
3.43359
 20
-4.22346
 30
0.0
 10
3.09527
 20
-4.36951
 30
0.0
 10
2.74602
 20
-4.48733
 30
0.0
 10
2.74602
 20
-4.48733
 30
0.0
 10
2.91465
 20
-4.82706
 30
0.0
 10
3.17747
 20
-5.10822
 30
0.0
 10
3.38455
 20
-5.42361
 30
0.0
 10
3.38455
 20
-5.42361
 30
0.0
 10
2.84515
 20
-5.28955
 30
0.0
 10
2.33715
 20
-5.04613
 30
0.0
 10
1.85032
 20
-4.78331
 30
0.0
 10
1.85032
 20
-4.78331
 30
0.0
 10
1.50566
 20
-4.61292
 30
0.0
 10
1.23119
 20
-4.34375
 30
0.0
 10
0.9211
 20
-4.12432
 30
0.0
 10
0.9211
 20
-4.12432
 30
0.0
 10
0.78669
 20
-4.55577
 30
0.0
 10
0.64841
 20
-4.99463
 30
0.0
 10
0.40746
 20
-5.38127
 30
0.0
 10
0.40746
 20
-5.38127
 30
0.0
 10
-0.09701
 20
-6.20818
 30
0.0
 10
-0.90311
 20
-6.80014
 30
0.0
 10
-1.39735
 20
-7.63482
 30
0.0
 10
-1.39735
 20
-7.63482
 30
0.0
 10
-1.61078
 20
-7.99959
 30
0.0
 10
-1.78576
 20
-8.39117
 30
0.0
 10
-1.88136
 20
-8.80428
 30
0.0
 10
-1.88136
 20
-8.80428
 30
0.0
 10
-1.95404
 20
-9.05722
 30
0.0
 10
-1.97591
 20
-9.32815
 30
0.0
 10
-2.08915
 20
-9.5691
 30
0.0
 10
-2.08915
 20
-9.5691
 30
0.0
 10
-2.22497
 20
-8.79969
 30
0.0
 10
-2.44793
 20
-8.02993
 30
0.0
 10
-2.90548
 20
-7.3854
 30
0.0
 10
-2.90548
 20
-7.3854
 30
0.0
 10
-3.44558
 20
-6.63893
 30
0.0
 10
-4.18606
 20
-6.0512
 30
0.0
 10
-4.63621
 20
-5.23804
 30
0.0
 10
-4.63621
 20
-5.23804
 30
0.0
 10
-4.83164
 20
-4.88915
 30
0.0
 10
-4.95194
 20
-4.50603
 30
0.0
 10
-5.06906
 20
-4.12574
 30
0.0
 10
-5.06906
 20
-4.12574
 30
0.0
 10
-5.78838
 20
-4.71734
 30
0.0
 10
-6.61952
 20
-5.17701
 30
0.0
 10
-7.51981
 20
-5.42361
 30
0.0
 10
-7.51981
 20
-5.42361
 30
0.0
 10
-7.34342
 20
-5.09305
 30
0.0
 10
-7.06438
 20
-4.83235
 30
0.0
 10
-6.87388
 20
-4.51062
 30
0.0
 10
-6.87388
 20
-4.51062
 30
0.0
 10
-7.21819
 20
-4.35822
 30
0.0
 10
-7.57731
 20
-4.24074
 30
0.0
 10
-7.91704
 20
-4.07811
 30
0.0
 10
-7.91704
 20
-4.07811
 30
0.0
 10
-7.16633
 20
-3.81141
 30
0.0
 10
-6.34612
 20
-3.60539
 30
0.0
 10
-5.7718
 20
-3.01237
 30
0.0
 10
-5.7718
 20
-3.01237
 30
0.0
 10
-5.46347
 20
-2.72838
 30
0.0
 10
-5.27579
 20
-2.33045
 30
0.0
 10
-5.25145
 20
-1.91135
 30
0.0
 10
-5.25145
 20
-1.91135
 30
0.0
 10
-5.24051
 20
-1.19556
 30
0.0
 10
-5.71041
 20
-0.56656
 30
0.0
 10
-5.65468
 20
0.15416
 30
0.0
 10
-5.65468
 20
0.15416
 30
0.0
 10
-5.61269
 20
0.51647
 30
0.0
 10
-5.4162
 20
0.84914
 30
0.0
 10
-5.14844
 20
1.09149
 30
0.0
 10
-5.14844
 20
1.09149
 30
0.0
 10
-4.65984
 20
1.50566
 30
0.0
 10
-4.03789
 20
1.69157
 30
0.0
 10
-3.44311
 20
1.89336
 30
0.0
 10
-3.44311
 20
1.89336
 30
0.0
 10
-3.44241
 20
1.91452
 30
0.0
 10
-3.44099
 20
1.95651
 30
0.0
 10
-3.44029
 20
1.97767
 30
0.0
 10
-3.44029
 20
1.97767
 30
0.0
 10
-4.30354
 20
2.09021
 30
0.0
 10
-5.17737
 20
2.31316
 30
0.0
 10
-5.90762
 20
2.80599
 30
0.0
 10
-5.90762
 20
2.80599
 30
0.0
 10
-6.34541
 20
3.10586
 30
0.0
 10
-6.70172
 20
3.59234
 30
0.0
 10
-6.68514
 20
4.14443
 30
0.0
 10
-6.68514
 20
4.14443
 30
0.0
 10
-6.68408
 20
4.41607
 30
0.0
 10
-6.68338
 20
4.77837
 30
0.0
 10
-6.40539
 20
4.92301
 30
0.0
 10
-6.40539
 20
4.92301
 30
0.0
 10
-5.81589
 20
5.27121
 30
0.0
 10
-5.05143
 20
5.36399
 30
0.0
 10
-4.42031
 20
5.07118
 30
0.0
 10
-4.42031
 20
5.07118
 30
0.0
 10
-3.69111
 20
4.76144
 30
0.0
 10
-3.13902
 20
4.14302
 30
0.0
 10
-2.73156
 20
3.4798
 30
0.0
 10
-2.73156
 20
3.4798
 30
0.0
 10
-2.67688
 20
3.39161
 30
0.0
 10
-2.61161
 20
3.31011
 30
0.0
 10
-2.53929
 20
3.23568
 30
0.0
 10
-2.53929
 20
3.23568
 30
0.0
 10
-2.48356
 20
3.54789
 30
0.0
 10
-2.46415
 20
3.86503
 30
0.0
 10
-2.413
 20
4.17795
 30
0.0
 10
-2.413
 20
4.17795
 30
0.0
 10
-2.66665
 20
4.35786
 30
0.0
 10
-2.96369
 20
4.55366
 30
0.0
 10
-3.01272
 20
4.88668
 30
0.0
 10
-3.01272
 20
4.88668
 30
0.0
 10
-3.13231
 20
5.2511
 30
0.0
 10
-2.96721
 20
5.65468
 30
0.0
 10
-2.68429
 20
5.89386
 30
0.0
 10
-2.68429
 20
5.89386
 30
0.0
 10
-2.5467
 20
6.01521
 30
0.0
 10
-2.36573
 20
6.06531
 30
0.0
 10
-2.19851
 20
6.13163
 30
0.0
 10
-2.19851
 20
6.13163
 30
0.0
 10
-2.20204
 20
7.23512
 30
0.0
 10
-2.20768
 20
8.33931
 30
0.0
 10
-2.20592
 20
9.44316
 30
0.0
 10
-2.20592
 20
9.44316
 30
0.0
 10
-3.56729
 20
9.18281
 30
0.0
 10
-4.93959
 20
8.92069
 30
0.0
 10
-6.33236
 20
8.93939
 30
0.0
 10
-6.33236
 20
8.93939
 30
0.0
 10
-6.98712
 20
8.9214
 30
0.0
 10
-7.64046
 20
8.97502
 30
0.0
 10
-8.28781
 20
9.06815
 30
0.0
 10
-8.28781
 20
9.06815
 30
0.0
 10
-8.7951
 20
9.14541
 30
0.0
 10
-9.28934
 20
9.28546
 30
0.0
 10
-9.79099
 20
9.3913
 30
0.0
 10
-9.79099
 20
9.3913
 30
0.0
 10
-9.75924
 20
9.11966
 30
0.0
 10
-9.67246
 20
8.85896
 30
0.0
 10
-9.61249
 20
8.59331
 30
0.0
 10
-9.61249
 20
8.59331
 30
0.0
 10
-9.40964
 20
7.66657
 30
0.0
 10
-9.3218
 20
6.71548
 30
0.0
 10
-9.33238
 20
5.76756
 30
0.0
 10
-9.33238
 20
5.76756
 30
0.0
 10
-9.38989
 20
4.15043
 30
0.0
 10
-9.68058
 20
2.54741
 30
0.0
 10
-10.13001
 20
0.99519
 30
0.0
 10
-10.13001
 20
0.99519
 30
0.0
 10
-10.52195
 20
-0.2921
 30
0.0
 10
-11.01372
 20
-1.56175
 30
0.0
 10
-11.17671
 20
-2.90477
 30
0.0
 10
-11.17671
 20
-2.90477
 30
0.0
 10
-11.19823
 20
-3.37185
 30
0.0
 10
-11.26878
 20
-3.86644
 30
0.0
 10
-11.08251
 20
-4.3113
 30
0.0
 10
-11.08251
 20
-4.3113
 30
0.0
 10
-11.03665
 20
-4.44782
 30
0.0
 10
-10.95939
 20
-4.58929
 30
0.0
 10
-10.81405
 20
-4.64044
 30
0.0
 10
-10.81405
 20
-4.64044
 30
0.0
 10
-10.67294
 20
-4.72087
 30
0.0
 10
-10.51489
 20
-4.63303
 30
0.0
 10
-10.38719
 20
-4.57059
 30
0.0
 10
-10.38719
 20
-4.57059
 30
0.0
 10
-10.19634
 20
-4.47922
 30
0.0
 10
-10.02806
 20
-4.27849
 30
0.0
 10
-10.08627
 20
-4.05165
 30
0.0
 10
-10.08627
 20
-4.05165
 30
0.0
 10
-10.15153
 20
-3.85233
 30
0.0
 10
-10.28771
 20
-3.68759
 30
0.0
 10
-10.38049
 20
-3.50132
 30
0.0
 10
-10.38049
 20
-3.50132
 30
0.0
 10
-9.85097
 20
-3.50979
 30
0.0
 10
-9.28405
 20
-3.93735
 30
0.0
 10
-9.30028
 20
-4.49897
 30
0.0
 10
-9.30028
 20
-4.49897
 30
0.0
 10
-9.24948
 20
-4.92019
 30
0.0
 10
-9.56557
 20
-5.28038
 30
0.0
 10
-9.91941
 20
-5.46135
 30
0.0
 10
-9.91941
 20
-5.46135
 30
0.0
 10
-10.31663
 20
-5.63845
 30
0.0
 10
-10.80029
 20
-5.64127
 30
0.0
 10
-11.18729
 20
-5.4356
 30
0.0
 10
-11.18729
 20
-5.4356
 30
0.0
 10
-11.51502
 20
-5.22746
 30
0.0
 10
-11.70234
 20
-4.86692
 30
0.0
 10
-11.86815
 20
-4.5272
 30
0.0
 10
-11.86815
 20
-4.5272
 30
0.0
 10
-11.89426
 20
-4.53002
 30
0.0
 10
-11.94682
 20
-4.53496
 30
0.0
 10
-11.97328
 20
-4.53743
 30
0.0
 10
-11.97328
 20
-4.53743
 30
0.0
 10
-12.29254
 20
-5.30154
 30
0.0
 10
-12.58006
 20
-6.07942
 30
0.0
 10
-12.8083
 20
-6.87599
 30
0.0
 10
-12.8083
 20
-6.87599
 30
0.0
 10
-12.83088
 20
-6.99347
 30
0.0
 10
-12.88944
 20
-7.11341
 30
0.0
 10
-12.87604
 20
-7.23653
 30
0.0
 10
-12.87604
 20
-7.23653
 30
0.0
 10
-12.76315
 20
-7.42033
 30
0.0
 10
-12.60052
 20
-7.56708
 30
0.0
 10
-12.45799
 20
-7.7276
 30
0.0
 10
-12.45799
 20
-7.7276
 30
0.0
 10
-12.65096
 20
-7.86659
 30
0.0
 10
-12.86228
 20
-7.97736
 30
0.0
 10
-13.05878
 20
-8.11071
 30
0.0
 10
-13.05878
 20
-8.11071
 30
0.0
 10
-13.22776
 20
-8.21972
 30
0.0
 10
-13.22246
 20
-8.45326
 30
0.0
 10
-13.28208
 20
-8.62506
 30
0.0
 10
-13.28208
 20
-8.62506
 30
0.0
 10
-13.36993
 20
-9.06004
 30
0.0
 10
-13.45671
 20
-9.53311
 30
0.0
 10
-13.27009
 20
-9.95609
 30
0.0
 10
-13.27009
 20
-9.95609
 30
0.0
 10
-13.23269
 20
-10.08309
 30
0.0
 10
-13.14485
 20
-10.22385
 30
0.0
 10
-12.99986
 20
-10.23761
 30
0.0
 10
-12.99986
 20
-10.23761
 30
0.0
 10
-12.92684
 20
-10.23091
 30
0.0
 10
-12.82594
 20
-10.20516
 30
0.0
 10
-12.81395
 20
-10.11943
 30
0.0
 10
-12.81395
 20
-10.11943
 30
0.0
 10
-12.76914
 20
-9.81816
 30
0.0
 10
-12.81571
 20
-9.51195
 30
0.0
 10
-12.77161
 20
-9.21103
 30
0.0
 10
-12.77161
 20
-9.21103
 30
0.0
 10
-12.40614
 20
-9.34685
 30
0.0
 10
-12.00115
 20
-9.51265
 30
0.0
 10
-11.84169
 20
-9.90283
 30
0.0
 10
-11.84169
 20
-9.90283
 30
0.0
 10
-11.82934
 20
-10.15577
 30
0.0
 10
-11.811
 20
-10.43834
 30
0.0
 10
-11.94964
 20
-10.66412
 30
0.0
 10
-11.94964
 20
-10.66412
 30
0.0
 10
-12.07311
 20
-10.88355
 30
0.0
 10
-12.26785
 20
-11.09909
 30
0.0
 10
-12.52926
 20
-11.14037
 30
0.0
 10
-12.52926
 20
-11.14037
 30
0.0
 10
-12.84252
 20
-11.17494
 30
0.0
 10
-13.15791
 20
-11.15483
 30
0.0
 10
-13.47223
 20
-11.15624
 30
0.0
 10
-13.47223
 20
-11.15624
 30
0.0
 10
-13.41755
 20
-11.85686
 30
0.0
 10
-13.16214
 20
-12.52714
 30
0.0
 10
-12.8203
 20
-13.13603
 30
0.0
 10
-12.8203
 20
-13.13603
 30
0.0
 10
-12.10381
 20
-14.4459
 30
0.0
 10
-10.60344
 20
-15.33984
 30
0.0
 10
-9.09496
 20
-15.17579
 30
0.0
 10
-9.09496
 20
-15.17579
 30
0.0
 10
-8.20455
 20
-14.99411
 30
0.0
 10
-7.31661
 20
-14.62722
 30
0.0
 10
-6.68726
 20
-13.95024
 30
0.0
 10
-6.68726
 20
-13.95024
 30
0.0
 10
-6.25793
 20
-13.49763
 30
0.0
 10
-5.96089
 20
-12.89403
 30
0.0
 10
-5.97641
 20
-12.25938
 30
0.0
 10
-5.97641
 20
-12.25938
 30
0.0
 10
-5.89598
 20
-11.73021
 30
0.0
 10
-6.44666
 20
-11.21128
 30
0.0
 10
-6.96877
 20
-11.33546
 30
0.0
 10
-6.96877
 20
-11.33546
 30
0.0
 10
-7.09683
 20
-11.36438
 30
0.0
 10
-7.21607
 20
-11.43952
 30
0.0
 10
-7.28804
 20
-11.551
 30
0.0
 10
-7.28804
 20
-11.551
 30
0.0
 10
-7.34483
 20
-11.6459
 30
0.0
 10
-7.30426
 20
-11.76126
 30
0.0
 10
-7.26546
 20
-11.8551
 30
0.0
 10
-7.26546
 20
-11.8551
 30
0.0
 10
-7.12964
 20
-12.12533
 30
0.0
 10
-6.92714
 20
-12.36345
 30
0.0
 10
-6.83436
 20
-12.6552
 30
0.0
 10
-6.83436
 20
-12.6552
 30
0.0
 10
-7.25699
 20
-12.73281
 30
0.0
 10
-7.77699
 20
-12.79631
 30
0.0
 10
-8.0899
 20
-12.42942
 30
0.0
 10
-8.0899
 20
-12.42942
 30
0.0
 10
-8.61448
 20
-11.91754
 30
0.0
 10
-8.36119
 20
-10.95904
 30
0.0
 10
-7.74488
 20
-10.63554
 30
0.0
 10
-7.74488
 20
-10.63554
 30
0.0
 10
-7.35259
 20
-10.43129
 30
0.0
 10
-6.89504
 20
-10.43481
 30
0.0
 10
-6.46606
 20
-10.39566
 30
0.0
 10
-6.46606
 20
-10.39566
 30
0.0
 10
-6.72253
 20
-10.1032
 30
0.0
 10
-7.06332
 20
-9.89894
 30
0.0
 10
-7.41539
 20
-9.74302
 30
0.0
 10
-7.41539
 20
-9.74302
 30
0.0
 10
-8.11318
 20
-9.49678
 30
0.0
 10
-9.01241
 20
-9.74055
 30
0.0
 10
-9.36907
 20
-10.42317
 30
0.0
 10
-9.36907
 20
-10.42317
 30
0.0
 10
-9.50101
 20
-10.73291
 30
0.0
 10
-9.39906
 20
-11.08816
 30
0.0
 10
-9.26677
 20
-11.38061
 30
0.0
 10
-9.26677
 20
-11.38061
 30
0.0
 10
-9.15882
 20
-11.6646
 30
0.0
 10
-8.96197
 20
-11.8999
 30
0.0
 10
-8.7563
 20
-12.11933
 30
0.0
 10
-8.7563
 20
-12.11933
 30
0.0
 10
-9.11895
 20
-12.18142
 30
0.0
 10
-9.5123
 20
-12.23751
 30
0.0
 10
-9.85838
 20
-12.07841
 30
0.0
 10
-9.85838
 20
-12.07841
 30
0.0
 10
-10.24114
 20
-11.932
 30
0.0
 10
-10.51066
 20
-11.54677
 30
0.0
 10
-10.54629
 20
-11.14249
 30
0.0
 10
-10.54629
 20
-11.14249
 30
0.0
 10
-10.58792
 20
-10.71351
 30
0.0
 10
-10.59603
 20
-10.25172
 30
0.0
 10
-10.38825
 20
-9.86084
 30
0.0
 10
-10.38825
 20
-9.86084
 30
0.0
 10
-10.08733
 20
-9.1694
 30
0.0
 10
-9.38883
 20
-8.73513
 30
0.0
 10
-8.67657
 20
-8.57038
 30
0.0
 10
-8.67657
 20
-8.57038
 30
0.0
 10
-7.67045
 20
-8.35907
 30
0.0
 10
-6.57825
 20
-8.72949
 30
0.0
 10
-5.89739
 20
-9.49607
 30
0.0
 10
-5.89739
 20
-9.49607
 30
0.0
 10
-4.97734
 20
-10.40377
 30
0.0
 10
-4.71911
 20
-11.83499
 30
0.0
 10
-5.07506
 20
-13.05172
 30
0.0
 10
-5.07506
 20
-13.05172
 30
0.0
 10
-5.14914
 20
-13.35687
 30
0.0
 10
-5.29872
 20
-13.63521
 30
0.0
 10
-5.39609
 20
-13.93296
 30
0.0
 10
-5.39609
 20
-13.93296
 30
0.0
 10
-5.06413
 20
-13.97741
 30
0.0
 10
-4.70359
 20
-14.0141
 30
0.0
 10
-4.44394
 20
-14.25187
 30
0.0
 10
-4.44394
 20
-14.25187
 30
0.0
 10
-4.06294
 20
-14.62969
 30
0.0
 10
-3.96558
 20
-15.30385
 30
0.0
 10
-4.29507
 20
-15.74377
 30
0.0
 10
-4.29507
 20
-15.74377
 30
0.0
 10
-4.43406
 20
-15.95049
 30
0.0
 10
-4.68771
 20
-16.10819
 30
0.0
 10
-4.94418
 20
-16.05562
 30
0.0
 10
-4.94418
 20
-16.05562
 30
0.0
 10
-5.20136
 20
-15.99953
 30
0.0
 10
-5.39574
 20
-15.80303
 30
0.0
 10
-5.59188
 20
-15.64146
 30
0.0
 10
-5.59188
 20
-15.64146
 30
0.0
 10
-5.29696
 20
-15.45131
 30
0.0
 10
-4.9463
 20
-15.27104
 30
0.0
 10
-4.86904
 20
-14.89428
 30
0.0
 10
-4.86904
 20
-14.89428
 30
0.0
 10
-5.01156
 20
-14.80044
 30
0.0
 10
-5.14738
 20
-14.65086
 30
0.0
 10
-5.34
 20
-14.7006
 30
0.0
 10
-5.34
 20
-14.7006
 30
0.0
 10
-6.04485
 20
-14.82725
 30
0.0
 10
-6.63575
 20
-15.26046
 30
0.0
 10
-7.27957
 20
-15.54692
 30
0.0
 10
-7.27957
 20
-15.54692
 30
0.0
 10
-8.43209
 20
-16.13535
 30
0.0
 10
-9.85696
 20
-16.21931
 30
0.0
 10
-11.03877
 20
-15.66333
 30
0.0
 10
-11.03877
 20
-15.66333
 30
0.0
 10
-12.55748
 20
-14.99411
 30
0.0
 10
-13.68284
 20
-13.57242
 30
0.0
 10
-14.09347
 20
-11.97716
 30
0.0
 10
-14.09347
 20
-11.97716
 30
0.0
 10
-14.35418
 20
-10.84756
 30
0.0
 10
-14.29385
 20
-9.6647
 30
0.0
 10
-14.03879
 20
-8.54004
 30
0.0
 10
-14.03879
 20
-8.54004
 30
0.0
 10
-13.964
 20
-8.20244
 30
0.0
 10
-13.84829
 20
-7.84366
 30
0.0
 10
-14.00034
 20
-7.50782
 30
0.0
 10
-14.00034
 20
-7.50782
 30
0.0
 10
-14.23811
 20
-6.92644
 30
0.0
 10
-14.60429
 20
-6.37928
 30
0.0
 10
-14.66568
 20
-5.73828
 30
0.0
 10
-14.66568
 20
-5.73828
 30
0.0
 10
-14.77328
 20
-5.15902
 30
0.0
 10
-14.66391
 20
-4.57659
 30
0.0
 10
-14.64275
 20
-3.99697
 30
0.0
 10
-14.64275
 20
-3.99697
 30
0.0
 10
-15.00329
 20
-4.08093
 30
0.0
 10
-15.39169
 20
-4.27919
 30
0.0
 10
-15.75858
 20
-4.11551
 30
0.0
 10
-15.75858
 20
-4.11551
 30
0.0
 10
-16.20203
 20
-3.90948
 30
0.0
 10
-16.47225
 20
-3.38596
 30
0.0
 10
-16.36078
 20
-2.90477
 30
0.0
 10
-16.36078
 20
-2.90477
 30
0.0
 10
-16.26658
 20
-2.59292
 30
0.0
 10
-15.96884
 20
-2.28529
 30
0.0
 10
-15.61677
 20
-2.35726
 30
0.0
 10
-15.61677
 20
-2.35726
 30
0.0
 10
-15.361
 20
-2.41441
 30
0.0
 10
-15.12711
 20
-2.54071
 30
0.0
 10
-14.88087
 20
-2.62784
 30
0.0
 10
-14.88087
 20
-2.62784
 30
0.0
 10
-15.12111
 20
-2.82399
 30
0.0
 10
-15.49435
 20
-2.86138
 30
0.0
 10
-15.61289
 20
-3.18523
 30
0.0
 10
-15.61289
 20
-3.18523
 30
0.0
 10
-15.46154
 20
-3.26813
 30
0.0
 10
-15.27986
 20
-3.48192
 30
0.0
 10
-15.09113
 20
-3.36021
 30
0.0
 10
-15.09113
 20
-3.36021
 30
0.0
 10
-14.7133
 20
-3.11503
 30
0.0
 10
-14.50199
 20
-2.70051
 30
0.0
 10
-14.30902
 20
-2.30858
 30
0.0
 10
-14.30902
 20
-2.30858
 30
0.0
 10
-13.99046
 20
-1.62525
 30
0.0
 10
-13.70789
 20
-0.92569
 30
0.0
 10
-13.42566
 20
-0.22684
 30
0.0
 10
-13.42566
 20
-0.22684
 30
0.0
 10
-13.27009
 20
0.16334
 30
0.0
 10
-13.08982
 20
0.54434
 30
0.0
 10
-12.96106
 20
0.94474
 30
0.0
 10
-12.96106
 20
0.94474
 30
0.0
 10
-13.49798
 20
1.03681
 30
0.0
 10
-14.16191
 20
1.09396
 30
0.0
 10
-14.48435
 20
1.60443
 30
0.0
 10
-14.48435
 20
1.60443
 30
0.0
 10
-14.64522
 20
1.83021
 30
0.0
 10
-14.56902
 20
2.14136
 30
0.0
 10
-14.4085
 20
2.34421
 30
0.0
 10
-14.4085
 20
2.34421
 30
0.0
 10
-14.12663
 20
2.76296
 30
0.0
 10
-13.55831
 20
2.95593
 30
0.0
 10
-13.07853
 20
2.80141
 30
0.0
 10
-13.07853
 20
2.80141
 30
0.0
 10
-13.16673
 20
2.65007
 30
0.0
 10
-13.28279
 20
2.51707
 30
0.0
 10
-13.36957
 20
2.36502
 30
0.0
 10
-13.36957
 20
2.36502
 30
0.0
 10
-13.45741
 20
2.18087
 30
0.0
 10
-13.4433
 20
1.96709
 30
0.0
 10
-13.36252
 20
1.78435
 30
0.0
 10
-13.36252
 20
1.78435
 30
0.0
 10
-13.01468
 20
1.79211
 30
0.0
 10
-12.71764
 20
2.02353
 30
0.0
 10
-12.54231
 20
2.31105
 30
0.0
 10
-12.54231
 20
2.31105
 30
0.0
 10
-12.28408
 20
2.74355
 30
0.0
 10
-12.06394
 20
3.20005
 30
0.0
 10
-11.89814
 20
3.6763
 30
0.0
 10
-11.89814
 20
3.6763
 30
0.0
 10
-11.74926
 20
4.13844
 30
0.0
 10
-11.69529
 20
4.6228
 30
0.0
 10
-11.60956
 20
5.0987
 30
0.0
 10
-11.60956
 20
5.0987
 30
0.0
 10
-12.14508
 20
4.74627
 30
0.0
 10
-12.72893
 20
4.41254
 30
0.0
 10
-13.38827
 20
4.39773
 30
0.0
 10
-13.38827
 20
4.39773
 30
0.0
 10
-14.36335
 20
4.27919
 30
0.0
 10
-15.38252
 20
4.73992
 30
0.0
 10
-15.92121
 20
5.56331
 30
0.0
 10
-15.92121
 20
5.56331
 30
0.0
 10
-16.19285
 20
5.99369
 30
0.0
 10
-16.3008
 20
6.50487
 30
0.0
 10
-16.33573
 20
7.00687
 30
0.0
 10
-16.33573
 20
7.00687
 30
0.0
 10
-16.34525
 20
7.7029
 30
0.0
 10
-15.88876
 20
8.38024
 30
0.0
 10
-15.25799
 20
8.66281
 30
0.0
 10
-15.25799
 20
8.66281
 30
0.0
 10
-14.77222
 20
8.86142
 30
0.0
 10
-14.11252
 20
8.77852
 30
0.0
 10
-13.81619
 20
8.30474
 30
0.0
 10
-13.81619
 20
8.30474
 30
0.0
 10
-13.62534
 20
8.04616
 30
0.0
 10
-13.63345
 20
7.71419
 30
0.0
 10
-13.65144
 20
7.40833
 30
0.0
 10
-13.65144
 20
7.40833
 30
0.0
 10
-13.92873
 20
7.51875
 30
0.0
 10
-14.20001
 20
7.69655
 30
0.0
 10
-14.51222
 20
7.66692
 30
0.0
 10
-14.51222
 20
7.66692
 30
0.0
 10
-14.8657
 20
7.58261
 30
0.0
 10
-15.17333
 20
7.30462
 30
0.0
 10
-15.27175
 20
6.95149
 30
0.0
 10
-15.27175
 20
6.95149
 30
0.0
 10
-15.40828
 20
6.40151
 30
0.0
 10
-15.00858
 20
5.88045
 30
0.0
 10
-14.5482
 20
5.63139
 30
0.0
 10
-14.5482
 20
5.63139
 30
0.0
 10
-14.35453
 20
5.53297
 30
0.0
 10
-14.14498
 20
5.46876
 30
0.0
 10
-13.93331
 20
5.42255
 30
0.0
 10
-13.93331
 20
5.42255
 30
0.0
 10
-14.07548
 20
5.73864
 30
0.0
 10
-14.30196
 20
6.03356
 30
0.0
 10
-14.27057
 20
6.40256
 30
0.0
 10
-14.27057
 20
6.40256
 30
0.0
 10
-14.29773
 20
6.74194
 30
0.0
 10
-14.10194
 20
7.14269
 30
0.0
 10
-13.75304
 20
7.22771
 30
0.0
 10
-13.75304
 20
7.22771
 30
0.0
 10
-13.42037
 20
7.31767
 30
0.0
 10
-13.11875
 20
7.12787
 30
0.0
 10
-12.83229
 20
6.98994
 30
0.0
 10
-12.83229
 20
6.98994
 30
0.0
 10
-13.0429
 20
6.85059
 30
0.0
 10
-13.32089
 20
6.7564
 30
0.0
 10
-13.4239
 20
6.50699
 30
0.0
 10
-13.4239
 20
6.50699
 30
0.0
 10
-13.50363
 20
6.3313
 30
0.0
 10
-13.39638
 20
6.14327
 30
0.0
 10
-13.29302
 20
6.00392
 30
0.0
 10
-13.29302
 20
6.00392
 30
0.0
 10
-12.98328
 20
5.7083
 30
0.0
 10
-12.47634
 20
5.7083
 30
0.0
 10
-12.14191
 20
5.96688
 30
0.0
 10
-12.14191
 20
5.96688
 30
0.0
 10
-11.70199
 20
6.29991
 30
0.0
 10
-11.42506
 20
6.82237
 30
0.0
 10
-11.30688
 20
7.35506
 30
0.0
 10
-11.30688
 20
7.35506
 30
0.0
 10
-11.14249
 20
8.13858
 30
0.0
 10
-11.17847
 20
8.95667
 30
0.0
 10
-11.35592
 20
9.7349
 30
0.0
 10
-11.35592
 20
9.7349
 30
0.0
 10
-11.3986
 20
9.92434
 30
0.0
 10
-11.42788
 20
10.14695
 30
0.0
 10
-11.60427
 20
10.26513
 30
0.0
 10
-11.60427
 20
10.26513
 30
0.0
 10
-12.38885
 20
10.79676
 30
0.0
 10
-13.18119
 20
11.40037
 30
0.0
 10
-13.64403
 20
12.2488
 30
0.0
 10
-13.64403
 20
12.2488
 30
0.0
 10
-13.80455
 20
12.59064
 30
0.0
 10
-13.89909
 20
13.01856
 30
0.0
 10
-13.72023
 20
13.36957
 30
0.0
 10
-13.72023
 20
13.36957
 30
0.0
 10
-13.36957
 20
13.35546
 30
0.0
 10
-13.00374
 20
13.33888
 30
0.0
 10
-12.68765
 20
13.16919
 30
0.0
 10
-12.68765
 20
13.16919
 30
0.0
 10
-11.95493
 20
12.76985
 30
0.0
 10
-11.37214
 20
12.14332
 30
0.0
 10
-10.90471
 20
11.46069
 30
0.0
 10
-10.90471
 20
11.46069
 30
0.0
 10
-10.79535
 20
11.32523
 30
0.0
 10
-10.71316
 20
11.16259
 30
0.0
 10
-10.57981
 20
11.04759
 30
0.0
 10
-10.57981
 20
11.04759
 30
0.0
 10
-10.1981
 20
10.89096
 30
0.0
 10
-9.78253
 20
10.85603
 30
0.0
 10
-9.37789
 20
10.79853
 30
0.0
 10
-9.37789
 20
10.79853
 30
0.0
 10
-8.47654
 20
10.67223
 30
0.0
 10
-7.50041
 20
10.7696
 30
0.0
 10
-6.71901
 20
11.26949
 30
0.0
 10
-6.71901
 20
11.26949
 30
0.0
 10
-6.39269
 20
11.49385
 30
0.0
 10
-6.08648
 20
11.84169
 30
0.0
 10
-6.0893
 20
12.26044
 30
0.0
 10
-6.0893
 20
12.26044
 30
0.0
 10
-6.08118
 20
12.49751
 30
0.0
 10
-6.21348
 20
12.72364
 30
0.0
 10
-6.39939
 20
12.86334
 30
0.0
 10
-6.39939
 20
12.86334
 30
0.0
 10
-6.57013
 20
12.98928
 30
0.0
 10
-6.83295
 20
12.99598
 30
0.0
 10
-6.99241
 20
12.84781
 30
0.0
 10
-6.99241
 20
12.84781
 30
0.0
 10
-7.12329
 20
12.72258
 30
0.0
 10
-7.20408
 20
12.55818
 30
0.0
 10
-7.29403
 20
12.40331
 30
0.0
 10
-7.29403
 20
12.40331
 30
0.0
 10
-7.31485
 20
12.40402
 30
0.0
 10
-7.35647
 20
12.40578
 30
0.0
 10
-7.37729
 20
12.40649
 30
0.0
 10
-7.37729
 20
12.40649
 30
0.0
 10
-7.51064
 20
12.694
 30
0.0
 10
-7.6648
 20
13.02209
 30
0.0
 10
-7.55262
 20
13.33994
 30
0.0
 10
-7.55262
 20
13.33994
 30
0.0
 10
-7.42703
 20
13.6271
 30
0.0
 10
-7.09119
 20
13.77562
 30
0.0
 10
-6.78991
 20
13.7728
 30
0.0
 10
-6.78991
 20
13.7728
 30
0.0
 10
-6.39692
 20
13.82748
 30
0.0
 10
-6.06531
 20
13.58441
 30
0.0
 10
-5.72135
 20
13.44083
 30
0.0
 10
-5.72135
 20
13.44083
 30
0.0
 10
-5.81096
 20
13.91779
 30
0.0
 10
-6.08965
 20
14.36829
 30
0.0
 10
-6.51087
 20
14.61982
 30
0.0
 10
-6.51087
 20
14.61982
 30
0.0
 10
-6.82801
 20
14.82831
 30
0.0
 10
-7.27745
 20
14.8269
 30
0.0
 10
-7.58966
 20
14.60923
 30
0.0
 10
-7.58966
 20
14.60923
 30
0.0
 10
-7.85566
 20
14.42826
 30
0.0
 10
-8.05991
 20
14.11605
 30
0.0
 10
-8.01335
 20
13.78267
 30
0.0
 10
-8.01335
 20
13.78267
 30
0.0
 10
-7.9569
 20
13.56572
 30
0.0
 10
-7.82602
 20
13.37698
 30
0.0
 10
-7.75582
 20
13.16461
 30
0.0
 10
-7.75582
 20
13.16461
 30
0.0
 10
-8.08249
 20
13.11628
 30
0.0
 10
-8.42998
 20
13.1445
 30
0.0
 10
-8.70373
 20
13.34452
 30
0.0
 10
-8.70373
 20
13.34452
 30
0.0
 10
-9.13483
 20
13.63557
 30
0.0
 10
-9.24137
 20
14.25998
 30
0.0
 10
-9.03499
 20
14.71754
 30
0.0
 10
-9.03499
 20
14.71754
 30
0.0
 10
-8.7309
 20
15.45378
 30
0.0
 10
-7.88705
 20
15.88064
 30
0.0
 10
-7.10953
 20
15.78257
 30
0.0
 10
-7.10953
 20
15.78257
 30
0.0
 10
-6.42303
 20
15.70708
 30
0.0
 10
-5.70653
 20
15.43262
 30
0.0
 10
-5.28179
 20
14.86147
 30
0.0
 10
-5.28179
 20
14.86147
 30
0.0
 10
-4.66972
 20
14.17708
 30
0.0
 10
-4.53319
 20
13.16249
 30
0.0
 10
-4.78719
 20
12.29924
 30
0.0
 10
-4.78719
 20
12.29924
 30
0.0
 10
-4.90573
 20
11.8812
 30
0.0
 10
-5.16784
 20
11.52666
 30
0.0
 10
-5.38939
 20
11.15942
 30
0.0
 10
-5.38939
 20
11.15942
 30
0.0
 10
-4.80236
 20
11.24761
 30
0.0
 10
-4.20158
 20
11.31605
 30
0.0
 10
-3.65019
 20
11.551
 30
0.0
 10
-3.65019
 20
11.551
 30
0.0
 10
-3.1877
 20
11.73304
 30
0.0
 10
-2.7245
 20
11.93447
 30
0.0
 10
-2.33151
 20
12.24421
 30
0.0
 10
-2.33151
 20
12.24421
 30
0.0
 10
-2.20169
 20
12.36698
 30
0.0
 10
-2.08598
 20
12.51973
 30
0.0
 10
-2.04011
 20
12.69471
 30
0.0
 10
-2.04011
 20
12.69471
 30
0.0
 10
-2.00519
 20
12.86969
 30
0.0
 10
-2.2158
 20
13.00939
 30
0.0
 10
-2.37631
 20
12.95471
 30
0.0
 10
-2.37631
 20
12.95471
 30
0.0
 10
-2.6416
 20
12.92154
 30
0.0
 10
-2.83598
 20
12.71341
 30
0.0
 10
-3.05788
 20
12.58252
 30
0.0
 10
-3.05788
 20
12.58252
 30
0.0
 10
-3.23003
 20
13.09793
 30
0.0
 10
-2.98873
 20
13.68848
 30
0.0
 10
-2.5213
 20
13.95095
 30
0.0
 10
-2.5213
 20
13.95095
 30
0.0
 10
-2.28071
 20
14.10017
 30
0.0
 10
-1.93675
 20
14.10688
 30
0.0
 10
-1.72297
 20
13.90474
 30
0.0
 10
-1.72297
 20
13.90474
 30
0.0
 10
-1.3148
 20
13.55937
 30
0.0
 10
-1.24531
 20
12.98751
 30
0.0
 10
-1.17651
 20
12.49116
 30
0.0
 10
-1.17651
 20
12.49116
 30
0.0
 10
-0.83503
 20
12.57371
 30
0.0
 10
-0.51929
 20
12.7314
 30
0.0
 10
-0.19191
 20
12.85487
 30
0.0
 10
-0.19191
 20
12.85487
 30
0.0
 10
0.64911
 20
13.17978
 30
0.0
 10
1.49331
 20
13.5001
 30
0.0
 10
2.31069
 20
13.88216
 30
0.0
 10
2.31069
 20
13.88216
 30
0.0
 10
2.66912
 20
14.06278
 30
0.0
 10
3.04765
 20
14.27551
 30
0.0
 10
3.25261
 20
14.63499
 30
0.0
 10
3.25261
 20
14.63499
 30
0.0
 10
3.27519
 20
14.81737
 30
0.0
 10
3.12702
 20
14.94226
 30
0.0
 10
3.04447
 20
15.08372
 30
0.0
 10
3.04447
 20
15.08372
 30
0.0
 10
2.77001
 20
14.96766
 30
0.0
 10
2.64583
 20
14.67556
 30
0.0
 10
2.55411
 20
14.41168
 30
0.0
 10
2.55411
 20
14.41168
 30
0.0
 10
2.53012
 20
14.41238
 30
0.0
 10
2.48214
 20
14.41415
 30
0.0
 10
2.45851
 20
14.41485
 30
0.0
 10
2.45851
 20
14.41485
 30
0.0
 10
2.35373
 20
14.71612
 30
0.0
 10
2.16606
 20
15.02057
 30
0.0
 10
2.21615
 20
15.35289
 30
0.0
 10
2.21615
 20
15.35289
 30
0.0
 10
2.21615
 20
15.35289
 30
0.0
 10
2.21615
 20
15.35289
 30
0.0
 10
2.21615
 20
15.35289
 30
0.0
  0
SPLINE
  5
88
330
1F
100
AcDbEntity
  8
Layer 1
 62
   251
100
AcDbSpline
210
0.0
220
0.0
230
1.0
 70
    11
 71
     3
 72
    52
 73
    48
 74
     0
 42
0.000000001
 43
0.0000000001
 40
0.0
 40
0.0
 40
0.0
 40
0.0
 40
0.0769230769230769
 40
0.0769230769230769
 40
0.0769230769230769
 40
0.0769230769230769
 40
0.1538461538461539
 40
0.1538461538461539
 40
0.1538461538461539
 40
0.1538461538461539
 40
0.2307692307692308
 40
0.2307692307692308
 40
0.2307692307692308
 40
0.2307692307692308
 40
0.3076923076923077
 40
0.3076923076923077
 40
0.3076923076923077
 40
0.3076923076923077
 40
0.3846153846153846
 40
0.3846153846153846
 40
0.3846153846153846
 40
0.3846153846153846
 40
0.4615384615384616
 40
0.4615384615384616
 40
0.4615384615384616
 40
0.4615384615384616
 40
0.5384615384615384
 40
0.5384615384615384
 40
0.5384615384615384
 40
0.5384615384615384
 40
0.6153846153846154
 40
0.6153846153846154
 40
0.6153846153846154
 40
0.6153846153846154
 40
0.6923076923076923
 40
0.6923076923076923
 40
0.6923076923076923
 40
0.6923076923076923
 40
0.7692307692307693
 40
0.7692307692307693
 40
0.7692307692307693
 40
0.7692307692307693
 40
0.8461538461538461
 40
0.8461538461538461
 40
0.8461538461538461
 40
0.8461538461538461
 40
1.0
 40
1.0
 40
1.0
 40
1.0
 10
3.04659
 20
12.96987
 30
0.0
 10
2.59539
 20
12.81536
 30
0.0
 10
2.13501
 20
12.68942
 30
0.0
 10
1.68769
 20
12.52361
 30
0.0
 10
1.68769
 20
12.52361
 30
0.0
 10
0.68756
 20
12.15249
 30
0.0
 10
-0.27481
 20
11.69
 30
0.0
 10
-1.2573
 20
11.27689
 30
0.0
 10
-1.2573
 20
11.27689
 30
0.0
 10
-2.17346
 20
10.88708
 30
0.0
 10
-3.12914
 20
10.59991
 30
0.0
 10
-4.08799
 20
10.33745
 30
0.0
 10
-4.08799
 20
10.33745
 30
0.0
 10
-4.46793
 20
10.24961
 30
0.0
 10
-4.84787
 20
10.16141
 30
0.0
 10
-5.21899
 20
10.04111
 30
0.0
 10
-5.21899
 20
10.04111
 30
0.0
 10
-5.14809
 20
10.03124
 30
0.0
 10
-5.07647
 20
10.0203
 30
0.0
 10
-5.00451
 20
10.02559
 30
0.0
 10
-5.00451
 20
10.02559
 30
0.0
 10
-4.52861
 20
10.07322
 30
0.0
 10
-4.05553
 20
10.14518
 30
0.0
 10
-3.58211
 20
10.21327
 30
0.0
 10
-3.58211
 20
10.21327
 30
0.0
 10
-1.65241
 20
10.51101
 30
0.0
 10
0.21096
 20
11.11144
 30
0.0
 10
2.07504
 20
11.67589
 30
0.0
 10
2.07504
 20
11.67589
 30
0.0
 10
3.60398
 20
12.15037
 30
0.0
 10
5.11175
 20
12.69859
 30
0.0
 10
6.66432
 20
13.09335
 30
0.0
 10
6.66432
 20
13.09335
 30
0.0
 10
6.67103
 20
13.11416
 30
0.0
 10
6.68443
 20
13.15614
 30
0.0
 10
6.69149
 20
13.17696
 30
0.0
 10
6.69149
 20
13.17696
 30
0.0
 10
6.37505
 20
13.28843
 30
0.0
 10
6.05614
 20
13.4052
 30
0.0
 10
5.72206
 20
13.44789
 30
0.0
 10
5.72206
 20
13.44789
 30
0.0
 10
4.8066
 20
13.48846
 30
0.0
 10
3.90948
 20
13.25245
 30
0.0
 10
3.04659
 20
12.96987
 30
0.0
 10
3.04659
 20
12.96987
 30
0.0
 10
3.04659
 20
12.96987
 30
0.0
 10
3.04659
 20
12.96987
 30
0.0
 10
3.04659
 20
12.96987
 30
0.0
  0
SPLINE
  5
89
330
1F
100
AcDbEntity
  8
Layer 1
 62
   251
100
AcDbSpline
210
0.0
220
0.0
230
1.0
 70
    11
 71
     3
 72
    24
 73
    20
 74
     0
 42
0.000000001
 43
0.0000000001
 40
0.0
 40
0.0
 40
0.0
 40
0.0
 40
0.1666666666666667
 40
0.1666666666666667
 40
0.1666666666666667
 40
0.1666666666666667
 40
0.3333333333333333
 40
0.3333333333333333
 40
0.3333333333333333
 40
0.3333333333333333
 40
0.5
 40
0.5
 40
0.5
 40
0.5
 40
0.6666666666666666
 40
0.6666666666666666
 40
0.6666666666666666
 40
0.6666666666666666
 40
1.0
 40
1.0
 40
1.0
 40
1.0
 10
-2.22638
 20
5.71959
 30
0.0
 10
-2.37913
 20
5.64903
 30
0.0
 10
-2.52906
 20
5.54249
 30
0.0
 10
-2.59398
 20
5.38057
 30
0.0
 10
-2.59398
 20
5.38057
 30
0.0
 10
-2.76013
 20
5.086
 30
0.0
 10
-2.57069
 20
4.69441
 30
0.0
 10
-2.27542
 20
4.57024
 30
0.0
 10
-2.27542
 20
4.57024
 30
0.0
 10
-1.85879
 20
4.34093
 30
0.0
 10
-1.27564
 20
4.79354
 30
0.0
 10
-1.41076
 20
5.25886
 30
0.0
 10
-1.41076
 20
5.25886
 30
0.0
 10
-1.47285
 20
5.61411
 30
0.0
 10
-1.88842
 20
5.8293
 30
0.0
 10
-2.22638
 20
5.71959
 30
0.0
 10
-2.22638
 20
5.71959
 30
0.0
 10
-2.22638
 20
5.71959
 30
0.0
 10
-2.22638
 20
5.71959
 30
0.0
 10
-2.22638
 20
5.71959
 30
0.0
  0
SPLINE
  5
8A
330
1F
100
AcDbEntity
  8
Layer 1
 62
   251
100
AcDbSpline
210
0.0
220
0.0
230
1.0
 70
    11
 71
     3
 72
    40
 73
    36
 74
     0
 42
0.000000001
 43
0.0000000001
 40
0.0
 40
0.0
 40
0.0
 40
0.0
 40
0.1
 40
0.1
 40
0.1
 40
0.1
 40
0.2
 40
0.2
 40
0.2
 40
0.2
 40
0.3
 40
0.3
 40
0.3
 40
0.3
 40
0.4
 40
0.4
 40
0.4
 40
0.4
 40
0.5
 40
0.5
 40
0.5
 40
0.5
 40
0.6
 40
0.6
 40
0.6
 40
0.6
 40
0.7
 40
0.7
 40
0.7
 40
0.7
 40
0.8
 40
0.8
 40
0.8
 40
0.8
 40
1.0
 40
1.0
 40
1.0
 40
1.0
 10
-10.44857
 20
4.92619
 30
0.0
 10
-10.50466
 20
4.7692
 30
0.0
 10
-10.57804
 20
4.61786
 30
0.0
 10
-10.61861
 20
4.45558
 30
0.0
 10
-10.61861
 20
4.45558
 30
0.0
 10
-10.97068
 20
2.93194
 30
0.0
 10
-11.49914
 20
1.45098
 30
0.0
 10
-12.17789
 20
0.04269
 30
0.0
 10
-12.17789
 20
0.04269
 30
0.0
 10
-12.56983
 20
-0.83926
 30
0.0
 10
-12.99563
 20
-1.71133
 30
0.0
 10
-13.26903
 20
-2.63984
 30
0.0
 10
-13.26903
 20
-2.63984
 30
0.0
 10
-13.55478
 20
-3.50026
 30
0.0
 10
-13.87687
 20
-4.3621
 30
0.0
 10
-13.94989
 20
-5.27368
 30
0.0
 10
-13.94989
 20
-5.27368
 30
0.0
 10
-13.97
 20
-5.79049
 30
0.0
 10
-13.90262
 20
-6.3373
 30
0.0
 10
-13.61158
 20
-6.77827
 30
0.0
 10
-13.61158
 20
-6.77827
 30
0.0
 10
-13.42743
 20
-6.20466
 30
0.0
 10
-13.26198
 20
-5.62504
 30
0.0
 10
-13.08418
 20
-5.04931
 30
0.0
 10
-13.08418
 20
-5.04931
 30
0.0
 10
-12.44847
 20
-3.13161
 30
0.0
 10
-11.78348
 20
-1.22273
 30
0.0
 10
-11.22892
 20
0.72037
 30
0.0
 10
-11.22892
 20
0.72037
 30
0.0
 10
-10.86273
 20
2.09832
 30
0.0
 10
-10.52618
 20
3.49814
 30
0.0
 10
-10.44857
 20
4.92619
 30
0.0
 10
-10.44857
 20
4.92619
 30
0.0
 10
-10.44857
 20
4.92619
 30
0.0
 10
-10.44857
 20
4.92619
 30
0.0
 10
-10.44857
 20
4.92619
 30
0.0
  0
SPLINE
  5
8B
330
1F
100
AcDbEntity
  8
Layer 1
 62
   251
100
AcDbSpline
210
0.0
220
0.0
230
1.0
 70
    11
 71
     3
 72
    20
 73
    16
 74
     0
 42
0.000000001
 43
0.0000000001
 40
0.0
 40
0.0
 40
0.0
 40
0.0
 40
0.2
 40
0.2
 40
0.2
 40
0.2
 40
0.4
 40
0.4
 40
0.4
 40
0.4
 40
0.6
 40
0.6
 40
0.6
 40
0.6
 40
1.0
 40
1.0
 40
1.0
 40
1.0
 10
-5.47264
 20
4.09116
 30
0.0
 10
-5.39821
 20
3.7592
 30
0.0
 10
-5.22887
 20
3.43853
 30
0.0
 10
-4.95794
 20
3.22615
 30
0.0
 10
-4.95794
 20
3.22615
 30
0.0
 10
-4.34058
 20
2.71216
 30
0.0
 10
-3.5239
 20
2.54564
 30
0.0
 10
-2.74743
 20
2.4511
 30
0.0
 10
-2.74743
 20
2.4511
 30
0.0
 10
-3.11503
 20
3.54436
 30
0.0
 10
-4.31835
 20
4.34022
 30
0.0
 10
-5.47264
 20
4.09116
 30
0.0
 10
-5.47264
 20
4.09116
 30
0.0
 10
-5.47264
 20
4.09116
 30
0.0
 10
-5.47264
 20
4.09116
 30
0.0
 10
-5.47264
 20
4.09116
 30
0.0
  0
SPLINE
  5
8C
330
1F
100
AcDbEntity
  8
Layer 1
 62
   251
100
AcDbSpline
210
0.0
220
0.0
230
1.0
 70
    11
 71
     3
 72
    28
 73
    24
 74
     0
 42
0.000000001
 43
0.0000000001
 40
0.0
 40
0.0
 40
0.0
 40
0.0
 40
0.1428571428571428
 40
0.1428571428571428
 40
0.1428571428571428
 40
0.1428571428571428
 40
0.2857142857142857
 40
0.2857142857142857
 40
0.2857142857142857
 40
0.2857142857142857
 40
0.4285714285714285
 40
0.4285714285714285
 40
0.4285714285714285
 40
0.4285714285714285
 40
0.5714285714285714
 40
0.5714285714285714
 40
0.5714285714285714
 40
0.5714285714285714
 40
0.7142857142857143
 40
0.7142857142857143
 40
0.7142857142857143
 40
0.7142857142857143
 40
1.0
 40
1.0
 40
1.0
 40
1.0
 10
-0.55845
 20
3.62832
 30
0.0
 10
-0.93804
 20
3.32528
 30
0.0
 10
-1.22626
 20
2.91677
 30
0.0
 10
-1.41041
 20
2.46874
 30
0.0
 10
-1.41041
 20
2.46874
 30
0.0
 10
-1.11901
 20
2.47403
 30
0.0
 10
-0.83114
 20
2.534
 30
0.0
 10
-0.54645
 20
2.59292
 30
0.0
 10
-0.54645
 20
2.59292
 30
0.0
 10
0.05821
 20
2.74849
 30
0.0
 10
0.68509
 20
2.99826
 30
0.0
 10
1.07315
 20
3.51226
 30
0.0
 10
1.07315
 20
3.51226
 30
0.0
 10
1.21673
 20
3.68371
 30
0.0
 10
1.27353
 20
3.90666
 30
0.0
 10
1.31692
 20
4.1208
 30
0.0
 10
1.31692
 20
4.1208
 30
0.0
 10
0.66005
 20
4.19559
 30
0.0
 10
-0.03175
 20
4.03719
 30
0.0
 10
-0.55845
 20
3.62832
 30
0.0
 10
-0.55845
 20
3.62832
 30
0.0
 10
-0.55845
 20
3.62832
 30
0.0
 10
-0.55845
 20
3.62832
 30
0.0
 10
-0.55845
 20
3.62832
 30
0.0
  0
SPLINE
  5
8D
330
1F
100
AcDbEntity
  8
Layer 1
 62
   251
100
AcDbSpline
210
0.0
220
0.0
230
1.0
 70
    11
 71
     3
 72
    28
 73
    24
 74
     0
 42
0.000000001
 43
0.0000000001
 40
0.0
 40
0.0
 40
0.0
 40
0.0
 40
0.1428571428571428
 40
0.1428571428571428
 40
0.1428571428571428
 40
0.1428571428571428
 40
0.2857142857142857
 40
0.2857142857142857
 40
0.2857142857142857
 40
0.2857142857142857
 40
0.4285714285714285
 40
0.4285714285714285
 40
0.4285714285714285
 40
0.4285714285714285
 40
0.5714285714285714
 40
0.5714285714285714
 40
0.5714285714285714
 40
0.5714285714285714
 40
0.7142857142857143
 40
0.7142857142857143
 40
0.7142857142857143
 40
0.7142857142857143
 40
1.0
 40
1.0
 40
1.0
 40
1.0
 10
-4.47922
 20
0.56303
 30
0.0
 10
-4.63726
 20
0.4318
 30
0.0
 10
-4.76391
 20
0.22507
 30
0.0
 10
-4.72087
 20
0.0127
 30
0.0
 10
-4.72087
 20
0.0127
 30
0.0
 10
-4.68524
 20
-0.15416
 30
0.0
 10
-4.63621
 20
-0.31962
 30
0.0
 10
-4.57906
 20
-0.48084
 30
0.0
 10
-4.57906
 20
-0.48084
 30
0.0
 10
-4.55189
 20
-0.47801
 30
0.0
 10
-4.49792
 20
-0.47202
 30
0.0
 10
-4.47075
 20
-0.46919
 30
0.0
 10
-4.47075
 20
-0.46919
 30
0.0
 10
-4.10281
 20
0.19544
 30
0.0
 10
-3.47063
 20
0.65017
 30
0.0
 10
-3.06317
 20
1.28411
 30
0.0
 10
-3.06317
 20
1.28411
 30
0.0
 10
-3.56517
 20
1.11266
 30
0.0
 10
-4.06259
 20
0.89711
 30
0.0
 10
-4.47922
 20
0.56303
 30
0.0
 10
-4.47922
 20
0.56303
 30
0.0
 10
-4.47922
 20
0.56303
 30
0.0
 10
-4.47922
 20
0.56303
 30
0.0
 10
-4.47922
 20
0.56303
 30
0.0
  0
SPLINE
  5
8E
330
1F
100
AcDbEntity
  8
Layer 1
 62
   251
100
AcDbSpline
210
0.0
220
0.0
230
1.0
 70
    11
 71
     3
 72
    24
 73
    20
 74
     0
 42
0.000000001
 43
0.0000000001
 40
0.0
 40
0.0
 40
0.0
 40
0.0
 40
0.1666666666666667
 40
0.1666666666666667
 40
0.1666666666666667
 40
0.1666666666666667
 40
0.3333333333333333
 40
0.3333333333333333
 40
0.3333333333333333
 40
0.3333333333333333
 40
0.5
 40
0.5
 40
0.5
 40
0.5
 40
0.6666666666666666
 40
0.6666666666666666
 40
0.6666666666666666
 40
0.6666666666666666
 40
1.0
 40
1.0
 40
1.0
 40
1.0
 10
-1.03364
 20
1.28976
 30
0.0
 10
-1.04563
 20
1.27106
 30
0.0
 10
-1.06998
 20
1.23402
 30
0.0
 10
-1.08197
 20
1.21532
 30
0.0
 10
-1.08197
 20
1.21532
 30
0.0
 10
-0.58138
 20
0.64206
 30
0.0
 10
-0.03775
 20
0.10336
 30
0.0
 10
0.3877
 20
-0.53164
 30
0.0
 10
0.3877
 20
-0.53164
 30
0.0
 10
0.53058
 20
-0.24024
 30
0.0
 10
0.68827
 20
0.14499
 30
0.0
 10
0.46849
 20
0.43286
 30
0.0
 10
0.46849
 20
0.43286
 30
0.0
 10
0.06526
 20
0.86431
 30
0.0
 10
-0.5147
 20
1.04281
 30
0.0
 10
-1.03364
 20
1.28976
 30
0.0
 10
-1.03364
 20
1.28976
 30
0.0
 10
-1.03364
 20
1.28976
 30
0.0
 10
-1.03364
 20
1.28976
 30
0.0
 10
-1.03364
 20
1.28976
 30
0.0
  0
SPLINE
  5
8F
330
1F
100
AcDbEntity
  8
Layer 1
 62
   251
100
AcDbSpline
210
0.0
220
0.0
230
1.0
 70
    11
 71
     3
 72
    32
 73
    28
 74
     0
 42
0.000000001
 43
0.0000000001
 40
0.0
 40
0.0
 40
0.0
 40
0.0
 40
0.125
 40
0.125
 40
0.125
 40
0.125
 40
0.25
 40
0.25
 40
0.25
 40
0.25
 40
0.375
 40
0.375
 40
0.375
 40
0.375
 40
0.5
 40
0.5
 40
0.5
 40
0.5
 40
0.625
 40
0.625
 40
0.625
 40
0.625
 40
0.75
 40
0.75
 40
0.75
 40
0.75
 40
1.0
 40
1.0
 40
1.0
 40
1.0
 10
-2.4444
 20
0.86078
 30
0.0
 10
-2.46803
 20
0.83573
 30
0.0
 10
-2.49167
 20
0.81068
 30
0.0
 10
-2.51531
 20
0.78528
 30
0.0
 10
-2.51531
 20
0.78528
 30
0.0
 10
-2.36326
 20
-0.121
 30
0.0
 10
-2.24296
 20
-1.03188
 30
0.0
 10
-2.10891
 20
-1.94098
 30
0.0
 10
-2.10891
 20
-1.94098
 30
0.0
 10
-1.96533
 20
-1.59844
 30
0.0
 10
-1.95051
 20
-1.22167
 30
0.0
 10
-1.8923
 20
-0.85937
 30
0.0
 10
-1.8923
 20
-0.85937
 30
0.0
 10
-1.80658
 20
-0.3115
 30
0.0
 10
-1.72473
 20
0.23636
 30
0.0
 10
-1.64606
 20
0.78528
 30
0.0
 10
-1.64606
 20
0.78528
 30
0.0
 10
-1.67005
 20
0.81068
 30
0.0
 10
-1.69369
 20
0.83608
 30
0.0
 10
-1.71732
 20
0.86148
 30
0.0
 10
-1.71732
 20
0.86148
 30
0.0
 10
-1.95968
 20
0.86289
 30
0.0
 10
-2.20204
 20
0.86254
 30
0.0
 10
-2.4444
 20
0.86078
 30
0.0
 10
-2.4444
 20
0.86078
 30
0.0
 10
-2.4444
 20
0.86078
 30
0.0
 10
-2.4444
 20
0.86078
 30
0.0
 10
-2.4444
 20
0.86078
 30
0.0
  0
SPLINE
  5
90
330
1F
100
AcDbEntity
  8
Layer 1
 62
   251
100
AcDbSpline
210
0.0
220
0.0
230
1.0
 70
    11
 71
     3
 72
    20
 73
    16
 74
     0
 42
0.000000001
 43
0.0000000001
 40
0.0
 40
0.0
 40
0.0
 40
0.0
 40
0.2
 40
0.2
 40
0.2
 40
0.2
 40
0.4
 40
0.4
 40
0.4
 40
0.4
 40
0.6
 40
0.6
 40
0.6
 40
0.6
 40
1.0
 40
1.0
 40
1.0
 40
1.0
 10
-3.84739
 20
-1.30457
 30
0.0
 10
-3.44593
 20
-1.58044
 30
0.0
 10
-3.07199
 20
-1.899
 30
0.0
 10
-2.6543
 20
-2.15089
 30
0.0
 10
-2.6543
 20
-2.15089
 30
0.0
 10
-2.77742
 20
-1.61043
 30
0.0
 10
-3.02754
 20
-1.10843
 30
0.0
 10
-3.21769
 20
-0.58914
 30
0.0
 10
-3.21769
 20
-0.58914
 30
0.0
 10
-3.47451
 20
-0.78034
 30
0.0
 10
-3.66219
 20
-1.04704
 30
0.0
 10
-3.84739
 20
-1.30457
 30
0.0
 10
-3.84739
 20
-1.30457
 30
0.0
 10
-3.84739
 20
-1.30457
 30
0.0
 10
-3.84739
 20
-1.30457
 30
0.0
 10
-3.84739
 20
-1.30457
 30
0.0
  0
SPLINE
  5
91
330
1F
100
AcDbEntity
  8
Layer 1
 62
   251
100
AcDbSpline
210
0.0
220
0.0
230
1.0
 70
    11
 71
     3
 72
    24
 73
    20
 74
     0
 42
0.000000001
 43
0.0000000001
 40
0.0
 40
0.0
 40
0.0
 40
0.0
 40
0.1666666666666667
 40
0.1666666666666667
 40
0.1666666666666667
 40
0.1666666666666667
 40
0.3333333333333333
 40
0.3333333333333333
 40
0.3333333333333333
 40
0.3333333333333333
 40
0.5
 40
0.5
 40
0.5
 40
0.5
 40
0.6666666666666666
 40
0.6666666666666666
 40
0.6666666666666666
 40
0.6666666666666666
 40
1.0
 40
1.0
 40
1.0
 40
1.0
 10
-1.18816
 20
-1.2827
 30
0.0
 10
-1.30634
 20
-1.55293
 30
0.0
 10
-1.46509
 20
-1.80904
 30
0.0
 10
-1.53458
 20
-2.09797
 30
0.0
 10
-1.53458
 20
-2.09797
 30
0.0
 10
-1.09855
 20
-1.89018
 30
0.0
 10
-0.69638
 20
-1.62137
 30
0.0
 10
-0.27975
 20
-1.37901
 30
0.0
 10
-0.27975
 20
-1.37901
 30
0.0
 10
-0.44626
 20
-1.10455
 30
0.0
 10
-0.63747
 20
-0.84596
 30
0.0
 10
-0.82585
 20
-0.58667
 30
0.0
 10
-0.82585
 20
-0.58667
 30
0.0
 10
-0.98108
 20
-0.79904
 30
0.0
 10
-1.07068
 20
-1.04916
 30
0.0
 10
-1.18816
 20
-1.2827
 30
0.0
 10
-1.18816
 20
-1.2827
 30
0.0
 10
-1.18816
 20
-1.2827
 30
0.0
 10
-1.18816
 20
-1.2827
 30
0.0
 10
-1.18816
 20
-1.2827
 30
0.0
  0
SPLINE
  5
92
330
1F
100
AcDbEntity
  8
Layer 1
 62
   251
100
AcDbSpline
210
0.0
220
0.0
230
1.0
 70
    11
 71
     3
 72
    20
 73
    16
 74
     0
 42
0.000000001
 43
0.0000000001
 40
0.0
 40
0.0
 40
0.0
 40
0.0
 40
0.2
 40
0.2
 40
0.2
 40
0.2
 40
0.4
 40
0.4
 40
0.4
 40
0.4
 40
0.6
 40
0.6
 40
0.6
 40
0.6
 40
1.0
 40
1.0
 40
1.0
 40
1.0
 10
-3.98604
 20
-2.26589
 30
0.0
 10
-4.01003
 20
-2.62255
 30
0.0
 10
-4.00156
 20
-2.98027
 30
0.0
 10
-3.98921
 20
-3.33728
 30
0.0
 10
-3.98921
 20
-3.33728
 30
0.0
 10
-3.53589
 20
-3.17394
 30
0.0
 10
-3.08187
 20
-3.00919
 30
0.0
 10
-2.64089
 20
-2.81481
 30
0.0
 10
-2.64089
 20
-2.81481
 30
0.0
 10
-3.0667
 20
-2.58339
 30
0.0
 10
-3.53624
 20
-2.44369
 30
0.0
 10
-3.98604
 20
-2.26589
 30
0.0
 10
-3.98604
 20
-2.26589
 30
0.0
 10
-3.98604
 20
-2.26589
 30
0.0
 10
-3.98604
 20
-2.26589
 30
0.0
 10
-3.98604
 20
-2.26589
 30
0.0
  0
SPLINE
  5
93
330
1F
100
AcDbEntity
  8
Layer 1
 62
   251
100
AcDbSpline
210
0.0
220
0.0
230
1.0
 70
    11
 71
     3
 72
    24
 73
    20
 74
     0
 42
0.000000001
 43
0.0000000001
 40
0.0
 40
0.0
 40
0.0
 40
0.0
 40
0.1666666666666667
 40
0.1666666666666667
 40
0.1666666666666667
 40
0.1666666666666667
 40
0.3333333333333333
 40
0.3333333333333333
 40
0.3333333333333333
 40
0.3333333333333333
 40
0.5
 40
0.5
 40
0.5
 40
0.5
 40
0.6666666666666666
 40
0.6666666666666666
 40
0.6666666666666666
 40
0.6666666666666666
 40
1.0
 40
1.0
 40
1.0
 40
1.0
 10
-1.46121
 20
-2.77707
 30
0.0
 10
-1.4605
 20
-2.79788
 30
0.0
 10
-1.45909
 20
-2.83951
 30
0.0
 10
-1.45803
 20
-2.86032
 30
0.0
 10
-1.45803
 20
-2.86032
 30
0.0
 10
-1.01988
 20
-3.01625
 30
0.0
 10
-0.59761
 20
-3.21804
 30
0.0
 10
-0.14993
 20
-3.3468
 30
0.0
 10
-0.14993
 20
-3.3468
 30
0.0
 10
-0.12312
 20
-2.99861
 30
0.0
 10
-0.12524
 20
-2.64901
 30
0.0
 10
-0.13582
 20
-2.30082
 30
0.0
 10
-0.13582
 20
-2.30082
 30
0.0
 10
-0.59267
 20
-2.41229
 30
0.0
 10
-1.01635
 20
-2.62749
 30
0.0
 10
-1.46121
 20
-2.77707
 30
0.0
 10
-1.46121
 20
-2.77707
 30
0.0
 10
-1.46121
 20
-2.77707
 30
0.0
 10
-1.46121
 20
-2.77707
 30
0.0
 10
-1.46121
 20
-2.77707
 30
0.0
  0
SPLINE
  5
94
330
1F
100
AcDbEntity
  8
Layer 1
 62
   251
100
AcDbSpline
210
0.0
220
0.0
230
1.0
 70
    11
 71
     3
 72
    20
 73
    16
 74
     0
 42
0.000000001
 43
0.0000000001
 40
0.0
 40
0.0
 40
0.0
 40
0.0
 40
0.2
 40
0.2
 40
0.2
 40
0.2
 40
0.4
 40
0.4
 40
0.4
 40
0.4
 40
0.6
 40
0.6
 40
0.6
 40
0.6
 40
1.0
 40
1.0
 40
1.0
 40
1.0
 10
-1.50989
 20
-3.46851
 30
0.0
 10
-1.33773
 20
-4.00403
 30
0.0
 10
-1.12395
 20
-4.52508
 30
0.0
 10
-0.9211
 20
-5.05001
 30
0.0
 10
-0.9211
 20
-5.05001
 30
0.0
 10
-0.69497
 20
-4.82565
 30
0.0
 10
-0.48683
 20
-4.58399
 30
0.0
 10
-0.29316
 20
-4.33141
 30
0.0
 10
-0.29316
 20
-4.33141
 30
0.0
 10
-0.68545
 20
-4.0259
 30
0.0
 10
-1.08373
 20
-3.72569
 30
0.0
 10
-1.50989
 20
-3.46851
 30
0.0
 10
-1.50989
 20
-3.46851
 30
0.0
 10
-1.50989
 20
-3.46851
 30
0.0
 10
-1.50989
 20
-3.46851
 30
0.0
 10
-1.50989
 20
-3.46851
 30
0.0
  0
SPLINE
  5
95
330
1F
100
AcDbEntity
  8
Layer 1
 62
   251
100
AcDbSpline
210
0.0
220
0.0
230
1.0
 70
    11
 71
     3
 72
    24
 73
    20
 74
     0
 42
0.000000001
 43
0.0000000001
 40
0.0
 40
0.0
 40
0.0
 40
0.0
 40
0.1666666666666667
 40
0.1666666666666667
 40
0.1666666666666667
 40
0.1666666666666667
 40
0.3333333333333333
 40
0.3333333333333333
 40
0.3333333333333333
 40
0.3333333333333333
 40
0.5
 40
0.5
 40
0.5
 40
0.5
 40
0.6666666666666666
 40
0.6666666666666666
 40
0.6666666666666666
 40
0.6666666666666666
 40
1.0
 40
1.0
 40
1.0
 40
1.0
 10
-3.85269
 20
-4.23016
 30
0.0
 10
-3.72216
 20
-4.50215
 30
0.0
 10
-3.51966
 20
-4.73075
 30
0.0
 10
-3.36409
 20
-4.98828
 30
0.0
 10
-3.36409
 20
-4.98828
 30
0.0
 10
-3.33975
 20
-4.98898
 30
0.0
 10
-3.29071
 20
-4.99039
 30
0.0
 10
-3.26637
 20
-4.9911
 30
0.0
 10
-3.26637
 20
-4.9911
 30
0.0
 10
-3.03777
 20
-4.50003
 30
0.0
 10
-2.78236
 20
-4.0192
 30
0.0
 10
-2.59433
 20
-3.5112
 30
0.0
 10
-2.59433
 20
-3.5112
 30
0.0
 10
-3.03107
 20
-3.71863
 30
0.0
 10
-3.429
 20
-3.99838
 30
0.0
 10
-3.85269
 20
-4.23016
 30
0.0
 10
-3.85269
 20
-4.23016
 30
0.0
 10
-3.85269
 20
-4.23016
 30
0.0
 10
-3.85269
 20
-4.23016
 30
0.0
 10
-3.85269
 20
-4.23016
 30
0.0
  0
SPLINE
  5
96
330
1F
100
AcDbEntity
  8
Layer 1
 62
   251
100
AcDbSpline
210
0.0
220
0.0
230
1.0
 70
    11
 71
     3
 72
    28
 73
    24
 74
     0
 42
0.000000001
 43
0.0000000001
 40
0.0
 40
0.0
 40
0.0
 40
0.0
 40
0.1428571428571428
 40
0.1428571428571428
 40
0.1428571428571428
 40
0.1428571428571428
 40
0.2857142857142857
 40
0.2857142857142857
 40
0.2857142857142857
 40
0.2857142857142857
 40
0.4285714285714285
 40
0.4285714285714285
 40
0.4285714285714285
 40
0.4285714285714285
 40
0.5714285714285714
 40
0.5714285714285714
 40
0.5714285714285714
 40
0.5714285714285714
 40
0.7142857142857143
 40
0.7142857142857143
 40
0.7142857142857143
 40
0.7142857142857143
 40
1.0
 40
1.0
 40
1.0
 40
1.0
 10
-2.23591
 20
-4.60481
 30
0.0
 10
-2.31316
 20
-5.2257
 30
0.0
 10
-2.4384
 20
-5.84059
 30
0.0
 10
-2.48285
 20
-6.46536
 30
0.0
 10
-2.48285
 20
-6.46536
 30
0.0
 10
-2.2038
 20
-6.47171
 30
0.0
 10
-1.92405
 20
-6.46889
 30
0.0
 10
-1.64465
 20
-6.46148
 30
0.0
 10
-1.64465
 20
-6.46148
 30
0.0
 10
-1.69369
 20
-5.969
 30
0.0
 10
-1.77306
 20
-5.48005
 30
0.0
 10
-1.84785
 20
-4.99145
 30
0.0
 10
-1.84785
 20
-4.99145
 30
0.0
 10
-1.91135
 20
-4.58082
 30
0.0
 10
-1.94451
 20
-4.16384
 30
0.0
 10
-2.05352
 20
-3.76167
 30
0.0
 10
-2.05352
 20
-3.76167
 30
0.0
 10
-2.17558
 20
-4.02661
 30
0.0
 10
-2.19428
 20
-4.32047
 30
0.0
 10
-2.23591
 20
-4.60481
 30
0.0
 10
-2.23591
 20
-4.60481
 30
0.0
 10
-2.23591
 20
-4.60481
 30
0.0
 10
-2.23591
 20
-4.60481
 30
0.0
 10
-2.23591
 20
-4.60481
 30
0.0
  0
SPLINE
  5
97
330
1F
100
AcDbEntity
  8
Layer 1
 62
   251
100
AcDbSpline
210
0.0
220
0.0
230
1.0
 70
    11
 71
     3
 72
    28
 73
    24
 74
     0
 42
0.000000001
 43
0.0000000001
 40
0.0
 40
0.0
 40
0.0
 40
0.0
 40
0.1428571428571428
 40
0.1428571428571428
 40
0.1428571428571428
 40
0.1428571428571428
 40
0.2857142857142857
 40
0.2857142857142857
 40
0.2857142857142857
 40
0.2857142857142857
 40
0.4285714285714285
 40
0.4285714285714285
 40
0.4285714285714285
 40
0.4285714285714285
 40
0.5714285714285714
 40
0.5714285714285714
 40
0.5714285714285714
 40
0.5714285714285714
 40
0.7142857142857143
 40
0.7142857142857143
 40
0.7142857142857143
 40
0.7142857142857143
 40
1.0
 40
1.0
 40
1.0
 40
1.0
 10
2.00625
 20
-7.68703
 30
0.0
 10
1.89759
 20
-7.71737
 30
0.0
 10
1.83162
 20
-7.82179
 30
0.0
 10
1.76459
 20
-7.90434
 30
0.0
 10
1.76459
 20
-7.90434
 30
0.0
 10
1.45732
 20
-8.38729
 30
0.0
 10
1.46332
 20
-9.06251
 30
0.0
 10
1.79352
 20
-9.53276
 30
0.0
 10
1.79352
 20
-9.53276
 30
0.0
 10
2.00907
 20
-9.85802
 30
0.0
 10
2.44898
 20
-9.67281
 30
0.0
 10
2.7686
 20
-9.69433
 30
0.0
 10
2.7686
 20
-9.69433
 30
0.0
 10
2.77001
 20
-9.02794
 30
0.0
 10
2.77001
 20
-8.36224
 30
0.0
 10
2.76825
 20
-7.69655
 30
0.0
 10
2.76825
 20
-7.69655
 30
0.0
 10
2.5146
 20
-7.68209
 30
0.0
 10
2.25954
 20
-7.66269
 30
0.0
 10
2.00625
 20
-7.68703
 30
0.0
 10
2.00625
 20
-7.68703
 30
0.0
 10
2.00625
 20
-7.68703
 30
0.0
 10
2.00625
 20
-7.68703
 30
0.0
 10
2.00625
 20
-7.68703
 30
0.0
  0
SPLINE
  5
98
330
1F
100
AcDbEntity
  8
Layer 1
 62
   251
100
AcDbSpline
210
0.0
220
0.0
230
1.0
 70
    11
 71
     3
 72
    24
 73
    20
 74
     0
 42
0.000000001
 43
0.0000000001
 40
0.0
 40
0.0
 40
0.0
 40
0.0
 40
0.1666666666666667
 40
0.1666666666666667
 40
0.1666666666666667
 40
0.1666666666666667
 40
0.3333333333333333
 40
0.3333333333333333
 40
0.3333333333333333
 40
0.3333333333333333
 40
0.5
 40
0.5
 40
0.5
 40
0.5
 40
0.6666666666666666
 40
0.6666666666666666
 40
0.6666666666666666
 40
0.6666666666666666
 40
1.0
 40
1.0
 40
1.0
 40
1.0
 10
3.40536
 20
-7.70008
 30
0.0
 10
3.40395
 20
-8.35836
 30
0.0
 10
3.40466
 20
-9.01665
 30
0.0
 10
3.40113
 20
-9.67564
 30
0.0
 10
3.40113
 20
-9.67564
 30
0.0
 10
3.65901
 20
-9.71691
 30
0.0
 10
3.92324
 20
-9.71091
 30
0.0
 10
4.18147
 20
-9.6714
 30
0.0
 10
4.18147
 20
-9.6714
 30
0.0
 10
4.17089
 20
-9.00395
 30
0.0
 10
4.22028
 20
-8.33085
 30
0.0
 10
4.12891
 20
-7.66763
 30
0.0
 10
4.12891
 20
-7.66763
 30
0.0
 10
3.88726
 20
-7.67433
 30
0.0
 10
3.64596
 20
-7.68456
 30
0.0
 10
3.40536
 20
-7.70008
 30
0.0
 10
3.40536
 20
-7.70008
 30
0.0
 10
3.40536
 20
-7.70008
 30
0.0
 10
3.40536
 20
-7.70008
 30
0.0
 10
3.40536
 20
-7.70008
 30
0.0
  0
SPLINE
  5
99
330
1F
100
AcDbEntity
  8
Layer 1
 62
   251
100
AcDbSpline
210
0.0
220
0.0
230
1.0
 70
    11
 71
     3
 72
    28
 73
    24
 74
     0
 42
0.000000001
 43
0.0000000001
 40
0.0
 40
0.0
 40
0.0
 40
0.0
 40
0.1428571428571428
 40
0.1428571428571428
 40
0.1428571428571428
 40
0.1428571428571428
 40
0.2857142857142857
 40
0.2857142857142857
 40
0.2857142857142857
 40
0.2857142857142857
 40
0.4285714285714285
 40
0.4285714285714285
 40
0.4285714285714285
 40
0.4285714285714285
 40
0.5714285714285714
 40
0.5714285714285714
 40
0.5714285714285714
 40
0.5714285714285714
 40
0.7142857142857143
 40
0.7142857142857143
 40
0.7142857142857143
 40
0.7142857142857143
 40
1.0
 40
1.0
 40
1.0
 40
1.0
 10
4.82953
 20
-7.66798
 30
0.0
 10
4.75368
 20
-8.16116
 30
0.0
 10
4.82177
 20
-8.66281
 30
0.0
 10
4.7879
 20
-9.15917
 30
0.0
 10
4.7879
 20
-9.15917
 30
0.0
 10
4.80342
 20
-9.34156
 30
0.0
 10
4.75297
 20
-9.55075
 30
0.0
 10
4.85457
 20
-9.71338
 30
0.0
 10
4.85457
 20
-9.71338
 30
0.0
 10
5.08988
 20
-9.73631
 30
0.0
 10
5.3273
 20
-9.70386
 30
0.0
 10
5.56295
 20
-9.69116
 30
0.0
 10
5.56295
 20
-9.69116
 30
0.0
 10
5.55696
 20
-9.02123
 30
0.0
 10
5.56084
 20
-8.35096
 30
0.0
 10
5.54461
 20
-7.68103
 30
0.0
 10
5.54461
 20
-7.68103
 30
0.0
 10
5.30648
 20
-7.67186
 30
0.0
 10
5.0673
 20
-7.67151
 30
0.0
 10
4.82953
 20
-7.66798
 30
0.0
 10
4.82953
 20
-7.66798
 30
0.0
 10
4.82953
 20
-7.66798
 30
0.0
 10
4.82953
 20
-7.66798
 30
0.0
 10
4.82953
 20
-7.66798
 30
0.0
  0
SPLINE
  5
9A
330
1F
100
AcDbEntity
  8
Layer 1
 62
   251
100
AcDbSpline
210
0.0
220
0.0
230
1.0
 70
    11
 71
     3
 72
    24
 73
    20
 74
     0
 42
0.000000001
 43
0.0000000001
 40
0.0
 40
0.0
 40
0.0
 40
0.0
 40
0.1666666666666667
 40
0.1666666666666667
 40
0.1666666666666667
 40
0.1666666666666667
 40
0.3333333333333333
 40
0.3333333333333333
 40
0.3333333333333333
 40
0.3333333333333333
 40
0.5
 40
0.5
 40
0.5
 40
0.5
 40
0.6666666666666666
 40
0.6666666666666666
 40
0.6666666666666666
 40
0.6666666666666666
 40
1.0
 40
1.0
 40
1.0
 40
1.0
 10
6.23394
 20
-7.66304
 30
0.0
 10
6.13304
 20
-8.32908
 30
0.0
 10
6.21594
 20
-9.00959
 30
0.0
 10
6.18772
 20
-9.68057
 30
0.0
 10
6.18772
 20
-9.68057
 30
0.0
 10
6.44454
 20
-9.72538
 30
0.0
 10
6.70736
 20
-9.70527
 30
0.0
 10
6.96666
 20
-9.69574
 30
0.0
 10
6.96666
 20
-9.69574
 30
0.0
 10
6.96736
 20
-9.02935
 30
0.0
 10
6.96877
 20
-8.36295
 30
0.0
 10
6.96595
 20
-7.69691
 30
0.0
 10
6.96595
 20
-7.69691
 30
0.0
 10
6.72289
 20
-7.67045
 30
0.0
 10
6.47735
 20
-7.67186
 30
0.0
 10
6.23394
 20
-7.66304
 30
0.0
 10
6.23394
 20
-7.66304
 30
0.0
 10
6.23394
 20
-7.66304
 30
0.0
 10
6.23394
 20
-7.66304
 30
0.0
 10
6.23394
 20
-7.66304
 30
0.0
  0
SPLINE
  5
9B
330
1F
100
AcDbEntity
  8
Layer 1
 62
   251
100
AcDbSpline
210
0.0
220
0.0
230
1.0
 70
    11
 71
     3
 72
    28
 73
    24
 74
     0
 42
0.000000001
 43
0.0000000001
 40
0.0
 40
0.0
 40
0.0
 40
0.0
 40
0.1428571428571428
 40
0.1428571428571428
 40
0.1428571428571428
 40
0.1428571428571428
 40
0.2857142857142857
 40
0.2857142857142857
 40
0.2857142857142857
 40
0.2857142857142857
 40
0.4285714285714285
 40
0.4285714285714285
 40
0.4285714285714285
 40
0.4285714285714285
 40
0.5714285714285714
 40
0.5714285714285714
 40
0.5714285714285714
 40
0.5714285714285714
 40
0.7142857142857143
 40
0.7142857142857143
 40
0.7142857142857143
 40
0.7142857142857143
 40
1.0
 40
1.0
 40
1.0
 40
1.0
 10
7.64505
 20
-7.66304
 30
0.0
 10
7.54415
 20
-8.32873
 30
0.0
 10
7.62635
 20
-9.00924
 30
0.0
 10
7.59954
 20
-9.68022
 30
0.0
 10
7.59954
 20
-9.68022
 30
0.0
 10
7.83061
 20
-9.71515
 30
0.0
 10
8.06485
 20
-9.71585
 30
0.0
 10
8.29874
 20
-9.72538
 30
0.0
 10
8.29874
 20
-9.72538
 30
0.0
 10
8.32309
 20
-9.69574
 30
0.0
 10
8.34813
 20
-9.66682
 30
0.0
 10
8.37318
 20
-9.63789
 30
0.0
 10
8.37318
 20
-9.63789
 30
0.0
 10
8.38129
 20
-8.99054
 30
0.0
 10
8.37953
 20
-8.34355
 30
0.0
 10
8.37706
 20
-7.69691
 30
0.0
 10
8.37706
 20
-7.69691
 30
0.0
 10
8.134
 20
-7.67045
 30
0.0
 10
7.88846
 20
-7.67186
 30
0.0
 10
7.64505
 20
-7.66304
 30
0.0
 10
7.64505
 20
-7.66304
 30
0.0
 10
7.64505
 20
-7.66304
 30
0.0
 10
7.64505
 20
-7.66304
 30
0.0
 10
7.64505
 20
-7.66304
 30
0.0
  0
SPLINE
  5
9C
330
1F
100
AcDbEntity
  8
Layer 1
 62
   251
100
AcDbSpline
210
0.0
220
0.0
230
1.0
 70
    11
 71
     3
 72
    24
 73
    20
 74
     0
 42
0.000000001
 43
0.0000000001
 40
0.0
 40
0.0
 40
0.0
 40
0.0
 40
0.1666666666666667
 40
0.1666666666666667
 40
0.1666666666666667
 40
0.1666666666666667
 40
0.3333333333333333
 40
0.3333333333333333
 40
0.3333333333333333
 40
0.3333333333333333
 40
0.5
 40
0.5
 40
0.5
 40
0.5
 40
0.6666666666666666
 40
0.6666666666666666
 40
0.6666666666666666
 40
0.6666666666666666
 40
1.0
 40
1.0
 40
1.0
 40
1.0
 10
9.02441
 20
-7.68033
 30
0.0
 10
9.00712
 20
-8.34566
 30
0.0
 10
9.01524
 20
-9.01136
 30
0.0
 10
9.00889
 20
-9.67705
 30
0.0
 10
9.00889
 20
-9.67705
 30
0.0
 10
9.26606
 20
-9.73349
 30
0.0
 10
9.53699
 20
-9.74019
 30
0.0
 10
9.79523
 20
-9.6901
 30
0.0
 10
9.79523
 20
-9.6901
 30
0.0
 10
10.00619
 20
-9.60191
 30
0.0
 10
10.11555
 20
-9.36272
 30
0.0
 10
10.17376
 20
-9.15388
 30
0.0
 10
10.17376
 20
-9.15388
 30
0.0
 10
10.27112
 20
-8.7182
 30
0.0
 10
10.26089
 20
-8.20808
 30
0.0
 10
9.97267
 20
-7.84154
 30
0.0
 10
9.97267
 20
-7.84154
 30
0.0
 10
9.73667
 20
-7.55932
 30
0.0
 10
9.33873
 20
-7.70855
 30
0.0
 10
9.02441
 20
-7.68033
 30
0.0
  0
ENDSEC
  0
SECTION
  2
OBJECTS
  0
DICTIONARY
  5
C
330
0
100
AcDbDictionary
281
     1
  3
ACAD_DETAILVIEWSTYLE
350
D8
  3
ACAD_GROUP
350
D
  3
ACAD_LAYOUT
350
1A
  3
ACAD_MATERIAL
350
43
  3
ACAD_MLEADERSTYLE
350
6B
  3
ACAD_MLINESTYLE
350
17
  3
ACAD_PLOTSETTINGS
350
19
  3
ACAD_PLOTSTYLENAME
350
E
  3
ACAD_SCALELIST
350
47
  3
ACAD_SECTIONVIEWSTYLE
350
D9
  3
ACAD_TABLESTYLE
350
69
  3
ACAD_VISUALSTYLE
350
2A
  3
ACDB_RECOMPOSE_DATA
350
D5
  3
AcDbVariableDictionary
350
9D
  0
SUN
  5
6D
330
29
100
AcDbSun
 90
        1
290
     0
 63
     7
421
 16777215
 40
1.0
291
     1
 91
  2455826
 92
 54000000
292
     0
 70
     2
 71
   256
280
     1
  0
DICTIONARY
  5
D8
102
{ACAD_REACTORS
330
C
102
}
330
C
100
AcDbDictionary
281
     1
  0
DICTIONARY
  5
D
102
{ACAD_REACTORS
330
C
102
}
330
C
100
AcDbDictionary
281
     1
  0
DICTIONARY
  5
1A
102
{ACAD_REACTORS
330
C
102
}
330
C
100
AcDbDictionary
281
     1
  3
Layout1
350
1E
  3
Layout2
350
26
  3
Model
350
22
  0
DICTIONARY
  5
43
102
{ACAD_REACTORS
330
C
102
}
330
C
100
AcDbDictionary
281
     1
  3
ByBlock
350
45
  3
ByLayer
350
44
  3
Global
350
46
  0
DICTIONARY
  5
6B
102
{ACAD_REACTORS
330
C
102
}
330
C
100
AcDbDictionary
281
     1
  3
Standard
350
6C
  0
DICTIONARY
  5
17
102
{ACAD_REACTORS
330
C
102
}
330
C
100
AcDbDictionary
281
     1
  3
Standard
350
18
  0
DICTIONARY
  5
19
102
{ACAD_REACTORS
330
C
102
}
330
C
100
AcDbDictionary
281
     1
  0
ACDBDICTIONARYWDFLT
  5
E
102
{ACAD_REACTORS
330
C
102
}
330
C
100
AcDbDictionary
281
     1
  3
Normal
350
F
100
AcDbDictionaryWithDefault
340
F
  0
DICTIONARY
  5
47
102
{ACAD_REACTORS
330
C
102
}
330
C
100
AcDbDictionary
281
     1
  3
A0
350
48
  3
A1
350
49
  3
A2
350
4A
  3
A3
350
4B
  3
A4
350
4C
  3
A5
350
4D
  3
A6
350
4E
  3
A7
350
4F
  3
A8
350
50
  3
A9
350
51
  3
B0
350
52
  3
B1
350
53
  3
B2
350
54
  3
B3
350
55
  3
B4
350
56
  3
B5
350
57
  3
B6
350
58
  3
B7
350
59
  3
B8
350
5A
  3
B9
350
5B
  3
C0
350
5C
  3
C1
350
5D
  3
C2
350
5E
  3
C3
350
5F
  3
C4
350
60
  3
C5
350
61
  3
C6
350
62
  3
C7
350
63
  3
C8
350
64
  3
C9
350
65
  3
D0
350
66
  3
D1
350
67
  3
D2
350
68
  0
DICTIONARY
  5
D9
102
{ACAD_REACTORS
330
C
102
}
330
C
100
AcDbDictionary
281
     1
  0
DICTIONARY
  5
69
102
{ACAD_REACTORS
330
C
102
}
330
C
100
AcDbDictionary
281
     1
  3
Standard
350
6A
  0
DICTIONARY
  5
2A
102
{ACAD_REACTORS
330
C
102
}
330
C
100
AcDbDictionary
281
     1
  3
2dWireframe
350
2F
  3
Basic
350
32
  3
Brighten
350
36
  3
ColorChange
350
3A
  3
Conceptual
350
34
  3
Dim
350
35
  3
EdgeColorOff
350
3D
  3
Facepattern
350
39
  3
Flat
350
2B
  3
FlatWithEdges
350
2C
  3
Gouraud
350
2D
  3
GouraudWithEdges
350
2E
  3
Hidden
350
31
  3
JitterOff
350
3B
  3
Linepattern
350
38
  3
OverhangOff
350
3C
  3
Realistic
350
33
  3
Shaded
350
42
  3
Shaded with edges
350
41
  3
Shades of Gray
350
3E
  3
Sketchy
350
3F
  3
Thicken
350
37
  3
Wireframe
350
30
  3
X-Ray
350
40
  0
XRECORD
  5
D5
102
{ACAD_REACTORS
330
C
102
}
330
C
100
AcDbXrecord
280
     1
 90
        1
330
6A
  0
DICTIONARY
  5
9D
102
{ACAD_REACTORS
330
C
102
}
330
C
100
AcDbDictionary
281
     1
  3
CANNOSCALE
350
9E
  3
CMLEADERSTYLE
350
D7
  3
CTABLESTYLE
350
D6
  3
XCLIPFRAME
350
9F
  0
LAYOUT
  5
1E
102
{ACAD_REACTORS
330
1A
102
}
330
1A
100
AcDbPlotSettings
  1

  2
none_device
  4

  6

 40
0.0
 41
0.0
 42
0.0
 43
0.0
 44
0.0
 45
0.0
 46
0.0
 47
0.0
 48
0.0
 49
0.0
140
0.0
141
0.0
142
1.0
143
1.0
 70
   688
 72
     0
 73
     0
 74
     5
  7

 75
    16
 76
     0
 77
     2
 78
   300
147
1.0
148
0.0
149
0.0
100
AcDbLayout
  1
Layout1
 70
     1
 71
     1
 10
0.0
 20
0.0
 11
12.0
 21
9.0
 12
0.0
 22
0.0
 32
0.0
 14
1.000000000000000E+20
 24
1.000000000000000E+20
 34
1.000000000000000E+20
 15
-1.000000000000000E+20
 25
-1.000000000000000E+20
 35
-1.000000000000000E+20
146
0.0
 13
0.0
 23
0.0
 33
0.0
 16
1.0
 26
0.0
 36
0.0
 17
0.0
 27
1.0
 37
0.0
 76
     0
330
1B
  0
LAYOUT
  5
26
102
{ACAD_REACTORS
330
1A
102
}
330
1A
100
AcDbPlotSettings
  1

  2
none_device
  4

  6

 40
0.0
 41
0.0
 42
0.0
 43
0.0
 44
0.0
 45
0.0
 46
0.0
 47
0.0
 48
0.0
 49
0.0
140
0.0
141
0.0
142
1.0
143
1.0
 70
   688
 72
     0
 73
     0
 74
     5
  7

 75
    16
 76
     0
 77
     2
 78
   300
147
1.0
148
0.0
149
0.0
100
AcDbLayout
  1
Layout2
 70
     1
 71
     2
 10
0.0
 20
0.0
 11
0.0
 21
0.0
 12
0.0
 22
0.0
 32
0.0
 14
0.0
 24
0.0
 34
0.0
 15
0.0
 25
0.0
 35
0.0
146
0.0
 13
0.0
 23
0.0
 33
0.0
 16
1.0
 26
0.0
 36
0.0
 17
0.0
 27
1.0
 37
0.0
 76
     0
330
23
  0
LAYOUT
  5
22
102
{ACAD_REACTORS
330
1A
102
}
330
1A
100
AcDbPlotSettings
  1

  2
none_device
  4
Letter_(8.50_x_11.00_Inches)
  6

 40
6.35
 41
6.35
 42
6.35000508
 43
6.35000508
 44
215.9
 45
279.4
 46
0.0
 47
0.0
 48
0.0
 49
0.0
140
0.0
141
0.0
142
1.0
143
1.0
 70
  1712
 72
     0
 73
     0
 74
     0
  7

 75
     0
 76
     0
 77
     2
 78
   300
147
1.0
148
0.0
149
0.0
100
AcDbLayout
  1
Model
 70
     1
 71
     0
 10
0.0
 20
0.0
 11
12.0
 21
9.0
 12
0.0
 22
0.0
 32
0.0
 14
-16.77458
 24
-16.66875
 34
0.0
 15
16.77458
 25
16.66875
 35
0.0
146
0.0
 13
0.0
 23
0.0
 33
0.0
 16
1.0
 26
0.0
 36
0.0
 17
0.0
 27
1.0
 37
0.0
 76
     0
330
1F
331
29
  0
MATERIAL
  5
45
102
{ACAD_REACTORS
330
43
102
}
330
43
100
AcDbMaterial
  1
ByBlock
 72
     1
 94
      127
  0
MATERIAL
  5
44
102
{ACAD_REACTORS
330
43
102
}
330
43
100
AcDbMaterial
  1
ByLayer
 72
     1
 94
      127
  0
MATERIAL
  5
46
102
{ACAD_REACTORS
330
43
102
}
330
43
100
AcDbMaterial
  1
Global
 72
     1
 94
      127
  0
MLEADERSTYLE
  5
6C
102
{ACAD_REACTORS
330
6B
102
}
102
{ACAD_XDICTIONARY
360
D3
102
}
330
6B
100
AcDbMLeaderStyle
170
     2
171
     1
172
     0
 90
        2
 40
0.0
 41
0.0
173
     1
 91
-1056964608
340
14
 92
       -2
290
     1
 42
0.09
291
     1
 43
0.36
  3
Standard
341
0
 44
0.18
300

342
11
174
     1
178
     6
175
     1
176
     0
 93
-1056964608
 45
0.18
292
     0
297
     0
 46
0.18
343
0
 94
-1056964608
 47
1.0
 49
1.0
140
1.0
293
     1
141
0.0
294
     1
177
     0
142
1.0
295
     0
296
     0
143
0.125
1001
ACAD_MLEADERVER
1070
     2
  0
MLINESTYLE
  5
18
102
{ACAD_REACTORS
330
17
102
}
330
17
100
AcDbMlineStyle
  2
Standard
 70
     0
  3

 62
   256
 51
90.0
 52
90.0
 71
     2
 49
0.5
 62
   256
  6
BYLAYER
 49
-0.5
 62
   256
  6
BYLAYER
  0
ACDBPLACEHOLDER
  5
F
102
{ACAD_REACTORS
330
E
102
}
330
E
  0
SCALE
  5
48
102
{ACAD_REACTORS
330
47
102
}
330
47
100
AcDbScale
 70
     0
300
1:1
140
1.0
141
1.0
290
     1
  0
SCALE
  5
49
102
{ACAD_REACTORS
330
47
102
}
330
47
100
AcDbScale
 70
     0
300
1:2
140
1.0
141
2.0
290
     0
  0
SCALE
  5
4A
102
{ACAD_REACTORS
330
47
102
}
330
47
100
AcDbScale
 70
     0
300
1:4
140
1.0
141
4.0
290
     0
  0
SCALE
  5
4B
102
{ACAD_REACTORS
330
47
102
}
330
47
100
AcDbScale
 70
     0
300
1:5
140
1.0
141
5.0
290
     0
  0
SCALE
  5
4C
102
{ACAD_REACTORS
330
47
102
}
330
47
100
AcDbScale
 70
     0
300
1:8
140
1.0
141
8.0
290
     0
  0
SCALE
  5
4D
102
{ACAD_REACTORS
330
47
102
}
330
47
100
AcDbScale
 70
     0
300
1:10
140
1.0
141
10.0
290
     0
  0
SCALE
  5
4E
102
{ACAD_REACTORS
330
47
102
}
330
47
100
AcDbScale
 70
     0
300
1:16
140
1.0
141
16.0
290
     0
  0
SCALE
  5
4F
102
{ACAD_REACTORS
330
47
102
}
330
47
100
AcDbScale
 70
     0
300
1:20
140
1.0
141
20.0
290
     0
  0
SCALE
  5
50
102
{ACAD_REACTORS
330
47
102
}
330
47
100
AcDbScale
 70
     0
300
1:30
140
1.0
141
30.0
290
     0
  0
SCALE
  5
51
102
{ACAD_REACTORS
330
47
102
}
330
47
100
AcDbScale
 70
     0
300
1:40
140
1.0
141
40.0
290
     0
  0
SCALE
  5
52
102
{ACAD_REACTORS
330
47
102
}
330
47
100
AcDbScale
 70
     0
300
1:50
140
1.0
141
50.0
290
     0
  0
SCALE
  5
53
102
{ACAD_REACTORS
330
47
102
}
330
47
100
AcDbScale
 70
     0
300
1:100
140
1.0
141
100.0
290
     0
  0
SCALE
  5
54
102
{ACAD_REACTORS
330
47
102
}
330
47
100
AcDbScale
 70
     0
300
2:1
140
2.0
141
1.0
290
     0
  0
SCALE
  5
55
102
{ACAD_REACTORS
330
47
102
}
330
47
100
AcDbScale
 70
     0
300
4:1
140
4.0
141
1.0
290
     0
  0
SCALE
  5
56
102
{ACAD_REACTORS
330
47
102
}
330
47
100
AcDbScale
 70
     0
300
8:1
140
8.0
141
1.0
290
     0
  0
SCALE
  5
57
102
{ACAD_REACTORS
330
47
102
}
330
47
100
AcDbScale
 70
     0
300
10:1
140
10.0
141
1.0
290
     0
  0
SCALE
  5
58
102
{ACAD_REACTORS
330
47
102
}
330
47
100
AcDbScale
 70
     0
300
100:1
140
100.0
141
1.0
290
     0
  0
SCALE
  5
59
102
{ACAD_REACTORS
330
47
102
}
330
47
100
AcDbScale
 70
     0
300
1/128" = 1'-0"
140
0.0078125
141
12.0
290
     0
  0
SCALE
  5
5A
102
{ACAD_REACTORS
330
47
102
}
330
47
100
AcDbScale
 70
     0
300
1/64" = 1'-0"
140
0.015625
141
12.0
290
     0
  0
SCALE
  5
5B
102
{ACAD_REACTORS
330
47
102
}
330
47
100
AcDbScale
 70
     0
300
1/32" = 1'-0"
140
0.03125
141
12.0
290
     0
  0
SCALE
  5
5C
102
{ACAD_REACTORS
330
47
102
}
330
47
100
AcDbScale
 70
     0
300
1/16" = 1'-0"
140
0.0625
141
12.0
290
     0
  0
SCALE
  5
5D
102
{ACAD_REACTORS
330
47
102
}
330
47
100
AcDbScale
 70
     0
300
3/32" = 1'-0"
140
0.09375
141
12.0
290
     0
  0
SCALE
  5
5E
102
{ACAD_REACTORS
330
47
102
}
330
47
100
AcDbScale
 70
     0
300
1/8" = 1'-0"
140
0.125
141
12.0
290
     0
  0
SCALE
  5
5F
102
{ACAD_REACTORS
330
47
102
}
330
47
100
AcDbScale
 70
     0
300
3/16" = 1'-0"
140
0.1875
141
12.0
290
     0
  0
SCALE
  5
60
102
{ACAD_REACTORS
330
47
102
}
330
47
100
AcDbScale
 70
     0
300
1/4" = 1'-0"
140
0.25
141
12.0
290
     0
  0
SCALE
  5
61
102
{ACAD_REACTORS
330
47
102
}
330
47
100
AcDbScale
 70
     0
300
3/8" = 1'-0"
140
0.375
141
12.0
290
     0
  0
SCALE
  5
62
102
{ACAD_REACTORS
330
47
102
}
330
47
100
AcDbScale
 70
     0
300
1/2" = 1'-0"
140
0.5
141
12.0
290
     0
  0
SCALE
  5
63
102
{ACAD_REACTORS
330
47
102
}
330
47
100
AcDbScale
 70
     0
300
3/4" = 1'-0"
140
0.75
141
12.0
290
     0
  0
SCALE
  5
64
102
{ACAD_REACTORS
330
47
102
}
330
47
100
AcDbScale
 70
     0
300
1" = 1'-0"
140
1.0
141
12.0
290
     0
  0
SCALE
  5
65
102
{ACAD_REACTORS
330
47
102
}
330
47
100
AcDbScale
 70
     0
300
1-1/2" = 1'-0"
140
1.5
141
12.0
290
     0
  0
SCALE
  5
66
102
{ACAD_REACTORS
330
47
102
}
330
47
100
AcDbScale
 70
     0
300
3" = 1'-0"
140
3.0
141
12.0
290
     0
  0
SCALE
  5
67
102
{ACAD_REACTORS
330
47
102
}
330
47
100
AcDbScale
 70
     0
300
6" = 1'-0"
140
6.0
141
12.0
290
     0
  0
SCALE
  5
68
102
{ACAD_REACTORS
330
47
102
}
330
47
100
AcDbScale
 70
     0
300
1'-0" = 1'-0"
140
12.0
141
12.0
290
     0
  0
TABLESTYLE
  5
6A
102
{ACAD_REACTORS
330
69
102
}
102
{ACAD_XDICTIONARY
360
D0
102
}
330
69
100
AcDbTableStyle
  3
Standard
 70
     0
 71
     0
 40
0.06
 41
0.06
280
     0
281
     0
  7
Standard
140
0.18
170
     2
 62
     0
 63
   257
283
     0
 90
        4
 91
        0
  1

274
    -2
284
     1
 64
     0
275
    -2
285
     1
 65
     0
276
    -2
286
     1
 66
     0
277
    -2
287
     1
 67
     0
278
    -2
288
     1
 68
     0
279
    -2
289
     1
 69
     0
  7
Standard
140
0.25
170
     5
 62
     0
 63
   257
283
     0
 90
        4
 91
        0
  1

274
    -2
284
     1
 64
     0
275
    -2
285
     1
 65
     0
276
    -2
286
     1
 66
     0
277
    -2
287
     1
 67
     0
278
    -2
288
     1
 68
     0
279
    -2
289
     1
 69
     0
  7
Standard
140
0.18
170
     5
 62
     0
 63
   257
283
     0
 90
        4
 91
        0
  1

274
    -2
284
     1
 64
     0
275
    -2
285
     1
 65
     0
276
    -2
286
     1
 66
     0
277
    -2
287
     1
 67
     0
278
    -2
288
     1
 68
     0
279
    -2
289
     1
 69
     0
  0
VISUALSTYLE
  5
2F
102
{ACAD_REACTORS
330
2A
102
}
102
{ACAD_XDICTIONARY
360
A8
102
}
330
2A
100
AcDbVisualStyle
  2
2dWireframe
 70
     4
 71
     0
 72
     2
 73
     0
 90
        0
 40
0.6
 41
30.0
 62
     5
 63
     7
421
 16777215
 74
     1
 91
        4
 64
     7
 65
   257
 75
     1
175
     1
 42
1.0
 92
        0
 66
   257
 43
1.0
 76
     1
 77
     6
 78
     2
 67
     7
 79
     5
170
     0
171
     0
290
     0
174
     0
 93
        1
 44
0.0
173
     0
291
     0
 45
0.0
  0
VISUALSTYLE
  5
32
102
{ACAD_REACTORS
330
2A
102
}
102
{ACAD_XDICTIONARY
360
AE
102
}
330
2A
100
AcDbVisualStyle
  2
Basic
 70
     7
 71
     1
 72
     0
 73
     1
 90
        0
 40
0.6
 41
30.0
 62
     5
 63
     7
421
 16777215
 74
     0
 91
        4
 64
     7
 65
   257
 75
     1
175
     1
 42
1.0
 92
        8
 66
     7
 43
1.0
 76
     1
 77
     6
 78
     2
 67
     7
 79
     5
170
     0
171
     0
290
     0
174
     0
 93
        1
 44
0.0
173
     0
291
     1
 45
0.0
  0
VISUALSTYLE
  5
36
102
{ACAD_REACTORS
330
2A
102
}
102
{ACAD_XDICTIONARY
360
B6
102
}
330
2A
100
AcDbVisualStyle
  2
Brighten
 70
    12
 71
     2
 72
     2
 73
     0
 90
        0
 40
0.6
 41
30.0
 62
     5
 63
     7
421
 16777215
 74
     1
 91
        4
 64
     7
 65
   257
 75
     1
175
     1
 42
1.0
 92
        8
 66
     7
 43
1.0
 76
     1
 77
     6
 78
     2
 67
     7
 79
     5
170
     0
171
     0
290
     0
174
     0
 93
        1
 44
50.0
173
     0
291
     1
 45
0.0
  0
VISUALSTYLE
  5
3A
102
{ACAD_REACTORS
330
2A
102
}
102
{ACAD_XDICTIONARY
360
BE
102
}
330
2A
100
AcDbVisualStyle
  2
ColorChange
 70
    16
 71
     2
 72
     2
 73
     3
 90
        0
 40
0.6
 41
30.0
 62
     5
 63
     8
421
  8421504
 74
     1
 91
        4
 64
     7
 65
   257
 75
     1
175
     1
 42
1.0
 92
        8
 66
     8
424
  8421504
 43
1.0
 76
     1
 77
     6
 78
     2
 67
     7
 79
     5
170
     0
171
     0
290
     0
174
     0
 93
        1
 44
0.0
173
     0
291
     1
 45
0.0
  0
VISUALSTYLE
  5
34
102
{ACAD_REACTORS
330
2A
102
}
102
{ACAD_XDICTIONARY
360
B2
102
}
330
2A
100
AcDbVisualStyle
  2
Conceptual
 70
     9
 71
     3
 72
     2
 73
     0
 90
        0
 40
0.6
 41
30.0
 62
     5
 63
     7
421
 16777215
 74
     2
 91
        2
 64
     7
 65
   257
 75
     1
175
     1
 42
179.0
 92
        8
 66
     7
 43
1.0
 76
     1
 77
     6
 78
     2
 67
     7
 79
     3
170
     0
171
     0
290
     0
174
     0
 93
        1
 44
0.0
173
     0
291
     0
 45
0.0
  0
VISUALSTYLE
  5
35
102
{ACAD_REACTORS
330
2A
102
}
102
{ACAD_XDICTIONARY
360
B4
102
}
330
2A
100
AcDbVisualStyle
  2
Dim
 70
    11
 71
     2
 72
     2
 73
     0
 90
        0
 40
0.6
 41
30.0
 62
     5
 63
     7
421
 16777215
 74
     1
 91
        4
 64
     7
 65
   257
 75
     1
175
     1
 42
1.0
 92
        8
 66
     7
 43
1.0
 76
     1
 77
     6
 78
     2
 67
     7
 79
     5
170
     0
171
     0
290
     0
174
     0
 93
        1
 44
-50.0
173
     0
291
     1
 45
0.0
  0
VISUALSTYLE
  5
3D
102
{ACAD_REACTORS
330
2A
102
}
102
{ACAD_XDICTIONARY
360
C4
102
}
330
2A
100
AcDbVisualStyle
  2
EdgeColorOff
 70
    22
 71
     2
 72
     2
 73
     0
 90
        0
 40
0.6
 41
30.0
 62
     5
 63
     7
421
 16777215
 74
     1
 91
        4
 64
     7
 65
   257
 75
     1
175
     1
 42
1.0
 92
        8
 66
     7
 43
1.0
 76
     1
 77
     6
 78
     2
 67
     7
 79
     5
170
     0
171
     0
290
     0
174
     0
 93
        1
 44
0.0
173
     0
291
     1
 45
0.0
  0
VISUALSTYLE
  5
39
102
{ACAD_REACTORS
330
2A
102
}
102
{ACAD_XDICTIONARY
360
BC
102
}
330
2A
100
AcDbVisualStyle
  2
Facepattern
 70
    15
 71
     2
 72
     2
 73
     0
 90
        0
 40
0.6
 41
30.0
 62
     5
 63
     7
421
 16777215
 74
     1
 91
        4
 64
     7
 65
   257
 75
     1
175
     1
 42
1.0
 92
        8
 66
     7
 43
1.0
 76
     1
 77
     6
 78
     2
 67
     7
 79
     5
170
     0
171
     0
290
     0
174
     0
 93
        1
 44
0.0
173
     0
291
     1
 45
0.0
  0
VISUALSTYLE
  5
2B
102
{ACAD_REACTORS
330
2A
102
}
102
{ACAD_XDICTIONARY
360
A0
102
}
330
2A
100
AcDbVisualStyle
  2
Flat
 70
     0
 71
     2
 72
     1
 73
     1
 90
        2
 40
0.6
 41
30.0
 62
     5
 63
     7
421
 16777215
 74
     0
 91
        0
 64
     7
 65
   257
 75
     1
175
     1
 42
1.0
 92
        8
 66
     7
 43
1.0
 76
     1
 77
     6
 78
     2
 67
     7
 79
     5
170
     0
171
     0
290
     0
174
     0
 93
       13
 44
0.0
173
     0
291
     1
 45
0.0
  0
VISUALSTYLE
  5
2C
102
{ACAD_REACTORS
330
2A
102
}
102
{ACAD_XDICTIONARY
360
A2
102
}
330
2A
100
AcDbVisualStyle
  2
FlatWithEdges
 70
     1
 71
     2
 72
     1
 73
     1
 90
        2
 40
0.6
 41
30.0
 62
     5
 63
     7
421
 16777215
 74
     1
 91
        0
 64
     7
 65
   257
 75
     1
175
     1
 42
1.0
 92
        0
 66
   257
 43
1.0
 76
     1
 77
     6
 78
     2
 67
     7
 79
     5
170
     0
171
     0
290
     0
174
     0
 93
       13
 44
0.0
173
     0
291
     1
 45
0.0
  0
VISUALSTYLE
  5
2D
102
{ACAD_REACTORS
330
2A
102
}
102
{ACAD_XDICTIONARY
360
A4
102
}
330
2A
100
AcDbVisualStyle
  2
Gouraud
 70
     2
 71
     2
 72
     2
 73
     1
 90
        2
 40
0.6
 41
30.0
 62
     5
 63
     7
421
 16777215
 74
     0
 91
        0
 64
     7
 65
   257
 75
     1
175
     1
 42
1.0
 92
        0
 66
     7
 43
1.0
 76
     1
 77
     6
 78
     2
 67
     7
 79
     5
170
     0
171
     0
290
     0
174
     0
 93
       13
 44
0.0
173
     0
291
     1
 45
0.0
  0
VISUALSTYLE
  5
2E
102
{ACAD_REACTORS
330
2A
102
}
102
{ACAD_XDICTIONARY
360
A6
102
}
330
2A
100
AcDbVisualStyle
  2
GouraudWithEdges
 70
     3
 71
     2
 72
     2
 73
     1
 90
        2
 40
0.6
 41
30.0
 62
     5
 63
     7
421
 16777215
 74
     1
 91
        0
 64
     7
 65
   257
 75
     1
175
     1
 42
1.0
 92
        0
 66
   257
 43
1.0
 76
     1
 77
     6
 78
     2
 67
     7
 79
     5
170
     0
171
     0
290
     0
174
     0
 93
       13
 44
0.0
173
     0
291
     1
 45
0.0
  0
VISUALSTYLE
  5
31
102
{ACAD_REACTORS
330
2A
102
}
102
{ACAD_XDICTIONARY
360
AC
102
}
330
2A
100
AcDbVisualStyle
  2
Hidden
 70
     6
 71
     1
 72
     2
 73
     2
 90
        0
 40
0.6
 41
30.0
 62
     5
 63
     7
421
 16777215
 74
     2
 91
        2
 64
     7
 65
   257
 75
     2
175
     1
 42
40.0
 92
        0
 66
   257
 43
1.0
 76
     1
 77
     6
 78
     2
 67
     7
 79
     3
170
     0
171
     0
290
     0
174
     0
 93
        1
 44
0.0
173
     0
291
     0
 45
0.0
  0
VISUALSTYLE
  5
3B
102
{ACAD_REACTORS
330
2A
102
}
102
{ACAD_XDICTIONARY
360
C0
102
}
330
2A
100
AcDbVisualStyle
  2
JitterOff
 70
    20
 71
     2
 72
     2
 73
     0
 90
        0
 40
0.6
 41
30.0
 62
     5
 63
     7
421
 16777215
 74
     1
 91
        4
 64
     7
 65
   257
 75
     1
175
     1
 42
1.0
 92
       10
 66
     7
 43
1.0
 76
     1
 77
     6
 78
     2
 67
     7
 79
     5
170
     0
171
     0
290
     0
174
     0
 93
        1
 44
0.0
173
     0
291
     1
 45
0.0
  0
VISUALSTYLE
  5
38
102
{ACAD_REACTORS
330
2A
102
}
102
{ACAD_XDICTIONARY
360
BA
102
}
330
2A
100
AcDbVisualStyle
  2
Linepattern
 70
    14
 71
     2
 72
     2
 73
     0
 90
        0
 40
0.6
 41
30.0
 62
     5
 63
     7
421
 16777215
 74
     1
 91
        4
 64
     7
 65
   257
 75
     7
175
     7
 42
1.0
 92
        8
 66
     7
 43
1.0
 76
     1
 77
     6
 78
     2
 67
     7
 79
     5
170
     0
171
     0
290
     0
174
     0
 93
        1
 44
0.0
173
     0
291
     1
 45
0.0
  0
VISUALSTYLE
  5
3C
102
{ACAD_REACTORS
330
2A
102
}
102
{ACAD_XDICTIONARY
360
C2
102
}
330
2A
100
AcDbVisualStyle
  2
OverhangOff
 70
    21
 71
     2
 72
     2
 73
     0
 90
        0
 40
0.6
 41
30.0
 62
     5
 63
     7
421
 16777215
 74
     1
 91
        4
 64
     7
 65
   257
 75
     1
175
     1
 42
1.0
 92
        9
 66
     7
 43
1.0
 76
     1
 77
     6
 78
     2
 67
     7
 79
     5
170
     0
171
     0
290
     0
174
     0
 93
        1
 44
0.0
173
     0
291
     1
 45
0.0
  0
VISUALSTYLE
  5
33
102
{ACAD_REACTORS
330
2A
102
}
102
{ACAD_XDICTIONARY
360
B0
102
}
330
2A
100
AcDbVisualStyle
  2
Realistic
 70
     8
 71
     2
 72
     3
 73
     0
 90
        2
 40
0.6
 41
30.0
 62
     5
 63
     7
421
 16777215
 74
     0
 91
        0
 64
     7
 65
   257
 75
     1
175
     1
 42
1.0
 92
        8
 66
   257
 43
1.0
 76
     1
 77
     6
 78
     2
 67
     7
 79
     3
170
     0
171
     0
290
     0
174
     0
 93
       13
 44
0.0
173
     0
291
     0
 45
0.0
  0
VISUALSTYLE
  5
42
102
{ACAD_REACTORS
330
2A
102
}
102
{ACAD_XDICTIONARY
360
CE
102
}
330
2A
100
AcDbVisualStyle
  2
Shaded
 70
    27
 71
     2
 72
     2
 73
     1
 90
        2
 40
0.6
 41
30.0
 62
     5
 63
     7
421
 16777215
 74
     0
 91
        4
 64
     7
 65
   257
 75
     1
175
     1
 42
1.0
 92
        8
 66
   257
 43
1.0
 76
     1
 77
     6
 78
     2
 67
     8
425
  7895160
 79
     3
170
     0
171
     0
290
     0
174
     0
 93
        5
 44
0.0
173
     0
291
     0
 45
0.0
  0
VISUALSTYLE
  5
41
102
{ACAD_REACTORS
330
2A
102
}
102
{ACAD_XDICTIONARY
360
CC
102
}
330
2A
100
AcDbVisualStyle
  2
Shaded with edges
 70
    26
 71
     2
 72
     2
 73
     1
 90
        2
 40
0.6
 41
30.0
 62
     5
 63
     7
421
 16777215
 74
     1
 91
       10
 64
     7
 65
   257
 75
     2
175
     1
 42
1.0
 92
        8
 66
   257
 43
1.0
 76
     1
 77
     6
 78
     2
 67
     7
 79
     3
170
     0
171
     0
290
     0
174
     0
 93
        5
 44
0.0
173
     0
291
     0
 45
0.0
  0
VISUALSTYLE
  5
3E
102
{ACAD_REACTORS
330
2A
102
}
102
{ACAD_XDICTIONARY
360
C6
102
}
330
2A
100
AcDbVisualStyle
  2
Shades of Gray
 70
    23
 71
     2
 72
     2
 73
     3
 90
        0
 40
0.6
 41
30.0
 62
     5
 63
     7
421
 16777215
 74
     2
 91
        2
 64
     7
 65
     7
 75
     1
175
     1
 42
40.0
 92
        8
 66
     7
 43
1.0
 76
     1
 77
     6
 78
     2
 67
     7
 79
     3
170
     0
171
     0
290
     0
174
     0
 93
        1
 44
0.0
173
     0
291
     0
 45
0.0
  0
VISUALSTYLE
  5
3F
102
{ACAD_REACTORS
330
2A
102
}
102
{ACAD_XDICTIONARY
360
C8
102
}
330
2A
100
AcDbVisualStyle
  2
Sketchy
 70
    24
 71
     1
 72
     2
 73
     2
 90
        0
 40
0.6
 41
30.0
 62
     5
 63
     7
421
 16777215
 74
     2
 91
        2
 64
     7
 65
     7
 75
     1
175
     1
 42
40.0
 92
       11
 66
     7
 43
1.0
 76
     1
 77
     6
 78
     2
 67
     7
 79
     6
170
     0
171
     0
290
     0
174
     0
 93
        1
 44
0.0
173
     0
291
     0
 45
0.0
  0
VISUALSTYLE
  5
37
102
{ACAD_REACTORS
330
2A
102
}
102
{ACAD_XDICTIONARY
360
B8
102
}
330
2A
100
AcDbVisualStyle
  2
Thicken
 70
    13
 71
     2
 72
     2
 73
     0
 90
        0
 40
0.6
 41
30.0
 62
     5
 63
     7
421
 16777215
 74
     1
 91
        4
 64
     7
 65
   257
 75
     1
175
     1
 42
1.0
 92
       12
 66
     7
 43
1.0
 76
     1
 77
     6
 78
     2
 67
     7
 79
     5
170
     0
171
     0
290
     0
174
     0
 93
        1
 44
0.0
173
     0
291
     1
 45
0.0
  0
VISUALSTYLE
  5
30
102
{ACAD_REACTORS
330
2A
102
}
102
{ACAD_XDICTIONARY
360
AA
102
}
330
2A
100
AcDbVisualStyle
  2
Wireframe
 70
     5
 71
     0
 72
     2
 73
     0
 90
        0
 40
0.6
 41
30.0
 62
     5
 63
     7
421
 16777215
 74
     1
 91
        4
 64
     7
 65
   257
 75
     1
175
     1
 42
1.0
 92
        0
 66
   257
 43
1.0
 76
     1
 77
     6
 78
     2
 67
     7
 79
     3
170
     0
171
     0
290
     0
174
     0
 93
        1
 44
0.0
173
     0
291
     0
 45
0.0
  0
VISUALSTYLE
  5
40
102
{ACAD_REACTORS
330
2A
102
}
102
{ACAD_XDICTIONARY
360
CA
102
}
330
2A
100
AcDbVisualStyle
  2
X-Ray
 70
    25
 71
     2
 72
     2
 73
     1
 90
        1
 40
0.5
 41
30.0
 62
     5
 63
     7
421
 16777215
 74
     1
 91
        0
 64
     7
 65
   257
 75
     1
175
     1
 42
1.0
 92
        8
 66
     7
 43
1.0
 76
     1
 77
     6
 78
     2
 67
     7
 79
     3
170
     0
171
     0
290
     0
174
     0
 93
       13
 44
0.0
173
     0
291
     0
 45
0.0
  0
DICTIONARYVAR
  5
9E
102
{ACAD_REACTORS
330
9D
102
}
330
9D
100
DictionaryVariables
280
     0
  1
1:1
  0
DICTIONARYVAR
  5
D7
102
{ACAD_REACTORS
330
9D
102
}
330
9D
100
DictionaryVariables
280
     0
  1
Standard
  0
DICTIONARYVAR
  5
D6
102
{ACAD_REACTORS
330
9D
102
}
330
9D
100
DictionaryVariables
280
     0
  1
Standard
  0
DICTIONARYVAR
  5
9F
102
{ACAD_REACTORS
330
9D
102
}
330
9D
100
DictionaryVariables
280
     0
  1
2
  0
DICTIONARY
  5
D3
330
6C
100
AcDbDictionary
280
     1
281
     1
  3
ACAD_XREC_ROUNDTRIP
360
D4
  0
DICTIONARY
  5
D0
330
6A
100
AcDbDictionary
280
     1
281
     1
  3
ACAD_ROUNDTRIP_2008_TABLESTYLE_CELLSTYLEMAP
360
D1
  0
DICTIONARY
  5
A8
330
2F
100
AcDbDictionary
280
     1
281
     1
  3
ACAD_XREC_ROUNDTRIP
360
A9
  0
DICTIONARY
  5
AE
330
32
100
AcDbDictionary
280
     1
281
     1
  3
ACAD_XREC_ROUNDTRIP
360
AF
  0
DICTIONARY
  5
B6
330
36
100
AcDbDictionary
280
     1
281
     1
  3
ACAD_XREC_ROUNDTRIP
360
B7
  0
DICTIONARY
  5
BE
330
3A
100
AcDbDictionary
280
     1
281
     1
  3
ACAD_XREC_ROUNDTRIP
360
BF
  0
DICTIONARY
  5
B2
330
34
100
AcDbDictionary
280
     1
281
     1
  3
ACAD_XREC_ROUNDTRIP
360
B3
  0
DICTIONARY
  5
B4
330
35
100
AcDbDictionary
280
     1
281
     1
  3
ACAD_XREC_ROUNDTRIP
360
B5
  0
DICTIONARY
  5
C4
330
3D
100
AcDbDictionary
280
     1
281
     1
  3
ACAD_XREC_ROUNDTRIP
360
C5
  0
DICTIONARY
  5
BC
330
39
100
AcDbDictionary
280
     1
281
     1
  3
ACAD_XREC_ROUNDTRIP
360
BD
  0
DICTIONARY
  5
A0
330
2B
100
AcDbDictionary
280
     1
281
     1
  3
ACAD_XREC_ROUNDTRIP
360
A1
  0
DICTIONARY
  5
A2
330
2C
100
AcDbDictionary
280
     1
281
     1
  3
ACAD_XREC_ROUNDTRIP
360
A3
  0
DICTIONARY
  5
A4
330
2D
100
AcDbDictionary
280
     1
281
     1
  3
ACAD_XREC_ROUNDTRIP
360
A5
  0
DICTIONARY
  5
A6
330
2E
100
AcDbDictionary
280
     1
281
     1
  3
ACAD_XREC_ROUNDTRIP
360
A7
  0
DICTIONARY
  5
AC
330
31
100
AcDbDictionary
280
     1
281
     1
  3
ACAD_XREC_ROUNDTRIP
360
AD
  0
DICTIONARY
  5
C0
330
3B
100
AcDbDictionary
280
     1
281
     1
  3
ACAD_XREC_ROUNDTRIP
360
C1
  0
DICTIONARY
  5
BA
330
38
100
AcDbDictionary
280
     1
281
     1
  3
ACAD_XREC_ROUNDTRIP
360
BB
  0
DICTIONARY
  5
C2
330
3C
100
AcDbDictionary
280
     1
281
     1
  3
ACAD_XREC_ROUNDTRIP
360
C3
  0
DICTIONARY
  5
B0
330
33
100
AcDbDictionary
280
     1
281
     1
  3
ACAD_XREC_ROUNDTRIP
360
B1
  0
DICTIONARY
  5
CE
330
42
100
AcDbDictionary
280
     1
281
     1
  3
ACAD_XREC_ROUNDTRIP
360
CF
  0
DICTIONARY
  5
CC
330
41
100
AcDbDictionary
280
     1
281
     1
  3
ACAD_XREC_ROUNDTRIP
360
CD
  0
DICTIONARY
  5
C6
330
3E
100
AcDbDictionary
280
     1
281
     1
  3
ACAD_XREC_ROUNDTRIP
360
C7
  0
DICTIONARY
  5
C8
330
3F
100
AcDbDictionary
280
     1
281
     1
  3
ACAD_XREC_ROUNDTRIP
360
C9
  0
DICTIONARY
  5
B8
330
37
100
AcDbDictionary
280
     1
281
     1
  3
ACAD_XREC_ROUNDTRIP
360
B9
  0
DICTIONARY
  5
AA
330
30
100
AcDbDictionary
280
     1
281
     1
  3
ACAD_XREC_ROUNDTRIP
360
AB
  0
DICTIONARY
  5
CA
330
40
100
AcDbDictionary
280
     1
281
     1
  3
ACAD_XREC_ROUNDTRIP
360
CB
  0
XRECORD
  5
D4
102
{ACAD_REACTORS
330
D3
102
}
330
D3
100
AcDbXrecord
280
     1
102
ACAD_ROUNDTRIP_2010_MLEADER_STYLE
  0
CELLSTYLEMAP
  5
D1
102
{ACAD_REACTORS
330
D0
102
}
330
D0
100
AcDbCellStyleMap
 90
        3
300
CELLSTYLE
  1
TABLEFORMAT_BEGIN
 90
        5
170
     1
 91
        0
 92
    32768
 62
   257
 93
        1
300
CONTENTFORMAT
  1
CONTENTFORMAT_BEGIN
 90
        0
 91
        0
 92
        4
 93
        0
300

 40
0.0
140
1.0
 94
        5
 62
     0
340
11
144
0.25
309
CONTENTFORMAT_END
171
     1
301
MARGIN
  1
CELLMARGIN_BEGIN
 40
0.06
 40
0.06
 40
0.06
 40
0.06
 40
0.06
 40
0.06
309
CELLMARGIN_END
 94
        6
 95
        1
302
GRIDFORMAT
  1
GRIDFORMAT_BEGIN
 90
        0
 91
        1
 62
     0
 92
       -2
340
14
 93
        0
 40
0.045
309
GRIDFORMAT_END
 95
        2
302
GRIDFORMAT
  1
GRIDFORMAT_BEGIN
 90
        0
 91
        1
 62
     0
 92
       -2
340
14
 93
        0
 40
0.045
309
GRIDFORMAT_END
 95
        4
302
GRIDFORMAT
  1
GRIDFORMAT_BEGIN
 90
        0
 91
        1
 62
     0
 92
       -2
340
14
 93
        0
 40
0.045
309
GRIDFORMAT_END
 95
        8
302
GRIDFORMAT
  1
GRIDFORMAT_BEGIN
 90
        0
 91
        1
 62
     0
 92
       -2
340
14
 93
        0
 40
0.045
309
GRIDFORMAT_END
 95
       16
302
GRIDFORMAT
  1
GRIDFORMAT_BEGIN
 90
        0
 91
        1
 62
     0
 92
       -2
340
14
 93
        0
 40
0.045
309
GRIDFORMAT_END
 95
       32
302
GRIDFORMAT
  1
GRIDFORMAT_BEGIN
 90
        0
 91
        1
 62
     0
 92
       -2
340
14
 93
        0
 40
0.045
309
GRIDFORMAT_END
309
TABLEFORMAT_END
  1
CELLSTYLE_BEGIN
 90
        1
 91
        1
300
_TITLE
309
CELLSTYLE_END
300
CELLSTYLE
  1
TABLEFORMAT_BEGIN
 90
        5
170
     1
 91
        0
 92
        0
 62
   257
 93
        1
300
CONTENTFORMAT
  1
CONTENTFORMAT_BEGIN
 90
        0
 91
        0
 92
        4
 93
        0
300

 40
0.0
140
1.0
 94
        5
 62
     0
340
11
144
0.18
309
CONTENTFORMAT_END
171
     1
301
MARGIN
  1
CELLMARGIN_BEGIN
 40
0.06
 40
0.06
 40
0.06
 40
0.06
 40
0.06
 40
0.06
309
CELLMARGIN_END
 94
        6
 95
        1
302
GRIDFORMAT
  1
GRIDFORMAT_BEGIN
 90
        0
 91
        1
 62
     0
 92
       -2
340
14
 93
        0
 40
0.045
309
GRIDFORMAT_END
 95
        2
302
GRIDFORMAT
  1
GRIDFORMAT_BEGIN
 90
        0
 91
        1
 62
     0
 92
       -2
340
14
 93
        0
 40
0.045
309
GRIDFORMAT_END
 95
        4
302
GRIDFORMAT
  1
GRIDFORMAT_BEGIN
 90
        0
 91
        1
 62
     0
 92
       -2
340
14
 93
        0
 40
0.045
309
GRIDFORMAT_END
 95
        8
302
GRIDFORMAT
  1
GRIDFORMAT_BEGIN
 90
        0
 91
        1
 62
     0
 92
       -2
340
14
 93
        0
 40
0.045
309
GRIDFORMAT_END
 95
       16
302
GRIDFORMAT
  1
GRIDFORMAT_BEGIN
 90
        0
 91
        1
 62
     0
 92
       -2
340
14
 93
        0
 40
0.045
309
GRIDFORMAT_END
 95
       32
302
GRIDFORMAT
  1
GRIDFORMAT_BEGIN
 90
        0
 91
        1
 62
     0
 92
       -2
340
14
 93
        0
 40
0.045
309
GRIDFORMAT_END
309
TABLEFORMAT_END
  1
CELLSTYLE_BEGIN
 90
        2
 91
        1
300
_HEADER
309
CELLSTYLE_END
300
CELLSTYLE
  1
TABLEFORMAT_BEGIN
 90
        5
170
     1
 91
        0
 92
        0
 62
   257
 93
        1
300
CONTENTFORMAT
  1
CONTENTFORMAT_BEGIN
 90
        0
 91
        0
 92
        4
 93
        0
300

 40
0.0
140
1.0
 94
        2
 62
     0
340
11
144
0.18
309
CONTENTFORMAT_END
171
     1
301
MARGIN
  1
CELLMARGIN_BEGIN
 40
0.06
 40
0.06
 40
0.06
 40
0.06
 40
0.06
 40
0.06
309
CELLMARGIN_END
 94
        6
 95
        1
302
GRIDFORMAT
  1
GRIDFORMAT_BEGIN
 90
        0
 91
        1
 62
     0
 92
       -2
340
14
 93
        0
 40
0.045
309
GRIDFORMAT_END
 95
        2
302
GRIDFORMAT
  1
GRIDFORMAT_BEGIN
 90
        0
 91
        1
 62
     0
 92
       -2
340
14
 93
        0
 40
0.045
309
GRIDFORMAT_END
 95
        4
302
GRIDFORMAT
  1
GRIDFORMAT_BEGIN
 90
        0
 91
        1
 62
     0
 92
       -2
340
14
 93
        0
 40
0.045
309
GRIDFORMAT_END
 95
        8
302
GRIDFORMAT
  1
GRIDFORMAT_BEGIN
 90
        0
 91
        1
 62
     0
 92
       -2
340
14
 93
        0
 40
0.045
309
GRIDFORMAT_END
 95
       16
302
GRIDFORMAT
  1
GRIDFORMAT_BEGIN
 90
        0
 91
        1
 62
     0
 92
       -2
340
14
 93
        0
 40
0.045
309
GRIDFORMAT_END
 95
       32
302
GRIDFORMAT
  1
GRIDFORMAT_BEGIN
 90
        0
 91
        1
 62
     0
 92
       -2
340
14
 93
        0
 40
0.045
309
GRIDFORMAT_END
309
TABLEFORMAT_END
  1
CELLSTYLE_BEGIN
 90
        3
 91
        2
300
_DATA
309
CELLSTYLE_END
  0
XRECORD
  5
A9
102
{ACAD_REACTORS
330
A8
102
}
330
A8
100
AcDbXrecord
280
     1
102
RTVSPropertyOp0
 70
     1
102
RTVSPropertyOp1
 70
     1
102
RTVSPropertyOp2
 70
     1
102
RTVSPropertyOp3
 70
     1
102
RTVSPropertyOp4
 70
     1
102
RTVSPropertyOp5
 70
     1
102
RTVSPropertyOp6
 70
     1
102
RTVSPropertyOp7
 70
     1
102
RTVSPropertyOp8
 70
     1
102
RTVSPropertyOp9
 70
     1
102
RTVSPropertyOp10
 70
     1
102
RTVSPropertyOp11
 70
     1
102
RTVSPropertyOp12
 70
     1
102
RTVSPropertyOp13
 70
     1
102
RTVSPropertyOp14
 70
     1
102
RTVSPropertyOp15
 70
     1
102
RTVSPropertyOp16
 70
     1
102
RTVSPropertyOp17
 70
     1
102
RTVSPropertyOp18
 70
     1
102
RTVSPropertyOp19
 70
     1
102
RTVSPropertyOp20
 70
     1
102
RTVSPropertyOp21
 70
     1
102
RTVSPropertyOp22
 70
     1
102
RTVSPropertyOp23
 70
     1
102
RTVSPropertyOp24
 70
     1
102
RTVSPropertyOp25
 70
     1
102
RTVSPropertyOp26
 70
     1
102
RTVSPropertyOp27
 70
     1
102
RTVSPropertyOp28
 70
     1
102
RTVSPropertyOp29
 70
     1
102
RTVSPropertyOp30
 70
     1
102
RTVSPropertyOp31
 70
     1
102
RTVSPropertyOp32
 70
     1
102
RTVSPropertyOp33
 70
     1
102
RTVSPropertyOp34
 70
     1
102
RTVSPropertyOp35
 70
     1
102
RTVSPropertyOp36
 70
     1
102
RTVSPropertyOp37
 70
     1
102
RTVSPropertyOp38
 70
     1
102
RTVSPropertyOp39
 70
     1
102
RTVSPropertyOp40
 70
     1
102
RTVSPropertyOp41
 70
     1
102
RTVSPropertyOp42
 70
     1
102
RTVSPropertyOp43
 70
     1
102
RTVSPropertyOp44
 70
     1
102
RTVSPropertyOp45
 70
     1
102
RTVSPropertyOp46
 70
     1
102
RTVSPropertyOp47
 70
     1
102
RTVSPropertyOp48
 70
     1
102
RTVSPropertyOp49
 70
     1
102
RTVSPropertyOp50
 70
     1
102
RTVSPropertyOp51
 70
     0
102
RTVSPropertyOp52
 70
     0
102
RTVSPropertyOp53
 70
     1
102
RTVSPropertyOp54
 70
     1
102
RTVSPropertyOp55
 70
     1
102
RTVSPropertyOp56
 70
     1
102
RTVSPropertyOp57
 70
     1
102
RTVSPost2010Prop28
280
     1
102
RTVSPost2010PropOp28
 70
     1
102
RTVSPost2010Prop29
280
     1
102
RTVSPost2010PropOp29
 70
     1
102
RTVSPost2010Prop30
280
     0
102
RTVSPost2010PropOp30
 70
     1
102
RTVSPost2010Prop31
280
     0
102
RTVSPost2010PropOp31
 70
     1
102
RTVSPost2010Prop32
280
     0
102
RTVSPost2010PropOp32
 70
     1
102
RTVSPost2010Prop33
280
     0
102
RTVSPost2010PropOp33
 70
     1
102
RTVSPost2010Prop34
280
     0
102
RTVSPost2010PropOp34
 70
     1
102
RTVSPost2010Prop35
280
     0
102
RTVSPost2010PropOp35
 70
     1
102
RTVSPost2010Prop36
280
     0
102
RTVSPost2010PropOp36
 70
     1
102
RTVSPost2010Prop37
 90
       50
102
RTVSPost2010PropOp37
 70
     1
102
RTVSPost2010Prop38
140
0.0
102
RTVSPost2010PropOp38
 70
     1
102
RTVSPost2010Prop39
140
1.0
102
RTVSPost2010PropOp39
 70
     1
102
RTVSPost2010Prop40
 90
        0
102
RTVSPost2010PropOp40
 70
     1
102
RTVSPost2010Prop41ColorIndex
 90
       18
102
RTVSPost2010Prop41ColorRGB
 90
        0
102
RTVSPost2010PropOp41
 70
     1
102
RTVSPost2010Prop42
 90
       50
102
RTVSPost2010PropOp42
 70
     1
102
RTVSPost2010Prop43
 90
        3
102
RTVSPost2010PropOp43
 70
     1
102
RTVSPost2010Prop44ColorIndex
 90
        5
102
RTVSPost2010Prop44ColorRGB
 90
      255
102
RTVSPost2010PropOp44
 70
     1
102
RTVSPost2010Prop45
280
     0
102
RTVSPost2010PropOp45
 70
     1
102
RTVSPost2010Prop46
 90
       50
102
RTVSPost2010PropOp46
 70
     1
102
RTVSPost2010Prop47
 90
       50
102
RTVSPost2010PropOp47
 70
     1
102
RTVSPost2010Prop48
 90
       50
102
RTVSPost2010PropOp48
 70
     1
102
RTVSPost2010Prop49
280
     0
102
RTVSPost2010PropOp49
 70
     1
102
RTVSPost2010Prop50
 90
       50
102
RTVSPost2010PropOp50
 70
     1
102
RTVSPost2010Prop51ColorIndex
 90
      256
102
RTVSPost2010Prop51ColorRGB
 90
-16777216
102
RTVSPost2010PropOp51
 70
     0
102
RTVSPost2010Prop52
140
1.0
102
RTVSPost2010PropOp52
 70
     0
102
RTVSPost2010Prop53
 90
        2
102
RTVSPost2010PropOp53
 70
     1
102
RTVSPost2010Prop54
  1
strokes_ogs.tif
102
RTVSPost2010PropOp54
 70
     1
102
RTVSPost2010Prop55
280
     0
102
RTVSPost2010PropOp55
 70
     1
102
RTVSPost2010Prop56
140
1.0
102
RTVSPost2010PropOp56
 70
     1
102
RTVSPost2010Prop57
140
1.0
102
RTVSPost2010PropOp57
 70
     1
  0
XRECORD
  5
AF
102
{ACAD_REACTORS
330
AE
102
}
330
AE
100
AcDbXrecord
280
     1
102
RTVSPropertyOp0
 70
     1
102
RTVSPropertyOp1
 70
     1
102
RTVSPropertyOp2
 70
     1
102
RTVSPropertyOp3
 70
     1
102
RTVSPropertyOp4
 70
     1
102
RTVSPropertyOp5
 70
     1
102
RTVSPropertyOp6
 70
     1
102
RTVSPropertyOp7
 70
     1
102
RTVSPropertyOp8
 70
     1
102
RTVSPropertyOp9
 70
     1
102
RTVSPropertyOp10
 70
     1
102
RTVSPropertyOp11
 70
     1
102
RTVSPropertyOp12
 70
     1
102
RTVSPropertyOp13
 70
     1
102
RTVSPropertyOp14
 70
     1
102
RTVSPropertyOp15
 70
     1
102
RTVSPropertyOp16
 70
     1
102
RTVSPropertyOp17
 70
     1
102
RTVSPropertyOp18
 70
     1
102
RTVSPropertyOp19
 70
     1
102
RTVSPropertyOp20
 70
     1
102
RTVSPropertyOp21
 70
     1
102
RTVSPropertyOp22
 70
     1
102
RTVSPropertyOp23
 70
     1
102
RTVSPropertyOp24
 70
     1
102
RTVSPropertyOp25
 70
     1
102
RTVSPropertyOp26
 70
     1
102
RTVSPropertyOp27
 70
     1
102
RTVSPropertyOp28
 70
     1
102
RTVSPropertyOp29
 70
     1
102
RTVSPropertyOp30
 70
     1
102
RTVSPropertyOp31
 70
     1
102
RTVSPropertyOp32
 70
     1
102
RTVSPropertyOp33
 70
     1
102
RTVSPropertyOp34
 70
     1
102
RTVSPropertyOp35
 70
     1
102
RTVSPropertyOp36
 70
     1
102
RTVSPropertyOp37
 70
     1
102
RTVSPropertyOp38
 70
     1
102
RTVSPropertyOp39
 70
     1
102
RTVSPropertyOp40
 70
     1
102
RTVSPropertyOp41
 70
     1
102
RTVSPropertyOp42
 70
     1
102
RTVSPropertyOp43
 70
     1
102
RTVSPropertyOp44
 70
     1
102
RTVSPropertyOp45
 70
     1
102
RTVSPropertyOp46
 70
     1
102
RTVSPropertyOp47
 70
     1
102
RTVSPropertyOp48
 70
     1
102
RTVSPropertyOp49
 70
     1
102
RTVSPropertyOp50
 70
     1
102
RTVSPropertyOp51
 70
     0
102
RTVSPropertyOp52
 70
     0
102
RTVSPropertyOp53
 70
     1
102
RTVSPropertyOp54
 70
     1
102
RTVSPropertyOp55
 70
     1
102
RTVSPropertyOp56
 70
     1
102
RTVSPropertyOp57
 70
     1
102
RTVSPost2010Prop28
280
     0
102
RTVSPost2010PropOp28
 70
     1
102
RTVSPost2010Prop29
280
     1
102
RTVSPost2010PropOp29
 70
     1
102
RTVSPost2010Prop30
280
     1
102
RTVSPost2010PropOp30
 70
     1
102
RTVSPost2010Prop31
280
     0
102
RTVSPost2010PropOp31
 70
     1
102
RTVSPost2010Prop32
280
     0
102
RTVSPost2010PropOp32
 70
     1
102
RTVSPost2010Prop33
280
     0
102
RTVSPost2010PropOp33
 70
     1
102
RTVSPost2010Prop34
280
     0
102
RTVSPost2010PropOp34
 70
     1
102
RTVSPost2010Prop35
280
     0
102
RTVSPost2010PropOp35
 70
     1
102
RTVSPost2010Prop36
280
     0
102
RTVSPost2010PropOp36
 70
     1
102
RTVSPost2010Prop37
 90
       50
102
RTVSPost2010PropOp37
 70
     1
102
RTVSPost2010Prop38
140
0.0
102
RTVSPost2010PropOp38
 70
     1
102
RTVSPost2010Prop39
140
1.0
102
RTVSPost2010PropOp39
 70
     1
102
RTVSPost2010Prop40
 90
        0
102
RTVSPost2010PropOp40
 70
     1
102
RTVSPost2010Prop41ColorIndex
 90
       18
102
RTVSPost2010Prop41ColorRGB
 90
        0
102
RTVSPost2010PropOp41
 70
     1
102
RTVSPost2010Prop42
 90
       50
102
RTVSPost2010PropOp42
 70
     1
102
RTVSPost2010Prop43
 90
        3
102
RTVSPost2010PropOp43
 70
     1
102
RTVSPost2010Prop44ColorIndex
 90
        5
102
RTVSPost2010Prop44ColorRGB
 90
      255
102
RTVSPost2010PropOp44
 70
     1
102
RTVSPost2010Prop45
280
     0
102
RTVSPost2010PropOp45
 70
     1
102
RTVSPost2010Prop46
 90
       50
102
RTVSPost2010PropOp46
 70
     1
102
RTVSPost2010Prop47
 90
       50
102
RTVSPost2010PropOp47
 70
     1
102
RTVSPost2010Prop48
 90
       50
102
RTVSPost2010PropOp48
 70
     1
102
RTVSPost2010Prop49
280
     0
102
RTVSPost2010PropOp49
 70
     1
102
RTVSPost2010Prop50
 90
       50
102
RTVSPost2010PropOp50
 70
     1
102
RTVSPost2010Prop51ColorIndex
 90
      256
102
RTVSPost2010Prop51ColorRGB
 90
-16777216
102
RTVSPost2010PropOp51
 70
     0
102
RTVSPost2010Prop52
140
1.0
102
RTVSPost2010PropOp52
 70
     0
102
RTVSPost2010Prop53
 90
        2
102
RTVSPost2010PropOp53
 70
     1
102
RTVSPost2010Prop54
  1
strokes_ogs.tif
102
RTVSPost2010PropOp54
 70
     1
102
RTVSPost2010Prop55
280
     0
102
RTVSPost2010PropOp55
 70
     1
102
RTVSPost2010Prop56
140
1.0
102
RTVSPost2010PropOp56
 70
     1
102
RTVSPost2010Prop57
140
1.0
102
RTVSPost2010PropOp57
 70
     1
  0
XRECORD
  5
B7
102
{ACAD_REACTORS
330
B6
102
}
330
B6
100
AcDbXrecord
280
     1
102
RTVSPropertyOp0
 70
     1
102
RTVSPropertyOp1
 70
     1
102
RTVSPropertyOp2
 70
     1
102
RTVSPropertyOp3
 70
     1
102
RTVSPropertyOp4
 70
     1
102
RTVSPropertyOp5
 70
     1
102
RTVSPropertyOp6
 70
     1
102
RTVSPropertyOp7
 70
     1
102
RTVSPropertyOp8
 70
     1
102
RTVSPropertyOp9
 70
     1
102
RTVSPropertyOp10
 70
     1
102
RTVSPropertyOp11
 70
     1
102
RTVSPropertyOp12
 70
     1
102
RTVSPropertyOp13
 70
     1
102
RTVSPropertyOp14
 70
     1
102
RTVSPropertyOp15
 70
     1
102
RTVSPropertyOp16
 70
     1
102
RTVSPropertyOp17
 70
     1
102
RTVSPropertyOp18
 70
     1
102
RTVSPropertyOp19
 70
     1
102
RTVSPropertyOp20
 70
     1
102
RTVSPropertyOp21
 70
     1
102
RTVSPropertyOp22
 70
     1
102
RTVSPropertyOp23
 70
     1
102
RTVSPropertyOp24
 70
     1
102
RTVSPropertyOp25
 70
     1
102
RTVSPropertyOp26
 70
     1
102
RTVSPropertyOp27
 70
     1
102
RTVSPropertyOp28
 70
     1
102
RTVSPropertyOp29
 70
     1
102
RTVSPropertyOp30
 70
     1
102
RTVSPropertyOp31
 70
     1
102
RTVSPropertyOp32
 70
     1
102
RTVSPropertyOp33
 70
     1
102
RTVSPropertyOp34
 70
     1
102
RTVSPropertyOp35
 70
     1
102
RTVSPropertyOp36
 70
     1
102
RTVSPropertyOp37
 70
     1
102
RTVSPropertyOp38
 70
     1
102
RTVSPropertyOp39
 70
     1
102
RTVSPropertyOp40
 70
     1
102
RTVSPropertyOp41
 70
     1
102
RTVSPropertyOp42
 70
     1
102
RTVSPropertyOp43
 70
     1
102
RTVSPropertyOp44
 70
     1
102
RTVSPropertyOp45
 70
     1
102
RTVSPropertyOp46
 70
     1
102
RTVSPropertyOp47
 70
     1
102
RTVSPropertyOp48
 70
     1
102
RTVSPropertyOp49
 70
     1
102
RTVSPropertyOp50
 70
     1
102
RTVSPropertyOp51
 70
     0
102
RTVSPropertyOp52
 70
     0
102
RTVSPropertyOp53
 70
     1
102
RTVSPropertyOp54
 70
     1
102
RTVSPropertyOp55
 70
     1
102
RTVSPropertyOp56
 70
     1
102
RTVSPropertyOp57
 70
     1
102
RTVSPost2010Prop28
280
     0
102
RTVSPost2010PropOp28
 70
     1
102
RTVSPost2010Prop29
280
     1
102
RTVSPost2010PropOp29
 70
     1
102
RTVSPost2010Prop30
280
     1
102
RTVSPost2010PropOp30
 70
     1
102
RTVSPost2010Prop31
280
     0
102
RTVSPost2010PropOp31
 70
     1
102
RTVSPost2010Prop32
280
     0
102
RTVSPost2010PropOp32
 70
     1
102
RTVSPost2010Prop33
280
     0
102
RTVSPost2010PropOp33
 70
     1
102
RTVSPost2010Prop34
280
     0
102
RTVSPost2010PropOp34
 70
     1
102
RTVSPost2010Prop35
280
     0
102
RTVSPost2010PropOp35
 70
     1
102
RTVSPost2010Prop36
280
     0
102
RTVSPost2010PropOp36
 70
     1
102
RTVSPost2010Prop37
 90
       50
102
RTVSPost2010PropOp37
 70
     1
102
RTVSPost2010Prop38
140
0.0
102
RTVSPost2010PropOp38
 70
     1
102
RTVSPost2010Prop39
140
1.0
102
RTVSPost2010PropOp39
 70
     1
102
RTVSPost2010Prop40
 90
        0
102
RTVSPost2010PropOp40
 70
     1
102
RTVSPost2010Prop41ColorIndex
 90
       18
102
RTVSPost2010Prop41ColorRGB
 90
        0
102
RTVSPost2010PropOp41
 70
     1
102
RTVSPost2010Prop42
 90
       50
102
RTVSPost2010PropOp42
 70
     1
102
RTVSPost2010Prop43
 90
        3
102
RTVSPost2010PropOp43
 70
     1
102
RTVSPost2010Prop44ColorIndex
 90
        5
102
RTVSPost2010Prop44ColorRGB
 90
      255
102
RTVSPost2010PropOp44
 70
     1
102
RTVSPost2010Prop45
280
     0
102
RTVSPost2010PropOp45
 70
     1
102
RTVSPost2010Prop46
 90
       50
102
RTVSPost2010PropOp46
 70
     1
102
RTVSPost2010Prop47
 90
       50
102
RTVSPost2010PropOp47
 70
     1
102
RTVSPost2010Prop48
 90
       50
102
RTVSPost2010PropOp48
 70
     1
102
RTVSPost2010Prop49
280
     0
102
RTVSPost2010PropOp49
 70
     1
102
RTVSPost2010Prop50
 90
       50
102
RTVSPost2010PropOp50
 70
     1
102
RTVSPost2010Prop51ColorIndex
 90
      256
102
RTVSPost2010Prop51ColorRGB
 90
-16777216
102
RTVSPost2010PropOp51
 70
     0
102
RTVSPost2010Prop52
140
1.0
102
RTVSPost2010PropOp52
 70
     0
102
RTVSPost2010Prop53
 90
        2
102
RTVSPost2010PropOp53
 70
     1
102
RTVSPost2010Prop54
  1
strokes_ogs.tif
102
RTVSPost2010PropOp54
 70
     1
102
RTVSPost2010Prop55
280
     0
102
RTVSPost2010PropOp55
 70
     1
102
RTVSPost2010Prop56
140
1.0
102
RTVSPost2010PropOp56
 70
     1
102
RTVSPost2010Prop57
140
1.0
102
RTVSPost2010PropOp57
 70
     1
  0
XRECORD
  5
BF
102
{ACAD_REACTORS
330
BE
102
}
330
BE
100
AcDbXrecord
280
     1
102
RTVSPropertyOp0
 70
     1
102
RTVSPropertyOp1
 70
     1
102
RTVSPropertyOp2
 70
     1
102
RTVSPropertyOp3
 70
     1
102
RTVSPropertyOp4
 70
     1
102
RTVSPropertyOp5
 70
     1
102
RTVSPropertyOp6
 70
     1
102
RTVSPropertyOp7
 70
     1
102
RTVSPropertyOp8
 70
     1
102
RTVSPropertyOp9
 70
     1
102
RTVSPropertyOp10
 70
     1
102
RTVSPropertyOp11
 70
     1
102
RTVSPropertyOp12
 70
     1
102
RTVSPropertyOp13
 70
     1
102
RTVSPropertyOp14
 70
     1
102
RTVSPropertyOp15
 70
     1
102
RTVSPropertyOp16
 70
     1
102
RTVSPropertyOp17
 70
     1
102
RTVSPropertyOp18
 70
     1
102
RTVSPropertyOp19
 70
     1
102
RTVSPropertyOp20
 70
     1
102
RTVSPropertyOp21
 70
     1
102
RTVSPropertyOp22
 70
     1
102
RTVSPropertyOp23
 70
     1
102
RTVSPropertyOp24
 70
     1
102
RTVSPropertyOp25
 70
     1
102
RTVSPropertyOp26
 70
     1
102
RTVSPropertyOp27
 70
     1
102
RTVSPropertyOp28
 70
     1
102
RTVSPropertyOp29
 70
     1
102
RTVSPropertyOp30
 70
     1
102
RTVSPropertyOp31
 70
     1
102
RTVSPropertyOp32
 70
     1
102
RTVSPropertyOp33
 70
     1
102
RTVSPropertyOp34
 70
     1
102
RTVSPropertyOp35
 70
     1
102
RTVSPropertyOp36
 70
     1
102
RTVSPropertyOp37
 70
     1
102
RTVSPropertyOp38
 70
     1
102
RTVSPropertyOp39
 70
     1
102
RTVSPropertyOp40
 70
     1
102
RTVSPropertyOp41
 70
     1
102
RTVSPropertyOp42
 70
     1
102
RTVSPropertyOp43
 70
     1
102
RTVSPropertyOp44
 70
     1
102
RTVSPropertyOp45
 70
     1
102
RTVSPropertyOp46
 70
     1
102
RTVSPropertyOp47
 70
     1
102
RTVSPropertyOp48
 70
     1
102
RTVSPropertyOp49
 70
     1
102
RTVSPropertyOp50
 70
     1
102
RTVSPropertyOp51
 70
     0
102
RTVSPropertyOp52
 70
     0
102
RTVSPropertyOp53
 70
     1
102
RTVSPropertyOp54
 70
     1
102
RTVSPropertyOp55
 70
     1
102
RTVSPropertyOp56
 70
     1
102
RTVSPropertyOp57
 70
     1
102
RTVSPost2010Prop28
280
     0
102
RTVSPost2010PropOp28
 70
     1
102
RTVSPost2010Prop29
280
     1
102
RTVSPost2010PropOp29
 70
     1
102
RTVSPost2010Prop30
280
     1
102
RTVSPost2010PropOp30
 70
     1
102
RTVSPost2010Prop31
280
     0
102
RTVSPost2010PropOp31
 70
     1
102
RTVSPost2010Prop32
280
     0
102
RTVSPost2010PropOp32
 70
     1
102
RTVSPost2010Prop33
280
     0
102
RTVSPost2010PropOp33
 70
     1
102
RTVSPost2010Prop34
280
     0
102
RTVSPost2010PropOp34
 70
     1
102
RTVSPost2010Prop35
280
     0
102
RTVSPost2010PropOp35
 70
     1
102
RTVSPost2010Prop36
280
     0
102
RTVSPost2010PropOp36
 70
     1
102
RTVSPost2010Prop37
 90
       50
102
RTVSPost2010PropOp37
 70
     1
102
RTVSPost2010Prop38
140
0.0
102
RTVSPost2010PropOp38
 70
     1
102
RTVSPost2010Prop39
140
1.0
102
RTVSPost2010PropOp39
 70
     1
102
RTVSPost2010Prop40
 90
        0
102
RTVSPost2010PropOp40
 70
     1
102
RTVSPost2010Prop41ColorIndex
 90
       18
102
RTVSPost2010Prop41ColorRGB
 90
        0
102
RTVSPost2010PropOp41
 70
     1
102
RTVSPost2010Prop42
 90
       50
102
RTVSPost2010PropOp42
 70
     1
102
RTVSPost2010Prop43
 90
        3
102
RTVSPost2010PropOp43
 70
     1
102
RTVSPost2010Prop44ColorIndex
 90
        5
102
RTVSPost2010Prop44ColorRGB
 90
      255
102
RTVSPost2010PropOp44
 70
     1
102
RTVSPost2010Prop45
280
     0
102
RTVSPost2010PropOp45
 70
     1
102
RTVSPost2010Prop46
 90
       50
102
RTVSPost2010PropOp46
 70
     1
102
RTVSPost2010Prop47
 90
       50
102
RTVSPost2010PropOp47
 70
     1
102
RTVSPost2010Prop48
 90
       50
102
RTVSPost2010PropOp48
 70
     1
102
RTVSPost2010Prop49
280
     0
102
RTVSPost2010PropOp49
 70
     1
102
RTVSPost2010Prop50
 90
       50
102
RTVSPost2010PropOp50
 70
     1
102
RTVSPost2010Prop51ColorIndex
 90
      256
102
RTVSPost2010Prop51ColorRGB
 90
-16777216
102
RTVSPost2010PropOp51
 70
     0
102
RTVSPost2010Prop52
140
1.0
102
RTVSPost2010PropOp52
 70
     0
102
RTVSPost2010Prop53
 90
        2
102
RTVSPost2010PropOp53
 70
     1
102
RTVSPost2010Prop54
  1
strokes_ogs.tif
102
RTVSPost2010PropOp54
 70
     1
102
RTVSPost2010Prop55
280
     0
102
RTVSPost2010PropOp55
 70
     1
102
RTVSPost2010Prop56
140
1.0
102
RTVSPost2010PropOp56
 70
     1
102
RTVSPost2010Prop57
140
1.0
102
RTVSPost2010PropOp57
 70
     1
  0
XRECORD
  5
B3
102
{ACAD_REACTORS
330
B2
102
}
330
B2
100
AcDbXrecord
280
     1
102
RTVSPropertyOp0
 70
     1
102
RTVSPropertyOp1
 70
     1
102
RTVSPropertyOp2
 70
     1
102
RTVSPropertyOp3
 70
     1
102
RTVSPropertyOp4
 70
     1
102
RTVSPropertyOp5
 70
     1
102
RTVSPropertyOp6
 70
     1
102
RTVSPropertyOp7
 70
     1
102
RTVSPropertyOp8
 70
     1
102
RTVSPropertyOp9
 70
     1
102
RTVSPropertyOp10
 70
     1
102
RTVSPropertyOp11
 70
     1
102
RTVSPropertyOp12
 70
     1
102
RTVSPropertyOp13
 70
     1
102
RTVSPropertyOp14
 70
     1
102
RTVSPropertyOp15
 70
     1
102
RTVSPropertyOp16
 70
     1
102
RTVSPropertyOp17
 70
     1
102
RTVSPropertyOp18
 70
     1
102
RTVSPropertyOp19
 70
     1
102
RTVSPropertyOp20
 70
     1
102
RTVSPropertyOp21
 70
     1
102
RTVSPropertyOp22
 70
     1
102
RTVSPropertyOp23
 70
     1
102
RTVSPropertyOp24
 70
     1
102
RTVSPropertyOp25
 70
     1
102
RTVSPropertyOp26
 70
     1
102
RTVSPropertyOp27
 70
     1
102
RTVSPropertyOp28
 70
     1
102
RTVSPropertyOp29
 70
     1
102
RTVSPropertyOp30
 70
     1
102
RTVSPropertyOp31
 70
     1
102
RTVSPropertyOp32
 70
     1
102
RTVSPropertyOp33
 70
     1
102
RTVSPropertyOp34
 70
     1
102
RTVSPropertyOp35
 70
     1
102
RTVSPropertyOp36
 70
     1
102
RTVSPropertyOp37
 70
     1
102
RTVSPropertyOp38
 70
     1
102
RTVSPropertyOp39
 70
     1
102
RTVSPropertyOp40
 70
     1
102
RTVSPropertyOp41
 70
     1
102
RTVSPropertyOp42
 70
     1
102
RTVSPropertyOp43
 70
     1
102
RTVSPropertyOp44
 70
     1
102
RTVSPropertyOp45
 70
     1
102
RTVSPropertyOp46
 70
     1
102
RTVSPropertyOp47
 70
     1
102
RTVSPropertyOp48
 70
     1
102
RTVSPropertyOp49
 70
     1
102
RTVSPropertyOp50
 70
     1
102
RTVSPropertyOp51
 70
     0
102
RTVSPropertyOp52
 70
     0
102
RTVSPropertyOp53
 70
     1
102
RTVSPropertyOp54
 70
     1
102
RTVSPropertyOp55
 70
     1
102
RTVSPropertyOp56
 70
     1
102
RTVSPropertyOp57
 70
     1
102
RTVSPost2010Prop28
280
     0
102
RTVSPost2010PropOp28
 70
     1
102
RTVSPost2010Prop29
280
     1
102
RTVSPost2010PropOp29
 70
     1
102
RTVSPost2010Prop30
280
     1
102
RTVSPost2010PropOp30
 70
     1
102
RTVSPost2010Prop31
280
     0
102
RTVSPost2010PropOp31
 70
     1
102
RTVSPost2010Prop32
280
     0
102
RTVSPost2010PropOp32
 70
     1
102
RTVSPost2010Prop33
280
     0
102
RTVSPost2010PropOp33
 70
     1
102
RTVSPost2010Prop34
280
     0
102
RTVSPost2010PropOp34
 70
     1
102
RTVSPost2010Prop35
280
     0
102
RTVSPost2010PropOp35
 70
     1
102
RTVSPost2010Prop36
280
     0
102
RTVSPost2010PropOp36
 70
     1
102
RTVSPost2010Prop37
 90
       50
102
RTVSPost2010PropOp37
 70
     1
102
RTVSPost2010Prop38
140
0.0
102
RTVSPost2010PropOp38
 70
     1
102
RTVSPost2010Prop39
140
1.0
102
RTVSPost2010PropOp39
 70
     1
102
RTVSPost2010Prop40
 90
        0
102
RTVSPost2010PropOp40
 70
     1
102
RTVSPost2010Prop41ColorIndex
 90
       18
102
RTVSPost2010Prop41ColorRGB
 90
        0
102
RTVSPost2010PropOp41
 70
     1
102
RTVSPost2010Prop42
 90
       50
102
RTVSPost2010PropOp42
 70
     1
102
RTVSPost2010Prop43
 90
        3
102
RTVSPost2010PropOp43
 70
     1
102
RTVSPost2010Prop44ColorIndex
 90
        5
102
RTVSPost2010Prop44ColorRGB
 90
      255
102
RTVSPost2010PropOp44
 70
     1
102
RTVSPost2010Prop45
280
     0
102
RTVSPost2010PropOp45
 70
     1
102
RTVSPost2010Prop46
 90
       50
102
RTVSPost2010PropOp46
 70
     1
102
RTVSPost2010Prop47
 90
       50
102
RTVSPost2010PropOp47
 70
     1
102
RTVSPost2010Prop48
 90
       50
102
RTVSPost2010PropOp48
 70
     1
102
RTVSPost2010Prop49
280
     0
102
RTVSPost2010PropOp49
 70
     1
102
RTVSPost2010Prop50
 90
       50
102
RTVSPost2010PropOp50
 70
     1
102
RTVSPost2010Prop51ColorIndex
 90
      256
102
RTVSPost2010Prop51ColorRGB
 90
-16777216
102
RTVSPost2010PropOp51
 70
     0
102
RTVSPost2010Prop52
140
1.0
102
RTVSPost2010PropOp52
 70
     0
102
RTVSPost2010Prop53
 90
        2
102
RTVSPost2010PropOp53
 70
     1
102
RTVSPost2010Prop54
  1
strokes_ogs.tif
102
RTVSPost2010PropOp54
 70
     1
102
RTVSPost2010Prop55
280
     0
102
RTVSPost2010PropOp55
 70
     1
102
RTVSPost2010Prop56
140
1.0
102
RTVSPost2010PropOp56
 70
     1
102
RTVSPost2010Prop57
140
1.0
102
RTVSPost2010PropOp57
 70
     1
  0
XRECORD
  5
B5
102
{ACAD_REACTORS
330
B4
102
}
330
B4
100
AcDbXrecord
280
     1
102
RTVSPropertyOp0
 70
     1
102
RTVSPropertyOp1
 70
     1
102
RTVSPropertyOp2
 70
     1
102
RTVSPropertyOp3
 70
     1
102
RTVSPropertyOp4
 70
     1
102
RTVSPropertyOp5
 70
     1
102
RTVSPropertyOp6
 70
     1
102
RTVSPropertyOp7
 70
     1
102
RTVSPropertyOp8
 70
     1
102
RTVSPropertyOp9
 70
     1
102
RTVSPropertyOp10
 70
     1
102
RTVSPropertyOp11
 70
     1
102
RTVSPropertyOp12
 70
     1
102
RTVSPropertyOp13
 70
     1
102
RTVSPropertyOp14
 70
     1
102
RTVSPropertyOp15
 70
     1
102
RTVSPropertyOp16
 70
     1
102
RTVSPropertyOp17
 70
     1
102
RTVSPropertyOp18
 70
     1
102
RTVSPropertyOp19
 70
     1
102
RTVSPropertyOp20
 70
     1
102
RTVSPropertyOp21
 70
     1
102
RTVSPropertyOp22
 70
     1
102
RTVSPropertyOp23
 70
     1
102
RTVSPropertyOp24
 70
     1
102
RTVSPropertyOp25
 70
     1
102
RTVSPropertyOp26
 70
     1
102
RTVSPropertyOp27
 70
     1
102
RTVSPropertyOp28
 70
     1
102
RTVSPropertyOp29
 70
     1
102
RTVSPropertyOp30
 70
     1
102
RTVSPropertyOp31
 70
     1
102
RTVSPropertyOp32
 70
     1
102
RTVSPropertyOp33
 70
     1
102
RTVSPropertyOp34
 70
     1
102
RTVSPropertyOp35
 70
     1
102
RTVSPropertyOp36
 70
     1
102
RTVSPropertyOp37
 70
     1
102
RTVSPropertyOp38
 70
     1
102
RTVSPropertyOp39
 70
     1
102
RTVSPropertyOp40
 70
     1
102
RTVSPropertyOp41
 70
     1
102
RTVSPropertyOp42
 70
     1
102
RTVSPropertyOp43
 70
     1
102
RTVSPropertyOp44
 70
     1
102
RTVSPropertyOp45
 70
     1
102
RTVSPropertyOp46
 70
     1
102
RTVSPropertyOp47
 70
     1
102
RTVSPropertyOp48
 70
     1
102
RTVSPropertyOp49
 70
     1
102
RTVSPropertyOp50
 70
     1
102
RTVSPropertyOp51
 70
     0
102
RTVSPropertyOp52
 70
     0
102
RTVSPropertyOp53
 70
     1
102
RTVSPropertyOp54
 70
     1
102
RTVSPropertyOp55
 70
     1
102
RTVSPropertyOp56
 70
     1
102
RTVSPropertyOp57
 70
     1
102
RTVSPost2010Prop28
280
     0
102
RTVSPost2010PropOp28
 70
     1
102
RTVSPost2010Prop29
280
     1
102
RTVSPost2010PropOp29
 70
     1
102
RTVSPost2010Prop30
280
     1
102
RTVSPost2010PropOp30
 70
     1
102
RTVSPost2010Prop31
280
     0
102
RTVSPost2010PropOp31
 70
     1
102
RTVSPost2010Prop32
280
     0
102
RTVSPost2010PropOp32
 70
     1
102
RTVSPost2010Prop33
280
     0
102
RTVSPost2010PropOp33
 70
     1
102
RTVSPost2010Prop34
280
     0
102
RTVSPost2010PropOp34
 70
     1
102
RTVSPost2010Prop35
280
     0
102
RTVSPost2010PropOp35
 70
     1
102
RTVSPost2010Prop36
280
     0
102
RTVSPost2010PropOp36
 70
     1
102
RTVSPost2010Prop37
 90
       50
102
RTVSPost2010PropOp37
 70
     1
102
RTVSPost2010Prop38
140
0.0
102
RTVSPost2010PropOp38
 70
     1
102
RTVSPost2010Prop39
140
1.0
102
RTVSPost2010PropOp39
 70
     1
102
RTVSPost2010Prop40
 90
        0
102
RTVSPost2010PropOp40
 70
     1
102
RTVSPost2010Prop41ColorIndex
 90
       18
102
RTVSPost2010Prop41ColorRGB
 90
        0
102
RTVSPost2010PropOp41
 70
     1
102
RTVSPost2010Prop42
 90
       50
102
RTVSPost2010PropOp42
 70
     1
102
RTVSPost2010Prop43
 90
        3
102
RTVSPost2010PropOp43
 70
     1
102
RTVSPost2010Prop44ColorIndex
 90
        5
102
RTVSPost2010Prop44ColorRGB
 90
      255
102
RTVSPost2010PropOp44
 70
     1
102
RTVSPost2010Prop45
280
     0
102
RTVSPost2010PropOp45
 70
     1
102
RTVSPost2010Prop46
 90
       50
102
RTVSPost2010PropOp46
 70
     1
102
RTVSPost2010Prop47
 90
       50
102
RTVSPost2010PropOp47
 70
     1
102
RTVSPost2010Prop48
 90
       50
102
RTVSPost2010PropOp48
 70
     1
102
RTVSPost2010Prop49
280
     0
102
RTVSPost2010PropOp49
 70
     1
102
RTVSPost2010Prop50
 90
       50
102
RTVSPost2010PropOp50
 70
     1
102
RTVSPost2010Prop51ColorIndex
 90
      256
102
RTVSPost2010Prop51ColorRGB
 90
-16777216
102
RTVSPost2010PropOp51
 70
     0
102
RTVSPost2010Prop52
140
1.0
102
RTVSPost2010PropOp52
 70
     0
102
RTVSPost2010Prop53
 90
        2
102
RTVSPost2010PropOp53
 70
     1
102
RTVSPost2010Prop54
  1
strokes_ogs.tif
102
RTVSPost2010PropOp54
 70
     1
102
RTVSPost2010Prop55
280
     0
102
RTVSPost2010PropOp55
 70
     1
102
RTVSPost2010Prop56
140
1.0
102
RTVSPost2010PropOp56
 70
     1
102
RTVSPost2010Prop57
140
1.0
102
RTVSPost2010PropOp57
 70
     1
  0
XRECORD
  5
C5
102
{ACAD_REACTORS
330
C4
102
}
330
C4
100
AcDbXrecord
280
     1
102
RTVSPropertyOp0
 70
     0
102
RTVSPropertyOp1
 70
     0
102
RTVSPropertyOp2
 70
     0
102
RTVSPropertyOp3
 70
     0
102
RTVSPropertyOp4
 70
     0
102
RTVSPropertyOp5
 70
     0
102
RTVSPropertyOp6
 70
     0
102
RTVSPropertyOp7
 70
     0
102
RTVSPropertyOp8
 70
     0
102
RTVSPropertyOp9
 70
     0
102
RTVSPropertyOp10
 70
     0
102
RTVSPropertyOp11
 70
     0
102
RTVSPropertyOp12
 70
     0
102
RTVSPropertyOp13
 70
     0
102
RTVSPropertyOp14
 70
     2
102
RTVSPropertyOp15
 70
     0
102
RTVSPropertyOp16
 70
     0
102
RTVSPropertyOp17
 70
     0
102
RTVSPropertyOp18
 70
     0
102
RTVSPropertyOp19
 70
     0
102
RTVSPropertyOp20
 70
     0
102
RTVSPropertyOp21
 70
     0
102
RTVSPropertyOp22
 70
     0
102
RTVSPropertyOp23
 70
     0
102
RTVSPropertyOp24
 70
     0
102
RTVSPropertyOp25
 70
     0
102
RTVSPropertyOp26
 70
     0
102
RTVSPropertyOp27
 70
     0
102
RTVSPropertyOp28
 70
     0
102
RTVSPropertyOp29
 70
     0
102
RTVSPropertyOp30
 70
     0
102
RTVSPropertyOp31
 70
     0
102
RTVSPropertyOp32
 70
     0
102
RTVSPropertyOp33
 70
     0
102
RTVSPropertyOp34
 70
     0
102
RTVSPropertyOp35
 70
     0
102
RTVSPropertyOp36
 70
     0
102
RTVSPropertyOp37
 70
     0
102
RTVSPropertyOp38
 70
     0
102
RTVSPropertyOp39
 70
     0
102
RTVSPropertyOp40
 70
     0
102
RTVSPropertyOp41
 70
     0
102
RTVSPropertyOp42
 70
     0
102
RTVSPropertyOp43
 70
     0
102
RTVSPropertyOp44
 70
     0
102
RTVSPropertyOp45
 70
     0
102
RTVSPropertyOp46
 70
     0
102
RTVSPropertyOp47
 70
     0
102
RTVSPropertyOp48
 70
     0
102
RTVSPropertyOp49
 70
     0
102
RTVSPropertyOp50
 70
     0
102
RTVSPropertyOp51
 70
     0
102
RTVSPropertyOp52
 70
     0
102
RTVSPropertyOp53
 70
     0
102
RTVSPropertyOp54
 70
     0
102
RTVSPropertyOp55
 70
     0
102
RTVSPropertyOp56
 70
     0
102
RTVSPropertyOp57
 70
     0
102
RTVSPost2010Prop28
280
     0
102
RTVSPost2010PropOp28
 70
     0
102
RTVSPost2010Prop29
280
     1
102
RTVSPost2010PropOp29
 70
     0
102
RTVSPost2010Prop30
280
     1
102
RTVSPost2010PropOp30
 70
     0
102
RTVSPost2010Prop31
280
     0
102
RTVSPost2010PropOp31
 70
     0
102
RTVSPost2010Prop32
280
     0
102
RTVSPost2010PropOp32
 70
     0
102
RTVSPost2010Prop33
280
     0
102
RTVSPost2010PropOp33
 70
     0
102
RTVSPost2010Prop34
280
     0
102
RTVSPost2010PropOp34
 70
     0
102
RTVSPost2010Prop35
280
     0
102
RTVSPost2010PropOp35
 70
     0
102
RTVSPost2010Prop36
280
     0
102
RTVSPost2010PropOp36
 70
     0
102
RTVSPost2010Prop37
 90
       50
102
RTVSPost2010PropOp37
 70
     0
102
RTVSPost2010Prop38
140
0.0
102
RTVSPost2010PropOp38
 70
     0
102
RTVSPost2010Prop39
140
1.0
102
RTVSPost2010PropOp39
 70
     0
102
RTVSPost2010Prop40
 90
        0
102
RTVSPost2010PropOp40
 70
     0
102
RTVSPost2010Prop41ColorIndex
 90
       18
102
RTVSPost2010Prop41ColorRGB
 90
        0
102
RTVSPost2010PropOp41
 70
     0
102
RTVSPost2010Prop42
 90
       50
102
RTVSPost2010PropOp42
 70
     0
102
RTVSPost2010Prop43
 90
        3
102
RTVSPost2010PropOp43
 70
     0
102
RTVSPost2010Prop44ColorIndex
 90
        5
102
RTVSPost2010Prop44ColorRGB
 90
      255
102
RTVSPost2010PropOp44
 70
     0
102
RTVSPost2010Prop45
280
     0
102
RTVSPost2010PropOp45
 70
     0
102
RTVSPost2010Prop46
 90
       50
102
RTVSPost2010PropOp46
 70
     0
102
RTVSPost2010Prop47
 90
       50
102
RTVSPost2010PropOp47
 70
     0
102
RTVSPost2010Prop48
 90
       50
102
RTVSPost2010PropOp48
 70
     0
102
RTVSPost2010Prop49
280
     0
102
RTVSPost2010PropOp49
 70
     0
102
RTVSPost2010Prop50
 90
       50
102
RTVSPost2010PropOp50
 70
     0
102
RTVSPost2010Prop51ColorIndex
 90
      256
102
RTVSPost2010Prop51ColorRGB
 90
-16777216
102
RTVSPost2010PropOp51
 70
     0
102
RTVSPost2010Prop52
140
1.0
102
RTVSPost2010PropOp52
 70
     0
102
RTVSPost2010Prop53
 90
        2
102
RTVSPost2010PropOp53
 70
     0
102
RTVSPost2010Prop54
  1
strokes_ogs.tif
102
RTVSPost2010PropOp54
 70
     0
102
RTVSPost2010Prop55
280
     0
102
RTVSPost2010PropOp55
 70
     0
102
RTVSPost2010Prop56
140
1.0
102
RTVSPost2010PropOp56
 70
     0
102
RTVSPost2010Prop57
140
1.0
102
RTVSPost2010PropOp57
 70
     0
  0
XRECORD
  5
BD
102
{ACAD_REACTORS
330
BC
102
}
330
BC
100
AcDbXrecord
280
     1
102
RTVSPropertyOp0
 70
     1
102
RTVSPropertyOp1
 70
     1
102
RTVSPropertyOp2
 70
     1
102
RTVSPropertyOp3
 70
     1
102
RTVSPropertyOp4
 70
     1
102
RTVSPropertyOp5
 70
     1
102
RTVSPropertyOp6
 70
     1
102
RTVSPropertyOp7
 70
     1
102
RTVSPropertyOp8
 70
     1
102
RTVSPropertyOp9
 70
     1
102
RTVSPropertyOp10
 70
     1
102
RTVSPropertyOp11
 70
     1
102
RTVSPropertyOp12
 70
     1
102
RTVSPropertyOp13
 70
     1
102
RTVSPropertyOp14
 70
     1
102
RTVSPropertyOp15
 70
     1
102
RTVSPropertyOp16
 70
     1
102
RTVSPropertyOp17
 70
     1
102
RTVSPropertyOp18
 70
     1
102
RTVSPropertyOp19
 70
     1
102
RTVSPropertyOp20
 70
     1
102
RTVSPropertyOp21
 70
     1
102
RTVSPropertyOp22
 70
     1
102
RTVSPropertyOp23
 70
     1
102
RTVSPropertyOp24
 70
     1
102
RTVSPropertyOp25
 70
     1
102
RTVSPropertyOp26
 70
     1
102
RTVSPropertyOp27
 70
     1
102
RTVSPropertyOp28
 70
     1
102
RTVSPropertyOp29
 70
     1
102
RTVSPropertyOp30
 70
     1
102
RTVSPropertyOp31
 70
     1
102
RTVSPropertyOp32
 70
     1
102
RTVSPropertyOp33
 70
     1
102
RTVSPropertyOp34
 70
     1
102
RTVSPropertyOp35
 70
     1
102
RTVSPropertyOp36
 70
     1
102
RTVSPropertyOp37
 70
     1
102
RTVSPropertyOp38
 70
     1
102
RTVSPropertyOp39
 70
     1
102
RTVSPropertyOp40
 70
     1
102
RTVSPropertyOp41
 70
     1
102
RTVSPropertyOp42
 70
     1
102
RTVSPropertyOp43
 70
     1
102
RTVSPropertyOp44
 70
     1
102
RTVSPropertyOp45
 70
     1
102
RTVSPropertyOp46
 70
     1
102
RTVSPropertyOp47
 70
     1
102
RTVSPropertyOp48
 70
     1
102
RTVSPropertyOp49
 70
     1
102
RTVSPropertyOp50
 70
     1
102
RTVSPropertyOp51
 70
     0
102
RTVSPropertyOp52
 70
     0
102
RTVSPropertyOp53
 70
     1
102
RTVSPropertyOp54
 70
     1
102
RTVSPropertyOp55
 70
     1
102
RTVSPropertyOp56
 70
     1
102
RTVSPropertyOp57
 70
     1
102
RTVSPost2010Prop28
280
     0
102
RTVSPost2010PropOp28
 70
     1
102
RTVSPost2010Prop29
280
     1
102
RTVSPost2010PropOp29
 70
     1
102
RTVSPost2010Prop30
280
     1
102
RTVSPost2010PropOp30
 70
     1
102
RTVSPost2010Prop31
280
     0
102
RTVSPost2010PropOp31
 70
     1
102
RTVSPost2010Prop32
280
     0
102
RTVSPost2010PropOp32
 70
     1
102
RTVSPost2010Prop33
280
     0
102
RTVSPost2010PropOp33
 70
     1
102
RTVSPost2010Prop34
280
     0
102
RTVSPost2010PropOp34
 70
     1
102
RTVSPost2010Prop35
280
     0
102
RTVSPost2010PropOp35
 70
     1
102
RTVSPost2010Prop36
280
     0
102
RTVSPost2010PropOp36
 70
     1
102
RTVSPost2010Prop37
 90
       50
102
RTVSPost2010PropOp37
 70
     1
102
RTVSPost2010Prop38
140
0.0
102
RTVSPost2010PropOp38
 70
     1
102
RTVSPost2010Prop39
140
1.0
102
RTVSPost2010PropOp39
 70
     1
102
RTVSPost2010Prop40
 90
        0
102
RTVSPost2010PropOp40
 70
     1
102
RTVSPost2010Prop41ColorIndex
 90
       18
102
RTVSPost2010Prop41ColorRGB
 90
        0
102
RTVSPost2010PropOp41
 70
     1
102
RTVSPost2010Prop42
 90
       50
102
RTVSPost2010PropOp42
 70
     1
102
RTVSPost2010Prop43
 90
        3
102
RTVSPost2010PropOp43
 70
     1
102
RTVSPost2010Prop44ColorIndex
 90
        5
102
RTVSPost2010Prop44ColorRGB
 90
      255
102
RTVSPost2010PropOp44
 70
     1
102
RTVSPost2010Prop45
280
     0
102
RTVSPost2010PropOp45
 70
     1
102
RTVSPost2010Prop46
 90
       50
102
RTVSPost2010PropOp46
 70
     1
102
RTVSPost2010Prop47
 90
       50
102
RTVSPost2010PropOp47
 70
     1
102
RTVSPost2010Prop48
 90
       50
102
RTVSPost2010PropOp48
 70
     1
102
RTVSPost2010Prop49
280
     0
102
RTVSPost2010PropOp49
 70
     1
102
RTVSPost2010Prop50
 90
       50
102
RTVSPost2010PropOp50
 70
     1
102
RTVSPost2010Prop51ColorIndex
 90
      256
102
RTVSPost2010Prop51ColorRGB
 90
-16777216
102
RTVSPost2010PropOp51
 70
     0
102
RTVSPost2010Prop52
140
1.0
102
RTVSPost2010PropOp52
 70
     0
102
RTVSPost2010Prop53
 90
        2
102
RTVSPost2010PropOp53
 70
     1
102
RTVSPost2010Prop54
  1
strokes_ogs.tif
102
RTVSPost2010PropOp54
 70
     1
102
RTVSPost2010Prop55
280
     0
102
RTVSPost2010PropOp55
 70
     1
102
RTVSPost2010Prop56
140
1.0
102
RTVSPost2010PropOp56
 70
     1
102
RTVSPost2010Prop57
140
1.0
102
RTVSPost2010PropOp57
 70
     1
  0
XRECORD
  5
A1
102
{ACAD_REACTORS
330
A0
102
}
330
A0
100
AcDbXrecord
280
     1
102
RTVSPropertyOp0
 70
     1
102
RTVSPropertyOp1
 70
     1
102
RTVSPropertyOp2
 70
     1
102
RTVSPropertyOp3
 70
     1
102
RTVSPropertyOp4
 70
     1
102
RTVSPropertyOp5
 70
     1
102
RTVSPropertyOp6
 70
     1
102
RTVSPropertyOp7
 70
     1
102
RTVSPropertyOp8
 70
     1
102
RTVSPropertyOp9
 70
     1
102
RTVSPropertyOp10
 70
     1
102
RTVSPropertyOp11
 70
     1
102
RTVSPropertyOp12
 70
     1
102
RTVSPropertyOp13
 70
     1
102
RTVSPropertyOp14
 70
     1
102
RTVSPropertyOp15
 70
     1
102
RTVSPropertyOp16
 70
     1
102
RTVSPropertyOp17
 70
     1
102
RTVSPropertyOp18
 70
     1
102
RTVSPropertyOp19
 70
     1
102
RTVSPropertyOp20
 70
     1
102
RTVSPropertyOp21
 70
     1
102
RTVSPropertyOp22
 70
     1
102
RTVSPropertyOp23
 70
     1
102
RTVSPropertyOp24
 70
     1
102
RTVSPropertyOp25
 70
     1
102
RTVSPropertyOp26
 70
     1
102
RTVSPropertyOp27
 70
     1
102
RTVSPropertyOp28
 70
     1
102
RTVSPropertyOp29
 70
     1
102
RTVSPropertyOp30
 70
     1
102
RTVSPropertyOp31
 70
     1
102
RTVSPropertyOp32
 70
     1
102
RTVSPropertyOp33
 70
     1
102
RTVSPropertyOp34
 70
     1
102
RTVSPropertyOp35
 70
     1
102
RTVSPropertyOp36
 70
     1
102
RTVSPropertyOp37
 70
     1
102
RTVSPropertyOp38
 70
     1
102
RTVSPropertyOp39
 70
     1
102
RTVSPropertyOp40
 70
     1
102
RTVSPropertyOp41
 70
     1
102
RTVSPropertyOp42
 70
     1
102
RTVSPropertyOp43
 70
     1
102
RTVSPropertyOp44
 70
     1
102
RTVSPropertyOp45
 70
     1
102
RTVSPropertyOp46
 70
     1
102
RTVSPropertyOp47
 70
     1
102
RTVSPropertyOp48
 70
     1
102
RTVSPropertyOp49
 70
     1
102
RTVSPropertyOp50
 70
     1
102
RTVSPropertyOp51
 70
     0
102
RTVSPropertyOp52
 70
     0
102
RTVSPropertyOp53
 70
     1
102
RTVSPropertyOp54
 70
     1
102
RTVSPropertyOp55
 70
     1
102
RTVSPropertyOp56
 70
     1
102
RTVSPropertyOp57
 70
     1
102
RTVSPost2010Prop28
280
     0
102
RTVSPost2010PropOp28
 70
     1
102
RTVSPost2010Prop29
280
     1
102
RTVSPost2010PropOp29
 70
     1
102
RTVSPost2010Prop30
280
     1
102
RTVSPost2010PropOp30
 70
     1
102
RTVSPost2010Prop31
280
     0
102
RTVSPost2010PropOp31
 70
     1
102
RTVSPost2010Prop32
280
     0
102
RTVSPost2010PropOp32
 70
     1
102
RTVSPost2010Prop33
280
     0
102
RTVSPost2010PropOp33
 70
     1
102
RTVSPost2010Prop34
280
     0
102
RTVSPost2010PropOp34
 70
     1
102
RTVSPost2010Prop35
280
     0
102
RTVSPost2010PropOp35
 70
     1
102
RTVSPost2010Prop36
280
     0
102
RTVSPost2010PropOp36
 70
     1
102
RTVSPost2010Prop37
 90
       50
102
RTVSPost2010PropOp37
 70
     1
102
RTVSPost2010Prop38
140
0.0
102
RTVSPost2010PropOp38
 70
     1
102
RTVSPost2010Prop39
140
1.0
102
RTVSPost2010PropOp39
 70
     1
102
RTVSPost2010Prop40
 90
        0
102
RTVSPost2010PropOp40
 70
     1
102
RTVSPost2010Prop41ColorIndex
 90
       18
102
RTVSPost2010Prop41ColorRGB
 90
        0
102
RTVSPost2010PropOp41
 70
     1
102
RTVSPost2010Prop42
 90
       50
102
RTVSPost2010PropOp42
 70
     1
102
RTVSPost2010Prop43
 90
        3
102
RTVSPost2010PropOp43
 70
     1
102
RTVSPost2010Prop44ColorIndex
 90
        5
102
RTVSPost2010Prop44ColorRGB
 90
      255
102
RTVSPost2010PropOp44
 70
     1
102
RTVSPost2010Prop45
280
     0
102
RTVSPost2010PropOp45
 70
     1
102
RTVSPost2010Prop46
 90
       50
102
RTVSPost2010PropOp46
 70
     1
102
RTVSPost2010Prop47
 90
       50
102
RTVSPost2010PropOp47
 70
     1
102
RTVSPost2010Prop48
 90
       50
102
RTVSPost2010PropOp48
 70
     1
102
RTVSPost2010Prop49
280
     0
102
RTVSPost2010PropOp49
 70
     1
102
RTVSPost2010Prop50
 90
       50
102
RTVSPost2010PropOp50
 70
     1
102
RTVSPost2010Prop51ColorIndex
 90
      256
102
RTVSPost2010Prop51ColorRGB
 90
-16777216
102
RTVSPost2010PropOp51
 70
     0
102
RTVSPost2010Prop52
140
1.0
102
RTVSPost2010PropOp52
 70
     0
102
RTVSPost2010Prop53
 90
        2
102
RTVSPost2010PropOp53
 70
     1
102
RTVSPost2010Prop54
  1
strokes_ogs.tif
102
RTVSPost2010PropOp54
 70
     1
102
RTVSPost2010Prop55
280
     0
102
RTVSPost2010PropOp55
 70
     1
102
RTVSPost2010Prop56
140
1.0
102
RTVSPost2010PropOp56
 70
     1
102
RTVSPost2010Prop57
140
1.0
102
RTVSPost2010PropOp57
 70
     1
  0
XRECORD
  5
A3
102
{ACAD_REACTORS
330
A2
102
}
330
A2
100
AcDbXrecord
280
     1
102
RTVSPropertyOp0
 70
     1
102
RTVSPropertyOp1
 70
     1
102
RTVSPropertyOp2
 70
     1
102
RTVSPropertyOp3
 70
     1
102
RTVSPropertyOp4
 70
     1
102
RTVSPropertyOp5
 70
     1
102
RTVSPropertyOp6
 70
     1
102
RTVSPropertyOp7
 70
     1
102
RTVSPropertyOp8
 70
     1
102
RTVSPropertyOp9
 70
     1
102
RTVSPropertyOp10
 70
     1
102
RTVSPropertyOp11
 70
     1
102
RTVSPropertyOp12
 70
     1
102
RTVSPropertyOp13
 70
     1
102
RTVSPropertyOp14
 70
     1
102
RTVSPropertyOp15
 70
     1
102
RTVSPropertyOp16
 70
     1
102
RTVSPropertyOp17
 70
     1
102
RTVSPropertyOp18
 70
     1
102
RTVSPropertyOp19
 70
     1
102
RTVSPropertyOp20
 70
     1
102
RTVSPropertyOp21
 70
     1
102
RTVSPropertyOp22
 70
     1
102
RTVSPropertyOp23
 70
     1
102
RTVSPropertyOp24
 70
     1
102
RTVSPropertyOp25
 70
     1
102
RTVSPropertyOp26
 70
     1
102
RTVSPropertyOp27
 70
     1
102
RTVSPropertyOp28
 70
     1
102
RTVSPropertyOp29
 70
     1
102
RTVSPropertyOp30
 70
     1
102
RTVSPropertyOp31
 70
     1
102
RTVSPropertyOp32
 70
     1
102
RTVSPropertyOp33
 70
     1
102
RTVSPropertyOp34
 70
     1
102
RTVSPropertyOp35
 70
     1
102
RTVSPropertyOp36
 70
     1
102
RTVSPropertyOp37
 70
     1
102
RTVSPropertyOp38
 70
     1
102
RTVSPropertyOp39
 70
     1
102
RTVSPropertyOp40
 70
     1
102
RTVSPropertyOp41
 70
     1
102
RTVSPropertyOp42
 70
     1
102
RTVSPropertyOp43
 70
     1
102
RTVSPropertyOp44
 70
     1
102
RTVSPropertyOp45
 70
     1
102
RTVSPropertyOp46
 70
     1
102
RTVSPropertyOp47
 70
     1
102
RTVSPropertyOp48
 70
     1
102
RTVSPropertyOp49
 70
     1
102
RTVSPropertyOp50
 70
     1
102
RTVSPropertyOp51
 70
     0
102
RTVSPropertyOp52
 70
     0
102
RTVSPropertyOp53
 70
     1
102
RTVSPropertyOp54
 70
     1
102
RTVSPropertyOp55
 70
     1
102
RTVSPropertyOp56
 70
     1
102
RTVSPropertyOp57
 70
     1
102
RTVSPost2010Prop28
280
     0
102
RTVSPost2010PropOp28
 70
     1
102
RTVSPost2010Prop29
280
     1
102
RTVSPost2010PropOp29
 70
     1
102
RTVSPost2010Prop30
280
     1
102
RTVSPost2010PropOp30
 70
     1
102
RTVSPost2010Prop31
280
     0
102
RTVSPost2010PropOp31
 70
     1
102
RTVSPost2010Prop32
280
     0
102
RTVSPost2010PropOp32
 70
     1
102
RTVSPost2010Prop33
280
     0
102
RTVSPost2010PropOp33
 70
     1
102
RTVSPost2010Prop34
280
     0
102
RTVSPost2010PropOp34
 70
     1
102
RTVSPost2010Prop35
280
     0
102
RTVSPost2010PropOp35
 70
     1
102
RTVSPost2010Prop36
280
     0
102
RTVSPost2010PropOp36
 70
     1
102
RTVSPost2010Prop37
 90
       50
102
RTVSPost2010PropOp37
 70
     1
102
RTVSPost2010Prop38
140
0.0
102
RTVSPost2010PropOp38
 70
     1
102
RTVSPost2010Prop39
140
1.0
102
RTVSPost2010PropOp39
 70
     1
102
RTVSPost2010Prop40
 90
        0
102
RTVSPost2010PropOp40
 70
     1
102
RTVSPost2010Prop41ColorIndex
 90
       18
102
RTVSPost2010Prop41ColorRGB
 90
        0
102
RTVSPost2010PropOp41
 70
     1
102
RTVSPost2010Prop42
 90
       50
102
RTVSPost2010PropOp42
 70
     1
102
RTVSPost2010Prop43
 90
        3
102
RTVSPost2010PropOp43
 70
     1
102
RTVSPost2010Prop44ColorIndex
 90
        5
102
RTVSPost2010Prop44ColorRGB
 90
      255
102
RTVSPost2010PropOp44
 70
     1
102
RTVSPost2010Prop45
280
     0
102
RTVSPost2010PropOp45
 70
     1
102
RTVSPost2010Prop46
 90
       50
102
RTVSPost2010PropOp46
 70
     1
102
RTVSPost2010Prop47
 90
       50
102
RTVSPost2010PropOp47
 70
     1
102
RTVSPost2010Prop48
 90
       50
102
RTVSPost2010PropOp48
 70
     1
102
RTVSPost2010Prop49
280
     0
102
RTVSPost2010PropOp49
 70
     1
102
RTVSPost2010Prop50
 90
       50
102
RTVSPost2010PropOp50
 70
     1
102
RTVSPost2010Prop51ColorIndex
 90
      256
102
RTVSPost2010Prop51ColorRGB
 90
-16777216
102
RTVSPost2010PropOp51
 70
     0
102
RTVSPost2010Prop52
140
1.0
102
RTVSPost2010PropOp52
 70
     0
102
RTVSPost2010Prop53
 90
        2
102
RTVSPost2010PropOp53
 70
     1
102
RTVSPost2010Prop54
  1
strokes_ogs.tif
102
RTVSPost2010PropOp54
 70
     1
102
RTVSPost2010Prop55
280
     0
102
RTVSPost2010PropOp55
 70
     1
102
RTVSPost2010Prop56
140
1.0
102
RTVSPost2010PropOp56
 70
     1
102
RTVSPost2010Prop57
140
1.0
102
RTVSPost2010PropOp57
 70
     1
  0
XRECORD
  5
A5
102
{ACAD_REACTORS
330
A4
102
}
330
A4
100
AcDbXrecord
280
     1
102
RTVSPropertyOp0
 70
     1
102
RTVSPropertyOp1
 70
     1
102
RTVSPropertyOp2
 70
     1
102
RTVSPropertyOp3
 70
     1
102
RTVSPropertyOp4
 70
     1
102
RTVSPropertyOp5
 70
     1
102
RTVSPropertyOp6
 70
     1
102
RTVSPropertyOp7
 70
     1
102
RTVSPropertyOp8
 70
     1
102
RTVSPropertyOp9
 70
     1
102
RTVSPropertyOp10
 70
     1
102
RTVSPropertyOp11
 70
     1
102
RTVSPropertyOp12
 70
     1
102
RTVSPropertyOp13
 70
     1
102
RTVSPropertyOp14
 70
     1
102
RTVSPropertyOp15
 70
     1
102
RTVSPropertyOp16
 70
     1
102
RTVSPropertyOp17
 70
     1
102
RTVSPropertyOp18
 70
     1
102
RTVSPropertyOp19
 70
     1
102
RTVSPropertyOp20
 70
     1
102
RTVSPropertyOp21
 70
     1
102
RTVSPropertyOp22
 70
     1
102
RTVSPropertyOp23
 70
     1
102
RTVSPropertyOp24
 70
     1
102
RTVSPropertyOp25
 70
     1
102
RTVSPropertyOp26
 70
     1
102
RTVSPropertyOp27
 70
     1
102
RTVSPropertyOp28
 70
     1
102
RTVSPropertyOp29
 70
     1
102
RTVSPropertyOp30
 70
     1
102
RTVSPropertyOp31
 70
     1
102
RTVSPropertyOp32
 70
     1
102
RTVSPropertyOp33
 70
     1
102
RTVSPropertyOp34
 70
     1
102
RTVSPropertyOp35
 70
     1
102
RTVSPropertyOp36
 70
     1
102
RTVSPropertyOp37
 70
     1
102
RTVSPropertyOp38
 70
     1
102
RTVSPropertyOp39
 70
     1
102
RTVSPropertyOp40
 70
     1
102
RTVSPropertyOp41
 70
     1
102
RTVSPropertyOp42
 70
     1
102
RTVSPropertyOp43
 70
     1
102
RTVSPropertyOp44
 70
     1
102
RTVSPropertyOp45
 70
     1
102
RTVSPropertyOp46
 70
     1
102
RTVSPropertyOp47
 70
     1
102
RTVSPropertyOp48
 70
     1
102
RTVSPropertyOp49
 70
     1
102
RTVSPropertyOp50
 70
     1
102
RTVSPropertyOp51
 70
     0
102
RTVSPropertyOp52
 70
     0
102
RTVSPropertyOp53
 70
     1
102
RTVSPropertyOp54
 70
     1
102
RTVSPropertyOp55
 70
     1
102
RTVSPropertyOp56
 70
     1
102
RTVSPropertyOp57
 70
     1
102
RTVSPost2010Prop28
280
     0
102
RTVSPost2010PropOp28
 70
     1
102
RTVSPost2010Prop29
280
     1
102
RTVSPost2010PropOp29
 70
     1
102
RTVSPost2010Prop30
280
     1
102
RTVSPost2010PropOp30
 70
     1
102
RTVSPost2010Prop31
280
     0
102
RTVSPost2010PropOp31
 70
     1
102
RTVSPost2010Prop32
280
     0
102
RTVSPost2010PropOp32
 70
     1
102
RTVSPost2010Prop33
280
     0
102
RTVSPost2010PropOp33
 70
     1
102
RTVSPost2010Prop34
280
     0
102
RTVSPost2010PropOp34
 70
     1
102
RTVSPost2010Prop35
280
     0
102
RTVSPost2010PropOp35
 70
     1
102
RTVSPost2010Prop36
280
     0
102
RTVSPost2010PropOp36
 70
     1
102
RTVSPost2010Prop37
 90
       50
102
RTVSPost2010PropOp37
 70
     1
102
RTVSPost2010Prop38
140
0.0
102
RTVSPost2010PropOp38
 70
     1
102
RTVSPost2010Prop39
140
1.0
102
RTVSPost2010PropOp39
 70
     1
102
RTVSPost2010Prop40
 90
        0
102
RTVSPost2010PropOp40
 70
     1
102
RTVSPost2010Prop41ColorIndex
 90
       18
102
RTVSPost2010Prop41ColorRGB
 90
        0
102
RTVSPost2010PropOp41
 70
     1
102
RTVSPost2010Prop42
 90
       50
102
RTVSPost2010PropOp42
 70
     1
102
RTVSPost2010Prop43
 90
        3
102
RTVSPost2010PropOp43
 70
     1
102
RTVSPost2010Prop44ColorIndex
 90
        5
102
RTVSPost2010Prop44ColorRGB
 90
      255
102
RTVSPost2010PropOp44
 70
     1
102
RTVSPost2010Prop45
280
     0
102
RTVSPost2010PropOp45
 70
     1
102
RTVSPost2010Prop46
 90
       50
102
RTVSPost2010PropOp46
 70
     1
102
RTVSPost2010Prop47
 90
       50
102
RTVSPost2010PropOp47
 70
     1
102
RTVSPost2010Prop48
 90
       50
102
RTVSPost2010PropOp48
 70
     1
102
RTVSPost2010Prop49
280
     0
102
RTVSPost2010PropOp49
 70
     1
102
RTVSPost2010Prop50
 90
       50
102
RTVSPost2010PropOp50
 70
     1
102
RTVSPost2010Prop51ColorIndex
 90
      256
102
RTVSPost2010Prop51ColorRGB
 90
-16777216
102
RTVSPost2010PropOp51
 70
     0
102
RTVSPost2010Prop52
140
1.0
102
RTVSPost2010PropOp52
 70
     0
102
RTVSPost2010Prop53
 90
        2
102
RTVSPost2010PropOp53
 70
     1
102
RTVSPost2010Prop54
  1
strokes_ogs.tif
102
RTVSPost2010PropOp54
 70
     1
102
RTVSPost2010Prop55
280
     0
102
RTVSPost2010PropOp55
 70
     1
102
RTVSPost2010Prop56
140
1.0
102
RTVSPost2010PropOp56
 70
     1
102
RTVSPost2010Prop57
140
1.0
102
RTVSPost2010PropOp57
 70
     1
  0
XRECORD
  5
A7
102
{ACAD_REACTORS
330
A6
102
}
330
A6
100
AcDbXrecord
280
     1
102
RTVSPropertyOp0
 70
     1
102
RTVSPropertyOp1
 70
     1
102
RTVSPropertyOp2
 70
     1
102
RTVSPropertyOp3
 70
     1
102
RTVSPropertyOp4
 70
     1
102
RTVSPropertyOp5
 70
     1
102
RTVSPropertyOp6
 70
     1
102
RTVSPropertyOp7
 70
     1
102
RTVSPropertyOp8
 70
     1
102
RTVSPropertyOp9
 70
     1
102
RTVSPropertyOp10
 70
     1
102
RTVSPropertyOp11
 70
     1
102
RTVSPropertyOp12
 70
     1
102
RTVSPropertyOp13
 70
     1
102
RTVSPropertyOp14
 70
     1
102
RTVSPropertyOp15
 70
     1
102
RTVSPropertyOp16
 70
     1
102
RTVSPropertyOp17
 70
     1
102
RTVSPropertyOp18
 70
     1
102
RTVSPropertyOp19
 70
     1
102
RTVSPropertyOp20
 70
     1
102
RTVSPropertyOp21
 70
     1
102
RTVSPropertyOp22
 70
     1
102
RTVSPropertyOp23
 70
     1
102
RTVSPropertyOp24
 70
     1
102
RTVSPropertyOp25
 70
     1
102
RTVSPropertyOp26
 70
     1
102
RTVSPropertyOp27
 70
     1
102
RTVSPropertyOp28
 70
     1
102
RTVSPropertyOp29
 70
     1
102
RTVSPropertyOp30
 70
     1
102
RTVSPropertyOp31
 70
     1
102
RTVSPropertyOp32
 70
     1
102
RTVSPropertyOp33
 70
     1
102
RTVSPropertyOp34
 70
     1
102
RTVSPropertyOp35
 70
     1
102
RTVSPropertyOp36
 70
     1
102
RTVSPropertyOp37
 70
     1
102
RTVSPropertyOp38
 70
     1
102
RTVSPropertyOp39
 70
     1
102
RTVSPropertyOp40
 70
     1
102
RTVSPropertyOp41
 70
     1
102
RTVSPropertyOp42
 70
     1
102
RTVSPropertyOp43
 70
     1
102
RTVSPropertyOp44
 70
     1
102
RTVSPropertyOp45
 70
     1
102
RTVSPropertyOp46
 70
     1
102
RTVSPropertyOp47
 70
     1
102
RTVSPropertyOp48
 70
     1
102
RTVSPropertyOp49
 70
     1
102
RTVSPropertyOp50
 70
     1
102
RTVSPropertyOp51
 70
     0
102
RTVSPropertyOp52
 70
     0
102
RTVSPropertyOp53
 70
     1
102
RTVSPropertyOp54
 70
     1
102
RTVSPropertyOp55
 70
     1
102
RTVSPropertyOp56
 70
     1
102
RTVSPropertyOp57
 70
     1
102
RTVSPost2010Prop28
280
     0
102
RTVSPost2010PropOp28
 70
     1
102
RTVSPost2010Prop29
280
     1
102
RTVSPost2010PropOp29
 70
     1
102
RTVSPost2010Prop30
280
     1
102
RTVSPost2010PropOp30
 70
     1
102
RTVSPost2010Prop31
280
     0
102
RTVSPost2010PropOp31
 70
     1
102
RTVSPost2010Prop32
280
     0
102
RTVSPost2010PropOp32
 70
     1
102
RTVSPost2010Prop33
280
     0
102
RTVSPost2010PropOp33
 70
     1
102
RTVSPost2010Prop34
280
     0
102
RTVSPost2010PropOp34
 70
     1
102
RTVSPost2010Prop35
280
     0
102
RTVSPost2010PropOp35
 70
     1
102
RTVSPost2010Prop36
280
     0
102
RTVSPost2010PropOp36
 70
     1
102
RTVSPost2010Prop37
 90
       50
102
RTVSPost2010PropOp37
 70
     1
102
RTVSPost2010Prop38
140
0.0
102
RTVSPost2010PropOp38
 70
     1
102
RTVSPost2010Prop39
140
1.0
102
RTVSPost2010PropOp39
 70
     1
102
RTVSPost2010Prop40
 90
        0
102
RTVSPost2010PropOp40
 70
     1
102
RTVSPost2010Prop41ColorIndex
 90
       18
102
RTVSPost2010Prop41ColorRGB
 90
        0
102
RTVSPost2010PropOp41
 70
     1
102
RTVSPost2010Prop42
 90
       50
102
RTVSPost2010PropOp42
 70
     1
102
RTVSPost2010Prop43
 90
        3
102
RTVSPost2010PropOp43
 70
     1
102
RTVSPost2010Prop44ColorIndex
 90
        5
102
RTVSPost2010Prop44ColorRGB
 90
      255
102
RTVSPost2010PropOp44
 70
     1
102
RTVSPost2010Prop45
280
     0
102
RTVSPost2010PropOp45
 70
     1
102
RTVSPost2010Prop46
 90
       50
102
RTVSPost2010PropOp46
 70
     1
102
RTVSPost2010Prop47
 90
       50
102
RTVSPost2010PropOp47
 70
     1
102
RTVSPost2010Prop48
 90
       50
102
RTVSPost2010PropOp48
 70
     1
102
RTVSPost2010Prop49
280
     0
102
RTVSPost2010PropOp49
 70
     1
102
RTVSPost2010Prop50
 90
       50
102
RTVSPost2010PropOp50
 70
     1
102
RTVSPost2010Prop51ColorIndex
 90
      256
102
RTVSPost2010Prop51ColorRGB
 90
-16777216
102
RTVSPost2010PropOp51
 70
     0
102
RTVSPost2010Prop52
140
1.0
102
RTVSPost2010PropOp52
 70
     0
102
RTVSPost2010Prop53
 90
        2
102
RTVSPost2010PropOp53
 70
     1
102
RTVSPost2010Prop54
  1
strokes_ogs.tif
102
RTVSPost2010PropOp54
 70
     1
102
RTVSPost2010Prop55
280
     0
102
RTVSPost2010PropOp55
 70
     1
102
RTVSPost2010Prop56
140
1.0
102
RTVSPost2010PropOp56
 70
     1
102
RTVSPost2010Prop57
140
1.0
102
RTVSPost2010PropOp57
 70
     1
  0
XRECORD
  5
AD
102
{ACAD_REACTORS
330
AC
102
}
330
AC
100
AcDbXrecord
280
     1
102
RTVSPropertyOp0
 70
     1
102
RTVSPropertyOp1
 70
     1
102
RTVSPropertyOp2
 70
     1
102
RTVSPropertyOp3
 70
     1
102
RTVSPropertyOp4
 70
     1
102
RTVSPropertyOp5
 70
     1
102
RTVSPropertyOp6
 70
     1
102
RTVSPropertyOp7
 70
     1
102
RTVSPropertyOp8
 70
     1
102
RTVSPropertyOp9
 70
     1
102
RTVSPropertyOp10
 70
     1
102
RTVSPropertyOp11
 70
     1
102
RTVSPropertyOp12
 70
     1
102
RTVSPropertyOp13
 70
     1
102
RTVSPropertyOp14
 70
     1
102
RTVSPropertyOp15
 70
     1
102
RTVSPropertyOp16
 70
     1
102
RTVSPropertyOp17
 70
     1
102
RTVSPropertyOp18
 70
     1
102
RTVSPropertyOp19
 70
     1
102
RTVSPropertyOp20
 70
     1
102
RTVSPropertyOp21
 70
     1
102
RTVSPropertyOp22
 70
     1
102
RTVSPropertyOp23
 70
     1
102
RTVSPropertyOp24
 70
     1
102
RTVSPropertyOp25
 70
     1
102
RTVSPropertyOp26
 70
     1
102
RTVSPropertyOp27
 70
     1
102
RTVSPropertyOp28
 70
     1
102
RTVSPropertyOp29
 70
     1
102
RTVSPropertyOp30
 70
     1
102
RTVSPropertyOp31
 70
     1
102
RTVSPropertyOp32
 70
     1
102
RTVSPropertyOp33
 70
     1
102
RTVSPropertyOp34
 70
     1
102
RTVSPropertyOp35
 70
     1
102
RTVSPropertyOp36
 70
     1
102
RTVSPropertyOp37
 70
     1
102
RTVSPropertyOp38
 70
     1
102
RTVSPropertyOp39
 70
     1
102
RTVSPropertyOp40
 70
     1
102
RTVSPropertyOp41
 70
     1
102
RTVSPropertyOp42
 70
     1
102
RTVSPropertyOp43
 70
     1
102
RTVSPropertyOp44
 70
     1
102
RTVSPropertyOp45
 70
     1
102
RTVSPropertyOp46
 70
     1
102
RTVSPropertyOp47
 70
     1
102
RTVSPropertyOp48
 70
     1
102
RTVSPropertyOp49
 70
     1
102
RTVSPropertyOp50
 70
     1
102
RTVSPropertyOp51
 70
     0
102
RTVSPropertyOp52
 70
     0
102
RTVSPropertyOp53
 70
     1
102
RTVSPropertyOp54
 70
     1
102
RTVSPropertyOp55
 70
     1
102
RTVSPropertyOp56
 70
     1
102
RTVSPropertyOp57
 70
     1
102
RTVSPost2010Prop28
280
     0
102
RTVSPost2010PropOp28
 70
     1
102
RTVSPost2010Prop29
280
     1
102
RTVSPost2010PropOp29
 70
     1
102
RTVSPost2010Prop30
280
     1
102
RTVSPost2010PropOp30
 70
     1
102
RTVSPost2010Prop31
280
     0
102
RTVSPost2010PropOp31
 70
     1
102
RTVSPost2010Prop32
280
     0
102
RTVSPost2010PropOp32
 70
     1
102
RTVSPost2010Prop33
280
     0
102
RTVSPost2010PropOp33
 70
     1
102
RTVSPost2010Prop34
280
     0
102
RTVSPost2010PropOp34
 70
     1
102
RTVSPost2010Prop35
280
     0
102
RTVSPost2010PropOp35
 70
     1
102
RTVSPost2010Prop36
280
     0
102
RTVSPost2010PropOp36
 70
     1
102
RTVSPost2010Prop37
 90
       50
102
RTVSPost2010PropOp37
 70
     1
102
RTVSPost2010Prop38
140
0.0
102
RTVSPost2010PropOp38
 70
     1
102
RTVSPost2010Prop39
140
1.0
102
RTVSPost2010PropOp39
 70
     1
102
RTVSPost2010Prop40
 90
        0
102
RTVSPost2010PropOp40
 70
     1
102
RTVSPost2010Prop41ColorIndex
 90
       18
102
RTVSPost2010Prop41ColorRGB
 90
        0
102
RTVSPost2010PropOp41
 70
     1
102
RTVSPost2010Prop42
 90
       50
102
RTVSPost2010PropOp42
 70
     1
102
RTVSPost2010Prop43
 90
        3
102
RTVSPost2010PropOp43
 70
     1
102
RTVSPost2010Prop44ColorIndex
 90
        5
102
RTVSPost2010Prop44ColorRGB
 90
      255
102
RTVSPost2010PropOp44
 70
     1
102
RTVSPost2010Prop45
280
     0
102
RTVSPost2010PropOp45
 70
     1
102
RTVSPost2010Prop46
 90
       50
102
RTVSPost2010PropOp46
 70
     1
102
RTVSPost2010Prop47
 90
       50
102
RTVSPost2010PropOp47
 70
     1
102
RTVSPost2010Prop48
 90
       50
102
RTVSPost2010PropOp48
 70
     1
102
RTVSPost2010Prop49
280
     0
102
RTVSPost2010PropOp49
 70
     1
102
RTVSPost2010Prop50
 90
       50
102
RTVSPost2010PropOp50
 70
     1
102
RTVSPost2010Prop51ColorIndex
 90
      256
102
RTVSPost2010Prop51ColorRGB
 90
-16777216
102
RTVSPost2010PropOp51
 70
     0
102
RTVSPost2010Prop52
140
1.0
102
RTVSPost2010PropOp52
 70
     0
102
RTVSPost2010Prop53
 90
        2
102
RTVSPost2010PropOp53
 70
     1
102
RTVSPost2010Prop54
  1
strokes_ogs.tif
102
RTVSPost2010PropOp54
 70
     1
102
RTVSPost2010Prop55
280
     0
102
RTVSPost2010PropOp55
 70
     1
102
RTVSPost2010Prop56
140
1.0
102
RTVSPost2010PropOp56
 70
     1
102
RTVSPost2010Prop57
140
1.0
102
RTVSPost2010PropOp57
 70
     1
  0
XRECORD
  5
C1
102
{ACAD_REACTORS
330
C0
102
}
330
C0
100
AcDbXrecord
280
     1
102
RTVSPropertyOp0
 70
     0
102
RTVSPropertyOp1
 70
     0
102
RTVSPropertyOp2
 70
     0
102
RTVSPropertyOp3
 70
     0
102
RTVSPropertyOp4
 70
     0
102
RTVSPropertyOp5
 70
     0
102
RTVSPropertyOp6
 70
     0
102
RTVSPropertyOp7
 70
     0
102
RTVSPropertyOp8
 70
     0
102
RTVSPropertyOp9
 70
     0
102
RTVSPropertyOp10
 70
     0
102
RTVSPropertyOp11
 70
     0
102
RTVSPropertyOp12
 70
     0
102
RTVSPropertyOp13
 70
     0
102
RTVSPropertyOp14
 70
     2
102
RTVSPropertyOp15
 70
     0
102
RTVSPropertyOp16
 70
     0
102
RTVSPropertyOp17
 70
     0
102
RTVSPropertyOp18
 70
     0
102
RTVSPropertyOp19
 70
     0
102
RTVSPropertyOp20
 70
     0
102
RTVSPropertyOp21
 70
     0
102
RTVSPropertyOp22
 70
     0
102
RTVSPropertyOp23
 70
     0
102
RTVSPropertyOp24
 70
     0
102
RTVSPropertyOp25
 70
     0
102
RTVSPropertyOp26
 70
     0
102
RTVSPropertyOp27
 70
     0
102
RTVSPropertyOp28
 70
     0
102
RTVSPropertyOp29
 70
     0
102
RTVSPropertyOp30
 70
     0
102
RTVSPropertyOp31
 70
     0
102
RTVSPropertyOp32
 70
     0
102
RTVSPropertyOp33
 70
     0
102
RTVSPropertyOp34
 70
     0
102
RTVSPropertyOp35
 70
     0
102
RTVSPropertyOp36
 70
     0
102
RTVSPropertyOp37
 70
     0
102
RTVSPropertyOp38
 70
     0
102
RTVSPropertyOp39
 70
     0
102
RTVSPropertyOp40
 70
     0
102
RTVSPropertyOp41
 70
     0
102
RTVSPropertyOp42
 70
     0
102
RTVSPropertyOp43
 70
     0
102
RTVSPropertyOp44
 70
     0
102
RTVSPropertyOp45
 70
     0
102
RTVSPropertyOp46
 70
     0
102
RTVSPropertyOp47
 70
     0
102
RTVSPropertyOp48
 70
     0
102
RTVSPropertyOp49
 70
     0
102
RTVSPropertyOp50
 70
     0
102
RTVSPropertyOp51
 70
     0
102
RTVSPropertyOp52
 70
     0
102
RTVSPropertyOp53
 70
     0
102
RTVSPropertyOp54
 70
     0
102
RTVSPropertyOp55
 70
     0
102
RTVSPropertyOp56
 70
     0
102
RTVSPropertyOp57
 70
     0
102
RTVSPost2010Prop28
280
     0
102
RTVSPost2010PropOp28
 70
     0
102
RTVSPost2010Prop29
280
     1
102
RTVSPost2010PropOp29
 70
     0
102
RTVSPost2010Prop30
280
     1
102
RTVSPost2010PropOp30
 70
     0
102
RTVSPost2010Prop31
280
     0
102
RTVSPost2010PropOp31
 70
     0
102
RTVSPost2010Prop32
280
     0
102
RTVSPost2010PropOp32
 70
     0
102
RTVSPost2010Prop33
280
     0
102
RTVSPost2010PropOp33
 70
     0
102
RTVSPost2010Prop34
280
     0
102
RTVSPost2010PropOp34
 70
     0
102
RTVSPost2010Prop35
280
     0
102
RTVSPost2010PropOp35
 70
     0
102
RTVSPost2010Prop36
280
     0
102
RTVSPost2010PropOp36
 70
     0
102
RTVSPost2010Prop37
 90
       50
102
RTVSPost2010PropOp37
 70
     0
102
RTVSPost2010Prop38
140
0.0
102
RTVSPost2010PropOp38
 70
     0
102
RTVSPost2010Prop39
140
1.0
102
RTVSPost2010PropOp39
 70
     0
102
RTVSPost2010Prop40
 90
        0
102
RTVSPost2010PropOp40
 70
     0
102
RTVSPost2010Prop41ColorIndex
 90
       18
102
RTVSPost2010Prop41ColorRGB
 90
        0
102
RTVSPost2010PropOp41
 70
     0
102
RTVSPost2010Prop42
 90
       50
102
RTVSPost2010PropOp42
 70
     0
102
RTVSPost2010Prop43
 90
        3
102
RTVSPost2010PropOp43
 70
     0
102
RTVSPost2010Prop44ColorIndex
 90
        5
102
RTVSPost2010Prop44ColorRGB
 90
      255
102
RTVSPost2010PropOp44
 70
     0
102
RTVSPost2010Prop45
280
     0
102
RTVSPost2010PropOp45
 70
     0
102
RTVSPost2010Prop46
 90
       50
102
RTVSPost2010PropOp46
 70
     0
102
RTVSPost2010Prop47
 90
       50
102
RTVSPost2010PropOp47
 70
     0
102
RTVSPost2010Prop48
 90
       50
102
RTVSPost2010PropOp48
 70
     0
102
RTVSPost2010Prop49
280
     0
102
RTVSPost2010PropOp49
 70
     0
102
RTVSPost2010Prop50
 90
       50
102
RTVSPost2010PropOp50
 70
     0
102
RTVSPost2010Prop51ColorIndex
 90
      256
102
RTVSPost2010Prop51ColorRGB
 90
-16777216
102
RTVSPost2010PropOp51
 70
     0
102
RTVSPost2010Prop52
140
1.0
102
RTVSPost2010PropOp52
 70
     0
102
RTVSPost2010Prop53
 90
        2
102
RTVSPost2010PropOp53
 70
     0
102
RTVSPost2010Prop54
  1
strokes_ogs.tif
102
RTVSPost2010PropOp54
 70
     0
102
RTVSPost2010Prop55
280
     0
102
RTVSPost2010PropOp55
 70
     0
102
RTVSPost2010Prop56
140
1.0
102
RTVSPost2010PropOp56
 70
     0
102
RTVSPost2010Prop57
140
1.0
102
RTVSPost2010PropOp57
 70
     0
  0
XRECORD
  5
BB
102
{ACAD_REACTORS
330
BA
102
}
330
BA
100
AcDbXrecord
280
     1
102
RTVSPropertyOp0
 70
     1
102
RTVSPropertyOp1
 70
     1
102
RTVSPropertyOp2
 70
     1
102
RTVSPropertyOp3
 70
     1
102
RTVSPropertyOp4
 70
     1
102
RTVSPropertyOp5
 70
     1
102
RTVSPropertyOp6
 70
     1
102
RTVSPropertyOp7
 70
     1
102
RTVSPropertyOp8
 70
     1
102
RTVSPropertyOp9
 70
     1
102
RTVSPropertyOp10
 70
     1
102
RTVSPropertyOp11
 70
     1
102
RTVSPropertyOp12
 70
     1
102
RTVSPropertyOp13
 70
     1
102
RTVSPropertyOp14
 70
     1
102
RTVSPropertyOp15
 70
     1
102
RTVSPropertyOp16
 70
     1
102
RTVSPropertyOp17
 70
     1
102
RTVSPropertyOp18
 70
     1
102
RTVSPropertyOp19
 70
     1
102
RTVSPropertyOp20
 70
     1
102
RTVSPropertyOp21
 70
     1
102
RTVSPropertyOp22
 70
     1
102
RTVSPropertyOp23
 70
     1
102
RTVSPropertyOp24
 70
     1
102
RTVSPropertyOp25
 70
     1
102
RTVSPropertyOp26
 70
     1
102
RTVSPropertyOp27
 70
     1
102
RTVSPropertyOp28
 70
     1
102
RTVSPropertyOp29
 70
     1
102
RTVSPropertyOp30
 70
     1
102
RTVSPropertyOp31
 70
     1
102
RTVSPropertyOp32
 70
     1
102
RTVSPropertyOp33
 70
     1
102
RTVSPropertyOp34
 70
     1
102
RTVSPropertyOp35
 70
     1
102
RTVSPropertyOp36
 70
     1
102
RTVSPropertyOp37
 70
     1
102
RTVSPropertyOp38
 70
     1
102
RTVSPropertyOp39
 70
     1
102
RTVSPropertyOp40
 70
     1
102
RTVSPropertyOp41
 70
     1
102
RTVSPropertyOp42
 70
     1
102
RTVSPropertyOp43
 70
     1
102
RTVSPropertyOp44
 70
     1
102
RTVSPropertyOp45
 70
     1
102
RTVSPropertyOp46
 70
     1
102
RTVSPropertyOp47
 70
     1
102
RTVSPropertyOp48
 70
     1
102
RTVSPropertyOp49
 70
     1
102
RTVSPropertyOp50
 70
     1
102
RTVSPropertyOp51
 70
     0
102
RTVSPropertyOp52
 70
     0
102
RTVSPropertyOp53
 70
     1
102
RTVSPropertyOp54
 70
     1
102
RTVSPropertyOp55
 70
     1
102
RTVSPropertyOp56
 70
     1
102
RTVSPropertyOp57
 70
     1
102
RTVSPost2010Prop28
280
     0
102
RTVSPost2010PropOp28
 70
     1
102
RTVSPost2010Prop29
280
     1
102
RTVSPost2010PropOp29
 70
     1
102
RTVSPost2010Prop30
280
     1
102
RTVSPost2010PropOp30
 70
     1
102
RTVSPost2010Prop31
280
     0
102
RTVSPost2010PropOp31
 70
     1
102
RTVSPost2010Prop32
280
     0
102
RTVSPost2010PropOp32
 70
     1
102
RTVSPost2010Prop33
280
     0
102
RTVSPost2010PropOp33
 70
     1
102
RTVSPost2010Prop34
280
     0
102
RTVSPost2010PropOp34
 70
     1
102
RTVSPost2010Prop35
280
     0
102
RTVSPost2010PropOp35
 70
     1
102
RTVSPost2010Prop36
280
     0
102
RTVSPost2010PropOp36
 70
     1
102
RTVSPost2010Prop37
 90
       50
102
RTVSPost2010PropOp37
 70
     1
102
RTVSPost2010Prop38
140
0.0
102
RTVSPost2010PropOp38
 70
     1
102
RTVSPost2010Prop39
140
1.0
102
RTVSPost2010PropOp39
 70
     1
102
RTVSPost2010Prop40
 90
        0
102
RTVSPost2010PropOp40
 70
     1
102
RTVSPost2010Prop41ColorIndex
 90
       18
102
RTVSPost2010Prop41ColorRGB
 90
        0
102
RTVSPost2010PropOp41
 70
     1
102
RTVSPost2010Prop42
 90
       50
102
RTVSPost2010PropOp42
 70
     1
102
RTVSPost2010Prop43
 90
        3
102
RTVSPost2010PropOp43
 70
     1
102
RTVSPost2010Prop44ColorIndex
 90
        5
102
RTVSPost2010Prop44ColorRGB
 90
      255
102
RTVSPost2010PropOp44
 70
     1
102
RTVSPost2010Prop45
280
     0
102
RTVSPost2010PropOp45
 70
     1
102
RTVSPost2010Prop46
 90
       50
102
RTVSPost2010PropOp46
 70
     1
102
RTVSPost2010Prop47
 90
       50
102
RTVSPost2010PropOp47
 70
     1
102
RTVSPost2010Prop48
 90
       50
102
RTVSPost2010PropOp48
 70
     1
102
RTVSPost2010Prop49
280
     0
102
RTVSPost2010PropOp49
 70
     1
102
RTVSPost2010Prop50
 90
       50
102
RTVSPost2010PropOp50
 70
     1
102
RTVSPost2010Prop51ColorIndex
 90
      256
102
RTVSPost2010Prop51ColorRGB
 90
-16777216
102
RTVSPost2010PropOp51
 70
     0
102
RTVSPost2010Prop52
140
1.0
102
RTVSPost2010PropOp52
 70
     0
102
RTVSPost2010Prop53
 90
        2
102
RTVSPost2010PropOp53
 70
     1
102
RTVSPost2010Prop54
  1
strokes_ogs.tif
102
RTVSPost2010PropOp54
 70
     1
102
RTVSPost2010Prop55
280
     0
102
RTVSPost2010PropOp55
 70
     1
102
RTVSPost2010Prop56
140
1.0
102
RTVSPost2010PropOp56
 70
     1
102
RTVSPost2010Prop57
140
1.0
102
RTVSPost2010PropOp57
 70
     1
  0
XRECORD
  5
C3
102
{ACAD_REACTORS
330
C2
102
}
330
C2
100
AcDbXrecord
280
     1
102
RTVSPropertyOp0
 70
     0
102
RTVSPropertyOp1
 70
     0
102
RTVSPropertyOp2
 70
     0
102
RTVSPropertyOp3
 70
     0
102
RTVSPropertyOp4
 70
     0
102
RTVSPropertyOp5
 70
     0
102
RTVSPropertyOp6
 70
     0
102
RTVSPropertyOp7
 70
     0
102
RTVSPropertyOp8
 70
     0
102
RTVSPropertyOp9
 70
     0
102
RTVSPropertyOp10
 70
     0
102
RTVSPropertyOp11
 70
     0
102
RTVSPropertyOp12
 70
     0
102
RTVSPropertyOp13
 70
     0
102
RTVSPropertyOp14
 70
     2
102
RTVSPropertyOp15
 70
     0
102
RTVSPropertyOp16
 70
     0
102
RTVSPropertyOp17
 70
     0
102
RTVSPropertyOp18
 70
     0
102
RTVSPropertyOp19
 70
     0
102
RTVSPropertyOp20
 70
     0
102
RTVSPropertyOp21
 70
     0
102
RTVSPropertyOp22
 70
     0
102
RTVSPropertyOp23
 70
     0
102
RTVSPropertyOp24
 70
     0
102
RTVSPropertyOp25
 70
     0
102
RTVSPropertyOp26
 70
     0
102
RTVSPropertyOp27
 70
     0
102
RTVSPropertyOp28
 70
     0
102
RTVSPropertyOp29
 70
     0
102
RTVSPropertyOp30
 70
     0
102
RTVSPropertyOp31
 70
     0
102
RTVSPropertyOp32
 70
     0
102
RTVSPropertyOp33
 70
     0
102
RTVSPropertyOp34
 70
     0
102
RTVSPropertyOp35
 70
     0
102
RTVSPropertyOp36
 70
     0
102
RTVSPropertyOp37
 70
     0
102
RTVSPropertyOp38
 70
     0
102
RTVSPropertyOp39
 70
     0
102
RTVSPropertyOp40
 70
     0
102
RTVSPropertyOp41
 70
     0
102
RTVSPropertyOp42
 70
     0
102
RTVSPropertyOp43
 70
     0
102
RTVSPropertyOp44
 70
     0
102
RTVSPropertyOp45
 70
     0
102
RTVSPropertyOp46
 70
     0
102
RTVSPropertyOp47
 70
     0
102
RTVSPropertyOp48
 70
     0
102
RTVSPropertyOp49
 70
     0
102
RTVSPropertyOp50
 70
     0
102
RTVSPropertyOp51
 70
     0
102
RTVSPropertyOp52
 70
     0
102
RTVSPropertyOp53
 70
     0
102
RTVSPropertyOp54
 70
     0
102
RTVSPropertyOp55
 70
     0
102
RTVSPropertyOp56
 70
     0
102
RTVSPropertyOp57
 70
     0
102
RTVSPost2010Prop28
280
     0
102
RTVSPost2010PropOp28
 70
     0
102
RTVSPost2010Prop29
280
     1
102
RTVSPost2010PropOp29
 70
     0
102
RTVSPost2010Prop30
280
     1
102
RTVSPost2010PropOp30
 70
     0
102
RTVSPost2010Prop31
280
     0
102
RTVSPost2010PropOp31
 70
     0
102
RTVSPost2010Prop32
280
     0
102
RTVSPost2010PropOp32
 70
     0
102
RTVSPost2010Prop33
280
     0
102
RTVSPost2010PropOp33
 70
     0
102
RTVSPost2010Prop34
280
     0
102
RTVSPost2010PropOp34
 70
     0
102
RTVSPost2010Prop35
280
     0
102
RTVSPost2010PropOp35
 70
     0
102
RTVSPost2010Prop36
280
     0
102
RTVSPost2010PropOp36
 70
     0
102
RTVSPost2010Prop37
 90
       50
102
RTVSPost2010PropOp37
 70
     0
102
RTVSPost2010Prop38
140
0.0
102
RTVSPost2010PropOp38
 70
     0
102
RTVSPost2010Prop39
140
1.0
102
RTVSPost2010PropOp39
 70
     0
102
RTVSPost2010Prop40
 90
        0
102
RTVSPost2010PropOp40
 70
     0
102
RTVSPost2010Prop41ColorIndex
 90
       18
102
RTVSPost2010Prop41ColorRGB
 90
        0
102
RTVSPost2010PropOp41
 70
     0
102
RTVSPost2010Prop42
 90
       50
102
RTVSPost2010PropOp42
 70
     0
102
RTVSPost2010Prop43
 90
        3
102
RTVSPost2010PropOp43
 70
     0
102
RTVSPost2010Prop44ColorIndex
 90
        5
102
RTVSPost2010Prop44ColorRGB
 90
      255
102
RTVSPost2010PropOp44
 70
     0
102
RTVSPost2010Prop45
280
     0
102
RTVSPost2010PropOp45
 70
     0
102
RTVSPost2010Prop46
 90
       50
102
RTVSPost2010PropOp46
 70
     0
102
RTVSPost2010Prop47
 90
       50
102
RTVSPost2010PropOp47
 70
     0
102
RTVSPost2010Prop48
 90
       50
102
RTVSPost2010PropOp48
 70
     0
102
RTVSPost2010Prop49
280
     0
102
RTVSPost2010PropOp49
 70
     0
102
RTVSPost2010Prop50
 90
       50
102
RTVSPost2010PropOp50
 70
     0
102
RTVSPost2010Prop51ColorIndex
 90
      256
102
RTVSPost2010Prop51ColorRGB
 90
-16777216
102
RTVSPost2010PropOp51
 70
     0
102
RTVSPost2010Prop52
140
1.0
102
RTVSPost2010PropOp52
 70
     0
102
RTVSPost2010Prop53
 90
        2
102
RTVSPost2010PropOp53
 70
     0
102
RTVSPost2010Prop54
  1
strokes_ogs.tif
102
RTVSPost2010PropOp54
 70
     0
102
RTVSPost2010Prop55
280
     0
102
RTVSPost2010PropOp55
 70
     0
102
RTVSPost2010Prop56
140
1.0
102
RTVSPost2010PropOp56
 70
     0
102
RTVSPost2010Prop57
140
1.0
102
RTVSPost2010PropOp57
 70
     0
  0
XRECORD
  5
B1
102
{ACAD_REACTORS
330
B0
102
}
330
B0
100
AcDbXrecord
280
     1
102
RTVSPropertyOp0
 70
     1
102
RTVSPropertyOp1
 70
     1
102
RTVSPropertyOp2
 70
     1
102
RTVSPropertyOp3
 70
     1
102
RTVSPropertyOp4
 70
     1
102
RTVSPropertyOp5
 70
     1
102
RTVSPropertyOp6
 70
     1
102
RTVSPropertyOp7
 70
     1
102
RTVSPropertyOp8
 70
     1
102
RTVSPropertyOp9
 70
     1
102
RTVSPropertyOp10
 70
     1
102
RTVSPropertyOp11
 70
     1
102
RTVSPropertyOp12
 70
     1
102
RTVSPropertyOp13
 70
     1
102
RTVSPropertyOp14
 70
     1
102
RTVSPropertyOp15
 70
     1
102
RTVSPropertyOp16
 70
     1
102
RTVSPropertyOp17
 70
     1
102
RTVSPropertyOp18
 70
     1
102
RTVSPropertyOp19
 70
     1
102
RTVSPropertyOp20
 70
     1
102
RTVSPropertyOp21
 70
     1
102
RTVSPropertyOp22
 70
     1
102
RTVSPropertyOp23
 70
     1
102
RTVSPropertyOp24
 70
     1
102
RTVSPropertyOp25
 70
     1
102
RTVSPropertyOp26
 70
     1
102
RTVSPropertyOp27
 70
     1
102
RTVSPropertyOp28
 70
     1
102
RTVSPropertyOp29
 70
     1
102
RTVSPropertyOp30
 70
     1
102
RTVSPropertyOp31
 70
     1
102
RTVSPropertyOp32
 70
     1
102
RTVSPropertyOp33
 70
     1
102
RTVSPropertyOp34
 70
     1
102
RTVSPropertyOp35
 70
     1
102
RTVSPropertyOp36
 70
     1
102
RTVSPropertyOp37
 70
     1
102
RTVSPropertyOp38
 70
     1
102
RTVSPropertyOp39
 70
     1
102
RTVSPropertyOp40
 70
     1
102
RTVSPropertyOp41
 70
     1
102
RTVSPropertyOp42
 70
     1
102
RTVSPropertyOp43
 70
     1
102
RTVSPropertyOp44
 70
     1
102
RTVSPropertyOp45
 70
     1
102
RTVSPropertyOp46
 70
     1
102
RTVSPropertyOp47
 70
     1
102
RTVSPropertyOp48
 70
     1
102
RTVSPropertyOp49
 70
     1
102
RTVSPropertyOp50
 70
     1
102
RTVSPropertyOp51
 70
     0
102
RTVSPropertyOp52
 70
     0
102
RTVSPropertyOp53
 70
     1
102
RTVSPropertyOp54
 70
     1
102
RTVSPropertyOp55
 70
     1
102
RTVSPropertyOp56
 70
     1
102
RTVSPropertyOp57
 70
     1
102
RTVSPost2010Prop28
280
     0
102
RTVSPost2010PropOp28
 70
     1
102
RTVSPost2010Prop29
280
     1
102
RTVSPost2010PropOp29
 70
     1
102
RTVSPost2010Prop30
280
     1
102
RTVSPost2010PropOp30
 70
     1
102
RTVSPost2010Prop31
280
     0
102
RTVSPost2010PropOp31
 70
     1
102
RTVSPost2010Prop32
280
     0
102
RTVSPost2010PropOp32
 70
     1
102
RTVSPost2010Prop33
280
     0
102
RTVSPost2010PropOp33
 70
     1
102
RTVSPost2010Prop34
280
     0
102
RTVSPost2010PropOp34
 70
     1
102
RTVSPost2010Prop35
280
     0
102
RTVSPost2010PropOp35
 70
     1
102
RTVSPost2010Prop36
280
     0
102
RTVSPost2010PropOp36
 70
     1
102
RTVSPost2010Prop37
 90
       50
102
RTVSPost2010PropOp37
 70
     1
102
RTVSPost2010Prop38
140
0.0
102
RTVSPost2010PropOp38
 70
     1
102
RTVSPost2010Prop39
140
1.0
102
RTVSPost2010PropOp39
 70
     1
102
RTVSPost2010Prop40
 90
        0
102
RTVSPost2010PropOp40
 70
     1
102
RTVSPost2010Prop41ColorIndex
 90
       18
102
RTVSPost2010Prop41ColorRGB
 90
        0
102
RTVSPost2010PropOp41
 70
     1
102
RTVSPost2010Prop42
 90
       50
102
RTVSPost2010PropOp42
 70
     1
102
RTVSPost2010Prop43
 90
        3
102
RTVSPost2010PropOp43
 70
     1
102
RTVSPost2010Prop44ColorIndex
 90
        5
102
RTVSPost2010Prop44ColorRGB
 90
      255
102
RTVSPost2010PropOp44
 70
     1
102
RTVSPost2010Prop45
280
     0
102
RTVSPost2010PropOp45
 70
     1
102
RTVSPost2010Prop46
 90
       50
102
RTVSPost2010PropOp46
 70
     1
102
RTVSPost2010Prop47
 90
       50
102
RTVSPost2010PropOp47
 70
     1
102
RTVSPost2010Prop48
 90
       50
102
RTVSPost2010PropOp48
 70
     1
102
RTVSPost2010Prop49
280
     0
102
RTVSPost2010PropOp49
 70
     1
102
RTVSPost2010Prop50
 90
       50
102
RTVSPost2010PropOp50
 70
     1
102
RTVSPost2010Prop51ColorIndex
 90
      256
102
RTVSPost2010Prop51ColorRGB
 90
-16777216
102
RTVSPost2010PropOp51
 70
     0
102
RTVSPost2010Prop52
140
1.0
102
RTVSPost2010PropOp52
 70
     0
102
RTVSPost2010Prop53
 90
        2
102
RTVSPost2010PropOp53
 70
     1
102
RTVSPost2010Prop54
  1
strokes_ogs.tif
102
RTVSPost2010PropOp54
 70
     1
102
RTVSPost2010Prop55
280
     0
102
RTVSPost2010PropOp55
 70
     1
102
RTVSPost2010Prop56
140
1.0
102
RTVSPost2010PropOp56
 70
     1
102
RTVSPost2010Prop57
140
1.0
102
RTVSPost2010PropOp57
 70
     1
  0
XRECORD
  5
CF
102
{ACAD_REACTORS
330
CE
102
}
330
CE
100
AcDbXrecord
280
     1
102
RTVSPropertyOp0
 70
     1
102
RTVSPropertyOp1
 70
     1
102
RTVSPropertyOp2
 70
     1
102
RTVSPropertyOp3
 70
     1
102
RTVSPropertyOp4
 70
     1
102
RTVSPropertyOp5
 70
     1
102
RTVSPropertyOp6
 70
     1
102
RTVSPropertyOp7
 70
     1
102
RTVSPropertyOp8
 70
     1
102
RTVSPropertyOp9
 70
     1
102
RTVSPropertyOp10
 70
     1
102
RTVSPropertyOp11
 70
     1
102
RTVSPropertyOp12
 70
     1
102
RTVSPropertyOp13
 70
     1
102
RTVSPropertyOp14
 70
     1
102
RTVSPropertyOp15
 70
     1
102
RTVSPropertyOp16
 70
     1
102
RTVSPropertyOp17
 70
     1
102
RTVSPropertyOp18
 70
     1
102
RTVSPropertyOp19
 70
     1
102
RTVSPropertyOp20
 70
     1
102
RTVSPropertyOp21
 70
     1
102
RTVSPropertyOp22
 70
     1
102
RTVSPropertyOp23
 70
     1
102
RTVSPropertyOp24
 70
     1
102
RTVSPropertyOp25
 70
     1
102
RTVSPropertyOp26
 70
     1
102
RTVSPropertyOp27
 70
     1
102
RTVSPropertyOp28
 70
     1
102
RTVSPropertyOp29
 70
     1
102
RTVSPropertyOp30
 70
     1
102
RTVSPropertyOp31
 70
     1
102
RTVSPropertyOp32
 70
     1
102
RTVSPropertyOp33
 70
     1
102
RTVSPropertyOp34
 70
     1
102
RTVSPropertyOp35
 70
     1
102
RTVSPropertyOp36
 70
     1
102
RTVSPropertyOp37
 70
     1
102
RTVSPropertyOp38
 70
     1
102
RTVSPropertyOp39
 70
     1
102
RTVSPropertyOp40
 70
     1
102
RTVSPropertyOp41
 70
     1
102
RTVSPropertyOp42
 70
     1
102
RTVSPropertyOp43
 70
     1
102
RTVSPropertyOp44
 70
     1
102
RTVSPropertyOp45
 70
     1
102
RTVSPropertyOp46
 70
     1
102
RTVSPropertyOp47
 70
     1
102
RTVSPropertyOp48
 70
     1
102
RTVSPropertyOp49
 70
     1
102
RTVSPropertyOp50
 70
     1
102
RTVSPropertyOp51
 70
     0
102
RTVSPropertyOp52
 70
     0
102
RTVSPropertyOp53
 70
     1
102
RTVSPropertyOp54
 70
     1
102
RTVSPropertyOp55
 70
     1
102
RTVSPropertyOp56
 70
     1
102
RTVSPropertyOp57
 70
     1
102
RTVSPost2010Prop28
280
     0
102
RTVSPost2010PropOp28
 70
     1
102
RTVSPost2010Prop29
280
     1
102
RTVSPost2010PropOp29
 70
     1
102
RTVSPost2010Prop30
280
     1
102
RTVSPost2010PropOp30
 70
     1
102
RTVSPost2010Prop31
280
     0
102
RTVSPost2010PropOp31
 70
     1
102
RTVSPost2010Prop32
280
     0
102
RTVSPost2010PropOp32
 70
     1
102
RTVSPost2010Prop33
280
     0
102
RTVSPost2010PropOp33
 70
     1
102
RTVSPost2010Prop34
280
     0
102
RTVSPost2010PropOp34
 70
     1
102
RTVSPost2010Prop35
280
     0
102
RTVSPost2010PropOp35
 70
     1
102
RTVSPost2010Prop36
280
     0
102
RTVSPost2010PropOp36
 70
     1
102
RTVSPost2010Prop37
 90
       50
102
RTVSPost2010PropOp37
 70
     1
102
RTVSPost2010Prop38
140
0.0
102
RTVSPost2010PropOp38
 70
     1
102
RTVSPost2010Prop39
140
1.0
102
RTVSPost2010PropOp39
 70
     1
102
RTVSPost2010Prop40
 90
        0
102
RTVSPost2010PropOp40
 70
     1
102
RTVSPost2010Prop41ColorIndex
 90
       18
102
RTVSPost2010Prop41ColorRGB
 90
        0
102
RTVSPost2010PropOp41
 70
     1
102
RTVSPost2010Prop42
 90
       50
102
RTVSPost2010PropOp42
 70
     1
102
RTVSPost2010Prop43
 90
        3
102
RTVSPost2010PropOp43
 70
     1
102
RTVSPost2010Prop44ColorIndex
 90
        5
102
RTVSPost2010Prop44ColorRGB
 90
      255
102
RTVSPost2010PropOp44
 70
     1
102
RTVSPost2010Prop45
280
     0
102
RTVSPost2010PropOp45
 70
     1
102
RTVSPost2010Prop46
 90
       50
102
RTVSPost2010PropOp46
 70
     1
102
RTVSPost2010Prop47
 90
       50
102
RTVSPost2010PropOp47
 70
     1
102
RTVSPost2010Prop48
 90
       50
102
RTVSPost2010PropOp48
 70
     1
102
RTVSPost2010Prop49
280
     0
102
RTVSPost2010PropOp49
 70
     1
102
RTVSPost2010Prop50
 90
       50
102
RTVSPost2010PropOp50
 70
     1
102
RTVSPost2010Prop51ColorIndex
 90
      256
102
RTVSPost2010Prop51ColorRGB
 90
-16777216
102
RTVSPost2010PropOp51
 70
     0
102
RTVSPost2010Prop52
140
1.0
102
RTVSPost2010PropOp52
 70
     0
102
RTVSPost2010Prop53
 90
        2
102
RTVSPost2010PropOp53
 70
     1
102
RTVSPost2010Prop54
  1
strokes_ogs.tif
102
RTVSPost2010PropOp54
 70
     1
102
RTVSPost2010Prop55
280
     0
102
RTVSPost2010PropOp55
 70
     1
102
RTVSPost2010Prop56
140
1.0
102
RTVSPost2010PropOp56
 70
     1
102
RTVSPost2010Prop57
140
1.0
102
RTVSPost2010PropOp57
 70
     1
  0
XRECORD
  5
CD
102
{ACAD_REACTORS
330
CC
102
}
330
CC
100
AcDbXrecord
280
     1
102
RTVSPropertyOp0
 70
     1
102
RTVSPropertyOp1
 70
     1
102
RTVSPropertyOp2
 70
     1
102
RTVSPropertyOp3
 70
     1
102
RTVSPropertyOp4
 70
     1
102
RTVSPropertyOp5
 70
     1
102
RTVSPropertyOp6
 70
     1
102
RTVSPropertyOp7
 70
     1
102
RTVSPropertyOp8
 70
     1
102
RTVSPropertyOp9
 70
     1
102
RTVSPropertyOp10
 70
     1
102
RTVSPropertyOp11
 70
     1
102
RTVSPropertyOp12
 70
     1
102
RTVSPropertyOp13
 70
     1
102
RTVSPropertyOp14
 70
     1
102
RTVSPropertyOp15
 70
     1
102
RTVSPropertyOp16
 70
     1
102
RTVSPropertyOp17
 70
     1
102
RTVSPropertyOp18
 70
     1
102
RTVSPropertyOp19
 70
     1
102
RTVSPropertyOp20
 70
     1
102
RTVSPropertyOp21
 70
     1
102
RTVSPropertyOp22
 70
     1
102
RTVSPropertyOp23
 70
     1
102
RTVSPropertyOp24
 70
     1
102
RTVSPropertyOp25
 70
     1
102
RTVSPropertyOp26
 70
     1
102
RTVSPropertyOp27
 70
     1
102
RTVSPropertyOp28
 70
     1
102
RTVSPropertyOp29
 70
     1
102
RTVSPropertyOp30
 70
     1
102
RTVSPropertyOp31
 70
     1
102
RTVSPropertyOp32
 70
     1
102
RTVSPropertyOp33
 70
     1
102
RTVSPropertyOp34
 70
     1
102
RTVSPropertyOp35
 70
     1
102
RTVSPropertyOp36
 70
     1
102
RTVSPropertyOp37
 70
     1
102
RTVSPropertyOp38
 70
     1
102
RTVSPropertyOp39
 70
     1
102
RTVSPropertyOp40
 70
     1
102
RTVSPropertyOp41
 70
     1
102
RTVSPropertyOp42
 70
     1
102
RTVSPropertyOp43
 70
     1
102
RTVSPropertyOp44
 70
     1
102
RTVSPropertyOp45
 70
     1
102
RTVSPropertyOp46
 70
     1
102
RTVSPropertyOp47
 70
     1
102
RTVSPropertyOp48
 70
     1
102
RTVSPropertyOp49
 70
     1
102
RTVSPropertyOp50
 70
     1
102
RTVSPropertyOp51
 70
     0
102
RTVSPropertyOp52
 70
     0
102
RTVSPropertyOp53
 70
     1
102
RTVSPropertyOp54
 70
     1
102
RTVSPropertyOp55
 70
     1
102
RTVSPropertyOp56
 70
     1
102
RTVSPropertyOp57
 70
     1
102
RTVSPost2010Prop28
280
     0
102
RTVSPost2010PropOp28
 70
     1
102
RTVSPost2010Prop29
280
     1
102
RTVSPost2010PropOp29
 70
     1
102
RTVSPost2010Prop30
280
     1
102
RTVSPost2010PropOp30
 70
     1
102
RTVSPost2010Prop31
280
     0
102
RTVSPost2010PropOp31
 70
     1
102
RTVSPost2010Prop32
280
     0
102
RTVSPost2010PropOp32
 70
     1
102
RTVSPost2010Prop33
280
     0
102
RTVSPost2010PropOp33
 70
     1
102
RTVSPost2010Prop34
280
     0
102
RTVSPost2010PropOp34
 70
     1
102
RTVSPost2010Prop35
280
     0
102
RTVSPost2010PropOp35
 70
     1
102
RTVSPost2010Prop36
280
     0
102
RTVSPost2010PropOp36
 70
     1
102
RTVSPost2010Prop37
 90
       50
102
RTVSPost2010PropOp37
 70
     1
102
RTVSPost2010Prop38
140
0.0
102
RTVSPost2010PropOp38
 70
     1
102
RTVSPost2010Prop39
140
1.0
102
RTVSPost2010PropOp39
 70
     1
102
RTVSPost2010Prop40
 90
        0
102
RTVSPost2010PropOp40
 70
     1
102
RTVSPost2010Prop41ColorIndex
 90
       18
102
RTVSPost2010Prop41ColorRGB
 90
        0
102
RTVSPost2010PropOp41
 70
     1
102
RTVSPost2010Prop42
 90
       50
102
RTVSPost2010PropOp42
 70
     1
102
RTVSPost2010Prop43
 90
        3
102
RTVSPost2010PropOp43
 70
     1
102
RTVSPost2010Prop44ColorIndex
 90
        5
102
RTVSPost2010Prop44ColorRGB
 90
      255
102
RTVSPost2010PropOp44
 70
     1
102
RTVSPost2010Prop45
280
     0
102
RTVSPost2010PropOp45
 70
     1
102
RTVSPost2010Prop46
 90
       50
102
RTVSPost2010PropOp46
 70
     1
102
RTVSPost2010Prop47
 90
       50
102
RTVSPost2010PropOp47
 70
     1
102
RTVSPost2010Prop48
 90
       50
102
RTVSPost2010PropOp48
 70
     1
102
RTVSPost2010Prop49
280
     0
102
RTVSPost2010PropOp49
 70
     1
102
RTVSPost2010Prop50
 90
       50
102
RTVSPost2010PropOp50
 70
     1
102
RTVSPost2010Prop51ColorIndex
 90
      256
102
RTVSPost2010Prop51ColorRGB
 90
-16777216
102
RTVSPost2010PropOp51
 70
     0
102
RTVSPost2010Prop52
140
1.0
102
RTVSPost2010PropOp52
 70
     0
102
RTVSPost2010Prop53
 90
        2
102
RTVSPost2010PropOp53
 70
     1
102
RTVSPost2010Prop54
  1
strokes_ogs.tif
102
RTVSPost2010PropOp54
 70
     1
102
RTVSPost2010Prop55
280
     0
102
RTVSPost2010PropOp55
 70
     1
102
RTVSPost2010Prop56
140
1.0
102
RTVSPost2010PropOp56
 70
     1
102
RTVSPost2010Prop57
140
1.0
102
RTVSPost2010PropOp57
 70
     1
  0
XRECORD
  5
C7
102
{ACAD_REACTORS
330
C6
102
}
330
C6
100
AcDbXrecord
280
     1
102
RTVSPropertyOp0
 70
     1
102
RTVSPropertyOp1
 70
     1
102
RTVSPropertyOp2
 70
     1
102
RTVSPropertyOp3
 70
     1
102
RTVSPropertyOp4
 70
     1
102
RTVSPropertyOp5
 70
     1
102
RTVSPropertyOp6
 70
     1
102
RTVSPropertyOp7
 70
     1
102
RTVSPropertyOp8
 70
     1
102
RTVSPropertyOp9
 70
     1
102
RTVSPropertyOp10
 70
     1
102
RTVSPropertyOp11
 70
     1
102
RTVSPropertyOp12
 70
     1
102
RTVSPropertyOp13
 70
     1
102
RTVSPropertyOp14
 70
     1
102
RTVSPropertyOp15
 70
     1
102
RTVSPropertyOp16
 70
     1
102
RTVSPropertyOp17
 70
     1
102
RTVSPropertyOp18
 70
     1
102
RTVSPropertyOp19
 70
     1
102
RTVSPropertyOp20
 70
     1
102
RTVSPropertyOp21
 70
     1
102
RTVSPropertyOp22
 70
     1
102
RTVSPropertyOp23
 70
     1
102
RTVSPropertyOp24
 70
     1
102
RTVSPropertyOp25
 70
     1
102
RTVSPropertyOp26
 70
     1
102
RTVSPropertyOp27
 70
     1
102
RTVSPropertyOp28
 70
     1
102
RTVSPropertyOp29
 70
     1
102
RTVSPropertyOp30
 70
     1
102
RTVSPropertyOp31
 70
     1
102
RTVSPropertyOp32
 70
     1
102
RTVSPropertyOp33
 70
     1
102
RTVSPropertyOp34
 70
     1
102
RTVSPropertyOp35
 70
     1
102
RTVSPropertyOp36
 70
     1
102
RTVSPropertyOp37
 70
     1
102
RTVSPropertyOp38
 70
     1
102
RTVSPropertyOp39
 70
     1
102
RTVSPropertyOp40
 70
     1
102
RTVSPropertyOp41
 70
     1
102
RTVSPropertyOp42
 70
     1
102
RTVSPropertyOp43
 70
     1
102
RTVSPropertyOp44
 70
     1
102
RTVSPropertyOp45
 70
     1
102
RTVSPropertyOp46
 70
     1
102
RTVSPropertyOp47
 70
     1
102
RTVSPropertyOp48
 70
     1
102
RTVSPropertyOp49
 70
     1
102
RTVSPropertyOp50
 70
     1
102
RTVSPropertyOp51
 70
     0
102
RTVSPropertyOp52
 70
     0
102
RTVSPropertyOp53
 70
     1
102
RTVSPropertyOp54
 70
     1
102
RTVSPropertyOp55
 70
     1
102
RTVSPropertyOp56
 70
     1
102
RTVSPropertyOp57
 70
     1
102
RTVSPost2010Prop28
280
     0
102
RTVSPost2010PropOp28
 70
     1
102
RTVSPost2010Prop29
280
     1
102
RTVSPost2010PropOp29
 70
     1
102
RTVSPost2010Prop30
280
     1
102
RTVSPost2010PropOp30
 70
     1
102
RTVSPost2010Prop31
280
     0
102
RTVSPost2010PropOp31
 70
     1
102
RTVSPost2010Prop32
280
     0
102
RTVSPost2010PropOp32
 70
     1
102
RTVSPost2010Prop33
280
     0
102
RTVSPost2010PropOp33
 70
     1
102
RTVSPost2010Prop34
280
     0
102
RTVSPost2010PropOp34
 70
     1
102
RTVSPost2010Prop35
280
     0
102
RTVSPost2010PropOp35
 70
     1
102
RTVSPost2010Prop36
280
     0
102
RTVSPost2010PropOp36
 70
     1
102
RTVSPost2010Prop37
 90
       50
102
RTVSPost2010PropOp37
 70
     1
102
RTVSPost2010Prop38
140
0.0
102
RTVSPost2010PropOp38
 70
     1
102
RTVSPost2010Prop39
140
1.0
102
RTVSPost2010PropOp39
 70
     1
102
RTVSPost2010Prop40
 90
        0
102
RTVSPost2010PropOp40
 70
     1
102
RTVSPost2010Prop41ColorIndex
 90
       18
102
RTVSPost2010Prop41ColorRGB
 90
        0
102
RTVSPost2010PropOp41
 70
     1
102
RTVSPost2010Prop42
 90
       50
102
RTVSPost2010PropOp42
 70
     1
102
RTVSPost2010Prop43
 90
        3
102
RTVSPost2010PropOp43
 70
     1
102
RTVSPost2010Prop44ColorIndex
 90
        5
102
RTVSPost2010Prop44ColorRGB
 90
      255
102
RTVSPost2010PropOp44
 70
     1
102
RTVSPost2010Prop45
280
     0
102
RTVSPost2010PropOp45
 70
     1
102
RTVSPost2010Prop46
 90
       50
102
RTVSPost2010PropOp46
 70
     1
102
RTVSPost2010Prop47
 90
       50
102
RTVSPost2010PropOp47
 70
     1
102
RTVSPost2010Prop48
 90
       50
102
RTVSPost2010PropOp48
 70
     1
102
RTVSPost2010Prop49
280
     0
102
RTVSPost2010PropOp49
 70
     1
102
RTVSPost2010Prop50
 90
       50
102
RTVSPost2010PropOp50
 70
     1
102
RTVSPost2010Prop51ColorIndex
 90
      256
102
RTVSPost2010Prop51ColorRGB
 90
-16777216
102
RTVSPost2010PropOp51
 70
     0
102
RTVSPost2010Prop52
140
1.0
102
RTVSPost2010PropOp52
 70
     0
102
RTVSPost2010Prop53
 90
        2
102
RTVSPost2010PropOp53
 70
     1
102
RTVSPost2010Prop54
  1
strokes_ogs.tif
102
RTVSPost2010PropOp54
 70
     1
102
RTVSPost2010Prop55
280
     0
102
RTVSPost2010PropOp55
 70
     1
102
RTVSPost2010Prop56
140
1.0
102
RTVSPost2010PropOp56
 70
     1
102
RTVSPost2010Prop57
140
1.0
102
RTVSPost2010PropOp57
 70
     1
  0
XRECORD
  5
C9
102
{ACAD_REACTORS
330
C8
102
}
330
C8
100
AcDbXrecord
280
     1
102
RTVSPropertyOp0
 70
     1
102
RTVSPropertyOp1
 70
     1
102
RTVSPropertyOp2
 70
     1
102
RTVSPropertyOp3
 70
     1
102
RTVSPropertyOp4
 70
     1
102
RTVSPropertyOp5
 70
     1
102
RTVSPropertyOp6
 70
     1
102
RTVSPropertyOp7
 70
     1
102
RTVSPropertyOp8
 70
     1
102
RTVSPropertyOp9
 70
     1
102
RTVSPropertyOp10
 70
     1
102
RTVSPropertyOp11
 70
     1
102
RTVSPropertyOp12
 70
     1
102
RTVSPropertyOp13
 70
     1
102
RTVSPropertyOp14
 70
     1
102
RTVSPropertyOp15
 70
     1
102
RTVSPropertyOp16
 70
     1
102
RTVSPropertyOp17
 70
     1
102
RTVSPropertyOp18
 70
     1
102
RTVSPropertyOp19
 70
     1
102
RTVSPropertyOp20
 70
     1
102
RTVSPropertyOp21
 70
     1
102
RTVSPropertyOp22
 70
     1
102
RTVSPropertyOp23
 70
     1
102
RTVSPropertyOp24
 70
     1
102
RTVSPropertyOp25
 70
     1
102
RTVSPropertyOp26
 70
     1
102
RTVSPropertyOp27
 70
     1
102
RTVSPropertyOp28
 70
     1
102
RTVSPropertyOp29
 70
     1
102
RTVSPropertyOp30
 70
     1
102
RTVSPropertyOp31
 70
     1
102
RTVSPropertyOp32
 70
     1
102
RTVSPropertyOp33
 70
     1
102
RTVSPropertyOp34
 70
     1
102
RTVSPropertyOp35
 70
     1
102
RTVSPropertyOp36
 70
     1
102
RTVSPropertyOp37
 70
     1
102
RTVSPropertyOp38
 70
     1
102
RTVSPropertyOp39
 70
     1
102
RTVSPropertyOp40
 70
     1
102
RTVSPropertyOp41
 70
     1
102
RTVSPropertyOp42
 70
     1
102
RTVSPropertyOp43
 70
     1
102
RTVSPropertyOp44
 70
     1
102
RTVSPropertyOp45
 70
     1
102
RTVSPropertyOp46
 70
     1
102
RTVSPropertyOp47
 70
     1
102
RTVSPropertyOp48
 70
     1
102
RTVSPropertyOp49
 70
     1
102
RTVSPropertyOp50
 70
     1
102
RTVSPropertyOp51
 70
     0
102
RTVSPropertyOp52
 70
     0
102
RTVSPropertyOp53
 70
     1
102
RTVSPropertyOp54
 70
     1
102
RTVSPropertyOp55
 70
     1
102
RTVSPropertyOp56
 70
     1
102
RTVSPropertyOp57
 70
     1
102
RTVSPost2010Prop28
280
     0
102
RTVSPost2010PropOp28
 70
     1
102
RTVSPost2010Prop29
280
     1
102
RTVSPost2010PropOp29
 70
     1
102
RTVSPost2010Prop30
280
     1
102
RTVSPost2010PropOp30
 70
     1
102
RTVSPost2010Prop31
280
     0
102
RTVSPost2010PropOp31
 70
     1
102
RTVSPost2010Prop32
280
     0
102
RTVSPost2010PropOp32
 70
     1
102
RTVSPost2010Prop33
280
     0
102
RTVSPost2010PropOp33
 70
     1
102
RTVSPost2010Prop34
280
     0
102
RTVSPost2010PropOp34
 70
     1
102
RTVSPost2010Prop35
280
     0
102
RTVSPost2010PropOp35
 70
     1
102
RTVSPost2010Prop36
280
     0
102
RTVSPost2010PropOp36
 70
     1
102
RTVSPost2010Prop37
 90
       50
102
RTVSPost2010PropOp37
 70
     1
102
RTVSPost2010Prop38
140
0.0
102
RTVSPost2010PropOp38
 70
     1
102
RTVSPost2010Prop39
140
1.0
102
RTVSPost2010PropOp39
 70
     1
102
RTVSPost2010Prop40
 90
        0
102
RTVSPost2010PropOp40
 70
     1
102
RTVSPost2010Prop41ColorIndex
 90
       18
102
RTVSPost2010Prop41ColorRGB
 90
        0
102
RTVSPost2010PropOp41
 70
     1
102
RTVSPost2010Prop42
 90
       50
102
RTVSPost2010PropOp42
 70
     1
102
RTVSPost2010Prop43
 90
        3
102
RTVSPost2010PropOp43
 70
     1
102
RTVSPost2010Prop44ColorIndex
 90
        5
102
RTVSPost2010Prop44ColorRGB
 90
      255
102
RTVSPost2010PropOp44
 70
     1
102
RTVSPost2010Prop45
280
     0
102
RTVSPost2010PropOp45
 70
     1
102
RTVSPost2010Prop46
 90
       50
102
RTVSPost2010PropOp46
 70
     1
102
RTVSPost2010Prop47
 90
       50
102
RTVSPost2010PropOp47
 70
     1
102
RTVSPost2010Prop48
 90
       50
102
RTVSPost2010PropOp48
 70
     1
102
RTVSPost2010Prop49
280
     0
102
RTVSPost2010PropOp49
 70
     1
102
RTVSPost2010Prop50
 90
       50
102
RTVSPost2010PropOp50
 70
     1
102
RTVSPost2010Prop51ColorIndex
 90
      256
102
RTVSPost2010Prop51ColorRGB
 90
-16777216
102
RTVSPost2010PropOp51
 70
     0
102
RTVSPost2010Prop52
140
1.0
102
RTVSPost2010PropOp52
 70
     0
102
RTVSPost2010Prop53
 90
        2
102
RTVSPost2010PropOp53
 70
     1
102
RTVSPost2010Prop54
  1
strokes_ogs.tif
102
RTVSPost2010PropOp54
 70
     1
102
RTVSPost2010Prop55
280
     0
102
RTVSPost2010PropOp55
 70
     1
102
RTVSPost2010Prop56
140
1.0
102
RTVSPost2010PropOp56
 70
     1
102
RTVSPost2010Prop57
140
1.0
102
RTVSPost2010PropOp57
 70
     1
  0
XRECORD
  5
B9
102
{ACAD_REACTORS
330
B8
102
}
330
B8
100
AcDbXrecord
280
     1
102
RTVSPropertyOp0
 70
     1
102
RTVSPropertyOp1
 70
     1
102
RTVSPropertyOp2
 70
     1
102
RTVSPropertyOp3
 70
     1
102
RTVSPropertyOp4
 70
     1
102
RTVSPropertyOp5
 70
     1
102
RTVSPropertyOp6
 70
     1
102
RTVSPropertyOp7
 70
     1
102
RTVSPropertyOp8
 70
     1
102
RTVSPropertyOp9
 70
     1
102
RTVSPropertyOp10
 70
     1
102
RTVSPropertyOp11
 70
     1
102
RTVSPropertyOp12
 70
     1
102
RTVSPropertyOp13
 70
     1
102
RTVSPropertyOp14
 70
     1
102
RTVSPropertyOp15
 70
     1
102
RTVSPropertyOp16
 70
     1
102
RTVSPropertyOp17
 70
     1
102
RTVSPropertyOp18
 70
     1
102
RTVSPropertyOp19
 70
     1
102
RTVSPropertyOp20
 70
     1
102
RTVSPropertyOp21
 70
     1
102
RTVSPropertyOp22
 70
     1
102
RTVSPropertyOp23
 70
     1
102
RTVSPropertyOp24
 70
     1
102
RTVSPropertyOp25
 70
     1
102
RTVSPropertyOp26
 70
     1
102
RTVSPropertyOp27
 70
     1
102
RTVSPropertyOp28
 70
     1
102
RTVSPropertyOp29
 70
     1
102
RTVSPropertyOp30
 70
     1
102
RTVSPropertyOp31
 70
     1
102
RTVSPropertyOp32
 70
     1
102
RTVSPropertyOp33
 70
     1
102
RTVSPropertyOp34
 70
     1
102
RTVSPropertyOp35
 70
     1
102
RTVSPropertyOp36
 70
     1
102
RTVSPropertyOp37
 70
     1
102
RTVSPropertyOp38
 70
     1
102
RTVSPropertyOp39
 70
     1
102
RTVSPropertyOp40
 70
     1
102
RTVSPropertyOp41
 70
     1
102
RTVSPropertyOp42
 70
     1
102
RTVSPropertyOp43
 70
     1
102
RTVSPropertyOp44
 70
     1
102
RTVSPropertyOp45
 70
     1
102
RTVSPropertyOp46
 70
     1
102
RTVSPropertyOp47
 70
     1
102
RTVSPropertyOp48
 70
     1
102
RTVSPropertyOp49
 70
     1
102
RTVSPropertyOp50
 70
     1
102
RTVSPropertyOp51
 70
     0
102
RTVSPropertyOp52
 70
     0
102
RTVSPropertyOp53
 70
     1
102
RTVSPropertyOp54
 70
     1
102
RTVSPropertyOp55
 70
     1
102
RTVSPropertyOp56
 70
     1
102
RTVSPropertyOp57
 70
     1
102
RTVSPost2010Prop28
280
     0
102
RTVSPost2010PropOp28
 70
     1
102
RTVSPost2010Prop29
280
     1
102
RTVSPost2010PropOp29
 70
     1
102
RTVSPost2010Prop30
280
     1
102
RTVSPost2010PropOp30
 70
     1
102
RTVSPost2010Prop31
280
     0
102
RTVSPost2010PropOp31
 70
     1
102
RTVSPost2010Prop32
280
     0
102
RTVSPost2010PropOp32
 70
     1
102
RTVSPost2010Prop33
280
     0
102
RTVSPost2010PropOp33
 70
     1
102
RTVSPost2010Prop34
280
     0
102
RTVSPost2010PropOp34
 70
     1
102
RTVSPost2010Prop35
280
     0
102
RTVSPost2010PropOp35
 70
     1
102
RTVSPost2010Prop36
280
     0
102
RTVSPost2010PropOp36
 70
     1
102
RTVSPost2010Prop37
 90
       50
102
RTVSPost2010PropOp37
 70
     1
102
RTVSPost2010Prop38
140
0.0
102
RTVSPost2010PropOp38
 70
     1
102
RTVSPost2010Prop39
140
1.0
102
RTVSPost2010PropOp39
 70
     1
102
RTVSPost2010Prop40
 90
        0
102
RTVSPost2010PropOp40
 70
     1
102
RTVSPost2010Prop41ColorIndex
 90
       18
102
RTVSPost2010Prop41ColorRGB
 90
        0
102
RTVSPost2010PropOp41
 70
     1
102
RTVSPost2010Prop42
 90
       50
102
RTVSPost2010PropOp42
 70
     1
102
RTVSPost2010Prop43
 90
        3
102
RTVSPost2010PropOp43
 70
     1
102
RTVSPost2010Prop44ColorIndex
 90
        5
102
RTVSPost2010Prop44ColorRGB
 90
      255
102
RTVSPost2010PropOp44
 70
     1
102
RTVSPost2010Prop45
280
     0
102
RTVSPost2010PropOp45
 70
     1
102
RTVSPost2010Prop46
 90
       50
102
RTVSPost2010PropOp46
 70
     1
102
RTVSPost2010Prop47
 90
       50
102
RTVSPost2010PropOp47
 70
     1
102
RTVSPost2010Prop48
 90
       50
102
RTVSPost2010PropOp48
 70
     1
102
RTVSPost2010Prop49
280
     0
102
RTVSPost2010PropOp49
 70
     1
102
RTVSPost2010Prop50
 90
       50
102
RTVSPost2010PropOp50
 70
     1
102
RTVSPost2010Prop51ColorIndex
 90
      256
102
RTVSPost2010Prop51ColorRGB
 90
-16777216
102
RTVSPost2010PropOp51
 70
     0
102
RTVSPost2010Prop52
140
1.0
102
RTVSPost2010PropOp52
 70
     0
102
RTVSPost2010Prop53
 90
        2
102
RTVSPost2010PropOp53
 70
     1
102
RTVSPost2010Prop54
  1
strokes_ogs.tif
102
RTVSPost2010PropOp54
 70
     1
102
RTVSPost2010Prop55
280
     0
102
RTVSPost2010PropOp55
 70
     1
102
RTVSPost2010Prop56
140
1.0
102
RTVSPost2010PropOp56
 70
     1
102
RTVSPost2010Prop57
140
1.0
102
RTVSPost2010PropOp57
 70
     1
  0
XRECORD
  5
AB
102
{ACAD_REACTORS
330
AA
102
}
330
AA
100
AcDbXrecord
280
     1
102
RTVSPropertyOp0
 70
     1
102
RTVSPropertyOp1
 70
     1
102
RTVSPropertyOp2
 70
     1
102
RTVSPropertyOp3
 70
     1
102
RTVSPropertyOp4
 70
     1
102
RTVSPropertyOp5
 70
     1
102
RTVSPropertyOp6
 70
     1
102
RTVSPropertyOp7
 70
     1
102
RTVSPropertyOp8
 70
     1
102
RTVSPropertyOp9
 70
     1
102
RTVSPropertyOp10
 70
     1
102
RTVSPropertyOp11
 70
     1
102
RTVSPropertyOp12
 70
     1
102
RTVSPropertyOp13
 70
     1
102
RTVSPropertyOp14
 70
     1
102
RTVSPropertyOp15
 70
     1
102
RTVSPropertyOp16
 70
     1
102
RTVSPropertyOp17
 70
     1
102
RTVSPropertyOp18
 70
     1
102
RTVSPropertyOp19
 70
     1
102
RTVSPropertyOp20
 70
     1
102
RTVSPropertyOp21
 70
     1
102
RTVSPropertyOp22
 70
     1
102
RTVSPropertyOp23
 70
     1
102
RTVSPropertyOp24
 70
     1
102
RTVSPropertyOp25
 70
     1
102
RTVSPropertyOp26
 70
     1
102
RTVSPropertyOp27
 70
     1
102
RTVSPropertyOp28
 70
     1
102
RTVSPropertyOp29
 70
     1
102
RTVSPropertyOp30
 70
     1
102
RTVSPropertyOp31
 70
     1
102
RTVSPropertyOp32
 70
     1
102
RTVSPropertyOp33
 70
     1
102
RTVSPropertyOp34
 70
     1
102
RTVSPropertyOp35
 70
     1
102
RTVSPropertyOp36
 70
     1
102
RTVSPropertyOp37
 70
     1
102
RTVSPropertyOp38
 70
     1
102
RTVSPropertyOp39
 70
     1
102
RTVSPropertyOp40
 70
     1
102
RTVSPropertyOp41
 70
     1
102
RTVSPropertyOp42
 70
     1
102
RTVSPropertyOp43
 70
     1
102
RTVSPropertyOp44
 70
     1
102
RTVSPropertyOp45
 70
     1
102
RTVSPropertyOp46
 70
     1
102
RTVSPropertyOp47
 70
     1
102
RTVSPropertyOp48
 70
     1
102
RTVSPropertyOp49
 70
     1
102
RTVSPropertyOp50
 70
     1
102
RTVSPropertyOp51
 70
     0
102
RTVSPropertyOp52
 70
     0
102
RTVSPropertyOp53
 70
     1
102
RTVSPropertyOp54
 70
     1
102
RTVSPropertyOp55
 70
     1
102
RTVSPropertyOp56
 70
     1
102
RTVSPropertyOp57
 70
     1
102
RTVSPost2010Prop28
280
     0
102
RTVSPost2010PropOp28
 70
     1
102
RTVSPost2010Prop29
280
     1
102
RTVSPost2010PropOp29
 70
     1
102
RTVSPost2010Prop30
280
     1
102
RTVSPost2010PropOp30
 70
     1
102
RTVSPost2010Prop31
280
     0
102
RTVSPost2010PropOp31
 70
     1
102
RTVSPost2010Prop32
280
     0
102
RTVSPost2010PropOp32
 70
     1
102
RTVSPost2010Prop33
280
     0
102
RTVSPost2010PropOp33
 70
     1
102
RTVSPost2010Prop34
280
     0
102
RTVSPost2010PropOp34
 70
     1
102
RTVSPost2010Prop35
280
     0
102
RTVSPost2010PropOp35
 70
     1
102
RTVSPost2010Prop36
280
     0
102
RTVSPost2010PropOp36
 70
     1
102
RTVSPost2010Prop37
 90
       50
102
RTVSPost2010PropOp37
 70
     1
102
RTVSPost2010Prop38
140
0.0
102
RTVSPost2010PropOp38
 70
     1
102
RTVSPost2010Prop39
140
1.0
102
RTVSPost2010PropOp39
 70
     1
102
RTVSPost2010Prop40
 90
        0
102
RTVSPost2010PropOp40
 70
     1
102
RTVSPost2010Prop41ColorIndex
 90
       18
102
RTVSPost2010Prop41ColorRGB
 90
        0
102
RTVSPost2010PropOp41
 70
     1
102
RTVSPost2010Prop42
 90
       50
102
RTVSPost2010PropOp42
 70
     1
102
RTVSPost2010Prop43
 90
        3
102
RTVSPost2010PropOp43
 70
     1
102
RTVSPost2010Prop44ColorIndex
 90
        5
102
RTVSPost2010Prop44ColorRGB
 90
      255
102
RTVSPost2010PropOp44
 70
     1
102
RTVSPost2010Prop45
280
     0
102
RTVSPost2010PropOp45
 70
     1
102
RTVSPost2010Prop46
 90
       50
102
RTVSPost2010PropOp46
 70
     1
102
RTVSPost2010Prop47
 90
       50
102
RTVSPost2010PropOp47
 70
     1
102
RTVSPost2010Prop48
 90
       50
102
RTVSPost2010PropOp48
 70
     1
102
RTVSPost2010Prop49
280
     0
102
RTVSPost2010PropOp49
 70
     1
102
RTVSPost2010Prop50
 90
       50
102
RTVSPost2010PropOp50
 70
     1
102
RTVSPost2010Prop51ColorIndex
 90
      256
102
RTVSPost2010Prop51ColorRGB
 90
-16777216
102
RTVSPost2010PropOp51
 70
     0
102
RTVSPost2010Prop52
140
1.0
102
RTVSPost2010PropOp52
 70
     0
102
RTVSPost2010Prop53
 90
        2
102
RTVSPost2010PropOp53
 70
     1
102
RTVSPost2010Prop54
  1
strokes_ogs.tif
102
RTVSPost2010PropOp54
 70
     1
102
RTVSPost2010Prop55
280
     0
102
RTVSPost2010PropOp55
 70
     1
102
RTVSPost2010Prop56
140
1.0
102
RTVSPost2010PropOp56
 70
     1
102
RTVSPost2010Prop57
140
1.0
102
RTVSPost2010PropOp57
 70
     1
  0
XRECORD
  5
CB
102
{ACAD_REACTORS
330
CA
102
}
330
CA
100
AcDbXrecord
280
     1
102
RTVSPropertyOp0
 70
     1
102
RTVSPropertyOp1
 70
     1
102
RTVSPropertyOp2
 70
     1
102
RTVSPropertyOp3
 70
     1
102
RTVSPropertyOp4
 70
     1
102
RTVSPropertyOp5
 70
     1
102
RTVSPropertyOp6
 70
     1
102
RTVSPropertyOp7
 70
     1
102
RTVSPropertyOp8
 70
     1
102
RTVSPropertyOp9
 70
     1
102
RTVSPropertyOp10
 70
     1
102
RTVSPropertyOp11
 70
     1
102
RTVSPropertyOp12
 70
     1
102
RTVSPropertyOp13
 70
     1
102
RTVSPropertyOp14
 70
     1
102
RTVSPropertyOp15
 70
     1
102
RTVSPropertyOp16
 70
     1
102
RTVSPropertyOp17
 70
     1
102
RTVSPropertyOp18
 70
     1
102
RTVSPropertyOp19
 70
     1
102
RTVSPropertyOp20
 70
     1
102
RTVSPropertyOp21
 70
     1
102
RTVSPropertyOp22
 70
     1
102
RTVSPropertyOp23
 70
     1
102
RTVSPropertyOp24
 70
     1
102
RTVSPropertyOp25
 70
     1
102
RTVSPropertyOp26
 70
     1
102
RTVSPropertyOp27
 70
     1
102
RTVSPropertyOp28
 70
     1
102
RTVSPropertyOp29
 70
     1
102
RTVSPropertyOp30
 70
     1
102
RTVSPropertyOp31
 70
     1
102
RTVSPropertyOp32
 70
     1
102
RTVSPropertyOp33
 70
     1
102
RTVSPropertyOp34
 70
     1
102
RTVSPropertyOp35
 70
     1
102
RTVSPropertyOp36
 70
     1
102
RTVSPropertyOp37
 70
     1
102
RTVSPropertyOp38
 70
     1
102
RTVSPropertyOp39
 70
     1
102
RTVSPropertyOp40
 70
     1
102
RTVSPropertyOp41
 70
     1
102
RTVSPropertyOp42
 70
     1
102
RTVSPropertyOp43
 70
     1
102
RTVSPropertyOp44
 70
     1
102
RTVSPropertyOp45
 70
     1
102
RTVSPropertyOp46
 70
     1
102
RTVSPropertyOp47
 70
     1
102
RTVSPropertyOp48
 70
     1
102
RTVSPropertyOp49
 70
     1
102
RTVSPropertyOp50
 70
     1
102
RTVSPropertyOp51
 70
     0
102
RTVSPropertyOp52
 70
     0
102
RTVSPropertyOp53
 70
     1
102
RTVSPropertyOp54
 70
     1
102
RTVSPropertyOp55
 70
     1
102
RTVSPropertyOp56
 70
     1
102
RTVSPropertyOp57
 70
     1
102
RTVSPost2010Prop28
280
     0
102
RTVSPost2010PropOp28
 70
     1
102
RTVSPost2010Prop29
280
     1
102
RTVSPost2010PropOp29
 70
     1
102
RTVSPost2010Prop30
280
     1
102
RTVSPost2010PropOp30
 70
     1
102
RTVSPost2010Prop31
280
     0
102
RTVSPost2010PropOp31
 70
     1
102
RTVSPost2010Prop32
280
     0
102
RTVSPost2010PropOp32
 70
     1
102
RTVSPost2010Prop33
280
     0
102
RTVSPost2010PropOp33
 70
     1
102
RTVSPost2010Prop34
280
     0
102
RTVSPost2010PropOp34
 70
     1
102
RTVSPost2010Prop35
280
     0
102
RTVSPost2010PropOp35
 70
     1
102
RTVSPost2010Prop36
280
     0
102
RTVSPost2010PropOp36
 70
     1
102
RTVSPost2010Prop37
 90
       50
102
RTVSPost2010PropOp37
 70
     1
102
RTVSPost2010Prop38
140
0.0
102
RTVSPost2010PropOp38
 70
     1
102
RTVSPost2010Prop39
140
1.0
102
RTVSPost2010PropOp39
 70
     1
102
RTVSPost2010Prop40
 90
        0
102
RTVSPost2010PropOp40
 70
     1
102
RTVSPost2010Prop41ColorIndex
 90
       18
102
RTVSPost2010Prop41ColorRGB
 90
        0
102
RTVSPost2010PropOp41
 70
     1
102
RTVSPost2010Prop42
 90
       50
102
RTVSPost2010PropOp42
 70
     1
102
RTVSPost2010Prop43
 90
        3
102
RTVSPost2010PropOp43
 70
     1
102
RTVSPost2010Prop44ColorIndex
 90
        5
102
RTVSPost2010Prop44ColorRGB
 90
      255
102
RTVSPost2010PropOp44
 70
     1
102
RTVSPost2010Prop45
280
     0
102
RTVSPost2010PropOp45
 70
     1
102
RTVSPost2010Prop46
 90
       50
102
RTVSPost2010PropOp46
 70
     1
102
RTVSPost2010Prop47
 90
       50
102
RTVSPost2010PropOp47
 70
     1
102
RTVSPost2010Prop48
 90
       50
102
RTVSPost2010PropOp48
 70
     1
102
RTVSPost2010Prop49
280
     0
102
RTVSPost2010PropOp49
 70
     1
102
RTVSPost2010Prop50
 90
       50
102
RTVSPost2010PropOp50
 70
     1
102
RTVSPost2010Prop51ColorIndex
 90
      256
102
RTVSPost2010Prop51ColorRGB
 90
-16777216
102
RTVSPost2010PropOp51
 70
     0
102
RTVSPost2010Prop52
140
1.0
102
RTVSPost2010PropOp52
 70
     0
102
RTVSPost2010Prop53
 90
        2
102
RTVSPost2010PropOp53
 70
     1
102
RTVSPost2010Prop54
  1
strokes_ogs.tif
102
RTVSPost2010PropOp54
 70
     1
102
RTVSPost2010Prop55
280
     0
102
RTVSPost2010PropOp55
 70
     1
102
RTVSPost2010Prop56
140
1.0
102
RTVSPost2010PropOp56
 70
     1
102
RTVSPost2010Prop57
140
1.0
102
RTVSPost2010PropOp57
 70
     1
  0
ENDSEC
  0
EOF
