  0
SECTION
  2
HEADER
  9
$ACADVER
  1
AC1021
  9
$ACADMAINTVER
 70
    25
  9
$DWGCODEPAGE
  3
ANSI_1252
  9
$INSBASE
 10
0.0
 20
0.0
 30
0.0
  9
$EXTMIN
 10
-16.77458
 20
-16.66875
 30
0.0
  9
$EXTMAX
 10
16.77458
 20
16.66875
 30
0.0
  9
$LIMMIN
 10
0.0
 20
0.0
  9
$LIMMAX
 10
12.0
 20
9.0
  9
$ORTHOMODE
 70
     0
  9
$REGENMODE
 70
     1
  9
$FILLMODE
 70
     1
  9
$QTEXTMODE
 70
     0
  9
$MIRRTEXT
 70
     1
  9
$LTSCALE
 40
1.0
  9
$ATTMODE
 70
     1
  9
$TEXTSIZE
 40
0.2
  9
$TRACEWID
 40
0.05
  9
$TEXTSTYLE
  7
Standard
  9
$CLAYER
  8
0
  9
$CELTYPE
  6
ByLayer
  9
$CECOLOR
 62
   256
  9
$CELTSCALE
 40
1.0
  9
$DISPSILH
 70
     0
  9
$DIMSCALE
 40
1.0
  9
$DIMASZ
 40
0.18
  9
$DIMEXO
 40
0.0625
  9
$DIMDLI
 40
0.38
  9
$DIMRND
 40
0.0
  9
$DIMDLE
 40
0.0
  9
$DIMEXE
 40
0.18
  9
$DIMTP
 40
0.0
  9
$DIMTM
 40
0.0
  9
$DIMTXT
 40
0.18
  9
$DIMCEN
 40
0.09
  9
$DIMTSZ
 40
0.0
  9
$DIMTOL
 70
     0
  9
$DIMLIM
 70
     0
  9
$DIMTIH
 70
     1
  9
$DIMTOH
 70
     1
  9
$DIMSE1
 70
     0
  9
$DIMSE2
 70
     0
  9
$DIMTAD
 70
     0
  9
$DIMZIN
 70
     0
  9
$DIMBLK
  1

  9
$DIMASO
 70
     1
  9
$DIMSHO
 70
     1
  9
$DIMPOST
  1

  9
$DIMAPOST
  1

  9
$DIMALT
 70
     0
  9
$DIMALTD
 70
     2
  9
$DIMALTF
 40
25.4
  9
$DIMLFAC
 40
1.0
  9
$DIMTOFL
 70
     0
  9
$DIMTVP
 40
0.0
  9
$DIMTIX
 70
     0
  9
$DIMSOXD
 70
     0
  9
$DIMSAH
 70
     0
  9
$DIMBLK1
  1

  9
$DIMBLK2
  1

  9
$DIMSTYLE
  2
Standard
  9
$DIMCLRD
 70
     0
  9
$DIMCLRE
 70
     0
  9
$DIMCLRT
 70
     0
  9
$DIMTFAC
 40
1.0
  9
$DIMGAP
 40
0.09
  9
$DIMJUST
 70
     0
  9
$DIMSD1
 70
     0
  9
$DIMSD2
 70
     0
  9
$DIMTOLJ
 70
     1
  9
$DIMTZIN
 70
     0
  9
$DIMALTZ
 70
     0
  9
$DIMALTTZ
 70
     0
  9
$DIMUPT
 70
     0
  9
$DIMDEC
 70
     4
  9
$DIMTDEC
 70
     4
  9
$DIMALTU
 70
     2
  9
$DIMALTTD
 70
     2
  9
$DIMTXSTY
  7
Standard
  9
$DIMAUNIT
 70
     0
  9
$DIMADEC
 70
     0
  9
$DIMALTRND
 40
0.0
  9
$DIMAZIN
 70
     0
  9
$DIMDSEP
 70
    46
  9
$DIMATFIT
 70
     3
  9
$DIMFRAC
 70
     0
  9
$DIMLDRBLK
  1

  9
$DIMLUNIT
 70
     2
  9
$DIMLWD
 70
    -2
  9
$DIMLWE
 70
    -2
  9
$DIMTMOVE
 70
     0
  9
$DIMFXL
 40
1.0
  9
$DIMFXLON
 70
     0
  9
$DIMJOGANG
 40
0.7853981633974483
  9
$DIMTFILL
 70
     0
  9
$DIMTFILLCLR
 70
     0
  9
$DIMARCSYM
 70
     0
  9
$DIMLTYPE
  6

  9
$DIMLTEX1
  6

  9
$DIMLTEX2
  6

  9
$LUNITS
 70
     2
  9
$LUPREC
 70
     4
  9
$SKETCHINC
 40
0.1
  9
$FILLETRAD
 40
0.5
  9
$AUNITS
 70
     0
  9
$AUPREC
 70
     0
  9
$MENU
  1
.
  9
$ELEVATION
 40
0.0
  9
$PELEVATION
 40
0.0
  9
$THICKNESS
 40
0.0
  9
$LIMCHECK
 70
     0
  9
$CHAMFERA
 40
0.0
  9
$CHAMFERB
 40
0.0
  9
$CHAMFERC
 40
0.0
  9
$CHAMFERD
 40
0.0
  9
$SKPOLY
 70
     0
  9
$TDCREATE
 40
2457429.26639206
  9
$TDUCREATE
 40
2457429.349725394
  9
$TDUPDATE
 40
2457429.266392234
  9
$TDUUPDATE
 40
2457429.349725567
  9
$TDINDWG
 40
0.0000000116
  9
$TDUSRTIMER
 40
0.0000000116
  9
$USRTIMER
 70
     1
  9
$ANGBASE
 50
0.0
  9
$ANGDIR
 70
     0
  9
$PDMODE
 70
     0
  9
$PDSIZE
 40
0.0
  9
$PLINEWID
 40
0.0
  9
$SPLFRAME
 70
     0
  9
$SPLINETYPE
 70
     6
  9
$SPLINESEGS
 70
     8
  9
$HANDSEED
  5
B2
  9
$SURFTAB1
 70
     6
  9
$SURFTAB2
 70
     6
  9
$SURFTYPE
 70
     6
  9
$SURFU
 70
     6
  9
$SURFV
 70
     6
  9
$UCSBASE
  2

  9
$UCSNAME
  2

  9
$UCSORG
 10
0.0
 20
0.0
 30
0.0
  9
$UCSXDIR
 10
1.0
 20
0.0
 30
0.0
  9
$UCSYDIR
 10
0.0
 20
1.0
 30
0.0
  9
$UCSORTHOREF
  2

  9
$UCSORTHOVIEW
 70
     0
  9
$UCSORGTOP
 10
0.0
 20
0.0
 30
0.0
  9
$UCSORGBOTTOM
 10
0.0
 20
0.0
 30
0.0
  9
$UCSORGLEFT
 10
0.0
 20
0.0
 30
0.0
  9
$UCSORGRIGHT
 10
0.0
 20
0.0
 30
0.0
  9
$UCSORGFRONT
 10
0.0
 20
0.0
 30
0.0
  9
$UCSORGBACK
 10
0.0
 20
0.0
 30
0.0
  9
$PUCSBASE
  2

  9
$PUCSNAME
  2

  9
$PUCSORG
 10
0.0
 20
0.0
 30
0.0
  9
$PUCSXDIR
 10
1.0
 20
0.0
 30
0.0
  9
$PUCSYDIR
 10
0.0
 20
1.0
 30
0.0
  9
$PUCSORTHOREF
  2

  9
$PUCSORTHOVIEW
 70
     0
  9
$PUCSORGTOP
 10
0.0
 20
0.0
 30
0.0
  9
$PUCSORGBOTTOM
 10
0.0
 20
0.0
 30
0.0
  9
$PUCSORGLEFT
 10
0.0
 20
0.0
 30
0.0
  9
$PUCSORGRIGHT
 10
0.0
 20
0.0
 30
0.0
  9
$PUCSORGFRONT
 10
0.0
 20
0.0
 30
0.0
  9
$PUCSORGBACK
 10
0.0
 20
0.0
 30
0.0
  9
$USERI1
 70
     0
  9
$USERI2
 70
     0
  9
$USERI3
 70
     0
  9
$USERI4
 70
     0
  9
$USERI5
 70
     0
  9
$USERR1
 40
0.0
  9
$USERR2
 40
0.0
  9
$USERR3
 40
0.0
  9
$USERR4
 40
0.0
  9
$USERR5
 40
0.0
  9
$WORLDVIEW
 70
     1
  9
$SHADEDGE
 70
     3
  9
$SHADEDIF
 70
    70
  9
$TILEMODE
 70
     1
  9
$MAXACTVP
 70
    64
  9
$PINSBASE
 10
0.0
 20
0.0
 30
0.0
  9
$PLIMCHECK
 70
     0
  9
$PEXTMIN
 10
1.000000000000000E+20
 20
1.000000000000000E+20
 30
1.000000000000000E+20
  9
$PEXTMAX
 10
-1.000000000000000E+20
 20
-1.000000000000000E+20
 30
-1.000000000000000E+20
  9
$PLIMMIN
 10
0.0
 20
0.0
  9
$PLIMMAX
 10
12.0
 20
9.0
  9
$UNITMODE
 70
     0
  9
$VISRETAIN
 70
     1
  9
$PLINEGEN
 70
     0
  9
$PSLTSCALE
 70
     1
  9
$TREEDEPTH
 70
  3020
  9
$CMLSTYLE
  2
Standard
  9
$CMLJUST
 70
     0
  9
$CMLSCALE
 40
1.0
  9
$PROXYGRAPHICS
 70
     1
  9
$MEASUREMENT
 70
     0
  9
$CELWEIGHT
370
    -1
  9
$ENDCAPS
280
     0
  9
$JOINSTYLE
280
     0
  9
$LWDISPLAY
290
     0
  9
$INSUNITS
 70
     5
  9
$HYPERLINKBASE
  1

  9
$STYLESHEET
  1

  9
$XEDIT
290
     1
  9
$CEPSNTYPE
380
     0
  9
$PSTYLEMODE
290
     1
  9
$FINGERPRINTGUID
  2
{6E5B3044-864F-4978-8A68-B82E822AE90A}
  9
$VERSIONGUID
  2
{FAEB1C32-E019-11D5-929B-00C0DF256EC4}
  9
$EXTNAMES
290
     1
  9
$PSVPSCALE
 40
0.0
  9
$OLESTARTUP
290
     0
  9
$SORTENTS
280
   127
  9
$INDEXCTL
280
     0
  9
$HIDETEXT
280
     1
  9
$XCLIPFRAME
290
     0
  9
$HALOGAP
280
     0
  9
$OBSCOLOR
 70
   257
  9
$OBSLTYPE
280
     0
  9
$INTERSECTIONDISPLAY
280
     0
  9
$INTERSECTIONCOLOR
 70
   257
  9
$DIMASSOC
280
     2
  9
$PROJECTNAME
  1

  9
$CAMERADISPLAY
290
     0
  9
$LENSLENGTH
 40
50.0
  9
$CAMERAHEIGHT
 40
0.0
  9
$STEPSPERSEC
 40
2.0
  9
$STEPSIZE
 40
6.0
  9
$3DDWFPREC
 40
2.0
  9
$PSOLWIDTH
 40
0.25
  9
$PSOLHEIGHT
 40
4.0
  9
$LOFTANG1
 40
1.570796326794897
  9
$LOFTANG2
 40
1.570796326794897
  9
$LOFTMAG1
 40
0.0
  9
$LOFTMAG2
 40
0.0
  9
$LOFTPARAM
 70
     7
  9
$LOFTNORMALS
280
     1
  9
$LATITUDE
 40
37.795
  9
$LONGITUDE
 40
-122.394
  9
$NORTHDIRECTION
 40
0.0
  9
$TIMEZONE
 70
 -8000
  9
$LIGHTGLYPHDISPLAY
280
     1
  9
$TILEMODELIGHTSYNCH
280
     1
  9
$CMATERIAL
347
44
  9
$SOLIDHIST
280
     0
  9
$SHOWHIST
280
     1
  9
$DWFFRAME
280
     2
  9
$DGNFRAME
280
     2
  9
$REALWORLDSCALE
290
     1
  9
$INTERFERECOLOR
 62
   256
  9
$CSHADOW
280
     0
  9
$SHADOWPLANELOCATION
 40
0.0
  0
ENDSEC
  0
SECTION
  2
CLASSES
  0
CLASS
  1
ACDBDICTIONARYWDFLT
  2
AcDbDictionaryWithDefault
  3
ObjectDBX Classes
 90
        0
 91
        4
280
     0
281
     0
  0
CLASS
  1
VISUALSTYLE
  2
AcDbVisualStyle
  3
ObjectDBX Classes
 90
     4095
 91
        4
280
     0
281
     0
  0
CLASS
  1
MATERIAL
  2
AcDbMaterial
  3
ObjectDBX Classes
 90
     1153
 91
        4
280
     0
281
     0
  0
CLASS
  1
SCALE
  2
AcDbScale
  3
ObjectDBX Classes
 90
     1153
 91
        4
280
     0
281
     0
  0
CLASS
  1
TABLESTYLE
  2
AcDbTableStyle
  3
ObjectDBX Classes
 90
     4095
 91
        4
280
     0
281
     0
  0
CLASS
  1
MLEADERSTYLE
  2
AcDbMLeaderStyle
  3
ACDB_MLEADERSTYLE_CLASS
 90
     4095
 91
        4
280
     0
281
     0
  0
CLASS
  1
SUN
  2
AcDbSun
  3
SCENEOE
 90
     1153
 91
        4
280
     0
281
     0
  0
CLASS
  1
DICTIONARYVAR
  2
AcDbDictionaryVar
  3
ObjectDBX Classes
 90
        0
 91
        4
280
     0
281
     0
  0
CLASS
  1
CELLSTYLEMAP
  2
AcDbCellStyleMap
  3
ObjectDBX Classes
 90
     1152
 91
        4
280
     0
281
     0
  0
ENDSEC
  0
SECTION
  2
TABLES
  0
TABLE
  2
VPORT
  5
8
330
0
100
AcDbSymbolTable
 70
     1
  0
VPORT
  5
29
330
8
100
AcDbSymbolTableRecord
100
AcDbViewportTableRecord
  2
*Active
 70
     0
 10
0.0
 20
0.0
 11
1.0
 21
1.0
 12
10.42990654205607
 22
4.5
 13
0.0
 23
0.0
 14
0.5
 24
0.5
 15
0.5
 25
0.5
 16
0.0
 26
0.0
 36
1.0
 17
0.0
 27
0.0
 37
0.0
 40
9.0
 41
1.972972972850329
 42
50.0
 43
0.0
 44
0.0
 50
0.0
 51
0.0
 71
     0
 72
   100
 73
     1
 74
     3
 75
     0
 76
     0
 77
     0
 78
     0
281
     0
 65
     1
110
0.0
120
0.0
130
0.0
111
1.0
121
0.0
131
0.0
112
0.0
122
1.0
132
0.0
 79
     0
146
0.0
 60
     3
 61
     5
292
     1
282
     1
141
0.0
142
0.0
 63
   250
361
6D
  0
ENDTAB
  0
TABLE
  2
LTYPE
  5
5
330
0
100
AcDbSymbolTable
 70
     1
  0
LTYPE
  5
14
330
5
100
AcDbSymbolTableRecord
100
AcDbLinetypeTableRecord
  2
ByBlock
 70
     0
  3

 72
    65
 73
     0
 40
0.0
  0
LTYPE
  5
15
330
5
100
AcDbSymbolTableRecord
100
AcDbLinetypeTableRecord
  2
ByLayer
 70
     0
  3

 72
    65
 73
     0
 40
0.0
  0
LTYPE
  5
16
330
5
100
AcDbSymbolTableRecord
100
AcDbLinetypeTableRecord
  2
Continuous
 70
     0
  3
Solid line
 72
    65
 73
     0
 40
0.0
  0
ENDTAB
  0
TABLE
  2
LAYER
  5
2
330
0
100
AcDbSymbolTable
 70
     2
  0
LAYER
  5
10
330
2
100
AcDbSymbolTableRecord
100
AcDbLayerTableRecord
  2
0
 70
     0
 62
     7
  6
Continuous
370
    -3
390
F
347
46
  0
LAYER
  5
6F
330
2
100
AcDbSymbolTableRecord
100
AcDbLayerTableRecord
  2
Layer 1
 70
     0
 62
     7
  6
Continuous
370
    -3
390
F
347
46
  0
ENDTAB
  0
TABLE
  2
STYLE
  5
3
330
0
100
AcDbSymbolTable
 70
     1
  0
STYLE
  5
11
330
3
100
AcDbSymbolTableRecord
100
AcDbTextStyleTableRecord
  2
Standard
 70
     0
 40
0.0
 41
1.0
 50
0.0
 71
     0
 42
0.2
  3
txt
  4

  0
ENDTAB
  0
TABLE
  2
VIEW
  5
6
330
0
100
AcDbSymbolTable
 70
     0
  0
ENDTAB
  0
TABLE
  2
UCS
  5
7
330
0
100
AcDbSymbolTable
 70
     0
  0
ENDTAB
  0
TABLE
  2
APPID
  5
9
330
0
100
AcDbSymbolTable
 70
     3
  0
APPID
  5
12
330
9
100
AcDbSymbolTableRecord
100
AcDbRegAppTableRecord
  2
ACAD
 70
     0
  0
APPID
  5
6E
330
9
100
AcDbSymbolTableRecord
100
AcDbRegAppTableRecord
  2
ODA
 70
     0
  0
APPID
  5
AA
330
9
100
AcDbSymbolTableRecord
100
AcDbRegAppTableRecord
  2
ACAD_MLEADERVER
 70
     0
  0
ENDTAB
  0
TABLE
  2
DIMSTYLE
  5
A
330
0
100
AcDbSymbolTable
 70
     1
100
AcDbDimStyleTable
  0
DIMSTYLE
105
27
330
A
100
AcDbSymbolTableRecord
100
AcDbDimStyleTableRecord
  2
Standard
 70
     0
178
     0
340
11
  0
ENDTAB
  0
TABLE
  2
BLOCK_RECORD
  5
1
330
0
100
AcDbSymbolTable
 70
     1
  0
BLOCK_RECORD
  5
1F
330
1
100
AcDbSymbolTableRecord
100
AcDbBlockTableRecord
  2
*Model_Space
340
22
 70
     0
280
     1
281
     0
  0
BLOCK_RECORD
  5
1B
330
1
100
AcDbSymbolTableRecord
100
AcDbBlockTableRecord
  2
*Paper_Space
340
1E
 70
     0
280
     1
281
     0
  0
BLOCK_RECORD
  5
23
330
1
100
AcDbSymbolTableRecord
100
AcDbBlockTableRecord
  2
*Paper_Space0
340
26
 70
     0
280
     1
281
     0
  0
ENDTAB
  0
ENDSEC
  0
SECTION
  2
BLOCKS
  0
BLOCK
  5
20
330
1F
100
AcDbEntity
  8
0
100
AcDbBlockBegin
  2
*Model_Space
 70
     0
 10
0.0
 20
0.0
 30
0.0
  3
*Model_Space
  1

  0
ENDBLK
  5
21
330
1F
100
AcDbEntity
  8
0
100
AcDbBlockEnd
  0
BLOCK
  5
1C
330
1B
100
AcDbEntity
 67
     1
  8
0
100
AcDbBlockBegin
  2
*Paper_Space
 70
     0
 10
0.0
 20
0.0
 30
0.0
  3
*Paper_Space
  1

  0
ENDBLK
  5
1D
330
1B
100
AcDbEntity
 67
     1
  8
0
100
AcDbBlockEnd
  0
BLOCK
  5
24
330
23
100
AcDbEntity
  8
0
100
AcDbBlockBegin
  2
*Paper_Space0
 70
     0
 10
0.0
 20
0.0
 30
0.0
  3
*Paper_Space0
  1

  0
ENDBLK
  5
25
330
23
100
AcDbEntity
  8
0
100
AcDbBlockEnd
  0
ENDSEC
  0
SECTION
  2
ENTITIES
  0
SPLINE
  5
70
330
1F
100
AcDbEntity
  8
Layer 1
 62
     7
100
AcDbSpline
210
0.0
220
0.0
230
1.0
 70
    11
 71
     3
 72
    24
 73
    20
 74
     0
 42
0.000000001
 43
0.0000000001
 40
0.0
 40
0.0
 40
0.0
 40
0.0
 40
0.1666666666666667
 40
0.1666666666666667
 40
0.1666666666666667
 40
0.1666666666666667
 40
0.3333333333333333
 40
0.3333333333333333
 40
0.3333333333333333
 40
0.3333333333333333
 40
0.5
 40
0.5
 40
0.5
 40
0.5
 40
0.6666666666666666
 40
0.6666666666666666
 40
0.6666666666666666
 40
0.6666666666666666
 40
1.0
 40
1.0
 40
1.0
 40
1.0
 10
-16.77458
 20
16.66875
 30
0.0
 10
-16.77458
 20
16.66875
 30
0.0
 10
16.77458
 20
16.66875
 30
0.0
 10
16.77458
 20
16.66875
 30
0.0
 10
16.77458
 20
16.66875
 30
0.0
 10
16.77458
 20
16.66875
 30
0.0
 10
16.77458
 20
-16.66875
 30
0.0
 10
16.77458
 20
-16.66875
 30
0.0
 10
16.77458
 20
-16.66875
 30
0.0
 10
16.77458
 20
-16.66875
 30
0.0
 10
-16.77458
 20
-16.66875
 30
0.0
 10
-16.77458
 20
-16.66875
 30
0.0
 10
-16.77458
 20
-16.66875
 30
0.0
 10
-16.77458
 20
-16.66875
 30
0.0
 10
-16.77458
 20
16.66875
 30
0.0
 10
-16.77458
 20
16.66875
 30
0.0
 10
-16.77458
 20
16.66875
 30
0.0
 10
-16.77458
 20
16.66875
 30
0.0
 10
-16.77458
 20
16.66875
 30
0.0
 10
-16.77458
 20
16.66875
 30
0.0
  0
SPLINE
  5
71
330
1F
100
AcDbEntity
  8
Layer 1
 62
     7
100
AcDbSpline
210
0.0
220
0.0
230
1.0
 70
    11
 71
     3
 72
   280
 73
   276
 74
     0
 42
0.000000001
 43
0.0000000001
 40
0.0
 40
0.0
 40
0.0
 40
0.0
 40
0.0142857142857143
 40
0.0142857142857143
 40
0.0142857142857143
 40
0.0142857142857143
 40
0.0285714285714286
 40
0.0285714285714286
 40
0.0285714285714286
 40
0.0285714285714286
 40
0.0428571428571429
 40
0.0428571428571429
 40
0.0428571428571429
 40
0.0428571428571429
 40
0.0571428571428571
 40
0.0571428571428571
 40
0.0571428571428571
 40
0.0571428571428571
 40
0.0714285714285714
 40
0.0714285714285714
 40
0.0714285714285714
 40
0.0714285714285714
 40
0.0857142857142857
 40
0.0857142857142857
 40
0.0857142857142857
 40
0.0857142857142857
 40
0.1
 40
0.1
 40
0.1
 40
0.1
 40
0.1142857142857143
 40
0.1142857142857143
 40
0.1142857142857143
 40
0.1142857142857143
 40
0.1285714285714286
 40
0.1285714285714286
 40
0.1285714285714286
 40
0.1285714285714286
 40
0.1428571428571428
 40
0.1428571428571428
 40
0.1428571428571428
 40
0.1428571428571428
 40
0.1571428571428571
 40
0.1571428571428571
 40
0.1571428571428571
 40
0.1571428571428571
 40
0.1714285714285714
 40
0.1714285714285714
 40
0.1714285714285714
 40
0.1714285714285714
 40
0.1857142857142857
 40
0.1857142857142857
 40
0.1857142857142857
 40
0.1857142857142857
 40
0.2
 40
0.2
 40
0.2
 40
0.2
 40
0.2142857142857143
 40
0.2142857142857143
 40
0.2142857142857143
 40
0.2142857142857143
 40
0.2285714285714286
 40
0.2285714285714286
 40
0.2285714285714286
 40
0.2285714285714286
 40
0.2428571428571429
 40
0.2428571428571429
 40
0.2428571428571429
 40
0.2428571428571429
 40
0.2571428571428571
 40
0.2571428571428571
 40
0.2571428571428571
 40
0.2571428571428571
 40
0.2714285714285714
 40
0.2714285714285714
 40
0.2714285714285714
 40
0.2714285714285714
 40
0.2857142857142857
 40
0.2857142857142857
 40
0.2857142857142857
 40
0.2857142857142857
 40
0.3
 40
0.3
 40
0.3
 40
0.3
 40
0.3142857142857143
 40
0.3142857142857143
 40
0.3142857142857143
 40
0.3142857142857143
 40
0.3285714285714286
 40
0.3285714285714286
 40
0.3285714285714286
 40
0.3285714285714286
 40
0.3428571428571429
 40
0.3428571428571429
 40
0.3428571428571429
 40
0.3428571428571429
 40
0.3571428571428572
 40
0.3571428571428572
 40
0.3571428571428572
 40
0.3571428571428572
 40
0.3714285714285714
 40
0.3714285714285714
 40
0.3714285714285714
 40
0.3714285714285714
 40
0.3857142857142857
 40
0.3857142857142857
 40
0.3857142857142857
 40
0.3857142857142857
 40
0.4
 40
0.4
 40
0.4
 40
0.4
 40
0.4142857142857143
 40
0.4142857142857143
 40
0.4142857142857143
 40
0.4142857142857143
 40
0.4285714285714285
 40
0.4285714285714285
 40
0.4285714285714285
 40
0.4285714285714285
 40
0.4428571428571428
 40
0.4428571428571428
 40
0.4428571428571428
 40
0.4428571428571428
 40
0.4571428571428571
 40
0.4571428571428571
 40
0.4571428571428571
 40
0.4571428571428571
 40
0.4714285714285714
 40
0.4714285714285714
 40
0.4714285714285714
 40
0.4714285714285714
 40
0.4857142857142857
 40
0.4857142857142857
 40
0.4857142857142857
 40
0.4857142857142857
 40
0.5
 40
0.5
 40
0.5
 40
0.5
 40
0.5142857142857142
 40
0.5142857142857142
 40
0.5142857142857142
 40
0.5142857142857142
 40
0.5285714285714286
 40
0.5285714285714286
 40
0.5285714285714286
 40
0.5285714285714286
 40
0.5428571428571428
 40
0.5428571428571428
 40
0.5428571428571428
 40
0.5428571428571428
 40
0.5571428571428572
 40
0.5571428571428572
 40
0.5571428571428572
 40
0.5571428571428572
 40
0.5714285714285714
 40
0.5714285714285714
 40
0.5714285714285714
 40
0.5714285714285714
 40
0.5857142857142857
 40
0.5857142857142857
 40
0.5857142857142857
 40
0.5857142857142857
 40
0.6
 40
0.6
 40
0.6
 40
0.6
 40
0.6142857142857143
 40
0.6142857142857143
 40
0.6142857142857143
 40
0.6142857142857143
 40
0.6285714285714286
 40
0.6285714285714286
 40
0.6285714285714286
 40
0.6285714285714286
 40
0.6428571428571429
 40
0.6428571428571429
 40
0.6428571428571429
 40
0.6428571428571429
 40
0.6571428571428571
 40
0.6571428571428571
 40
0.6571428571428571
 40
0.6571428571428571
 40
0.6714285714285714
 40
0.6714285714285714
 40
0.6714285714285714
 40
0.6714285714285714
 40
0.6857142857142857
 40
0.6857142857142857
 40
0.6857142857142857
 40
0.6857142857142857
 40
0.7
 40
0.7
 40
0.7
 40
0.7
 40
0.7142857142857143
 40
0.7142857142857143
 40
0.7142857142857143
 40
0.7142857142857143
 40
0.7285714285714285
 40
0.7285714285714285
 40
0.7285714285714285
 40
0.7285714285714285
 40
0.7428571428571429
 40
0.7428571428571429
 40
0.7428571428571429
 40
0.7428571428571429
 40
0.7571428571428571
 40
0.7571428571428571
 40
0.7571428571428571
 40
0.7571428571428571
 40
0.7714285714285715
 40
0.7714285714285715
 40
0.7714285714285715
 40
0.7714285714285715
 40
0.7857142857142857
 40
0.7857142857142857
 40
0.7857142857142857
 40
0.7857142857142857
 40
0.8
 40
0.8
 40
0.8
 40
0.8
 40
0.8142857142857143
 40
0.8142857142857143
 40
0.8142857142857143
 40
0.8142857142857143
 40
0.8285714285714286
 40
0.8285714285714286
 40
0.8285714285714286
 40
0.8285714285714286
 40
0.8428571428571429
 40
0.8428571428571429
 40
0.8428571428571429
 40
0.8428571428571429
 40
0.8571428571428571
 40
0.8571428571428571
 40
0.8571428571428571
 40
0.8571428571428571
 40
0.8714285714285714
 40
0.8714285714285714
 40
0.8714285714285714
 40
0.8714285714285714
 40
0.8857142857142857
 40
0.8857142857142857
 40
0.8857142857142857
 40
0.8857142857142857
 40
0.9
 40
0.9
 40
0.9
 40
0.9
 40
0.9142857142857143
 40
0.9142857142857143
 40
0.9142857142857143
 40
0.9142857142857143
 40
0.9285714285714286
 40
0.9285714285714286
 40
0.9285714285714286
 40
0.9285714285714286
 40
0.9428571428571428
 40
0.9428571428571428
 40
0.9428571428571428
 40
0.9428571428571428
 40
0.9571428571428572
 40
0.9571428571428572
 40
0.9571428571428572
 40
0.9571428571428572
 40
0.9714285714285714
 40
0.9714285714285714
 40
0.9714285714285714
 40
0.9714285714285714
 40
1.0
 40
1.0
 40
1.0
 40
1.0
 10
-1.23684
 20
14.98812
 30
0.0
 10
-1.50319
 20
14.95213
 30
0.0
 10
-1.75754
 20
14.85371
 30
0.0
 10
-1.99496
 20
14.73024
 30
0.0
 10
-1.99496
 20
14.73024
 30
0.0
 10
-2.31493
 20
14.57078
 30
0.0
 10
-2.50578
 20
14.23247
 30
0.0
 10
-2.84198
 20
14.09806
 30
0.0
 10
-2.84198
 20
14.09806
 30
0.0
 10
-3.38455
 20
13.84229
 30
0.0
 10
-3.93806
 20
13.6084
 30
0.0
 10
-4.46052
 20
13.31207
 30
0.0
 10
-4.46052
 20
13.31207
 30
0.0
 10
-4.67889
 20
13.15261
 30
0.0
 10
-4.96076
 20
13.22705
 30
0.0
 10
-5.20876
 20
13.17872
 30
0.0
 10
-5.20876
 20
13.17872
 30
0.0
 10
-5.9757
 20
13.05066
 30
0.0
 10
-6.66644
 20
12.47105
 30
0.0
 10
-6.87811
 20
11.71575
 30
0.0
 10
-6.87811
 20
11.71575
 30
0.0
 10
-6.92785
 20
11.56159
 30
0.0
 10
-6.95678
 20
11.39472
 30
0.0
 10
-7.06861
 20
11.26878
 30
0.0
 10
-7.06861
 20
11.26878
 30
0.0
 10
-7.44361
 20
10.74173
 30
0.0
 10
-7.8673
 20
10.25137
 30
0.0
 10
-8.24971
 20
9.72961
 30
0.0
 10
-8.24971
 20
9.72961
 30
0.0
 10
-8.36295
 20
9.57368
 30
0.0
 10
-8.56897
 20
9.55287
 30
0.0
 10
-8.72702
 20
9.46256
 30
0.0
 10
-8.72702
 20
9.46256
 30
0.0
 10
-9.36413
 20
9.09532
 30
0.0
 10
-9.76171
 20
8.37212
 30
0.0
 10
-9.77829
 20
7.64258
 30
0.0
 10
-9.77829
 20
7.64258
 30
0.0
 10
-9.78606
 20
7.41856
 30
0.0
 10
-9.71691
 20
7.18891
 30
0.0
 10
-9.79558
 20
6.96948
 30
0.0
 10
-9.79558
 20
6.96948
 30
0.0
 10
-9.87884
 20
6.60647
 30
0.0
 10
-10.02524
 20
6.26216
 30
0.0
 10
-10.14271
 20
5.90973
 30
0.0
 10
-10.14271
 20
5.90973
 30
0.0
 10
-10.24537
 20
5.63421
 30
0.0
 10
-10.31593
 20
5.34564
 30
0.0
 10
-10.44646
 20
5.08106
 30
0.0
 10
-10.44646
 20
5.08106
 30
0.0
 10
-10.56569
 20
4.92054
 30
0.0
 10
-10.75196
 20
4.82388
 30
0.0
 10
-10.86979
 20
4.66161
 30
0.0
 10
-10.86979
 20
4.66161
 30
0.0
 10
-11.2208
 20
4.17371
 30
0.0
 10
-11.39931
 20
3.54189
 30
0.0
 10
-11.26314
 20
2.94675
 30
0.0
 10
-11.26314
 20
2.94675
 30
0.0
 10
-11.2081
 20
2.64901
 30
0.0
 10
-11.04089
 20
2.37525
 30
0.0
 10
-11.05994
 20
2.06446
 30
0.0
 10
-11.05994
 20
2.06446
 30
0.0
 10
-11.05958
 20
1.42381
 30
0.0
 10
-11.08004
 20
0.77964
 30
0.0
 10
-11.16295
 20
0.14358
 30
0.0
 10
-11.16295
 20
0.14358
 30
0.0
 10
-11.26137
 20
-0.06597
 30
0.0
 10
-11.39896
 20
-0.25718
 30
0.0
 10
-11.48398
 20
-0.47413
 30
0.0
 10
-11.48398
 20
-0.47413
 30
0.0
 10
-11.69811
 20
-1.08338
 30
0.0
 10
-11.63814
 20
-1.80305
 30
0.0
 10
-11.2649
 20
-2.33892
 30
0.0
 10
-11.2649
 20
-2.33892
 30
0.0
 10
-11.14743
 20
-2.5213
 30
0.0
 10
-10.98268
 20
-2.68358
 30
0.0
 10
-10.95093
 20
-2.90901
 30
0.0
 10
-10.95093
 20
-2.90901
 30
0.0
 10
-10.80876
 20
-3.44135
 30
0.0
 10
-10.71704
 20
-3.98533
 30
0.0
 10
-10.58863
 20
-4.5212
 30
0.0
 10
-10.58863
 20
-4.5212
 30
0.0
 10
-10.51631
 20
-4.77661
 30
0.0
 10
-10.58827
 20
-5.0352
 30
0.0
 10
-10.66518
 20
-5.27861
 30
0.0
 10
-10.66518
 20
-5.27861
 30
0.0
 10
-10.77595
 20
-5.848
 30
0.0
 10
-10.63413
 20
-6.46748
 30
0.0
 10
-10.27571
 20
-6.92609
 30
0.0
 10
-10.27571
 20
-6.92609
 30
0.0
 10
-10.11696
 20
-7.15363
 30
0.0
 10
-9.87319
 20
-7.29897
 30
0.0
 10
-9.67705
 20
-7.49018
 30
0.0
 10
-9.67705
 20
-7.49018
 30
0.0
 10
-9.36907
 20
-7.8426
 30
0.0
 10
-9.19692
 20
-8.28252
 30
0.0
 10
-8.9602
 20
-8.6808
 30
0.0
 10
-8.9602
 20
-8.6808
 30
0.0
 10
-8.80886
 20
-8.96091
 30
0.0
 10
-8.58802
 20
-9.21914
 30
0.0
 10
-8.53652
 20
-9.54158
 30
0.0
 10
-8.53652
 20
-9.54158
 30
0.0
 10
-8.57285
 20
-10.29264
 30
0.0
 10
-8.15763
 20
-11.05006
 30
0.0
 10
-7.50041
 20
-11.41801
 30
0.0
 10
-7.50041
 20
-11.41801
 30
0.0
 10
-7.19138
 20
-11.60745
 30
0.0
 10
-6.81461
 20
-11.65684
 30
0.0
 10
-6.52921
 20
-11.89037
 30
0.0
 10
-6.52921
 20
-11.89037
 30
0.0
 10
-6.05014
 20
-12.25656
 30
0.0
 10
-5.60352
 20
-12.66437
 30
0.0
 10
-5.11316
 20
-13.01679
 30
0.0
 10
-5.11316
 20
-13.01679
 30
0.0
 10
-4.91455
 20
-13.15438
 30
0.0
 10
-4.88456
 20
-13.41543
 30
0.0
 10
-4.73957
 20
-13.59606
 30
0.0
 10
-4.73957
 20
-13.59606
 30
0.0
 10
-4.33035
 20
-14.16438
 30
0.0
 10
-3.61985
 20
-14.53233
 30
0.0
 10
-2.91218
 20
-14.46812
 30
0.0
 10
-2.91218
 20
-14.46812
 30
0.0
 10
-2.62925
 20
-14.45648
 30
0.0
 10
-2.34703
 20
-14.38875
 30
0.0
 10
-2.0634
 20
-14.44237
 30
0.0
 10
-2.0634
 20
-14.44237
 30
0.0
 10
-1.38113
 20
-14.55279
 30
0.0
 10
-0.69638
 20
-14.6498
 30
0.0
 10
-0.01058
 20
-14.73271
 30
0.0
 10
-0.01058
 20
-14.73271
 30
0.0
 10
0.28681
 20
-14.87911
 30
0.0
 10
0.57609
 20
-15.08231
 30
0.0
 10
0.91934
 20
-15.09959
 30
0.0
 10
0.91934
 20
-15.09959
 30
0.0
 10
1.47285
 20
-15.14546
 30
0.0
 10
2.0768
 20
-15.05197
 30
0.0
 10
2.51495
 20
-14.68437
 30
0.0
 10
2.51495
 20
-14.68437
 30
0.0
 10
2.73791
 20
-14.53409
 30
0.0
 10
2.90583
 20
-14.30831
 30
0.0
 10
3.15983
 20
-14.2053
 30
0.0
 10
3.15983
 20
-14.2053
 30
0.0
 10
3.74121
 20
-13.93225
 30
0.0
 10
4.32858
 20
-13.6712
 30
0.0
 10
4.89197
 20
-13.36287
 30
0.0
 10
4.89197
 20
-13.36287
 30
0.0
 10
5.13362
 20
-13.23234
 30
0.0
 10
5.41937
 20
-13.33606
 30
0.0
 10
5.67549
 20
-13.26409
 30
0.0
 10
5.67549
 20
-13.26409
 30
0.0
 10
6.2611
 20
-13.09793
 30
0.0
 10
6.79027
 20
-12.69859
 30
0.0
 10
7.06896
 20
-12.15178
 30
0.0
 10
7.06896
 20
-12.15178
 30
0.0
 10
7.20831
 20
-11.83534
 30
0.0
 10
7.26757
 20
-11.47339
 30
0.0
 10
7.50041
 20
-11.20422
 30
0.0
 10
7.50041
 20
-11.20422
 30
0.0
 10
7.85319
 20
-10.77807
 30
0.0
 10
8.18056
 20
-10.3318
 30
0.0
 10
8.51817
 20
-9.8933
 30
0.0
 10
8.51817
 20
-9.8933
 30
0.0
 10
8.64905
 20
-9.67176
 30
0.0
 10
8.92739
 20
-9.6453
 30
0.0
 10
9.12918
 20
-9.51512
 30
0.0
 10
9.12918
 20
-9.51512
 30
0.0
 10
9.53876
 20
-9.2523
 30
0.0
 10
9.83227
 20
-8.83038
 30
0.0
 10
9.9949
 20
-8.37636
 30
0.0
 10
9.9949
 20
-8.37636
 30
0.0
 10
10.18752
 20
-7.88
 30
0.0
 10
9.9695
 20
-7.32719
 30
0.0
 10
10.18611
 20
-6.83719
 30
0.0
 10
10.18611
 20
-6.83719
 30
0.0
 10
10.36144
 20
-6.33518
 30
0.0
 10
10.52442
 20
-5.82895
 30
0.0
 10
10.69516
 20
-5.32553
 30
0.0
 10
10.69516
 20
-5.32553
 30
0.0
 10
10.77877
 20
-5.10222
 30
0.0
 10
10.99961
 20
-4.97522
 30
0.0
 10
11.14742
 20
-4.79743
 30
0.0
 10
11.14742
 20
-4.79743
 30
0.0
 10
11.48221
 20
-4.38185
 30
0.0
 10
11.67095
 20
-3.83505
 30
0.0
 10
11.61556
 20
-3.29953
 30
0.0
 10
11.61556
 20
-3.29953
 30
0.0
 10
11.6018
 20
-2.85433
 30
0.0
 10
11.29206
 20
-2.46204
 30
0.0
 10
11.35521
 20
-2.00978
 30
0.0
 10
11.35521
 20
-2.00978
 30
0.0
 10
11.3852
 20
-1.46368
 30
0.0
 10
11.39966
 20
-0.91581
 30
0.0
 10
11.45928
 20
-0.37183
 30
0.0
 10
11.45928
 20
-0.37183
 30
0.0
 10
11.44305
 20
-0.19861
 30
0.0
 10
11.57393
 20
-0.07726
 30
0.0
 10
11.64907
 20
0.06103
 30
0.0
 10
11.64907
 20
0.06103
 30
0.0
 10
11.95705
 20
0.55457
 30
0.0
 10
11.99444
 20
1.18639
 30
0.0
 10
11.82335
 20
1.7339
 30
0.0
 10
11.82335
 20
1.7339
 30
0.0
 10
11.71787
 20
2.08809
 30
0.0
 10
11.44623
 20
2.35938
 30
0.0
 10
11.30124
 20
2.69416
 30
0.0
 10
11.30124
 20
2.69416
 30
0.0
 10
11.16859
 20
3.12314
 30
0.0
 10
11.09098
 20
3.56694
 30
0.0
 10
10.99291
 20
4.00473
 30
0.0
 10
10.99291
 20
4.00473
 30
0.0
 10
10.94775
 20
4.2732
 30
0.0
 10
10.84545
 20
4.54131
 30
0.0
 10
10.88602
 20
4.81718
 30
0.0
 10
10.88602
 20
4.81718
 30
0.0
 10
10.94846
 20
5.08317
 30
0.0
 10
11.05888
 20
5.34705
 30
0.0
 10
11.01796
 20
5.62575
 30
0.0
 10
11.01796
 20
5.62575
 30
0.0
 10
11.00526
 20
6.13869
 30
0.0
 10
10.80029
 20
6.6481
 30
0.0
 10
10.42811
 20
7.00581
 30
0.0
 10
10.42811
 20
7.00581
 30
0.0
 10
10.22667
 20
7.22842
 30
0.0
 10
9.93457
 20
7.36953
 30
0.0
 10
9.79205
 20
7.64187
 30
0.0
 10
9.79205
 20
7.64187
 30
0.0
 10
9.55428
 20
8.06415
 30
0.0
 10
9.32286
 20
8.4896
 30
0.0
 10
9.08367
 20
8.91081
 30
0.0
 10
9.08367
 20
8.91081
 30
0.0
 10
8.9729
 20
9.11049
 30
0.0
 10
8.83038
 20
9.31263
 30
0.0
 10
8.85578
 20
9.55428
 30
0.0
 10
8.85578
 20
9.55428
 30
0.0
 10
8.84414
 20
10.36532
 30
0.0
 10
8.31744
 20
11.14072
 30
0.0
 10
7.56426
 20
11.44129
 30
0.0
 10
7.56426
 20
11.44129
 30
0.0
 10
7.38223
 20
11.52948
 30
0.0
 10
7.17973
 20
11.56829
 30
0.0
 10
6.99946
 20
11.65931
 30
0.0
 10
6.99946
 20
11.65931
 30
0.0
 10
6.65021
 20
11.89038
 30
0.0
 10
6.36517
 20
12.20223
 30
0.0
 10
6.03003
 20
12.45129
 30
0.0
 10
6.03003
 20
12.45129
 30
0.0
 10
5.79296
 20
12.64532
 30
0.0
 10
5.52732
 20
12.80795
 30
0.0
 10
5.3146
 20
13.0302
 30
0.0
 10
5.3146
 20
13.0302
 30
0.0
 10
5.15444
 20
13.31983
 30
0.0
 10
4.99498
 20
13.62287
 30
0.0
 10
4.74521
 20
13.84688
 30
0.0
 10
4.74521
 20
13.84688
 30
0.0
 10
4.40761
 20
14.13545
 30
0.0
 10
3.9811
 20
14.31149
 30
0.0
 10
3.54542
 20
14.38134
 30
0.0
 10
3.54542
 20
14.38134
 30
0.0
 10
3.28048
 20
14.4085
 30
0.0
 10
3.01696
 20
14.35171
 30
0.0
 10
2.75343
 20
14.33583
 30
0.0
 10
2.75343
 20
14.33583
 30
0.0
 10
2.32904
 20
14.29279
 30
0.0
 10
1.9177
 20
14.42932
 30
0.0
 10
1.50072
 20
14.48047
 30
0.0
 10
1.50072
 20
14.48047
 30
0.0
 10
1.11972
 20
14.54079
 30
0.0
 10
0.72849
 20
14.53197
 30
0.0
 10
0.35348
 20
14.62828
 30
0.0
 10
0.35348
 20
14.62828
 30
0.0
 10
0.08537
 20
14.74188
 30
0.0
 10
-0.16051
 20
14.91262
 30
0.0
 10
-0.4505
 20
14.97118
 30
0.0
 10
-0.4505
 20
14.97118
 30
0.0
 10
-0.70803
 20
15.02657
 30
0.0
 10
-0.97684
 20
15.01352
 30
0.0
 10
-1.23684
 20
14.98812
 30
0.0
  0
SPLINE
  5
72
330
1F
100
AcDbEntity
  8
Layer 1
 62
     7
100
AcDbSpline
210
0.0
220
0.0
230
1.0
 70
    11
 71
     3
 72
   620
 73
   616
 74
     0
 42
0.000000001
 43
0.0000000001
 40
0.0
 40
0.0
 40
0.0
 40
0.0
 40
0.0064516129032258
 40
0.0064516129032258
 40
0.0064516129032258
 40
0.0064516129032258
 40
0.0129032258064516
 40
0.0129032258064516
 40
0.0129032258064516
 40
0.0129032258064516
 40
0.0193548387096774
 40
0.0193548387096774
 40
0.0193548387096774
 40
0.0193548387096774
 40
0.0258064516129032
 40
0.0258064516129032
 40
0.0258064516129032
 40
0.0258064516129032
 40
0.032258064516129
 40
0.032258064516129
 40
0.032258064516129
 40
0.032258064516129
 40
0.0387096774193548
 40
0.0387096774193548
 40
0.0387096774193548
 40
0.0387096774193548
 40
0.0451612903225806
 40
0.0451612903225806
 40
0.0451612903225806
 40
0.0451612903225806
 40
0.0516129032258065
 40
0.0516129032258065
 40
0.0516129032258065
 40
0.0516129032258065
 40
0.0580645161290323
 40
0.0580645161290323
 40
0.0580645161290323
 40
0.0580645161290323
 40
0.0645161290322581
 40
0.0645161290322581
 40
0.0645161290322581
 40
0.0645161290322581
 40
0.0709677419354839
 40
0.0709677419354839
 40
0.0709677419354839
 40
0.0709677419354839
 40
0.0774193548387097
 40
0.0774193548387097
 40
0.0774193548387097
 40
0.0774193548387097
 40
0.0838709677419355
 40
0.0838709677419355
 40
0.0838709677419355
 40
0.0838709677419355
 40
0.0903225806451613
 40
0.0903225806451613
 40
0.0903225806451613
 40
0.0903225806451613
 40
0.0967741935483871
 40
0.0967741935483871
 40
0.0967741935483871
 40
0.0967741935483871
 40
0.1032258064516129
 40
0.1032258064516129
 40
0.1032258064516129
 40
0.1032258064516129
 40
0.1096774193548387
 40
0.1096774193548387
 40
0.1096774193548387
 40
0.1096774193548387
 40
0.1161290322580645
 40
0.1161290322580645
 40
0.1161290322580645
 40
0.1161290322580645
 40
0.1225806451612903
 40
0.1225806451612903
 40
0.1225806451612903
 40
0.1225806451612903
 40
0.1290322580645161
 40
0.1290322580645161
 40
0.1290322580645161
 40
0.1290322580645161
 40
0.1354838709677419
 40
0.1354838709677419
 40
0.1354838709677419
 40
0.1354838709677419
 40
0.1419354838709677
 40
0.1419354838709677
 40
0.1419354838709677
 40
0.1419354838709677
 40
0.1483870967741935
 40
0.1483870967741935
 40
0.1483870967741935
 40
0.1483870967741935
 40
0.1548387096774194
 40
0.1548387096774194
 40
0.1548387096774194
 40
0.1548387096774194
 40
0.1612903225806452
 40
0.1612903225806452
 40
0.1612903225806452
 40
0.1612903225806452
 40
0.167741935483871
 40
0.167741935483871
 40
0.167741935483871
 40
0.167741935483871
 40
0.1741935483870968
 40
0.1741935483870968
 40
0.1741935483870968
 40
0.1741935483870968
 40
0.1806451612903226
 40
0.1806451612903226
 40
0.1806451612903226
 40
0.1806451612903226
 40
0.1870967741935484
 40
0.1870967741935484
 40
0.1870967741935484
 40
0.1870967741935484
 40
0.1935483870967742
 40
0.1935483870967742
 40
0.1935483870967742
 40
0.1935483870967742
 40
0.2
 40
0.2
 40
0.2
 40
0.2
 40
0.2064516129032258
 40
0.2064516129032258
 40
0.2064516129032258
 40
0.2064516129032258
 40
0.2129032258064516
 40
0.2129032258064516
 40
0.2129032258064516
 40
0.2129032258064516
 40
0.2193548387096774
 40
0.2193548387096774
 40
0.2193548387096774
 40
0.2193548387096774
 40
0.2258064516129032
 40
0.2258064516129032
 40
0.2258064516129032
 40
0.2258064516129032
 40
0.232258064516129
 40
0.232258064516129
 40
0.232258064516129
 40
0.232258064516129
 40
0.2387096774193548
 40
0.2387096774193548
 40
0.2387096774193548
 40
0.2387096774193548
 40
0.2451612903225806
 40
0.2451612903225806
 40
0.2451612903225806
 40
0.2451612903225806
 40
0.2516129032258064
 40
0.2516129032258064
 40
0.2516129032258064
 40
0.2516129032258064
 40
0.2580645161290323
 40
0.2580645161290323
 40
0.2580645161290323
 40
0.2580645161290323
 40
0.2645161290322581
 40
0.2645161290322581
 40
0.2645161290322581
 40
0.2645161290322581
 40
0.2709677419354839
 40
0.2709677419354839
 40
0.2709677419354839
 40
0.2709677419354839
 40
0.2774193548387097
 40
0.2774193548387097
 40
0.2774193548387097
 40
0.2774193548387097
 40
0.2838709677419355
 40
0.2838709677419355
 40
0.2838709677419355
 40
0.2838709677419355
 40
0.2903225806451613
 40
0.2903225806451613
 40
0.2903225806451613
 40
0.2903225806451613
 40
0.2967741935483871
 40
0.2967741935483871
 40
0.2967741935483871
 40
0.2967741935483871
 40
0.3032258064516129
 40
0.3032258064516129
 40
0.3032258064516129
 40
0.3032258064516129
 40
0.3096774193548387
 40
0.3096774193548387
 40
0.3096774193548387
 40
0.3096774193548387
 40
0.3161290322580645
 40
0.3161290322580645
 40
0.3161290322580645
 40
0.3161290322580645
 40
0.3225806451612903
 40
0.3225806451612903
 40
0.3225806451612903
 40
0.3225806451612903
 40
0.3290322580645161
 40
0.3290322580645161
 40
0.3290322580645161
 40
0.3290322580645161
 40
0.335483870967742
 40
0.335483870967742
 40
0.335483870967742
 40
0.335483870967742
 40
0.3419354838709677
 40
0.3419354838709677
 40
0.3419354838709677
 40
0.3419354838709677
 40
0.3483870967741935
 40
0.3483870967741935
 40
0.3483870967741935
 40
0.3483870967741935
 40
0.3548387096774194
 40
0.3548387096774194
 40
0.3548387096774194
 40
0.3548387096774194
 40
0.3612903225806451
 40
0.3612903225806451
 40
0.3612903225806451
 40
0.3612903225806451
 40
0.367741935483871
 40
0.367741935483871
 40
0.367741935483871
 40
0.367741935483871
 40
0.3741935483870968
 40
0.3741935483870968
 40
0.3741935483870968
 40
0.3741935483870968
 40
0.3806451612903226
 40
0.3806451612903226
 40
0.3806451612903226
 40
0.3806451612903226
 40
0.3870967741935484
 40
0.3870967741935484
 40
0.3870967741935484
 40
0.3870967741935484
 40
0.3935483870967742
 40
0.3935483870967742
 40
0.3935483870967742
 40
0.3935483870967742
 40
0.4
 40
0.4
 40
0.4
 40
0.4
 40
0.4064516129032258
 40
0.4064516129032258
 40
0.4064516129032258
 40
0.4064516129032258
 40
0.4129032258064516
 40
0.4129032258064516
 40
0.4129032258064516
 40
0.4129032258064516
 40
0.4193548387096774
 40
0.4193548387096774
 40
0.4193548387096774
 40
0.4193548387096774
 40
0.4258064516129032
 40
0.4258064516129032
 40
0.4258064516129032
 40
0.4258064516129032
 40
0.432258064516129
 40
0.432258064516129
 40
0.432258064516129
 40
0.432258064516129
 40
0.4387096774193548
 40
0.4387096774193548
 40
0.4387096774193548
 40
0.4387096774193548
 40
0.4451612903225807
 40
0.4451612903225807
 40
0.4451612903225807
 40
0.4451612903225807
 40
0.4516129032258064
 40
0.4516129032258064
 40
0.4516129032258064
 40
0.4516129032258064
 40
0.4580645161290323
 40
0.4580645161290323
 40
0.4580645161290323
 40
0.4580645161290323
 40
0.4645161290322581
 40
0.4645161290322581
 40
0.4645161290322581
 40
0.4645161290322581
 40
0.4709677419354839
 40
0.4709677419354839
 40
0.4709677419354839
 40
0.4709677419354839
 40
0.4774193548387097
 40
0.4774193548387097
 40
0.4774193548387097
 40
0.4774193548387097
 40
0.4838709677419355
 40
0.4838709677419355
 40
0.4838709677419355
 40
0.4838709677419355
 40
0.4903225806451613
 40
0.4903225806451613
 40
0.4903225806451613
 40
0.4903225806451613
 40
0.4967741935483871
 40
0.4967741935483871
 40
0.4967741935483871
 40
0.4967741935483871
 40
0.5032258064516129
 40
0.5032258064516129
 40
0.5032258064516129
 40
0.5032258064516129
 40
0.5096774193548387
 40
0.5096774193548387
 40
0.5096774193548387
 40
0.5096774193548387
 40
0.5161290322580645
 40
0.5161290322580645
 40
0.5161290322580645
 40
0.5161290322580645
 40
0.5225806451612903
 40
0.5225806451612903
 40
0.5225806451612903
 40
0.5225806451612903
 40
0.5290322580645161
 40
0.5290322580645161
 40
0.5290322580645161
 40
0.5290322580645161
 40
0.535483870967742
 40
0.535483870967742
 40
0.535483870967742
 40
0.535483870967742
 40
0.5419354838709678
 40
0.5419354838709678
 40
0.5419354838709678
 40
0.5419354838709678
 40
0.5483870967741935
 40
0.5483870967741935
 40
0.5483870967741935
 40
0.5483870967741935
 40
0.5548387096774193
 40
0.5548387096774193
 40
0.5548387096774193
 40
0.5548387096774193
 40
0.5612903225806452
 40
0.5612903225806452
 40
0.5612903225806452
 40
0.5612903225806452
 40
0.567741935483871
 40
0.567741935483871
 40
0.567741935483871
 40
0.567741935483871
 40
0.5741935483870968
 40
0.5741935483870968
 40
0.5741935483870968
 40
0.5741935483870968
 40
0.5806451612903226
 40
0.5806451612903226
 40
0.5806451612903226
 40
0.5806451612903226
 40
0.5870967741935483
 40
0.5870967741935483
 40
0.5870967741935483
 40
0.5870967741935483
 40
0.5935483870967742
 40
0.5935483870967742
 40
0.5935483870967742
 40
0.5935483870967742
 40
0.6
 40
0.6
 40
0.6
 40
0.6
 40
0.6064516129032258
 40
0.6064516129032258
 40
0.6064516129032258
 40
0.6064516129032258
 40
0.6129032258064516
 40
0.6129032258064516
 40
0.6129032258064516
 40
0.6129032258064516
 40
0.6193548387096774
 40
0.6193548387096774
 40
0.6193548387096774
 40
0.6193548387096774
 40
0.6258064516129033
 40
0.6258064516129033
 40
0.6258064516129033
 40
0.6258064516129033
 40
0.632258064516129
 40
0.632258064516129
 40
0.632258064516129
 40
0.632258064516129
 40
0.6387096774193548
 40
0.6387096774193548
 40
0.6387096774193548
 40
0.6387096774193548
 40
0.6451612903225806
 40
0.6451612903225806
 40
0.6451612903225806
 40
0.6451612903225806
 40
0.6516129032258065
 40
0.6516129032258065
 40
0.6516129032258065
 40
0.6516129032258065
 40
0.6580645161290323
 40
0.6580645161290323
 40
0.6580645161290323
 40
0.6580645161290323
 40
0.6645161290322581
 40
0.6645161290322581
 40
0.6645161290322581
 40
0.6645161290322581
 40
0.6709677419354839
 40
0.6709677419354839
 40
0.6709677419354839
 40
0.6709677419354839
 40
0.6774193548387096
 40
0.6774193548387096
 40
0.6774193548387096
 40
0.6774193548387096
 40
0.6838709677419355
 40
0.6838709677419355
 40
0.6838709677419355
 40
0.6838709677419355
 40
0.6903225806451613
 40
0.6903225806451613
 40
0.6903225806451613
 40
0.6903225806451613
 40
0.6967741935483871
 40
0.6967741935483871
 40
0.6967741935483871
 40
0.6967741935483871
 40
0.7032258064516129
 40
0.7032258064516129
 40
0.7032258064516129
 40
0.7032258064516129
 40
0.7096774193548387
 40
0.7096774193548387
 40
0.7096774193548387
 40
0.7096774193548387
 40
0.7161290322580646
 40
0.7161290322580646
 40
0.7161290322580646
 40
0.7161290322580646
 40
0.7225806451612903
 40
0.7225806451612903
 40
0.7225806451612903
 40
0.7225806451612903
 40
0.7290322580645161
 40
0.7290322580645161
 40
0.7290322580645161
 40
0.7290322580645161
 40
0.7354838709677419
 40
0.7354838709677419
 40
0.7354838709677419
 40
0.7354838709677419
 40
0.7419354838709677
 40
0.7419354838709677
 40
0.7419354838709677
 40
0.7419354838709677
 40
0.7483870967741936
 40
0.7483870967741936
 40
0.7483870967741936
 40
0.7483870967741936
 40
0.7548387096774194
 40
0.7548387096774194
 40
0.7548387096774194
 40
0.7548387096774194
 40
0.7612903225806451
 40
0.7612903225806451
 40
0.7612903225806451
 40
0.7612903225806451
 40
0.7677419354838709
 40
0.7677419354838709
 40
0.7677419354838709
 40
0.7677419354838709
 40
0.7741935483870968
 40
0.7741935483870968
 40
0.7741935483870968
 40
0.7741935483870968
 40
0.7806451612903226
 40
0.7806451612903226
 40
0.7806451612903226
 40
0.7806451612903226
 40
0.7870967741935484
 40
0.7870967741935484
 40
0.7870967741935484
 40
0.7870967741935484
 40
0.7935483870967742
 40
0.7935483870967742
 40
0.7935483870967742
 40
0.7935483870967742
 40
0.8
 40
0.8
 40
0.8
 40
0.8
 40
0.8064516129032258
 40
0.8064516129032258
 40
0.8064516129032258
 40
0.8064516129032258
 40
0.8129032258064516
 40
0.8129032258064516
 40
0.8129032258064516
 40
0.8129032258064516
 40
0.8193548387096774
 40
0.8193548387096774
 40
0.8193548387096774
 40
0.8193548387096774
 40
0.8258064516129032
 40
0.8258064516129032
 40
0.8258064516129032
 40
0.8258064516129032
 40
0.832258064516129
 40
0.832258064516129
 40
0.832258064516129
 40
0.832258064516129
 40
0.8387096774193549
 40
0.8387096774193549
 40
0.8387096774193549
 40
0.8387096774193549
 40
0.8451612903225807
 40
0.8451612903225807
 40
0.8451612903225807
 40
0.8451612903225807
 40
0.8516129032258064
 40
0.8516129032258064
 40
0.8516129032258064
 40
0.8516129032258064
 40
0.8580645161290322
 40
0.8580645161290322
 40
0.8580645161290322
 40
0.8580645161290322
 40
0.864516129032258
 40
0.864516129032258
 40
0.864516129032258
 40
0.864516129032258
 40
0.8709677419354839
 40
0.8709677419354839
 40
0.8709677419354839
 40
0.8709677419354839
 40
0.8774193548387097
 40
0.8774193548387097
 40
0.8774193548387097
 40
0.8774193548387097
 40
0.8838709677419355
 40
0.8838709677419355
 40
0.8838709677419355
 40
0.8838709677419355
 40
0.8903225806451613
 40
0.8903225806451613
 40
0.8903225806451613
 40
0.8903225806451613
 40
0.896774193548387
 40
0.896774193548387
 40
0.896774193548387
 40
0.896774193548387
 40
0.9032258064516129
 40
0.9032258064516129
 40
0.9032258064516129
 40
0.9032258064516129
 40
0.9096774193548387
 40
0.9096774193548387
 40
0.9096774193548387
 40
0.9096774193548387
 40
0.9161290322580645
 40
0.9161290322580645
 40
0.9161290322580645
 40
0.9161290322580645
 40
0.9225806451612903
 40
0.9225806451612903
 40
0.9225806451612903
 40
0.9225806451612903
 40
0.9290322580645162
 40
0.9290322580645162
 40
0.9290322580645162
 40
0.9290322580645162
 40
0.9354838709677419
 40
0.9354838709677419
 40
0.9354838709677419
 40
0.9354838709677419
 40
0.9419354838709677
 40
0.9419354838709677
 40
0.9419354838709677
 40
0.9419354838709677
 40
0.9483870967741935
 40
0.9483870967741935
 40
0.9483870967741935
 40
0.9483870967741935
 40
0.9548387096774194
 40
0.9548387096774194
 40
0.9548387096774194
 40
0.9548387096774194
 40
0.9612903225806452
 40
0.9612903225806452
 40
0.9612903225806452
 40
0.9612903225806452
 40
0.967741935483871
 40
0.967741935483871
 40
0.967741935483871
 40
0.967741935483871
 40
0.9741935483870968
 40
0.9741935483870968
 40
0.9741935483870968
 40
0.9741935483870968
 40
0.9806451612903225
 40
0.9806451612903225
 40
0.9806451612903225
 40
0.9806451612903225
 40
0.9870967741935484
 40
0.9870967741935484
 40
0.9870967741935484
 40
0.9870967741935484
 40
1.0
 40
1.0
 40
1.0
 40
1.0
 10
-1.137
 20
14.01233
 30
0.0
 10
-0.64029
 20
14.17285
 30
0.0
 10
-0.11359
 20
14.24129
 30
0.0
 10
0.40711
 20
14.2046
 30
0.0
 10
0.40711
 20
14.2046
 30
0.0
 10
0.78458
 20
14.21377
 30
0.0
 10
1.11478
 20
14.01657
 30
0.0
 10
1.44463
 20
13.86381
 30
0.0
 10
1.44463
 20
13.86381
 30
0.0
 10
1.62101
 20
13.78656
 30
0.0
 10
1.66264
 20
13.57983
 30
0.0
 10
1.70603
 20
13.41402
 30
0.0
 10
1.70603
 20
13.41402
 30
0.0
 10
1.84785
 20
12.86122
 30
0.0
 10
2.34597
 20
12.50562
 30
0.0
 10
2.8067
 20
12.22657
 30
0.0
 10
2.8067
 20
12.22657
 30
0.0
 10
2.91924
 20
12.1352
 30
0.0
 10
3.06388
 20
12.12427
 30
0.0
 10
3.20146
 20
12.13026
 30
0.0
 10
3.20146
 20
12.13026
 30
0.0
 10
3.26461
 20
12.60334
 30
0.0
 10
3.10303
 20
13.08664
 30
0.0
 10
2.78694
 20
13.44013
 30
0.0
 10
2.78694
 20
13.44013
 30
0.0
 10
2.55164
 20
13.66097
 30
0.0
 10
2.20027
 20
13.72235
 30
0.0
 10
1.99566
 20
13.98164
 30
0.0
 10
1.99566
 20
13.98164
 30
0.0
 10
2.33539
 20
13.94601
 30
0.0
 10
2.69346
 20
13.90438
 30
0.0
 10
2.98309
 20
13.70965
 30
0.0
 10
2.98309
 20
13.70965
 30
0.0
 10
3.27025
 20
13.52127
 30
0.0
 10
3.56623
 20
13.32406
 30
0.0
 10
3.90984
 20
13.25915
 30
0.0
 10
3.90984
 20
13.25915
 30
0.0
 10
4.45735
 20
13.12616
 30
0.0
 10
4.93571
 20
12.8076
 30
0.0
 10
5.3721
 20
12.46258
 30
0.0
 10
5.3721
 20
12.46258
 30
0.0
 10
5.53508
 20
12.29007
 30
0.0
 10
5.66843
 20
12.08828
 30
0.0
 10
5.78167
 20
11.87979
 30
0.0
 10
5.78167
 20
11.87979
 30
0.0
 10
5.84412
 20
11.75561
 30
0.0
 10
5.92067
 20
11.61768
 30
0.0
 10
5.88081
 20
11.4741
 30
0.0
 10
5.88081
 20
11.4741
 30
0.0
 10
5.81731
 20
11.21586
 30
0.0
 10
5.73052
 20
10.94246
 30
0.0
 10
5.81131
 20
10.67682
 30
0.0
 10
5.81131
 20
10.67682
 30
0.0
 10
5.90197
 20
10.30323
 30
0.0
 10
6.08647
 20
9.96174
 30
0.0
 10
6.28368
 20
9.63507
 30
0.0
 10
6.28368
 20
9.63507
 30
0.0
 10
6.34824
 20
9.54405
 30
0.0
 10
6.42514
 20
9.41811
 30
0.0
 10
6.56696
 20
9.48126
 30
0.0
 10
6.56696
 20
9.48126
 30
0.0
 10
6.76487
 20
9.62025
 30
0.0
 10
6.75464
 20
9.90212
 30
0.0
 10
6.8132
 20
10.11167
 30
0.0
 10
6.8132
 20
10.11167
 30
0.0
 10
6.82484
 20
10.38966
 30
0.0
 10
6.89575
 20
10.70963
 30
0.0
 10
6.72183
 20
10.95481
 30
0.0
 10
6.72183
 20
10.95481
 30
0.0
 10
6.58072
 20
11.18482
 30
0.0
 10
6.4329
 20
11.41201
 30
0.0
 10
6.32495
 20
11.66036
 30
0.0
 10
6.32495
 20
11.66036
 30
0.0
 10
6.50311
 20
11.54324
 30
0.0
 10
6.67067
 20
11.4113
 30
0.0
 10
6.83895
 20
11.28042
 30
0.0
 10
6.83895
 20
11.28042
 30
0.0
 10
7.06014
 20
11.07405
 30
0.0
 10
7.14869
 20
10.77383
 30
0.0
 10
7.33143
 20
10.53818
 30
0.0
 10
7.33143
 20
10.53818
 30
0.0
 10
7.55191
 20
10.22279
 30
0.0
 10
7.88599
 20
10.01254
 30
0.0
 10
8.11636
 20
9.70527
 30
0.0
 10
8.11636
 20
9.70527
 30
0.0
 10
8.29381
 20
9.46856
 30
0.0
 10
8.47372
 20
9.23043
 30
0.0
 10
8.61483
 20
8.96937
 30
0.0
 10
8.61483
 20
8.96937
 30
0.0
 10
8.72031
 20
8.69103
 30
0.0
 10
8.80604
 20
8.40176
 30
0.0
 10
8.85543
 20
8.10754
 30
0.0
 10
8.85543
 20
8.10754
 30
0.0
 10
8.90623
 20
7.72442
 30
0.0
 10
8.53264
 20
7.48101
 30
0.0
 10
8.46631
 20
7.12435
 30
0.0
 10
8.46631
 20
7.12435
 30
0.0
 10
8.34002
 20
6.604
 30
0.0
 10
8.44091
 20
6.06002
 30
0.0
 10
8.59226
 20
5.55554
 30
0.0
 10
8.59226
 20
5.55554
 30
0.0
 10
8.88259
 20
5.54249
 30
0.0
 10
9.00853
 20
5.81907
 30
0.0
 10
9.13836
 20
6.0258
 30
0.0
 10
9.13836
 20
6.0258
 30
0.0
 10
9.24701
 20
6.2417
 30
0.0
 10
9.34367
 20
6.46818
 30
0.0
 10
9.37754
 20
6.70913
 30
0.0
 10
9.37754
 20
6.70913
 30
0.0
 10
9.42058
 20
7.01957
 30
0.0
 10
9.27417
 20
7.31132
 30
0.0
 10
9.26253
 20
7.61859
 30
0.0
 10
9.26253
 20
7.61859
 30
0.0
 10
9.28299
 20
7.62141
 30
0.0
 10
9.32356
 20
7.62741
 30
0.0
 10
9.34402
 20
7.63023
 30
0.0
 10
9.34402
 20
7.63023
 30
0.0
 10
9.42799
 20
7.43761
 30
0.0
 10
9.56557
 20
7.27357
 30
0.0
 10
9.64882
 20
7.08096
 30
0.0
 10
9.64882
 20
7.08096
 30
0.0
 10
9.73737
 20
6.74088
 30
0.0
 10
9.73384
 20
6.37152
 30
0.0
 10
9.90071
 20
6.05367
 30
0.0
 10
9.90071
 20
6.05367
 30
0.0
 10
10.10073
 20
5.65291
 30
0.0
 10
10.32792
 20
5.25851
 30
0.0
 10
10.42141
 20
4.81506
 30
0.0
 10
10.42141
 20
4.81506
 30
0.0
 10
10.57169
 20
4.3494
 30
0.0
 10
10.58122
 20
3.83611
 30
0.0
 10
10.42
 20
3.3722
 30
0.0
 10
10.42
 20
3.3722
 30
0.0
 10
10.27042
 20
3.09951
 30
0.0
 10
9.95398
 20
2.96157
 30
0.0
 10
9.80405
 20
2.68605
 30
0.0
 10
9.80405
 20
2.68605
 30
0.0
 10
9.57827
 20
2.26095
 30
0.0
 10
9.50454
 20
1.76742
 30
0.0
 10
9.51336
 20
1.29081
 30
0.0
 10
9.51336
 20
1.29081
 30
0.0
 10
9.52041
 20
1.15888
 30
0.0
 10
9.68657
 20
1.10949
 30
0.0
 10
9.78994
 20
1.18639
 30
0.0
 10
9.78994
 20
1.18639
 30
0.0
 10
10.10461
 20
1.37866
 30
0.0
 10
10.35297
 20
1.6637
 30
0.0
 10
10.54876
 20
1.97344
 30
0.0
 10
10.54876
 20
1.97344
 30
0.0
 10
10.72056
 20
2.29129
 30
0.0
 10
10.60379
 20
2.69311
 30
0.0
 10
10.78794
 20
3.00602
 30
0.0
 10
10.78794
 20
3.00602
 30
0.0
 10
10.86062
 20
2.7111
 30
0.0
 10
10.96045
 20
2.41441
 30
0.0
 10
10.93152
 20
2.10608
 30
0.0
 10
10.93152
 20
2.10608
 30
0.0
 10
10.9093
 20
1.78294
 30
0.0
 10
10.85815
 20
1.45239
 30
0.0
 10
10.93752
 20
1.13277
 30
0.0
 10
10.93752
 20
1.13277
 30
0.0
 10
11.06205
 20
0.61877
 30
0.0
 10
11.09063
 20
0.08643
 30
0.0
 10
11.05217
 20
-0.44062
 30
0.0
 10
11.05217
 20
-0.44062
 30
0.0
 10
11.05041
 20
-0.71896
 30
0.0
 10
10.90224
 20
-0.96132
 30
0.0
 10
10.81123
 20
-1.21638
 30
0.0
 10
10.81123
 20
-1.21638
 30
0.0
 10
10.76219
 20
-1.31304
 30
0.0
 10
10.74208
 20
-1.44251
 30
0.0
 10
10.63942
 20
-1.50036
 30
0.0
 10
10.63942
 20
-1.50036
 30
0.0
 10
10.43728
 20
-1.61996
 30
0.0
 10
10.19986
 20
-1.67993
 30
0.0
 10
10.0203
 20
-1.83586
 30
0.0
 10
10.0203
 20
-1.83586
 30
0.0
 10
9.63013
 20
-2.18299
 30
0.0
 10
9.40611
 20
-2.67476
 30
0.0
 10
9.277
 20
-3.17112
 30
0.0
 10
9.277
 20
-3.17112
 30
0.0
 10
9.23325
 20
-3.31364
 30
0.0
 10
9.38989
 20
-3.42406
 30
0.0
 10
9.519
 20
-3.38173
 30
0.0
 10
9.519
 20
-3.38173
 30
0.0
 10
9.82733
 20
-3.28859
 30
0.0
 10
10.09368
 20
-3.09245
 30
0.0
 10
10.35297
 20
-2.9083
 30
0.0
 10
10.35297
 20
-2.9083
 30
0.0
 10
10.69128
 20
-2.63772
 30
0.0
 10
10.67894
 20
-2.15583
 30
0.0
 10
10.94458
 20
-1.83197
 30
0.0
 10
10.94458
 20
-1.83197
 30
0.0
 10
10.98867
 20
-1.98755
 30
0.0
 10
10.96151
 20
-2.15124
 30
0.0
 10
10.96292
 20
-2.31105
 30
0.0
 10
10.96292
 20
-2.31105
 30
0.0
 10
10.9788
 20
-2.61056
 30
0.0
 10
10.81687
 20
-2.87055
 30
0.0
 10
10.72162
 20
-3.14219
 30
0.0
 10
10.72162
 20
-3.14219
 30
0.0
 10
10.55158
 20
-3.5874
 30
0.0
 10
10.64966
 20
-4.07705
 30
0.0
 10
10.52759
 20
-4.53284
 30
0.0
 10
10.52759
 20
-4.53284
 30
0.0
 10
10.42635
 20
-4.96041
 30
0.0
 10
10.32087
 20
-5.41232
 30
0.0
 10
10.02418
 20
-5.75275
 30
0.0
 10
10.02418
 20
-5.75275
 30
0.0
 10
9.90494
 20
-5.8995
 30
0.0
 10
9.80969
 20
-6.08436
 30
0.0
 10
9.63295
 20
-6.16973
 30
0.0
 10
9.63295
 20
-6.16973
 30
0.0
 10
9.40858
 20
-6.24522
 30
0.0
 10
9.16305
 20
-6.23958
 30
0.0
 10
8.94433
 20
-6.33483
 30
0.0
 10
8.94433
 20
-6.33483
 30
0.0
 10
8.46384
 20
-6.56519
 30
0.0
 10
8.06944
 20
-6.96277
 30
0.0
 10
7.83308
 20
-7.43867
 30
0.0
 10
7.83308
 20
-7.43867
 30
0.0
 10
7.82038
 20
-7.52687
 30
0.0
 10
7.87612
 20
-7.60801
 30
0.0
 10
7.90293
 20
-7.6895
 30
0.0
 10
7.90293
 20
-7.6895
 30
0.0
 10
8.33614
 20
-7.67151
 30
0.0
 10
8.77006
 20
-7.56991
 30
0.0
 10
9.14012
 20
-7.33742
 30
0.0
 10
9.14012
 20
-7.33742
 30
0.0
 10
9.38495
 20
-7.11694
 30
0.0
 10
9.53735
 20
-6.81461
 30
0.0
 10
9.78958
 20
-6.60012
 30
0.0
 10
9.78958
 20
-6.60012
 30
0.0
 10
9.75924
 20
-6.80791
 30
0.0
 10
9.70844
 20
-7.01252
 30
0.0
 10
9.6333
 20
-7.20901
 30
0.0
 10
9.6333
 20
-7.20901
 30
0.0
 10
9.52253
 20
-7.46619
 30
0.0
 10
9.3031
 20
-7.6514
 30
0.0
 10
9.16058
 20
-7.88917
 30
0.0
 10
9.16058
 20
-7.88917
 30
0.0
 10
8.9722
 20
-8.15516
 30
0.0
 10
8.91681
 20
-8.48501
 30
0.0
 10
8.7757
 20
-8.77464
 30
0.0
 10
8.7757
 20
-8.77464
 30
0.0
 10
8.47302
 20
-9.42552
 30
0.0
 10
8.00982
 20
-10.04782
 30
0.0
 10
7.32261
 20
-10.31981
 30
0.0
 10
7.32261
 20
-10.31981
 30
0.0
 10
6.991
 20
-10.3572
 30
0.0
 10
6.6615
 20
-10.18963
 30
0.0
 10
6.33095
 20
-10.28312
 30
0.0
 10
6.33095
 20
-10.28312
 30
0.0
 10
5.86352
 20
-10.39001
 30
0.0
 10
5.46559
 20
-10.66412
 30
0.0
 10
5.06271
 20
-10.91001
 30
0.0
 10
5.06271
 20
-10.91001
 30
0.0
 10
5.12022
 20
-11.19399
 30
0.0
 10
5.42713
 20
-11.24479
 30
0.0
 10
5.66773
 20
-11.28713
 30
0.0
 10
5.66773
 20
-11.28713
 30
0.0
 10
5.91185
 20
-11.29982
 30
0.0
 10
6.15879
 20
-11.30794
 30
0.0
 10
6.4008
 20
-11.26455
 30
0.0
 10
6.4008
 20
-11.26455
 30
0.0
 10
6.72253
 20
-11.1573
 30
0.0
 10
6.96701
 20
-10.89025
 30
0.0
 10
7.2965
 20
-10.79853
 30
0.0
 10
7.2965
 20
-10.79853
 30
0.0
 10
7.10636
 20
-11.0363
 30
0.0
 10
6.96066
 20
-11.3344
 30
0.0
 10
6.68443
 20
-11.48574
 30
0.0
 10
6.68443
 20
-11.48574
 30
0.0
 10
6.47418
 20
-11.61309
 30
0.0
 10
6.26075
 20
-11.73692
 30
0.0
 10
6.06672
 20
-11.88826
 30
0.0
 10
6.06672
 20
-11.88826
 30
0.0
 10
5.92032
 20
-12.01208
 30
0.0
 10
5.80531
 20
-12.16731
 30
0.0
 10
5.66984
 20
-12.30242
 30
0.0
 10
5.66984
 20
-12.30242
 30
0.0
 10
5.3594
 20
-12.63826
 30
0.0
 10
4.9657
 20
-12.88027
 30
0.0
 10
4.57094
 20
-13.10358
 30
0.0
 10
4.57094
 20
-13.10358
 30
0.0
 10
4.22522
 20
-13.22811
 30
0.0
 10
3.85163
 20
-13.28138
 30
0.0
 10
3.48439
 20
-13.26974
 30
0.0
 10
3.48439
 20
-13.26974
 30
0.0
 10
3.16548
 20
-13.07394
 30
0.0
 10
2.8829
 20
-12.78819
 30
0.0
 10
2.48991
 20
-12.74904
 30
0.0
 10
2.48991
 20
-12.74904
 30
0.0
 10
2.08386
 20
-12.68201
 30
0.0
 10
1.64359
 20
-12.63368
 30
0.0
 10
1.24954
 20
-12.7829
 30
0.0
 10
1.24954
 20
-12.7829
 30
0.0
 10
1.28658
 20
-12.85169
 30
0.0
 10
1.276
 20
-12.98751
 30
0.0
 10
1.33879
 20
-13.05842
 30
0.0
 10
1.33879
 20
-13.05842
 30
0.0
 10
1.51941
 20
-13.27009
 30
0.0
 10
1.74484
 20
-13.44154
 30
0.0
 10
1.9939
 20
-13.56501
 30
0.0
 10
1.9939
 20
-13.56501
 30
0.0
 10
2.3816
 20
-13.80172
 30
0.0
 10
2.86279
 20
-13.64615
 30
0.0
 10
3.28683
 20
-13.69413
 30
0.0
 10
3.28683
 20
-13.69413
 30
0.0
 10
3.08398
 20
-13.80172
 30
0.0
 10
2.87549
 20
-13.90297
 30
0.0
 10
2.65818
 20
-13.97776
 30
0.0
 10
2.65818
 20
-13.97776
 30
0.0
 10
2.26131
 20
-14.05643
 30
0.0
 10
1.84291
 20
-13.98764
 30
0.0
 10
1.45344
 20
-14.11429
 30
0.0
 10
1.45344
 20
-14.11429
 30
0.0
 10
0.84279
 20
-14.31749
 30
0.0
 10
0.1845
 20
-14.37005
 30
0.0
 10
-0.45085
 20
-14.27445
 30
0.0
 10
-0.45085
 20
-14.27445
 30
0.0
 10
-0.70908
 20
-14.18872
 30
0.0
 10
-0.95074
 20
-14.05572
 30
0.0
 10
-1.18569
 20
-13.92096
 30
0.0
 10
-1.18569
 20
-13.92096
 30
0.0
 10
-1.31445
 20
-13.85182
 30
0.0
 10
-1.31868
 20
-13.69095
 30
0.0
 10
-1.36701
 20
-13.56889
 30
0.0
 10
-1.36701
 20
-13.56889
 30
0.0
 10
-1.54376
 20
-13.0175
 30
0.0
 10
-1.99214
 20
-12.59981
 30
0.0
 10
-2.48603
 20
-12.3257
 30
0.0
 10
-2.48603
 20
-12.3257
 30
0.0
 10
-2.61197
 20
-12.21458
 30
0.0
 10
-2.77601
 20
-12.26079
 30
0.0
 10
-2.92488
 20
-12.26644
 30
0.0
 10
-2.92488
 20
-12.26644
 30
0.0
 10
-2.91747
 20
-12.66296
 30
0.0
 10
-2.81446
 20
-13.05948
 30
0.0
 10
-2.59115
 20
-13.39039
 30
0.0
 10
-2.59115
 20
-13.39039
 30
0.0
 10
-2.38513
 20
-13.73576
 30
0.0
 10
-1.93428
 20
-13.78656
 30
0.0
 10
-1.68099
 20
-14.08536
 30
0.0
 10
-1.68099
 20
-14.08536
 30
0.0
 10
-1.90429
 20
-14.06807
 30
0.0
 10
-2.12408
 20
-14.0208
 30
0.0
 10
-2.3428
 20
-13.97494
 30
0.0
 10
-2.3428
 20
-13.97494
 30
0.0
 10
-2.72662
 20
-13.85147
 30
0.0
 10
-3.00955
 20
-13.52515
 30
0.0
 10
-3.40289
 20
-13.42355
 30
0.0
 10
-3.40289
 20
-13.42355
 30
0.0
 10
-3.99274
 20
-13.25104
 30
0.0
 10
-4.572
 20
-12.99704
 30
0.0
 10
-5.0292
 20
-12.57759
 30
0.0
 10
-5.0292
 20
-12.57759
 30
0.0
 10
-5.23275
 20
-12.37297
 30
0.0
 10
-5.3975
 20
-12.13167
 30
0.0
 10
-5.52838
 20
-11.87556
 30
0.0
 10
-5.52838
 20
-11.87556
 30
0.0
 10
-5.64021
 20
-11.66989
 30
0.0
 10
-5.49169
 20
-11.44729
 30
0.0
 10
-5.49804
 20
-11.23386
 30
0.0
 10
-5.49804
 20
-11.23386
 30
0.0
 10
-5.3908
 20
-10.59286
 30
0.0
 10
-5.78591
 20
-10.03864
 30
0.0
 10
-6.10517
 20
-9.52853
 30
0.0
 10
-6.10517
 20
-9.52853
 30
0.0
 10
-6.20748
 20
-9.57651
 30
0.0
 10
-6.33942
 20
-9.62166
 30
0.0
 10
-6.38246
 20
-9.73984
 30
0.0
 10
-6.38246
 20
-9.73984
 30
0.0
 10
-6.51792
 20
-10.09403
 30
0.0
 10
-6.54191
 20
-10.48632
 30
0.0
 10
-6.48264
 20
-10.85921
 30
0.0
 10
-6.48264
 20
-10.85921
 30
0.0
 10
-6.37716
 20
-11.1573
 30
0.0
 10
-6.16691
 20
-11.40777
 30
0.0
 10
-6.06601
 20
-11.70869
 30
0.0
 10
-6.06601
 20
-11.70869
 30
0.0
 10
-6.25052
 20
-11.59263
 30
0.0
 10
-6.44349
 20
-11.48045
 30
0.0
 10
-6.59659
 20
-11.32346
 30
0.0
 10
-6.59659
 20
-11.32346
 30
0.0
 10
-6.83084
 20
-11.01231
 30
0.0
 10
-6.95501
 20
-10.62037
 30
0.0
 10
-7.2517
 20
-10.3565
 30
0.0
 10
-7.2517
 20
-10.3565
 30
0.0
 10
-7.61471
 20
-10.04535
 30
0.0
 10
-7.92656
 20
-9.67599
 30
0.0
 10
-8.18268
 20
-9.27276
 30
0.0
 10
-8.18268
 20
-9.27276
 30
0.0
 10
-8.4388
 20
-8.91328
 30
0.0
 10
-8.51676
 20
-8.45961
 30
0.0
 10
-8.51359
 20
-8.02711
 30
0.0
 10
-8.51359
 20
-8.02711
 30
0.0
 10
-8.53475
 20
-7.85072
 30
0.0
 10
-8.38906
 20
-7.73748
 30
0.0
 10
-8.31003
 20
-7.60271
 30
0.0
 10
-8.31003
 20
-7.60271
 30
0.0
 10
-8.07191
 20
-7.2577
 30
0.0
 10
-8.08073
 20
-6.80826
 30
0.0
 10
-8.10084
 20
-6.40715
 30
0.0
 10
-8.10084
 20
-6.40715
 30
0.0
 10
-8.14599
 20
-6.1916
 30
0.0
 10
-8.14423
 20
-5.95101
 30
0.0
 10
-8.26382
 20
-5.7598
 30
0.0
 10
-8.26382
 20
-5.7598
 30
0.0
 10
-8.31497
 20
-5.65609
 30
0.0
 10
-8.47266
 20
-5.6702
 30
0.0
 10
-8.54498
 20
-5.74181
 30
0.0
 10
-8.54498
 20
-5.74181
 30
0.0
 10
-8.81944
 20
-6.03568
 30
0.0
 10
-8.98913
 20
-6.41879
 30
0.0
 10
-9.06004
 20
-6.81179
 30
0.0
 10
-9.06004
 20
-6.81179
 30
0.0
 10
-9.06674
 20
-7.14234
 30
0.0
 10
-8.96232
 20
-7.46478
 30
0.0
 10
-8.97502
 20
-7.79674
 30
0.0
 10
-8.97502
 20
-7.79674
 30
0.0
 10
-9.10908
 20
-7.5946
 30
0.0
 10
-9.23325
 20
-7.38434
 30
0.0
 10
-9.33274
 20
-7.16351
 30
0.0
 10
-9.33274
 20
-7.16351
 30
0.0
 10
-9.44316
 20
-6.79309
 30
0.0
 10
-9.43681
 20
-6.38281
 30
0.0
 10
-9.63789
 20
-6.04308
 30
0.0
 10
-9.63789
 20
-6.04308
 30
0.0
 10
-9.82063
 20
-5.72452
 30
0.0
 10
-9.98467
 20
-5.39397
 30
0.0
 10
-10.07463
 20
-5.0359
 30
0.0
 10
-10.07463
 20
-5.0359
 30
0.0
 10
-10.14589
 20
-4.72087
 30
0.0
 10
-10.26971
 20
-4.40231
 30
0.0
 10
-10.21786
 20
-4.07423
 30
0.0
 10
-10.21786
 20
-4.07423
 30
0.0
 10
-10.19316
 20
-3.86468
 30
0.0
 10
-10.18752
 20
-3.64384
 30
0.0
 10
-10.08909
 20
-3.45264
 30
0.0
 10
-10.08909
 20
-3.45264
 30
0.0
 10
-9.86508
 20
-3.19828
 30
0.0
 10
-9.56628
 20
-2.99261
 30
0.0
 10
-9.41952
 20
-2.67829
 30
0.0
 10
-9.41952
 20
-2.67829
 30
0.0
 10
-9.25054
 20
-2.26554
 30
0.0
 10
-9.18422
 20
-1.81257
 30
0.0
 10
-9.20327
 20
-1.36878
 30
0.0
 10
-9.20327
 20
-1.36878
 30
0.0
 10
-9.23431
 20
-1.22414
 30
0.0
 10
-9.42411
 20
-1.23578
 30
0.0
 10
-9.5183
 20
-1.31128
 30
0.0
 10
-9.5183
 20
-1.31128
 30
0.0
 10
-9.7857
 20
-1.49895
 30
0.0
 10
-10.00019
 20
-1.75578
 30
0.0
 10
-10.18505
 20
-2.02318
 30
0.0
 10
-10.18505
 20
-2.02318
 30
0.0
 10
-10.40306
 20
-2.35691
 30
0.0
 10
-10.28347
 20
-2.79541
 30
0.0
 10
-10.46445
 20
-3.14607
 30
0.0
 10
-10.46445
 20
-3.14607
 30
0.0
 10
-10.5089
 20
-2.98203
 30
0.0
 10
-10.54982
 20
-2.81693
 30
0.0
 10
-10.58827
 20
-2.65183
 30
0.0
 10
-10.58827
 20
-2.65183
 30
0.0
 10
-10.67682
 20
-2.21933
 30
0.0
 10
-10.51983
 20
-1.78012
 30
0.0
 10
-10.59251
 20
-1.34726
 30
0.0
 10
-10.59251
 20
-1.34726
 30
0.0
 10
-10.75161
 20
-0.71191
 30
0.0
 10
-10.82887
 20
-0.04057
 30
0.0
 10
-10.69446
 20
0.60572
 30
0.0
 10
-10.69446
 20
0.60572
 30
0.0
 10
-10.59427
 20
0.86113
 30
0.0
 10
-10.50537
 20
1.12854
 30
0.0
 10
-10.34838
 20
1.35573
 30
0.0
 10
-10.34838
 20
1.35573
 30
0.0
 10
-10.19351
 20
1.49754
 30
0.0
 10
-9.97197
 20
1.53494
 30
0.0
 10
-9.80405
 20
1.65911
 30
0.0
 10
-9.80405
 20
1.65911
 30
0.0
 10
-9.34473
 20
1.97838
 30
0.0
 10
-9.11225
 20
2.52024
 30
0.0
 10
-8.96232
 20
3.03953
 30
0.0
 10
-8.96232
 20
3.03953
 30
0.0
 10
-8.89353
 20
3.22404
 30
0.0
 10
-9.15
 20
3.35209
 30
0.0
 10
-9.29323
 20
3.25967
 30
0.0
 10
-9.29323
 20
3.25967
 30
0.0
 10
-9.71409
 20
3.04553
 30
0.0
 10
-10.19104
 20
2.79012
 30
0.0
 10
-10.35191
 20
2.31316
 30
0.0
 10
-10.35191
 20
2.31316
 30
0.0
 10
-10.41047
 20
2.11349
 30
0.0
 10
-10.50149
 20
1.92652
 30
0.0
 10
-10.61403
 20
1.75189
 30
0.0
 10
-10.61403
 20
1.75189
 30
0.0
 10
-10.62602
 20
2.07821
 30
0.0
 10
-10.67682
 20
2.42535
 30
0.0
 10
-10.52442
 20
2.72838
 30
0.0
 10
-10.52442
 20
2.72838
 30
0.0
 10
-10.37167
 20
3.05047
 30
0.0
 10
-10.31169
 20
3.40536
 30
0.0
 10
-10.28947
 20
3.75849
 30
0.0
 10
-10.28947
 20
3.75849
 30
0.0
 10
-10.25878
 20
4.25626
 30
0.0
 10
-10.15753
 20
4.75086
 30
0.0
 10
-9.97761
 20
5.21617
 30
0.0
 10
-9.97761
 20
5.21617
 30
0.0
 10
-9.81745
 20
5.53755
 30
0.0
 10
-9.59238
 20
5.83106
 30
0.0
 10
-9.31721
 20
6.06249
 30
0.0
 10
-9.31721
 20
6.06249
 30
0.0
 10
-9.10484
 20
6.1281
 30
0.0
 10
-8.87483
 20
6.11717
 30
0.0
 10
-8.66704
 20
6.20183
 30
0.0
 10
-8.66704
 20
6.20183
 30
0.0
 10
-8.16857
 20
6.42338
 30
0.0
 10
-7.80062
 20
6.85024
 30
0.0
 10
-7.51346
 20
7.30074
 30
0.0
 10
-7.51346
 20
7.30074
 30
0.0
 10
-7.46407
 20
7.40093
 30
0.0
 10
-7.54204
 20
7.53463
 30
0.0
 10
-7.64999
 20
7.55121
 30
0.0
 10
-7.64999
 20
7.55121
 30
0.0
 10
-8.06309
 20
7.57273
 30
0.0
 10
-8.47266
 20
7.44502
 30
0.0
 10
-8.82191
 20
7.23089
 30
0.0
 10
-8.82191
 20
7.23089
 30
0.0
 10
-9.08579
 20
7.00652
 30
0.0
 10
-9.25618
 20
6.69607
 30
0.0
 10
-9.50877
 20
6.46007
 30
0.0
 10
-9.50877
 20
6.46007
 30
0.0
 10
-9.4548
 20
6.70348
 30
0.0
 10
-9.38459
 20
6.94549
 30
0.0
 10
-9.28476
 20
7.17409
 30
0.0
 10
-9.28476
 20
7.17409
 30
0.0
 10
-9.14964
 20
7.40622
 30
0.0
 10
-8.95315
 20
7.59531
 30
0.0
 10
-8.81063
 20
7.82214
 30
0.0
 10
-8.81063
 20
7.82214
 30
0.0
 10
-8.66316
 20
8.07332
 30
0.0
 10
-8.59614
 20
8.35907
 30
0.0
 10
-8.47866
 20
8.62295
 30
0.0
 10
-8.47866
 20
8.62295
 30
0.0
 10
-8.29204
 20
9.01488
 30
0.0
 10
-8.05921
 20
9.38671
 30
0.0
 10
-7.77205
 20
9.71232
 30
0.0
 10
-7.77205
 20
9.71232
 30
0.0
 10
-7.53357
 20
9.89683
 30
0.0
 10
-7.29439
 20
10.10391
 30
0.0
 10
-7.00723
 20
10.20868
 30
0.0
 10
-7.00723
 20
10.20868
 30
0.0
 10
-6.72536
 20
10.23761
 30
0.0
 10
-6.45019
 20
10.12437
 30
0.0
 10
-6.16691
 20
10.15436
 30
0.0
 10
-6.16691
 20
10.15436
 30
0.0
 10
-5.64162
 20
10.2048
 30
0.0
 10
-5.19571
 20
10.51772
 30
0.0
 10
-4.76074
 20
10.78971
 30
0.0
 10
-4.76074
 20
10.78971
 30
0.0
 10
-4.79319
 20
10.87402
 30
0.0
 10
-4.81154
 20
10.96751
 30
0.0
 10
-4.86904
 20
11.03912
 30
0.0
 10
-4.86904
 20
11.03912
 30
0.0
 10
-5.26697
 20
11.20563
 30
0.0
 10
-5.72206
 20
11.2395
 30
0.0
 10
-6.14186
 20
11.1446
 30
0.0
 10
-6.14186
 20
11.1446
 30
0.0
 10
-6.42832
 20
11.01231
 30
0.0
 10
-6.6548
 20
10.76254
 30
0.0
 10
-6.97336
 20
10.6934
 30
0.0
 10
-6.97336
 20
10.6934
 30
0.0
 10
-6.76593
 20
10.93611
 30
0.0
 10
-6.63434
 20
11.26984
 30
0.0
 10
-6.33271
 20
11.41448
 30
0.0
 10
-6.33271
 20
11.41448
 30
0.0
 10
-6.19125
 20
11.49456
 30
0.0
 10
-6.04555
 20
11.5697
 30
0.0
 10
-5.91256
 20
11.66424
 30
0.0
 10
-5.91256
 20
11.66424
 30
0.0
 10
-5.57318
 20
11.86991
 30
0.0
 10
-5.37563
 20
12.23327
 30
0.0
 10
-5.06166
 20
12.46964
 30
0.0
 10
-5.06166
 20
12.46964
 30
0.0
 10
-4.64608
 20
12.80336
 30
0.0
 10
-4.16878
 20
13.11628
 30
0.0
 10
-3.62126
 20
13.15226
 30
0.0
 10
-3.62126
 20
13.15226
 30
0.0
 10
-3.4036
 20
13.17766
 30
0.0
 10
-3.14748
 20
13.21047
 30
0.0
 10
-2.97462
 20
13.04431
 30
0.0
 10
-2.97462
 20
13.04431
 30
0.0
 10
-2.43699
 20
12.5409
 30
0.0
 10
-1.62666
 20
12.51373
 30
0.0
 10
-0.93839
 20
12.64532
 30
0.0
 10
-0.93839
 20
12.64532
 30
0.0
 10
-0.97614
 20
12.73598
 30
0.0
 10
-0.96026
 20
12.84146
 30
0.0
 10
-1.01247
 20
12.92648
 30
0.0
 10
-1.01247
 20
12.92648
 30
0.0
 10
-1.22343
 20
13.23128
 30
0.0
 10
-1.56104
 20
13.40873
 30
0.0
 10
-1.88842
 20
13.55972
 30
0.0
 10
-1.88842
 20
13.55972
 30
0.0
 10
-2.24473
 20
13.62569
 30
0.0
 10
-2.61056
 20
13.57277
 30
0.0
 10
-2.97004
 20
13.58759
 30
0.0
 10
-2.97004
 20
13.58759
 30
0.0
 10
-2.76719
 20
13.69589
 30
0.0
 10
-2.55834
 20
13.79714
 30
0.0
 10
-2.34068
 20
13.87193
 30
0.0
 10
-2.34068
 20
13.87193
 30
0.0
 10
-1.94522
 20
13.95589
 30
0.0
 10
-1.52471
 20
13.88322
 30
0.0
 10
-1.137
 20
14.01233
 30
0.0
  0
SPLINE
  5
73
330
1F
100
AcDbEntity
  8
Layer 1
 62
     8
100
AcDbSpline
210
0.0
220
0.0
230
1.0
 70
    11
 71
     3
 72
   284
 73
   280
 74
     0
 42
0.000000001
 43
0.0000000001
 40
0.0
 40
0.0
 40
0.0
 40
0.0
 40
0.0140845070422535
 40
0.0140845070422535
 40
0.0140845070422535
 40
0.0140845070422535
 40
0.028169014084507
 40
0.028169014084507
 40
0.028169014084507
 40
0.028169014084507
 40
0.0422535211267606
 40
0.0422535211267606
 40
0.0422535211267606
 40
0.0422535211267606
 40
0.0563380281690141
 40
0.0563380281690141
 40
0.0563380281690141
 40
0.0563380281690141
 40
0.0704225352112676
 40
0.0704225352112676
 40
0.0704225352112676
 40
0.0704225352112676
 40
0.0845070422535211
 40
0.0845070422535211
 40
0.0845070422535211
 40
0.0845070422535211
 40
0.0985915492957746
 40
0.0985915492957746
 40
0.0985915492957746
 40
0.0985915492957746
 40
0.1126760563380282
 40
0.1126760563380282
 40
0.1126760563380282
 40
0.1126760563380282
 40
0.1267605633802817
 40
0.1267605633802817
 40
0.1267605633802817
 40
0.1267605633802817
 40
0.1408450704225352
 40
0.1408450704225352
 40
0.1408450704225352
 40
0.1408450704225352
 40
0.1549295774647887
 40
0.1549295774647887
 40
0.1549295774647887
 40
0.1549295774647887
 40
0.1690140845070423
 40
0.1690140845070423
 40
0.1690140845070423
 40
0.1690140845070423
 40
0.1830985915492958
 40
0.1830985915492958
 40
0.1830985915492958
 40
0.1830985915492958
 40
0.1971830985915493
 40
0.1971830985915493
 40
0.1971830985915493
 40
0.1971830985915493
 40
0.2112676056338028
 40
0.2112676056338028
 40
0.2112676056338028
 40
0.2112676056338028
 40
0.2253521126760563
 40
0.2253521126760563
 40
0.2253521126760563
 40
0.2253521126760563
 40
0.2394366197183098
 40
0.2394366197183098
 40
0.2394366197183098
 40
0.2394366197183098
 40
0.2535211267605634
 40
0.2535211267605634
 40
0.2535211267605634
 40
0.2535211267605634
 40
0.2676056338028169
 40
0.2676056338028169
 40
0.2676056338028169
 40
0.2676056338028169
 40
0.2816901408450704
 40
0.2816901408450704
 40
0.2816901408450704
 40
0.2816901408450704
 40
0.2957746478873239
 40
0.2957746478873239
 40
0.2957746478873239
 40
0.2957746478873239
 40
0.3098591549295774
 40
0.3098591549295774
 40
0.3098591549295774
 40
0.3098591549295774
 40
0.323943661971831
 40
0.323943661971831
 40
0.323943661971831
 40
0.323943661971831
 40
0.3380281690140845
 40
0.3380281690140845
 40
0.3380281690140845
 40
0.3380281690140845
 40
0.352112676056338
 40
0.352112676056338
 40
0.352112676056338
 40
0.352112676056338
 40
0.3661971830985916
 40
0.3661971830985916
 40
0.3661971830985916
 40
0.3661971830985916
 40
0.3802816901408451
 40
0.3802816901408451
 40
0.3802816901408451
 40
0.3802816901408451
 40
0.3943661971830986
 40
0.3943661971830986
 40
0.3943661971830986
 40
0.3943661971830986
 40
0.4084507042253521
 40
0.4084507042253521
 40
0.4084507042253521
 40
0.4084507042253521
 40
0.4225352112676056
 40
0.4225352112676056
 40
0.4225352112676056
 40
0.4225352112676056
 40
0.4366197183098591
 40
0.4366197183098591
 40
0.4366197183098591
 40
0.4366197183098591
 40
0.4507042253521127
 40
0.4507042253521127
 40
0.4507042253521127
 40
0.4507042253521127
 40
0.4647887323943662
 40
0.4647887323943662
 40
0.4647887323943662
 40
0.4647887323943662
 40
0.4788732394366197
 40
0.4788732394366197
 40
0.4788732394366197
 40
0.4788732394366197
 40
0.4929577464788732
 40
0.4929577464788732
 40
0.4929577464788732
 40
0.4929577464788732
 40
0.5070422535211268
 40
0.5070422535211268
 40
0.5070422535211268
 40
0.5070422535211268
 40
0.5211267605633803
 40
0.5211267605633803
 40
0.5211267605633803
 40
0.5211267605633803
 40
0.5352112676056338
 40
0.5352112676056338
 40
0.5352112676056338
 40
0.5352112676056338
 40
0.5492957746478874
 40
0.5492957746478874
 40
0.5492957746478874
 40
0.5492957746478874
 40
0.5633802816901409
 40
0.5633802816901409
 40
0.5633802816901409
 40
0.5633802816901409
 40
0.5774647887323944
 40
0.5774647887323944
 40
0.5774647887323944
 40
0.5774647887323944
 40
0.5915492957746479
 40
0.5915492957746479
 40
0.5915492957746479
 40
0.5915492957746479
 40
0.6056338028169014
 40
0.6056338028169014
 40
0.6056338028169014
 40
0.6056338028169014
 40
0.6197183098591549
 40
0.6197183098591549
 40
0.6197183098591549
 40
0.6197183098591549
 40
0.6338028169014085
 40
0.6338028169014085
 40
0.6338028169014085
 40
0.6338028169014085
 40
0.647887323943662
 40
0.647887323943662
 40
0.647887323943662
 40
0.647887323943662
 40
0.6619718309859155
 40
0.6619718309859155
 40
0.6619718309859155
 40
0.6619718309859155
 40
0.676056338028169
 40
0.676056338028169
 40
0.676056338028169
 40
0.676056338028169
 40
0.6901408450704225
 40
0.6901408450704225
 40
0.6901408450704225
 40
0.6901408450704225
 40
0.704225352112676
 40
0.704225352112676
 40
0.704225352112676
 40
0.704225352112676
 40
0.7183098591549296
 40
0.7183098591549296
 40
0.7183098591549296
 40
0.7183098591549296
 40
0.7323943661971831
 40
0.7323943661971831
 40
0.7323943661971831
 40
0.7323943661971831
 40
0.7464788732394366
 40
0.7464788732394366
 40
0.7464788732394366
 40
0.7464788732394366
 40
0.7605633802816901
 40
0.7605633802816901
 40
0.7605633802816901
 40
0.7605633802816901
 40
0.7746478873239436
 40
0.7746478873239436
 40
0.7746478873239436
 40
0.7746478873239436
 40
0.7887323943661971
 40
0.7887323943661971
 40
0.7887323943661971
 40
0.7887323943661971
 40
0.8028169014084507
 40
0.8028169014084507
 40
0.8028169014084507
 40
0.8028169014084507
 40
0.8169014084507042
 40
0.8169014084507042
 40
0.8169014084507042
 40
0.8169014084507042
 40
0.8309859154929577
 40
0.8309859154929577
 40
0.8309859154929577
 40
0.8309859154929577
 40
0.8450704225352113
 40
0.8450704225352113
 40
0.8450704225352113
 40
0.8450704225352113
 40
0.8591549295774648
 40
0.8591549295774648
 40
0.8591549295774648
 40
0.8591549295774648
 40
0.8732394366197183
 40
0.8732394366197183
 40
0.8732394366197183
 40
0.8732394366197183
 40
0.8873239436619719
 40
0.8873239436619719
 40
0.8873239436619719
 40
0.8873239436619719
 40
0.9014084507042254
 40
0.9014084507042254
 40
0.9014084507042254
 40
0.9014084507042254
 40
0.9154929577464789
 40
0.9154929577464789
 40
0.9154929577464789
 40
0.9154929577464789
 40
0.9295774647887324
 40
0.9295774647887324
 40
0.9295774647887324
 40
0.9295774647887324
 40
0.9436619718309859
 40
0.9436619718309859
 40
0.9436619718309859
 40
0.9436619718309859
 40
0.9577464788732394
 40
0.9577464788732394
 40
0.9577464788732394
 40
0.9577464788732394
 40
0.971830985915493
 40
0.971830985915493
 40
0.971830985915493
 40
0.971830985915493
 40
1.0
 40
1.0
 40
1.0
 40
1.0
 10
-1.23684
 20
14.98812
 30
0.0
 10
-0.97684
 20
15.01352
 30
0.0
 10
-0.70803
 20
15.02657
 30
0.0
 10
-0.4505
 20
14.97118
 30
0.0
 10
-0.4505
 20
14.97118
 30
0.0
 10
-0.16051
 20
14.91262
 30
0.0
 10
0.08537
 20
14.74188
 30
0.0
 10
0.35348
 20
14.62828
 30
0.0
 10
0.35348
 20
14.62828
 30
0.0
 10
0.72849
 20
14.53197
 30
0.0
 10
1.11972
 20
14.54079
 30
0.0
 10
1.50072
 20
14.48047
 30
0.0
 10
1.50072
 20
14.48047
 30
0.0
 10
1.9177
 20
14.42932
 30
0.0
 10
2.32904
 20
14.29279
 30
0.0
 10
2.75343
 20
14.33583
 30
0.0
 10
2.75343
 20
14.33583
 30
0.0
 10
3.01696
 20
14.35171
 30
0.0
 10
3.28048
 20
14.4085
 30
0.0
 10
3.54542
 20
14.38134
 30
0.0
 10
3.54542
 20
14.38134
 30
0.0
 10
3.9811
 20
14.31149
 30
0.0
 10
4.40761
 20
14.13545
 30
0.0
 10
4.74521
 20
13.84688
 30
0.0
 10
4.74521
 20
13.84688
 30
0.0
 10
4.99498
 20
13.62287
 30
0.0
 10
5.15444
 20
13.31983
 30
0.0
 10
5.3146
 20
13.0302
 30
0.0
 10
5.3146
 20
13.0302
 30
0.0
 10
5.52732
 20
12.80795
 30
0.0
 10
5.79296
 20
12.64532
 30
0.0
 10
6.03003
 20
12.45129
 30
0.0
 10
6.03003
 20
12.45129
 30
0.0
 10
6.36517
 20
12.20223
 30
0.0
 10
6.65021
 20
11.89038
 30
0.0
 10
6.99946
 20
11.65931
 30
0.0
 10
6.99946
 20
11.65931
 30
0.0
 10
7.17973
 20
11.56829
 30
0.0
 10
7.38223
 20
11.52948
 30
0.0
 10
7.56426
 20
11.44129
 30
0.0
 10
7.56426
 20
11.44129
 30
0.0
 10
8.31744
 20
11.14072
 30
0.0
 10
8.84414
 20
10.36532
 30
0.0
 10
8.85578
 20
9.55428
 30
0.0
 10
8.85578
 20
9.55428
 30
0.0
 10
8.83038
 20
9.31263
 30
0.0
 10
8.9729
 20
9.11049
 30
0.0
 10
9.08367
 20
8.91081
 30
0.0
 10
9.08367
 20
8.91081
 30
0.0
 10
9.32286
 20
8.4896
 30
0.0
 10
9.55428
 20
8.06415
 30
0.0
 10
9.79205
 20
7.64187
 30
0.0
 10
9.79205
 20
7.64187
 30
0.0
 10
9.93457
 20
7.36953
 30
0.0
 10
10.22667
 20
7.22842
 30
0.0
 10
10.42811
 20
7.00581
 30
0.0
 10
10.42811
 20
7.00581
 30
0.0
 10
10.80029
 20
6.6481
 30
0.0
 10
11.00526
 20
6.13869
 30
0.0
 10
11.01796
 20
5.62575
 30
0.0
 10
11.01796
 20
5.62575
 30
0.0
 10
11.05888
 20
5.34705
 30
0.0
 10
10.94846
 20
5.08317
 30
0.0
 10
10.88602
 20
4.81718
 30
0.0
 10
10.88602
 20
4.81718
 30
0.0
 10
10.84545
 20
4.54131
 30
0.0
 10
10.94775
 20
4.2732
 30
0.0
 10
10.99291
 20
4.00473
 30
0.0
 10
10.99291
 20
4.00473
 30
0.0
 10
11.09098
 20
3.56694
 30
0.0
 10
11.16859
 20
3.12314
 30
0.0
 10
11.30124
 20
2.69416
 30
0.0
 10
11.30124
 20
2.69416
 30
0.0
 10
11.44623
 20
2.35938
 30
0.0
 10
11.71787
 20
2.08809
 30
0.0
 10
11.82335
 20
1.7339
 30
0.0
 10
11.82335
 20
1.7339
 30
0.0
 10
11.99444
 20
1.18639
 30
0.0
 10
11.95705
 20
0.55457
 30
0.0
 10
11.64907
 20
0.06103
 30
0.0
 10
11.64907
 20
0.06103
 30
0.0
 10
11.57393
 20
-0.07726
 30
0.0
 10
11.44305
 20
-0.19861
 30
0.0
 10
11.45928
 20
-0.37183
 30
0.0
 10
11.45928
 20
-0.37183
 30
0.0
 10
11.39966
 20
-0.91581
 30
0.0
 10
11.3852
 20
-1.46368
 30
0.0
 10
11.35521
 20
-2.00978
 30
0.0
 10
11.35521
 20
-2.00978
 30
0.0
 10
11.29206
 20
-2.46204
 30
0.0
 10
11.6018
 20
-2.85433
 30
0.0
 10
11.61556
 20
-3.29953
 30
0.0
 10
11.61556
 20
-3.29953
 30
0.0
 10
11.67095
 20
-3.83505
 30
0.0
 10
11.48221
 20
-4.38185
 30
0.0
 10
11.14742
 20
-4.79743
 30
0.0
 10
11.14742
 20
-4.79743
 30
0.0
 10
10.99961
 20
-4.97522
 30
0.0
 10
10.77877
 20
-5.10222
 30
0.0
 10
10.69516
 20
-5.32553
 30
0.0
 10
10.69516
 20
-5.32553
 30
0.0
 10
10.52442
 20
-5.82895
 30
0.0
 10
10.36144
 20
-6.33518
 30
0.0
 10
10.18611
 20
-6.83719
 30
0.0
 10
10.18611
 20
-6.83719
 30
0.0
 10
9.9695
 20
-7.32719
 30
0.0
 10
10.18752
 20
-7.88
 30
0.0
 10
9.9949
 20
-8.37636
 30
0.0
 10
9.9949
 20
-8.37636
 30
0.0
 10
9.83227
 20
-8.83038
 30
0.0
 10
9.53876
 20
-9.2523
 30
0.0
 10
9.12918
 20
-9.51512
 30
0.0
 10
9.12918
 20
-9.51512
 30
0.0
 10
8.92739
 20
-9.6453
 30
0.0
 10
8.64905
 20
-9.67176
 30
0.0
 10
8.51817
 20
-9.8933
 30
0.0
 10
8.51817
 20
-9.8933
 30
0.0
 10
8.18056
 20
-10.3318
 30
0.0
 10
7.85319
 20
-10.77807
 30
0.0
 10
7.50041
 20
-11.20422
 30
0.0
 10
7.50041
 20
-11.20422
 30
0.0
 10
7.26757
 20
-11.47339
 30
0.0
 10
7.20831
 20
-11.83534
 30
0.0
 10
7.06896
 20
-12.15178
 30
0.0
 10
7.06896
 20
-12.15178
 30
0.0
 10
6.79027
 20
-12.69859
 30
0.0
 10
6.2611
 20
-13.09793
 30
0.0
 10
5.67549
 20
-13.26409
 30
0.0
 10
5.67549
 20
-13.26409
 30
0.0
 10
5.41937
 20
-13.33606
 30
0.0
 10
5.13362
 20
-13.23234
 30
0.0
 10
4.89197
 20
-13.36287
 30
0.0
 10
4.89197
 20
-13.36287
 30
0.0
 10
4.32858
 20
-13.6712
 30
0.0
 10
3.74121
 20
-13.93225
 30
0.0
 10
3.15983
 20
-14.2053
 30
0.0
 10
3.15983
 20
-14.2053
 30
0.0
 10
2.90583
 20
-14.30831
 30
0.0
 10
2.73791
 20
-14.53409
 30
0.0
 10
2.51495
 20
-14.68437
 30
0.0
 10
2.51495
 20
-14.68437
 30
0.0
 10
2.0768
 20
-15.05197
 30
0.0
 10
1.47285
 20
-15.14546
 30
0.0
 10
0.91934
 20
-15.09959
 30
0.0
 10
0.91934
 20
-15.09959
 30
0.0
 10
0.57609
 20
-15.08231
 30
0.0
 10
0.28681
 20
-14.87911
 30
0.0
 10
-0.01058
 20
-14.73271
 30
0.0
 10
-0.01058
 20
-14.73271
 30
0.0
 10
-0.69638
 20
-14.6498
 30
0.0
 10
-1.38113
 20
-14.55279
 30
0.0
 10
-2.0634
 20
-14.44237
 30
0.0
 10
-2.0634
 20
-14.44237
 30
0.0
 10
-2.34703
 20
-14.38875
 30
0.0
 10
-2.62925
 20
-14.45648
 30
0.0
 10
-2.91218
 20
-14.46812
 30
0.0
 10
-2.91218
 20
-14.46812
 30
0.0
 10
-3.61985
 20
-14.53233
 30
0.0
 10
-4.33035
 20
-14.16438
 30
0.0
 10
-4.73957
 20
-13.59606
 30
0.0
 10
-4.73957
 20
-13.59606
 30
0.0
 10
-4.88456
 20
-13.41543
 30
0.0
 10
-4.91455
 20
-13.15438
 30
0.0
 10
-5.11316
 20
-13.01679
 30
0.0
 10
-5.11316
 20
-13.01679
 30
0.0
 10
-5.60352
 20
-12.66437
 30
0.0
 10
-6.05014
 20
-12.25656
 30
0.0
 10
-6.52921
 20
-11.89037
 30
0.0
 10
-6.52921
 20
-11.89037
 30
0.0
 10
-6.81461
 20
-11.65684
 30
0.0
 10
-7.19138
 20
-11.60745
 30
0.0
 10
-7.50041
 20
-11.41801
 30
0.0
 10
-7.50041
 20
-11.41801
 30
0.0
 10
-8.15763
 20
-11.05006
 30
0.0
 10
-8.57285
 20
-10.29264
 30
0.0
 10
-8.53652
 20
-9.54158
 30
0.0
 10
-8.53652
 20
-9.54158
 30
0.0
 10
-8.58802
 20
-9.21914
 30
0.0
 10
-8.80886
 20
-8.96091
 30
0.0
 10
-8.9602
 20
-8.6808
 30
0.0
 10
-8.9602
 20
-8.6808
 30
0.0
 10
-9.19692
 20
-8.28252
 30
0.0
 10
-9.36907
 20
-7.8426
 30
0.0
 10
-9.67705
 20
-7.49018
 30
0.0
 10
-9.67705
 20
-7.49018
 30
0.0
 10
-9.87319
 20
-7.29897
 30
0.0
 10
-10.11696
 20
-7.15363
 30
0.0
 10
-10.27571
 20
-6.92609
 30
0.0
 10
-10.27571
 20
-6.92609
 30
0.0
 10
-10.63413
 20
-6.46748
 30
0.0
 10
-10.77595
 20
-5.848
 30
0.0
 10
-10.66518
 20
-5.27861
 30
0.0
 10
-10.66518
 20
-5.27861
 30
0.0
 10
-10.58827
 20
-5.0352
 30
0.0
 10
-10.51631
 20
-4.77661
 30
0.0
 10
-10.58863
 20
-4.5212
 30
0.0
 10
-10.58863
 20
-4.5212
 30
0.0
 10
-10.71704
 20
-3.98533
 30
0.0
 10
-10.80876
 20
-3.44135
 30
0.0
 10
-10.95093
 20
-2.90901
 30
0.0
 10
-10.95093
 20
-2.90901
 30
0.0
 10
-10.98268
 20
-2.68358
 30
0.0
 10
-11.14743
 20
-2.5213
 30
0.0
 10
-11.2649
 20
-2.33892
 30
0.0
 10
-11.2649
 20
-2.33892
 30
0.0
 10
-11.63814
 20
-1.80305
 30
0.0
 10
-11.69811
 20
-1.08338
 30
0.0
 10
-11.48398
 20
-0.47413
 30
0.0
 10
-11.48398
 20
-0.47413
 30
0.0
 10
-11.39896
 20
-0.25718
 30
0.0
 10
-11.26137
 20
-0.06597
 30
0.0
 10
-11.16295
 20
0.14358
 30
0.0
 10
-11.16295
 20
0.14358
 30
0.0
 10
-11.08004
 20
0.77964
 30
0.0
 10
-11.05958
 20
1.42381
 30
0.0
 10
-11.05994
 20
2.06446
 30
0.0
 10
-11.05994
 20
2.06446
 30
0.0
 10
-11.04089
 20
2.37525
 30
0.0
 10
-11.2081
 20
2.64901
 30
0.0
 10
-11.26314
 20
2.94675
 30
0.0
 10
-11.26314
 20
2.94675
 30
0.0
 10
-11.39931
 20
3.54189
 30
0.0
 10
-11.2208
 20
4.17371
 30
0.0
 10
-10.86979
 20
4.66161
 30
0.0
 10
-10.86979
 20
4.66161
 30
0.0
 10
-10.75196
 20
4.82388
 30
0.0
 10
-10.56569
 20
4.92054
 30
0.0
 10
-10.44646
 20
5.08106
 30
0.0
 10
-10.44646
 20
5.08106
 30
0.0
 10
-10.31593
 20
5.34564
 30
0.0
 10
-10.24537
 20
5.63421
 30
0.0
 10
-10.14271
 20
5.90973
 30
0.0
 10
-10.14271
 20
5.90973
 30
0.0
 10
-10.02524
 20
6.26216
 30
0.0
 10
-9.87884
 20
6.60647
 30
0.0
 10
-9.79558
 20
6.96948
 30
0.0
 10
-9.79558
 20
6.96948
 30
0.0
 10
-9.71691
 20
7.18891
 30
0.0
 10
-9.78606
 20
7.41856
 30
0.0
 10
-9.77829
 20
7.64258
 30
0.0
 10
-9.77829
 20
7.64258
 30
0.0
 10
-9.76171
 20
8.37212
 30
0.0
 10
-9.36413
 20
9.09532
 30
0.0
 10
-8.72702
 20
9.46256
 30
0.0
 10
-8.72702
 20
9.46256
 30
0.0
 10
-8.56897
 20
9.55287
 30
0.0
 10
-8.36295
 20
9.57368
 30
0.0
 10
-8.24971
 20
9.72961
 30
0.0
 10
-8.24971
 20
9.72961
 30
0.0
 10
-7.8673
 20
10.25137
 30
0.0
 10
-7.44361
 20
10.74173
 30
0.0
 10
-7.06861
 20
11.26878
 30
0.0
 10
-7.06861
 20
11.26878
 30
0.0
 10
-6.95678
 20
11.39472
 30
0.0
 10
-6.92785
 20
11.56159
 30
0.0
 10
-6.87811
 20
11.71575
 30
0.0
 10
-6.87811
 20
11.71575
 30
0.0
 10
-6.66644
 20
12.47105
 30
0.0
 10
-5.9757
 20
13.05066
 30
0.0
 10
-5.20876
 20
13.17872
 30
0.0
 10
-5.20876
 20
13.17872
 30
0.0
 10
-4.96076
 20
13.22705
 30
0.0
 10
-4.67889
 20
13.15261
 30
0.0
 10
-4.46052
 20
13.31207
 30
0.0
 10
-4.46052
 20
13.31207
 30
0.0
 10
-3.93806
 20
13.6084
 30
0.0
 10
-3.38455
 20
13.84229
 30
0.0
 10
-2.84198
 20
14.09806
 30
0.0
 10
-2.84198
 20
14.09806
 30
0.0
 10
-2.50578
 20
14.23247
 30
0.0
 10
-2.31493
 20
14.57078
 30
0.0
 10
-1.99496
 20
14.73024
 30
0.0
 10
-1.99496
 20
14.73024
 30
0.0
 10
-1.75754
 20
14.85371
 30
0.0
 10
-1.50319
 20
14.95213
 30
0.0
 10
-1.23684
 20
14.98812
 30
0.0
 10
-1.23684
 20
14.98812
 30
0.0
 10
-1.23684
 20
14.98812
 30
0.0
 10
-1.23684
 20
14.98812
 30
0.0
 10
-1.23684
 20
14.98812
 30
0.0
  0
SPLINE
  5
74
330
1F
100
AcDbEntity
  8
Layer 1
 62
     8
100
AcDbSpline
210
0.0
220
0.0
230
1.0
 70
    11
 71
     3
 72
   620
 73
   616
 74
     0
 42
0.000000001
 43
0.0000000001
 40
0.0
 40
0.0
 40
0.0
 40
0.0
 40
0.0064516129032258
 40
0.0064516129032258
 40
0.0064516129032258
 40
0.0064516129032258
 40
0.0129032258064516
 40
0.0129032258064516
 40
0.0129032258064516
 40
0.0129032258064516
 40
0.0193548387096774
 40
0.0193548387096774
 40
0.0193548387096774
 40
0.0193548387096774
 40
0.0258064516129032
 40
0.0258064516129032
 40
0.0258064516129032
 40
0.0258064516129032
 40
0.032258064516129
 40
0.032258064516129
 40
0.032258064516129
 40
0.032258064516129
 40
0.0387096774193548
 40
0.0387096774193548
 40
0.0387096774193548
 40
0.0387096774193548
 40
0.0451612903225806
 40
0.0451612903225806
 40
0.0451612903225806
 40
0.0451612903225806
 40
0.0516129032258065
 40
0.0516129032258065
 40
0.0516129032258065
 40
0.0516129032258065
 40
0.0580645161290323
 40
0.0580645161290323
 40
0.0580645161290323
 40
0.0580645161290323
 40
0.0645161290322581
 40
0.0645161290322581
 40
0.0645161290322581
 40
0.0645161290322581
 40
0.0709677419354839
 40
0.0709677419354839
 40
0.0709677419354839
 40
0.0709677419354839
 40
0.0774193548387097
 40
0.0774193548387097
 40
0.0774193548387097
 40
0.0774193548387097
 40
0.0838709677419355
 40
0.0838709677419355
 40
0.0838709677419355
 40
0.0838709677419355
 40
0.0903225806451613
 40
0.0903225806451613
 40
0.0903225806451613
 40
0.0903225806451613
 40
0.0967741935483871
 40
0.0967741935483871
 40
0.0967741935483871
 40
0.0967741935483871
 40
0.1032258064516129
 40
0.1032258064516129
 40
0.1032258064516129
 40
0.1032258064516129
 40
0.1096774193548387
 40
0.1096774193548387
 40
0.1096774193548387
 40
0.1096774193548387
 40
0.1161290322580645
 40
0.1161290322580645
 40
0.1161290322580645
 40
0.1161290322580645
 40
0.1225806451612903
 40
0.1225806451612903
 40
0.1225806451612903
 40
0.1225806451612903
 40
0.1290322580645161
 40
0.1290322580645161
 40
0.1290322580645161
 40
0.1290322580645161
 40
0.1354838709677419
 40
0.1354838709677419
 40
0.1354838709677419
 40
0.1354838709677419
 40
0.1419354838709677
 40
0.1419354838709677
 40
0.1419354838709677
 40
0.1419354838709677
 40
0.1483870967741935
 40
0.1483870967741935
 40
0.1483870967741935
 40
0.1483870967741935
 40
0.1548387096774194
 40
0.1548387096774194
 40
0.1548387096774194
 40
0.1548387096774194
 40
0.1612903225806452
 40
0.1612903225806452
 40
0.1612903225806452
 40
0.1612903225806452
 40
0.167741935483871
 40
0.167741935483871
 40
0.167741935483871
 40
0.167741935483871
 40
0.1741935483870968
 40
0.1741935483870968
 40
0.1741935483870968
 40
0.1741935483870968
 40
0.1806451612903226
 40
0.1806451612903226
 40
0.1806451612903226
 40
0.1806451612903226
 40
0.1870967741935484
 40
0.1870967741935484
 40
0.1870967741935484
 40
0.1870967741935484
 40
0.1935483870967742
 40
0.1935483870967742
 40
0.1935483870967742
 40
0.1935483870967742
 40
0.2
 40
0.2
 40
0.2
 40
0.2
 40
0.2064516129032258
 40
0.2064516129032258
 40
0.2064516129032258
 40
0.2064516129032258
 40
0.2129032258064516
 40
0.2129032258064516
 40
0.2129032258064516
 40
0.2129032258064516
 40
0.2193548387096774
 40
0.2193548387096774
 40
0.2193548387096774
 40
0.2193548387096774
 40
0.2258064516129032
 40
0.2258064516129032
 40
0.2258064516129032
 40
0.2258064516129032
 40
0.232258064516129
 40
0.232258064516129
 40
0.232258064516129
 40
0.232258064516129
 40
0.2387096774193548
 40
0.2387096774193548
 40
0.2387096774193548
 40
0.2387096774193548
 40
0.2451612903225806
 40
0.2451612903225806
 40
0.2451612903225806
 40
0.2451612903225806
 40
0.2516129032258064
 40
0.2516129032258064
 40
0.2516129032258064
 40
0.2516129032258064
 40
0.2580645161290323
 40
0.2580645161290323
 40
0.2580645161290323
 40
0.2580645161290323
 40
0.2645161290322581
 40
0.2645161290322581
 40
0.2645161290322581
 40
0.2645161290322581
 40
0.2709677419354839
 40
0.2709677419354839
 40
0.2709677419354839
 40
0.2709677419354839
 40
0.2774193548387097
 40
0.2774193548387097
 40
0.2774193548387097
 40
0.2774193548387097
 40
0.2838709677419355
 40
0.2838709677419355
 40
0.2838709677419355
 40
0.2838709677419355
 40
0.2903225806451613
 40
0.2903225806451613
 40
0.2903225806451613
 40
0.2903225806451613
 40
0.2967741935483871
 40
0.2967741935483871
 40
0.2967741935483871
 40
0.2967741935483871
 40
0.3032258064516129
 40
0.3032258064516129
 40
0.3032258064516129
 40
0.3032258064516129
 40
0.3096774193548387
 40
0.3096774193548387
 40
0.3096774193548387
 40
0.3096774193548387
 40
0.3161290322580645
 40
0.3161290322580645
 40
0.3161290322580645
 40
0.3161290322580645
 40
0.3225806451612903
 40
0.3225806451612903
 40
0.3225806451612903
 40
0.3225806451612903
 40
0.3290322580645161
 40
0.3290322580645161
 40
0.3290322580645161
 40
0.3290322580645161
 40
0.335483870967742
 40
0.335483870967742
 40
0.335483870967742
 40
0.335483870967742
 40
0.3419354838709677
 40
0.3419354838709677
 40
0.3419354838709677
 40
0.3419354838709677
 40
0.3483870967741935
 40
0.3483870967741935
 40
0.3483870967741935
 40
0.3483870967741935
 40
0.3548387096774194
 40
0.3548387096774194
 40
0.3548387096774194
 40
0.3548387096774194
 40
0.3612903225806451
 40
0.3612903225806451
 40
0.3612903225806451
 40
0.3612903225806451
 40
0.367741935483871
 40
0.367741935483871
 40
0.367741935483871
 40
0.367741935483871
 40
0.3741935483870968
 40
0.3741935483870968
 40
0.3741935483870968
 40
0.3741935483870968
 40
0.3806451612903226
 40
0.3806451612903226
 40
0.3806451612903226
 40
0.3806451612903226
 40
0.3870967741935484
 40
0.3870967741935484
 40
0.3870967741935484
 40
0.3870967741935484
 40
0.3935483870967742
 40
0.3935483870967742
 40
0.3935483870967742
 40
0.3935483870967742
 40
0.4
 40
0.4
 40
0.4
 40
0.4
 40
0.4064516129032258
 40
0.4064516129032258
 40
0.4064516129032258
 40
0.4064516129032258
 40
0.4129032258064516
 40
0.4129032258064516
 40
0.4129032258064516
 40
0.4129032258064516
 40
0.4193548387096774
 40
0.4193548387096774
 40
0.4193548387096774
 40
0.4193548387096774
 40
0.4258064516129032
 40
0.4258064516129032
 40
0.4258064516129032
 40
0.4258064516129032
 40
0.432258064516129
 40
0.432258064516129
 40
0.432258064516129
 40
0.432258064516129
 40
0.4387096774193548
 40
0.4387096774193548
 40
0.4387096774193548
 40
0.4387096774193548
 40
0.4451612903225807
 40
0.4451612903225807
 40
0.4451612903225807
 40
0.4451612903225807
 40
0.4516129032258064
 40
0.4516129032258064
 40
0.4516129032258064
 40
0.4516129032258064
 40
0.4580645161290323
 40
0.4580645161290323
 40
0.4580645161290323
 40
0.4580645161290323
 40
0.4645161290322581
 40
0.4645161290322581
 40
0.4645161290322581
 40
0.4645161290322581
 40
0.4709677419354839
 40
0.4709677419354839
 40
0.4709677419354839
 40
0.4709677419354839
 40
0.4774193548387097
 40
0.4774193548387097
 40
0.4774193548387097
 40
0.4774193548387097
 40
0.4838709677419355
 40
0.4838709677419355
 40
0.4838709677419355
 40
0.4838709677419355
 40
0.4903225806451613
 40
0.4903225806451613
 40
0.4903225806451613
 40
0.4903225806451613
 40
0.4967741935483871
 40
0.4967741935483871
 40
0.4967741935483871
 40
0.4967741935483871
 40
0.5032258064516129
 40
0.5032258064516129
 40
0.5032258064516129
 40
0.5032258064516129
 40
0.5096774193548387
 40
0.5096774193548387
 40
0.5096774193548387
 40
0.5096774193548387
 40
0.5161290322580645
 40
0.5161290322580645
 40
0.5161290322580645
 40
0.5161290322580645
 40
0.5225806451612903
 40
0.5225806451612903
 40
0.5225806451612903
 40
0.5225806451612903
 40
0.5290322580645161
 40
0.5290322580645161
 40
0.5290322580645161
 40
0.5290322580645161
 40
0.535483870967742
 40
0.535483870967742
 40
0.535483870967742
 40
0.535483870967742
 40
0.5419354838709678
 40
0.5419354838709678
 40
0.5419354838709678
 40
0.5419354838709678
 40
0.5483870967741935
 40
0.5483870967741935
 40
0.5483870967741935
 40
0.5483870967741935
 40
0.5548387096774193
 40
0.5548387096774193
 40
0.5548387096774193
 40
0.5548387096774193
 40
0.5612903225806452
 40
0.5612903225806452
 40
0.5612903225806452
 40
0.5612903225806452
 40
0.567741935483871
 40
0.567741935483871
 40
0.567741935483871
 40
0.567741935483871
 40
0.5741935483870968
 40
0.5741935483870968
 40
0.5741935483870968
 40
0.5741935483870968
 40
0.5806451612903226
 40
0.5806451612903226
 40
0.5806451612903226
 40
0.5806451612903226
 40
0.5870967741935483
 40
0.5870967741935483
 40
0.5870967741935483
 40
0.5870967741935483
 40
0.5935483870967742
 40
0.5935483870967742
 40
0.5935483870967742
 40
0.5935483870967742
 40
0.6
 40
0.6
 40
0.6
 40
0.6
 40
0.6064516129032258
 40
0.6064516129032258
 40
0.6064516129032258
 40
0.6064516129032258
 40
0.6129032258064516
 40
0.6129032258064516
 40
0.6129032258064516
 40
0.6129032258064516
 40
0.6193548387096774
 40
0.6193548387096774
 40
0.6193548387096774
 40
0.6193548387096774
 40
0.6258064516129033
 40
0.6258064516129033
 40
0.6258064516129033
 40
0.6258064516129033
 40
0.632258064516129
 40
0.632258064516129
 40
0.632258064516129
 40
0.632258064516129
 40
0.6387096774193548
 40
0.6387096774193548
 40
0.6387096774193548
 40
0.6387096774193548
 40
0.6451612903225806
 40
0.6451612903225806
 40
0.6451612903225806
 40
0.6451612903225806
 40
0.6516129032258065
 40
0.6516129032258065
 40
0.6516129032258065
 40
0.6516129032258065
 40
0.6580645161290323
 40
0.6580645161290323
 40
0.6580645161290323
 40
0.6580645161290323
 40
0.6645161290322581
 40
0.6645161290322581
 40
0.6645161290322581
 40
0.6645161290322581
 40
0.6709677419354839
 40
0.6709677419354839
 40
0.6709677419354839
 40
0.6709677419354839
 40
0.6774193548387096
 40
0.6774193548387096
 40
0.6774193548387096
 40
0.6774193548387096
 40
0.6838709677419355
 40
0.6838709677419355
 40
0.6838709677419355
 40
0.6838709677419355
 40
0.6903225806451613
 40
0.6903225806451613
 40
0.6903225806451613
 40
0.6903225806451613
 40
0.6967741935483871
 40
0.6967741935483871
 40
0.6967741935483871
 40
0.6967741935483871
 40
0.7032258064516129
 40
0.7032258064516129
 40
0.7032258064516129
 40
0.7032258064516129
 40
0.7096774193548387
 40
0.7096774193548387
 40
0.7096774193548387
 40
0.7096774193548387
 40
0.7161290322580646
 40
0.7161290322580646
 40
0.7161290322580646
 40
0.7161290322580646
 40
0.7225806451612903
 40
0.7225806451612903
 40
0.7225806451612903
 40
0.7225806451612903
 40
0.7290322580645161
 40
0.7290322580645161
 40
0.7290322580645161
 40
0.7290322580645161
 40
0.7354838709677419
 40
0.7354838709677419
 40
0.7354838709677419
 40
0.7354838709677419
 40
0.7419354838709677
 40
0.7419354838709677
 40
0.7419354838709677
 40
0.7419354838709677
 40
0.7483870967741936
 40
0.7483870967741936
 40
0.7483870967741936
 40
0.7483870967741936
 40
0.7548387096774194
 40
0.7548387096774194
 40
0.7548387096774194
 40
0.7548387096774194
 40
0.7612903225806451
 40
0.7612903225806451
 40
0.7612903225806451
 40
0.7612903225806451
 40
0.7677419354838709
 40
0.7677419354838709
 40
0.7677419354838709
 40
0.7677419354838709
 40
0.7741935483870968
 40
0.7741935483870968
 40
0.7741935483870968
 40
0.7741935483870968
 40
0.7806451612903226
 40
0.7806451612903226
 40
0.7806451612903226
 40
0.7806451612903226
 40
0.7870967741935484
 40
0.7870967741935484
 40
0.7870967741935484
 40
0.7870967741935484
 40
0.7935483870967742
 40
0.7935483870967742
 40
0.7935483870967742
 40
0.7935483870967742
 40
0.8
 40
0.8
 40
0.8
 40
0.8
 40
0.8064516129032258
 40
0.8064516129032258
 40
0.8064516129032258
 40
0.8064516129032258
 40
0.8129032258064516
 40
0.8129032258064516
 40
0.8129032258064516
 40
0.8129032258064516
 40
0.8193548387096774
 40
0.8193548387096774
 40
0.8193548387096774
 40
0.8193548387096774
 40
0.8258064516129032
 40
0.8258064516129032
 40
0.8258064516129032
 40
0.8258064516129032
 40
0.832258064516129
 40
0.832258064516129
 40
0.832258064516129
 40
0.832258064516129
 40
0.8387096774193549
 40
0.8387096774193549
 40
0.8387096774193549
 40
0.8387096774193549
 40
0.8451612903225807
 40
0.8451612903225807
 40
0.8451612903225807
 40
0.8451612903225807
 40
0.8516129032258064
 40
0.8516129032258064
 40
0.8516129032258064
 40
0.8516129032258064
 40
0.8580645161290322
 40
0.8580645161290322
 40
0.8580645161290322
 40
0.8580645161290322
 40
0.864516129032258
 40
0.864516129032258
 40
0.864516129032258
 40
0.864516129032258
 40
0.8709677419354839
 40
0.8709677419354839
 40
0.8709677419354839
 40
0.8709677419354839
 40
0.8774193548387097
 40
0.8774193548387097
 40
0.8774193548387097
 40
0.8774193548387097
 40
0.8838709677419355
 40
0.8838709677419355
 40
0.8838709677419355
 40
0.8838709677419355
 40
0.8903225806451613
 40
0.8903225806451613
 40
0.8903225806451613
 40
0.8903225806451613
 40
0.896774193548387
 40
0.896774193548387
 40
0.896774193548387
 40
0.896774193548387
 40
0.9032258064516129
 40
0.9032258064516129
 40
0.9032258064516129
 40
0.9032258064516129
 40
0.9096774193548387
 40
0.9096774193548387
 40
0.9096774193548387
 40
0.9096774193548387
 40
0.9161290322580645
 40
0.9161290322580645
 40
0.9161290322580645
 40
0.9161290322580645
 40
0.9225806451612903
 40
0.9225806451612903
 40
0.9225806451612903
 40
0.9225806451612903
 40
0.9290322580645162
 40
0.9290322580645162
 40
0.9290322580645162
 40
0.9290322580645162
 40
0.9354838709677419
 40
0.9354838709677419
 40
0.9354838709677419
 40
0.9354838709677419
 40
0.9419354838709677
 40
0.9419354838709677
 40
0.9419354838709677
 40
0.9419354838709677
 40
0.9483870967741935
 40
0.9483870967741935
 40
0.9483870967741935
 40
0.9483870967741935
 40
0.9548387096774194
 40
0.9548387096774194
 40
0.9548387096774194
 40
0.9548387096774194
 40
0.9612903225806452
 40
0.9612903225806452
 40
0.9612903225806452
 40
0.9612903225806452
 40
0.967741935483871
 40
0.967741935483871
 40
0.967741935483871
 40
0.967741935483871
 40
0.9741935483870968
 40
0.9741935483870968
 40
0.9741935483870968
 40
0.9741935483870968
 40
0.9806451612903225
 40
0.9806451612903225
 40
0.9806451612903225
 40
0.9806451612903225
 40
0.9870967741935484
 40
0.9870967741935484
 40
0.9870967741935484
 40
0.9870967741935484
 40
1.0
 40
1.0
 40
1.0
 40
1.0
 10
-1.137
 20
14.01233
 30
0.0
 10
-1.52471
 20
13.88322
 30
0.0
 10
-1.94522
 20
13.95589
 30
0.0
 10
-2.34068
 20
13.87193
 30
0.0
 10
-2.34068
 20
13.87193
 30
0.0
 10
-2.55834
 20
13.79714
 30
0.0
 10
-2.76719
 20
13.69589
 30
0.0
 10
-2.97004
 20
13.58759
 30
0.0
 10
-2.97004
 20
13.58759
 30
0.0
 10
-2.61056
 20
13.57277
 30
0.0
 10
-2.24473
 20
13.62569
 30
0.0
 10
-1.88842
 20
13.55972
 30
0.0
 10
-1.88842
 20
13.55972
 30
0.0
 10
-1.56104
 20
13.40873
 30
0.0
 10
-1.22343
 20
13.23128
 30
0.0
 10
-1.01247
 20
12.92648
 30
0.0
 10
-1.01247
 20
12.92648
 30
0.0
 10
-0.96026
 20
12.84146
 30
0.0
 10
-0.97614
 20
12.73598
 30
0.0
 10
-0.93839
 20
12.64532
 30
0.0
 10
-0.93839
 20
12.64532
 30
0.0
 10
-1.62666
 20
12.51373
 30
0.0
 10
-2.43699
 20
12.5409
 30
0.0
 10
-2.97462
 20
13.04431
 30
0.0
 10
-2.97462
 20
13.04431
 30
0.0
 10
-3.14748
 20
13.21047
 30
0.0
 10
-3.4036
 20
13.17766
 30
0.0
 10
-3.62126
 20
13.15226
 30
0.0
 10
-3.62126
 20
13.15226
 30
0.0
 10
-4.16878
 20
13.11628
 30
0.0
 10
-4.64608
 20
12.80336
 30
0.0
 10
-5.06166
 20
12.46964
 30
0.0
 10
-5.06166
 20
12.46964
 30
0.0
 10
-5.37563
 20
12.23327
 30
0.0
 10
-5.57318
 20
11.86991
 30
0.0
 10
-5.91256
 20
11.66424
 30
0.0
 10
-5.91256
 20
11.66424
 30
0.0
 10
-6.04555
 20
11.5697
 30
0.0
 10
-6.19125
 20
11.49456
 30
0.0
 10
-6.33271
 20
11.41448
 30
0.0
 10
-6.33271
 20
11.41448
 30
0.0
 10
-6.63434
 20
11.26984
 30
0.0
 10
-6.76593
 20
10.93611
 30
0.0
 10
-6.97336
 20
10.6934
 30
0.0
 10
-6.97336
 20
10.6934
 30
0.0
 10
-6.6548
 20
10.76254
 30
0.0
 10
-6.42832
 20
11.01231
 30
0.0
 10
-6.14186
 20
11.1446
 30
0.0
 10
-6.14186
 20
11.1446
 30
0.0
 10
-5.72206
 20
11.2395
 30
0.0
 10
-5.26697
 20
11.20563
 30
0.0
 10
-4.86904
 20
11.03912
 30
0.0
 10
-4.86904
 20
11.03912
 30
0.0
 10
-4.81154
 20
10.96751
 30
0.0
 10
-4.79319
 20
10.87402
 30
0.0
 10
-4.76074
 20
10.78971
 30
0.0
 10
-4.76074
 20
10.78971
 30
0.0
 10
-5.19571
 20
10.51772
 30
0.0
 10
-5.64162
 20
10.2048
 30
0.0
 10
-6.16691
 20
10.15436
 30
0.0
 10
-6.16691
 20
10.15436
 30
0.0
 10
-6.45019
 20
10.12437
 30
0.0
 10
-6.72536
 20
10.23761
 30
0.0
 10
-7.00723
 20
10.20868
 30
0.0
 10
-7.00723
 20
10.20868
 30
0.0
 10
-7.29439
 20
10.10391
 30
0.0
 10
-7.53357
 20
9.89683
 30
0.0
 10
-7.77205
 20
9.71232
 30
0.0
 10
-7.77205
 20
9.71232
 30
0.0
 10
-8.05921
 20
9.38671
 30
0.0
 10
-8.29204
 20
9.01488
 30
0.0
 10
-8.47866
 20
8.62295
 30
0.0
 10
-8.47866
 20
8.62295
 30
0.0
 10
-8.59614
 20
8.35907
 30
0.0
 10
-8.66316
 20
8.07332
 30
0.0
 10
-8.81063
 20
7.82214
 30
0.0
 10
-8.81063
 20
7.82214
 30
0.0
 10
-8.95315
 20
7.59531
 30
0.0
 10
-9.14964
 20
7.40622
 30
0.0
 10
-9.28476
 20
7.17409
 30
0.0
 10
-9.28476
 20
7.17409
 30
0.0
 10
-9.38459
 20
6.94549
 30
0.0
 10
-9.4548
 20
6.70348
 30
0.0
 10
-9.50877
 20
6.46007
 30
0.0
 10
-9.50877
 20
6.46007
 30
0.0
 10
-9.25618
 20
6.69607
 30
0.0
 10
-9.08579
 20
7.00652
 30
0.0
 10
-8.82191
 20
7.23089
 30
0.0
 10
-8.82191
 20
7.23089
 30
0.0
 10
-8.47266
 20
7.44502
 30
0.0
 10
-8.06309
 20
7.57273
 30
0.0
 10
-7.64999
 20
7.55121
 30
0.0
 10
-7.64999
 20
7.55121
 30
0.0
 10
-7.54204
 20
7.53463
 30
0.0
 10
-7.46407
 20
7.40093
 30
0.0
 10
-7.51346
 20
7.30074
 30
0.0
 10
-7.51346
 20
7.30074
 30
0.0
 10
-7.80062
 20
6.85024
 30
0.0
 10
-8.16857
 20
6.42338
 30
0.0
 10
-8.66704
 20
6.20183
 30
0.0
 10
-8.66704
 20
6.20183
 30
0.0
 10
-8.87483
 20
6.11717
 30
0.0
 10
-9.10484
 20
6.1281
 30
0.0
 10
-9.31721
 20
6.06249
 30
0.0
 10
-9.31721
 20
6.06249
 30
0.0
 10
-9.59238
 20
5.83106
 30
0.0
 10
-9.81745
 20
5.53755
 30
0.0
 10
-9.97761
 20
5.21617
 30
0.0
 10
-9.97761
 20
5.21617
 30
0.0
 10
-10.15753
 20
4.75086
 30
0.0
 10
-10.25878
 20
4.25626
 30
0.0
 10
-10.28947
 20
3.75849
 30
0.0
 10
-10.28947
 20
3.75849
 30
0.0
 10
-10.31169
 20
3.40536
 30
0.0
 10
-10.37167
 20
3.05047
 30
0.0
 10
-10.52442
 20
2.72838
 30
0.0
 10
-10.52442
 20
2.72838
 30
0.0
 10
-10.67682
 20
2.42535
 30
0.0
 10
-10.62602
 20
2.07821
 30
0.0
 10
-10.61403
 20
1.75189
 30
0.0
 10
-10.61403
 20
1.75189
 30
0.0
 10
-10.50149
 20
1.92652
 30
0.0
 10
-10.41047
 20
2.11349
 30
0.0
 10
-10.35191
 20
2.31316
 30
0.0
 10
-10.35191
 20
2.31316
 30
0.0
 10
-10.19104
 20
2.79012
 30
0.0
 10
-9.71409
 20
3.04553
 30
0.0
 10
-9.29323
 20
3.25967
 30
0.0
 10
-9.29323
 20
3.25967
 30
0.0
 10
-9.15
 20
3.35209
 30
0.0
 10
-8.89353
 20
3.22404
 30
0.0
 10
-8.96232
 20
3.03953
 30
0.0
 10
-8.96232
 20
3.03953
 30
0.0
 10
-9.11225
 20
2.52024
 30
0.0
 10
-9.34473
 20
1.97838
 30
0.0
 10
-9.80405
 20
1.65911
 30
0.0
 10
-9.80405
 20
1.65911
 30
0.0
 10
-9.97197
 20
1.53494
 30
0.0
 10
-10.19351
 20
1.49754
 30
0.0
 10
-10.34838
 20
1.35573
 30
0.0
 10
-10.34838
 20
1.35573
 30
0.0
 10
-10.50537
 20
1.12854
 30
0.0
 10
-10.59427
 20
0.86113
 30
0.0
 10
-10.69446
 20
0.60572
 30
0.0
 10
-10.69446
 20
0.60572
 30
0.0
 10
-10.82887
 20
-0.04057
 30
0.0
 10
-10.75161
 20
-0.71191
 30
0.0
 10
-10.59251
 20
-1.34726
 30
0.0
 10
-10.59251
 20
-1.34726
 30
0.0
 10
-10.51983
 20
-1.78012
 30
0.0
 10
-10.67682
 20
-2.21933
 30
0.0
 10
-10.58827
 20
-2.65183
 30
0.0
 10
-10.58827
 20
-2.65183
 30
0.0
 10
-10.54982
 20
-2.81693
 30
0.0
 10
-10.5089
 20
-2.98203
 30
0.0
 10
-10.46445
 20
-3.14607
 30
0.0
 10
-10.46445
 20
-3.14607
 30
0.0
 10
-10.28347
 20
-2.79541
 30
0.0
 10
-10.40306
 20
-2.35691
 30
0.0
 10
-10.18505
 20
-2.02318
 30
0.0
 10
-10.18505
 20
-2.02318
 30
0.0
 10
-10.00019
 20
-1.75578
 30
0.0
 10
-9.7857
 20
-1.49895
 30
0.0
 10
-9.5183
 20
-1.31128
 30
0.0
 10
-9.5183
 20
-1.31128
 30
0.0
 10
-9.42411
 20
-1.23578
 30
0.0
 10
-9.23431
 20
-1.22414
 30
0.0
 10
-9.20327
 20
-1.36878
 30
0.0
 10
-9.20327
 20
-1.36878
 30
0.0
 10
-9.18422
 20
-1.81257
 30
0.0
 10
-9.25054
 20
-2.26554
 30
0.0
 10
-9.41952
 20
-2.67829
 30
0.0
 10
-9.41952
 20
-2.67829
 30
0.0
 10
-9.56628
 20
-2.99261
 30
0.0
 10
-9.86508
 20
-3.19828
 30
0.0
 10
-10.08909
 20
-3.45264
 30
0.0
 10
-10.08909
 20
-3.45264
 30
0.0
 10
-10.18752
 20
-3.64384
 30
0.0
 10
-10.19316
 20
-3.86468
 30
0.0
 10
-10.21786
 20
-4.07423
 30
0.0
 10
-10.21786
 20
-4.07423
 30
0.0
 10
-10.26971
 20
-4.40231
 30
0.0
 10
-10.14589
 20
-4.72087
 30
0.0
 10
-10.07463
 20
-5.0359
 30
0.0
 10
-10.07463
 20
-5.0359
 30
0.0
 10
-9.98467
 20
-5.39397
 30
0.0
 10
-9.82063
 20
-5.72452
 30
0.0
 10
-9.63789
 20
-6.04308
 30
0.0
 10
-9.63789
 20
-6.04308
 30
0.0
 10
-9.43681
 20
-6.38281
 30
0.0
 10
-9.44316
 20
-6.79309
 30
0.0
 10
-9.33274
 20
-7.16351
 30
0.0
 10
-9.33274
 20
-7.16351
 30
0.0
 10
-9.23325
 20
-7.38434
 30
0.0
 10
-9.10908
 20
-7.5946
 30
0.0
 10
-8.97502
 20
-7.79674
 30
0.0
 10
-8.97502
 20
-7.79674
 30
0.0
 10
-8.96232
 20
-7.46478
 30
0.0
 10
-9.06674
 20
-7.14234
 30
0.0
 10
-9.06004
 20
-6.81179
 30
0.0
 10
-9.06004
 20
-6.81179
 30
0.0
 10
-8.98913
 20
-6.41879
 30
0.0
 10
-8.81944
 20
-6.03568
 30
0.0
 10
-8.54498
 20
-5.74181
 30
0.0
 10
-8.54498
 20
-5.74181
 30
0.0
 10
-8.47266
 20
-5.6702
 30
0.0
 10
-8.31497
 20
-5.65609
 30
0.0
 10
-8.26382
 20
-5.7598
 30
0.0
 10
-8.26382
 20
-5.7598
 30
0.0
 10
-8.14423
 20
-5.95101
 30
0.0
 10
-8.14599
 20
-6.1916
 30
0.0
 10
-8.10084
 20
-6.40715
 30
0.0
 10
-8.10084
 20
-6.40715
 30
0.0
 10
-8.08073
 20
-6.80826
 30
0.0
 10
-8.07191
 20
-7.2577
 30
0.0
 10
-8.31003
 20
-7.60271
 30
0.0
 10
-8.31003
 20
-7.60271
 30
0.0
 10
-8.38906
 20
-7.73748
 30
0.0
 10
-8.53475
 20
-7.85072
 30
0.0
 10
-8.51359
 20
-8.02711
 30
0.0
 10
-8.51359
 20
-8.02711
 30
0.0
 10
-8.51676
 20
-8.45961
 30
0.0
 10
-8.4388
 20
-8.91328
 30
0.0
 10
-8.18268
 20
-9.27276
 30
0.0
 10
-8.18268
 20
-9.27276
 30
0.0
 10
-7.92656
 20
-9.67599
 30
0.0
 10
-7.61471
 20
-10.04535
 30
0.0
 10
-7.2517
 20
-10.3565
 30
0.0
 10
-7.2517
 20
-10.3565
 30
0.0
 10
-6.95501
 20
-10.62037
 30
0.0
 10
-6.83084
 20
-11.01231
 30
0.0
 10
-6.59659
 20
-11.32346
 30
0.0
 10
-6.59659
 20
-11.32346
 30
0.0
 10
-6.44349
 20
-11.48045
 30
0.0
 10
-6.25052
 20
-11.59263
 30
0.0
 10
-6.06601
 20
-11.70869
 30
0.0
 10
-6.06601
 20
-11.70869
 30
0.0
 10
-6.16691
 20
-11.40777
 30
0.0
 10
-6.37716
 20
-11.1573
 30
0.0
 10
-6.48264
 20
-10.85921
 30
0.0
 10
-6.48264
 20
-10.85921
 30
0.0
 10
-6.54191
 20
-10.48632
 30
0.0
 10
-6.51792
 20
-10.09403
 30
0.0
 10
-6.38246
 20
-9.73984
 30
0.0
 10
-6.38246
 20
-9.73984
 30
0.0
 10
-6.33942
 20
-9.62166
 30
0.0
 10
-6.20748
 20
-9.57651
 30
0.0
 10
-6.10517
 20
-9.52853
 30
0.0
 10
-6.10517
 20
-9.52853
 30
0.0
 10
-5.78591
 20
-10.03864
 30
0.0
 10
-5.3908
 20
-10.59286
 30
0.0
 10
-5.49804
 20
-11.23386
 30
0.0
 10
-5.49804
 20
-11.23386
 30
0.0
 10
-5.49169
 20
-11.44729
 30
0.0
 10
-5.64021
 20
-11.66989
 30
0.0
 10
-5.52838
 20
-11.87556
 30
0.0
 10
-5.52838
 20
-11.87556
 30
0.0
 10
-5.3975
 20
-12.13167
 30
0.0
 10
-5.23275
 20
-12.37297
 30
0.0
 10
-5.0292
 20
-12.57759
 30
0.0
 10
-5.0292
 20
-12.57759
 30
0.0
 10
-4.572
 20
-12.99704
 30
0.0
 10
-3.99274
 20
-13.25104
 30
0.0
 10
-3.40289
 20
-13.42355
 30
0.0
 10
-3.40289
 20
-13.42355
 30
0.0
 10
-3.00955
 20
-13.52515
 30
0.0
 10
-2.72662
 20
-13.85147
 30
0.0
 10
-2.3428
 20
-13.97494
 30
0.0
 10
-2.3428
 20
-13.97494
 30
0.0
 10
-2.12408
 20
-14.0208
 30
0.0
 10
-1.90429
 20
-14.06807
 30
0.0
 10
-1.68099
 20
-14.08536
 30
0.0
 10
-1.68099
 20
-14.08536
 30
0.0
 10
-1.93428
 20
-13.78656
 30
0.0
 10
-2.38513
 20
-13.73576
 30
0.0
 10
-2.59115
 20
-13.39039
 30
0.0
 10
-2.59115
 20
-13.39039
 30
0.0
 10
-2.81446
 20
-13.05948
 30
0.0
 10
-2.91747
 20
-12.66296
 30
0.0
 10
-2.92488
 20
-12.26644
 30
0.0
 10
-2.92488
 20
-12.26644
 30
0.0
 10
-2.77601
 20
-12.26079
 30
0.0
 10
-2.61197
 20
-12.21458
 30
0.0
 10
-2.48603
 20
-12.3257
 30
0.0
 10
-2.48603
 20
-12.3257
 30
0.0
 10
-1.99214
 20
-12.59981
 30
0.0
 10
-1.54376
 20
-13.0175
 30
0.0
 10
-1.36701
 20
-13.56889
 30
0.0
 10
-1.36701
 20
-13.56889
 30
0.0
 10
-1.31868
 20
-13.69095
 30
0.0
 10
-1.31445
 20
-13.85182
 30
0.0
 10
-1.18569
 20
-13.92096
 30
0.0
 10
-1.18569
 20
-13.92096
 30
0.0
 10
-0.95074
 20
-14.05572
 30
0.0
 10
-0.70908
 20
-14.18872
 30
0.0
 10
-0.45085
 20
-14.27445
 30
0.0
 10
-0.45085
 20
-14.27445
 30
0.0
 10
0.1845
 20
-14.37005
 30
0.0
 10
0.84279
 20
-14.31749
 30
0.0
 10
1.45344
 20
-14.11429
 30
0.0
 10
1.45344
 20
-14.11429
 30
0.0
 10
1.84291
 20
-13.98764
 30
0.0
 10
2.26131
 20
-14.05643
 30
0.0
 10
2.65818
 20
-13.97776
 30
0.0
 10
2.65818
 20
-13.97776
 30
0.0
 10
2.87549
 20
-13.90297
 30
0.0
 10
3.08398
 20
-13.80172
 30
0.0
 10
3.28683
 20
-13.69413
 30
0.0
 10
3.28683
 20
-13.69413
 30
0.0
 10
2.86279
 20
-13.64615
 30
0.0
 10
2.3816
 20
-13.80172
 30
0.0
 10
1.9939
 20
-13.56501
 30
0.0
 10
1.9939
 20
-13.56501
 30
0.0
 10
1.74484
 20
-13.44154
 30
0.0
 10
1.51941
 20
-13.27009
 30
0.0
 10
1.33879
 20
-13.05842
 30
0.0
 10
1.33879
 20
-13.05842
 30
0.0
 10
1.276
 20
-12.98751
 30
0.0
 10
1.28658
 20
-12.85169
 30
0.0
 10
1.24954
 20
-12.7829
 30
0.0
 10
1.24954
 20
-12.7829
 30
0.0
 10
1.64359
 20
-12.63368
 30
0.0
 10
2.08386
 20
-12.68201
 30
0.0
 10
2.48991
 20
-12.74904
 30
0.0
 10
2.48991
 20
-12.74904
 30
0.0
 10
2.8829
 20
-12.78819
 30
0.0
 10
3.16548
 20
-13.07394
 30
0.0
 10
3.48439
 20
-13.26974
 30
0.0
 10
3.48439
 20
-13.26974
 30
0.0
 10
3.85163
 20
-13.28138
 30
0.0
 10
4.22522
 20
-13.22811
 30
0.0
 10
4.57094
 20
-13.10358
 30
0.0
 10
4.57094
 20
-13.10358
 30
0.0
 10
4.9657
 20
-12.88027
 30
0.0
 10
5.3594
 20
-12.63826
 30
0.0
 10
5.66984
 20
-12.30242
 30
0.0
 10
5.66984
 20
-12.30242
 30
0.0
 10
5.80531
 20
-12.16731
 30
0.0
 10
5.92032
 20
-12.01208
 30
0.0
 10
6.06672
 20
-11.88826
 30
0.0
 10
6.06672
 20
-11.88826
 30
0.0
 10
6.26075
 20
-11.73692
 30
0.0
 10
6.47418
 20
-11.61309
 30
0.0
 10
6.68443
 20
-11.48574
 30
0.0
 10
6.68443
 20
-11.48574
 30
0.0
 10
6.96066
 20
-11.3344
 30
0.0
 10
7.10636
 20
-11.0363
 30
0.0
 10
7.2965
 20
-10.79853
 30
0.0
 10
7.2965
 20
-10.79853
 30
0.0
 10
6.96701
 20
-10.89025
 30
0.0
 10
6.72253
 20
-11.1573
 30
0.0
 10
6.4008
 20
-11.26455
 30
0.0
 10
6.4008
 20
-11.26455
 30
0.0
 10
6.15879
 20
-11.30794
 30
0.0
 10
5.91185
 20
-11.29982
 30
0.0
 10
5.66773
 20
-11.28713
 30
0.0
 10
5.66773
 20
-11.28713
 30
0.0
 10
5.42713
 20
-11.24479
 30
0.0
 10
5.12022
 20
-11.19399
 30
0.0
 10
5.06271
 20
-10.91001
 30
0.0
 10
5.06271
 20
-10.91001
 30
0.0
 10
5.46559
 20
-10.66412
 30
0.0
 10
5.86352
 20
-10.39001
 30
0.0
 10
6.33095
 20
-10.28312
 30
0.0
 10
6.33095
 20
-10.28312
 30
0.0
 10
6.6615
 20
-10.18963
 30
0.0
 10
6.991
 20
-10.3572
 30
0.0
 10
7.32261
 20
-10.31981
 30
0.0
 10
7.32261
 20
-10.31981
 30
0.0
 10
8.00982
 20
-10.04782
 30
0.0
 10
8.47302
 20
-9.42552
 30
0.0
 10
8.7757
 20
-8.77464
 30
0.0
 10
8.7757
 20
-8.77464
 30
0.0
 10
8.91681
 20
-8.48501
 30
0.0
 10
8.9722
 20
-8.15516
 30
0.0
 10
9.16058
 20
-7.88917
 30
0.0
 10
9.16058
 20
-7.88917
 30
0.0
 10
9.3031
 20
-7.6514
 30
0.0
 10
9.52253
 20
-7.46619
 30
0.0
 10
9.6333
 20
-7.20901
 30
0.0
 10
9.6333
 20
-7.20901
 30
0.0
 10
9.70844
 20
-7.01252
 30
0.0
 10
9.75924
 20
-6.80791
 30
0.0
 10
9.78958
 20
-6.60012
 30
0.0
 10
9.78958
 20
-6.60012
 30
0.0
 10
9.53735
 20
-6.81461
 30
0.0
 10
9.38495
 20
-7.11694
 30
0.0
 10
9.14012
 20
-7.33742
 30
0.0
 10
9.14012
 20
-7.33742
 30
0.0
 10
8.77006
 20
-7.56991
 30
0.0
 10
8.33614
 20
-7.67151
 30
0.0
 10
7.90293
 20
-7.6895
 30
0.0
 10
7.90293
 20
-7.6895
 30
0.0
 10
7.87612
 20
-7.60801
 30
0.0
 10
7.82038
 20
-7.52687
 30
0.0
 10
7.83308
 20
-7.43867
 30
0.0
 10
7.83308
 20
-7.43867
 30
0.0
 10
8.06944
 20
-6.96277
 30
0.0
 10
8.46384
 20
-6.56519
 30
0.0
 10
8.94433
 20
-6.33483
 30
0.0
 10
8.94433
 20
-6.33483
 30
0.0
 10
9.16305
 20
-6.23958
 30
0.0
 10
9.40858
 20
-6.24522
 30
0.0
 10
9.63295
 20
-6.16973
 30
0.0
 10
9.63295
 20
-6.16973
 30
0.0
 10
9.80969
 20
-6.08436
 30
0.0
 10
9.90494
 20
-5.8995
 30
0.0
 10
10.02418
 20
-5.75275
 30
0.0
 10
10.02418
 20
-5.75275
 30
0.0
 10
10.32087
 20
-5.41232
 30
0.0
 10
10.42635
 20
-4.96041
 30
0.0
 10
10.52759
 20
-4.53284
 30
0.0
 10
10.52759
 20
-4.53284
 30
0.0
 10
10.64966
 20
-4.07705
 30
0.0
 10
10.55158
 20
-3.5874
 30
0.0
 10
10.72162
 20
-3.14219
 30
0.0
 10
10.72162
 20
-3.14219
 30
0.0
 10
10.81687
 20
-2.87055
 30
0.0
 10
10.9788
 20
-2.61056
 30
0.0
 10
10.96292
 20
-2.31105
 30
0.0
 10
10.96292
 20
-2.31105
 30
0.0
 10
10.96151
 20
-2.15124
 30
0.0
 10
10.98867
 20
-1.98755
 30
0.0
 10
10.94458
 20
-1.83197
 30
0.0
 10
10.94458
 20
-1.83197
 30
0.0
 10
10.67894
 20
-2.15583
 30
0.0
 10
10.69128
 20
-2.63772
 30
0.0
 10
10.35297
 20
-2.9083
 30
0.0
 10
10.35297
 20
-2.9083
 30
0.0
 10
10.09368
 20
-3.09245
 30
0.0
 10
9.82733
 20
-3.28859
 30
0.0
 10
9.519
 20
-3.38173
 30
0.0
 10
9.519
 20
-3.38173
 30
0.0
 10
9.38989
 20
-3.42406
 30
0.0
 10
9.23325
 20
-3.31364
 30
0.0
 10
9.277
 20
-3.17112
 30
0.0
 10
9.277
 20
-3.17112
 30
0.0
 10
9.40611
 20
-2.67476
 30
0.0
 10
9.63013
 20
-2.18299
 30
0.0
 10
10.0203
 20
-1.83586
 30
0.0
 10
10.0203
 20
-1.83586
 30
0.0
 10
10.19986
 20
-1.67993
 30
0.0
 10
10.43728
 20
-1.61996
 30
0.0
 10
10.63942
 20
-1.50036
 30
0.0
 10
10.63942
 20
-1.50036
 30
0.0
 10
10.74208
 20
-1.44251
 30
0.0
 10
10.76219
 20
-1.31304
 30
0.0
 10
10.81123
 20
-1.21638
 30
0.0
 10
10.81123
 20
-1.21638
 30
0.0
 10
10.90224
 20
-0.96132
 30
0.0
 10
11.05041
 20
-0.71896
 30
0.0
 10
11.05217
 20
-0.44062
 30
0.0
 10
11.05217
 20
-0.44062
 30
0.0
 10
11.09063
 20
0.08643
 30
0.0
 10
11.06205
 20
0.61877
 30
0.0
 10
10.93752
 20
1.13277
 30
0.0
 10
10.93752
 20
1.13277
 30
0.0
 10
10.85815
 20
1.45239
 30
0.0
 10
10.9093
 20
1.78294
 30
0.0
 10
10.93152
 20
2.10608
 30
0.0
 10
10.93152
 20
2.10608
 30
0.0
 10
10.96045
 20
2.41441
 30
0.0
 10
10.86062
 20
2.7111
 30
0.0
 10
10.78794
 20
3.00602
 30
0.0
 10
10.78794
 20
3.00602
 30
0.0
 10
10.60379
 20
2.69311
 30
0.0
 10
10.72056
 20
2.29129
 30
0.0
 10
10.54876
 20
1.97344
 30
0.0
 10
10.54876
 20
1.97344
 30
0.0
 10
10.35297
 20
1.6637
 30
0.0
 10
10.10461
 20
1.37866
 30
0.0
 10
9.78994
 20
1.18639
 30
0.0
 10
9.78994
 20
1.18639
 30
0.0
 10
9.68657
 20
1.10949
 30
0.0
 10
9.52041
 20
1.15888
 30
0.0
 10
9.51336
 20
1.29081
 30
0.0
 10
9.51336
 20
1.29081
 30
0.0
 10
9.50454
 20
1.76742
 30
0.0
 10
9.57827
 20
2.26095
 30
0.0
 10
9.80405
 20
2.68605
 30
0.0
 10
9.80405
 20
2.68605
 30
0.0
 10
9.95398
 20
2.96157
 30
0.0
 10
10.27042
 20
3.09951
 30
0.0
 10
10.42
 20
3.3722
 30
0.0
 10
10.42
 20
3.3722
 30
0.0
 10
10.58122
 20
3.83611
 30
0.0
 10
10.57169
 20
4.3494
 30
0.0
 10
10.42141
 20
4.81506
 30
0.0
 10
10.42141
 20
4.81506
 30
0.0
 10
10.32792
 20
5.25851
 30
0.0
 10
10.10073
 20
5.65291
 30
0.0
 10
9.90071
 20
6.05367
 30
0.0
 10
9.90071
 20
6.05367
 30
0.0
 10
9.73384
 20
6.37152
 30
0.0
 10
9.73737
 20
6.74088
 30
0.0
 10
9.64882
 20
7.08096
 30
0.0
 10
9.64882
 20
7.08096
 30
0.0
 10
9.56557
 20
7.27357
 30
0.0
 10
9.42799
 20
7.43761
 30
0.0
 10
9.34402
 20
7.63023
 30
0.0
 10
9.34402
 20
7.63023
 30
0.0
 10
9.32356
 20
7.62741
 30
0.0
 10
9.28299
 20
7.62141
 30
0.0
 10
9.26253
 20
7.61859
 30
0.0
 10
9.26253
 20
7.61859
 30
0.0
 10
9.27417
 20
7.31132
 30
0.0
 10
9.42058
 20
7.01957
 30
0.0
 10
9.37754
 20
6.70913
 30
0.0
 10
9.37754
 20
6.70913
 30
0.0
 10
9.34367
 20
6.46818
 30
0.0
 10
9.24701
 20
6.2417
 30
0.0
 10
9.13836
 20
6.0258
 30
0.0
 10
9.13836
 20
6.0258
 30
0.0
 10
9.00853
 20
5.81907
 30
0.0
 10
8.88259
 20
5.54249
 30
0.0
 10
8.59226
 20
5.55554
 30
0.0
 10
8.59226
 20
5.55554
 30
0.0
 10
8.44091
 20
6.06002
 30
0.0
 10
8.34002
 20
6.604
 30
0.0
 10
8.46631
 20
7.12435
 30
0.0
 10
8.46631
 20
7.12435
 30
0.0
 10
8.53264
 20
7.48101
 30
0.0
 10
8.90623
 20
7.72442
 30
0.0
 10
8.85543
 20
8.10754
 30
0.0
 10
8.85543
 20
8.10754
 30
0.0
 10
8.80604
 20
8.40176
 30
0.0
 10
8.72031
 20
8.69103
 30
0.0
 10
8.61483
 20
8.96937
 30
0.0
 10
8.61483
 20
8.96937
 30
0.0
 10
8.47372
 20
9.23043
 30
0.0
 10
8.29381
 20
9.46856
 30
0.0
 10
8.11636
 20
9.70527
 30
0.0
 10
8.11636
 20
9.70527
 30
0.0
 10
7.88599
 20
10.01254
 30
0.0
 10
7.55191
 20
10.22279
 30
0.0
 10
7.33143
 20
10.53818
 30
0.0
 10
7.33143
 20
10.53818
 30
0.0
 10
7.14869
 20
10.77383
 30
0.0
 10
7.06014
 20
11.07405
 30
0.0
 10
6.83895
 20
11.28042
 30
0.0
 10
6.83895
 20
11.28042
 30
0.0
 10
6.67067
 20
11.4113
 30
0.0
 10
6.50311
 20
11.54324
 30
0.0
 10
6.32495
 20
11.66036
 30
0.0
 10
6.32495
 20
11.66036
 30
0.0
 10
6.4329
 20
11.41201
 30
0.0
 10
6.58072
 20
11.18482
 30
0.0
 10
6.72183
 20
10.95481
 30
0.0
 10
6.72183
 20
10.95481
 30
0.0
 10
6.89575
 20
10.70963
 30
0.0
 10
6.82484
 20
10.38966
 30
0.0
 10
6.8132
 20
10.11167
 30
0.0
 10
6.8132
 20
10.11167
 30
0.0
 10
6.75464
 20
9.90212
 30
0.0
 10
6.76487
 20
9.62025
 30
0.0
 10
6.56696
 20
9.48126
 30
0.0
 10
6.56696
 20
9.48126
 30
0.0
 10
6.42514
 20
9.41811
 30
0.0
 10
6.34824
 20
9.54405
 30
0.0
 10
6.28368
 20
9.63507
 30
0.0
 10
6.28368
 20
9.63507
 30
0.0
 10
6.08647
 20
9.96174
 30
0.0
 10
5.90197
 20
10.30323
 30
0.0
 10
5.81131
 20
10.67682
 30
0.0
 10
5.81131
 20
10.67682
 30
0.0
 10
5.73052
 20
10.94246
 30
0.0
 10
5.81731
 20
11.21586
 30
0.0
 10
5.88081
 20
11.4741
 30
0.0
 10
5.88081
 20
11.4741
 30
0.0
 10
5.92067
 20
11.61768
 30
0.0
 10
5.84412
 20
11.75561
 30
0.0
 10
5.78167
 20
11.87979
 30
0.0
 10
5.78167
 20
11.87979
 30
0.0
 10
5.66843
 20
12.08828
 30
0.0
 10
5.53508
 20
12.29007
 30
0.0
 10
5.3721
 20
12.46258
 30
0.0
 10
5.3721
 20
12.46258
 30
0.0
 10
4.93571
 20
12.8076
 30
0.0
 10
4.45735
 20
13.12616
 30
0.0
 10
3.90984
 20
13.25915
 30
0.0
 10
3.90984
 20
13.25915
 30
0.0
 10
3.56623
 20
13.32406
 30
0.0
 10
3.27025
 20
13.52127
 30
0.0
 10
2.98309
 20
13.70965
 30
0.0
 10
2.98309
 20
13.70965
 30
0.0
 10
2.69346
 20
13.90438
 30
0.0
 10
2.33539
 20
13.94601
 30
0.0
 10
1.99566
 20
13.98164
 30
0.0
 10
1.99566
 20
13.98164
 30
0.0
 10
2.20027
 20
13.72235
 30
0.0
 10
2.55164
 20
13.66097
 30
0.0
 10
2.78694
 20
13.44013
 30
0.0
 10
2.78694
 20
13.44013
 30
0.0
 10
3.10303
 20
13.08664
 30
0.0
 10
3.26461
 20
12.60334
 30
0.0
 10
3.20146
 20
12.13026
 30
0.0
 10
3.20146
 20
12.13026
 30
0.0
 10
3.06388
 20
12.12427
 30
0.0
 10
2.91924
 20
12.1352
 30
0.0
 10
2.8067
 20
12.22657
 30
0.0
 10
2.8067
 20
12.22657
 30
0.0
 10
2.34597
 20
12.50562
 30
0.0
 10
1.84785
 20
12.86122
 30
0.0
 10
1.70603
 20
13.41402
 30
0.0
 10
1.70603
 20
13.41402
 30
0.0
 10
1.66264
 20
13.57983
 30
0.0
 10
1.62101
 20
13.78656
 30
0.0
 10
1.44463
 20
13.86381
 30
0.0
 10
1.44463
 20
13.86381
 30
0.0
 10
1.11478
 20
14.01657
 30
0.0
 10
0.78458
 20
14.21377
 30
0.0
 10
0.40711
 20
14.2046
 30
0.0
 10
0.40711
 20
14.2046
 30
0.0
 10
-0.11359
 20
14.24129
 30
0.0
 10
-0.64029
 20
14.17285
 30
0.0
 10
-1.137
 20
14.01233
 30
0.0
  0
ENDSEC
  0
SECTION
  2
OBJECTS
  0
DICTIONARY
  5
C
330
0
100
AcDbDictionary
281
     1
  3
ACAD_DETAILVIEWSTYLE
350
B0
  3
ACAD_GROUP
350
D
  3
ACAD_LAYOUT
350
1A
  3
ACAD_MATERIAL
350
43
  3
ACAD_MLEADERSTYLE
350
6B
  3
ACAD_MLINESTYLE
350
17
  3
ACAD_PLOTSETTINGS
350
19
  3
ACAD_PLOTSTYLENAME
350
E
  3
ACAD_SCALELIST
350
47
  3
ACAD_SECTIONVIEWSTYLE
350
B1
  3
ACAD_TABLESTYLE
350
69
  3
ACAD_VISUALSTYLE
350
2A
  3
ACDB_RECOMPOSE_DATA
350
AD
  3
AcDbVariableDictionary
350
75
  0
SUN
  5
6D
330
29
100
AcDbSun
 90
        1
290
     0
 63
     7
421
 16777215
 40
1.0
291
     1
 91
  2455826
 92
 54000000
292
     0
 70
     2
 71
   256
280
     1
  0
DICTIONARY
  5
B0
102
{ACAD_REACTORS
330
C
102
}
330
C
100
AcDbDictionary
281
     1
  0
DICTIONARY
  5
D
102
{ACAD_REACTORS
330
C
102
}
330
C
100
AcDbDictionary
281
     1
  0
DICTIONARY
  5
1A
102
{ACAD_REACTORS
330
C
102
}
330
C
100
AcDbDictionary
281
     1
  3
Layout1
350
1E
  3
Layout2
350
26
  3
Model
350
22
  0
DICTIONARY
  5
43
102
{ACAD_REACTORS
330
C
102
}
330
C
100
AcDbDictionary
281
     1
  3
ByBlock
350
45
  3
ByLayer
350
44
  3
Global
350
46
  0
DICTIONARY
  5
6B
102
{ACAD_REACTORS
330
C
102
}
330
C
100
AcDbDictionary
281
     1
  3
Standard
350
6C
  0
DICTIONARY
  5
17
102
{ACAD_REACTORS
330
C
102
}
330
C
100
AcDbDictionary
281
     1
  3
Standard
350
18
  0
DICTIONARY
  5
19
102
{ACAD_REACTORS
330
C
102
}
330
C
100
AcDbDictionary
281
     1
  0
ACDBDICTIONARYWDFLT
  5
E
102
{ACAD_REACTORS
330
C
102
}
330
C
100
AcDbDictionary
281
     1
  3
Normal
350
F
100
AcDbDictionaryWithDefault
340
F
  0
DICTIONARY
  5
47
102
{ACAD_REACTORS
330
C
102
}
330
C
100
AcDbDictionary
281
     1
  3
A0
350
48
  3
A1
350
49
  3
A2
350
4A
  3
A3
350
4B
  3
A4
350
4C
  3
A5
350
4D
  3
A6
350
4E
  3
A7
350
4F
  3
A8
350
50
  3
A9
350
51
  3
B0
350
52
  3
B1
350
53
  3
B2
350
54
  3
B3
350
55
  3
B4
350
56
  3
B5
350
57
  3
B6
350
58
  3
B7
350
59
  3
B8
350
5A
  3
B9
350
5B
  3
C0
350
5C
  3
C1
350
5D
  3
C2
350
5E
  3
C3
350
5F
  3
C4
350
60
  3
C5
350
61
  3
C6
350
62
  3
C7
350
63
  3
C8
350
64
  3
C9
350
65
  3
D0
350
66
  3
D1
350
67
  3
D2
350
68
  0
DICTIONARY
  5
B1
102
{ACAD_REACTORS
330
C
102
}
330
C
100
AcDbDictionary
281
     1
  0
DICTIONARY
  5
69
102
{ACAD_REACTORS
330
C
102
}
330
C
100
AcDbDictionary
281
     1
  3
Standard
350
6A
  0
DICTIONARY
  5
2A
102
{ACAD_REACTORS
330
C
102
}
330
C
100
AcDbDictionary
281
     1
  3
2dWireframe
350
2F
  3
Basic
350
32
  3
Brighten
350
36
  3
ColorChange
350
3A
  3
Conceptual
350
34
  3
Dim
350
35
  3
EdgeColorOff
350
3D
  3
Facepattern
350
39
  3
Flat
350
2B
  3
FlatWithEdges
350
2C
  3
Gouraud
350
2D
  3
GouraudWithEdges
350
2E
  3
Hidden
350
31
  3
JitterOff
350
3B
  3
Linepattern
350
38
  3
OverhangOff
350
3C
  3
Realistic
350
33
  3
Shaded
350
42
  3
Shaded with edges
350
41
  3
Shades of Gray
350
3E
  3
Sketchy
350
3F
  3
Thicken
350
37
  3
Wireframe
350
30
  3
X-Ray
350
40
  0
XRECORD
  5
AD
102
{ACAD_REACTORS
330
C
102
}
330
C
100
AcDbXrecord
280
     1
 90
        1
330
6A
  0
DICTIONARY
  5
75
102
{ACAD_REACTORS
330
C
102
}
330
C
100
AcDbDictionary
281
     1
  3
CANNOSCALE
350
76
  3
CMLEADERSTYLE
350
AF
  3
CTABLESTYLE
350
AE
  3
XCLIPFRAME
350
77
  0
LAYOUT
  5
1E
102
{ACAD_REACTORS
330
1A
102
}
330
1A
100
AcDbPlotSettings
  1

  2
none_device
  4

  6

 40
0.0
 41
0.0
 42
0.0
 43
0.0
 44
0.0
 45
0.0
 46
0.0
 47
0.0
 48
0.0
 49
0.0
140
0.0
141
0.0
142
1.0
143
1.0
 70
   688
 72
     0
 73
     0
 74
     5
  7

 75
    16
 76
     0
 77
     2
 78
   300
147
1.0
148
0.0
149
0.0
100
AcDbLayout
  1
Layout1
 70
     1
 71
     1
 10
0.0
 20
0.0
 11
12.0
 21
9.0
 12
0.0
 22
0.0
 32
0.0
 14
1.000000000000000E+20
 24
1.000000000000000E+20
 34
1.000000000000000E+20
 15
-1.000000000000000E+20
 25
-1.000000000000000E+20
 35
-1.000000000000000E+20
146
0.0
 13
0.0
 23
0.0
 33
0.0
 16
1.0
 26
0.0
 36
0.0
 17
0.0
 27
1.0
 37
0.0
 76
     0
330
1B
  0
LAYOUT
  5
26
102
{ACAD_REACTORS
330
1A
102
}
330
1A
100
AcDbPlotSettings
  1

  2
none_device
  4

  6

 40
0.0
 41
0.0
 42
0.0
 43
0.0
 44
0.0
 45
0.0
 46
0.0
 47
0.0
 48
0.0
 49
0.0
140
0.0
141
0.0
142
1.0
143
1.0
 70
   688
 72
     0
 73
     0
 74
     5
  7

 75
    16
 76
     0
 77
     2
 78
   300
147
1.0
148
0.0
149
0.0
100
AcDbLayout
  1
Layout2
 70
     1
 71
     2
 10
0.0
 20
0.0
 11
0.0
 21
0.0
 12
0.0
 22
0.0
 32
0.0
 14
0.0
 24
0.0
 34
0.0
 15
0.0
 25
0.0
 35
0.0
146
0.0
 13
0.0
 23
0.0
 33
0.0
 16
1.0
 26
0.0
 36
0.0
 17
0.0
 27
1.0
 37
0.0
 76
     0
330
23
  0
LAYOUT
  5
22
102
{ACAD_REACTORS
330
1A
102
}
330
1A
100
AcDbPlotSettings
  1

  2
none_device
  4
Letter_(8.50_x_11.00_Inches)
  6

 40
6.35
 41
6.35
 42
6.35000508
 43
6.35000508
 44
215.9
 45
279.4
 46
0.0
 47
0.0
 48
0.0
 49
0.0
140
0.0
141
0.0
142
1.0
143
1.0
 70
  1712
 72
     0
 73
     0
 74
     0
  7

 75
     0
 76
     0
 77
     2
 78
   300
147
1.0
148
0.0
149
0.0
100
AcDbLayout
  1
Model
 70
     1
 71
     0
 10
0.0
 20
0.0
 11
12.0
 21
9.0
 12
0.0
 22
0.0
 32
0.0
 14
-16.77458
 24
-16.66875
 34
0.0
 15
16.77458
 25
16.66875
 35
0.0
146
0.0
 13
0.0
 23
0.0
 33
0.0
 16
1.0
 26
0.0
 36
0.0
 17
0.0
 27
1.0
 37
0.0
 76
     0
330
1F
331
29
  0
MATERIAL
  5
45
102
{ACAD_REACTORS
330
43
102
}
330
43
100
AcDbMaterial
  1
ByBlock
 72
     1
 94
      127
  0
MATERIAL
  5
44
102
{ACAD_REACTORS
330
43
102
}
330
43
100
AcDbMaterial
  1
ByLayer
 72
     1
 94
      127
  0
MATERIAL
  5
46
102
{ACAD_REACTORS
330
43
102
}
330
43
100
AcDbMaterial
  1
Global
 72
     1
 94
      127
  0
MLEADERSTYLE
  5
6C
102
{ACAD_REACTORS
330
6B
102
}
102
{ACAD_XDICTIONARY
360
AB
102
}
330
6B
100
AcDbMLeaderStyle
170
     2
171
     1
172
     0
 90
        2
 40
0.0
 41
0.0
173
     1
 91
-1056964608
340
14
 92
       -2
290
     1
 42
0.09
291
     1
 43
0.36
  3
Standard
341
0
 44
0.18
300

342
11
174
     1
178
     6
175
     1
176
     0
 93
-1056964608
 45
0.18
292
     0
297
     0
 46
0.18
343
0
 94
-1056964608
 47
1.0
 49
1.0
140
1.0
293
     1
141
0.0
294
     1
177
     0
142
1.0
295
     0
296
     0
143
0.125
1001
ACAD_MLEADERVER
1070
     2
  0
MLINESTYLE
  5
18
102
{ACAD_REACTORS
330
17
102
}
330
17
100
AcDbMlineStyle
  2
Standard
 70
     0
  3

 62
   256
 51
90.0
 52
90.0
 71
     2
 49
0.5
 62
   256
  6
BYLAYER
 49
-0.5
 62
   256
  6
BYLAYER
  0
ACDBPLACEHOLDER
  5
F
102
{ACAD_REACTORS
330
E
102
}
330
E
  0
SCALE
  5
48
102
{ACAD_REACTORS
330
47
102
}
330
47
100
AcDbScale
 70
     0
300
1:1
140
1.0
141
1.0
290
     1
  0
SCALE
  5
49
102
{ACAD_REACTORS
330
47
102
}
330
47
100
AcDbScale
 70
     0
300
1:2
140
1.0
141
2.0
290
     0
  0
SCALE
  5
4A
102
{ACAD_REACTORS
330
47
102
}
330
47
100
AcDbScale
 70
     0
300
1:4
140
1.0
141
4.0
290
     0
  0
SCALE
  5
4B
102
{ACAD_REACTORS
330
47
102
}
330
47
100
AcDbScale
 70
     0
300
1:5
140
1.0
141
5.0
290
     0
  0
SCALE
  5
4C
102
{ACAD_REACTORS
330
47
102
}
330
47
100
AcDbScale
 70
     0
300
1:8
140
1.0
141
8.0
290
     0
  0
SCALE
  5
4D
102
{ACAD_REACTORS
330
47
102
}
330
47
100
AcDbScale
 70
     0
300
1:10
140
1.0
141
10.0
290
     0
  0
SCALE
  5
4E
102
{ACAD_REACTORS
330
47
102
}
330
47
100
AcDbScale
 70
     0
300
1:16
140
1.0
141
16.0
290
     0
  0
SCALE
  5
4F
102
{ACAD_REACTORS
330
47
102
}
330
47
100
AcDbScale
 70
     0
300
1:20
140
1.0
141
20.0
290
     0
  0
SCALE
  5
50
102
{ACAD_REACTORS
330
47
102
}
330
47
100
AcDbScale
 70
     0
300
1:30
140
1.0
141
30.0
290
     0
  0
SCALE
  5
51
102
{ACAD_REACTORS
330
47
102
}
330
47
100
AcDbScale
 70
     0
300
1:40
140
1.0
141
40.0
290
     0
  0
SCALE
  5
52
102
{ACAD_REACTORS
330
47
102
}
330
47
100
AcDbScale
 70
     0
300
1:50
140
1.0
141
50.0
290
     0
  0
SCALE
  5
53
102
{ACAD_REACTORS
330
47
102
}
330
47
100
AcDbScale
 70
     0
300
1:100
140
1.0
141
100.0
290
     0
  0
SCALE
  5
54
102
{ACAD_REACTORS
330
47
102
}
330
47
100
AcDbScale
 70
     0
300
2:1
140
2.0
141
1.0
290
     0
  0
SCALE
  5
55
102
{ACAD_REACTORS
330
47
102
}
330
47
100
AcDbScale
 70
     0
300
4:1
140
4.0
141
1.0
290
     0
  0
SCALE
  5
56
102
{ACAD_REACTORS
330
47
102
}
330
47
100
AcDbScale
 70
     0
300
8:1
140
8.0
141
1.0
290
     0
  0
SCALE
  5
57
102
{ACAD_REACTORS
330
47
102
}
330
47
100
AcDbScale
 70
     0
300
10:1
140
10.0
141
1.0
290
     0
  0
SCALE
  5
58
102
{ACAD_REACTORS
330
47
102
}
330
47
100
AcDbScale
 70
     0
300
100:1
140
100.0
141
1.0
290
     0
  0
SCALE
  5
59
102
{ACAD_REACTORS
330
47
102
}
330
47
100
AcDbScale
 70
     0
300
1/128" = 1'-0"
140
0.0078125
141
12.0
290
     0
  0
SCALE
  5
5A
102
{ACAD_REACTORS
330
47
102
}
330
47
100
AcDbScale
 70
     0
300
1/64" = 1'-0"
140
0.015625
141
12.0
290
     0
  0
SCALE
  5
5B
102
{ACAD_REACTORS
330
47
102
}
330
47
100
AcDbScale
 70
     0
300
1/32" = 1'-0"
140
0.03125
141
12.0
290
     0
  0
SCALE
  5
5C
102
{ACAD_REACTORS
330
47
102
}
330
47
100
AcDbScale
 70
     0
300
1/16" = 1'-0"
140
0.0625
141
12.0
290
     0
  0
SCALE
  5
5D
102
{ACAD_REACTORS
330
47
102
}
330
47
100
AcDbScale
 70
     0
300
3/32" = 1'-0"
140
0.09375
141
12.0
290
     0
  0
SCALE
  5
5E
102
{ACAD_REACTORS
330
47
102
}
330
47
100
AcDbScale
 70
     0
300
1/8" = 1'-0"
140
0.125
141
12.0
290
     0
  0
SCALE
  5
5F
102
{ACAD_REACTORS
330
47
102
}
330
47
100
AcDbScale
 70
     0
300
3/16" = 1'-0"
140
0.1875
141
12.0
290
     0
  0
SCALE
  5
60
102
{ACAD_REACTORS
330
47
102
}
330
47
100
AcDbScale
 70
     0
300
1/4" = 1'-0"
140
0.25
141
12.0
290
     0
  0
SCALE
  5
61
102
{ACAD_REACTORS
330
47
102
}
330
47
100
AcDbScale
 70
     0
300
3/8" = 1'-0"
140
0.375
141
12.0
290
     0
  0
SCALE
  5
62
102
{ACAD_REACTORS
330
47
102
}
330
47
100
AcDbScale
 70
     0
300
1/2" = 1'-0"
140
0.5
141
12.0
290
     0
  0
SCALE
  5
63
102
{ACAD_REACTORS
330
47
102
}
330
47
100
AcDbScale
 70
     0
300
3/4" = 1'-0"
140
0.75
141
12.0
290
     0
  0
SCALE
  5
64
102
{ACAD_REACTORS
330
47
102
}
330
47
100
AcDbScale
 70
     0
300
1" = 1'-0"
140
1.0
141
12.0
290
     0
  0
SCALE
  5
65
102
{ACAD_REACTORS
330
47
102
}
330
47
100
AcDbScale
 70
     0
300
1-1/2" = 1'-0"
140
1.5
141
12.0
290
     0
  0
SCALE
  5
66
102
{ACAD_REACTORS
330
47
102
}
330
47
100
AcDbScale
 70
     0
300
3" = 1'-0"
140
3.0
141
12.0
290
     0
  0
SCALE
  5
67
102
{ACAD_REACTORS
330
47
102
}
330
47
100
AcDbScale
 70
     0
300
6" = 1'-0"
140
6.0
141
12.0
290
     0
  0
SCALE
  5
68
102
{ACAD_REACTORS
330
47
102
}
330
47
100
AcDbScale
 70
     0
300
1'-0" = 1'-0"
140
12.0
141
12.0
290
     0
  0
TABLESTYLE
  5
6A
102
{ACAD_REACTORS
330
69
102
}
102
{ACAD_XDICTIONARY
360
A8
102
}
330
69
100
AcDbTableStyle
  3
Standard
 70
     0
 71
     0
 40
0.06
 41
0.06
280
     0
281
     0
  7
Standard
140
0.18
170
     2
 62
     0
 63
   257
283
     0
 90
        4
 91
        0
  1

274
    -2
284
     1
 64
     0
275
    -2
285
     1
 65
     0
276
    -2
286
     1
 66
     0
277
    -2
287
     1
 67
     0
278
    -2
288
     1
 68
     0
279
    -2
289
     1
 69
     0
  7
Standard
140
0.25
170
     5
 62
     0
 63
   257
283
     0
 90
        4
 91
        0
  1

274
    -2
284
     1
 64
     0
275
    -2
285
     1
 65
     0
276
    -2
286
     1
 66
     0
277
    -2
287
     1
 67
     0
278
    -2
288
     1
 68
     0
279
    -2
289
     1
 69
     0
  7
Standard
140
0.18
170
     5
 62
     0
 63
   257
283
     0
 90
        4
 91
        0
  1

274
    -2
284
     1
 64
     0
275
    -2
285
     1
 65
     0
276
    -2
286
     1
 66
     0
277
    -2
287
     1
 67
     0
278
    -2
288
     1
 68
     0
279
    -2
289
     1
 69
     0
  0
VISUALSTYLE
  5
2F
102
{ACAD_REACTORS
330
2A
102
}
102
{ACAD_XDICTIONARY
360
80
102
}
330
2A
100
AcDbVisualStyle
  2
2dWireframe
 70
     4
 71
     0
 72
     2
 73
     0
 90
        0
 40
0.6
 41
30.0
 62
     5
 63
     7
421
 16777215
 74
     1
 91
        4
 64
     7
 65
   257
 75
     1
175
     1
 42
1.0
 92
        0
 66
   257
 43
1.0
 76
     1
 77
     6
 78
     2
 67
     7
 79
     5
170
     0
171
     0
290
     0
174
     0
 93
        1
 44
0.0
173
     0
291
     0
 45
0.0
  0
VISUALSTYLE
  5
32
102
{ACAD_REACTORS
330
2A
102
}
102
{ACAD_XDICTIONARY
360
86
102
}
330
2A
100
AcDbVisualStyle
  2
Basic
 70
     7
 71
     1
 72
     0
 73
     1
 90
        0
 40
0.6
 41
30.0
 62
     5
 63
     7
421
 16777215
 74
     0
 91
        4
 64
     7
 65
   257
 75
     1
175
     1
 42
1.0
 92
        8
 66
     7
 43
1.0
 76
     1
 77
     6
 78
     2
 67
     7
 79
     5
170
     0
171
     0
290
     0
174
     0
 93
        1
 44
0.0
173
     0
291
     1
 45
0.0
  0
VISUALSTYLE
  5
36
102
{ACAD_REACTORS
330
2A
102
}
102
{ACAD_XDICTIONARY
360
8E
102
}
330
2A
100
AcDbVisualStyle
  2
Brighten
 70
    12
 71
     2
 72
     2
 73
     0
 90
        0
 40
0.6
 41
30.0
 62
     5
 63
     7
421
 16777215
 74
     1
 91
        4
 64
     7
 65
   257
 75
     1
175
     1
 42
1.0
 92
        8
 66
     7
 43
1.0
 76
     1
 77
     6
 78
     2
 67
     7
 79
     5
170
     0
171
     0
290
     0
174
     0
 93
        1
 44
50.0
173
     0
291
     1
 45
0.0
  0
VISUALSTYLE
  5
3A
102
{ACAD_REACTORS
330
2A
102
}
102
{ACAD_XDICTIONARY
360
96
102
}
330
2A
100
AcDbVisualStyle
  2
ColorChange
 70
    16
 71
     2
 72
     2
 73
     3
 90
        0
 40
0.6
 41
30.0
 62
     5
 63
     8
421
  8421504
 74
     1
 91
        4
 64
     7
 65
   257
 75
     1
175
     1
 42
1.0
 92
        8
 66
     8
424
  8421504
 43
1.0
 76
     1
 77
     6
 78
     2
 67
     7
 79
     5
170
     0
171
     0
290
     0
174
     0
 93
        1
 44
0.0
173
     0
291
     1
 45
0.0
  0
VISUALSTYLE
  5
34
102
{ACAD_REACTORS
330
2A
102
}
102
{ACAD_XDICTIONARY
360
8A
102
}
330
2A
100
AcDbVisualStyle
  2
Conceptual
 70
     9
 71
     3
 72
     2
 73
     0
 90
        0
 40
0.6
 41
30.0
 62
     5
 63
     7
421
 16777215
 74
     2
 91
        2
 64
     7
 65
   257
 75
     1
175
     1
 42
179.0
 92
        8
 66
     7
 43
1.0
 76
     1
 77
     6
 78
     2
 67
     7
 79
     3
170
     0
171
     0
290
     0
174
     0
 93
        1
 44
0.0
173
     0
291
     0
 45
0.0
  0
VISUALSTYLE
  5
35
102
{ACAD_REACTORS
330
2A
102
}
102
{ACAD_XDICTIONARY
360
8C
102
}
330
2A
100
AcDbVisualStyle
  2
Dim
 70
    11
 71
     2
 72
     2
 73
     0
 90
        0
 40
0.6
 41
30.0
 62
     5
 63
     7
421
 16777215
 74
     1
 91
        4
 64
     7
 65
   257
 75
     1
175
     1
 42
1.0
 92
        8
 66
     7
 43
1.0
 76
     1
 77
     6
 78
     2
 67
     7
 79
     5
170
     0
171
     0
290
     0
174
     0
 93
        1
 44
-50.0
173
     0
291
     1
 45
0.0
  0
VISUALSTYLE
  5
3D
102
{ACAD_REACTORS
330
2A
102
}
102
{ACAD_XDICTIONARY
360
9C
102
}
330
2A
100
AcDbVisualStyle
  2
EdgeColorOff
 70
    22
 71
     2
 72
     2
 73
     0
 90
        0
 40
0.6
 41
30.0
 62
     5
 63
     7
421
 16777215
 74
     1
 91
        4
 64
     7
 65
   257
 75
     1
175
     1
 42
1.0
 92
        8
 66
     7
 43
1.0
 76
     1
 77
     6
 78
     2
 67
     7
 79
     5
170
     0
171
     0
290
     0
174
     0
 93
        1
 44
0.0
173
     0
291
     1
 45
0.0
  0
VISUALSTYLE
  5
39
102
{ACAD_REACTORS
330
2A
102
}
102
{ACAD_XDICTIONARY
360
94
102
}
330
2A
100
AcDbVisualStyle
  2
Facepattern
 70
    15
 71
     2
 72
     2
 73
     0
 90
        0
 40
0.6
 41
30.0
 62
     5
 63
     7
421
 16777215
 74
     1
 91
        4
 64
     7
 65
   257
 75
     1
175
     1
 42
1.0
 92
        8
 66
     7
 43
1.0
 76
     1
 77
     6
 78
     2
 67
     7
 79
     5
170
     0
171
     0
290
     0
174
     0
 93
        1
 44
0.0
173
     0
291
     1
 45
0.0
  0
VISUALSTYLE
  5
2B
102
{ACAD_REACTORS
330
2A
102
}
102
{ACAD_XDICTIONARY
360
78
102
}
330
2A
100
AcDbVisualStyle
  2
Flat
 70
     0
 71
     2
 72
     1
 73
     1
 90
        2
 40
0.6
 41
30.0
 62
     5
 63
     7
421
 16777215
 74
     0
 91
        0
 64
     7
 65
   257
 75
     1
175
     1
 42
1.0
 92
        8
 66
     7
 43
1.0
 76
     1
 77
     6
 78
     2
 67
     7
 79
     5
170
     0
171
     0
290
     0
174
     0
 93
       13
 44
0.0
173
     0
291
     1
 45
0.0
  0
VISUALSTYLE
  5
2C
102
{ACAD_REACTORS
330
2A
102
}
102
{ACAD_XDICTIONARY
360
7A
102
}
330
2A
100
AcDbVisualStyle
  2
FlatWithEdges
 70
     1
 71
     2
 72
     1
 73
     1
 90
        2
 40
0.6
 41
30.0
 62
     5
 63
     7
421
 16777215
 74
     1
 91
        0
 64
     7
 65
   257
 75
     1
175
     1
 42
1.0
 92
        0
 66
   257
 43
1.0
 76
     1
 77
     6
 78
     2
 67
     7
 79
     5
170
     0
171
     0
290
     0
174
     0
 93
       13
 44
0.0
173
     0
291
     1
 45
0.0
  0
VISUALSTYLE
  5
2D
102
{ACAD_REACTORS
330
2A
102
}
102
{ACAD_XDICTIONARY
360
7C
102
}
330
2A
100
AcDbVisualStyle
  2
Gouraud
 70
     2
 71
     2
 72
     2
 73
     1
 90
        2
 40
0.6
 41
30.0
 62
     5
 63
     7
421
 16777215
 74
     0
 91
        0
 64
     7
 65
   257
 75
     1
175
     1
 42
1.0
 92
        0
 66
     7
 43
1.0
 76
     1
 77
     6
 78
     2
 67
     7
 79
     5
170
     0
171
     0
290
     0
174
     0
 93
       13
 44
0.0
173
     0
291
     1
 45
0.0
  0
VISUALSTYLE
  5
2E
102
{ACAD_REACTORS
330
2A
102
}
102
{ACAD_XDICTIONARY
360
7E
102
}
330
2A
100
AcDbVisualStyle
  2
GouraudWithEdges
 70
     3
 71
     2
 72
     2
 73
     1
 90
        2
 40
0.6
 41
30.0
 62
     5
 63
     7
421
 16777215
 74
     1
 91
        0
 64
     7
 65
   257
 75
     1
175
     1
 42
1.0
 92
        0
 66
   257
 43
1.0
 76
     1
 77
     6
 78
     2
 67
     7
 79
     5
170
     0
171
     0
290
     0
174
     0
 93
       13
 44
0.0
173
     0
291
     1
 45
0.0
  0
VISUALSTYLE
  5
31
102
{ACAD_REACTORS
330
2A
102
}
102
{ACAD_XDICTIONARY
360
84
102
}
330
2A
100
AcDbVisualStyle
  2
Hidden
 70
     6
 71
     1
 72
     2
 73
     2
 90
        0
 40
0.6
 41
30.0
 62
     5
 63
     7
421
 16777215
 74
     2
 91
        2
 64
     7
 65
   257
 75
     2
175
     1
 42
40.0
 92
        0
 66
   257
 43
1.0
 76
     1
 77
     6
 78
     2
 67
     7
 79
     3
170
     0
171
     0
290
     0
174
     0
 93
        1
 44
0.0
173
     0
291
     0
 45
0.0
  0
VISUALSTYLE
  5
3B
102
{ACAD_REACTORS
330
2A
102
}
102
{ACAD_XDICTIONARY
360
98
102
}
330
2A
100
AcDbVisualStyle
  2
JitterOff
 70
    20
 71
     2
 72
     2
 73
     0
 90
        0
 40
0.6
 41
30.0
 62
     5
 63
     7
421
 16777215
 74
     1
 91
        4
 64
     7
 65
   257
 75
     1
175
     1
 42
1.0
 92
       10
 66
     7
 43
1.0
 76
     1
 77
     6
 78
     2
 67
     7
 79
     5
170
     0
171
     0
290
     0
174
     0
 93
        1
 44
0.0
173
     0
291
     1
 45
0.0
  0
VISUALSTYLE
  5
38
102
{ACAD_REACTORS
330
2A
102
}
102
{ACAD_XDICTIONARY
360
92
102
}
330
2A
100
AcDbVisualStyle
  2
Linepattern
 70
    14
 71
     2
 72
     2
 73
     0
 90
        0
 40
0.6
 41
30.0
 62
     5
 63
     7
421
 16777215
 74
     1
 91
        4
 64
     7
 65
   257
 75
     7
175
     7
 42
1.0
 92
        8
 66
     7
 43
1.0
 76
     1
 77
     6
 78
     2
 67
     7
 79
     5
170
     0
171
     0
290
     0
174
     0
 93
        1
 44
0.0
173
     0
291
     1
 45
0.0
  0
VISUALSTYLE
  5
3C
102
{ACAD_REACTORS
330
2A
102
}
102
{ACAD_XDICTIONARY
360
9A
102
}
330
2A
100
AcDbVisualStyle
  2
OverhangOff
 70
    21
 71
     2
 72
     2
 73
     0
 90
        0
 40
0.6
 41
30.0
 62
     5
 63
     7
421
 16777215
 74
     1
 91
        4
 64
     7
 65
   257
 75
     1
175
     1
 42
1.0
 92
        9
 66
     7
 43
1.0
 76
     1
 77
     6
 78
     2
 67
     7
 79
     5
170
     0
171
     0
290
     0
174
     0
 93
        1
 44
0.0
173
     0
291
     1
 45
0.0
  0
VISUALSTYLE
  5
33
102
{ACAD_REACTORS
330
2A
102
}
102
{ACAD_XDICTIONARY
360
88
102
}
330
2A
100
AcDbVisualStyle
  2
Realistic
 70
     8
 71
     2
 72
     3
 73
     0
 90
        2
 40
0.6
 41
30.0
 62
     5
 63
     7
421
 16777215
 74
     0
 91
        0
 64
     7
 65
   257
 75
     1
175
     1
 42
1.0
 92
        8
 66
   257
 43
1.0
 76
     1
 77
     6
 78
     2
 67
     7
 79
     3
170
     0
171
     0
290
     0
174
     0
 93
       13
 44
0.0
173
     0
291
     0
 45
0.0
  0
VISUALSTYLE
  5
42
102
{ACAD_REACTORS
330
2A
102
}
102
{ACAD_XDICTIONARY
360
A6
102
}
330
2A
100
AcDbVisualStyle
  2
Shaded
 70
    27
 71
     2
 72
     2
 73
     1
 90
        2
 40
0.6
 41
30.0
 62
     5
 63
     7
421
 16777215
 74
     0
 91
        4
 64
     7
 65
   257
 75
     1
175
     1
 42
1.0
 92
        8
 66
   257
 43
1.0
 76
     1
 77
     6
 78
     2
 67
     8
425
  7895160
 79
     3
170
     0
171
     0
290
     0
174
     0
 93
        5
 44
0.0
173
     0
291
     0
 45
0.0
  0
VISUALSTYLE
  5
41
102
{ACAD_REACTORS
330
2A
102
}
102
{ACAD_XDICTIONARY
360
A4
102
}
330
2A
100
AcDbVisualStyle
  2
Shaded with edges
 70
    26
 71
     2
 72
     2
 73
     1
 90
        2
 40
0.6
 41
30.0
 62
     5
 63
     7
421
 16777215
 74
     1
 91
       10
 64
     7
 65
   257
 75
     2
175
     1
 42
1.0
 92
        8
 66
   257
 43
1.0
 76
     1
 77
     6
 78
     2
 67
     7
 79
     3
170
     0
171
     0
290
     0
174
     0
 93
        5
 44
0.0
173
     0
291
     0
 45
0.0
  0
VISUALSTYLE
  5
3E
102
{ACAD_REACTORS
330
2A
102
}
102
{ACAD_XDICTIONARY
360
9E
102
}
330
2A
100
AcDbVisualStyle
  2
Shades of Gray
 70
    23
 71
     2
 72
     2
 73
     3
 90
        0
 40
0.6
 41
30.0
 62
     5
 63
     7
421
 16777215
 74
     2
 91
        2
 64
     7
 65
     7
 75
     1
175
     1
 42
40.0
 92
        8
 66
     7
 43
1.0
 76
     1
 77
     6
 78
     2
 67
     7
 79
     3
170
     0
171
     0
290
     0
174
     0
 93
        1
 44
0.0
173
     0
291
     0
 45
0.0
  0
VISUALSTYLE
  5
3F
102
{ACAD_REACTORS
330
2A
102
}
102
{ACAD_XDICTIONARY
360
A0
102
}
330
2A
100
AcDbVisualStyle
  2
Sketchy
 70
    24
 71
     1
 72
     2
 73
     2
 90
        0
 40
0.6
 41
30.0
 62
     5
 63
     7
421
 16777215
 74
     2
 91
        2
 64
     7
 65
     7
 75
     1
175
     1
 42
40.0
 92
       11
 66
     7
 43
1.0
 76
     1
 77
     6
 78
     2
 67
     7
 79
     6
170
     0
171
     0
290
     0
174
     0
 93
        1
 44
0.0
173
     0
291
     0
 45
0.0
  0
VISUALSTYLE
  5
37
102
{ACAD_REACTORS
330
2A
102
}
102
{ACAD_XDICTIONARY
360
90
102
}
330
2A
100
AcDbVisualStyle
  2
Thicken
 70
    13
 71
     2
 72
     2
 73
     0
 90
        0
 40
0.6
 41
30.0
 62
     5
 63
     7
421
 16777215
 74
     1
 91
        4
 64
     7
 65
   257
 75
     1
175
     1
 42
1.0
 92
       12
 66
     7
 43
1.0
 76
     1
 77
     6
 78
     2
 67
     7
 79
     5
170
     0
171
     0
290
     0
174
     0
 93
        1
 44
0.0
173
     0
291
     1
 45
0.0
  0
VISUALSTYLE
  5
30
102
{ACAD_REACTORS
330
2A
102
}
102
{ACAD_XDICTIONARY
360
82
102
}
330
2A
100
AcDbVisualStyle
  2
Wireframe
 70
     5
 71
     0
 72
     2
 73
     0
 90
        0
 40
0.6
 41
30.0
 62
     5
 63
     7
421
 16777215
 74
     1
 91
        4
 64
     7
 65
   257
 75
     1
175
     1
 42
1.0
 92
        0
 66
   257
 43
1.0
 76
     1
 77
     6
 78
     2
 67
     7
 79
     3
170
     0
171
     0
290
     0
174
     0
 93
        1
 44
0.0
173
     0
291
     0
 45
0.0
  0
VISUALSTYLE
  5
40
102
{ACAD_REACTORS
330
2A
102
}
102
{ACAD_XDICTIONARY
360
A2
102
}
330
2A
100
AcDbVisualStyle
  2
X-Ray
 70
    25
 71
     2
 72
     2
 73
     1
 90
        1
 40
0.5
 41
30.0
 62
     5
 63
     7
421
 16777215
 74
     1
 91
        0
 64
     7
 65
   257
 75
     1
175
     1
 42
1.0
 92
        8
 66
     7
 43
1.0
 76
     1
 77
     6
 78
     2
 67
     7
 79
     3
170
     0
171
     0
290
     0
174
     0
 93
       13
 44
0.0
173
     0
291
     0
 45
0.0
  0
DICTIONARYVAR
  5
76
102
{ACAD_REACTORS
330
75
102
}
330
75
100
DictionaryVariables
280
     0
  1
1:1
  0
DICTIONARYVAR
  5
AF
102
{ACAD_REACTORS
330
75
102
}
330
75
100
DictionaryVariables
280
     0
  1
Standard
  0
DICTIONARYVAR
  5
AE
102
{ACAD_REACTORS
330
75
102
}
330
75
100
DictionaryVariables
280
     0
  1
Standard
  0
DICTIONARYVAR
  5
77
102
{ACAD_REACTORS
330
75
102
}
330
75
100
DictionaryVariables
280
     0
  1
2
  0
DICTIONARY
  5
AB
330
6C
100
AcDbDictionary
280
     1
281
     1
  3
ACAD_XREC_ROUNDTRIP
360
AC
  0
DICTIONARY
  5
A8
330
6A
100
AcDbDictionary
280
     1
281
     1
  3
ACAD_ROUNDTRIP_2008_TABLESTYLE_CELLSTYLEMAP
360
A9
  0
DICTIONARY
  5
80
330
2F
100
AcDbDictionary
280
     1
281
     1
  3
ACAD_XREC_ROUNDTRIP
360
81
  0
DICTIONARY
  5
86
330
32
100
AcDbDictionary
280
     1
281
     1
  3
ACAD_XREC_ROUNDTRIP
360
87
  0
DICTIONARY
  5
8E
330
36
100
AcDbDictionary
280
     1
281
     1
  3
ACAD_XREC_ROUNDTRIP
360
8F
  0
DICTIONARY
  5
96
330
3A
100
AcDbDictionary
280
     1
281
     1
  3
ACAD_XREC_ROUNDTRIP
360
97
  0
DICTIONARY
  5
8A
330
34
100
AcDbDictionary
280
     1
281
     1
  3
ACAD_XREC_ROUNDTRIP
360
8B
  0
DICTIONARY
  5
8C
330
35
100
AcDbDictionary
280
     1
281
     1
  3
ACAD_XREC_ROUNDTRIP
360
8D
  0
DICTIONARY
  5
9C
330
3D
100
AcDbDictionary
280
     1
281
     1
  3
ACAD_XREC_ROUNDTRIP
360
9D
  0
DICTIONARY
  5
94
330
39
100
AcDbDictionary
280
     1
281
     1
  3
ACAD_XREC_ROUNDTRIP
360
95
  0
DICTIONARY
  5
78
330
2B
100
AcDbDictionary
280
     1
281
     1
  3
ACAD_XREC_ROUNDTRIP
360
79
  0
DICTIONARY
  5
7A
330
2C
100
AcDbDictionary
280
     1
281
     1
  3
ACAD_XREC_ROUNDTRIP
360
7B
  0
DICTIONARY
  5
7C
330
2D
100
AcDbDictionary
280
     1
281
     1
  3
ACAD_XREC_ROUNDTRIP
360
7D
  0
DICTIONARY
  5
7E
330
2E
100
AcDbDictionary
280
     1
281
     1
  3
ACAD_XREC_ROUNDTRIP
360
7F
  0
DICTIONARY
  5
84
330
31
100
AcDbDictionary
280
     1
281
     1
  3
ACAD_XREC_ROUNDTRIP
360
85
  0
DICTIONARY
  5
98
330
3B
100
AcDbDictionary
280
     1
281
     1
  3
ACAD_XREC_ROUNDTRIP
360
99
  0
DICTIONARY
  5
92
330
38
100
AcDbDictionary
280
     1
281
     1
  3
ACAD_XREC_ROUNDTRIP
360
93
  0
DICTIONARY
  5
9A
330
3C
100
AcDbDictionary
280
     1
281
     1
  3
ACAD_XREC_ROUNDTRIP
360
9B
  0
DICTIONARY
  5
88
330
33
100
AcDbDictionary
280
     1
281
     1
  3
ACAD_XREC_ROUNDTRIP
360
89
  0
DICTIONARY
  5
A6
330
42
100
AcDbDictionary
280
     1
281
     1
  3
ACAD_XREC_ROUNDTRIP
360
A7
  0
DICTIONARY
  5
A4
330
41
100
AcDbDictionary
280
     1
281
     1
  3
ACAD_XREC_ROUNDTRIP
360
A5
  0
DICTIONARY
  5
9E
330
3E
100
AcDbDictionary
280
     1
281
     1
  3
ACAD_XREC_ROUNDTRIP
360
9F
  0
DICTIONARY
  5
A0
330
3F
100
AcDbDictionary
280
     1
281
     1
  3
ACAD_XREC_ROUNDTRIP
360
A1
  0
DICTIONARY
  5
90
330
37
100
AcDbDictionary
280
     1
281
     1
  3
ACAD_XREC_ROUNDTRIP
360
91
  0
DICTIONARY
  5
82
330
30
100
AcDbDictionary
280
     1
281
     1
  3
ACAD_XREC_ROUNDTRIP
360
83
  0
DICTIONARY
  5
A2
330
40
100
AcDbDictionary
280
     1
281
     1
  3
ACAD_XREC_ROUNDTRIP
360
A3
  0
XRECORD
  5
AC
102
{ACAD_REACTORS
330
AB
102
}
330
AB
100
AcDbXrecord
280
     1
102
ACAD_ROUNDTRIP_2010_MLEADER_STYLE
  0
CELLSTYLEMAP
  5
A9
102
{ACAD_REACTORS
330
A8
102
}
330
A8
100
AcDbCellStyleMap
 90
        3
300
CELLSTYLE
  1
TABLEFORMAT_BEGIN
 90
        5
170
     1
 91
        0
 92
    32768
 62
   257
 93
        1
300
CONTENTFORMAT
  1
CONTENTFORMAT_BEGIN
 90
        0
 91
        0
 92
        4
 93
        0
300

 40
0.0
140
1.0
 94
        5
 62
     0
340
11
144
0.25
309
CONTENTFORMAT_END
171
     1
301
MARGIN
  1
CELLMARGIN_BEGIN
 40
0.06
 40
0.06
 40
0.06
 40
0.06
 40
0.06
 40
0.06
309
CELLMARGIN_END
 94
        6
 95
        1
302
GRIDFORMAT
  1
GRIDFORMAT_BEGIN
 90
        0
 91
        1
 62
     0
 92
       -2
340
14
 93
        0
 40
0.045
309
GRIDFORMAT_END
 95
        2
302
GRIDFORMAT
  1
GRIDFORMAT_BEGIN
 90
        0
 91
        1
 62
     0
 92
       -2
340
14
 93
        0
 40
0.045
309
GRIDFORMAT_END
 95
        4
302
GRIDFORMAT
  1
GRIDFORMAT_BEGIN
 90
        0
 91
        1
 62
     0
 92
       -2
340
14
 93
        0
 40
0.045
309
GRIDFORMAT_END
 95
        8
302
GRIDFORMAT
  1
GRIDFORMAT_BEGIN
 90
        0
 91
        1
 62
     0
 92
       -2
340
14
 93
        0
 40
0.045
309
GRIDFORMAT_END
 95
       16
302
GRIDFORMAT
  1
GRIDFORMAT_BEGIN
 90
        0
 91
        1
 62
     0
 92
       -2
340
14
 93
        0
 40
0.045
309
GRIDFORMAT_END
 95
       32
302
GRIDFORMAT
  1
GRIDFORMAT_BEGIN
 90
        0
 91
        1
 62
     0
 92
       -2
340
14
 93
        0
 40
0.045
309
GRIDFORMAT_END
309
TABLEFORMAT_END
  1
CELLSTYLE_BEGIN
 90
        1
 91
        1
300
_TITLE
309
CELLSTYLE_END
300
CELLSTYLE
  1
TABLEFORMAT_BEGIN
 90
        5
170
     1
 91
        0
 92
        0
 62
   257
 93
        1
300
CONTENTFORMAT
  1
CONTENTFORMAT_BEGIN
 90
        0
 91
        0
 92
        4
 93
        0
300

 40
0.0
140
1.0
 94
        5
 62
     0
340
11
144
0.18
309
CONTENTFORMAT_END
171
     1
301
MARGIN
  1
CELLMARGIN_BEGIN
 40
0.06
 40
0.06
 40
0.06
 40
0.06
 40
0.06
 40
0.06
309
CELLMARGIN_END
 94
        6
 95
        1
302
GRIDFORMAT
  1
GRIDFORMAT_BEGIN
 90
        0
 91
        1
 62
     0
 92
       -2
340
14
 93
        0
 40
0.045
309
GRIDFORMAT_END
 95
        2
302
GRIDFORMAT
  1
GRIDFORMAT_BEGIN
 90
        0
 91
        1
 62
     0
 92
       -2
340
14
 93
        0
 40
0.045
309
GRIDFORMAT_END
 95
        4
302
GRIDFORMAT
  1
GRIDFORMAT_BEGIN
 90
        0
 91
        1
 62
     0
 92
       -2
340
14
 93
        0
 40
0.045
309
GRIDFORMAT_END
 95
        8
302
GRIDFORMAT
  1
GRIDFORMAT_BEGIN
 90
        0
 91
        1
 62
     0
 92
       -2
340
14
 93
        0
 40
0.045
309
GRIDFORMAT_END
 95
       16
302
GRIDFORMAT
  1
GRIDFORMAT_BEGIN
 90
        0
 91
        1
 62
     0
 92
       -2
340
14
 93
        0
 40
0.045
309
GRIDFORMAT_END
 95
       32
302
GRIDFORMAT
  1
GRIDFORMAT_BEGIN
 90
        0
 91
        1
 62
     0
 92
       -2
340
14
 93
        0
 40
0.045
309
GRIDFORMAT_END
309
TABLEFORMAT_END
  1
CELLSTYLE_BEGIN
 90
        2
 91
        1
300
_HEADER
309
CELLSTYLE_END
300
CELLSTYLE
  1
TABLEFORMAT_BEGIN
 90
        5
170
     1
 91
        0
 92
        0
 62
   257
 93
        1
300
CONTENTFORMAT
  1
CONTENTFORMAT_BEGIN
 90
        0
 91
        0
 92
        4
 93
        0
300

 40
0.0
140
1.0
 94
        2
 62
     0
340
11
144
0.18
309
CONTENTFORMAT_END
171
     1
301
MARGIN
  1
CELLMARGIN_BEGIN
 40
0.06
 40
0.06
 40
0.06
 40
0.06
 40
0.06
 40
0.06
309
CELLMARGIN_END
 94
        6
 95
        1
302
GRIDFORMAT
  1
GRIDFORMAT_BEGIN
 90
        0
 91
        1
 62
     0
 92
       -2
340
14
 93
        0
 40
0.045
309
GRIDFORMAT_END
 95
        2
302
GRIDFORMAT
  1
GRIDFORMAT_BEGIN
 90
        0
 91
        1
 62
     0
 92
       -2
340
14
 93
        0
 40
0.045
309
GRIDFORMAT_END
 95
        4
302
GRIDFORMAT
  1
GRIDFORMAT_BEGIN
 90
        0
 91
        1
 62
     0
 92
       -2
340
14
 93
        0
 40
0.045
309
GRIDFORMAT_END
 95
        8
302
GRIDFORMAT
  1
GRIDFORMAT_BEGIN
 90
        0
 91
        1
 62
     0
 92
       -2
340
14
 93
        0
 40
0.045
309
GRIDFORMAT_END
 95
       16
302
GRIDFORMAT
  1
GRIDFORMAT_BEGIN
 90
        0
 91
        1
 62
     0
 92
       -2
340
14
 93
        0
 40
0.045
309
GRIDFORMAT_END
 95
       32
302
GRIDFORMAT
  1
GRIDFORMAT_BEGIN
 90
        0
 91
        1
 62
     0
 92
       -2
340
14
 93
        0
 40
0.045
309
GRIDFORMAT_END
309
TABLEFORMAT_END
  1
CELLSTYLE_BEGIN
 90
        3
 91
        2
300
_DATA
309
CELLSTYLE_END
  0
XRECORD
  5
81
102
{ACAD_REACTORS
330
80
102
}
330
80
100
AcDbXrecord
280
     1
102
RTVSPropertyOp0
 70
     1
102
RTVSPropertyOp1
 70
     1
102
RTVSPropertyOp2
 70
     1
102
RTVSPropertyOp3
 70
     1
102
RTVSPropertyOp4
 70
     1
102
RTVSPropertyOp5
 70
     1
102
RTVSPropertyOp6
 70
     1
102
RTVSPropertyOp7
 70
     1
102
RTVSPropertyOp8
 70
     1
102
RTVSPropertyOp9
 70
     1
102
RTVSPropertyOp10
 70
     1
102
RTVSPropertyOp11
 70
     1
102
RTVSPropertyOp12
 70
     1
102
RTVSPropertyOp13
 70
     1
102
RTVSPropertyOp14
 70
     1
102
RTVSPropertyOp15
 70
     1
102
RTVSPropertyOp16
 70
     1
102
RTVSPropertyOp17
 70
     1
102
RTVSPropertyOp18
 70
     1
102
RTVSPropertyOp19
 70
     1
102
RTVSPropertyOp20
 70
     1
102
RTVSPropertyOp21
 70
     1
102
RTVSPropertyOp22
 70
     1
102
RTVSPropertyOp23
 70
     1
102
RTVSPropertyOp24
 70
     1
102
RTVSPropertyOp25
 70
     1
102
RTVSPropertyOp26
 70
     1
102
RTVSPropertyOp27
 70
     1
102
RTVSPropertyOp28
 70
     1
102
RTVSPropertyOp29
 70
     1
102
RTVSPropertyOp30
 70
     1
102
RTVSPropertyOp31
 70
     1
102
RTVSPropertyOp32
 70
     1
102
RTVSPropertyOp33
 70
     1
102
RTVSPropertyOp34
 70
     1
102
RTVSPropertyOp35
 70
     1
102
RTVSPropertyOp36
 70
     1
102
RTVSPropertyOp37
 70
     1
102
RTVSPropertyOp38
 70
     1
102
RTVSPropertyOp39
 70
     1
102
RTVSPropertyOp40
 70
     1
102
RTVSPropertyOp41
 70
     1
102
RTVSPropertyOp42
 70
     1
102
RTVSPropertyOp43
 70
     1
102
RTVSPropertyOp44
 70
     1
102
RTVSPropertyOp45
 70
     1
102
RTVSPropertyOp46
 70
     1
102
RTVSPropertyOp47
 70
     1
102
RTVSPropertyOp48
 70
     1
102
RTVSPropertyOp49
 70
     1
102
RTVSPropertyOp50
 70
     1
102
RTVSPropertyOp51
 70
     0
102
RTVSPropertyOp52
 70
     0
102
RTVSPropertyOp53
 70
     1
102
RTVSPropertyOp54
 70
     1
102
RTVSPropertyOp55
 70
     1
102
RTVSPropertyOp56
 70
     1
102
RTVSPropertyOp57
 70
     1
102
RTVSPost2010Prop28
280
     1
102
RTVSPost2010PropOp28
 70
     1
102
RTVSPost2010Prop29
280
     1
102
RTVSPost2010PropOp29
 70
     1
102
RTVSPost2010Prop30
280
     0
102
RTVSPost2010PropOp30
 70
     1
102
RTVSPost2010Prop31
280
     0
102
RTVSPost2010PropOp31
 70
     1
102
RTVSPost2010Prop32
280
     0
102
RTVSPost2010PropOp32
 70
     1
102
RTVSPost2010Prop33
280
     0
102
RTVSPost2010PropOp33
 70
     1
102
RTVSPost2010Prop34
280
     0
102
RTVSPost2010PropOp34
 70
     1
102
RTVSPost2010Prop35
280
     0
102
RTVSPost2010PropOp35
 70
     1
102
RTVSPost2010Prop36
280
     0
102
RTVSPost2010PropOp36
 70
     1
102
RTVSPost2010Prop37
 90
       50
102
RTVSPost2010PropOp37
 70
     1
102
RTVSPost2010Prop38
140
0.0
102
RTVSPost2010PropOp38
 70
     1
102
RTVSPost2010Prop39
140
1.0
102
RTVSPost2010PropOp39
 70
     1
102
RTVSPost2010Prop40
 90
        0
102
RTVSPost2010PropOp40
 70
     1
102
RTVSPost2010Prop41ColorIndex
 90
       18
102
RTVSPost2010Prop41ColorRGB
 90
        0
102
RTVSPost2010PropOp41
 70
     1
102
RTVSPost2010Prop42
 90
       50
102
RTVSPost2010PropOp42
 70
     1
102
RTVSPost2010Prop43
 90
        3
102
RTVSPost2010PropOp43
 70
     1
102
RTVSPost2010Prop44ColorIndex
 90
        5
102
RTVSPost2010Prop44ColorRGB
 90
      255
102
RTVSPost2010PropOp44
 70
     1
102
RTVSPost2010Prop45
280
     0
102
RTVSPost2010PropOp45
 70
     1
102
RTVSPost2010Prop46
 90
       50
102
RTVSPost2010PropOp46
 70
     1
102
RTVSPost2010Prop47
 90
       50
102
RTVSPost2010PropOp47
 70
     1
102
RTVSPost2010Prop48
 90
       50
102
RTVSPost2010PropOp48
 70
     1
102
RTVSPost2010Prop49
280
     0
102
RTVSPost2010PropOp49
 70
     1
102
RTVSPost2010Prop50
 90
       50
102
RTVSPost2010PropOp50
 70
     1
102
RTVSPost2010Prop51ColorIndex
 90
      256
102
RTVSPost2010Prop51ColorRGB
 90
-16777216
102
RTVSPost2010PropOp51
 70
     0
102
RTVSPost2010Prop52
140
1.0
102
RTVSPost2010PropOp52
 70
     0
102
RTVSPost2010Prop53
 90
        2
102
RTVSPost2010PropOp53
 70
     1
102
RTVSPost2010Prop54
  1
strokes_ogs.tif
102
RTVSPost2010PropOp54
 70
     1
102
RTVSPost2010Prop55
280
     0
102
RTVSPost2010PropOp55
 70
     1
102
RTVSPost2010Prop56
140
1.0
102
RTVSPost2010PropOp56
 70
     1
102
RTVSPost2010Prop57
140
1.0
102
RTVSPost2010PropOp57
 70
     1
  0
XRECORD
  5
87
102
{ACAD_REACTORS
330
86
102
}
330
86
100
AcDbXrecord
280
     1
102
RTVSPropertyOp0
 70
     1
102
RTVSPropertyOp1
 70
     1
102
RTVSPropertyOp2
 70
     1
102
RTVSPropertyOp3
 70
     1
102
RTVSPropertyOp4
 70
     1
102
RTVSPropertyOp5
 70
     1
102
RTVSPropertyOp6
 70
     1
102
RTVSPropertyOp7
 70
     1
102
RTVSPropertyOp8
 70
     1
102
RTVSPropertyOp9
 70
     1
102
RTVSPropertyOp10
 70
     1
102
RTVSPropertyOp11
 70
     1
102
RTVSPropertyOp12
 70
     1
102
RTVSPropertyOp13
 70
     1
102
RTVSPropertyOp14
 70
     1
102
RTVSPropertyOp15
 70
     1
102
RTVSPropertyOp16
 70
     1
102
RTVSPropertyOp17
 70
     1
102
RTVSPropertyOp18
 70
     1
102
RTVSPropertyOp19
 70
     1
102
RTVSPropertyOp20
 70
     1
102
RTVSPropertyOp21
 70
     1
102
RTVSPropertyOp22
 70
     1
102
RTVSPropertyOp23
 70
     1
102
RTVSPropertyOp24
 70
     1
102
RTVSPropertyOp25
 70
     1
102
RTVSPropertyOp26
 70
     1
102
RTVSPropertyOp27
 70
     1
102
RTVSPropertyOp28
 70
     1
102
RTVSPropertyOp29
 70
     1
102
RTVSPropertyOp30
 70
     1
102
RTVSPropertyOp31
 70
     1
102
RTVSPropertyOp32
 70
     1
102
RTVSPropertyOp33
 70
     1
102
RTVSPropertyOp34
 70
     1
102
RTVSPropertyOp35
 70
     1
102
RTVSPropertyOp36
 70
     1
102
RTVSPropertyOp37
 70
     1
102
RTVSPropertyOp38
 70
     1
102
RTVSPropertyOp39
 70
     1
102
RTVSPropertyOp40
 70
     1
102
RTVSPropertyOp41
 70
     1
102
RTVSPropertyOp42
 70
     1
102
RTVSPropertyOp43
 70
     1
102
RTVSPropertyOp44
 70
     1
102
RTVSPropertyOp45
 70
     1
102
RTVSPropertyOp46
 70
     1
102
RTVSPropertyOp47
 70
     1
102
RTVSPropertyOp48
 70
     1
102
RTVSPropertyOp49
 70
     1
102
RTVSPropertyOp50
 70
     1
102
RTVSPropertyOp51
 70
     0
102
RTVSPropertyOp52
 70
     0
102
RTVSPropertyOp53
 70
     1
102
RTVSPropertyOp54
 70
     1
102
RTVSPropertyOp55
 70
     1
102
RTVSPropertyOp56
 70
     1
102
RTVSPropertyOp57
 70
     1
102
RTVSPost2010Prop28
280
     0
102
RTVSPost2010PropOp28
 70
     1
102
RTVSPost2010Prop29
280
     1
102
RTVSPost2010PropOp29
 70
     1
102
RTVSPost2010Prop30
280
     1
102
RTVSPost2010PropOp30
 70
     1
102
RTVSPost2010Prop31
280
     0
102
RTVSPost2010PropOp31
 70
     1
102
RTVSPost2010Prop32
280
     0
102
RTVSPost2010PropOp32
 70
     1
102
RTVSPost2010Prop33
280
     0
102
RTVSPost2010PropOp33
 70
     1
102
RTVSPost2010Prop34
280
     0
102
RTVSPost2010PropOp34
 70
     1
102
RTVSPost2010Prop35
280
     0
102
RTVSPost2010PropOp35
 70
     1
102
RTVSPost2010Prop36
280
     0
102
RTVSPost2010PropOp36
 70
     1
102
RTVSPost2010Prop37
 90
       50
102
RTVSPost2010PropOp37
 70
     1
102
RTVSPost2010Prop38
140
0.0
102
RTVSPost2010PropOp38
 70
     1
102
RTVSPost2010Prop39
140
1.0
102
RTVSPost2010PropOp39
 70
     1
102
RTVSPost2010Prop40
 90
        0
102
RTVSPost2010PropOp40
 70
     1
102
RTVSPost2010Prop41ColorIndex
 90
       18
102
RTVSPost2010Prop41ColorRGB
 90
        0
102
RTVSPost2010PropOp41
 70
     1
102
RTVSPost2010Prop42
 90
       50
102
RTVSPost2010PropOp42
 70
     1
102
RTVSPost2010Prop43
 90
        3
102
RTVSPost2010PropOp43
 70
     1
102
RTVSPost2010Prop44ColorIndex
 90
        5
102
RTVSPost2010Prop44ColorRGB
 90
      255
102
RTVSPost2010PropOp44
 70
     1
102
RTVSPost2010Prop45
280
     0
102
RTVSPost2010PropOp45
 70
     1
102
RTVSPost2010Prop46
 90
       50
102
RTVSPost2010PropOp46
 70
     1
102
RTVSPost2010Prop47
 90
       50
102
RTVSPost2010PropOp47
 70
     1
102
RTVSPost2010Prop48
 90
       50
102
RTVSPost2010PropOp48
 70
     1
102
RTVSPost2010Prop49
280
     0
102
RTVSPost2010PropOp49
 70
     1
102
RTVSPost2010Prop50
 90
       50
102
RTVSPost2010PropOp50
 70
     1
102
RTVSPost2010Prop51ColorIndex
 90
      256
102
RTVSPost2010Prop51ColorRGB
 90
-16777216
102
RTVSPost2010PropOp51
 70
     0
102
RTVSPost2010Prop52
140
1.0
102
RTVSPost2010PropOp52
 70
     0
102
RTVSPost2010Prop53
 90
        2
102
RTVSPost2010PropOp53
 70
     1
102
RTVSPost2010Prop54
  1
strokes_ogs.tif
102
RTVSPost2010PropOp54
 70
     1
102
RTVSPost2010Prop55
280
     0
102
RTVSPost2010PropOp55
 70
     1
102
RTVSPost2010Prop56
140
1.0
102
RTVSPost2010PropOp56
 70
     1
102
RTVSPost2010Prop57
140
1.0
102
RTVSPost2010PropOp57
 70
     1
  0
XRECORD
  5
8F
102
{ACAD_REACTORS
330
8E
102
}
330
8E
100
AcDbXrecord
280
     1
102
RTVSPropertyOp0
 70
     1
102
RTVSPropertyOp1
 70
     1
102
RTVSPropertyOp2
 70
     1
102
RTVSPropertyOp3
 70
     1
102
RTVSPropertyOp4
 70
     1
102
RTVSPropertyOp5
 70
     1
102
RTVSPropertyOp6
 70
     1
102
RTVSPropertyOp7
 70
     1
102
RTVSPropertyOp8
 70
     1
102
RTVSPropertyOp9
 70
     1
102
RTVSPropertyOp10
 70
     1
102
RTVSPropertyOp11
 70
     1
102
RTVSPropertyOp12
 70
     1
102
RTVSPropertyOp13
 70
     1
102
RTVSPropertyOp14
 70
     1
102
RTVSPropertyOp15
 70
     1
102
RTVSPropertyOp16
 70
     1
102
RTVSPropertyOp17
 70
     1
102
RTVSPropertyOp18
 70
     1
102
RTVSPropertyOp19
 70
     1
102
RTVSPropertyOp20
 70
     1
102
RTVSPropertyOp21
 70
     1
102
RTVSPropertyOp22
 70
     1
102
RTVSPropertyOp23
 70
     1
102
RTVSPropertyOp24
 70
     1
102
RTVSPropertyOp25
 70
     1
102
RTVSPropertyOp26
 70
     1
102
RTVSPropertyOp27
 70
     1
102
RTVSPropertyOp28
 70
     1
102
RTVSPropertyOp29
 70
     1
102
RTVSPropertyOp30
 70
     1
102
RTVSPropertyOp31
 70
     1
102
RTVSPropertyOp32
 70
     1
102
RTVSPropertyOp33
 70
     1
102
RTVSPropertyOp34
 70
     1
102
RTVSPropertyOp35
 70
     1
102
RTVSPropertyOp36
 70
     1
102
RTVSPropertyOp37
 70
     1
102
RTVSPropertyOp38
 70
     1
102
RTVSPropertyOp39
 70
     1
102
RTVSPropertyOp40
 70
     1
102
RTVSPropertyOp41
 70
     1
102
RTVSPropertyOp42
 70
     1
102
RTVSPropertyOp43
 70
     1
102
RTVSPropertyOp44
 70
     1
102
RTVSPropertyOp45
 70
     1
102
RTVSPropertyOp46
 70
     1
102
RTVSPropertyOp47
 70
     1
102
RTVSPropertyOp48
 70
     1
102
RTVSPropertyOp49
 70
     1
102
RTVSPropertyOp50
 70
     1
102
RTVSPropertyOp51
 70
     0
102
RTVSPropertyOp52
 70
     0
102
RTVSPropertyOp53
 70
     1
102
RTVSPropertyOp54
 70
     1
102
RTVSPropertyOp55
 70
     1
102
RTVSPropertyOp56
 70
     1
102
RTVSPropertyOp57
 70
     1
102
RTVSPost2010Prop28
280
     0
102
RTVSPost2010PropOp28
 70
     1
102
RTVSPost2010Prop29
280
     1
102
RTVSPost2010PropOp29
 70
     1
102
RTVSPost2010Prop30
280
     1
102
RTVSPost2010PropOp30
 70
     1
102
RTVSPost2010Prop31
280
     0
102
RTVSPost2010PropOp31
 70
     1
102
RTVSPost2010Prop32
280
     0
102
RTVSPost2010PropOp32
 70
     1
102
RTVSPost2010Prop33
280
     0
102
RTVSPost2010PropOp33
 70
     1
102
RTVSPost2010Prop34
280
     0
102
RTVSPost2010PropOp34
 70
     1
102
RTVSPost2010Prop35
280
     0
102
RTVSPost2010PropOp35
 70
     1
102
RTVSPost2010Prop36
280
     0
102
RTVSPost2010PropOp36
 70
     1
102
RTVSPost2010Prop37
 90
       50
102
RTVSPost2010PropOp37
 70
     1
102
RTVSPost2010Prop38
140
0.0
102
RTVSPost2010PropOp38
 70
     1
102
RTVSPost2010Prop39
140
1.0
102
RTVSPost2010PropOp39
 70
     1
102
RTVSPost2010Prop40
 90
        0
102
RTVSPost2010PropOp40
 70
     1
102
RTVSPost2010Prop41ColorIndex
 90
       18
102
RTVSPost2010Prop41ColorRGB
 90
        0
102
RTVSPost2010PropOp41
 70
     1
102
RTVSPost2010Prop42
 90
       50
102
RTVSPost2010PropOp42
 70
     1
102
RTVSPost2010Prop43
 90
        3
102
RTVSPost2010PropOp43
 70
     1
102
RTVSPost2010Prop44ColorIndex
 90
        5
102
RTVSPost2010Prop44ColorRGB
 90
      255
102
RTVSPost2010PropOp44
 70
     1
102
RTVSPost2010Prop45
280
     0
102
RTVSPost2010PropOp45
 70
     1
102
RTVSPost2010Prop46
 90
       50
102
RTVSPost2010PropOp46
 70
     1
102
RTVSPost2010Prop47
 90
       50
102
RTVSPost2010PropOp47
 70
     1
102
RTVSPost2010Prop48
 90
       50
102
RTVSPost2010PropOp48
 70
     1
102
RTVSPost2010Prop49
280
     0
102
RTVSPost2010PropOp49
 70
     1
102
RTVSPost2010Prop50
 90
       50
102
RTVSPost2010PropOp50
 70
     1
102
RTVSPost2010Prop51ColorIndex
 90
      256
102
RTVSPost2010Prop51ColorRGB
 90
-16777216
102
RTVSPost2010PropOp51
 70
     0
102
RTVSPost2010Prop52
140
1.0
102
RTVSPost2010PropOp52
 70
     0
102
RTVSPost2010Prop53
 90
        2
102
RTVSPost2010PropOp53
 70
     1
102
RTVSPost2010Prop54
  1
strokes_ogs.tif
102
RTVSPost2010PropOp54
 70
     1
102
RTVSPost2010Prop55
280
     0
102
RTVSPost2010PropOp55
 70
     1
102
RTVSPost2010Prop56
140
1.0
102
RTVSPost2010PropOp56
 70
     1
102
RTVSPost2010Prop57
140
1.0
102
RTVSPost2010PropOp57
 70
     1
  0
XRECORD
  5
97
102
{ACAD_REACTORS
330
96
102
}
330
96
100
AcDbXrecord
280
     1
102
RTVSPropertyOp0
 70
     1
102
RTVSPropertyOp1
 70
     1
102
RTVSPropertyOp2
 70
     1
102
RTVSPropertyOp3
 70
     1
102
RTVSPropertyOp4
 70
     1
102
RTVSPropertyOp5
 70
     1
102
RTVSPropertyOp6
 70
     1
102
RTVSPropertyOp7
 70
     1
102
RTVSPropertyOp8
 70
     1
102
RTVSPropertyOp9
 70
     1
102
RTVSPropertyOp10
 70
     1
102
RTVSPropertyOp11
 70
     1
102
RTVSPropertyOp12
 70
     1
102
RTVSPropertyOp13
 70
     1
102
RTVSPropertyOp14
 70
     1
102
RTVSPropertyOp15
 70
     1
102
RTVSPropertyOp16
 70
     1
102
RTVSPropertyOp17
 70
     1
102
RTVSPropertyOp18
 70
     1
102
RTVSPropertyOp19
 70
     1
102
RTVSPropertyOp20
 70
     1
102
RTVSPropertyOp21
 70
     1
102
RTVSPropertyOp22
 70
     1
102
RTVSPropertyOp23
 70
     1
102
RTVSPropertyOp24
 70
     1
102
RTVSPropertyOp25
 70
     1
102
RTVSPropertyOp26
 70
     1
102
RTVSPropertyOp27
 70
     1
102
RTVSPropertyOp28
 70
     1
102
RTVSPropertyOp29
 70
     1
102
RTVSPropertyOp30
 70
     1
102
RTVSPropertyOp31
 70
     1
102
RTVSPropertyOp32
 70
     1
102
RTVSPropertyOp33
 70
     1
102
RTVSPropertyOp34
 70
     1
102
RTVSPropertyOp35
 70
     1
102
RTVSPropertyOp36
 70
     1
102
RTVSPropertyOp37
 70
     1
102
RTVSPropertyOp38
 70
     1
102
RTVSPropertyOp39
 70
     1
102
RTVSPropertyOp40
 70
     1
102
RTVSPropertyOp41
 70
     1
102
RTVSPropertyOp42
 70
     1
102
RTVSPropertyOp43
 70
     1
102
RTVSPropertyOp44
 70
     1
102
RTVSPropertyOp45
 70
     1
102
RTVSPropertyOp46
 70
     1
102
RTVSPropertyOp47
 70
     1
102
RTVSPropertyOp48
 70
     1
102
RTVSPropertyOp49
 70
     1
102
RTVSPropertyOp50
 70
     1
102
RTVSPropertyOp51
 70
     0
102
RTVSPropertyOp52
 70
     0
102
RTVSPropertyOp53
 70
     1
102
RTVSPropertyOp54
 70
     1
102
RTVSPropertyOp55
 70
     1
102
RTVSPropertyOp56
 70
     1
102
RTVSPropertyOp57
 70
     1
102
RTVSPost2010Prop28
280
     0
102
RTVSPost2010PropOp28
 70
     1
102
RTVSPost2010Prop29
280
     1
102
RTVSPost2010PropOp29
 70
     1
102
RTVSPost2010Prop30
280
     1
102
RTVSPost2010PropOp30
 70
     1
102
RTVSPost2010Prop31
280
     0
102
RTVSPost2010PropOp31
 70
     1
102
RTVSPost2010Prop32
280
     0
102
RTVSPost2010PropOp32
 70
     1
102
RTVSPost2010Prop33
280
     0
102
RTVSPost2010PropOp33
 70
     1
102
RTVSPost2010Prop34
280
     0
102
RTVSPost2010PropOp34
 70
     1
102
RTVSPost2010Prop35
280
     0
102
RTVSPost2010PropOp35
 70
     1
102
RTVSPost2010Prop36
280
     0
102
RTVSPost2010PropOp36
 70
     1
102
RTVSPost2010Prop37
 90
       50
102
RTVSPost2010PropOp37
 70
     1
102
RTVSPost2010Prop38
140
0.0
102
RTVSPost2010PropOp38
 70
     1
102
RTVSPost2010Prop39
140
1.0
102
RTVSPost2010PropOp39
 70
     1
102
RTVSPost2010Prop40
 90
        0
102
RTVSPost2010PropOp40
 70
     1
102
RTVSPost2010Prop41ColorIndex
 90
       18
102
RTVSPost2010Prop41ColorRGB
 90
        0
102
RTVSPost2010PropOp41
 70
     1
102
RTVSPost2010Prop42
 90
       50
102
RTVSPost2010PropOp42
 70
     1
102
RTVSPost2010Prop43
 90
        3
102
RTVSPost2010PropOp43
 70
     1
102
RTVSPost2010Prop44ColorIndex
 90
        5
102
RTVSPost2010Prop44ColorRGB
 90
      255
102
RTVSPost2010PropOp44
 70
     1
102
RTVSPost2010Prop45
280
     0
102
RTVSPost2010PropOp45
 70
     1
102
RTVSPost2010Prop46
 90
       50
102
RTVSPost2010PropOp46
 70
     1
102
RTVSPost2010Prop47
 90
       50
102
RTVSPost2010PropOp47
 70
     1
102
RTVSPost2010Prop48
 90
       50
102
RTVSPost2010PropOp48
 70
     1
102
RTVSPost2010Prop49
280
     0
102
RTVSPost2010PropOp49
 70
     1
102
RTVSPost2010Prop50
 90
       50
102
RTVSPost2010PropOp50
 70
     1
102
RTVSPost2010Prop51ColorIndex
 90
      256
102
RTVSPost2010Prop51ColorRGB
 90
-16777216
102
RTVSPost2010PropOp51
 70
     0
102
RTVSPost2010Prop52
140
1.0
102
RTVSPost2010PropOp52
 70
     0
102
RTVSPost2010Prop53
 90
        2
102
RTVSPost2010PropOp53
 70
     1
102
RTVSPost2010Prop54
  1
strokes_ogs.tif
102
RTVSPost2010PropOp54
 70
     1
102
RTVSPost2010Prop55
280
     0
102
RTVSPost2010PropOp55
 70
     1
102
RTVSPost2010Prop56
140
1.0
102
RTVSPost2010PropOp56
 70
     1
102
RTVSPost2010Prop57
140
1.0
102
RTVSPost2010PropOp57
 70
     1
  0
XRECORD
  5
8B
102
{ACAD_REACTORS
330
8A
102
}
330
8A
100
AcDbXrecord
280
     1
102
RTVSPropertyOp0
 70
     1
102
RTVSPropertyOp1
 70
     1
102
RTVSPropertyOp2
 70
     1
102
RTVSPropertyOp3
 70
     1
102
RTVSPropertyOp4
 70
     1
102
RTVSPropertyOp5
 70
     1
102
RTVSPropertyOp6
 70
     1
102
RTVSPropertyOp7
 70
     1
102
RTVSPropertyOp8
 70
     1
102
RTVSPropertyOp9
 70
     1
102
RTVSPropertyOp10
 70
     1
102
RTVSPropertyOp11
 70
     1
102
RTVSPropertyOp12
 70
     1
102
RTVSPropertyOp13
 70
     1
102
RTVSPropertyOp14
 70
     1
102
RTVSPropertyOp15
 70
     1
102
RTVSPropertyOp16
 70
     1
102
RTVSPropertyOp17
 70
     1
102
RTVSPropertyOp18
 70
     1
102
RTVSPropertyOp19
 70
     1
102
RTVSPropertyOp20
 70
     1
102
RTVSPropertyOp21
 70
     1
102
RTVSPropertyOp22
 70
     1
102
RTVSPropertyOp23
 70
     1
102
RTVSPropertyOp24
 70
     1
102
RTVSPropertyOp25
 70
     1
102
RTVSPropertyOp26
 70
     1
102
RTVSPropertyOp27
 70
     1
102
RTVSPropertyOp28
 70
     1
102
RTVSPropertyOp29
 70
     1
102
RTVSPropertyOp30
 70
     1
102
RTVSPropertyOp31
 70
     1
102
RTVSPropertyOp32
 70
     1
102
RTVSPropertyOp33
 70
     1
102
RTVSPropertyOp34
 70
     1
102
RTVSPropertyOp35
 70
     1
102
RTVSPropertyOp36
 70
     1
102
RTVSPropertyOp37
 70
     1
102
RTVSPropertyOp38
 70
     1
102
RTVSPropertyOp39
 70
     1
102
RTVSPropertyOp40
 70
     1
102
RTVSPropertyOp41
 70
     1
102
RTVSPropertyOp42
 70
     1
102
RTVSPropertyOp43
 70
     1
102
RTVSPropertyOp44
 70
     1
102
RTVSPropertyOp45
 70
     1
102
RTVSPropertyOp46
 70
     1
102
RTVSPropertyOp47
 70
     1
102
RTVSPropertyOp48
 70
     1
102
RTVSPropertyOp49
 70
     1
102
RTVSPropertyOp50
 70
     1
102
RTVSPropertyOp51
 70
     0
102
RTVSPropertyOp52
 70
     0
102
RTVSPropertyOp53
 70
     1
102
RTVSPropertyOp54
 70
     1
102
RTVSPropertyOp55
 70
     1
102
RTVSPropertyOp56
 70
     1
102
RTVSPropertyOp57
 70
     1
102
RTVSPost2010Prop28
280
     0
102
RTVSPost2010PropOp28
 70
     1
102
RTVSPost2010Prop29
280
     1
102
RTVSPost2010PropOp29
 70
     1
102
RTVSPost2010Prop30
280
     1
102
RTVSPost2010PropOp30
 70
     1
102
RTVSPost2010Prop31
280
     0
102
RTVSPost2010PropOp31
 70
     1
102
RTVSPost2010Prop32
280
     0
102
RTVSPost2010PropOp32
 70
     1
102
RTVSPost2010Prop33
280
     0
102
RTVSPost2010PropOp33
 70
     1
102
RTVSPost2010Prop34
280
     0
102
RTVSPost2010PropOp34
 70
     1
102
RTVSPost2010Prop35
280
     0
102
RTVSPost2010PropOp35
 70
     1
102
RTVSPost2010Prop36
280
     0
102
RTVSPost2010PropOp36
 70
     1
102
RTVSPost2010Prop37
 90
       50
102
RTVSPost2010PropOp37
 70
     1
102
RTVSPost2010Prop38
140
0.0
102
RTVSPost2010PropOp38
 70
     1
102
RTVSPost2010Prop39
140
1.0
102
RTVSPost2010PropOp39
 70
     1
102
RTVSPost2010Prop40
 90
        0
102
RTVSPost2010PropOp40
 70
     1
102
RTVSPost2010Prop41ColorIndex
 90
       18
102
RTVSPost2010Prop41ColorRGB
 90
        0
102
RTVSPost2010PropOp41
 70
     1
102
RTVSPost2010Prop42
 90
       50
102
RTVSPost2010PropOp42
 70
     1
102
RTVSPost2010Prop43
 90
        3
102
RTVSPost2010PropOp43
 70
     1
102
RTVSPost2010Prop44ColorIndex
 90
        5
102
RTVSPost2010Prop44ColorRGB
 90
      255
102
RTVSPost2010PropOp44
 70
     1
102
RTVSPost2010Prop45
280
     0
102
RTVSPost2010PropOp45
 70
     1
102
RTVSPost2010Prop46
 90
       50
102
RTVSPost2010PropOp46
 70
     1
102
RTVSPost2010Prop47
 90
       50
102
RTVSPost2010PropOp47
 70
     1
102
RTVSPost2010Prop48
 90
       50
102
RTVSPost2010PropOp48
 70
     1
102
RTVSPost2010Prop49
280
     0
102
RTVSPost2010PropOp49
 70
     1
102
RTVSPost2010Prop50
 90
       50
102
RTVSPost2010PropOp50
 70
     1
102
RTVSPost2010Prop51ColorIndex
 90
      256
102
RTVSPost2010Prop51ColorRGB
 90
-16777216
102
RTVSPost2010PropOp51
 70
     0
102
RTVSPost2010Prop52
140
1.0
102
RTVSPost2010PropOp52
 70
     0
102
RTVSPost2010Prop53
 90
        2
102
RTVSPost2010PropOp53
 70
     1
102
RTVSPost2010Prop54
  1
strokes_ogs.tif
102
RTVSPost2010PropOp54
 70
     1
102
RTVSPost2010Prop55
280
     0
102
RTVSPost2010PropOp55
 70
     1
102
RTVSPost2010Prop56
140
1.0
102
RTVSPost2010PropOp56
 70
     1
102
RTVSPost2010Prop57
140
1.0
102
RTVSPost2010PropOp57
 70
     1
  0
XRECORD
  5
8D
102
{ACAD_REACTORS
330
8C
102
}
330
8C
100
AcDbXrecord
280
     1
102
RTVSPropertyOp0
 70
     1
102
RTVSPropertyOp1
 70
     1
102
RTVSPropertyOp2
 70
     1
102
RTVSPropertyOp3
 70
     1
102
RTVSPropertyOp4
 70
     1
102
RTVSPropertyOp5
 70
     1
102
RTVSPropertyOp6
 70
     1
102
RTVSPropertyOp7
 70
     1
102
RTVSPropertyOp8
 70
     1
102
RTVSPropertyOp9
 70
     1
102
RTVSPropertyOp10
 70
     1
102
RTVSPropertyOp11
 70
     1
102
RTVSPropertyOp12
 70
     1
102
RTVSPropertyOp13
 70
     1
102
RTVSPropertyOp14
 70
     1
102
RTVSPropertyOp15
 70
     1
102
RTVSPropertyOp16
 70
     1
102
RTVSPropertyOp17
 70
     1
102
RTVSPropertyOp18
 70
     1
102
RTVSPropertyOp19
 70
     1
102
RTVSPropertyOp20
 70
     1
102
RTVSPropertyOp21
 70
     1
102
RTVSPropertyOp22
 70
     1
102
RTVSPropertyOp23
 70
     1
102
RTVSPropertyOp24
 70
     1
102
RTVSPropertyOp25
 70
     1
102
RTVSPropertyOp26
 70
     1
102
RTVSPropertyOp27
 70
     1
102
RTVSPropertyOp28
 70
     1
102
RTVSPropertyOp29
 70
     1
102
RTVSPropertyOp30
 70
     1
102
RTVSPropertyOp31
 70
     1
102
RTVSPropertyOp32
 70
     1
102
RTVSPropertyOp33
 70
     1
102
RTVSPropertyOp34
 70
     1
102
RTVSPropertyOp35
 70
     1
102
RTVSPropertyOp36
 70
     1
102
RTVSPropertyOp37
 70
     1
102
RTVSPropertyOp38
 70
     1
102
RTVSPropertyOp39
 70
     1
102
RTVSPropertyOp40
 70
     1
102
RTVSPropertyOp41
 70
     1
102
RTVSPropertyOp42
 70
     1
102
RTVSPropertyOp43
 70
     1
102
RTVSPropertyOp44
 70
     1
102
RTVSPropertyOp45
 70
     1
102
RTVSPropertyOp46
 70
     1
102
RTVSPropertyOp47
 70
     1
102
RTVSPropertyOp48
 70
     1
102
RTVSPropertyOp49
 70
     1
102
RTVSPropertyOp50
 70
     1
102
RTVSPropertyOp51
 70
     0
102
RTVSPropertyOp52
 70
     0
102
RTVSPropertyOp53
 70
     1
102
RTVSPropertyOp54
 70
     1
102
RTVSPropertyOp55
 70
     1
102
RTVSPropertyOp56
 70
     1
102
RTVSPropertyOp57
 70
     1
102
RTVSPost2010Prop28
280
     0
102
RTVSPost2010PropOp28
 70
     1
102
RTVSPost2010Prop29
280
     1
102
RTVSPost2010PropOp29
 70
     1
102
RTVSPost2010Prop30
280
     1
102
RTVSPost2010PropOp30
 70
     1
102
RTVSPost2010Prop31
280
     0
102
RTVSPost2010PropOp31
 70
     1
102
RTVSPost2010Prop32
280
     0
102
RTVSPost2010PropOp32
 70
     1
102
RTVSPost2010Prop33
280
     0
102
RTVSPost2010PropOp33
 70
     1
102
RTVSPost2010Prop34
280
     0
102
RTVSPost2010PropOp34
 70
     1
102
RTVSPost2010Prop35
280
     0
102
RTVSPost2010PropOp35
 70
     1
102
RTVSPost2010Prop36
280
     0
102
RTVSPost2010PropOp36
 70
     1
102
RTVSPost2010Prop37
 90
       50
102
RTVSPost2010PropOp37
 70
     1
102
RTVSPost2010Prop38
140
0.0
102
RTVSPost2010PropOp38
 70
     1
102
RTVSPost2010Prop39
140
1.0
102
RTVSPost2010PropOp39
 70
     1
102
RTVSPost2010Prop40
 90
        0
102
RTVSPost2010PropOp40
 70
     1
102
RTVSPost2010Prop41ColorIndex
 90
       18
102
RTVSPost2010Prop41ColorRGB
 90
        0
102
RTVSPost2010PropOp41
 70
     1
102
RTVSPost2010Prop42
 90
       50
102
RTVSPost2010PropOp42
 70
     1
102
RTVSPost2010Prop43
 90
        3
102
RTVSPost2010PropOp43
 70
     1
102
RTVSPost2010Prop44ColorIndex
 90
        5
102
RTVSPost2010Prop44ColorRGB
 90
      255
102
RTVSPost2010PropOp44
 70
     1
102
RTVSPost2010Prop45
280
     0
102
RTVSPost2010PropOp45
 70
     1
102
RTVSPost2010Prop46
 90
       50
102
RTVSPost2010PropOp46
 70
     1
102
RTVSPost2010Prop47
 90
       50
102
RTVSPost2010PropOp47
 70
     1
102
RTVSPost2010Prop48
 90
       50
102
RTVSPost2010PropOp48
 70
     1
102
RTVSPost2010Prop49
280
     0
102
RTVSPost2010PropOp49
 70
     1
102
RTVSPost2010Prop50
 90
       50
102
RTVSPost2010PropOp50
 70
     1
102
RTVSPost2010Prop51ColorIndex
 90
      256
102
RTVSPost2010Prop51ColorRGB
 90
-16777216
102
RTVSPost2010PropOp51
 70
     0
102
RTVSPost2010Prop52
140
1.0
102
RTVSPost2010PropOp52
 70
     0
102
RTVSPost2010Prop53
 90
        2
102
RTVSPost2010PropOp53
 70
     1
102
RTVSPost2010Prop54
  1
strokes_ogs.tif
102
RTVSPost2010PropOp54
 70
     1
102
RTVSPost2010Prop55
280
     0
102
RTVSPost2010PropOp55
 70
     1
102
RTVSPost2010Prop56
140
1.0
102
RTVSPost2010PropOp56
 70
     1
102
RTVSPost2010Prop57
140
1.0
102
RTVSPost2010PropOp57
 70
     1
  0
XRECORD
  5
9D
102
{ACAD_REACTORS
330
9C
102
}
330
9C
100
AcDbXrecord
280
     1
102
RTVSPropertyOp0
 70
     0
102
RTVSPropertyOp1
 70
     0
102
RTVSPropertyOp2
 70
     0
102
RTVSPropertyOp3
 70
     0
102
RTVSPropertyOp4
 70
     0
102
RTVSPropertyOp5
 70
     0
102
RTVSPropertyOp6
 70
     0
102
RTVSPropertyOp7
 70
     0
102
RTVSPropertyOp8
 70
     0
102
RTVSPropertyOp9
 70
     0
102
RTVSPropertyOp10
 70
     0
102
RTVSPropertyOp11
 70
     0
102
RTVSPropertyOp12
 70
     0
102
RTVSPropertyOp13
 70
     0
102
RTVSPropertyOp14
 70
     2
102
RTVSPropertyOp15
 70
     0
102
RTVSPropertyOp16
 70
     0
102
RTVSPropertyOp17
 70
     0
102
RTVSPropertyOp18
 70
     0
102
RTVSPropertyOp19
 70
     0
102
RTVSPropertyOp20
 70
     0
102
RTVSPropertyOp21
 70
     0
102
RTVSPropertyOp22
 70
     0
102
RTVSPropertyOp23
 70
     0
102
RTVSPropertyOp24
 70
     0
102
RTVSPropertyOp25
 70
     0
102
RTVSPropertyOp26
 70
     0
102
RTVSPropertyOp27
 70
     0
102
RTVSPropertyOp28
 70
     0
102
RTVSPropertyOp29
 70
     0
102
RTVSPropertyOp30
 70
     0
102
RTVSPropertyOp31
 70
     0
102
RTVSPropertyOp32
 70
     0
102
RTVSPropertyOp33
 70
     0
102
RTVSPropertyOp34
 70
     0
102
RTVSPropertyOp35
 70
     0
102
RTVSPropertyOp36
 70
     0
102
RTVSPropertyOp37
 70
     0
102
RTVSPropertyOp38
 70
     0
102
RTVSPropertyOp39
 70
     0
102
RTVSPropertyOp40
 70
     0
102
RTVSPropertyOp41
 70
     0
102
RTVSPropertyOp42
 70
     0
102
RTVSPropertyOp43
 70
     0
102
RTVSPropertyOp44
 70
     0
102
RTVSPropertyOp45
 70
     0
102
RTVSPropertyOp46
 70
     0
102
RTVSPropertyOp47
 70
     0
102
RTVSPropertyOp48
 70
     0
102
RTVSPropertyOp49
 70
     0
102
RTVSPropertyOp50
 70
     0
102
RTVSPropertyOp51
 70
     0
102
RTVSPropertyOp52
 70
     0
102
RTVSPropertyOp53
 70
     0
102
RTVSPropertyOp54
 70
     0
102
RTVSPropertyOp55
 70
     0
102
RTVSPropertyOp56
 70
     0
102
RTVSPropertyOp57
 70
     0
102
RTVSPost2010Prop28
280
     0
102
RTVSPost2010PropOp28
 70
     0
102
RTVSPost2010Prop29
280
     1
102
RTVSPost2010PropOp29
 70
     0
102
RTVSPost2010Prop30
280
     1
102
RTVSPost2010PropOp30
 70
     0
102
RTVSPost2010Prop31
280
     0
102
RTVSPost2010PropOp31
 70
     0
102
RTVSPost2010Prop32
280
     0
102
RTVSPost2010PropOp32
 70
     0
102
RTVSPost2010Prop33
280
     0
102
RTVSPost2010PropOp33
 70
     0
102
RTVSPost2010Prop34
280
     0
102
RTVSPost2010PropOp34
 70
     0
102
RTVSPost2010Prop35
280
     0
102
RTVSPost2010PropOp35
 70
     0
102
RTVSPost2010Prop36
280
     0
102
RTVSPost2010PropOp36
 70
     0
102
RTVSPost2010Prop37
 90
       50
102
RTVSPost2010PropOp37
 70
     0
102
RTVSPost2010Prop38
140
0.0
102
RTVSPost2010PropOp38
 70
     0
102
RTVSPost2010Prop39
140
1.0
102
RTVSPost2010PropOp39
 70
     0
102
RTVSPost2010Prop40
 90
        0
102
RTVSPost2010PropOp40
 70
     0
102
RTVSPost2010Prop41ColorIndex
 90
       18
102
RTVSPost2010Prop41ColorRGB
 90
        0
102
RTVSPost2010PropOp41
 70
     0
102
RTVSPost2010Prop42
 90
       50
102
RTVSPost2010PropOp42
 70
     0
102
RTVSPost2010Prop43
 90
        3
102
RTVSPost2010PropOp43
 70
     0
102
RTVSPost2010Prop44ColorIndex
 90
        5
102
RTVSPost2010Prop44ColorRGB
 90
      255
102
RTVSPost2010PropOp44
 70
     0
102
RTVSPost2010Prop45
280
     0
102
RTVSPost2010PropOp45
 70
     0
102
RTVSPost2010Prop46
 90
       50
102
RTVSPost2010PropOp46
 70
     0
102
RTVSPost2010Prop47
 90
       50
102
RTVSPost2010PropOp47
 70
     0
102
RTVSPost2010Prop48
 90
       50
102
RTVSPost2010PropOp48
 70
     0
102
RTVSPost2010Prop49
280
     0
102
RTVSPost2010PropOp49
 70
     0
102
RTVSPost2010Prop50
 90
       50
102
RTVSPost2010PropOp50
 70
     0
102
RTVSPost2010Prop51ColorIndex
 90
      256
102
RTVSPost2010Prop51ColorRGB
 90
-16777216
102
RTVSPost2010PropOp51
 70
     0
102
RTVSPost2010Prop52
140
1.0
102
RTVSPost2010PropOp52
 70
     0
102
RTVSPost2010Prop53
 90
        2
102
RTVSPost2010PropOp53
 70
     0
102
RTVSPost2010Prop54
  1
strokes_ogs.tif
102
RTVSPost2010PropOp54
 70
     0
102
RTVSPost2010Prop55
280
     0
102
RTVSPost2010PropOp55
 70
     0
102
RTVSPost2010Prop56
140
1.0
102
RTVSPost2010PropOp56
 70
     0
102
RTVSPost2010Prop57
140
1.0
102
RTVSPost2010PropOp57
 70
     0
  0
XRECORD
  5
95
102
{ACAD_REACTORS
330
94
102
}
330
94
100
AcDbXrecord
280
     1
102
RTVSPropertyOp0
 70
     1
102
RTVSPropertyOp1
 70
     1
102
RTVSPropertyOp2
 70
     1
102
RTVSPropertyOp3
 70
     1
102
RTVSPropertyOp4
 70
     1
102
RTVSPropertyOp5
 70
     1
102
RTVSPropertyOp6
 70
     1
102
RTVSPropertyOp7
 70
     1
102
RTVSPropertyOp8
 70
     1
102
RTVSPropertyOp9
 70
     1
102
RTVSPropertyOp10
 70
     1
102
RTVSPropertyOp11
 70
     1
102
RTVSPropertyOp12
 70
     1
102
RTVSPropertyOp13
 70
     1
102
RTVSPropertyOp14
 70
     1
102
RTVSPropertyOp15
 70
     1
102
RTVSPropertyOp16
 70
     1
102
RTVSPropertyOp17
 70
     1
102
RTVSPropertyOp18
 70
     1
102
RTVSPropertyOp19
 70
     1
102
RTVSPropertyOp20
 70
     1
102
RTVSPropertyOp21
 70
     1
102
RTVSPropertyOp22
 70
     1
102
RTVSPropertyOp23
 70
     1
102
RTVSPropertyOp24
 70
     1
102
RTVSPropertyOp25
 70
     1
102
RTVSPropertyOp26
 70
     1
102
RTVSPropertyOp27
 70
     1
102
RTVSPropertyOp28
 70
     1
102
RTVSPropertyOp29
 70
     1
102
RTVSPropertyOp30
 70
     1
102
RTVSPropertyOp31
 70
     1
102
RTVSPropertyOp32
 70
     1
102
RTVSPropertyOp33
 70
     1
102
RTVSPropertyOp34
 70
     1
102
RTVSPropertyOp35
 70
     1
102
RTVSPropertyOp36
 70
     1
102
RTVSPropertyOp37
 70
     1
102
RTVSPropertyOp38
 70
     1
102
RTVSPropertyOp39
 70
     1
102
RTVSPropertyOp40
 70
     1
102
RTVSPropertyOp41
 70
     1
102
RTVSPropertyOp42
 70
     1
102
RTVSPropertyOp43
 70
     1
102
RTVSPropertyOp44
 70
     1
102
RTVSPropertyOp45
 70
     1
102
RTVSPropertyOp46
 70
     1
102
RTVSPropertyOp47
 70
     1
102
RTVSPropertyOp48
 70
     1
102
RTVSPropertyOp49
 70
     1
102
RTVSPropertyOp50
 70
     1
102
RTVSPropertyOp51
 70
     0
102
RTVSPropertyOp52
 70
     0
102
RTVSPropertyOp53
 70
     1
102
RTVSPropertyOp54
 70
     1
102
RTVSPropertyOp55
 70
     1
102
RTVSPropertyOp56
 70
     1
102
RTVSPropertyOp57
 70
     1
102
RTVSPost2010Prop28
280
     0
102
RTVSPost2010PropOp28
 70
     1
102
RTVSPost2010Prop29
280
     1
102
RTVSPost2010PropOp29
 70
     1
102
RTVSPost2010Prop30
280
     1
102
RTVSPost2010PropOp30
 70
     1
102
RTVSPost2010Prop31
280
     0
102
RTVSPost2010PropOp31
 70
     1
102
RTVSPost2010Prop32
280
     0
102
RTVSPost2010PropOp32
 70
     1
102
RTVSPost2010Prop33
280
     0
102
RTVSPost2010PropOp33
 70
     1
102
RTVSPost2010Prop34
280
     0
102
RTVSPost2010PropOp34
 70
     1
102
RTVSPost2010Prop35
280
     0
102
RTVSPost2010PropOp35
 70
     1
102
RTVSPost2010Prop36
280
     0
102
RTVSPost2010PropOp36
 70
     1
102
RTVSPost2010Prop37
 90
       50
102
RTVSPost2010PropOp37
 70
     1
102
RTVSPost2010Prop38
140
0.0
102
RTVSPost2010PropOp38
 70
     1
102
RTVSPost2010Prop39
140
1.0
102
RTVSPost2010PropOp39
 70
     1
102
RTVSPost2010Prop40
 90
        0
102
RTVSPost2010PropOp40
 70
     1
102
RTVSPost2010Prop41ColorIndex
 90
       18
102
RTVSPost2010Prop41ColorRGB
 90
        0
102
RTVSPost2010PropOp41
 70
     1
102
RTVSPost2010Prop42
 90
       50
102
RTVSPost2010PropOp42
 70
     1
102
RTVSPost2010Prop43
 90
        3
102
RTVSPost2010PropOp43
 70
     1
102
RTVSPost2010Prop44ColorIndex
 90
        5
102
RTVSPost2010Prop44ColorRGB
 90
      255
102
RTVSPost2010PropOp44
 70
     1
102
RTVSPost2010Prop45
280
     0
102
RTVSPost2010PropOp45
 70
     1
102
RTVSPost2010Prop46
 90
       50
102
RTVSPost2010PropOp46
 70
     1
102
RTVSPost2010Prop47
 90
       50
102
RTVSPost2010PropOp47
 70
     1
102
RTVSPost2010Prop48
 90
       50
102
RTVSPost2010PropOp48
 70
     1
102
RTVSPost2010Prop49
280
     0
102
RTVSPost2010PropOp49
 70
     1
102
RTVSPost2010Prop50
 90
       50
102
RTVSPost2010PropOp50
 70
     1
102
RTVSPost2010Prop51ColorIndex
 90
      256
102
RTVSPost2010Prop51ColorRGB
 90
-16777216
102
RTVSPost2010PropOp51
 70
     0
102
RTVSPost2010Prop52
140
1.0
102
RTVSPost2010PropOp52
 70
     0
102
RTVSPost2010Prop53
 90
        2
102
RTVSPost2010PropOp53
 70
     1
102
RTVSPost2010Prop54
  1
strokes_ogs.tif
102
RTVSPost2010PropOp54
 70
     1
102
RTVSPost2010Prop55
280
     0
102
RTVSPost2010PropOp55
 70
     1
102
RTVSPost2010Prop56
140
1.0
102
RTVSPost2010PropOp56
 70
     1
102
RTVSPost2010Prop57
140
1.0
102
RTVSPost2010PropOp57
 70
     1
  0
XRECORD
  5
79
102
{ACAD_REACTORS
330
78
102
}
330
78
100
AcDbXrecord
280
     1
102
RTVSPropertyOp0
 70
     1
102
RTVSPropertyOp1
 70
     1
102
RTVSPropertyOp2
 70
     1
102
RTVSPropertyOp3
 70
     1
102
RTVSPropertyOp4
 70
     1
102
RTVSPropertyOp5
 70
     1
102
RTVSPropertyOp6
 70
     1
102
RTVSPropertyOp7
 70
     1
102
RTVSPropertyOp8
 70
     1
102
RTVSPropertyOp9
 70
     1
102
RTVSPropertyOp10
 70
     1
102
RTVSPropertyOp11
 70
     1
102
RTVSPropertyOp12
 70
     1
102
RTVSPropertyOp13
 70
     1
102
RTVSPropertyOp14
 70
     1
102
RTVSPropertyOp15
 70
     1
102
RTVSPropertyOp16
 70
     1
102
RTVSPropertyOp17
 70
     1
102
RTVSPropertyOp18
 70
     1
102
RTVSPropertyOp19
 70
     1
102
RTVSPropertyOp20
 70
     1
102
RTVSPropertyOp21
 70
     1
102
RTVSPropertyOp22
 70
     1
102
RTVSPropertyOp23
 70
     1
102
RTVSPropertyOp24
 70
     1
102
RTVSPropertyOp25
 70
     1
102
RTVSPropertyOp26
 70
     1
102
RTVSPropertyOp27
 70
     1
102
RTVSPropertyOp28
 70
     1
102
RTVSPropertyOp29
 70
     1
102
RTVSPropertyOp30
 70
     1
102
RTVSPropertyOp31
 70
     1
102
RTVSPropertyOp32
 70
     1
102
RTVSPropertyOp33
 70
     1
102
RTVSPropertyOp34
 70
     1
102
RTVSPropertyOp35
 70
     1
102
RTVSPropertyOp36
 70
     1
102
RTVSPropertyOp37
 70
     1
102
RTVSPropertyOp38
 70
     1
102
RTVSPropertyOp39
 70
     1
102
RTVSPropertyOp40
 70
     1
102
RTVSPropertyOp41
 70
     1
102
RTVSPropertyOp42
 70
     1
102
RTVSPropertyOp43
 70
     1
102
RTVSPropertyOp44
 70
     1
102
RTVSPropertyOp45
 70
     1
102
RTVSPropertyOp46
 70
     1
102
RTVSPropertyOp47
 70
     1
102
RTVSPropertyOp48
 70
     1
102
RTVSPropertyOp49
 70
     1
102
RTVSPropertyOp50
 70
     1
102
RTVSPropertyOp51
 70
     0
102
RTVSPropertyOp52
 70
     0
102
RTVSPropertyOp53
 70
     1
102
RTVSPropertyOp54
 70
     1
102
RTVSPropertyOp55
 70
     1
102
RTVSPropertyOp56
 70
     1
102
RTVSPropertyOp57
 70
     1
102
RTVSPost2010Prop28
280
     0
102
RTVSPost2010PropOp28
 70
     1
102
RTVSPost2010Prop29
280
     1
102
RTVSPost2010PropOp29
 70
     1
102
RTVSPost2010Prop30
280
     1
102
RTVSPost2010PropOp30
 70
     1
102
RTVSPost2010Prop31
280
     0
102
RTVSPost2010PropOp31
 70
     1
102
RTVSPost2010Prop32
280
     0
102
RTVSPost2010PropOp32
 70
     1
102
RTVSPost2010Prop33
280
     0
102
RTVSPost2010PropOp33
 70
     1
102
RTVSPost2010Prop34
280
     0
102
RTVSPost2010PropOp34
 70
     1
102
RTVSPost2010Prop35
280
     0
102
RTVSPost2010PropOp35
 70
     1
102
RTVSPost2010Prop36
280
     0
102
RTVSPost2010PropOp36
 70
     1
102
RTVSPost2010Prop37
 90
       50
102
RTVSPost2010PropOp37
 70
     1
102
RTVSPost2010Prop38
140
0.0
102
RTVSPost2010PropOp38
 70
     1
102
RTVSPost2010Prop39
140
1.0
102
RTVSPost2010PropOp39
 70
     1
102
RTVSPost2010Prop40
 90
        0
102
RTVSPost2010PropOp40
 70
     1
102
RTVSPost2010Prop41ColorIndex
 90
       18
102
RTVSPost2010Prop41ColorRGB
 90
        0
102
RTVSPost2010PropOp41
 70
     1
102
RTVSPost2010Prop42
 90
       50
102
RTVSPost2010PropOp42
 70
     1
102
RTVSPost2010Prop43
 90
        3
102
RTVSPost2010PropOp43
 70
     1
102
RTVSPost2010Prop44ColorIndex
 90
        5
102
RTVSPost2010Prop44ColorRGB
 90
      255
102
RTVSPost2010PropOp44
 70
     1
102
RTVSPost2010Prop45
280
     0
102
RTVSPost2010PropOp45
 70
     1
102
RTVSPost2010Prop46
 90
       50
102
RTVSPost2010PropOp46
 70
     1
102
RTVSPost2010Prop47
 90
       50
102
RTVSPost2010PropOp47
 70
     1
102
RTVSPost2010Prop48
 90
       50
102
RTVSPost2010PropOp48
 70
     1
102
RTVSPost2010Prop49
280
     0
102
RTVSPost2010PropOp49
 70
     1
102
RTVSPost2010Prop50
 90
       50
102
RTVSPost2010PropOp50
 70
     1
102
RTVSPost2010Prop51ColorIndex
 90
      256
102
RTVSPost2010Prop51ColorRGB
 90
-16777216
102
RTVSPost2010PropOp51
 70
     0
102
RTVSPost2010Prop52
140
1.0
102
RTVSPost2010PropOp52
 70
     0
102
RTVSPost2010Prop53
 90
        2
102
RTVSPost2010PropOp53
 70
     1
102
RTVSPost2010Prop54
  1
strokes_ogs.tif
102
RTVSPost2010PropOp54
 70
     1
102
RTVSPost2010Prop55
280
     0
102
RTVSPost2010PropOp55
 70
     1
102
RTVSPost2010Prop56
140
1.0
102
RTVSPost2010PropOp56
 70
     1
102
RTVSPost2010Prop57
140
1.0
102
RTVSPost2010PropOp57
 70
     1
  0
XRECORD
  5
7B
102
{ACAD_REACTORS
330
7A
102
}
330
7A
100
AcDbXrecord
280
     1
102
RTVSPropertyOp0
 70
     1
102
RTVSPropertyOp1
 70
     1
102
RTVSPropertyOp2
 70
     1
102
RTVSPropertyOp3
 70
     1
102
RTVSPropertyOp4
 70
     1
102
RTVSPropertyOp5
 70
     1
102
RTVSPropertyOp6
 70
     1
102
RTVSPropertyOp7
 70
     1
102
RTVSPropertyOp8
 70
     1
102
RTVSPropertyOp9
 70
     1
102
RTVSPropertyOp10
 70
     1
102
RTVSPropertyOp11
 70
     1
102
RTVSPropertyOp12
 70
     1
102
RTVSPropertyOp13
 70
     1
102
RTVSPropertyOp14
 70
     1
102
RTVSPropertyOp15
 70
     1
102
RTVSPropertyOp16
 70
     1
102
RTVSPropertyOp17
 70
     1
102
RTVSPropertyOp18
 70
     1
102
RTVSPropertyOp19
 70
     1
102
RTVSPropertyOp20
 70
     1
102
RTVSPropertyOp21
 70
     1
102
RTVSPropertyOp22
 70
     1
102
RTVSPropertyOp23
 70
     1
102
RTVSPropertyOp24
 70
     1
102
RTVSPropertyOp25
 70
     1
102
RTVSPropertyOp26
 70
     1
102
RTVSPropertyOp27
 70
     1
102
RTVSPropertyOp28
 70
     1
102
RTVSPropertyOp29
 70
     1
102
RTVSPropertyOp30
 70
     1
102
RTVSPropertyOp31
 70
     1
102
RTVSPropertyOp32
 70
     1
102
RTVSPropertyOp33
 70
     1
102
RTVSPropertyOp34
 70
     1
102
RTVSPropertyOp35
 70
     1
102
RTVSPropertyOp36
 70
     1
102
RTVSPropertyOp37
 70
     1
102
RTVSPropertyOp38
 70
     1
102
RTVSPropertyOp39
 70
     1
102
RTVSPropertyOp40
 70
     1
102
RTVSPropertyOp41
 70
     1
102
RTVSPropertyOp42
 70
     1
102
RTVSPropertyOp43
 70
     1
102
RTVSPropertyOp44
 70
     1
102
RTVSPropertyOp45
 70
     1
102
RTVSPropertyOp46
 70
     1
102
RTVSPropertyOp47
 70
     1
102
RTVSPropertyOp48
 70
     1
102
RTVSPropertyOp49
 70
     1
102
RTVSPropertyOp50
 70
     1
102
RTVSPropertyOp51
 70
     0
102
RTVSPropertyOp52
 70
     0
102
RTVSPropertyOp53
 70
     1
102
RTVSPropertyOp54
 70
     1
102
RTVSPropertyOp55
 70
     1
102
RTVSPropertyOp56
 70
     1
102
RTVSPropertyOp57
 70
     1
102
RTVSPost2010Prop28
280
     0
102
RTVSPost2010PropOp28
 70
     1
102
RTVSPost2010Prop29
280
     1
102
RTVSPost2010PropOp29
 70
     1
102
RTVSPost2010Prop30
280
     1
102
RTVSPost2010PropOp30
 70
     1
102
RTVSPost2010Prop31
280
     0
102
RTVSPost2010PropOp31
 70
     1
102
RTVSPost2010Prop32
280
     0
102
RTVSPost2010PropOp32
 70
     1
102
RTVSPost2010Prop33
280
     0
102
RTVSPost2010PropOp33
 70
     1
102
RTVSPost2010Prop34
280
     0
102
RTVSPost2010PropOp34
 70
     1
102
RTVSPost2010Prop35
280
     0
102
RTVSPost2010PropOp35
 70
     1
102
RTVSPost2010Prop36
280
     0
102
RTVSPost2010PropOp36
 70
     1
102
RTVSPost2010Prop37
 90
       50
102
RTVSPost2010PropOp37
 70
     1
102
RTVSPost2010Prop38
140
0.0
102
RTVSPost2010PropOp38
 70
     1
102
RTVSPost2010Prop39
140
1.0
102
RTVSPost2010PropOp39
 70
     1
102
RTVSPost2010Prop40
 90
        0
102
RTVSPost2010PropOp40
 70
     1
102
RTVSPost2010Prop41ColorIndex
 90
       18
102
RTVSPost2010Prop41ColorRGB
 90
        0
102
RTVSPost2010PropOp41
 70
     1
102
RTVSPost2010Prop42
 90
       50
102
RTVSPost2010PropOp42
 70
     1
102
RTVSPost2010Prop43
 90
        3
102
RTVSPost2010PropOp43
 70
     1
102
RTVSPost2010Prop44ColorIndex
 90
        5
102
RTVSPost2010Prop44ColorRGB
 90
      255
102
RTVSPost2010PropOp44
 70
     1
102
RTVSPost2010Prop45
280
     0
102
RTVSPost2010PropOp45
 70
     1
102
RTVSPost2010Prop46
 90
       50
102
RTVSPost2010PropOp46
 70
     1
102
RTVSPost2010Prop47
 90
       50
102
RTVSPost2010PropOp47
 70
     1
102
RTVSPost2010Prop48
 90
       50
102
RTVSPost2010PropOp48
 70
     1
102
RTVSPost2010Prop49
280
     0
102
RTVSPost2010PropOp49
 70
     1
102
RTVSPost2010Prop50
 90
       50
102
RTVSPost2010PropOp50
 70
     1
102
RTVSPost2010Prop51ColorIndex
 90
      256
102
RTVSPost2010Prop51ColorRGB
 90
-16777216
102
RTVSPost2010PropOp51
 70
     0
102
RTVSPost2010Prop52
140
1.0
102
RTVSPost2010PropOp52
 70
     0
102
RTVSPost2010Prop53
 90
        2
102
RTVSPost2010PropOp53
 70
     1
102
RTVSPost2010Prop54
  1
strokes_ogs.tif
102
RTVSPost2010PropOp54
 70
     1
102
RTVSPost2010Prop55
280
     0
102
RTVSPost2010PropOp55
 70
     1
102
RTVSPost2010Prop56
140
1.0
102
RTVSPost2010PropOp56
 70
     1
102
RTVSPost2010Prop57
140
1.0
102
RTVSPost2010PropOp57
 70
     1
  0
XRECORD
  5
7D
102
{ACAD_REACTORS
330
7C
102
}
330
7C
100
AcDbXrecord
280
     1
102
RTVSPropertyOp0
 70
     1
102
RTVSPropertyOp1
 70
     1
102
RTVSPropertyOp2
 70
     1
102
RTVSPropertyOp3
 70
     1
102
RTVSPropertyOp4
 70
     1
102
RTVSPropertyOp5
 70
     1
102
RTVSPropertyOp6
 70
     1
102
RTVSPropertyOp7
 70
     1
102
RTVSPropertyOp8
 70
     1
102
RTVSPropertyOp9
 70
     1
102
RTVSPropertyOp10
 70
     1
102
RTVSPropertyOp11
 70
     1
102
RTVSPropertyOp12
 70
     1
102
RTVSPropertyOp13
 70
     1
102
RTVSPropertyOp14
 70
     1
102
RTVSPropertyOp15
 70
     1
102
RTVSPropertyOp16
 70
     1
102
RTVSPropertyOp17
 70
     1
102
RTVSPropertyOp18
 70
     1
102
RTVSPropertyOp19
 70
     1
102
RTVSPropertyOp20
 70
     1
102
RTVSPropertyOp21
 70
     1
102
RTVSPropertyOp22
 70
     1
102
RTVSPropertyOp23
 70
     1
102
RTVSPropertyOp24
 70
     1
102
RTVSPropertyOp25
 70
     1
102
RTVSPropertyOp26
 70
     1
102
RTVSPropertyOp27
 70
     1
102
RTVSPropertyOp28
 70
     1
102
RTVSPropertyOp29
 70
     1
102
RTVSPropertyOp30
 70
     1
102
RTVSPropertyOp31
 70
     1
102
RTVSPropertyOp32
 70
     1
102
RTVSPropertyOp33
 70
     1
102
RTVSPropertyOp34
 70
     1
102
RTVSPropertyOp35
 70
     1
102
RTVSPropertyOp36
 70
     1
102
RTVSPropertyOp37
 70
     1
102
RTVSPropertyOp38
 70
     1
102
RTVSPropertyOp39
 70
     1
102
RTVSPropertyOp40
 70
     1
102
RTVSPropertyOp41
 70
     1
102
RTVSPropertyOp42
 70
     1
102
RTVSPropertyOp43
 70
     1
102
RTVSPropertyOp44
 70
     1
102
RTVSPropertyOp45
 70
     1
102
RTVSPropertyOp46
 70
     1
102
RTVSPropertyOp47
 70
     1
102
RTVSPropertyOp48
 70
     1
102
RTVSPropertyOp49
 70
     1
102
RTVSPropertyOp50
 70
     1
102
RTVSPropertyOp51
 70
     0
102
RTVSPropertyOp52
 70
     0
102
RTVSPropertyOp53
 70
     1
102
RTVSPropertyOp54
 70
     1
102
RTVSPropertyOp55
 70
     1
102
RTVSPropertyOp56
 70
     1
102
RTVSPropertyOp57
 70
     1
102
RTVSPost2010Prop28
280
     0
102
RTVSPost2010PropOp28
 70
     1
102
RTVSPost2010Prop29
280
     1
102
RTVSPost2010PropOp29
 70
     1
102
RTVSPost2010Prop30
280
     1
102
RTVSPost2010PropOp30
 70
     1
102
RTVSPost2010Prop31
280
     0
102
RTVSPost2010PropOp31
 70
     1
102
RTVSPost2010Prop32
280
     0
102
RTVSPost2010PropOp32
 70
     1
102
RTVSPost2010Prop33
280
     0
102
RTVSPost2010PropOp33
 70
     1
102
RTVSPost2010Prop34
280
     0
102
RTVSPost2010PropOp34
 70
     1
102
RTVSPost2010Prop35
280
     0
102
RTVSPost2010PropOp35
 70
     1
102
RTVSPost2010Prop36
280
     0
102
RTVSPost2010PropOp36
 70
     1
102
RTVSPost2010Prop37
 90
       50
102
RTVSPost2010PropOp37
 70
     1
102
RTVSPost2010Prop38
140
0.0
102
RTVSPost2010PropOp38
 70
     1
102
RTVSPost2010Prop39
140
1.0
102
RTVSPost2010PropOp39
 70
     1
102
RTVSPost2010Prop40
 90
        0
102
RTVSPost2010PropOp40
 70
     1
102
RTVSPost2010Prop41ColorIndex
 90
       18
102
RTVSPost2010Prop41ColorRGB
 90
        0
102
RTVSPost2010PropOp41
 70
     1
102
RTVSPost2010Prop42
 90
       50
102
RTVSPost2010PropOp42
 70
     1
102
RTVSPost2010Prop43
 90
        3
102
RTVSPost2010PropOp43
 70
     1
102
RTVSPost2010Prop44ColorIndex
 90
        5
102
RTVSPost2010Prop44ColorRGB
 90
      255
102
RTVSPost2010PropOp44
 70
     1
102
RTVSPost2010Prop45
280
     0
102
RTVSPost2010PropOp45
 70
     1
102
RTVSPost2010Prop46
 90
       50
102
RTVSPost2010PropOp46
 70
     1
102
RTVSPost2010Prop47
 90
       50
102
RTVSPost2010PropOp47
 70
     1
102
RTVSPost2010Prop48
 90
       50
102
RTVSPost2010PropOp48
 70
     1
102
RTVSPost2010Prop49
280
     0
102
RTVSPost2010PropOp49
 70
     1
102
RTVSPost2010Prop50
 90
       50
102
RTVSPost2010PropOp50
 70
     1
102
RTVSPost2010Prop51ColorIndex
 90
      256
102
RTVSPost2010Prop51ColorRGB
 90
-16777216
102
RTVSPost2010PropOp51
 70
     0
102
RTVSPost2010Prop52
140
1.0
102
RTVSPost2010PropOp52
 70
     0
102
RTVSPost2010Prop53
 90
        2
102
RTVSPost2010PropOp53
 70
     1
102
RTVSPost2010Prop54
  1
strokes_ogs.tif
102
RTVSPost2010PropOp54
 70
     1
102
RTVSPost2010Prop55
280
     0
102
RTVSPost2010PropOp55
 70
     1
102
RTVSPost2010Prop56
140
1.0
102
RTVSPost2010PropOp56
 70
     1
102
RTVSPost2010Prop57
140
1.0
102
RTVSPost2010PropOp57
 70
     1
  0
XRECORD
  5
7F
102
{ACAD_REACTORS
330
7E
102
}
330
7E
100
AcDbXrecord
280
     1
102
RTVSPropertyOp0
 70
     1
102
RTVSPropertyOp1
 70
     1
102
RTVSPropertyOp2
 70
     1
102
RTVSPropertyOp3
 70
     1
102
RTVSPropertyOp4
 70
     1
102
RTVSPropertyOp5
 70
     1
102
RTVSPropertyOp6
 70
     1
102
RTVSPropertyOp7
 70
     1
102
RTVSPropertyOp8
 70
     1
102
RTVSPropertyOp9
 70
     1
102
RTVSPropertyOp10
 70
     1
102
RTVSPropertyOp11
 70
     1
102
RTVSPropertyOp12
 70
     1
102
RTVSPropertyOp13
 70
     1
102
RTVSPropertyOp14
 70
     1
102
RTVSPropertyOp15
 70
     1
102
RTVSPropertyOp16
 70
     1
102
RTVSPropertyOp17
 70
     1
102
RTVSPropertyOp18
 70
     1
102
RTVSPropertyOp19
 70
     1
102
RTVSPropertyOp20
 70
     1
102
RTVSPropertyOp21
 70
     1
102
RTVSPropertyOp22
 70
     1
102
RTVSPropertyOp23
 70
     1
102
RTVSPropertyOp24
 70
     1
102
RTVSPropertyOp25
 70
     1
102
RTVSPropertyOp26
 70
     1
102
RTVSPropertyOp27
 70
     1
102
RTVSPropertyOp28
 70
     1
102
RTVSPropertyOp29
 70
     1
102
RTVSPropertyOp30
 70
     1
102
RTVSPropertyOp31
 70
     1
102
RTVSPropertyOp32
 70
     1
102
RTVSPropertyOp33
 70
     1
102
RTVSPropertyOp34
 70
     1
102
RTVSPropertyOp35
 70
     1
102
RTVSPropertyOp36
 70
     1
102
RTVSPropertyOp37
 70
     1
102
RTVSPropertyOp38
 70
     1
102
RTVSPropertyOp39
 70
     1
102
RTVSPropertyOp40
 70
     1
102
RTVSPropertyOp41
 70
     1
102
RTVSPropertyOp42
 70
     1
102
RTVSPropertyOp43
 70
     1
102
RTVSPropertyOp44
 70
     1
102
RTVSPropertyOp45
 70
     1
102
RTVSPropertyOp46
 70
     1
102
RTVSPropertyOp47
 70
     1
102
RTVSPropertyOp48
 70
     1
102
RTVSPropertyOp49
 70
     1
102
RTVSPropertyOp50
 70
     1
102
RTVSPropertyOp51
 70
     0
102
RTVSPropertyOp52
 70
     0
102
RTVSPropertyOp53
 70
     1
102
RTVSPropertyOp54
 70
     1
102
RTVSPropertyOp55
 70
     1
102
RTVSPropertyOp56
 70
     1
102
RTVSPropertyOp57
 70
     1
102
RTVSPost2010Prop28
280
     0
102
RTVSPost2010PropOp28
 70
     1
102
RTVSPost2010Prop29
280
     1
102
RTVSPost2010PropOp29
 70
     1
102
RTVSPost2010Prop30
280
     1
102
RTVSPost2010PropOp30
 70
     1
102
RTVSPost2010Prop31
280
     0
102
RTVSPost2010PropOp31
 70
     1
102
RTVSPost2010Prop32
280
     0
102
RTVSPost2010PropOp32
 70
     1
102
RTVSPost2010Prop33
280
     0
102
RTVSPost2010PropOp33
 70
     1
102
RTVSPost2010Prop34
280
     0
102
RTVSPost2010PropOp34
 70
     1
102
RTVSPost2010Prop35
280
     0
102
RTVSPost2010PropOp35
 70
     1
102
RTVSPost2010Prop36
280
     0
102
RTVSPost2010PropOp36
 70
     1
102
RTVSPost2010Prop37
 90
       50
102
RTVSPost2010PropOp37
 70
     1
102
RTVSPost2010Prop38
140
0.0
102
RTVSPost2010PropOp38
 70
     1
102
RTVSPost2010Prop39
140
1.0
102
RTVSPost2010PropOp39
 70
     1
102
RTVSPost2010Prop40
 90
        0
102
RTVSPost2010PropOp40
 70
     1
102
RTVSPost2010Prop41ColorIndex
 90
       18
102
RTVSPost2010Prop41ColorRGB
 90
        0
102
RTVSPost2010PropOp41
 70
     1
102
RTVSPost2010Prop42
 90
       50
102
RTVSPost2010PropOp42
 70
     1
102
RTVSPost2010Prop43
 90
        3
102
RTVSPost2010PropOp43
 70
     1
102
RTVSPost2010Prop44ColorIndex
 90
        5
102
RTVSPost2010Prop44ColorRGB
 90
      255
102
RTVSPost2010PropOp44
 70
     1
102
RTVSPost2010Prop45
280
     0
102
RTVSPost2010PropOp45
 70
     1
102
RTVSPost2010Prop46
 90
       50
102
RTVSPost2010PropOp46
 70
     1
102
RTVSPost2010Prop47
 90
       50
102
RTVSPost2010PropOp47
 70
     1
102
RTVSPost2010Prop48
 90
       50
102
RTVSPost2010PropOp48
 70
     1
102
RTVSPost2010Prop49
280
     0
102
RTVSPost2010PropOp49
 70
     1
102
RTVSPost2010Prop50
 90
       50
102
RTVSPost2010PropOp50
 70
     1
102
RTVSPost2010Prop51ColorIndex
 90
      256
102
RTVSPost2010Prop51ColorRGB
 90
-16777216
102
RTVSPost2010PropOp51
 70
     0
102
RTVSPost2010Prop52
140
1.0
102
RTVSPost2010PropOp52
 70
     0
102
RTVSPost2010Prop53
 90
        2
102
RTVSPost2010PropOp53
 70
     1
102
RTVSPost2010Prop54
  1
strokes_ogs.tif
102
RTVSPost2010PropOp54
 70
     1
102
RTVSPost2010Prop55
280
     0
102
RTVSPost2010PropOp55
 70
     1
102
RTVSPost2010Prop56
140
1.0
102
RTVSPost2010PropOp56
 70
     1
102
RTVSPost2010Prop57
140
1.0
102
RTVSPost2010PropOp57
 70
     1
  0
XRECORD
  5
85
102
{ACAD_REACTORS
330
84
102
}
330
84
100
AcDbXrecord
280
     1
102
RTVSPropertyOp0
 70
     1
102
RTVSPropertyOp1
 70
     1
102
RTVSPropertyOp2
 70
     1
102
RTVSPropertyOp3
 70
     1
102
RTVSPropertyOp4
 70
     1
102
RTVSPropertyOp5
 70
     1
102
RTVSPropertyOp6
 70
     1
102
RTVSPropertyOp7
 70
     1
102
RTVSPropertyOp8
 70
     1
102
RTVSPropertyOp9
 70
     1
102
RTVSPropertyOp10
 70
     1
102
RTVSPropertyOp11
 70
     1
102
RTVSPropertyOp12
 70
     1
102
RTVSPropertyOp13
 70
     1
102
RTVSPropertyOp14
 70
     1
102
RTVSPropertyOp15
 70
     1
102
RTVSPropertyOp16
 70
     1
102
RTVSPropertyOp17
 70
     1
102
RTVSPropertyOp18
 70
     1
102
RTVSPropertyOp19
 70
     1
102
RTVSPropertyOp20
 70
     1
102
RTVSPropertyOp21
 70
     1
102
RTVSPropertyOp22
 70
     1
102
RTVSPropertyOp23
 70
     1
102
RTVSPropertyOp24
 70
     1
102
RTVSPropertyOp25
 70
     1
102
RTVSPropertyOp26
 70
     1
102
RTVSPropertyOp27
 70
     1
102
RTVSPropertyOp28
 70
     1
102
RTVSPropertyOp29
 70
     1
102
RTVSPropertyOp30
 70
     1
102
RTVSPropertyOp31
 70
     1
102
RTVSPropertyOp32
 70
     1
102
RTVSPropertyOp33
 70
     1
102
RTVSPropertyOp34
 70
     1
102
RTVSPropertyOp35
 70
     1
102
RTVSPropertyOp36
 70
     1
102
RTVSPropertyOp37
 70
     1
102
RTVSPropertyOp38
 70
     1
102
RTVSPropertyOp39
 70
     1
102
RTVSPropertyOp40
 70
     1
102
RTVSPropertyOp41
 70
     1
102
RTVSPropertyOp42
 70
     1
102
RTVSPropertyOp43
 70
     1
102
RTVSPropertyOp44
 70
     1
102
RTVSPropertyOp45
 70
     1
102
RTVSPropertyOp46
 70
     1
102
RTVSPropertyOp47
 70
     1
102
RTVSPropertyOp48
 70
     1
102
RTVSPropertyOp49
 70
     1
102
RTVSPropertyOp50
 70
     1
102
RTVSPropertyOp51
 70
     0
102
RTVSPropertyOp52
 70
     0
102
RTVSPropertyOp53
 70
     1
102
RTVSPropertyOp54
 70
     1
102
RTVSPropertyOp55
 70
     1
102
RTVSPropertyOp56
 70
     1
102
RTVSPropertyOp57
 70
     1
102
RTVSPost2010Prop28
280
     0
102
RTVSPost2010PropOp28
 70
     1
102
RTVSPost2010Prop29
280
     1
102
RTVSPost2010PropOp29
 70
     1
102
RTVSPost2010Prop30
280
     1
102
RTVSPost2010PropOp30
 70
     1
102
RTVSPost2010Prop31
280
     0
102
RTVSPost2010PropOp31
 70
     1
102
RTVSPost2010Prop32
280
     0
102
RTVSPost2010PropOp32
 70
     1
102
RTVSPost2010Prop33
280
     0
102
RTVSPost2010PropOp33
 70
     1
102
RTVSPost2010Prop34
280
     0
102
RTVSPost2010PropOp34
 70
     1
102
RTVSPost2010Prop35
280
     0
102
RTVSPost2010PropOp35
 70
     1
102
RTVSPost2010Prop36
280
     0
102
RTVSPost2010PropOp36
 70
     1
102
RTVSPost2010Prop37
 90
       50
102
RTVSPost2010PropOp37
 70
     1
102
RTVSPost2010Prop38
140
0.0
102
RTVSPost2010PropOp38
 70
     1
102
RTVSPost2010Prop39
140
1.0
102
RTVSPost2010PropOp39
 70
     1
102
RTVSPost2010Prop40
 90
        0
102
RTVSPost2010PropOp40
 70
     1
102
RTVSPost2010Prop41ColorIndex
 90
       18
102
RTVSPost2010Prop41ColorRGB
 90
        0
102
RTVSPost2010PropOp41
 70
     1
102
RTVSPost2010Prop42
 90
       50
102
RTVSPost2010PropOp42
 70
     1
102
RTVSPost2010Prop43
 90
        3
102
RTVSPost2010PropOp43
 70
     1
102
RTVSPost2010Prop44ColorIndex
 90
        5
102
RTVSPost2010Prop44ColorRGB
 90
      255
102
RTVSPost2010PropOp44
 70
     1
102
RTVSPost2010Prop45
280
     0
102
RTVSPost2010PropOp45
 70
     1
102
RTVSPost2010Prop46
 90
       50
102
RTVSPost2010PropOp46
 70
     1
102
RTVSPost2010Prop47
 90
       50
102
RTVSPost2010PropOp47
 70
     1
102
RTVSPost2010Prop48
 90
       50
102
RTVSPost2010PropOp48
 70
     1
102
RTVSPost2010Prop49
280
     0
102
RTVSPost2010PropOp49
 70
     1
102
RTVSPost2010Prop50
 90
       50
102
RTVSPost2010PropOp50
 70
     1
102
RTVSPost2010Prop51ColorIndex
 90
      256
102
RTVSPost2010Prop51ColorRGB
 90
-16777216
102
RTVSPost2010PropOp51
 70
     0
102
RTVSPost2010Prop52
140
1.0
102
RTVSPost2010PropOp52
 70
     0
102
RTVSPost2010Prop53
 90
        2
102
RTVSPost2010PropOp53
 70
     1
102
RTVSPost2010Prop54
  1
strokes_ogs.tif
102
RTVSPost2010PropOp54
 70
     1
102
RTVSPost2010Prop55
280
     0
102
RTVSPost2010PropOp55
 70
     1
102
RTVSPost2010Prop56
140
1.0
102
RTVSPost2010PropOp56
 70
     1
102
RTVSPost2010Prop57
140
1.0
102
RTVSPost2010PropOp57
 70
     1
  0
XRECORD
  5
99
102
{ACAD_REACTORS
330
98
102
}
330
98
100
AcDbXrecord
280
     1
102
RTVSPropertyOp0
 70
     0
102
RTVSPropertyOp1
 70
     0
102
RTVSPropertyOp2
 70
     0
102
RTVSPropertyOp3
 70
     0
102
RTVSPropertyOp4
 70
     0
102
RTVSPropertyOp5
 70
     0
102
RTVSPropertyOp6
 70
     0
102
RTVSPropertyOp7
 70
     0
102
RTVSPropertyOp8
 70
     0
102
RTVSPropertyOp9
 70
     0
102
RTVSPropertyOp10
 70
     0
102
RTVSPropertyOp11
 70
     0
102
RTVSPropertyOp12
 70
     0
102
RTVSPropertyOp13
 70
     0
102
RTVSPropertyOp14
 70
     2
102
RTVSPropertyOp15
 70
     0
102
RTVSPropertyOp16
 70
     0
102
RTVSPropertyOp17
 70
     0
102
RTVSPropertyOp18
 70
     0
102
RTVSPropertyOp19
 70
     0
102
RTVSPropertyOp20
 70
     0
102
RTVSPropertyOp21
 70
     0
102
RTVSPropertyOp22
 70
     0
102
RTVSPropertyOp23
 70
     0
102
RTVSPropertyOp24
 70
     0
102
RTVSPropertyOp25
 70
     0
102
RTVSPropertyOp26
 70
     0
102
RTVSPropertyOp27
 70
     0
102
RTVSPropertyOp28
 70
     0
102
RTVSPropertyOp29
 70
     0
102
RTVSPropertyOp30
 70
     0
102
RTVSPropertyOp31
 70
     0
102
RTVSPropertyOp32
 70
     0
102
RTVSPropertyOp33
 70
     0
102
RTVSPropertyOp34
 70
     0
102
RTVSPropertyOp35
 70
     0
102
RTVSPropertyOp36
 70
     0
102
RTVSPropertyOp37
 70
     0
102
RTVSPropertyOp38
 70
     0
102
RTVSPropertyOp39
 70
     0
102
RTVSPropertyOp40
 70
     0
102
RTVSPropertyOp41
 70
     0
102
RTVSPropertyOp42
 70
     0
102
RTVSPropertyOp43
 70
     0
102
RTVSPropertyOp44
 70
     0
102
RTVSPropertyOp45
 70
     0
102
RTVSPropertyOp46
 70
     0
102
RTVSPropertyOp47
 70
     0
102
RTVSPropertyOp48
 70
     0
102
RTVSPropertyOp49
 70
     0
102
RTVSPropertyOp50
 70
     0
102
RTVSPropertyOp51
 70
     0
102
RTVSPropertyOp52
 70
     0
102
RTVSPropertyOp53
 70
     0
102
RTVSPropertyOp54
 70
     0
102
RTVSPropertyOp55
 70
     0
102
RTVSPropertyOp56
 70
     0
102
RTVSPropertyOp57
 70
     0
102
RTVSPost2010Prop28
280
     0
102
RTVSPost2010PropOp28
 70
     0
102
RTVSPost2010Prop29
280
     1
102
RTVSPost2010PropOp29
 70
     0
102
RTVSPost2010Prop30
280
     1
102
RTVSPost2010PropOp30
 70
     0
102
RTVSPost2010Prop31
280
     0
102
RTVSPost2010PropOp31
 70
     0
102
RTVSPost2010Prop32
280
     0
102
RTVSPost2010PropOp32
 70
     0
102
RTVSPost2010Prop33
280
     0
102
RTVSPost2010PropOp33
 70
     0
102
RTVSPost2010Prop34
280
     0
102
RTVSPost2010PropOp34
 70
     0
102
RTVSPost2010Prop35
280
     0
102
RTVSPost2010PropOp35
 70
     0
102
RTVSPost2010Prop36
280
     0
102
RTVSPost2010PropOp36
 70
     0
102
RTVSPost2010Prop37
 90
       50
102
RTVSPost2010PropOp37
 70
     0
102
RTVSPost2010Prop38
140
0.0
102
RTVSPost2010PropOp38
 70
     0
102
RTVSPost2010Prop39
140
1.0
102
RTVSPost2010PropOp39
 70
     0
102
RTVSPost2010Prop40
 90
        0
102
RTVSPost2010PropOp40
 70
     0
102
RTVSPost2010Prop41ColorIndex
 90
       18
102
RTVSPost2010Prop41ColorRGB
 90
        0
102
RTVSPost2010PropOp41
 70
     0
102
RTVSPost2010Prop42
 90
       50
102
RTVSPost2010PropOp42
 70
     0
102
RTVSPost2010Prop43
 90
        3
102
RTVSPost2010PropOp43
 70
     0
102
RTVSPost2010Prop44ColorIndex
 90
        5
102
RTVSPost2010Prop44ColorRGB
 90
      255
102
RTVSPost2010PropOp44
 70
     0
102
RTVSPost2010Prop45
280
     0
102
RTVSPost2010PropOp45
 70
     0
102
RTVSPost2010Prop46
 90
       50
102
RTVSPost2010PropOp46
 70
     0
102
RTVSPost2010Prop47
 90
       50
102
RTVSPost2010PropOp47
 70
     0
102
RTVSPost2010Prop48
 90
       50
102
RTVSPost2010PropOp48
 70
     0
102
RTVSPost2010Prop49
280
     0
102
RTVSPost2010PropOp49
 70
     0
102
RTVSPost2010Prop50
 90
       50
102
RTVSPost2010PropOp50
 70
     0
102
RTVSPost2010Prop51ColorIndex
 90
      256
102
RTVSPost2010Prop51ColorRGB
 90
-16777216
102
RTVSPost2010PropOp51
 70
     0
102
RTVSPost2010Prop52
140
1.0
102
RTVSPost2010PropOp52
 70
     0
102
RTVSPost2010Prop53
 90
        2
102
RTVSPost2010PropOp53
 70
     0
102
RTVSPost2010Prop54
  1
strokes_ogs.tif
102
RTVSPost2010PropOp54
 70
     0
102
RTVSPost2010Prop55
280
     0
102
RTVSPost2010PropOp55
 70
     0
102
RTVSPost2010Prop56
140
1.0
102
RTVSPost2010PropOp56
 70
     0
102
RTVSPost2010Prop57
140
1.0
102
RTVSPost2010PropOp57
 70
     0
  0
XRECORD
  5
93
102
{ACAD_REACTORS
330
92
102
}
330
92
100
AcDbXrecord
280
     1
102
RTVSPropertyOp0
 70
     1
102
RTVSPropertyOp1
 70
     1
102
RTVSPropertyOp2
 70
     1
102
RTVSPropertyOp3
 70
     1
102
RTVSPropertyOp4
 70
     1
102
RTVSPropertyOp5
 70
     1
102
RTVSPropertyOp6
 70
     1
102
RTVSPropertyOp7
 70
     1
102
RTVSPropertyOp8
 70
     1
102
RTVSPropertyOp9
 70
     1
102
RTVSPropertyOp10
 70
     1
102
RTVSPropertyOp11
 70
     1
102
RTVSPropertyOp12
 70
     1
102
RTVSPropertyOp13
 70
     1
102
RTVSPropertyOp14
 70
     1
102
RTVSPropertyOp15
 70
     1
102
RTVSPropertyOp16
 70
     1
102
RTVSPropertyOp17
 70
     1
102
RTVSPropertyOp18
 70
     1
102
RTVSPropertyOp19
 70
     1
102
RTVSPropertyOp20
 70
     1
102
RTVSPropertyOp21
 70
     1
102
RTVSPropertyOp22
 70
     1
102
RTVSPropertyOp23
 70
     1
102
RTVSPropertyOp24
 70
     1
102
RTVSPropertyOp25
 70
     1
102
RTVSPropertyOp26
 70
     1
102
RTVSPropertyOp27
 70
     1
102
RTVSPropertyOp28
 70
     1
102
RTVSPropertyOp29
 70
     1
102
RTVSPropertyOp30
 70
     1
102
RTVSPropertyOp31
 70
     1
102
RTVSPropertyOp32
 70
     1
102
RTVSPropertyOp33
 70
     1
102
RTVSPropertyOp34
 70
     1
102
RTVSPropertyOp35
 70
     1
102
RTVSPropertyOp36
 70
     1
102
RTVSPropertyOp37
 70
     1
102
RTVSPropertyOp38
 70
     1
102
RTVSPropertyOp39
 70
     1
102
RTVSPropertyOp40
 70
     1
102
RTVSPropertyOp41
 70
     1
102
RTVSPropertyOp42
 70
     1
102
RTVSPropertyOp43
 70
     1
102
RTVSPropertyOp44
 70
     1
102
RTVSPropertyOp45
 70
     1
102
RTVSPropertyOp46
 70
     1
102
RTVSPropertyOp47
 70
     1
102
RTVSPropertyOp48
 70
     1
102
RTVSPropertyOp49
 70
     1
102
RTVSPropertyOp50
 70
     1
102
RTVSPropertyOp51
 70
     0
102
RTVSPropertyOp52
 70
     0
102
RTVSPropertyOp53
 70
     1
102
RTVSPropertyOp54
 70
     1
102
RTVSPropertyOp55
 70
     1
102
RTVSPropertyOp56
 70
     1
102
RTVSPropertyOp57
 70
     1
102
RTVSPost2010Prop28
280
     0
102
RTVSPost2010PropOp28
 70
     1
102
RTVSPost2010Prop29
280
     1
102
RTVSPost2010PropOp29
 70
     1
102
RTVSPost2010Prop30
280
     1
102
RTVSPost2010PropOp30
 70
     1
102
RTVSPost2010Prop31
280
     0
102
RTVSPost2010PropOp31
 70
     1
102
RTVSPost2010Prop32
280
     0
102
RTVSPost2010PropOp32
 70
     1
102
RTVSPost2010Prop33
280
     0
102
RTVSPost2010PropOp33
 70
     1
102
RTVSPost2010Prop34
280
     0
102
RTVSPost2010PropOp34
 70
     1
102
RTVSPost2010Prop35
280
     0
102
RTVSPost2010PropOp35
 70
     1
102
RTVSPost2010Prop36
280
     0
102
RTVSPost2010PropOp36
 70
     1
102
RTVSPost2010Prop37
 90
       50
102
RTVSPost2010PropOp37
 70
     1
102
RTVSPost2010Prop38
140
0.0
102
RTVSPost2010PropOp38
 70
     1
102
RTVSPost2010Prop39
140
1.0
102
RTVSPost2010PropOp39
 70
     1
102
RTVSPost2010Prop40
 90
        0
102
RTVSPost2010PropOp40
 70
     1
102
RTVSPost2010Prop41ColorIndex
 90
       18
102
RTVSPost2010Prop41ColorRGB
 90
        0
102
RTVSPost2010PropOp41
 70
     1
102
RTVSPost2010Prop42
 90
       50
102
RTVSPost2010PropOp42
 70
     1
102
RTVSPost2010Prop43
 90
        3
102
RTVSPost2010PropOp43
 70
     1
102
RTVSPost2010Prop44ColorIndex
 90
        5
102
RTVSPost2010Prop44ColorRGB
 90
      255
102
RTVSPost2010PropOp44
 70
     1
102
RTVSPost2010Prop45
280
     0
102
RTVSPost2010PropOp45
 70
     1
102
RTVSPost2010Prop46
 90
       50
102
RTVSPost2010PropOp46
 70
     1
102
RTVSPost2010Prop47
 90
       50
102
RTVSPost2010PropOp47
 70
     1
102
RTVSPost2010Prop48
 90
       50
102
RTVSPost2010PropOp48
 70
     1
102
RTVSPost2010Prop49
280
     0
102
RTVSPost2010PropOp49
 70
     1
102
RTVSPost2010Prop50
 90
       50
102
RTVSPost2010PropOp50
 70
     1
102
RTVSPost2010Prop51ColorIndex
 90
      256
102
RTVSPost2010Prop51ColorRGB
 90
-16777216
102
RTVSPost2010PropOp51
 70
     0
102
RTVSPost2010Prop52
140
1.0
102
RTVSPost2010PropOp52
 70
     0
102
RTVSPost2010Prop53
 90
        2
102
RTVSPost2010PropOp53
 70
     1
102
RTVSPost2010Prop54
  1
strokes_ogs.tif
102
RTVSPost2010PropOp54
 70
     1
102
RTVSPost2010Prop55
280
     0
102
RTVSPost2010PropOp55
 70
     1
102
RTVSPost2010Prop56
140
1.0
102
RTVSPost2010PropOp56
 70
     1
102
RTVSPost2010Prop57
140
1.0
102
RTVSPost2010PropOp57
 70
     1
  0
XRECORD
  5
9B
102
{ACAD_REACTORS
330
9A
102
}
330
9A
100
AcDbXrecord
280
     1
102
RTVSPropertyOp0
 70
     0
102
RTVSPropertyOp1
 70
     0
102
RTVSPropertyOp2
 70
     0
102
RTVSPropertyOp3
 70
     0
102
RTVSPropertyOp4
 70
     0
102
RTVSPropertyOp5
 70
     0
102
RTVSPropertyOp6
 70
     0
102
RTVSPropertyOp7
 70
     0
102
RTVSPropertyOp8
 70
     0
102
RTVSPropertyOp9
 70
     0
102
RTVSPropertyOp10
 70
     0
102
RTVSPropertyOp11
 70
     0
102
RTVSPropertyOp12
 70
     0
102
RTVSPropertyOp13
 70
     0
102
RTVSPropertyOp14
 70
     2
102
RTVSPropertyOp15
 70
     0
102
RTVSPropertyOp16
 70
     0
102
RTVSPropertyOp17
 70
     0
102
RTVSPropertyOp18
 70
     0
102
RTVSPropertyOp19
 70
     0
102
RTVSPropertyOp20
 70
     0
102
RTVSPropertyOp21
 70
     0
102
RTVSPropertyOp22
 70
     0
102
RTVSPropertyOp23
 70
     0
102
RTVSPropertyOp24
 70
     0
102
RTVSPropertyOp25
 70
     0
102
RTVSPropertyOp26
 70
     0
102
RTVSPropertyOp27
 70
     0
102
RTVSPropertyOp28
 70
     0
102
RTVSPropertyOp29
 70
     0
102
RTVSPropertyOp30
 70
     0
102
RTVSPropertyOp31
 70
     0
102
RTVSPropertyOp32
 70
     0
102
RTVSPropertyOp33
 70
     0
102
RTVSPropertyOp34
 70
     0
102
RTVSPropertyOp35
 70
     0
102
RTVSPropertyOp36
 70
     0
102
RTVSPropertyOp37
 70
     0
102
RTVSPropertyOp38
 70
     0
102
RTVSPropertyOp39
 70
     0
102
RTVSPropertyOp40
 70
     0
102
RTVSPropertyOp41
 70
     0
102
RTVSPropertyOp42
 70
     0
102
RTVSPropertyOp43
 70
     0
102
RTVSPropertyOp44
 70
     0
102
RTVSPropertyOp45
 70
     0
102
RTVSPropertyOp46
 70
     0
102
RTVSPropertyOp47
 70
     0
102
RTVSPropertyOp48
 70
     0
102
RTVSPropertyOp49
 70
     0
102
RTVSPropertyOp50
 70
     0
102
RTVSPropertyOp51
 70
     0
102
RTVSPropertyOp52
 70
     0
102
RTVSPropertyOp53
 70
     0
102
RTVSPropertyOp54
 70
     0
102
RTVSPropertyOp55
 70
     0
102
RTVSPropertyOp56
 70
     0
102
RTVSPropertyOp57
 70
     0
102
RTVSPost2010Prop28
280
     0
102
RTVSPost2010PropOp28
 70
     0
102
RTVSPost2010Prop29
280
     1
102
RTVSPost2010PropOp29
 70
     0
102
RTVSPost2010Prop30
280
     1
102
RTVSPost2010PropOp30
 70
     0
102
RTVSPost2010Prop31
280
     0
102
RTVSPost2010PropOp31
 70
     0
102
RTVSPost2010Prop32
280
     0
102
RTVSPost2010PropOp32
 70
     0
102
RTVSPost2010Prop33
280
     0
102
RTVSPost2010PropOp33
 70
     0
102
RTVSPost2010Prop34
280
     0
102
RTVSPost2010PropOp34
 70
     0
102
RTVSPost2010Prop35
280
     0
102
RTVSPost2010PropOp35
 70
     0
102
RTVSPost2010Prop36
280
     0
102
RTVSPost2010PropOp36
 70
     0
102
RTVSPost2010Prop37
 90
       50
102
RTVSPost2010PropOp37
 70
     0
102
RTVSPost2010Prop38
140
0.0
102
RTVSPost2010PropOp38
 70
     0
102
RTVSPost2010Prop39
140
1.0
102
RTVSPost2010PropOp39
 70
     0
102
RTVSPost2010Prop40
 90
        0
102
RTVSPost2010PropOp40
 70
     0
102
RTVSPost2010Prop41ColorIndex
 90
       18
102
RTVSPost2010Prop41ColorRGB
 90
        0
102
RTVSPost2010PropOp41
 70
     0
102
RTVSPost2010Prop42
 90
       50
102
RTVSPost2010PropOp42
 70
     0
102
RTVSPost2010Prop43
 90
        3
102
RTVSPost2010PropOp43
 70
     0
102
RTVSPost2010Prop44ColorIndex
 90
        5
102
RTVSPost2010Prop44ColorRGB
 90
      255
102
RTVSPost2010PropOp44
 70
     0
102
RTVSPost2010Prop45
280
     0
102
RTVSPost2010PropOp45
 70
     0
102
RTVSPost2010Prop46
 90
       50
102
RTVSPost2010PropOp46
 70
     0
102
RTVSPost2010Prop47
 90
       50
102
RTVSPost2010PropOp47
 70
     0
102
RTVSPost2010Prop48
 90
       50
102
RTVSPost2010PropOp48
 70
     0
102
RTVSPost2010Prop49
280
     0
102
RTVSPost2010PropOp49
 70
     0
102
RTVSPost2010Prop50
 90
       50
102
RTVSPost2010PropOp50
 70
     0
102
RTVSPost2010Prop51ColorIndex
 90
      256
102
RTVSPost2010Prop51ColorRGB
 90
-16777216
102
RTVSPost2010PropOp51
 70
     0
102
RTVSPost2010Prop52
140
1.0
102
RTVSPost2010PropOp52
 70
     0
102
RTVSPost2010Prop53
 90
        2
102
RTVSPost2010PropOp53
 70
     0
102
RTVSPost2010Prop54
  1
strokes_ogs.tif
102
RTVSPost2010PropOp54
 70
     0
102
RTVSPost2010Prop55
280
     0
102
RTVSPost2010PropOp55
 70
     0
102
RTVSPost2010Prop56
140
1.0
102
RTVSPost2010PropOp56
 70
     0
102
RTVSPost2010Prop57
140
1.0
102
RTVSPost2010PropOp57
 70
     0
  0
XRECORD
  5
89
102
{ACAD_REACTORS
330
88
102
}
330
88
100
AcDbXrecord
280
     1
102
RTVSPropertyOp0
 70
     1
102
RTVSPropertyOp1
 70
     1
102
RTVSPropertyOp2
 70
     1
102
RTVSPropertyOp3
 70
     1
102
RTVSPropertyOp4
 70
     1
102
RTVSPropertyOp5
 70
     1
102
RTVSPropertyOp6
 70
     1
102
RTVSPropertyOp7
 70
     1
102
RTVSPropertyOp8
 70
     1
102
RTVSPropertyOp9
 70
     1
102
RTVSPropertyOp10
 70
     1
102
RTVSPropertyOp11
 70
     1
102
RTVSPropertyOp12
 70
     1
102
RTVSPropertyOp13
 70
     1
102
RTVSPropertyOp14
 70
     1
102
RTVSPropertyOp15
 70
     1
102
RTVSPropertyOp16
 70
     1
102
RTVSPropertyOp17
 70
     1
102
RTVSPropertyOp18
 70
     1
102
RTVSPropertyOp19
 70
     1
102
RTVSPropertyOp20
 70
     1
102
RTVSPropertyOp21
 70
     1
102
RTVSPropertyOp22
 70
     1
102
RTVSPropertyOp23
 70
     1
102
RTVSPropertyOp24
 70
     1
102
RTVSPropertyOp25
 70
     1
102
RTVSPropertyOp26
 70
     1
102
RTVSPropertyOp27
 70
     1
102
RTVSPropertyOp28
 70
     1
102
RTVSPropertyOp29
 70
     1
102
RTVSPropertyOp30
 70
     1
102
RTVSPropertyOp31
 70
     1
102
RTVSPropertyOp32
 70
     1
102
RTVSPropertyOp33
 70
     1
102
RTVSPropertyOp34
 70
     1
102
RTVSPropertyOp35
 70
     1
102
RTVSPropertyOp36
 70
     1
102
RTVSPropertyOp37
 70
     1
102
RTVSPropertyOp38
 70
     1
102
RTVSPropertyOp39
 70
     1
102
RTVSPropertyOp40
 70
     1
102
RTVSPropertyOp41
 70
     1
102
RTVSPropertyOp42
 70
     1
102
RTVSPropertyOp43
 70
     1
102
RTVSPropertyOp44
 70
     1
102
RTVSPropertyOp45
 70
     1
102
RTVSPropertyOp46
 70
     1
102
RTVSPropertyOp47
 70
     1
102
RTVSPropertyOp48
 70
     1
102
RTVSPropertyOp49
 70
     1
102
RTVSPropertyOp50
 70
     1
102
RTVSPropertyOp51
 70
     0
102
RTVSPropertyOp52
 70
     0
102
RTVSPropertyOp53
 70
     1
102
RTVSPropertyOp54
 70
     1
102
RTVSPropertyOp55
 70
     1
102
RTVSPropertyOp56
 70
     1
102
RTVSPropertyOp57
 70
     1
102
RTVSPost2010Prop28
280
     0
102
RTVSPost2010PropOp28
 70
     1
102
RTVSPost2010Prop29
280
     1
102
RTVSPost2010PropOp29
 70
     1
102
RTVSPost2010Prop30
280
     1
102
RTVSPost2010PropOp30
 70
     1
102
RTVSPost2010Prop31
280
     0
102
RTVSPost2010PropOp31
 70
     1
102
RTVSPost2010Prop32
280
     0
102
RTVSPost2010PropOp32
 70
     1
102
RTVSPost2010Prop33
280
     0
102
RTVSPost2010PropOp33
 70
     1
102
RTVSPost2010Prop34
280
     0
102
RTVSPost2010PropOp34
 70
     1
102
RTVSPost2010Prop35
280
     0
102
RTVSPost2010PropOp35
 70
     1
102
RTVSPost2010Prop36
280
     0
102
RTVSPost2010PropOp36
 70
     1
102
RTVSPost2010Prop37
 90
       50
102
RTVSPost2010PropOp37
 70
     1
102
RTVSPost2010Prop38
140
0.0
102
RTVSPost2010PropOp38
 70
     1
102
RTVSPost2010Prop39
140
1.0
102
RTVSPost2010PropOp39
 70
     1
102
RTVSPost2010Prop40
 90
        0
102
RTVSPost2010PropOp40
 70
     1
102
RTVSPost2010Prop41ColorIndex
 90
       18
102
RTVSPost2010Prop41ColorRGB
 90
        0
102
RTVSPost2010PropOp41
 70
     1
102
RTVSPost2010Prop42
 90
       50
102
RTVSPost2010PropOp42
 70
     1
102
RTVSPost2010Prop43
 90
        3
102
RTVSPost2010PropOp43
 70
     1
102
RTVSPost2010Prop44ColorIndex
 90
        5
102
RTVSPost2010Prop44ColorRGB
 90
      255
102
RTVSPost2010PropOp44
 70
     1
102
RTVSPost2010Prop45
280
     0
102
RTVSPost2010PropOp45
 70
     1
102
RTVSPost2010Prop46
 90
       50
102
RTVSPost2010PropOp46
 70
     1
102
RTVSPost2010Prop47
 90
       50
102
RTVSPost2010PropOp47
 70
     1
102
RTVSPost2010Prop48
 90
       50
102
RTVSPost2010PropOp48
 70
     1
102
RTVSPost2010Prop49
280
     0
102
RTVSPost2010PropOp49
 70
     1
102
RTVSPost2010Prop50
 90
       50
102
RTVSPost2010PropOp50
 70
     1
102
RTVSPost2010Prop51ColorIndex
 90
      256
102
RTVSPost2010Prop51ColorRGB
 90
-16777216
102
RTVSPost2010PropOp51
 70
     0
102
RTVSPost2010Prop52
140
1.0
102
RTVSPost2010PropOp52
 70
     0
102
RTVSPost2010Prop53
 90
        2
102
RTVSPost2010PropOp53
 70
     1
102
RTVSPost2010Prop54
  1
strokes_ogs.tif
102
RTVSPost2010PropOp54
 70
     1
102
RTVSPost2010Prop55
280
     0
102
RTVSPost2010PropOp55
 70
     1
102
RTVSPost2010Prop56
140
1.0
102
RTVSPost2010PropOp56
 70
     1
102
RTVSPost2010Prop57
140
1.0
102
RTVSPost2010PropOp57
 70
     1
  0
XRECORD
  5
A7
102
{ACAD_REACTORS
330
A6
102
}
330
A6
100
AcDbXrecord
280
     1
102
RTVSPropertyOp0
 70
     1
102
RTVSPropertyOp1
 70
     1
102
RTVSPropertyOp2
 70
     1
102
RTVSPropertyOp3
 70
     1
102
RTVSPropertyOp4
 70
     1
102
RTVSPropertyOp5
 70
     1
102
RTVSPropertyOp6
 70
     1
102
RTVSPropertyOp7
 70
     1
102
RTVSPropertyOp8
 70
     1
102
RTVSPropertyOp9
 70
     1
102
RTVSPropertyOp10
 70
     1
102
RTVSPropertyOp11
 70
     1
102
RTVSPropertyOp12
 70
     1
102
RTVSPropertyOp13
 70
     1
102
RTVSPropertyOp14
 70
     1
102
RTVSPropertyOp15
 70
     1
102
RTVSPropertyOp16
 70
     1
102
RTVSPropertyOp17
 70
     1
102
RTVSPropertyOp18
 70
     1
102
RTVSPropertyOp19
 70
     1
102
RTVSPropertyOp20
 70
     1
102
RTVSPropertyOp21
 70
     1
102
RTVSPropertyOp22
 70
     1
102
RTVSPropertyOp23
 70
     1
102
RTVSPropertyOp24
 70
     1
102
RTVSPropertyOp25
 70
     1
102
RTVSPropertyOp26
 70
     1
102
RTVSPropertyOp27
 70
     1
102
RTVSPropertyOp28
 70
     1
102
RTVSPropertyOp29
 70
     1
102
RTVSPropertyOp30
 70
     1
102
RTVSPropertyOp31
 70
     1
102
RTVSPropertyOp32
 70
     1
102
RTVSPropertyOp33
 70
     1
102
RTVSPropertyOp34
 70
     1
102
RTVSPropertyOp35
 70
     1
102
RTVSPropertyOp36
 70
     1
102
RTVSPropertyOp37
 70
     1
102
RTVSPropertyOp38
 70
     1
102
RTVSPropertyOp39
 70
     1
102
RTVSPropertyOp40
 70
     1
102
RTVSPropertyOp41
 70
     1
102
RTVSPropertyOp42
 70
     1
102
RTVSPropertyOp43
 70
     1
102
RTVSPropertyOp44
 70
     1
102
RTVSPropertyOp45
 70
     1
102
RTVSPropertyOp46
 70
     1
102
RTVSPropertyOp47
 70
     1
102
RTVSPropertyOp48
 70
     1
102
RTVSPropertyOp49
 70
     1
102
RTVSPropertyOp50
 70
     1
102
RTVSPropertyOp51
 70
     0
102
RTVSPropertyOp52
 70
     0
102
RTVSPropertyOp53
 70
     1
102
RTVSPropertyOp54
 70
     1
102
RTVSPropertyOp55
 70
     1
102
RTVSPropertyOp56
 70
     1
102
RTVSPropertyOp57
 70
     1
102
RTVSPost2010Prop28
280
     0
102
RTVSPost2010PropOp28
 70
     1
102
RTVSPost2010Prop29
280
     1
102
RTVSPost2010PropOp29
 70
     1
102
RTVSPost2010Prop30
280
     1
102
RTVSPost2010PropOp30
 70
     1
102
RTVSPost2010Prop31
280
     0
102
RTVSPost2010PropOp31
 70
     1
102
RTVSPost2010Prop32
280
     0
102
RTVSPost2010PropOp32
 70
     1
102
RTVSPost2010Prop33
280
     0
102
RTVSPost2010PropOp33
 70
     1
102
RTVSPost2010Prop34
280
     0
102
RTVSPost2010PropOp34
 70
     1
102
RTVSPost2010Prop35
280
     0
102
RTVSPost2010PropOp35
 70
     1
102
RTVSPost2010Prop36
280
     0
102
RTVSPost2010PropOp36
 70
     1
102
RTVSPost2010Prop37
 90
       50
102
RTVSPost2010PropOp37
 70
     1
102
RTVSPost2010Prop38
140
0.0
102
RTVSPost2010PropOp38
 70
     1
102
RTVSPost2010Prop39
140
1.0
102
RTVSPost2010PropOp39
 70
     1
102
RTVSPost2010Prop40
 90
        0
102
RTVSPost2010PropOp40
 70
     1
102
RTVSPost2010Prop41ColorIndex
 90
       18
102
RTVSPost2010Prop41ColorRGB
 90
        0
102
RTVSPost2010PropOp41
 70
     1
102
RTVSPost2010Prop42
 90
       50
102
RTVSPost2010PropOp42
 70
     1
102
RTVSPost2010Prop43
 90
        3
102
RTVSPost2010PropOp43
 70
     1
102
RTVSPost2010Prop44ColorIndex
 90
        5
102
RTVSPost2010Prop44ColorRGB
 90
      255
102
RTVSPost2010PropOp44
 70
     1
102
RTVSPost2010Prop45
280
     0
102
RTVSPost2010PropOp45
 70
     1
102
RTVSPost2010Prop46
 90
       50
102
RTVSPost2010PropOp46
 70
     1
102
RTVSPost2010Prop47
 90
       50
102
RTVSPost2010PropOp47
 70
     1
102
RTVSPost2010Prop48
 90
       50
102
RTVSPost2010PropOp48
 70
     1
102
RTVSPost2010Prop49
280
     0
102
RTVSPost2010PropOp49
 70
     1
102
RTVSPost2010Prop50
 90
       50
102
RTVSPost2010PropOp50
 70
     1
102
RTVSPost2010Prop51ColorIndex
 90
      256
102
RTVSPost2010Prop51ColorRGB
 90
-16777216
102
RTVSPost2010PropOp51
 70
     0
102
RTVSPost2010Prop52
140
1.0
102
RTVSPost2010PropOp52
 70
     0
102
RTVSPost2010Prop53
 90
        2
102
RTVSPost2010PropOp53
 70
     1
102
RTVSPost2010Prop54
  1
strokes_ogs.tif
102
RTVSPost2010PropOp54
 70
     1
102
RTVSPost2010Prop55
280
     0
102
RTVSPost2010PropOp55
 70
     1
102
RTVSPost2010Prop56
140
1.0
102
RTVSPost2010PropOp56
 70
     1
102
RTVSPost2010Prop57
140
1.0
102
RTVSPost2010PropOp57
 70
     1
  0
XRECORD
  5
A5
102
{ACAD_REACTORS
330
A4
102
}
330
A4
100
AcDbXrecord
280
     1
102
RTVSPropertyOp0
 70
     1
102
RTVSPropertyOp1
 70
     1
102
RTVSPropertyOp2
 70
     1
102
RTVSPropertyOp3
 70
     1
102
RTVSPropertyOp4
 70
     1
102
RTVSPropertyOp5
 70
     1
102
RTVSPropertyOp6
 70
     1
102
RTVSPropertyOp7
 70
     1
102
RTVSPropertyOp8
 70
     1
102
RTVSPropertyOp9
 70
     1
102
RTVSPropertyOp10
 70
     1
102
RTVSPropertyOp11
 70
     1
102
RTVSPropertyOp12
 70
     1
102
RTVSPropertyOp13
 70
     1
102
RTVSPropertyOp14
 70
     1
102
RTVSPropertyOp15
 70
     1
102
RTVSPropertyOp16
 70
     1
102
RTVSPropertyOp17
 70
     1
102
RTVSPropertyOp18
 70
     1
102
RTVSPropertyOp19
 70
     1
102
RTVSPropertyOp20
 70
     1
102
RTVSPropertyOp21
 70
     1
102
RTVSPropertyOp22
 70
     1
102
RTVSPropertyOp23
 70
     1
102
RTVSPropertyOp24
 70
     1
102
RTVSPropertyOp25
 70
     1
102
RTVSPropertyOp26
 70
     1
102
RTVSPropertyOp27
 70
     1
102
RTVSPropertyOp28
 70
     1
102
RTVSPropertyOp29
 70
     1
102
RTVSPropertyOp30
 70
     1
102
RTVSPropertyOp31
 70
     1
102
RTVSPropertyOp32
 70
     1
102
RTVSPropertyOp33
 70
     1
102
RTVSPropertyOp34
 70
     1
102
RTVSPropertyOp35
 70
     1
102
RTVSPropertyOp36
 70
     1
102
RTVSPropertyOp37
 70
     1
102
RTVSPropertyOp38
 70
     1
102
RTVSPropertyOp39
 70
     1
102
RTVSPropertyOp40
 70
     1
102
RTVSPropertyOp41
 70
     1
102
RTVSPropertyOp42
 70
     1
102
RTVSPropertyOp43
 70
     1
102
RTVSPropertyOp44
 70
     1
102
RTVSPropertyOp45
 70
     1
102
RTVSPropertyOp46
 70
     1
102
RTVSPropertyOp47
 70
     1
102
RTVSPropertyOp48
 70
     1
102
RTVSPropertyOp49
 70
     1
102
RTVSPropertyOp50
 70
     1
102
RTVSPropertyOp51
 70
     0
102
RTVSPropertyOp52
 70
     0
102
RTVSPropertyOp53
 70
     1
102
RTVSPropertyOp54
 70
     1
102
RTVSPropertyOp55
 70
     1
102
RTVSPropertyOp56
 70
     1
102
RTVSPropertyOp57
 70
     1
102
RTVSPost2010Prop28
280
     0
102
RTVSPost2010PropOp28
 70
     1
102
RTVSPost2010Prop29
280
     1
102
RTVSPost2010PropOp29
 70
     1
102
RTVSPost2010Prop30
280
     1
102
RTVSPost2010PropOp30
 70
     1
102
RTVSPost2010Prop31
280
     0
102
RTVSPost2010PropOp31
 70
     1
102
RTVSPost2010Prop32
280
     0
102
RTVSPost2010PropOp32
 70
     1
102
RTVSPost2010Prop33
280
     0
102
RTVSPost2010PropOp33
 70
     1
102
RTVSPost2010Prop34
280
     0
102
RTVSPost2010PropOp34
 70
     1
102
RTVSPost2010Prop35
280
     0
102
RTVSPost2010PropOp35
 70
     1
102
RTVSPost2010Prop36
280
     0
102
RTVSPost2010PropOp36
 70
     1
102
RTVSPost2010Prop37
 90
       50
102
RTVSPost2010PropOp37
 70
     1
102
RTVSPost2010Prop38
140
0.0
102
RTVSPost2010PropOp38
 70
     1
102
RTVSPost2010Prop39
140
1.0
102
RTVSPost2010PropOp39
 70
     1
102
RTVSPost2010Prop40
 90
        0
102
RTVSPost2010PropOp40
 70
     1
102
RTVSPost2010Prop41ColorIndex
 90
       18
102
RTVSPost2010Prop41ColorRGB
 90
        0
102
RTVSPost2010PropOp41
 70
     1
102
RTVSPost2010Prop42
 90
       50
102
RTVSPost2010PropOp42
 70
     1
102
RTVSPost2010Prop43
 90
        3
102
RTVSPost2010PropOp43
 70
     1
102
RTVSPost2010Prop44ColorIndex
 90
        5
102
RTVSPost2010Prop44ColorRGB
 90
      255
102
RTVSPost2010PropOp44
 70
     1
102
RTVSPost2010Prop45
280
     0
102
RTVSPost2010PropOp45
 70
     1
102
RTVSPost2010Prop46
 90
       50
102
RTVSPost2010PropOp46
 70
     1
102
RTVSPost2010Prop47
 90
       50
102
RTVSPost2010PropOp47
 70
     1
102
RTVSPost2010Prop48
 90
       50
102
RTVSPost2010PropOp48
 70
     1
102
RTVSPost2010Prop49
280
     0
102
RTVSPost2010PropOp49
 70
     1
102
RTVSPost2010Prop50
 90
       50
102
RTVSPost2010PropOp50
 70
     1
102
RTVSPost2010Prop51ColorIndex
 90
      256
102
RTVSPost2010Prop51ColorRGB
 90
-16777216
102
RTVSPost2010PropOp51
 70
     0
102
RTVSPost2010Prop52
140
1.0
102
RTVSPost2010PropOp52
 70
     0
102
RTVSPost2010Prop53
 90
        2
102
RTVSPost2010PropOp53
 70
     1
102
RTVSPost2010Prop54
  1
strokes_ogs.tif
102
RTVSPost2010PropOp54
 70
     1
102
RTVSPost2010Prop55
280
     0
102
RTVSPost2010PropOp55
 70
     1
102
RTVSPost2010Prop56
140
1.0
102
RTVSPost2010PropOp56
 70
     1
102
RTVSPost2010Prop57
140
1.0
102
RTVSPost2010PropOp57
 70
     1
  0
XRECORD
  5
9F
102
{ACAD_REACTORS
330
9E
102
}
330
9E
100
AcDbXrecord
280
     1
102
RTVSPropertyOp0
 70
     1
102
RTVSPropertyOp1
 70
     1
102
RTVSPropertyOp2
 70
     1
102
RTVSPropertyOp3
 70
     1
102
RTVSPropertyOp4
 70
     1
102
RTVSPropertyOp5
 70
     1
102
RTVSPropertyOp6
 70
     1
102
RTVSPropertyOp7
 70
     1
102
RTVSPropertyOp8
 70
     1
102
RTVSPropertyOp9
 70
     1
102
RTVSPropertyOp10
 70
     1
102
RTVSPropertyOp11
 70
     1
102
RTVSPropertyOp12
 70
     1
102
RTVSPropertyOp13
 70
     1
102
RTVSPropertyOp14
 70
     1
102
RTVSPropertyOp15
 70
     1
102
RTVSPropertyOp16
 70
     1
102
RTVSPropertyOp17
 70
     1
102
RTVSPropertyOp18
 70
     1
102
RTVSPropertyOp19
 70
     1
102
RTVSPropertyOp20
 70
     1
102
RTVSPropertyOp21
 70
     1
102
RTVSPropertyOp22
 70
     1
102
RTVSPropertyOp23
 70
     1
102
RTVSPropertyOp24
 70
     1
102
RTVSPropertyOp25
 70
     1
102
RTVSPropertyOp26
 70
     1
102
RTVSPropertyOp27
 70
     1
102
RTVSPropertyOp28
 70
     1
102
RTVSPropertyOp29
 70
     1
102
RTVSPropertyOp30
 70
     1
102
RTVSPropertyOp31
 70
     1
102
RTVSPropertyOp32
 70
     1
102
RTVSPropertyOp33
 70
     1
102
RTVSPropertyOp34
 70
     1
102
RTVSPropertyOp35
 70
     1
102
RTVSPropertyOp36
 70
     1
102
RTVSPropertyOp37
 70
     1
102
RTVSPropertyOp38
 70
     1
102
RTVSPropertyOp39
 70
     1
102
RTVSPropertyOp40
 70
     1
102
RTVSPropertyOp41
 70
     1
102
RTVSPropertyOp42
 70
     1
102
RTVSPropertyOp43
 70
     1
102
RTVSPropertyOp44
 70
     1
102
RTVSPropertyOp45
 70
     1
102
RTVSPropertyOp46
 70
     1
102
RTVSPropertyOp47
 70
     1
102
RTVSPropertyOp48
 70
     1
102
RTVSPropertyOp49
 70
     1
102
RTVSPropertyOp50
 70
     1
102
RTVSPropertyOp51
 70
     0
102
RTVSPropertyOp52
 70
     0
102
RTVSPropertyOp53
 70
     1
102
RTVSPropertyOp54
 70
     1
102
RTVSPropertyOp55
 70
     1
102
RTVSPropertyOp56
 70
     1
102
RTVSPropertyOp57
 70
     1
102
RTVSPost2010Prop28
280
     0
102
RTVSPost2010PropOp28
 70
     1
102
RTVSPost2010Prop29
280
     1
102
RTVSPost2010PropOp29
 70
     1
102
RTVSPost2010Prop30
280
     1
102
RTVSPost2010PropOp30
 70
     1
102
RTVSPost2010Prop31
280
     0
102
RTVSPost2010PropOp31
 70
     1
102
RTVSPost2010Prop32
280
     0
102
RTVSPost2010PropOp32
 70
     1
102
RTVSPost2010Prop33
280
     0
102
RTVSPost2010PropOp33
 70
     1
102
RTVSPost2010Prop34
280
     0
102
RTVSPost2010PropOp34
 70
     1
102
RTVSPost2010Prop35
280
     0
102
RTVSPost2010PropOp35
 70
     1
102
RTVSPost2010Prop36
280
     0
102
RTVSPost2010PropOp36
 70
     1
102
RTVSPost2010Prop37
 90
       50
102
RTVSPost2010PropOp37
 70
     1
102
RTVSPost2010Prop38
140
0.0
102
RTVSPost2010PropOp38
 70
     1
102
RTVSPost2010Prop39
140
1.0
102
RTVSPost2010PropOp39
 70
     1
102
RTVSPost2010Prop40
 90
        0
102
RTVSPost2010PropOp40
 70
     1
102
RTVSPost2010Prop41ColorIndex
 90
       18
102
RTVSPost2010Prop41ColorRGB
 90
        0
102
RTVSPost2010PropOp41
 70
     1
102
RTVSPost2010Prop42
 90
       50
102
RTVSPost2010PropOp42
 70
     1
102
RTVSPost2010Prop43
 90
        3
102
RTVSPost2010PropOp43
 70
     1
102
RTVSPost2010Prop44ColorIndex
 90
        5
102
RTVSPost2010Prop44ColorRGB
 90
      255
102
RTVSPost2010PropOp44
 70
     1
102
RTVSPost2010Prop45
280
     0
102
RTVSPost2010PropOp45
 70
     1
102
RTVSPost2010Prop46
 90
       50
102
RTVSPost2010PropOp46
 70
     1
102
RTVSPost2010Prop47
 90
       50
102
RTVSPost2010PropOp47
 70
     1
102
RTVSPost2010Prop48
 90
       50
102
RTVSPost2010PropOp48
 70
     1
102
RTVSPost2010Prop49
280
     0
102
RTVSPost2010PropOp49
 70
     1
102
RTVSPost2010Prop50
 90
       50
102
RTVSPost2010PropOp50
 70
     1
102
RTVSPost2010Prop51ColorIndex
 90
      256
102
RTVSPost2010Prop51ColorRGB
 90
-16777216
102
RTVSPost2010PropOp51
 70
     0
102
RTVSPost2010Prop52
140
1.0
102
RTVSPost2010PropOp52
 70
     0
102
RTVSPost2010Prop53
 90
        2
102
RTVSPost2010PropOp53
 70
     1
102
RTVSPost2010Prop54
  1
strokes_ogs.tif
102
RTVSPost2010PropOp54
 70
     1
102
RTVSPost2010Prop55
280
     0
102
RTVSPost2010PropOp55
 70
     1
102
RTVSPost2010Prop56
140
1.0
102
RTVSPost2010PropOp56
 70
     1
102
RTVSPost2010Prop57
140
1.0
102
RTVSPost2010PropOp57
 70
     1
  0
XRECORD
  5
A1
102
{ACAD_REACTORS
330
A0
102
}
330
A0
100
AcDbXrecord
280
     1
102
RTVSPropertyOp0
 70
     1
102
RTVSPropertyOp1
 70
     1
102
RTVSPropertyOp2
 70
     1
102
RTVSPropertyOp3
 70
     1
102
RTVSPropertyOp4
 70
     1
102
RTVSPropertyOp5
 70
     1
102
RTVSPropertyOp6
 70
     1
102
RTVSPropertyOp7
 70
     1
102
RTVSPropertyOp8
 70
     1
102
RTVSPropertyOp9
 70
     1
102
RTVSPropertyOp10
 70
     1
102
RTVSPropertyOp11
 70
     1
102
RTVSPropertyOp12
 70
     1
102
RTVSPropertyOp13
 70
     1
102
RTVSPropertyOp14
 70
     1
102
RTVSPropertyOp15
 70
     1
102
RTVSPropertyOp16
 70
     1
102
RTVSPropertyOp17
 70
     1
102
RTVSPropertyOp18
 70
     1
102
RTVSPropertyOp19
 70
     1
102
RTVSPropertyOp20
 70
     1
102
RTVSPropertyOp21
 70
     1
102
RTVSPropertyOp22
 70
     1
102
RTVSPropertyOp23
 70
     1
102
RTVSPropertyOp24
 70
     1
102
RTVSPropertyOp25
 70
     1
102
RTVSPropertyOp26
 70
     1
102
RTVSPropertyOp27
 70
     1
102
RTVSPropertyOp28
 70
     1
102
RTVSPropertyOp29
 70
     1
102
RTVSPropertyOp30
 70
     1
102
RTVSPropertyOp31
 70
     1
102
RTVSPropertyOp32
 70
     1
102
RTVSPropertyOp33
 70
     1
102
RTVSPropertyOp34
 70
     1
102
RTVSPropertyOp35
 70
     1
102
RTVSPropertyOp36
 70
     1
102
RTVSPropertyOp37
 70
     1
102
RTVSPropertyOp38
 70
     1
102
RTVSPropertyOp39
 70
     1
102
RTVSPropertyOp40
 70
     1
102
RTVSPropertyOp41
 70
     1
102
RTVSPropertyOp42
 70
     1
102
RTVSPropertyOp43
 70
     1
102
RTVSPropertyOp44
 70
     1
102
RTVSPropertyOp45
 70
     1
102
RTVSPropertyOp46
 70
     1
102
RTVSPropertyOp47
 70
     1
102
RTVSPropertyOp48
 70
     1
102
RTVSPropertyOp49
 70
     1
102
RTVSPropertyOp50
 70
     1
102
RTVSPropertyOp51
 70
     0
102
RTVSPropertyOp52
 70
     0
102
RTVSPropertyOp53
 70
     1
102
RTVSPropertyOp54
 70
     1
102
RTVSPropertyOp55
 70
     1
102
RTVSPropertyOp56
 70
     1
102
RTVSPropertyOp57
 70
     1
102
RTVSPost2010Prop28
280
     0
102
RTVSPost2010PropOp28
 70
     1
102
RTVSPost2010Prop29
280
     1
102
RTVSPost2010PropOp29
 70
     1
102
RTVSPost2010Prop30
280
     1
102
RTVSPost2010PropOp30
 70
     1
102
RTVSPost2010Prop31
280
     0
102
RTVSPost2010PropOp31
 70
     1
102
RTVSPost2010Prop32
280
     0
102
RTVSPost2010PropOp32
 70
     1
102
RTVSPost2010Prop33
280
     0
102
RTVSPost2010PropOp33
 70
     1
102
RTVSPost2010Prop34
280
     0
102
RTVSPost2010PropOp34
 70
     1
102
RTVSPost2010Prop35
280
     0
102
RTVSPost2010PropOp35
 70
     1
102
RTVSPost2010Prop36
280
     0
102
RTVSPost2010PropOp36
 70
     1
102
RTVSPost2010Prop37
 90
       50
102
RTVSPost2010PropOp37
 70
     1
102
RTVSPost2010Prop38
140
0.0
102
RTVSPost2010PropOp38
 70
     1
102
RTVSPost2010Prop39
140
1.0
102
RTVSPost2010PropOp39
 70
     1
102
RTVSPost2010Prop40
 90
        0
102
RTVSPost2010PropOp40
 70
     1
102
RTVSPost2010Prop41ColorIndex
 90
       18
102
RTVSPost2010Prop41ColorRGB
 90
        0
102
RTVSPost2010PropOp41
 70
     1
102
RTVSPost2010Prop42
 90
       50
102
RTVSPost2010PropOp42
 70
     1
102
RTVSPost2010Prop43
 90
        3
102
RTVSPost2010PropOp43
 70
     1
102
RTVSPost2010Prop44ColorIndex
 90
        5
102
RTVSPost2010Prop44ColorRGB
 90
      255
102
RTVSPost2010PropOp44
 70
     1
102
RTVSPost2010Prop45
280
     0
102
RTVSPost2010PropOp45
 70
     1
102
RTVSPost2010Prop46
 90
       50
102
RTVSPost2010PropOp46
 70
     1
102
RTVSPost2010Prop47
 90
       50
102
RTVSPost2010PropOp47
 70
     1
102
RTVSPost2010Prop48
 90
       50
102
RTVSPost2010PropOp48
 70
     1
102
RTVSPost2010Prop49
280
     0
102
RTVSPost2010PropOp49
 70
     1
102
RTVSPost2010Prop50
 90
       50
102
RTVSPost2010PropOp50
 70
     1
102
RTVSPost2010Prop51ColorIndex
 90
      256
102
RTVSPost2010Prop51ColorRGB
 90
-16777216
102
RTVSPost2010PropOp51
 70
     0
102
RTVSPost2010Prop52
140
1.0
102
RTVSPost2010PropOp52
 70
     0
102
RTVSPost2010Prop53
 90
        2
102
RTVSPost2010PropOp53
 70
     1
102
RTVSPost2010Prop54
  1
strokes_ogs.tif
102
RTVSPost2010PropOp54
 70
     1
102
RTVSPost2010Prop55
280
     0
102
RTVSPost2010PropOp55
 70
     1
102
RTVSPost2010Prop56
140
1.0
102
RTVSPost2010PropOp56
 70
     1
102
RTVSPost2010Prop57
140
1.0
102
RTVSPost2010PropOp57
 70
     1
  0
XRECORD
  5
91
102
{ACAD_REACTORS
330
90
102
}
330
90
100
AcDbXrecord
280
     1
102
RTVSPropertyOp0
 70
     1
102
RTVSPropertyOp1
 70
     1
102
RTVSPropertyOp2
 70
     1
102
RTVSPropertyOp3
 70
     1
102
RTVSPropertyOp4
 70
     1
102
RTVSPropertyOp5
 70
     1
102
RTVSPropertyOp6
 70
     1
102
RTVSPropertyOp7
 70
     1
102
RTVSPropertyOp8
 70
     1
102
RTVSPropertyOp9
 70
     1
102
RTVSPropertyOp10
 70
     1
102
RTVSPropertyOp11
 70
     1
102
RTVSPropertyOp12
 70
     1
102
RTVSPropertyOp13
 70
     1
102
RTVSPropertyOp14
 70
     1
102
RTVSPropertyOp15
 70
     1
102
RTVSPropertyOp16
 70
     1
102
RTVSPropertyOp17
 70
     1
102
RTVSPropertyOp18
 70
     1
102
RTVSPropertyOp19
 70
     1
102
RTVSPropertyOp20
 70
     1
102
RTVSPropertyOp21
 70
     1
102
RTVSPropertyOp22
 70
     1
102
RTVSPropertyOp23
 70
     1
102
RTVSPropertyOp24
 70
     1
102
RTVSPropertyOp25
 70
     1
102
RTVSPropertyOp26
 70
     1
102
RTVSPropertyOp27
 70
     1
102
RTVSPropertyOp28
 70
     1
102
RTVSPropertyOp29
 70
     1
102
RTVSPropertyOp30
 70
     1
102
RTVSPropertyOp31
 70
     1
102
RTVSPropertyOp32
 70
     1
102
RTVSPropertyOp33
 70
     1
102
RTVSPropertyOp34
 70
     1
102
RTVSPropertyOp35
 70
     1
102
RTVSPropertyOp36
 70
     1
102
RTVSPropertyOp37
 70
     1
102
RTVSPropertyOp38
 70
     1
102
RTVSPropertyOp39
 70
     1
102
RTVSPropertyOp40
 70
     1
102
RTVSPropertyOp41
 70
     1
102
RTVSPropertyOp42
 70
     1
102
RTVSPropertyOp43
 70
     1
102
RTVSPropertyOp44
 70
     1
102
RTVSPropertyOp45
 70
     1
102
RTVSPropertyOp46
 70
     1
102
RTVSPropertyOp47
 70
     1
102
RTVSPropertyOp48
 70
     1
102
RTVSPropertyOp49
 70
     1
102
RTVSPropertyOp50
 70
     1
102
RTVSPropertyOp51
 70
     0
102
RTVSPropertyOp52
 70
     0
102
RTVSPropertyOp53
 70
     1
102
RTVSPropertyOp54
 70
     1
102
RTVSPropertyOp55
 70
     1
102
RTVSPropertyOp56
 70
     1
102
RTVSPropertyOp57
 70
     1
102
RTVSPost2010Prop28
280
     0
102
RTVSPost2010PropOp28
 70
     1
102
RTVSPost2010Prop29
280
     1
102
RTVSPost2010PropOp29
 70
     1
102
RTVSPost2010Prop30
280
     1
102
RTVSPost2010PropOp30
 70
     1
102
RTVSPost2010Prop31
280
     0
102
RTVSPost2010PropOp31
 70
     1
102
RTVSPost2010Prop32
280
     0
102
RTVSPost2010PropOp32
 70
     1
102
RTVSPost2010Prop33
280
     0
102
RTVSPost2010PropOp33
 70
     1
102
RTVSPost2010Prop34
280
     0
102
RTVSPost2010PropOp34
 70
     1
102
RTVSPost2010Prop35
280
     0
102
RTVSPost2010PropOp35
 70
     1
102
RTVSPost2010Prop36
280
     0
102
RTVSPost2010PropOp36
 70
     1
102
RTVSPost2010Prop37
 90
       50
102
RTVSPost2010PropOp37
 70
     1
102
RTVSPost2010Prop38
140
0.0
102
RTVSPost2010PropOp38
 70
     1
102
RTVSPost2010Prop39
140
1.0
102
RTVSPost2010PropOp39
 70
     1
102
RTVSPost2010Prop40
 90
        0
102
RTVSPost2010PropOp40
 70
     1
102
RTVSPost2010Prop41ColorIndex
 90
       18
102
RTVSPost2010Prop41ColorRGB
 90
        0
102
RTVSPost2010PropOp41
 70
     1
102
RTVSPost2010Prop42
 90
       50
102
RTVSPost2010PropOp42
 70
     1
102
RTVSPost2010Prop43
 90
        3
102
RTVSPost2010PropOp43
 70
     1
102
RTVSPost2010Prop44ColorIndex
 90
        5
102
RTVSPost2010Prop44ColorRGB
 90
      255
102
RTVSPost2010PropOp44
 70
     1
102
RTVSPost2010Prop45
280
     0
102
RTVSPost2010PropOp45
 70
     1
102
RTVSPost2010Prop46
 90
       50
102
RTVSPost2010PropOp46
 70
     1
102
RTVSPost2010Prop47
 90
       50
102
RTVSPost2010PropOp47
 70
     1
102
RTVSPost2010Prop48
 90
       50
102
RTVSPost2010PropOp48
 70
     1
102
RTVSPost2010Prop49
280
     0
102
RTVSPost2010PropOp49
 70
     1
102
RTVSPost2010Prop50
 90
       50
102
RTVSPost2010PropOp50
 70
     1
102
RTVSPost2010Prop51ColorIndex
 90
      256
102
RTVSPost2010Prop51ColorRGB
 90
-16777216
102
RTVSPost2010PropOp51
 70
     0
102
RTVSPost2010Prop52
140
1.0
102
RTVSPost2010PropOp52
 70
     0
102
RTVSPost2010Prop53
 90
        2
102
RTVSPost2010PropOp53
 70
     1
102
RTVSPost2010Prop54
  1
strokes_ogs.tif
102
RTVSPost2010PropOp54
 70
     1
102
RTVSPost2010Prop55
280
     0
102
RTVSPost2010PropOp55
 70
     1
102
RTVSPost2010Prop56
140
1.0
102
RTVSPost2010PropOp56
 70
     1
102
RTVSPost2010Prop57
140
1.0
102
RTVSPost2010PropOp57
 70
     1
  0
XRECORD
  5
83
102
{ACAD_REACTORS
330
82
102
}
330
82
100
AcDbXrecord
280
     1
102
RTVSPropertyOp0
 70
     1
102
RTVSPropertyOp1
 70
     1
102
RTVSPropertyOp2
 70
     1
102
RTVSPropertyOp3
 70
     1
102
RTVSPropertyOp4
 70
     1
102
RTVSPropertyOp5
 70
     1
102
RTVSPropertyOp6
 70
     1
102
RTVSPropertyOp7
 70
     1
102
RTVSPropertyOp8
 70
     1
102
RTVSPropertyOp9
 70
     1
102
RTVSPropertyOp10
 70
     1
102
RTVSPropertyOp11
 70
     1
102
RTVSPropertyOp12
 70
     1
102
RTVSPropertyOp13
 70
     1
102
RTVSPropertyOp14
 70
     1
102
RTVSPropertyOp15
 70
     1
102
RTVSPropertyOp16
 70
     1
102
RTVSPropertyOp17
 70
     1
102
RTVSPropertyOp18
 70
     1
102
RTVSPropertyOp19
 70
     1
102
RTVSPropertyOp20
 70
     1
102
RTVSPropertyOp21
 70
     1
102
RTVSPropertyOp22
 70
     1
102
RTVSPropertyOp23
 70
     1
102
RTVSPropertyOp24
 70
     1
102
RTVSPropertyOp25
 70
     1
102
RTVSPropertyOp26
 70
     1
102
RTVSPropertyOp27
 70
     1
102
RTVSPropertyOp28
 70
     1
102
RTVSPropertyOp29
 70
     1
102
RTVSPropertyOp30
 70
     1
102
RTVSPropertyOp31
 70
     1
102
RTVSPropertyOp32
 70
     1
102
RTVSPropertyOp33
 70
     1
102
RTVSPropertyOp34
 70
     1
102
RTVSPropertyOp35
 70
     1
102
RTVSPropertyOp36
 70
     1
102
RTVSPropertyOp37
 70
     1
102
RTVSPropertyOp38
 70
     1
102
RTVSPropertyOp39
 70
     1
102
RTVSPropertyOp40
 70
     1
102
RTVSPropertyOp41
 70
     1
102
RTVSPropertyOp42
 70
     1
102
RTVSPropertyOp43
 70
     1
102
RTVSPropertyOp44
 70
     1
102
RTVSPropertyOp45
 70
     1
102
RTVSPropertyOp46
 70
     1
102
RTVSPropertyOp47
 70
     1
102
RTVSPropertyOp48
 70
     1
102
RTVSPropertyOp49
 70
     1
102
RTVSPropertyOp50
 70
     1
102
RTVSPropertyOp51
 70
     0
102
RTVSPropertyOp52
 70
     0
102
RTVSPropertyOp53
 70
     1
102
RTVSPropertyOp54
 70
     1
102
RTVSPropertyOp55
 70
     1
102
RTVSPropertyOp56
 70
     1
102
RTVSPropertyOp57
 70
     1
102
RTVSPost2010Prop28
280
     0
102
RTVSPost2010PropOp28
 70
     1
102
RTVSPost2010Prop29
280
     1
102
RTVSPost2010PropOp29
 70
     1
102
RTVSPost2010Prop30
280
     1
102
RTVSPost2010PropOp30
 70
     1
102
RTVSPost2010Prop31
280
     0
102
RTVSPost2010PropOp31
 70
     1
102
RTVSPost2010Prop32
280
     0
102
RTVSPost2010PropOp32
 70
     1
102
RTVSPost2010Prop33
280
     0
102
RTVSPost2010PropOp33
 70
     1
102
RTVSPost2010Prop34
280
     0
102
RTVSPost2010PropOp34
 70
     1
102
RTVSPost2010Prop35
280
     0
102
RTVSPost2010PropOp35
 70
     1
102
RTVSPost2010Prop36
280
     0
102
RTVSPost2010PropOp36
 70
     1
102
RTVSPost2010Prop37
 90
       50
102
RTVSPost2010PropOp37
 70
     1
102
RTVSPost2010Prop38
140
0.0
102
RTVSPost2010PropOp38
 70
     1
102
RTVSPost2010Prop39
140
1.0
102
RTVSPost2010PropOp39
 70
     1
102
RTVSPost2010Prop40
 90
        0
102
RTVSPost2010PropOp40
 70
     1
102
RTVSPost2010Prop41ColorIndex
 90
       18
102
RTVSPost2010Prop41ColorRGB
 90
        0
102
RTVSPost2010PropOp41
 70
     1
102
RTVSPost2010Prop42
 90
       50
102
RTVSPost2010PropOp42
 70
     1
102
RTVSPost2010Prop43
 90
        3
102
RTVSPost2010PropOp43
 70
     1
102
RTVSPost2010Prop44ColorIndex
 90
        5
102
RTVSPost2010Prop44ColorRGB
 90
      255
102
RTVSPost2010PropOp44
 70
     1
102
RTVSPost2010Prop45
280
     0
102
RTVSPost2010PropOp45
 70
     1
102
RTVSPost2010Prop46
 90
       50
102
RTVSPost2010PropOp46
 70
     1
102
RTVSPost2010Prop47
 90
       50
102
RTVSPost2010PropOp47
 70
     1
102
RTVSPost2010Prop48
 90
       50
102
RTVSPost2010PropOp48
 70
     1
102
RTVSPost2010Prop49
280
     0
102
RTVSPost2010PropOp49
 70
     1
102
RTVSPost2010Prop50
 90
       50
102
RTVSPost2010PropOp50
 70
     1
102
RTVSPost2010Prop51ColorIndex
 90
      256
102
RTVSPost2010Prop51ColorRGB
 90
-16777216
102
RTVSPost2010PropOp51
 70
     0
102
RTVSPost2010Prop52
140
1.0
102
RTVSPost2010PropOp52
 70
     0
102
RTVSPost2010Prop53
 90
        2
102
RTVSPost2010PropOp53
 70
     1
102
RTVSPost2010Prop54
  1
strokes_ogs.tif
102
RTVSPost2010PropOp54
 70
     1
102
RTVSPost2010Prop55
280
     0
102
RTVSPost2010PropOp55
 70
     1
102
RTVSPost2010Prop56
140
1.0
102
RTVSPost2010PropOp56
 70
     1
102
RTVSPost2010Prop57
140
1.0
102
RTVSPost2010PropOp57
 70
     1
  0
XRECORD
  5
A3
102
{ACAD_REACTORS
330
A2
102
}
330
A2
100
AcDbXrecord
280
     1
102
RTVSPropertyOp0
 70
     1
102
RTVSPropertyOp1
 70
     1
102
RTVSPropertyOp2
 70
     1
102
RTVSPropertyOp3
 70
     1
102
RTVSPropertyOp4
 70
     1
102
RTVSPropertyOp5
 70
     1
102
RTVSPropertyOp6
 70
     1
102
RTVSPropertyOp7
 70
     1
102
RTVSPropertyOp8
 70
     1
102
RTVSPropertyOp9
 70
     1
102
RTVSPropertyOp10
 70
     1
102
RTVSPropertyOp11
 70
     1
102
RTVSPropertyOp12
 70
     1
102
RTVSPropertyOp13
 70
     1
102
RTVSPropertyOp14
 70
     1
102
RTVSPropertyOp15
 70
     1
102
RTVSPropertyOp16
 70
     1
102
RTVSPropertyOp17
 70
     1
102
RTVSPropertyOp18
 70
     1
102
RTVSPropertyOp19
 70
     1
102
RTVSPropertyOp20
 70
     1
102
RTVSPropertyOp21
 70
     1
102
RTVSPropertyOp22
 70
     1
102
RTVSPropertyOp23
 70
     1
102
RTVSPropertyOp24
 70
     1
102
RTVSPropertyOp25
 70
     1
102
RTVSPropertyOp26
 70
     1
102
RTVSPropertyOp27
 70
     1
102
RTVSPropertyOp28
 70
     1
102
RTVSPropertyOp29
 70
     1
102
RTVSPropertyOp30
 70
     1
102
RTVSPropertyOp31
 70
     1
102
RTVSPropertyOp32
 70
     1
102
RTVSPropertyOp33
 70
     1
102
RTVSPropertyOp34
 70
     1
102
RTVSPropertyOp35
 70
     1
102
RTVSPropertyOp36
 70
     1
102
RTVSPropertyOp37
 70
     1
102
RTVSPropertyOp38
 70
     1
102
RTVSPropertyOp39
 70
     1
102
RTVSPropertyOp40
 70
     1
102
RTVSPropertyOp41
 70
     1
102
RTVSPropertyOp42
 70
     1
102
RTVSPropertyOp43
 70
     1
102
RTVSPropertyOp44
 70
     1
102
RTVSPropertyOp45
 70
     1
102
RTVSPropertyOp46
 70
     1
102
RTVSPropertyOp47
 70
     1
102
RTVSPropertyOp48
 70
     1
102
RTVSPropertyOp49
 70
     1
102
RTVSPropertyOp50
 70
     1
102
RTVSPropertyOp51
 70
     0
102
RTVSPropertyOp52
 70
     0
102
RTVSPropertyOp53
 70
     1
102
RTVSPropertyOp54
 70
     1
102
RTVSPropertyOp55
 70
     1
102
RTVSPropertyOp56
 70
     1
102
RTVSPropertyOp57
 70
     1
102
RTVSPost2010Prop28
280
     0
102
RTVSPost2010PropOp28
 70
     1
102
RTVSPost2010Prop29
280
     1
102
RTVSPost2010PropOp29
 70
     1
102
RTVSPost2010Prop30
280
     1
102
RTVSPost2010PropOp30
 70
     1
102
RTVSPost2010Prop31
280
     0
102
RTVSPost2010PropOp31
 70
     1
102
RTVSPost2010Prop32
280
     0
102
RTVSPost2010PropOp32
 70
     1
102
RTVSPost2010Prop33
280
     0
102
RTVSPost2010PropOp33
 70
     1
102
RTVSPost2010Prop34
280
     0
102
RTVSPost2010PropOp34
 70
     1
102
RTVSPost2010Prop35
280
     0
102
RTVSPost2010PropOp35
 70
     1
102
RTVSPost2010Prop36
280
     0
102
RTVSPost2010PropOp36
 70
     1
102
RTVSPost2010Prop37
 90
       50
102
RTVSPost2010PropOp37
 70
     1
102
RTVSPost2010Prop38
140
0.0
102
RTVSPost2010PropOp38
 70
     1
102
RTVSPost2010Prop39
140
1.0
102
RTVSPost2010PropOp39
 70
     1
102
RTVSPost2010Prop40
 90
        0
102
RTVSPost2010PropOp40
 70
     1
102
RTVSPost2010Prop41ColorIndex
 90
       18
102
RTVSPost2010Prop41ColorRGB
 90
        0
102
RTVSPost2010PropOp41
 70
     1
102
RTVSPost2010Prop42
 90
       50
102
RTVSPost2010PropOp42
 70
     1
102
RTVSPost2010Prop43
 90
        3
102
RTVSPost2010PropOp43
 70
     1
102
RTVSPost2010Prop44ColorIndex
 90
        5
102
RTVSPost2010Prop44ColorRGB
 90
      255
102
RTVSPost2010PropOp44
 70
     1
102
RTVSPost2010Prop45
280
     0
102
RTVSPost2010PropOp45
 70
     1
102
RTVSPost2010Prop46
 90
       50
102
RTVSPost2010PropOp46
 70
     1
102
RTVSPost2010Prop47
 90
       50
102
RTVSPost2010PropOp47
 70
     1
102
RTVSPost2010Prop48
 90
       50
102
RTVSPost2010PropOp48
 70
     1
102
RTVSPost2010Prop49
280
     0
102
RTVSPost2010PropOp49
 70
     1
102
RTVSPost2010Prop50
 90
       50
102
RTVSPost2010PropOp50
 70
     1
102
RTVSPost2010Prop51ColorIndex
 90
      256
102
RTVSPost2010Prop51ColorRGB
 90
-16777216
102
RTVSPost2010PropOp51
 70
     0
102
RTVSPost2010Prop52
140
1.0
102
RTVSPost2010PropOp52
 70
     0
102
RTVSPost2010Prop53
 90
        2
102
RTVSPost2010PropOp53
 70
     1
102
RTVSPost2010Prop54
  1
strokes_ogs.tif
102
RTVSPost2010PropOp54
 70
     1
102
RTVSPost2010Prop55
280
     0
102
RTVSPost2010PropOp55
 70
     1
102
RTVSPost2010Prop56
140
1.0
102
RTVSPost2010PropOp56
 70
     1
102
RTVSPost2010Prop57
140
1.0
102
RTVSPost2010PropOp57
 70
     1
  0
ENDSEC
  0
EOF
