  0
SECTION
  2
ENTITIES
  0
POLYLINE
  5
3E8
  100
AcDbEntity
  8
Layer 1
  62
0
  100
AcDb2dPolyline
 66
     1
  10
0
  20
0
  30
0
  70
1
  0
VERTEX
  5
3E9
  100
AcDbEntity
  8
Layer 1
  62
0
  100
AcDb2dVertex
  10
5.01011
  20
12.94432
  30
0.00000
  42
-0.0563
  70
32
  0
VERTEX
  5
3EA
  100
AcDbEntity
  8
Layer 1
  62
0
  100
AcDb2dVertex
  10
5.00343
  20
12.94457
  30
0.00000
  70
32
  0
VERTEX
  5
3EB
  100
AcDbEntity
  8
Layer 1
  62
0
  100
AcDb2dVertex
  10
5.00238
  20
12.94508
  30
0.00000
  42
-0.3836
  70
32
  0
VERTEX
  5
3EC
  100
AcDbEntity
  8
Layer 1
  62
0
  100
AcDb2dVertex
  10
5.00235
  20
12.94692
  30
0.00000
  70
32
  0
VERTEX
  5
3ED
  100
AcDbEntity
  8
Layer 1
  62
0
  100
AcDb2dVertex
  10
5.00338
  20
12.94782
  30
0.00000
  42
-0.0741
  70
32
  0
VERTEX
  5
3EE
  100
AcDbEntity
  8
Layer 1
  62
0
  100
AcDb2dVertex
  10
5.05018
  20
12.95569
  30
0.00000
  42
-0.5247
  70
32
  0
VERTEX
  5
3EF
  100
AcDbEntity
  8
Layer 1
  62
0
  100
AcDb2dVertex
  10
5.05110
  20
12.95256
  30
0.00000
  42
-0.1200
  70
32
  0
VERTEX
  5
3F0
  100
AcDbEntity
  8
Layer 1
  62
0
  100
AcDb2dVertex
  10
5.04828
  20
12.94963
  30
0.00000
  42
-0.1252
  70
32
  0
VERTEX
  5
3F1
  100
AcDbEntity
  8
Layer 1
  62
0
  100
AcDb2dVertex
  10
5.01011
  20
12.94432
  30
0.00000
  70
32
  0
SEQEND
  5
3F2
  100
AcDbEntity
  8
Layer 1
  62
0
  0
POLYLINE
  5
3F3
  100
AcDbEntity
  8
Layer 1
  62
0
  100
AcDb2dPolyline
 66
     1
  10
0
  20
0
  30
0
  70
1
  0
VERTEX
  5
3F4
  100
AcDbEntity
  8
Layer 1
  62
0
  100
AcDb2dVertex
  10
4.95179
  20
12.91211
  30
0.00000
  42
-0.0439
  70
32
  0
VERTEX
  5
3F5
  100
AcDbEntity
  8
Layer 1
  62
0
  100
AcDb2dVertex
  10
4.94514
  20
12.91142
  30
0.00000
  42
-0.3712
  70
32
  0
VERTEX
  5
3F6
  100
AcDbEntity
  8
Layer 1
  62
0
  100
AcDb2dVertex
  10
4.94370
  20
12.91301
  30
0.00000
  42
-0.3713
  70
32
  0
VERTEX
  5
3F7
  100
AcDbEntity
  8
Layer 1
  62
0
  100
AcDb2dVertex
  10
4.94507
  20
12.91468
  30
0.00000
  42
-0.0769
  70
32
  0
VERTEX
  5
3F8
  100
AcDbEntity
  8
Layer 1
  62
0
  100
AcDb2dVertex
  10
4.94915
  20
12.91647
  30
0.00000
  42
-0.0166
  70
32
  0
VERTEX
  5
3F9
  100
AcDbEntity
  8
Layer 1
  62
0
  100
AcDb2dVertex
  10
5.01244
  20
12.92567
  30
0.00000
  70
32
  0
VERTEX
  5
3FA
  100
AcDbEntity
  8
Layer 1
  62
0
  100
AcDb2dVertex
  10
5.02196
  20
12.92710
  30
0.00000
  42
-0.4997
  70
32
  0
VERTEX
  5
3FB
  100
AcDbEntity
  8
Layer 1
  62
0
  100
AcDb2dVertex
  10
5.02285
  20
12.92629
  30
0.00000
  42
-0.1377
  70
32
  0
VERTEX
  5
3FC
  100
AcDbEntity
  8
Layer 1
  62
0
  100
AcDb2dVertex
  10
5.02154
  20
12.92435
  30
0.00000
  42
-0.0934
  70
32
  0
VERTEX
  5
3FD
  100
AcDbEntity
  8
Layer 1
  62
0
  100
AcDb2dVertex
  10
5.01260
  20
12.91981
  30
0.00000
  42
-0.0507
  70
32
  0
VERTEX
  5
3FE
  100
AcDbEntity
  8
Layer 1
  62
0
  100
AcDb2dVertex
  10
4.95179
  20
12.91211
  30
0.00000
  70
32
  0
SEQEND
  5
3FF
  100
AcDbEntity
  8
Layer 1
  62
0
  0
POLYLINE
  5
400
  100
AcDbEntity
  8
Layer 1
  62
0
  100
AcDb2dPolyline
 66
     1
  10
0
  20
0
  30
0
  70
1
  0
VERTEX
  5
401
  100
AcDbEntity
  8
Layer 1
  62
0
  100
AcDb2dVertex
  10
6.16298
  20
12.59298
  30
0.00000
  42
0.0675
  70
32
  0
VERTEX
  5
402
  100
AcDbEntity
  8
Layer 1
  62
0
  100
AcDb2dVertex
  10
6.20563
  20
12.54725
  30
0.00000
  42
0.1765
  70
32
  0
VERTEX
  5
403
  100
AcDbEntity
  8
Layer 1
  62
0
  100
AcDb2dVertex
  10
6.22339
  20
12.53413
  30
0.00000
  42
-0.2877
  70
32
  0
VERTEX
  5
404
  100
AcDbEntity
  8
Layer 1
  62
0
  100
AcDb2dVertex
  10
6.22752
  20
12.52958
  30
0.00000
  42
0.1419
  70
32
  0
VERTEX
  5
405
  100
AcDbEntity
  8
Layer 1
  62
0
  100
AcDb2dVertex
  10
6.23701
  20
12.50845
  30
0.00000
  42
-0.0905
  70
32
  0
VERTEX
  5
406
  100
AcDbEntity
  8
Layer 1
  62
0
  100
AcDb2dVertex
  10
6.26458
  20
12.47124
  30
0.00000
  70
32
  0
VERTEX
  5
407
  100
AcDbEntity
  8
Layer 1
  62
0
  100
AcDb2dVertex
  10
6.26445
  20
12.47082
  30
0.00000
  70
32
  0
VERTEX
  5
408
  100
AcDbEntity
  8
Layer 1
  62
0
  100
AcDb2dVertex
  10
6.26401
  20
12.47082
  30
0.00000
  42
0.0068
  70
32
  0
VERTEX
  5
409
  100
AcDbEntity
  8
Layer 1
  62
0
  100
AcDb2dVertex
  10
6.00775
  20
12.75583
  30
0.00000
  42
0.0186
  70
32
  0
VERTEX
  5
40A
  100
AcDbEntity
  8
Layer 1
  62
0
  100
AcDb2dVertex
  10
5.79927
  20
12.95589
  30
0.00000
  42
-0.0589
  70
32
  0
VERTEX
  5
40B
  100
AcDbEntity
  8
Layer 1
  62
0
  100
AcDb2dVertex
  10
5.63302
  20
13.14164
  30
0.00000
  42
-0.3226
  70
32
  0
VERTEX
  5
40C
  100
AcDbEntity
  8
Layer 1
  62
0
  100
AcDb2dVertex
  10
5.63307
  20
13.14272
  30
0.00000
  42
-0.3226
  70
32
  0
VERTEX
  5
40D
  100
AcDbEntity
  8
Layer 1
  62
0
  100
AcDb2dVertex
  10
5.63410
  20
13.14302
  30
0.00000
  70
32
  0
VERTEX
  5
40E
  100
AcDbEntity
  8
Layer 1
  62
0
  100
AcDb2dVertex
  10
5.81319
  20
12.96978
  30
0.00000
  42
-0.0320
  70
32
  0
VERTEX
  5
40F
  100
AcDbEntity
  8
Layer 1
  62
0
  100
AcDb2dVertex
  10
6.16298
  20
12.59298
  30
0.00000
  70
32
  0
SEQEND
  5
410
  100
AcDbEntity
  8
Layer 1
  62
0
  0
POLYLINE
  5
411
  100
AcDbEntity
  8
Layer 1
  62
0
  100
AcDb2dPolyline
 66
     1
  10
0
  20
0
  30
0
  70
1
  0
VERTEX
  5
412
  100
AcDbEntity
  8
Layer 1
  62
0
  100
AcDb2dVertex
  10
5.88568
  20
12.48324
  30
0.00000
  42
-0.0742
  70
32
  0
VERTEX
  5
413
  100
AcDbEntity
  8
Layer 1
  62
0
  100
AcDb2dVertex
  10
5.88283
  20
12.49537
  30
0.00000
  42
-0.2758
  70
32
  0
VERTEX
  5
414
  100
AcDbEntity
  8
Layer 1
  62
0
  100
AcDb2dVertex
  10
5.88334
  20
12.49637
  30
0.00000
  42
-0.2757
  70
32
  0
VERTEX
  5
415
  100
AcDbEntity
  8
Layer 1
  62
0
  100
AcDb2dVertex
  10
5.88447
  20
12.49640
  30
0.00000
  70
32
  0
VERTEX
  5
416
  100
AcDbEntity
  8
Layer 1
  62
0
  100
AcDb2dVertex
  10
5.93366
  20
12.43889
  30
0.00000
  42
-0.0891
  70
32
  0
VERTEX
  5
417
  100
AcDbEntity
  8
Layer 1
  62
0
  100
AcDb2dVertex
  10
5.94262
  20
12.42394
  30
0.00000
  42
-0.4369
  70
32
  0
VERTEX
  5
418
  100
AcDbEntity
  8
Layer 1
  62
0
  100
AcDb2dVertex
  10
5.94221
  20
12.42337
  30
0.00000
  42
-0.1716
  70
32
  0
VERTEX
  5
419
  100
AcDbEntity
  8
Layer 1
  62
0
  100
AcDb2dVertex
  10
5.94070
  20
12.42370
  30
0.00000
  42
-0.0202
  70
32
  0
VERTEX
  5
41A
  100
AcDbEntity
  8
Layer 1
  62
0
  100
AcDb2dVertex
  10
5.93231
  20
12.43077
  30
0.00000
  42
-0.1086
  70
32
  0
VERTEX
  5
41B
  100
AcDbEntity
  8
Layer 1
  62
0
  100
AcDb2dVertex
  10
5.88568
  20
12.48324
  30
0.00000
  70
32
  0
SEQEND
  5
41C
  100
AcDbEntity
  8
Layer 1
  62
0
  0
POLYLINE
  5
41D
  100
AcDbEntity
  8
Layer 1
  62
0
  100
AcDb2dPolyline
 66
     1
  10
0
  20
0
  30
0
  70
1
  0
VERTEX
  5
41E
  100
AcDbEntity
  8
Layer 1
  62
0
  100
AcDb2dVertex
  10
6.21317
  20
12.43977
  30
0.00000
  42
-0.0518
  70
32
  0
VERTEX
  5
41F
  100
AcDbEntity
  8
Layer 1
  62
0
  100
AcDb2dVertex
  10
6.22926
  20
12.41851
  30
0.00000
  70
32
  0
VERTEX
  5
420
  100
AcDbEntity
  8
Layer 1
  62
0
  100
AcDb2dVertex
  10
6.23007
  20
12.41735
  30
0.00000
  42
-0.5359
  70
32
  0
VERTEX
  5
421
  100
AcDbEntity
  8
Layer 1
  62
0
  100
AcDb2dVertex
  10
6.22942
  20
12.41286
  30
0.00000
  42
-0.1223
  70
32
  0
VERTEX
  5
422
  100
AcDbEntity
  8
Layer 1
  62
0
  100
AcDb2dVertex
  10
6.22623
  20
12.41328
  30
0.00000
  42
-0.2252
  70
32
  0
VERTEX
  5
423
  100
AcDbEntity
  8
Layer 1
  62
0
  100
AcDb2dVertex
  10
6.20486
  20
12.43990
  30
0.00000
  42
-0.4268
  70
32
  0
VERTEX
  5
424
  100
AcDbEntity
  8
Layer 1
  62
0
  100
AcDb2dVertex
  10
6.20751
  20
12.44218
  30
0.00000
  42
-0.1297
  70
32
  0
VERTEX
  5
425
  100
AcDbEntity
  8
Layer 1
  62
0
  100
AcDb2dVertex
  10
6.21317
  20
12.43977
  30
0.00000
  70
32
  0
SEQEND
  5
426
  100
AcDbEntity
  8
Layer 1
  62
0
  0
POLYLINE
  5
427
  100
AcDbEntity
  8
Layer 1
  62
0
  100
AcDb2dPolyline
 66
     1
  10
0
  20
0
  30
0
  70
1
  0
VERTEX
  5
428
  100
AcDbEntity
  8
Layer 1
  62
0
  100
AcDb2dVertex
  10
5.95209
  20
12.41622
  30
0.00000
  42
-0.2943
  70
32
  0
VERTEX
  5
429
  100
AcDbEntity
  8
Layer 1
  62
0
  100
AcDb2dVertex
  10
5.95226
  20
12.41742
  30
0.00000
  42
-0.2939
  70
32
  0
VERTEX
  5
42A
  100
AcDbEntity
  8
Layer 1
  62
0
  100
AcDb2dVertex
  10
5.95342
  20
12.41776
  30
0.00000
  42
-0.0538
  70
32
  0
VERTEX
  5
42B
  100
AcDbEntity
  8
Layer 1
  62
0
  100
AcDb2dVertex
  10
5.95804
  20
12.41325
  30
0.00000
  42
-0.0235
  70
32
  0
VERTEX
  5
42C
  100
AcDbEntity
  8
Layer 1
  62
0
  100
AcDb2dVertex
  10
6.03100
  20
12.32971
  30
0.00000
  70
32
  0
VERTEX
  5
42D
  100
AcDbEntity
  8
Layer 1
  62
0
  100
AcDb2dVertex
  10
6.03108
  20
12.32921
  30
0.00000
  70
32
  0
VERTEX
  5
42E
  100
AcDbEntity
  8
Layer 1
  62
0
  100
AcDb2dVertex
  10
6.03065
  20
12.32895
  30
0.00000
  42
-0.0522
  70
32
  0
VERTEX
  5
42F
  100
AcDbEntity
  8
Layer 1
  62
0
  100
AcDb2dVertex
  10
5.97692
  20
12.37757
  30
0.00000
  42
-0.0923
  70
32
  0
VERTEX
  5
430
  100
AcDbEntity
  8
Layer 1
  62
0
  100
AcDb2dVertex
  10
5.95209
  20
12.41622
  30
0.00000
  70
32
  0
SEQEND
  5
431
  100
AcDbEntity
  8
Layer 1
  62
0
  0
POLYLINE
  5
432
  100
AcDbEntity
  8
Layer 1
  62
0
  100
AcDb2dPolyline
 66
     1
  10
0
  20
0
  30
0
  70
1
  0
VERTEX
  5
433
  100
AcDbEntity
  8
Layer 1
  62
0
  100
AcDb2dVertex
  10
5.56581
  20
13.00448
  30
0.00000
  42
-0.0758
  70
32
  0
VERTEX
  5
434
  100
AcDbEntity
  8
Layer 1
  62
0
  100
AcDb2dVertex
  10
5.53814
  20
13.02213
  30
0.00000
  42
-0.3444
  70
32
  0
VERTEX
  5
435
  100
AcDbEntity
  8
Layer 1
  62
0
  100
AcDb2dVertex
  10
5.53980
  20
13.04150
  30
0.00000
  42
-0.5387
  70
32
  0
VERTEX
  5
436
  100
AcDbEntity
  8
Layer 1
  62
0
  100
AcDb2dVertex
  10
5.54776
  20
13.04416
  30
0.00000
  42
-0.0312
  70
32
  0
VERTEX
  5
437
  100
AcDbEntity
  8
Layer 1
  62
0
  100
AcDb2dVertex
  10
5.80136
  20
12.83008
  30
0.00000
  42
-0.0342
  70
32
  0
VERTEX
  5
438
  100
AcDbEntity
  8
Layer 1
  62
0
  100
AcDb2dVertex
  10
6.20993
  20
12.37484
  30
0.00000
  70
32
  0
VERTEX
  5
439
  100
AcDbEntity
  8
Layer 1
  62
0
  100
AcDb2dVertex
  10
6.28357
  20
12.27935
  30
0.00000
  42
-0.0172
  70
32
  0
VERTEX
  5
43A
  100
AcDbEntity
  8
Layer 1
  62
0
  100
AcDb2dVertex
  10
6.15056
  20
12.43050
  30
0.00000
  42
0.0332
  70
32
  0
VERTEX
  5
43B
  100
AcDbEntity
  8
Layer 1
  62
0
  100
AcDb2dVertex
  10
5.92681
  20
12.67496
  30
0.00000
  42
0.0439
  70
32
  0
VERTEX
  5
43C
  100
AcDbEntity
  8
Layer 1
  62
0
  100
AcDb2dVertex
  10
5.70184
  20
12.89495
  30
0.00000
  42
0.0120
  70
32
  0
VERTEX
  5
43D
  100
AcDbEntity
  8
Layer 1
  62
0
  100
AcDb2dVertex
  10
5.56581
  20
13.00448
  30
0.00000
  70
32
  0
SEQEND
  5
43E
  100
AcDbEntity
  8
Layer 1
  62
0
  0
POLYLINE
  5
43F
  100
AcDbEntity
  8
Layer 1
  62
0
  100
AcDb2dPolyline
 66
     1
  10
0
  20
0
  30
0
  70
1
  0
VERTEX
  5
440
  100
AcDbEntity
  8
Layer 1
  62
0
  100
AcDb2dVertex
  10
6.32755
  20
12.23068
  30
0.00000
  42
-0.1537
  70
32
  0
VERTEX
  5
441
  100
AcDbEntity
  8
Layer 1
  62
0
  100
AcDb2dVertex
  10
6.32799
  20
12.22511
  30
0.00000
  42
-0.2650
  70
32
  0
VERTEX
  5
442
  100
AcDbEntity
  8
Layer 1
  62
0
  100
AcDb2dVertex
  10
6.32661
  20
12.22370
  30
0.00000
  42
-0.1508
  70
32
  0
VERTEX
  5
443
  100
AcDbEntity
  8
Layer 1
  62
0
  100
AcDb2dVertex
  10
6.32421
  20
12.22400
  30
0.00000
  42
-0.1484
  70
32
  0
VERTEX
  5
444
  100
AcDbEntity
  8
Layer 1
  62
0
  100
AcDb2dVertex
  10
6.31343
  20
12.23607
  30
0.00000
  42
0.1114
  70
32
  0
VERTEX
  5
445
  100
AcDbEntity
  8
Layer 1
  62
0
  100
AcDb2dVertex
  10
6.30358
  20
12.24906
  30
0.00000
  70
32
  0
VERTEX
  5
446
  100
AcDbEntity
  8
Layer 1
  62
0
  100
AcDb2dVertex
  10
6.30255
  20
12.25015
  30
0.00000
  42
-0.4830
  70
32
  0
VERTEX
  5
447
  100
AcDbEntity
  8
Layer 1
  62
0
  100
AcDb2dVertex
  10
6.30336
  20
12.25322
  30
0.00000
  42
-0.1716
  70
32
  0
VERTEX
  5
448
  100
AcDbEntity
  8
Layer 1
  62
0
  100
AcDb2dVertex
  10
6.30832
  20
12.25334
  30
0.00000
  42
-0.2244
  70
32
  0
VERTEX
  5
449
  100
AcDbEntity
  8
Layer 1
  62
0
  100
AcDb2dVertex
  10
6.32755
  20
12.23068
  30
0.00000
  70
32
  0
SEQEND
  5
44A
  100
AcDbEntity
  8
Layer 1
  62
0
  0
POLYLINE
  5
44B
  100
AcDbEntity
  8
Layer 1
  62
0
  100
AcDb2dPolyline
 66
     1
  10
0
  20
0
  30
0
  70
1
  0
VERTEX
  5
44C
  100
AcDbEntity
  8
Layer 1
  62
0
  100
AcDb2dVertex
  10
6.13908
  20
12.30905
  30
0.00000
  70
32
  0
VERTEX
  5
44D
  100
AcDbEntity
  8
Layer 1
  62
0
  100
AcDb2dVertex
  10
6.13928
  20
12.30940
  30
0.00000
  70
32
  0
VERTEX
  5
44E
  100
AcDbEntity
  8
Layer 1
  62
0
  100
AcDb2dVertex
  10
6.14002
  20
12.30929
  30
0.00000
  42
-0.0611
  70
32
  0
VERTEX
  5
44F
  100
AcDbEntity
  8
Layer 1
  62
0
  100
AcDb2dVertex
  10
6.14286
  20
12.30698
  30
0.00000
  70
32
  0
VERTEX
  5
450
  100
AcDbEntity
  8
Layer 1
  62
0
  100
AcDb2dVertex
  10
6.16277
  20
12.28574
  30
0.00000
  42
-0.0773
  70
32
  0
VERTEX
  5
451
  100
AcDbEntity
  8
Layer 1
  62
0
  100
AcDb2dVertex
  10
6.22343
  20
12.21010
  30
0.00000
  42
-0.1529
  70
32
  0
VERTEX
  5
452
  100
AcDbEntity
  8
Layer 1
  62
0
  100
AcDb2dVertex
  10
6.22398
  20
12.20772
  30
0.00000
  70
32
  0
VERTEX
  5
453
  100
AcDbEntity
  8
Layer 1
  62
0
  100
AcDb2dVertex
  10
6.22347
  20
12.20731
  30
0.00000
  70
32
  0
VERTEX
  5
454
  100
AcDbEntity
  8
Layer 1
  62
0
  100
AcDb2dVertex
  10
6.22286
  20
12.20756
  30
0.00000
  42
-0.0122
  70
32
  0
VERTEX
  5
455
  100
AcDbEntity
  8
Layer 1
  62
0
  100
AcDb2dVertex
  10
6.15793
  20
12.28025
  30
0.00000
  42
-0.0569
  70
32
  0
VERTEX
  5
456
  100
AcDbEntity
  8
Layer 1
  62
0
  100
AcDb2dVertex
  10
6.13908
  20
12.30905
  30
0.00000
  70
32
  0
SEQEND
  5
457
  100
AcDbEntity
  8
Layer 1
  62
0
  0
POLYLINE
  5
458
  100
AcDbEntity
  8
Layer 1
  62
0
  100
AcDb2dPolyline
 66
     1
  10
0
  20
0
  30
0
  70
1
  0
VERTEX
  5
459
  100
AcDbEntity
  8
Layer 1
  62
0
  100
AcDb2dVertex
  10
6.04176
  20
12.17827
  30
0.00000
  42
-0.0158
  70
32
  0
VERTEX
  5
45A
  100
AcDbEntity
  8
Layer 1
  62
0
  100
AcDb2dVertex
  10
6.05117
  20
12.16493
  30
0.00000
  42
-0.1616
  70
32
  0
VERTEX
  5
45B
  100
AcDbEntity
  8
Layer 1
  62
0
  100
AcDb2dVertex
  10
6.05179
  20
12.16298
  30
0.00000
  70
32
  0
VERTEX
  5
45C
  100
AcDbEntity
  8
Layer 1
  62
0
  100
AcDb2dVertex
  10
6.05171
  20
12.16245
  30
0.00000
  70
32
  0
VERTEX
  5
45D
  100
AcDbEntity
  8
Layer 1
  62
0
  100
AcDb2dVertex
  10
6.05158
  20
12.16241
  30
0.00000
  42
-0.0331
  70
32
  0
VERTEX
  5
45E
  100
AcDbEntity
  8
Layer 1
  62
0
  100
AcDb2dVertex
  10
6.03999
  20
12.17553
  30
0.00000
  42
-0.1755
  70
32
  0
VERTEX
  5
45F
  100
AcDbEntity
  8
Layer 1
  62
0
  100
AcDb2dVertex
  10
6.03923
  20
12.17784
  30
0.00000
  42
-0.5423
  70
32
  0
VERTEX
  5
460
  100
AcDbEntity
  8
Layer 1
  62
0
  100
AcDb2dVertex
  10
6.04092
  20
12.17890
  30
0.00000
  70
32
  0
VERTEX
  5
461
  100
AcDbEntity
  8
Layer 1
  62
0
  100
AcDb2dVertex
  10
6.04176
  20
12.17827
  30
0.00000
  70
32
  0
SEQEND
  5
462
  100
AcDbEntity
  8
Layer 1
  62
0
  0
POLYLINE
  5
463
  100
AcDbEntity
  8
Layer 1
  62
0
  100
AcDb2dPolyline
 66
     1
  10
0
  20
0
  30
0
  70
1
  0
VERTEX
  5
464
  100
AcDbEntity
  8
Layer 1
  62
0
  100
AcDb2dVertex
  10
8.20512
  20
11.63325
  30
0.00000
  42
-0.3053
  70
32
  0
VERTEX
  5
465
  100
AcDbEntity
  8
Layer 1
  62
0
  100
AcDb2dVertex
  10
8.23015
  20
11.64791
  30
0.00000
  42
-0.5340
  70
32
  0
VERTEX
  5
466
  100
AcDbEntity
  8
Layer 1
  62
0
  100
AcDb2dVertex
  10
8.23081
  20
11.64360
  30
0.00000
  42
-0.0753
  70
32
  0
VERTEX
  5
467
  100
AcDbEntity
  8
Layer 1
  62
0
  100
AcDb2dVertex
  10
8.22111
  20
11.63438
  30
0.00000
  42
-0.0603
  70
32
  0
VERTEX
  5
468
  100
AcDbEntity
  8
Layer 1
  62
0
  100
AcDb2dVertex
  10
8.20587
  20
11.62673
  30
0.00000
  42
-0.1184
  70
32
  0
VERTEX
  5
469
  100
AcDbEntity
  8
Layer 1
  62
0
  100
AcDb2dVertex
  10
8.20279
  20
11.62636
  30
0.00000
  42
-0.4052
  70
32
  0
VERTEX
  5
46A
  100
AcDbEntity
  8
Layer 1
  62
0
  100
AcDb2dVertex
  10
8.20176
  20
11.62767
  30
0.00000
  70
32
  0
VERTEX
  5
46B
  100
AcDbEntity
  8
Layer 1
  62
0
  100
AcDb2dVertex
  10
8.20221
  20
11.62890
  30
0.00000
  70
32
  0
VERTEX
  5
46C
  100
AcDbEntity
  8
Layer 1
  62
0
  100
AcDb2dVertex
  10
8.20512
  20
11.63325
  30
0.00000
  70
32
  0
SEQEND
  5
46D
  100
AcDbEntity
  8
Layer 1
  62
0
  0
POLYLINE
  5
46E
  100
AcDbEntity
  8
Layer 1
  62
0
  100
AcDb2dPolyline
 66
     1
  10
0
  20
0
  30
0
  70
1
  0
VERTEX
  5
46F
  100
AcDbEntity
  8
Layer 1
  62
0
  100
AcDb2dVertex
  10
8.58263
  20
11.22184
  30
0.00000
  42
-0.3199
  70
32
  0
VERTEX
  5
470
  100
AcDbEntity
  8
Layer 1
  62
0
  100
AcDb2dVertex
  10
8.54313
  20
11.19045
  30
0.00000
  42
-0.1447
  70
32
  0
VERTEX
  5
471
  100
AcDbEntity
  8
Layer 1
  62
0
  100
AcDb2dVertex
  10
8.54069
  20
11.19101
  30
0.00000
  42
-0.4180
  70
32
  0
VERTEX
  5
472
  100
AcDbEntity
  8
Layer 1
  62
0
  100
AcDb2dVertex
  10
8.54071
  20
11.19275
  30
0.00000
  42
0.0449
  70
32
  0
VERTEX
  5
473
  100
AcDbEntity
  8
Layer 1
  62
0
  100
AcDb2dVertex
  10
8.57989
  20
11.23304
  30
0.00000
  42
-0.1041
  70
32
  0
VERTEX
  5
474
  100
AcDbEntity
  8
Layer 1
  62
0
  100
AcDb2dVertex
  10
8.58521
  20
11.23824
  30
0.00000
  42
-0.3816
  70
32
  0
VERTEX
  5
475
  100
AcDbEntity
  8
Layer 1
  62
0
  100
AcDb2dVertex
  10
8.58666
  20
11.23780
  30
0.00000
  42
-0.1891
  70
32
  0
VERTEX
  5
476
  100
AcDbEntity
  8
Layer 1
  62
0
  100
AcDb2dVertex
  10
8.58712
  20
11.23505
  30
0.00000
  42
-0.0289
  70
32
  0
VERTEX
  5
477
  100
AcDbEntity
  8
Layer 1
  62
0
  100
AcDb2dVertex
  10
8.58263
  20
11.22184
  30
0.00000
  70
32
  0
SEQEND
  5
478
  100
AcDbEntity
  8
Layer 1
  62
0
  0
POLYLINE
  5
479
  100
AcDbEntity
  8
Layer 1
  62
0
  100
AcDb2dPolyline
 66
     1
  10
0
  20
0
  30
0
  70
1
  0
VERTEX
  5
47A
  100
AcDbEntity
  8
Layer 1
  62
0
  100
AcDb2dVertex
  10
8.17981
  20
10.51934
  30
0.00000
  42
0.4089
  70
32
  0
VERTEX
  5
47B
  100
AcDbEntity
  8
Layer 1
  62
0
  100
AcDb2dVertex
  10
8.16109
  20
10.49414
  30
0.00000
  42
0.2948
  70
32
  0
VERTEX
  5
47C
  100
AcDbEntity
  8
Layer 1
  62
0
  100
AcDb2dVertex
  10
8.16253
  20
10.48792
  30
0.00000
  70
32
  0
VERTEX
  5
47D
  100
AcDbEntity
  8
Layer 1
  62
0
  100
AcDb2dVertex
  10
8.16383
  20
10.48755
  30
0.00000
  42
-0.0536
  70
32
  0
VERTEX
  5
47E
  100
AcDbEntity
  8
Layer 1
  62
0
  100
AcDb2dVertex
  10
8.17490
  20
10.48542
  30
0.00000
  70
32
  0
VERTEX
  5
47F
  100
AcDbEntity
  8
Layer 1
  62
0
  100
AcDb2dVertex
  10
8.19053
  20
10.47724
  30
0.00000
  42
0.3222
  70
32
  0
VERTEX
  5
480
  100
AcDbEntity
  8
Layer 1
  62
0
  100
AcDb2dVertex
  10
8.19608
  20
10.47783
  30
0.00000
  42
0.3222
  70
32
  0
VERTEX
  5
481
  100
AcDbEntity
  8
Layer 1
  62
0
  100
AcDb2dVertex
  10
8.19729
  20
10.48327
  30
0.00000
  42
-0.0860
  70
32
  0
VERTEX
  5
482
  100
AcDbEntity
  8
Layer 1
  62
0
  100
AcDb2dVertex
  10
8.18925
  20
10.51518
  30
0.00000
  42
0.2039
  70
32
  0
VERTEX
  5
483
  100
AcDbEntity
  8
Layer 1
  62
0
  100
AcDb2dVertex
  10
8.18695
  20
10.51914
  30
0.00000
  42
0.2042
  70
32
  0
VERTEX
  5
484
  100
AcDbEntity
  8
Layer 1
  62
0
  100
AcDb2dVertex
  10
8.17981
  20
10.51934
  30
0.00000
  70
32
  0
SEQEND
  5
485
  100
AcDbEntity
  8
Layer 1
  62
0
  0
POLYLINE
  5
486
  100
AcDbEntity
  8
Layer 1
  62
0
  100
AcDb2dPolyline
 66
     1
  10
0
  20
0
  30
0
  70
1
  0
VERTEX
  5
487
  100
AcDbEntity
  8
Layer 1
  62
0
  100
AcDb2dVertex
  10
8.23615
  20
10.48557
  30
0.00000
  42
0.1561
  70
32
  0
VERTEX
  5
488
  100
AcDbEntity
  8
Layer 1
  62
0
  100
AcDb2dVertex
  10
8.25091
  20
10.47638
  30
0.00000
  42
0.4942
  70
32
  0
VERTEX
  5
489
  100
AcDbEntity
  8
Layer 1
  62
0
  100
AcDb2dVertex
  10
8.25516
  20
10.47895
  30
0.00000
  42
0.0667
  70
32
  0
VERTEX
  5
48A
  100
AcDbEntity
  8
Layer 1
  62
0
  100
AcDb2dVertex
  10
8.25454
  20
10.48574
  30
0.00000
  42
0.1433
  70
32
  0
VERTEX
  5
48B
  100
AcDbEntity
  8
Layer 1
  62
0
  100
AcDb2dVertex
  10
8.23522
  20
10.53785
  30
0.00000
  42
0.0477
  70
32
  0
VERTEX
  5
48C
  100
AcDbEntity
  8
Layer 1
  62
0
  100
AcDb2dVertex
  10
8.22794
  20
10.54452
  30
0.00000
  42
0.1207
  70
32
  0
VERTEX
  5
48D
  100
AcDbEntity
  8
Layer 1
  62
0
  100
AcDb2dVertex
  10
8.22535
  20
10.54542
  30
0.00000
  42
0.2652
  70
32
  0
VERTEX
  5
48E
  100
AcDbEntity
  8
Layer 1
  62
0
  100
AcDb2dVertex
  10
8.22415
  20
10.54487
  30
0.00000
  42
0.1531
  70
32
  0
VERTEX
  5
48F
  100
AcDbEntity
  8
Layer 1
  62
0
  100
AcDb2dVertex
  10
8.22355
  20
10.54225
  30
0.00000
  42
0.0174
  70
32
  0
VERTEX
  5
490
  100
AcDbEntity
  8
Layer 1
  62
0
  100
AcDb2dVertex
  10
8.22450
  20
10.52992
  30
0.00000
  42
0.1410
  70
32
  0
VERTEX
  5
491
  100
AcDbEntity
  8
Layer 1
  62
0
  100
AcDb2dVertex
  10
8.23615
  20
10.48557
  30
0.00000
  70
32
  0
SEQEND
  5
492
  100
AcDbEntity
  8
Layer 1
  62
0
  0
POLYLINE
  5
493
  100
AcDbEntity
  8
Layer 1
  62
0
  100
AcDb2dPolyline
 66
     1
  10
0
  20
0
  30
0
  70
1
  0
VERTEX
  5
494
  100
AcDbEntity
  8
Layer 1
  62
0
  100
AcDb2dVertex
  10
8.19711
  20
10.61667
  30
0.00000
  42
0.1769
  70
32
  0
VERTEX
  5
495
  100
AcDbEntity
  8
Layer 1
  62
0
  100
AcDb2dVertex
  10
8.23445
  20
10.62727
  30
0.00000
  42
0.1584
  70
32
  0
VERTEX
  5
496
  100
AcDbEntity
  8
Layer 1
  62
0
  100
AcDb2dVertex
  10
8.23687
  20
10.63123
  30
0.00000
  42
0.1524
  70
32
  0
VERTEX
  5
497
  100
AcDbEntity
  8
Layer 1
  62
0
  100
AcDb2dVertex
  10
8.23617
  20
10.63344
  30
0.00000
  70
32
  0
VERTEX
  5
498
  100
AcDbEntity
  8
Layer 1
  62
0
  100
AcDb2dVertex
  10
8.23161
  20
10.64071
  30
0.00000
  42
0.4100
  70
32
  0
VERTEX
  5
499
  100
AcDbEntity
  8
Layer 1
  62
0
  100
AcDb2dVertex
  10
8.22881
  20
10.64140
  30
0.00000
  42
0.0548
  70
32
  0
VERTEX
  5
49A
  100
AcDbEntity
  8
Layer 1
  62
0
  100
AcDb2dVertex
  10
8.22580
  20
10.63839
  30
0.00000
  42
-0.1270
  70
32
  0
VERTEX
  5
49B
  100
AcDbEntity
  8
Layer 1
  62
0
  100
AcDb2dVertex
  10
8.21073
  20
10.62954
  30
0.00000
  42
0.0508
  70
32
  0
VERTEX
  5
49C
  100
AcDbEntity
  8
Layer 1
  62
0
  100
AcDb2dVertex
  10
8.19193
  20
10.62273
  30
0.00000
  70
32
  0
VERTEX
  5
49D
  100
AcDbEntity
  8
Layer 1
  62
0
  100
AcDb2dVertex
  10
8.18799
  20
10.62006
  30
0.00000
  42
0.2847
  70
32
  0
VERTEX
  5
49E
  100
AcDbEntity
  8
Layer 1
  62
0
  100
AcDb2dVertex
  10
8.18801
  20
10.61756
  30
0.00000
  42
0.2848
  70
32
  0
VERTEX
  5
49F
  100
AcDbEntity
  8
Layer 1
  62
0
  100
AcDb2dVertex
  10
8.19026
  20
10.61647
  30
0.00000
  42
0.0597
  70
32
  0
VERTEX
  5
4A0
  100
AcDbEntity
  8
Layer 1
  62
0
  100
AcDb2dVertex
  10
8.19711
  20
10.61667
  30
0.00000
  70
32
  0
SEQEND
  5
4A1
  100
AcDbEntity
  8
Layer 1
  62
0
  0
POLYLINE
  5
4A2
  100
AcDbEntity
  8
Layer 1
  62
0
  100
AcDb2dPolyline
 66
     1
  10
0
  20
0
  30
0
  70
1
  0
VERTEX
  5
4A3
  100
AcDbEntity
  8
Layer 1
  62
0
  100
AcDb2dVertex
  10
8.11711
  20
10.51887
  30
0.00000
  42
-0.1250
  70
32
  0
VERTEX
  5
4A4
  100
AcDbEntity
  8
Layer 1
  62
0
  100
AcDb2dVertex
  10
8.16323
  20
10.55052
  30
0.00000
  42
0.0691
  70
32
  0
VERTEX
  5
4A5
  100
AcDbEntity
  8
Layer 1
  62
0
  100
AcDb2dVertex
  10
8.16866
  20
10.55340
  30
0.00000
  42
0.4203
  70
32
  0
VERTEX
  5
4A6
  100
AcDbEntity
  8
Layer 1
  62
0
  100
AcDb2dVertex
  10
8.16771
  20
10.55754
  30
0.00000
  70
32
  0
VERTEX
  5
4A7
  100
AcDbEntity
  8
Layer 1
  62
0
  100
AcDb2dVertex
  10
8.16102
  20
10.56273
  30
0.00000
  42
-0.2749
  70
32
  0
VERTEX
  5
4A8
  100
AcDbEntity
  8
Layer 1
  62
0
  100
AcDb2dVertex
  10
8.15392
  20
10.57635
  30
0.00000
  42
0.0674
  70
32
  0
VERTEX
  5
4A9
  100
AcDbEntity
  8
Layer 1
  62
0
  100
AcDb2dVertex
  10
8.15359
  20
10.57957
  30
0.00000
  42
0.2974
  70
32
  0
VERTEX
  5
4AA
  100
AcDbEntity
  8
Layer 1
  62
0
  100
AcDb2dVertex
  10
8.15069
  20
10.58163
  30
0.00000
  42
0.2040
  70
32
  0
VERTEX
  5
4AB
  100
AcDbEntity
  8
Layer 1
  62
0
  100
AcDb2dVertex
  10
8.08849
  20
10.55796
  30
0.00000
  42
-0.1426
  70
32
  0
VERTEX
  5
4AC
  100
AcDbEntity
  8
Layer 1
  62
0
  100
AcDb2dVertex
  10
8.03346
  20
10.52653
  30
0.00000
  42
-0.1226
  70
32
  0
VERTEX
  5
4AD
  100
AcDbEntity
  8
Layer 1
  62
0
  100
AcDb2dVertex
  10
8.02784
  20
10.52621
  30
0.00000
  42
-0.3514
  70
32
  0
VERTEX
  5
4AE
  100
AcDbEntity
  8
Layer 1
  62
0
  100
AcDb2dVertex
  10
8.02665
  20
10.52765
  30
0.00000
  70
32
  0
VERTEX
  5
4AF
  100
AcDbEntity
  8
Layer 1
  62
0
  100
AcDb2dVertex
  10
8.02762
  20
10.53082
  30
0.00000
  42
-0.1223
  70
32
  0
VERTEX
  5
4B0
  100
AcDbEntity
  8
Layer 1
  62
0
  100
AcDb2dVertex
  10
8.08845
  20
10.60016
  30
0.00000
  42
-0.0713
  70
32
  0
VERTEX
  5
4B1
  100
AcDbEntity
  8
Layer 1
  62
0
  100
AcDb2dVertex
  10
8.22751
  20
10.66480
  30
0.00000
  42
-0.3012
  70
32
  0
VERTEX
  5
4B2
  100
AcDbEntity
  8
Layer 1
  62
0
  100
AcDb2dVertex
  10
8.24724
  20
10.66068
  30
0.00000
  42
-0.2833
  70
32
  0
VERTEX
  5
4B3
  100
AcDbEntity
  8
Layer 1
  62
0
  100
AcDb2dVertex
  10
8.25792
  20
10.60277
  30
0.00000
  42
-0.3200
  70
32
  0
VERTEX
  5
4B4
  100
AcDbEntity
  8
Layer 1
  62
0
  100
AcDb2dVertex
  10
8.25185
  20
10.59864
  30
0.00000
  42
0.1682
  70
32
  0
VERTEX
  5
4B5
  100
AcDbEntity
  8
Layer 1
  62
0
  100
AcDb2dVertex
  10
8.22094
  20
10.58965
  30
0.00000
  42
0.3248
  70
32
  0
VERTEX
  5
4B6
  100
AcDbEntity
  8
Layer 1
  62
0
  100
AcDb2dVertex
  10
8.22095
  20
10.58680
  30
0.00000
  42
0.2576
  70
32
  0
VERTEX
  5
4B7
  100
AcDbEntity
  8
Layer 1
  62
0
  100
AcDb2dVertex
  10
8.25239
  20
10.58026
  30
0.00000
  42
-0.0137
  70
32
  0
VERTEX
  5
4B8
  100
AcDbEntity
  8
Layer 1
  62
0
  100
AcDb2dVertex
  10
8.28140
  20
10.58717
  30
0.00000
  42
-0.1568
  70
32
  0
VERTEX
  5
4B9
  100
AcDbEntity
  8
Layer 1
  62
0
  100
AcDb2dVertex
  10
8.28440
  20
10.58644
  30
0.00000
  42
-0.5149
  70
32
  0
VERTEX
  5
4BA
  100
AcDbEntity
  8
Layer 1
  62
0
  100
AcDb2dVertex
  10
8.27201
  20
10.55235
  30
0.00000
  42
0.0668
  70
32
  0
VERTEX
  5
4BB
  100
AcDbEntity
  8
Layer 1
  62
0
  100
AcDb2dVertex
  10
8.26522
  20
10.54825
  30
0.00000
  42
0.2700
  70
32
  0
VERTEX
  5
4BC
  100
AcDbEntity
  8
Layer 1
  62
0
  100
AcDb2dVertex
  10
8.26410
  20
10.54323
  30
0.00000
  42
0.0315
  70
32
  0
VERTEX
  5
4BD
  100
AcDbEntity
  8
Layer 1
  62
0
  100
AcDb2dVertex
  10
8.29332
  20
10.46650
  30
0.00000
  42
-0.1068
  70
32
  0
VERTEX
  5
4BE
  100
AcDbEntity
  8
Layer 1
  62
0
  100
AcDb2dVertex
  10
8.29487
  20
10.46062
  30
0.00000
  42
-0.3873
  70
32
  0
VERTEX
  5
4BF
  100
AcDbEntity
  8
Layer 1
  62
0
  100
AcDb2dVertex
  10
8.29061
  20
10.45691
  30
0.00000
  70
32
  0
VERTEX
  5
4C0
  100
AcDbEntity
  8
Layer 1
  62
0
  100
AcDb2dVertex
  10
8.26915
  20
10.45381
  30
0.00000
  70
32
  0
VERTEX
  5
4C1
  100
AcDbEntity
  8
Layer 1
  62
0
  100
AcDb2dVertex
  10
8.25527
  20
10.45184
  30
0.00000
  42
-0.1390
  70
32
  0
VERTEX
  5
4C2
  100
AcDbEntity
  8
Layer 1
  62
0
  100
AcDb2dVertex
  10
8.11803
  20
10.46270
  30
0.00000
  42
-0.2561
  70
32
  0
VERTEX
  5
4C3
  100
AcDbEntity
  8
Layer 1
  62
0
  100
AcDb2dVertex
  10
8.11537
  20
10.46675
  30
0.00000
  42
-0.1196
  70
32
  0
VERTEX
  5
4C4
  100
AcDbEntity
  8
Layer 1
  62
0
  100
AcDb2dVertex
  10
8.11956
  20
10.48500
  30
0.00000
  42
0.5612
  70
32
  0
VERTEX
  5
4C5
  100
AcDbEntity
  8
Layer 1
  62
0
  100
AcDb2dVertex
  10
8.11668
  20
10.49935
  30
0.00000
  42
-0.3720
  70
32
  0
VERTEX
  5
4C6
  100
AcDbEntity
  8
Layer 1
  62
0
  100
AcDb2dVertex
  10
8.11077
  20
10.50642
  30
0.00000
  42
-0.0638
  70
32
  0
VERTEX
  5
4C7
  100
AcDbEntity
  8
Layer 1
  62
0
  100
AcDb2dVertex
  10
8.11711
  20
10.51887
  30
0.00000
  70
32
  0
SEQEND
  5
4C8
  100
AcDbEntity
  8
Layer 1
  62
0
  0
POLYLINE
  5
4C9
  100
AcDbEntity
  8
Layer 1
  62
0
  100
AcDb2dPolyline
 66
     1
  10
0
  20
0
  30
0
  70
1
  0
VERTEX
  5
4CA
  100
AcDbEntity
  8
Layer 1
  62
0
  100
AcDb2dVertex
  10
6.88850
  20
9.62157
  30
0.00000
  42
-0.0479
  70
32
  0
VERTEX
  5
4CB
  100
AcDbEntity
  8
Layer 1
  62
0
  100
AcDb2dVertex
  10
6.88292
  20
9.61904
  30
0.00000
  42
-0.3423
  70
32
  0
VERTEX
  5
4CC
  100
AcDbEntity
  8
Layer 1
  62
0
  100
AcDb2dVertex
  10
6.87945
  20
9.62190
  30
0.00000
  42
-0.3423
  70
32
  0
VERTEX
  5
4CD
  100
AcDbEntity
  8
Layer 1
  62
0
  100
AcDb2dVertex
  10
6.88135
  20
9.62598
  30
0.00000
  42
-0.0783
  70
32
  0
VERTEX
  5
4CE
  100
AcDbEntity
  8
Layer 1
  62
0
  100
AcDb2dVertex
  10
6.88825
  20
9.63034
  30
0.00000
  42
-0.0755
  70
32
  0
VERTEX
  5
4CF
  100
AcDbEntity
  8
Layer 1
  62
0
  100
AcDb2dVertex
  10
6.92783
  20
9.63997
  30
0.00000
  42
-0.2805
  70
32
  0
VERTEX
  5
4D0
  100
AcDbEntity
  8
Layer 1
  62
0
  100
AcDb2dVertex
  10
6.92875
  20
9.63932
  30
0.00000
  42
-0.2805
  70
32
  0
VERTEX
  5
4D1
  100
AcDbEntity
  8
Layer 1
  62
0
  100
AcDb2dVertex
  10
6.92858
  20
9.63820
  30
0.00000
  42
-0.1000
  70
32
  0
VERTEX
  5
4D2
  100
AcDbEntity
  8
Layer 1
  62
0
  100
AcDb2dVertex
  10
6.92618
  20
9.63608
  30
0.00000
  42
-0.0278
  70
32
  0
VERTEX
  5
4D3
  100
AcDbEntity
  8
Layer 1
  62
0
  100
AcDb2dVertex
  10
6.88850
  20
9.62157
  30
0.00000
  70
32
  0
SEQEND
  5
4D4
  100
AcDbEntity
  8
Layer 1
  62
0
  0
POLYLINE
  5
4D5
  100
AcDbEntity
  8
Layer 1
  62
0
  100
AcDb2dPolyline
 66
     1
  10
0
  20
0
  30
0
  70
1
  0
VERTEX
  5
4D6
  100
AcDbEntity
  8
Layer 1
  62
0
  100
AcDb2dVertex
  10
7.21051
  20
9.02248
  30
0.00000
  42
-0.2000
  70
32
  0
VERTEX
  5
4D7
  100
AcDbEntity
  8
Layer 1
  62
0
  100
AcDb2dVertex
  10
7.19863
  20
9.02547
  30
0.00000
  42
-0.2405
  70
32
  0
VERTEX
  5
4D8
  100
AcDbEntity
  8
Layer 1
  62
0
  100
AcDb2dVertex
  10
7.19737
  20
9.02834
  30
0.00000
  70
32
  0
VERTEX
  5
4D9
  100
AcDbEntity
  8
Layer 1
  62
0
  100
AcDb2dVertex
  10
7.19856
  20
9.03232
  30
0.00000
  42
-0.2854
  70
32
  0
VERTEX
  5
4DA
  100
AcDbEntity
  8
Layer 1
  62
0
  100
AcDb2dVertex
  10
7.22702
  20
9.04868
  30
0.00000
  42
-0.0798
  70
32
  0
VERTEX
  5
4DB
  100
AcDbEntity
  8
Layer 1
  62
0
  100
AcDb2dVertex
  10
7.23937
  20
9.04838
  30
0.00000
  42
-0.2168
  70
32
  0
VERTEX
  5
4DC
  100
AcDbEntity
  8
Layer 1
  62
0
  100
AcDb2dVertex
  10
7.24120
  20
9.04691
  30
0.00000
  42
-0.1549
  70
32
  0
VERTEX
  5
4DD
  100
AcDbEntity
  8
Layer 1
  62
0
  100
AcDb2dVertex
  10
7.24130
  20
9.04434
  30
0.00000
  42
-0.3304
  70
32
  0
VERTEX
  5
4DE
  100
AcDbEntity
  8
Layer 1
  62
0
  100
AcDb2dVertex
  10
7.21051
  20
9.02248
  30
0.00000
  70
32
  0
SEQEND
  5
4DF
  100
AcDbEntity
  8
Layer 1
  62
0
  0
POLYLINE
  5
4E0
  100
AcDbEntity
  8
Layer 1
  62
0
  100
AcDb2dPolyline
 66
     1
  10
0
  20
0
  30
0
  70
1
  0
VERTEX
  5
4E1
  100
AcDbEntity
  8
Layer 1
  62
0
  100
AcDb2dVertex
  10
9.12425
  20
9.08376
  30
0.00000
  42
-0.4569
  70
32
  0
VERTEX
  5
4E2
  100
AcDbEntity
  8
Layer 1
  62
0
  100
AcDb2dVertex
  10
9.12417
  20
9.08549
  30
0.00000
  42
-0.2072
  70
32
  0
VERTEX
  5
4E3
  100
AcDbEntity
  8
Layer 1
  62
0
  100
AcDb2dVertex
  10
9.12656
  20
9.08582
  30
0.00000
  42
-0.0535
  70
32
  0
VERTEX
  5
4E4
  100
AcDbEntity
  8
Layer 1
  62
0
  100
AcDb2dVertex
  10
9.13616
  20
9.08225
  30
0.00000
  70
32
  0
VERTEX
  5
4E5
  100
AcDbEntity
  8
Layer 1
  62
0
  100
AcDb2dVertex
  10
9.14172
  20
9.07963
  30
0.00000
  42
-0.0662
  70
32
  0
VERTEX
  5
4E6
  100
AcDbEntity
  8
Layer 1
  62
0
  100
AcDb2dVertex
  10
9.23466
  20
9.00636
  30
0.00000
  70
32
  0
VERTEX
  5
4E7
  100
AcDbEntity
  8
Layer 1
  62
0
  100
AcDb2dVertex
  10
9.23468
  20
9.00595
  30
0.00000
  70
32
  0
VERTEX
  5
4E8
  100
AcDbEntity
  8
Layer 1
  62
0
  100
AcDb2dVertex
  10
9.23428
  20
9.00582
  30
0.00000
  42
-0.0221
  70
32
  0
VERTEX
  5
4E9
  100
AcDbEntity
  8
Layer 1
  62
0
  100
AcDb2dVertex
  10
9.12425
  20
9.08376
  30
0.00000
  70
32
  0
SEQEND
  5
4EA
  100
AcDbEntity
  8
Layer 1
  62
0
  0
POLYLINE
  5
4EB
  100
AcDbEntity
  8
Layer 1
  62
0
  100
AcDb2dPolyline
 66
     1
  10
0
  20
0
  30
0
  70
1
  0
VERTEX
  5
4EC
  100
AcDbEntity
  8
Layer 1
  62
0
  100
AcDb2dVertex
  10
6.91072
  20
8.70883
  30
0.00000
  42
-0.1557
  70
32
  0
VERTEX
  5
4ED
  100
AcDbEntity
  8
Layer 1
  62
0
  100
AcDb2dVertex
  10
6.82516
  20
8.90710
  30
0.00000
  42
-0.2251
  70
32
  0
VERTEX
  5
4EE
  100
AcDbEntity
  8
Layer 1
  62
0
  100
AcDb2dVertex
  10
6.82594
  20
8.91483
  30
0.00000
  42
-0.2005
  70
32
  0
VERTEX
  5
4EF
  100
AcDbEntity
  8
Layer 1
  62
0
  100
AcDb2dVertex
  10
6.83259
  20
8.91776
  30
0.00000
  42
0.1111
  70
32
  0
VERTEX
  5
4F0
  100
AcDbEntity
  8
Layer 1
  62
0
  100
AcDb2dVertex
  10
6.85048
  20
8.92174
  30
0.00000
  42
-0.4278
  70
32
  0
VERTEX
  5
4F1
  100
AcDbEntity
  8
Layer 1
  62
0
  100
AcDb2dVertex
  10
6.85332
  20
8.92088
  30
0.00000
  42
0.0226
  70
32
  0
VERTEX
  5
4F2
  100
AcDbEntity
  8
Layer 1
  62
0
  100
AcDb2dVertex
  10
6.91316
  20
8.70882
  30
0.00000
  42
-0.4069
  70
32
  0
VERTEX
  5
4F3
  100
AcDbEntity
  8
Layer 1
  62
0
  100
AcDb2dVertex
  10
6.91264
  20
8.70736
  30
0.00000
  70
32
  0
VERTEX
  5
4F4
  100
AcDbEntity
  8
Layer 1
  62
0
  100
AcDb2dVertex
  10
6.91072
  20
8.70883
  30
0.00000
  70
32
  0
SEQEND
  5
4F5
  100
AcDbEntity
  8
Layer 1
  62
0
  0
POLYLINE
  5
4F6
  100
AcDbEntity
  8
Layer 1
  62
0
  100
AcDb2dPolyline
 66
     1
  10
0
  20
0
  30
0
  70
1
  0
VERTEX
  5
4F7
  100
AcDbEntity
  8
Layer 1
  62
0
  100
AcDb2dVertex
  10
8.84452
  20
8.70473
  30
0.00000
  42
-0.0764
  70
32
  0
VERTEX
  5
4F8
  100
AcDbEntity
  8
Layer 1
  62
0
  100
AcDb2dVertex
  10
8.81997
  20
8.71362
  30
0.00000
  42
-0.1217
  70
32
  0
VERTEX
  5
4F9
  100
AcDbEntity
  8
Layer 1
  62
0
  100
AcDb2dVertex
  10
8.81711
  20
8.71566
  30
0.00000
  42
-0.4581
  70
32
  0
VERTEX
  5
4FA
  100
AcDbEntity
  8
Layer 1
  62
0
  100
AcDb2dVertex
  10
8.81828
  20
8.71888
  30
0.00000
  42
-0.1010
  70
32
  0
VERTEX
  5
4FB
  100
AcDbEntity
  8
Layer 1
  62
0
  100
AcDb2dVertex
  10
8.82231
  20
8.71981
  30
0.00000
  42
-0.0756
  70
32
  0
VERTEX
  5
4FC
  100
AcDbEntity
  8
Layer 1
  62
0
  100
AcDb2dVertex
  10
8.85218
  20
8.71109
  30
0.00000
  42
-0.4035
  70
32
  0
VERTEX
  5
4FD
  100
AcDbEntity
  8
Layer 1
  62
0
  100
AcDb2dVertex
  10
8.85306
  20
8.70864
  30
0.00000
  42
-0.2490
  70
32
  0
VERTEX
  5
4FE
  100
AcDbEntity
  8
Layer 1
  62
0
  100
AcDb2dVertex
  10
8.84452
  20
8.70473
  30
0.00000
  70
32
  0
SEQEND
  5
4FF
  100
AcDbEntity
  8
Layer 1
  62
0
  0
POLYLINE
  5
500
  100
AcDbEntity
  8
Layer 1
  62
0
  100
AcDb2dPolyline
 66
     1
  10
0
  20
0
  30
0
  70
1
  0
VERTEX
  5
501
  100
AcDbEntity
  8
Layer 1
  62
0
  100
AcDb2dVertex
  10
6.73199
  20
8.53469
  30
0.00000
  42
-0.3144
  70
32
  0
VERTEX
  5
502
  100
AcDbEntity
  8
Layer 1
  62
0
  100
AcDb2dVertex
  10
6.73180
  20
8.53373
  30
0.00000
  42
-0.3142
  70
32
  0
VERTEX
  5
503
  100
AcDbEntity
  8
Layer 1
  62
0
  100
AcDb2dVertex
  10
6.73084
  20
8.53356
  30
0.00000
  42
-0.0231
  70
32
  0
VERTEX
  5
504
  100
AcDbEntity
  8
Layer 1
  62
0
  100
AcDb2dVertex
  10
6.66453
  20
8.61260
  30
0.00000
  42
-0.1540
  70
32
  0
VERTEX
  5
505
  100
AcDbEntity
  8
Layer 1
  62
0
  100
AcDb2dVertex
  10
6.61580
  20
8.73416
  30
0.00000
  42
-0.1591
  70
32
  0
VERTEX
  5
506
  100
AcDbEntity
  8
Layer 1
  62
0
  100
AcDb2dVertex
  10
6.61661
  20
8.73717
  30
0.00000
  42
-0.1844
  70
32
  0
VERTEX
  5
507
  100
AcDbEntity
  8
Layer 1
  62
0
  100
AcDb2dVertex
  10
6.61945
  20
8.73834
  30
0.00000
  70
32
  0
VERTEX
  5
508
  100
AcDbEntity
  8
Layer 1
  62
0
  100
AcDb2dVertex
  10
6.62957
  20
8.73852
  30
0.00000
  42
-0.0939
  70
32
  0
VERTEX
  5
509
  100
AcDbEntity
  8
Layer 1
  62
0
  100
AcDb2dVertex
  10
6.63638
  20
8.73794
  30
0.00000
  42
-0.2431
  70
32
  0
VERTEX
  5
50A
  100
AcDbEntity
  8
Layer 1
  62
0
  100
AcDb2dVertex
  10
6.63935
  20
8.73418
  30
0.00000
  42
0.0812
  70
32
  0
VERTEX
  5
50B
  100
AcDbEntity
  8
Layer 1
  62
0
  100
AcDb2dVertex
  10
6.67740
  20
8.63508
  30
0.00000
  42
-0.0304
  70
32
  0
VERTEX
  5
50C
  100
AcDbEntity
  8
Layer 1
  62
0
  100
AcDb2dVertex
  10
6.73199
  20
8.53469
  30
0.00000
  70
32
  0
SEQEND
  5
50D
  100
AcDbEntity
  8
Layer 1
  62
0
  0
POLYLINE
  5
50E
  100
AcDbEntity
  8
Layer 1
  62
0
  100
AcDb2dPolyline
 66
     1
  10
0
  20
0
  30
0
  70
1
  0
VERTEX
  5
50F
  100
AcDbEntity
  8
Layer 1
  62
0
  100
AcDb2dVertex
  10
0.97910
  20
6.27704
  30
0.00000
  42
-0.4890
  70
32
  0
VERTEX
  5
510
  100
AcDbEntity
  8
Layer 1
  62
0
  100
AcDb2dVertex
  10
0.98079
  20
6.27693
  30
0.00000
  70
32
  0
VERTEX
  5
511
  100
AcDbEntity
  8
Layer 1
  62
0
  100
AcDb2dVertex
  10
0.98019
  20
6.27410
  30
0.00000
  42
-0.0983
  70
32
  0
VERTEX
  5
512
  100
AcDbEntity
  8
Layer 1
  62
0
  100
AcDb2dVertex
  10
0.96118
  20
6.24839
  30
0.00000
  42
-0.0198
  70
32
  0
VERTEX
  5
513
  100
AcDbEntity
  8
Layer 1
  62
0
  100
AcDb2dVertex
  10
0.89191
  20
6.19267
  30
0.00000
  42
0.0243
  70
32
  0
VERTEX
  5
514
  100
AcDbEntity
  8
Layer 1
  62
0
  100
AcDb2dVertex
  10
0.86255
  20
6.16455
  30
0.00000
  42
-0.0759
  70
32
  0
VERTEX
  5
515
  100
AcDbEntity
  8
Layer 1
  62
0
  100
AcDb2dVertex
  10
0.79832
  20
6.10863
  30
0.00000
  42
-0.1203
  70
32
  0
VERTEX
  5
516
  100
AcDbEntity
  8
Layer 1
  62
0
  100
AcDb2dVertex
  10
0.79400
  20
6.10712
  30
0.00000
  42
-0.5543
  70
32
  0
VERTEX
  5
517
  100
AcDbEntity
  8
Layer 1
  62
0
  100
AcDb2dVertex
  10
0.79362
  20
6.10830
  30
0.00000
  42
-0.0322
  70
32
  0
VERTEX
  5
518
  100
AcDbEntity
  8
Layer 1
  62
0
  100
AcDb2dVertex
  10
0.83920
  20
6.15646
  30
0.00000
  70
32
  0
VERTEX
  5
519
  100
AcDbEntity
  8
Layer 1
  62
0
  100
AcDb2dVertex
  10
0.97910
  20
6.27704
  30
0.00000
  70
32
  0
SEQEND
  5
51A
  100
AcDbEntity
  8
Layer 1
  62
0
  0
POLYLINE
  5
51B
  100
AcDbEntity
  8
Layer 1
  62
0
  100
AcDb2dPolyline
 66
     1
  10
0
  20
0
  30
0
  70
1
  0
VERTEX
  5
51C
  100
AcDbEntity
  8
Layer 1
  62
0
  100
AcDb2dVertex
  10
0.60461
  20
6.08902
  30
0.00000
  42
-0.3076
  70
32
  0
VERTEX
  5
51D
  100
AcDbEntity
  8
Layer 1
  62
0
  100
AcDb2dVertex
  10
0.60295
  20
6.08848
  30
0.00000
  42
-0.3077
  70
32
  0
VERTEX
  5
51E
  100
AcDbEntity
  8
Layer 1
  62
0
  100
AcDb2dVertex
  10
0.60185
  20
6.08982
  30
0.00000
  70
32
  0
VERTEX
  5
51F
  100
AcDbEntity
  8
Layer 1
  62
0
  100
AcDb2dVertex
  10
0.60252
  20
6.09111
  30
0.00000
  42
-0.0068
  70
32
  0
VERTEX
  5
520
  100
AcDbEntity
  8
Layer 1
  62
0
  100
AcDb2dVertex
  10
0.62496
  20
6.11211
  30
0.00000
  42
0.0104
  70
32
  0
VERTEX
  5
521
  100
AcDbEntity
  8
Layer 1
  62
0
  100
AcDb2dVertex
  10
0.65680
  20
6.14098
  30
0.00000
  70
32
  0
VERTEX
  5
522
  100
AcDbEntity
  8
Layer 1
  62
0
  100
AcDb2dVertex
  10
0.64508
  20
6.12816
  30
0.00000
  42
-0.0097
  70
32
  0
VERTEX
  5
523
  100
AcDbEntity
  8
Layer 1
  62
0
  100
AcDb2dVertex
  10
0.60461
  20
6.08902
  30
0.00000
  70
32
  0
SEQEND
  5
524
  100
AcDbEntity
  8
Layer 1
  62
0
  0
POLYLINE
  5
525
  100
AcDbEntity
  8
Layer 1
  62
0
  100
AcDb2dPolyline
 66
     1
  10
0
  20
0
  30
0
  70
1
  0
VERTEX
  5
526
  100
AcDbEntity
  8
Layer 1
  62
0
  100
AcDb2dVertex
  10
0.65602
  20
6.06747
  30
0.00000
  42
-0.0789
  70
32
  0
VERTEX
  5
527
  100
AcDbEntity
  8
Layer 1
  62
0
  100
AcDb2dVertex
  10
0.70036
  20
6.10705
  30
0.00000
  42
0.0331
  70
32
  0
VERTEX
  5
528
  100
AcDbEntity
  8
Layer 1
  62
0
  100
AcDb2dVertex
  10
0.72621
  20
6.12975
  30
0.00000
  70
32
  0
VERTEX
  5
529
  100
AcDbEntity
  8
Layer 1
  62
0
  100
AcDb2dVertex
  10
0.72738
  20
6.13007
  30
0.00000
  42
-0.3131
  70
32
  0
VERTEX
  5
52A
  100
AcDbEntity
  8
Layer 1
  62
0
  100
AcDb2dVertex
  10
0.72790
  20
6.12967
  30
0.00000
  42
-0.1377
  70
32
  0
VERTEX
  5
52B
  100
AcDbEntity
  8
Layer 1
  62
0
  100
AcDb2dVertex
  10
0.72766
  20
6.12694
  30
0.00000
  42
-0.1106
  70
32
  0
VERTEX
  5
52C
  100
AcDbEntity
  8
Layer 1
  62
0
  100
AcDb2dVertex
  10
0.70855
  20
6.10227
  30
0.00000
  42
0.0577
  70
32
  0
VERTEX
  5
52D
  100
AcDbEntity
  8
Layer 1
  62
0
  100
AcDb2dVertex
  10
0.65669
  20
6.05368
  30
0.00000
  70
32
  0
VERTEX
  5
52E
  100
AcDbEntity
  8
Layer 1
  62
0
  100
AcDb2dVertex
  10
0.65201
  20
6.04684
  30
0.00000
  42
-0.4987
  70
32
  0
VERTEX
  5
52F
  100
AcDbEntity
  8
Layer 1
  62
0
  100
AcDb2dVertex
  10
0.65028
  20
6.04698
  30
0.00000
  42
-0.1443
  70
32
  0
VERTEX
  5
530
  100
AcDbEntity
  8
Layer 1
  62
0
  100
AcDb2dVertex
  10
0.64965
  20
6.04966
  30
0.00000
  42
-0.1095
  70
32
  0
VERTEX
  5
531
  100
AcDbEntity
  8
Layer 1
  62
0
  100
AcDb2dVertex
  10
0.65602
  20
6.06747
  30
0.00000
  70
32
  0
SEQEND
  5
532
  100
AcDbEntity
  8
Layer 1
  62
0
  0
POLYLINE
  5
533
  100
AcDbEntity
  8
Layer 1
  62
0
  100
AcDb2dPolyline
 66
     1
  10
0
  20
0
  30
0
  70
1
  0
VERTEX
  5
534
  100
AcDbEntity
  8
Layer 1
  62
0
  100
AcDb2dVertex
  10
0.64385
  20
5.95246
  30
0.00000
  42
-0.5357
  70
32
  0
VERTEX
  5
535
  100
AcDbEntity
  8
Layer 1
  62
0
  100
AcDb2dVertex
  10
0.64247
  20
5.95258
  30
0.00000
  42
-0.1524
  70
32
  0
VERTEX
  5
536
  100
AcDbEntity
  8
Layer 1
  62
0
  100
AcDb2dVertex
  10
0.64295
  20
5.95527
  30
0.00000
  42
-0.1012
  70
32
  0
VERTEX
  5
537
  100
AcDbEntity
  8
Layer 1
  62
0
  100
AcDb2dVertex
  10
0.77264
  20
6.08808
  30
0.00000
  42
-0.0610
  70
32
  0
VERTEX
  5
538
  100
AcDbEntity
  8
Layer 1
  62
0
  100
AcDb2dVertex
  10
0.78725
  20
6.09698
  30
0.00000
  70
32
  0
VERTEX
  5
539
  100
AcDbEntity
  8
Layer 1
  62
0
  100
AcDb2dVertex
  10
0.78759
  20
6.09678
  30
0.00000
  70
32
  0
VERTEX
  5
53A
  100
AcDbEntity
  8
Layer 1
  62
0
  100
AcDb2dVertex
  10
0.78749
  20
6.09604
  30
0.00000
  42
-0.0247
  70
32
  0
VERTEX
  5
53B
  100
AcDbEntity
  8
Layer 1
  62
0
  100
AcDb2dVertex
  10
0.74191
  20
6.05092
  30
0.00000
  42
0.0173
  70
32
  0
VERTEX
  5
53C
  100
AcDbEntity
  8
Layer 1
  62
0
  100
AcDb2dVertex
  10
0.64385
  20
5.95246
  30
0.00000
  70
32
  0
SEQEND
  5
53D
  100
AcDbEntity
  8
Layer 1
  62
0
  0
POLYLINE
  5
53E
  100
AcDbEntity
  8
Layer 1
  62
0
  100
AcDb2dPolyline
 66
     1
  10
0
  20
0
  30
0
  70
1
  0
VERTEX
  5
53F
  100
AcDbEntity
  8
Layer 1
  62
0
  100
AcDb2dVertex
  10
0.80412
  20
5.98546
  30
0.00000
  42
-0.0582
  70
32
  0
VERTEX
  5
540
  100
AcDbEntity
  8
Layer 1
  62
0
  100
AcDb2dVertex
  10
0.77505
  20
5.95107
  30
0.00000
  42
0.0182
  70
32
  0
VERTEX
  5
541
  100
AcDbEntity
  8
Layer 1
  62
0
  100
AcDb2dVertex
  10
0.67655
  20
5.85029
  30
0.00000
  42
-0.4634
  70
32
  0
VERTEX
  5
542
  100
AcDbEntity
  8
Layer 1
  62
0
  100
AcDb2dVertex
  10
0.67496
  20
5.85021
  30
0.00000
  42
-0.2025
  70
32
  0
VERTEX
  5
543
  100
AcDbEntity
  8
Layer 1
  62
0
  100
AcDb2dVertex
  10
0.67488
  20
5.85261
  30
0.00000
  42
-0.0987
  70
32
  0
VERTEX
  5
544
  100
AcDbEntity
  8
Layer 1
  62
0
  100
AcDb2dVertex
  10
0.70850
  20
5.90095
  30
0.00000
  42
0.0051
  70
32
  0
VERTEX
  5
545
  100
AcDbEntity
  8
Layer 1
  62
0
  100
AcDb2dVertex
  10
0.80385
  20
5.98821
  30
0.00000
  70
32
  0
VERTEX
  5
546
  100
AcDbEntity
  8
Layer 1
  62
0
  100
AcDb2dVertex
  10
0.80500
  20
5.98869
  30
0.00000
  70
32
  0
VERTEX
  5
547
  100
AcDbEntity
  8
Layer 1
  62
0
  100
AcDb2dVertex
  10
0.80528
  20
5.98844
  30
0.00000
  70
32
  0
VERTEX
  5
548
  100
AcDbEntity
  8
Layer 1
  62
0
  100
AcDb2dVertex
  10
0.80412
  20
5.98546
  30
0.00000
  70
32
  0
SEQEND
  5
549
  100
AcDbEntity
  8
Layer 1
  62
0
  0
POLYLINE
  5
54A
  100
AcDbEntity
  8
Layer 1
  62
0
  100
AcDb2dPolyline
 66
     1
  10
0
  20
0
  30
0
  70
1
  0
VERTEX
  5
54B
  100
AcDbEntity
  8
Layer 1
  62
0
  100
AcDb2dVertex
  10
0.41210
  20
6.00729
  30
0.00000
  42
-0.0436
  70
32
  0
VERTEX
  5
54C
  100
AcDbEntity
  8
Layer 1
  62
0
  100
AcDb2dVertex
  10
0.13811
  20
5.74352
  30
0.00000
  42
-0.4443
  70
32
  0
VERTEX
  5
54D
  100
AcDbEntity
  8
Layer 1
  62
0
  100
AcDb2dVertex
  10
0.13741
  20
5.74374
  30
0.00000
  42
-0.2388
  70
32
  0
VERTEX
  5
54E
  100
AcDbEntity
  8
Layer 1
  62
0
  100
AcDb2dVertex
  10
0.13745
  20
5.74493
  30
0.00000
  42
-0.0282
  70
32
  0
VERTEX
  5
54F
  100
AcDbEntity
  8
Layer 1
  62
0
  100
AcDb2dVertex
  10
0.41203
  20
6.00809
  30
0.00000
  70
32
  0
VERTEX
  5
550
  100
AcDbEntity
  8
Layer 1
  62
0
  100
AcDb2dVertex
  10
0.41225
  20
6.00797
  30
0.00000
  70
32
  0
VERTEX
  5
551
  100
AcDbEntity
  8
Layer 1
  62
0
  100
AcDb2dVertex
  10
0.41210
  20
6.00729
  30
0.00000
  70
32
  0
SEQEND
  5
552
  100
AcDbEntity
  8
Layer 1
  62
0
  0
POLYLINE
  5
553
  100
AcDbEntity
  8
Layer 1
  62
0
  100
AcDb2dPolyline
 66
     1
  10
0
  20
0
  30
0
  70
1
  0
VERTEX
  5
554
  100
AcDbEntity
  8
Layer 1
  62
0
  100
AcDb2dVertex
  10
0.89727
  20
5.56156
  30
0.00000
  42
-0.1349
  70
32
  0
VERTEX
  5
555
  100
AcDbEntity
  8
Layer 1
  62
0
  100
AcDb2dVertex
  10
0.86184
  20
5.53140
  30
0.00000
  42
-0.2881
  70
32
  0
VERTEX
  5
556
  100
AcDbEntity
  8
Layer 1
  62
0
  100
AcDb2dVertex
  10
0.86068
  20
5.53184
  30
0.00000
  42
-0.2881
  70
32
  0
VERTEX
  5
557
  100
AcDbEntity
  8
Layer 1
  62
0
  100
AcDb2dVertex
  10
0.86057
  20
5.53307
  30
0.00000
  42
-0.0663
  70
32
  0
VERTEX
  5
558
  100
AcDbEntity
  8
Layer 1
  62
0
  100
AcDb2dVertex
  10
0.87026
  20
5.54491
  30
0.00000
  42
-0.0397
  70
32
  0
VERTEX
  5
559
  100
AcDbEntity
  8
Layer 1
  62
0
  100
AcDb2dVertex
  10
0.89470
  20
5.56695
  30
0.00000
  42
-0.1362
  70
32
  0
VERTEX
  5
55A
  100
AcDbEntity
  8
Layer 1
  62
0
  100
AcDb2dVertex
  10
0.89720
  20
5.56804
  30
0.00000
  42
-0.3742
  70
32
  0
VERTEX
  5
55B
  100
AcDbEntity
  8
Layer 1
  62
0
  100
AcDb2dVertex
  10
0.89850
  20
5.56692
  30
0.00000
  70
32
  0
VERTEX
  5
55C
  100
AcDbEntity
  8
Layer 1
  62
0
  100
AcDb2dVertex
  10
0.89857
  20
5.56560
  30
0.00000
  42
-0.0836
  70
32
  0
VERTEX
  5
55D
  100
AcDbEntity
  8
Layer 1
  62
0
  100
AcDb2dVertex
  10
0.89727
  20
5.56156
  30
0.00000
  70
32
  0
SEQEND
  5
55E
  100
AcDbEntity
  8
Layer 1
  62
0
  0
POLYLINE
  5
55F
  100
AcDbEntity
  8
Layer 1
  62
0
  100
AcDb2dPolyline
 66
     1
  10
0
  20
0
  30
0
  70
1
  0
VERTEX
  5
560
  100
AcDbEntity
  8
Layer 1
  62
0
  100
AcDb2dVertex
  10
0.93787
  20
5.40621
  30
0.00000
  42
-0.1378
  70
32
  0
VERTEX
  5
561
  100
AcDbEntity
  8
Layer 1
  62
0
  100
AcDb2dVertex
  10
0.90241
  20
5.37964
  30
0.00000
  70
32
  0
VERTEX
  5
562
  100
AcDbEntity
  8
Layer 1
  62
0
  100
AcDb2dVertex
  10
0.90219
  20
5.38004
  30
0.00000
  42
0.0668
  70
32
  0
VERTEX
  5
563
  100
AcDbEntity
  8
Layer 1
  62
0
  100
AcDb2dVertex
  10
0.92111
  20
5.40074
  30
0.00000
  42
-0.2263
  70
32
  0
VERTEX
  5
564
  100
AcDbEntity
  8
Layer 1
  62
0
  100
AcDb2dVertex
  10
0.95125
  20
5.42191
  30
0.00000
  70
32
  0
VERTEX
  5
565
  100
AcDbEntity
  8
Layer 1
  62
0
  100
AcDb2dVertex
  10
0.95162
  20
5.42161
  30
0.00000
  70
32
  0
VERTEX
  5
566
  100
AcDbEntity
  8
Layer 1
  62
0
  100
AcDb2dVertex
  10
0.95150
  20
5.42116
  30
0.00000
  42
-0.0129
  70
32
  0
VERTEX
  5
567
  100
AcDbEntity
  8
Layer 1
  62
0
  100
AcDb2dVertex
  10
0.93787
  20
5.40621
  30
0.00000
  70
32
  0
SEQEND
  5
568
  100
AcDbEntity
  8
Layer 1
  62
0
  0
POLYLINE
  5
569
  100
AcDbEntity
  8
Layer 1
  62
0
  100
AcDb2dPolyline
 66
     1
  10
0
  20
0
  30
0
  70
1
  0
VERTEX
  5
56A
  100
AcDbEntity
  8
Layer 1
  62
0
  100
AcDb2dVertex
  10
0.76685
  20
5.51239
  30
0.00000
  42
-0.1180
  70
32
  0
VERTEX
  5
56B
  100
AcDbEntity
  8
Layer 1
  62
0
  100
AcDb2dVertex
  10
0.82073
  20
5.55125
  30
0.00000
  42
-0.4469
  70
32
  0
VERTEX
  5
56C
  100
AcDbEntity
  8
Layer 1
  62
0
  100
AcDb2dVertex
  10
0.82359
  20
5.55074
  30
0.00000
  42
-0.4470
  70
32
  0
VERTEX
  5
56D
  100
AcDbEntity
  8
Layer 1
  62
0
  100
AcDb2dVertex
  10
0.82276
  20
5.54795
  30
0.00000
  70
32
  0
VERTEX
  5
56E
  100
AcDbEntity
  8
Layer 1
  62
0
  100
AcDb2dVertex
  10
0.81928
  20
5.54571
  30
0.00000
  42
-0.0114
  70
32
  0
VERTEX
  5
56F
  100
AcDbEntity
  8
Layer 1
  62
0
  100
AcDb2dVertex
  10
0.38364
  20
5.21996
  30
0.00000
  42
0.0886
  70
32
  0
VERTEX
  5
570
  100
AcDbEntity
  8
Layer 1
  62
0
  100
AcDb2dVertex
  10
0.34190
  20
5.18390
  30
0.00000
  42
-0.0465
  70
32
  0
VERTEX
  5
571
  100
AcDbEntity
  8
Layer 1
  62
0
  100
AcDb2dVertex
  10
0.30825
  20
5.14618
  30
0.00000
  42
-0.2163
  70
32
  0
VERTEX
  5
572
  100
AcDbEntity
  8
Layer 1
  62
0
  100
AcDb2dVertex
  10
0.24743
  20
5.11970
  30
0.00000
  42
-0.0809
  70
32
  0
VERTEX
  5
573
  100
AcDbEntity
  8
Layer 1
  62
0
  100
AcDb2dVertex
  10
0.23588
  20
5.12256
  30
0.00000
  42
-0.2701
  70
32
  0
VERTEX
  5
574
  100
AcDbEntity
  8
Layer 1
  62
0
  100
AcDb2dVertex
  10
0.23469
  20
5.12435
  30
0.00000
  42
-0.1920
  70
32
  0
VERTEX
  5
575
  100
AcDbEntity
  8
Layer 1
  62
0
  100
AcDb2dVertex
  10
0.23589
  20
5.12699
  30
0.00000
  42
-0.0309
  70
32
  0
VERTEX
  5
576
  100
AcDbEntity
  8
Layer 1
  62
0
  100
AcDb2dVertex
  10
0.31964
  20
5.19431
  30
0.00000
  42
0.0081
  70
32
  0
VERTEX
  5
577
  100
AcDbEntity
  8
Layer 1
  62
0
  100
AcDb2dVertex
  10
0.51385
  20
5.32848
  30
0.00000
  42
-0.0278
  70
32
  0
VERTEX
  5
578
  100
AcDbEntity
  8
Layer 1
  62
0
  100
AcDb2dVertex
  10
0.76685
  20
5.51239
  30
0.00000
  70
32
  0
SEQEND
  5
579
  100
AcDbEntity
  8
Layer 1
  62
0
  0
POLYLINE
  5
57A
  100
AcDbEntity
  8
Layer 1
  62
0
  100
AcDb2dPolyline
 66
     1
  10
0
  20
0
  30
0
  70
1
  0
VERTEX
  5
57B
  100
AcDbEntity
  8
Layer 1
  62
0
  100
AcDb2dVertex
  10
5.02783
  20
4.61354
  30
0.00000
  42
-0.5701
  70
32
  0
VERTEX
  5
57C
  100
AcDbEntity
  8
Layer 1
  62
0
  100
AcDb2dVertex
  10
5.02423
  20
4.61591
  30
0.00000
  42
-0.2015
  70
32
  0
VERTEX
  5
57D
  100
AcDbEntity
  8
Layer 1
  62
0
  100
AcDb2dVertex
  10
5.03657
  20
4.67542
  30
0.00000
  42
-0.3183
  70
32
  0
VERTEX
  5
57E
  100
AcDbEntity
  8
Layer 1
  62
0
  100
AcDb2dVertex
  10
5.10511
  20
4.70808
  30
0.00000
  42
-0.1333
  70
32
  0
VERTEX
  5
57F
  100
AcDbEntity
  8
Layer 1
  62
0
  100
AcDb2dVertex
  10
5.10792
  20
4.70675
  30
0.00000
  42
-0.3366
  70
32
  0
VERTEX
  5
580
  100
AcDbEntity
  8
Layer 1
  62
0
  100
AcDb2dVertex
  10
5.10812
  20
4.70576
  30
0.00000
  42
-0.0985
  70
32
  0
VERTEX
  5
581
  100
AcDbEntity
  8
Layer 1
  62
0
  100
AcDb2dVertex
  10
5.10624
  20
4.70328
  30
0.00000
  42
0.0737
  70
32
  0
VERTEX
  5
582
  100
AcDbEntity
  8
Layer 1
  62
0
  100
AcDb2dVertex
  10
5.02783
  20
4.61354
  30
0.00000
  70
32
  0
SEQEND
  5
583
  100
AcDbEntity
  8
Layer 1
  62
0
  0
POLYLINE
  5
584
  100
AcDbEntity
  8
Layer 1
  62
0
  100
AcDb2dPolyline
 66
     1
  10
0
  20
0
  30
0
  70
1
  0
VERTEX
  5
585
  100
AcDbEntity
  8
Layer 1
  62
0
  100
AcDb2dVertex
  10
6.32132
  20
7.23684
  30
0.00000
  42
0.1038
  70
32
  0
VERTEX
  5
586
  100
AcDbEntity
  8
Layer 1
  62
0
  100
AcDb2dVertex
  10
6.23635
  20
7.13726
  30
0.00000
  42
-0.0239
  70
32
  0
VERTEX
  5
587
  100
AcDbEntity
  8
Layer 1
  62
0
  100
AcDb2dVertex
  10
6.16807
  20
7.02777
  30
0.00000
  42
0.2211
  70
32
  0
VERTEX
  5
588
  100
AcDbEntity
  8
Layer 1
  62
0
  100
AcDb2dVertex
  10
6.16715
  20
7.02334
  30
0.00000
  42
0.1073
  70
32
  0
VERTEX
  5
589
  100
AcDbEntity
  8
Layer 1
  62
0
  100
AcDb2dVertex
  10
6.17183
  20
7.01774
  30
0.00000
  42
0.0472
  70
32
  0
VERTEX
  5
58A
  100
AcDbEntity
  8
Layer 1
  62
0
  100
AcDb2dVertex
  10
6.29639
  20
6.91640
  30
0.00000
  42
-0.0239
  70
32
  0
VERTEX
  5
58B
  100
AcDbEntity
  8
Layer 1
  62
0
  100
AcDb2dVertex
  10
6.37961
  20
6.85047
  30
0.00000
  42
0.1816
  70
32
  0
VERTEX
  5
58C
  100
AcDbEntity
  8
Layer 1
  62
0
  100
AcDb2dVertex
  10
6.38530
  20
6.84913
  30
0.00000
  42
0.3292
  70
32
  0
VERTEX
  5
58D
  100
AcDbEntity
  8
Layer 1
  62
0
  100
AcDb2dVertex
  10
6.38963
  20
6.85908
  30
0.00000
  42
-0.0947
  70
32
  0
VERTEX
  5
58E
  100
AcDbEntity
  8
Layer 1
  62
0
  100
AcDb2dVertex
  10
6.39038
  20
6.86326
  30
0.00000
  42
-0.5450
  70
32
  0
VERTEX
  5
58F
  100
AcDbEntity
  8
Layer 1
  62
0
  100
AcDb2dVertex
  10
6.39669
  20
6.86483
  30
0.00000
  42
-0.0616
  70
32
  0
VERTEX
  5
590
  100
AcDbEntity
  8
Layer 1
  62
0
  100
AcDb2dVertex
  10
6.40495
  20
6.85359
  30
0.00000
  42
0.0725
  70
32
  0
VERTEX
  5
591
  100
AcDbEntity
  8
Layer 1
  62
0
  100
AcDb2dVertex
  10
6.61037
  20
6.62745
  30
0.00000
  70
32
  0
VERTEX
  5
592
  100
AcDbEntity
  8
Layer 1
  62
0
  100
AcDb2dVertex
  10
7.05221
  20
6.25962
  30
0.00000
  42
-0.0069
  70
32
  0
VERTEX
  5
593
  100
AcDbEntity
  8
Layer 1
  62
0
  100
AcDb2dVertex
  10
7.17448
  20
6.17080
  30
0.00000
  42
-0.1036
  70
32
  0
VERTEX
  5
594
  100
AcDbEntity
  8
Layer 1
  62
0
  100
AcDb2dVertex
  10
7.28435
  20
6.02320
  30
0.00000
  42
-0.1146
  70
32
  0
VERTEX
  5
595
  100
AcDbEntity
  8
Layer 1
  62
0
  100
AcDb2dVertex
  10
7.33692
  20
5.82578
  30
0.00000
  42
-0.1479
  70
32
  0
VERTEX
  5
596
  100
AcDbEntity
  8
Layer 1
  62
0
  100
AcDb2dVertex
  10
7.30581
  20
5.71365
  30
0.00000
  42
-0.4232
  70
32
  0
VERTEX
  5
597
  100
AcDbEntity
  8
Layer 1
  62
0
  100
AcDb2dVertex
  10
7.30371
  20
5.71403
  30
0.00000
  42
-0.1691
  70
32
  0
VERTEX
  5
598
  100
AcDbEntity
  8
Layer 1
  62
0
  100
AcDb2dVertex
  10
7.30167
  20
5.72317
  30
0.00000
  70
32
  0
VERTEX
  5
599
  100
AcDbEntity
  8
Layer 1
  62
0
  100
AcDb2dVertex
  10
7.30602
  20
5.77288
  30
0.00000
  42
0.1884
  70
32
  0
VERTEX
  5
59A
  100
AcDbEntity
  8
Layer 1
  62
0
  100
AcDb2dVertex
  10
7.30122
  20
5.78552
  30
0.00000
  42
0.3600
  70
32
  0
VERTEX
  5
59B
  100
AcDbEntity
  8
Layer 1
  62
0
  100
AcDb2dVertex
  10
7.29744
  20
5.78590
  30
0.00000
  42
0.1160
  70
32
  0
VERTEX
  5
59C
  100
AcDbEntity
  8
Layer 1
  62
0
  100
AcDb2dVertex
  10
7.29378
  20
5.78101
  30
0.00000
  42
0.0970
  70
32
  0
VERTEX
  5
59D
  100
AcDbEntity
  8
Layer 1
  62
0
  100
AcDb2dVertex
  10
7.14470
  20
5.37283
  30
0.00000
  42
0.0794
  70
32
  0
VERTEX
  5
59E
  100
AcDbEntity
  8
Layer 1
  62
0
  100
AcDb2dVertex
  10
7.14872
  20
5.05599
  30
0.00000
  42
0.0089
  70
32
  0
VERTEX
  5
59F
  100
AcDbEntity
  8
Layer 1
  62
0
  100
AcDb2dVertex
  10
7.21751
  20
4.68938
  30
0.00000
  42
-0.0459
  70
32
  0
VERTEX
  5
5A0
  100
AcDbEntity
  8
Layer 1
  62
0
  100
AcDb2dVertex
  10
7.25215
  20
4.37253
  30
0.00000
  42
-0.0485
  70
32
  0
VERTEX
  5
5A1
  100
AcDbEntity
  8
Layer 1
  62
0
  100
AcDb2dVertex
  10
7.23978
  20
4.23916
  30
0.00000
  42
0.0054
  70
32
  0
VERTEX
  5
5A2
  100
AcDbEntity
  8
Layer 1
  62
0
  100
AcDb2dVertex
  10
7.20121
  20
4.10021
  30
0.00000
  42
0.1488
  70
32
  0
VERTEX
  5
5A3
  100
AcDbEntity
  8
Layer 1
  62
0
  100
AcDb2dVertex
  10
7.20558
  20
3.99205
  30
0.00000
  42
-0.0688
  70
32
  0
VERTEX
  5
5A4
  100
AcDbEntity
  8
Layer 1
  62
0
  100
AcDb2dVertex
  10
7.21214
  20
3.97543
  30
0.00000
  42
-0.3446
  70
32
  0
VERTEX
  5
5A5
  100
AcDbEntity
  8
Layer 1
  62
0
  100
AcDb2dVertex
  10
7.20446
  20
3.97294
  30
0.00000
  42
0.0460
  70
32
  0
VERTEX
  5
5A6
  100
AcDbEntity
  8
Layer 1
  62
0
  100
AcDb2dVertex
  10
7.18628
  20
3.97340
  30
0.00000
  42
0.4067
  70
32
  0
VERTEX
  5
5A7
  100
AcDbEntity
  8
Layer 1
  62
0
  100
AcDb2dVertex
  10
7.18088
  20
3.96617
  30
0.00000
  42
-0.0163
  70
32
  0
VERTEX
  5
5A8
  100
AcDbEntity
  8
Layer 1
  62
0
  100
AcDb2dVertex
  10
7.19456
  20
3.91966
  30
0.00000
  42
-0.2774
  70
32
  0
VERTEX
  5
5A9
  100
AcDbEntity
  8
Layer 1
  62
0
  100
AcDb2dVertex
  10
7.18829
  20
3.89669
  30
0.00000
  42
-0.2556
  70
32
  0
VERTEX
  5
5AA
  100
AcDbEntity
  8
Layer 1
  62
0
  100
AcDb2dVertex
  10
7.18382
  20
3.89568
  30
0.00000
  42
-0.1873
  70
32
  0
VERTEX
  5
5AB
  100
AcDbEntity
  8
Layer 1
  62
0
  100
AcDb2dVertex
  10
7.16084
  20
3.91983
  30
0.00000
  42
0.0805
  70
32
  0
VERTEX
  5
5AC
  100
AcDbEntity
  8
Layer 1
  62
0
  100
AcDb2dVertex
  10
7.14248
  20
3.94791
  30
0.00000
  42
0.4797
  70
32
  0
VERTEX
  5
5AD
  100
AcDbEntity
  8
Layer 1
  62
0
  100
AcDb2dVertex
  10
7.13846
  20
3.94595
  30
0.00000
  42
0.1799
  70
32
  0
VERTEX
  5
5AE
  100
AcDbEntity
  8
Layer 1
  62
0
  100
AcDb2dVertex
  10
7.11973
  20
3.78628
  30
0.00000
  42
0.2926
  70
32
  0
VERTEX
  5
5AF
  100
AcDbEntity
  8
Layer 1
  62
0
  100
AcDb2dVertex
  10
7.27723
  20
3.65208
  30
0.00000
  42
0.1039
  70
32
  0
VERTEX
  5
5B0
  100
AcDbEntity
  8
Layer 1
  62
0
  100
AcDb2dVertex
  10
7.39669
  20
3.65777
  30
0.00000
  42
-0.0622
  70
32
  0
VERTEX
  5
5B1
  100
AcDbEntity
  8
Layer 1
  62
0
  100
AcDb2dVertex
  10
7.63006
  20
3.69550
  30
0.00000
  42
-0.1091
  70
32
  0
VERTEX
  5
5B2
  100
AcDbEntity
  8
Layer 1
  62
0
  100
AcDb2dVertex
  10
7.78565
  20
3.66494
  30
0.00000
  42
0.1809
  70
32
  0
VERTEX
  5
5B3
  100
AcDbEntity
  8
Layer 1
  62
0
  100
AcDb2dVertex
  10
7.91635
  20
3.66492
  30
0.00000
  42
-0.0418
  70
32
  0
VERTEX
  5
5B4
  100
AcDbEntity
  8
Layer 1
  62
0
  100
AcDb2dVertex
  10
8.02738
  20
3.69600
  30
0.00000
  42
-0.0592
  70
32
  0
VERTEX
  5
5B5
  100
AcDbEntity
  8
Layer 1
  62
0
  100
AcDb2dVertex
  10
8.08853
  20
3.69333
  30
0.00000
  42
0.1846
  70
32
  0
VERTEX
  5
5B6
  100
AcDbEntity
  8
Layer 1
  62
0
  100
AcDb2dVertex
  10
8.13808
  20
3.70395
  30
0.00000
  42
0.4934
  70
32
  0
VERTEX
  5
5B7
  100
AcDbEntity
  8
Layer 1
  62
0
  100
AcDb2dVertex
  10
8.13218
  20
3.75729
  30
0.00000
  42
0.0161
  70
32
  0
VERTEX
  5
5B8
  100
AcDbEntity
  8
Layer 1
  62
0
  100
AcDb2dVertex
  10
8.07185
  20
3.78924
  30
0.00000
  42
-0.1848
  70
32
  0
VERTEX
  5
5B9
  100
AcDbEntity
  8
Layer 1
  62
0
  100
AcDb2dVertex
  10
8.05414
  20
3.81060
  30
0.00000
  42
-0.3899
  70
32
  0
VERTEX
  5
5BA
  100
AcDbEntity
  8
Layer 1
  62
0
  100
AcDb2dVertex
  10
8.05703
  20
3.81705
  30
0.00000
  42
-0.2224
  70
32
  0
VERTEX
  5
5BB
  100
AcDbEntity
  8
Layer 1
  62
0
  100
AcDb2dVertex
  10
8.12460
  20
3.80138
  30
0.00000
  42
-0.0810
  70
32
  0
VERTEX
  5
5BC
  100
AcDbEntity
  8
Layer 1
  62
0
  100
AcDb2dVertex
  10
8.18726
  20
3.74082
  30
0.00000
  42
0.4381
  70
32
  0
VERTEX
  5
5BD
  100
AcDbEntity
  8
Layer 1
  62
0
  100
AcDb2dVertex
  10
8.19255
  20
3.74164
  30
0.00000
  42
0.2744
  70
32
  0
VERTEX
  5
5BE
  100
AcDbEntity
  8
Layer 1
  62
0
  100
AcDb2dVertex
  10
8.20705
  20
3.78365
  30
0.00000
  42
0.1533
  70
32
  0
VERTEX
  5
5BF
  100
AcDbEntity
  8
Layer 1
  62
0
  100
AcDb2dVertex
  10
8.16636
  20
3.82288
  30
0.00000
  42
-0.0887
  70
32
  0
VERTEX
  5
5C0
  100
AcDbEntity
  8
Layer 1
  62
0
  100
AcDb2dVertex
  10
8.10390
  20
3.86997
  30
0.00000
  42
0.1604
  70
32
  0
VERTEX
  5
5C1
  100
AcDbEntity
  8
Layer 1
  62
0
  100
AcDb2dVertex
  10
8.10078
  20
3.87114
  30
0.00000
  42
-0.1988
  70
32
  0
VERTEX
  5
5C2
  100
AcDbEntity
  8
Layer 1
  62
0
  100
AcDb2dVertex
  10
7.83015
  20
3.94243
  30
0.00000
  42
0.0175
  70
32
  0
VERTEX
  5
5C3
  100
AcDbEntity
  8
Layer 1
  62
0
  100
AcDb2dVertex
  10
7.69394
  20
4.03748
  30
0.00000
  42
0.0285
  70
32
  0
VERTEX
  5
5C4
  100
AcDbEntity
  8
Layer 1
  62
0
  100
AcDb2dVertex
  10
7.63848
  20
4.06559
  30
0.00000
  42
0.2273
  70
32
  0
VERTEX
  5
5C5
  100
AcDbEntity
  8
Layer 1
  62
0
  100
AcDb2dVertex
  10
7.63030
  20
4.06053
  30
0.00000
  42
-0.0851
  70
32
  0
VERTEX
  5
5C6
  100
AcDbEntity
  8
Layer 1
  62
0
  100
AcDb2dVertex
  10
7.61955
  20
4.05266
  30
0.00000
  42
-0.2534
  70
32
  0
VERTEX
  5
5C7
  100
AcDbEntity
  8
Layer 1
  62
0
  100
AcDb2dVertex
  10
7.61235
  20
4.05393
  30
0.00000
  42
-0.1213
  70
32
  0
VERTEX
  5
5C8
  100
AcDbEntity
  8
Layer 1
  62
0
  100
AcDb2dVertex
  10
7.57146
  20
4.10046
  30
0.00000
  70
32
  0
VERTEX
  5
5C9
  100
AcDbEntity
  8
Layer 1
  62
0
  100
AcDb2dVertex
  10
7.55833
  20
4.11952
  30
0.00000
  42
-0.1254
  70
32
  0
VERTEX
  5
5CA
  100
AcDbEntity
  8
Layer 1
  62
0
  100
AcDb2dVertex
  10
7.55691
  20
4.12524
  30
0.00000
  42
-0.0667
  70
32
  0
VERTEX
  5
5CB
  100
AcDbEntity
  8
Layer 1
  62
0
  100
AcDb2dVertex
  10
7.58334
  20
4.52824
  30
0.00000
  70
32
  0
VERTEX
  5
5CC
  100
AcDbEntity
  8
Layer 1
  62
0
  100
AcDb2dVertex
  10
7.64286
  20
4.83948
  30
0.00000
  42
0.0211
  70
32
  0
VERTEX
  5
5CD
  100
AcDbEntity
  8
Layer 1
  62
0
  100
AcDb2dVertex
  10
7.66767
  20
5.08112
  30
0.00000
  42
-0.0377
  70
32
  0
VERTEX
  5
5CE
  100
AcDbEntity
  8
Layer 1
  62
0
  100
AcDb2dVertex
  10
7.71971
  20
5.44236
  30
0.00000
  42
-0.0316
  70
32
  0
VERTEX
  5
5CF
  100
AcDbEntity
  8
Layer 1
  62
0
  100
AcDb2dVertex
  10
7.79184
  20
5.65915
  30
0.00000
  42
0.0745
  70
32
  0
VERTEX
  5
5D0
  100
AcDbEntity
  8
Layer 1
  62
0
  100
AcDb2dVertex
  10
7.85071
  20
5.90636
  30
0.00000
  42
0.0536
  70
32
  0
VERTEX
  5
5D1
  100
AcDbEntity
  8
Layer 1
  62
0
  100
AcDb2dVertex
  10
7.84452
  20
6.03423
  30
0.00000
  42
0.0958
  70
32
  0
VERTEX
  5
5D2
  100
AcDbEntity
  8
Layer 1
  62
0
  100
AcDb2dVertex
  10
7.83682
  20
6.04798
  30
0.00000
  42
-0.0281
  70
32
  0
VERTEX
  5
5D3
  100
AcDbEntity
  8
Layer 1
  62
0
  100
AcDb2dVertex
  10
7.56864
  20
6.48420
  30
0.00000
  42
0.0076
  70
32
  0
VERTEX
  5
5D4
  100
AcDbEntity
  8
Layer 1
  62
0
  100
AcDb2dVertex
  10
7.38632
  20
6.80676
  30
0.00000
  42
0.0327
  70
32
  0
VERTEX
  5
5D5
  100
AcDbEntity
  8
Layer 1
  62
0
  100
AcDb2dVertex
  10
7.11293
  20
7.17881
  30
0.00000
  70
32
  0
VERTEX
  5
5D6
  100
AcDbEntity
  8
Layer 1
  62
0
  100
AcDb2dVertex
  10
6.93963
  20
7.39222
  30
0.00000
  42
0.1978
  70
32
  0
VERTEX
  5
5D7
  100
AcDbEntity
  8
Layer 1
  62
0
  100
AcDb2dVertex
  10
6.93067
  20
7.39647
  30
0.00000
  42
-0.1707
  70
32
  0
VERTEX
  5
5D8
  100
AcDbEntity
  8
Layer 1
  62
0
  100
AcDb2dVertex
  10
6.92478
  20
7.39908
  30
0.00000
  42
0.5463
  70
32
  0
VERTEX
  5
5D9
  100
AcDbEntity
  8
Layer 1
  62
0
  100
AcDb2dVertex
  10
6.91589
  20
7.39738
  30
0.00000
  42
-0.1299
  70
32
  0
VERTEX
  5
5DA
  100
AcDbEntity
  8
Layer 1
  62
0
  100
AcDb2dVertex
  10
6.83268
  20
7.36548
  30
0.00000
  42
-0.0502
  70
32
  0
VERTEX
  5
5DB
  100
AcDbEntity
  8
Layer 1
  62
0
  100
AcDb2dVertex
  10
6.72782
  20
7.36131
  30
0.00000
  42
0.1083
  70
32
  0
VERTEX
  5
5DC
  100
AcDbEntity
  8
Layer 1
  62
0
  100
AcDb2dVertex
  10
6.72485
  20
7.36076
  30
0.00000
  42
0.2760
  70
32
  0
VERTEX
  5
5DD
  100
AcDbEntity
  8
Layer 1
  62
0
  100
AcDb2dVertex
  10
6.72384
  20
7.35900
  30
0.00000
  42
0.1691
  70
32
  0
VERTEX
  5
5DE
  100
AcDbEntity
  8
Layer 1
  62
0
  100
AcDb2dVertex
  10
6.72816
  20
7.34867
  30
0.00000
  42
0.0284
  70
32
  0
VERTEX
  5
5DF
  100
AcDbEntity
  8
Layer 1
  62
0
  100
AcDb2dVertex
  10
6.75412
  20
7.32569
  30
0.00000
  42
-0.2112
  70
32
  0
VERTEX
  5
5E0
  100
AcDbEntity
  8
Layer 1
  62
0
  100
AcDb2dVertex
  10
6.75859
  20
7.31673
  30
0.00000
  42
-0.2837
  70
32
  0
VERTEX
  5
5E1
  100
AcDbEntity
  8
Layer 1
  62
0
  100
AcDb2dVertex
  10
6.75692
  20
7.31322
  30
0.00000
  42
-0.2837
  70
32
  0
VERTEX
  5
5E2
  100
AcDbEntity
  8
Layer 1
  62
0
  100
AcDb2dVertex
  10
6.75303
  20
7.31314
  30
0.00000
  42
-0.0449
  70
32
  0
VERTEX
  5
5E3
  100
AcDbEntity
  8
Layer 1
  62
0
  100
AcDb2dVertex
  10
6.71027
  20
7.34465
  30
0.00000
  42
0.2868
  70
32
  0
VERTEX
  5
5E4
  100
AcDbEntity
  8
Layer 1
  62
0
  100
AcDb2dVertex
  10
6.67701
  20
7.34707
  30
0.00000
  42
-0.0139
  70
32
  0
VERTEX
  5
5E5
  100
AcDbEntity
  8
Layer 1
  62
0
  100
AcDb2dVertex
  10
6.47135
  20
7.29750
  30
0.00000
  42
0.0856
  70
32
  0
VERTEX
  5
5E6
  100
AcDbEntity
  8
Layer 1
  62
0
  100
AcDb2dVertex
  10
6.32132
  20
7.23684
  30
0.00000
  70
32
  0
SEQEND
  5
5E7
  100
AcDbEntity
  8
Layer 1
  62
0
  0
POLYLINE
  5
5E8
  100
AcDbEntity
  8
Layer 1
  62
0
  100
AcDb2dPolyline
 66
     1
  10
0
  20
0
  30
0
  70
1
  0
VERTEX
  5
5E9
  100
AcDbEntity
  8
Layer 1
  62
0
  100
AcDb2dVertex
  10
8.11906
  20
3.89994
  30
0.00000
  42
0.0165
  70
32
  0
VERTEX
  5
5EA
  100
AcDbEntity
  8
Layer 1
  62
0
  100
AcDb2dVertex
  10
8.14096
  20
3.90158
  30
0.00000
  42
0.2915
  70
32
  0
VERTEX
  5
5EB
  100
AcDbEntity
  8
Layer 1
  62
0
  100
AcDb2dVertex
  10
8.14208
  20
3.90331
  30
0.00000
  42
0.1527
  70
32
  0
VERTEX
  5
5EC
  100
AcDbEntity
  8
Layer 1
  62
0
  100
AcDb2dVertex
  10
8.13984
  20
3.90879
  30
0.00000
  42
0.4440
  70
32
  0
VERTEX
  5
5ED
  100
AcDbEntity
  8
Layer 1
  62
0
  100
AcDb2dVertex
  10
8.05972
  20
3.91112
  30
0.00000
  42
0.0807
  70
32
  0
VERTEX
  5
5EE
  100
AcDbEntity
  8
Layer 1
  62
0
  100
AcDb2dVertex
  10
8.05612
  20
3.90446
  30
0.00000
  42
0.4713
  70
32
  0
VERTEX
  5
5EF
  100
AcDbEntity
  8
Layer 1
  62
0
  100
AcDb2dVertex
  10
8.06389
  20
3.89871
  30
0.00000
  42
0.0870
  70
32
  0
VERTEX
  5
5F0
  100
AcDbEntity
  8
Layer 1
  62
0
  100
AcDb2dVertex
  10
8.11906
  20
3.89994
  30
0.00000
  70
32
  0
SEQEND
  5
5F1
  100
AcDbEntity
  8
Layer 1
  62
0
  0
POLYLINE
  5
5F2
  100
AcDbEntity
  8
Layer 1
  62
0
  100
AcDb2dPolyline
 66
     1
  10
0
  20
0
  30
0
  70
1
  0
VERTEX
  5
5F3
  100
AcDbEntity
  8
Layer 1
  62
0
  100
AcDb2dVertex
  10
5.00138
  20
4.30161
  30
0.00000
  42
-0.0792
  70
32
  0
VERTEX
  5
5F4
  100
AcDbEntity
  8
Layer 1
  62
0
  100
AcDb2dVertex
  10
5.09770
  20
4.15045
  30
0.00000
  42
-0.0276
  70
32
  0
VERTEX
  5
5F5
  100
AcDbEntity
  8
Layer 1
  62
0
  100
AcDb2dVertex
  10
5.15051
  20
4.00881
  30
0.00000
  42
0.1178
  70
32
  0
VERTEX
  5
5F6
  100
AcDbEntity
  8
Layer 1
  62
0
  100
AcDb2dVertex
  10
5.35445
  20
3.90025
  30
0.00000
  42
0.1100
  70
32
  0
VERTEX
  5
5F7
  100
AcDbEntity
  8
Layer 1
  62
0
  100
AcDb2dVertex
  10
5.45440
  20
3.90850
  30
0.00000
  42
-0.0576
  70
32
  0
VERTEX
  5
5F8
  100
AcDbEntity
  8
Layer 1
  62
0
  100
AcDb2dVertex
  10
5.57672
  20
3.92117
  30
0.00000
  42
0.1803
  70
32
  0
VERTEX
  5
5F9
  100
AcDbEntity
  8
Layer 1
  62
0
  100
AcDb2dVertex
  10
5.64606
  20
3.94639
  30
0.00000
  42
0.2949
  70
32
  0
VERTEX
  5
5FA
  100
AcDbEntity
  8
Layer 1
  62
0
  100
AcDb2dVertex
  10
5.64986
  20
3.95854
  30
0.00000
  42
0.2031
  70
32
  0
VERTEX
  5
5FB
  100
AcDbEntity
  8
Layer 1
  62
0
  100
AcDb2dVertex
  10
5.61836
  20
4.00275
  30
0.00000
  42
-0.0244
  70
32
  0
VERTEX
  5
5FC
  100
AcDbEntity
  8
Layer 1
  62
0
  100
AcDb2dVertex
  10
5.59614
  20
4.02202
  30
0.00000
  42
0.1596
  70
32
  0
VERTEX
  5
5FD
  100
AcDbEntity
  8
Layer 1
  62
0
  100
AcDb2dVertex
  10
5.59025
  20
4.02391
  30
0.00000
  42
0.0614
  70
32
  0
VERTEX
  5
5FE
  100
AcDbEntity
  8
Layer 1
  62
0
  100
AcDb2dVertex
  10
5.49108
  20
4.01362
  30
0.00000
  42
-0.2101
  70
32
  0
VERTEX
  5
5FF
  100
AcDbEntity
  8
Layer 1
  62
0
  100
AcDb2dVertex
  10
5.48561
  20
4.01543
  30
0.00000
  42
-0.0487
  70
32
  0
VERTEX
  5
600
  100
AcDbEntity
  8
Layer 1
  62
0
  100
AcDb2dVertex
  10
5.41245
  20
4.11709
  30
0.00000
  70
32
  0
VERTEX
  5
601
  100
AcDbEntity
  8
Layer 1
  62
0
  100
AcDb2dVertex
  10
5.40525
  20
4.12825
  30
0.00000
  42
-0.2750
  70
32
  0
VERTEX
  5
602
  100
AcDbEntity
  8
Layer 1
  62
0
  100
AcDb2dVertex
  10
5.40502
  20
4.13918
  30
0.00000
  42
-0.0336
  70
32
  0
VERTEX
  5
603
  100
AcDbEntity
  8
Layer 1
  62
0
  100
AcDb2dVertex
  10
5.41061
  20
4.15044
  30
0.00000
  42
0.1971
  70
32
  0
VERTEX
  5
604
  100
AcDbEntity
  8
Layer 1
  62
0
  100
AcDb2dVertex
  10
5.41070
  20
4.15870
  30
0.00000
  42
-0.0569
  70
32
  0
VERTEX
  5
605
  100
AcDbEntity
  8
Layer 1
  62
0
  100
AcDb2dVertex
  10
5.38181
  20
4.32810
  30
0.00000
  42
0.0294
  70
32
  0
VERTEX
  5
606
  100
AcDbEntity
  8
Layer 1
  62
0
  100
AcDb2dVertex
  10
5.36359
  20
4.47827
  30
0.00000
  42
0.0697
  70
32
  0
VERTEX
  5
607
  100
AcDbEntity
  8
Layer 1
  62
0
  100
AcDb2dVertex
  10
5.34657
  20
4.50307
  30
0.00000
  42
-0.2798
  70
32
  0
VERTEX
  5
608
  100
AcDbEntity
  8
Layer 1
  62
0
  100
AcDb2dVertex
  10
5.34914
  20
4.54480
  30
0.00000
  42
-0.0425
  70
32
  0
VERTEX
  5
609
  100
AcDbEntity
  8
Layer 1
  62
0
  100
AcDb2dVertex
  10
5.38508
  20
4.59732
  30
0.00000
  42
-0.0267
  70
32
  0
VERTEX
  5
60A
  100
AcDbEntity
  8
Layer 1
  62
0
  100
AcDb2dVertex
  10
6.19638
  20
5.15104
  30
0.00000
  42
-0.0056
  70
32
  0
VERTEX
  5
60B
  100
AcDbEntity
  8
Layer 1
  62
0
  100
AcDb2dVertex
  10
6.42147
  20
5.28615
  30
0.00000
  42
-0.0978
  70
32
  0
VERTEX
  5
60C
  100
AcDbEntity
  8
Layer 1
  62
0
  100
AcDb2dVertex
  10
6.43527
  20
5.28846
  30
0.00000
  42
0.1820
  70
32
  0
VERTEX
  5
60D
  100
AcDbEntity
  8
Layer 1
  62
0
  100
AcDb2dVertex
  10
6.53525
  20
5.33415
  30
0.00000
  42
-0.0653
  70
32
  0
VERTEX
  5
60E
  100
AcDbEntity
  8
Layer 1
  62
0
  100
AcDb2dVertex
  10
6.63533
  20
5.40232
  30
0.00000
  42
0.1651
  70
32
  0
VERTEX
  5
60F
  100
AcDbEntity
  8
Layer 1
  62
0
  100
AcDb2dVertex
  10
6.71029
  20
5.48685
  30
0.00000
  42
0.1095
  70
32
  0
VERTEX
  5
610
  100
AcDbEntity
  8
Layer 1
  62
0
  100
AcDb2dVertex
  10
6.75265
  20
5.65071
  30
0.00000
  42
0.0450
  70
32
  0
VERTEX
  5
611
  100
AcDbEntity
  8
Layer 1
  62
0
  100
AcDb2dVertex
  10
6.72819
  20
5.80352
  30
0.00000
  42
-0.0277
  70
32
  0
VERTEX
  5
612
  100
AcDbEntity
  8
Layer 1
  62
0
  100
AcDb2dVertex
  10
6.70946
  20
5.96192
  30
0.00000
  42
0.0387
  70
32
  0
VERTEX
  5
613
  100
AcDbEntity
  8
Layer 1
  62
0
  100
AcDb2dVertex
  10
6.61568
  20
6.51763
  30
0.00000
  42
0.0220
  70
32
  0
VERTEX
  5
614
  100
AcDbEntity
  8
Layer 1
  62
0
  100
AcDb2dVertex
  10
6.59746
  20
6.57854
  30
0.00000
  42
0.0273
  70
32
  0
VERTEX
  5
615
  100
AcDbEntity
  8
Layer 1
  62
0
  100
AcDb2dVertex
  10
6.51608
  20
6.65723
  30
0.00000
  42
-0.0603
  70
32
  0
VERTEX
  5
616
  100
AcDbEntity
  8
Layer 1
  62
0
  100
AcDb2dVertex
  10
6.41250
  20
6.76915
  30
0.00000
  42
-0.0382
  70
32
  0
VERTEX
  5
617
  100
AcDbEntity
  8
Layer 1
  62
0
  100
AcDb2dVertex
  10
6.22973
  20
6.87295
  30
0.00000
  42
-0.1084
  70
32
  0
VERTEX
  5
618
  100
AcDbEntity
  8
Layer 1
  62
0
  100
AcDb2dVertex
  10
6.12113
  20
6.99174
  30
0.00000
  42
0.2112
  70
32
  0
VERTEX
  5
619
  100
AcDbEntity
  8
Layer 1
  62
0
  100
AcDb2dVertex
  10
6.11685
  20
6.99480
  30
0.00000
  42
-0.0785
  70
32
  0
VERTEX
  5
61A
  100
AcDbEntity
  8
Layer 1
  62
0
  100
AcDb2dVertex
  10
5.89074
  20
7.00911
  30
0.00000
  42
0.0141
  70
32
  0
VERTEX
  5
61B
  100
AcDbEntity
  8
Layer 1
  62
0
  100
AcDb2dVertex
  10
5.77195
  20
7.02825
  30
0.00000
  42
0.5254
  70
32
  0
VERTEX
  5
61C
  100
AcDbEntity
  8
Layer 1
  62
0
  100
AcDb2dVertex
  10
5.76659
  20
7.02443
  30
0.00000
  42
0.0410
  70
32
  0
VERTEX
  5
61D
  100
AcDbEntity
  8
Layer 1
  62
0
  100
AcDb2dVertex
  10
5.77704
  20
6.99278
  30
0.00000
  42
-0.0526
  70
32
  0
VERTEX
  5
61E
  100
AcDbEntity
  8
Layer 1
  62
0
  100
AcDb2dVertex
  10
5.80279
  20
6.91855
  30
0.00000
  42
-0.0940
  70
32
  0
VERTEX
  5
61F
  100
AcDbEntity
  8
Layer 1
  62
0
  100
AcDb2dVertex
  10
5.80279
  20
6.91538
  30
0.00000
  42
-0.5094
  70
32
  0
VERTEX
  5
620
  100
AcDbEntity
  8
Layer 1
  62
0
  100
AcDb2dVertex
  10
5.80097
  20
6.91445
  30
0.00000
  42
-0.0886
  70
32
  0
VERTEX
  5
621
  100
AcDbEntity
  8
Layer 1
  62
0
  100
AcDb2dVertex
  10
5.76066
  20
7.00098
  30
0.00000
  42
0.0290
  70
32
  0
VERTEX
  5
622
  100
AcDbEntity
  8
Layer 1
  62
0
  100
AcDb2dVertex
  10
5.74863
  20
7.03066
  30
0.00000
  42
0.2488
  70
32
  0
VERTEX
  5
623
  100
AcDbEntity
  8
Layer 1
  62
0
  100
AcDb2dVertex
  10
5.74453
  20
7.03360
  30
0.00000
  42
0.0581
  70
32
  0
VERTEX
  5
624
  100
AcDbEntity
  8
Layer 1
  62
0
  100
AcDb2dVertex
  10
5.73770
  20
7.03229
  30
0.00000
  42
-0.1317
  70
32
  0
VERTEX
  5
625
  100
AcDbEntity
  8
Layer 1
  62
0
  100
AcDb2dVertex
  10
5.71360
  20
7.03317
  30
0.00000
  42
0.1288
  70
32
  0
VERTEX
  5
626
  100
AcDbEntity
  8
Layer 1
  62
0
  100
AcDb2dVertex
  10
5.71041
  20
7.03330
  30
0.00000
  42
0.2964
  70
32
  0
VERTEX
  5
627
  100
AcDbEntity
  8
Layer 1
  62
0
  100
AcDb2dVertex
  10
5.70822
  20
7.02577
  30
0.00000
  42
0.0979
  70
32
  0
VERTEX
  5
628
  100
AcDbEntity
  8
Layer 1
  62
0
  100
AcDb2dVertex
  10
5.84746
  20
6.62037
  30
0.00000
  70
32
  0
VERTEX
  5
629
  100
AcDbEntity
  8
Layer 1
  62
0
  100
AcDb2dVertex
  10
6.09622
  20
6.17309
  30
0.00000
  42
-0.0216
  70
32
  0
VERTEX
  5
62A
  100
AcDbEntity
  8
Layer 1
  62
0
  100
AcDb2dVertex
  10
6.24840
  20
5.86133
  30
0.00000
  42
0.4365
  70
32
  0
VERTEX
  5
62B
  100
AcDbEntity
  8
Layer 1
  62
0
  100
AcDb2dVertex
  10
6.24998
  20
5.86123
  30
0.00000
  42
0.1111
  70
32
  0
VERTEX
  5
62C
  100
AcDbEntity
  8
Layer 1
  62
0
  100
AcDb2dVertex
  10
6.25759
  20
5.90639
  30
0.00000
  42
-0.1754
  70
32
  0
VERTEX
  5
62D
  100
AcDbEntity
  8
Layer 1
  62
0
  100
AcDb2dVertex
  10
6.26328
  20
5.91669
  30
0.00000
  70
32
  0
VERTEX
  5
62E
  100
AcDbEntity
  8
Layer 1
  62
0
  100
AcDb2dVertex
  10
6.26548
  20
5.91789
  30
0.00000
  42
-0.2546
  70
32
  0
VERTEX
  5
62F
  100
AcDbEntity
  8
Layer 1
  62
0
  100
AcDb2dVertex
  10
6.26705
  20
5.91683
  30
0.00000
  42
-0.1343
  70
32
  0
VERTEX
  5
630
  100
AcDbEntity
  8
Layer 1
  62
0
  100
AcDb2dVertex
  10
6.27496
  20
5.84518
  30
0.00000
  42
-0.0671
  70
32
  0
VERTEX
  5
631
  100
AcDbEntity
  8
Layer 1
  62
0
  100
AcDb2dVertex
  10
6.25066
  20
5.76257
  30
0.00000
  42
0.3764
  70
32
  0
VERTEX
  5
632
  100
AcDbEntity
  8
Layer 1
  62
0
  100
AcDb2dVertex
  10
6.25316
  20
5.75567
  30
0.00000
  42
0.1969
  70
32
  0
VERTEX
  5
633
  100
AcDbEntity
  8
Layer 1
  62
0
  100
AcDb2dVertex
  10
6.26064
  20
5.75642
  30
0.00000
  42
-0.0695
  70
32
  0
VERTEX
  5
634
  100
AcDbEntity
  8
Layer 1
  62
0
  100
AcDb2dVertex
  10
6.29360
  20
5.76848
  30
0.00000
  42
-0.3394
  70
32
  0
VERTEX
  5
635
  100
AcDbEntity
  8
Layer 1
  62
0
  100
AcDb2dVertex
  10
6.31036
  20
5.75792
  30
0.00000
  42
-0.3089
  70
32
  0
VERTEX
  5
636
  100
AcDbEntity
  8
Layer 1
  62
0
  100
AcDb2dVertex
  10
6.30581
  20
5.75062
  30
0.00000
  42
-0.1654
  70
32
  0
VERTEX
  5
637
  100
AcDbEntity
  8
Layer 1
  62
0
  100
AcDb2dVertex
  10
6.17411
  20
5.70174
  30
0.00000
  42
0.0378
  70
32
  0
VERTEX
  5
638
  100
AcDbEntity
  8
Layer 1
  62
0
  100
AcDb2dVertex
  10
6.02133
  20
5.68332
  30
0.00000
  42
0.1374
  70
32
  0
VERTEX
  5
639
  100
AcDbEntity
  8
Layer 1
  62
0
  100
AcDb2dVertex
  10
5.82080
  20
5.56778
  30
0.00000
  42
0.0336
  70
32
  0
VERTEX
  5
63A
  100
AcDbEntity
  8
Layer 1
  62
0
  100
AcDb2dVertex
  10
5.67796
  20
5.39739
  30
0.00000
  42
-0.0053
  70
32
  0
VERTEX
  5
63B
  100
AcDbEntity
  8
Layer 1
  62
0
  100
AcDb2dVertex
  10
5.50579
  20
5.19506
  30
0.00000
  42
-0.0120
  70
32
  0
VERTEX
  5
63C
  100
AcDbEntity
  8
Layer 1
  62
0
  100
AcDb2dVertex
  10
5.33351
  20
4.98392
  30
0.00000
  42
-0.0958
  70
32
  0
VERTEX
  5
63D
  100
AcDbEntity
  8
Layer 1
  62
0
  100
AcDb2dVertex
  10
5.15698
  20
4.84239
  30
0.00000
  42
-0.0051
  70
32
  0
VERTEX
  5
63E
  100
AcDbEntity
  8
Layer 1
  62
0
  100
AcDb2dVertex
  10
4.97643
  20
4.76450
  30
0.00000
  42
0.0934
  70
32
  0
VERTEX
  5
63F
  100
AcDbEntity
  8
Layer 1
  62
0
  100
AcDb2dVertex
  10
4.84593
  20
4.67832
  30
0.00000
  42
0.2918
  70
32
  0
VERTEX
  5
640
  100
AcDbEntity
  8
Layer 1
  62
0
  100
AcDb2dVertex
  10
4.80502
  20
4.50027
  30
0.00000
  42
0.1210
  70
32
  0
VERTEX
  5
641
  100
AcDbEntity
  8
Layer 1
  62
0
  100
AcDb2dVertex
  10
4.89081
  20
4.38208
  30
0.00000
  42
0.0454
  70
32
  0
VERTEX
  5
642
  100
AcDbEntity
  8
Layer 1
  62
0
  100
AcDb2dVertex
  10
5.00138
  20
4.30161
  30
0.00000
  70
32
  0
SEQEND
  5
643
  100
AcDbEntity
  8
Layer 1
  62
0
  0
POLYLINE
  5
644
  100
AcDbEntity
  8
Layer 1
  62
0
  100
AcDb2dPolyline
 66
     1
  10
0
  20
0
  30
0
  70
1
  0
VERTEX
  5
645
  100
AcDbEntity
  8
Layer 1
  62
0
  100
AcDb2dVertex
  10
5.58504
  20
4.08257
  30
0.00000
  42
0.0749
  70
32
  0
VERTEX
  5
646
  100
AcDbEntity
  8
Layer 1
  62
0
  100
AcDb2dVertex
  10
5.49236
  20
4.05501
  30
0.00000
  70
32
  0
VERTEX
  5
647
  100
AcDbEntity
  8
Layer 1
  62
0
  100
AcDb2dVertex
  10
5.49018
  20
4.05365
  30
0.00000
  42
0.4751
  70
32
  0
VERTEX
  5
648
  100
AcDbEntity
  8
Layer 1
  62
0
  100
AcDb2dVertex
  10
5.49016
  20
4.05271
  30
0.00000
  42
0.1103
  70
32
  0
VERTEX
  5
649
  100
AcDbEntity
  8
Layer 1
  62
0
  100
AcDb2dVertex
  10
5.49232
  20
4.05225
  30
0.00000
  70
32
  0
VERTEX
  5
64A
  100
AcDbEntity
  8
Layer 1
  62
0
  100
AcDb2dVertex
  10
5.58226
  20
4.05703
  30
0.00000
  42
-0.0745
  70
32
  0
VERTEX
  5
64B
  100
AcDbEntity
  8
Layer 1
  62
0
  100
AcDb2dVertex
  10
5.62788
  20
4.04983
  30
0.00000
  42
0.4992
  70
32
  0
VERTEX
  5
64C
  100
AcDbEntity
  8
Layer 1
  62
0
  100
AcDb2dVertex
  10
5.63222
  20
4.05152
  30
0.00000
  42
0.4001
  70
32
  0
VERTEX
  5
64D
  100
AcDbEntity
  8
Layer 1
  62
0
  100
AcDb2dVertex
  10
5.58504
  20
4.08257
  30
0.00000
  70
32
  0
SEQEND
  5
64E
  100
AcDbEntity
  8
Layer 1
  62
0
  0
POLYLINE
  5
64F
  100
AcDbEntity
  8
Layer 1
  62
0
  100
AcDb2dPolyline
 66
     1
  10
0
  20
0
  30
0
  70
1
  0
VERTEX
  5
650
  100
AcDbEntity
  8
Layer 1
  62
0
  100
AcDb2dVertex
  10
0.37525
  20
5.24800
  30
0.00000
  70
32
  0
VERTEX
  5
651
  100
AcDbEntity
  8
Layer 1
  62
0
  100
AcDb2dVertex
  10
0.22515
  20
5.14253
  30
0.00000
  42
0.3345
  70
32
  0
VERTEX
  5
652
  100
AcDbEntity
  8
Layer 1
  62
0
  100
AcDb2dVertex
  10
0.22691
  20
5.13103
  30
0.00000
  42
0.0808
  70
32
  0
VERTEX
  5
653
  100
AcDbEntity
  8
Layer 1
  62
0
  100
AcDb2dVertex
  10
0.25649
  20
5.07904
  30
0.00000
  70
32
  0
VERTEX
  5
654
  100
AcDbEntity
  8
Layer 1
  62
0
  100
AcDb2dVertex
  10
0.26005
  20
5.07563
  30
0.00000
  70
32
  0
VERTEX
  5
655
  100
AcDbEntity
  8
Layer 1
  62
0
  100
AcDb2dVertex
  10
0.26127
  20
5.07539
  30
0.00000
  42
0.1697
  70
32
  0
VERTEX
  5
656
  100
AcDbEntity
  8
Layer 1
  62
0
  100
AcDb2dVertex
  10
0.26387
  20
5.07633
  30
0.00000
  70
32
  0
VERTEX
  5
657
  100
AcDbEntity
  8
Layer 1
  62
0
  100
AcDb2dVertex
  10
0.79039
  20
5.47354
  30
0.00000
  42
-0.3542
  70
32
  0
VERTEX
  5
658
  100
AcDbEntity
  8
Layer 1
  62
0
  100
AcDb2dVertex
  10
0.79241
  20
5.47345
  30
0.00000
  42
-0.3543
  70
32
  0
VERTEX
  5
659
  100
AcDbEntity
  8
Layer 1
  62
0
  100
AcDb2dVertex
  10
0.79274
  20
5.47146
  30
0.00000
  42
-0.0237
  70
32
  0
VERTEX
  5
65A
  100
AcDbEntity
  8
Layer 1
  62
0
  100
AcDb2dVertex
  10
0.47811
  20
5.21996
  30
0.00000
  42
0.0185
  70
32
  0
VERTEX
  5
65B
  100
AcDbEntity
  8
Layer 1
  62
0
  100
AcDb2dVertex
  10
0.33358
  20
5.10747
  30
0.00000
  42
0.0759
  70
32
  0
VERTEX
  5
65C
  100
AcDbEntity
  8
Layer 1
  62
0
  100
AcDb2dVertex
  10
0.28145
  20
5.04407
  30
0.00000
  42
0.2623
  70
32
  0
VERTEX
  5
65D
  100
AcDbEntity
  8
Layer 1
  62
0
  100
AcDb2dVertex
  10
0.28140
  20
5.03987
  30
0.00000
  42
0.0598
  70
32
  0
VERTEX
  5
65E
  100
AcDbEntity
  8
Layer 1
  62
0
  100
AcDb2dVertex
  10
0.28392
  20
5.03737
  30
0.00000
  42
-0.1119
  70
32
  0
VERTEX
  5
65F
  100
AcDbEntity
  8
Layer 1
  62
0
  100
AcDb2dVertex
  10
0.29212
  20
5.02268
  30
0.00000
  42
0.5037
  70
32
  0
VERTEX
  5
660
  100
AcDbEntity
  8
Layer 1
  62
0
  100
AcDb2dVertex
  10
0.30840
  20
5.01360
  30
0.00000
  42
0.0391
  70
32
  0
VERTEX
  5
661
  100
AcDbEntity
  8
Layer 1
  62
0
  100
AcDb2dVertex
  10
0.55569
  20
5.20438
  30
0.00000
  42
-0.0252
  70
32
  0
VERTEX
  5
662
  100
AcDbEntity
  8
Layer 1
  62
0
  100
AcDb2dVertex
  10
0.81138
  20
5.41258
  30
0.00000
  42
-0.0167
  70
32
  0
VERTEX
  5
663
  100
AcDbEntity
  8
Layer 1
  62
0
  100
AcDb2dVertex
  10
0.85515
  20
5.44192
  30
0.00000
  70
32
  0
VERTEX
  5
664
  100
AcDbEntity
  8
Layer 1
  62
0
  100
AcDb2dVertex
  10
0.85824
  20
5.44316
  30
0.00000
  42
-0.2776
  70
32
  0
VERTEX
  5
665
  100
AcDbEntity
  8
Layer 1
  62
0
  100
AcDb2dVertex
  10
0.85918
  20
5.44263
  30
0.00000
  42
-0.2774
  70
32
  0
VERTEX
  5
666
  100
AcDbEntity
  8
Layer 1
  62
0
  100
AcDb2dVertex
  10
0.85915
  20
5.44156
  30
0.00000
  70
32
  0
VERTEX
  5
667
  100
AcDbEntity
  8
Layer 1
  62
0
  100
AcDb2dVertex
  10
0.51128
  20
5.14874
  30
0.00000
  42
0.0205
  70
32
  0
VERTEX
  5
668
  100
AcDbEntity
  8
Layer 1
  62
0
  100
AcDb2dVertex
  10
0.33242
  20
4.98013
  30
0.00000
  42
0.3245
  70
32
  0
VERTEX
  5
669
  100
AcDbEntity
  8
Layer 1
  62
0
  100
AcDb2dVertex
  10
0.33147
  20
4.97373
  30
0.00000
  42
0.1554
  70
32
  0
VERTEX
  5
66A
  100
AcDbEntity
  8
Layer 1
  62
0
  100
AcDb2dVertex
  10
0.37437
  20
4.92391
  30
0.00000
  42
0.2847
  70
32
  0
VERTEX
  5
66B
  100
AcDbEntity
  8
Layer 1
  62
0
  100
AcDb2dVertex
  10
0.38241
  20
4.92446
  30
0.00000
  42
0.0129
  70
32
  0
VERTEX
  5
66C
  100
AcDbEntity
  8
Layer 1
  62
0
  100
AcDb2dVertex
  10
0.76130
  20
5.25995
  30
0.00000
  70
32
  0
VERTEX
  5
66D
  100
AcDbEntity
  8
Layer 1
  62
0
  100
AcDb2dVertex
  10
0.86425
  20
5.35308
  30
0.00000
  42
-0.1284
  70
32
  0
VERTEX
  5
66E
  100
AcDbEntity
  8
Layer 1
  62
0
  100
AcDb2dVertex
  10
0.89127
  20
5.36589
  30
0.00000
  70
32
  0
VERTEX
  5
66F
  100
AcDbEntity
  8
Layer 1
  62
0
  100
AcDb2dVertex
  10
0.89436
  20
5.36576
  30
0.00000
  42
-0.4890
  70
32
  0
VERTEX
  5
670
  100
AcDbEntity
  8
Layer 1
  62
0
  100
AcDb2dVertex
  10
0.89477
  20
5.36324
  30
0.00000
  70
32
  0
VERTEX
  5
671
  100
AcDbEntity
  8
Layer 1
  62
0
  100
AcDb2dVertex
  10
0.76438
  20
5.24700
  30
0.00000
  42
0.0222
  70
32
  0
VERTEX
  5
672
  100
AcDbEntity
  8
Layer 1
  62
0
  100
AcDb2dVertex
  10
0.42816
  20
4.92840
  30
0.00000
  42
0.0379
  70
32
  0
VERTEX
  5
673
  100
AcDbEntity
  8
Layer 1
  62
0
  100
AcDb2dVertex
  10
0.40150
  20
4.89374
  30
0.00000
  42
0.3155
  70
32
  0
VERTEX
  5
674
  100
AcDbEntity
  8
Layer 1
  62
0
  100
AcDb2dVertex
  10
0.40244
  20
4.89174
  30
0.00000
  42
0.3154
  70
32
  0
VERTEX
  5
675
  100
AcDbEntity
  8
Layer 1
  62
0
  100
AcDb2dVertex
  10
0.40464
  20
4.89194
  30
0.00000
  42
0.0524
  70
32
  0
VERTEX
  5
676
  100
AcDbEntity
  8
Layer 1
  62
0
  100
AcDb2dVertex
  10
0.50582
  20
4.95177
  30
0.00000
  42
0.0378
  70
32
  0
VERTEX
  5
677
  100
AcDbEntity
  8
Layer 1
  62
0
  100
AcDb2dVertex
  10
0.69975
  20
5.12613
  30
0.00000
  42
-0.0296
  70
32
  0
VERTEX
  5
678
  100
AcDbEntity
  8
Layer 1
  62
0
  100
AcDb2dVertex
  10
0.82787
  20
5.24158
  30
0.00000
  42
-0.3236
  70
32
  0
VERTEX
  5
679
  100
AcDbEntity
  8
Layer 1
  62
0
  100
AcDb2dVertex
  10
0.82897
  20
5.24150
  30
0.00000
  42
-0.3234
  70
32
  0
VERTEX
  5
67A
  100
AcDbEntity
  8
Layer 1
  62
0
  100
AcDb2dVertex
  10
0.82923
  20
5.24043
  30
0.00000
  42
-0.0083
  70
32
  0
VERTEX
  5
67B
  100
AcDbEntity
  8
Layer 1
  62
0
  100
AcDb2dVertex
  10
0.70084
  20
5.10710
  30
0.00000
  42
0.0577
  70
32
  0
VERTEX
  5
67C
  100
AcDbEntity
  8
Layer 1
  62
0
  100
AcDb2dVertex
  10
0.69675
  20
5.10222
  30
0.00000
  42
0.5573
  70
32
  0
VERTEX
  5
67D
  100
AcDbEntity
  8
Layer 1
  62
0
  100
AcDb2dVertex
  10
0.69785
  20
5.09997
  30
0.00000
  42
0.1057
  70
32
  0
VERTEX
  5
67E
  100
AcDbEntity
  8
Layer 1
  62
0
  100
AcDb2dVertex
  10
0.70111
  20
5.10093
  30
0.00000
  42
0.0348
  70
32
  0
VERTEX
  5
67F
  100
AcDbEntity
  8
Layer 1
  62
0
  100
AcDb2dVertex
  10
0.82263
  20
5.18526
  30
0.00000
  42
-0.0136
  70
32
  0
VERTEX
  5
680
  100
AcDbEntity
  8
Layer 1
  62
0
  100
AcDb2dVertex
  10
1.61164
  20
5.76517
  30
0.00000
  42
0.0054
  70
32
  0
VERTEX
  5
681
  100
AcDbEntity
  8
Layer 1
  62
0
  100
AcDb2dVertex
  10
2.93990
  20
6.73149
  30
0.00000
  70
32
  0
VERTEX
  5
682
  100
AcDbEntity
  8
Layer 1
  62
0
  100
AcDb2dVertex
  10
5.28771
  20
8.48627
  30
0.00000
  70
32
  0
VERTEX
  5
683
  100
AcDbEntity
  8
Layer 1
  62
0
  100
AcDb2dVertex
  10
6.68117
  20
9.55538
  30
0.00000
  42
0.1526
  70
32
  0
VERTEX
  5
684
  100
AcDbEntity
  8
Layer 1
  62
0
  100
AcDb2dVertex
  10
6.68451
  20
9.56594
  30
0.00000
  42
-0.0702
  70
32
  0
VERTEX
  5
685
  100
AcDbEntity
  8
Layer 1
  62
0
  100
AcDb2dVertex
  10
6.70898
  20
9.66576
  30
0.00000
  42
-0.1519
  70
32
  0
VERTEX
  5
686
  100
AcDbEntity
  8
Layer 1
  62
0
  100
AcDb2dVertex
  10
6.79365
  20
9.74782
  30
0.00000
  70
32
  0
VERTEX
  5
687
  100
AcDbEntity
  8
Layer 1
  62
0
  100
AcDb2dVertex
  10
6.90773
  20
9.80787
  30
0.00000
  42
0.1690
  70
32
  0
VERTEX
  5
688
  100
AcDbEntity
  8
Layer 1
  62
0
  100
AcDb2dVertex
  10
6.97056
  20
9.87414
  30
0.00000
  42
0.0062
  70
32
  0
VERTEX
  5
689
  100
AcDbEntity
  8
Layer 1
  62
0
  100
AcDb2dVertex
  10
6.98499
  20
9.93801
  30
0.00000
  42
-0.2196
  70
32
  0
VERTEX
  5
68A
  100
AcDbEntity
  8
Layer 1
  62
0
  100
AcDb2dVertex
  10
7.08552
  20
10.03370
  30
0.00000
  42
0.0119
  70
32
  0
VERTEX
  5
68B
  100
AcDbEntity
  8
Layer 1
  62
0
  100
AcDb2dVertex
  10
7.20794
  20
10.07811
  30
0.00000
  42
0.0420
  70
32
  0
VERTEX
  5
68C
  100
AcDbEntity
  8
Layer 1
  62
0
  100
AcDb2dVertex
  10
7.24791
  20
10.10042
  30
0.00000
  42
0.1822
  70
32
  0
VERTEX
  5
68D
  100
AcDbEntity
  8
Layer 1
  62
0
  100
AcDb2dVertex
  10
7.25090
  20
10.10475
  30
0.00000
  42
0.1100
  70
32
  0
VERTEX
  5
68E
  100
AcDbEntity
  8
Layer 1
  62
0
  100
AcDb2dVertex
  10
7.25033
  20
10.10837
  30
0.00000
  42
-0.1934
  70
32
  0
VERTEX
  5
68F
  100
AcDbEntity
  8
Layer 1
  62
0
  100
AcDb2dVertex
  10
7.25373
  20
10.17440
  30
0.00000
  42
0.0243
  70
32
  0
VERTEX
  5
690
  100
AcDbEntity
  8
Layer 1
  62
0
  100
AcDb2dVertex
  10
7.25666
  20
10.18539
  30
0.00000
  42
0.1332
  70
32
  0
VERTEX
  5
691
  100
AcDbEntity
  8
Layer 1
  62
0
  100
AcDb2dVertex
  10
7.25509
  20
10.19101
  30
0.00000
  42
-0.0737
  70
32
  0
VERTEX
  5
692
  100
AcDbEntity
  8
Layer 1
  62
0
  100
AcDb2dVertex
  10
7.22037
  20
10.27691
  30
0.00000
  42
0.1729
  70
32
  0
VERTEX
  5
693
  100
AcDbEntity
  8
Layer 1
  62
0
  100
AcDb2dVertex
  10
7.18272
  20
10.33464
  30
0.00000
  42
0.2944
  70
32
  0
VERTEX
  5
694
  100
AcDbEntity
  8
Layer 1
  62
0
  100
AcDb2dVertex
  10
7.15751
  20
10.33539
  30
0.00000
  42
-0.0440
  70
32
  0
VERTEX
  5
695
  100
AcDbEntity
  8
Layer 1
  62
0
  100
AcDb2dVertex
  10
7.09387
  20
10.32061
  30
0.00000
  42
0.1196
  70
32
  0
VERTEX
  5
696
  100
AcDbEntity
  8
Layer 1
  62
0
  100
AcDb2dVertex
  10
6.99102
  20
10.26937
  30
0.00000
  70
32
  0
VERTEX
  5
697
  100
AcDbEntity
  8
Layer 1
  62
0
  100
AcDb2dVertex
  10
5.70737
  20
9.28634
  30
0.00000
  42
-0.0112
  70
32
  0
VERTEX
  5
698
  100
AcDbEntity
  8
Layer 1
  62
0
  100
AcDb2dVertex
  10
4.94864
  20
8.72190
  30
0.00000
  42
0.0067
  70
32
  0
VERTEX
  5
699
  100
AcDbEntity
  8
Layer 1
  62
0
  100
AcDb2dVertex
  10
4.64877
  20
8.48541
  30
0.00000
  70
32
  0
VERTEX
  5
69A
  100
AcDbEntity
  8
Layer 1
  62
0
  100
AcDb2dVertex
  10
3.85962
  20
7.89712
  30
0.00000
  70
32
  0
VERTEX
  5
69B
  100
AcDbEntity
  8
Layer 1
  62
0
  100
AcDb2dVertex
  10
3.36486
  20
7.52290
  30
0.00000
  70
32
  0
VERTEX
  5
69C
  100
AcDbEntity
  8
Layer 1
  62
0
  100
AcDb2dVertex
  10
2.07024
  20
6.53489
  30
0.00000
  70
32
  0
VERTEX
  5
69D
  100
AcDbEntity
  8
Layer 1
  62
0
  100
AcDb2dVertex
  10
1.26999
  20
5.92918
  30
0.00000
  70
32
  0
VERTEX
  5
69E
  100
AcDbEntity
  8
Layer 1
  62
0
  100
AcDb2dVertex
  10
0.77248
  20
5.55844
  30
0.00000
  70
32
  0
VERTEX
  5
69F
  100
AcDbEntity
  8
Layer 1
  62
0
  100
AcDb2dVertex
  10
0.52508
  20
5.37728
  30
0.00000
  42
0.0415
  70
32
  0
VERTEX
  5
6A0
  100
AcDbEntity
  8
Layer 1
  62
0
  100
AcDb2dVertex
  10
0.41920
  20
5.29833
  30
0.00000
  42
-0.0212
  70
32
  0
VERTEX
  5
6A1
  100
AcDbEntity
  8
Layer 1
  62
0
  100
AcDb2dVertex
  10
0.37525
  20
5.24800
  30
0.00000
  70
32
  0
SEQEND
  5
6A2
  100
AcDbEntity
  8
Layer 1
  62
0
  0
POLYLINE
  5
6A3
  100
AcDbEntity
  8
Layer 1
  62
0
  100
AcDb2dPolyline
 66
     1
  10
0
  20
0
  30
0
  70
1
  0
VERTEX
  5
6A4
  100
AcDbEntity
  8
Layer 1
  62
0
  100
AcDb2dVertex
  10
6.30754
  20
10.05934
  30
0.00000
  42
0.0268
  70
32
  0
VERTEX
  5
6A5
  100
AcDbEntity
  8
Layer 1
  62
0
  100
AcDb2dVertex
  10
6.60205
  20
10.27061
  30
0.00000
  42
-0.0123
  70
32
  0
VERTEX
  5
6A6
  100
AcDbEntity
  8
Layer 1
  62
0
  100
AcDb2dVertex
  10
6.87063
  20
10.47258
  30
0.00000
  42
0.1071
  70
32
  0
VERTEX
  5
6A7
  100
AcDbEntity
  8
Layer 1
  62
0
  100
AcDb2dVertex
  10
6.87253
  20
10.47468
  30
0.00000
  42
0.1771
  70
32
  0
VERTEX
  5
6A8
  100
AcDbEntity
  8
Layer 1
  62
0
  100
AcDb2dVertex
  10
6.87257
  20
10.47717
  30
0.00000
  42
0.0806
  70
32
  0
VERTEX
  5
6A9
  100
AcDbEntity
  8
Layer 1
  62
0
  100
AcDb2dVertex
  10
6.86104
  20
10.49392
  30
0.00000
  42
0.0733
  70
32
  0
VERTEX
  5
6AA
  100
AcDbEntity
  8
Layer 1
  62
0
  100
AcDb2dVertex
  10
6.79082
  20
10.54251
  30
0.00000
  70
32
  0
VERTEX
  5
6AB
  100
AcDbEntity
  8
Layer 1
  62
0
  100
AcDb2dVertex
  10
6.77564
  20
10.55188
  30
0.00000
  42
0.2259
  70
32
  0
VERTEX
  5
6AC
  100
AcDbEntity
  8
Layer 1
  62
0
  100
AcDb2dVertex
  10
6.77259
  20
10.55205
  30
0.00000
  42
0.0733
  70
32
  0
VERTEX
  5
6AD
  100
AcDbEntity
  8
Layer 1
  62
0
  100
AcDb2dVertex
  10
6.76580
  20
10.54769
  30
0.00000
  70
32
  0
VERTEX
  5
6AE
  100
AcDbEntity
  8
Layer 1
  62
0
  100
AcDb2dVertex
  10
6.01012
  20
9.99216
  30
0.00000
  42
-0.0080
  70
32
  0
VERTEX
  5
6AF
  100
AcDbEntity
  8
Layer 1
  62
0
  100
AcDb2dVertex
  10
5.98607
  20
9.97496
  30
0.00000
  70
32
  0
VERTEX
  5
6B0
  100
AcDbEntity
  8
Layer 1
  62
0
  100
AcDb2dVertex
  10
5.98287
  20
9.97352
  30
0.00000
  42
-0.2753
  70
32
  0
VERTEX
  5
6B1
  100
AcDbEntity
  8
Layer 1
  62
0
  100
AcDb2dVertex
  10
5.98201
  20
9.97393
  30
0.00000
  42
-0.2757
  70
32
  0
VERTEX
  5
6B2
  100
AcDbEntity
  8
Layer 1
  62
0
  100
AcDb2dVertex
  10
5.98196
  20
9.97489
  30
0.00000
  42
-0.0186
  70
32
  0
VERTEX
  5
6B3
  100
AcDbEntity
  8
Layer 1
  62
0
  100
AcDb2dVertex
  10
6.41577
  20
10.31045
  30
0.00000
  42
0.0126
  70
32
  0
VERTEX
  5
6B4
  100
AcDbEntity
  8
Layer 1
  62
0
  100
AcDb2dVertex
  10
6.75063
  20
10.56686
  30
0.00000
  42
0.3777
  70
32
  0
VERTEX
  5
6B5
  100
AcDbEntity
  8
Layer 1
  62
0
  100
AcDb2dVertex
  10
6.75258
  20
10.57199
  30
0.00000
  42
0.0846
  70
32
  0
VERTEX
  5
6B6
  100
AcDbEntity
  8
Layer 1
  62
0
  100
AcDb2dVertex
  10
6.75020
  20
10.57360
  30
0.00000
  42
-0.0199
  70
32
  0
VERTEX
  5
6B7
  100
AcDbEntity
  8
Layer 1
  62
0
  100
AcDb2dVertex
  10
6.70191
  20
10.60844
  30
0.00000
  42
0.0437
  70
32
  0
VERTEX
  5
6B8
  100
AcDbEntity
  8
Layer 1
  62
0
  100
AcDb2dVertex
  10
6.69163
  20
10.61386
  30
0.00000
  42
0.2261
  70
32
  0
VERTEX
  5
6B9
  100
AcDbEntity
  8
Layer 1
  62
0
  100
AcDb2dVertex
  10
6.68649
  20
10.61354
  30
0.00000
  42
0.0170
  70
32
  0
VERTEX
  5
6BA
  100
AcDbEntity
  8
Layer 1
  62
0
  100
AcDb2dVertex
  10
6.34131
  20
10.35360
  30
0.00000
  42
-0.0249
  70
32
  0
VERTEX
  5
6BB
  100
AcDbEntity
  8
Layer 1
  62
0
  100
AcDb2dVertex
  10
6.05000
  20
10.14385
  30
0.00000
  42
-0.1246
  70
32
  0
VERTEX
  5
6BC
  100
AcDbEntity
  8
Layer 1
  62
0
  100
AcDb2dVertex
  10
6.04674
  20
10.14270
  30
0.00000
  42
-0.2928
  70
32
  0
VERTEX
  5
6BD
  100
AcDbEntity
  8
Layer 1
  62
0
  100
AcDb2dVertex
  10
6.04573
  20
10.14364
  30
0.00000
  42
-0.2925
  70
32
  0
VERTEX
  5
6BE
  100
AcDbEntity
  8
Layer 1
  62
0
  100
AcDb2dVertex
  10
6.04618
  20
10.14495
  30
0.00000
  42
-0.0303
  70
32
  0
VERTEX
  5
6BF
  100
AcDbEntity
  8
Layer 1
  62
0
  100
AcDb2dVertex
  10
6.19907
  20
10.26430
  30
0.00000
  42
-0.0116
  70
32
  0
VERTEX
  5
6C0
  100
AcDbEntity
  8
Layer 1
  62
0
  100
AcDb2dVertex
  10
6.25497
  20
10.29654
  30
0.00000
  42
-0.0511
  70
32
  0
VERTEX
  5
6C1
  100
AcDbEntity
  8
Layer 1
  62
0
  100
AcDb2dVertex
  10
6.39912
  20
10.41880
  30
0.00000
  70
32
  0
VERTEX
  5
6C2
  100
AcDbEntity
  8
Layer 1
  62
0
  100
AcDb2dVertex
  10
6.55753
  20
10.54379
  30
0.00000
  42
0.0482
  70
32
  0
VERTEX
  5
6C3
  100
AcDbEntity
  8
Layer 1
  62
0
  100
AcDb2dVertex
  10
6.65780
  20
10.63686
  30
0.00000
  42
0.3646
  70
32
  0
VERTEX
  5
6C4
  100
AcDbEntity
  8
Layer 1
  62
0
  100
AcDb2dVertex
  10
6.65707
  20
10.63964
  30
0.00000
  42
0.2847
  70
32
  0
VERTEX
  5
6C5
  100
AcDbEntity
  8
Layer 1
  62
0
  100
AcDb2dVertex
  10
6.59348
  20
10.63574
  30
0.00000
  42
0.0294
  70
32
  0
VERTEX
  5
6C6
  100
AcDbEntity
  8
Layer 1
  62
0
  100
AcDb2dVertex
  10
6.51861
  20
10.57742
  30
0.00000
  42
-0.0135
  70
32
  0
VERTEX
  5
6C7
  100
AcDbEntity
  8
Layer 1
  62
0
  100
AcDb2dVertex
  10
6.18061
  20
10.31664
  30
0.00000
  70
32
  0
VERTEX
  5
6C8
  100
AcDbEntity
  8
Layer 1
  62
0
  100
AcDb2dVertex
  10
6.17737
  20
10.31519
  30
0.00000
  42
-0.2731
  70
32
  0
VERTEX
  5
6C9
  100
AcDbEntity
  8
Layer 1
  62
0
  100
AcDb2dVertex
  10
6.17649
  20
10.31565
  30
0.00000
  42
-0.2733
  70
32
  0
VERTEX
  5
6CA
  100
AcDbEntity
  8
Layer 1
  62
0
  100
AcDb2dVertex
  10
6.17646
  20
10.31664
  30
0.00000
  70
32
  0
VERTEX
  5
6CB
  100
AcDbEntity
  8
Layer 1
  62
0
  100
AcDb2dVertex
  10
6.50755
  20
10.59390
  30
0.00000
  42
0.0104
  70
32
  0
VERTEX
  5
6CC
  100
AcDbEntity
  8
Layer 1
  62
0
  100
AcDb2dVertex
  10
6.60028
  20
10.67527
  30
0.00000
  42
0.2188
  70
32
  0
VERTEX
  5
6CD
  100
AcDbEntity
  8
Layer 1
  62
0
  100
AcDb2dVertex
  10
6.60152
  20
10.67815
  30
0.00000
  42
0.1501
  70
32
  0
VERTEX
  5
6CE
  100
AcDbEntity
  8
Layer 1
  62
0
  100
AcDb2dVertex
  10
6.59989
  20
10.68115
  30
0.00000
  42
0.3946
  70
32
  0
VERTEX
  5
6CF
  100
AcDbEntity
  8
Layer 1
  62
0
  100
AcDb2dVertex
  10
6.54372
  20
10.68359
  30
0.00000
  70
32
  0
VERTEX
  5
6D0
  100
AcDbEntity
  8
Layer 1
  62
0
  100
AcDb2dVertex
  10
6.41874
  20
10.58193
  30
0.00000
  70
32
  0
VERTEX
  5
6D1
  100
AcDbEntity
  8
Layer 1
  62
0
  100
AcDb2dVertex
  10
5.24891
  20
9.69623
  30
0.00000
  70
32
  0
VERTEX
  5
6D2
  100
AcDbEntity
  8
Layer 1
  62
0
  100
AcDb2dVertex
  10
4.64058
  20
9.23840
  30
0.00000
  70
32
  0
VERTEX
  5
6D3
  100
AcDbEntity
  8
Layer 1
  62
0
  100
AcDb2dVertex
  10
3.84280
  20
8.63359
  30
0.00000
  70
32
  0
VERTEX
  5
6D4
  100
AcDbEntity
  8
Layer 1
  62
0
  100
AcDb2dVertex
  10
2.55648
  20
7.65329
  30
0.00000
  70
32
  0
VERTEX
  5
6D5
  100
AcDbEntity
  8
Layer 1
  62
0
  100
AcDb2dVertex
  10
2.07002
  20
7.28121
  30
0.00000
  42
-0.0055
  70
32
  0
VERTEX
  5
6D6
  100
AcDbEntity
  8
Layer 1
  62
0
  100
AcDb2dVertex
  10
1.45060
  20
6.80500
  30
0.00000
  42
0.0075
  70
32
  0
VERTEX
  5
6D7
  100
AcDbEntity
  8
Layer 1
  62
0
  100
AcDb2dVertex
  10
0.96457
  20
6.43979
  30
0.00000
  70
32
  0
VERTEX
  5
6D8
  100
AcDbEntity
  8
Layer 1
  62
0
  100
AcDb2dVertex
  10
0.73640
  20
6.27064
  30
0.00000
  42
0.0365
  70
32
  0
VERTEX
  5
6D9
  100
AcDbEntity
  8
Layer 1
  62
0
  100
AcDb2dVertex
  10
0.42250
  20
5.97855
  30
0.00000
  70
32
  0
VERTEX
  5
6DA
  100
AcDbEntity
  8
Layer 1
  62
0
  100
AcDb2dVertex
  10
0.12341
  20
5.66225
  30
0.00000
  42
0.2635
  70
32
  0
VERTEX
  5
6DB
  100
AcDbEntity
  8
Layer 1
  62
0
  100
AcDb2dVertex
  10
0.12133
  20
5.65555
  30
0.00000
  42
0.0858
  70
32
  0
VERTEX
  5
6DC
  100
AcDbEntity
  8
Layer 1
  62
0
  100
AcDb2dVertex
  10
0.13534
  20
5.59693
  30
0.00000
  70
32
  0
VERTEX
  5
6DD
  100
AcDbEntity
  8
Layer 1
  62
0
  100
AcDb2dVertex
  10
0.13635
  20
5.59591
  30
0.00000
  42
0.2925
  70
32
  0
VERTEX
  5
6DE
  100
AcDbEntity
  8
Layer 1
  62
0
  100
AcDb2dVertex
  10
0.13882
  20
5.59608
  30
0.00000
  42
0.0878
  70
32
  0
VERTEX
  5
6DF
  100
AcDbEntity
  8
Layer 1
  62
0
  100
AcDb2dVertex
  10
0.14410
  20
5.60130
  30
0.00000
  42
-0.0266
  70
32
  0
VERTEX
  5
6E0
  100
AcDbEntity
  8
Layer 1
  62
0
  100
AcDb2dVertex
  10
0.59883
  20
6.08760
  30
0.00000
  70
32
  0
VERTEX
  5
6E1
  100
AcDbEntity
  8
Layer 1
  62
0
  100
AcDb2dVertex
  10
0.60018
  20
6.08821
  30
0.00000
  42
-0.4356
  70
32
  0
VERTEX
  5
6E2
  100
AcDbEntity
  8
Layer 1
  62
0
  100
AcDb2dVertex
  10
0.60162
  20
6.08681
  30
0.00000
  70
32
  0
VERTEX
  5
6E3
  100
AcDbEntity
  8
Layer 1
  62
0
  100
AcDb2dVertex
  10
0.60102
  20
6.08545
  30
0.00000
  42
0.0195
  70
32
  0
VERTEX
  5
6E4
  100
AcDbEntity
  8
Layer 1
  62
0
  100
AcDb2dVertex
  10
0.24413
  20
5.68139
  30
0.00000
  42
-0.0124
  70
32
  0
VERTEX
  5
6E5
  100
AcDbEntity
  8
Layer 1
  62
0
  100
AcDb2dVertex
  10
0.17763
  20
5.60384
  30
0.00000
  42
0.0989
  70
32
  0
VERTEX
  5
6E6
  100
AcDbEntity
  8
Layer 1
  62
0
  100
AcDb2dVertex
  10
0.14063
  20
5.56185
  30
0.00000
  42
0.2067
  70
32
  0
VERTEX
  5
6E7
  100
AcDbEntity
  8
Layer 1
  62
0
  100
AcDb2dVertex
  10
0.14099
  20
5.53014
  30
0.00000
  42
0.5351
  70
32
  0
VERTEX
  5
6E8
  100
AcDbEntity
  8
Layer 1
  62
0
  100
AcDb2dVertex
  10
0.14660
  20
5.52993
  30
0.00000
  42
-0.0126
  70
32
  0
VERTEX
  5
6E9
  100
AcDbEntity
  8
Layer 1
  62
0
  100
AcDb2dVertex
  10
0.47037
  20
5.88364
  30
0.00000
  42
-0.0258
  70
32
  0
VERTEX
  5
6EA
  100
AcDbEntity
  8
Layer 1
  62
0
  100
AcDb2dVertex
  10
0.62748
  20
6.02809
  30
0.00000
  42
-0.3232
  70
32
  0
VERTEX
  5
6EB
  100
AcDbEntity
  8
Layer 1
  62
0
  100
AcDb2dVertex
  10
0.62860
  20
6.02797
  30
0.00000
  42
-0.3232
  70
32
  0
VERTEX
  5
6EC
  100
AcDbEntity
  8
Layer 1
  62
0
  100
AcDb2dVertex
  10
0.62883
  20
6.02687
  30
0.00000
  42
0.0126
  70
32
  0
VERTEX
  5
6ED
  100
AcDbEntity
  8
Layer 1
  62
0
  100
AcDb2dVertex
  10
0.31711
  20
5.70068
  30
0.00000
  42
0.0346
  70
32
  0
VERTEX
  5
6EE
  100
AcDbEntity
  8
Layer 1
  62
0
  100
AcDb2dVertex
  10
0.15624
  20
5.49225
  30
0.00000
  42
0.1040
  70
32
  0
VERTEX
  5
6EF
  100
AcDbEntity
  8
Layer 1
  62
0
  100
AcDb2dVertex
  10
0.15383
  20
5.46734
  30
0.00000
  70
32
  0
VERTEX
  5
6F0
  100
AcDbEntity
  8
Layer 1
  62
0
  100
AcDb2dVertex
  10
0.16007
  20
5.40802
  30
0.00000
  70
32
  0
VERTEX
  5
6F1
  100
AcDbEntity
  8
Layer 1
  62
0
  100
AcDb2dVertex
  10
0.16076
  20
5.40542
  30
0.00000
  42
0.4919
  70
32
  0
VERTEX
  5
6F2
  100
AcDbEntity
  8
Layer 1
  62
0
  100
AcDb2dVertex
  10
0.16214
  20
5.40531
  30
0.00000
  42
-0.0373
  70
32
  0
VERTEX
  5
6F3
  100
AcDbEntity
  8
Layer 1
  62
0
  100
AcDb2dVertex
  10
0.41420
  20
5.72017
  30
0.00000
  42
0.0183
  70
32
  0
VERTEX
  5
6F4
  100
AcDbEntity
  8
Layer 1
  62
0
  100
AcDb2dVertex
  10
0.56737
  20
5.89500
  30
0.00000
  42
-0.0961
  70
32
  0
VERTEX
  5
6F5
  100
AcDbEntity
  8
Layer 1
  62
0
  100
AcDb2dVertex
  10
0.62078
  20
5.93813
  30
0.00000
  70
32
  0
VERTEX
  5
6F6
  100
AcDbEntity
  8
Layer 1
  62
0
  100
AcDb2dVertex
  10
0.62205
  20
5.93823
  30
0.00000
  42
-0.4157
  70
32
  0
VERTEX
  5
6F7
  100
AcDbEntity
  8
Layer 1
  62
0
  100
AcDb2dVertex
  10
0.62301
  20
5.93685
  30
0.00000
  42
-0.1332
  70
32
  0
VERTEX
  5
6F8
  100
AcDbEntity
  8
Layer 1
  62
0
  100
AcDb2dVertex
  10
0.62168
  20
5.93445
  30
0.00000
  70
32
  0
VERTEX
  5
6F9
  100
AcDbEntity
  8
Layer 1
  62
0
  100
AcDb2dVertex
  10
0.37852
  20
5.66451
  30
0.00000
  42
0.0391
  70
32
  0
VERTEX
  5
6FA
  100
AcDbEntity
  8
Layer 1
  62
0
  100
AcDb2dVertex
  10
0.20813
  20
5.43664
  30
0.00000
  42
0.1699
  70
32
  0
VERTEX
  5
6FB
  100
AcDbEntity
  8
Layer 1
  62
0
  100
AcDb2dVertex
  10
0.17548
  20
5.30067
  30
0.00000
  42
0.0582
  70
32
  0
VERTEX
  5
6FC
  100
AcDbEntity
  8
Layer 1
  62
0
  100
AcDb2dVertex
  10
0.18586
  20
5.26074
  30
0.00000
  42
0.1331
  70
32
  0
VERTEX
  5
6FD
  100
AcDbEntity
  8
Layer 1
  62
0
  100
AcDb2dVertex
  10
0.18771
  20
5.25857
  30
0.00000
  42
0.3435
  70
32
  0
VERTEX
  5
6FE
  100
AcDbEntity
  8
Layer 1
  62
0
  100
AcDb2dVertex
  10
0.18953
  20
5.25855
  30
0.00000
  70
32
  0
VERTEX
  5
6FF
  100
AcDbEntity
  8
Layer 1
  62
0
  100
AcDb2dVertex
  10
0.19029
  20
5.25943
  30
0.00000
  42
-0.0595
  70
32
  0
VERTEX
  5
700
  100
AcDbEntity
  8
Layer 1
  62
0
  100
AcDb2dVertex
  10
0.45806
  20
5.63137
  30
0.00000
  42
-0.0129
  70
32
  0
VERTEX
  5
701
  100
AcDbEntity
  8
Layer 1
  62
0
  100
AcDb2dVertex
  10
0.64418
  20
5.82837
  30
0.00000
  42
-0.3296
  70
32
  0
VERTEX
  5
702
  100
AcDbEntity
  8
Layer 1
  62
0
  100
AcDb2dVertex
  10
0.64552
  20
5.82813
  30
0.00000
  42
-0.3298
  70
32
  0
VERTEX
  5
703
  100
AcDbEntity
  8
Layer 1
  62
0
  100
AcDb2dVertex
  10
0.64569
  20
5.82677
  30
0.00000
  42
-0.0263
  70
32
  0
VERTEX
  5
704
  100
AcDbEntity
  8
Layer 1
  62
0
  100
AcDb2dVertex
  10
0.64082
  20
5.82075
  30
0.00000
  42
0.0071
  70
32
  0
VERTEX
  5
705
  100
AcDbEntity
  8
Layer 1
  62
0
  100
AcDb2dVertex
  10
0.36483
  20
5.49518
  30
0.00000
  42
0.0256
  70
32
  0
VERTEX
  5
706
  100
AcDbEntity
  8
Layer 1
  62
0
  100
AcDb2dVertex
  10
0.22745
  20
5.30337
  30
0.00000
  42
0.1760
  70
32
  0
VERTEX
  5
707
  100
AcDbEntity
  8
Layer 1
  62
0
  100
AcDb2dVertex
  10
0.19905
  20
5.18675
  30
0.00000
  42
0.4702
  70
32
  0
VERTEX
  5
708
  100
AcDbEntity
  8
Layer 1
  62
0
  100
AcDb2dVertex
  10
0.20212
  20
5.18538
  30
0.00000
  70
32
  0
VERTEX
  5
709
  100
AcDbEntity
  8
Layer 1
  62
0
  100
AcDb2dVertex
  10
0.23868
  20
5.21457
  30
0.00000
  42
0.1367
  70
32
  0
VERTEX
  5
70A
  100
AcDbEntity
  8
Layer 1
  62
0
  100
AcDb2dVertex
  10
0.25453
  20
5.25899
  30
0.00000
  42
-0.0920
  70
32
  0
VERTEX
  5
70B
  100
AcDbEntity
  8
Layer 1
  62
0
  100
AcDb2dVertex
  10
0.26226
  20
5.27836
  30
0.00000
  42
-0.0408
  70
32
  0
VERTEX
  5
70C
  100
AcDbEntity
  8
Layer 1
  62
0
  100
AcDb2dVertex
  10
0.31373
  20
5.32902
  30
0.00000
  42
0.0098
  70
32
  0
VERTEX
  5
70D
  100
AcDbEntity
  8
Layer 1
  62
0
  100
AcDb2dVertex
  10
0.40535
  20
5.43683
  30
0.00000
  42
-0.0093
  70
32
  0
VERTEX
  5
70E
  100
AcDbEntity
  8
Layer 1
  62
0
  100
AcDb2dVertex
  10
0.68703
  20
5.75577
  30
0.00000
  42
-0.0441
  70
32
  0
VERTEX
  5
70F
  100
AcDbEntity
  8
Layer 1
  62
0
  100
AcDb2dVertex
  10
0.78658
  20
5.84455
  30
0.00000
  70
32
  0
VERTEX
  5
710
  100
AcDbEntity
  8
Layer 1
  62
0
  100
AcDb2dVertex
  10
0.78910
  20
5.84570
  30
0.00000
  42
-0.5760
  70
32
  0
VERTEX
  5
711
  100
AcDbEntity
  8
Layer 1
  62
0
  100
AcDb2dVertex
  10
0.79001
  20
5.84358
  30
0.00000
  42
-0.0053
  70
32
  0
VERTEX
  5
712
  100
AcDbEntity
  8
Layer 1
  62
0
  100
AcDb2dVertex
  10
0.52819
  20
5.56174
  30
0.00000
  42
0.0624
  70
32
  0
VERTEX
  5
713
  100
AcDbEntity
  8
Layer 1
  62
0
  100
AcDb2dVertex
  10
0.29483
  20
5.24596
  30
0.00000
  70
32
  0
VERTEX
  5
714
  100
AcDbEntity
  8
Layer 1
  62
0
  100
AcDb2dVertex
  10
0.29379
  20
5.24284
  30
0.00000
  42
0.4928
  70
32
  0
VERTEX
  5
715
  100
AcDbEntity
  8
Layer 1
  62
0
  100
AcDb2dVertex
  10
0.29499
  20
5.24179
  30
0.00000
  42
0.1010
  70
32
  0
VERTEX
  5
716
  100
AcDbEntity
  8
Layer 1
  62
0
  100
AcDb2dVertex
  10
0.29820
  20
5.24320
  30
0.00000
  42
0.0718
  70
32
  0
VERTEX
  5
717
  100
AcDbEntity
  8
Layer 1
  62
0
  100
AcDb2dVertex
  10
0.47706
  20
5.40077
  30
0.00000
  42
-0.0083
  70
32
  0
VERTEX
  5
718
  100
AcDbEntity
  8
Layer 1
  62
0
  100
AcDb2dVertex
  10
0.65400
  20
5.60325
  30
0.00000
  42
-0.0510
  70
32
  0
VERTEX
  5
719
  100
AcDbEntity
  8
Layer 1
  62
0
  100
AcDb2dVertex
  10
1.02908
  20
5.93783
  30
0.00000
  42
-0.2141
  70
32
  0
VERTEX
  5
71A
  100
AcDbEntity
  8
Layer 1
  62
0
  100
AcDb2dVertex
  10
1.03094
  20
5.93792
  30
0.00000
  42
-0.3767
  70
32
  0
VERTEX
  5
71B
  100
AcDbEntity
  8
Layer 1
  62
0
  100
AcDb2dVertex
  10
1.03147
  20
5.93689
  30
0.00000
  42
-0.1450
  70
32
  0
VERTEX
  5
71C
  100
AcDbEntity
  8
Layer 1
  62
0
  100
AcDb2dVertex
  10
1.02966
  20
5.93426
  30
0.00000
  42
0.0210
  70
32
  0
VERTEX
  5
71D
  100
AcDbEntity
  8
Layer 1
  62
0
  100
AcDb2dVertex
  10
0.69234
  20
5.62258
  30
0.00000
  42
0.0353
  70
32
  0
VERTEX
  5
71E
  100
AcDbEntity
  8
Layer 1
  62
0
  100
AcDb2dVertex
  10
0.51878
  20
5.41821
  30
0.00000
  70
32
  0
VERTEX
  5
71F
  100
AcDbEntity
  8
Layer 1
  62
0
  100
AcDb2dVertex
  10
0.51711
  20
5.41531
  30
0.00000
  42
0.2837
  70
32
  0
VERTEX
  5
720
  100
AcDbEntity
  8
Layer 1
  62
0
  100
AcDb2dVertex
  10
0.51748
  20
5.41433
  30
0.00000
  42
0.2840
  70
32
  0
VERTEX
  5
721
  100
AcDbEntity
  8
Layer 1
  62
0
  100
AcDb2dVertex
  10
0.51852
  20
5.41422
  30
0.00000
  42
0.0580
  70
32
  0
VERTEX
  5
722
  100
AcDbEntity
  8
Layer 1
  62
0
  100
AcDb2dVertex
  10
0.52335
  20
5.41730
  30
0.00000
  70
32
  0
VERTEX
  5
723
  100
AcDbEntity
  8
Layer 1
  62
0
  100
AcDb2dVertex
  10
1.81470
  20
6.38346
  30
0.00000
  70
32
  0
VERTEX
  5
724
  100
AcDbEntity
  8
Layer 1
  62
0
  100
AcDb2dVertex
  10
5.72387
  20
9.34492
  30
0.00000
  70
32
  0
VERTEX
  5
725
  100
AcDbEntity
  8
Layer 1
  62
0
  100
AcDb2dVertex
  10
5.73646
  20
9.35450
  30
0.00000
  70
32
  0
VERTEX
  5
726
  100
AcDbEntity
  8
Layer 1
  62
0
  100
AcDb2dVertex
  10
7.00478
  20
10.31465
  30
0.00000
  70
32
  0
VERTEX
  5
727
  100
AcDbEntity
  8
Layer 1
  62
0
  100
AcDb2dVertex
  10
7.01736
  20
10.32424
  30
0.00000
  42
0.0073
  70
32
  0
VERTEX
  5
728
  100
AcDbEntity
  8
Layer 1
  62
0
  100
AcDb2dVertex
  10
7.05575
  20
10.35355
  30
0.00000
  42
0.5274
  70
32
  0
VERTEX
  5
729
  100
AcDbEntity
  8
Layer 1
  62
0
  100
AcDb2dVertex
  10
7.05597
  20
10.35933
  30
0.00000
  42
0.0862
  70
32
  0
VERTEX
  5
72A
  100
AcDbEntity
  8
Layer 1
  62
0
  100
AcDb2dVertex
  10
6.98271
  20
10.40389
  30
0.00000
  42
0.0510
  70
32
  0
VERTEX
  5
72B
  100
AcDbEntity
  8
Layer 1
  62
0
  100
AcDb2dVertex
  10
6.97316
  20
10.40615
  30
0.00000
  42
0.1920
  70
32
  0
VERTEX
  5
72C
  100
AcDbEntity
  8
Layer 1
  62
0
  100
AcDb2dVertex
  10
6.96783
  20
10.40401
  30
0.00000
  70
32
  0
VERTEX
  5
72D
  100
AcDbEntity
  8
Layer 1
  62
0
  100
AcDb2dVertex
  10
6.74926
  20
10.21229
  30
0.00000
  42
-0.0509
  70
32
  0
VERTEX
  5
72E
  100
AcDbEntity
  8
Layer 1
  62
0
  100
AcDb2dVertex
  10
6.58614
  20
10.09684
  30
0.00000
  70
32
  0
VERTEX
  5
72F
  100
AcDbEntity
  8
Layer 1
  62
0
  100
AcDb2dVertex
  10
6.58302
  20
10.09581
  30
0.00000
  42
-0.2808
  70
32
  0
VERTEX
  5
730
  100
AcDbEntity
  8
Layer 1
  62
0
  100
AcDb2dVertex
  10
6.58217
  20
10.09621
  30
0.00000
  42
-0.2807
  70
32
  0
VERTEX
  5
731
  100
AcDbEntity
  8
Layer 1
  62
0
  100
AcDb2dVertex
  10
6.58213
  20
10.09715
  30
0.00000
  42
0.0050
  70
32
  0
VERTEX
  5
732
  100
AcDbEntity
  8
Layer 1
  62
0
  100
AcDb2dVertex
  10
6.95057
  20
10.41671
  30
0.00000
  42
0.2979
  70
32
  0
VERTEX
  5
733
  100
AcDbEntity
  8
Layer 1
  62
0
  100
AcDb2dVertex
  10
6.95149
  20
10.42141
  30
0.00000
  42
0.4238
  70
32
  0
VERTEX
  5
734
  100
AcDbEntity
  8
Layer 1
  62
0
  100
AcDb2dVertex
  10
6.87704
  20
10.45168
  30
0.00000
  42
0.0884
  70
32
  0
VERTEX
  5
735
  100
AcDbEntity
  8
Layer 1
  62
0
  100
AcDb2dVertex
  10
6.78263
  20
10.39011
  30
0.00000
  42
-0.0188
  70
32
  0
VERTEX
  5
736
  100
AcDbEntity
  8
Layer 1
  62
0
  100
AcDb2dVertex
  10
6.62147
  20
10.26451
  30
0.00000
  42
-0.0233
  70
32
  0
VERTEX
  5
737
  100
AcDbEntity
  8
Layer 1
  62
0
  100
AcDb2dVertex
  10
6.23877
  20
9.99694
  30
0.00000
  70
32
  0
VERTEX
  5
738
  100
AcDbEntity
  8
Layer 1
  62
0
  100
AcDb2dVertex
  10
6.23570
  20
9.99579
  30
0.00000
  42
-0.2852
  70
32
  0
VERTEX
  5
739
  100
AcDbEntity
  8
Layer 1
  62
0
  100
AcDb2dVertex
  10
6.23484
  20
9.99618
  30
0.00000
  42
-0.2853
  70
32
  0
VERTEX
  5
73A
  100
AcDbEntity
  8
Layer 1
  62
0
  100
AcDb2dVertex
  10
6.23481
  20
9.99713
  30
0.00000
  42
0.0178
  70
32
  0
VERTEX
  5
73B
  100
AcDbEntity
  8
Layer 1
  62
0
  100
AcDb2dVertex
  10
6.30754
  20
10.05934
  30
0.00000
  70
32
  0
SEQEND
  5
73C
  100
AcDbEntity
  8
Layer 1
  62
0
  0
POLYLINE
  5
73D
  100
AcDbEntity
  8
Layer 1
  62
0
  100
AcDb2dPolyline
 66
     1
  10
0
  20
0
  30
0
  70
1
  0
VERTEX
  5
73E
  100
AcDbEntity
  8
Layer 1
  62
0
  100
AcDb2dVertex
  10
0.10306
  20
5.75905
  30
0.00000
  42
0.0114
  70
32
  0
VERTEX
  5
73F
  100
AcDbEntity
  8
Layer 1
  62
0
  100
AcDb2dVertex
  10
0.11801
  20
5.71467
  30
0.00000
  42
-0.0621
  70
32
  0
VERTEX
  5
740
  100
AcDbEntity
  8
Layer 1
  62
0
  100
AcDb2dVertex
  10
0.11868
  20
5.70242
  30
0.00000
  42
0.3240
  70
32
  0
VERTEX
  5
741
  100
AcDbEntity
  8
Layer 1
  62
0
  100
AcDb2dVertex
  10
0.11913
  20
5.70012
  30
0.00000
  42
0.3240
  70
32
  0
VERTEX
  5
742
  100
AcDbEntity
  8
Layer 1
  62
0
  100
AcDb2dVertex
  10
0.12145
  20
5.69984
  30
0.00000
  42
0.0425
  70
32
  0
VERTEX
  5
743
  100
AcDbEntity
  8
Layer 1
  62
0
  100
AcDb2dVertex
  10
0.21939
  20
5.78711
  30
0.00000
  42
-0.0068
  70
32
  0
VERTEX
  5
744
  100
AcDbEntity
  8
Layer 1
  62
0
  100
AcDb2dVertex
  10
0.38132
  20
5.95576
  30
0.00000
  42
0.0432
  70
32
  0
VERTEX
  5
745
  100
AcDbEntity
  8
Layer 1
  62
0
  100
AcDb2dVertex
  10
0.51392
  20
6.10020
  30
0.00000
  42
0.0516
  70
32
  0
VERTEX
  5
746
  100
AcDbEntity
  8
Layer 1
  62
0
  100
AcDb2dVertex
  10
0.51584
  20
6.10376
  30
0.00000
  42
0.3279
  70
32
  0
VERTEX
  5
747
  100
AcDbEntity
  8
Layer 1
  62
0
  100
AcDb2dVertex
  10
0.51580
  20
6.10477
  30
0.00000
  42
0.3280
  70
32
  0
VERTEX
  5
748
  100
AcDbEntity
  8
Layer 1
  62
0
  100
AcDb2dVertex
  10
0.51483
  20
6.10503
  30
0.00000
  42
-0.0414
  70
32
  0
VERTEX
  5
749
  100
AcDbEntity
  8
Layer 1
  62
0
  100
AcDb2dVertex
  10
0.36682
  20
5.99256
  30
0.00000
  42
0.0067
  70
32
  0
VERTEX
  5
74A
  100
AcDbEntity
  8
Layer 1
  62
0
  100
AcDb2dVertex
  10
0.23080
  20
5.89239
  30
0.00000
  42
0.0455
  70
32
  0
VERTEX
  5
74B
  100
AcDbEntity
  8
Layer 1
  62
0
  100
AcDb2dVertex
  10
0.12218
  20
5.80660
  30
0.00000
  42
0.2478
  70
32
  0
VERTEX
  5
74C
  100
AcDbEntity
  8
Layer 1
  62
0
  100
AcDb2dVertex
  10
0.10306
  20
5.75905
  30
0.00000
  70
32
  0
SEQEND
  5
74D
  100
AcDbEntity
  8
Layer 1
  62
0
  0
POLYLINE
  5
74E
  100
AcDbEntity
  8
Layer 1
  62
0
  100
AcDb2dPolyline
 66
     1
  10
0
  20
0
  30
0
  70
1
  0
VERTEX
  5
74F
  100
AcDbEntity
  8
Layer 1
  62
0
  100
AcDb2dVertex
  10
5.87951
  20
7.77007
  30
0.00000
  42
-0.0203
  70
32
  0
VERTEX
  5
750
  100
AcDbEntity
  8
Layer 1
  62
0
  100
AcDb2dVertex
  10
5.75449
  20
7.73563
  30
0.00000
  42
0.1556
  70
32
  0
VERTEX
  5
751
  100
AcDbEntity
  8
Layer 1
  62
0
  100
AcDb2dVertex
  10
5.66813
  20
7.68489
  30
0.00000
  42
-0.4836
  70
32
  0
VERTEX
  5
752
  100
AcDbEntity
  8
Layer 1
  62
0
  100
AcDb2dVertex
  10
5.65446
  20
7.68143
  30
0.00000
  42
0.2823
  70
32
  0
VERTEX
  5
753
  100
AcDbEntity
  8
Layer 1
  62
0
  100
AcDb2dVertex
  10
5.63388
  20
7.67361
  30
0.00000
  42
0.2823
  70
32
  0
VERTEX
  5
754
  100
AcDbEntity
  8
Layer 1
  62
0
  100
AcDb2dVertex
  10
5.63153
  20
7.65172
  30
0.00000
  42
0.1673
  70
32
  0
VERTEX
  5
755
  100
AcDbEntity
  8
Layer 1
  62
0
  100
AcDb2dVertex
  10
5.63510
  20
7.64651
  30
0.00000
  42
0.1616
  70
32
  0
VERTEX
  5
756
  100
AcDbEntity
  8
Layer 1
  62
0
  100
AcDb2dVertex
  10
5.63862
  20
7.64607
  30
0.00000
  42
0.0092
  70
32
  0
VERTEX
  5
757
  100
AcDbEntity
  8
Layer 1
  62
0
  100
AcDb2dVertex
  10
5.80740
  20
7.69281
  30
0.00000
  42
-0.0757
  70
32
  0
VERTEX
  5
758
  100
AcDbEntity
  8
Layer 1
  62
0
  100
AcDb2dVertex
  10
5.96111
  20
7.71214
  30
0.00000
  42
-0.4041
  70
32
  0
VERTEX
  5
759
  100
AcDbEntity
  8
Layer 1
  62
0
  100
AcDb2dVertex
  10
5.96230
  20
7.71082
  30
0.00000
  42
-0.2067
  70
32
  0
VERTEX
  5
75A
  100
AcDbEntity
  8
Layer 1
  62
0
  100
AcDb2dVertex
  10
5.96081
  20
7.70913
  30
0.00000
  42
-0.0426
  70
32
  0
VERTEX
  5
75B
  100
AcDbEntity
  8
Layer 1
  62
0
  100
AcDb2dVertex
  10
5.79903
  20
7.66374
  30
0.00000
  42
0.0668
  70
32
  0
VERTEX
  5
75C
  100
AcDbEntity
  8
Layer 1
  62
0
  100
AcDb2dVertex
  10
5.65995
  20
7.61669
  30
0.00000
  42
0.1180
  70
32
  0
VERTEX
  5
75D
  100
AcDbEntity
  8
Layer 1
  62
0
  100
AcDb2dVertex
  10
5.59799
  20
7.56232
  30
0.00000
  42
0.3244
  70
32
  0
VERTEX
  5
75E
  100
AcDbEntity
  8
Layer 1
  62
0
  100
AcDb2dVertex
  10
5.59862
  20
7.55812
  30
0.00000
  42
-0.2761
  70
32
  0
VERTEX
  5
75F
  100
AcDbEntity
  8
Layer 1
  62
0
  100
AcDb2dVertex
  10
5.63676
  20
7.39845
  30
0.00000
  42
-0.0720
  70
32
  0
VERTEX
  5
760
  100
AcDbEntity
  8
Layer 1
  62
0
  100
AcDb2dVertex
  10
5.61999
  20
7.36970
  30
0.00000
  42
0.1949
  70
32
  0
VERTEX
  5
761
  100
AcDbEntity
  8
Layer 1
  62
0
  100
AcDb2dVertex
  10
5.61931
  20
7.36437
  30
0.00000
  42
0.0493
  70
32
  0
VERTEX
  5
762
  100
AcDbEntity
  8
Layer 1
  62
0
  100
AcDb2dVertex
  10
5.65514
  20
7.25574
  30
0.00000
  70
32
  0
VERTEX
  5
763
  100
AcDbEntity
  8
Layer 1
  62
0
  100
AcDb2dVertex
  10
5.65670
  20
7.25342
  30
0.00000
  42
0.2967
  70
32
  0
VERTEX
  5
764
  100
AcDbEntity
  8
Layer 1
  62
0
  100
AcDb2dVertex
  10
5.66312
  20
7.25774
  30
0.00000
  42
-0.0517
  70
32
  0
VERTEX
  5
765
  100
AcDbEntity
  8
Layer 1
  62
0
  100
AcDb2dVertex
  10
5.75994
  20
7.35972
  30
0.00000
  42
-0.0878
  70
32
  0
VERTEX
  5
766
  100
AcDbEntity
  8
Layer 1
  62
0
  100
AcDb2dVertex
  10
5.81215
  20
7.38859
  30
0.00000
  42
-0.1300
  70
32
  0
VERTEX
  5
767
  100
AcDbEntity
  8
Layer 1
  62
0
  100
AcDb2dVertex
  10
5.81537
  20
7.38879
  30
0.00000
  42
-0.5079
  70
32
  0
VERTEX
  5
768
  100
AcDbEntity
  8
Layer 1
  62
0
  100
AcDb2dVertex
  10
5.81629
  20
7.38589
  30
0.00000
  42
-0.0299
  70
32
  0
VERTEX
  5
769
  100
AcDbEntity
  8
Layer 1
  62
0
  100
AcDb2dVertex
  10
5.80968
  20
7.37904
  30
0.00000
  42
0.0339
  70
32
  0
VERTEX
  5
76A
  100
AcDbEntity
  8
Layer 1
  62
0
  100
AcDb2dVertex
  10
5.69905
  20
7.25922
  30
0.00000
  42
0.0884
  70
32
  0
VERTEX
  5
76B
  100
AcDbEntity
  8
Layer 1
  62
0
  100
AcDb2dVertex
  10
5.64771
  20
7.15745
  30
0.00000
  42
0.2134
  70
32
  0
VERTEX
  5
76C
  100
AcDbEntity
  8
Layer 1
  62
0
  100
AcDb2dVertex
  10
5.64856
  20
7.15234
  30
0.00000
  42
0.0693
  70
32
  0
VERTEX
  5
76D
  100
AcDbEntity
  8
Layer 1
  62
0
  100
AcDb2dVertex
  10
5.67119
  20
7.13500
  30
0.00000
  42
-0.3763
  70
32
  0
VERTEX
  5
76E
  100
AcDbEntity
  8
Layer 1
  62
0
  100
AcDb2dVertex
  10
5.68307
  20
7.09823
  30
0.00000
  42
-0.0171
  70
32
  0
VERTEX
  5
76F
  100
AcDbEntity
  8
Layer 1
  62
0
  100
AcDb2dVertex
  10
5.67769
  20
7.07931
  30
0.00000
  42
0.0444
  70
32
  0
VERTEX
  5
770
  100
AcDbEntity
  8
Layer 1
  62
0
  100
AcDb2dVertex
  10
5.67608
  20
7.07334
  30
0.00000
  42
0.3535
  70
32
  0
VERTEX
  5
771
  100
AcDbEntity
  8
Layer 1
  62
0
  100
AcDb2dVertex
  10
5.67826
  20
7.06988
  30
0.00000
  42
0.0788
  70
32
  0
VERTEX
  5
772
  100
AcDbEntity
  8
Layer 1
  62
0
  100
AcDb2dVertex
  10
5.68525
  20
7.06898
  30
0.00000
  42
-0.0225
  70
32
  0
VERTEX
  5
773
  100
AcDbEntity
  8
Layer 1
  62
0
  100
AcDb2dVertex
  10
5.90741
  20
7.03783
  30
0.00000
  42
0.0366
  70
32
  0
VERTEX
  5
774
  100
AcDbEntity
  8
Layer 1
  62
0
  100
AcDb2dVertex
  10
6.08238
  20
7.01957
  30
0.00000
  42
0.1264
  70
32
  0
VERTEX
  5
775
  100
AcDbEntity
  8
Layer 1
  62
0
  100
AcDb2dVertex
  10
6.09623
  20
7.02584
  30
0.00000
  42
0.0859
  70
32
  0
VERTEX
  5
776
  100
AcDbEntity
  8
Layer 1
  62
0
  100
AcDb2dVertex
  10
6.15745
  20
7.08468
  30
0.00000
  42
0.0268
  70
32
  0
VERTEX
  5
777
  100
AcDbEntity
  8
Layer 1
  62
0
  100
AcDb2dVertex
  10
6.21719
  20
7.17732
  30
0.00000
  42
0.4363
  70
32
  0
VERTEX
  5
778
  100
AcDbEntity
  8
Layer 1
  62
0
  100
AcDb2dVertex
  10
6.21632
  20
7.17875
  30
0.00000
  42
0.1422
  70
32
  0
VERTEX
  5
779
  100
AcDbEntity
  8
Layer 1
  62
0
  100
AcDb2dVertex
  10
6.21384
  20
7.17848
  30
0.00000
  42
0.0557
  70
32
  0
VERTEX
  5
77A
  100
AcDbEntity
  8
Layer 1
  62
0
  100
AcDb2dVertex
  10
6.11835
  20
7.12218
  30
0.00000
  42
-0.0226
  70
32
  0
VERTEX
  5
77B
  100
AcDbEntity
  8
Layer 1
  62
0
  100
AcDb2dVertex
  10
6.09410
  20
7.10744
  30
0.00000
  70
32
  0
VERTEX
  5
77C
  100
AcDbEntity
  8
Layer 1
  62
0
  100
AcDb2dVertex
  10
6.09097
  20
7.10625
  30
0.00000
  42
-0.5736
  70
32
  0
VERTEX
  5
77D
  100
AcDbEntity
  8
Layer 1
  62
0
  100
AcDb2dVertex
  10
6.08998
  20
7.10836
  30
0.00000
  42
-0.1102
  70
32
  0
VERTEX
  5
77E
  100
AcDbEntity
  8
Layer 1
  62
0
  100
AcDb2dVertex
  10
6.29652
  20
7.26065
  30
0.00000
  42
-0.0383
  70
32
  0
VERTEX
  5
77F
  100
AcDbEntity
  8
Layer 1
  62
0
  100
AcDb2dVertex
  10
6.58812
  20
7.36293
  30
0.00000
  42
0.0113
  70
32
  0
VERTEX
  5
780
  100
AcDbEntity
  8
Layer 1
  62
0
  100
AcDb2dVertex
  10
6.65857
  20
7.38382
  30
0.00000
  42
0.4207
  70
32
  0
VERTEX
  5
781
  100
AcDbEntity
  8
Layer 1
  62
0
  100
AcDb2dVertex
  10
6.65874
  20
7.38464
  30
0.00000
  42
0.1908
  70
32
  0
VERTEX
  5
782
  100
AcDbEntity
  8
Layer 1
  62
0
  100
AcDb2dVertex
  10
6.65741
  20
7.38558
  30
0.00000
  42
0.0794
  70
32
  0
VERTEX
  5
783
  100
AcDbEntity
  8
Layer 1
  62
0
  100
AcDb2dVertex
  10
6.57429
  20
7.37466
  30
0.00000
  42
-0.0511
  70
32
  0
VERTEX
  5
784
  100
AcDbEntity
  8
Layer 1
  62
0
  100
AcDb2dVertex
  10
6.48708
  20
7.35667
  30
0.00000
  70
32
  0
VERTEX
  5
785
  100
AcDbEntity
  8
Layer 1
  62
0
  100
AcDb2dVertex
  10
6.48437
  20
7.35698
  30
0.00000
  42
-0.5055
  70
32
  0
VERTEX
  5
786
  100
AcDbEntity
  8
Layer 1
  62
0
  100
AcDb2dVertex
  10
6.48427
  20
7.35840
  30
0.00000
  42
-0.1229
  70
32
  0
VERTEX
  5
787
  100
AcDbEntity
  8
Layer 1
  62
0
  100
AcDb2dVertex
  10
6.48873
  20
7.36136
  30
0.00000
  42
-0.0822
  70
32
  0
VERTEX
  5
788
  100
AcDbEntity
  8
Layer 1
  62
0
  100
AcDb2dVertex
  10
6.69644
  20
7.41406
  30
0.00000
  70
32
  0
VERTEX
  5
789
  100
AcDbEntity
  8
Layer 1
  62
0
  100
AcDb2dVertex
  10
6.88537
  20
7.43363
  30
0.00000
  42
0.1956
  70
32
  0
VERTEX
  5
78A
  100
AcDbEntity
  8
Layer 1
  62
0
  100
AcDb2dVertex
  10
6.92248
  20
7.45492
  30
0.00000
  42
0.5402
  70
32
  0
VERTEX
  5
78B
  100
AcDbEntity
  8
Layer 1
  62
0
  100
AcDb2dVertex
  10
6.91808
  20
7.45973
  30
0.00000
  42
-0.0063
  70
32
  0
VERTEX
  5
78C
  100
AcDbEntity
  8
Layer 1
  62
0
  100
AcDb2dVertex
  10
6.86313
  20
7.46194
  30
0.00000
  42
-0.0587
  70
32
  0
VERTEX
  5
78D
  100
AcDbEntity
  8
Layer 1
  62
0
  100
AcDb2dVertex
  10
6.84561
  20
7.46753
  30
0.00000
  42
-0.2988
  70
32
  0
VERTEX
  5
78E
  100
AcDbEntity
  8
Layer 1
  62
0
  100
AcDb2dVertex
  10
6.84415
  20
7.46979
  30
0.00000
  42
-0.2989
  70
32
  0
VERTEX
  5
78F
  100
AcDbEntity
  8
Layer 1
  62
0
  100
AcDb2dVertex
  10
6.84564
  20
7.47203
  30
0.00000
  42
-0.1260
  70
32
  0
VERTEX
  5
790
  100
AcDbEntity
  8
Layer 1
  62
0
  100
AcDb2dVertex
  10
6.90409
  20
7.48674
  30
0.00000
  42
0.2655
  70
32
  0
VERTEX
  5
791
  100
AcDbEntity
  8
Layer 1
  62
0
  100
AcDb2dVertex
  10
6.90807
  20
7.48914
  30
0.00000
  42
0.1236
  70
32
  0
VERTEX
  5
792
  100
AcDbEntity
  8
Layer 1
  62
0
  100
AcDb2dVertex
  10
6.90882
  20
7.49586
  30
0.00000
  42
0.0839
  70
32
  0
VERTEX
  5
793
  100
AcDbEntity
  8
Layer 1
  62
0
  100
AcDb2dVertex
  10
6.89216
  20
7.55975
  30
0.00000
  42
-0.1437
  70
32
  0
VERTEX
  5
794
  100
AcDbEntity
  8
Layer 1
  62
0
  100
AcDb2dVertex
  10
6.88955
  20
7.60373
  30
0.00000
  70
32
  0
VERTEX
  5
795
  100
AcDbEntity
  8
Layer 1
  62
0
  100
AcDb2dVertex
  10
6.89017
  20
7.60784
  30
0.00000
  42
0.3639
  70
32
  0
VERTEX
  5
796
  100
AcDbEntity
  8
Layer 1
  62
0
  100
AcDb2dVertex
  10
6.88505
  20
7.61126
  30
0.00000
  42
-0.2901
  70
32
  0
VERTEX
  5
797
  100
AcDbEntity
  8
Layer 1
  62
0
  100
AcDb2dVertex
  10
6.86102
  20
7.64287
  30
0.00000
  42
0.1824
  70
32
  0
VERTEX
  5
798
  100
AcDbEntity
  8
Layer 1
  62
0
  100
AcDb2dVertex
  10
6.85599
  20
7.65468
  30
0.00000
  42
0.0962
  70
32
  0
VERTEX
  5
799
  100
AcDbEntity
  8
Layer 1
  62
0
  100
AcDb2dVertex
  10
6.84908
  20
7.65573
  30
0.00000
  42
0.0387
  70
32
  0
VERTEX
  5
79A
  100
AcDbEntity
  8
Layer 1
  62
0
  100
AcDb2dVertex
  10
6.57416
  20
7.65089
  30
0.00000
  42
-0.0256
  70
32
  0
VERTEX
  5
79B
  100
AcDbEntity
  8
Layer 1
  62
0
  100
AcDb2dVertex
  10
6.41762
  20
7.64532
  30
0.00000
  70
32
  0
VERTEX
  5
79C
  100
AcDbEntity
  8
Layer 1
  62
0
  100
AcDb2dVertex
  10
6.41731
  20
7.64576
  30
0.00000
  70
32
  0
VERTEX
  5
79D
  100
AcDbEntity
  8
Layer 1
  62
0
  100
AcDb2dVertex
  10
6.41762
  20
7.64621
  30
0.00000
  42
-0.0581
  70
32
  0
VERTEX
  5
79E
  100
AcDbEntity
  8
Layer 1
  62
0
  100
AcDb2dVertex
  10
6.72978
  20
7.68694
  30
0.00000
  42
-0.0084
  70
32
  0
VERTEX
  5
79F
  100
AcDbEntity
  8
Layer 1
  62
0
  100
AcDb2dVertex
  10
6.83358
  20
7.68944
  30
0.00000
  70
32
  0
VERTEX
  5
7A0
  100
AcDbEntity
  8
Layer 1
  62
0
  100
AcDb2dVertex
  10
6.83627
  20
7.69000
  30
0.00000
  42
0.3405
  70
32
  0
VERTEX
  5
7A1
  100
AcDbEntity
  8
Layer 1
  62
0
  100
AcDb2dVertex
  10
6.83699
  20
7.69172
  30
0.00000
  42
0.1271
  70
32
  0
VERTEX
  5
7A2
  100
AcDbEntity
  8
Layer 1
  62
0
  100
AcDb2dVertex
  10
6.83551
  20
7.69430
  30
0.00000
  42
0.1696
  70
32
  0
VERTEX
  5
7A3
  100
AcDbEntity
  8
Layer 1
  62
0
  100
AcDb2dVertex
  10
6.75201
  20
7.72736
  30
0.00000
  42
-0.0208
  70
32
  0
VERTEX
  5
7A4
  100
AcDbEntity
  8
Layer 1
  62
0
  100
AcDb2dVertex
  10
6.35189
  20
7.78936
  30
0.00000
  42
0.0320
  70
32
  0
VERTEX
  5
7A5
  100
AcDbEntity
  8
Layer 1
  62
0
  100
AcDb2dVertex
  10
5.93513
  20
7.84405
  30
0.00000
  42
0.0541
  70
32
  0
VERTEX
  5
7A6
  100
AcDbEntity
  8
Layer 1
  62
0
  100
AcDb2dVertex
  10
5.67846
  20
7.83063
  30
0.00000
  42
0.1277
  70
32
  0
VERTEX
  5
7A7
  100
AcDbEntity
  8
Layer 1
  62
0
  100
AcDb2dVertex
  10
5.67604
  20
7.82959
  30
0.00000
  42
0.1968
  70
32
  0
VERTEX
  5
7A8
  100
AcDbEntity
  8
Layer 1
  62
0
  100
AcDb2dVertex
  10
5.67506
  20
7.82735
  30
0.00000
  42
0.0089
  70
32
  0
VERTEX
  5
7A9
  100
AcDbEntity
  8
Layer 1
  62
0
  100
AcDb2dVertex
  10
5.67960
  20
7.74639
  30
0.00000
  42
0.4623
  70
32
  0
VERTEX
  5
7AA
  100
AcDbEntity
  8
Layer 1
  62
0
  100
AcDb2dVertex
  10
5.68396
  20
7.74192
  30
0.00000
  70
32
  0
VERTEX
  5
7AB
  100
AcDbEntity
  8
Layer 1
  62
0
  100
AcDb2dVertex
  10
5.81291
  20
7.77409
  30
0.00000
  42
-0.0885
  70
32
  0
VERTEX
  5
7AC
  100
AcDbEntity
  8
Layer 1
  62
0
  100
AcDb2dVertex
  10
5.94170
  20
7.78604
  30
0.00000
  70
32
  0
VERTEX
  5
7AD
  100
AcDbEntity
  8
Layer 1
  62
0
  100
AcDb2dVertex
  10
5.94301
  20
7.78570
  30
0.00000
  42
-0.2713
  70
32
  0
VERTEX
  5
7AE
  100
AcDbEntity
  8
Layer 1
  62
0
  100
AcDb2dVertex
  10
5.94444
  20
7.78306
  30
0.00000
  42
-0.2715
  70
32
  0
VERTEX
  5
7AF
  100
AcDbEntity
  8
Layer 1
  62
0
  100
AcDb2dVertex
  10
5.94284
  20
7.78051
  30
0.00000
  42
-0.1015
  70
32
  0
VERTEX
  5
7B0
  100
AcDbEntity
  8
Layer 1
  62
0
  100
AcDb2dVertex
  10
5.93954
  20
7.77948
  30
0.00000
  70
32
  0
VERTEX
  5
7B1
  100
AcDbEntity
  8
Layer 1
  62
0
  100
AcDb2dVertex
  10
5.93135
  20
7.77841
  30
0.00000
  42
0.0794
  70
32
  0
VERTEX
  5
7B2
  100
AcDbEntity
  8
Layer 1
  62
0
  100
AcDb2dVertex
  10
5.92854
  20
7.77716
  30
0.00000
  42
0.1718
  70
32
  0
VERTEX
  5
7B3
  100
AcDbEntity
  8
Layer 1
  62
0
  100
AcDb2dVertex
  10
5.92683
  20
7.76979
  30
0.00000
  42
-0.3266
  70
32
  0
VERTEX
  5
7B4
  100
AcDbEntity
  8
Layer 1
  62
0
  100
AcDb2dVertex
  10
5.92492
  20
7.76831
  30
0.00000
  42
-0.0674
  70
32
  0
VERTEX
  5
7B5
  100
AcDbEntity
  8
Layer 1
  62
0
  100
AcDb2dVertex
  10
5.90736
  20
7.77261
  30
0.00000
  42
0.2361
  70
32
  0
VERTEX
  5
7B6
  100
AcDbEntity
  8
Layer 1
  62
0
  100
AcDb2dVertex
  10
5.87951
  20
7.77007
  30
0.00000
  70
32
  0
SEQEND
  5
7B7
  100
AcDbEntity
  8
Layer 1
  62
0
  0
POLYLINE
  5
7B8
  100
AcDbEntity
  8
Layer 1
  62
0
  100
AcDb2dPolyline
 66
     1
  10
0
  20
0
  30
0
  70
1
  0
VERTEX
  5
7B9
  100
AcDbEntity
  8
Layer 1
  62
0
  100
AcDb2dVertex
  10
6.74927
  20
7.39045
  30
0.00000
  42
0.1052
  70
32
  0
VERTEX
  5
7BA
  100
AcDbEntity
  8
Layer 1
  62
0
  100
AcDb2dVertex
  10
6.81239
  20
7.39723
  30
0.00000
  42
0.0681
  70
32
  0
VERTEX
  5
7BB
  100
AcDbEntity
  8
Layer 1
  62
0
  100
AcDb2dVertex
  10
6.81668
  20
7.39810
  30
0.00000
  70
32
  0
VERTEX
  5
7BC
  100
AcDbEntity
  8
Layer 1
  62
0
  100
AcDb2dVertex
  10
6.81697
  20
7.39861
  30
0.00000
  70
32
  0
VERTEX
  5
7BD
  100
AcDbEntity
  8
Layer 1
  62
0
  100
AcDb2dVertex
  10
6.81668
  20
7.39911
  30
0.00000
  42
0.1071
  70
32
  0
VERTEX
  5
7BE
  100
AcDbEntity
  8
Layer 1
  62
0
  100
AcDb2dVertex
  10
6.80731
  20
7.40122
  30
0.00000
  42
0.1196
  70
32
  0
VERTEX
  5
7BF
  100
AcDbEntity
  8
Layer 1
  62
0
  100
AcDb2dVertex
  10
6.69006
  20
7.38767
  30
0.00000
  42
0.4957
  70
32
  0
VERTEX
  5
7C0
  100
AcDbEntity
  8
Layer 1
  62
0
  100
AcDb2dVertex
  10
6.69003
  20
7.38619
  30
0.00000
  42
0.1334
  70
32
  0
VERTEX
  5
7C1
  100
AcDbEntity
  8
Layer 1
  62
0
  100
AcDb2dVertex
  10
6.69256
  20
7.38567
  30
0.00000
  42
-0.0498
  70
32
  0
VERTEX
  5
7C2
  100
AcDbEntity
  8
Layer 1
  62
0
  100
AcDb2dVertex
  10
6.74927
  20
7.39045
  30
0.00000
  70
32
  0
SEQEND
  5
7C3
  100
AcDbEntity
  8
Layer 1
  62
0
  0
POLYLINE
  5
7C4
  100
AcDbEntity
  8
Layer 1
  62
0
  100
AcDb2dPolyline
 66
     1
  10
0
  20
0
  30
0
  70
1
  0
VERTEX
  5
7C5
  100
AcDbEntity
  8
Layer 1
  62
0
  100
AcDb2dVertex
  10
7.95502
  20
9.25989
  30
0.00000
  42
-0.0922
  70
32
  0
VERTEX
  5
7C6
  100
AcDbEntity
  8
Layer 1
  62
0
  100
AcDb2dVertex
  10
7.86985
  20
9.41573
  30
0.00000
  42
0.0144
  70
32
  0
VERTEX
  5
7C7
  100
AcDbEntity
  8
Layer 1
  62
0
  100
AcDb2dVertex
  10
7.80074
  20
9.60459
  30
0.00000
  42
0.1104
  70
32
  0
VERTEX
  5
7C8
  100
AcDbEntity
  8
Layer 1
  62
0
  100
AcDb2dVertex
  10
7.71228
  20
9.73310
  30
0.00000
  42
0.2533
  70
32
  0
VERTEX
  5
7C9
  100
AcDbEntity
  8
Layer 1
  62
0
  100
AcDb2dVertex
  10
7.70715
  20
9.73405
  30
0.00000
  70
32
  0
VERTEX
  5
7CA
  100
AcDbEntity
  8
Layer 1
  62
0
  100
AcDb2dVertex
  10
7.64934
  20
9.70495
  30
0.00000
  42
-0.2450
  70
32
  0
VERTEX
  5
7CB
  100
AcDbEntity
  8
Layer 1
  62
0
  100
AcDb2dVertex
  10
7.47154
  20
9.70697
  30
0.00000
  42
0.0704
  70
32
  0
VERTEX
  5
7CC
  100
AcDbEntity
  8
Layer 1
  62
0
  100
AcDb2dVertex
  10
7.39660
  20
9.73548
  30
0.00000
  42
0.2159
  70
32
  0
VERTEX
  5
7CD
  100
AcDbEntity
  8
Layer 1
  62
0
  100
AcDb2dVertex
  10
7.27999
  20
9.69826
  30
0.00000
  42
0.0166
  70
32
  0
VERTEX
  5
7CE
  100
AcDbEntity
  8
Layer 1
  62
0
  100
AcDb2dVertex
  10
7.22199
  20
9.64793
  30
0.00000
  42
0.3567
  70
32
  0
VERTEX
  5
7CF
  100
AcDbEntity
  8
Layer 1
  62
0
  100
AcDb2dVertex
  10
7.25492
  20
9.52456
  30
0.00000
  70
32
  0
VERTEX
  5
7D0
  100
AcDbEntity
  8
Layer 1
  62
0
  100
AcDb2dVertex
  10
7.26102
  20
9.51931
  30
0.00000
  42
-0.5697
  70
32
  0
VERTEX
  5
7D1
  100
AcDbEntity
  8
Layer 1
  62
0
  100
AcDb2dVertex
  10
7.26117
  20
9.51543
  30
0.00000
  42
-0.0655
  70
32
  0
VERTEX
  5
7D2
  100
AcDbEntity
  8
Layer 1
  62
0
  100
AcDb2dVertex
  10
7.25472
  20
9.51362
  30
0.00000
  42
-0.4242
  70
32
  0
VERTEX
  5
7D3
  100
AcDbEntity
  8
Layer 1
  62
0
  100
AcDb2dVertex
  10
7.19082
  20
9.54627
  30
0.00000
  42
-0.0701
  70
32
  0
VERTEX
  5
7D4
  100
AcDbEntity
  8
Layer 1
  62
0
  100
AcDb2dVertex
  10
7.17428
  20
9.63768
  30
0.00000
  42
0.0831
  70
32
  0
VERTEX
  5
7D5
  100
AcDbEntity
  8
Layer 1
  62
0
  100
AcDb2dVertex
  10
7.17243
  20
9.64455
  30
0.00000
  42
0.2399
  70
32
  0
VERTEX
  5
7D6
  100
AcDbEntity
  8
Layer 1
  62
0
  100
AcDb2dVertex
  10
7.16808
  20
9.64722
  30
0.00000
  42
0.1258
  70
32
  0
VERTEX
  5
7D7
  100
AcDbEntity
  8
Layer 1
  62
0
  100
AcDb2dVertex
  10
7.13824
  20
9.63913
  30
0.00000
  42
-0.1532
  70
32
  0
VERTEX
  5
7D8
  100
AcDbEntity
  8
Layer 1
  62
0
  100
AcDb2dVertex
  10
7.10930
  20
9.63874
  30
0.00000
  42
0.2872
  70
32
  0
VERTEX
  5
7D9
  100
AcDbEntity
  8
Layer 1
  62
0
  100
AcDb2dVertex
  10
7.10169
  20
9.63204
  30
0.00000
  42
-0.1661
  70
32
  0
VERTEX
  5
7DA
  100
AcDbEntity
  8
Layer 1
  62
0
  100
AcDb2dVertex
  10
7.01871
  20
9.57444
  30
0.00000
  42
-0.1108
  70
32
  0
VERTEX
  5
7DB
  100
AcDbEntity
  8
Layer 1
  62
0
  100
AcDb2dVertex
  10
6.79913
  20
9.56035
  30
0.00000
  42
0.2019
  70
32
  0
VERTEX
  5
7DC
  100
AcDbEntity
  8
Layer 1
  62
0
  100
AcDb2dVertex
  10
6.79124
  20
9.55651
  30
0.00000
  42
0.2737
  70
32
  0
VERTEX
  5
7DD
  100
AcDbEntity
  8
Layer 1
  62
0
  100
AcDb2dVertex
  10
6.75420
  20
9.43008
  30
0.00000
  70
32
  0
VERTEX
  5
7DE
  100
AcDbEntity
  8
Layer 1
  62
0
  100
AcDb2dVertex
  10
6.75556
  20
9.42413
  30
0.00000
  42
-0.3733
  70
32
  0
VERTEX
  5
7DF
  100
AcDbEntity
  8
Layer 1
  62
0
  100
AcDb2dVertex
  10
6.75328
  20
9.42089
  30
0.00000
  42
-0.1235
  70
32
  0
VERTEX
  5
7E0
  100
AcDbEntity
  8
Layer 1
  62
0
  100
AcDb2dVertex
  10
6.74644
  20
9.42115
  30
0.00000
  42
-0.2376
  70
32
  0
VERTEX
  5
7E1
  100
AcDbEntity
  8
Layer 1
  62
0
  100
AcDb2dVertex
  10
6.71610
  20
9.45194
  30
0.00000
  42
0.1976
  70
32
  0
VERTEX
  5
7E2
  100
AcDbEntity
  8
Layer 1
  62
0
  100
AcDb2dVertex
  10
6.69375
  20
9.47505
  30
0.00000
  42
0.2068
  70
32
  0
VERTEX
  5
7E3
  100
AcDbEntity
  8
Layer 1
  62
0
  100
AcDb2dVertex
  10
6.68518
  20
9.47402
  30
0.00000
  42
0.0999
  70
32
  0
VERTEX
  5
7E4
  100
AcDbEntity
  8
Layer 1
  62
0
  100
AcDb2dVertex
  10
6.59962
  20
9.40425
  30
0.00000
  42
-0.0473
  70
32
  0
VERTEX
  5
7E5
  100
AcDbEntity
  8
Layer 1
  62
0
  100
AcDb2dVertex
  10
6.47369
  20
9.29189
  30
0.00000
  42
0.1209
  70
32
  0
VERTEX
  5
7E6
  100
AcDbEntity
  8
Layer 1
  62
0
  100
AcDb2dVertex
  10
6.35886
  20
9.15451
  30
0.00000
  42
-0.0983
  70
32
  0
VERTEX
  5
7E7
  100
AcDbEntity
  8
Layer 1
  62
0
  100
AcDb2dVertex
  10
6.27169
  20
9.04302
  30
0.00000
  42
0.0815
  70
32
  0
VERTEX
  5
7E8
  100
AcDbEntity
  8
Layer 1
  62
0
  100
AcDb2dVertex
  10
6.13840
  20
8.86254
  30
0.00000
  42
0.0220
  70
32
  0
VERTEX
  5
7E9
  100
AcDbEntity
  8
Layer 1
  62
0
  100
AcDb2dVertex
  10
6.01226
  20
8.58479
  30
0.00000
  42
-0.0398
  70
32
  0
VERTEX
  5
7EA
  100
AcDbEntity
  8
Layer 1
  62
0
  100
AcDb2dVertex
  10
5.88408
  20
8.33203
  30
0.00000
  42
0.0902
  70
32
  0
VERTEX
  5
7EB
  100
AcDbEntity
  8
Layer 1
  62
0
  100
AcDb2dVertex
  10
5.80421
  20
8.12353
  30
0.00000
  42
-0.0333
  70
32
  0
VERTEX
  5
7EC
  100
AcDbEntity
  8
Layer 1
  62
0
  100
AcDb2dVertex
  10
5.74836
  20
7.91236
  30
0.00000
  42
-0.0087
  70
32
  0
VERTEX
  5
7ED
  100
AcDbEntity
  8
Layer 1
  62
0
  100
AcDb2dVertex
  10
5.73407
  20
7.87720
  30
0.00000
  42
0.1415
  70
32
  0
VERTEX
  5
7EE
  100
AcDbEntity
  8
Layer 1
  62
0
  100
AcDb2dVertex
  10
5.73353
  20
7.87383
  30
0.00000
  42
0.3844
  70
32
  0
VERTEX
  5
7EF
  100
AcDbEntity
  8
Layer 1
  62
0
  100
AcDb2dVertex
  10
5.73861
  20
7.87186
  30
0.00000
  42
-0.0716
  70
32
  0
VERTEX
  5
7F0
  100
AcDbEntity
  8
Layer 1
  62
0
  100
AcDb2dVertex
  10
6.05740
  20
7.87755
  30
0.00000
  42
-0.0185
  70
32
  0
VERTEX
  5
7F1
  100
AcDbEntity
  8
Layer 1
  62
0
  100
AcDb2dVertex
  10
6.40754
  20
7.81749
  30
0.00000
  70
32
  0
VERTEX
  5
7F2
  100
AcDbEntity
  8
Layer 1
  62
0
  100
AcDb2dVertex
  10
6.44911
  20
7.80998
  30
0.00000
  42
0.0434
  70
32
  0
VERTEX
  5
7F3
  100
AcDbEntity
  8
Layer 1
  62
0
  100
AcDb2dVertex
  10
6.45455
  20
7.80927
  30
0.00000
  42
0.2254
  70
32
  0
VERTEX
  5
7F4
  100
AcDbEntity
  8
Layer 1
  62
0
  100
AcDb2dVertex
  10
6.45659
  20
7.81032
  30
0.00000
  42
0.1418
  70
32
  0
VERTEX
  5
7F5
  100
AcDbEntity
  8
Layer 1
  62
0
  100
AcDb2dVertex
  10
6.45789
  20
7.81561
  30
0.00000
  42
0.0114
  70
32
  0
VERTEX
  5
7F6
  100
AcDbEntity
  8
Layer 1
  62
0
  100
AcDb2dVertex
  10
6.45212
  20
7.85981
  30
0.00000
  42
-0.2117
  70
32
  0
VERTEX
  5
7F7
  100
AcDbEntity
  8
Layer 1
  62
0
  100
AcDb2dVertex
  10
6.46177
  20
7.87949
  30
0.00000
  42
-0.3069
  70
32
  0
VERTEX
  5
7F8
  100
AcDbEntity
  8
Layer 1
  62
0
  100
AcDb2dVertex
  10
6.46436
  20
7.87926
  30
0.00000
  42
-0.1099
  70
32
  0
VERTEX
  5
7F9
  100
AcDbEntity
  8
Layer 1
  62
0
  100
AcDb2dVertex
  10
6.47152
  20
7.86808
  30
0.00000
  42
-0.0402
  70
32
  0
VERTEX
  5
7FA
  100
AcDbEntity
  8
Layer 1
  62
0
  100
AcDb2dVertex
  10
6.49100
  20
7.80707
  30
0.00000
  42
0.2685
  70
32
  0
VERTEX
  5
7FB
  100
AcDbEntity
  8
Layer 1
  62
0
  100
AcDb2dVertex
  10
6.49688
  20
7.80198
  30
0.00000
  42
0.0312
  70
32
  0
VERTEX
  5
7FC
  100
AcDbEntity
  8
Layer 1
  62
0
  100
AcDb2dVertex
  10
6.67149
  20
7.77237
  30
0.00000
  42
-0.0329
  70
32
  0
VERTEX
  5
7FD
  100
AcDbEntity
  8
Layer 1
  62
0
  100
AcDb2dVertex
  10
6.80040
  20
7.74839
  30
0.00000
  70
32
  0
VERTEX
  5
7FE
  100
AcDbEntity
  8
Layer 1
  62
0
  100
AcDb2dVertex
  10
6.80342
  20
7.74819
  30
0.00000
  42
0.3739
  70
32
  0
VERTEX
  5
7FF
  100
AcDbEntity
  8
Layer 1
  62
0
  100
AcDb2dVertex
  10
6.80479
  20
7.74985
  30
0.00000
  42
-0.0365
  70
32
  0
VERTEX
  5
800
  100
AcDbEntity
  8
Layer 1
  62
0
  100
AcDb2dVertex
  10
6.77745
  20
7.84851
  30
0.00000
  70
32
  0
VERTEX
  5
801
  100
AcDbEntity
  8
Layer 1
  62
0
  100
AcDb2dVertex
  10
6.74160
  20
8.05061
  30
0.00000
  42
0.0987
  70
32
  0
VERTEX
  5
802
  100
AcDbEntity
  8
Layer 1
  62
0
  100
AcDb2dVertex
  10
6.73941
  20
8.05502
  30
0.00000
  42
0.3476
  70
32
  0
VERTEX
  5
803
  100
AcDbEntity
  8
Layer 1
  62
0
  100
AcDb2dVertex
  10
6.73823
  20
8.05520
  30
0.00000
  42
0.1473
  70
32
  0
VERTEX
  5
804
  100
AcDbEntity
  8
Layer 1
  62
0
  100
AcDb2dVertex
  10
6.73645
  20
8.05331
  30
0.00000
  42
-0.1221
  70
32
  0
VERTEX
  5
805
  100
AcDbEntity
  8
Layer 1
  62
0
  100
AcDb2dVertex
  10
6.71584
  20
8.02169
  30
0.00000
  42
-0.1194
  70
32
  0
VERTEX
  5
806
  100
AcDbEntity
  8
Layer 1
  62
0
  100
AcDb2dVertex
  10
6.70375
  20
8.01698
  30
0.00000
  42
-0.3368
  70
32
  0
VERTEX
  5
807
  100
AcDbEntity
  8
Layer 1
  62
0
  100
AcDb2dVertex
  10
6.70088
  20
8.01851
  30
0.00000
  42
-0.1043
  70
32
  0
VERTEX
  5
808
  100
AcDbEntity
  8
Layer 1
  62
0
  100
AcDb2dVertex
  10
6.70081
  20
8.02161
  30
0.00000
  42
-0.1759
  70
32
  0
VERTEX
  5
809
  100
AcDbEntity
  8
Layer 1
  62
0
  100
AcDb2dVertex
  10
6.81036
  20
8.20975
  30
0.00000
  42
-0.0300
  70
32
  0
VERTEX
  5
80A
  100
AcDbEntity
  8
Layer 1
  62
0
  100
AcDb2dVertex
  10
6.96609
  20
8.32400
  30
0.00000
  42
0.0838
  70
32
  0
VERTEX
  5
80B
  100
AcDbEntity
  8
Layer 1
  62
0
  100
AcDb2dVertex
  10
7.12407
  20
8.47633
  30
0.00000
  42
-0.0360
  70
32
  0
VERTEX
  5
80C
  100
AcDbEntity
  8
Layer 1
  62
0
  100
AcDb2dVertex
  10
7.22459
  20
8.59006
  30
0.00000
  42
-0.1035
  70
32
  0
VERTEX
  5
80D
  100
AcDbEntity
  8
Layer 1
  62
0
  100
AcDb2dVertex
  10
7.34384
  20
8.65801
  30
0.00000
  42
0.0958
  70
32
  0
VERTEX
  5
80E
  100
AcDbEntity
  8
Layer 1
  62
0
  100
AcDb2dVertex
  10
7.53278
  20
8.76579
  30
0.00000
  70
32
  0
VERTEX
  5
80F
  100
AcDbEntity
  8
Layer 1
  62
0
  100
AcDb2dVertex
  10
7.58059
  20
8.80319
  30
0.00000
  42
0.2036
  70
32
  0
VERTEX
  5
810
  100
AcDbEntity
  8
Layer 1
  62
0
  100
AcDb2dVertex
  10
7.58193
  20
8.80569
  30
0.00000
  42
0.2465
  70
32
  0
VERTEX
  5
811
  100
AcDbEntity
  8
Layer 1
  62
0
  100
AcDb2dVertex
  10
7.58063
  20
8.80777
  30
0.00000
  42
-0.0124
  70
32
  0
VERTEX
  5
812
  100
AcDbEntity
  8
Layer 1
  62
0
  100
AcDb2dVertex
  10
7.56340
  20
8.81742
  30
0.00000
  42
-0.0841
  70
32
  0
VERTEX
  5
813
  100
AcDbEntity
  8
Layer 1
  62
0
  100
AcDb2dVertex
  10
7.48353
  20
8.89882
  30
0.00000
  42
0.1475
  70
32
  0
VERTEX
  5
814
  100
AcDbEntity
  8
Layer 1
  62
0
  100
AcDb2dVertex
  10
7.35494
  20
8.99853
  30
0.00000
  42
-0.0773
  70
32
  0
VERTEX
  5
815
  100
AcDbEntity
  8
Layer 1
  62
0
  100
AcDb2dVertex
  10
7.24740
  20
9.05933
  30
0.00000
  42
-0.0600
  70
32
  0
VERTEX
  5
816
  100
AcDbEntity
  8
Layer 1
  62
0
  100
AcDb2dVertex
  10
7.24284
  20
9.06402
  30
0.00000
  70
32
  0
VERTEX
  5
817
  100
AcDbEntity
  8
Layer 1
  62
0
  100
AcDb2dVertex
  10
7.24261
  20
9.06506
  30
0.00000
  42
-0.3432
  70
32
  0
VERTEX
  5
818
  100
AcDbEntity
  8
Layer 1
  62
0
  100
AcDb2dVertex
  10
7.24304
  20
9.06549
  30
0.00000
  42
-0.1177
  70
32
  0
VERTEX
  5
819
  100
AcDbEntity
  8
Layer 1
  62
0
  100
AcDb2dVertex
  10
7.24575
  20
9.06502
  30
0.00000
  42
0.1016
  70
32
  0
VERTEX
  5
81A
  100
AcDbEntity
  8
Layer 1
  62
0
  100
AcDb2dVertex
  10
7.29112
  20
9.06619
  30
0.00000
  42
-0.0763
  70
32
  0
VERTEX
  5
81B
  100
AcDbEntity
  8
Layer 1
  62
0
  100
AcDb2dVertex
  10
7.37171
  20
9.04650
  30
0.00000
  42
-0.0975
  70
32
  0
VERTEX
  5
81C
  100
AcDbEntity
  8
Layer 1
  62
0
  100
AcDb2dVertex
  10
7.49979
  20
8.96051
  30
0.00000
  42
0.0618
  70
32
  0
VERTEX
  5
81D
  100
AcDbEntity
  8
Layer 1
  62
0
  100
AcDb2dVertex
  10
7.71070
  20
8.80172
  30
0.00000
  42
-0.0085
  70
32
  0
VERTEX
  5
81E
  100
AcDbEntity
  8
Layer 1
  62
0
  100
AcDb2dVertex
  10
7.98013
  20
8.62695
  30
0.00000
  42
-0.0080
  70
32
  0
VERTEX
  5
81F
  100
AcDbEntity
  8
Layer 1
  62
0
  100
AcDb2dVertex
  10
8.10787
  20
8.54987
  30
0.00000
  42
-0.0191
  70
32
  0
VERTEX
  5
820
  100
AcDbEntity
  8
Layer 1
  62
0
  100
AcDb2dVertex
  10
8.14380
  20
8.51252
  30
0.00000
  42
0.0986
  70
32
  0
VERTEX
  5
821
  100
AcDbEntity
  8
Layer 1
  62
0
  100
AcDb2dVertex
  10
8.28860
  20
8.45222
  30
0.00000
  42
0.0222
  70
32
  0
VERTEX
  5
822
  100
AcDbEntity
  8
Layer 1
  62
0
  100
AcDb2dVertex
  10
8.52308
  20
8.41791
  30
0.00000
  42
0.4173
  70
32
  0
VERTEX
  5
823
  100
AcDbEntity
  8
Layer 1
  62
0
  100
AcDb2dVertex
  10
8.52904
  20
8.42404
  30
0.00000
  42
0.0511
  70
32
  0
VERTEX
  5
824
  100
AcDbEntity
  8
Layer 1
  62
0
  100
AcDb2dVertex
  10
8.60679
  20
8.72662
  30
0.00000
  42
0.0606
  70
32
  0
VERTEX
  5
825
  100
AcDbEntity
  8
Layer 1
  62
0
  100
AcDb2dVertex
  10
8.60709
  20
8.94333
  30
0.00000
  70
32
  0
VERTEX
  5
826
  100
AcDbEntity
  8
Layer 1
  62
0
  100
AcDb2dVertex
  10
8.54879
  20
9.59075
  30
0.00000
  70
32
  0
VERTEX
  5
827
  100
AcDbEntity
  8
Layer 1
  62
0
  100
AcDb2dVertex
  10
8.53186
  20
9.82238
  30
0.00000
  42
0.2419
  70
32
  0
VERTEX
  5
828
  100
AcDbEntity
  8
Layer 1
  62
0
  100
AcDb2dVertex
  10
8.52992
  20
9.82524
  30
0.00000
  42
0.2111
  70
32
  0
VERTEX
  5
829
  100
AcDbEntity
  8
Layer 1
  62
0
  100
AcDb2dVertex
  10
8.52574
  20
9.82486
  30
0.00000
  42
-0.1393
  70
32
  0
VERTEX
  5
82A
  100
AcDbEntity
  8
Layer 1
  62
0
  100
AcDb2dVertex
  10
8.42473
  20
9.80452
  30
0.00000
  42
0.0320
  70
32
  0
VERTEX
  5
82B
  100
AcDbEntity
  8
Layer 1
  62
0
  100
AcDb2dVertex
  10
8.31361
  20
9.80307
  30
0.00000
  42
0.0597
  70
32
  0
VERTEX
  5
82C
  100
AcDbEntity
  8
Layer 1
  62
0
  100
AcDb2dVertex
  10
8.27902
  20
9.79427
  30
0.00000
  42
0.4012
  70
32
  0
VERTEX
  5
82D
  100
AcDbEntity
  8
Layer 1
  62
0
  100
AcDb2dVertex
  10
8.27557
  20
9.78724
  30
0.00000
  42
-0.0734
  70
32
  0
VERTEX
  5
82E
  100
AcDbEntity
  8
Layer 1
  62
0
  100
AcDb2dVertex
  10
8.30610
  20
9.49905
  30
0.00000
  42
-0.0168
  70
32
  0
VERTEX
  5
82F
  100
AcDbEntity
  8
Layer 1
  62
0
  100
AcDb2dVertex
  10
8.28571
  20
9.23209
  30
0.00000
  42
0.1682
  70
32
  0
VERTEX
  5
830
  100
AcDbEntity
  8
Layer 1
  62
0
  100
AcDb2dVertex
  10
8.28868
  20
9.22393
  30
0.00000
  42
-0.0580
  70
32
  0
VERTEX
  5
831
  100
AcDbEntity
  8
Layer 1
  62
0
  100
AcDb2dVertex
  10
8.30849
  20
9.19060
  30
0.00000
  42
-0.2224
  70
32
  0
VERTEX
  5
832
  100
AcDbEntity
  8
Layer 1
  62
0
  100
AcDb2dVertex
  10
8.30420
  20
9.17165
  30
0.00000
  42
-0.2388
  70
32
  0
VERTEX
  5
833
  100
AcDbEntity
  8
Layer 1
  62
0
  100
AcDb2dVertex
  10
8.29688
  20
9.16835
  30
0.00000
  42
-0.0420
  70
32
  0
VERTEX
  5
834
  100
AcDbEntity
  8
Layer 1
  62
0
  100
AcDb2dVertex
  10
8.28093
  20
9.17432
  30
0.00000
  42
0.4249
  70
32
  0
VERTEX
  5
835
  100
AcDbEntity
  8
Layer 1
  62
0
  100
AcDb2dVertex
  10
8.27508
  20
9.17238
  30
0.00000
  42
0.0553
  70
32
  0
VERTEX
  5
836
  100
AcDbEntity
  8
Layer 1
  62
0
  100
AcDb2dVertex
  10
8.27285
  20
9.16002
  30
0.00000
  70
32
  0
VERTEX
  5
837
  100
AcDbEntity
  8
Layer 1
  62
0
  100
AcDb2dVertex
  10
8.25774
  20
9.06342
  30
0.00000
  42
0.2066
  70
32
  0
VERTEX
  5
838
  100
AcDbEntity
  8
Layer 1
  62
0
  100
AcDb2dVertex
  10
8.25941
  20
9.05796
  30
0.00000
  42
-0.0823
  70
32
  0
VERTEX
  5
839
  100
AcDbEntity
  8
Layer 1
  62
0
  100
AcDb2dVertex
  10
8.38961
  20
8.88758
  30
0.00000
  42
-0.0274
  70
32
  0
VERTEX
  5
83A
  100
AcDbEntity
  8
Layer 1
  62
0
  100
AcDb2dVertex
  10
8.39566
  20
8.87278
  30
0.00000
  42
-0.4722
  70
32
  0
VERTEX
  5
83B
  100
AcDbEntity
  8
Layer 1
  62
0
  100
AcDb2dVertex
  10
8.39475
  20
8.87149
  30
0.00000
  42
-0.1664
  70
32
  0
VERTEX
  5
83C
  100
AcDbEntity
  8
Layer 1
  62
0
  100
AcDb2dVertex
  10
8.39214
  20
8.87269
  30
0.00000
  42
0.0113
  70
32
  0
VERTEX
  5
83D
  100
AcDbEntity
  8
Layer 1
  62
0
  100
AcDb2dVertex
  10
8.26363
  20
8.99703
  30
0.00000
  42
0.0536
  70
32
  0
VERTEX
  5
83E
  100
AcDbEntity
  8
Layer 1
  62
0
  100
AcDb2dVertex
  10
8.17480
  20
9.05826
  30
0.00000
  42
-0.0485
  70
32
  0
VERTEX
  5
83F
  100
AcDbEntity
  8
Layer 1
  62
0
  100
AcDb2dVertex
  10
8.15006
  20
9.08797
  30
0.00000
  42
0.0538
  70
32
  0
VERTEX
  5
840
  100
AcDbEntity
  8
Layer 1
  62
0
  100
AcDb2dVertex
  10
8.01603
  20
9.21005
  30
0.00000
  42
-0.0264
  70
32
  0
VERTEX
  5
841
  100
AcDbEntity
  8
Layer 1
  62
0
  100
AcDb2dVertex
  10
7.95502
  20
9.25989
  30
0.00000
  70
32
  0
SEQEND
  5
842
  100
AcDbEntity
  8
Layer 1
  62
0
  0
POLYLINE
  5
843
  100
AcDbEntity
  8
Layer 1
  62
0
  100
AcDb2dPolyline
 66
     1
  10
0
  20
0
  30
0
  70
1
  0
VERTEX
  5
844
  100
AcDbEntity
  8
Layer 1
  62
0
  100
AcDb2dVertex
  10
8.69438
  20
8.44765
  30
0.00000
  42
0.0874
  70
32
  0
VERTEX
  5
845
  100
AcDbEntity
  8
Layer 1
  62
0
  100
AcDb2dVertex
  10
8.77478
  20
8.41861
  30
0.00000
  42
-0.0242
  70
32
  0
VERTEX
  5
846
  100
AcDbEntity
  8
Layer 1
  62
0
  100
AcDb2dVertex
  10
8.94713
  20
8.37035
  30
0.00000
  42
0.0272
  70
32
  0
VERTEX
  5
847
  100
AcDbEntity
  8
Layer 1
  62
0
  100
AcDb2dVertex
  10
9.00130
  20
8.35694
  30
0.00000
  42
0.4415
  70
32
  0
VERTEX
  5
848
  100
AcDbEntity
  8
Layer 1
  62
0
  100
AcDb2dVertex
  10
9.00246
  20
8.35848
  30
0.00000
  42
0.1293
  70
32
  0
VERTEX
  5
849
  100
AcDbEntity
  8
Layer 1
  62
0
  100
AcDb2dVertex
  10
9.00007
  20
8.36360
  30
0.00000
  42
0.0211
  70
32
  0
VERTEX
  5
84A
  100
AcDbEntity
  8
Layer 1
  62
0
  100
AcDb2dVertex
  10
8.93630
  20
8.45444
  30
0.00000
  42
0.0410
  70
32
  0
VERTEX
  5
84B
  100
AcDbEntity
  8
Layer 1
  62
0
  100
AcDb2dVertex
  10
8.64850
  20
8.76733
  30
0.00000
  42
0.4668
  70
32
  0
VERTEX
  5
84C
  100
AcDbEntity
  8
Layer 1
  62
0
  100
AcDb2dVertex
  10
8.64652
  20
8.76542
  30
0.00000
  42
-0.0794
  70
32
  0
VERTEX
  5
84D
  100
AcDbEntity
  8
Layer 1
  62
0
  100
AcDb2dVertex
  10
8.63086
  20
8.64328
  30
0.00000
  42
0.1196
  70
32
  0
VERTEX
  5
84E
  100
AcDbEntity
  8
Layer 1
  62
0
  100
AcDb2dVertex
  10
8.62596
  20
8.54882
  30
0.00000
  42
0.1222
  70
32
  0
VERTEX
  5
84F
  100
AcDbEntity
  8
Layer 1
  62
0
  100
AcDb2dVertex
  10
8.69438
  20
8.44765
  30
0.00000
  70
32
  0
SEQEND
  5
850
  100
AcDbEntity
  8
Layer 1
  62
0
  0
POLYLINE
  5
851
  100
AcDbEntity
  8
Layer 1
  62
0
  100
AcDb2dPolyline
 66
     1
  10
0
  20
0
  30
0
  70
1
  0
VERTEX
  5
852
  100
AcDbEntity
  8
Layer 1
  62
0
  100
AcDb2dVertex
  10
9.07836
  20
8.37186
  30
0.00000
  42
-0.0422
  70
32
  0
VERTEX
  5
853
  100
AcDbEntity
  8
Layer 1
  62
0
  100
AcDb2dVertex
  10
9.13049
  20
8.41189
  30
0.00000
  42
0.0981
  70
32
  0
VERTEX
  5
854
  100
AcDbEntity
  8
Layer 1
  62
0
  100
AcDb2dVertex
  10
9.14959
  20
8.43429
  30
0.00000
  70
32
  0
VERTEX
  5
855
  100
AcDbEntity
  8
Layer 1
  62
0
  100
AcDb2dVertex
  10
9.15077
  20
8.43731
  30
0.00000
  42
0.3137
  70
32
  0
VERTEX
  5
856
  100
AcDbEntity
  8
Layer 1
  62
0
  100
AcDb2dVertex
  10
9.14963
  20
8.43866
  30
0.00000
  42
-0.0563
  70
32
  0
VERTEX
  5
857
  100
AcDbEntity
  8
Layer 1
  62
0
  100
AcDb2dVertex
  10
9.03040
  20
8.45294
  30
0.00000
  42
0.0485
  70
32
  0
VERTEX
  5
858
  100
AcDbEntity
  8
Layer 1
  62
0
  100
AcDb2dVertex
  10
9.00161
  20
8.45556
  30
0.00000
  42
0.3059
  70
32
  0
VERTEX
  5
859
  100
AcDbEntity
  8
Layer 1
  62
0
  100
AcDb2dVertex
  10
8.99953
  20
8.45494
  30
0.00000
  42
0.3059
  70
32
  0
VERTEX
  5
85A
  100
AcDbEntity
  8
Layer 1
  62
0
  100
AcDb2dVertex
  10
8.99932
  20
8.45277
  30
0.00000
  42
0.0266
  70
32
  0
VERTEX
  5
85B
  100
AcDbEntity
  8
Layer 1
  62
0
  100
AcDb2dVertex
  10
9.06330
  20
8.37632
  30
0.00000
  42
0.0549
  70
32
  0
VERTEX
  5
85C
  100
AcDbEntity
  8
Layer 1
  62
0
  100
AcDb2dVertex
  10
9.07249
  20
8.36911
  30
0.00000
  42
0.2565
  70
32
  0
VERTEX
  5
85D
  100
AcDbEntity
  8
Layer 1
  62
0
  100
AcDb2dVertex
  10
9.07522
  20
8.36900
  30
0.00000
  42
0.0799
  70
32
  0
VERTEX
  5
85E
  100
AcDbEntity
  8
Layer 1
  62
0
  100
AcDb2dVertex
  10
9.07836
  20
8.37186
  30
0.00000
  70
32
  0
SEQEND
  5
85F
  100
AcDbEntity
  8
Layer 1
  62
0
  0
POLYLINE
  5
860
  100
AcDbEntity
  8
Layer 1
  62
0
  100
AcDb2dPolyline
 66
     1
  10
0
  20
0
  30
0
  70
1
  0
VERTEX
  5
861
  100
AcDbEntity
  8
Layer 1
  62
0
  100
AcDb2dVertex
  10
8.97790
  20
8.48657
  30
0.00000
  42
0.0927
  70
32
  0
VERTEX
  5
862
  100
AcDbEntity
  8
Layer 1
  62
0
  100
AcDb2dVertex
  10
8.99157
  20
8.48362
  30
0.00000
  42
0.0177
  70
32
  0
VERTEX
  5
863
  100
AcDbEntity
  8
Layer 1
  62
0
  100
AcDb2dVertex
  10
9.16383
  20
8.46332
  30
0.00000
  42
0.1122
  70
32
  0
VERTEX
  5
864
  100
AcDbEntity
  8
Layer 1
  62
0
  100
AcDb2dVertex
  10
9.19454
  20
8.46506
  30
0.00000
  42
0.0411
  70
32
  0
VERTEX
  5
865
  100
AcDbEntity
  8
Layer 1
  62
0
  100
AcDb2dVertex
  10
9.23009
  20
8.49329
  30
0.00000
  42
0.0756
  70
32
  0
VERTEX
  5
866
  100
AcDbEntity
  8
Layer 1
  62
0
  100
AcDb2dVertex
  10
9.23446
  20
8.49874
  30
0.00000
  42
0.3960
  70
32
  0
VERTEX
  5
867
  100
AcDbEntity
  8
Layer 1
  62
0
  100
AcDb2dVertex
  10
9.23379
  20
8.50214
  30
0.00000
  42
0.0686
  70
32
  0
VERTEX
  5
868
  100
AcDbEntity
  8
Layer 1
  62
0
  100
AcDb2dVertex
  10
9.22732
  20
8.50498
  30
0.00000
  42
0.0575
  70
32
  0
VERTEX
  5
869
  100
AcDbEntity
  8
Layer 1
  62
0
  100
AcDb2dVertex
  10
8.87621
  20
8.60153
  30
0.00000
  42
0.3965
  70
32
  0
VERTEX
  5
86A
  100
AcDbEntity
  8
Layer 1
  62
0
  100
AcDb2dVertex
  10
8.87492
  20
8.59999
  30
0.00000
  42
0.1344
  70
32
  0
VERTEX
  5
86B
  100
AcDbEntity
  8
Layer 1
  62
0
  100
AcDb2dVertex
  10
8.87575
  20
8.59710
  30
0.00000
  42
0.0622
  70
32
  0
VERTEX
  5
86C
  100
AcDbEntity
  8
Layer 1
  62
0
  100
AcDb2dVertex
  10
8.97790
  20
8.48657
  30
0.00000
  70
32
  0
SEQEND
  5
86D
  100
AcDbEntity
  8
Layer 1
  62
0
  0
POLYLINE
  5
86E
  100
AcDbEntity
  8
Layer 1
  62
0
  100
AcDb2dPolyline
 66
     1
  10
0
  20
0
  30
0
  70
1
  0
VERTEX
  5
86F
  100
AcDbEntity
  8
Layer 1
  62
0
  100
AcDb2dVertex
  10
9.18336
  20
8.68809
  30
0.00000
  42
-0.0932
  70
32
  0
VERTEX
  5
870
  100
AcDbEntity
  8
Layer 1
  62
0
  100
AcDb2dVertex
  10
9.28057
  20
8.65024
  30
0.00000
  42
0.0932
  70
32
  0
VERTEX
  5
871
  100
AcDbEntity
  8
Layer 1
  62
0
  100
AcDb2dVertex
  10
9.36111
  20
8.61904
  30
0.00000
  42
0.1200
  70
32
  0
VERTEX
  5
872
  100
AcDbEntity
  8
Layer 1
  62
0
  100
AcDb2dVertex
  10
9.39377
  20
8.62334
  30
0.00000
  70
32
  0
VERTEX
  5
873
  100
AcDbEntity
  8
Layer 1
  62
0
  100
AcDb2dVertex
  10
9.39661
  20
8.62517
  30
0.00000
  42
0.3991
  70
32
  0
VERTEX
  5
874
  100
AcDbEntity
  8
Layer 1
  62
0
  100
AcDb2dVertex
  10
9.39560
  20
8.62829
  30
0.00000
  42
0.0343
  70
32
  0
VERTEX
  5
875
  100
AcDbEntity
  8
Layer 1
  62
0
  100
AcDb2dVertex
  10
9.22206
  20
8.71534
  30
0.00000
  42
-0.0625
  70
32
  0
VERTEX
  5
876
  100
AcDbEntity
  8
Layer 1
  62
0
  100
AcDb2dVertex
  10
9.07497
  20
8.80069
  30
0.00000
  42
-0.0331
  70
32
  0
VERTEX
  5
877
  100
AcDbEntity
  8
Layer 1
  62
0
  100
AcDb2dVertex
  10
9.06913
  20
8.80594
  30
0.00000
  42
-0.5649
  70
32
  0
VERTEX
  5
878
  100
AcDbEntity
  8
Layer 1
  62
0
  100
AcDb2dVertex
  10
9.06952
  20
8.80887
  30
0.00000
  70
32
  0
VERTEX
  5
879
  100
AcDbEntity
  8
Layer 1
  62
0
  100
AcDb2dVertex
  10
9.07101
  20
8.80847
  30
0.00000
  42
0.0432
  70
32
  0
VERTEX
  5
87A
  100
AcDbEntity
  8
Layer 1
  62
0
  100
AcDb2dVertex
  10
9.17773
  20
8.76524
  30
0.00000
  42
-0.0335
  70
32
  0
VERTEX
  5
87B
  100
AcDbEntity
  8
Layer 1
  62
0
  100
AcDb2dVertex
  10
9.31693
  20
8.69800
  30
0.00000
  42
0.0885
  70
32
  0
VERTEX
  5
87C
  100
AcDbEntity
  8
Layer 1
  62
0
  100
AcDb2dVertex
  10
9.41113
  20
8.66596
  30
0.00000
  42
0.3215
  70
32
  0
VERTEX
  5
87D
  100
AcDbEntity
  8
Layer 1
  62
0
  100
AcDb2dVertex
  10
9.48862
  20
8.70718
  30
0.00000
  42
0.3376
  70
32
  0
VERTEX
  5
87E
  100
AcDbEntity
  8
Layer 1
  62
0
  100
AcDb2dVertex
  10
9.48715
  20
8.71144
  30
0.00000
  42
0.0611
  70
32
  0
VERTEX
  5
87F
  100
AcDbEntity
  8
Layer 1
  62
0
  100
AcDb2dVertex
  10
9.48012
  20
8.71519
  30
0.00000
  42
-0.0456
  70
32
  0
VERTEX
  5
880
  100
AcDbEntity
  8
Layer 1
  62
0
  100
AcDb2dVertex
  10
9.02778
  20
8.98443
  30
0.00000
  42
-0.0220
  70
32
  0
VERTEX
  5
881
  100
AcDbEntity
  8
Layer 1
  62
0
  100
AcDb2dVertex
  10
8.93316
  20
9.06150
  30
0.00000
  42
-0.2737
  70
32
  0
VERTEX
  5
882
  100
AcDbEntity
  8
Layer 1
  62
0
  100
AcDb2dVertex
  10
8.93260
  20
9.06285
  30
0.00000
  42
-0.2737
  70
32
  0
VERTEX
  5
883
  100
AcDbEntity
  8
Layer 1
  62
0
  100
AcDb2dVertex
  10
8.93352
  20
9.06399
  30
0.00000
  70
32
  0
VERTEX
  5
884
  100
AcDbEntity
  8
Layer 1
  62
0
  100
AcDb2dVertex
  10
8.93503
  20
9.06343
  30
0.00000
  42
0.0377
  70
32
  0
VERTEX
  5
885
  100
AcDbEntity
  8
Layer 1
  62
0
  100
AcDb2dVertex
  10
9.36423
  20
8.79655
  30
0.00000
  42
0.0186
  70
32
  0
VERTEX
  5
886
  100
AcDbEntity
  8
Layer 1
  62
0
  100
AcDb2dVertex
  10
9.51053
  20
8.72910
  30
0.00000
  42
0.2151
  70
32
  0
VERTEX
  5
887
  100
AcDbEntity
  8
Layer 1
  62
0
  100
AcDb2dVertex
  10
9.51551
  20
8.72927
  30
0.00000
  42
0.0232
  70
32
  0
VERTEX
  5
888
  100
AcDbEntity
  8
Layer 1
  62
0
  100
AcDb2dVertex
  10
9.54949
  20
8.74938
  30
0.00000
  42
0.1847
  70
32
  0
VERTEX
  5
889
  100
AcDbEntity
  8
Layer 1
  62
0
  100
AcDb2dVertex
  10
9.55744
  20
8.76382
  30
0.00000
  42
0.2692
  70
32
  0
VERTEX
  5
88A
  100
AcDbEntity
  8
Layer 1
  62
0
  100
AcDb2dVertex
  10
9.54983
  20
8.77017
  30
0.00000
  42
-0.0656
  70
32
  0
VERTEX
  5
88B
  100
AcDbEntity
  8
Layer 1
  62
0
  100
AcDb2dVertex
  10
9.10552
  20
9.05095
  30
0.00000
  42
-0.0123
  70
32
  0
VERTEX
  5
88C
  100
AcDbEntity
  8
Layer 1
  62
0
  100
AcDb2dVertex
  10
8.96879
  20
9.16705
  30
0.00000
  42
-0.3095
  70
32
  0
VERTEX
  5
88D
  100
AcDbEntity
  8
Layer 1
  62
0
  100
AcDb2dVertex
  10
8.96819
  20
9.16879
  30
0.00000
  42
-0.3093
  70
32
  0
VERTEX
  5
88E
  100
AcDbEntity
  8
Layer 1
  62
0
  100
AcDb2dVertex
  10
8.96959
  20
9.16997
  30
0.00000
  70
32
  0
VERTEX
  5
88F
  100
AcDbEntity
  8
Layer 1
  62
0
  100
AcDb2dVertex
  10
8.97122
  20
9.16937
  30
0.00000
  42
-0.0100
  70
32
  0
VERTEX
  5
890
  100
AcDbEntity
  8
Layer 1
  62
0
  100
AcDb2dVertex
  10
9.18614
  20
9.00733
  30
0.00000
  42
0.0364
  70
32
  0
VERTEX
  5
891
  100
AcDbEntity
  8
Layer 1
  62
0
  100
AcDb2dVertex
  10
9.43896
  20
8.84751
  30
0.00000
  42
0.0903
  70
32
  0
VERTEX
  5
892
  100
AcDbEntity
  8
Layer 1
  62
0
  100
AcDb2dVertex
  10
9.59839
  20
8.79686
  30
0.00000
  42
0.1973
  70
32
  0
VERTEX
  5
893
  100
AcDbEntity
  8
Layer 1
  62
0
  100
AcDb2dVertex
  10
9.60085
  20
8.79775
  30
0.00000
  42
0.4369
  70
32
  0
VERTEX
  5
894
  100
AcDbEntity
  8
Layer 1
  62
0
  100
AcDb2dVertex
  10
9.60096
  20
8.79959
  30
0.00000
  42
0.0263
  70
32
  0
VERTEX
  5
895
  100
AcDbEntity
  8
Layer 1
  62
0
  100
AcDb2dVertex
  10
9.40542
  20
8.90144
  30
0.00000
  42
-0.0687
  70
32
  0
VERTEX
  5
896
  100
AcDbEntity
  8
Layer 1
  62
0
  100
AcDb2dVertex
  10
9.25230
  20
9.00039
  30
0.00000
  42
-0.2962
  70
32
  0
VERTEX
  5
897
  100
AcDbEntity
  8
Layer 1
  62
0
  100
AcDb2dVertex
  10
9.25202
  20
9.00175
  30
0.00000
  42
-0.2961
  70
32
  0
VERTEX
  5
898
  100
AcDbEntity
  8
Layer 1
  62
0
  100
AcDb2dVertex
  10
9.25315
  20
9.00256
  30
0.00000
  42
-0.1184
  70
32
  0
VERTEX
  5
899
  100
AcDbEntity
  8
Layer 1
  62
0
  100
AcDb2dVertex
  10
9.25646
  20
9.00151
  30
0.00000
  42
0.0147
  70
32
  0
VERTEX
  5
89A
  100
AcDbEntity
  8
Layer 1
  62
0
  100
AcDb2dVertex
  10
9.47519
  20
8.88661
  30
0.00000
  42
0.0184
  70
32
  0
VERTEX
  5
89B
  100
AcDbEntity
  8
Layer 1
  62
0
  100
AcDb2dVertex
  10
9.52236
  20
8.86314
  30
0.00000
  42
-0.0763
  70
32
  0
VERTEX
  5
89C
  100
AcDbEntity
  8
Layer 1
  62
0
  100
AcDb2dVertex
  10
9.59740
  20
8.83890
  30
0.00000
  42
0.2201
  70
32
  0
VERTEX
  5
89D
  100
AcDbEntity
  8
Layer 1
  62
0
  100
AcDb2dVertex
  10
9.65794
  20
8.83651
  30
0.00000
  70
32
  0
VERTEX
  5
89E
  100
AcDbEntity
  8
Layer 1
  62
0
  100
AcDb2dVertex
  10
9.66202
  20
8.83911
  30
0.00000
  42
0.3312
  70
32
  0
VERTEX
  5
89F
  100
AcDbEntity
  8
Layer 1
  62
0
  100
AcDb2dVertex
  10
9.66218
  20
8.84034
  30
0.00000
  42
0.1401
  70
32
  0
VERTEX
  5
8A0
  100
AcDbEntity
  8
Layer 1
  62
0
  100
AcDb2dVertex
  10
9.66026
  20
8.84224
  30
0.00000
  42
-0.0197
  70
32
  0
VERTEX
  5
8A1
  100
AcDbEntity
  8
Layer 1
  62
0
  100
AcDb2dVertex
  10
9.28613
  20
9.04455
  30
0.00000
  42
-0.0449
  70
32
  0
VERTEX
  5
8A2
  100
AcDbEntity
  8
Layer 1
  62
0
  100
AcDb2dVertex
  10
9.08285
  20
9.19270
  30
0.00000
  42
-0.2837
  70
32
  0
VERTEX
  5
8A3
  100
AcDbEntity
  8
Layer 1
  62
0
  100
AcDb2dVertex
  10
9.08286
  20
9.19367
  30
0.00000
  42
-0.2836
  70
32
  0
VERTEX
  5
8A4
  100
AcDbEntity
  8
Layer 1
  62
0
  100
AcDb2dVertex
  10
9.08373
  20
9.19410
  30
0.00000
  42
-0.1071
  70
32
  0
VERTEX
  5
8A5
  100
AcDbEntity
  8
Layer 1
  62
0
  100
AcDb2dVertex
  10
9.08679
  20
9.19292
  30
0.00000
  42
0.0058
  70
32
  0
VERTEX
  5
8A6
  100
AcDbEntity
  8
Layer 1
  62
0
  100
AcDb2dVertex
  10
9.32770
  20
9.03269
  30
0.00000
  42
0.0706
  70
32
  0
VERTEX
  5
8A7
  100
AcDbEntity
  8
Layer 1
  62
0
  100
AcDb2dVertex
  10
9.60960
  20
8.90499
  30
0.00000
  42
0.4811
  70
32
  0
VERTEX
  5
8A8
  100
AcDbEntity
  8
Layer 1
  62
0
  100
AcDb2dVertex
  10
9.61028
  20
8.90621
  30
0.00000
  42
0.0977
  70
32
  0
VERTEX
  5
8A9
  100
AcDbEntity
  8
Layer 1
  62
0
  100
AcDb2dVertex
  10
9.60712
  20
8.91051
  30
0.00000
  70
32
  0
VERTEX
  5
8AA
  100
AcDbEntity
  8
Layer 1
  62
0
  100
AcDb2dVertex
  10
8.65392
  20
9.98028
  30
0.00000
  42
0.5531
  70
32
  0
VERTEX
  5
8AB
  100
AcDbEntity
  8
Layer 1
  62
0
  100
AcDb2dVertex
  10
8.65022
  20
9.97810
  30
0.00000
  42
-0.1266
  70
32
  0
VERTEX
  5
8AC
  100
AcDbEntity
  8
Layer 1
  62
0
  100
AcDb2dVertex
  10
8.59704
  20
9.88793
  30
0.00000
  42
0.0940
  70
32
  0
VERTEX
  5
8AD
  100
AcDbEntity
  8
Layer 1
  62
0
  100
AcDb2dVertex
  10
8.57873
  20
9.86300
  30
0.00000
  42
0.0726
  70
32
  0
VERTEX
  5
8AE
  100
AcDbEntity
  8
Layer 1
  62
0
  100
AcDb2dVertex
  10
8.58491
  20
9.63522
  30
0.00000
  42
-0.0412
  70
32
  0
VERTEX
  5
8AF
  100
AcDbEntity
  8
Layer 1
  62
0
  100
AcDb2dVertex
  10
8.65201
  20
8.83761
  30
0.00000
  42
0.1246
  70
32
  0
VERTEX
  5
8B0
  100
AcDbEntity
  8
Layer 1
  62
0
  100
AcDb2dVertex
  10
8.65416
  20
8.83223
  30
0.00000
  42
0.0180
  70
32
  0
VERTEX
  5
8B1
  100
AcDbEntity
  8
Layer 1
  62
0
  100
AcDb2dVertex
  10
8.84712
  20
8.62816
  30
0.00000
  42
0.1698
  70
32
  0
VERTEX
  5
8B2
  100
AcDbEntity
  8
Layer 1
  62
0
  100
AcDb2dVertex
  10
8.85535
  20
8.62568
  30
0.00000
  42
-0.0573
  70
32
  0
VERTEX
  5
8B3
  100
AcDbEntity
  8
Layer 1
  62
0
  100
AcDb2dVertex
  10
9.16381
  20
8.55891
  30
0.00000
  70
32
  0
VERTEX
  5
8B4
  100
AcDbEntity
  8
Layer 1
  62
0
  100
AcDb2dVertex
  10
9.26385
  20
8.52578
  30
0.00000
  42
0.1325
  70
32
  0
VERTEX
  5
8B5
  100
AcDbEntity
  8
Layer 1
  62
0
  100
AcDb2dVertex
  10
9.26937
  20
8.52680
  30
0.00000
  42
0.0841
  70
32
  0
VERTEX
  5
8B6
  100
AcDbEntity
  8
Layer 1
  62
0
  100
AcDb2dVertex
  10
9.30616
  20
8.55367
  30
0.00000
  70
32
  0
VERTEX
  5
8B7
  100
AcDbEntity
  8
Layer 1
  62
0
  100
AcDb2dVertex
  10
9.30806
  20
8.55638
  30
0.00000
  42
0.3121
  70
32
  0
VERTEX
  5
8B8
  100
AcDbEntity
  8
Layer 1
  62
0
  100
AcDb2dVertex
  10
9.30757
  20
8.55828
  30
0.00000
  42
0.0832
  70
32
  0
VERTEX
  5
8B9
  100
AcDbEntity
  8
Layer 1
  62
0
  100
AcDb2dVertex
  10
9.30234
  20
8.56139
  30
0.00000
  42
0.0213
  70
32
  0
VERTEX
  5
8BA
  100
AcDbEntity
  8
Layer 1
  62
0
  100
AcDb2dVertex
  10
9.26379
  20
8.57891
  30
0.00000
  42
0.0282
  70
32
  0
VERTEX
  5
8BB
  100
AcDbEntity
  8
Layer 1
  62
0
  100
AcDb2dVertex
  10
9.02489
  20
8.65367
  30
0.00000
  42
-0.0347
  70
32
  0
VERTEX
  5
8BC
  100
AcDbEntity
  8
Layer 1
  62
0
  100
AcDb2dVertex
  10
8.86830
  20
8.70661
  30
0.00000
  42
-0.5469
  70
32
  0
VERTEX
  5
8BD
  100
AcDbEntity
  8
Layer 1
  62
0
  100
AcDb2dVertex
  10
8.86838
  20
8.70806
  30
0.00000
  42
-0.1418
  70
32
  0
VERTEX
  5
8BE
  100
AcDbEntity
  8
Layer 1
  62
0
  100
AcDb2dVertex
  10
8.87095
  20
8.70858
  30
0.00000
  42
-0.0332
  70
32
  0
VERTEX
  5
8BF
  100
AcDbEntity
  8
Layer 1
  62
0
  100
AcDb2dVertex
  10
9.20561
  20
8.62685
  30
0.00000
  42
-0.0113
  70
32
  0
VERTEX
  5
8C0
  100
AcDbEntity
  8
Layer 1
  62
0
  100
AcDb2dVertex
  10
9.33536
  20
8.58436
  30
0.00000
  42
0.1170
  70
32
  0
VERTEX
  5
8C1
  100
AcDbEntity
  8
Layer 1
  62
0
  100
AcDb2dVertex
  10
9.33845
  20
8.58398
  30
0.00000
  42
0.3980
  70
32
  0
VERTEX
  5
8C2
  100
AcDbEntity
  8
Layer 1
  62
0
  100
AcDb2dVertex
  10
9.33954
  20
8.58523
  30
0.00000
  70
32
  0
VERTEX
  5
8C3
  100
AcDbEntity
  8
Layer 1
  62
0
  100
AcDb2dVertex
  10
9.33922
  20
8.58633
  30
0.00000
  42
0.0902
  70
32
  0
VERTEX
  5
8C4
  100
AcDbEntity
  8
Layer 1
  62
0
  100
AcDb2dVertex
  10
9.32486
  20
8.60101
  30
0.00000
  42
0.0705
  70
32
  0
VERTEX
  5
8C5
  100
AcDbEntity
  8
Layer 1
  62
0
  100
AcDb2dVertex
  10
9.22767
  20
8.65171
  30
0.00000
  70
32
  0
VERTEX
  5
8C6
  100
AcDbEntity
  8
Layer 1
  62
0
  100
AcDb2dVertex
  10
8.95545
  20
8.75466
  30
0.00000
  42
-0.0265
  70
32
  0
VERTEX
  5
8C7
  100
AcDbEntity
  8
Layer 1
  62
0
  100
AcDb2dVertex
  10
8.84091
  20
8.80659
  30
0.00000
  42
-0.4715
  70
32
  0
VERTEX
  5
8C8
  100
AcDbEntity
  8
Layer 1
  62
0
  100
AcDb2dVertex
  10
8.84089
  20
8.80775
  30
0.00000
  42
-0.1677
  70
32
  0
VERTEX
  5
8C9
  100
AcDbEntity
  8
Layer 1
  62
0
  100
AcDb2dVertex
  10
8.84324
  20
8.80815
  30
0.00000
  42
-0.0177
  70
32
  0
VERTEX
  5
8CA
  100
AcDbEntity
  8
Layer 1
  62
0
  100
AcDb2dVertex
  10
8.86108
  20
8.80277
  30
0.00000
  42
-0.0207
  70
32
  0
VERTEX
  5
8CB
  100
AcDbEntity
  8
Layer 1
  62
0
  100
AcDb2dVertex
  10
9.18336
  20
8.68809
  30
0.00000
  70
32
  0
SEQEND
  5
8CC
  100
AcDbEntity
  8
Layer 1
  62
0
  0
POLYLINE
  5
8CD
  100
AcDbEntity
  8
Layer 1
  62
0
  100
AcDb2dPolyline
 66
     1
  10
0
  20
0
  30
0
  70
1
  0
VERTEX
  5
8CE
  100
AcDbEntity
  8
Layer 1
  62
0
  100
AcDb2dVertex
  10
8.05661
  20
9.40970
  30
0.00000
  42
-0.0510
  70
32
  0
VERTEX
  5
8CF
  100
AcDbEntity
  8
Layer 1
  62
0
  100
AcDb2dVertex
  10
8.00590
  20
9.29535
  30
0.00000
  42
0.3366
  70
32
  0
VERTEX
  5
8D0
  100
AcDbEntity
  8
Layer 1
  62
0
  100
AcDb2dVertex
  10
8.00662
  20
9.28864
  30
0.00000
  42
0.0467
  70
32
  0
VERTEX
  5
8D1
  100
AcDbEntity
  8
Layer 1
  62
0
  100
AcDb2dVertex
  10
8.15524
  20
9.17136
  30
0.00000
  42
0.0346
  70
32
  0
VERTEX
  5
8D2
  100
AcDbEntity
  8
Layer 1
  62
0
  100
AcDb2dVertex
  10
8.19168
  20
9.15232
  30
0.00000
  42
0.2322
  70
32
  0
VERTEX
  5
8D3
  100
AcDbEntity
  8
Layer 1
  62
0
  100
AcDb2dVertex
  10
8.19427
  20
9.15265
  30
0.00000
  42
0.1471
  70
32
  0
VERTEX
  5
8D4
  100
AcDbEntity
  8
Layer 1
  62
0
  100
AcDb2dVertex
  10
8.22103
  20
9.24625
  30
0.00000
  42
0.0222
  70
32
  0
VERTEX
  5
8D5
  100
AcDbEntity
  8
Layer 1
  62
0
  100
AcDb2dVertex
  10
8.06217
  20
9.41629
  30
0.00000
  42
0.3376
  70
32
  0
VERTEX
  5
8D6
  100
AcDbEntity
  8
Layer 1
  62
0
  100
AcDb2dVertex
  10
8.05962
  20
9.41613
  30
0.00000
  42
0.1454
  70
32
  0
VERTEX
  5
8D7
  100
AcDbEntity
  8
Layer 1
  62
0
  100
AcDb2dVertex
  10
8.05661
  20
9.40970
  30
0.00000
  70
32
  0
SEQEND
  5
8D8
  100
AcDbEntity
  8
Layer 1
  62
0
  0
POLYLINE
  5
8D9
  100
AcDbEntity
  8
Layer 1
  62
0
  100
AcDb2dPolyline
 66
     1
  10
0
  20
0
  30
0
  70
1
  0
VERTEX
  5
8DA
  100
AcDbEntity
  8
Layer 1
  62
0
  100
AcDb2dVertex
  10
8.23704
  20
9.70732
  30
0.00000
  42
-0.1601
  70
32
  0
VERTEX
  5
8DB
  100
AcDbEntity
  8
Layer 1
  62
0
  100
AcDb2dVertex
  10
8.17483
  20
9.59613
  30
0.00000
  42
0.0399
  70
32
  0
VERTEX
  5
8DC
  100
AcDbEntity
  8
Layer 1
  62
0
  100
AcDb2dVertex
  10
8.09918
  20
9.51578
  30
0.00000
  42
0.1215
  70
32
  0
VERTEX
  5
8DD
  100
AcDbEntity
  8
Layer 1
  62
0
  100
AcDb2dVertex
  10
8.06605
  20
9.43545
  30
0.00000
  42
0.3989
  70
32
  0
VERTEX
  5
8DE
  100
AcDbEntity
  8
Layer 1
  62
0
  100
AcDb2dVertex
  10
8.06987
  20
9.43279
  30
0.00000
  42
-0.0132
  70
32
  0
VERTEX
  5
8DF
  100
AcDbEntity
  8
Layer 1
  62
0
  100
AcDb2dVertex
  10
8.09677
  20
9.43190
  30
0.00000
  42
-0.1876
  70
32
  0
VERTEX
  5
8E0
  100
AcDbEntity
  8
Layer 1
  62
0
  100
AcDb2dVertex
  10
8.10311
  20
9.42682
  30
0.00000
  42
0.0207
  70
32
  0
VERTEX
  5
8E1
  100
AcDbEntity
  8
Layer 1
  62
0
  100
AcDb2dVertex
  10
8.22618
  20
9.28411
  30
0.00000
  42
0.4243
  70
32
  0
VERTEX
  5
8E2
  100
AcDbEntity
  8
Layer 1
  62
0
  100
AcDb2dVertex
  10
8.22988
  20
9.28610
  30
0.00000
  42
0.0446
  70
32
  0
VERTEX
  5
8E3
  100
AcDbEntity
  8
Layer 1
  62
0
  100
AcDb2dVertex
  10
8.25638
  20
9.38513
  30
0.00000
  42
0.1128
  70
32
  0
VERTEX
  5
8E4
  100
AcDbEntity
  8
Layer 1
  62
0
  100
AcDb2dVertex
  10
8.24171
  20
9.72208
  30
0.00000
  42
0.5628
  70
32
  0
VERTEX
  5
8E5
  100
AcDbEntity
  8
Layer 1
  62
0
  100
AcDb2dVertex
  10
8.24071
  20
9.72201
  30
0.00000
  42
0.1054
  70
32
  0
VERTEX
  5
8E6
  100
AcDbEntity
  8
Layer 1
  62
0
  100
AcDb2dVertex
  10
8.23704
  20
9.70732
  30
0.00000
  70
32
  0
SEQEND
  5
8E7
  100
AcDbEntity
  8
Layer 1
  62
0
  0
POLYLINE
  5
8E8
  100
AcDbEntity
  8
Layer 1
  62
0
  100
AcDb2dPolyline
 66
     1
  10
0
  20
0
  30
0
  70
1
  0
VERTEX
  5
8E9
  100
AcDbEntity
  8
Layer 1
  62
0
  100
AcDb2dVertex
  10
8.03278
  20
9.48935
  30
0.00000
  42
0.2094
  70
32
  0
VERTEX
  5
8EA
  100
AcDbEntity
  8
Layer 1
  62
0
  100
AcDb2dVertex
  10
7.97368
  20
9.32997
  30
0.00000
  70
32
  0
VERTEX
  5
8EB
  100
AcDbEntity
  8
Layer 1
  62
0
  100
AcDb2dVertex
  10
7.97440
  20
9.32606
  30
0.00000
  42
0.5251
  70
32
  0
VERTEX
  5
8EC
  100
AcDbEntity
  8
Layer 1
  62
0
  100
AcDb2dVertex
  10
7.97730
  20
9.32518
  30
0.00000
  42
0.1258
  70
32
  0
VERTEX
  5
8ED
  100
AcDbEntity
  8
Layer 1
  62
0
  100
AcDb2dVertex
  10
7.98128
  20
9.33019
  30
0.00000
  42
0.0651
  70
32
  0
VERTEX
  5
8EE
  100
AcDbEntity
  8
Layer 1
  62
0
  100
AcDb2dVertex
  10
8.01516
  20
9.42413
  30
0.00000
  42
-0.0377
  70
32
  0
VERTEX
  5
8EF
  100
AcDbEntity
  8
Layer 1
  62
0
  100
AcDb2dVertex
  10
8.03755
  20
9.49174
  30
0.00000
  70
32
  0
VERTEX
  5
8F0
  100
AcDbEntity
  8
Layer 1
  62
0
  100
AcDb2dVertex
  10
8.03737
  20
9.49235
  30
0.00000
  70
32
  0
VERTEX
  5
8F1
  100
AcDbEntity
  8
Layer 1
  62
0
  100
AcDb2dVertex
  10
8.03674
  20
9.49247
  30
0.00000
  42
0.1195
  70
32
  0
VERTEX
  5
8F2
  100
AcDbEntity
  8
Layer 1
  62
0
  100
AcDb2dVertex
  10
8.03278
  20
9.48935
  30
0.00000
  70
32
  0
SEQEND
  5
8F3
  100
AcDbEntity
  8
Layer 1
  62
0
  0
POLYLINE
  5
8F4
  100
AcDbEntity
  8
Layer 1
  62
0
  100
AcDb2dPolyline
 66
     1
  10
0
  20
0
  30
0
  70
1
  0
VERTEX
  5
8F5
  100
AcDbEntity
  8
Layer 1
  62
0
  100
AcDb2dVertex
  10
7.82201
  20
9.87255
  30
0.00000
  42
-0.0674
  70
32
  0
VERTEX
  5
8F6
  100
AcDbEntity
  8
Layer 1
  62
0
  100
AcDb2dVertex
  10
7.86739
  20
9.82697
  30
0.00000
  42
-0.1314
  70
32
  0
VERTEX
  5
8F7
  100
AcDbEntity
  8
Layer 1
  62
0
  100
AcDb2dVertex
  10
7.88708
  20
9.72411
  30
0.00000
  42
0.0058
  70
32
  0
VERTEX
  5
8F8
  100
AcDbEntity
  8
Layer 1
  62
0
  100
AcDb2dVertex
  10
7.88186
  20
9.61853
  30
0.00000
  42
0.0477
  70
32
  0
VERTEX
  5
8F9
  100
AcDbEntity
  8
Layer 1
  62
0
  100
AcDb2dVertex
  10
7.88392
  20
9.59808
  30
0.00000
  70
32
  0
VERTEX
  5
8FA
  100
AcDbEntity
  8
Layer 1
  62
0
  100
AcDb2dVertex
  10
7.88508
  20
9.59538
  30
0.00000
  42
0.4382
  70
32
  0
VERTEX
  5
8FB
  100
AcDbEntity
  8
Layer 1
  62
0
  100
AcDb2dVertex
  10
7.88706
  20
9.59542
  30
0.00000
  42
0.1399
  70
32
  0
VERTEX
  5
8FC
  100
AcDbEntity
  8
Layer 1
  62
0
  100
AcDb2dVertex
  10
7.94604
  20
9.76957
  30
0.00000
  70
32
  0
VERTEX
  5
8FD
  100
AcDbEntity
  8
Layer 1
  62
0
  100
AcDb2dVertex
  10
7.94666
  20
9.77226
  30
0.00000
  42
-0.5003
  70
32
  0
VERTEX
  5
8FE
  100
AcDbEntity
  8
Layer 1
  62
0
  100
AcDb2dVertex
  10
7.94829
  20
9.77232
  30
0.00000
  42
-0.2730
  70
32
  0
VERTEX
  5
8FF
  100
AcDbEntity
  8
Layer 1
  62
0
  100
AcDb2dVertex
  10
7.94956
  20
9.67129
  30
0.00000
  42
-0.0221
  70
32
  0
VERTEX
  5
900
  100
AcDbEntity
  8
Layer 1
  62
0
  100
AcDb2dVertex
  10
7.89540
  20
9.58242
  30
0.00000
  42
0.1956
  70
32
  0
VERTEX
  5
901
  100
AcDbEntity
  8
Layer 1
  62
0
  100
AcDb2dVertex
  10
7.87562
  20
9.49629
  30
0.00000
  42
0.1021
  70
32
  0
VERTEX
  5
902
  100
AcDbEntity
  8
Layer 1
  62
0
  100
AcDb2dVertex
  10
7.92277
  20
9.39613
  30
0.00000
  42
0.0059
  70
32
  0
VERTEX
  5
903
  100
AcDbEntity
  8
Layer 1
  62
0
  100
AcDb2dVertex
  10
7.94223
  20
9.36646
  30
0.00000
  70
32
  0
VERTEX
  5
904
  100
AcDbEntity
  8
Layer 1
  62
0
  100
AcDb2dVertex
  10
7.94470
  20
9.36378
  30
0.00000
  42
0.4606
  70
32
  0
VERTEX
  5
905
  100
AcDbEntity
  8
Layer 1
  62
0
  100
AcDb2dVertex
  10
7.94720
  20
9.36476
  30
0.00000
  42
0.0369
  70
32
  0
VERTEX
  5
906
  100
AcDbEntity
  8
Layer 1
  62
0
  100
AcDb2dVertex
  10
7.94889
  20
9.37150
  30
0.00000
  42
-0.0738
  70
32
  0
VERTEX
  5
907
  100
AcDbEntity
  8
Layer 1
  62
0
  100
AcDb2dVertex
  10
7.98862
  20
9.46573
  30
0.00000
  70
32
  0
VERTEX
  5
908
  100
AcDbEntity
  8
Layer 1
  62
0
  100
AcDb2dVertex
  10
8.07794
  20
9.60187
  30
0.00000
  42
0.1409
  70
32
  0
VERTEX
  5
909
  100
AcDbEntity
  8
Layer 1
  62
0
  100
AcDb2dVertex
  10
8.12264
  20
9.74639
  30
0.00000
  42
0.1668
  70
32
  0
VERTEX
  5
90A
  100
AcDbEntity
  8
Layer 1
  62
0
  100
AcDb2dVertex
  10
8.07509
  20
9.87418
  30
0.00000
  42
-0.0477
  70
32
  0
VERTEX
  5
90B
  100
AcDbEntity
  8
Layer 1
  62
0
  100
AcDb2dVertex
  10
8.00853
  20
9.97159
  30
0.00000
  42
-0.1001
  70
32
  0
VERTEX
  5
90C
  100
AcDbEntity
  8
Layer 1
  62
0
  100
AcDb2dVertex
  10
7.99127
  20
10.04102
  30
0.00000
  42
0.1107
  70
32
  0
VERTEX
  5
90D
  100
AcDbEntity
  8
Layer 1
  62
0
  100
AcDb2dVertex
  10
7.97117
  20
10.07144
  30
0.00000
  42
-0.0799
  70
32
  0
VERTEX
  5
90E
  100
AcDbEntity
  8
Layer 1
  62
0
  100
AcDb2dVertex
  10
7.90989
  20
10.16310
  30
0.00000
  42
-0.1230
  70
32
  0
VERTEX
  5
90F
  100
AcDbEntity
  8
Layer 1
  62
0
  100
AcDb2dVertex
  10
7.90091
  20
10.22804
  30
0.00000
  42
-0.4474
  70
32
  0
VERTEX
  5
910
  100
AcDbEntity
  8
Layer 1
  62
0
  100
AcDb2dVertex
  10
7.90402
  20
10.23163
  30
0.00000
  42
-0.1738
  70
32
  0
VERTEX
  5
911
  100
AcDbEntity
  8
Layer 1
  62
0
  100
AcDb2dVertex
  10
7.92619
  20
10.20758
  30
0.00000
  42
0.0909
  70
32
  0
VERTEX
  5
912
  100
AcDbEntity
  8
Layer 1
  62
0
  100
AcDb2dVertex
  10
7.93704
  20
10.19268
  30
0.00000
  42
0.2975
  70
32
  0
VERTEX
  5
913
  100
AcDbEntity
  8
Layer 1
  62
0
  100
AcDb2dVertex
  10
7.93950
  20
10.19297
  30
0.00000
  42
0.2975
  70
32
  0
VERTEX
  5
914
  100
AcDbEntity
  8
Layer 1
  62
0
  100
AcDb2dVertex
  10
7.94023
  20
10.19534
  30
0.00000
  42
0.0229
  70
32
  0
VERTEX
  5
915
  100
AcDbEntity
  8
Layer 1
  62
0
  100
AcDb2dVertex
  10
7.94114
  20
10.38259
  30
0.00000
  42
0.1654
  70
32
  0
VERTEX
  5
916
  100
AcDbEntity
  8
Layer 1
  62
0
  100
AcDb2dVertex
  10
7.89013
  20
10.51847
  30
0.00000
  42
0.0453
  70
32
  0
VERTEX
  5
917
  100
AcDbEntity
  8
Layer 1
  62
0
  100
AcDb2dVertex
  10
7.88687
  20
10.52173
  30
0.00000
  42
0.4488
  70
32
  0
VERTEX
  5
918
  100
AcDbEntity
  8
Layer 1
  62
0
  100
AcDb2dVertex
  10
7.88119
  20
10.51995
  30
0.00000
  42
-0.0654
  70
32
  0
VERTEX
  5
919
  100
AcDbEntity
  8
Layer 1
  62
0
  100
AcDb2dVertex
  10
7.83518
  20
10.48390
  30
0.00000
  42
0.2017
  70
32
  0
VERTEX
  5
91A
  100
AcDbEntity
  8
Layer 1
  62
0
  100
AcDb2dVertex
  10
7.81621
  20
10.45476
  30
0.00000
  42
0.0642
  70
32
  0
VERTEX
  5
91B
  100
AcDbEntity
  8
Layer 1
  62
0
  100
AcDb2dVertex
  10
7.82441
  20
10.40490
  30
0.00000
  42
-0.4425
  70
32
  0
VERTEX
  5
91C
  100
AcDbEntity
  8
Layer 1
  62
0
  100
AcDb2dVertex
  10
7.81069
  20
10.37916
  30
0.00000
  42
-0.2340
  70
32
  0
VERTEX
  5
91D
  100
AcDbEntity
  8
Layer 1
  62
0
  100
AcDb2dVertex
  10
7.76345
  20
10.39789
  30
0.00000
  42
0.0884
  70
32
  0
VERTEX
  5
91E
  100
AcDbEntity
  8
Layer 1
  62
0
  100
AcDb2dVertex
  10
7.74205
  20
10.41112
  30
0.00000
  42
0.2498
  70
32
  0
VERTEX
  5
91F
  100
AcDbEntity
  8
Layer 1
  62
0
  100
AcDb2dVertex
  10
7.73757
  20
10.41073
  30
0.00000
  70
32
  0
VERTEX
  5
920
  100
AcDbEntity
  8
Layer 1
  62
0
  100
AcDb2dVertex
  10
7.70110
  20
10.34450
  30
0.00000
  42
-0.0777
  70
32
  0
VERTEX
  5
921
  100
AcDbEntity
  8
Layer 1
  62
0
  100
AcDb2dVertex
  10
7.68608
  20
10.33067
  30
0.00000
  42
0.2648
  70
32
  0
VERTEX
  5
922
  100
AcDbEntity
  8
Layer 1
  62
0
  100
AcDb2dVertex
  10
7.68222
  20
10.32369
  30
0.00000
  42
0.0540
  70
32
  0
VERTEX
  5
923
  100
AcDbEntity
  8
Layer 1
  62
0
  100
AcDb2dVertex
  10
7.72551
  20
10.04921
  30
0.00000
  42
0.1160
  70
32
  0
VERTEX
  5
924
  100
AcDbEntity
  8
Layer 1
  62
0
  100
AcDb2dVertex
  10
7.82201
  20
9.87255
  30
0.00000
  70
32
  0
SEQEND
  5
925
  100
AcDbEntity
  8
Layer 1
  62
0
  0
POLYLINE
  5
926
  100
AcDbEntity
  8
Layer 1
  62
0
  100
AcDb2dPolyline
 66
     1
  10
0
  20
0
  30
0
  70
1
  0
VERTEX
  5
927
  100
AcDbEntity
  8
Layer 1
  62
0
  100
AcDb2dVertex
  10
7.69855
  20
10.02123
  30
0.00000
  42
0.0210
  70
32
  0
VERTEX
  5
928
  100
AcDbEntity
  8
Layer 1
  62
0
  100
AcDb2dVertex
  10
7.65781
  20
10.05473
  30
0.00000
  42
-0.1163
  70
32
  0
VERTEX
  5
929
  100
AcDbEntity
  8
Layer 1
  62
0
  100
AcDb2dVertex
  10
7.57729
  20
10.14919
  30
0.00000
  42
-0.2615
  70
32
  0
VERTEX
  5
92A
  100
AcDbEntity
  8
Layer 1
  62
0
  100
AcDb2dVertex
  10
7.58295
  20
10.23838
  30
0.00000
  42
-0.0552
  70
32
  0
VERTEX
  5
92B
  100
AcDbEntity
  8
Layer 1
  62
0
  100
AcDb2dVertex
  10
7.63014
  20
10.27665
  30
0.00000
  42
0.1673
  70
32
  0
VERTEX
  5
92C
  100
AcDbEntity
  8
Layer 1
  62
0
  100
AcDb2dVertex
  10
7.64981
  20
10.30304
  30
0.00000
  70
32
  0
VERTEX
  5
92D
  100
AcDbEntity
  8
Layer 1
  62
0
  100
AcDb2dVertex
  10
7.64902
  20
10.30379
  30
0.00000
  42
0.2026
  70
32
  0
VERTEX
  5
92E
  100
AcDbEntity
  8
Layer 1
  62
0
  100
AcDb2dVertex
  10
7.58115
  20
10.26293
  30
0.00000
  42
-0.0899
  70
32
  0
VERTEX
  5
92F
  100
AcDbEntity
  8
Layer 1
  62
0
  100
AcDb2dVertex
  10
7.52446
  20
10.20911
  30
0.00000
  42
-0.0759
  70
32
  0
VERTEX
  5
930
  100
AcDbEntity
  8
Layer 1
  62
0
  100
AcDb2dVertex
  10
7.49416
  20
10.19893
  30
0.00000
  42
0.2294
  70
32
  0
VERTEX
  5
931
  100
AcDbEntity
  8
Layer 1
  62
0
  100
AcDb2dVertex
  10
7.48842
  20
10.19362
  30
0.00000
  42
0.0366
  70
32
  0
VERTEX
  5
932
  100
AcDbEntity
  8
Layer 1
  62
0
  100
AcDb2dVertex
  10
7.47679
  20
10.12418
  30
0.00000
  42
-0.2785
  70
32
  0
VERTEX
  5
933
  100
AcDbEntity
  8
Layer 1
  62
0
  100
AcDb2dVertex
  10
7.44949
  20
10.08578
  30
0.00000
  42
-0.3895
  70
32
  0
VERTEX
  5
934
  100
AcDbEntity
  8
Layer 1
  62
0
  100
AcDb2dVertex
  10
7.42734
  20
10.09916
  30
0.00000
  42
0.0382
  70
32
  0
VERTEX
  5
935
  100
AcDbEntity
  8
Layer 1
  62
0
  100
AcDb2dVertex
  10
7.41810
  20
10.11833
  30
0.00000
  42
0.3593
  70
32
  0
VERTEX
  5
936
  100
AcDbEntity
  8
Layer 1
  62
0
  100
AcDb2dVertex
  10
7.39943
  20
10.12316
  30
0.00000
  42
0.0333
  70
32
  0
VERTEX
  5
937
  100
AcDbEntity
  8
Layer 1
  62
0
  100
AcDb2dVertex
  10
7.34662
  20
10.09799
  30
0.00000
  42
-0.1837
  70
32
  0
VERTEX
  5
938
  100
AcDbEntity
  8
Layer 1
  62
0
  100
AcDb2dVertex
  10
7.29735
  20
10.09500
  30
0.00000
  42
0.2036
  70
32
  0
VERTEX
  5
939
  100
AcDbEntity
  8
Layer 1
  62
0
  100
AcDb2dVertex
  10
7.29230
  20
10.09480
  30
0.00000
  42
0.1207
  70
32
  0
VERTEX
  5
93A
  100
AcDbEntity
  8
Layer 1
  62
0
  100
AcDb2dVertex
  10
7.28802
  20
10.09016
  30
0.00000
  42
-0.1585
  70
32
  0
VERTEX
  5
93B
  100
AcDbEntity
  8
Layer 1
  62
0
  100
AcDb2dVertex
  10
7.19931
  20
10.03477
  30
0.00000
  42
0.0185
  70
32
  0
VERTEX
  5
93C
  100
AcDbEntity
  8
Layer 1
  62
0
  100
AcDb2dVertex
  10
7.08267
  20
9.99944
  30
0.00000
  42
0.1198
  70
32
  0
VERTEX
  5
93D
  100
AcDbEntity
  8
Layer 1
  62
0
  100
AcDb2dVertex
  10
7.07240
  20
9.99327
  30
0.00000
  42
-0.0877
  70
32
  0
VERTEX
  5
93E
  100
AcDbEntity
  8
Layer 1
  62
0
  100
AcDb2dVertex
  10
7.03058
  20
9.94710
  30
0.00000
  42
0.2077
  70
32
  0
VERTEX
  5
93F
  100
AcDbEntity
  8
Layer 1
  62
0
  100
AcDb2dVertex
  10
7.02806
  20
9.93998
  30
0.00000
  42
-0.2339
  70
32
  0
VERTEX
  5
940
  100
AcDbEntity
  8
Layer 1
  62
0
  100
AcDb2dVertex
  10
6.97424
  20
9.82290
  30
0.00000
  42
-0.0616
  70
32
  0
VERTEX
  5
941
  100
AcDbEntity
  8
Layer 1
  62
0
  100
AcDb2dVertex
  10
6.87149
  20
9.76667
  30
0.00000
  42
0.1086
  70
32
  0
VERTEX
  5
942
  100
AcDbEntity
  8
Layer 1
  62
0
  100
AcDb2dVertex
  10
6.77089
  20
9.69920
  30
0.00000
  42
0.1486
  70
32
  0
VERTEX
  5
943
  100
AcDbEntity
  8
Layer 1
  62
0
  100
AcDb2dVertex
  10
6.71695
  20
9.56015
  30
0.00000
  42
0.0126
  70
32
  0
VERTEX
  5
944
  100
AcDbEntity
  8
Layer 1
  62
0
  100
AcDb2dVertex
  10
6.71236
  20
9.51184
  30
0.00000
  42
0.1415
  70
32
  0
VERTEX
  5
945
  100
AcDbEntity
  8
Layer 1
  62
0
  100
AcDb2dVertex
  10
6.71297
  20
9.50941
  30
0.00000
  42
0.3772
  70
32
  0
VERTEX
  5
946
  100
AcDbEntity
  8
Layer 1
  62
0
  100
AcDb2dVertex
  10
6.71484
  20
9.50930
  30
0.00000
  42
0.0369
  70
32
  0
VERTEX
  5
947
  100
AcDbEntity
  8
Layer 1
  62
0
  100
AcDb2dVertex
  10
6.75715
  20
9.55229
  30
0.00000
  42
-0.1184
  70
32
  0
VERTEX
  5
948
  100
AcDbEntity
  8
Layer 1
  62
0
  100
AcDb2dVertex
  10
6.82267
  20
9.60026
  30
0.00000
  42
-0.2663
  70
32
  0
VERTEX
  5
949
  100
AcDbEntity
  8
Layer 1
  62
0
  100
AcDb2dVertex
  10
6.82896
  20
9.59766
  30
0.00000
  42
0.0718
  70
32
  0
VERTEX
  5
94A
  100
AcDbEntity
  8
Layer 1
  62
0
  100
AcDb2dVertex
  10
6.83902
  20
9.58683
  30
0.00000
  42
0.1001
  70
32
  0
VERTEX
  5
94B
  100
AcDbEntity
  8
Layer 1
  62
0
  100
AcDb2dVertex
  10
6.85762
  20
9.58362
  30
0.00000
  42
0.2150
  70
32
  0
VERTEX
  5
94C
  100
AcDbEntity
  8
Layer 1
  62
0
  100
AcDb2dVertex
  10
7.09793
  20
9.65748
  30
0.00000
  42
0.0133
  70
32
  0
VERTEX
  5
94D
  100
AcDbEntity
  8
Layer 1
  62
0
  100
AcDb2dVertex
  10
7.15100
  20
9.70451
  30
0.00000
  70
32
  0
VERTEX
  5
94E
  100
AcDbEntity
  8
Layer 1
  62
0
  100
AcDb2dVertex
  10
7.15423
  20
9.70688
  30
0.00000
  42
-0.4167
  70
32
  0
VERTEX
  5
94F
  100
AcDbEntity
  8
Layer 1
  62
0
  100
AcDb2dVertex
  10
7.15721
  20
9.70554
  30
0.00000
  42
0.2259
  70
32
  0
VERTEX
  5
950
  100
AcDbEntity
  8
Layer 1
  62
0
  100
AcDb2dVertex
  10
7.16116
  20
9.70317
  30
0.00000
  42
0.3476
  70
32
  0
VERTEX
  5
951
  100
AcDbEntity
  8
Layer 1
  62
0
  100
AcDb2dVertex
  10
7.17710
  20
9.70842
  30
0.00000
  42
0.0674
  70
32
  0
VERTEX
  5
952
  100
AcDbEntity
  8
Layer 1
  62
0
  100
AcDb2dVertex
  10
7.21687
  20
9.81592
  30
0.00000
  42
-0.0834
  70
32
  0
VERTEX
  5
953
  100
AcDbEntity
  8
Layer 1
  62
0
  100
AcDb2dVertex
  10
7.25376
  20
9.90473
  30
0.00000
  42
-0.3007
  70
32
  0
VERTEX
  5
954
  100
AcDbEntity
  8
Layer 1
  62
0
  100
AcDb2dVertex
  10
7.33119
  20
9.93487
  30
0.00000
  42
-0.2700
  70
32
  0
VERTEX
  5
955
  100
AcDbEntity
  8
Layer 1
  62
0
  100
AcDb2dVertex
  10
7.33344
  20
9.93376
  30
0.00000
  42
-0.2700
  70
32
  0
VERTEX
  5
956
  100
AcDbEntity
  8
Layer 1
  62
0
  100
AcDb2dVertex
  10
7.33358
  20
9.93125
  30
0.00000
  42
-0.0165
  70
32
  0
VERTEX
  5
957
  100
AcDbEntity
  8
Layer 1
  62
0
  100
AcDb2dVertex
  10
7.31603
  20
9.92003
  30
0.00000
  42
0.3021
  70
32
  0
VERTEX
  5
958
  100
AcDbEntity
  8
Layer 1
  62
0
  100
AcDb2dVertex
  10
7.24768
  20
9.80360
  30
0.00000
  42
0.2749
  70
32
  0
VERTEX
  5
959
  100
AcDbEntity
  8
Layer 1
  62
0
  100
AcDb2dVertex
  10
7.24974
  20
9.80043
  30
0.00000
  42
0.1218
  70
32
  0
VERTEX
  5
95A
  100
AcDbEntity
  8
Layer 1
  62
0
  100
AcDb2dVertex
  10
7.25302
  20
9.80049
  30
0.00000
  42
0.0556
  70
32
  0
VERTEX
  5
95B
  100
AcDbEntity
  8
Layer 1
  62
0
  100
AcDb2dVertex
  10
7.39697
  20
9.84732
  30
0.00000
  42
0.1701
  70
32
  0
VERTEX
  5
95C
  100
AcDbEntity
  8
Layer 1
  62
0
  100
AcDb2dVertex
  10
7.47614
  20
9.92532
  30
0.00000
  42
0.2157
  70
32
  0
VERTEX
  5
95D
  100
AcDbEntity
  8
Layer 1
  62
0
  100
AcDb2dVertex
  10
7.47574
  20
9.93055
  30
0.00000
  42
-0.2088
  70
32
  0
VERTEX
  5
95E
  100
AcDbEntity
  8
Layer 1
  62
0
  100
AcDb2dVertex
  10
7.47566
  20
10.03551
  30
0.00000
  42
-0.1772
  70
32
  0
VERTEX
  5
95F
  100
AcDbEntity
  8
Layer 1
  62
0
  100
AcDb2dVertex
  10
7.49773
  20
10.05646
  30
0.00000
  42
-0.5434
  70
32
  0
VERTEX
  5
960
  100
AcDbEntity
  8
Layer 1
  62
0
  100
AcDb2dVertex
  10
7.50086
  20
10.05311
  30
0.00000
  42
-0.0085
  70
32
  0
VERTEX
  5
961
  100
AcDbEntity
  8
Layer 1
  62
0
  100
AcDb2dVertex
  10
7.49240
  20
10.00196
  30
0.00000
  42
0.1199
  70
32
  0
VERTEX
  5
962
  100
AcDbEntity
  8
Layer 1
  62
0
  100
AcDb2dVertex
  10
7.49576
  20
9.95791
  30
0.00000
  42
0.5104
  70
32
  0
VERTEX
  5
963
  100
AcDbEntity
  8
Layer 1
  62
0
  100
AcDb2dVertex
  10
7.50391
  20
9.95406
  30
0.00000
  42
0.1067
  70
32
  0
VERTEX
  5
964
  100
AcDbEntity
  8
Layer 1
  62
0
  100
AcDb2dVertex
  10
7.50914
  20
9.96050
  30
0.00000
  42
-0.0529
  70
32
  0
VERTEX
  5
965
  100
AcDbEntity
  8
Layer 1
  62
0
  100
AcDb2dVertex
  10
7.51667
  20
9.97063
  30
0.00000
  42
-0.2829
  70
32
  0
VERTEX
  5
966
  100
AcDbEntity
  8
Layer 1
  62
0
  100
AcDb2dVertex
  10
7.52000
  20
9.97132
  30
0.00000
  42
-0.2973
  70
32
  0
VERTEX
  5
967
  100
AcDbEntity
  8
Layer 1
  62
0
  100
AcDb2dVertex
  10
7.52306
  20
9.96508
  30
0.00000
  42
-0.1979
  70
32
  0
VERTEX
  5
968
  100
AcDbEntity
  8
Layer 1
  62
0
  100
AcDb2dVertex
  10
7.44667
  20
9.85196
  30
0.00000
  42
-0.0768
  70
32
  0
VERTEX
  5
969
  100
AcDbEntity
  8
Layer 1
  62
0
  100
AcDb2dVertex
  10
7.28846
  20
9.77757
  30
0.00000
  42
0.1011
  70
32
  0
VERTEX
  5
96A
  100
AcDbEntity
  8
Layer 1
  62
0
  100
AcDb2dVertex
  10
7.26075
  20
9.76524
  30
0.00000
  42
0.1100
  70
32
  0
VERTEX
  5
96B
  100
AcDbEntity
  8
Layer 1
  62
0
  100
AcDb2dVertex
  10
7.21414
  20
9.69918
  30
0.00000
  42
0.1100
  70
32
  0
VERTEX
  5
96C
  100
AcDbEntity
  8
Layer 1
  62
0
  100
AcDb2dVertex
  10
7.21219
  20
9.67027
  30
0.00000
  70
32
  0
VERTEX
  5
96D
  100
AcDbEntity
  8
Layer 1
  62
0
  100
AcDb2dVertex
  10
7.21305
  20
9.66800
  30
0.00000
  42
0.3361
  70
32
  0
VERTEX
  5
96E
  100
AcDbEntity
  8
Layer 1
  62
0
  100
AcDb2dVertex
  10
7.21865
  20
9.67242
  30
0.00000
  42
-0.1744
  70
32
  0
VERTEX
  5
96F
  100
AcDbEntity
  8
Layer 1
  62
0
  100
AcDb2dVertex
  10
7.32717
  20
9.75007
  30
0.00000
  42
-0.0602
  70
32
  0
VERTEX
  5
970
  100
AcDbEntity
  8
Layer 1
  62
0
  100
AcDb2dVertex
  10
7.51056
  20
9.77899
  30
0.00000
  70
32
  0
VERTEX
  5
971
  100
AcDbEntity
  8
Layer 1
  62
0
  100
AcDb2dVertex
  10
7.54946
  20
9.78211
  30
0.00000
  42
0.1488
  70
32
  0
VERTEX
  5
972
  100
AcDbEntity
  8
Layer 1
  62
0
  100
AcDb2dVertex
  10
7.56302
  20
9.79354
  30
0.00000
  42
0.0131
  70
32
  0
VERTEX
  5
973
  100
AcDbEntity
  8
Layer 1
  62
0
  100
AcDb2dVertex
  10
7.59564
  20
9.84627
  30
0.00000
  42
-0.0790
  70
32
  0
VERTEX
  5
974
  100
AcDbEntity
  8
Layer 1
  62
0
  100
AcDb2dVertex
  10
7.61059
  20
9.86120
  30
0.00000
  42
-0.0741
  70
32
  0
VERTEX
  5
975
  100
AcDbEntity
  8
Layer 1
  62
0
  100
AcDb2dVertex
  10
7.61732
  20
9.86501
  30
0.00000
  42
-0.4233
  70
32
  0
VERTEX
  5
976
  100
AcDbEntity
  8
Layer 1
  62
0
  100
AcDb2dVertex
  10
7.61942
  20
9.86410
  30
0.00000
  42
-0.3156
  70
32
  0
VERTEX
  5
977
  100
AcDbEntity
  8
Layer 1
  62
0
  100
AcDb2dVertex
  10
7.57999
  20
9.78313
  30
0.00000
  42
-0.1122
  70
32
  0
VERTEX
  5
978
  100
AcDbEntity
  8
Layer 1
  62
0
  100
AcDb2dVertex
  10
7.45790
  20
9.74738
  30
0.00000
  42
0.5581
  70
32
  0
VERTEX
  5
979
  100
AcDbEntity
  8
Layer 1
  62
0
  100
AcDb2dVertex
  10
7.45690
  20
9.74498
  30
0.00000
  42
0.1779
  70
32
  0
VERTEX
  5
97A
  100
AcDbEntity
  8
Layer 1
  62
0
  100
AcDb2dVertex
  10
7.57998
  20
9.71624
  30
0.00000
  42
0.2952
  70
32
  0
VERTEX
  5
97B
  100
AcDbEntity
  8
Layer 1
  62
0
  100
AcDb2dVertex
  10
7.71455
  20
9.83234
  30
0.00000
  42
0.2054
  70
32
  0
VERTEX
  5
97C
  100
AcDbEntity
  8
Layer 1
  62
0
  100
AcDb2dVertex
  10
7.69855
  20
10.02123
  30
0.00000
  70
32
  0
SEQEND
  5
97D
  100
AcDbEntity
  8
Layer 1
  62
0
  0
POLYLINE
  5
97E
  100
AcDbEntity
  8
Layer 1
  62
0
  100
AcDb2dPolyline
 66
     1
  10
0
  20
0
  30
0
  70
1
  0
VERTEX
  5
97F
  100
AcDbEntity
  8
Layer 1
  62
0
  100
AcDb2dVertex
  10
8.35285
  20
10.06590
  30
0.00000
  42
-0.2280
  70
32
  0
VERTEX
  5
980
  100
AcDbEntity
  8
Layer 1
  62
0
  100
AcDb2dVertex
  10
8.39834
  20
10.13528
  30
0.00000
  42
0.0418
  70
32
  0
VERTEX
  5
981
  100
AcDbEntity
  8
Layer 1
  62
0
  100
AcDb2dVertex
  10
8.46004
  20
10.18034
  30
0.00000
  42
0.0969
  70
32
  0
VERTEX
  5
982
  100
AcDbEntity
  8
Layer 1
  62
0
  100
AcDb2dVertex
  10
8.48061
  20
10.21216
  30
0.00000
  42
-0.3060
  70
32
  0
VERTEX
  5
983
  100
AcDbEntity
  8
Layer 1
  62
0
  100
AcDb2dVertex
  10
8.48893
  20
10.21789
  30
0.00000
  42
-0.0314
  70
32
  0
VERTEX
  5
984
  100
AcDbEntity
  8
Layer 1
  62
0
  100
AcDb2dVertex
  10
8.50814
  20
10.21834
  30
0.00000
  42
0.3244
  70
32
  0
VERTEX
  5
985
  100
AcDbEntity
  8
Layer 1
  62
0
  100
AcDb2dVertex
  10
8.52000
  20
10.22982
  30
0.00000
  42
0.2826
  70
32
  0
VERTEX
  5
986
  100
AcDbEntity
  8
Layer 1
  62
0
  100
AcDb2dVertex
  10
8.51130
  20
10.27434
  30
0.00000
  42
0.0187
  70
32
  0
VERTEX
  5
987
  100
AcDbEntity
  8
Layer 1
  62
0
  100
AcDb2dVertex
  10
8.48944
  20
10.30249
  30
0.00000
  42
0.3125
  70
32
  0
VERTEX
  5
988
  100
AcDbEntity
  8
Layer 1
  62
0
  100
AcDb2dVertex
  10
8.48578
  20
10.30322
  30
0.00000
  42
0.0597
  70
32
  0
VERTEX
  5
989
  100
AcDbEntity
  8
Layer 1
  62
0
  100
AcDb2dVertex
  10
8.47455
  20
10.29581
  30
0.00000
  42
0.1814
  70
32
  0
VERTEX
  5
98A
  100
AcDbEntity
  8
Layer 1
  62
0
  100
AcDb2dVertex
  10
8.40409
  20
10.17882
  30
0.00000
  42
-0.2565
  70
32
  0
VERTEX
  5
98B
  100
AcDbEntity
  8
Layer 1
  62
0
  100
AcDb2dVertex
  10
8.40138
  20
10.17564
  30
0.00000
  42
0.1265
  70
32
  0
VERTEX
  5
98C
  100
AcDbEntity
  8
Layer 1
  62
0
  100
AcDb2dVertex
  10
8.33359
  20
10.12645
  30
0.00000
  42
-0.1313
  70
32
  0
VERTEX
  5
98D
  100
AcDbEntity
  8
Layer 1
  62
0
  100
AcDb2dVertex
  10
8.27756
  20
10.08741
  30
0.00000
  42
-0.2858
  70
32
  0
VERTEX
  5
98E
  100
AcDbEntity
  8
Layer 1
  62
0
  100
AcDb2dVertex
  10
8.23039
  20
10.10303
  30
0.00000
  42
0.1519
  70
32
  0
VERTEX
  5
98F
  100
AcDbEntity
  8
Layer 1
  62
0
  100
AcDb2dVertex
  10
8.19126
  20
10.12443
  30
0.00000
  42
0.2821
  70
32
  0
VERTEX
  5
990
  100
AcDbEntity
  8
Layer 1
  62
0
  100
AcDb2dVertex
  10
8.18065
  20
10.11879
  30
0.00000
  70
32
  0
VERTEX
  5
991
  100
AcDbEntity
  8
Layer 1
  62
0
  100
AcDb2dVertex
  10
8.17432
  20
10.10745
  30
0.00000
  42
-0.2660
  70
32
  0
VERTEX
  5
992
  100
AcDbEntity
  8
Layer 1
  62
0
  100
AcDb2dVertex
  10
8.16358
  20
10.10246
  30
0.00000
  42
-0.1202
  70
32
  0
VERTEX
  5
993
  100
AcDbEntity
  8
Layer 1
  62
0
  100
AcDb2dVertex
  10
8.04688
  20
10.10075
  30
0.00000
  42
-0.2151
  70
32
  0
VERTEX
  5
994
  100
AcDbEntity
  8
Layer 1
  62
0
  100
AcDb2dVertex
  10
7.97811
  20
10.15565
  30
0.00000
  42
0.5467
  70
32
  0
VERTEX
  5
995
  100
AcDbEntity
  8
Layer 1
  62
0
  100
AcDb2dVertex
  10
7.97686
  20
10.15557
  30
0.00000
  42
0.1351
  70
32
  0
VERTEX
  5
996
  100
AcDbEntity
  8
Layer 1
  62
0
  100
AcDb2dVertex
  10
7.97626
  20
10.15309
  30
0.00000
  42
0.1803
  70
32
  0
VERTEX
  5
997
  100
AcDbEntity
  8
Layer 1
  62
0
  100
AcDb2dVertex
  10
8.03241
  20
10.05144
  30
0.00000
  42
-0.0213
  70
32
  0
VERTEX
  5
998
  100
AcDbEntity
  8
Layer 1
  62
0
  100
AcDb2dVertex
  10
8.10761
  20
9.97981
  30
0.00000
  42
-0.2704
  70
32
  0
VERTEX
  5
999
  100
AcDbEntity
  8
Layer 1
  62
0
  100
AcDb2dVertex
  10
8.13400
  20
9.84636
  30
0.00000
  42
0.1168
  70
32
  0
VERTEX
  5
99A
  100
AcDbEntity
  8
Layer 1
  62
0
  100
AcDb2dVertex
  10
8.13461
  20
9.84078
  30
0.00000
  42
-0.2131
  70
32
  0
VERTEX
  5
99B
  100
AcDbEntity
  8
Layer 1
  62
0
  100
AcDb2dVertex
  10
8.14054
  20
9.67399
  30
0.00000
  42
-0.0531
  70
32
  0
VERTEX
  5
99C
  100
AcDbEntity
  8
Layer 1
  62
0
  100
AcDb2dVertex
  10
8.08785
  20
9.57017
  30
0.00000
  42
0.0830
  70
32
  0
VERTEX
  5
99D
  100
AcDbEntity
  8
Layer 1
  62
0
  100
AcDb2dVertex
  10
8.08682
  20
9.56739
  30
0.00000
  42
0.5709
  70
32
  0
VERTEX
  5
99E
  100
AcDbEntity
  8
Layer 1
  62
0
  100
AcDb2dVertex
  10
8.08762
  20
9.56660
  30
0.00000
  42
0.0895
  70
32
  0
VERTEX
  5
99F
  100
AcDbEntity
  8
Layer 1
  62
0
  100
AcDb2dVertex
  10
8.09209
  20
9.56953
  30
0.00000
  42
0.0120
  70
32
  0
VERTEX
  5
9A0
  100
AcDbEntity
  8
Layer 1
  62
0
  100
AcDb2dVertex
  10
8.14099
  20
9.62154
  30
0.00000
  42
0.0847
  70
32
  0
VERTEX
  5
9A1
  100
AcDbEntity
  8
Layer 1
  62
0
  100
AcDb2dVertex
  10
8.17131
  20
9.66327
  30
0.00000
  70
32
  0
VERTEX
  5
9A2
  100
AcDbEntity
  8
Layer 1
  62
0
  100
AcDb2dVertex
  10
8.21088
  20
9.75741
  30
0.00000
  42
-0.2341
  70
32
  0
VERTEX
  5
9A3
  100
AcDbEntity
  8
Layer 1
  62
0
  100
AcDb2dVertex
  10
8.30523
  20
9.83843
  30
0.00000
  42
-0.0636
  70
32
  0
VERTEX
  5
9A4
  100
AcDbEntity
  8
Layer 1
  62
0
  100
AcDb2dVertex
  10
8.39695
  20
9.83661
  30
0.00000
  42
0.0805
  70
32
  0
VERTEX
  5
9A5
  100
AcDbEntity
  8
Layer 1
  62
0
  100
AcDb2dVertex
  10
8.48024
  20
9.84105
  30
0.00000
  42
0.1238
  70
32
  0
VERTEX
  5
9A6
  100
AcDbEntity
  8
Layer 1
  62
0
  100
AcDb2dVertex
  10
8.57737
  20
9.91305
  30
0.00000
  42
0.1142
  70
32
  0
VERTEX
  5
9A7
  100
AcDbEntity
  8
Layer 1
  62
0
  100
AcDb2dVertex
  10
8.61574
  20
9.97700
  30
0.00000
  42
0.2327
  70
32
  0
VERTEX
  5
9A8
  100
AcDbEntity
  8
Layer 1
  62
0
  100
AcDb2dVertex
  10
8.59594
  20
10.02678
  30
0.00000
  42
0.0204
  70
32
  0
VERTEX
  5
9A9
  100
AcDbEntity
  8
Layer 1
  62
0
  100
AcDb2dVertex
  10
8.57050
  20
10.05268
  30
0.00000
  42
0.5470
  70
32
  0
VERTEX
  5
9AA
  100
AcDbEntity
  8
Layer 1
  62
0
  100
AcDb2dVertex
  10
8.56549
  20
10.05299
  30
0.00000
  42
-0.3392
  70
32
  0
VERTEX
  5
9AB
  100
AcDbEntity
  8
Layer 1
  62
0
  100
AcDb2dVertex
  10
8.43033
  20
9.98456
  30
0.00000
  42
-0.3547
  70
32
  0
VERTEX
  5
9AC
  100
AcDbEntity
  8
Layer 1
  62
0
  100
AcDb2dVertex
  10
8.35285
  20
10.06590
  30
0.00000
  70
32
  0
SEQEND
  5
9AD
  100
AcDbEntity
  8
Layer 1
  62
0
  0
POLYLINE
  5
9AE
  100
AcDbEntity
  8
Layer 1
  62
0
  100
AcDb2dPolyline
 66
     1
  10
0
  20
0
  30
0
  70
1
  0
VERTEX
  5
9AF
  100
AcDbEntity
  8
Layer 1
  62
0
  100
AcDb2dVertex
  10
7.76500
  20
9.87668
  30
0.00000
  42
-0.1104
  70
32
  0
VERTEX
  5
9B0
  100
AcDbEntity
  8
Layer 1
  62
0
  100
AcDb2dVertex
  10
7.72460
  20
9.76396
  30
0.00000
  42
0.1376
  70
32
  0
VERTEX
  5
9B1
  100
AcDbEntity
  8
Layer 1
  62
0
  100
AcDb2dVertex
  10
7.72353
  20
9.76045
  30
0.00000
  42
0.2360
  70
32
  0
VERTEX
  5
9B2
  100
AcDbEntity
  8
Layer 1
  62
0
  100
AcDb2dVertex
  10
7.73050
  20
9.75448
  30
0.00000
  42
-0.1295
  70
32
  0
VERTEX
  5
9B3
  100
AcDbEntity
  8
Layer 1
  62
0
  100
AcDb2dVertex
  10
7.81342
  20
9.66853
  30
0.00000
  42
0.0215
  70
32
  0
VERTEX
  5
9B4
  100
AcDbEntity
  8
Layer 1
  62
0
  100
AcDb2dVertex
  10
7.85382
  20
9.60633
  30
0.00000
  42
0.4501
  70
32
  0
VERTEX
  5
9B5
  100
AcDbEntity
  8
Layer 1
  62
0
  100
AcDb2dVertex
  10
7.85576
  20
9.60641
  30
0.00000
  42
0.1327
  70
32
  0
VERTEX
  5
9B6
  100
AcDbEntity
  8
Layer 1
  62
0
  100
AcDb2dVertex
  10
7.85667
  20
9.60920
  30
0.00000
  42
0.0613
  70
32
  0
VERTEX
  5
9B7
  100
AcDbEntity
  8
Layer 1
  62
0
  100
AcDb2dVertex
  10
7.85835
  20
9.70740
  30
0.00000
  42
0.1685
  70
32
  0
VERTEX
  5
9B8
  100
AcDbEntity
  8
Layer 1
  62
0
  100
AcDb2dVertex
  10
7.78256
  20
9.87330
  30
0.00000
  42
0.0332
  70
32
  0
VERTEX
  5
9B9
  100
AcDbEntity
  8
Layer 1
  62
0
  100
AcDb2dVertex
  10
7.77088
  20
9.88383
  30
0.00000
  42
0.1719
  70
32
  0
VERTEX
  5
9BA
  100
AcDbEntity
  8
Layer 1
  62
0
  100
AcDb2dVertex
  10
7.76806
  20
9.88481
  30
0.00000
  42
0.2744
  70
32
  0
VERTEX
  5
9BB
  100
AcDbEntity
  8
Layer 1
  62
0
  100
AcDb2dVertex
  10
7.76617
  20
9.88332
  30
0.00000
  42
0.0973
  70
32
  0
VERTEX
  5
9BC
  100
AcDbEntity
  8
Layer 1
  62
0
  100
AcDb2dVertex
  10
7.76500
  20
9.87668
  30
0.00000
  70
32
  0
SEQEND
  5
9BD
  100
AcDbEntity
  8
Layer 1
  62
0
  0
POLYLINE
  5
9BE
  100
AcDbEntity
  8
Layer 1
  62
0
  100
AcDb2dPolyline
 66
     1
  10
0
  20
0
  30
0
  70
1
  0
VERTEX
  5
9BF
  100
AcDbEntity
  8
Layer 1
  62
0
  100
AcDb2dVertex
  10
8.81052
  20
9.86238
  30
0.00000
  42
0.2276
  70
32
  0
VERTEX
  5
9C0
  100
AcDbEntity
  8
Layer 1
  62
0
  100
AcDb2dVertex
  10
8.81273
  20
9.86157
  30
0.00000
  42
0.1372
  70
32
  0
VERTEX
  5
9C1
  100
AcDbEntity
  8
Layer 1
  62
0
  100
AcDb2dVertex
  10
8.82884
  20
9.86891
  30
0.00000
  42
0.2781
  70
32
  0
VERTEX
  5
9C2
  100
AcDbEntity
  8
Layer 1
  62
0
  100
AcDb2dVertex
  10
8.86075
  20
10.02149
  30
0.00000
  42
0.1164
  70
32
  0
VERTEX
  5
9C3
  100
AcDbEntity
  8
Layer 1
  62
0
  100
AcDb2dVertex
  10
8.84885
  20
10.03641
  30
0.00000
  42
0.1315
  70
32
  0
VERTEX
  5
9C4
  100
AcDbEntity
  8
Layer 1
  62
0
  100
AcDb2dVertex
  10
8.84569
  20
10.03773
  30
0.00000
  42
0.3075
  70
32
  0
VERTEX
  5
9C5
  100
AcDbEntity
  8
Layer 1
  62
0
  100
AcDb2dVertex
  10
8.84460
  20
10.03715
  30
0.00000
  42
0.1380
  70
32
  0
VERTEX
  5
9C6
  100
AcDbEntity
  8
Layer 1
  62
0
  100
AcDb2dVertex
  10
8.84406
  20
10.03464
  30
0.00000
  42
-0.1339
  70
32
  0
VERTEX
  5
9C7
  100
AcDbEntity
  8
Layer 1
  62
0
  100
AcDb2dVertex
  10
8.82192
  20
9.91297
  30
0.00000
  42
0.0794
  70
32
  0
VERTEX
  5
9C8
  100
AcDbEntity
  8
Layer 1
  62
0
  100
AcDb2dVertex
  10
8.80972
  20
9.86477
  30
0.00000
  42
0.1596
  70
32
  0
VERTEX
  5
9C9
  100
AcDbEntity
  8
Layer 1
  62
0
  100
AcDb2dVertex
  10
8.81052
  20
9.86238
  30
0.00000
  70
32
  0
SEQEND
  5
9CA
  100
AcDbEntity
  8
Layer 1
  62
0
  0
POLYLINE
  5
9CB
  100
AcDbEntity
  8
Layer 1
  62
0
  100
AcDb2dPolyline
 66
     1
  10
0
  20
0
  30
0
  70
1
  0
VERTEX
  5
9CC
  100
AcDbEntity
  8
Layer 1
  62
0
  100
AcDb2dVertex
  10
8.04263
  20
9.99653
  30
0.00000
  42
0.5562
  70
32
  0
VERTEX
  5
9CD
  100
AcDbEntity
  8
Layer 1
  62
0
  100
AcDb2dVertex
  10
8.03948
  20
9.99460
  30
0.00000
  42
0.0935
  70
32
  0
VERTEX
  5
9CE
  100
AcDbEntity
  8
Layer 1
  62
0
  100
AcDb2dVertex
  10
8.05488
  20
9.96035
  30
0.00000
  42
0.0300
  70
32
  0
VERTEX
  5
9CF
  100
AcDbEntity
  8
Layer 1
  62
0
  100
AcDb2dVertex
  10
8.10393
  20
9.90367
  30
0.00000
  42
0.3025
  70
32
  0
VERTEX
  5
9D0
  100
AcDbEntity
  8
Layer 1
  62
0
  100
AcDb2dVertex
  10
8.10537
  20
9.90364
  30
0.00000
  42
0.3024
  70
32
  0
VERTEX
  5
9D1
  100
AcDbEntity
  8
Layer 1
  62
0
  100
AcDb2dVertex
  10
8.10595
  20
9.90496
  30
0.00000
  42
0.1764
  70
32
  0
VERTEX
  5
9D2
  100
AcDbEntity
  8
Layer 1
  62
0
  100
AcDb2dVertex
  10
8.04263
  20
9.99653
  30
0.00000
  70
32
  0
SEQEND
  5
9D3
  100
AcDbEntity
  8
Layer 1
  62
0
  0
POLYLINE
  5
9D4
  100
AcDbEntity
  8
Layer 1
  62
0
  100
AcDb2dPolyline
 66
     1
  10
0
  20
0
  30
0
  70
1
  0
VERTEX
  5
9D5
  100
AcDbEntity
  8
Layer 1
  62
0
  100
AcDb2dVertex
  10
8.78266
  20
9.91415
  30
0.00000
  42
0.1247
  70
32
  0
VERTEX
  5
9D6
  100
AcDbEntity
  8
Layer 1
  62
0
  100
AcDb2dVertex
  10
8.80242
  20
9.96034
  30
0.00000
  42
0.1002
  70
32
  0
VERTEX
  5
9D7
  100
AcDbEntity
  8
Layer 1
  62
0
  100
AcDb2dVertex
  10
8.80845
  20
10.12436
  30
0.00000
  42
0.1042
  70
32
  0
VERTEX
  5
9D8
  100
AcDbEntity
  8
Layer 1
  62
0
  100
AcDb2dVertex
  10
8.78990
  20
10.16407
  30
0.00000
  42
0.5282
  70
32
  0
VERTEX
  5
9D9
  100
AcDbEntity
  8
Layer 1
  62
0
  100
AcDb2dVertex
  10
8.78724
  20
10.16299
  30
0.00000
  42
0.0349
  70
32
  0
VERTEX
  5
9DA
  100
AcDbEntity
  8
Layer 1
  62
0
  100
AcDb2dVertex
  10
8.78556
  20
10.14639
  30
0.00000
  70
32
  0
VERTEX
  5
9DB
  100
AcDbEntity
  8
Layer 1
  62
0
  100
AcDb2dVertex
  10
8.78671
  20
9.98807
  30
0.00000
  42
-0.0234
  70
32
  0
VERTEX
  5
9DC
  100
AcDbEntity
  8
Layer 1
  62
0
  100
AcDb2dVertex
  10
8.78167
  20
9.93147
  30
0.00000
  42
-0.2467
  70
32
  0
VERTEX
  5
9DD
  100
AcDbEntity
  8
Layer 1
  62
0
  100
AcDb2dVertex
  10
8.77990
  20
9.92849
  30
0.00000
  42
-0.1146
  70
32
  0
VERTEX
  5
9DE
  100
AcDbEntity
  8
Layer 1
  62
0
  100
AcDb2dVertex
  10
8.77447
  20
9.92787
  30
0.00000
  42
0.0251
  70
32
  0
VERTEX
  5
9DF
  100
AcDbEntity
  8
Layer 1
  62
0
  100
AcDb2dVertex
  10
8.76272
  20
9.92732
  30
0.00000
  42
0.3652
  70
32
  0
VERTEX
  5
9E0
  100
AcDbEntity
  8
Layer 1
  62
0
  100
AcDb2dVertex
  10
8.76137
  20
9.92569
  30
0.00000
  42
0.1660
  70
32
  0
VERTEX
  5
9E1
  100
AcDbEntity
  8
Layer 1
  62
0
  100
AcDb2dVertex
  10
8.76744
  20
9.91653
  30
0.00000
  42
0.4404
  70
32
  0
VERTEX
  5
9E2
  100
AcDbEntity
  8
Layer 1
  62
0
  100
AcDb2dVertex
  10
8.78266
  20
9.91415
  30
0.00000
  70
32
  0
SEQEND
  5
9E3
  100
AcDbEntity
  8
Layer 1
  62
0
  0
POLYLINE
  5
9E4
  100
AcDbEntity
  8
Layer 1
  62
0
  100
AcDb2dPolyline
 66
     1
  10
0
  20
0
  30
0
  70
1
  0
VERTEX
  5
9E5
  100
AcDbEntity
  8
Layer 1
  62
0
  100
AcDb2dVertex
  10
8.72252
  20
9.96554
  30
0.00000
  42
0.1418
  70
32
  0
VERTEX
  5
9E6
  100
AcDbEntity
  8
Layer 1
  62
0
  100
AcDb2dVertex
  10
8.75199
  20
9.95681
  30
0.00000
  42
0.4176
  70
32
  0
VERTEX
  5
9E7
  100
AcDbEntity
  8
Layer 1
  62
0
  100
AcDb2dVertex
  10
8.75657
  20
9.96037
  30
0.00000
  42
-0.0307
  70
32
  0
VERTEX
  5
9E8
  100
AcDbEntity
  8
Layer 1
  62
0
  100
AcDb2dVertex
  10
8.74681
  20
10.04919
  30
0.00000
  42
-0.0336
  70
32
  0
VERTEX
  5
9E9
  100
AcDbEntity
  8
Layer 1
  62
0
  100
AcDb2dVertex
  10
8.75141
  20
10.16033
  30
0.00000
  42
0.2074
  70
32
  0
VERTEX
  5
9EA
  100
AcDbEntity
  8
Layer 1
  62
0
  100
AcDb2dVertex
  10
8.74913
  20
10.16861
  30
0.00000
  42
-0.0383
  70
32
  0
VERTEX
  5
9EB
  100
AcDbEntity
  8
Layer 1
  62
0
  100
AcDb2dVertex
  10
8.68861
  20
10.25195
  30
0.00000
  42
-0.0428
  70
32
  0
VERTEX
  5
9EC
  100
AcDbEntity
  8
Layer 1
  62
0
  100
AcDb2dVertex
  10
8.67464
  20
10.28464
  30
0.00000
  42
0.2896
  70
32
  0
VERTEX
  5
9ED
  100
AcDbEntity
  8
Layer 1
  62
0
  100
AcDb2dVertex
  10
8.66862
  20
10.28914
  30
0.00000
  42
0.0777
  70
32
  0
VERTEX
  5
9EE
  100
AcDbEntity
  8
Layer 1
  62
0
  100
AcDb2dVertex
  10
8.58590
  20
10.29405
  30
0.00000
  42
0.1214
  70
32
  0
VERTEX
  5
9EF
  100
AcDbEntity
  8
Layer 1
  62
0
  100
AcDb2dVertex
  10
8.57100
  20
10.28686
  30
0.00000
  42
0.3203
  70
32
  0
VERTEX
  5
9F0
  100
AcDbEntity
  8
Layer 1
  62
0
  100
AcDb2dVertex
  10
8.56979
  20
10.28242
  30
0.00000
  42
0.1997
  70
32
  0
VERTEX
  5
9F1
  100
AcDbEntity
  8
Layer 1
  62
0
  100
AcDb2dVertex
  10
8.57498
  20
10.27878
  30
0.00000
  42
0.1296
  70
32
  0
VERTEX
  5
9F2
  100
AcDbEntity
  8
Layer 1
  62
0
  100
AcDb2dVertex
  10
8.60539
  20
10.28238
  30
0.00000
  42
-0.0753
  70
32
  0
VERTEX
  5
9F3
  100
AcDbEntity
  8
Layer 1
  62
0
  100
AcDb2dVertex
  10
8.62026
  20
10.28374
  30
0.00000
  42
-0.1621
  70
32
  0
VERTEX
  5
9F4
  100
AcDbEntity
  8
Layer 1
  62
0
  100
AcDb2dVertex
  10
8.62349
  20
10.28264
  30
0.00000
  42
-0.1143
  70
32
  0
VERTEX
  5
9F5
  100
AcDbEntity
  8
Layer 1
  62
0
  100
AcDb2dVertex
  10
8.66465
  20
10.21317
  30
0.00000
  42
-0.0139
  70
32
  0
VERTEX
  5
9F6
  100
AcDbEntity
  8
Layer 1
  62
0
  100
AcDb2dVertex
  10
8.70241
  20
10.07408
  30
0.00000
  42
0.0094
  70
32
  0
VERTEX
  5
9F7
  100
AcDbEntity
  8
Layer 1
  62
0
  100
AcDb2dVertex
  10
8.71279
  20
10.04249
  30
0.00000
  42
-0.2167
  70
32
  0
VERTEX
  5
9F8
  100
AcDbEntity
  8
Layer 1
  62
0
  100
AcDb2dVertex
  10
8.70921
  20
10.03253
  30
0.00000
  42
-0.0670
  70
32
  0
VERTEX
  5
9F9
  100
AcDbEntity
  8
Layer 1
  62
0
  100
AcDb2dVertex
  10
8.68487
  20
10.01050
  30
0.00000
  70
32
  0
VERTEX
  5
9FA
  100
AcDbEntity
  8
Layer 1
  62
0
  100
AcDb2dVertex
  10
8.68267
  20
10.00832
  30
0.00000
  42
0.2928
  70
32
  0
VERTEX
  5
9FB
  100
AcDbEntity
  8
Layer 1
  62
0
  100
AcDb2dVertex
  10
8.68273
  20
10.00610
  30
0.00000
  42
0.0857
  70
32
  0
VERTEX
  5
9FC
  100
AcDbEntity
  8
Layer 1
  62
0
  100
AcDb2dVertex
  10
8.68705
  20
10.00157
  30
0.00000
  42
0.0476
  70
32
  0
VERTEX
  5
9FD
  100
AcDbEntity
  8
Layer 1
  62
0
  100
AcDb2dVertex
  10
8.72252
  20
9.96554
  30
0.00000
  70
32
  0
SEQEND
  5
9FE
  100
AcDbEntity
  8
Layer 1
  62
0
  0
POLYLINE
  5
9FF
  100
AcDbEntity
  8
Layer 1
  62
0
  100
AcDb2dPolyline
 66
     1
  10
0
  20
0
  30
0
  70
1
  0
VERTEX
  5
A00
  100
AcDbEntity
  8
Layer 1
  62
0
  100
AcDb2dVertex
  10
8.53895
  20
10.17177
  30
0.00000
  42
0.1129
  70
32
  0
VERTEX
  5
A01
  100
AcDbEntity
  8
Layer 1
  62
0
  100
AcDb2dVertex
  10
8.49582
  20
10.19635
  30
0.00000
  42
0.2871
  70
32
  0
VERTEX
  5
A02
  100
AcDbEntity
  8
Layer 1
  62
0
  100
AcDb2dVertex
  10
8.49328
  20
10.19478
  30
0.00000
  42
-0.0636
  70
32
  0
VERTEX
  5
A03
  100
AcDbEntity
  8
Layer 1
  62
0
  100
AcDb2dVertex
  10
8.47714
  20
10.15738
  30
0.00000
  42
-0.2505
  70
32
  0
VERTEX
  5
A04
  100
AcDbEntity
  8
Layer 1
  62
0
  100
AcDb2dVertex
  10
8.41923
  20
10.12535
  30
0.00000
  42
0.1993
  70
32
  0
VERTEX
  5
A05
  100
AcDbEntity
  8
Layer 1
  62
0
  100
AcDb2dVertex
  10
8.41221
  20
10.12130
  30
0.00000
  42
0.4111
  70
32
  0
VERTEX
  5
A06
  100
AcDbEntity
  8
Layer 1
  62
0
  100
AcDb2dVertex
  10
8.42449
  20
10.01321
  30
0.00000
  42
0.1459
  70
32
  0
VERTEX
  5
A07
  100
AcDbEntity
  8
Layer 1
  62
0
  100
AcDb2dVertex
  10
8.43307
  20
10.00843
  30
0.00000
  42
0.1511
  70
32
  0
VERTEX
  5
A08
  100
AcDbEntity
  8
Layer 1
  62
0
  100
AcDb2dVertex
  10
8.52747
  20
10.04133
  30
0.00000
  42
0.0926
  70
32
  0
VERTEX
  5
A09
  100
AcDbEntity
  8
Layer 1
  62
0
  100
AcDb2dVertex
  10
8.54762
  20
10.06692
  30
0.00000
  42
0.2351
  70
32
  0
VERTEX
  5
A0A
  100
AcDbEntity
  8
Layer 1
  62
0
  100
AcDb2dVertex
  10
8.54738
  20
10.07214
  30
0.00000
  42
-0.0562
  70
32
  0
VERTEX
  5
A0B
  100
AcDbEntity
  8
Layer 1
  62
0
  100
AcDb2dVertex
  10
8.52867
  20
10.10751
  30
0.00000
  42
-0.1801
  70
32
  0
VERTEX
  5
A0C
  100
AcDbEntity
  8
Layer 1
  62
0
  100
AcDb2dVertex
  10
8.52788
  20
10.11593
  30
0.00000
  42
-0.0603
  70
32
  0
VERTEX
  5
A0D
  100
AcDbEntity
  8
Layer 1
  62
0
  100
AcDb2dVertex
  10
8.54430
  20
10.14077
  30
0.00000
  42
0.4408
  70
32
  0
VERTEX
  5
A0E
  100
AcDbEntity
  8
Layer 1
  62
0
  100
AcDb2dVertex
  10
8.53895
  20
10.17177
  30
0.00000
  70
32
  0
SEQEND
  5
A0F
  100
AcDbEntity
  8
Layer 1
  62
0
  0
POLYLINE
  5
A10
  100
AcDbEntity
  8
Layer 1
  62
0
  100
AcDb2dPolyline
 66
     1
  10
0
  20
0
  30
0
  70
1
  0
VERTEX
  5
A11
  100
AcDbEntity
  8
Layer 1
  62
0
  100
AcDb2dVertex
  10
8.60848
  20
10.09553
  30
0.00000
  42
-0.1186
  70
32
  0
VERTEX
  5
A12
  100
AcDbEntity
  8
Layer 1
  62
0
  100
AcDb2dVertex
  10
8.64029
  20
10.06341
  30
0.00000
  42
0.2588
  70
32
  0
VERTEX
  5
A13
  100
AcDbEntity
  8
Layer 1
  62
0
  100
AcDb2dVertex
  10
8.66287
  20
10.05119
  30
0.00000
  42
0.3533
  70
32
  0
VERTEX
  5
A14
  100
AcDbEntity
  8
Layer 1
  62
0
  100
AcDb2dVertex
  10
8.66697
  20
10.05496
  30
0.00000
  42
0.0655
  70
32
  0
VERTEX
  5
A15
  100
AcDbEntity
  8
Layer 1
  62
0
  100
AcDb2dVertex
  10
8.64280
  20
10.14366
  30
0.00000
  42
-0.0434
  70
32
  0
VERTEX
  5
A16
  100
AcDbEntity
  8
Layer 1
  62
0
  100
AcDb2dVertex
  10
8.61180
  20
10.24561
  30
0.00000
  42
0.3220
  70
32
  0
VERTEX
  5
A17
  100
AcDbEntity
  8
Layer 1
  62
0
  100
AcDb2dVertex
  10
8.60722
  20
10.24980
  30
0.00000
  42
0.2102
  70
32
  0
VERTEX
  5
A18
  100
AcDbEntity
  8
Layer 1
  62
0
  100
AcDb2dVertex
  10
8.59130
  20
10.24598
  30
0.00000
  42
-0.1342
  70
32
  0
VERTEX
  5
A19
  100
AcDbEntity
  8
Layer 1
  62
0
  100
AcDb2dVertex
  10
8.57095
  20
10.23712
  30
0.00000
  42
0.2641
  70
32
  0
VERTEX
  5
A1A
  100
AcDbEntity
  8
Layer 1
  62
0
  100
AcDb2dVertex
  10
8.56786
  20
10.23503
  30
0.00000
  42
0.1230
  70
32
  0
VERTEX
  5
A1B
  100
AcDbEntity
  8
Layer 1
  62
0
  100
AcDb2dVertex
  10
8.56751
  20
10.22945
  30
0.00000
  42
0.1139
  70
32
  0
VERTEX
  5
A1C
  100
AcDbEntity
  8
Layer 1
  62
0
  100
AcDb2dVertex
  10
8.59269
  20
10.16305
  30
0.00000
  42
-0.1955
  70
32
  0
VERTEX
  5
A1D
  100
AcDbEntity
  8
Layer 1
  62
0
  100
AcDb2dVertex
  10
8.60183
  20
10.10094
  30
0.00000
  42
0.3227
  70
32
  0
VERTEX
  5
A1E
  100
AcDbEntity
  8
Layer 1
  62
0
  100
AcDb2dVertex
  10
8.60317
  20
10.09778
  30
0.00000
  42
0.0409
  70
32
  0
VERTEX
  5
A1F
  100
AcDbEntity
  8
Layer 1
  62
0
  100
AcDb2dVertex
  10
8.60848
  20
10.09553
  30
0.00000
  70
32
  0
SEQEND
  5
A20
  100
AcDbEntity
  8
Layer 1
  62
0
  0
POLYLINE
  5
A21
  100
AcDbEntity
  8
Layer 1
  62
0
  100
AcDb2dPolyline
 66
     1
  10
0
  20
0
  30
0
  70
1
  0
VERTEX
  5
A22
  100
AcDbEntity
  8
Layer 1
  62
0
  100
AcDb2dVertex
  10
7.64385
  20
10.24457
  30
0.00000
  42
0.3631
  70
32
  0
VERTEX
  5
A23
  100
AcDbEntity
  8
Layer 1
  62
0
  100
AcDb2dVertex
  10
7.61200
  20
10.18531
  30
0.00000
  42
0.2100
  70
32
  0
VERTEX
  5
A24
  100
AcDbEntity
  8
Layer 1
  62
0
  100
AcDb2dVertex
  10
7.66601
  20
10.09546
  30
0.00000
  42
0.1900
  70
32
  0
VERTEX
  5
A25
  100
AcDbEntity
  8
Layer 1
  62
0
  100
AcDb2dVertex
  10
7.67286
  20
10.09366
  30
0.00000
  42
0.2887
  70
32
  0
VERTEX
  5
A26
  100
AcDbEntity
  8
Layer 1
  62
0
  100
AcDb2dVertex
  10
7.67379
  20
10.09558
  30
0.00000
  42
0.0548
  70
32
  0
VERTEX
  5
A27
  100
AcDbEntity
  8
Layer 1
  62
0
  100
AcDb2dVertex
  10
7.67205
  20
10.10239
  30
0.00000
  42
-0.0545
  70
32
  0
VERTEX
  5
A28
  100
AcDbEntity
  8
Layer 1
  62
0
  100
AcDb2dVertex
  10
7.65890
  20
10.19369
  30
0.00000
  42
-0.0350
  70
32
  0
VERTEX
  5
A29
  100
AcDbEntity
  8
Layer 1
  62
0
  100
AcDb2dVertex
  10
7.65826
  20
10.24316
  30
0.00000
  42
0.1668
  70
32
  0
VERTEX
  5
A2A
  100
AcDbEntity
  8
Layer 1
  62
0
  100
AcDb2dVertex
  10
7.65751
  20
10.24642
  30
0.00000
  42
0.2066
  70
32
  0
VERTEX
  5
A2B
  100
AcDbEntity
  8
Layer 1
  62
0
  100
AcDb2dVertex
  10
7.65506
  20
10.24766
  30
0.00000
  42
0.1204
  70
32
  0
VERTEX
  5
A2C
  100
AcDbEntity
  8
Layer 1
  62
0
  100
AcDb2dVertex
  10
7.64385
  20
10.24457
  30
0.00000
  70
32
  0
SEQEND
  5
A2D
  100
AcDbEntity
  8
Layer 1
  62
0
  0
POLYLINE
  5
A2E
  100
AcDbEntity
  8
Layer 1
  62
0
  100
AcDb2dPolyline
 66
     1
  10
0
  20
0
  30
0
  70
1
  0
VERTEX
  5
A2F
  100
AcDbEntity
  8
Layer 1
  62
0
  100
AcDb2dVertex
  10
7.96897
  20
10.44654
  30
0.00000
  42
-0.1387
  70
32
  0
VERTEX
  5
A30
  100
AcDbEntity
  8
Layer 1
  62
0
  100
AcDb2dVertex
  10
7.97978
  20
10.33534
  30
0.00000
  42
0.0587
  70
32
  0
VERTEX
  5
A31
  100
AcDbEntity
  8
Layer 1
  62
0
  100
AcDb2dVertex
  10
7.97468
  20
10.23879
  30
0.00000
  42
0.1444
  70
32
  0
VERTEX
  5
A32
  100
AcDbEntity
  8
Layer 1
  62
0
  100
AcDb2dVertex
  10
7.97568
  20
10.23608
  30
0.00000
  42
0.3797
  70
32
  0
VERTEX
  5
A33
  100
AcDbEntity
  8
Layer 1
  62
0
  100
AcDb2dVertex
  10
7.98084
  20
10.23747
  30
0.00000
  42
-0.0237
  70
32
  0
VERTEX
  5
A34
  100
AcDbEntity
  8
Layer 1
  62
0
  100
AcDb2dVertex
  10
7.99654
  20
10.25156
  30
0.00000
  42
-0.2997
  70
32
  0
VERTEX
  5
A35
  100
AcDbEntity
  8
Layer 1
  62
0
  100
AcDb2dVertex
  10
8.01743
  20
10.25079
  30
0.00000
  42
-0.2242
  70
32
  0
VERTEX
  5
A36
  100
AcDbEntity
  8
Layer 1
  62
0
  100
AcDb2dVertex
  10
8.01975
  20
10.24582
  30
0.00000
  42
0.0406
  70
32
  0
VERTEX
  5
A37
  100
AcDbEntity
  8
Layer 1
  62
0
  100
AcDb2dVertex
  10
8.02188
  20
10.16865
  30
0.00000
  42
0.3014
  70
32
  0
VERTEX
  5
A38
  100
AcDbEntity
  8
Layer 1
  62
0
  100
AcDb2dVertex
  10
8.07182
  20
10.12213
  30
0.00000
  42
0.1826
  70
32
  0
VERTEX
  5
A39
  100
AcDbEntity
  8
Layer 1
  62
0
  100
AcDb2dVertex
  10
8.14433
  20
10.13499
  30
0.00000
  42
-0.1041
  70
32
  0
VERTEX
  5
A3A
  100
AcDbEntity
  8
Layer 1
  62
0
  100
AcDb2dVertex
  10
8.19967
  20
10.15358
  30
0.00000
  42
-0.1891
  70
32
  0
VERTEX
  5
A3B
  100
AcDbEntity
  8
Layer 1
  62
0
  100
AcDb2dVertex
  10
8.24415
  20
10.13259
  30
0.00000
  42
0.1200
  70
32
  0
VERTEX
  5
A3C
  100
AcDbEntity
  8
Layer 1
  62
0
  100
AcDb2dVertex
  10
8.27396
  20
10.11498
  30
0.00000
  42
0.2353
  70
32
  0
VERTEX
  5
A3D
  100
AcDbEntity
  8
Layer 1
  62
0
  100
AcDb2dVertex
  10
8.28081
  20
10.11683
  30
0.00000
  42
-0.0736
  70
32
  0
VERTEX
  5
A3E
  100
AcDbEntity
  8
Layer 1
  62
0
  100
AcDb2dVertex
  10
8.37180
  20
10.18688
  30
0.00000
  70
32
  0
VERTEX
  5
A3F
  100
AcDbEntity
  8
Layer 1
  62
0
  100
AcDb2dVertex
  10
8.38209
  20
10.19198
  30
0.00000
  42
0.2309
  70
32
  0
VERTEX
  5
A40
  100
AcDbEntity
  8
Layer 1
  62
0
  100
AcDb2dVertex
  10
8.38517
  20
10.19545
  30
0.00000
  42
0.0462
  70
32
  0
VERTEX
  5
A41
  100
AcDbEntity
  8
Layer 1
  62
0
  100
AcDb2dVertex
  10
8.38508
  20
10.20225
  30
0.00000
  42
-0.1952
  70
32
  0
VERTEX
  5
A42
  100
AcDbEntity
  8
Layer 1
  62
0
  100
AcDb2dVertex
  10
8.41309
  20
10.26886
  30
0.00000
  42
0.0757
  70
32
  0
VERTEX
  5
A43
  100
AcDbEntity
  8
Layer 1
  62
0
  100
AcDb2dVertex
  10
8.44187
  20
10.30764
  30
0.00000
  42
0.0441
  70
32
  0
VERTEX
  5
A44
  100
AcDbEntity
  8
Layer 1
  62
0
  100
AcDb2dVertex
  10
8.44294
  20
10.31417
  30
0.00000
  70
32
  0
VERTEX
  5
A45
  100
AcDbEntity
  8
Layer 1
  62
0
  100
AcDb2dVertex
  10
8.44326
  20
10.31581
  30
0.00000
  42
-0.1550
  70
32
  0
VERTEX
  5
A46
  100
AcDbEntity
  8
Layer 1
  62
0
  100
AcDb2dVertex
  10
8.44550
  20
10.31831
  30
0.00000
  42
-0.0325
  70
32
  0
VERTEX
  5
A47
  100
AcDbEntity
  8
Layer 1
  62
0
  100
AcDb2dVertex
  10
8.48541
  20
10.33421
  30
0.00000
  42
0.2649
  70
32
  0
VERTEX
  5
A48
  100
AcDbEntity
  8
Layer 1
  62
0
  100
AcDb2dVertex
  10
8.48731
  20
10.34132
  30
0.00000
  42
-0.2323
  70
32
  0
VERTEX
  5
A49
  100
AcDbEntity
  8
Layer 1
  62
0
  100
AcDb2dVertex
  10
8.51919
  20
10.39400
  30
0.00000
  42
0.1008
  70
32
  0
VERTEX
  5
A4A
  100
AcDbEntity
  8
Layer 1
  62
0
  100
AcDb2dVertex
  10
8.55209
  20
10.42710
  30
0.00000
  42
0.1104
  70
32
  0
VERTEX
  5
A4B
  100
AcDbEntity
  8
Layer 1
  62
0
  100
AcDb2dVertex
  10
8.55436
  20
10.43923
  30
0.00000
  42
0.1768
  70
32
  0
VERTEX
  5
A4C
  100
AcDbEntity
  8
Layer 1
  62
0
  100
AcDb2dVertex
  10
8.55311
  20
10.44180
  30
0.00000
  42
0.0558
  70
32
  0
VERTEX
  5
A4D
  100
AcDbEntity
  8
Layer 1
  62
0
  100
AcDb2dVertex
  10
8.43577
  20
10.50446
  30
0.00000
  42
0.0140
  70
32
  0
VERTEX
  5
A4E
  100
AcDbEntity
  8
Layer 1
  62
0
  100
AcDb2dVertex
  10
8.32214
  20
10.54678
  30
0.00000
  42
-0.1663
  70
32
  0
VERTEX
  5
A4F
  100
AcDbEntity
  8
Layer 1
  62
0
  100
AcDb2dVertex
  10
8.31835
  20
10.54998
  30
0.00000
  70
32
  0
VERTEX
  5
A50
  100
AcDbEntity
  8
Layer 1
  62
0
  100
AcDb2dVertex
  10
8.29365
  20
10.67174
  30
0.00000
  42
0.1532
  70
32
  0
VERTEX
  5
A51
  100
AcDbEntity
  8
Layer 1
  62
0
  100
AcDb2dVertex
  10
8.24966
  20
10.75409
  30
0.00000
  42
0.1563
  70
32
  0
VERTEX
  5
A52
  100
AcDbEntity
  8
Layer 1
  62
0
  100
AcDb2dVertex
  10
8.20518
  20
10.77334
  30
0.00000
  42
0.1817
  70
32
  0
VERTEX
  5
A53
  100
AcDbEntity
  8
Layer 1
  62
0
  100
AcDb2dVertex
  10
8.19638
  20
10.76925
  30
0.00000
  42
-0.1195
  70
32
  0
VERTEX
  5
A54
  100
AcDbEntity
  8
Layer 1
  62
0
  100
AcDb2dVertex
  10
8.14221
  20
10.73519
  30
0.00000
  42
0.2909
  70
32
  0
VERTEX
  5
A55
  100
AcDbEntity
  8
Layer 1
  62
0
  100
AcDb2dVertex
  10
8.13680
  20
10.72685
  30
0.00000
  42
0.0120
  70
32
  0
VERTEX
  5
A56
  100
AcDbEntity
  8
Layer 1
  62
0
  100
AcDb2dVertex
  10
8.13560
  20
10.69656
  30
0.00000
  42
-0.4101
  70
32
  0
VERTEX
  5
A57
  100
AcDbEntity
  8
Layer 1
  62
0
  100
AcDb2dVertex
  10
8.11632
  20
10.68272
  30
0.00000
  42
-0.0819
  70
32
  0
VERTEX
  5
A58
  100
AcDbEntity
  8
Layer 1
  62
0
  100
AcDb2dVertex
  10
8.06644
  20
10.69256
  30
0.00000
  70
32
  0
VERTEX
  5
A59
  100
AcDbEntity
  8
Layer 1
  62
0
  100
AcDb2dVertex
  10
8.06214
  20
10.69339
  30
0.00000
  42
0.3058
  70
32
  0
VERTEX
  5
A5A
  100
AcDbEntity
  8
Layer 1
  62
0
  100
AcDb2dVertex
  10
8.05998
  20
10.69201
  30
0.00000
  42
0.0781
  70
32
  0
VERTEX
  5
A5B
  100
AcDbEntity
  8
Layer 1
  62
0
  100
AcDb2dVertex
  10
8.05822
  20
10.68524
  30
0.00000
  42
-0.2417
  70
32
  0
VERTEX
  5
A5C
  100
AcDbEntity
  8
Layer 1
  62
0
  100
AcDb2dVertex
  10
8.01356
  20
10.63102
  30
0.00000
  42
0.0182
  70
32
  0
VERTEX
  5
A5D
  100
AcDbEntity
  8
Layer 1
  62
0
  100
AcDb2dVertex
  10
7.94960
  20
10.59887
  30
0.00000
  42
0.3917
  70
32
  0
VERTEX
  5
A5E
  100
AcDbEntity
  8
Layer 1
  62
0
  100
AcDb2dVertex
  10
7.92886
  20
10.52715
  30
0.00000
  42
0.0101
  70
32
  0
VERTEX
  5
A5F
  100
AcDbEntity
  8
Layer 1
  62
0
  100
AcDb2dVertex
  10
7.96897
  20
10.44654
  30
0.00000
  70
32
  0
SEQEND
  5
A60
  100
AcDbEntity
  8
Layer 1
  62
0
  0
POLYLINE
  5
A61
  100
AcDbEntity
  8
Layer 1
  62
0
  100
AcDb2dPolyline
 66
     1
  10
0
  20
0
  30
0
  70
1
  0
VERTEX
  5
A62
  100
AcDbEntity
  8
Layer 1
  62
0
  100
AcDb2dVertex
  10
8.01997
  20
10.85690
  30
0.00000
  70
32
  0
VERTEX
  5
A63
  100
AcDbEntity
  8
Layer 1
  62
0
  100
AcDb2dVertex
  10
7.99911
  20
10.82159
  30
0.00000
  42
-0.1986
  70
32
  0
VERTEX
  5
A64
  100
AcDbEntity
  8
Layer 1
  62
0
  100
AcDb2dVertex
  10
7.93011
  20
10.76309
  30
0.00000
  42
-0.2464
  70
32
  0
VERTEX
  5
A65
  100
AcDbEntity
  8
Layer 1
  62
0
  100
AcDb2dVertex
  10
7.91079
  20
10.76903
  30
0.00000
  42
0.0330
  70
32
  0
VERTEX
  5
A66
  100
AcDbEntity
  8
Layer 1
  62
0
  100
AcDb2dVertex
  10
7.89755
  20
10.77754
  30
0.00000
  42
0.5352
  70
32
  0
VERTEX
  5
A67
  100
AcDbEntity
  8
Layer 1
  62
0
  100
AcDb2dVertex
  10
7.89149
  20
10.77568
  30
0.00000
  42
0.0375
  70
32
  0
VERTEX
  5
A68
  100
AcDbEntity
  8
Layer 1
  62
0
  100
AcDb2dVertex
  10
7.89209
  20
10.76869
  30
0.00000
  42
-0.1998
  70
32
  0
VERTEX
  5
A69
  100
AcDbEntity
  8
Layer 1
  62
0
  100
AcDb2dVertex
  10
7.86857
  20
10.67444
  30
0.00000
  42
-0.1959
  70
32
  0
VERTEX
  5
A6A
  100
AcDbEntity
  8
Layer 1
  62
0
  100
AcDb2dVertex
  10
7.82249
  20
10.65016
  30
0.00000
  42
0.2075
  70
32
  0
VERTEX
  5
A6B
  100
AcDbEntity
  8
Layer 1
  62
0
  100
AcDb2dVertex
  10
7.81825
  20
10.64791
  30
0.00000
  42
0.3128
  70
32
  0
VERTEX
  5
A6C
  100
AcDbEntity
  8
Layer 1
  62
0
  100
AcDb2dVertex
  10
7.81895
  20
10.64238
  30
0.00000
  70
32
  0
VERTEX
  5
A6D
  100
AcDbEntity
  8
Layer 1
  62
0
  100
AcDb2dVertex
  10
7.82556
  20
10.63576
  30
0.00000
  42
-0.2524
  70
32
  0
VERTEX
  5
A6E
  100
AcDbEntity
  8
Layer 1
  62
0
  100
AcDb2dVertex
  10
7.82701
  20
10.63181
  30
0.00000
  42
-0.2283
  70
32
  0
VERTEX
  5
A6F
  100
AcDbEntity
  8
Layer 1
  62
0
  100
AcDb2dVertex
  10
7.69425
  20
10.54184
  30
0.00000
  42
0.1243
  70
32
  0
VERTEX
  5
A70
  100
AcDbEntity
  8
Layer 1
  62
0
  100
AcDb2dVertex
  10
7.68996
  20
10.53779
  30
0.00000
  42
-0.0741
  70
32
  0
VERTEX
  5
A71
  100
AcDbEntity
  8
Layer 1
  62
0
  100
AcDb2dVertex
  10
7.64139
  20
10.48128
  30
0.00000
  42
-0.0552
  70
32
  0
VERTEX
  5
A72
  100
AcDbEntity
  8
Layer 1
  62
0
  100
AcDb2dVertex
  10
7.63287
  20
10.47616
  30
0.00000
  42
-0.2612
  70
32
  0
VERTEX
  5
A73
  100
AcDbEntity
  8
Layer 1
  62
0
  100
AcDb2dVertex
  10
7.62850
  20
10.47686
  30
0.00000
  42
0.0431
  70
32
  0
VERTEX
  5
A74
  100
AcDbEntity
  8
Layer 1
  62
0
  100
AcDb2dVertex
  10
7.59985
  20
10.49925
  30
0.00000
  42
0.0703
  70
32
  0
VERTEX
  5
A75
  100
AcDbEntity
  8
Layer 1
  62
0
  100
AcDb2dVertex
  10
7.59564
  20
10.50079
  30
0.00000
  42
0.4557
  70
32
  0
VERTEX
  5
A76
  100
AcDbEntity
  8
Layer 1
  62
0
  100
AcDb2dVertex
  10
7.59157
  20
10.49764
  30
0.00000
  42
0.1210
  70
32
  0
VERTEX
  5
A77
  100
AcDbEntity
  8
Layer 1
  62
0
  100
AcDb2dVertex
  10
7.60133
  20
10.42589
  30
0.00000
  42
-0.1897
  70
32
  0
VERTEX
  5
A78
  100
AcDbEntity
  8
Layer 1
  62
0
  100
AcDb2dVertex
  10
7.60077
  20
10.42244
  30
0.00000
  42
-0.0575
  70
32
  0
VERTEX
  5
A79
  100
AcDbEntity
  8
Layer 1
  62
0
  100
AcDb2dVertex
  10
7.58532
  20
10.40601
  30
0.00000
  42
-0.0421
  70
32
  0
VERTEX
  5
A7A
  100
AcDbEntity
  8
Layer 1
  62
0
  100
AcDb2dVertex
  10
7.49953
  20
10.35140
  30
0.00000
  42
0.1669
  70
32
  0
VERTEX
  5
A7B
  100
AcDbEntity
  8
Layer 1
  62
0
  100
AcDb2dVertex
  10
7.43461
  20
10.28068
  30
0.00000
  42
-0.1519
  70
32
  0
VERTEX
  5
A7C
  100
AcDbEntity
  8
Layer 1
  62
0
  100
AcDb2dVertex
  10
7.43243
  20
10.27816
  30
0.00000
  42
-0.1906
  70
32
  0
VERTEX
  5
A7D
  100
AcDbEntity
  8
Layer 1
  62
0
  100
AcDb2dVertex
  10
7.39929
  20
10.28890
  30
0.00000
  42
0.0923
  70
32
  0
VERTEX
  5
A7E
  100
AcDbEntity
  8
Layer 1
  62
0
  100
AcDb2dVertex
  10
7.38169
  20
10.29443
  30
0.00000
  42
0.2415
  70
32
  0
VERTEX
  5
A7F
  100
AcDbEntity
  8
Layer 1
  62
0
  100
AcDb2dVertex
  10
7.37842
  20
10.29312
  30
0.00000
  42
0.1006
  70
32
  0
VERTEX
  5
A80
  100
AcDbEntity
  8
Layer 1
  62
0
  100
AcDb2dVertex
  10
7.37746
  20
10.29007
  30
0.00000
  70
32
  0
VERTEX
  5
A81
  100
AcDbEntity
  8
Layer 1
  62
0
  100
AcDb2dVertex
  10
7.37132
  20
10.26305
  30
0.00000
  42
0.1994
  70
32
  0
VERTEX
  5
A82
  100
AcDbEntity
  8
Layer 1
  62
0
  100
AcDb2dVertex
  10
7.37386
  20
10.25398
  30
0.00000
  42
0.5568
  70
32
  0
VERTEX
  5
A83
  100
AcDbEntity
  8
Layer 1
  62
0
  100
AcDb2dVertex
  10
7.37876
  20
10.25413
  30
0.00000
  42
-0.2776
  70
32
  0
VERTEX
  5
A84
  100
AcDbEntity
  8
Layer 1
  62
0
  100
AcDb2dVertex
  10
7.40988
  20
10.26566
  30
0.00000
  42
-0.3174
  70
32
  0
VERTEX
  5
A85
  100
AcDbEntity
  8
Layer 1
  62
0
  100
AcDb2dVertex
  10
7.41536
  20
10.25863
  30
0.00000
  42
-0.0957
  70
32
  0
VERTEX
  5
A86
  100
AcDbEntity
  8
Layer 1
  62
0
  100
AcDb2dVertex
  10
7.40922
  20
10.24626
  30
0.00000
  42
-0.1354
  70
32
  0
VERTEX
  5
A87
  100
AcDbEntity
  8
Layer 1
  62
0
  100
AcDb2dVertex
  10
7.34932
  20
10.20497
  30
0.00000
  42
0.1287
  70
32
  0
VERTEX
  5
A88
  100
AcDbEntity
  8
Layer 1
  62
0
  100
AcDb2dVertex
  10
7.29117
  20
10.16588
  30
0.00000
  42
0.0654
  70
32
  0
VERTEX
  5
A89
  100
AcDbEntity
  8
Layer 1
  62
0
  100
AcDb2dVertex
  10
7.28277
  20
10.15076
  30
0.00000
  42
0.2683
  70
32
  0
VERTEX
  5
A8A
  100
AcDbEntity
  8
Layer 1
  62
0
  100
AcDb2dVertex
  10
7.28353
  20
10.14666
  30
0.00000
  42
0.3248
  70
32
  0
VERTEX
  5
A8B
  100
AcDbEntity
  8
Layer 1
  62
0
  100
AcDb2dVertex
  10
7.34936
  20
10.13309
  30
0.00000
  42
0.0765
  70
32
  0
VERTEX
  5
A8C
  100
AcDbEntity
  8
Layer 1
  62
0
  100
AcDb2dVertex
  10
7.39799
  20
10.16043
  30
0.00000
  70
32
  0
VERTEX
  5
A8D
  100
AcDbEntity
  8
Layer 1
  62
0
  100
AcDb2dVertex
  10
7.40897
  20
10.16895
  30
0.00000
  42
-0.2539
  70
32
  0
VERTEX
  5
A8E
  100
AcDbEntity
  8
Layer 1
  62
0
  100
AcDb2dVertex
  10
7.41411
  20
10.16931
  30
0.00000
  42
0.0217
  70
32
  0
VERTEX
  5
A8F
  100
AcDbEntity
  8
Layer 1
  62
0
  100
AcDb2dVertex
  10
7.44091
  20
10.15785
  30
0.00000
  42
0.0645
  70
32
  0
VERTEX
  5
A90
  100
AcDbEntity
  8
Layer 1
  62
0
  100
AcDb2dVertex
  10
7.44764
  20
10.15585
  30
0.00000
  42
0.4165
  70
32
  0
VERTEX
  5
A91
  100
AcDbEntity
  8
Layer 1
  62
0
  100
AcDb2dVertex
  10
7.45044
  20
10.16077
  30
0.00000
  70
32
  0
VERTEX
  5
A92
  100
AcDbEntity
  8
Layer 1
  62
0
  100
AcDb2dVertex
  10
7.46148
  20
10.20694
  30
0.00000
  42
-0.2097
  70
32
  0
VERTEX
  5
A93
  100
AcDbEntity
  8
Layer 1
  62
0
  100
AcDb2dVertex
  10
7.46492
  20
10.21120
  30
0.00000
  42
0.1796
  70
32
  0
VERTEX
  5
A94
  100
AcDbEntity
  8
Layer 1
  62
0
  100
AcDb2dVertex
  10
7.55158
  20
10.27704
  30
0.00000
  42
-0.0325
  70
32
  0
VERTEX
  5
A95
  100
AcDbEntity
  8
Layer 1
  62
0
  100
AcDb2dVertex
  10
7.61088
  20
10.35742
  30
0.00000
  42
-0.0518
  70
32
  0
VERTEX
  5
A96
  100
AcDbEntity
  8
Layer 1
  62
0
  100
AcDb2dVertex
  10
7.63391
  20
10.37756
  30
0.00000
  42
-0.3646
  70
32
  0
VERTEX
  5
A97
  100
AcDbEntity
  8
Layer 1
  62
0
  100
AcDb2dVertex
  10
7.63817
  20
10.37679
  30
0.00000
  42
-0.3429
  70
32
  0
VERTEX
  5
A98
  100
AcDbEntity
  8
Layer 1
  62
0
  100
AcDb2dVertex
  10
7.63755
  20
10.35486
  30
0.00000
  70
32
  0
VERTEX
  5
A99
  100
AcDbEntity
  8
Layer 1
  62
0
  100
AcDb2dVertex
  10
7.62818
  20
10.33985
  30
0.00000
  42
0.4650
  70
32
  0
VERTEX
  5
A9A
  100
AcDbEntity
  8
Layer 1
  62
0
  100
AcDb2dVertex
  10
7.62885
  20
10.33514
  30
0.00000
  70
32
  0
VERTEX
  5
A9B
  100
AcDbEntity
  8
Layer 1
  62
0
  100
AcDb2dVertex
  10
7.63035
  20
10.33502
  30
0.00000
  42
0.2892
  70
32
  0
VERTEX
  5
A9C
  100
AcDbEntity
  8
Layer 1
  62
0
  100
AcDb2dVertex
  10
7.68600
  20
10.37434
  30
0.00000
  42
-0.0379
  70
32
  0
VERTEX
  5
A9D
  100
AcDbEntity
  8
Layer 1
  62
0
  100
AcDb2dVertex
  10
7.71670
  20
10.43259
  30
0.00000
  42
-0.1293
  70
32
  0
VERTEX
  5
A9E
  100
AcDbEntity
  8
Layer 1
  62
0
  100
AcDb2dVertex
  10
7.74122
  20
10.45175
  30
0.00000
  42
-0.1915
  70
32
  0
VERTEX
  5
A9F
  100
AcDbEntity
  8
Layer 1
  62
0
  100
AcDb2dVertex
  10
7.75710
  20
10.44782
  30
0.00000
  42
0.0333
  70
32
  0
VERTEX
  5
AA0
  100
AcDbEntity
  8
Layer 1
  62
0
  100
AcDb2dVertex
  10
7.77632
  20
10.43284
  30
0.00000
  42
0.3964
  70
32
  0
VERTEX
  5
AA1
  100
AcDbEntity
  8
Layer 1
  62
0
  100
AcDb2dVertex
  10
7.78181
  20
10.43311
  30
0.00000
  42
0.1258
  70
32
  0
VERTEX
  5
AA2
  100
AcDbEntity
  8
Layer 1
  62
0
  100
AcDb2dVertex
  10
7.78203
  20
10.43620
  30
0.00000
  42
-0.0671
  70
32
  0
VERTEX
  5
AA3
  100
AcDbEntity
  8
Layer 1
  62
0
  100
AcDb2dVertex
  10
7.77660
  20
10.47168
  30
0.00000
  42
-0.1604
  70
32
  0
VERTEX
  5
AA4
  100
AcDbEntity
  8
Layer 1
  62
0
  100
AcDb2dVertex
  10
7.78100
  20
10.47954
  30
0.00000
  42
-0.0674
  70
32
  0
VERTEX
  5
AA5
  100
AcDbEntity
  8
Layer 1
  62
0
  100
AcDb2dVertex
  10
7.86618
  20
10.54110
  30
0.00000
  42
0.1493
  70
32
  0
VERTEX
  5
AA6
  100
AcDbEntity
  8
Layer 1
  62
0
  100
AcDb2dVertex
  10
7.90926
  20
10.59385
  30
0.00000
  42
-0.0380
  70
32
  0
VERTEX
  5
AA7
  100
AcDbEntity
  8
Layer 1
  62
0
  100
AcDb2dVertex
  10
7.95240
  20
10.67696
  30
0.00000
  42
-0.0509
  70
32
  0
VERTEX
  5
AA8
  100
AcDbEntity
  8
Layer 1
  62
0
  100
AcDb2dVertex
  10
7.96556
  20
10.69183
  30
0.00000
  70
32
  0
VERTEX
  5
AA9
  100
AcDbEntity
  8
Layer 1
  62
0
  100
AcDb2dVertex
  10
7.96820
  20
10.69365
  30
0.00000
  42
-0.3083
  70
32
  0
VERTEX
  5
AAA
  100
AcDbEntity
  8
Layer 1
  62
0
  100
AcDb2dVertex
  10
7.97003
  20
10.69304
  30
0.00000
  42
-0.1620
  70
32
  0
VERTEX
  5
AAB
  100
AcDbEntity
  8
Layer 1
  62
0
  100
AcDb2dVertex
  10
7.97318
  20
10.68265
  30
0.00000
  42
-0.0764
  70
32
  0
VERTEX
  5
AAC
  100
AcDbEntity
  8
Layer 1
  62
0
  100
AcDb2dVertex
  10
7.96530
  20
10.64176
  30
0.00000
  42
0.1829
  70
32
  0
VERTEX
  5
AAD
  100
AcDbEntity
  8
Layer 1
  62
0
  100
AcDb2dVertex
  10
7.96580
  20
10.63719
  30
0.00000
  42
0.3205
  70
32
  0
VERTEX
  5
AAE
  100
AcDbEntity
  8
Layer 1
  62
0
  100
AcDb2dVertex
  10
7.96809
  20
10.63653
  30
0.00000
  42
0.1129
  70
32
  0
VERTEX
  5
AAF
  100
AcDbEntity
  8
Layer 1
  62
0
  100
AcDb2dVertex
  10
8.01324
  20
10.67423
  30
0.00000
  70
32
  0
VERTEX
  5
AB0
  100
AcDbEntity
  8
Layer 1
  62
0
  100
AcDb2dVertex
  10
8.06937
  20
10.75231
  30
0.00000
  42
-0.0642
  70
32
  0
VERTEX
  5
AB1
  100
AcDbEntity
  8
Layer 1
  62
0
  100
AcDb2dVertex
  10
8.09637
  20
10.77798
  30
0.00000
  42
-0.4602
  70
32
  0
VERTEX
  5
AB2
  100
AcDbEntity
  8
Layer 1
  62
0
  100
AcDb2dVertex
  10
8.10619
  20
10.77405
  30
0.00000
  42
-0.1281
  70
32
  0
VERTEX
  5
AB3
  100
AcDbEntity
  8
Layer 1
  62
0
  100
AcDb2dVertex
  10
8.10696
  20
10.75838
  30
0.00000
  42
0.4377
  70
32
  0
VERTEX
  5
AB4
  100
AcDbEntity
  8
Layer 1
  62
0
  100
AcDb2dVertex
  10
8.11238
  20
10.75303
  30
0.00000
  42
0.1923
  70
32
  0
VERTEX
  5
AB5
  100
AcDbEntity
  8
Layer 1
  62
0
  100
AcDb2dVertex
  10
8.20009
  20
10.82114
  30
0.00000
  42
0.3938
  70
32
  0
VERTEX
  5
AB6
  100
AcDbEntity
  8
Layer 1
  62
0
  100
AcDb2dVertex
  10
8.19793
  20
10.82803
  30
0.00000
  70
32
  0
VERTEX
  5
AB7
  100
AcDbEntity
  8
Layer 1
  62
0
  100
AcDb2dVertex
  10
8.19028
  20
10.83191
  30
0.00000
  42
-0.3758
  70
32
  0
VERTEX
  5
AB8
  100
AcDbEntity
  8
Layer 1
  62
0
  100
AcDb2dVertex
  10
8.18805
  20
10.83911
  30
0.00000
  42
-0.2748
  70
32
  0
VERTEX
  5
AB9
  100
AcDbEntity
  8
Layer 1
  62
0
  100
AcDb2dVertex
  10
8.23295
  20
10.87431
  30
0.00000
  42
0.0244
  70
32
  0
VERTEX
  5
ABA
  100
AcDbEntity
  8
Layer 1
  62
0
  100
AcDb2dVertex
  10
8.29357
  20
10.88703
  30
0.00000
  70
32
  0
VERTEX
  5
ABB
  100
AcDbEntity
  8
Layer 1
  62
0
  100
AcDb2dVertex
  10
8.29458
  20
10.88772
  30
0.00000
  42
0.1514
  70
32
  0
VERTEX
  5
ABC
  100
AcDbEntity
  8
Layer 1
  62
0
  100
AcDb2dVertex
  10
8.29540
  20
10.89008
  30
0.00000
  42
-0.1615
  70
32
  0
VERTEX
  5
ABD
  100
AcDbEntity
  8
Layer 1
  62
0
  100
AcDb2dVertex
  10
8.30765
  20
10.92735
  30
0.00000
  42
0.1571
  70
32
  0
VERTEX
  5
ABE
  100
AcDbEntity
  8
Layer 1
  62
0
  100
AcDb2dVertex
  10
8.31217
  20
10.95229
  30
0.00000
  42
0.1501
  70
32
  0
VERTEX
  5
ABF
  100
AcDbEntity
  8
Layer 1
  62
0
  100
AcDb2dVertex
  10
8.30769
  20
10.95777
  30
0.00000
  42
0.1050
  70
32
  0
VERTEX
  5
AC0
  100
AcDbEntity
  8
Layer 1
  62
0
  100
AcDb2dVertex
  10
8.26901
  20
10.96920
  30
0.00000
  42
-0.0220
  70
32
  0
VERTEX
  5
AC1
  100
AcDbEntity
  8
Layer 1
  62
0
  100
AcDb2dVertex
  10
8.25272
  20
10.97123
  30
0.00000
  42
-0.2006
  70
32
  0
VERTEX
  5
AC2
  100
AcDbEntity
  8
Layer 1
  62
0
  100
AcDb2dVertex
  10
8.24699
  20
10.97736
  30
0.00000
  42
-0.0221
  70
32
  0
VERTEX
  5
AC3
  100
AcDbEntity
  8
Layer 1
  62
0
  100
AcDb2dVertex
  10
8.23104
  20
11.02731
  30
0.00000
  42
0.2491
  70
32
  0
VERTEX
  5
AC4
  100
AcDbEntity
  8
Layer 1
  62
0
  100
AcDb2dVertex
  10
8.20960
  20
11.04854
  30
0.00000
  42
0.3047
  70
32
  0
VERTEX
  5
AC5
  100
AcDbEntity
  8
Layer 1
  62
0
  100
AcDb2dVertex
  10
8.20377
  20
11.04517
  30
0.00000
  42
-0.0092
  70
32
  0
VERTEX
  5
AC6
  100
AcDbEntity
  8
Layer 1
  62
0
  100
AcDb2dVertex
  10
8.17917
  20
10.98834
  30
0.00000
  42
0.0793
  70
32
  0
VERTEX
  5
AC7
  100
AcDbEntity
  8
Layer 1
  62
0
  100
AcDb2dVertex
  10
8.17825
  20
10.98292
  30
0.00000
  42
0.2233
  70
32
  0
VERTEX
  5
AC8
  100
AcDbEntity
  8
Layer 1
  62
0
  100
AcDb2dVertex
  10
8.18844
  20
10.97452
  30
0.00000
  42
-0.1383
  70
32
  0
VERTEX
  5
AC9
  100
AcDbEntity
  8
Layer 1
  62
0
  100
AcDb2dVertex
  10
8.19386
  20
10.97006
  30
0.00000
  42
-0.3221
  70
32
  0
VERTEX
  5
ACA
  100
AcDbEntity
  8
Layer 1
  62
0
  100
AcDb2dVertex
  10
8.19214
  20
10.96267
  30
0.00000
  42
-0.0955
  70
32
  0
VERTEX
  5
ACB
  100
AcDbEntity
  8
Layer 1
  62
0
  100
AcDb2dVertex
  10
8.14424
  20
10.93528
  30
0.00000
  42
0.0446
  70
32
  0
VERTEX
  5
ACC
  100
AcDbEntity
  8
Layer 1
  62
0
  100
AcDb2dVertex
  10
8.13105
  20
10.92779
  30
0.00000
  42
0.1029
  70
32
  0
VERTEX
  5
ACD
  100
AcDbEntity
  8
Layer 1
  62
0
  100
AcDb2dVertex
  10
8.12629
  20
10.92347
  30
0.00000
  42
0.4097
  70
32
  0
VERTEX
  5
ACE
  100
AcDbEntity
  8
Layer 1
  62
0
  100
AcDb2dVertex
  10
8.12648
  20
10.92152
  30
0.00000
  42
0.1579
  70
32
  0
VERTEX
  5
ACF
  100
AcDbEntity
  8
Layer 1
  62
0
  100
AcDb2dVertex
  10
8.12906
  20
10.92104
  30
0.00000
  42
0.0363
  70
32
  0
VERTEX
  5
AD0
  100
AcDbEntity
  8
Layer 1
  62
0
  100
AcDb2dVertex
  10
8.16642
  20
10.93386
  30
0.00000
  42
-0.1367
  70
32
  0
VERTEX
  5
AD1
  100
AcDbEntity
  8
Layer 1
  62
0
  100
AcDb2dVertex
  10
8.17922
  20
10.93392
  30
0.00000
  42
-0.2527
  70
32
  0
VERTEX
  5
AD2
  100
AcDbEntity
  8
Layer 1
  62
0
  100
AcDb2dVertex
  10
8.18228
  20
10.93125
  30
0.00000
  42
-0.2021
  70
32
  0
VERTEX
  5
AD3
  100
AcDbEntity
  8
Layer 1
  62
0
  100
AcDb2dVertex
  10
8.18126
  20
10.92649
  30
0.00000
  42
-0.1848
  70
32
  0
VERTEX
  5
AD4
  100
AcDbEntity
  8
Layer 1
  62
0
  100
AcDb2dVertex
  10
8.13563
  20
10.89609
  30
0.00000
  42
0.0142
  70
32
  0
VERTEX
  5
AD5
  100
AcDbEntity
  8
Layer 1
  62
0
  100
AcDb2dVertex
  10
8.03845
  20
10.86743
  30
0.00000
  42
0.0667
  70
32
  0
VERTEX
  5
AD6
  100
AcDbEntity
  8
Layer 1
  62
0
  100
AcDb2dVertex
  10
8.01997
  20
10.85690
  30
0.00000
  70
32
  0
SEQEND
  5
AD7
  100
AcDbEntity
  8
Layer 1
  62
0
  0
POLYLINE
  5
AD8
  100
AcDbEntity
  8
Layer 1
  62
0
  100
AcDb2dPolyline
 66
     1
  10
0
  20
0
  30
0
  70
1
  0
VERTEX
  5
AD9
  100
AcDbEntity
  8
Layer 1
  62
0
  100
AcDb2dVertex
  10
7.25502
  20
10.37375
  30
0.00000
  42
0.1616
  70
32
  0
VERTEX
  5
ADA
  100
AcDbEntity
  8
Layer 1
  62
0
  100
AcDb2dVertex
  10
7.29112
  20
10.38953
  30
0.00000
  42
-0.1034
  70
32
  0
VERTEX
  5
ADB
  100
AcDbEntity
  8
Layer 1
  62
0
  100
AcDb2dVertex
  10
7.34112
  20
10.41740
  30
0.00000
  42
-0.2034
  70
32
  0
VERTEX
  5
ADC
  100
AcDbEntity
  8
Layer 1
  62
0
  100
AcDb2dVertex
  10
7.35835
  20
10.41389
  30
0.00000
  42
-0.2492
  70
32
  0
VERTEX
  5
ADD
  100
AcDbEntity
  8
Layer 1
  62
0
  100
AcDb2dVertex
  10
7.35840
  20
10.41130
  30
0.00000
  42
-0.0478
  70
32
  0
VERTEX
  5
ADE
  100
AcDbEntity
  8
Layer 1
  62
0
  100
AcDb2dVertex
  10
7.35438
  20
10.40469
  30
0.00000
  42
0.0667
  70
32
  0
VERTEX
  5
ADF
  100
AcDbEntity
  8
Layer 1
  62
0
  100
AcDb2dVertex
  10
7.33704
  20
10.35199
  30
0.00000
  42
-0.3014
  70
32
  0
VERTEX
  5
AE0
  100
AcDbEntity
  8
Layer 1
  62
0
  100
AcDb2dVertex
  10
7.28908
  20
10.30643
  30
0.00000
  42
-0.2725
  70
32
  0
VERTEX
  5
AE1
  100
AcDbEntity
  8
Layer 1
  62
0
  100
AcDb2dVertex
  10
7.28243
  20
10.30894
  30
0.00000
  42
-0.1434
  70
32
  0
VERTEX
  5
AE2
  100
AcDbEntity
  8
Layer 1
  62
0
  100
AcDb2dVertex
  10
7.27262
  20
10.33808
  30
0.00000
  42
0.0817
  70
32
  0
VERTEX
  5
AE3
  100
AcDbEntity
  8
Layer 1
  62
0
  100
AcDb2dVertex
  10
7.26975
  20
10.34758
  30
0.00000
  42
0.2496
  70
32
  0
VERTEX
  5
AE4
  100
AcDbEntity
  8
Layer 1
  62
0
  100
AcDb2dVertex
  10
7.26705
  20
10.34920
  30
0.00000
  42
0.0644
  70
32
  0
VERTEX
  5
AE5
  100
AcDbEntity
  8
Layer 1
  62
0
  100
AcDb2dVertex
  10
7.23429
  20
10.34073
  30
0.00000
  42
0.2296
  70
32
  0
VERTEX
  5
AE6
  100
AcDbEntity
  8
Layer 1
  62
0
  100
AcDb2dVertex
  10
7.23189
  20
10.33787
  30
0.00000
  42
0.0511
  70
32
  0
VERTEX
  5
AE7
  100
AcDbEntity
  8
Layer 1
  62
0
  100
AcDb2dVertex
  10
7.26800
  20
10.25483
  30
0.00000
  42
-0.0484
  70
32
  0
VERTEX
  5
AE8
  100
AcDbEntity
  8
Layer 1
  62
0
  100
AcDb2dVertex
  10
7.28117
  20
10.21403
  30
0.00000
  42
0.3214
  70
32
  0
VERTEX
  5
AE9
  100
AcDbEntity
  8
Layer 1
  62
0
  100
AcDb2dVertex
  10
7.28450
  20
10.21136
  30
0.00000
  42
0.1594
  70
32
  0
VERTEX
  5
AEA
  100
AcDbEntity
  8
Layer 1
  62
0
  100
AcDb2dVertex
  10
7.30196
  20
10.21989
  30
0.00000
  42
-0.2018
  70
32
  0
VERTEX
  5
AEB
  100
AcDbEntity
  8
Layer 1
  62
0
  100
AcDb2dVertex
  10
7.32826
  20
10.23298
  30
0.00000
  42
0.3053
  70
32
  0
VERTEX
  5
AEC
  100
AcDbEntity
  8
Layer 1
  62
0
  100
AcDb2dVertex
  10
7.33122
  20
10.23566
  30
0.00000
  42
0.0089
  70
32
  0
VERTEX
  5
AED
  100
AcDbEntity
  8
Layer 1
  62
0
  100
AcDb2dVertex
  10
7.33892
  20
10.28542
  30
0.00000
  42
-0.1023
  70
32
  0
VERTEX
  5
AEE
  100
AcDbEntity
  8
Layer 1
  62
0
  100
AcDb2dVertex
  10
7.35797
  20
10.34246
  30
0.00000
  42
-0.2948
  70
32
  0
VERTEX
  5
AEF
  100
AcDbEntity
  8
Layer 1
  62
0
  100
AcDb2dVertex
  10
7.36408
  20
10.34516
  30
0.00000
  42
-0.1705
  70
32
  0
VERTEX
  5
AF0
  100
AcDbEntity
  8
Layer 1
  62
0
  100
AcDb2dVertex
  10
7.39738
  20
10.32822
  30
0.00000
  42
0.1632
  70
32
  0
VERTEX
  5
AF1
  100
AcDbEntity
  8
Layer 1
  62
0
  100
AcDb2dVertex
  10
7.42029
  20
10.31853
  30
0.00000
  42
0.1697
  70
32
  0
VERTEX
  5
AF2
  100
AcDbEntity
  8
Layer 1
  62
0
  100
AcDb2dVertex
  10
7.42262
  20
10.32041
  30
0.00000
  42
-0.1704
  70
32
  0
VERTEX
  5
AF3
  100
AcDbEntity
  8
Layer 1
  62
0
  100
AcDb2dVertex
  10
7.49666
  20
10.38821
  30
0.00000
  70
32
  0
VERTEX
  5
AF4
  100
AcDbEntity
  8
Layer 1
  62
0
  100
AcDb2dVertex
  10
7.55909
  20
10.41763
  30
0.00000
  42
0.2630
  70
32
  0
VERTEX
  5
AF5
  100
AcDbEntity
  8
Layer 1
  62
0
  100
AcDb2dVertex
  10
7.56132
  20
10.42162
  30
0.00000
  42
0.0345
  70
32
  0
VERTEX
  5
AF6
  100
AcDbEntity
  8
Layer 1
  62
0
  100
AcDb2dVertex
  10
7.56006
  20
10.42758
  30
0.00000
  42
-0.0657
  70
32
  0
VERTEX
  5
AF7
  100
AcDbEntity
  8
Layer 1
  62
0
  100
AcDb2dVertex
  10
7.55675
  20
10.46983
  30
0.00000
  42
0.3030
  70
32
  0
VERTEX
  5
AF8
  100
AcDbEntity
  8
Layer 1
  62
0
  100
AcDb2dVertex
  10
7.55469
  20
10.47281
  30
0.00000
  42
0.1218
  70
32
  0
VERTEX
  5
AF9
  100
AcDbEntity
  8
Layer 1
  62
0
  100
AcDb2dVertex
  10
7.55138
  20
10.47246
  30
0.00000
  42
-0.1019
  70
32
  0
VERTEX
  5
AFA
  100
AcDbEntity
  8
Layer 1
  62
0
  100
AcDb2dVertex
  10
7.48354
  20
10.46847
  30
0.00000
  42
0.2562
  70
32
  0
VERTEX
  5
AFB
  100
AcDbEntity
  8
Layer 1
  62
0
  100
AcDb2dVertex
  10
7.47644
  20
10.46526
  30
0.00000
  42
-0.0798
  70
32
  0
VERTEX
  5
AFC
  100
AcDbEntity
  8
Layer 1
  62
0
  100
AcDb2dVertex
  10
7.42431
  20
10.40871
  30
0.00000
  42
-0.2824
  70
32
  0
VERTEX
  5
AFD
  100
AcDbEntity
  8
Layer 1
  62
0
  100
AcDb2dVertex
  10
7.37771
  20
10.40375
  30
0.00000
  70
32
  0
VERTEX
  5
AFE
  100
AcDbEntity
  8
Layer 1
  62
0
  100
AcDb2dVertex
  10
7.37352
  20
10.40645
  30
0.00000
  42
-0.3585
  70
32
  0
VERTEX
  5
AFF
  100
AcDbEntity
  8
Layer 1
  62
0
  100
AcDb2dVertex
  10
7.37306
  20
10.40950
  30
0.00000
  70
32
  0
VERTEX
  5
B00
  100
AcDbEntity
  8
Layer 1
  62
0
  100
AcDb2dVertex
  10
7.37442
  20
10.41137
  30
0.00000
  42
-0.0740
  70
32
  0
VERTEX
  5
B01
  100
AcDbEntity
  8
Layer 1
  62
0
  100
AcDb2dVertex
  10
7.42714
  20
10.44908
  30
0.00000
  42
0.0940
  70
32
  0
VERTEX
  5
B02
  100
AcDbEntity
  8
Layer 1
  62
0
  100
AcDb2dVertex
  10
7.45011
  20
10.46874
  30
0.00000
  42
0.1502
  70
32
  0
VERTEX
  5
B03
  100
AcDbEntity
  8
Layer 1
  62
0
  100
AcDb2dVertex
  10
7.45453
  20
10.47726
  30
0.00000
  42
-0.0296
  70
32
  0
VERTEX
  5
B04
  100
AcDbEntity
  8
Layer 1
  62
0
  100
AcDb2dVertex
  10
7.45361
  20
10.49650
  30
0.00000
  42
-0.4176
  70
32
  0
VERTEX
  5
B05
  100
AcDbEntity
  8
Layer 1
  62
0
  100
AcDb2dVertex
  10
7.47730
  20
10.50816
  30
0.00000
  70
32
  0
VERTEX
  5
B06
  100
AcDbEntity
  8
Layer 1
  62
0
  100
AcDb2dVertex
  10
7.52730
  20
10.49318
  30
0.00000
  42
0.1285
  70
32
  0
VERTEX
  5
B07
  100
AcDbEntity
  8
Layer 1
  62
0
  100
AcDb2dVertex
  10
7.55233
  20
10.49640
  30
0.00000
  42
0.2557
  70
32
  0
VERTEX
  5
B08
  100
AcDbEntity
  8
Layer 1
  62
0
  100
AcDb2dVertex
  10
7.55721
  20
10.50220
  30
0.00000
  42
0.0080
  70
32
  0
VERTEX
  5
B09
  100
AcDbEntity
  8
Layer 1
  62
0
  100
AcDb2dVertex
  10
7.55656
  20
10.53268
  30
0.00000
  42
-0.1496
  70
32
  0
VERTEX
  5
B0A
  100
AcDbEntity
  8
Layer 1
  62
0
  100
AcDb2dVertex
  10
7.56090
  20
10.54944
  30
0.00000
  42
-0.2907
  70
32
  0
VERTEX
  5
B0B
  100
AcDbEntity
  8
Layer 1
  62
0
  100
AcDb2dVertex
  10
7.57169
  20
10.55331
  30
0.00000
  42
-0.1636
  70
32
  0
VERTEX
  5
B0C
  100
AcDbEntity
  8
Layer 1
  62
0
  100
AcDb2dVertex
  10
7.61072
  20
10.53044
  30
0.00000
  42
0.0948
  70
32
  0
VERTEX
  5
B0D
  100
AcDbEntity
  8
Layer 1
  62
0
  100
AcDb2dVertex
  10
7.63202
  20
10.51694
  30
0.00000
  42
0.1811
  70
32
  0
VERTEX
  5
B0E
  100
AcDbEntity
  8
Layer 1
  62
0
  100
AcDb2dVertex
  10
7.63525
  20
10.51693
  30
0.00000
  42
0.1456
  70
32
  0
VERTEX
  5
B0F
  100
AcDbEntity
  8
Layer 1
  62
0
  100
AcDb2dVertex
  10
7.63752
  20
10.51952
  30
0.00000
  42
-0.1938
  70
32
  0
VERTEX
  5
B10
  100
AcDbEntity
  8
Layer 1
  62
0
  100
AcDb2dVertex
  10
7.68856
  20
10.56713
  30
0.00000
  42
0.0151
  70
32
  0
VERTEX
  5
B11
  100
AcDbEntity
  8
Layer 1
  62
0
  100
AcDb2dVertex
  10
7.76906
  20
10.60269
  30
0.00000
  42
0.1573
  70
32
  0
VERTEX
  5
B12
  100
AcDbEntity
  8
Layer 1
  62
0
  100
AcDb2dVertex
  10
7.79667
  20
10.63126
  30
0.00000
  42
0.3025
  70
32
  0
VERTEX
  5
B13
  100
AcDbEntity
  8
Layer 1
  62
0
  100
AcDb2dVertex
  10
7.79694
  20
10.63335
  30
0.00000
  42
0.3025
  70
32
  0
VERTEX
  5
B14
  100
AcDbEntity
  8
Layer 1
  62
0
  100
AcDb2dVertex
  10
7.79512
  20
10.63440
  30
0.00000
  42
0.0253
  70
32
  0
VERTEX
  5
B15
  100
AcDbEntity
  8
Layer 1
  62
0
  100
AcDb2dVertex
  10
7.74709
  20
10.60733
  30
0.00000
  42
0.0404
  70
32
  0
VERTEX
  5
B16
  100
AcDbEntity
  8
Layer 1
  62
0
  100
AcDb2dVertex
  10
7.74180
  20
10.60277
  30
0.00000
  42
-0.1634
  70
32
  0
VERTEX
  5
B17
  100
AcDbEntity
  8
Layer 1
  62
0
  100
AcDb2dVertex
  10
7.73874
  20
10.60138
  30
0.00000
  42
-0.3405
  70
32
  0
VERTEX
  5
B18
  100
AcDbEntity
  8
Layer 1
  62
0
  100
AcDb2dVertex
  10
7.73725
  20
10.60230
  30
0.00000
  42
-0.3119
  70
32
  0
VERTEX
  5
B19
  100
AcDbEntity
  8
Layer 1
  62
0
  100
AcDb2dVertex
  10
7.74929
  20
10.63571
  30
0.00000
  42
0.1293
  70
32
  0
VERTEX
  5
B1A
  100
AcDbEntity
  8
Layer 1
  62
0
  100
AcDb2dVertex
  10
7.76298
  20
10.65106
  30
0.00000
  42
0.4302
  70
32
  0
VERTEX
  5
B1B
  100
AcDbEntity
  8
Layer 1
  62
0
  100
AcDb2dVertex
  10
7.76200
  20
10.65253
  30
0.00000
  42
0.1323
  70
32
  0
VERTEX
  5
B1C
  100
AcDbEntity
  8
Layer 1
  62
0
  100
AcDb2dVertex
  10
7.75925
  20
10.65217
  30
0.00000
  42
-0.0893
  70
32
  0
VERTEX
  5
B1D
  100
AcDbEntity
  8
Layer 1
  62
0
  100
AcDb2dVertex
  10
7.65785
  20
10.64015
  30
0.00000
  42
0.0857
  70
32
  0
VERTEX
  5
B1E
  100
AcDbEntity
  8
Layer 1
  62
0
  100
AcDb2dVertex
  10
7.56617
  20
10.63111
  30
0.00000
  42
0.1118
  70
32
  0
VERTEX
  5
B1F
  100
AcDbEntity
  8
Layer 1
  62
0
  100
AcDb2dVertex
  10
7.55125
  20
10.62314
  30
0.00000
  42
0.4133
  70
32
  0
VERTEX
  5
B20
  100
AcDbEntity
  8
Layer 1
  62
0
  100
AcDb2dVertex
  10
7.55134
  20
10.62128
  30
0.00000
  42
0.1183
  70
32
  0
VERTEX
  5
B21
  100
AcDbEntity
  8
Layer 1
  62
0
  100
AcDb2dVertex
  10
7.55406
  20
10.62034
  30
0.00000
  42
-0.0883
  70
32
  0
VERTEX
  5
B22
  100
AcDbEntity
  8
Layer 1
  62
0
  100
AcDb2dVertex
  10
7.60183
  20
10.60570
  30
0.00000
  42
-0.1029
  70
32
  0
VERTEX
  5
B23
  100
AcDbEntity
  8
Layer 1
  62
0
  100
AcDb2dVertex
  10
7.60623
  20
10.60115
  30
0.00000
  42
-0.4557
  70
32
  0
VERTEX
  5
B24
  100
AcDbEntity
  8
Layer 1
  62
0
  100
AcDb2dVertex
  10
7.60490
  20
10.59838
  30
0.00000
  42
-0.1333
  70
32
  0
VERTEX
  5
B25
  100
AcDbEntity
  8
Layer 1
  62
0
  100
AcDb2dVertex
  10
7.46114
  20
10.61383
  30
0.00000
  70
32
  0
VERTEX
  5
B26
  100
AcDbEntity
  8
Layer 1
  62
0
  100
AcDb2dVertex
  10
7.45833
  20
10.61556
  30
0.00000
  70
32
  0
VERTEX
  5
B27
  100
AcDbEntity
  8
Layer 1
  62
0
  100
AcDb2dVertex
  10
7.45983
  20
10.62355
  30
0.00000
  70
32
  0
VERTEX
  5
B28
  100
AcDbEntity
  8
Layer 1
  62
0
  100
AcDb2dVertex
  10
7.45885
  20
10.62338
  30
0.00000
  42
0.0918
  70
32
  0
VERTEX
  5
B29
  100
AcDbEntity
  8
Layer 1
  62
0
  100
AcDb2dVertex
  10
7.45635
  20
10.62184
  30
0.00000
  42
-0.3127
  70
32
  0
VERTEX
  5
B2A
  100
AcDbEntity
  8
Layer 1
  62
0
  100
AcDb2dVertex
  10
7.43276
  20
10.61738
  30
0.00000
  42
0.0163
  70
32
  0
VERTEX
  5
B2B
  100
AcDbEntity
  8
Layer 1
  62
0
  100
AcDb2dVertex
  10
7.42061
  20
10.62010
  30
0.00000
  42
0.3302
  70
32
  0
VERTEX
  5
B2C
  100
AcDbEntity
  8
Layer 1
  62
0
  100
AcDb2dVertex
  10
7.41761
  20
10.61843
  30
0.00000
  42
0.0492
  70
32
  0
VERTEX
  5
B2D
  100
AcDbEntity
  8
Layer 1
  62
0
  100
AcDb2dVertex
  10
7.41679
  20
10.61295
  30
0.00000
  42
-0.0966
  70
32
  0
VERTEX
  5
B2E
  100
AcDbEntity
  8
Layer 1
  62
0
  100
AcDb2dVertex
  10
7.40873
  20
10.59455
  30
0.00000
  42
0.5145
  70
32
  0
VERTEX
  5
B2F
  100
AcDbEntity
  8
Layer 1
  62
0
  100
AcDb2dVertex
  10
7.40921
  20
10.58805
  30
0.00000
  70
32
  0
VERTEX
  5
B30
  100
AcDbEntity
  8
Layer 1
  62
0
  100
AcDb2dVertex
  10
7.41063
  20
10.58797
  30
0.00000
  42
0.0594
  70
32
  0
VERTEX
  5
B31
  100
AcDbEntity
  8
Layer 1
  62
0
  100
AcDb2dVertex
  10
7.42725
  20
10.59263
  30
0.00000
  42
-0.2322
  70
32
  0
VERTEX
  5
B32
  100
AcDbEntity
  8
Layer 1
  62
0
  100
AcDb2dVertex
  10
7.44044
  20
10.59250
  30
0.00000
  42
-0.4386
  70
32
  0
VERTEX
  5
B33
  100
AcDbEntity
  8
Layer 1
  62
0
  100
AcDb2dVertex
  10
7.44312
  20
10.58487
  30
0.00000
  42
-0.1780
  70
32
  0
VERTEX
  5
B34
  100
AcDbEntity
  8
Layer 1
  62
0
  100
AcDb2dVertex
  10
7.39108
  20
10.54760
  30
0.00000
  42
0.0321
  70
32
  0
VERTEX
  5
B35
  100
AcDbEntity
  8
Layer 1
  62
0
  100
AcDb2dVertex
  10
7.31886
  20
10.52086
  30
0.00000
  42
0.1941
  70
32
  0
VERTEX
  5
B36
  100
AcDbEntity
  8
Layer 1
  62
0
  100
AcDb2dVertex
  10
7.29481
  20
10.49458
  30
0.00000
  42
0.1710
  70
32
  0
VERTEX
  5
B37
  100
AcDbEntity
  8
Layer 1
  62
0
  100
AcDb2dVertex
  10
7.29485
  20
10.49144
  30
0.00000
  42
0.4265
  70
32
  0
VERTEX
  5
B38
  100
AcDbEntity
  8
Layer 1
  62
0
  100
AcDb2dVertex
  10
7.30024
  20
10.49138
  30
0.00000
  42
-0.0463
  70
32
  0
VERTEX
  5
B39
  100
AcDbEntity
  8
Layer 1
  62
0
  100
AcDb2dVertex
  10
7.34382
  20
10.52128
  30
0.00000
  42
-0.2228
  70
32
  0
VERTEX
  5
B3A
  100
AcDbEntity
  8
Layer 1
  62
0
  100
AcDb2dVertex
  10
7.36454
  20
10.52388
  30
0.00000
  42
-0.2734
  70
32
  0
VERTEX
  5
B3B
  100
AcDbEntity
  8
Layer 1
  62
0
  100
AcDb2dVertex
  10
7.27166
  20
10.45602
  30
0.00000
  42
-0.0371
  70
32
  0
VERTEX
  5
B3C
  100
AcDbEntity
  8
Layer 1
  62
0
  100
AcDb2dVertex
  10
7.21681
  20
10.45174
  30
0.00000
  42
0.2074
  70
32
  0
VERTEX
  5
B3D
  100
AcDbEntity
  8
Layer 1
  62
0
  100
AcDb2dVertex
  10
7.20993
  20
10.44817
  30
0.00000
  42
0.2438
  70
32
  0
VERTEX
  5
B3E
  100
AcDbEntity
  8
Layer 1
  62
0
  100
AcDb2dVertex
  10
7.18175
  20
10.38533
  30
0.00000
  42
0.0471
  70
32
  0
VERTEX
  5
B3F
  100
AcDbEntity
  8
Layer 1
  62
0
  100
AcDb2dVertex
  10
7.18446
  20
10.37260
  30
0.00000
  42
0.2009
  70
32
  0
VERTEX
  5
B40
  100
AcDbEntity
  8
Layer 1
  62
0
  100
AcDb2dVertex
  10
7.18602
  20
10.37045
  30
0.00000
  42
0.1533
  70
32
  0
VERTEX
  5
B41
  100
AcDbEntity
  8
Layer 1
  62
0
  100
AcDb2dVertex
  10
7.18902
  20
10.37032
  30
0.00000
  42
-0.1039
  70
32
  0
VERTEX
  5
B42
  100
AcDbEntity
  8
Layer 1
  62
0
  100
AcDb2dVertex
  10
7.25502
  20
10.37375
  30
0.00000
  70
32
  0
SEQEND
  5
B43
  100
AcDbEntity
  8
Layer 1
  62
0
  0
POLYLINE
  5
B44
  100
AcDbEntity
  8
Layer 1
  62
0
  100
AcDb2dPolyline
 66
     1
  10
0
  20
0
  30
0
  70
1
  0
VERTEX
  5
B45
  100
AcDbEntity
  8
Layer 1
  62
0
  100
AcDb2dVertex
  10
6.51478
  20
10.76898
  30
0.00000
  42
-0.0390
  70
32
  0
VERTEX
  5
B46
  100
AcDbEntity
  8
Layer 1
  62
0
  100
AcDb2dVertex
  10
6.83019
  20
10.56553
  30
0.00000
  70
32
  0
VERTEX
  5
B47
  100
AcDbEntity
  8
Layer 1
  62
0
  100
AcDb2dVertex
  10
6.91237
  20
10.50583
  30
0.00000
  42
0.2844
  70
32
  0
VERTEX
  5
B48
  100
AcDbEntity
  8
Layer 1
  62
0
  100
AcDb2dVertex
  10
6.91952
  20
10.50530
  30
0.00000
  42
-0.0286
  70
32
  0
VERTEX
  5
B49
  100
AcDbEntity
  8
Layer 1
  62
0
  100
AcDb2dVertex
  10
6.93820
  20
10.51264
  30
0.00000
  42
-0.1887
  70
32
  0
VERTEX
  5
B4A
  100
AcDbEntity
  8
Layer 1
  62
0
  100
AcDb2dVertex
  10
6.95305
  20
10.50901
  30
0.00000
  42
-0.5587
  70
32
  0
VERTEX
  5
B4B
  100
AcDbEntity
  8
Layer 1
  62
0
  100
AcDb2dVertex
  10
6.95128
  20
10.49840
  30
0.00000
  70
32
  0
VERTEX
  5
B4C
  100
AcDbEntity
  8
Layer 1
  62
0
  100
AcDb2dVertex
  10
6.94490
  20
10.49549
  30
0.00000
  42
0.4716
  70
32
  0
VERTEX
  5
B4D
  100
AcDbEntity
  8
Layer 1
  62
0
  100
AcDb2dVertex
  10
6.94335
  20
10.48868
  30
0.00000
  42
0.1185
  70
32
  0
VERTEX
  5
B4E
  100
AcDbEntity
  8
Layer 1
  62
0
  100
AcDb2dVertex
  10
6.94674
  20
10.48530
  30
0.00000
  42
-0.0418
  70
32
  0
VERTEX
  5
B4F
  100
AcDbEntity
  8
Layer 1
  62
0
  100
AcDb2dVertex
  10
7.03553
  20
10.41950
  30
0.00000
  42
0.1708
  70
32
  0
VERTEX
  5
B50
  100
AcDbEntity
  8
Layer 1
  62
0
  100
AcDb2dVertex
  10
7.12079
  20
10.38568
  30
0.00000
  42
0.1626
  70
32
  0
VERTEX
  5
B51
  100
AcDbEntity
  8
Layer 1
  62
0
  100
AcDb2dVertex
  10
7.12365
  20
10.38647
  30
0.00000
  42
0.3857
  70
32
  0
VERTEX
  5
B52
  100
AcDbEntity
  8
Layer 1
  62
0
  100
AcDb2dVertex
  10
7.12228
  20
10.39168
  30
0.00000
  70
32
  0
VERTEX
  5
B53
  100
AcDbEntity
  8
Layer 1
  62
0
  100
AcDb2dVertex
  10
7.06050
  20
10.46325
  30
0.00000
  70
32
  0
VERTEX
  5
B54
  100
AcDbEntity
  8
Layer 1
  62
0
  100
AcDb2dVertex
  10
6.70166
  20
10.86036
  30
0.00000
  70
32
  0
VERTEX
  5
B55
  100
AcDbEntity
  8
Layer 1
  62
0
  100
AcDb2dVertex
  10
6.49311
  20
11.09886
  30
0.00000
  42
0.0059
  70
32
  0
VERTEX
  5
B56
  100
AcDbEntity
  8
Layer 1
  62
0
  100
AcDb2dVertex
  10
6.43579
  20
11.14725
  30
0.00000
  42
-0.1574
  70
32
  0
VERTEX
  5
B57
  100
AcDbEntity
  8
Layer 1
  62
0
  100
AcDb2dVertex
  10
6.41289
  20
11.18701
  30
0.00000
  42
0.2003
  70
32
  0
VERTEX
  5
B58
  100
AcDbEntity
  8
Layer 1
  62
0
  100
AcDb2dVertex
  10
6.40937
  20
11.19091
  30
0.00000
  42
-0.1157
  70
32
  0
VERTEX
  5
B59
  100
AcDbEntity
  8
Layer 1
  62
0
  100
AcDb2dVertex
  10
6.37019
  20
11.22983
  30
0.00000
  42
0.0587
  70
32
  0
VERTEX
  5
B5A
  100
AcDbEntity
  8
Layer 1
  62
0
  100
AcDb2dVertex
  10
6.36532
  20
11.23461
  30
0.00000
  42
0.2098
  70
32
  0
VERTEX
  5
B5B
  100
AcDbEntity
  8
Layer 1
  62
0
  100
AcDb2dVertex
  10
6.36138
  20
11.23467
  30
0.00000
  42
-0.1987
  70
32
  0
VERTEX
  5
B5C
  100
AcDbEntity
  8
Layer 1
  62
0
  100
AcDb2dVertex
  10
6.35859
  20
11.23454
  30
0.00000
  70
32
  0
VERTEX
  5
B5D
  100
AcDbEntity
  8
Layer 1
  62
0
  100
AcDb2dVertex
  10
6.10241
  20
11.51407
  30
0.00000
  42
0.0112
  70
32
  0
VERTEX
  5
B5E
  100
AcDbEntity
  8
Layer 1
  62
0
  100
AcDb2dVertex
  10
6.05797
  20
11.55698
  30
0.00000
  70
32
  0
VERTEX
  5
B5F
  100
AcDbEntity
  8
Layer 1
  62
0
  100
AcDb2dVertex
  10
6.05523
  20
11.56026
  30
0.00000
  42
-0.2689
  70
32
  0
VERTEX
  5
B60
  100
AcDbEntity
  8
Layer 1
  62
0
  100
AcDb2dVertex
  10
6.05586
  20
11.56177
  30
0.00000
  42
-0.2687
  70
32
  0
VERTEX
  5
B61
  100
AcDbEntity
  8
Layer 1
  62
0
  100
AcDb2dVertex
  10
6.05749
  20
11.56198
  30
0.00000
  70
32
  0
VERTEX
  5
B62
  100
AcDbEntity
  8
Layer 1
  62
0
  100
AcDb2dVertex
  10
6.05930
  20
11.56176
  30
0.00000
  42
0.2888
  70
32
  0
VERTEX
  5
B63
  100
AcDbEntity
  8
Layer 1
  62
0
  100
AcDb2dVertex
  10
6.06062
  20
11.56254
  30
0.00000
  42
0.2885
  70
32
  0
VERTEX
  5
B64
  100
AcDbEntity
  8
Layer 1
  62
0
  100
AcDb2dVertex
  10
6.06048
  20
11.56407
  30
0.00000
  42
0.0912
  70
32
  0
VERTEX
  5
B65
  100
AcDbEntity
  8
Layer 1
  62
0
  100
AcDb2dVertex
  10
6.05838
  20
11.56586
  30
0.00000
  42
-0.0753
  70
32
  0
VERTEX
  5
B66
  100
AcDbEntity
  8
Layer 1
  62
0
  100
AcDb2dVertex
  10
5.95446
  20
11.66363
  30
0.00000
  42
0.0132
  70
32
  0
VERTEX
  5
B67
  100
AcDbEntity
  8
Layer 1
  62
0
  100
AcDb2dVertex
  10
5.89206
  20
11.73360
  30
0.00000
  42
-0.1899
  70
32
  0
VERTEX
  5
B68
  100
AcDbEntity
  8
Layer 1
  62
0
  100
AcDb2dVertex
  10
5.89091
  20
11.73640
  30
0.00000
  42
-0.4424
  70
32
  0
VERTEX
  5
B69
  100
AcDbEntity
  8
Layer 1
  62
0
  100
AcDb2dVertex
  10
5.89229
  20
11.73734
  30
0.00000
  70
32
  0
VERTEX
  5
B6A
  100
AcDbEntity
  8
Layer 1
  62
0
  100
AcDb2dVertex
  10
5.89479
  20
11.73690
  30
0.00000
  42
0.4445
  70
32
  0
VERTEX
  5
B6B
  100
AcDbEntity
  8
Layer 1
  62
0
  100
AcDb2dVertex
  10
5.89727
  20
11.73848
  30
0.00000
  70
32
  0
VERTEX
  5
B6C
  100
AcDbEntity
  8
Layer 1
  62
0
  100
AcDb2dVertex
  10
5.89657
  20
11.73982
  30
0.00000
  42
-0.0191
  70
32
  0
VERTEX
  5
B6D
  100
AcDbEntity
  8
Layer 1
  62
0
  100
AcDb2dVertex
  10
5.59440
  20
12.05550
  30
0.00000
  42
0.0058
  70
32
  0
VERTEX
  5
B6E
  100
AcDbEntity
  8
Layer 1
  62
0
  100
AcDb2dVertex
  10
5.55679
  20
12.09590
  30
0.00000
  70
32
  0
VERTEX
  5
B6F
  100
AcDbEntity
  8
Layer 1
  62
0
  100
AcDb2dVertex
  10
5.54726
  20
12.10159
  30
0.00000
  70
32
  0
VERTEX
  5
B70
  100
AcDbEntity
  8
Layer 1
  62
0
  100
AcDb2dVertex
  10
5.22485
  20
12.45282
  30
0.00000
  42
-0.0162
  70
32
  0
VERTEX
  5
B71
  100
AcDbEntity
  8
Layer 1
  62
0
  100
AcDb2dVertex
  10
5.04867
  20
12.66045
  30
0.00000
  42
0.1186
  70
32
  0
VERTEX
  5
B72
  100
AcDbEntity
  8
Layer 1
  62
0
  100
AcDb2dVertex
  10
5.04314
  20
12.66346
  30
0.00000
  70
32
  0
VERTEX
  5
B73
  100
AcDbEntity
  8
Layer 1
  62
0
  100
AcDb2dVertex
  10
4.90978
  20
12.70952
  30
0.00000
  42
0.0668
  70
32
  0
VERTEX
  5
B74
  100
AcDbEntity
  8
Layer 1
  62
0
  100
AcDb2dVertex
  10
4.83651
  20
12.71907
  30
0.00000
  42
-0.5220
  70
32
  0
VERTEX
  5
B75
  100
AcDbEntity
  8
Layer 1
  62
0
  100
AcDb2dVertex
  10
4.83552
  20
12.72224
  30
0.00000
  42
-0.1355
  70
32
  0
VERTEX
  5
B76
  100
AcDbEntity
  8
Layer 1
  62
0
  100
AcDb2dVertex
  10
4.83851
  20
12.72454
  30
0.00000
  70
32
  0
VERTEX
  5
B77
  100
AcDbEntity
  8
Layer 1
  62
0
  100
AcDb2dVertex
  10
4.84078
  20
12.72522
  30
0.00000
  70
32
  0
VERTEX
  5
B78
  100
AcDbEntity
  8
Layer 1
  62
0
  100
AcDb2dVertex
  10
4.84502
  20
12.72661
  30
0.00000
  42
0.5223
  70
32
  0
VERTEX
  5
B79
  100
AcDbEntity
  8
Layer 1
  62
0
  100
AcDb2dVertex
  10
4.84749
  20
12.73000
  30
0.00000
  42
0.1715
  70
32
  0
VERTEX
  5
B7A
  100
AcDbEntity
  8
Layer 1
  62
0
  100
AcDb2dVertex
  10
4.84501
  20
12.73121
  30
0.00000
  42
-0.0411
  70
32
  0
VERTEX
  5
B7B
  100
AcDbEntity
  8
Layer 1
  62
0
  100
AcDb2dVertex
  10
4.74304
  20
12.76621
  30
0.00000
  42
0.1163
  70
32
  0
VERTEX
  5
B7C
  100
AcDbEntity
  8
Layer 1
  62
0
  100
AcDb2dVertex
  10
4.69333
  20
12.77570
  30
0.00000
  70
32
  0
VERTEX
  5
B7D
  100
AcDbEntity
  8
Layer 1
  62
0
  100
AcDb2dVertex
  10
4.69200
  20
12.77520
  30
0.00000
  42
0.4627
  70
32
  0
VERTEX
  5
B7E
  100
AcDbEntity
  8
Layer 1
  62
0
  100
AcDb2dVertex
  10
4.69276
  20
12.77064
  30
0.00000
  70
32
  0
VERTEX
  5
B7F
  100
AcDbEntity
  8
Layer 1
  62
0
  100
AcDb2dVertex
  10
5.89354
  20
11.44689
  30
0.00000
  70
32
  0
VERTEX
  5
B80
  100
AcDbEntity
  8
Layer 1
  62
0
  100
AcDb2dVertex
  10
6.51478
  20
10.76898
  30
0.00000
  70
32
  0
SEQEND
  5
B81
  100
AcDbEntity
  8
Layer 1
  62
0
  0
POLYLINE
  5
B82
  100
AcDbEntity
  8
Layer 1
  62
0
  100
AcDb2dPolyline
 66
     1
  10
0
  20
0
  30
0
  70
1
  0
VERTEX
  5
B83
  100
AcDbEntity
  8
Layer 1
  62
0
  100
AcDb2dVertex
  10
5.54136
  20
12.83657
  30
0.00000
  42
-0.0288
  70
32
  0
VERTEX
  5
B84
  100
AcDbEntity
  8
Layer 1
  62
0
  100
AcDb2dVertex
  10
5.82904
  20
12.54984
  30
0.00000
  42
-0.0055
  70
32
  0
VERTEX
  5
B85
  100
AcDbEntity
  8
Layer 1
  62
0
  100
AcDb2dVertex
  10
5.85432
  20
12.51955
  30
0.00000
  42
-0.1437
  70
32
  0
VERTEX
  5
B86
  100
AcDbEntity
  8
Layer 1
  62
0
  100
AcDb2dVertex
  10
5.85548
  20
12.51699
  30
0.00000
  42
-0.5048
  70
32
  0
VERTEX
  5
B87
  100
AcDbEntity
  8
Layer 1
  62
0
  100
AcDb2dVertex
  10
5.85441
  20
12.51601
  30
0.00000
  70
32
  0
VERTEX
  5
B88
  100
AcDbEntity
  8
Layer 1
  62
0
  100
AcDb2dVertex
  10
5.85336
  20
12.51645
  30
0.00000
  70
32
  0
VERTEX
  5
B89
  100
AcDbEntity
  8
Layer 1
  62
0
  100
AcDb2dVertex
  10
5.56867
  20
12.79480
  30
0.00000
  42
0.0202
  70
32
  0
VERTEX
  5
B8A
  100
AcDbEntity
  8
Layer 1
  62
0
  100
AcDb2dVertex
  10
5.40584
  20
12.93620
  30
0.00000
  42
0.2174
  70
32
  0
VERTEX
  5
B8B
  100
AcDbEntity
  8
Layer 1
  62
0
  100
AcDb2dVertex
  10
5.40090
  20
12.93735
  30
0.00000
  42
0.1864
  70
32
  0
VERTEX
  5
B8C
  100
AcDbEntity
  8
Layer 1
  62
0
  100
AcDb2dVertex
  10
5.34417
  20
12.89129
  30
0.00000
  42
0.2627
  70
32
  0
VERTEX
  5
B8D
  100
AcDbEntity
  8
Layer 1
  62
0
  100
AcDb2dVertex
  10
5.34412
  20
12.88717
  30
0.00000
  42
-0.0156
  70
32
  0
VERTEX
  5
B8E
  100
AcDbEntity
  8
Layer 1
  62
0
  100
AcDb2dVertex
  10
5.75118
  20
12.51600
  30
0.00000
  42
-0.0457
  70
32
  0
VERTEX
  5
B8F
  100
AcDbEntity
  8
Layer 1
  62
0
  100
AcDb2dVertex
  10
6.03791
  20
12.18408
  30
0.00000
  70
32
  0
VERTEX
  5
B90
  100
AcDbEntity
  8
Layer 1
  62
0
  100
AcDb2dVertex
  10
6.03951
  20
12.18056
  30
0.00000
  42
-0.3145
  70
32
  0
VERTEX
  5
B91
  100
AcDbEntity
  8
Layer 1
  62
0
  100
AcDb2dVertex
  10
6.03836
  20
12.17907
  30
0.00000
  42
-0.3144
  70
32
  0
VERTEX
  5
B92
  100
AcDbEntity
  8
Layer 1
  62
0
  100
AcDb2dVertex
  10
6.03656
  20
12.17964
  30
0.00000
  42
0.0253
  70
32
  0
VERTEX
  5
B93
  100
AcDbEntity
  8
Layer 1
  62
0
  100
AcDb2dVertex
  10
5.67393
  20
12.57213
  30
0.00000
  42
0.0435
  70
32
  0
VERTEX
  5
B94
  100
AcDbEntity
  8
Layer 1
  62
0
  100
AcDb2dVertex
  10
5.31632
  20
12.86292
  30
0.00000
  42
0.2493
  70
32
  0
VERTEX
  5
B95
  100
AcDbEntity
  8
Layer 1
  62
0
  100
AcDb2dVertex
  10
5.31129
  20
12.86372
  30
0.00000
  42
0.1184
  70
32
  0
VERTEX
  5
B96
  100
AcDbEntity
  8
Layer 1
  62
0
  100
AcDb2dVertex
  10
5.26876
  20
12.81938
  30
0.00000
  42
-0.0826
  70
32
  0
VERTEX
  5
B97
  100
AcDbEntity
  8
Layer 1
  62
0
  100
AcDb2dVertex
  10
5.24524
  20
12.79526
  30
0.00000
  42
0.2229
  70
32
  0
VERTEX
  5
B98
  100
AcDbEntity
  8
Layer 1
  62
0
  100
AcDb2dVertex
  10
5.24397
  20
12.79308
  30
0.00000
  42
0.2725
  70
32
  0
VERTEX
  5
B99
  100
AcDbEntity
  8
Layer 1
  62
0
  100
AcDb2dVertex
  10
5.24528
  20
12.79119
  30
0.00000
  42
0.0444
  70
32
  0
VERTEX
  5
B9A
  100
AcDbEntity
  8
Layer 1
  62
0
  100
AcDb2dVertex
  10
5.25185
  20
12.78860
  30
0.00000
  42
-0.0998
  70
32
  0
VERTEX
  5
B9B
  100
AcDbEntity
  8
Layer 1
  62
0
  100
AcDb2dVertex
  10
5.49044
  20
12.64082
  30
0.00000
  42
-0.0108
  70
32
  0
VERTEX
  5
B9C
  100
AcDbEntity
  8
Layer 1
  62
0
  100
AcDb2dVertex
  10
5.70470
  20
12.43305
  30
0.00000
  42
0.0466
  70
32
  0
VERTEX
  5
B9D
  100
AcDbEntity
  8
Layer 1
  62
0
  100
AcDb2dVertex
  10
5.79313
  20
12.31393
  30
0.00000
  42
-0.0894
  70
32
  0
VERTEX
  5
B9E
  100
AcDbEntity
  8
Layer 1
  62
0
  100
AcDb2dVertex
  10
5.85785
  20
12.20889
  30
0.00000
  42
-0.1076
  70
32
  0
VERTEX
  5
B9F
  100
AcDbEntity
  8
Layer 1
  62
0
  100
AcDb2dVertex
  10
5.85822
  20
12.20577
  30
0.00000
  42
-0.5529
  70
32
  0
VERTEX
  5
BA0
  100
AcDbEntity
  8
Layer 1
  62
0
  100
AcDb2dVertex
  10
5.85658
  20
12.20486
  30
0.00000
  42
0.0353
  70
32
  0
VERTEX
  5
BA1
  100
AcDbEntity
  8
Layer 1
  62
0
  100
AcDb2dVertex
  10
5.60505
  20
12.51158
  30
0.00000
  42
0.1020
  70
32
  0
VERTEX
  5
BA2
  100
AcDbEntity
  8
Layer 1
  62
0
  100
AcDb2dVertex
  10
5.22182
  20
12.77864
  30
0.00000
  42
0.2234
  70
32
  0
VERTEX
  5
BA3
  100
AcDbEntity
  8
Layer 1
  62
0
  100
AcDb2dVertex
  10
5.21637
  20
12.77865
  30
0.00000
  42
0.0971
  70
32
  0
VERTEX
  5
BA4
  100
AcDbEntity
  8
Layer 1
  62
0
  100
AcDb2dVertex
  10
5.18642
  20
12.75022
  30
0.00000
  42
0.0834
  70
32
  0
VERTEX
  5
BA5
  100
AcDbEntity
  8
Layer 1
  62
0
  100
AcDb2dVertex
  10
5.18472
  20
12.74450
  30
0.00000
  42
0.2520
  70
32
  0
VERTEX
  5
BA6
  100
AcDbEntity
  8
Layer 1
  62
0
  100
AcDb2dVertex
  10
5.18677
  20
12.74089
  30
0.00000
  42
-0.0671
  70
32
  0
VERTEX
  5
BA7
  100
AcDbEntity
  8
Layer 1
  62
0
  100
AcDb2dVertex
  10
5.46575
  20
12.53621
  30
0.00000
  42
-0.0709
  70
32
  0
VERTEX
  5
BA8
  100
AcDbEntity
  8
Layer 1
  62
0
  100
AcDb2dVertex
  10
5.62640
  20
12.32295
  30
0.00000
  70
32
  0
VERTEX
  5
BA9
  100
AcDbEntity
  8
Layer 1
  62
0
  100
AcDb2dVertex
  10
5.62743
  20
12.31975
  30
0.00000
  42
-0.2836
  70
32
  0
VERTEX
  5
BAA
  100
AcDbEntity
  8
Layer 1
  62
0
  100
AcDb2dVertex
  10
5.62700
  20
12.31881
  30
0.00000
  42
-0.2832
  70
32
  0
VERTEX
  5
BAB
  100
AcDbEntity
  8
Layer 1
  62
0
  100
AcDb2dVertex
  10
5.62597
  20
12.31878
  30
0.00000
  42
0.0687
  70
32
  0
VERTEX
  5
BAC
  100
AcDbEntity
  8
Layer 1
  62
0
  100
AcDb2dVertex
  10
5.33503
  20
12.62432
  30
0.00000
  42
0.0269
  70
32
  0
VERTEX
  5
BAD
  100
AcDbEntity
  8
Layer 1
  62
0
  100
AcDb2dVertex
  10
5.22393
  20
12.70013
  30
0.00000
  42
0.1828
  70
32
  0
VERTEX
  5
BAE
  100
AcDbEntity
  8
Layer 1
  62
0
  100
AcDb2dVertex
  10
5.14636
  20
12.71526
  30
0.00000
  70
32
  0
VERTEX
  5
BAF
  100
AcDbEntity
  8
Layer 1
  62
0
  100
AcDb2dVertex
  10
5.14281
  20
12.71414
  30
0.00000
  42
0.4946
  70
32
  0
VERTEX
  5
BB0
  100
AcDbEntity
  8
Layer 1
  62
0
  100
AcDb2dVertex
  10
5.14318
  20
12.70970
  30
0.00000
  70
32
  0
VERTEX
  5
BB1
  100
AcDbEntity
  8
Layer 1
  62
0
  100
AcDb2dVertex
  10
5.28505
  20
12.56946
  30
0.00000
  42
-0.0670
  70
32
  0
VERTEX
  5
BB2
  100
AcDbEntity
  8
Layer 1
  62
0
  100
AcDb2dVertex
  10
5.38116
  20
12.44220
  30
0.00000
  70
32
  0
VERTEX
  5
BB3
  100
AcDbEntity
  8
Layer 1
  62
0
  100
AcDb2dVertex
  10
5.38250
  20
12.43881
  30
0.00000
  42
-0.2993
  70
32
  0
VERTEX
  5
BB4
  100
AcDbEntity
  8
Layer 1
  62
0
  100
AcDb2dVertex
  10
5.38189
  20
12.43757
  30
0.00000
  42
-0.2993
  70
32
  0
VERTEX
  5
BB5
  100
AcDbEntity
  8
Layer 1
  62
0
  100
AcDb2dVertex
  10
5.38051
  20
12.43765
  30
0.00000
  42
-0.0108
  70
32
  0
VERTEX
  5
BB6
  100
AcDbEntity
  8
Layer 1
  62
0
  100
AcDb2dVertex
  10
5.28600
  20
12.53898
  30
0.00000
  42
0.0697
  70
32
  0
VERTEX
  5
BB7
  100
AcDbEntity
  8
Layer 1
  62
0
  100
AcDb2dVertex
  10
5.12398
  20
12.67979
  30
0.00000
  42
0.0602
  70
32
  0
VERTEX
  5
BB8
  100
AcDbEntity
  8
Layer 1
  62
0
  100
AcDb2dVertex
  10
5.11831
  20
12.68264
  30
0.00000
  42
0.2085
  70
32
  0
VERTEX
  5
BB9
  100
AcDbEntity
  8
Layer 1
  62
0
  100
AcDb2dVertex
  10
5.11584
  20
12.68229
  30
0.00000
  42
0.0798
  70
32
  0
VERTEX
  5
BBA
  100
AcDbEntity
  8
Layer 1
  62
0
  100
AcDb2dVertex
  10
5.11353
  20
12.67967
  30
0.00000
  42
-0.0859
  70
32
  0
VERTEX
  5
BBB
  100
AcDbEntity
  8
Layer 1
  62
0
  100
AcDb2dVertex
  10
5.08839
  20
12.66251
  30
0.00000
  42
0.3469
  70
32
  0
VERTEX
  5
BBC
  100
AcDbEntity
  8
Layer 1
  62
0
  100
AcDb2dVertex
  10
5.08449
  20
12.65661
  30
0.00000
  42
0.1110
  70
32
  0
VERTEX
  5
BBD
  100
AcDbEntity
  8
Layer 1
  62
0
  100
AcDb2dVertex
  10
5.09214
  20
12.64709
  30
0.00000
  70
32
  0
VERTEX
  5
BBE
  100
AcDbEntity
  8
Layer 1
  62
0
  100
AcDb2dVertex
  10
6.28972
  20
11.35493
  30
0.00000
  70
32
  0
VERTEX
  5
BBF
  100
AcDbEntity
  8
Layer 1
  62
0
  100
AcDb2dVertex
  10
6.32782
  20
11.31367
  30
0.00000
  70
32
  0
VERTEX
  5
BC0
  100
AcDbEntity
  8
Layer 1
  62
0
  100
AcDb2dVertex
  10
7.14896
  20
10.43922
  30
0.00000
  42
0.3506
  70
32
  0
VERTEX
  5
BC1
  100
AcDbEntity
  8
Layer 1
  62
0
  100
AcDb2dVertex
  10
7.15796
  20
10.43772
  30
0.00000
  42
0.0744
  70
32
  0
VERTEX
  5
BC2
  100
AcDbEntity
  8
Layer 1
  62
0
  100
AcDb2dVertex
  10
7.20375
  20
10.47778
  30
0.00000
  42
0.4692
  70
32
  0
VERTEX
  5
BC3
  100
AcDbEntity
  8
Layer 1
  62
0
  100
AcDb2dVertex
  10
7.19897
  20
10.48557
  30
0.00000
  42
-0.0539
  70
32
  0
VERTEX
  5
BC4
  100
AcDbEntity
  8
Layer 1
  62
0
  100
AcDb2dVertex
  10
7.16627
  20
10.51047
  30
0.00000
  42
-0.0771
  70
32
  0
VERTEX
  5
BC5
  100
AcDbEntity
  8
Layer 1
  62
0
  100
AcDb2dVertex
  10
7.15296
  20
10.52814
  30
0.00000
  42
-0.3674
  70
32
  0
VERTEX
  5
BC6
  100
AcDbEntity
  8
Layer 1
  62
0
  100
AcDb2dVertex
  10
7.15407
  20
10.53401
  30
0.00000
  42
-0.2007
  70
32
  0
VERTEX
  5
BC7
  100
AcDbEntity
  8
Layer 1
  62
0
  100
AcDb2dVertex
  10
7.16882
  20
10.53901
  30
0.00000
  42
0.1263
  70
32
  0
VERTEX
  5
BC8
  100
AcDbEntity
  8
Layer 1
  62
0
  100
AcDb2dVertex
  10
7.18481
  20
10.54206
  30
0.00000
  42
0.5016
  70
32
  0
VERTEX
  5
BC9
  100
AcDbEntity
  8
Layer 1
  62
0
  100
AcDb2dVertex
  10
7.18640
  20
10.55497
  30
0.00000
  42
0.0262
  70
32
  0
VERTEX
  5
BCA
  100
AcDbEntity
  8
Layer 1
  62
0
  100
AcDb2dVertex
  10
7.17456
  20
10.59238
  30
0.00000
  42
-0.1417
  70
32
  0
VERTEX
  5
BCB
  100
AcDbEntity
  8
Layer 1
  62
0
  100
AcDb2dVertex
  10
7.17418
  20
10.59555
  30
0.00000
  42
-0.0294
  70
32
  0
VERTEX
  5
BCC
  100
AcDbEntity
  8
Layer 1
  62
0
  100
AcDb2dVertex
  10
7.22724
  20
10.78287
  30
0.00000
  42
-0.1928
  70
32
  0
VERTEX
  5
BCD
  100
AcDbEntity
  8
Layer 1
  62
0
  100
AcDb2dVertex
  10
7.36329
  20
10.93891
  30
0.00000
  42
0.0109
  70
32
  0
VERTEX
  5
BCE
  100
AcDbEntity
  8
Layer 1
  62
0
  100
AcDb2dVertex
  10
7.51071
  20
11.02203
  30
0.00000
  42
0.0883
  70
32
  0
VERTEX
  5
BCF
  100
AcDbEntity
  8
Layer 1
  62
0
  100
AcDb2dVertex
  10
7.58861
  20
11.09309
  30
0.00000
  42
0.2867
  70
32
  0
VERTEX
  5
BD0
  100
AcDbEntity
  8
Layer 1
  62
0
  100
AcDb2dVertex
  10
7.58863
  20
11.09474
  30
0.00000
  42
0.2107
  70
32
  0
VERTEX
  5
BD1
  100
AcDbEntity
  8
Layer 1
  62
0
  100
AcDb2dVertex
  10
7.58504
  20
11.09684
  30
0.00000
  42
0.0376
  70
32
  0
VERTEX
  5
BD2
  100
AcDbEntity
  8
Layer 1
  62
0
  100
AcDb2dVertex
  10
7.56882
  20
11.09683
  30
0.00000
  42
-0.2625
  70
32
  0
VERTEX
  5
BD3
  100
AcDbEntity
  8
Layer 1
  62
0
  100
AcDb2dVertex
  10
7.54531
  20
11.10802
  30
0.00000
  42
0.0068
  70
32
  0
VERTEX
  5
BD4
  100
AcDbEntity
  8
Layer 1
  62
0
  100
AcDb2dVertex
  10
6.97774
  20
11.76656
  30
0.00000
  70
32
  0
VERTEX
  5
BD5
  100
AcDbEntity
  8
Layer 1
  62
0
  100
AcDb2dVertex
  10
6.71314
  20
12.07481
  30
0.00000
  42
-0.0066
  70
32
  0
VERTEX
  5
BD6
  100
AcDbEntity
  8
Layer 1
  62
0
  100
AcDb2dVertex
  10
6.13620
  20
12.71121
  30
0.00000
  42
0.0063
  70
32
  0
VERTEX
  5
BD7
  100
AcDbEntity
  8
Layer 1
  62
0
  100
AcDb2dVertex
  10
5.72935
  20
13.15560
  30
0.00000
  42
0.1573
  70
32
  0
VERTEX
  5
BD8
  100
AcDbEntity
  8
Layer 1
  62
0
  100
AcDb2dVertex
  10
5.68506
  20
13.19020
  30
0.00000
  42
0.2364
  70
32
  0
VERTEX
  5
BD9
  100
AcDbEntity
  8
Layer 1
  62
0
  100
AcDb2dVertex
  10
5.66023
  20
13.18588
  30
0.00000
  70
32
  0
VERTEX
  5
BDA
  100
AcDbEntity
  8
Layer 1
  62
0
  100
AcDb2dVertex
  10
5.66038
  20
13.18492
  30
0.00000
  42
0.0965
  70
32
  0
VERTEX
  5
BDB
  100
AcDbEntity
  8
Layer 1
  62
0
  100
AcDb2dVertex
  10
5.66399
  20
13.18063
  30
0.00000
  42
-0.0051
  70
32
  0
VERTEX
  5
BDC
  100
AcDbEntity
  8
Layer 1
  62
0
  100
AcDb2dVertex
  10
5.95203
  20
12.87220
  30
0.00000
  42
-0.0211
  70
32
  0
VERTEX
  5
BDD
  100
AcDbEntity
  8
Layer 1
  62
0
  100
AcDb2dVertex
  10
6.06941
  20
12.72956
  30
0.00000
  70
32
  0
VERTEX
  5
BDE
  100
AcDbEntity
  8
Layer 1
  62
0
  100
AcDb2dVertex
  10
6.07006
  20
12.72797
  30
0.00000
  42
-0.4208
  70
32
  0
VERTEX
  5
BDF
  100
AcDbEntity
  8
Layer 1
  62
0
  100
AcDb2dVertex
  10
6.06846
  20
12.72650
  30
0.00000
  70
32
  0
VERTEX
  5
BE0
  100
AcDbEntity
  8
Layer 1
  62
0
  100
AcDb2dVertex
  10
6.06708
  20
12.72711
  30
0.00000
  70
32
  0
VERTEX
  5
BE1
  100
AcDbEntity
  8
Layer 1
  62
0
  100
AcDb2dVertex
  10
5.83288
  20
12.98386
  30
0.00000
  42
0.0429
  70
32
  0
VERTEX
  5
BE2
  100
AcDbEntity
  8
Layer 1
  62
0
  100
AcDb2dVertex
  10
5.63847
  20
13.16080
  30
0.00000
  42
0.1679
  70
32
  0
VERTEX
  5
BE3
  100
AcDbEntity
  8
Layer 1
  62
0
  100
AcDb2dVertex
  10
5.63518
  20
13.16205
  30
0.00000
  42
0.1677
  70
32
  0
VERTEX
  5
BE4
  100
AcDbEntity
  8
Layer 1
  62
0
  100
AcDb2dVertex
  10
5.63232
  20
13.16073
  30
0.00000
  42
0.0164
  70
32
  0
VERTEX
  5
BE5
  100
AcDbEntity
  8
Layer 1
  62
0
  100
AcDb2dVertex
  10
5.59788
  20
13.13044
  30
0.00000
  42
0.1140
  70
32
  0
VERTEX
  5
BE6
  100
AcDbEntity
  8
Layer 1
  62
0
  100
AcDb2dVertex
  10
5.59121
  20
13.11718
  30
0.00000
  42
0.2549
  70
32
  0
VERTEX
  5
BE7
  100
AcDbEntity
  8
Layer 1
  62
0
  100
AcDb2dVertex
  10
5.59235
  20
13.11212
  30
0.00000
  42
-0.0192
  70
32
  0
VERTEX
  5
BE8
  100
AcDbEntity
  8
Layer 1
  62
0
  100
AcDb2dVertex
  10
6.01938
  20
12.66110
  30
0.00000
  42
-0.0101
  70
32
  0
VERTEX
  5
BE9
  100
AcDbEntity
  8
Layer 1
  62
0
  100
AcDb2dVertex
  10
6.13600
  20
12.52102
  30
0.00000
  42
-0.2845
  70
32
  0
VERTEX
  5
BEA
  100
AcDbEntity
  8
Layer 1
  62
0
  100
AcDb2dVertex
  10
6.13622
  20
12.51963
  30
0.00000
  42
-0.2841
  70
32
  0
VERTEX
  5
BEB
  100
AcDbEntity
  8
Layer 1
  62
0
  100
AcDb2dVertex
  10
6.13508
  20
12.51882
  30
0.00000
  70
32
  0
VERTEX
  5
BEC
  100
AcDbEntity
  8
Layer 1
  62
0
  100
AcDb2dVertex
  10
6.13392
  20
12.51937
  30
0.00000
  70
32
  0
VERTEX
  5
BED
  100
AcDbEntity
  8
Layer 1
  62
0
  100
AcDb2dVertex
  10
5.83418
  20
12.84698
  30
0.00000
  42
0.0367
  70
32
  0
VERTEX
  5
BEE
  100
AcDbEntity
  8
Layer 1
  62
0
  100
AcDb2dVertex
  10
5.57009
  20
13.09362
  30
0.00000
  42
0.3079
  70
32
  0
VERTEX
  5
BEF
  100
AcDbEntity
  8
Layer 1
  62
0
  100
AcDb2dVertex
  10
5.56380
  20
13.09371
  30
0.00000
  42
0.0521
  70
32
  0
VERTEX
  5
BF0
  100
AcDbEntity
  8
Layer 1
  62
0
  100
AcDb2dVertex
  10
5.45841
  20
12.99368
  30
0.00000
  42
0.4069
  70
32
  0
VERTEX
  5
BF1
  100
AcDbEntity
  8
Layer 1
  62
0
  100
AcDb2dVertex
  10
5.45870
  20
12.98698
  30
0.00000
  42
-0.0442
  70
32
  0
VERTEX
  5
BF2
  100
AcDbEntity
  8
Layer 1
  62
0
  100
AcDb2dVertex
  10
6.06645
  20
12.39715
  30
0.00000
  70
32
  0
VERTEX
  5
BF3
  100
AcDbEntity
  8
Layer 1
  62
0
  100
AcDb2dVertex
  10
6.11098
  20
12.34319
  30
0.00000
  42
-0.2801
  70
32
  0
VERTEX
  5
BF4
  100
AcDbEntity
  8
Layer 1
  62
0
  100
AcDb2dVertex
  10
6.11121
  20
12.34181
  30
0.00000
  42
-0.2799
  70
32
  0
VERTEX
  5
BF5
  100
AcDbEntity
  8
Layer 1
  62
0
  100
AcDb2dVertex
  10
6.11009
  20
12.34096
  30
0.00000
  70
32
  0
VERTEX
  5
BF6
  100
AcDbEntity
  8
Layer 1
  62
0
  100
AcDb2dVertex
  10
6.10901
  20
12.34140
  30
0.00000
  42
0.0108
  70
32
  0
VERTEX
  5
BF7
  100
AcDbEntity
  8
Layer 1
  62
0
  100
AcDb2dVertex
  10
5.69040
  20
12.76364
  30
0.00000
  42
0.0218
  70
32
  0
VERTEX
  5
BF8
  100
AcDbEntity
  8
Layer 1
  62
0
  100
AcDb2dVertex
  10
5.52594
  20
12.90996
  30
0.00000
  42
0.0807
  70
32
  0
VERTEX
  5
BF9
  100
AcDbEntity
  8
Layer 1
  62
0
  100
AcDb2dVertex
  10
5.42557
  20
12.96474
  30
0.00000
  42
0.2409
  70
32
  0
VERTEX
  5
BFA
  100
AcDbEntity
  8
Layer 1
  62
0
  100
AcDb2dVertex
  10
5.42333
  20
12.96438
  30
0.00000
  42
0.2590
  70
32
  0
VERTEX
  5
BFB
  100
AcDbEntity
  8
Layer 1
  62
0
  100
AcDb2dVertex
  10
5.42281
  20
12.96218
  30
0.00000
  42
0.0776
  70
32
  0
VERTEX
  5
BFC
  100
AcDbEntity
  8
Layer 1
  62
0
  100
AcDb2dVertex
  10
5.42847
  20
12.95008
  30
0.00000
  42
0.0810
  70
32
  0
VERTEX
  5
BFD
  100
AcDbEntity
  8
Layer 1
  62
0
  100
AcDb2dVertex
  10
5.48773
  20
12.89298
  30
0.00000
  42
-0.0817
  70
32
  0
VERTEX
  5
BFE
  100
AcDbEntity
  8
Layer 1
  62
0
  100
AcDb2dVertex
  10
5.54136
  20
12.83657
  30
0.00000
  70
32
  0
SEQEND
  5
BFF
  100
AcDbEntity
  8
Layer 1
  62
0
  0
POLYLINE
  5
C00
  100
AcDbEntity
  8
Layer 1
  62
0
  100
AcDb2dPolyline
 66
     1
  10
0
  20
0
  30
0
  70
1
  0
VERTEX
  5
C01
  100
AcDbEntity
  8
Layer 1
  62
0
  100
AcDb2dVertex
  10
7.34117
  20
10.89127
  30
0.00000
  42
0.1324
  70
32
  0
VERTEX
  5
C02
  100
AcDbEntity
  8
Layer 1
  62
0
  100
AcDb2dVertex
  10
7.25228
  20
10.75768
  30
0.00000
  42
0.0738
  70
32
  0
VERTEX
  5
C03
  100
AcDbEntity
  8
Layer 1
  62
0
  100
AcDb2dVertex
  10
7.20880
  20
10.53440
  30
0.00000
  42
0.2620
  70
32
  0
VERTEX
  5
C04
  100
AcDbEntity
  8
Layer 1
  62
0
  100
AcDb2dVertex
  10
7.21143
  20
10.53066
  30
0.00000
  42
0.2921
  70
32
  0
VERTEX
  5
C05
  100
AcDbEntity
  8
Layer 1
  62
0
  100
AcDb2dVertex
  10
7.28275
  20
10.53557
  30
0.00000
  42
-0.0533
  70
32
  0
VERTEX
  5
C06
  100
AcDbEntity
  8
Layer 1
  62
0
  100
AcDb2dVertex
  10
7.32988
  20
10.55969
  30
0.00000
  42
-0.0904
  70
32
  0
VERTEX
  5
C07
  100
AcDbEntity
  8
Layer 1
  62
0
  100
AcDb2dVertex
  10
7.36551
  20
10.56531
  30
0.00000
  42
0.3272
  70
32
  0
VERTEX
  5
C08
  100
AcDbEntity
  8
Layer 1
  62
0
  100
AcDb2dVertex
  10
7.37156
  20
10.56941
  30
0.00000
  42
-0.0353
  70
32
  0
VERTEX
  5
C09
  100
AcDbEntity
  8
Layer 1
  62
0
  100
AcDb2dVertex
  10
7.39044
  20
10.63280
  30
0.00000
  42
-0.1847
  70
32
  0
VERTEX
  5
C0A
  100
AcDbEntity
  8
Layer 1
  62
0
  100
AcDb2dVertex
  10
7.41820
  20
10.65992
  30
0.00000
  42
-0.2103
  70
32
  0
VERTEX
  5
C0B
  100
AcDbEntity
  8
Layer 1
  62
0
  100
AcDb2dVertex
  10
7.42331
  20
10.65974
  30
0.00000
  42
0.3529
  70
32
  0
VERTEX
  5
C0C
  100
AcDbEntity
  8
Layer 1
  62
0
  100
AcDb2dVertex
  10
7.50504
  20
10.63923
  30
0.00000
  42
-0.0532
  70
32
  0
VERTEX
  5
C0D
  100
AcDbEntity
  8
Layer 1
  62
0
  100
AcDb2dVertex
  10
7.59112
  20
10.66879
  30
0.00000
  42
-0.0788
  70
32
  0
VERTEX
  5
C0E
  100
AcDbEntity
  8
Layer 1
  62
0
  100
AcDb2dVertex
  10
7.64332
  20
10.66824
  30
0.00000
  42
0.3126
  70
32
  0
VERTEX
  5
C0F
  100
AcDbEntity
  8
Layer 1
  62
0
  100
AcDb2dVertex
  10
7.64752
  20
10.67042
  30
0.00000
  42
0.0379
  70
32
  0
VERTEX
  5
C10
  100
AcDbEntity
  8
Layer 1
  62
0
  100
AcDb2dVertex
  10
7.64965
  20
10.67741
  30
0.00000
  42
-0.1662
  70
32
  0
VERTEX
  5
C11
  100
AcDbEntity
  8
Layer 1
  62
0
  100
AcDb2dVertex
  10
7.69540
  20
10.73813
  30
0.00000
  42
-0.1951
  70
32
  0
VERTEX
  5
C12
  100
AcDbEntity
  8
Layer 1
  62
0
  100
AcDb2dVertex
  10
7.70241
  20
10.73964
  30
0.00000
  42
-0.0947
  70
32
  0
VERTEX
  5
C13
  100
AcDbEntity
  8
Layer 1
  62
0
  100
AcDb2dVertex
  10
7.77448
  20
10.71597
  30
0.00000
  42
0.0169
  70
32
  0
VERTEX
  5
C14
  100
AcDbEntity
  8
Layer 1
  62
0
  100
AcDb2dVertex
  10
7.79502
  20
10.70808
  30
0.00000
  42
-0.4708
  70
32
  0
VERTEX
  5
C15
  100
AcDbEntity
  8
Layer 1
  62
0
  100
AcDb2dVertex
  10
7.79741
  20
10.70364
  30
0.00000
  42
-0.1222
  70
32
  0
VERTEX
  5
C16
  100
AcDbEntity
  8
Layer 1
  62
0
  100
AcDb2dVertex
  10
7.78552
  20
10.69730
  30
0.00000
  42
-0.1421
  70
32
  0
VERTEX
  5
C17
  100
AcDbEntity
  8
Layer 1
  62
0
  100
AcDb2dVertex
  10
7.73276
  20
10.70379
  30
0.00000
  42
0.0287
  70
32
  0
VERTEX
  5
C18
  100
AcDbEntity
  8
Layer 1
  62
0
  100
AcDb2dVertex
  10
7.70864
  20
10.71029
  30
0.00000
  42
0.2576
  70
32
  0
VERTEX
  5
C19
  100
AcDbEntity
  8
Layer 1
  62
0
  100
AcDb2dVertex
  10
7.70355
  20
10.70877
  30
0.00000
  42
0.0583
  70
32
  0
VERTEX
  5
C1A
  100
AcDbEntity
  8
Layer 1
  62
0
  100
AcDb2dVertex
  10
7.68085
  20
10.67192
  30
0.00000
  42
0.0848
  70
32
  0
VERTEX
  5
C1B
  100
AcDbEntity
  8
Layer 1
  62
0
  100
AcDb2dVertex
  10
7.68054
  20
10.66769
  30
0.00000
  42
0.5679
  70
32
  0
VERTEX
  5
C1C
  100
AcDbEntity
  8
Layer 1
  62
0
  100
AcDb2dVertex
  10
7.68476
  20
10.66493
  30
0.00000
  42
-0.1401
  70
32
  0
VERTEX
  5
C1D
  100
AcDbEntity
  8
Layer 1
  62
0
  100
AcDb2dVertex
  10
7.76621
  20
10.68668
  30
0.00000
  70
32
  0
VERTEX
  5
C1E
  100
AcDbEntity
  8
Layer 1
  62
0
  100
AcDb2dVertex
  10
7.80775
  20
10.68902
  30
0.00000
  70
32
  0
VERTEX
  5
C1F
  100
AcDbEntity
  8
Layer 1
  62
0
  100
AcDb2dVertex
  10
7.80915
  20
10.68875
  30
0.00000
  42
-0.3266
  70
32
  0
VERTEX
  5
C20
  100
AcDbEntity
  8
Layer 1
  62
0
  100
AcDb2dVertex
  10
7.81031
  20
10.68691
  30
0.00000
  42
-0.1852
  70
32
  0
VERTEX
  5
C21
  100
AcDbEntity
  8
Layer 1
  62
0
  100
AcDb2dVertex
  10
7.80743
  20
10.68170
  30
0.00000
  42
-0.0202
  70
32
  0
VERTEX
  5
C22
  100
AcDbEntity
  8
Layer 1
  62
0
  100
AcDb2dVertex
  10
7.79783
  20
10.67429
  30
0.00000
  42
0.0613
  70
32
  0
VERTEX
  5
C23
  100
AcDbEntity
  8
Layer 1
  62
0
  100
AcDb2dVertex
  10
7.79298
  20
10.67026
  30
0.00000
  42
0.3008
  70
32
  0
VERTEX
  5
C24
  100
AcDbEntity
  8
Layer 1
  62
0
  100
AcDb2dVertex
  10
7.79287
  20
10.66893
  30
0.00000
  42
0.3008
  70
32
  0
VERTEX
  5
C25
  100
AcDbEntity
  8
Layer 1
  62
0
  100
AcDb2dVertex
  10
7.79406
  20
10.66832
  30
0.00000
  42
0.0665
  70
32
  0
VERTEX
  5
C26
  100
AcDbEntity
  8
Layer 1
  62
0
  100
AcDb2dVertex
  10
7.80512
  20
10.67309
  30
0.00000
  42
0.0249
  70
32
  0
VERTEX
  5
C27
  100
AcDbEntity
  8
Layer 1
  62
0
  100
AcDb2dVertex
  10
7.85226
  20
10.69889
  30
0.00000
  42
0.2357
  70
32
  0
VERTEX
  5
C28
  100
AcDbEntity
  8
Layer 1
  62
0
  100
AcDb2dVertex
  10
7.85644
  20
10.70529
  30
0.00000
  42
0.1139
  70
32
  0
VERTEX
  5
C29
  100
AcDbEntity
  8
Layer 1
  62
0
  100
AcDb2dVertex
  10
7.85260
  20
10.79122
  30
0.00000
  42
-0.1436
  70
32
  0
VERTEX
  5
C2A
  100
AcDbEntity
  8
Layer 1
  62
0
  100
AcDb2dVertex
  10
7.85550
  20
10.83953
  30
0.00000
  42
-0.2709
  70
32
  0
VERTEX
  5
C2B
  100
AcDbEntity
  8
Layer 1
  62
0
  100
AcDb2dVertex
  10
7.85843
  20
10.84150
  30
0.00000
  42
-0.1787
  70
32
  0
VERTEX
  5
C2C
  100
AcDbEntity
  8
Layer 1
  62
0
  100
AcDb2dVertex
  10
7.90512
  20
10.81603
  30
0.00000
  42
0.0886
  70
32
  0
VERTEX
  5
C2D
  100
AcDbEntity
  8
Layer 1
  62
0
  100
AcDb2dVertex
  10
7.93661
  20
10.79314
  30
0.00000
  42
0.3278
  70
32
  0
VERTEX
  5
C2E
  100
AcDbEntity
  8
Layer 1
  62
0
  100
AcDb2dVertex
  10
7.94312
  20
10.79466
  30
0.00000
  42
0.0220
  70
32
  0
VERTEX
  5
C2F
  100
AcDbEntity
  8
Layer 1
  62
0
  100
AcDb2dVertex
  10
7.98470
  20
10.86040
  30
0.00000
  42
-0.2569
  70
32
  0
VERTEX
  5
C30
  100
AcDbEntity
  8
Layer 1
  62
0
  100
AcDb2dVertex
  10
8.04960
  20
10.89900
  30
0.00000
  42
0.1893
  70
32
  0
VERTEX
  5
C31
  100
AcDbEntity
  8
Layer 1
  62
0
  100
AcDb2dVertex
  10
8.09273
  20
10.93275
  30
0.00000
  42
-0.1665
  70
32
  0
VERTEX
  5
C32
  100
AcDbEntity
  8
Layer 1
  62
0
  100
AcDb2dVertex
  10
8.13838
  20
10.97003
  30
0.00000
  70
32
  0
VERTEX
  5
C33
  100
AcDbEntity
  8
Layer 1
  62
0
  100
AcDb2dVertex
  10
8.14327
  20
10.97103
  30
0.00000
  42
0.3784
  70
32
  0
VERTEX
  5
C34
  100
AcDbEntity
  8
Layer 1
  62
0
  100
AcDb2dVertex
  10
8.14714
  20
10.97452
  30
0.00000
  42
0.0407
  70
32
  0
VERTEX
  5
C35
  100
AcDbEntity
  8
Layer 1
  62
0
  100
AcDb2dVertex
  10
8.14624
  20
10.98017
  30
0.00000
  42
-0.1301
  70
32
  0
VERTEX
  5
C36
  100
AcDbEntity
  8
Layer 1
  62
0
  100
AcDb2dVertex
  10
8.15141
  20
10.99939
  30
0.00000
  42
0.1071
  70
32
  0
VERTEX
  5
C37
  100
AcDbEntity
  8
Layer 1
  62
0
  100
AcDb2dVertex
  10
8.15375
  20
11.00882
  30
0.00000
  42
0.2373
  70
32
  0
VERTEX
  5
C38
  100
AcDbEntity
  8
Layer 1
  62
0
  100
AcDb2dVertex
  10
8.15165
  20
11.01250
  30
0.00000
  42
0.1082
  70
32
  0
VERTEX
  5
C39
  100
AcDbEntity
  8
Layer 1
  62
0
  100
AcDb2dVertex
  10
7.99129
  20
11.07870
  30
0.00000
  42
0.1164
  70
32
  0
VERTEX
  5
C3A
  100
AcDbEntity
  8
Layer 1
  62
0
  100
AcDb2dVertex
  10
7.63838
  20
11.06685
  30
0.00000
  42
-0.0413
  70
32
  0
VERTEX
  5
C3B
  100
AcDbEntity
  8
Layer 1
  62
0
  100
AcDb2dVertex
  10
7.59677
  20
11.05761
  30
0.00000
  42
0.1346
  70
32
  0
VERTEX
  5
C3C
  100
AcDbEntity
  8
Layer 1
  62
0
  100
AcDb2dVertex
  10
7.54279
  20
11.01655
  30
0.00000
  42
-0.1176
  70
32
  0
VERTEX
  5
C3D
  100
AcDbEntity
  8
Layer 1
  62
0
  100
AcDb2dVertex
  10
7.44379
  20
10.94682
  30
0.00000
  42
0.0538
  70
32
  0
VERTEX
  5
C3E
  100
AcDbEntity
  8
Layer 1
  62
0
  100
AcDb2dVertex
  10
7.34117
  20
10.89127
  30
0.00000
  70
32
  0
SEQEND
  5
C3F
  100
AcDbEntity
  8
Layer 1
  62
0
  0
POLYLINE
  5
C40
  100
AcDbEntity
  8
Layer 1
  62
0
  100
AcDb2dPolyline
 66
     1
  10
0
  20
0
  30
0
  70
1
  0
VERTEX
  5
C41
  100
AcDbEntity
  8
Layer 1
  62
0
  100
AcDb2dVertex
  10
8.34310
  20
10.77725
  30
0.00000
  42
0.0197
  70
32
  0
VERTEX
  5
C42
  100
AcDbEntity
  8
Layer 1
  62
0
  100
AcDb2dVertex
  10
8.30713
  20
10.83825
  30
0.00000
  42
0.4229
  70
32
  0
VERTEX
  5
C43
  100
AcDbEntity
  8
Layer 1
  62
0
  100
AcDb2dVertex
  10
8.25555
  20
10.84657
  30
0.00000
  42
0.0706
  70
32
  0
VERTEX
  5
C44
  100
AcDbEntity
  8
Layer 1
  62
0
  100
AcDb2dVertex
  10
8.24899
  20
10.84234
  30
0.00000
  42
0.2734
  70
32
  0
VERTEX
  5
C45
  100
AcDbEntity
  8
Layer 1
  62
0
  100
AcDb2dVertex
  10
8.24796
  20
10.83954
  30
0.00000
  42
-0.0728
  70
32
  0
VERTEX
  5
C46
  100
AcDbEntity
  8
Layer 1
  62
0
  100
AcDb2dVertex
  10
8.33000
  20
10.70775
  30
0.00000
  42
-0.1323
  70
32
  0
VERTEX
  5
C47
  100
AcDbEntity
  8
Layer 1
  62
0
  100
AcDb2dVertex
  10
8.34243
  20
10.58622
  30
0.00000
  42
0.2769
  70
32
  0
VERTEX
  5
C48
  100
AcDbEntity
  8
Layer 1
  62
0
  100
AcDb2dVertex
  10
8.34533
  20
10.57999
  30
0.00000
  42
0.0742
  70
32
  0
VERTEX
  5
C49
  100
AcDbEntity
  8
Layer 1
  62
0
  100
AcDb2dVertex
  10
8.41356
  20
10.55069
  30
0.00000
  70
32
  0
VERTEX
  5
C4A
  100
AcDbEntity
  8
Layer 1
  62
0
  100
AcDb2dVertex
  10
8.42573
  20
10.54603
  30
0.00000
  70
32
  0
VERTEX
  5
C4B
  100
AcDbEntity
  8
Layer 1
  62
0
  100
AcDb2dVertex
  10
8.42699
  20
10.54587
  30
0.00000
  42
0.4459
  70
32
  0
VERTEX
  5
C4C
  100
AcDbEntity
  8
Layer 1
  62
0
  100
AcDb2dVertex
  10
8.42803
  20
10.54703
  30
0.00000
  42
0.0704
  70
32
  0
VERTEX
  5
C4D
  100
AcDbEntity
  8
Layer 1
  62
0
  100
AcDb2dVertex
  10
8.42723
  20
10.55009
  30
0.00000
  42
-0.1172
  70
32
  0
VERTEX
  5
C4E
  100
AcDbEntity
  8
Layer 1
  62
0
  100
AcDb2dVertex
  10
8.42666
  20
10.60500
  30
0.00000
  42
0.2505
  70
32
  0
VERTEX
  5
C4F
  100
AcDbEntity
  8
Layer 1
  62
0
  100
AcDb2dVertex
  10
8.39877
  20
10.71044
  30
0.00000
  42
-0.0314
  70
32
  0
VERTEX
  5
C50
  100
AcDbEntity
  8
Layer 1
  62
0
  100
AcDb2dVertex
  10
8.34310
  20
10.77725
  30
0.00000
  70
32
  0
SEQEND
  5
C51
  100
AcDbEntity
  8
Layer 1
  62
0
  0
POLYLINE
  5
C52
  100
AcDbEntity
  8
Layer 1
  62
0
  100
AcDb2dPolyline
 66
     1
  10
0
  20
0
  30
0
  70
1
  0
VERTEX
  5
C53
  100
AcDbEntity
  8
Layer 1
  62
0
  100
AcDb2dVertex
  10
8.10762
  20
10.73246
  30
0.00000
  42
0.3116
  70
32
  0
VERTEX
  5
C54
  100
AcDbEntity
  8
Layer 1
  62
0
  100
AcDb2dVertex
  10
8.09586
  20
10.73946
  30
0.00000
  42
0.2739
  70
32
  0
VERTEX
  5
C55
  100
AcDbEntity
  8
Layer 1
  62
0
  100
AcDb2dVertex
  10
8.09199
  20
10.73640
  30
0.00000
  70
32
  0
VERTEX
  5
C56
  100
AcDbEntity
  8
Layer 1
  62
0
  100
AcDb2dVertex
  10
8.08606
  20
10.72524
  30
0.00000
  70
32
  0
VERTEX
  5
C57
  100
AcDbEntity
  8
Layer 1
  62
0
  100
AcDb2dVertex
  10
8.08503
  20
10.72183
  30
0.00000
  42
0.3426
  70
32
  0
VERTEX
  5
C58
  100
AcDbEntity
  8
Layer 1
  62
0
  100
AcDb2dVertex
  10
8.08763
  20
10.71907
  30
0.00000
  42
-0.0637
  70
32
  0
VERTEX
  5
C59
  100
AcDbEntity
  8
Layer 1
  62
0
  100
AcDb2dVertex
  10
8.09430
  20
10.71712
  30
0.00000
  70
32
  0
VERTEX
  5
C5A
  100
AcDbEntity
  8
Layer 1
  62
0
  100
AcDb2dVertex
  10
8.10228
  20
10.71328
  30
0.00000
  42
0.0807
  70
32
  0
VERTEX
  5
C5B
  100
AcDbEntity
  8
Layer 1
  62
0
  100
AcDb2dVertex
  10
8.10638
  20
10.71216
  30
0.00000
  42
0.4218
  70
32
  0
VERTEX
  5
C5C
  100
AcDbEntity
  8
Layer 1
  62
0
  100
AcDb2dVertex
  10
8.10953
  20
10.71505
  30
0.00000
  42
0.0976
  70
32
  0
VERTEX
  5
C5D
  100
AcDbEntity
  8
Layer 1
  62
0
  100
AcDb2dVertex
  10
8.10762
  20
10.73246
  30
0.00000
  70
32
  0
SEQEND
  5
C5E
  100
AcDbEntity
  8
Layer 1
  62
0
  0
POLYLINE
  5
C5F
  100
AcDbEntity
  8
Layer 1
  62
0
  100
AcDb2dPolyline
 66
     1
  10
0
  20
0
  30
0
  70
1
  0
VERTEX
  5
C60
  100
AcDbEntity
  8
Layer 1
  62
0
  100
AcDb2dVertex
  10
8.98866
  20
11.35428
  30
0.00000
  42
-0.0445
  70
32
  0
VERTEX
  5
C61
  100
AcDbEntity
  8
Layer 1
  62
0
  100
AcDb2dVertex
  10
8.90543
  20
11.31624
  30
0.00000
  42
-0.1281
  70
32
  0
VERTEX
  5
C62
  100
AcDbEntity
  8
Layer 1
  62
0
  100
AcDb2dVertex
  10
8.86551
  20
11.31442
  30
0.00000
  70
32
  0
VERTEX
  5
C63
  100
AcDbEntity
  8
Layer 1
  62
0
  100
AcDb2dVertex
  10
8.86286
  20
11.31547
  30
0.00000
  42
-0.4828
  70
32
  0
VERTEX
  5
C64
  100
AcDbEntity
  8
Layer 1
  62
0
  100
AcDb2dVertex
  10
8.86275
  20
11.31707
  30
0.00000
  42
-0.0353
  70
32
  0
VERTEX
  5
C65
  100
AcDbEntity
  8
Layer 1
  62
0
  100
AcDb2dVertex
  10
8.91589
  20
11.34624
  30
0.00000
  70
32
  0
VERTEX
  5
C66
  100
AcDbEntity
  8
Layer 1
  62
0
  100
AcDb2dVertex
  10
8.91916
  20
11.34716
  30
0.00000
  42
-0.4372
  70
32
  0
VERTEX
  5
C67
  100
AcDbEntity
  8
Layer 1
  62
0
  100
AcDb2dVertex
  10
8.92051
  20
11.34517
  30
0.00000
  42
0.3314
  70
32
  0
VERTEX
  5
C68
  100
AcDbEntity
  8
Layer 1
  62
0
  100
AcDb2dVertex
  10
8.92183
  20
11.33918
  30
0.00000
  42
0.3314
  70
32
  0
VERTEX
  5
C69
  100
AcDbEntity
  8
Layer 1
  62
0
  100
AcDb2dVertex
  10
8.92794
  20
11.33874
  30
0.00000
  42
0.0368
  70
32
  0
VERTEX
  5
C6A
  100
AcDbEntity
  8
Layer 1
  62
0
  100
AcDb2dVertex
  10
8.93372
  20
11.34335
  30
0.00000
  42
-0.0418
  70
32
  0
VERTEX
  5
C6B
  100
AcDbEntity
  8
Layer 1
  62
0
  100
AcDb2dVertex
  10
9.13341
  20
11.43073
  30
0.00000
  70
32
  0
VERTEX
  5
C6C
  100
AcDbEntity
  8
Layer 1
  62
0
  100
AcDb2dVertex
  10
9.46953
  20
11.54647
  30
0.00000
  42
0.0080
  70
32
  0
VERTEX
  5
C6D
  100
AcDbEntity
  8
Layer 1
  62
0
  100
AcDb2dVertex
  10
9.52590
  20
11.56851
  30
0.00000
  70
32
  0
VERTEX
  5
C6E
  100
AcDbEntity
  8
Layer 1
  62
0
  100
AcDb2dVertex
  10
9.52618
  20
11.56905
  30
0.00000
  70
32
  0
VERTEX
  5
C6F
  100
AcDbEntity
  8
Layer 1
  62
0
  100
AcDb2dVertex
  10
9.52582
  20
11.56953
  30
0.00000
  42
0.1345
  70
32
  0
VERTEX
  5
C70
  100
AcDbEntity
  8
Layer 1
  62
0
  100
AcDb2dVertex
  10
9.52333
  20
11.56987
  30
0.00000
  42
0.0397
  70
32
  0
VERTEX
  5
C71
  100
AcDbEntity
  8
Layer 1
  62
0
  100
AcDb2dVertex
  10
9.25263
  20
11.49563
  30
0.00000
  42
0.0408
  70
32
  0
VERTEX
  5
C72
  100
AcDbEntity
  8
Layer 1
  62
0
  100
AcDb2dVertex
  10
9.14985
  20
11.44614
  30
0.00000
  42
-0.1315
  70
32
  0
VERTEX
  5
C73
  100
AcDbEntity
  8
Layer 1
  62
0
  100
AcDb2dVertex
  10
9.14437
  20
11.44531
  30
0.00000
  42
0.1346
  70
32
  0
VERTEX
  5
C74
  100
AcDbEntity
  8
Layer 1
  62
0
  100
AcDb2dVertex
  10
9.04149
  20
11.41916
  30
0.00000
  42
-0.0648
  70
32
  0
VERTEX
  5
C75
  100
AcDbEntity
  8
Layer 1
  62
0
  100
AcDb2dVertex
  10
8.95343
  20
11.38383
  30
0.00000
  42
-0.1126
  70
32
  0
VERTEX
  5
C76
  100
AcDbEntity
  8
Layer 1
  62
0
  100
AcDb2dVertex
  10
8.95023
  20
11.38397
  30
0.00000
  42
-0.5146
  70
32
  0
VERTEX
  5
C77
  100
AcDbEntity
  8
Layer 1
  62
0
  100
AcDb2dVertex
  10
8.94929
  20
11.38633
  30
0.00000
  42
-0.0325
  70
32
  0
VERTEX
  5
C78
  100
AcDbEntity
  8
Layer 1
  62
0
  100
AcDb2dVertex
  10
9.03889
  20
11.43145
  30
0.00000
  42
0.0395
  70
32
  0
VERTEX
  5
C79
  100
AcDbEntity
  8
Layer 1
  62
0
  100
AcDb2dVertex
  10
9.06571
  20
11.44876
  30
0.00000
  42
-0.1952
  70
32
  0
VERTEX
  5
C7A
  100
AcDbEntity
  8
Layer 1
  62
0
  100
AcDb2dVertex
  10
9.07102
  20
11.45015
  30
0.00000
  42
0.1388
  70
32
  0
VERTEX
  5
C7B
  100
AcDbEntity
  8
Layer 1
  62
0
  100
AcDb2dVertex
  10
9.10835
  20
11.45763
  30
0.00000
  42
-0.0671
  70
32
  0
VERTEX
  5
C7C
  100
AcDbEntity
  8
Layer 1
  62
0
  100
AcDb2dVertex
  10
9.13821
  20
11.46238
  30
0.00000
  42
0.2467
  70
32
  0
VERTEX
  5
C7D
  100
AcDbEntity
  8
Layer 1
  62
0
  100
AcDb2dVertex
  10
9.14510
  20
11.46682
  30
0.00000
  42
-0.0205
  70
32
  0
VERTEX
  5
C7E
  100
AcDbEntity
  8
Layer 1
  62
0
  100
AcDb2dVertex
  10
9.15625
  20
11.48499
  30
0.00000
  42
-0.1567
  70
32
  0
VERTEX
  5
C7F
  100
AcDbEntity
  8
Layer 1
  62
0
  100
AcDb2dVertex
  10
9.16383
  20
11.48918
  30
0.00000
  42
0.0360
  70
32
  0
VERTEX
  5
C80
  100
AcDbEntity
  8
Layer 1
  62
0
  100
AcDb2dVertex
  10
9.30281
  20
11.53926
  30
0.00000
  42
-0.0733
  70
32
  0
VERTEX
  5
C81
  100
AcDbEntity
  8
Layer 1
  62
0
  100
AcDb2dVertex
  10
9.48063
  20
11.58401
  30
0.00000
  42
0.0661
  70
32
  0
VERTEX
  5
C82
  100
AcDbEntity
  8
Layer 1
  62
0
  100
AcDb2dVertex
  10
9.58061
  20
11.60804
  30
0.00000
  42
0.3484
  70
32
  0
VERTEX
  5
C83
  100
AcDbEntity
  8
Layer 1
  62
0
  100
AcDb2dVertex
  10
9.61444
  20
11.66355
  30
0.00000
  42
0.2733
  70
32
  0
VERTEX
  5
C84
  100
AcDbEntity
  8
Layer 1
  62
0
  100
AcDb2dVertex
  10
9.61001
  20
11.67267
  30
0.00000
  42
0.2733
  70
32
  0
VERTEX
  5
C85
  100
AcDbEntity
  8
Layer 1
  62
0
  100
AcDb2dVertex
  10
9.59988
  20
11.67318
  30
0.00000
  42
0.0620
  70
32
  0
VERTEX
  5
C86
  100
AcDbEntity
  8
Layer 1
  62
0
  100
AcDb2dVertex
  10
8.89436
  20
11.40927
  30
0.00000
  42
0.0111
  70
32
  0
VERTEX
  5
C87
  100
AcDbEntity
  8
Layer 1
  62
0
  100
AcDb2dVertex
  10
8.69243
  20
11.29971
  30
0.00000
  70
32
  0
VERTEX
  5
C88
  100
AcDbEntity
  8
Layer 1
  62
0
  100
AcDb2dVertex
  10
8.68920
  20
11.29868
  30
0.00000
  42
-0.2818
  70
32
  0
VERTEX
  5
C89
  100
AcDbEntity
  8
Layer 1
  62
0
  100
AcDb2dVertex
  10
8.68827
  20
11.29960
  30
0.00000
  42
-0.2821
  70
32
  0
VERTEX
  5
C8A
  100
AcDbEntity
  8
Layer 1
  62
0
  100
AcDb2dVertex
  10
8.68867
  20
11.30086
  30
0.00000
  42
-0.0609
  70
32
  0
VERTEX
  5
C8B
  100
AcDbEntity
  8
Layer 1
  62
0
  100
AcDb2dVertex
  10
8.93320
  20
11.45793
  30
0.00000
  42
-0.0444
  70
32
  0
VERTEX
  5
C8C
  100
AcDbEntity
  8
Layer 1
  62
0
  100
AcDb2dVertex
  10
9.57491
  20
11.69737
  30
0.00000
  70
32
  0
VERTEX
  5
C8D
  100
AcDbEntity
  8
Layer 1
  62
0
  100
AcDb2dVertex
  10
9.57842
  20
11.69904
  30
0.00000
  42
0.3099
  70
32
  0
VERTEX
  5
C8E
  100
AcDbEntity
  8
Layer 1
  62
0
  100
AcDb2dVertex
  10
9.57921
  20
11.70142
  30
0.00000
  42
0.0686
  70
32
  0
VERTEX
  5
C8F
  100
AcDbEntity
  8
Layer 1
  62
0
  100
AcDb2dVertex
  10
9.57624
  20
11.70819
  30
0.00000
  42
0.0209
  70
32
  0
VERTEX
  5
C90
  100
AcDbEntity
  8
Layer 1
  62
0
  100
AcDb2dVertex
  10
9.53813
  20
11.77361
  30
0.00000
  42
0.2276
  70
32
  0
VERTEX
  5
C91
  100
AcDbEntity
  8
Layer 1
  62
0
  100
AcDb2dVertex
  10
9.53441
  20
11.77622
  30
0.00000
  42
0.0593
  70
32
  0
VERTEX
  5
C92
  100
AcDbEntity
  8
Layer 1
  62
0
  100
AcDb2dVertex
  10
9.13871
  20
11.65958
  30
0.00000
  70
32
  0
VERTEX
  5
C93
  100
AcDbEntity
  8
Layer 1
  62
0
  100
AcDb2dVertex
  10
8.80828
  20
11.52028
  30
0.00000
  42
-0.0075
  70
32
  0
VERTEX
  5
C94
  100
AcDbEntity
  8
Layer 1
  62
0
  100
AcDb2dVertex
  10
8.76821
  20
11.50486
  30
0.00000
  42
-0.1592
  70
32
  0
VERTEX
  5
C95
  100
AcDbEntity
  8
Layer 1
  62
0
  100
AcDb2dVertex
  10
8.76573
  20
11.50481
  30
0.00000
  70
32
  0
VERTEX
  5
C96
  100
AcDbEntity
  8
Layer 1
  62
0
  100
AcDb2dVertex
  10
8.76535
  20
11.50534
  30
0.00000
  70
32
  0
VERTEX
  5
C97
  100
AcDbEntity
  8
Layer 1
  62
0
  100
AcDb2dVertex
  10
8.76564
  20
11.50591
  30
0.00000
  42
-0.0522
  70
32
  0
VERTEX
  5
C98
  100
AcDbEntity
  8
Layer 1
  62
0
  100
AcDb2dVertex
  10
9.28626
  20
11.73645
  30
0.00000
  42
-0.0112
  70
32
  0
VERTEX
  5
C99
  100
AcDbEntity
  8
Layer 1
  62
0
  100
AcDb2dVertex
  10
9.50928
  20
11.80508
  30
0.00000
  42
0.4371
  70
32
  0
VERTEX
  5
C9A
  100
AcDbEntity
  8
Layer 1
  62
0
  100
AcDb2dVertex
  10
9.51138
  20
11.80966
  30
0.00000
  42
0.1088
  70
32
  0
VERTEX
  5
C9B
  100
AcDbEntity
  8
Layer 1
  62
0
  100
AcDb2dVertex
  10
9.48624
  20
11.84945
  30
0.00000
  42
0.1423
  70
32
  0
VERTEX
  5
C9C
  100
AcDbEntity
  8
Layer 1
  62
0
  100
AcDb2dVertex
  10
9.47483
  20
11.85519
  30
0.00000
  42
0.0775
  70
32
  0
VERTEX
  5
C9D
  100
AcDbEntity
  8
Layer 1
  62
0
  100
AcDb2dVertex
  10
9.46942
  20
11.85407
  30
0.00000
  42
0.0340
  70
32
  0
VERTEX
  5
C9E
  100
AcDbEntity
  8
Layer 1
  62
0
  100
AcDb2dVertex
  10
9.16656
  20
11.72616
  30
0.00000
  42
-0.0349
  70
32
  0
VERTEX
  5
C9F
  100
AcDbEntity
  8
Layer 1
  62
0
  100
AcDb2dVertex
  10
8.86936
  20
11.60141
  30
0.00000
  42
-0.0220
  70
32
  0
VERTEX
  5
CA0
  100
AcDbEntity
  8
Layer 1
  62
0
  100
AcDb2dVertex
  10
8.82934
  20
11.58995
  30
0.00000
  42
-0.1803
  70
32
  0
VERTEX
  5
CA1
  100
AcDbEntity
  8
Layer 1
  62
0
  100
AcDb2dVertex
  10
8.82704
  20
11.59054
  30
0.00000
  42
-0.4490
  70
32
  0
VERTEX
  5
CA2
  100
AcDbEntity
  8
Layer 1
  62
0
  100
AcDb2dVertex
  10
8.82709
  20
11.59180
  30
0.00000
  70
32
  0
VERTEX
  5
CA3
  100
AcDbEntity
  8
Layer 1
  62
0
  100
AcDb2dVertex
  10
9.26684
  20
11.79937
  30
0.00000
  42
-0.0080
  70
32
  0
VERTEX
  5
CA4
  100
AcDbEntity
  8
Layer 1
  62
0
  100
AcDb2dVertex
  10
9.45944
  20
11.88427
  30
0.00000
  42
0.2544
  70
32
  0
VERTEX
  5
CA5
  100
AcDbEntity
  8
Layer 1
  62
0
  100
AcDb2dVertex
  10
9.46086
  20
11.88720
  30
0.00000
  42
0.0676
  70
32
  0
VERTEX
  5
CA6
  100
AcDbEntity
  8
Layer 1
  62
0
  100
AcDb2dVertex
  10
9.45634
  20
11.89974
  30
0.00000
  42
0.1803
  70
32
  0
VERTEX
  5
CA7
  100
AcDbEntity
  8
Layer 1
  62
0
  100
AcDb2dVertex
  10
9.41665
  20
11.94405
  30
0.00000
  42
0.2164
  70
32
  0
VERTEX
  5
CA8
  100
AcDbEntity
  8
Layer 1
  62
0
  100
AcDb2dVertex
  10
9.40839
  20
11.94399
  30
0.00000
  70
32
  0
VERTEX
  5
CA9
  100
AcDbEntity
  8
Layer 1
  62
0
  100
AcDb2dVertex
  10
9.10534
  20
11.79020
  30
0.00000
  42
-0.0345
  70
32
  0
VERTEX
  5
CAA
  100
AcDbEntity
  8
Layer 1
  62
0
  100
AcDb2dVertex
  10
8.89324
  20
11.70211
  30
0.00000
  42
-0.1524
  70
32
  0
VERTEX
  5
CAB
  100
AcDbEntity
  8
Layer 1
  62
0
  100
AcDb2dVertex
  10
8.89065
  20
11.70211
  30
0.00000
  70
32
  0
VERTEX
  5
CAC
  100
AcDbEntity
  8
Layer 1
  62
0
  100
AcDb2dVertex
  10
8.89025
  20
11.70265
  30
0.00000
  70
32
  0
VERTEX
  5
CAD
  100
AcDbEntity
  8
Layer 1
  62
0
  100
AcDb2dVertex
  10
8.89053
  20
11.70326
  30
0.00000
  42
-0.0085
  70
32
  0
VERTEX
  5
CAE
  100
AcDbEntity
  8
Layer 1
  62
0
  100
AcDb2dVertex
  10
9.16656
  20
11.84420
  30
0.00000
  42
0.0259
  70
32
  0
VERTEX
  5
CAF
  100
AcDbEntity
  8
Layer 1
  62
0
  100
AcDb2dVertex
  10
9.34451
  20
11.93902
  30
0.00000
  42
0.0359
  70
32
  0
VERTEX
  5
CB0
  100
AcDbEntity
  8
Layer 1
  62
0
  100
AcDb2dVertex
  10
9.39795
  20
11.97902
  30
0.00000
  42
0.3732
  70
32
  0
VERTEX
  5
CB1
  100
AcDbEntity
  8
Layer 1
  62
0
  100
AcDb2dVertex
  10
9.39881
  20
11.98461
  30
0.00000
  42
0.0804
  70
32
  0
VERTEX
  5
CB2
  100
AcDbEntity
  8
Layer 1
  62
0
  100
AcDb2dVertex
  10
9.38936
  20
11.99455
  30
0.00000
  42
-0.1678
  70
32
  0
VERTEX
  5
CB3
  100
AcDbEntity
  8
Layer 1
  62
0
  100
AcDb2dVertex
  10
9.38429
  20
12.00357
  30
0.00000
  70
32
  0
VERTEX
  5
CB4
  100
AcDbEntity
  8
Layer 1
  62
0
  100
AcDb2dVertex
  10
9.38375
  20
12.00544
  30
0.00000
  42
0.3465
  70
32
  0
VERTEX
  5
CB5
  100
AcDbEntity
  8
Layer 1
  62
0
  100
AcDb2dVertex
  10
9.38145
  20
12.00652
  30
0.00000
  42
0.0798
  70
32
  0
VERTEX
  5
CB6
  100
AcDbEntity
  8
Layer 1
  62
0
  100
AcDb2dVertex
  10
9.37464
  20
12.00454
  30
0.00000
  42
0.0425
  70
32
  0
VERTEX
  5
CB7
  100
AcDbEntity
  8
Layer 1
  62
0
  100
AcDb2dVertex
  10
9.24162
  20
11.93415
  30
0.00000
  42
-0.0843
  70
32
  0
VERTEX
  5
CB8
  100
AcDbEntity
  8
Layer 1
  62
0
  100
AcDb2dVertex
  10
9.10964
  20
11.88037
  30
0.00000
  42
-0.1446
  70
32
  0
VERTEX
  5
CB9
  100
AcDbEntity
  8
Layer 1
  62
0
  100
AcDb2dVertex
  10
9.10719
  20
11.88046
  30
0.00000
  42
-0.5490
  70
32
  0
VERTEX
  5
CBA
  100
AcDbEntity
  8
Layer 1
  62
0
  100
AcDb2dVertex
  10
9.10711
  20
11.88192
  30
0.00000
  42
-0.0372
  70
32
  0
VERTEX
  5
CBB
  100
AcDbEntity
  8
Layer 1
  62
0
  100
AcDb2dVertex
  10
9.11394
  20
11.88616
  30
0.00000
  42
-0.0151
  70
32
  0
VERTEX
  5
CBC
  100
AcDbEntity
  8
Layer 1
  62
0
  100
AcDb2dVertex
  10
9.35666
  20
12.01832
  30
0.00000
  42
0.3309
  70
32
  0
VERTEX
  5
CBD
  100
AcDbEntity
  8
Layer 1
  62
0
  100
AcDb2dVertex
  10
9.35990
  20
12.02360
  30
0.00000
  42
0.0766
  70
32
  0
VERTEX
  5
CBE
  100
AcDbEntity
  8
Layer 1
  62
0
  100
AcDb2dVertex
  10
9.35222
  20
12.04149
  30
0.00000
  42
0.0869
  70
32
  0
VERTEX
  5
CBF
  100
AcDbEntity
  8
Layer 1
  62
0
  100
AcDb2dVertex
  10
9.32549
  20
12.07254
  30
0.00000
  42
0.4153
  70
32
  0
VERTEX
  5
CC0
  100
AcDbEntity
  8
Layer 1
  62
0
  100
AcDb2dVertex
  10
9.31642
  20
12.07123
  30
0.00000
  70
32
  0
VERTEX
  5
CC1
  100
AcDbEntity
  8
Layer 1
  62
0
  100
AcDb2dVertex
  10
8.32607
  20
11.31625
  30
0.00000
  70
32
  0
VERTEX
  5
CC2
  100
AcDbEntity
  8
Layer 1
  62
0
  100
AcDb2dVertex
  10
8.05175
  20
11.10309
  30
0.00000
  42
0.2711
  70
32
  0
VERTEX
  5
CC3
  100
AcDbEntity
  8
Layer 1
  62
0
  100
AcDb2dVertex
  10
8.06388
  20
11.09429
  30
0.00000
  42
0.0502
  70
32
  0
VERTEX
  5
CC4
  100
AcDbEntity
  8
Layer 1
  62
0
  100
AcDb2dVertex
  10
8.17016
  20
11.04586
  30
0.00000
  42
0.2541
  70
32
  0
VERTEX
  5
CC5
  100
AcDbEntity
  8
Layer 1
  62
0
  100
AcDb2dVertex
  10
8.17479
  20
11.04850
  30
0.00000
  70
32
  0
VERTEX
  5
CC6
  100
AcDbEntity
  8
Layer 1
  62
0
  100
AcDb2dVertex
  10
8.19309
  20
11.08543
  30
0.00000
  42
-0.4319
  70
32
  0
VERTEX
  5
CC7
  100
AcDbEntity
  8
Layer 1
  62
0
  100
AcDb2dVertex
  10
8.21627
  20
11.09202
  30
0.00000
  42
-0.2004
  70
32
  0
VERTEX
  5
CC8
  100
AcDbEntity
  8
Layer 1
  62
0
  100
AcDb2dVertex
  10
8.27943
  20
11.00807
  30
0.00000
  42
0.1585
  70
32
  0
VERTEX
  5
CC9
  100
AcDbEntity
  8
Layer 1
  62
0
  100
AcDb2dVertex
  10
8.28325
  20
11.00433
  30
0.00000
  42
-0.1273
  70
32
  0
VERTEX
  5
CCA
  100
AcDbEntity
  8
Layer 1
  62
0
  100
AcDb2dVertex
  10
8.33782
  20
10.97174
  30
0.00000
  42
-0.0754
  70
32
  0
VERTEX
  5
CCB
  100
AcDbEntity
  8
Layer 1
  62
0
  100
AcDb2dVertex
  10
8.34593
  20
10.95669
  30
0.00000
  42
-0.2014
  70
32
  0
VERTEX
  5
CCC
  100
AcDbEntity
  8
Layer 1
  62
0
  100
AcDb2dVertex
  10
8.34524
  20
10.95146
  30
0.00000
  42
0.0605
  70
32
  0
VERTEX
  5
CCD
  100
AcDbEntity
  8
Layer 1
  62
0
  100
AcDb2dVertex
  10
8.32764
  20
10.89093
  30
0.00000
  42
-0.0276
  70
32
  0
VERTEX
  5
CCE
  100
AcDbEntity
  8
Layer 1
  62
0
  100
AcDb2dVertex
  10
8.32135
  20
10.87337
  30
0.00000
  42
0.3609
  70
32
  0
VERTEX
  5
CCF
  100
AcDbEntity
  8
Layer 1
  62
0
  100
AcDb2dVertex
  10
8.32766
  20
10.86439
  30
0.00000
  42
-0.0991
  70
32
  0
VERTEX
  5
CD0
  100
AcDbEntity
  8
Layer 1
  62
0
  100
AcDb2dVertex
  10
8.38184
  20
10.79380
  30
0.00000
  42
0.0975
  70
32
  0
VERTEX
  5
CD1
  100
AcDbEntity
  8
Layer 1
  62
0
  100
AcDb2dVertex
  10
8.42302
  20
10.74321
  30
0.00000
  42
0.2478
  70
32
  0
VERTEX
  5
CD2
  100
AcDbEntity
  8
Layer 1
  62
0
  100
AcDb2dVertex
  10
8.42752
  20
10.74269
  30
0.00000
  70
32
  0
VERTEX
  5
CD3
  100
AcDbEntity
  8
Layer 1
  62
0
  100
AcDb2dVertex
  10
9.44271
  20
11.50113
  30
0.00000
  42
0.2901
  70
32
  0
VERTEX
  5
CD4
  100
AcDbEntity
  8
Layer 1
  62
0
  100
AcDb2dVertex
  10
9.44280
  20
11.50254
  30
0.00000
  42
0.2900
  70
32
  0
VERTEX
  5
CD5
  100
AcDbEntity
  8
Layer 1
  62
0
  100
AcDb2dVertex
  10
9.44156
  20
11.50322
  30
0.00000
  42
0.0680
  70
32
  0
VERTEX
  5
CD6
  100
AcDbEntity
  8
Layer 1
  62
0
  100
AcDb2dVertex
  10
9.43044
  20
11.50062
  30
0.00000
  42
0.0302
  70
32
  0
VERTEX
  5
CD7
  100
AcDbEntity
  8
Layer 1
  62
0
  100
AcDb2dVertex
  10
8.98866
  20
11.35428
  30
0.00000
  70
32
  0
SEQEND
  5
CD8
  100
AcDbEntity
  8
Layer 1
  62
0
  0
POLYLINE
  5
CD9
  100
AcDbEntity
  8
Layer 1
  62
0
  100
AcDb2dPolyline
 66
     1
  10
0
  20
0
  30
0
  70
1
  0
VERTEX
  5
CDA
  100
AcDbEntity
  8
Layer 1
  62
0
  100
AcDb2dVertex
  10
8.54431
  20
11.90856
  30
0.00000
  42
-0.0754
  70
32
  0
VERTEX
  5
CDB
  100
AcDbEntity
  8
Layer 1
  62
0
  100
AcDb2dVertex
  10
8.73863
  20
12.05881
  30
0.00000
  42
-0.0149
  70
32
  0
VERTEX
  5
CDC
  100
AcDbEntity
  8
Layer 1
  62
0
  100
AcDb2dVertex
  10
8.77768
  20
12.09965
  30
0.00000
  42
-0.0441
  70
32
  0
VERTEX
  5
CDD
  100
AcDbEntity
  8
Layer 1
  62
0
  100
AcDb2dVertex
  10
8.91658
  20
12.19746
  30
0.00000
  42
0.0211
  70
32
  0
VERTEX
  5
CDE
  100
AcDbEntity
  8
Layer 1
  62
0
  100
AcDb2dVertex
  10
8.95072
  20
12.22060
  30
0.00000
  42
0.5160
  70
32
  0
VERTEX
  5
CDF
  100
AcDbEntity
  8
Layer 1
  62
0
  100
AcDb2dVertex
  10
8.94967
  20
12.22308
  30
0.00000
  70
32
  0
VERTEX
  5
CE0
  100
AcDbEntity
  8
Layer 1
  62
0
  100
AcDb2dVertex
  10
8.90578
  20
12.23628
  30
0.00000
  42
0.4959
  70
32
  0
VERTEX
  5
CE1
  100
AcDbEntity
  8
Layer 1
  62
0
  100
AcDb2dVertex
  10
8.89893
  20
12.23316
  30
0.00000
  70
32
  0
VERTEX
  5
CE2
  100
AcDbEntity
  8
Layer 1
  62
0
  100
AcDb2dVertex
  10
8.89930
  20
12.22965
  30
0.00000
  42
-0.2865
  70
32
  0
VERTEX
  5
CE3
  100
AcDbEntity
  8
Layer 1
  62
0
  100
AcDb2dVertex
  10
8.89137
  20
12.21825
  30
0.00000
  42
0.0322
  70
32
  0
VERTEX
  5
CE4
  100
AcDbEntity
  8
Layer 1
  62
0
  100
AcDb2dVertex
  10
8.51654
  20
11.94599
  30
0.00000
  42
-0.0100
  70
32
  0
VERTEX
  5
CE5
  100
AcDbEntity
  8
Layer 1
  62
0
  100
AcDb2dVertex
  10
8.09575
  20
11.60737
  30
0.00000
  42
-0.5126
  70
32
  0
VERTEX
  5
CE6
  100
AcDbEntity
  8
Layer 1
  62
0
  100
AcDb2dVertex
  10
8.09337
  20
11.60796
  30
0.00000
  70
32
  0
VERTEX
  5
CE7
  100
AcDbEntity
  8
Layer 1
  62
0
  100
AcDb2dVertex
  10
8.09363
  20
11.60871
  30
0.00000
  42
-0.0317
  70
32
  0
VERTEX
  5
CE8
  100
AcDbEntity
  8
Layer 1
  62
0
  100
AcDb2dVertex
  10
8.72210
  20
12.13027
  30
0.00000
  70
32
  0
VERTEX
  5
CE9
  100
AcDbEntity
  8
Layer 1
  62
0
  100
AcDb2dVertex
  10
8.87828
  20
12.24347
  30
0.00000
  70
32
  0
VERTEX
  5
CEA
  100
AcDbEntity
  8
Layer 1
  62
0
  100
AcDb2dVertex
  10
8.87846
  20
12.24452
  30
0.00000
  42
0.2254
  70
32
  0
VERTEX
  5
CEB
  100
AcDbEntity
  8
Layer 1
  62
0
  100
AcDb2dVertex
  10
8.87723
  20
12.24660
  30
0.00000
  42
0.0844
  70
32
  0
VERTEX
  5
CEC
  100
AcDbEntity
  8
Layer 1
  62
0
  100
AcDb2dVertex
  10
8.86650
  20
12.25095
  30
0.00000
  42
0.2084
  70
32
  0
VERTEX
  5
CED
  100
AcDbEntity
  8
Layer 1
  62
0
  100
AcDb2dVertex
  10
8.76657
  20
12.23439
  30
0.00000
  42
0.0469
  70
32
  0
VERTEX
  5
CEE
  100
AcDbEntity
  8
Layer 1
  62
0
  100
AcDb2dVertex
  10
8.65259
  20
12.14701
  30
0.00000
  70
32
  0
VERTEX
  5
CEF
  100
AcDbEntity
  8
Layer 1
  62
0
  100
AcDb2dVertex
  10
8.12808
  20
11.73465
  30
0.00000
  70
32
  0
VERTEX
  5
CF0
  100
AcDbEntity
  8
Layer 1
  62
0
  100
AcDb2dVertex
  10
8.12088
  20
11.72937
  30
0.00000
  42
-0.5755
  70
32
  0
VERTEX
  5
CF1
  100
AcDbEntity
  8
Layer 1
  62
0
  100
AcDb2dVertex
  10
8.11847
  20
11.73030
  30
0.00000
  42
-0.1470
  70
32
  0
VERTEX
  5
CF2
  100
AcDbEntity
  8
Layer 1
  62
0
  100
AcDb2dVertex
  10
8.11976
  20
11.73283
  30
0.00000
  42
-0.0308
  70
32
  0
VERTEX
  5
CF3
  100
AcDbEntity
  8
Layer 1
  62
0
  100
AcDb2dVertex
  10
8.24410
  20
11.84557
  30
0.00000
  42
0.0372
  70
32
  0
VERTEX
  5
CF4
  100
AcDbEntity
  8
Layer 1
  62
0
  100
AcDb2dVertex
  10
8.29965
  20
11.89962
  30
0.00000
  42
-0.0635
  70
32
  0
VERTEX
  5
CF5
  100
AcDbEntity
  8
Layer 1
  62
0
  100
AcDb2dVertex
  10
8.31379
  20
11.90776
  30
0.00000
  42
0.0745
  70
32
  0
VERTEX
  5
CF6
  100
AcDbEntity
  8
Layer 1
  62
0
  100
AcDb2dVertex
  10
8.39995
  20
11.97643
  30
0.00000
  42
-0.1232
  70
32
  0
VERTEX
  5
CF7
  100
AcDbEntity
  8
Layer 1
  62
0
  100
AcDb2dVertex
  10
8.48023
  20
12.02889
  30
0.00000
  70
32
  0
VERTEX
  5
CF8
  100
AcDbEntity
  8
Layer 1
  62
0
  100
AcDb2dVertex
  10
8.48964
  20
12.03129
  30
0.00000
  42
0.2249
  70
32
  0
VERTEX
  5
CF9
  100
AcDbEntity
  8
Layer 1
  62
0
  100
AcDb2dVertex
  10
8.49258
  20
12.03350
  30
0.00000
  42
0.1070
  70
32
  0
VERTEX
  5
CFA
  100
AcDbEntity
  8
Layer 1
  62
0
  100
AcDb2dVertex
  10
8.49326
  20
12.03900
  30
0.00000
  42
-0.1650
  70
32
  0
VERTEX
  5
CFB
  100
AcDbEntity
  8
Layer 1
  62
0
  100
AcDb2dVertex
  10
8.49581
  20
12.05159
  30
0.00000
  70
32
  0
VERTEX
  5
CFC
  100
AcDbEntity
  8
Layer 1
  62
0
  100
AcDb2dVertex
  10
8.72527
  20
12.23196
  30
0.00000
  42
0.0193
  70
32
  0
VERTEX
  5
CFD
  100
AcDbEntity
  8
Layer 1
  62
0
  100
AcDb2dVertex
  10
8.77564
  20
12.27596
  30
0.00000
  42
0.4200
  70
32
  0
VERTEX
  5
CFE
  100
AcDbEntity
  8
Layer 1
  62
0
  100
AcDb2dVertex
  10
8.77560
  20
12.27770
  30
0.00000
  42
0.1621
  70
32
  0
VERTEX
  5
CFF
  100
AcDbEntity
  8
Layer 1
  62
0
  100
AcDb2dVertex
  10
8.77321
  20
12.27789
  30
0.00000
  42
0.1340
  70
32
  0
VERTEX
  5
D00
  100
AcDbEntity
  8
Layer 1
  62
0
  100
AcDb2dVertex
  10
8.67193
  20
12.22911
  30
0.00000
  42
-0.0163
  70
32
  0
VERTEX
  5
D01
  100
AcDbEntity
  8
Layer 1
  62
0
  100
AcDb2dVertex
  10
8.34965
  20
11.97719
  30
0.00000
  42
-0.0208
  70
32
  0
VERTEX
  5
D02
  100
AcDbEntity
  8
Layer 1
  62
0
  100
AcDb2dVertex
  10
8.20603
  20
11.88346
  30
0.00000
  70
32
  0
VERTEX
  5
D03
  100
AcDbEntity
  8
Layer 1
  62
0
  100
AcDb2dVertex
  10
8.20286
  20
11.88230
  30
0.00000
  42
-0.2843
  70
32
  0
VERTEX
  5
D04
  100
AcDbEntity
  8
Layer 1
  62
0
  100
AcDb2dVertex
  10
8.20193
  20
11.88276
  30
0.00000
  42
-0.2842
  70
32
  0
VERTEX
  5
D05
  100
AcDbEntity
  8
Layer 1
  62
0
  100
AcDb2dVertex
  10
8.20193
  20
11.88380
  30
0.00000
  42
0.0088
  70
32
  0
VERTEX
  5
D06
  100
AcDbEntity
  8
Layer 1
  62
0
  100
AcDb2dVertex
  10
8.66092
  20
12.24286
  30
0.00000
  42
0.0051
  70
32
  0
VERTEX
  5
D07
  100
AcDbEntity
  8
Layer 1
  62
0
  100
AcDb2dVertex
  10
8.71941
  20
12.29308
  30
0.00000
  42
0.5671
  70
32
  0
VERTEX
  5
D08
  100
AcDbEntity
  8
Layer 1
  62
0
  100
AcDb2dVertex
  10
8.71763
  20
12.29746
  30
0.00000
  42
0.0115
  70
32
  0
VERTEX
  5
D09
  100
AcDbEntity
  8
Layer 1
  62
0
  100
AcDb2dVertex
  10
8.67209
  20
12.31161
  30
0.00000
  42
0.2088
  70
32
  0
VERTEX
  5
D0A
  100
AcDbEntity
  8
Layer 1
  62
0
  100
AcDb2dVertex
  10
8.66442
  20
12.30941
  30
0.00000
  70
32
  0
VERTEX
  5
D0B
  100
AcDbEntity
  8
Layer 1
  62
0
  100
AcDb2dVertex
  10
7.72726
  20
11.59111
  30
0.00000
  42
0.0058
  70
32
  0
VERTEX
  5
D0C
  100
AcDbEntity
  8
Layer 1
  62
0
  100
AcDb2dVertex
  10
7.43164
  20
11.35146
  30
0.00000
  42
0.3991
  70
32
  0
VERTEX
  5
D0D
  100
AcDbEntity
  8
Layer 1
  62
0
  100
AcDb2dVertex
  10
7.43358
  20
11.34113
  30
0.00000
  42
0.0401
  70
32
  0
VERTEX
  5
D0E
  100
AcDbEntity
  8
Layer 1
  62
0
  100
AcDb2dVertex
  10
7.53832
  20
11.21895
  30
0.00000
  42
-0.0674
  70
32
  0
VERTEX
  5
D0F
  100
AcDbEntity
  8
Layer 1
  62
0
  100
AcDb2dVertex
  10
7.61780
  20
11.11118
  30
0.00000
  42
0.2702
  70
32
  0
VERTEX
  5
D10
  100
AcDbEntity
  8
Layer 1
  62
0
  100
AcDb2dVertex
  10
7.62349
  20
11.10720
  30
0.00000
  42
0.0106
  70
32
  0
VERTEX
  5
D11
  100
AcDbEntity
  8
Layer 1
  62
0
  100
AcDb2dVertex
  10
7.72452
  20
11.11701
  30
0.00000
  42
-0.0284
  70
32
  0
VERTEX
  5
D12
  100
AcDbEntity
  8
Layer 1
  62
0
  100
AcDb2dVertex
  10
7.89684
  20
11.12980
  30
0.00000
  42
-0.0652
  70
32
  0
VERTEX
  5
D13
  100
AcDbEntity
  8
Layer 1
  62
0
  100
AcDb2dVertex
  10
7.98300
  20
11.11865
  30
0.00000
  42
0.2330
  70
32
  0
VERTEX
  5
D14
  100
AcDbEntity
  8
Layer 1
  62
0
  100
AcDb2dVertex
  10
8.03285
  20
11.12825
  30
0.00000
  42
0.0766
  70
32
  0
VERTEX
  5
D15
  100
AcDbEntity
  8
Layer 1
  62
0
  100
AcDb2dVertex
  10
8.04830
  20
11.15178
  30
0.00000
  42
-0.0870
  70
32
  0
VERTEX
  5
D16
  100
AcDbEntity
  8
Layer 1
  62
0
  100
AcDb2dVertex
  10
8.05530
  20
11.15753
  30
0.00000
  42
0.0075
  70
32
  0
VERTEX
  5
D17
  100
AcDbEntity
  8
Layer 1
  62
0
  100
AcDb2dVertex
  10
9.19452
  20
12.01568
  30
0.00000
  70
32
  0
VERTEX
  5
D18
  100
AcDbEntity
  8
Layer 1
  62
0
  100
AcDb2dVertex
  10
9.27813
  20
12.07998
  30
0.00000
  42
0.1822
  70
32
  0
VERTEX
  5
D19
  100
AcDbEntity
  8
Layer 1
  62
0
  100
AcDb2dVertex
  10
9.29392
  20
12.10457
  30
0.00000
  42
0.4602
  70
32
  0
VERTEX
  5
D1A
  100
AcDbEntity
  8
Layer 1
  62
0
  100
AcDb2dVertex
  10
9.28994
  20
12.10936
  30
0.00000
  42
0.1395
  70
32
  0
VERTEX
  5
D1B
  100
AcDbEntity
  8
Layer 1
  62
0
  100
AcDb2dVertex
  10
9.18891
  20
12.06841
  30
0.00000
  42
-0.0114
  70
32
  0
VERTEX
  5
D1C
  100
AcDbEntity
  8
Layer 1
  62
0
  100
AcDb2dVertex
  10
9.00247
  20
11.94306
  30
0.00000
  70
32
  0
VERTEX
  5
D1D
  100
AcDbEntity
  8
Layer 1
  62
0
  100
AcDb2dVertex
  10
8.63222
  20
11.69298
  30
0.00000
  42
-0.3146
  70
32
  0
VERTEX
  5
D1E
  100
AcDbEntity
  8
Layer 1
  62
0
  100
AcDb2dVertex
  10
8.63079
  20
11.69323
  30
0.00000
  42
-0.3149
  70
32
  0
VERTEX
  5
D1F
  100
AcDbEntity
  8
Layer 1
  62
0
  100
AcDb2dVertex
  10
8.63054
  20
11.69467
  30
0.00000
  70
32
  0
VERTEX
  5
D20
  100
AcDbEntity
  8
Layer 1
  62
0
  100
AcDb2dVertex
  10
8.63178
  20
11.69625
  30
0.00000
  42
-0.0430
  70
32
  0
VERTEX
  5
D21
  100
AcDbEntity
  8
Layer 1
  62
0
  100
AcDb2dVertex
  10
8.88594
  20
11.89374
  30
0.00000
  42
0.0059
  70
32
  0
VERTEX
  5
D22
  100
AcDbEntity
  8
Layer 1
  62
0
  100
AcDb2dVertex
  10
9.22769
  20
12.12236
  30
0.00000
  70
32
  0
VERTEX
  5
D23
  100
AcDbEntity
  8
Layer 1
  62
0
  100
AcDb2dVertex
  10
9.23503
  20
12.12784
  30
0.00000
  42
0.1196
  70
32
  0
VERTEX
  5
D24
  100
AcDbEntity
  8
Layer 1
  62
0
  100
AcDb2dVertex
  10
9.23694
  20
12.13049
  30
0.00000
  42
0.3240
  70
32
  0
VERTEX
  5
D25
  100
AcDbEntity
  8
Layer 1
  62
0
  100
AcDb2dVertex
  10
9.23663
  20
12.13178
  30
0.00000
  42
0.0989
  70
32
  0
VERTEX
  5
D26
  100
AcDbEntity
  8
Layer 1
  62
0
  100
AcDb2dVertex
  10
9.23239
  20
12.13355
  30
0.00000
  42
0.0181
  70
32
  0
VERTEX
  5
D27
  100
AcDbEntity
  8
Layer 1
  62
0
  100
AcDb2dVertex
  10
9.18327
  20
12.14838
  30
0.00000
  42
0.1768
  70
32
  0
VERTEX
  5
D28
  100
AcDbEntity
  8
Layer 1
  62
0
  100
AcDb2dVertex
  10
9.15821
  20
12.13933
  30
0.00000
  42
0.0323
  70
32
  0
VERTEX
  5
D29
  100
AcDbEntity
  8
Layer 1
  62
0
  100
AcDb2dVertex
  10
8.79436
  20
11.89547
  30
0.00000
  42
-0.0170
  70
32
  0
VERTEX
  5
D2A
  100
AcDbEntity
  8
Layer 1
  62
0
  100
AcDb2dVertex
  10
8.46836
  20
11.66271
  30
0.00000
  42
-0.4925
  70
32
  0
VERTEX
  5
D2B
  100
AcDbEntity
  8
Layer 1
  62
0
  100
AcDb2dVertex
  10
8.46572
  20
11.66349
  30
0.00000
  70
32
  0
VERTEX
  5
D2C
  100
AcDbEntity
  8
Layer 1
  62
0
  100
AcDb2dVertex
  10
8.46600
  20
11.66439
  30
0.00000
  42
-0.0288
  70
32
  0
VERTEX
  5
D2D
  100
AcDbEntity
  8
Layer 1
  62
0
  100
AcDb2dVertex
  10
8.90270
  20
11.99921
  30
0.00000
  42
0.0050
  70
32
  0
VERTEX
  5
D2E
  100
AcDbEntity
  8
Layer 1
  62
0
  100
AcDb2dVertex
  10
9.13428
  20
12.16245
  30
0.00000
  42
0.4924
  70
32
  0
VERTEX
  5
D2F
  100
AcDbEntity
  8
Layer 1
  62
0
  100
AcDb2dVertex
  10
9.13313
  20
12.16534
  30
0.00000
  70
32
  0
VERTEX
  5
D30
  100
AcDbEntity
  8
Layer 1
  62
0
  100
AcDb2dVertex
  10
9.12208
  20
12.16797
  30
0.00000
  42
0.0311
  70
32
  0
VERTEX
  5
D31
  100
AcDbEntity
  8
Layer 1
  62
0
  100
AcDb2dVertex
  10
9.09437
  20
12.17669
  30
0.00000
  42
0.1197
  70
32
  0
VERTEX
  5
D32
  100
AcDbEntity
  8
Layer 1
  62
0
  100
AcDb2dVertex
  10
9.08888
  20
12.17584
  30
0.00000
  42
0.0471
  70
32
  0
VERTEX
  5
D33
  100
AcDbEntity
  8
Layer 1
  62
0
  100
AcDb2dVertex
  10
8.71936
  20
11.91890
  30
0.00000
  42
-0.0057
  70
32
  0
VERTEX
  5
D34
  100
AcDbEntity
  8
Layer 1
  62
0
  100
AcDb2dVertex
  10
8.38581
  20
11.64346
  30
0.00000
  42
-0.0089
  70
32
  0
VERTEX
  5
D35
  100
AcDbEntity
  8
Layer 1
  62
0
  100
AcDb2dVertex
  10
8.33769
  20
11.60709
  30
0.00000
  42
-0.5733
  70
32
  0
VERTEX
  5
D36
  100
AcDbEntity
  8
Layer 1
  62
0
  100
AcDb2dVertex
  10
8.33526
  20
11.60800
  30
0.00000
  70
32
  0
VERTEX
  5
D37
  100
AcDbEntity
  8
Layer 1
  62
0
  100
AcDb2dVertex
  10
8.33570
  20
11.60913
  30
0.00000
  42
-0.0334
  70
32
  0
VERTEX
  5
D38
  100
AcDbEntity
  8
Layer 1
  62
0
  100
AcDb2dVertex
  10
8.77758
  20
11.99146
  30
0.00000
  70
32
  0
VERTEX
  5
D39
  100
AcDbEntity
  8
Layer 1
  62
0
  100
AcDb2dVertex
  10
9.03958
  20
12.19100
  30
0.00000
  42
0.1392
  70
32
  0
VERTEX
  5
D3A
  100
AcDbEntity
  8
Layer 1
  62
0
  100
AcDb2dVertex
  10
9.04114
  20
12.19330
  30
0.00000
  42
0.3840
  70
32
  0
VERTEX
  5
D3B
  100
AcDbEntity
  8
Layer 1
  62
0
  100
AcDb2dVertex
  10
9.03992
  20
12.19484
  30
0.00000
  42
-0.0417
  70
32
  0
VERTEX
  5
D3C
  100
AcDbEntity
  8
Layer 1
  62
0
  100
AcDb2dVertex
  10
8.99159
  20
12.20991
  30
0.00000
  42
0.1368
  70
32
  0
VERTEX
  5
D3D
  100
AcDbEntity
  8
Layer 1
  62
0
  100
AcDb2dVertex
  10
8.98611
  20
12.20891
  30
0.00000
  42
0.0378
  70
32
  0
VERTEX
  5
D3E
  100
AcDbEntity
  8
Layer 1
  62
0
  100
AcDb2dVertex
  10
8.62131
  20
11.95358
  30
0.00000
  42
-0.0155
  70
32
  0
VERTEX
  5
D3F
  100
AcDbEntity
  8
Layer 1
  62
0
  100
AcDb2dVertex
  10
8.24882
  20
11.66537
  30
0.00000
  42
-0.5693
  70
32
  0
VERTEX
  5
D40
  100
AcDbEntity
  8
Layer 1
  62
0
  100
AcDb2dVertex
  10
8.24622
  20
11.66642
  30
0.00000
  42
-0.1562
  70
32
  0
VERTEX
  5
D41
  100
AcDbEntity
  8
Layer 1
  62
0
  100
AcDb2dVertex
  10
8.24749
  20
11.66900
  30
0.00000
  42
0.0268
  70
32
  0
VERTEX
  5
D42
  100
AcDbEntity
  8
Layer 1
  62
0
  100
AcDb2dVertex
  10
8.30105
  20
11.72454
  30
0.00000
  42
0.0228
  70
32
  0
VERTEX
  5
D43
  100
AcDbEntity
  8
Layer 1
  62
0
  100
AcDb2dVertex
  10
8.31098
  20
11.74033
  30
0.00000
  42
-0.2744
  70
32
  0
VERTEX
  5
D44
  100
AcDbEntity
  8
Layer 1
  62
0
  100
AcDb2dVertex
  10
8.31525
  20
11.74294
  30
0.00000
  42
0.2179
  70
32
  0
VERTEX
  5
D45
  100
AcDbEntity
  8
Layer 1
  62
0
  100
AcDb2dVertex
  10
8.32775
  20
11.74428
  30
0.00000
  42
0.0334
  70
32
  0
VERTEX
  5
D46
  100
AcDbEntity
  8
Layer 1
  62
0
  100
AcDb2dVertex
  10
8.43300
  20
11.83395
  30
0.00000
  42
-0.0848
  70
32
  0
VERTEX
  5
D47
  100
AcDbEntity
  8
Layer 1
  62
0
  100
AcDb2dVertex
  10
8.54431
  20
11.90856
  30
0.00000
  70
32
  0
SEQEND
  5
D48
  100
AcDbEntity
  8
Layer 1
  62
0
  0
POLYLINE
  5
D49
  100
AcDbEntity
  8
Layer 1
  62
0
  100
AcDb2dPolyline
 66
     1
  10
0
  20
0
  30
0
  70
1
  0
VERTEX
  5
D4A
  100
AcDbEntity
  8
Layer 1
  62
0
  100
AcDb2dVertex
  10
5.07215
  20
12.70434
  30
0.00000
  42
0.3303
  70
32
  0
VERTEX
  5
D4B
  100
AcDbEntity
  8
Layer 1
  62
0
  100
AcDb2dVertex
  10
5.07739
  20
12.70712
  30
0.00000
  42
-0.1200
  70
32
  0
VERTEX
  5
D4C
  100
AcDbEntity
  8
Layer 1
  62
0
  100
AcDb2dVertex
  10
5.12382
  20
12.75120
  30
0.00000
  42
0.1131
  70
32
  0
VERTEX
  5
D4D
  100
AcDbEntity
  8
Layer 1
  62
0
  100
AcDb2dVertex
  10
5.15402
  20
12.77986
  30
0.00000
  42
0.1502
  70
32
  0
VERTEX
  5
D4E
  100
AcDbEntity
  8
Layer 1
  62
0
  100
AcDb2dVertex
  10
5.15471
  20
12.78288
  30
0.00000
  42
0.4533
  70
32
  0
VERTEX
  5
D4F
  100
AcDbEntity
  8
Layer 1
  62
0
  100
AcDb2dVertex
  10
5.15274
  20
12.78465
  30
0.00000
  42
-0.0320
  70
32
  0
VERTEX
  5
D50
  100
AcDbEntity
  8
Layer 1
  62
0
  100
AcDb2dVertex
  10
5.03218
  20
12.75808
  30
0.00000
  42
0.0641
  70
32
  0
VERTEX
  5
D51
  100
AcDbEntity
  8
Layer 1
  62
0
  100
AcDb2dVertex
  10
4.99638
  20
12.74681
  30
0.00000
  42
0.1037
  70
32
  0
VERTEX
  5
D52
  100
AcDbEntity
  8
Layer 1
  62
0
  100
AcDb2dVertex
  10
4.99032
  20
12.74298
  30
0.00000
  42
0.3467
  70
32
  0
VERTEX
  5
D53
  100
AcDbEntity
  8
Layer 1
  62
0
  100
AcDb2dVertex
  10
4.98992
  20
12.74091
  30
0.00000
  42
0.1064
  70
32
  0
VERTEX
  5
D54
  100
AcDbEntity
  8
Layer 1
  62
0
  100
AcDb2dVertex
  10
4.99206
  20
12.73908
  30
0.00000
  42
0.0748
  70
32
  0
VERTEX
  5
D55
  100
AcDbEntity
  8
Layer 1
  62
0
  100
AcDb2dVertex
  10
5.07215
  20
12.70434
  30
0.00000
  70
32
  0
SEQEND
  5
D56
  100
AcDbEntity
  8
Layer 1
  62
0
  0
POLYLINE
  5
D57
  100
AcDbEntity
  8
Layer 1
  62
0
  100
AcDb2dPolyline
 66
     1
  10
0
  20
0
  30
0
  70
1
  0
VERTEX
  5
D58
  100
AcDbEntity
  8
Layer 1
  62
0
  100
AcDb2dVertex
  10
5.24048
  20
12.86912
  30
0.00000
  42
0.0377
  70
32
  0
VERTEX
  5
D59
  100
AcDbEntity
  8
Layer 1
  62
0
  100
AcDb2dVertex
  10
4.81160
  20
12.79263
  30
0.00000
  42
0.4246
  70
32
  0
VERTEX
  5
D5A
  100
AcDbEntity
  8
Layer 1
  62
0
  100
AcDb2dVertex
  10
4.81148
  20
12.79177
  30
0.00000
  42
0.1324
  70
32
  0
VERTEX
  5
D5B
  100
AcDbEntity
  8
Layer 1
  62
0
  100
AcDb2dVertex
  10
4.81341
  20
12.79034
  30
0.00000
  42
0.0483
  70
32
  0
VERTEX
  5
D5C
  100
AcDbEntity
  8
Layer 1
  62
0
  100
AcDb2dVertex
  10
4.90148
  20
12.76006
  30
0.00000
  42
0.0613
  70
32
  0
VERTEX
  5
D5D
  100
AcDbEntity
  8
Layer 1
  62
0
  100
AcDb2dVertex
  10
4.94143
  20
12.75901
  30
0.00000
  42
0.3281
  70
32
  0
VERTEX
  5
D5E
  100
AcDbEntity
  8
Layer 1
  62
0
  100
AcDb2dVertex
  10
4.94390
  20
12.76144
  30
0.00000
  70
32
  0
VERTEX
  5
D5F
  100
AcDbEntity
  8
Layer 1
  62
0
  100
AcDb2dVertex
  10
4.93892
  20
12.77702
  30
0.00000
  42
-0.5513
  70
32
  0
VERTEX
  5
D60
  100
AcDbEntity
  8
Layer 1
  62
0
  100
AcDb2dVertex
  10
4.94439
  20
12.78298
  30
0.00000
  42
-0.1430
  70
32
  0
VERTEX
  5
D61
  100
AcDbEntity
  8
Layer 1
  62
0
  100
AcDb2dVertex
  10
4.96202
  20
12.77221
  30
0.00000
  70
32
  0
VERTEX
  5
D62
  100
AcDbEntity
  8
Layer 1
  62
0
  100
AcDb2dVertex
  10
4.96799
  20
12.76681
  30
0.00000
  42
0.1637
  70
32
  0
VERTEX
  5
D63
  100
AcDbEntity
  8
Layer 1
  62
0
  100
AcDb2dVertex
  10
4.97245
  20
12.76580
  30
0.00000
  42
-0.0185
  70
32
  0
VERTEX
  5
D64
  100
AcDbEntity
  8
Layer 1
  62
0
  100
AcDb2dVertex
  10
5.13764
  20
12.80071
  30
0.00000
  42
0.1235
  70
32
  0
VERTEX
  5
D65
  100
AcDbEntity
  8
Layer 1
  62
0
  100
AcDb2dVertex
  10
5.23462
  20
12.84515
  30
0.00000
  42
0.0711
  70
32
  0
VERTEX
  5
D66
  100
AcDbEntity
  8
Layer 1
  62
0
  100
AcDb2dVertex
  10
5.25344
  20
12.86793
  30
0.00000
  42
0.4672
  70
32
  0
VERTEX
  5
D67
  100
AcDbEntity
  8
Layer 1
  62
0
  100
AcDb2dVertex
  10
5.25150
  20
12.87022
  30
0.00000
  42
0.0569
  70
32
  0
VERTEX
  5
D68
  100
AcDbEntity
  8
Layer 1
  62
0
  100
AcDb2dVertex
  10
5.24048
  20
12.86912
  30
0.00000
  70
32
  0
SEQEND
  5
D69
  100
AcDbEntity
  8
Layer 1
  62
0
  0
POLYLINE
  5
D6A
  100
AcDbEntity
  8
Layer 1
  62
0
  100
AcDb2dPolyline
 66
     1
  10
0
  20
0
  30
0
  70
1
  0
VERTEX
  5
D6B
  100
AcDbEntity
  8
Layer 1
  62
0
  100
AcDb2dVertex
  10
5.26097
  20
13.33710
  30
0.00000
  70
32
  0
VERTEX
  5
D6C
  100
AcDbEntity
  8
Layer 1
  62
0
  100
AcDb2dVertex
  10
4.83435
  20
12.94218
  30
0.00000
  42
0.0117
  70
32
  0
VERTEX
  5
D6D
  100
AcDbEntity
  8
Layer 1
  62
0
  100
AcDb2dVertex
  10
4.71411
  20
12.82361
  30
0.00000
  42
0.1325
  70
32
  0
VERTEX
  5
D6E
  100
AcDbEntity
  8
Layer 1
  62
0
  100
AcDb2dVertex
  10
4.71326
  20
12.82076
  30
0.00000
  42
0.2269
  70
32
  0
VERTEX
  5
D6F
  100
AcDbEntity
  8
Layer 1
  62
0
  100
AcDb2dVertex
  10
4.71473
  20
12.81880
  30
0.00000
  42
0.2159
  70
32
  0
VERTEX
  5
D70
  100
AcDbEntity
  8
Layer 1
  62
0
  100
AcDb2dVertex
  10
4.80993
  20
12.80954
  30
0.00000
  42
-0.0058
  70
32
  0
VERTEX
  5
D71
  100
AcDbEntity
  8
Layer 1
  62
0
  100
AcDb2dVertex
  10
4.85434
  20
12.82041
  30
0.00000
  42
-0.0221
  70
32
  0
VERTEX
  5
D72
  100
AcDbEntity
  8
Layer 1
  62
0
  100
AcDb2dVertex
  10
5.25990
  20
12.89442
  30
0.00000
  42
0.0175
  70
32
  0
VERTEX
  5
D73
  100
AcDbEntity
  8
Layer 1
  62
0
  100
AcDb2dVertex
  10
5.29326
  20
12.90018
  30
0.00000
  42
0.1535
  70
32
  0
VERTEX
  5
D74
  100
AcDbEntity
  8
Layer 1
  62
0
  100
AcDb2dVertex
  10
5.29711
  20
12.90346
  30
0.00000
  42
-0.1179
  70
32
  0
VERTEX
  5
D75
  100
AcDbEntity
  8
Layer 1
  62
0
  100
AcDb2dVertex
  10
5.32385
  20
12.92577
  30
0.00000
  42
0.1469
  70
32
  0
VERTEX
  5
D76
  100
AcDbEntity
  8
Layer 1
  62
0
  100
AcDb2dVertex
  10
5.33357
  20
12.93820
  30
0.00000
  42
0.2611
  70
32
  0
VERTEX
  5
D77
  100
AcDbEntity
  8
Layer 1
  62
0
  100
AcDb2dVertex
  10
5.33307
  20
12.94287
  30
0.00000
  42
0.1941
  70
32
  0
VERTEX
  5
D78
  100
AcDbEntity
  8
Layer 1
  62
0
  100
AcDb2dVertex
  10
5.32861
  20
12.94509
  30
0.00000
  42
0.0500
  70
32
  0
VERTEX
  5
D79
  100
AcDbEntity
  8
Layer 1
  62
0
  100
AcDb2dVertex
  10
5.15983
  20
12.93433
  30
0.00000
  42
-0.0523
  70
32
  0
VERTEX
  5
D7A
  100
AcDbEntity
  8
Layer 1
  62
0
  100
AcDb2dVertex
  10
5.03415
  20
12.92745
  30
0.00000
  70
32
  0
VERTEX
  5
D7B
  100
AcDbEntity
  8
Layer 1
  62
0
  100
AcDb2dVertex
  10
5.03390
  20
12.92791
  30
0.00000
  70
32
  0
VERTEX
  5
D7C
  100
AcDbEntity
  8
Layer 1
  62
0
  100
AcDb2dVertex
  10
5.03420
  20
12.92834
  30
0.00000
  42
-0.0458
  70
32
  0
VERTEX
  5
D7D
  100
AcDbEntity
  8
Layer 1
  62
0
  100
AcDb2dVertex
  10
5.09872
  20
12.94408
  30
0.00000
  70
32
  0
VERTEX
  5
D7E
  100
AcDbEntity
  8
Layer 1
  62
0
  100
AcDb2dVertex
  10
5.27658
  20
12.96886
  30
0.00000
  42
0.0417
  70
32
  0
VERTEX
  5
D7F
  100
AcDbEntity
  8
Layer 1
  62
0
  100
AcDb2dVertex
  10
5.33326
  20
12.98271
  30
0.00000
  42
0.2768
  70
32
  0
VERTEX
  5
D80
  100
AcDbEntity
  8
Layer 1
  62
0
  100
AcDb2dVertex
  10
5.33367
  20
12.98341
  30
0.00000
  42
0.2770
  70
32
  0
VERTEX
  5
D81
  100
AcDbEntity
  8
Layer 1
  62
0
  100
AcDb2dVertex
  10
5.33325
  20
12.98410
  30
0.00000
  42
0.0903
  70
32
  0
VERTEX
  5
D82
  100
AcDbEntity
  8
Layer 1
  62
0
  100
AcDb2dVertex
  10
5.17378
  20
12.97125
  30
0.00000
  42
-0.0484
  70
32
  0
VERTEX
  5
D83
  100
AcDbEntity
  8
Layer 1
  62
0
  100
AcDb2dVertex
  10
5.07272
  20
12.95656
  30
0.00000
  42
-0.1670
  70
32
  0
VERTEX
  5
D84
  100
AcDbEntity
  8
Layer 1
  62
0
  100
AcDb2dVertex
  10
5.07041
  20
12.95743
  30
0.00000
  42
-0.3182
  70
32
  0
VERTEX
  5
D85
  100
AcDbEntity
  8
Layer 1
  62
0
  100
AcDb2dVertex
  10
5.07026
  20
12.95827
  30
0.00000
  42
-0.1655
  70
32
  0
VERTEX
  5
D86
  100
AcDbEntity
  8
Layer 1
  62
0
  100
AcDb2dVertex
  10
5.07132
  20
12.95936
  30
0.00000
  42
-0.0609
  70
32
  0
VERTEX
  5
D87
  100
AcDbEntity
  8
Layer 1
  62
0
  100
AcDb2dVertex
  10
5.24321
  20
13.00247
  30
0.00000
  42
0.0073
  70
32
  0
VERTEX
  5
D88
  100
AcDbEntity
  8
Layer 1
  62
0
  100
AcDb2dVertex
  10
5.36550
  20
13.02307
  30
0.00000
  42
-0.1043
  70
32
  0
VERTEX
  5
D89
  100
AcDbEntity
  8
Layer 1
  62
0
  100
AcDb2dVertex
  10
5.37942
  20
13.02039
  30
0.00000
  70
32
  0
VERTEX
  5
D8A
  100
AcDbEntity
  8
Layer 1
  62
0
  100
AcDb2dVertex
  10
5.41225
  20
13.01425
  30
0.00000
  42
0.1842
  70
32
  0
VERTEX
  5
D8B
  100
AcDbEntity
  8
Layer 1
  62
0
  100
AcDb2dVertex
  10
5.41508
  20
13.01487
  30
0.00000
  42
0.0490
  70
32
  0
VERTEX
  5
D8C
  100
AcDbEntity
  8
Layer 1
  62
0
  100
AcDb2dVertex
  10
5.44936
  20
13.04398
  30
0.00000
  42
0.1260
  70
32
  0
VERTEX
  5
D8D
  100
AcDbEntity
  8
Layer 1
  62
0
  100
AcDb2dVertex
  10
5.45146
  20
13.04878
  30
0.00000
  42
0.3681
  70
32
  0
VERTEX
  5
D8E
  100
AcDbEntity
  8
Layer 1
  62
0
  100
AcDb2dVertex
  10
5.45024
  20
13.05061
  30
0.00000
  42
0.0619
  70
32
  0
VERTEX
  5
D8F
  100
AcDbEntity
  8
Layer 1
  62
0
  100
AcDb2dVertex
  10
5.44299
  20
13.05020
  30
0.00000
  42
0.0241
  70
32
  0
VERTEX
  5
D90
  100
AcDbEntity
  8
Layer 1
  62
0
  100
AcDb2dVertex
  10
4.94119
  20
12.96848
  30
0.00000
  42
-0.1266
  70
32
  0
VERTEX
  5
D91
  100
AcDbEntity
  8
Layer 1
  62
0
  100
AcDb2dVertex
  10
4.93673
  20
12.96890
  30
0.00000
  70
32
  0
VERTEX
  5
D92
  100
AcDbEntity
  8
Layer 1
  62
0
  100
AcDb2dVertex
  10
4.93637
  20
12.96936
  30
0.00000
  70
32
  0
VERTEX
  5
D93
  100
AcDbEntity
  8
Layer 1
  62
0
  100
AcDb2dVertex
  10
4.93664
  20
12.96987
  30
0.00000
  42
-0.0255
  70
32
  0
VERTEX
  5
D94
  100
AcDbEntity
  8
Layer 1
  62
0
  100
AcDb2dVertex
  10
5.31000
  20
13.05664
  30
0.00000
  42
-0.0408
  70
32
  0
VERTEX
  5
D95
  100
AcDbEntity
  8
Layer 1
  62
0
  100
AcDb2dVertex
  10
5.42666
  20
13.06795
  30
0.00000
  42
0.1789
  70
32
  0
VERTEX
  5
D96
  100
AcDbEntity
  8
Layer 1
  62
0
  100
AcDb2dVertex
  10
5.49952
  20
13.09308
  30
0.00000
  42
0.2970
  70
32
  0
VERTEX
  5
D97
  100
AcDbEntity
  8
Layer 1
  62
0
  100
AcDb2dVertex
  10
5.49939
  20
13.09543
  30
0.00000
  42
0.2971
  70
32
  0
VERTEX
  5
D98
  100
AcDbEntity
  8
Layer 1
  62
0
  100
AcDb2dVertex
  10
5.49720
  20
13.09626
  30
0.00000
  42
0.0617
  70
32
  0
VERTEX
  5
D99
  100
AcDbEntity
  8
Layer 1
  62
0
  100
AcDb2dVertex
  10
5.30723
  20
13.07555
  30
0.00000
  42
-0.0364
  70
32
  0
VERTEX
  5
D9A
  100
AcDbEntity
  8
Layer 1
  62
0
  100
AcDb2dVertex
  10
5.12974
  20
13.04673
  30
0.00000
  70
32
  0
VERTEX
  5
D9B
  100
AcDbEntity
  8
Layer 1
  62
0
  100
AcDb2dVertex
  10
5.12559
  20
13.04716
  30
0.00000
  70
32
  0
VERTEX
  5
D9C
  100
AcDbEntity
  8
Layer 1
  62
0
  100
AcDb2dVertex
  10
5.12559
  20
13.04745
  30
0.00000
  42
-0.0247
  70
32
  0
VERTEX
  5
D9D
  100
AcDbEntity
  8
Layer 1
  62
0
  100
AcDb2dVertex
  10
5.40161
  20
13.11263
  30
0.00000
  42
-0.0281
  70
32
  0
VERTEX
  5
D9E
  100
AcDbEntity
  8
Layer 1
  62
0
  100
AcDb2dVertex
  10
5.53504
  20
13.12577
  30
0.00000
  42
0.1020
  70
32
  0
VERTEX
  5
D9F
  100
AcDbEntity
  8
Layer 1
  62
0
  100
AcDb2dVertex
  10
5.58120
  20
13.16607
  30
0.00000
  42
0.1042
  70
32
  0
VERTEX
  5
DA0
  100
AcDbEntity
  8
Layer 1
  62
0
  100
AcDb2dVertex
  10
5.58239
  20
13.16950
  30
0.00000
  42
0.3653
  70
32
  0
VERTEX
  5
DA1
  100
AcDbEntity
  8
Layer 1
  62
0
  100
AcDb2dVertex
  10
5.57764
  20
13.17460
  30
0.00000
  42
0.0558
  70
32
  0
VERTEX
  5
DA2
  100
AcDbEntity
  8
Layer 1
  62
0
  100
AcDb2dVertex
  10
5.56556
  20
13.17378
  30
0.00000
  42
0.0247
  70
32
  0
VERTEX
  5
DA3
  100
AcDbEntity
  8
Layer 1
  62
0
  100
AcDb2dVertex
  10
5.39336
  20
13.13413
  30
0.00000
  42
-0.0479
  70
32
  0
VERTEX
  5
DA4
  100
AcDbEntity
  8
Layer 1
  62
0
  100
AcDb2dVertex
  10
5.29787
  20
13.11947
  30
0.00000
  70
32
  0
VERTEX
  5
DA5
  100
AcDbEntity
  8
Layer 1
  62
0
  100
AcDb2dVertex
  10
5.29514
  20
13.11973
  30
0.00000
  42
-0.4983
  70
32
  0
VERTEX
  5
DA6
  100
AcDbEntity
  8
Layer 1
  62
0
  100
AcDb2dVertex
  10
5.29504
  20
13.12117
  30
0.00000
  42
-0.1255
  70
32
  0
VERTEX
  5
DA7
  100
AcDbEntity
  8
Layer 1
  62
0
  100
AcDb2dVertex
  10
5.29950
  20
13.12419
  30
0.00000
  42
-0.0583
  70
32
  0
VERTEX
  5
DA8
  100
AcDbEntity
  8
Layer 1
  62
0
  100
AcDb2dVertex
  10
5.43772
  20
13.16122
  30
0.00000
  42
0.0501
  70
32
  0
VERTEX
  5
DA9
  100
AcDbEntity
  8
Layer 1
  62
0
  100
AcDb2dVertex
  10
5.59059
  20
13.20038
  30
0.00000
  42
0.0706
  70
32
  0
VERTEX
  5
DAA
  100
AcDbEntity
  8
Layer 1
  62
0
  100
AcDb2dVertex
  10
5.64126
  20
13.22986
  30
0.00000
  42
0.4197
  70
32
  0
VERTEX
  5
DAB
  100
AcDbEntity
  8
Layer 1
  62
0
  100
AcDb2dVertex
  10
5.63454
  20
13.23519
  30
0.00000
  42
0.0097
  70
32
  0
VERTEX
  5
DAC
  100
AcDbEntity
  8
Layer 1
  62
0
  100
AcDb2dVertex
  10
5.26624
  20
13.33796
  30
0.00000
  42
0.2143
  70
32
  0
VERTEX
  5
DAD
  100
AcDbEntity
  8
Layer 1
  62
0
  100
AcDb2dVertex
  10
5.26097
  20
13.33710
  30
0.00000
  70
32
  0
SEQEND
  5
DAE
  100
AcDbEntity
  8
Layer 1
  62
0
  0
POLYLINE
  5
DAF
  100
AcDbEntity
  8
Layer 1
  62
0
  100
AcDb2dPolyline
 66
     1
  10
0
  20
0
  30
0
  70
1
  0
VERTEX
  5
DB0
  100
AcDbEntity
  8
Layer 1
  62
0
  100
AcDb2dVertex
  10
9.17813
  20
8.40342
  30
0.00000
  42
-0.0219
  70
32
  0
VERTEX
  5
DB1
  100
AcDbEntity
  8
Layer 1
  62
0
  100
AcDb2dVertex
  10
9.09212
  20
8.31966
  30
0.00000
  42
-0.2420
  70
32
  0
VERTEX
  5
DB2
  100
AcDbEntity
  8
Layer 1
  62
0
  100
AcDb2dVertex
  10
8.98041
  20
8.28987
  30
0.00000
  42
-0.0288
  70
32
  0
VERTEX
  5
DB3
  100
AcDbEntity
  8
Layer 1
  62
0
  100
AcDb2dVertex
  10
8.81938
  20
8.33676
  30
0.00000
  42
-0.0560
  70
32
  0
VERTEX
  5
DB4
  100
AcDbEntity
  8
Layer 1
  62
0
  100
AcDb2dVertex
  10
8.64973
  20
8.40033
  30
0.00000
  42
0.0332
  70
32
  0
VERTEX
  5
DB5
  100
AcDbEntity
  8
Layer 1
  62
0
  100
AcDb2dVertex
  10
8.60906
  20
8.42473
  30
0.00000
  42
-0.1309
  70
32
  0
VERTEX
  5
DB6
  100
AcDbEntity
  8
Layer 1
  62
0
  100
AcDb2dVertex
  10
8.60660
  20
8.42687
  30
0.00000
  42
-0.1931
  70
32
  0
VERTEX
  5
DB7
  100
AcDbEntity
  8
Layer 1
  62
0
  100
AcDb2dVertex
  10
8.60637
  20
8.43230
  30
0.00000
  42
-0.0270
  70
32
  0
VERTEX
  5
DB8
  100
AcDbEntity
  8
Layer 1
  62
0
  100
AcDb2dVertex
  10
8.61347
  20
8.44567
  30
0.00000
  42
0.1877
  70
32
  0
VERTEX
  5
DB9
  100
AcDbEntity
  8
Layer 1
  62
0
  100
AcDb2dVertex
  10
8.61482
  20
8.45142
  30
0.00000
  42
0.3842
  70
32
  0
VERTEX
  5
DBA
  100
AcDbEntity
  8
Layer 1
  62
0
  100
AcDb2dVertex
  10
8.61220
  20
8.45384
  30
0.00000
  42
0.1859
  70
32
  0
VERTEX
  5
DBB
  100
AcDbEntity
  8
Layer 1
  62
0
  100
AcDb2dVertex
  10
8.60954
  20
8.45241
  30
0.00000
  70
32
  0
VERTEX
  5
DBC
  100
AcDbEntity
  8
Layer 1
  62
0
  100
AcDb2dVertex
  10
8.57763
  20
8.40977
  30
0.00000
  42
-0.3222
  70
32
  0
VERTEX
  5
DBD
  100
AcDbEntity
  8
Layer 1
  62
0
  100
AcDb2dVertex
  10
8.46926
  20
8.37018
  30
0.00000
  42
0.0487
  70
32
  0
VERTEX
  5
DBE
  100
AcDbEntity
  8
Layer 1
  62
0
  100
AcDb2dVertex
  10
8.41368
  20
8.38924
  30
0.00000
  42
0.0169
  70
32
  0
VERTEX
  5
DBF
  100
AcDbEntity
  8
Layer 1
  62
0
  100
AcDb2dVertex
  10
8.31356
  20
8.39579
  30
0.00000
  42
-0.0807
  70
32
  0
VERTEX
  5
DC0
  100
AcDbEntity
  8
Layer 1
  62
0
  100
AcDb2dVertex
  10
8.14145
  20
8.45741
  30
0.00000
  42
-0.0390
  70
32
  0
VERTEX
  5
DC1
  100
AcDbEntity
  8
Layer 1
  62
0
  100
AcDb2dVertex
  10
7.94124
  20
8.59530
  30
0.00000
  42
0.0520
  70
32
  0
VERTEX
  5
DC2
  100
AcDbEntity
  8
Layer 1
  62
0
  100
AcDb2dVertex
  10
7.74415
  20
8.72281
  30
0.00000
  42
-0.0128
  70
32
  0
VERTEX
  5
DC3
  100
AcDbEntity
  8
Layer 1
  62
0
  100
AcDb2dVertex
  10
7.62819
  20
8.76955
  30
0.00000
  42
0.2424
  70
32
  0
VERTEX
  5
DC4
  100
AcDbEntity
  8
Layer 1
  62
0
  100
AcDb2dVertex
  10
7.62267
  20
8.76944
  30
0.00000
  42
-0.0494
  70
32
  0
VERTEX
  5
DC5
  100
AcDbEntity
  8
Layer 1
  62
0
  100
AcDb2dVertex
  10
7.29926
  20
8.57123
  30
0.00000
  42
0.0211
  70
32
  0
VERTEX
  5
DC6
  100
AcDbEntity
  8
Layer 1
  62
0
  100
AcDb2dVertex
  10
7.24754
  20
8.54495
  30
0.00000
  42
-0.0510
  70
32
  0
VERTEX
  5
DC7
  100
AcDbEntity
  8
Layer 1
  62
0
  100
AcDb2dVertex
  10
7.02993
  20
8.31534
  30
0.00000
  42
0.0216
  70
32
  0
VERTEX
  5
DC8
  100
AcDbEntity
  8
Layer 1
  62
0
  100
AcDb2dVertex
  10
6.80759
  20
8.10705
  30
0.00000
  42
0.0987
  70
32
  0
VERTEX
  5
DC9
  100
AcDbEntity
  8
Layer 1
  62
0
  100
AcDb2dVertex
  10
6.79664
  20
8.09315
  30
0.00000
  42
0.0805
  70
32
  0
VERTEX
  5
DCA
  100
AcDbEntity
  8
Layer 1
  62
0
  100
AcDb2dVertex
  10
6.79903
  20
8.03209
  30
0.00000
  42
0.0097
  70
32
  0
VERTEX
  5
DCB
  100
AcDbEntity
  8
Layer 1
  62
0
  100
AcDb2dVertex
  10
6.83809
  20
7.86529
  30
0.00000
  42
-0.0128
  70
32
  0
VERTEX
  5
DCC
  100
AcDbEntity
  8
Layer 1
  62
0
  100
AcDb2dVertex
  10
6.85102
  20
7.77360
  30
0.00000
  42
0.2920
  70
32
  0
VERTEX
  5
DCD
  100
AcDbEntity
  8
Layer 1
  62
0
  100
AcDb2dVertex
  10
6.88785
  20
7.72630
  30
0.00000
  42
-0.1744
  70
32
  0
VERTEX
  5
DCE
  100
AcDbEntity
  8
Layer 1
  62
0
  100
AcDb2dVertex
  10
6.89705
  20
7.72214
  30
0.00000
  70
32
  0
VERTEX
  5
DCF
  100
AcDbEntity
  8
Layer 1
  62
0
  100
AcDb2dVertex
  10
6.89735
  20
7.72067
  30
0.00000
  42
0.0688
  70
32
  0
VERTEX
  5
DD0
  100
AcDbEntity
  8
Layer 1
  62
0
  100
AcDb2dVertex
  10
6.89861
  20
7.69294
  30
0.00000
  42
0.1859
  70
32
  0
VERTEX
  5
DD1
  100
AcDbEntity
  8
Layer 1
  62
0
  100
AcDb2dVertex
  10
6.94477
  20
7.63600
  30
0.00000
  42
-0.3402
  70
32
  0
VERTEX
  5
DD2
  100
AcDbEntity
  8
Layer 1
  62
0
  100
AcDb2dVertex
  10
6.94754
  20
7.62835
  30
0.00000
  42
0.0181
  70
32
  0
VERTEX
  5
DD3
  100
AcDbEntity
  8
Layer 1
  62
0
  100
AcDb2dVertex
  10
6.94406
  20
7.61252
  30
0.00000
  42
0.1689
  70
32
  0
VERTEX
  5
DD4
  100
AcDbEntity
  8
Layer 1
  62
0
  100
AcDb2dVertex
  10
6.96064
  20
7.52638
  30
0.00000
  42
-0.1480
  70
32
  0
VERTEX
  5
DD5
  100
AcDbEntity
  8
Layer 1
  62
0
  100
AcDb2dVertex
  10
6.98344
  20
7.42906
  30
0.00000
  42
0.2278
  70
32
  0
VERTEX
  5
DD6
  100
AcDbEntity
  8
Layer 1
  62
0
  100
AcDb2dVertex
  10
6.98615
  20
7.42137
  30
0.00000
  42
-0.0226
  70
32
  0
VERTEX
  5
DD7
  100
AcDbEntity
  8
Layer 1
  62
0
  100
AcDb2dVertex
  10
7.09541
  20
7.30633
  30
0.00000
  42
-0.0424
  70
32
  0
VERTEX
  5
DD8
  100
AcDbEntity
  8
Layer 1
  62
0
  100
AcDb2dVertex
  10
7.39012
  20
6.89007
  30
0.00000
  42
-0.0059
  70
32
  0
VERTEX
  5
DD9
  100
AcDbEntity
  8
Layer 1
  62
0
  100
AcDb2dVertex
  10
7.67626
  20
6.38985
  30
0.00000
  42
0.0152
  70
32
  0
VERTEX
  5
DDA
  100
AcDbEntity
  8
Layer 1
  62
0
  100
AcDb2dVertex
  10
7.80730
  20
6.17300
  30
0.00000
  42
-0.0576
  70
32
  0
VERTEX
  5
DDB
  100
AcDbEntity
  8
Layer 1
  62
0
  100
AcDb2dVertex
  10
7.88707
  20
6.03973
  30
0.00000
  42
-0.1418
  70
32
  0
VERTEX
  5
DDC
  100
AcDbEntity
  8
Layer 1
  62
0
  100
AcDb2dVertex
  10
7.90319
  20
5.82586
  30
0.00000
  42
-0.0607
  70
32
  0
VERTEX
  5
DDD
  100
AcDbEntity
  8
Layer 1
  62
0
  100
AcDb2dVertex
  10
7.83641
  20
5.63969
  30
0.00000
  42
0.0640
  70
32
  0
VERTEX
  5
DDE
  100
AcDbEntity
  8
Layer 1
  62
0
  100
AcDb2dVertex
  10
7.77416
  20
5.46171
  30
0.00000
  42
0.0140
  70
32
  0
VERTEX
  5
DDF
  100
AcDbEntity
  8
Layer 1
  62
0
  100
AcDb2dVertex
  10
7.72500
  20
5.13663
  30
0.00000
  42
0.0061
  70
32
  0
VERTEX
  5
DE0
  100
AcDbEntity
  8
Layer 1
  62
0
  100
AcDb2dVertex
  10
7.65323
  20
4.65321
  30
0.00000
  42
-0.0097
  70
32
  0
VERTEX
  5
DE1
  100
AcDbEntity
  8
Layer 1
  62
0
  100
AcDb2dVertex
  10
7.61666
  20
4.40587
  30
0.00000
  42
0.0550
  70
32
  0
VERTEX
  5
DE2
  100
AcDbEntity
  8
Layer 1
  62
0
  100
AcDb2dVertex
  10
7.60883
  20
4.23366
  30
0.00000
  42
0.1734
  70
32
  0
VERTEX
  5
DE3
  100
AcDbEntity
  8
Layer 1
  62
0
  100
AcDb2dVertex
  10
7.65480
  20
4.11384
  30
0.00000
  42
0.0587
  70
32
  0
VERTEX
  5
DE4
  100
AcDbEntity
  8
Layer 1
  62
0
  100
AcDb2dVertex
  10
7.78295
  20
4.01978
  30
0.00000
  42
0.1113
  70
32
  0
VERTEX
  5
DE5
  100
AcDbEntity
  8
Layer 1
  62
0
  100
AcDb2dVertex
  10
7.98286
  20
3.94660
  30
0.00000
  42
0.1440
  70
32
  0
VERTEX
  5
DE6
  100
AcDbEntity
  8
Layer 1
  62
0
  100
AcDb2dVertex
  10
8.05247
  20
3.96097
  30
0.00000
  42
-0.2574
  70
32
  0
VERTEX
  5
DE7
  100
AcDbEntity
  8
Layer 1
  62
0
  100
AcDb2dVertex
  10
8.15238
  20
3.95830
  30
0.00000
  42
-0.0242
  70
32
  0
VERTEX
  5
DE8
  100
AcDbEntity
  8
Layer 1
  62
0
  100
AcDb2dVertex
  10
8.21596
  20
3.90217
  30
0.00000
  42
-0.0990
  70
32
  0
VERTEX
  5
DE9
  100
AcDbEntity
  8
Layer 1
  62
0
  100
AcDb2dVertex
  10
8.23640
  20
3.87790
  30
0.00000
  42
0.0299
  70
32
  0
VERTEX
  5
DEA
  100
AcDbEntity
  8
Layer 1
  62
0
  100
AcDb2dVertex
  10
8.26067
  20
3.80023
  30
0.00000
  42
-0.2982
  70
32
  0
VERTEX
  5
DEB
  100
AcDbEntity
  8
Layer 1
  62
0
  100
AcDb2dVertex
  10
8.24645
  20
3.72841
  30
0.00000
  42
-0.0458
  70
32
  0
VERTEX
  5
DEC
  100
AcDbEntity
  8
Layer 1
  62
0
  100
AcDb2dVertex
  10
8.18022
  20
3.68346
  30
0.00000
  42
0.0054
  70
32
  0
VERTEX
  5
DED
  100
AcDbEntity
  8
Layer 1
  62
0
  100
AcDb2dVertex
  10
8.12753
  20
3.64346
  30
0.00000
  42
-0.1171
  70
32
  0
VERTEX
  5
DEE
  100
AcDbEntity
  8
Layer 1
  62
0
  100
AcDb2dVertex
  10
8.08850
  20
3.64107
  30
0.00000
  42
0.1403
  70
32
  0
VERTEX
  5
DEF
  100
AcDbEntity
  8
Layer 1
  62
0
  100
AcDb2dVertex
  10
7.98854
  20
3.63626
  30
0.00000
  42
-0.0120
  70
32
  0
VERTEX
  5
DF0
  100
AcDbEntity
  8
Layer 1
  62
0
  100
AcDb2dVertex
  10
7.84688
  20
3.59447
  30
0.00000
  42
-0.1425
  70
32
  0
VERTEX
  5
DF1
  100
AcDbEntity
  8
Layer 1
  62
0
  100
AcDb2dVertex
  10
7.74406
  20
3.59625
  30
0.00000
  42
-0.0584
  70
32
  0
VERTEX
  5
DF2
  100
AcDbEntity
  8
Layer 1
  62
0
  100
AcDb2dVertex
  10
7.67996
  20
3.63705
  30
0.00000
  42
0.1883
  70
32
  0
VERTEX
  5
DF3
  100
AcDbEntity
  8
Layer 1
  62
0
  100
AcDb2dVertex
  10
7.67176
  20
3.63992
  30
0.00000
  42
-0.0519
  70
32
  0
VERTEX
  5
DF4
  100
AcDbEntity
  8
Layer 1
  62
0
  100
AcDb2dVertex
  10
7.61339
  20
3.63784
  30
0.00000
  42
0.0570
  70
32
  0
VERTEX
  5
DF5
  100
AcDbEntity
  8
Layer 1
  62
0
  100
AcDb2dVertex
  10
7.50228
  20
3.63987
  30
0.00000
  42
0.0277
  70
32
  0
VERTEX
  5
DF6
  100
AcDbEntity
  8
Layer 1
  62
0
  100
AcDb2dVertex
  10
7.35504
  20
3.60349
  30
0.00000
  42
-0.0308
  70
32
  0
VERTEX
  5
DF7
  100
AcDbEntity
  8
Layer 1
  62
0
  100
AcDb2dVertex
  10
7.29945
  20
3.59195
  30
0.00000
  42
-0.1761
  70
32
  0
VERTEX
  5
DF8
  100
AcDbEntity
  8
Layer 1
  62
0
  100
AcDb2dVertex
  10
7.13555
  20
3.62586
  30
0.00000
  42
-0.1658
  70
32
  0
VERTEX
  5
DF9
  100
AcDbEntity
  8
Layer 1
  62
0
  100
AcDb2dVertex
  10
7.07029
  20
3.69179
  30
0.00000
  42
-0.1072
  70
32
  0
VERTEX
  5
DFA
  100
AcDbEntity
  8
Layer 1
  62
0
  100
AcDb2dVertex
  10
7.06255
  20
3.80023
  30
0.00000
  42
-0.0547
  70
32
  0
VERTEX
  5
DFB
  100
AcDbEntity
  8
Layer 1
  62
0
  100
AcDb2dVertex
  10
7.10864
  20
3.96136
  30
0.00000
  42
0.0658
  70
32
  0
VERTEX
  5
DFC
  100
AcDbEntity
  8
Layer 1
  62
0
  100
AcDb2dVertex
  10
7.13118
  20
4.04749
  30
0.00000
  42
-0.1540
  70
32
  0
VERTEX
  5
DFD
  100
AcDbEntity
  8
Layer 1
  62
0
  100
AcDb2dVertex
  10
7.14938
  20
4.13085
  30
0.00000
  42
0.0578
  70
32
  0
VERTEX
  5
DFE
  100
AcDbEntity
  8
Layer 1
  62
0
  100
AcDb2dVertex
  10
7.18407
  20
4.20857
  30
0.00000
  42
0.0561
  70
32
  0
VERTEX
  5
DFF
  100
AcDbEntity
  8
Layer 1
  62
0
  100
AcDb2dVertex
  10
7.19322
  20
4.44205
  30
0.00000
  42
0.0306
  70
32
  0
VERTEX
  5
E00
  100
AcDbEntity
  8
Layer 1
  62
0
  100
AcDb2dVertex
  10
7.13957
  20
4.84768
  30
0.00000
  42
-0.0329
  70
32
  0
VERTEX
  5
E01
  100
AcDbEntity
  8
Layer 1
  62
0
  100
AcDb2dVertex
  10
7.09276
  20
5.21449
  30
0.00000
  42
-0.0529
  70
32
  0
VERTEX
  5
E02
  100
AcDbEntity
  8
Layer 1
  62
0
  100
AcDb2dVertex
  10
7.10587
  20
5.46184
  30
0.00000
  42
-0.0545
  70
32
  0
VERTEX
  5
E03
  100
AcDbEntity
  8
Layer 1
  62
0
  100
AcDb2dVertex
  10
7.19131
  20
5.69503
  30
0.00000
  42
-0.0522
  70
32
  0
VERTEX
  5
E04
  100
AcDbEntity
  8
Layer 1
  62
0
  100
AcDb2dVertex
  10
7.24629
  20
5.78119
  30
0.00000
  42
0.2697
  70
32
  0
VERTEX
  5
E05
  100
AcDbEntity
  8
Layer 1
  62
0
  100
AcDb2dVertex
  10
7.26603
  20
5.91745
  30
0.00000
  42
0.0686
  70
32
  0
VERTEX
  5
E06
  100
AcDbEntity
  8
Layer 1
  62
0
  100
AcDb2dVertex
  10
7.15616
  20
6.09579
  30
0.00000
  42
0.0418
  70
32
  0
VERTEX
  5
E07
  100
AcDbEntity
  8
Layer 1
  62
0
  100
AcDb2dVertex
  10
6.97727
  20
6.26811
  30
0.00000
  70
32
  0
VERTEX
  5
E08
  100
AcDbEntity
  8
Layer 1
  62
0
  100
AcDb2dVertex
  10
6.67576
  20
6.50695
  30
0.00000
  42
0.4819
  70
32
  0
VERTEX
  5
E09
  100
AcDbEntity
  8
Layer 1
  62
0
  100
AcDb2dVertex
  10
6.67356
  20
6.50611
  30
0.00000
  42
0.0191
  70
32
  0
VERTEX
  5
E0A
  100
AcDbEntity
  8
Layer 1
  62
0
  100
AcDb2dVertex
  10
6.71732
  20
6.31207
  30
0.00000
  42
-0.0489
  70
32
  0
VERTEX
  5
E0B
  100
AcDbEntity
  8
Layer 1
  62
0
  100
AcDb2dVertex
  10
6.76415
  20
6.03973
  30
0.00000
  42
0.0140
  70
32
  0
VERTEX
  5
E0C
  100
AcDbEntity
  8
Layer 1
  62
0
  100
AcDb2dVertex
  10
6.77798
  20
5.83135
  30
0.00000
  42
-0.0190
  70
32
  0
VERTEX
  5
E0D
  100
AcDbEntity
  8
Layer 1
  62
0
  100
AcDb2dVertex
  10
6.79992
  20
5.65629
  30
0.00000
  42
-0.1096
  70
32
  0
VERTEX
  5
E0E
  100
AcDbEntity
  8
Layer 1
  62
0
  100
AcDb2dVertex
  10
6.77940
  20
5.49796
  30
0.00000
  42
-0.1948
  70
32
  0
VERTEX
  5
E0F
  100
AcDbEntity
  8
Layer 1
  62
0
  100
AcDb2dVertex
  10
6.54089
  20
5.27086
  30
0.00000
  42
0.0179
  70
32
  0
VERTEX
  5
E10
  100
AcDbEntity
  8
Layer 1
  62
0
  100
AcDb2dVertex
  10
6.39655
  20
5.21698
  30
0.00000
  42
0.0356
  70
32
  0
VERTEX
  5
E11
  100
AcDbEntity
  8
Layer 1
  62
0
  100
AcDb2dVertex
  10
6.26049
  20
5.13036
  30
0.00000
  70
32
  0
VERTEX
  5
E12
  100
AcDbEntity
  8
Layer 1
  62
0
  100
AcDb2dVertex
  10
6.02128
  20
4.98433
  30
0.00000
  42
0.0160
  70
32
  0
VERTEX
  5
E13
  100
AcDbEntity
  8
Layer 1
  62
0
  100
AcDb2dVertex
  10
5.65990
  20
4.72902
  30
0.00000
  42
0.0558
  70
32
  0
VERTEX
  5
E14
  100
AcDbEntity
  8
Layer 1
  62
0
  100
AcDb2dVertex
  10
5.40894
  20
4.49270
  30
0.00000
  42
0.1769
  70
32
  0
VERTEX
  5
E15
  100
AcDbEntity
  8
Layer 1
  62
0
  100
AcDb2dVertex
  10
5.40449
  20
4.48490
  30
0.00000
  70
32
  0
VERTEX
  5
E16
  100
AcDbEntity
  8
Layer 1
  62
0
  100
AcDb2dVertex
  10
5.45917
  20
4.17606
  30
0.00000
  42
0.2883
  70
32
  0
VERTEX
  5
E17
  100
AcDbEntity
  8
Layer 1
  62
0
  100
AcDb2dVertex
  10
5.46352
  20
4.17070
  30
0.00000
  42
0.0267
  70
32
  0
VERTEX
  5
E18
  100
AcDbEntity
  8
Layer 1
  62
0
  100
AcDb2dVertex
  10
5.49617
  20
4.16221
  30
0.00000
  42
-0.1949
  70
32
  0
VERTEX
  5
E19
  100
AcDbEntity
  8
Layer 1
  62
0
  100
AcDb2dVertex
  10
5.55447
  20
4.12917
  30
0.00000
  42
0.2607
  70
32
  0
VERTEX
  5
E1A
  100
AcDbEntity
  8
Layer 1
  62
0
  100
AcDb2dVertex
  10
5.56580
  20
4.12619
  30
0.00000
  42
-0.0887
  70
32
  0
VERTEX
  5
E1B
  100
AcDbEntity
  8
Layer 1
  62
0
  100
AcDb2dVertex
  10
5.63771
  20
4.11733
  30
0.00000
  42
-0.3432
  70
32
  0
VERTEX
  5
E1C
  100
AcDbEntity
  8
Layer 1
  62
0
  100
AcDb2dVertex
  10
5.66565
  20
4.07541
  30
0.00000
  42
0.1871
  70
32
  0
VERTEX
  5
E1D
  100
AcDbEntity
  8
Layer 1
  62
0
  100
AcDb2dVertex
  10
5.68472
  20
3.99200
  30
0.00000
  42
-0.2415
  70
32
  0
VERTEX
  5
E1E
  100
AcDbEntity
  8
Layer 1
  62
0
  100
AcDb2dVertex
  10
5.69504
  20
3.95032
  30
0.00000
  42
-0.0246
  70
32
  0
VERTEX
  5
E1F
  100
AcDbEntity
  8
Layer 1
  62
0
  100
AcDb2dVertex
  10
5.67418
  20
3.90212
  30
0.00000
  42
-0.2214
  70
32
  0
VERTEX
  5
E20
  100
AcDbEntity
  8
Layer 1
  62
0
  100
AcDb2dVertex
  10
5.67034
  20
3.89942
  30
0.00000
  42
0.0125
  70
32
  0
VERTEX
  5
E21
  100
AcDbEntity
  8
Layer 1
  62
0
  100
AcDb2dVertex
  10
5.54065
  20
3.86789
  30
0.00000
  42
-0.0887
  70
32
  0
VERTEX
  5
E22
  100
AcDbEntity
  8
Layer 1
  62
0
  100
AcDb2dVertex
  10
5.35450
  20
3.84972
  30
0.00000
  42
-0.1456
  70
32
  0
VERTEX
  5
E23
  100
AcDbEntity
  8
Layer 1
  62
0
  100
AcDb2dVertex
  10
5.13752
  20
3.95295
  30
0.00000
  42
-0.1565
  70
32
  0
VERTEX
  5
E24
  100
AcDbEntity
  8
Layer 1
  62
0
  100
AcDb2dVertex
  10
5.07536
  20
4.04733
  30
0.00000
  42
0.1179
  70
32
  0
VERTEX
  5
E25
  100
AcDbEntity
  8
Layer 1
  62
0
  100
AcDb2dVertex
  10
4.98939
  20
4.20572
  30
0.00000
  42
0.0195
  70
32
  0
VERTEX
  5
E26
  100
AcDbEntity
  8
Layer 1
  62
0
  100
AcDb2dVertex
  10
4.85927
  20
4.33590
  30
0.00000
  42
-0.0960
  70
32
  0
VERTEX
  5
E27
  100
AcDbEntity
  8
Layer 1
  62
0
  100
AcDb2dVertex
  10
4.76783
  20
4.46147
  30
0.00000
  42
-0.2120
  70
32
  0
VERTEX
  5
E28
  100
AcDbEntity
  8
Layer 1
  62
0
  100
AcDb2dVertex
  10
4.76725
  20
4.63630
  30
0.00000
  42
-0.0353
  70
32
  0
VERTEX
  5
E29
  100
AcDbEntity
  8
Layer 1
  62
0
  100
AcDb2dVertex
  10
4.82543
  20
4.72817
  30
0.00000
  42
-0.0297
  70
32
  0
VERTEX
  5
E2A
  100
AcDbEntity
  8
Layer 1
  62
0
  100
AcDb2dVertex
  10
4.84075
  20
4.75241
  30
0.00000
  42
-0.0329
  70
32
  0
VERTEX
  5
E2B
  100
AcDbEntity
  8
Layer 1
  62
0
  100
AcDb2dVertex
  10
4.90678
  20
4.78838
  30
0.00000
  70
32
  0
VERTEX
  5
E2C
  100
AcDbEntity
  8
Layer 1
  62
0
  100
AcDb2dVertex
  10
5.11806
  20
4.87857
  30
0.00000
  42
0.0928
  70
32
  0
VERTEX
  5
E2D
  100
AcDbEntity
  8
Layer 1
  62
0
  100
AcDb2dVertex
  10
5.28644
  20
4.98952
  30
0.00000
  42
0.0323
  70
32
  0
VERTEX
  5
E2E
  100
AcDbEntity
  8
Layer 1
  62
0
  100
AcDb2dVertex
  10
5.45998
  20
5.19760
  30
0.00000
  70
32
  0
VERTEX
  5
E2F
  100
AcDbEntity
  8
Layer 1
  62
0
  100
AcDb2dVertex
  10
5.64140
  20
5.41994
  30
0.00000
  42
-0.0262
  70
32
  0
VERTEX
  5
E30
  100
AcDbEntity
  8
Layer 1
  62
0
  100
AcDb2dVertex
  10
5.78185
  20
5.59563
  30
0.00000
  42
-0.0906
  70
32
  0
VERTEX
  5
E31
  100
AcDbEntity
  8
Layer 1
  62
0
  100
AcDb2dVertex
  10
5.87947
  20
5.67169
  30
0.00000
  42
0.1314
  70
32
  0
VERTEX
  5
E32
  100
AcDbEntity
  8
Layer 1
  62
0
  100
AcDb2dVertex
  10
5.94893
  20
5.71990
  30
0.00000
  70
32
  0
VERTEX
  5
E33
  100
AcDbEntity
  8
Layer 1
  62
0
  100
AcDb2dVertex
  10
5.95440
  20
5.72286
  30
0.00000
  42
-0.0338
  70
32
  0
VERTEX
  5
E34
  100
AcDbEntity
  8
Layer 1
  62
0
  100
AcDb2dVertex
  10
5.98231
  20
5.72987
  30
0.00000
  42
0.0156
  70
32
  0
VERTEX
  5
E35
  100
AcDbEntity
  8
Layer 1
  62
0
  100
AcDb2dVertex
  10
6.12403
  20
5.75538
  30
0.00000
  42
0.1346
  70
32
  0
VERTEX
  5
E36
  100
AcDbEntity
  8
Layer 1
  62
0
  100
AcDb2dVertex
  10
6.19623
  20
5.79402
  30
0.00000
  42
0.2175
  70
32
  0
VERTEX
  5
E37
  100
AcDbEntity
  8
Layer 1
  62
0
  100
AcDb2dVertex
  10
6.19691
  20
5.79880
  30
0.00000
  70
32
  0
VERTEX
  5
E38
  100
AcDbEntity
  8
Layer 1
  62
0
  100
AcDb2dVertex
  10
6.18807
  20
5.83416
  30
0.00000
  42
0.0580
  70
32
  0
VERTEX
  5
E39
  100
AcDbEntity
  8
Layer 1
  62
0
  100
AcDb2dVertex
  10
6.05051
  20
6.16481
  30
0.00000
  42
-0.0059
  70
32
  0
VERTEX
  5
E3A
  100
AcDbEntity
  8
Layer 1
  62
0
  100
AcDb2dVertex
  10
5.82205
  20
6.58415
  30
0.00000
  42
-0.0296
  70
32
  0
VERTEX
  5
E3B
  100
AcDbEntity
  8
Layer 1
  62
0
  100
AcDb2dVertex
  10
5.61784
  20
7.00664
  30
0.00000
  42
0.0214
  70
32
  0
VERTEX
  5
E3C
  100
AcDbEntity
  8
Layer 1
  62
0
  100
AcDb2dVertex
  10
5.61946
  20
7.02889
  30
0.00000
  42
0.0351
  70
32
  0
VERTEX
  5
E3D
  100
AcDbEntity
  8
Layer 1
  62
0
  100
AcDb2dVertex
  10
5.60120
  20
7.11500
  30
0.00000
  42
-0.2269
  70
32
  0
VERTEX
  5
E3E
  100
AcDbEntity
  8
Layer 1
  62
0
  100
AcDb2dVertex
  10
5.61486
  20
7.20211
  30
0.00000
  42
0.1956
  70
32
  0
VERTEX
  5
E3F
  100
AcDbEntity
  8
Layer 1
  62
0
  100
AcDb2dVertex
  10
5.61527
  20
7.20748
  30
0.00000
  42
0.0239
  70
32
  0
VERTEX
  5
E40
  100
AcDbEntity
  8
Layer 1
  62
0
  100
AcDb2dVertex
  10
5.60971
  20
7.22042
  30
0.00000
  42
-0.0461
  70
32
  0
VERTEX
  5
E41
  100
AcDbEntity
  8
Layer 1
  62
0
  100
AcDb2dVertex
  10
5.56155
  20
7.32625
  30
0.00000
  42
-0.2826
  70
32
  0
VERTEX
  5
E42
  100
AcDbEntity
  8
Layer 1
  62
0
  100
AcDb2dVertex
  10
5.58152
  20
7.42900
  30
0.00000
  42
0.2213
  70
32
  0
VERTEX
  5
E43
  100
AcDbEntity
  8
Layer 1
  62
0
  100
AcDb2dVertex
  10
5.58303
  20
7.43734
  30
0.00000
  42
0.1168
  70
32
  0
VERTEX
  5
E44
  100
AcDbEntity
  8
Layer 1
  62
0
  100
AcDb2dVertex
  10
5.55872
  20
7.48464
  30
0.00000
  42
-0.2097
  70
32
  0
VERTEX
  5
E45
  100
AcDbEntity
  8
Layer 1
  62
0
  100
AcDb2dVertex
  10
5.53956
  20
7.54574
  30
0.00000
  42
-0.0101
  70
32
  0
VERTEX
  5
E46
  100
AcDbEntity
  8
Layer 1
  62
0
  100
AcDb2dVertex
  10
5.56180
  20
7.61793
  30
0.00000
  42
0.0107
  70
32
  0
VERTEX
  5
E47
  100
AcDbEntity
  8
Layer 1
  62
0
  100
AcDb2dVertex
  10
5.57644
  20
7.70953
  30
0.00000
  42
-0.2954
  70
32
  0
VERTEX
  5
E48
  100
AcDbEntity
  8
Layer 1
  62
0
  100
AcDb2dVertex
  10
5.61931
  20
7.76216
  30
0.00000
  42
0.2460
  70
32
  0
VERTEX
  5
E49
  100
AcDbEntity
  8
Layer 1
  62
0
  100
AcDb2dVertex
  10
5.62210
  20
7.76603
  30
0.00000
  42
0.1135
  70
32
  0
VERTEX
  5
E4A
  100
AcDbEntity
  8
Layer 1
  62
0
  100
AcDb2dVertex
  10
5.61785
  20
7.79014
  30
0.00000
  42
-0.1504
  70
32
  0
VERTEX
  5
E4B
  100
AcDbEntity
  8
Layer 1
  62
0
  100
AcDb2dVertex
  10
5.60596
  20
7.83853
  30
0.00000
  42
-0.2677
  70
32
  0
VERTEX
  5
E4C
  100
AcDbEntity
  8
Layer 1
  62
0
  100
AcDb2dVertex
  10
5.60895
  20
7.84266
  30
0.00000
  42
0.0193
  70
32
  0
VERTEX
  5
E4D
  100
AcDbEntity
  8
Layer 1
  62
0
  100
AcDb2dVertex
  10
5.68215
  20
7.86994
  30
0.00000
  42
0.1384
  70
32
  0
VERTEX
  5
E4E
  100
AcDbEntity
  8
Layer 1
  62
0
  100
AcDb2dVertex
  10
5.69166
  20
7.88196
  30
0.00000
  42
0.0964
  70
32
  0
VERTEX
  5
E4F
  100
AcDbEntity
  8
Layer 1
  62
0
  100
AcDb2dVertex
  10
5.73996
  20
8.03744
  30
0.00000
  42
-0.0269
  70
32
  0
VERTEX
  5
E50
  100
AcDbEntity
  8
Layer 1
  62
0
  100
AcDb2dVertex
  10
5.76818
  20
8.20987
  30
0.00000
  42
-0.1007
  70
32
  0
VERTEX
  5
E51
  100
AcDbEntity
  8
Layer 1
  62
0
  100
AcDb2dVertex
  10
5.81214
  20
8.30709
  30
0.00000
  42
0.0720
  70
32
  0
VERTEX
  5
E52
  100
AcDbEntity
  8
Layer 1
  62
0
  100
AcDb2dVertex
  10
5.88924
  20
8.42379
  30
0.00000
  70
32
  0
VERTEX
  5
E53
  100
AcDbEntity
  8
Layer 1
  62
0
  100
AcDb2dVertex
  10
6.00439
  20
8.67950
  30
0.00000
  42
-0.0116
  70
32
  0
VERTEX
  5
E54
  100
AcDbEntity
  8
Layer 1
  62
0
  100
AcDb2dVertex
  10
6.09743
  20
8.87118
  30
0.00000
  42
-0.0306
  70
32
  0
VERTEX
  5
E55
  100
AcDbEntity
  8
Layer 1
  62
0
  100
AcDb2dVertex
  10
6.15729
  20
8.99318
  30
0.00000
  42
-0.0757
  70
32
  0
VERTEX
  5
E56
  100
AcDbEntity
  8
Layer 1
  62
0
  100
AcDb2dVertex
  10
6.23816
  20
9.07611
  30
0.00000
  42
0.1272
  70
32
  0
VERTEX
  5
E57
  100
AcDbEntity
  8
Layer 1
  62
0
  100
AcDb2dVertex
  10
6.30761
  20
9.16119
  30
0.00000
  42
0.4906
  70
32
  0
VERTEX
  5
E58
  100
AcDbEntity
  8
Layer 1
  62
0
  100
AcDb2dVertex
  10
6.30651
  20
9.16252
  30
0.00000
  70
32
  0
VERTEX
  5
E59
  100
AcDbEntity
  8
Layer 1
  62
0
  100
AcDb2dVertex
  10
6.30342
  20
9.16093
  30
0.00000
  42
0.0152
  70
32
  0
VERTEX
  5
E5A
  100
AcDbEntity
  8
Layer 1
  62
0
  100
AcDb2dVertex
  10
5.91009
  20
8.88364
  30
0.00000
  70
32
  0
VERTEX
  5
E5B
  100
AcDbEntity
  8
Layer 1
  62
0
  100
AcDb2dVertex
  10
5.31276
  20
8.43274
  30
0.00000
  42
0.0093
  70
32
  0
VERTEX
  5
E5C
  100
AcDbEntity
  8
Layer 1
  62
0
  100
AcDb2dVertex
  10
4.85153
  20
8.09000
  30
0.00000
  42
-0.0175
  70
32
  0
VERTEX
  5
E5D
  100
AcDbEntity
  8
Layer 1
  62
0
  100
AcDb2dVertex
  10
4.65699
  20
7.93986
  30
0.00000
  42
0.0147
  70
32
  0
VERTEX
  5
E5E
  100
AcDbEntity
  8
Layer 1
  62
0
  100
AcDb2dVertex
  10
4.38195
  20
7.74505
  30
0.00000
  70
32
  0
VERTEX
  5
E5F
  100
AcDbEntity
  8
Layer 1
  62
0
  100
AcDb2dVertex
  10
1.74508
  20
5.78290
  30
0.00000
  70
32
  0
VERTEX
  5
E60
  100
AcDbEntity
  8
Layer 1
  62
0
  100
AcDb2dVertex
  10
1.73751
  20
5.77733
  30
0.00000
  70
32
  0
VERTEX
  5
E61
  100
AcDbEntity
  8
Layer 1
  62
0
  100
AcDb2dVertex
  10
0.42817
  20
4.81576
  30
0.00000
  42
0.1026
  70
32
  0
VERTEX
  5
E62
  100
AcDbEntity
  8
Layer 1
  62
0
  100
AcDb2dVertex
  10
0.42453
  20
4.81135
  30
0.00000
  42
-0.0255
  70
32
  0
VERTEX
  5
E63
  100
AcDbEntity
  8
Layer 1
  62
0
  100
AcDb2dVertex
  10
0.42006
  20
4.80053
  30
0.00000
  42
-0.5630
  70
32
  0
VERTEX
  5
E64
  100
AcDbEntity
  8
Layer 1
  62
0
  100
AcDb2dVertex
  10
0.35343
  20
4.78677
  30
0.00000
  42
-0.1976
  70
32
  0
VERTEX
  5
E65
  100
AcDbEntity
  8
Layer 1
  62
0
  100
AcDb2dVertex
  10
0.34410
  20
4.82751
  30
0.00000
  42
0.2124
  70
32
  0
VERTEX
  5
E66
  100
AcDbEntity
  8
Layer 1
  62
0
  100
AcDb2dVertex
  10
0.34221
  20
4.83223
  30
0.00000
  42
0.0222
  70
32
  0
VERTEX
  5
E67
  100
AcDbEntity
  8
Layer 1
  62
0
  100
AcDb2dVertex
  10
0.33329
  20
4.83962
  30
0.00000
  42
-0.0842
  70
32
  0
VERTEX
  5
E68
  100
AcDbEntity
  8
Layer 1
  62
0
  100
AcDb2dVertex
  10
0.26283
  20
4.93100
  30
0.00000
  42
0.0751
  70
32
  0
VERTEX
  5
E69
  100
AcDbEntity
  8
Layer 1
  62
0
  100
AcDb2dVertex
  10
0.18941
  20
5.03139
  30
0.00000
  42
0.0137
  70
32
  0
VERTEX
  5
E6A
  100
AcDbEntity
  8
Layer 1
  62
0
  100
AcDb2dVertex
  10
0.16670
  20
5.04939
  30
0.00000
  42
-0.1719
  70
32
  0
VERTEX
  5
E6B
  100
AcDbEntity
  8
Layer 1
  62
0
  100
AcDb2dVertex
  10
0.16493
  20
5.05420
  30
0.00000
  42
0.1420
  70
32
  0
VERTEX
  5
E6C
  100
AcDbEntity
  8
Layer 1
  62
0
  100
AcDb2dVertex
  10
0.15055
  20
5.10061
  30
0.00000
  42
-0.0318
  70
32
  0
VERTEX
  5
E6D
  100
AcDbEntity
  8
Layer 1
  62
0
  100
AcDb2dVertex
  10
0.12550
  20
5.13661
  30
0.00000
  42
-0.0147
  70
32
  0
VERTEX
  5
E6E
  100
AcDbEntity
  8
Layer 1
  62
0
  100
AcDb2dVertex
  10
0.09760
  20
5.31162
  30
0.00000
  70
32
  0
VERTEX
  5
E6F
  100
AcDbEntity
  8
Layer 1
  62
0
  100
AcDb2dVertex
  10
0.04003
  20
5.76941
  30
0.00000
  42
0.3073
  70
32
  0
VERTEX
  5
E70
  100
AcDbEntity
  8
Layer 1
  62
0
  100
AcDb2dVertex
  10
0.03543
  20
5.77431
  30
0.00000
  70
32
  0
VERTEX
  5
E71
  100
AcDbEntity
  8
Layer 1
  62
0
  100
AcDb2dVertex
  10
0.01944
  20
5.77657
  30
0.00000
  42
-0.2994
  70
32
  0
VERTEX
  5
E72
  100
AcDbEntity
  8
Layer 1
  62
0
  100
AcDb2dVertex
  10
0.00785
  20
5.78610
  30
0.00000
  42
-0.2612
  70
32
  0
VERTEX
  5
E73
  100
AcDbEntity
  8
Layer 1
  62
0
  100
AcDb2dVertex
  10
0.00859
  20
5.79101
  30
0.00000
  42
-0.0444
  70
32
  0
VERTEX
  5
E74
  100
AcDbEntity
  8
Layer 1
  62
0
  100
AcDb2dVertex
  10
0.19721
  20
5.95995
  30
0.00000
  70
32
  0
VERTEX
  5
E75
  100
AcDbEntity
  8
Layer 1
  62
0
  100
AcDb2dVertex
  10
0.55858
  20
6.22869
  30
0.00000
  70
32
  0
VERTEX
  5
E76
  100
AcDbEntity
  8
Layer 1
  62
0
  100
AcDb2dVertex
  10
1.47838
  20
6.91489
  30
0.00000
  42
0.0058
  70
32
  0
VERTEX
  5
E77
  100
AcDbEntity
  8
Layer 1
  62
0
  100
AcDb2dVertex
  10
2.79261
  20
7.91440
  30
0.00000
  70
32
  0
VERTEX
  5
E78
  100
AcDbEntity
  8
Layer 1
  62
0
  100
AcDb2dVertex
  10
3.16845
  20
8.20864
  30
0.00000
  42
0.0057
  70
32
  0
VERTEX
  5
E79
  100
AcDbEntity
  8
Layer 1
  62
0
  100
AcDb2dVertex
  10
3.85373
  20
8.71217
  30
0.00000
  70
32
  0
VERTEX
  5
E7A
  100
AcDbEntity
  8
Layer 1
  62
0
  100
AcDb2dVertex
  10
5.25996
  20
9.78244
  30
0.00000
  70
32
  0
VERTEX
  5
E7B
  100
AcDbEntity
  8
Layer 1
  62
0
  100
AcDb2dVertex
  10
6.46014
  20
10.71262
  30
0.00000
  42
0.0420
  70
32
  0
VERTEX
  5
E7C
  100
AcDbEntity
  8
Layer 1
  62
0
  100
AcDb2dVertex
  10
6.47096
  20
10.72150
  30
0.00000
  42
0.2201
  70
32
  0
VERTEX
  5
E7D
  100
AcDbEntity
  8
Layer 1
  62
0
  100
AcDb2dVertex
  10
6.47184
  20
10.72427
  30
0.00000
  42
0.1092
  70
32
  0
VERTEX
  5
E7E
  100
AcDbEntity
  8
Layer 1
  62
0
  100
AcDb2dVertex
  10
6.47008
  20
10.72735
  30
0.00000
  70
32
  0
VERTEX
  5
E7F
  100
AcDbEntity
  8
Layer 1
  62
0
  100
AcDb2dVertex
  10
5.89027
  20
11.37166
  30
0.00000
  70
32
  0
VERTEX
  5
E80
  100
AcDbEntity
  8
Layer 1
  62
0
  100
AcDb2dVertex
  10
4.61658
  20
12.76089
  30
0.00000
  42
-0.2402
  70
32
  0
VERTEX
  5
E81
  100
AcDbEntity
  8
Layer 1
  62
0
  100
AcDb2dVertex
  10
4.61404
  20
12.76740
  30
0.00000
  42
0.1891
  70
32
  0
VERTEX
  5
E82
  100
AcDbEntity
  8
Layer 1
  62
0
  100
AcDb2dVertex
  10
4.60014
  20
12.82459
  30
0.00000
  42
-0.1288
  70
32
  0
VERTEX
  5
E83
  100
AcDbEntity
  8
Layer 1
  62
0
  100
AcDb2dVertex
  10
4.59802
  20
12.83047
  30
0.00000
  42
-0.2252
  70
32
  0
VERTEX
  5
E84
  100
AcDbEntity
  8
Layer 1
  62
0
  100
AcDb2dVertex
  10
4.60031
  20
12.83429
  30
0.00000
  42
0.0576
  70
32
  0
VERTEX
  5
E85
  100
AcDbEntity
  8
Layer 1
  62
0
  100
AcDb2dVertex
  10
4.67692
  20
12.89399
  30
0.00000
  42
-0.0121
  70
32
  0
VERTEX
  5
E86
  100
AcDbEntity
  8
Layer 1
  62
0
  100
AcDb2dVertex
  10
4.81558
  20
13.03233
  30
0.00000
  70
32
  0
VERTEX
  5
E87
  100
AcDbEntity
  8
Layer 1
  62
0
  100
AcDb2dVertex
  10
5.22579
  20
13.41062
  30
0.00000
  42
-0.2049
  70
32
  0
VERTEX
  5
E88
  100
AcDbEntity
  8
Layer 1
  62
0
  100
AcDb2dVertex
  10
5.23100
  20
13.41228
  30
0.00000
  70
32
  0
VERTEX
  5
E89
  100
AcDbEntity
  8
Layer 1
  62
0
  100
AcDb2dVertex
  10
5.44042
  20
13.34980
  30
0.00000
  42
0.0432
  70
32
  0
VERTEX
  5
E8A
  100
AcDbEntity
  8
Layer 1
  62
0
  100
AcDb2dVertex
  10
5.73764
  20
13.28453
  30
0.00000
  42
-0.2082
  70
32
  0
VERTEX
  5
E8B
  100
AcDbEntity
  8
Layer 1
  62
0
  100
AcDb2dVertex
  10
5.75006
  20
13.28023
  30
0.00000
  70
32
  0
VERTEX
  5
E8C
  100
AcDbEntity
  8
Layer 1
  62
0
  100
AcDb2dVertex
  10
6.25746
  20
12.69441
  30
0.00000
  42
-0.0054
  70
32
  0
VERTEX
  5
E8D
  100
AcDbEntity
  8
Layer 1
  62
0
  100
AcDb2dVertex
  10
7.36344
  20
11.40929
  30
0.00000
  42
0.1708
  70
32
  0
VERTEX
  5
E8E
  100
AcDbEntity
  8
Layer 1
  62
0
  100
AcDb2dVertex
  10
7.36628
  20
11.40763
  30
0.00000
  42
0.1451
  70
32
  0
VERTEX
  5
E8F
  100
AcDbEntity
  8
Layer 1
  62
0
  100
AcDb2dVertex
  10
7.36971
  20
11.40883
  30
0.00000
  42
0.0191
  70
32
  0
VERTEX
  5
E90
  100
AcDbEntity
  8
Layer 1
  62
0
  100
AcDb2dVertex
  10
7.62952
  20
11.59538
  30
0.00000
  42
-0.0109
  70
32
  0
VERTEX
  5
E91
  100
AcDbEntity
  8
Layer 1
  62
0
  100
AcDb2dVertex
  10
8.01070
  20
11.88461
  30
0.00000
  42
-0.0097
  70
32
  0
VERTEX
  5
E92
  100
AcDbEntity
  8
Layer 1
  62
0
  100
AcDb2dVertex
  10
8.39979
  20
12.19917
  30
0.00000
  42
0.0218
  70
32
  0
VERTEX
  5
E93
  100
AcDbEntity
  8
Layer 1
  62
0
  100
AcDb2dVertex
  10
8.54401
  20
12.32037
  30
0.00000
  42
-0.0831
  70
32
  0
VERTEX
  5
E94
  100
AcDbEntity
  8
Layer 1
  62
0
  100
AcDb2dVertex
  10
8.63301
  20
12.38607
  30
0.00000
  42
-0.1711
  70
32
  0
VERTEX
  5
E95
  100
AcDbEntity
  8
Layer 1
  62
0
  100
AcDb2dVertex
  10
8.70248
  20
12.38719
  30
0.00000
  70
32
  0
VERTEX
  5
E96
  100
AcDbEntity
  8
Layer 1
  62
0
  100
AcDb2dVertex
  10
8.83869
  20
12.34560
  30
0.00000
  70
32
  0
VERTEX
  5
E97
  100
AcDbEntity
  8
Layer 1
  62
0
  100
AcDb2dVertex
  10
9.17205
  20
12.24030
  30
0.00000
  42
0.0601
  70
32
  0
VERTEX
  5
E98
  100
AcDbEntity
  8
Layer 1
  62
0
  100
AcDb2dVertex
  10
9.38046
  20
12.19527
  30
0.00000
  42
-0.3099
  70
32
  0
VERTEX
  5
E99
  100
AcDbEntity
  8
Layer 1
  62
0
  100
AcDb2dVertex
  10
9.38839
  20
12.18879
  30
0.00000
  42
-0.2132
  70
32
  0
VERTEX
  5
E9A
  100
AcDbEntity
  8
Layer 1
  62
0
  100
AcDb2dVertex
  10
9.38695
  20
12.18309
  30
0.00000
  42
-0.0670
  70
32
  0
VERTEX
  5
E9B
  100
AcDbEntity
  8
Layer 1
  62
0
  100
AcDb2dVertex
  10
9.38040
  20
12.17862
  30
0.00000
  42
0.1605
  70
32
  0
VERTEX
  5
E9C
  100
AcDbEntity
  8
Layer 1
  62
0
  100
AcDb2dVertex
  10
9.36941
  20
12.16960
  30
0.00000
  42
0.2679
  70
32
  0
VERTEX
  5
E9D
  100
AcDbEntity
  8
Layer 1
  62
0
  100
AcDb2dVertex
  10
9.36963
  20
12.16513
  30
0.00000
  42
-0.0268
  70
32
  0
VERTEX
  5
E9E
  100
AcDbEntity
  8
Layer 1
  62
0
  100
AcDb2dVertex
  10
9.51994
  20
11.95256
  30
0.00000
  70
32
  0
VERTEX
  5
E9F
  100
AcDbEntity
  8
Layer 1
  62
0
  100
AcDb2dVertex
  10
9.74246
  20
11.59044
  30
0.00000
  42
-0.2890
  70
32
  0
VERTEX
  5
EA0
  100
AcDbEntity
  8
Layer 1
  62
0
  100
AcDb2dVertex
  10
9.74195
  20
11.58854
  30
0.00000
  42
-0.2888
  70
32
  0
VERTEX
  5
EA1
  100
AcDbEntity
  8
Layer 1
  62
0
  100
AcDb2dVertex
  10
9.74001
  20
11.58818
  30
0.00000
  70
32
  0
VERTEX
  5
EA2
  100
AcDbEntity
  8
Layer 1
  62
0
  100
AcDb2dVertex
  10
9.73584
  20
11.58994
  30
0.00000
  42
0.0831
  70
32
  0
VERTEX
  5
EA3
  100
AcDbEntity
  8
Layer 1
  62
0
  100
AcDb2dVertex
  10
9.72961
  20
11.59214
  30
0.00000
  42
0.4859
  70
32
  0
VERTEX
  5
EA4
  100
AcDbEntity
  8
Layer 1
  62
0
  100
AcDb2dVertex
  10
9.72558
  20
11.58775
  30
0.00000
  42
-0.0517
  70
32
  0
VERTEX
  5
EA5
  100
AcDbEntity
  8
Layer 1
  62
0
  100
AcDb2dVertex
  10
9.72470
  20
11.56667
  30
0.00000
  42
-0.2745
  70
32
  0
VERTEX
  5
EA6
  100
AcDbEntity
  8
Layer 1
  62
0
  100
AcDb2dVertex
  10
9.72067
  20
11.55807
  30
0.00000
  42
-0.2745
  70
32
  0
VERTEX
  5
EA7
  100
AcDbEntity
  8
Layer 1
  62
0
  100
AcDb2dVertex
  10
9.71120
  20
11.55749
  30
0.00000
  42
-0.2178
  70
32
  0
VERTEX
  5
EA8
  100
AcDbEntity
  8
Layer 1
  62
0
  100
AcDb2dVertex
  10
9.69662
  20
11.57174
  30
0.00000
  42
0.0603
  70
32
  0
VERTEX
  5
EA9
  100
AcDbEntity
  8
Layer 1
  62
0
  100
AcDb2dVertex
  10
9.69049
  20
11.58257
  30
0.00000
  42
0.2156
  70
32
  0
VERTEX
  5
EAA
  100
AcDbEntity
  8
Layer 1
  62
0
  100
AcDb2dVertex
  10
9.68848
  20
11.58363
  30
0.00000
  42
0.1289
  70
32
  0
VERTEX
  5
EAB
  100
AcDbEntity
  8
Layer 1
  62
0
  100
AcDb2dVertex
  10
9.68532
  20
11.58258
  30
0.00000
  42
0.0070
  70
32
  0
VERTEX
  5
EAC
  100
AcDbEntity
  8
Layer 1
  62
0
  100
AcDb2dVertex
  10
9.37231
  20
11.36059
  30
0.00000
  70
32
  0
VERTEX
  5
EAD
  100
AcDbEntity
  8
Layer 1
  62
0
  100
AcDb2dVertex
  10
8.46438
  20
10.67514
  30
0.00000
  42
0.3640
  70
32
  0
VERTEX
  5
EAE
  100
AcDbEntity
  8
Layer 1
  62
0
  100
AcDb2dVertex
  10
8.46221
  20
10.66815
  30
0.00000
  42
-0.1570
  70
32
  0
VERTEX
  5
EAF
  100
AcDbEntity
  8
Layer 1
  62
0
  100
AcDb2dVertex
  10
8.46966
  20
10.61043
  30
0.00000
  42
0.3468
  70
32
  0
VERTEX
  5
EB0
  100
AcDbEntity
  8
Layer 1
  62
0
  100
AcDb2dVertex
  10
8.50795
  20
10.51724
  30
0.00000
  42
0.0177
  70
32
  0
VERTEX
  5
EB1
  100
AcDbEntity
  8
Layer 1
  62
0
  100
AcDb2dVertex
  10
8.58036
  20
10.48204
  30
0.00000
  42
-0.4818
  70
32
  0
VERTEX
  5
EB2
  100
AcDbEntity
  8
Layer 1
  62
0
  100
AcDb2dVertex
  10
8.59901
  20
10.41588
  30
0.00000
  42
-0.0571
  70
32
  0
VERTEX
  5
EB3
  100
AcDbEntity
  8
Layer 1
  62
0
  100
AcDb2dVertex
  10
8.55523
  20
10.37698
  30
0.00000
  42
0.0986
  70
32
  0
VERTEX
  5
EB4
  100
AcDbEntity
  8
Layer 1
  62
0
  100
AcDb2dVertex
  10
8.53539
  20
10.35377
  30
0.00000
  42
0.2542
  70
32
  0
VERTEX
  5
EB5
  100
AcDbEntity
  8
Layer 1
  62
0
  100
AcDb2dVertex
  10
8.53615
  20
10.34907
  30
0.00000
  42
0.0820
  70
32
  0
VERTEX
  5
EB6
  100
AcDbEntity
  8
Layer 1
  62
0
  100
AcDb2dVertex
  10
8.54715
  20
10.34012
  30
0.00000
  42
0.1054
  70
32
  0
VERTEX
  5
EB7
  100
AcDbEntity
  8
Layer 1
  62
0
  100
AcDb2dVertex
  10
8.61354
  20
10.32403
  30
0.00000
  42
-0.0759
  70
32
  0
VERTEX
  5
EB8
  100
AcDbEntity
  8
Layer 1
  62
0
  100
AcDb2dVertex
  10
8.69432
  20
10.31004
  30
0.00000
  42
-0.1294
  70
32
  0
VERTEX
  5
EB9
  100
AcDbEntity
  8
Layer 1
  62
0
  100
AcDb2dVertex
  10
8.70250
  20
10.30475
  30
0.00000
  70
32
  0
VERTEX
  5
EBA
  100
AcDbEntity
  8
Layer 1
  62
0
  100
AcDb2dVertex
  10
8.73592
  20
10.24645
  30
0.00000
  42
0.2321
  70
32
  0
VERTEX
  5
EBB
  100
AcDbEntity
  8
Layer 1
  62
0
  100
AcDb2dVertex
  10
8.81578
  20
10.18880
  30
0.00000
  42
-0.2597
  70
32
  0
VERTEX
  5
EBC
  100
AcDbEntity
  8
Layer 1
  62
0
  100
AcDb2dVertex
  10
8.82631
  20
10.17427
  30
0.00000
  42
-0.1052
  70
32
  0
VERTEX
  5
EBD
  100
AcDbEntity
  8
Layer 1
  62
0
  100
AcDb2dVertex
  10
8.84937
  20
10.09104
  30
0.00000
  42
0.2361
  70
32
  0
VERTEX
  5
EBE
  100
AcDbEntity
  8
Layer 1
  62
0
  100
AcDb2dVertex
  10
8.85282
  20
10.08394
  30
0.00000
  42
-0.1584
  70
32
  0
VERTEX
  5
EBF
  100
AcDbEntity
  8
Layer 1
  62
0
  100
AcDb2dVertex
  10
8.89404
  20
10.02984
  30
0.00000
  42
-0.2350
  70
32
  0
VERTEX
  5
EC0
  100
AcDbEntity
  8
Layer 1
  62
0
  100
AcDb2dVertex
  10
8.86325
  20
9.84697
  30
0.00000
  42
0.1742
  70
32
  0
VERTEX
  5
EC1
  100
AcDbEntity
  8
Layer 1
  62
0
  100
AcDb2dVertex
  10
8.86218
  20
9.84343
  30
0.00000
  42
0.1290
  70
32
  0
VERTEX
  5
EC2
  100
AcDbEntity
  8
Layer 1
  62
0
  100
AcDb2dVertex
  10
8.86408
  20
9.83973
  30
0.00000
  70
32
  0
VERTEX
  5
EC3
  100
AcDbEntity
  8
Layer 1
  62
0
  100
AcDb2dVertex
  10
8.98418
  20
9.70477
  30
0.00000
  42
0.0133
  70
32
  0
VERTEX
  5
EC4
  100
AcDbEntity
  8
Layer 1
  62
0
  100
AcDb2dVertex
  10
9.63676
  20
8.99963
  30
0.00000
  42
-0.0453
  70
32
  0
VERTEX
  5
EC5
  100
AcDbEntity
  8
Layer 1
  62
0
  100
AcDb2dVertex
  10
9.72185
  20
8.90734
  30
0.00000
  42
-0.3320
  70
32
  0
VERTEX
  5
EC6
  100
AcDbEntity
  8
Layer 1
  62
0
  100
AcDb2dVertex
  10
9.72574
  20
8.84631
  30
0.00000
  42
0.0354
  70
32
  0
VERTEX
  5
EC7
  100
AcDbEntity
  8
Layer 1
  62
0
  100
AcDb2dVertex
  10
9.69001
  20
8.78646
  30
0.00000
  42
-0.2485
  70
32
  0
VERTEX
  5
EC8
  100
AcDbEntity
  8
Layer 1
  62
0
  100
AcDb2dVertex
  10
9.68555
  20
8.78383
  30
0.00000
  42
0.1586
  70
32
  0
VERTEX
  5
EC9
  100
AcDbEntity
  8
Layer 1
  62
0
  100
AcDb2dVertex
  10
9.64746
  20
8.77344
  30
0.00000
  42
-0.0144
  70
32
  0
VERTEX
  5
ECA
  100
AcDbEntity
  8
Layer 1
  62
0
  100
AcDb2dVertex
  10
9.38662
  20
8.56698
  30
0.00000
  42
0.0119
  70
32
  0
VERTEX
  5
ECB
  100
AcDbEntity
  8
Layer 1
  62
0
  100
AcDb2dVertex
  10
9.17813
  20
8.40342
  30
0.00000
  70
32
  0
SEQEND
  5
ECC
  100
AcDbEntity
  8
Layer 1
  62
0
 0
ENDSEC
 0
EOF
