  0
SECTION
  2
HEADER
  9
$ACADVER
  1
AC1021
  9
$ACADMAINTVER
 70
    25
  9
$DWGCODEPAGE
  3
ANSI_1252
  9
$INSBASE
 10
0.0
 20
0.0
 30
0.0
  9
$EXTMIN
 10
-12.17371
 20
-13.27692
 30
0.0
  9
$EXTMAX
 10
12.1848
 20
13.24508
 30
0.0
  9
$LIMMIN
 10
0.0
 20
0.0
  9
$LIMMAX
 10
12.0
 20
9.0
  9
$ORTHOMODE
 70
     0
  9
$REGENMODE
 70
     1
  9
$FILLMODE
 70
     1
  9
$QTEXTMODE
 70
     0
  9
$MIRRTEXT
 70
     1
  9
$LTSCALE
 40
1.0
  9
$ATTMODE
 70
     1
  9
$TEXTSIZE
 40
0.2
  9
$TRACEWID
 40
0.05
  9
$TEXTSTYLE
  7
Standard
  9
$CLAYER
  8
0
  9
$CELTYPE
  6
ByLayer
  9
$CECOLOR
 62
   256
  9
$CELTSCALE
 40
1.0
  9
$DISPSILH
 70
     0
  9
$DIMSCALE
 40
1.0
  9
$DIMASZ
 40
0.18
  9
$DIMEXO
 40
0.0625
  9
$DIMDLI
 40
0.38
  9
$DIMRND
 40
0.0
  9
$DIMDLE
 40
0.0
  9
$DIMEXE
 40
0.18
  9
$DIMTP
 40
0.0
  9
$DIMTM
 40
0.0
  9
$DIMTXT
 40
0.18
  9
$DIMCEN
 40
0.09
  9
$DIMTSZ
 40
0.0
  9
$DIMTOL
 70
     0
  9
$DIMLIM
 70
     0
  9
$DIMTIH
 70
     1
  9
$DIMTOH
 70
     1
  9
$DIMSE1
 70
     0
  9
$DIMSE2
 70
     0
  9
$DIMTAD
 70
     0
  9
$DIMZIN
 70
     0
  9
$DIMBLK
  1

  9
$DIMASO
 70
     1
  9
$DIMSHO
 70
     1
  9
$DIMPOST
  1

  9
$DIMAPOST
  1

  9
$DIMALT
 70
     0
  9
$DIMALTD
 70
     2
  9
$DIMALTF
 40
25.4
  9
$DIMLFAC
 40
1.0
  9
$DIMTOFL
 70
     0
  9
$DIMTVP
 40
0.0
  9
$DIMTIX
 70
     0
  9
$DIMSOXD
 70
     0
  9
$DIMSAH
 70
     0
  9
$DIMBLK1
  1

  9
$DIMBLK2
  1

  9
$DIMSTYLE
  2
Standard
  9
$DIMCLRD
 70
     0
  9
$DIMCLRE
 70
     0
  9
$DIMCLRT
 70
     0
  9
$DIMTFAC
 40
1.0
  9
$DIMGAP
 40
0.09
  9
$DIMJUST
 70
     0
  9
$DIMSD1
 70
     0
  9
$DIMSD2
 70
     0
  9
$DIMTOLJ
 70
     1
  9
$DIMTZIN
 70
     0
  9
$DIMALTZ
 70
     0
  9
$DIMALTTZ
 70
     0
  9
$DIMUPT
 70
     0
  9
$DIMDEC
 70
     4
  9
$DIMTDEC
 70
     4
  9
$DIMALTU
 70
     2
  9
$DIMALTTD
 70
     2
  9
$DIMTXSTY
  7
Standard
  9
$DIMAUNIT
 70
     0
  9
$DIMADEC
 70
     0
  9
$DIMALTRND
 40
0.0
  9
$DIMAZIN
 70
     0
  9
$DIMDSEP
 70
    46
  9
$DIMATFIT
 70
     3
  9
$DIMFRAC
 70
     0
  9
$DIMLDRBLK
  1

  9
$DIMLUNIT
 70
     2
  9
$DIMLWD
 70
    -2
  9
$DIMLWE
 70
    -2
  9
$DIMTMOVE
 70
     0
  9
$DIMFXL
 40
1.0
  9
$DIMFXLON
 70
     0
  9
$DIMJOGANG
 40
0.7853981633974483
  9
$DIMTFILL
 70
     0
  9
$DIMTFILLCLR
 70
     0
  9
$DIMARCSYM
 70
     0
  9
$DIMLTYPE
  6

  9
$DIMLTEX1
  6

  9
$DIMLTEX2
  6

  9
$LUNITS
 70
     2
  9
$LUPREC
 70
     4
  9
$SKETCHINC
 40
0.1
  9
$FILLETRAD
 40
0.5
  9
$AUNITS
 70
     0
  9
$AUPREC
 70
     0
  9
$MENU
  1
.
  9
$ELEVATION
 40
0.0
  9
$PELEVATION
 40
0.0
  9
$THICKNESS
 40
0.0
  9
$LIMCHECK
 70
     0
  9
$CHAMFERA
 40
0.5
  9
$CHAMFERB
 40
0.5
  9
$CHAMFERC
 40
1.0
  9
$CHAMFERD
 40
0.0
  9
$SKPOLY
 70
     0
  9
$TDCREATE
 40
2456871.809096933
  9
$TDUCREATE
 40
2456871.934096933
  9
$TDUPDATE
 40
2456871.809097083
  9
$TDUUPDATE
 40
2456871.934097083
  9
$TDINDWG
 40
0.0000000116
  9
$TDUSRTIMER
 40
0.0000000116
  9
$USRTIMER
 70
     1
  9
$ANGBASE
 50
0.0
  9
$ANGDIR
 70
     0
  9
$PDMODE
 70
     0
  9
$PDSIZE
 40
0.0
  9
$PLINEWID
 40
0.0
  9
$SPLFRAME
 70
     0
  9
$SPLINETYPE
 70
     6
  9
$SPLINESEGS
 70
     8
  9
$HANDSEED
  5
A2
  9
$SURFTAB1
 70
     6
  9
$SURFTAB2
 70
     6
  9
$SURFTYPE
 70
     6
  9
$SURFU
 70
     6
  9
$SURFV
 70
     6
  9
$UCSBASE
  2

  9
$UCSNAME
  2

  9
$UCSORG
 10
0.0
 20
0.0
 30
0.0
  9
$UCSXDIR
 10
1.0
 20
0.0
 30
0.0
  9
$UCSYDIR
 10
0.0
 20
1.0
 30
0.0
  9
$UCSORTHOREF
  2

  9
$UCSORTHOVIEW
 70
     0
  9
$UCSORGTOP
 10
0.0
 20
0.0
 30
0.0
  9
$UCSORGBOTTOM
 10
0.0
 20
0.0
 30
0.0
  9
$UCSORGLEFT
 10
0.0
 20
0.0
 30
0.0
  9
$UCSORGRIGHT
 10
0.0
 20
0.0
 30
0.0
  9
$UCSORGFRONT
 10
0.0
 20
0.0
 30
0.0
  9
$UCSORGBACK
 10
0.0
 20
0.0
 30
0.0
  9
$PUCSBASE
  2

  9
$PUCSNAME
  2

  9
$PUCSORG
 10
0.0
 20
0.0
 30
0.0
  9
$PUCSXDIR
 10
1.0
 20
0.0
 30
0.0
  9
$PUCSYDIR
 10
0.0
 20
1.0
 30
0.0
  9
$PUCSORTHOREF
  2

  9
$PUCSORTHOVIEW
 70
     0
  9
$PUCSORGTOP
 10
0.0
 20
0.0
 30
0.0
  9
$PUCSORGBOTTOM
 10
0.0
 20
0.0
 30
0.0
  9
$PUCSORGLEFT
 10
0.0
 20
0.0
 30
0.0
  9
$PUCSORGRIGHT
 10
0.0
 20
0.0
 30
0.0
  9
$PUCSORGFRONT
 10
0.0
 20
0.0
 30
0.0
  9
$PUCSORGBACK
 10
0.0
 20
0.0
 30
0.0
  9
$USERI1
 70
     0
  9
$USERI2
 70
     0
  9
$USERI3
 70
     0
  9
$USERI4
 70
     0
  9
$USERI5
 70
     0
  9
$USERR1
 40
0.0
  9
$USERR2
 40
0.0
  9
$USERR3
 40
0.0
  9
$USERR4
 40
0.0
  9
$USERR5
 40
0.0
  9
$WORLDVIEW
 70
     1
  9
$SHADEDGE
 70
     3
  9
$SHADEDIF
 70
    70
  9
$TILEMODE
 70
     1
  9
$MAXACTVP
 70
    64
  9
$PINSBASE
 10
0.0
 20
0.0
 30
0.0
  9
$PLIMCHECK
 70
     0
  9
$PEXTMIN
 10
1.000000000000000E+20
 20
1.000000000000000E+20
 30
1.000000000000000E+20
  9
$PEXTMAX
 10
-1.000000000000000E+20
 20
-1.000000000000000E+20
 30
-1.000000000000000E+20
  9
$PLIMMIN
 10
0.0
 20
0.0
  9
$PLIMMAX
 10
12.0
 20
9.0
  9
$UNITMODE
 70
     0
  9
$VISRETAIN
 70
     1
  9
$PLINEGEN
 70
     0
  9
$PSLTSCALE
 70
     1
  9
$TREEDEPTH
 70
  3020
  9
$CMLSTYLE
  2
Standard
  9
$CMLJUST
 70
     0
  9
$CMLSCALE
 40
1.0
  9
$PROXYGRAPHICS
 70
     1
  9
$MEASUREMENT
 70
     0
  9
$CELWEIGHT
370
    -1
  9
$ENDCAPS
280
     0
  9
$JOINSTYLE
280
     0
  9
$LWDISPLAY
290
     0
  9
$INSUNITS
 70
     5
  9
$HYPERLINKBASE
  1

  9
$STYLESHEET
  1

  9
$XEDIT
290
     1
  9
$CEPSNTYPE
380
     0
  9
$PSTYLEMODE
290
     1
  9
$FINGERPRINTGUID
  2
{1FF5E98B-EBA8-4B1D-8AD5-60972222C3DA}
  9
$VERSIONGUID
  2
{FAEB1C32-E019-11D5-929B-00C0DF256EC4}
  9
$EXTNAMES
290
     1
  9
$PSVPSCALE
 40
0.0
  9
$OLESTARTUP
290
     0
  9
$SORTENTS
280
   127
  9
$INDEXCTL
280
     0
  9
$HIDETEXT
280
     1
  9
$XCLIPFRAME
290
     0
  9
$HALOGAP
280
     0
  9
$OBSCOLOR
 70
   257
  9
$OBSLTYPE
280
     0
  9
$INTERSECTIONDISPLAY
280
     0
  9
$INTERSECTIONCOLOR
 70
   257
  9
$DIMASSOC
280
     2
  9
$PROJECTNAME
  1

  9
$CAMERADISPLAY
290
     0
  9
$LENSLENGTH
 40
50.0
  9
$CAMERAHEIGHT
 40
0.0
  9
$STEPSPERSEC
 40
2.0
  9
$STEPSIZE
 40
6.0
  9
$3DDWFPREC
 40
2.0
  9
$PSOLWIDTH
 40
0.25
  9
$PSOLHEIGHT
 40
4.0
  9
$LOFTANG1
 40
1.570796326794897
  9
$LOFTANG2
 40
1.570796326794897
  9
$LOFTMAG1
 40
0.0
  9
$LOFTMAG2
 40
0.0
  9
$LOFTPARAM
 70
     7
  9
$LOFTNORMALS
280
     1
  9
$LATITUDE
 40
37.795
  9
$LONGITUDE
 40
-122.394
  9
$NORTHDIRECTION
 40
0.0
  9
$TIMEZONE
 70
 -8000
  9
$LIGHTGLYPHDISPLAY
280
     1
  9
$TILEMODELIGHTSYNCH
280
     1
  9
$SOLIDHIST
280
     1
  9
$SHOWHIST
280
     1
  9
$DWFFRAME
280
     2
  9
$DGNFRAME
280
     2
  9
$REALWORLDSCALE
290
     1
  9
$INTERFERECOLOR
 62
   256
  9
$CSHADOW
280
     0
  9
$SHADOWPLANELOCATION
 40
0.0
  0
ENDSEC
  0
SECTION
  2
CLASSES
  0
CLASS
  1
ACDBDICTIONARYWDFLT
  2
AcDbDictionaryWithDefault
  3
ObjectDBX Classes
 90
        0
 91
        4
280
     0
281
     0
  0
CLASS
  1
VISUALSTYLE
  2
AcDbVisualStyle
  3
ObjectDBX Classes
 90
     4095
 91
        4
280
     0
281
     0
  0
CLASS
  1
MATERIAL
  2
AcDbMaterial
  3
ObjectDBX Classes
 90
     1153
 91
        4
280
     0
281
     0
  0
ENDSEC
  0
SECTION
  2
TABLES
  0
TABLE
  2
VPORT
  5
8
330
0
100
AcDbSymbolTable
 70
     1
  0
VPORT
  5
29
330
8
100
AcDbSymbolTableRecord
100
AcDbViewportTableRecord
  2
*Active
 70
     0
 10
0.0
 20
0.0
 11
1.0
 21
1.0
 12
10.42990654205607
 22
4.5
 13
0.0
 23
0.0
 14
0.5
 24
0.5
 15
0.5
 25
0.5
 16
0.0
 26
0.0
 36
1.0
 17
0.0
 27
0.0
 37
0.0
 40
9.0
 41
1.972972972850329
 42
50.0
 43
0.0
 44
0.0
 50
0.0
 51
0.0
 71
     0
 72
   100
 73
     1
 74
     3
 75
     0
 76
     0
 77
     0
 78
     0
281
     0
 65
     1
110
0.0
120
0.0
130
0.0
111
1.0
121
0.0
131
0.0
112
0.0
122
1.0
132
0.0
 79
     0
146
0.0
 60
     3
 61
     5
292
     1
282
     1
141
0.0
142
0.0
 63
   250
  0
ENDTAB
  0
TABLE
  2
LTYPE
  5
5
330
0
100
AcDbSymbolTable
 70
     1
  0
LTYPE
  5
14
330
5
100
AcDbSymbolTableRecord
100
AcDbLinetypeTableRecord
  2
ByBlock
 70
     0
  3

 72
    65
 73
     0
 40
0.0
  0
LTYPE
  5
15
330
5
100
AcDbSymbolTableRecord
100
AcDbLinetypeTableRecord
  2
ByLayer
 70
     0
  3

 72
    65
 73
     0
 40
0.0
  0
LTYPE
  5
16
330
5
100
AcDbSymbolTableRecord
100
AcDbLinetypeTableRecord
  2
Continuous
 70
     0
  3
Solid line
 72
    65
 73
     0
 40
0.0
  0
ENDTAB
  0
TABLE
  2
LAYER
  5
2
330
0
100
AcDbSymbolTable
 70
     2
  0
LAYER
  5
10
330
2
100
AcDbSymbolTableRecord
100
AcDbLayerTableRecord
  2
0
 70
     0
 62
     7
  6
Continuous
370
    -3
390
F
347
3E
  0
LAYER
  5
40
330
2
100
AcDbSymbolTableRecord
100
AcDbLayerTableRecord
  2
Camada 1
 70
     0
 62
     7
  6
Continuous
370
    -3
390
F
347
3E
  0
ENDTAB
  0
TABLE
  2
STYLE
  5
3
330
0
100
AcDbSymbolTable
 70
     1
  0
STYLE
  5
11
330
3
100
AcDbSymbolTableRecord
100
AcDbTextStyleTableRecord
  2
Standard
 70
     0
 40
0.0
 41
1.0
 50
0.0
 71
     0
 42
0.2
  3
txt
  4

  0
ENDTAB
  0
TABLE
  2
VIEW
  5
6
330
0
100
AcDbSymbolTable
 70
     0
  0
ENDTAB
  0
TABLE
  2
UCS
  5
7
330
0
100
AcDbSymbolTable
 70
     0
  0
ENDTAB
  0
TABLE
  2
APPID
  5
9
330
0
100
AcDbSymbolTable
 70
     2
  0
APPID
  5
12
330
9
100
AcDbSymbolTableRecord
100
AcDbRegAppTableRecord
  2
ACAD
 70
     0
  0
APPID
  5
3F
330
9
100
AcDbSymbolTableRecord
100
AcDbRegAppTableRecord
  2
ODA
 70
     0
  0
ENDTAB
  0
TABLE
  2
DIMSTYLE
  5
A
330
0
100
AcDbSymbolTable
 70
     1
100
AcDbDimStyleTable
  0
DIMSTYLE
105
27
330
A
100
AcDbSymbolTableRecord
100
AcDbDimStyleTableRecord
  2
Standard
 70
     0
178
     0
340
11
  0
ENDTAB
  0
TABLE
  2
BLOCK_RECORD
  5
1
330
0
100
AcDbSymbolTable
 70
     1
  0
BLOCK_RECORD
  5
1F
330
1
100
AcDbSymbolTableRecord
100
AcDbBlockTableRecord
  2
*Model_Space
340
22
 70
     0
280
     1
281
     0
  0
BLOCK_RECORD
  5
1B
330
1
100
AcDbSymbolTableRecord
100
AcDbBlockTableRecord
  2
*Paper_Space
340
1E
 70
     0
280
     1
281
     0
  0
BLOCK_RECORD
  5
23
330
1
100
AcDbSymbolTableRecord
100
AcDbBlockTableRecord
  2
*Paper_Space0
340
26
 70
     0
280
     1
281
     0
  0
ENDTAB
  0
ENDSEC
  0
SECTION
  2
BLOCKS
  0
BLOCK
  5
20
330
1F
100
AcDbEntity
  8
0
100
AcDbBlockBegin
  2
*Model_Space
 70
     0
 10
0.0
 20
0.0
 30
0.0
  3
*Model_Space
  1

  0
ENDBLK
  5
21
330
1F
100
AcDbEntity
  8
0
100
AcDbBlockEnd
  0
BLOCK
  5
1C
330
1B
100
AcDbEntity
 67
     1
  8
0
100
AcDbBlockBegin
  2
*Paper_Space
 70
     0
 10
0.0
 20
0.0
 30
0.0
  3
*Paper_Space
  1

  0
ENDBLK
  5
1D
330
1B
100
AcDbEntity
 67
     1
  8
0
100
AcDbBlockEnd
  0
BLOCK
  5
24
330
23
100
AcDbEntity
  8
0
100
AcDbBlockBegin
  2
*Paper_Space0
 70
     0
 10
0.0
 20
0.0
 30
0.0
  3
*Paper_Space0
  1

  0
ENDBLK
  5
25
330
23
100
AcDbEntity
  8
0
100
AcDbBlockEnd
  0
ENDSEC
  0
SECTION
  2
ENTITIES
  0
SPLINE
  5
41
330
1F
100
AcDbEntity
  8
Camada 1
 62
   156
100
AcDbSpline
210
0.0
220
0.0
230
1.0
 70
    11
 71
     3
 72
   536
 73
   532
 74
     0
 42
0.0000000001
 43
0.0000000001
 12
1.0
 22
0.0
 32
0.0
 13
1.0
 23
0.0
 33
0.0
 40
0.0
 40
0.0
 40
0.0
 40
0.0
 40
0.0074626865671642
 40
0.0074626865671642
 40
0.0074626865671642
 40
0.0074626865671642
 40
0.0149253731343284
 40
0.0149253731343284
 40
0.0149253731343284
 40
0.0149253731343284
 40
0.0223880597014925
 40
0.0223880597014925
 40
0.0223880597014925
 40
0.0223880597014925
 40
0.0298507462686567
 40
0.0298507462686567
 40
0.0298507462686567
 40
0.0298507462686567
 40
0.0373134328358209
 40
0.0373134328358209
 40
0.0373134328358209
 40
0.0373134328358209
 40
0.0447761194029851
 40
0.0447761194029851
 40
0.0447761194029851
 40
0.0447761194029851
 40
0.0522388059701493
 40
0.0522388059701493
 40
0.0522388059701493
 40
0.0522388059701493
 40
0.0597014925373134
 40
0.0597014925373134
 40
0.0597014925373134
 40
0.0597014925373134
 40
0.0671641791044776
 40
0.0671641791044776
 40
0.0671641791044776
 40
0.0671641791044776
 40
0.0746268656716418
 40
0.0746268656716418
 40
0.0746268656716418
 40
0.0746268656716418
 40
0.082089552238806
 40
0.082089552238806
 40
0.082089552238806
 40
0.082089552238806
 40
0.0895522388059701
 40
0.0895522388059701
 40
0.0895522388059701
 40
0.0895522388059701
 40
0.0970149253731343
 40
0.0970149253731343
 40
0.0970149253731343
 40
0.0970149253731343
 40
0.1044776119402985
 40
0.1044776119402985
 40
0.1044776119402985
 40
0.1044776119402985
 40
0.1119402985074627
 40
0.1119402985074627
 40
0.1119402985074627
 40
0.1119402985074627
 40
0.1194029850746269
 40
0.1194029850746269
 40
0.1194029850746269
 40
0.1194029850746269
 40
0.1268656716417911
 40
0.1268656716417911
 40
0.1268656716417911
 40
0.1268656716417911
 40
0.1343283582089552
 40
0.1343283582089552
 40
0.1343283582089552
 40
0.1343283582089552
 40
0.1417910447761194
 40
0.1417910447761194
 40
0.1417910447761194
 40
0.1417910447761194
 40
0.1492537313432836
 40
0.1492537313432836
 40
0.1492537313432836
 40
0.1492537313432836
 40
0.1567164179104478
 40
0.1567164179104478
 40
0.1567164179104478
 40
0.1567164179104478
 40
0.1641791044776119
 40
0.1641791044776119
 40
0.1641791044776119
 40
0.1641791044776119
 40
0.1716417910447761
 40
0.1716417910447761
 40
0.1716417910447761
 40
0.1716417910447761
 40
0.1791044776119403
 40
0.1791044776119403
 40
0.1791044776119403
 40
0.1791044776119403
 40
0.1865671641791045
 40
0.1865671641791045
 40
0.1865671641791045
 40
0.1865671641791045
 40
0.1940298507462687
 40
0.1940298507462687
 40
0.1940298507462687
 40
0.1940298507462687
 40
0.2014925373134328
 40
0.2014925373134328
 40
0.2014925373134328
 40
0.2014925373134328
 40
0.208955223880597
 40
0.208955223880597
 40
0.208955223880597
 40
0.208955223880597
 40
0.2164179104477612
 40
0.2164179104477612
 40
0.2164179104477612
 40
0.2164179104477612
 40
0.2238805970149254
 40
0.2238805970149254
 40
0.2238805970149254
 40
0.2238805970149254
 40
0.2313432835820896
 40
0.2313432835820896
 40
0.2313432835820896
 40
0.2313432835820896
 40
0.2388059701492537
 40
0.2388059701492537
 40
0.2388059701492537
 40
0.2388059701492537
 40
0.2462686567164179
 40
0.2462686567164179
 40
0.2462686567164179
 40
0.2462686567164179
 40
0.2537313432835821
 40
0.2537313432835821
 40
0.2537313432835821
 40
0.2537313432835821
 40
0.2611940298507462
 40
0.2611940298507462
 40
0.2611940298507462
 40
0.2611940298507462
 40
0.2686567164179104
 40
0.2686567164179104
 40
0.2686567164179104
 40
0.2686567164179104
 40
0.2761194029850746
 40
0.2761194029850746
 40
0.2761194029850746
 40
0.2761194029850746
 40
0.2835820895522388
 40
0.2835820895522388
 40
0.2835820895522388
 40
0.2835820895522388
 40
0.291044776119403
 40
0.291044776119403
 40
0.291044776119403
 40
0.291044776119403
 40
0.2985074626865671
 40
0.2985074626865671
 40
0.2985074626865671
 40
0.2985074626865671
 40
0.3059701492537313
 40
0.3059701492537313
 40
0.3059701492537313
 40
0.3059701492537313
 40
0.3134328358208955
 40
0.3134328358208955
 40
0.3134328358208955
 40
0.3134328358208955
 40
0.3208955223880597
 40
0.3208955223880597
 40
0.3208955223880597
 40
0.3208955223880597
 40
0.3283582089552239
 40
0.3283582089552239
 40
0.3283582089552239
 40
0.3283582089552239
 40
0.3358208955223881
 40
0.3358208955223881
 40
0.3358208955223881
 40
0.3358208955223881
 40
0.3432835820895522
 40
0.3432835820895522
 40
0.3432835820895522
 40
0.3432835820895522
 40
0.3507462686567164
 40
0.3507462686567164
 40
0.3507462686567164
 40
0.3507462686567164
 40
0.3582089552238806
 40
0.3582089552238806
 40
0.3582089552238806
 40
0.3582089552238806
 40
0.3656716417910448
 40
0.3656716417910448
 40
0.3656716417910448
 40
0.3656716417910448
 40
0.373134328358209
 40
0.373134328358209
 40
0.373134328358209
 40
0.373134328358209
 40
0.3805970149253731
 40
0.3805970149253731
 40
0.3805970149253731
 40
0.3805970149253731
 40
0.3880597014925373
 40
0.3880597014925373
 40
0.3880597014925373
 40
0.3880597014925373
 40
0.3955223880597015
 40
0.3955223880597015
 40
0.3955223880597015
 40
0.3955223880597015
 40
0.4029850746268657
 40
0.4029850746268657
 40
0.4029850746268657
 40
0.4029850746268657
 40
0.4104477611940299
 40
0.4104477611940299
 40
0.4104477611940299
 40
0.4104477611940299
 40
0.417910447761194
 40
0.417910447761194
 40
0.417910447761194
 40
0.417910447761194
 40
0.4253731343283582
 40
0.4253731343283582
 40
0.4253731343283582
 40
0.4253731343283582
 40
0.4328358208955224
 40
0.4328358208955224
 40
0.4328358208955224
 40
0.4328358208955224
 40
0.4402985074626866
 40
0.4402985074626866
 40
0.4402985074626866
 40
0.4402985074626866
 40
0.4477611940298508
 40
0.4477611940298508
 40
0.4477611940298508
 40
0.4477611940298508
 40
0.4552238805970149
 40
0.4552238805970149
 40
0.4552238805970149
 40
0.4552238805970149
 40
0.4626865671641791
 40
0.4626865671641791
 40
0.4626865671641791
 40
0.4626865671641791
 40
0.4701492537313433
 40
0.4701492537313433
 40
0.4701492537313433
 40
0.4701492537313433
 40
0.4776119402985075
 40
0.4776119402985075
 40
0.4776119402985075
 40
0.4776119402985075
 40
0.4850746268656717
 40
0.4850746268656717
 40
0.4850746268656717
 40
0.4850746268656717
 40
0.4925373134328358
 40
0.4925373134328358
 40
0.4925373134328358
 40
0.4925373134328358
 40
0.5
 40
0.5
 40
0.5
 40
0.5
 40
0.5074626865671642
 40
0.5074626865671642
 40
0.5074626865671642
 40
0.5074626865671642
 40
0.5149253731343284
 40
0.5149253731343284
 40
0.5149253731343284
 40
0.5149253731343284
 40
0.5223880597014925
 40
0.5223880597014925
 40
0.5223880597014925
 40
0.5223880597014925
 40
0.5298507462686567
 40
0.5298507462686567
 40
0.5298507462686567
 40
0.5298507462686567
 40
0.5373134328358209
 40
0.5373134328358209
 40
0.5373134328358209
 40
0.5373134328358209
 40
0.5447761194029851
 40
0.5447761194029851
 40
0.5447761194029851
 40
0.5447761194029851
 40
0.5522388059701493
 40
0.5522388059701493
 40
0.5522388059701493
 40
0.5522388059701493
 40
0.5597014925373134
 40
0.5597014925373134
 40
0.5597014925373134
 40
0.5597014925373134
 40
0.5671641791044776
 40
0.5671641791044776
 40
0.5671641791044776
 40
0.5671641791044776
 40
0.5746268656716418
 40
0.5746268656716418
 40
0.5746268656716418
 40
0.5746268656716418
 40
0.582089552238806
 40
0.582089552238806
 40
0.582089552238806
 40
0.582089552238806
 40
0.5895522388059702
 40
0.5895522388059702
 40
0.5895522388059702
 40
0.5895522388059702
 40
0.5970149253731343
 40
0.5970149253731343
 40
0.5970149253731343
 40
0.5970149253731343
 40
0.6044776119402985
 40
0.6044776119402985
 40
0.6044776119402985
 40
0.6044776119402985
 40
0.6119402985074627
 40
0.6119402985074627
 40
0.6119402985074627
 40
0.6119402985074627
 40
0.6194029850746269
 40
0.6194029850746269
 40
0.6194029850746269
 40
0.6194029850746269
 40
0.6268656716417911
 40
0.6268656716417911
 40
0.6268656716417911
 40
0.6268656716417911
 40
0.6343283582089553
 40
0.6343283582089553
 40
0.6343283582089553
 40
0.6343283582089553
 40
0.6417910447761194
 40
0.6417910447761194
 40
0.6417910447761194
 40
0.6417910447761194
 40
0.6492537313432836
 40
0.6492537313432836
 40
0.6492537313432836
 40
0.6492537313432836
 40
0.6567164179104478
 40
0.6567164179104478
 40
0.6567164179104478
 40
0.6567164179104478
 40
0.664179104477612
 40
0.664179104477612
 40
0.664179104477612
 40
0.664179104477612
 40
0.6716417910447762
 40
0.6716417910447762
 40
0.6716417910447762
 40
0.6716417910447762
 40
0.6791044776119403
 40
0.6791044776119403
 40
0.6791044776119403
 40
0.6791044776119403
 40
0.6865671641791045
 40
0.6865671641791045
 40
0.6865671641791045
 40
0.6865671641791045
 40
0.6940298507462687
 40
0.6940298507462687
 40
0.6940298507462687
 40
0.6940298507462687
 40
0.7014925373134329
 40
0.7014925373134329
 40
0.7014925373134329
 40
0.7014925373134329
 40
0.7089552238805971
 40
0.7089552238805971
 40
0.7089552238805971
 40
0.7089552238805971
 40
0.7164179104477612
 40
0.7164179104477612
 40
0.7164179104477612
 40
0.7164179104477612
 40
0.7238805970149254
 40
0.7238805970149254
 40
0.7238805970149254
 40
0.7238805970149254
 40
0.7313432835820896
 40
0.7313432835820896
 40
0.7313432835820896
 40
0.7313432835820896
 40
0.7388059701492538
 40
0.7388059701492538
 40
0.7388059701492538
 40
0.7388059701492538
 40
0.746268656716418
 40
0.746268656716418
 40
0.746268656716418
 40
0.746268656716418
 40
0.753731343283582
 40
0.753731343283582
 40
0.753731343283582
 40
0.753731343283582
 40
0.7611940298507462
 40
0.7611940298507462
 40
0.7611940298507462
 40
0.7611940298507462
 40
0.7686567164179104
 40
0.7686567164179104
 40
0.7686567164179104
 40
0.7686567164179104
 40
0.7761194029850746
 40
0.7761194029850746
 40
0.7761194029850746
 40
0.7761194029850746
 40
0.7835820895522388
 40
0.7835820895522388
 40
0.7835820895522388
 40
0.7835820895522388
 40
0.7910447761194029
 40
0.7910447761194029
 40
0.7910447761194029
 40
0.7910447761194029
 40
0.7985074626865671
 40
0.7985074626865671
 40
0.7985074626865671
 40
0.7985074626865671
 40
0.8059701492537313
 40
0.8059701492537313
 40
0.8059701492537313
 40
0.8059701492537313
 40
0.8134328358208955
 40
0.8134328358208955
 40
0.8134328358208955
 40
0.8134328358208955
 40
0.8208955223880597
 40
0.8208955223880597
 40
0.8208955223880597
 40
0.8208955223880597
 40
0.8283582089552238
 40
0.8283582089552238
 40
0.8283582089552238
 40
0.8283582089552238
 40
0.835820895522388
 40
0.835820895522388
 40
0.835820895522388
 40
0.835820895522388
 40
0.8432835820895522
 40
0.8432835820895522
 40
0.8432835820895522
 40
0.8432835820895522
 40
0.8507462686567164
 40
0.8507462686567164
 40
0.8507462686567164
 40
0.8507462686567164
 40
0.8582089552238806
 40
0.8582089552238806
 40
0.8582089552238806
 40
0.8582089552238806
 40
0.8656716417910447
 40
0.8656716417910447
 40
0.8656716417910447
 40
0.8656716417910447
 40
0.8731343283582089
 40
0.8731343283582089
 40
0.8731343283582089
 40
0.8731343283582089
 40
0.8805970149253731
 40
0.8805970149253731
 40
0.8805970149253731
 40
0.8805970149253731
 40
0.8880597014925373
 40
0.8880597014925373
 40
0.8880597014925373
 40
0.8880597014925373
 40
0.8955223880597015
 40
0.8955223880597015
 40
0.8955223880597015
 40
0.8955223880597015
 40
0.9029850746268657
 40
0.9029850746268657
 40
0.9029850746268657
 40
0.9029850746268657
 40
0.9104477611940298
 40
0.9104477611940298
 40
0.9104477611940298
 40
0.9104477611940298
 40
0.917910447761194
 40
0.917910447761194
 40
0.917910447761194
 40
0.917910447761194
 40
0.9253731343283582
 40
0.9253731343283582
 40
0.9253731343283582
 40
0.9253731343283582
 40
0.9328358208955224
 40
0.9328358208955224
 40
0.9328358208955224
 40
0.9328358208955224
 40
0.9402985074626866
 40
0.9402985074626866
 40
0.9402985074626866
 40
0.9402985074626866
 40
0.9477611940298507
 40
0.9477611940298507
 40
0.9477611940298507
 40
0.9477611940298507
 40
0.9552238805970149
 40
0.9552238805970149
 40
0.9552238805970149
 40
0.9552238805970149
 40
0.9626865671641791
 40
0.9626865671641791
 40
0.9626865671641791
 40
0.9626865671641791
 40
0.9701492537313433
 40
0.9701492537313433
 40
0.9701492537313433
 40
0.9701492537313433
 40
0.9776119402985075
 40
0.9776119402985075
 40
0.9776119402985075
 40
0.9776119402985075
 40
0.9850746268656716
 40
0.9850746268656716
 40
0.9850746268656716
 40
0.9850746268656716
 40
1.0
 40
1.0
 40
1.0
 40
1.0
 10
1.98191
 20
12.87603
 30
0.0
 10
2.00554
 20
13.08805
 30
0.0
 10
2.2158
 20
13.27326
 30
0.0
 10
2.4324
 20
13.24151
 30
0.0
 10
2.4324
 20
13.24151
 30
0.0
 10
2.60738
 20
13.21435
 30
0.0
 10
2.81164
 20
13.16073
 30
0.0
 10
2.89418
 20
12.98504
 30
0.0
 10
2.89418
 20
12.98504
 30
0.0
 10
2.97709
 20
12.84464
 30
0.0
 10
2.92276
 20
12.67988
 30
0.0
 10
2.87796
 20
12.53666
 30
0.0
 10
2.87796
 20
12.53666
 30
0.0
 10
2.76048
 20
12.18423
 30
0.0
 10
2.61937
 20
11.84027
 30
0.0
 10
2.51178
 20
11.48503
 30
0.0
 10
2.51178
 20
11.48503
 30
0.0
 10
2.649
 20
11.41552
 30
0.0
 10
2.80105
 20
11.38696
 30
0.0
 10
2.94674
 20
11.34004
 30
0.0
 10
2.94674
 20
11.34004
 30
0.0
 10
4.7766
 20
10.77312
 30
0.0
 10
6.38174
 20
9.63436
 30
0.0
 10
7.70924
 20
8.27369
 30
0.0
 10
7.70924
 20
8.27369
 30
0.0
 10
8.54991
 20
7.44502
 30
0.0
 10
9.28263
 20
6.51228
 30
0.0
 10
9.94445
 20
5.53614
 30
0.0
 10
9.94445
 20
5.53614
 30
0.0
 10
10.57451
 20
4.59105
 30
0.0
 10
11.13613
 20
3.59833
 30
0.0
 10
11.59087
 20
2.55658
 30
0.0
 10
11.59087
 20
2.55658
 30
0.0
 10
11.65401
 20
2.40982
 30
0.0
 10
11.72951
 20
2.26625
 30
0.0
 10
11.76548
 20
2.1096
 30
0.0
 10
11.76548
 20
2.1096
 30
0.0
 10
11.79724
 20
1.95545
 30
0.0
 10
11.70269
 20
1.81785
 30
0.0
 10
11.62578
 20
1.69367
 30
0.0
 10
11.62578
 20
1.69367
 30
0.0
 10
11.76548
 20
1.48554
 30
0.0
 10
11.83145
 20
1.21038
 30
0.0
 10
11.72245
 20
0.97437
 30
0.0
 10
11.72245
 20
0.97437
 30
0.0
 10
11.69811
 20
0.90134
 30
0.0
 10
11.63355
 20
0.83397
 30
0.0
 10
11.65401
 20
0.75247
 30
0.0
 10
11.65401
 20
0.75247
 30
0.0
 10
11.68047
 20
0.63041
 30
0.0
 10
11.69175
 20
0.50553
 30
0.0
 10
11.68964
 20
0.38028
 30
0.0
 10
11.68964
 20
0.38028
 30
0.0
 10
11.80853
 20
0.35489
 30
0.0
 10
11.93517
 20
0.32878
 30
0.0
 10
12.02901
 20
0.24518
 30
0.0
 10
12.02901
 20
0.24518
 30
0.0
 10
12.14013
 20
0.13828
 30
0.0
 10
12.19834
 20
-0.02046
 30
0.0
 10
12.18211
 20
-0.17426
 30
0.0
 10
12.18211
 20
-0.17426
 30
0.0
 10
12.15002
 20
-0.64593
 30
0.0
 10
12.10802
 20
-1.11724
 30
0.0
 10
12.10839
 20
-1.59032
 30
0.0
 10
12.10839
 20
-1.59032
 30
0.0
 10
12.10697
 20
-1.74659
 30
0.0
 10
12.01137
 20
-1.88595
 30
0.0
 10
11.88507
 20
-1.97097
 30
0.0
 10
11.88507
 20
-1.97097
 30
0.0
 10
11.60392
 20
-2.13747
 30
0.0
 10
11.2349
 20
-2.16322
 30
0.0
 10
10.94598
 20
-2.00096
 30
0.0
 10
10.94598
 20
-2.00096
 30
0.0
 10
10.81651
 20
-1.93815
 30
0.0
 10
10.71845
 20
-1.83091
 30
0.0
 10
10.61895
 20
-1.73002
 30
0.0
 10
10.61895
 20
-1.73002
 30
0.0
 10
10.51489
 20
-1.73955
 30
0.0
 10
10.40659
 20
-1.76247
 30
0.0
 10
10.30498
 20
-1.7272
 30
0.0
 10
10.30498
 20
-1.7272
 30
0.0
 10
10.18538
 20
-1.69333
 30
0.0
 10
10.0852
 20
-1.61819
 30
0.0
 10
9.97549
 20
-1.56386
 30
0.0
 10
9.97549
 20
-1.56386
 30
0.0
 10
9.84815
 20
-1.5688
 30
0.0
 10
9.72219
 20
-1.61079
 30
0.0
 10
9.59414
 20
-1.58996
 30
0.0
 10
9.59414
 20
-1.58996
 30
0.0
 10
9.47137
 20
-1.57726
 30
0.0
 10
9.36166
 20
-1.51589
 30
0.0
 10
9.24277
 20
-1.48872
 30
0.0
 10
9.24277
 20
-1.48872
 30
0.0
 10
9.12424
 20
-1.50777
 30
0.0
 10
9.01312
 20
-1.56279
 30
0.0
 10
8.89175
 20
-1.5681
 30
0.0
 10
8.89175
 20
-1.5681
 30
0.0
 10
8.77147
 20
-1.57938
 30
0.0
 10
8.65433
 20
-1.5441
 30
0.0
 10
8.53615
 20
-1.53282
 30
0.0
 10
8.53615
 20
-1.53282
 30
0.0
 10
8.43244
 20
-1.56951
 30
0.0
 10
8.34354
 20
-1.63971
 30
0.0
 10
8.23806
 20
-1.67216
 30
0.0
 10
8.23806
 20
-1.67216
 30
0.0
 10
8.11001
 20
-1.71696
 30
0.0
 10
7.97277
 20
-1.71131
 30
0.0
 10
7.84083
 20
-1.73355
 30
0.0
 10
7.84083
 20
-1.73355
 30
0.0
 10
7.71594
 20
-1.80516
 30
0.0
 10
7.61824
 20
-1.9251
 30
0.0
 10
7.47676
 20
-1.9699
 30
0.0
 10
7.47676
 20
-1.9699
 30
0.0
 10
7.37799
 20
-2.01612
 30
0.0
 10
7.2457
 20
-2.00235
 30
0.0
 10
7.17656
 20
-2.09868
 30
0.0
 10
7.17656
 20
-2.09868
 30
0.0
 10
7.01286
 20
-2.30328
 30
0.0
 10
6.75393
 20
-2.42393
 30
0.0
 10
6.49252
 20
-2.42322
 30
0.0
 10
6.49252
 20
-2.42322
 30
0.0
 10
6.26039
 20
-2.41582
 30
0.0
 10
6.03108
 20
-2.33715
 30
0.0
 10
5.8427
 20
-2.20274
 30
0.0
 10
5.8427
 20
-2.20274
 30
0.0
 10
5.73369
 20
-2.12124
 30
0.0
 10
5.69841
 20
-1.98402
 30
0.0
 10
5.65962
 20
-1.8616
 30
0.0
 10
5.65962
 20
-1.8616
 30
0.0
 10
5.47475
 20
-1.83585
 30
0.0
 10
5.28355
 20
-1.81539
 30
0.0
 10
5.10151
 20
-1.86689
 30
0.0
 10
5.10151
 20
-1.86689
 30
0.0
 10
4.84716
 20
-1.93357
 30
0.0
 10
4.57376
 20
-1.85242
 30
0.0
 10
4.36738
 20
-1.69862
 30
0.0
 10
4.36738
 20
-1.69862
 30
0.0
 10
4.20758
 20
-1.59103
 30
0.0
 10
4.11833
 20
-1.41252
 30
0.0
 10
4.04035
 20
-1.24249
 30
0.0
 10
4.04035
 20
-1.24249
 30
0.0
 10
3.90771
 20
-1.27
 30
0.0
 10
3.76378
 20
-1.30069
 30
0.0
 10
3.63784
 20
-1.23084
 30
0.0
 10
3.63784
 20
-1.23084
 30
0.0
 10
3.49355
 20
-1.13911
 30
0.0
 10
3.31786
 20
-1.20261
 30
0.0
 10
3.16264
 20
-1.14899
 30
0.0
 10
3.16264
 20
-1.14899
 30
0.0
 10
3.03883
 20
-1.12959
 30
0.0
 10
2.94075
 20
-1.03786
 30
0.0
 10
2.82222
 20
-1.01177
 30
0.0
 10
2.82222
 20
-1.01177
 30
0.0
 10
2.6222
 20
-1.05728
 30
0.0
 10
2.40875
 20
-1.06749
 30
0.0
 10
2.21543
 20
-0.98777
 30
0.0
 10
2.21543
 20
-0.98777
 30
0.0
 10
2.12724
 20
-0.94438
 30
0.0
 10
2.04223
 20
-1.01635
 30
0.0
 10
1.95757
 20
-1.03645
 30
0.0
 10
1.95757
 20
-1.03645
 30
0.0
 10
1.81434
 20
-1.09255
 30
0.0
 10
1.6591
 20
-1.07738
 30
0.0
 10
1.50953
 20
-1.0682
 30
0.0
 10
1.50953
 20
-1.0682
 30
0.0
 10
1.41851
 20
-1.06009
 30
0.0
 10
1.35042
 20
-1.13595
 30
0.0
 10
1.27175
 20
-1.1691
 30
0.0
 10
1.27175
 20
-1.1691
 30
0.0
 10
1.1377
 20
-1.24989
 30
0.0
 10
0.97966
 20
-1.25976
 30
0.0
 10
0.82937
 20
-1.28551
 30
0.0
 10
0.82937
 20
-1.28551
 30
0.0
 10
0.67909
 20
-1.45097
 30
0.0
 10
0.48894
 20
-1.58962
 30
0.0
 10
0.26563
 20
-1.63194
 30
0.0
 10
0.26563
 20
-1.63194
 30
0.0
 10
0.13687
 20
-1.65169
 30
0.0
 10
0.00599
 20
-1.64007
 30
0.0
 10
-0.12312
 20
-1.63759
 30
0.0
 10
-0.12312
 20
-1.63759
 30
0.0
 10
-0.3175
 20
-2.48954
 30
0.0
 10
-0.49142
 20
-3.34644
 30
0.0
 10
-0.68262
 20
-4.1991
 30
0.0
 10
-0.68262
 20
-4.1991
 30
0.0
 10
-0.60995
 20
-4.24215
 30
0.0
 10
-0.5341
 20
-4.36104
 30
0.0
 10
-0.44131
 20
-4.29506
 30
0.0
 10
-0.44131
 20
-4.29506
 30
0.0
 10
-0.03281
 20
-4.06929
 30
0.0
 10
0.40922
 20
-3.9063
 30
0.0
 10
0.86254
 20
-3.7973
 30
0.0
 10
0.86254
 20
-3.7973
 30
0.0
 10
1.30986
 20
-3.69005
 30
0.0
 10
1.78293
 20
-3.64031
 30
0.0
 10
2.23378
 20
-3.75673
 30
0.0
 10
2.23378
 20
-3.75673
 30
0.0
 10
2.64865
 20
-3.84951
 30
0.0
 10
3.06
 20
-4.07212
 30
0.0
 10
3.27342
 20
-4.45347
 30
0.0
 10
3.27342
 20
-4.45347
 30
0.0
 10
3.46533
 20
-4.78155
 30
0.0
 10
3.45015
 20
-5.19289
 30
0.0
 10
3.31611
 20
-5.53895
 30
0.0
 10
3.31611
 20
-5.53895
 30
0.0
 10
3.22192
 20
-5.79895
 30
0.0
 10
3.05223
 20
-6.0198
 30
0.0
 10
2.8889
 20
-6.23887
 30
0.0
 10
2.8889
 20
-6.23887
 30
0.0
 10
2.96509
 20
-6.4396
 30
0.0
 10
3.00918
 20
-6.65973
 30
0.0
 10
2.95239
 20
-6.8721
 30
0.0
 10
2.95239
 20
-6.8721
 30
0.0
 10
2.83386
 20
-7.37234
 30
0.0
 10
2.37666
 20
-7.72724
 30
0.0
 10
1.89442
 20
-7.84825
 30
0.0
 10
1.89442
 20
-7.84825
 30
0.0
 10
1.40899
 20
-7.98371
 30
0.0
 10
0.88335
 20
-7.87223
 30
0.0
 10
0.45861
 20
-7.61434
 30
0.0
 10
0.45861
 20
-7.61434
 30
0.0
 10
0.51118
 20
-8.04932
 30
0.0
 10
0.5782
 20
-8.48818
 30
0.0
 10
0.5274
 20
-8.92739
 30
0.0
 10
0.5274
 20
-8.92739
 30
0.0
 10
0.4953
 20
-9.23642
 30
0.0
 10
0.42403
 20
-9.56697
 30
0.0
 10
0.20319
 20
-9.7991
 30
0.0
 10
0.20319
 20
-9.7991
 30
0.0
 10
0.05221
 20
-9.96702
 30
0.0
 10
-0.20038
 20
-10.03477
 30
0.0
 10
-0.41451
 20
-9.96244
 30
0.0
 10
-0.41451
 20
-9.96244
 30
0.0
 10
-0.60959
 20
-9.90389
 30
0.0
 10
-0.75881
 20
-9.75465
 30
0.0
 10
-0.87806
 20
-9.59555
 30
0.0
 10
-0.87806
 20
-9.59555
 30
0.0
 10
-1.02799
 20
-9.71161
 30
0.0
 10
-1.18779
 20
-9.8298
 30
0.0
 10
-1.37829
 20
-9.86649
 30
0.0
 10
-1.37829
 20
-9.86649
 30
0.0
 10
-1.49542
 20
-9.89224
 30
0.0
 10
-1.61466
 20
-9.8626
 30
0.0
 10
-1.73214
 20
-9.85767
 30
0.0
 10
-1.73214
 20
-9.85767
 30
0.0
 10
-1.7854
 20
-10.28876
 30
0.0
 10
-1.8676
 20
-10.71562
 30
0.0
 10
-1.93216
 20
-11.14495
 30
0.0
 10
-1.93216
 20
-11.14495
 30
0.0
 10
-1.97309
 20
-11.34638
 30
0.0
 10
-2.01083
 20
-11.58027
 30
0.0
 10
-1.88419
 20
-11.75985
 30
0.0
 10
-1.88419
 20
-11.75985
 30
0.0
 10
-1.76388
 20
-11.81981
 30
0.0
 10
-1.62418
 20
-11.84416
 30
0.0
 10
-1.49048
 20
-11.84733
 30
0.0
 10
-1.49048
 20
-11.84733
 30
0.0
 10
-1.35502
 20
-11.78207
 30
0.0
 10
-1.27847
 20
-11.62931
 30
0.0
 10
-1.23789
 20
-11.48961
 30
0.0
 10
-1.23789
 20
-11.48961
 30
0.0
 10
-1.17651
 20
-11.24162
 30
0.0
 10
-1.137
 20
-10.98868
 30
0.0
 10
-1.0728
 20
-10.74137
 30
0.0
 10
-1.0728
 20
-10.74137
 30
0.0
 10
-1.01035
 20
-10.5163
 30
0.0
 10
-0.76129
 20
-10.34696
 30
0.0
 10
-0.52846
 20
-10.40729
 30
0.0
 10
-0.52846
 20
-10.40729
 30
0.0
 10
-0.37606
 20
-10.44117
 30
0.0
 10
-0.22119
 20
-10.46551
 30
0.0
 10
-0.07126
 20
-10.51031
 30
0.0
 10
-0.07126
 20
-10.51031
 30
0.0
 10
0.14639
 20
-10.57592
 30
0.0
 10
0.30091
 20
-10.81758
 30
0.0
 10
0.24623
 20
-11.04229
 30
0.0
 10
0.24623
 20
-11.04229
 30
0.0
 10
0.19085
 20
-11.315
 30
0.0
 10
0.12946
 20
-11.58662
 30
0.0
 10
0.07196
 20
-11.85898
 30
0.0
 10
0.07196
 20
-11.85898
 30
0.0
 10
-0.0582
 20
-12.37543
 30
0.0
 10
-0.38311
 20
-12.85521
 30
0.0
 10
-0.85794
 20
-13.11027
 30
0.0
 10
-0.85794
 20
-13.11027
 30
0.0
 10
-1.03046
 20
-13.19671
 30
0.0
 10
-1.21673
 20
-13.26127
 30
0.0
 10
-1.4104
 20
-13.27291
 30
0.0
 10
-1.4104
 20
-13.27291
 30
0.0
 10
-1.67534
 20
-13.29619
 30
0.0
 10
-1.93216
 20
-13.21257
 30
0.0
 10
-2.18934
 20
-13.16355
 30
0.0
 10
-2.18934
 20
-13.16355
 30
0.0
 10
-2.661
 20
-13.06018
 30
0.0
 10
-3.03812
 20
-12.68411
 30
0.0
 10
-3.21132
 20
-12.24244
 30
0.0
 10
-3.21132
 20
-12.24244
 30
0.0
 10
-3.35068
 20
-11.9073
 30
0.0
 10
-3.36868
 20
-11.53478
 30
0.0
 10
-3.31893
 20
-11.17917
 30
0.0
 10
-3.31893
 20
-11.17917
 30
0.0
 10
-3.22262
 20
-10.64365
 30
0.0
 10
-3.14147
 20
-10.10603
 30
0.0
 10
-3.04729
 20
-9.5705
 30
0.0
 10
-3.04729
 20
-9.5705
 30
0.0
 10
-3.21451
 20
-9.57262
 30
0.0
 10
-3.39302
 20
-9.56203
 30
0.0
 10
-3.53201
 20
-9.45832
 30
0.0
 10
-3.53201
 20
-9.45832
 30
0.0
 10
-3.69851
 20
-9.35355
 30
0.0
 10
-3.79518
 20
-9.17468
 30
0.0
 10
-3.88408
 20
-9.00606
 30
0.0
 10
-3.88408
 20
-9.00606
 30
0.0
 10
-4.08023
 20
-9.09284
 30
0.0
 10
-4.29294
 20
-9.19373
 30
0.0
 10
-4.51272
 20
-9.13729
 30
0.0
 10
-4.51272
 20
-9.13729
 30
0.0
 10
-4.80165
 20
-9.08015
 30
0.0
 10
-5.0045
 20
-8.79016
 30
0.0
 10
-5.00203
 20
-8.50335
 30
0.0
 10
-5.00203
 20
-8.50335
 30
0.0
 10
-5.03519
 20
-8.05602
 30
0.0
 10
-4.83622
 20
-7.63869
 30
0.0
 10
-4.64185
 20
-7.24923
 30
0.0
 10
-4.64185
 20
-7.24923
 30
0.0
 10
-4.53319
 20
-7.02062
 30
0.0
 10
-4.3762
 20
-6.82059
 30
0.0
 10
-4.24921
 20
-6.6033
 30
0.0
 10
-4.24921
 20
-6.6033
 30
0.0
 10
-4.45557
 20
-6.6033
 30
0.0
 10
-4.66372
 20
-6.62374
 30
0.0
 10
-4.86833
 20
-6.58741
 30
0.0
 10
-4.86833
 20
-6.58741
 30
0.0
 10
-5.38762
 20
-6.51544
 30
0.0
 10
-5.86139
 20
-6.18912
 30
0.0
 10
-6.12174
 20
-5.73546
 30
0.0
 10
-6.12174
 20
-5.73546
 30
0.0
 10
-6.2812
 20
-5.45465
 30
0.0
 10
-6.35
 20
-5.11527
 30
0.0
 10
-6.26779
 20
-4.79918
 30
0.0
 10
-6.26779
 20
-4.79918
 30
0.0
 10
-6.21875
 20
-4.61327
 30
0.0
 10
-6.09988
 20
-4.45769
 30
0.0
 10
-5.96971
 20
-4.32047
 30
0.0
 10
-5.96971
 20
-4.32047
 30
0.0
 10
-6.06848
 20
-3.94687
 30
0.0
 10
-6.12634
 20
-3.54507
 30
0.0
 10
-6.00499
 20
-3.169
 30
0.0
 10
-6.00499
 20
-3.169
 30
0.0
 10
-5.89633
 20
-2.77917
 30
0.0
 10
-5.5686
 20
-2.46803
 30
0.0
 10
-5.18054
 20
-2.3622
 30
0.0
 10
-5.18054
 20
-2.3622
 30
0.0
 10
-4.76956
 20
-2.24861
 30
0.0
 10
-4.33139
 20
-2.32127
 30
0.0
 10
-3.93593
 20
-2.45991
 30
0.0
 10
-3.93593
 20
-2.45991
 30
0.0
 10
-3.45827
 20
-2.64442
 30
0.0
 10
-3.04906
 20
-2.96686
 30
0.0
 10
-2.67511
 20
-3.30975
 30
0.0
 10
-2.67511
 20
-3.30975
 30
0.0
 10
-2.45497
 20
-3.5193
 30
0.0
 10
-2.23485
 20
-3.74015
 30
0.0
 10
-2.10502
 20
-4.0199
 30
0.0
 10
-2.10502
 20
-4.0199
 30
0.0
 10
-2.05668
 20
-4.01284
 30
0.0
 10
-2.008
 20
-4.00578
 30
0.0
 10
-1.95896
 20
-3.99979
 30
0.0
 10
-1.95896
 20
-3.99979
 30
0.0
 10
-1.92722
 20
-3.68723
 30
0.0
 10
-1.84608
 20
-3.38278
 30
0.0
 10
-1.7854
 20
-3.07552
 30
0.0
 10
-1.7854
 20
-3.07552
 30
0.0
 10
-1.63759
 20
-2.32621
 30
0.0
 10
-1.47143
 20
-1.58043
 30
0.0
 10
-1.33103
 20
-0.83007
 30
0.0
 10
-1.33103
 20
-0.83007
 30
0.0
 10
-1.58362
 20
-0.81173
 30
0.0
 10
-1.84255
 20
-0.72777
 30
0.0
 10
-2.01365
 20
-0.53199
 30
0.0
 10
-2.01365
 20
-0.53199
 30
0.0
 10
-2.13642
 20
-0.41416
 30
0.0
 10
-2.19779
 20
-0.25188
 30
0.0
 10
-2.25036
 20
-0.09418
 30
0.0
 10
-2.25036
 20
-0.09418
 30
0.0
 10
-2.34209
 20
-0.09489
 30
0.0
 10
-2.43521
 20
-0.10371
 30
0.0
 10
-2.52552
 20
-0.08466
 30
0.0
 10
-2.52552
 20
-0.08466
 30
0.0
 10
-2.65289
 20
-0.04409
 30
0.0
 10
-2.74002
 20
0.08395
 30
0.0
 10
-2.8822
 20
0.08254
 30
0.0
 10
-2.8822
 20
0.08254
 30
0.0
 10
-3.07798
 20
0.09348
 30
0.0
 10
-3.24309
 20
0.20002
 30
0.0
 10
-3.40218
 20
0.30302
 30
0.0
 10
-3.40218
 20
0.30302
 30
0.0
 10
-3.52602
 20
0.31608
 30
0.0
 10
-3.6523
 20
0.28963
 30
0.0
 10
-3.77506
 20
0.31855
 30
0.0
 10
-3.77506
 20
0.31855
 30
0.0
 10
-3.88796
 20
0.34008
 30
0.0
 10
-3.98885
 20
0.39758
 30
0.0
 10
-4.09609
 20
0.43497
 30
0.0
 10
-4.09609
 20
0.43497
 30
0.0
 10
-4.21357
 20
0.42121
 30
0.0
 10
-4.3254
 20
0.37146
 30
0.0
 10
-4.445
 20
0.37499
 30
0.0
 10
-4.445
 20
0.37499
 30
0.0
 10
-4.56459
 20
0.36971
 30
0.0
 10
-4.67713
 20
0.41592
 30
0.0
 10
-4.79354
 20
0.43285
 30
0.0
 10
-4.79354
 20
0.43285
 30
0.0
 10
-4.93253
 20
0.37782
 30
0.0
 10
-5.06694
 20
0.29527
 30
0.0
 10
-5.22181
 20
0.29739
 30
0.0
 10
-5.22181
 20
0.29739
 30
0.0
 10
-5.32623
 20
0.28787
 30
0.0
 10
-5.44971
 20
0.32666
 30
0.0
 10
-5.53084
 20
0.23988
 30
0.0
 10
-5.53084
 20
0.23988
 30
0.0
 10
-5.73439
 20
0.06984
 30
0.0
 10
-6.01591
 20
-0.01235
 30
0.0
 10
-6.27698
 20
0.04726
 30
0.0
 10
-6.27698
 20
0.04726
 30
0.0
 10
-6.48229
 20
0.08183
 30
0.0
 10
-6.64245
 20
0.22436
 30
0.0
 10
-6.80895
 20
0.33725
 30
0.0
 10
-6.80895
 20
0.33725
 30
0.0
 10
-6.94055
 20
0.31114
 30
0.0
 10
-7.08483
 20
0.2734
 30
0.0
 10
-7.21006
 20
0.3429
 30
0.0
 10
-7.21006
 20
0.3429
 30
0.0
 10
-7.43232
 20
0.45578
 30
0.0
 10
-7.6401
 20
0.61948
 30
0.0
 10
-7.76005
 20
0.84172
 30
0.0
 10
-7.76005
 20
0.84172
 30
0.0
 10
-7.81507
 20
0.94014
 30
0.0
 10
-7.83166
 20
1.05233
 30
0.0
 10
-7.86553
 20
1.1578
 30
0.0
 10
-7.86553
 20
1.1578
 30
0.0
 10
-7.9315
 20
1.23613
 30
0.0
 10
-8.02145
 20
1.28905
 30
0.0
 10
-8.0906
 20
1.36418
 30
0.0
 10
-8.0906
 20
1.36418
 30
0.0
 10
-8.23488
 20
1.50988
 30
0.0
 10
-8.30579
 20
1.71026
 30
0.0
 10
-8.34178
 20
1.90816
 30
0.0
 10
-8.34178
 20
1.90816
 30
0.0
 10
-8.45466
 20
1.91452
 30
0.0
 10
-8.57426
 20
1.91769
 30
0.0
 10
-8.67233
 20
1.98191
 30
0.0
 10
-8.67233
 20
1.98191
 30
0.0
 10
-8.76864
 20
2.03376
 30
0.0
 10
-8.81203
 20
2.16076
 30
0.0
 10
-8.92845
 20
2.17664
 30
0.0
 10
-8.92845
 20
2.17664
 30
0.0
 10
-9.138
 20
2.21826
 30
0.0
 10
-9.32708
 20
2.32974
 30
0.0
 10
-9.46925
 20
2.48813
 30
0.0
 10
-9.46925
 20
2.48813
 30
0.0
 10
-9.62554
 20
2.4825
 30
0.0
 10
-9.78605
 20
2.49731
 30
0.0
 10
-9.92857
 20
2.56504
 30
0.0
 10
-9.92857
 20
2.56504
 30
0.0
 10
-10.01994
 20
2.60419
 30
0.0
 10
-10.09967
 20
2.66664
 30
0.0
 10
-10.19245
 20
2.70262
 30
0.0
 10
-10.19245
 20
2.70262
 30
0.0
 10
-10.3311
 20
2.69063
 30
0.0
 10
-10.47291
 20
2.66171
 30
0.0
 10
-10.61049
 20
2.7005
 30
0.0
 10
-10.61049
 20
2.7005
 30
0.0
 10
-10.7322
 20
2.72026
 30
0.0
 10
-10.85144
 20
2.82046
 30
0.0
 10
-10.97562
 20
2.7559
 30
0.0
 10
-10.97562
 20
2.7559
 30
0.0
 10
-11.39754
 20
2.57493
 30
0.0
 10
-11.91789
 20
2.7827
 30
0.0
 10
-12.13696
 20
3.17465
 30
0.0
 10
-12.13696
 20
3.17465
 30
0.0
 10
-12.18882
 20
3.2907
 30
0.0
 10
-12.18177
 20
3.42159
 30
0.0
 10
-12.14084
 20
3.53976
 30
0.0
 10
-12.14084
 20
3.53976
 30
0.0
 10
-11.98986
 20
4.0125
 30
0.0
 10
-11.86427
 20
4.49262
 30
0.0
 10
-11.72068
 20
4.96746
 30
0.0
 10
-11.72068
 20
4.96746
 30
0.0
 10
-11.82793
 20
5.12268
 30
0.0
 10
-11.89389
 20
5.31495
 30
0.0
 10
-11.86003
 20
5.50474
 30
0.0
 10
-11.86003
 20
5.50474
 30
0.0
 10
-11.81558
 20
5.7852
 30
0.0
 10
-11.59615
 20
6.02438
 30
0.0
 10
-11.32028
 20
6.09247
 30
0.0
 10
-11.32028
 20
6.09247
 30
0.0
 10
-11.11955
 20
6.15914
 30
0.0
 10
-10.91635
 20
6.07484
 30
0.0
 10
-10.72937
 20
6.00463
 30
0.0
 10
-10.72937
 20
6.00463
 30
0.0
 10
-10.7135
 20
6.03074
 30
0.0
 10
-10.68105
 20
6.08295
 30
0.0
 10
-10.66518
 20
6.10904
 30
0.0
 10
-10.66518
 20
6.10904
 30
0.0
 10
-10.7643
 20
6.2812
 30
0.0
 10
-10.82393
 20
6.50239
 30
0.0
 10
-10.69869
 20
6.67878
 30
0.0
 10
-10.69869
 20
6.67878
 30
0.0
 10
-10.53394
 20
6.88869
 30
0.0
 10
-10.31346
 20
7.04532
 30
0.0
 10
-10.12472
 20
7.23194
 30
0.0
 10
-10.12472
 20
7.23194
 30
0.0
 10
-9.24877
 20
8.00734
 30
0.0
 10
-8.30192
 20
8.70231
 30
0.0
 10
-7.30355
 20
9.31121
 30
0.0
 10
-7.30355
 20
9.31121
 30
0.0
 10
-6.48828
 20
9.80581
 30
0.0
 10
-5.64656
 20
10.25948
 30
0.0
 10
-4.76496
 20
10.62531
 30
0.0
 10
-4.76496
 20
10.62531
 30
0.0
 10
-3.66606
 20
11.09097
 30
0.0
 10
-2.51812
 20
11.45222
 30
0.0
 10
-1.33631
 20
11.63284
 30
0.0
 10
-1.33631
 20
11.63284
 30
0.0
 10
-0.30127
 20
11.78736
 30
0.0
 10
0.75952
 20
11.80253
 30
0.0
 10
1.79105
 20
11.61379
 30
0.0
 10
1.79105
 20
11.61379
 30
0.0
 10
1.85666
 20
12.0343
 30
0.0
 10
1.91735
 20
12.45552
 30
0.0
 10
1.98191
 20
12.87603
 30
0.0
  0
SPLINE
  5
42
330
1F
100
AcDbEntity
  8
Camada 1
 62
   156
100
AcDbSpline
210
0.0
220
0.0
230
1.0
 70
    11
 71
     3
 72
    52
 73
    48
 74
     0
 42
0.0000000001
 43
0.0000000001
 12
1.0
 22
0.0
 32
0.0
 13
1.0
 23
0.0
 33
0.0
 40
0.0
 40
0.0
 40
0.0
 40
0.0
 40
0.0769230769230769
 40
0.0769230769230769
 40
0.0769230769230769
 40
0.0769230769230769
 40
0.1538461538461539
 40
0.1538461538461539
 40
0.1538461538461539
 40
0.1538461538461539
 40
0.2307692307692308
 40
0.2307692307692308
 40
0.2307692307692308
 40
0.2307692307692308
 40
0.3076923076923077
 40
0.3076923076923077
 40
0.3076923076923077
 40
0.3076923076923077
 40
0.3846153846153846
 40
0.3846153846153846
 40
0.3846153846153846
 40
0.3846153846153846
 40
0.4615384615384616
 40
0.4615384615384616
 40
0.4615384615384616
 40
0.4615384615384616
 40
0.5384615384615384
 40
0.5384615384615384
 40
0.5384615384615384
 40
0.5384615384615384
 40
0.6153846153846154
 40
0.6153846153846154
 40
0.6153846153846154
 40
0.6153846153846154
 40
0.6923076923076923
 40
0.6923076923076923
 40
0.6923076923076923
 40
0.6923076923076923
 40
0.7692307692307693
 40
0.7692307692307693
 40
0.7692307692307693
 40
0.7692307692307693
 40
0.8461538461538461
 40
0.8461538461538461
 40
0.8461538461538461
 40
0.8461538461538461
 40
1.0
 40
1.0
 40
1.0
 40
1.0
 10
1.10348
 20
11.29312
 30
0.0
 10
1.10348
 20
11.29312
 30
0.0
 10
1.10348
 20
11.29312
 30
0.0
 10
1.10348
 20
11.29312
 30
0.0
 10
1.10348
 20
11.29312
 30
0.0
 10
1.11054
 20
11.24655
 30
0.0
 10
1.11831
 20
11.19998
 30
0.0
 10
1.12642
 20
11.15306
 30
0.0
 10
1.12642
 20
11.15306
 30
0.0
 10
1.22061
 20
11.15624
 30
0.0
 10
1.31197
 20
11.18164
 30
0.0
 10
1.40545
 20
11.19081
 30
0.0
 10
1.40545
 20
11.19081
 30
0.0
 10
1.48554
 20
11.17635
 30
0.0
 10
1.55081
 20
11.1259
 30
0.0
 10
1.61571
 20
11.08004
 30
0.0
 10
1.61571
 20
11.08004
 30
0.0
 10
1.59066
 20
11.00666
 30
0.0
 10
1.57339
 20
10.89906
 30
0.0
 10
1.4792
 20
10.88848
 30
0.0
 10
1.4792
 20
10.88848
 30
0.0
 10
1.28481
 20
10.90436
 30
0.0
 10
1.13736
 20
11.04864
 30
0.0
 10
0.96097
 20
11.11497
 30
0.0
 10
0.96097
 20
11.11497
 30
0.0
 10
0.77152
 20
11.18622
 30
0.0
 10
0.5535
 20
11.23279
 30
0.0
 10
0.36125
 20
11.14671
 30
0.0
 10
0.36125
 20
11.14671
 30
0.0
 10
0.36194
 20
11.09698
 30
0.0
 10
0.36264
 20
11.04687
 30
0.0
 10
0.36371
 20
10.99714
 30
0.0
 10
0.36371
 20
10.99714
 30
0.0
 10
0.49847
 20
10.97985
 30
0.0
 10
0.63712
 20
11.00807
 30
0.0
 10
0.76941
 20
10.96926
 30
0.0
 10
0.76941
 20
10.96926
 30
0.0
 10
1.01988
 20
10.91282
 30
0.0
 10
1.21072
 20
10.68211
 30
0.0
 10
1.48096
 20
10.69798
 30
0.0
 10
1.48096
 20
10.69798
 30
0.0
 10
1.77129
 20
10.674
 30
0.0
 10
1.90853
 20
11.11743
 30
0.0
 10
1.68485
 20
11.28183
 30
0.0
 10
1.68485
 20
11.28183
 30
0.0
 10
1.52082
 20
11.40389
 30
0.0
 10
1.26612
 20
11.43282
 30
0.0
 10
1.10348
 20
11.29312
 30
0.0
  0
SPLINE
  5
43
330
1F
100
AcDbEntity
  8
Camada 1
 62
   156
100
AcDbSpline
210
0.0
220
0.0
230
1.0
 70
    11
 71
     3
 72
   144
 73
   140
 74
     0
 42
0.0000000001
 43
0.0000000001
 12
1.0
 22
0.0
 32
0.0
 13
1.0
 23
0.0
 33
0.0
 40
0.0
 40
0.0
 40
0.0
 40
0.0
 40
0.0277777777777778
 40
0.0277777777777778
 40
0.0277777777777778
 40
0.0277777777777778
 40
0.0555555555555556
 40
0.0555555555555556
 40
0.0555555555555556
 40
0.0555555555555556
 40
0.0833333333333333
 40
0.0833333333333333
 40
0.0833333333333333
 40
0.0833333333333333
 40
0.1111111111111111
 40
0.1111111111111111
 40
0.1111111111111111
 40
0.1111111111111111
 40
0.1388888888888889
 40
0.1388888888888889
 40
0.1388888888888889
 40
0.1388888888888889
 40
0.1666666666666667
 40
0.1666666666666667
 40
0.1666666666666667
 40
0.1666666666666667
 40
0.1944444444444444
 40
0.1944444444444444
 40
0.1944444444444444
 40
0.1944444444444444
 40
0.2222222222222222
 40
0.2222222222222222
 40
0.2222222222222222
 40
0.2222222222222222
 40
0.25
 40
0.25
 40
0.25
 40
0.25
 40
0.2777777777777778
 40
0.2777777777777778
 40
0.2777777777777778
 40
0.2777777777777778
 40
0.3055555555555556
 40
0.3055555555555556
 40
0.3055555555555556
 40
0.3055555555555556
 40
0.3333333333333333
 40
0.3333333333333333
 40
0.3333333333333333
 40
0.3333333333333333
 40
0.3611111111111111
 40
0.3611111111111111
 40
0.3611111111111111
 40
0.3611111111111111
 40
0.3888888888888889
 40
0.3888888888888889
 40
0.3888888888888889
 40
0.3888888888888889
 40
0.4166666666666667
 40
0.4166666666666667
 40
0.4166666666666667
 40
0.4166666666666667
 40
0.4444444444444444
 40
0.4444444444444444
 40
0.4444444444444444
 40
0.4444444444444444
 40
0.4722222222222222
 40
0.4722222222222222
 40
0.4722222222222222
 40
0.4722222222222222
 40
0.5
 40
0.5
 40
0.5
 40
0.5
 40
0.5277777777777778
 40
0.5277777777777778
 40
0.5277777777777778
 40
0.5277777777777778
 40
0.5555555555555556
 40
0.5555555555555556
 40
0.5555555555555556
 40
0.5555555555555556
 40
0.5833333333333334
 40
0.5833333333333334
 40
0.5833333333333334
 40
0.5833333333333334
 40
0.6111111111111112
 40
0.6111111111111112
 40
0.6111111111111112
 40
0.6111111111111112
 40
0.6388888888888888
 40
0.6388888888888888
 40
0.6388888888888888
 40
0.6388888888888888
 40
0.6666666666666666
 40
0.6666666666666666
 40
0.6666666666666666
 40
0.6666666666666666
 40
0.6944444444444444
 40
0.6944444444444444
 40
0.6944444444444444
 40
0.6944444444444444
 40
0.7222222222222222
 40
0.7222222222222222
 40
0.7222222222222222
 40
0.7222222222222222
 40
0.75
 40
0.75
 40
0.75
 40
0.75
 40
0.7777777777777778
 40
0.7777777777777778
 40
0.7777777777777778
 40
0.7777777777777778
 40
0.8055555555555556
 40
0.8055555555555556
 40
0.8055555555555556
 40
0.8055555555555556
 40
0.8333333333333334
 40
0.8333333333333334
 40
0.8333333333333334
 40
0.8333333333333334
 40
0.8611111111111112
 40
0.8611111111111112
 40
0.8611111111111112
 40
0.8611111111111112
 40
0.8888888888888888
 40
0.8888888888888888
 40
0.8888888888888888
 40
0.8888888888888888
 40
0.9166666666666666
 40
0.9166666666666666
 40
0.9166666666666666
 40
0.9166666666666666
 40
0.9444444444444444
 40
0.9444444444444444
 40
0.9444444444444444
 40
0.9444444444444444
 40
1.0
 40
1.0
 40
1.0
 40
1.0
 10
-1.15464
 20
11.18834
 30
0.0
 10
-1.15464
 20
11.18834
 30
0.0
 10
-1.15464
 20
11.18834
 30
0.0
 10
-1.15464
 20
11.18834
 30
0.0
 10
-1.15464
 20
11.18834
 30
0.0
 10
-1.14652
 20
11.14036
 30
0.0
 10
-1.13736
 20
11.09238
 30
0.0
 10
-1.12713
 20
11.04441
 30
0.0
 10
-1.12713
 20
11.04441
 30
0.0
 10
-1.01528
 20
11.04053
 30
0.0
 10
-0.91546
 20
11.09486
 30
0.0
 10
-0.80926
 20
11.1199
 30
0.0
 10
-0.80926
 20
11.1199
 30
0.0
 10
-0.66075
 20
11.14072
 30
0.0
 10
-0.51118
 20
11.04687
 30
0.0
 10
-0.44414
 20
10.91635
 30
0.0
 10
-0.44414
 20
10.91635
 30
0.0
 10
-0.40569
 20
10.82322
 30
0.0
 10
-0.39441
 20
10.72161
 30
0.0
 10
-0.36547
 20
10.62566
 30
0.0
 10
-0.36547
 20
10.62566
 30
0.0
 10
-0.19156
 20
10.64119
 30
0.0
 10
-0.05186
 20
10.83239
 30
0.0
 10
0.13229
 20
10.74949
 30
0.0
 10
0.13229
 20
10.74949
 30
0.0
 10
0.32244
 20
10.70504
 30
0.0
 10
0.39088
 20
10.50466
 30
0.0
 10
0.43921
 20
10.33921
 30
0.0
 10
0.43921
 20
10.33921
 30
0.0
 10
0.62476
 20
10.33497
 30
0.0
 10
0.75106
 20
10.56075
 30
0.0
 10
0.94862
 20
10.48314
 30
0.0
 10
0.94862
 20
10.48314
 30
0.0
 10
1.14265
 20
10.44398
 30
0.0
 10
1.2065
 20
10.24536
 30
0.0
 10
1.27881
 20
10.08873
 30
0.0
 10
1.27881
 20
10.08873
 30
0.0
 10
1.45204
 20
10.11696
 30
0.0
 10
1.56669
 20
10.31945
 30
0.0
 10
1.76001
 20
10.2683
 30
0.0
 10
1.76001
 20
10.2683
 30
0.0
 10
1.95967
 20
10.24149
 30
0.0
 10
2.04328
 20
10.04534
 30
0.0
 10
2.1149
 20
9.88377
 30
0.0
 10
2.1149
 20
9.88377
 30
0.0
 10
2.2539
 20
9.89541
 30
0.0
 10
2.31985
 20
10.04111
 30
0.0
 10
2.44934
 20
10.07709
 30
0.0
 10
2.44934
 20
10.07709
 30
0.0
 10
2.56928
 20
10.13071
 30
0.0
 10
2.70333
 20
10.07039
 30
0.0
 10
2.80212
 20
9.99877
 30
0.0
 10
2.80212
 20
9.99877
 30
0.0
 10
2.86773
 20
9.92822
 30
0.0
 10
2.90125
 20
9.83509
 30
0.0
 10
2.95839
 20
9.75783
 30
0.0
 10
2.95839
 20
9.75783
 30
0.0
 10
3.0487
 20
9.70915
 30
0.0
 10
3.10303
 20
9.80792
 30
0.0
 10
3.15877
 20
9.86084
 30
0.0
 10
3.15877
 20
9.86084
 30
0.0
 10
3.2579
 20
9.9695
 30
0.0
 10
3.42723
 20
10.00195
 30
0.0
 10
3.56022
 20
9.93986
 30
0.0
 10
3.56022
 20
9.93986
 30
0.0
 10
3.69675
 20
9.888
 30
0.0
 10
3.75355
 20
9.7423
 30
0.0
 10
3.84493
 20
9.64
 30
0.0
 10
3.84493
 20
9.64
 30
0.0
 10
3.9123
 20
9.67422
 30
0.0
 10
3.96487
 20
9.72784
 30
0.0
 10
4.01143
 20
9.7864
 30
0.0
 10
4.01143
 20
9.7864
 30
0.0
 10
4.10491
 20
9.90847
 30
0.0
 10
4.28483
 20
9.96773
 30
0.0
 10
4.42736
 20
9.89894
 30
0.0
 10
4.42736
 20
9.89894
 30
0.0
 10
4.54413
 20
9.85202
 30
0.0
 10
4.60199
 20
9.73101
 30
0.0
 10
4.69652
 20
9.65517
 30
0.0
 10
4.69652
 20
9.65517
 30
0.0
 10
4.7893
 20
9.62413
 30
0.0
 10
4.85069
 20
9.72466
 30
0.0
 10
4.81047
 20
9.80474
 30
0.0
 10
4.81047
 20
9.80474
 30
0.0
 10
4.74062
 20
9.93352
 30
0.0
 10
4.62314
 20
10.03758
 30
0.0
 10
4.48627
 20
10.09015
 30
0.0
 10
4.48627
 20
10.09015
 30
0.0
 10
4.27567
 20
10.15858
 30
0.0
 10
4.04142
 20
10.1032
 30
0.0
 10
3.87702
 20
9.9568
 30
0.0
 10
3.87702
 20
9.9568
 30
0.0
 10
3.76025
 20
10.06439
 30
0.0
 10
3.62162
 20
10.16423
 30
0.0
 10
3.45651
 20
10.16705
 30
0.0
 10
3.45651
 20
10.16705
 30
0.0
 10
3.30553
 20
10.18433
 30
0.0
 10
3.16618
 20
10.1159
 30
0.0
 10
3.03705
 20
10.04711
 30
0.0
 10
3.03705
 20
10.04711
 30
0.0
 10
2.91818
 20
10.17728
 30
0.0
 10
2.76014
 20
10.29299
 30
0.0
 10
2.57562
 20
10.2877
 30
0.0
 10
2.57562
 20
10.2877
 30
0.0
 10
2.44333
 20
10.29863
 30
0.0
 10
2.32233
 20
10.24008
 30
0.0
 10
2.20132
 20
10.19633
 30
0.0
 10
2.20132
 20
10.19633
 30
0.0
 10
2.09761
 20
10.32509
 30
0.0
 10
1.96037
 20
10.44151
 30
0.0
 10
1.79
 20
10.46091
 30
0.0
 10
1.79
 20
10.46091
 30
0.0
 10
1.64923
 20
10.48419
 30
0.0
 10
1.50988
 20
10.44222
 30
0.0
 10
1.38219
 20
10.38577
 30
0.0
 10
1.38219
 20
10.38577
 30
0.0
 10
1.30951
 20
10.47467
 30
0.0
 10
1.23647
 20
10.56922
 30
0.0
 10
1.13242
 20
10.62284
 30
0.0
 10
1.13242
 20
10.62284
 30
0.0
 10
0.95815
 20
10.71845
 30
0.0
 10
0.74471
 20
10.69093
 30
0.0
 10
0.5662
 20
10.62214
 30
0.0
 10
0.5662
 20
10.62214
 30
0.0
 10
0.49423
 20
10.73326
 30
0.0
 10
0.40957
 20
10.84438
 30
0.0
 10
0.2868
 20
10.90259
 30
0.0
 10
0.2868
 20
10.90259
 30
0.0
 10
0.13053
 20
10.98655
 30
0.0
 10
-0.05644
 20
10.96539
 30
0.0
 10
-0.21907
 20
10.91318
 30
0.0
 10
-0.21907
 20
10.91318
 30
0.0
 10
-0.26882
 20
11.01548
 30
0.0
 10
-0.31925
 20
11.12379
 30
0.0
 10
-0.41239
 20
11.19434
 30
0.0
 10
-0.41239
 20
11.19434
 30
0.0
 10
-0.62052
 20
11.36861
 30
0.0
 10
-0.94402
 20
11.34779
 30
0.0
 10
-1.15464
 20
11.18834
 30
0.0
  0
SPLINE
  5
44
330
1F
100
AcDbEntity
  8
Camada 1
 62
   156
100
AcDbSpline
210
0.0
220
0.0
230
1.0
 70
    11
 71
     3
 72
    52
 73
    48
 74
     0
 42
0.0000000001
 43
0.0000000001
 12
1.0
 22
0.0
 32
0.0
 13
1.0
 23
0.0
 33
0.0
 40
0.0
 40
0.0
 40
0.0
 40
0.0
 40
0.0769230769230769
 40
0.0769230769230769
 40
0.0769230769230769
 40
0.0769230769230769
 40
0.1538461538461539
 40
0.1538461538461539
 40
0.1538461538461539
 40
0.1538461538461539
 40
0.2307692307692308
 40
0.2307692307692308
 40
0.2307692307692308
 40
0.2307692307692308
 40
0.3076923076923077
 40
0.3076923076923077
 40
0.3076923076923077
 40
0.3076923076923077
 40
0.3846153846153846
 40
0.3846153846153846
 40
0.3846153846153846
 40
0.3846153846153846
 40
0.4615384615384616
 40
0.4615384615384616
 40
0.4615384615384616
 40
0.4615384615384616
 40
0.5384615384615384
 40
0.5384615384615384
 40
0.5384615384615384
 40
0.5384615384615384
 40
0.6153846153846154
 40
0.6153846153846154
 40
0.6153846153846154
 40
0.6153846153846154
 40
0.6923076923076923
 40
0.6923076923076923
 40
0.6923076923076923
 40
0.6923076923076923
 40
0.7692307692307693
 40
0.7692307692307693
 40
0.7692307692307693
 40
0.7692307692307693
 40
0.8461538461538461
 40
0.8461538461538461
 40
0.8461538461538461
 40
0.8461538461538461
 40
1.0
 40
1.0
 40
1.0
 40
1.0
 10
2.2479
 20
11.11497
 30
0.0
 10
2.2479
 20
11.11497
 30
0.0
 10
2.2479
 20
11.11497
 30
0.0
 10
2.2479
 20
11.11497
 30
0.0
 10
2.2479
 20
11.11497
 30
0.0
 10
2.00342
 20
11.01689
 30
0.0
 10
1.99036
 20
10.59849
 30
0.0
 10
2.24437
 20
10.50431
 30
0.0
 10
2.24437
 20
10.50431
 30
0.0
 10
2.5026
 20
10.38718
 30
0.0
 10
2.78411
 20
10.54452
 30
0.0
 10
3.04658
 20
10.45457
 30
0.0
 10
3.04658
 20
10.45457
 30
0.0
 10
3.169
 20
10.42882
 30
0.0
 10
3.26884
 20
10.33251
 30
0.0
 10
3.39972
 20
10.34062
 30
0.0
 10
3.39972
 20
10.34062
 30
0.0
 10
3.40995
 20
10.36813
 30
0.0
 10
3.43076
 20
10.42317
 30
0.0
 10
3.44134
 20
10.45068
 30
0.0
 10
3.44134
 20
10.45068
 30
0.0
 10
3.34892
 20
10.58509
 30
0.0
 10
3.18347
 20
10.62884
 30
0.0
 10
3.03318
 20
10.66129
 30
0.0
 10
3.03318
 20
10.66129
 30
0.0
 10
2.80599
 20
10.70504
 30
0.0
 10
2.57352
 20
10.6299
 30
0.0
 10
2.34809
 20
10.67787
 30
0.0
 10
2.34809
 20
10.67787
 30
0.0
 10
2.23485
 20
10.70715
 30
0.0
 10
2.26447
 20
10.82604
 30
0.0
 10
2.27329
 20
10.91318
 30
0.0
 10
2.27329
 20
10.91318
 30
0.0
 10
2.35338
 20
10.93434
 30
0.0
 10
2.44474
 20
10.97209
 30
0.0
 10
2.52236
 20
10.92059
 30
0.0
 10
2.52236
 20
10.92059
 30
0.0
 10
2.60667
 20
10.88672
 30
0.0
 10
2.66841
 20
10.7763
 30
0.0
 10
2.77035
 20
10.81016
 30
0.0
 10
2.77035
 20
10.81016
 30
0.0
 10
2.83138
 20
10.85144
 30
0.0
 10
2.82645
 20
10.94598
 30
0.0
 10
2.77354
 20
10.99114
 30
0.0
 10
2.77354
 20
10.99114
 30
0.0
 10
2.64407
 20
11.13367
 30
0.0
 10
2.42639
 20
11.17317
 30
0.0
 10
2.2479
 20
11.11497
 30
0.0
  0
SPLINE
  5
45
330
1F
100
AcDbEntity
  8
Camada 1
 62
   156
100
AcDbSpline
210
0.0
220
0.0
230
1.0
 70
    11
 71
     3
 72
    20
 73
    16
 74
     0
 42
0.0000000001
 43
0.0000000001
 12
1.0
 22
0.0
 32
0.0
 13
1.0
 23
0.0
 33
0.0
 40
0.0
 40
0.0
 40
0.0
 40
0.0
 40
0.2
 40
0.2
 40
0.2
 40
0.2
 40
0.4
 40
0.4
 40
0.4
 40
0.4
 40
0.6
 40
0.6
 40
0.6
 40
0.6
 40
1.0
 40
1.0
 40
1.0
 40
1.0
 10
-0.96273
 20
10.77101
 30
0.0
 10
-0.96273
 20
10.77101
 30
0.0
 10
-0.96273
 20
10.77101
 30
0.0
 10
-0.96273
 20
10.77101
 30
0.0
 10
-0.96273
 20
10.77101
 30
0.0
 10
-1.05657
 20
10.72479
 30
0.0
 10
-1.07314
 20
10.59885
 30
0.0
 10
-1.0227
 20
10.51525
 30
0.0
 10
-1.0227
 20
10.51525
 30
0.0
 10
-0.94684
 20
10.39565
 30
0.0
 10
-0.72036
 20
10.44398
 30
0.0
 10
-0.71578
 20
10.59356
 30
0.0
 10
-0.71578
 20
10.59356
 30
0.0
 10
-0.68545
 20
10.72902
 30
0.0
 10
-0.84737
 20
10.82286
 30
0.0
 10
-0.96273
 20
10.77101
 30
0.0
  0
SPLINE
  5
46
330
1F
100
AcDbEntity
  8
Camada 1
 62
   156
100
AcDbSpline
210
0.0
220
0.0
230
1.0
 70
    11
 71
     3
 72
    24
 73
    20
 74
     0
 42
0.0000000001
 43
0.0000000001
 12
1.0
 22
0.0
 32
0.0
 13
1.0
 23
0.0
 33
0.0
 40
0.0
 40
0.0
 40
0.0
 40
0.0
 40
0.1666666666666667
 40
0.1666666666666667
 40
0.1666666666666667
 40
0.1666666666666667
 40
0.3333333333333333
 40
0.3333333333333333
 40
0.3333333333333333
 40
0.3333333333333333
 40
0.5
 40
0.5
 40
0.5
 40
0.5
 40
0.6666666666666666
 40
0.6666666666666666
 40
0.6666666666666666
 40
0.6666666666666666
 40
1.0
 40
1.0
 40
1.0
 40
1.0
 10
-0.12593
 20
10.35826
 30
0.0
 10
-0.12593
 20
10.35826
 30
0.0
 10
-0.12593
 20
10.35826
 30
0.0
 10
-0.12593
 20
10.35826
 30
0.0
 10
-0.12593
 20
10.35826
 30
0.0
 10
-0.19719
 20
10.34238
 30
0.0
 10
-0.24306
 20
10.26689
 30
0.0
 10
-0.23388
 20
10.19563
 30
0.0
 10
-0.23388
 20
10.19563
 30
0.0
 10
-0.24411
 20
10.05487
 30
0.0
 10
-0.04514
 20
9.97726
 30
0.0
 10
0.05009
 20
10.07321
 30
0.0
 10
0.05009
 20
10.07321
 30
0.0
 10
0.11289
 20
10.12119
 30
0.0
 10
0.10159
 20
10.21115
 30
0.0
 10
0.0896
 20
10.27994
 30
0.0
 10
0.0896
 20
10.27994
 30
0.0
 10
0.04375
 20
10.35296
 30
0.0
 10
-0.04444
 20
10.38154
 30
0.0
 10
-0.12593
 20
10.35826
 30
0.0
  0
SPLINE
  5
47
330
1F
100
AcDbEntity
  8
Camada 1
 62
   156
100
AcDbSpline
210
0.0
220
0.0
230
1.0
 70
    11
 71
     3
 72
    20
 73
    16
 74
     0
 42
0.0000000001
 43
0.0000000001
 12
1.0
 22
0.0
 32
0.0
 13
1.0
 23
0.0
 33
0.0
 40
0.0
 40
0.0
 40
0.0
 40
0.0
 40
0.2
 40
0.2
 40
0.2
 40
0.2
 40
0.4
 40
0.4
 40
0.4
 40
0.4
 40
0.6
 40
0.6
 40
0.6
 40
0.6
 40
1.0
 40
1.0
 40
1.0
 40
1.0
 10
-2.28423
 20
10.32933
 30
0.0
 10
-2.28423
 20
10.32933
 30
0.0
 10
-2.28423
 20
10.32933
 30
0.0
 10
-2.28423
 20
10.32933
 30
0.0
 10
-2.28423
 20
10.32933
 30
0.0
 10
-2.42534
 20
10.32191
 30
0.0
 10
-2.46556
 20
10.12648
 30
0.0
 10
-2.37701
 20
10.03546
 30
0.0
 10
-2.37701
 20
10.03546
 30
0.0
 10
-2.28389
 20
9.95644
 30
0.0
 10
-2.09479
 20
9.99419
 30
0.0
 10
-2.09267
 20
10.13566
 30
0.0
 10
-2.09267
 20
10.13566
 30
0.0
 10
-2.06409
 20
10.24995
 30
0.0
 10
-2.17204
 20
10.35226
 30
0.0
 10
-2.28423
 20
10.32933
 30
0.0
  0
SPLINE
  5
48
330
1F
100
AcDbEntity
  8
Camada 1
 62
   156
100
AcDbSpline
210
0.0
220
0.0
230
1.0
 70
    11
 71
     3
 72
   260
 73
   256
 74
     0
 42
0.0000000001
 43
0.0000000001
 12
1.0
 22
0.0
 32
0.0
 13
1.0
 23
0.0
 33
0.0
 40
0.0
 40
0.0
 40
0.0
 40
0.0
 40
0.0153846153846154
 40
0.0153846153846154
 40
0.0153846153846154
 40
0.0153846153846154
 40
0.0307692307692308
 40
0.0307692307692308
 40
0.0307692307692308
 40
0.0307692307692308
 40
0.0461538461538462
 40
0.0461538461538462
 40
0.0461538461538462
 40
0.0461538461538462
 40
0.0615384615384615
 40
0.0615384615384615
 40
0.0615384615384615
 40
0.0615384615384615
 40
0.0769230769230769
 40
0.0769230769230769
 40
0.0769230769230769
 40
0.0769230769230769
 40
0.0923076923076923
 40
0.0923076923076923
 40
0.0923076923076923
 40
0.0923076923076923
 40
0.1076923076923077
 40
0.1076923076923077
 40
0.1076923076923077
 40
0.1076923076923077
 40
0.1230769230769231
 40
0.1230769230769231
 40
0.1230769230769231
 40
0.1230769230769231
 40
0.1384615384615385
 40
0.1384615384615385
 40
0.1384615384615385
 40
0.1384615384615385
 40
0.1538461538461539
 40
0.1538461538461539
 40
0.1538461538461539
 40
0.1538461538461539
 40
0.1692307692307692
 40
0.1692307692307692
 40
0.1692307692307692
 40
0.1692307692307692
 40
0.1846153846153846
 40
0.1846153846153846
 40
0.1846153846153846
 40
0.1846153846153846
 40
0.2
 40
0.2
 40
0.2
 40
0.2
 40
0.2153846153846154
 40
0.2153846153846154
 40
0.2153846153846154
 40
0.2153846153846154
 40
0.2307692307692308
 40
0.2307692307692308
 40
0.2307692307692308
 40
0.2307692307692308
 40
0.2461538461538462
 40
0.2461538461538462
 40
0.2461538461538462
 40
0.2461538461538462
 40
0.2615384615384616
 40
0.2615384615384616
 40
0.2615384615384616
 40
0.2615384615384616
 40
0.2769230769230769
 40
0.2769230769230769
 40
0.2769230769230769
 40
0.2769230769230769
 40
0.2923076923076923
 40
0.2923076923076923
 40
0.2923076923076923
 40
0.2923076923076923
 40
0.3076923076923077
 40
0.3076923076923077
 40
0.3076923076923077
 40
0.3076923076923077
 40
0.3230769230769231
 40
0.3230769230769231
 40
0.3230769230769231
 40
0.3230769230769231
 40
0.3384615384615385
 40
0.3384615384615385
 40
0.3384615384615385
 40
0.3384615384615385
 40
0.3538461538461539
 40
0.3538461538461539
 40
0.3538461538461539
 40
0.3538461538461539
 40
0.3692307692307693
 40
0.3692307692307693
 40
0.3692307692307693
 40
0.3692307692307693
 40
0.3846153846153846
 40
0.3846153846153846
 40
0.3846153846153846
 40
0.3846153846153846
 40
0.4
 40
0.4
 40
0.4
 40
0.4
 40
0.4153846153846154
 40
0.4153846153846154
 40
0.4153846153846154
 40
0.4153846153846154
 40
0.4307692307692308
 40
0.4307692307692308
 40
0.4307692307692308
 40
0.4307692307692308
 40
0.4461538461538462
 40
0.4461538461538462
 40
0.4461538461538462
 40
0.4461538461538462
 40
0.4615384615384616
 40
0.4615384615384616
 40
0.4615384615384616
 40
0.4615384615384616
 40
0.4769230769230769
 40
0.4769230769230769
 40
0.4769230769230769
 40
0.4769230769230769
 40
0.4923076923076923
 40
0.4923076923076923
 40
0.4923076923076923
 40
0.4923076923076923
 40
0.5076923076923077
 40
0.5076923076923077
 40
0.5076923076923077
 40
0.5076923076923077
 40
0.5230769230769231
 40
0.5230769230769231
 40
0.5230769230769231
 40
0.5230769230769231
 40
0.5384615384615384
 40
0.5384615384615384
 40
0.5384615384615384
 40
0.5384615384615384
 40
0.5538461538461539
 40
0.5538461538461539
 40
0.5538461538461539
 40
0.5538461538461539
 40
0.5692307692307692
 40
0.5692307692307692
 40
0.5692307692307692
 40
0.5692307692307692
 40
0.5846153846153846
 40
0.5846153846153846
 40
0.5846153846153846
 40
0.5846153846153846
 40
0.6
 40
0.6
 40
0.6
 40
0.6
 40
0.6153846153846154
 40
0.6153846153846154
 40
0.6153846153846154
 40
0.6153846153846154
 40
0.6307692307692307
 40
0.6307692307692307
 40
0.6307692307692307
 40
0.6307692307692307
 40
0.6461538461538462
 40
0.6461538461538462
 40
0.6461538461538462
 40
0.6461538461538462
 40
0.6615384615384615
 40
0.6615384615384615
 40
0.6615384615384615
 40
0.6615384615384615
 40
0.676923076923077
 40
0.676923076923077
 40
0.676923076923077
 40
0.676923076923077
 40
0.6923076923076923
 40
0.6923076923076923
 40
0.6923076923076923
 40
0.6923076923076923
 40
0.7076923076923077
 40
0.7076923076923077
 40
0.7076923076923077
 40
0.7076923076923077
 40
0.7230769230769231
 40
0.7230769230769231
 40
0.7230769230769231
 40
0.7230769230769231
 40
0.7384615384615385
 40
0.7384615384615385
 40
0.7384615384615385
 40
0.7384615384615385
 40
0.7538461538461538
 40
0.7538461538461538
 40
0.7538461538461538
 40
0.7538461538461538
 40
0.7692307692307693
 40
0.7692307692307693
 40
0.7692307692307693
 40
0.7692307692307693
 40
0.7846153846153846
 40
0.7846153846153846
 40
0.7846153846153846
 40
0.7846153846153846
 40
0.8
 40
0.8
 40
0.8
 40
0.8
 40
0.8153846153846154
 40
0.8153846153846154
 40
0.8153846153846154
 40
0.8153846153846154
 40
0.8307692307692308
 40
0.8307692307692308
 40
0.8307692307692308
 40
0.8307692307692308
 40
0.8461538461538461
 40
0.8461538461538461
 40
0.8461538461538461
 40
0.8461538461538461
 40
0.8615384615384616
 40
0.8615384615384616
 40
0.8615384615384616
 40
0.8615384615384616
 40
0.8769230769230769
 40
0.8769230769230769
 40
0.8769230769230769
 40
0.8769230769230769
 40
0.8923076923076924
 40
0.8923076923076924
 40
0.8923076923076924
 40
0.8923076923076924
 40
0.9076923076923077
 40
0.9076923076923077
 40
0.9076923076923077
 40
0.9076923076923077
 40
0.9230769230769231
 40
0.9230769230769231
 40
0.9230769230769231
 40
0.9230769230769231
 40
0.9384615384615385
 40
0.9384615384615385
 40
0.9384615384615385
 40
0.9384615384615385
 40
0.9538461538461539
 40
0.9538461538461539
 40
0.9538461538461539
 40
0.9538461538461539
 40
0.9692307692307692
 40
0.9692307692307692
 40
0.9692307692307692
 40
0.9692307692307692
 40
1.0
 40
1.0
 40
1.0
 40
1.0
 10
-4.93854
 20
9.94868
 30
0.0
 10
-4.93854
 20
9.94868
 30
0.0
 10
-4.93854
 20
9.94868
 30
0.0
 10
-4.93854
 20
9.94868
 30
0.0
 10
-4.93854
 20
9.94868
 30
0.0
 10
-5.19148
 20
9.73313
 30
0.0
 10
-5.33011
 20
9.37153
 30
0.0
 10
-5.23662
 20
9.04627
 30
0.0
 10
-5.23662
 20
9.04627
 30
0.0
 10
-5.16466
 20
8.74818
 30
0.0
 10
-4.92266
 20
8.491
 30
0.0
 10
-4.62138
 20
8.42151
 30
0.0
 10
-4.62138
 20
8.42151
 30
0.0
 10
-4.41854
 20
8.39045
 30
0.0
 10
-4.197
 20
8.41728
 30
0.0
 10
-4.02943
 20
8.54321
 30
0.0
 10
-4.02943
 20
8.54321
 30
0.0
 10
-3.86574
 20
8.6681
 30
0.0
 10
-3.74721
 20
8.86001
 30
0.0
 10
-3.72957
 20
9.06674
 30
0.0
 10
-3.72957
 20
9.06674
 30
0.0
 10
-3.71333
 20
9.28017
 30
0.0
 10
-3.9504
 20
9.46925
 30
0.0
 10
-4.1529
 20
9.38671
 30
0.0
 10
-4.1529
 20
9.38671
 30
0.0
 10
-4.32118
 20
9.30204
 30
0.0
 10
-4.34128
 20
9.07556
 30
0.0
 10
-4.50356
 20
8.98102
 30
0.0
 10
-4.50356
 20
8.98102
 30
0.0
 10
-4.62845
 20
8.88612
 30
0.0
 10
-4.79882
 20
8.98066
 30
0.0
 10
-4.85846
 20
9.1066
 30
0.0
 10
-4.85846
 20
9.1066
 30
0.0
 10
-4.94805
 20
9.28334
 30
0.0
 10
-5.00379
 20
9.51441
 30
0.0
 10
-4.90255
 20
9.6968
 30
0.0
 10
-4.90255
 20
9.6968
 30
0.0
 10
-4.57412
 20
10.12331
 30
0.0
 10
-3.89149
 20
10.1487
 30
0.0
 10
-3.49074
 20
9.81039
 30
0.0
 10
-3.49074
 20
9.81039
 30
0.0
 10
-3.04694
 20
9.44104
 30
0.0
 10
-2.94464
 20
8.76511
 30
0.0
 10
-3.17041
 20
8.249
 30
0.0
 10
-3.17041
 20
8.249
 30
0.0
 10
-3.28117
 20
8.03098
 30
0.0
 10
-3.47627
 20
7.87082
 30
0.0
 10
-3.65901
 20
7.71489
 30
0.0
 10
-3.65901
 20
7.71489
 30
0.0
 10
-4.0326
 20
7.4228
 30
0.0
 10
-4.52683
 20
7.43761
 30
0.0
 10
-4.97451
 20
7.39422
 30
0.0
 10
-4.97451
 20
7.39422
 30
0.0
 10
-5.12127
 20
7.38116
 30
0.0
 10
-5.26274
 20
7.42738
 30
0.0
 10
-5.39715
 20
7.47959
 30
0.0
 10
-5.39715
 20
7.47959
 30
0.0
 10
-5.58835
 20
7.55332
 30
0.0
 10
-5.79084
 20
7.59741
 30
0.0
 10
-5.9951
 20
7.60764
 30
0.0
 10
-5.9951
 20
7.60764
 30
0.0
 10
-6.71264
 20
7.65104
 30
0.0
 10
-7.42138
 20
7.42631
 30
0.0
 10
-8.04967
 20
7.09436
 30
0.0
 10
-8.04967
 20
7.09436
 30
0.0
 10
-8.14034
 20
7.03896
 30
0.0
 10
-8.25923
 20
7.00051
 30
0.0
 10
-8.29874
 20
6.89151
 30
0.0
 10
-8.29874
 20
6.89151
 30
0.0
 10
-8.22325
 20
6.86611
 30
0.0
 10
-8.14528
 20
6.86788
 30
0.0
 10
-8.07649
 20
6.91091
 30
0.0
 10
-8.07649
 20
6.91091
 30
0.0
 10
-7.62141
 20
7.1494
 30
0.0
 10
-7.12857
 20
7.32119
 30
0.0
 10
-6.61775
 20
7.38681
 30
0.0
 10
-6.61775
 20
7.38681
 30
0.0
 10
-6.20006
 20
7.42385
 30
0.0
 10
-5.75875
 20
7.41045
 30
0.0
 10
-5.37951
 20
7.21077
 30
0.0
 10
-5.37951
 20
7.21077
 30
0.0
 10
-5.05812
 20
7.04708
 30
0.0
 10
-4.77872
 20
6.78356
 30
0.0
 10
-4.62033
 20
6.45759
 30
0.0
 10
-4.62033
 20
6.45759
 30
0.0
 10
-4.46193
 20
6.11786
 30
0.0
 10
-4.51202
 20
5.6575
 30
0.0
 10
-4.81295
 20
5.41126
 30
0.0
 10
-4.81295
 20
5.41126
 30
0.0
 10
-4.94629
 20
5.29907
 30
0.0
 10
-5.12867
 20
5.2892
 30
0.0
 10
-5.29378
 20
5.30859
 30
0.0
 10
-5.29378
 20
5.30859
 30
0.0
 10
-5.33646
 20
5.39891
 30
0.0
 10
-5.26097
 20
5.46522
 30
0.0
 10
-5.21299
 20
5.53295
 30
0.0
 10
-5.21299
 20
5.53295
 30
0.0
 10
-5.06095
 20
5.73088
 30
0.0
 10
-5.10363
 20
6.04731
 30
0.0
 10
-5.29802
 20
6.20218
 30
0.0
 10
-5.29802
 20
6.20218
 30
0.0
 10
-5.4049
 20
6.28719
 30
0.0
 10
-5.54355
 20
6.32107
 30
0.0
 10
-5.67867
 20
6.30519
 30
0.0
 10
-5.67867
 20
6.30519
 30
0.0
 10
-6.02402
 20
6.29425
 30
0.0
 10
-6.29884
 20
5.91431
 30
0.0
 10
-6.19195
 20
5.58305
 30
0.0
 10
-6.19195
 20
5.58305
 30
0.0
 10
-6.11611
 20
5.3407
 30
0.0
 10
-5.9644
 20
5.11774
 30
0.0
 10
-5.76085
 20
4.96464
 30
0.0
 10
-5.76085
 20
4.96464
 30
0.0
 10
-5.31707
 20
4.67359
 30
0.0
 10
-4.64609
 20
4.84187
 30
0.0
 10
-4.37727
 20
5.2966
 30
0.0
 10
-4.37727
 20
5.2966
 30
0.0
 10
-4.18606
 20
5.60634
 30
0.0
 10
-4.13631
 20
5.99792
 30
0.0
 10
-4.24356
 20
6.34576
 30
0.0
 10
-4.24356
 20
6.34576
 30
0.0
 10
-4.27884
 20
6.48088
 30
0.0
 10
-4.36879
 20
6.59906
 30
0.0
 10
-4.37268
 20
6.74229
 30
0.0
 10
-4.37268
 20
6.74229
 30
0.0
 10
-4.26261
 20
6.77121
 30
0.0
 10
-4.15395
 20
6.73169
 30
0.0
 10
-4.04566
 20
6.71476
 30
0.0
 10
-4.04566
 20
6.71476
 30
0.0
 10
-3.52565
 20
6.6241
 30
0.0
 10
-2.97461
 20
6.70382
 30
0.0
 10
-2.51249
 20
6.96312
 30
0.0
 10
-2.51249
 20
6.96312
 30
0.0
 10
-2.32903
 20
7.07319
 30
0.0
 10
-2.165
 20
7.24851
 30
0.0
 10
-1.93852
 20
7.25769
 30
0.0
 10
-1.93852
 20
7.25769
 30
0.0
 10
-1.80233
 20
7.27638
 30
0.0
 10
-1.66263
 20
7.19878
 30
0.0
 10
-1.60725
 20
7.07319
 30
0.0
 10
-1.60725
 20
7.07319
 30
0.0
 10
-1.54727
 20
6.94901
 30
0.0
 10
-1.49718
 20
6.78744
 30
0.0
 10
-1.58326
 20
6.66291
 30
0.0
 10
-1.58326
 20
6.66291
 30
0.0
 10
-1.69333
 20
6.55496
 30
0.0
 10
-1.84538
 20
6.64598
 30
0.0
 10
-1.97202
 20
6.65902
 30
0.0
 10
-1.97202
 20
6.65902
 30
0.0
 10
-2.07115
 20
6.64845
 30
0.0
 10
-2.07963
 20
6.51581
 30
0.0
 10
-2.06621
 20
6.43784
 30
0.0
 10
-2.06621
 20
6.43784
 30
0.0
 10
-2.00589
 20
6.33165
 30
0.0
 10
-1.87959
 20
6.28049
 30
0.0
 10
-1.76423
 20
6.26145
 30
0.0
 10
-1.76423
 20
6.26145
 30
0.0
 10
-1.5374
 20
6.22406
 30
0.0
 10
-1.30457
 20
6.43395
 30
0.0
 10
-1.32644
 20
6.66503
 30
0.0
 10
-1.32644
 20
6.66503
 30
0.0
 10
-1.33349
 20
6.88833
 30
0.0
 10
-1.3723
 20
7.12681
 30
0.0
 10
-1.50847
 20
7.31061
 30
0.0
 10
-1.50847
 20
7.31061
 30
0.0
 10
-1.59773
 20
7.43479
 30
0.0
 10
-1.7586
 20
7.48875
 30
0.0
 10
-1.90641
 20
7.45842
 30
0.0
 10
-1.90641
 20
7.45842
 30
0.0
 10
-2.25882
 20
7.40021
 30
0.0
 10
-2.5093
 20
7.11341
 30
0.0
 10
-2.8402
 20
6.99947
 30
0.0
 10
-2.8402
 20
6.99947
 30
0.0
 10
-3.41171
 20
6.75462
 30
0.0
 10
-4.06788
 20
6.81036
 30
0.0
 10
-4.63549
 20
7.03684
 30
0.0
 10
-4.63549
 20
7.03684
 30
0.0
 10
-4.67924
 20
7.0552
 30
0.0
 10
-4.71557
 20
7.08625
 30
0.0
 10
-4.75297
 20
7.11412
 30
0.0
 10
-4.75297
 20
7.11412
 30
0.0
 10
-4.74027
 20
7.13775
 30
0.0
 10
-4.71452
 20
7.18467
 30
0.0
 10
-4.70181
 20
7.20831
 30
0.0
 10
-4.70181
 20
7.20831
 30
0.0
 10
-4.35785
 20
7.24534
 30
0.0
 10
-4.01742
 20
7.3339
 30
0.0
 10
-3.70134
 20
7.4743
 30
0.0
 10
-3.70134
 20
7.4743
 30
0.0
 10
-3.45687
 20
7.57943
 30
0.0
 10
-3.2886
 20
7.79073
 30
0.0
 10
-3.10444
 20
7.97277
 30
0.0
 10
-3.10444
 20
7.97277
 30
0.0
 10
-2.95627
 20
8.12235
 30
0.0
 10
-2.83386
 20
8.2938
 30
0.0
 10
-2.70898
 20
8.46242
 30
0.0
 10
-2.70898
 20
8.46242
 30
0.0
 10
-2.42252
 20
8.84202
 30
0.0
 10
-1.99848
 20
9.11824
 30
0.0
 10
-1.53105
 20
9.21208
 30
0.0
 10
-1.53105
 20
9.21208
 30
0.0
 10
-1.24424
 20
9.26253
 30
0.0
 10
-0.92463
 20
9.23183
 30
0.0
 10
-0.68757
 20
9.04875
 30
0.0
 10
-0.68757
 20
9.04875
 30
0.0
 10
-0.49388
 20
8.90269
 30
0.0
 10
-0.4265
 20
8.62894
 30
0.0
 10
-0.49812
 20
8.40245
 30
0.0
 10
-0.49812
 20
8.40245
 30
0.0
 10
-0.53903
 20
8.28004
 30
0.0
 10
-0.62406
 20
8.15622
 30
0.0
 10
-0.76376
 20
8.14422
 30
0.0
 10
-0.76376
 20
8.14422
 30
0.0
 10
-0.84737
 20
8.28921
 30
0.0
 10
-0.92216
 20
8.44056
 30
0.0
 10
-1.02376
 20
8.57355
 30
0.0
 10
-1.02376
 20
8.57355
 30
0.0
 10
-1.20227
 20
8.76123
 30
0.0
 10
-1.57833
 20
8.67692
 30
0.0
 10
-1.64994
 20
8.42292
 30
0.0
 10
-1.64994
 20
8.42292
 30
0.0
 10
-1.71484
 20
8.18197
 30
0.0
 10
-1.53175
 20
7.94914
 30
0.0
 10
-1.32257
 20
7.85106
 30
0.0
 10
-1.32257
 20
7.85106
 30
0.0
 10
-0.92886
 20
7.64292
 30
0.0
 10
-0.38981
 20
7.89515
 30
0.0
 10
-0.26846
 20
8.31638
 30
0.0
 10
-0.26846
 20
8.31638
 30
0.0
 10
-0.18555
 20
8.57355
 30
0.0
 10
-0.24694
 20
8.8667
 30
0.0
 10
-0.41098
 20
9.07873
 30
0.0
 10
-0.41098
 20
9.07873
 30
0.0
 10
-0.54539
 20
9.25829
 30
0.0
 10
-0.76341
 20
9.35143
 30
0.0
 10
-0.97613
 20
9.40011
 30
0.0
 10
-0.97613
 20
9.40011
 30
0.0
 10
-1.45803
 20
9.49359
 30
0.0
 10
-1.95474
 20
9.32709
 30
0.0
 10
-2.34738
 20
9.04945
 30
0.0
 10
-2.34738
 20
9.04945
 30
0.0
 10
-2.51142
 20
8.93938
 30
0.0
 10
-2.64018
 20
8.7884
 30
0.0
 10
-2.78341
 20
8.65434
 30
0.0
 10
-2.78341
 20
8.65434
 30
0.0
 10
-2.80634
 20
8.66104
 30
0.0
 10
-2.85255
 20
8.67445
 30
0.0
 10
-2.87548
 20
8.68115
 30
0.0
 10
-2.87548
 20
8.68115
 30
0.0
 10
-2.87937
 20
9.05968
 30
0.0
 10
-2.94357
 20
9.45656
 30
0.0
 10
-3.18769
 20
9.75994
 30
0.0
 10
-3.18769
 20
9.75994
 30
0.0
 10
-3.58245
 20
10.2937
 30
0.0
 10
-4.44112
 20
10.39177
 30
0.0
 10
-4.93854
 20
9.94868
 30
0.0
  0
SPLINE
  5
49
330
1F
100
AcDbEntity
  8
Camada 1
 62
   156
100
AcDbSpline
210
0.0
220
0.0
230
1.0
 70
    11
 71
     3
 72
    20
 73
    16
 74
     0
 42
0.0000000001
 43
0.0000000001
 12
1.0
 22
0.0
 32
0.0
 13
1.0
 23
0.0
 33
0.0
 40
0.0
 40
0.0
 40
0.0
 40
0.0
 40
0.2
 40
0.2
 40
0.2
 40
0.2
 40
0.4
 40
0.4
 40
0.4
 40
0.4
 40
0.6
 40
0.6
 40
0.6
 40
0.6
 40
1.0
 40
1.0
 40
1.0
 40
1.0
 10
0.68932
 20
10.03864
 30
0.0
 10
0.68932
 20
10.03864
 30
0.0
 10
0.68932
 20
10.03864
 30
0.0
 10
0.68932
 20
10.03864
 30
0.0
 10
0.68932
 20
10.03864
 30
0.0
 10
0.60854
 20
10.01676
 30
0.0
 10
0.57326
 20
9.92434
 30
0.0
 10
0.58702
 20
9.84778
 30
0.0
 10
0.58702
 20
9.84778
 30
0.0
 10
0.60888
 20
9.69151
 30
0.0
 10
0.86818
 20
9.66399
 30
0.0
 10
0.91122
 20
9.82274
 30
0.0
 10
0.91122
 20
9.82274
 30
0.0
 10
0.97649
 20
9.95291
 30
0.0
 10
0.81808
 20
10.09861
 30
0.0
 10
0.68932
 20
10.03864
 30
0.0
  0
SPLINE
  5
4A
330
1F
100
AcDbEntity
  8
Camada 1
 62
   156
100
AcDbSpline
210
0.0
220
0.0
230
1.0
 70
    11
 71
     3
 72
    20
 73
    16
 74
     0
 42
0.0000000001
 43
0.0000000001
 12
1.0
 22
0.0
 32
0.0
 13
1.0
 23
0.0
 33
0.0
 40
0.0
 40
0.0
 40
0.0
 40
0.0
 40
0.2
 40
0.2
 40
0.2
 40
0.2
 40
0.4
 40
0.4
 40
0.4
 40
0.4
 40
0.6
 40
0.6
 40
0.6
 40
0.6
 40
1.0
 40
1.0
 40
1.0
 40
1.0
 10
1.53775
 20
9.79346
 30
0.0
 10
1.53775
 20
9.79346
 30
0.0
 10
1.53775
 20
9.79346
 30
0.0
 10
1.53775
 20
9.79346
 30
0.0
 10
1.53775
 20
9.79346
 30
0.0
 10
1.44604
 20
9.72255
 30
0.0
 10
1.4619
 20
9.58497
 30
0.0
 10
1.54586
 20
9.51547
 30
0.0
 10
1.54586
 20
9.51547
 30
0.0
 10
1.63936
 20
9.47561
 30
0.0
 10
1.77236
 20
9.4876
 30
0.0
 10
1.80552
 20
9.60084
 30
0.0
 10
1.80552
 20
9.60084
 30
0.0
 10
1.87678
 20
9.75501
 30
0.0
 10
1.65946
 20
9.9007
 30
0.0
 10
1.53775
 20
9.79346
 30
0.0
  0
SPLINE
  5
4B
330
1F
100
AcDbEntity
  8
Camada 1
 62
   156
100
AcDbSpline
210
0.0
220
0.0
230
1.0
 70
    11
 71
     3
 72
    20
 73
    16
 74
     0
 42
0.0000000001
 43
0.0000000001
 12
1.0
 22
0.0
 32
0.0
 13
1.0
 23
0.0
 33
0.0
 40
0.0
 40
0.0
 40
0.0
 40
0.0
 40
0.2
 40
0.2
 40
0.2
 40
0.2
 40
0.4
 40
0.4
 40
0.4
 40
0.4
 40
0.6
 40
0.6
 40
0.6
 40
0.6
 40
1.0
 40
1.0
 40
1.0
 40
1.0
 10
2.45426
 20
9.64953
 30
0.0
 10
2.45426
 20
9.64953
 30
0.0
 10
2.45426
 20
9.64953
 30
0.0
 10
2.45426
 20
9.64953
 30
0.0
 10
2.45426
 20
9.64953
 30
0.0
 10
2.34984
 20
9.61425
 30
0.0
 10
2.30681
 20
9.4562
 30
0.0
 10
2.39642
 20
9.38001
 30
0.0
 10
2.39642
 20
9.38001
 30
0.0
 10
2.48496
 20
9.26499
 30
0.0
 10
2.69804
 20
9.34226
 30
0.0
 10
2.69027
 20
9.49042
 30
0.0
 10
2.69027
 20
9.49042
 30
0.0
 10
2.70298
 20
9.61495
 30
0.0
 10
2.56222
 20
9.6908
 30
0.0
 10
2.45426
 20
9.64953
 30
0.0
  0
SPLINE
  5
4C
330
1F
100
AcDbEntity
  8
Camada 1
 62
   156
100
AcDbSpline
210
0.0
220
0.0
230
1.0
 70
    11
 71
     3
 72
    20
 73
    16
 74
     0
 42
0.0000000001
 43
0.0000000001
 12
1.0
 22
0.0
 32
0.0
 13
1.0
 23
0.0
 33
0.0
 40
0.0
 40
0.0
 40
0.0
 40
0.0
 40
0.2
 40
0.2
 40
0.2
 40
0.2
 40
0.4
 40
0.4
 40
0.4
 40
0.4
 40
0.6
 40
0.6
 40
0.6
 40
0.6
 40
1.0
 40
1.0
 40
1.0
 40
1.0
 10
3.33587
 20
9.50877
 30
0.0
 10
3.33587
 20
9.50877
 30
0.0
 10
3.33587
 20
9.50877
 30
0.0
 10
3.33587
 20
9.50877
 30
0.0
 10
3.33587
 20
9.50877
 30
0.0
 10
3.24202
 20
9.47807
 30
0.0
 10
3.19792
 20
9.34261
 30
0.0
 10
3.25861
 20
9.26253
 30
0.0
 10
3.25861
 20
9.26253
 30
0.0
 10
3.32387
 20
9.14611
 30
0.0
 10
3.52142
 20
9.16163
 30
0.0
 10
3.562
 20
9.29181
 30
0.0
 10
3.562
 20
9.29181
 30
0.0
 10
3.62654
 20
9.42657
 30
0.0
 10
3.46604
 20
9.56486
 30
0.0
 10
3.33587
 20
9.50877
 30
0.0
  0
SPLINE
  5
4D
330
1F
100
AcDbEntity
  8
Camada 1
 62
   156
100
AcDbSpline
210
0.0
220
0.0
230
1.0
 70
    11
 71
     3
 72
    24
 73
    20
 74
     0
 42
0.0000000001
 43
0.0000000001
 12
1.0
 22
0.0
 32
0.0
 13
1.0
 23
0.0
 33
0.0
 40
0.0
 40
0.0
 40
0.0
 40
0.0
 40
0.1666666666666667
 40
0.1666666666666667
 40
0.1666666666666667
 40
0.1666666666666667
 40
0.3333333333333333
 40
0.3333333333333333
 40
0.3333333333333333
 40
0.3333333333333333
 40
0.5
 40
0.5
 40
0.5
 40
0.5
 40
0.6666666666666666
 40
0.6666666666666666
 40
0.6666666666666666
 40
0.6666666666666666
 40
1.0
 40
1.0
 40
1.0
 40
1.0
 10
4.24744
 20
9.47842
 30
0.0
 10
4.24744
 20
9.47842
 30
0.0
 10
4.24744
 20
9.47842
 30
0.0
 10
4.24744
 20
9.47842
 30
0.0
 10
4.24744
 20
9.47842
 30
0.0
 10
4.17335
 20
9.46008
 30
0.0
 10
4.1275
 20
9.38952
 30
0.0
 10
4.13843
 20
9.31403
 30
0.0
 10
4.13843
 20
9.31403
 30
0.0
 10
4.11585
 20
9.16869
 30
0.0
 10
4.32293
 20
9.10413
 30
0.0
 10
4.41854
 20
9.19268
 30
0.0
 10
4.41854
 20
9.19268
 30
0.0
 10
4.48274
 20
9.2283
 30
0.0
 10
4.47038
 20
9.31086
 30
0.0
 10
4.46651
 20
9.37189
 30
0.0
 10
4.46651
 20
9.37189
 30
0.0
 10
4.44853
 20
9.4689
 30
0.0
 10
4.3328
 20
9.50524
 30
0.0
 10
4.24744
 20
9.47842
 30
0.0
  0
SPLINE
  5
4E
330
1F
100
AcDbEntity
  8
Camada 1
 62
   156
100
AcDbSpline
210
0.0
220
0.0
230
1.0
 70
    11
 71
     3
 72
    48
 73
    44
 74
     0
 42
0.0000000001
 43
0.0000000001
 12
1.0
 22
0.0
 32
0.0
 13
1.0
 23
0.0
 33
0.0
 40
0.0
 40
0.0
 40
0.0
 40
0.0
 40
0.0833333333333333
 40
0.0833333333333333
 40
0.0833333333333333
 40
0.0833333333333333
 40
0.1666666666666667
 40
0.1666666666666667
 40
0.1666666666666667
 40
0.1666666666666667
 40
0.25
 40
0.25
 40
0.25
 40
0.25
 40
0.3333333333333333
 40
0.3333333333333333
 40
0.3333333333333333
 40
0.3333333333333333
 40
0.4166666666666667
 40
0.4166666666666667
 40
0.4166666666666667
 40
0.4166666666666667
 40
0.5
 40
0.5
 40
0.5
 40
0.5
 40
0.5833333333333334
 40
0.5833333333333334
 40
0.5833333333333334
 40
0.5833333333333334
 40
0.6666666666666666
 40
0.6666666666666666
 40
0.6666666666666666
 40
0.6666666666666666
 40
0.75
 40
0.75
 40
0.75
 40
0.75
 40
0.8333333333333334
 40
0.8333333333333334
 40
0.8333333333333334
 40
0.8333333333333334
 40
1.0
 40
1.0
 40
1.0
 40
1.0
 10
-6.42301
 20
9.18386
 30
0.0
 10
-6.42301
 20
9.18386
 30
0.0
 10
-6.42301
 20
9.18386
 30
0.0
 10
-6.42301
 20
9.18386
 30
0.0
 10
-6.42301
 20
9.18386
 30
0.0
 10
-6.62515
 20
9.12671
 30
0.0
 10
-6.7811
 20
8.97395
 30
0.0
 10
-6.90457
 20
8.81097
 30
0.0
 10
-6.90457
 20
8.81097
 30
0.0
 10
-7.09295
 20
8.55415
 30
0.0
 10
-7.24076
 20
8.26876
 30
0.0
 10
-7.36211
 20
7.97489
 30
0.0
 10
-7.36211
 20
7.97489
 30
0.0
 10
-7.23089
 20
8.0024
 30
0.0
 10
-7.04391
 20
7.99711
 30
0.0
 10
-6.98041
 20
8.14034
 30
0.0
 10
-6.98041
 20
8.14034
 30
0.0
 10
-6.86681
 20
8.37459
 30
0.0
 10
-6.7832
 20
8.63141
 30
0.0
 10
-6.60471
 20
8.8272
 30
0.0
 10
-6.60471
 20
8.8272
 30
0.0
 10
-6.53026
 20
8.90834
 30
0.0
 10
-6.43008
 20
8.98243
 30
0.0
 10
-6.31472
 20
8.97713
 30
0.0
 10
-6.31472
 20
8.97713
 30
0.0
 10
-6.12069
 20
8.98807
 30
0.0
 10
-5.95029
 20
8.77782
 30
0.0
 10
-6.01451
 20
8.59119
 30
0.0
 10
-6.01451
 20
8.59119
 30
0.0
 10
-6.07942
 20
8.50194
 30
0.0
 10
-6.18701
 20
8.46067
 30
0.0
 10
-6.27345
 20
8.39611
 30
0.0
 10
-6.27345
 20
8.39611
 30
0.0
 10
-6.26285
 20
8.22642
 30
0.0
 10
-6.06424
 20
8.14916
 30
0.0
 10
-5.92454
 20
8.22007
 30
0.0
 10
-5.92454
 20
8.22007
 30
0.0
 10
-5.83106
 20
8.27369
 30
0.0
 10
-5.78167
 20
8.3767
 30
0.0
 10
-5.76014
 20
8.47865
 30
0.0
 10
-5.76014
 20
8.47865
 30
0.0
 10
-5.63562
 20
8.85295
 30
0.0
 10
-6.03673
 20
9.30027
 30
0.0
 10
-6.42301
 20
9.18386
 30
0.0
  0
SPLINE
  5
4F
330
1F
100
AcDbEntity
  8
Camada 1
 62
   156
100
AcDbSpline
210
0.0
220
0.0
230
1.0
 70
    11
 71
     3
 72
   220
 73
   216
 74
     0
 42
0.0000000001
 43
0.0000000001
 12
1.0
 22
0.0
 32
0.0
 13
1.0
 23
0.0
 33
0.0
 40
0.0
 40
0.0
 40
0.0
 40
0.0
 40
0.0181818181818182
 40
0.0181818181818182
 40
0.0181818181818182
 40
0.0181818181818182
 40
0.0363636363636364
 40
0.0363636363636364
 40
0.0363636363636364
 40
0.0363636363636364
 40
0.0545454545454545
 40
0.0545454545454545
 40
0.0545454545454545
 40
0.0545454545454545
 40
0.0727272727272727
 40
0.0727272727272727
 40
0.0727272727272727
 40
0.0727272727272727
 40
0.0909090909090909
 40
0.0909090909090909
 40
0.0909090909090909
 40
0.0909090909090909
 40
0.1090909090909091
 40
0.1090909090909091
 40
0.1090909090909091
 40
0.1090909090909091
 40
0.1272727272727273
 40
0.1272727272727273
 40
0.1272727272727273
 40
0.1272727272727273
 40
0.1454545454545454
 40
0.1454545454545454
 40
0.1454545454545454
 40
0.1454545454545454
 40
0.1636363636363636
 40
0.1636363636363636
 40
0.1636363636363636
 40
0.1636363636363636
 40
0.1818181818181818
 40
0.1818181818181818
 40
0.1818181818181818
 40
0.1818181818181818
 40
0.2
 40
0.2
 40
0.2
 40
0.2
 40
0.2181818181818182
 40
0.2181818181818182
 40
0.2181818181818182
 40
0.2181818181818182
 40
0.2363636363636364
 40
0.2363636363636364
 40
0.2363636363636364
 40
0.2363636363636364
 40
0.2545454545454545
 40
0.2545454545454545
 40
0.2545454545454545
 40
0.2545454545454545
 40
0.2727272727272727
 40
0.2727272727272727
 40
0.2727272727272727
 40
0.2727272727272727
 40
0.2909090909090909
 40
0.2909090909090909
 40
0.2909090909090909
 40
0.2909090909090909
 40
0.3090909090909091
 40
0.3090909090909091
 40
0.3090909090909091
 40
0.3090909090909091
 40
0.3272727272727273
 40
0.3272727272727273
 40
0.3272727272727273
 40
0.3272727272727273
 40
0.3454545454545455
 40
0.3454545454545455
 40
0.3454545454545455
 40
0.3454545454545455
 40
0.3636363636363636
 40
0.3636363636363636
 40
0.3636363636363636
 40
0.3636363636363636
 40
0.3818181818181818
 40
0.3818181818181818
 40
0.3818181818181818
 40
0.3818181818181818
 40
0.4
 40
0.4
 40
0.4
 40
0.4
 40
0.4181818181818182
 40
0.4181818181818182
 40
0.4181818181818182
 40
0.4181818181818182
 40
0.4363636363636363
 40
0.4363636363636363
 40
0.4363636363636363
 40
0.4363636363636363
 40
0.4545454545454545
 40
0.4545454545454545
 40
0.4545454545454545
 40
0.4545454545454545
 40
0.4727272727272727
 40
0.4727272727272727
 40
0.4727272727272727
 40
0.4727272727272727
 40
0.4909090909090909
 40
0.4909090909090909
 40
0.4909090909090909
 40
0.4909090909090909
 40
0.509090909090909
 40
0.509090909090909
 40
0.509090909090909
 40
0.509090909090909
 40
0.5272727272727272
 40
0.5272727272727272
 40
0.5272727272727272
 40
0.5272727272727272
 40
0.5454545454545454
 40
0.5454545454545454
 40
0.5454545454545454
 40
0.5454545454545454
 40
0.5636363636363636
 40
0.5636363636363636
 40
0.5636363636363636
 40
0.5636363636363636
 40
0.5818181818181818
 40
0.5818181818181818
 40
0.5818181818181818
 40
0.5818181818181818
 40
0.6
 40
0.6
 40
0.6
 40
0.6
 40
0.6181818181818182
 40
0.6181818181818182
 40
0.6181818181818182
 40
0.6181818181818182
 40
0.6363636363636364
 40
0.6363636363636364
 40
0.6363636363636364
 40
0.6363636363636364
 40
0.6545454545454545
 40
0.6545454545454545
 40
0.6545454545454545
 40
0.6545454545454545
 40
0.6727272727272727
 40
0.6727272727272727
 40
0.6727272727272727
 40
0.6727272727272727
 40
0.6909090909090909
 40
0.6909090909090909
 40
0.6909090909090909
 40
0.6909090909090909
 40
0.7090909090909091
 40
0.7090909090909091
 40
0.7090909090909091
 40
0.7090909090909091
 40
0.7272727272727273
 40
0.7272727272727273
 40
0.7272727272727273
 40
0.7272727272727273
 40
0.7454545454545455
 40
0.7454545454545455
 40
0.7454545454545455
 40
0.7454545454545455
 40
0.7636363636363637
 40
0.7636363636363637
 40
0.7636363636363637
 40
0.7636363636363637
 40
0.7818181818181819
 40
0.7818181818181819
 40
0.7818181818181819
 40
0.7818181818181819
 40
0.8
 40
0.8
 40
0.8
 40
0.8
 40
0.8181818181818182
 40
0.8181818181818182
 40
0.8181818181818182
 40
0.8181818181818182
 40
0.8363636363636363
 40
0.8363636363636363
 40
0.8363636363636363
 40
0.8363636363636363
 40
0.8545454545454545
 40
0.8545454545454545
 40
0.8545454545454545
 40
0.8545454545454545
 40
0.8727272727272727
 40
0.8727272727272727
 40
0.8727272727272727
 40
0.8727272727272727
 40
0.8909090909090909
 40
0.8909090909090909
 40
0.8909090909090909
 40
0.8909090909090909
 40
0.9090909090909091
 40
0.9090909090909091
 40
0.9090909090909091
 40
0.9090909090909091
 40
0.9272727272727272
 40
0.9272727272727272
 40
0.9272727272727272
 40
0.9272727272727272
 40
0.9454545454545454
 40
0.9454545454545454
 40
0.9454545454545454
 40
0.9454545454545454
 40
0.9636363636363636
 40
0.9636363636363636
 40
0.9636363636363636
 40
0.9636363636363636
 40
1.0
 40
1.0
 40
1.0
 40
1.0
 10
0.61524
 20
8.48642
 30
0.0
 10
0.61524
 20
8.48642
 30
0.0
 10
0.61524
 20
8.48642
 30
0.0
 10
0.61524
 20
8.48642
 30
0.0
 10
0.61524
 20
8.48642
 30
0.0
 10
0.29316
 20
8.02569
 30
0.0
 10
0.13828
 20
7.4295
 30
0.0
 10
0.27199
 20
6.87599
 30
0.0
 10
0.27199
 20
6.87599
 30
0.0
 10
0.33338
 20
6.60822
 30
0.0
 10
0.49176
 20
6.38033
 30
0.0
 10
0.61948
 20
6.14186
 30
0.0
 10
0.61948
 20
6.14186
 30
0.0
 10
0.60325
 20
6.12386
 30
0.0
 10
0.57043
 20
6.08787
 30
0.0
 10
0.55421
 20
6.06989
 30
0.0
 10
0.55421
 20
6.06989
 30
0.0
 10
0.28575
 20
6.1549
 30
0.0
 10
-0.00316
 20
6.14644
 30
0.0
 10
-0.27657
 20
6.08753
 30
0.0
 10
-0.27657
 20
6.08753
 30
0.0
 10
-0.61665
 20
6.01944
 30
0.0
 10
-0.97825
 20
5.95841
 30
0.0
 10
-1.2573
 20
5.73546
 30
0.0
 10
-1.2573
 20
5.73546
 30
0.0
 10
-1.57127
 20
5.50827
 30
0.0
 10
-1.76283
 20
5.09729
 30
0.0
 10
-1.66511
 20
4.7117
 30
0.0
 10
-1.66511
 20
4.7117
 30
0.0
 10
-1.5815
 20
4.32399
 30
0.0
 10
-1.23155
 20
3.95498
 30
0.0
 10
-0.81138
 20
3.99238
 30
0.0
 10
-0.81138
 20
3.99238
 30
0.0
 10
-0.43744
 20
3.99097
 30
0.0
 10
-0.11182
 20
4.35397
 30
0.0
 10
-0.15346
 20
4.72581
 30
0.0
 10
-0.15346
 20
4.72581
 30
0.0
 10
-0.16016
 20
4.94383
 30
0.0
 10
-0.34642
 20
5.17594
 30
0.0
 10
-0.58278
 20
5.12797
 30
0.0
 10
-0.58278
 20
5.12797
 30
0.0
 10
-0.58666
 20
4.99392
 30
0.0
 10
-0.4572
 20
4.91489
 30
0.0
 10
-0.42898
 20
4.79107
 30
0.0
 10
-0.42898
 20
4.79107
 30
0.0
 10
-0.35136
 20
4.51238
 30
0.0
 10
-0.58632
 20
4.18816
 30
0.0
 10
-0.88194
 20
4.20193
 30
0.0
 10
-0.88194
 20
4.20193
 30
0.0
 10
-1.15817
 20
4.19099
 30
0.0
 10
-1.31444
 20
4.46933
 30
0.0
 10
-1.40334
 20
4.69159
 30
0.0
 10
-1.40334
 20
4.69159
 30
0.0
 10
-1.49083
 20
4.88772
 30
0.0
 10
-1.45591
 20
5.11598
 30
0.0
 10
-1.34196
 20
5.29342
 30
0.0
 10
-1.34196
 20
5.29342
 30
0.0
 10
-1.16557
 20
5.57213
 30
0.0
 10
-0.86218
 20
5.74428
 30
0.0
 10
-0.55457
 20
5.84093
 30
0.0
 10
-0.55457
 20
5.84093
 30
0.0
 10
-0.02575
 20
5.98346
 30
0.0
 10
0.56056
 20
5.92278
 30
0.0
 10
1.04104
 20
5.65572
 30
0.0
 10
1.04104
 20
5.65572
 30
0.0
 10
1.20156
 20
5.56365
 30
0.0
 10
1.37512
 20
5.47546
 30
0.0
 10
1.48554
 20
5.32129
 30
0.0
 10
1.48554
 20
5.32129
 30
0.0
 10
1.37653
 20
5.23558
 30
0.0
 10
1.2266
 20
5.24157
 30
0.0
 10
1.11478
 20
5.1622
 30
0.0
 10
1.11478
 20
5.1622
 30
0.0
 10
0.96943
 20
5.05636
 30
0.0
 10
0.8883
 20
4.87045
 30
0.0
 10
0.90452
 20
4.69194
 30
0.0
 10
0.90452
 20
4.69194
 30
0.0
 10
0.91475
 20
4.45805
 30
0.0
 10
1.13171
 20
4.23757
 30
0.0
 10
1.37407
 20
4.27355
 30
0.0
 10
1.37407
 20
4.27355
 30
0.0
 10
1.54199
 20
4.27284
 30
0.0
 10
1.61748
 20
4.47111
 30
0.0
 10
1.60338
 20
4.61398
 30
0.0
 10
1.60338
 20
4.61398
 30
0.0
 10
1.46826
 20
4.62492
 30
0.0
 10
1.31867
 20
4.57799
 30
0.0
 10
1.19803
 20
4.65842
 30
0.0
 10
1.19803
 20
4.65842
 30
0.0
 10
1.08937
 20
4.8013
 30
0.0
 10
1.17228
 20
5.02214
 30
0.0
 10
1.32927
 20
5.08952
 30
0.0
 10
1.32927
 20
5.08952
 30
0.0
 10
1.4866
 20
5.16995
 30
0.0
 10
1.67604
 20
5.14103
 30
0.0
 10
1.83268
 20
5.07364
 30
0.0
 10
1.83268
 20
5.07364
 30
0.0
 10
2.16288
 20
4.92583
 30
0.0
 10
2.47685
 20
4.74415
 30
0.0
 10
2.80634
 20
4.59458
 30
0.0
 10
2.80634
 20
4.59458
 30
0.0
 10
2.83279
 20
4.70712
 30
0.0
 10
2.84762
 20
4.82141
 30
0.0
 10
2.85715
 20
4.93642
 30
0.0
 10
2.85715
 20
4.93642
 30
0.0
 10
2.69769
 20
4.9918
 30
0.0
 10
2.53612
 20
5.04895
 30
0.0
 10
2.39676
 20
5.14667
 30
0.0
 10
2.39676
 20
5.14667
 30
0.0
 10
2.09267
 20
5.35374
 30
0.0
 10
1.7967
 20
5.61764
 30
0.0
 10
1.67852
 20
5.97712
 30
0.0
 10
1.67852
 20
5.97712
 30
0.0
 10
1.50354
 20
6.477
 30
0.0
 10
1.67357
 20
7.07284
 30
0.0
 10
2.07997
 20
7.41115
 30
0.0
 10
2.07997
 20
7.41115
 30
0.0
 10
2.37277
 20
7.67115
 30
0.0
 10
2.81657
 20
7.73818
 30
0.0
 10
3.17641
 20
7.58754
 30
0.0
 10
3.17641
 20
7.58754
 30
0.0
 10
3.43605
 20
7.48454
 30
0.0
 10
3.63677
 20
7.25346
 30
0.0
 10
3.70733
 20
6.98393
 30
0.0
 10
3.70733
 20
6.98393
 30
0.0
 10
3.72921
 20
6.8901
 30
0.0
 10
3.73379
 20
6.78144
 30
0.0
 10
3.67383
 20
6.6996
 30
0.0
 10
3.67383
 20
6.6996
 30
0.0
 10
3.59233
 20
6.58142
 30
0.0
 10
3.50166
 20
6.46782
 30
0.0
 10
3.39619
 20
6.37046
 30
0.0
 10
3.39619
 20
6.37046
 30
0.0
 10
3.35421
 20
6.32247
 30
0.0
 10
3.26531
 20
6.31613
 30
0.0
 10
3.24484
 20
6.38739
 30
0.0
 10
3.24484
 20
6.38739
 30
0.0
 10
3.1757
 20
6.56731
 30
0.0
 10
3.22262
 20
6.80544
 30
0.0
 10
3.06175
 20
6.94124
 30
0.0
 10
3.06175
 20
6.94124
 30
0.0
 10
2.82609
 20
7.06966
 30
0.0
 10
2.46698
 20
7.03121
 30
0.0
 10
2.32516
 20
6.78074
 30
0.0
 10
2.32516
 20
6.78074
 30
0.0
 10
2.21085
 20
6.58459
 30
0.0
 10
2.32339
 20
6.3507
 30
0.0
 10
2.44615
 20
6.18737
 30
0.0
 10
2.44615
 20
6.18737
 30
0.0
 10
2.71955
 20
5.7979
 30
0.0
 10
3.33869
 20
5.83917
 30
0.0
 10
3.65583
 20
6.15138
 30
0.0
 10
3.65583
 20
6.15138
 30
0.0
 10
4.06505
 20
6.52709
 30
0.0
 10
4.01849
 20
7.23969
 30
0.0
 10
3.61914
 20
7.60552
 30
0.0
 10
3.61914
 20
7.60552
 30
0.0
 10
3.33409
 20
7.89586
 30
0.0
 10
2.88678
 20
7.97242
 30
0.0
 10
2.5026
 20
7.874
 30
0.0
 10
2.5026
 20
7.874
 30
0.0
 10
1.8362
 20
7.71172
 30
0.0
 10
1.34513
 20
7.03438
 30
0.0
 10
1.39946
 20
6.35034
 30
0.0
 10
1.39946
 20
6.35034
 30
0.0
 10
1.39347
 20
6.2304
 30
0.0
 10
1.47319
 20
6.08646
 30
0.0
 10
1.36913
 20
5.99052
 30
0.0
 10
1.36913
 20
5.99052
 30
0.0
 10
1.29716
 20
5.96582
 30
0.0
 10
1.21496
 20
5.97322
 30
0.0
 10
1.14723
 20
6.00604
 30
0.0
 10
1.14723
 20
6.00604
 30
0.0
 10
0.92216
 20
6.11011
 30
0.0
 10
0.73413
 20
6.29002
 30
0.0
 10
0.61736
 20
6.50804
 30
0.0
 10
0.61736
 20
6.50804
 30
0.0
 10
0.43814
 20
6.87422
 30
0.0
 10
0.37182
 20
7.30391
 30
0.0
 10
0.48119
 20
7.70078
 30
0.0
 10
0.48119
 20
7.70078
 30
0.0
 10
0.5715
 20
8.03592
 30
0.0
 10
0.7313
 20
8.36788
 30
0.0
 10
1.00329
 20
8.59296
 30
0.0
 10
1.00329
 20
8.59296
 30
0.0
 10
1.17581
 20
8.73548
 30
0.0
 10
1.41286
 20
8.81732
 30
0.0
 10
1.63405
 20
8.75452
 30
0.0
 10
1.63405
 20
8.75452
 30
0.0
 10
1.7473
 20
8.71502
 30
0.0
 10
1.86443
 20
8.60636
 30
0.0
 10
1.84043
 20
8.47583
 30
0.0
 10
1.84043
 20
8.47583
 30
0.0
 10
1.77587
 20
8.35659
 30
0.0
 10
1.58255
 20
8.40634
 30
0.0
 10
1.51799
 20
8.27933
 30
0.0
 10
1.51799
 20
8.27933
 30
0.0
 10
1.46897
 20
8.1982
 30
0.0
 10
1.55292
 20
8.12235
 30
0.0
 10
1.58784
 20
8.05427
 30
0.0
 10
1.58784
 20
8.05427
 30
0.0
 10
1.7928
 20
8.06344
 30
0.0
 10
2.01682
 20
8.19255
 30
0.0
 10
2.06233
 20
8.40457
 30
0.0
 10
2.06233
 20
8.40457
 30
0.0
 10
2.08068
 20
8.53545
 30
0.0
 10
2.09091
 20
8.69385
 30
0.0
 10
1.98191
 20
8.79016
 30
0.0
 10
1.98191
 20
8.79016
 30
0.0
 10
1.81856
 20
8.96372
 30
0.0
 10
1.55716
 20
8.95561
 30
0.0
 10
1.33879
 20
8.93374
 30
0.0
 10
1.33879
 20
8.93374
 30
0.0
 10
1.04493
 20
8.90305
 30
0.0
 10
0.77927
 20
8.72948
 30
0.0
 10
0.61524
 20
8.48642
 30
0.0
  0
SPLINE
  5
50
330
1F
100
AcDbEntity
  8
Camada 1
 62
   156
100
AcDbSpline
210
0.0
220
0.0
230
1.0
 70
    11
 71
     3
 72
    20
 73
    16
 74
     0
 42
0.0000000001
 43
0.0000000001
 12
1.0
 22
0.0
 32
0.0
 13
1.0
 23
0.0
 33
0.0
 40
0.0
 40
0.0
 40
0.0
 40
0.0
 40
0.2
 40
0.2
 40
0.2
 40
0.2
 40
0.4
 40
0.4
 40
0.4
 40
0.4
 40
0.6
 40
0.6
 40
0.6
 40
0.6
 40
1.0
 40
1.0
 40
1.0
 40
1.0
 10
2.80034
 20
8.77675
 30
0.0
 10
2.80034
 20
8.77675
 30
0.0
 10
2.80034
 20
8.77675
 30
0.0
 10
2.80034
 20
8.77675
 30
0.0
 10
2.80034
 20
8.77675
 30
0.0
 10
2.66982
 20
8.77252
 30
0.0
 10
2.6222
 20
8.57744
 30
0.0
 10
2.71322
 20
8.49876
 30
0.0
 10
2.71322
 20
8.49876
 30
0.0
 10
2.79082
 20
8.41375
 30
0.0
 10
2.95768
 20
8.43562
 30
0.0
 10
2.99578
 20
8.55098
 30
0.0
 10
2.99578
 20
8.55098
 30
0.0
 10
3.05364
 20
8.67233
 30
0.0
 10
2.93017
 20
8.81661
 30
0.0
 10
2.80034
 20
8.77675
 30
0.0
  0
SPLINE
  5
51
330
1F
100
AcDbEntity
  8
Camada 1
 62
   156
100
AcDbSpline
210
0.0
220
0.0
230
1.0
 70
    11
 71
     3
 72
   168
 73
   164
 74
     0
 42
0.0000000001
 43
0.0000000001
 12
1.0
 22
0.0
 32
0.0
 13
1.0
 23
0.0
 33
0.0
 40
0.0
 40
0.0
 40
0.0
 40
0.0
 40
0.0238095238095238
 40
0.0238095238095238
 40
0.0238095238095238
 40
0.0238095238095238
 40
0.0476190476190476
 40
0.0476190476190476
 40
0.0476190476190476
 40
0.0476190476190476
 40
0.0714285714285714
 40
0.0714285714285714
 40
0.0714285714285714
 40
0.0714285714285714
 40
0.0952380952380952
 40
0.0952380952380952
 40
0.0952380952380952
 40
0.0952380952380952
 40
0.119047619047619
 40
0.119047619047619
 40
0.119047619047619
 40
0.119047619047619
 40
0.1428571428571428
 40
0.1428571428571428
 40
0.1428571428571428
 40
0.1428571428571428
 40
0.1666666666666667
 40
0.1666666666666667
 40
0.1666666666666667
 40
0.1666666666666667
 40
0.1904761904761905
 40
0.1904761904761905
 40
0.1904761904761905
 40
0.1904761904761905
 40
0.2142857142857143
 40
0.2142857142857143
 40
0.2142857142857143
 40
0.2142857142857143
 40
0.2380952380952381
 40
0.2380952380952381
 40
0.2380952380952381
 40
0.2380952380952381
 40
0.2619047619047619
 40
0.2619047619047619
 40
0.2619047619047619
 40
0.2619047619047619
 40
0.2857142857142857
 40
0.2857142857142857
 40
0.2857142857142857
 40
0.2857142857142857
 40
0.3095238095238095
 40
0.3095238095238095
 40
0.3095238095238095
 40
0.3095238095238095
 40
0.3333333333333333
 40
0.3333333333333333
 40
0.3333333333333333
 40
0.3333333333333333
 40
0.3571428571428572
 40
0.3571428571428572
 40
0.3571428571428572
 40
0.3571428571428572
 40
0.3809523809523809
 40
0.3809523809523809
 40
0.3809523809523809
 40
0.3809523809523809
 40
0.4047619047619048
 40
0.4047619047619048
 40
0.4047619047619048
 40
0.4047619047619048
 40
0.4285714285714285
 40
0.4285714285714285
 40
0.4285714285714285
 40
0.4285714285714285
 40
0.4523809523809524
 40
0.4523809523809524
 40
0.4523809523809524
 40
0.4523809523809524
 40
0.4761904761904762
 40
0.4761904761904762
 40
0.4761904761904762
 40
0.4761904761904762
 40
0.5
 40
0.5
 40
0.5
 40
0.5
 40
0.5238095238095238
 40
0.5238095238095238
 40
0.5238095238095238
 40
0.5238095238095238
 40
0.5476190476190477
 40
0.5476190476190477
 40
0.5476190476190477
 40
0.5476190476190477
 40
0.5714285714285714
 40
0.5714285714285714
 40
0.5714285714285714
 40
0.5714285714285714
 40
0.5952380952380952
 40
0.5952380952380952
 40
0.5952380952380952
 40
0.5952380952380952
 40
0.6190476190476191
 40
0.6190476190476191
 40
0.6190476190476191
 40
0.6190476190476191
 40
0.6428571428571429
 40
0.6428571428571429
 40
0.6428571428571429
 40
0.6428571428571429
 40
0.6666666666666666
 40
0.6666666666666666
 40
0.6666666666666666
 40
0.6666666666666666
 40
0.6904761904761905
 40
0.6904761904761905
 40
0.6904761904761905
 40
0.6904761904761905
 40
0.7142857142857143
 40
0.7142857142857143
 40
0.7142857142857143
 40
0.7142857142857143
 40
0.7380952380952381
 40
0.7380952380952381
 40
0.7380952380952381
 40
0.7380952380952381
 40
0.7619047619047619
 40
0.7619047619047619
 40
0.7619047619047619
 40
0.7619047619047619
 40
0.7857142857142857
 40
0.7857142857142857
 40
0.7857142857142857
 40
0.7857142857142857
 40
0.8095238095238095
 40
0.8095238095238095
 40
0.8095238095238095
 40
0.8095238095238095
 40
0.8333333333333334
 40
0.8333333333333334
 40
0.8333333333333334
 40
0.8333333333333334
 40
0.8571428571428571
 40
0.8571428571428571
 40
0.8571428571428571
 40
0.8571428571428571
 40
0.8809523809523809
 40
0.8809523809523809
 40
0.8809523809523809
 40
0.8809523809523809
 40
0.9047619047619048
 40
0.9047619047619048
 40
0.9047619047619048
 40
0.9047619047619048
 40
0.9285714285714286
 40
0.9285714285714286
 40
0.9285714285714286
 40
0.9285714285714286
 40
0.9523809523809523
 40
0.9523809523809523
 40
0.9523809523809523
 40
0.9523809523809523
 40
1.0
 40
1.0
 40
1.0
 40
1.0
 10
3.83821
 20
8.25394
 30
0.0
 10
3.83821
 20
8.25394
 30
0.0
 10
3.83821
 20
8.25394
 30
0.0
 10
3.83821
 20
8.25394
 30
0.0
 10
3.83821
 20
8.25394
 30
0.0
 10
3.89643
 20
8.21125
 30
0.0
 10
3.95569
 20
8.16997
 30
0.0
 10
4.01601
 20
8.12976
 30
0.0
 10
4.01601
 20
8.12976
 30
0.0
 10
4.15924
 20
8.23453
 30
0.0
 10
4.30705
 20
8.33437
 30
0.0
 10
4.46899
 20
8.40809
 30
0.0
 10
4.46899
 20
8.40809
 30
0.0
 10
4.79071
 20
8.56403
 30
0.0
 10
5.15902
 20
8.59437
 30
0.0
 10
5.50932
 20
8.54321
 30
0.0
 10
5.50932
 20
8.54321
 30
0.0
 10
5.87762
 20
8.47054
 30
0.0
 10
6.18208
 20
8.21584
 30
0.0
 10
6.41244
 20
7.93044
 30
0.0
 10
6.41244
 20
7.93044
 30
0.0
 10
6.65339
 20
7.61576
 30
0.0
 10
6.76168
 20
7.17373
 30
0.0
 10
6.60788
 20
6.79732
 30
0.0
 10
6.60788
 20
6.79732
 30
0.0
 10
6.40997
 20
6.30907
 30
0.0
 10
5.82858
 20
6.01944
 30
0.0
 10
5.31777
 20
6.13163
 30
0.0
 10
5.31777
 20
6.13163
 30
0.0
 10
5.00732
 20
6.21205
 30
0.0
 10
4.79212
 20
6.58636
 30
0.0
 10
4.93501
 20
6.88657
 30
0.0
 10
4.93501
 20
6.88657
 30
0.0
 10
4.95687
 20
6.9476
 30
0.0
 10
5.0359
 20
6.96701
 30
0.0
 10
5.08599
 20
6.92679
 30
0.0
 10
5.08599
 20
6.92679
 30
0.0
 10
5.18337
 20
6.84564
 30
0.0
 10
5.27227
 20
6.7391
 30
0.0
 10
5.40631
 20
6.72076
 30
0.0
 10
5.40631
 20
6.72076
 30
0.0
 10
5.55766
 20
6.70031
 30
0.0
 10
5.74004
 20
6.68689
 30
0.0
 10
5.85611
 20
6.8072
 30
0.0
 10
5.85611
 20
6.8072
 30
0.0
 10
6.03462
 20
7.00051
 30
0.0
 10
6.04448
 20
7.38258
 30
0.0
 10
5.78838
 20
7.51557
 30
0.0
 10
5.78838
 20
7.51557
 30
0.0
 10
5.41901
 20
7.7537
 30
0.0
 10
4.83234
 20
7.60201
 30
0.0
 10
4.68595
 20
7.1702
 30
0.0
 10
4.68595
 20
7.1702
 30
0.0
 10
4.6034
 20
6.87846
 30
0.0
 10
4.62209
 20
6.54967
 30
0.0
 10
4.7632
 20
6.27837
 30
0.0
 10
4.7632
 20
6.27837
 30
0.0
 10
4.92337
 20
5.99897
 30
0.0
 10
5.25885
 20
5.85116
 30
0.0
 10
5.57388
 20
5.86563
 30
0.0
 10
5.57388
 20
5.86563
 30
0.0
 10
5.94783
 20
5.85504
 30
0.0
 10
6.30519
 20
6.0526
 30
0.0
 10
6.53837
 20
6.33764
 30
0.0
 10
6.53837
 20
6.33764
 30
0.0
 10
6.6481
 20
6.45795
 30
0.0
 10
6.72606
 20
6.6061
 30
0.0
 10
6.85095
 20
6.7123
 30
0.0
 10
6.85095
 20
6.7123
 30
0.0
 10
6.88974
 20
6.71194
 30
0.0
 10
6.92855
 20
6.70701
 30
0.0
 10
6.96701
 20
6.69819
 30
0.0
 10
6.96701
 20
6.69819
 30
0.0
 10
6.98923
 20
6.41772
 30
0.0
 10
6.95924
 20
6.13692
 30
0.0
 10
6.90316
 20
5.8621
 30
0.0
 10
6.90316
 20
5.8621
 30
0.0
 10
6.82271
 20
5.42678
 30
0.0
 10
6.96982
 20
4.98792
 30
0.0
 10
7.19313
 20
4.61785
 30
0.0
 10
7.19313
 20
4.61785
 30
0.0
 10
7.36706
 20
4.33458
 30
0.0
 10
7.5512
 20
4.02025
 30
0.0
 10
7.87435
 20
3.88866
 30
0.0
 10
7.87435
 20
3.88866
 30
0.0
 10
8.1093
 20
3.79871
 30
0.0
 10
8.37282
 20
3.71086
 30
0.0
 10
8.62365
 20
3.7913
 30
0.0
 10
8.62365
 20
3.7913
 30
0.0
 10
8.87411
 20
3.85903
 30
0.0
 10
9.07732
 20
4.05165
 30
0.0
 10
9.20114
 20
4.2746
 30
0.0
 10
9.20114
 20
4.2746
 30
0.0
 10
9.32744
 20
4.50356
 30
0.0
 10
9.24136
 20
4.77872
 30
0.0
 10
9.11718
 20
4.98827
 30
0.0
 10
9.11718
 20
4.98827
 30
0.0
 10
9.01593
 20
5.15654
 30
0.0
 10
8.85647
 20
5.33293
 30
0.0
 10
8.6427
 20
5.32341
 30
0.0
 10
8.6427
 20
5.32341
 30
0.0
 10
8.47865
 20
5.3361
 30
0.0
 10
8.31673
 20
5.23909
 30
0.0
 10
8.24089
 20
5.09588
 30
0.0
 10
8.24089
 20
5.09588
 30
0.0
 10
8.21407
 20
4.98403
 30
0.0
 10
8.21195
 20
4.85245
 30
0.0
 10
8.28533
 20
4.75684
 30
0.0
 10
8.28533
 20
4.75684
 30
0.0
 10
8.38588
 20
4.60092
 30
0.0
 10
8.59048
 20
4.57517
 30
0.0
 10
8.71431
 20
4.44605
 30
0.0
 10
8.71431
 20
4.44605
 30
0.0
 10
8.79581
 20
4.36279
 30
0.0
 10
8.79298
 20
4.21286
 30
0.0
 10
8.70126
 20
4.13807
 30
0.0
 10
8.70126
 20
4.13807
 30
0.0
 10
8.55203
 20
3.9952
 30
0.0
 10
8.32272
 20
4.01742
 30
0.0
 10
8.13647
 20
4.05377
 30
0.0
 10
8.13647
 20
4.05377
 30
0.0
 10
7.79392
 20
4.17724
 30
0.0
 10
7.52086
 20
4.45311
 30
0.0
 10
7.33882
 20
4.76215
 30
0.0
 10
7.33882
 20
4.76215
 30
0.0
 10
7.1903
 20
5.03132
 30
0.0
 10
7.08025
 20
5.35869
 30
0.0
 10
7.17727
 20
5.66349
 30
0.0
 10
7.17727
 20
5.66349
 30
0.0
 10
7.46018
 20
5.72065
 30
0.0
 10
7.75299
 20
5.67302
 30
0.0
 10
8.03592
 20
5.72628
 30
0.0
 10
8.03592
 20
5.72628
 30
0.0
 10
8.31356
 20
5.78379
 30
0.0
 10
8.45149
 20
6.17395
 30
0.0
 10
8.25393
 20
6.38352
 30
0.0
 10
8.25393
 20
6.38352
 30
0.0
 10
8.14563
 20
6.51581
 30
0.0
 10
7.89552
 20
6.53555
 30
0.0
 10
7.81261
 20
6.36763
 30
0.0
 10
7.81261
 20
6.36763
 30
0.0
 10
7.741
 20
6.2378
 30
0.0
 10
7.85424
 20
6.11998
 30
0.0
 10
7.9308
 20
6.02614
 30
0.0
 10
7.9308
 20
6.02614
 30
0.0
 10
7.80837
 20
5.81554
 30
0.0
 10
7.50181
 20
5.85893
 30
0.0
 10
7.34764
 20
6.00816
 30
0.0
 10
7.34764
 20
6.00816
 30
0.0
 10
7.19983
 20
6.1355
 30
0.0
 10
7.21077
 20
6.34753
 30
0.0
 10
7.19454
 20
6.52497
 30
0.0
 10
7.19454
 20
6.52497
 30
0.0
 10
7.17373
 20
7.10247
 30
0.0
 10
7.03438
 20
7.71489
 30
0.0
 10
6.63539
 20
8.15304
 30
0.0
 10
6.63539
 20
8.15304
 30
0.0
 10
6.35353
 20
8.46384
 30
0.0
 10
5.95312
 20
8.63529
 30
0.0
 10
5.5513
 20
8.72771
 30
0.0
 10
5.5513
 20
8.72771
 30
0.0
 10
4.94629
 20
8.85224
 30
0.0
 10
4.30847
 20
8.63881
 30
0.0
 10
3.83821
 20
8.25394
 30
0.0
  0
SPLINE
  5
52
330
1F
100
AcDbEntity
  8
Camada 1
 62
   156
100
AcDbSpline
210
0.0
220
0.0
230
1.0
 70
    11
 71
     3
 72
    20
 73
    16
 74
     0
 42
0.0000000001
 43
0.0000000001
 12
1.0
 22
0.0
 32
0.0
 13
1.0
 23
0.0
 33
0.0
 40
0.0
 40
0.0
 40
0.0
 40
0.0
 40
0.2
 40
0.2
 40
0.2
 40
0.2
 40
0.4
 40
0.4
 40
0.4
 40
0.4
 40
0.6
 40
0.6
 40
0.6
 40
0.6
 40
1.0
 40
1.0
 40
1.0
 40
1.0
 10
-8.37599
 20
8.02498
 30
0.0
 10
-8.37599
 20
8.02498
 30
0.0
 10
-8.37599
 20
8.02498
 30
0.0
 10
-8.37599
 20
8.02498
 30
0.0
 10
-8.37599
 20
8.02498
 30
0.0
 10
-8.515
 20
7.96466
 30
0.0
 10
-8.49982
 20
7.73677
 30
0.0
 10
-8.34848
 20
7.70536
 30
0.0
 10
-8.34848
 20
7.70536
 30
0.0
 10
-8.20949
 20
7.65774
 30
0.0
 10
-8.07155
 20
7.83096
 30
0.0
 10
-8.15869
 20
7.95301
 30
0.0
 10
-8.15869
 20
7.95301
 30
0.0
 10
-8.1922
 20
8.04192
 30
0.0
 10
-8.29768
 20
8.04368
 30
0.0
 10
-8.37599
 20
8.02498
 30
0.0
  0
SPLINE
  5
53
330
1F
100
AcDbEntity
  8
Camada 1
 62
   156
100
AcDbSpline
210
0.0
220
0.0
230
1.0
 70
    11
 71
     3
 72
    24
 73
    20
 74
     0
 42
0.0000000001
 43
0.0000000001
 12
1.0
 22
0.0
 32
0.0
 13
1.0
 23
0.0
 33
0.0
 40
0.0
 40
0.0
 40
0.0
 40
0.0
 40
0.1666666666666667
 40
0.1666666666666667
 40
0.1666666666666667
 40
0.1666666666666667
 40
0.3333333333333333
 40
0.3333333333333333
 40
0.3333333333333333
 40
0.3333333333333333
 40
0.5
 40
0.5
 40
0.5
 40
0.5
 40
0.6666666666666666
 40
0.6666666666666666
 40
0.6666666666666666
 40
0.6666666666666666
 40
1.0
 40
1.0
 40
1.0
 40
1.0
 10
-0.54821
 20
7.07636
 30
0.0
 10
-0.54821
 20
7.07636
 30
0.0
 10
-0.54821
 20
7.07636
 30
0.0
 10
-0.54821
 20
7.07636
 30
0.0
 10
-0.54821
 20
7.07636
 30
0.0
 10
-0.67804
 20
7.04885
 30
0.0
 10
-0.70414
 20
6.84281
 30
0.0
 10
-0.5916
 20
6.78039
 30
0.0
 10
-0.5916
 20
6.78039
 30
0.0
 10
-0.51505
 20
6.72394
 30
0.0
 10
-0.38805
 20
6.7458
 30
0.0
 10
-0.34042
 20
6.83012
 30
0.0
 10
-0.34042
 20
6.83012
 30
0.0
 10
-0.32597
 20
6.88516
 30
0.0
 10
-0.32526
 20
6.94407
 30
0.0
 10
-0.33937
 20
6.9991
 30
0.0
 10
-0.33937
 20
6.9991
 30
0.0
 10
-0.37782
 20
7.0739
 30
0.0
 10
-0.47201
 20
7.09682
 30
0.0
 10
-0.54821
 20
7.07636
 30
0.0
  0
SPLINE
  5
54
330
1F
100
AcDbEntity
  8
Camada 1
 62
   156
100
AcDbSpline
210
0.0
220
0.0
230
1.0
 70
    11
 71
     3
 72
    20
 73
    16
 74
     0
 42
0.0000000001
 43
0.0000000001
 12
1.0
 22
0.0
 32
0.0
 13
1.0
 23
0.0
 33
0.0
 40
0.0
 40
0.0
 40
0.0
 40
0.0
 40
0.2
 40
0.2
 40
0.2
 40
0.2
 40
0.4
 40
0.4
 40
0.4
 40
0.4
 40
0.6
 40
0.6
 40
0.6
 40
0.6
 40
1.0
 40
1.0
 40
1.0
 40
1.0
 10
-6.93313
 20
6.65551
 30
0.0
 10
-6.93313
 20
6.65551
 30
0.0
 10
-6.93313
 20
6.65551
 30
0.0
 10
-6.93313
 20
6.65551
 30
0.0
 10
-6.93313
 20
6.65551
 30
0.0
 10
-7.08695
 20
6.61141
 30
0.0
 10
-7.06578
 20
6.36235
 30
0.0
 10
-6.9102
 20
6.33306
 30
0.0
 10
-6.9102
 20
6.33306
 30
0.0
 10
-6.79343
 20
6.29884
 30
0.0
 10
-6.67807
 20
6.40362
 30
0.0
 10
-6.70947
 20
6.52322
 30
0.0
 10
-6.70947
 20
6.52322
 30
0.0
 10
-6.70136
 20
6.63963
 30
0.0
 10
-6.83894
 20
6.68619
 30
0.0
 10
-6.93313
 20
6.65551
 30
0.0
  0
SPLINE
  5
55
330
1F
100
AcDbEntity
  8
Camada 1
 62
   156
100
AcDbSpline
210
0.0
220
0.0
230
1.0
 70
    11
 71
     3
 72
   116
 73
   112
 74
     0
 42
0.0000000001
 43
0.0000000001
 12
1.0
 22
0.0
 32
0.0
 13
1.0
 23
0.0
 33
0.0
 40
0.0
 40
0.0
 40
0.0
 40
0.0
 40
0.0344827586206897
 40
0.0344827586206897
 40
0.0344827586206897
 40
0.0344827586206897
 40
0.0689655172413793
 40
0.0689655172413793
 40
0.0689655172413793
 40
0.0689655172413793
 40
0.103448275862069
 40
0.103448275862069
 40
0.103448275862069
 40
0.103448275862069
 40
0.1379310344827586
 40
0.1379310344827586
 40
0.1379310344827586
 40
0.1379310344827586
 40
0.1724137931034483
 40
0.1724137931034483
 40
0.1724137931034483
 40
0.1724137931034483
 40
0.2068965517241379
 40
0.2068965517241379
 40
0.2068965517241379
 40
0.2068965517241379
 40
0.2413793103448276
 40
0.2413793103448276
 40
0.2413793103448276
 40
0.2413793103448276
 40
0.2758620689655172
 40
0.2758620689655172
 40
0.2758620689655172
 40
0.2758620689655172
 40
0.3103448275862069
 40
0.3103448275862069
 40
0.3103448275862069
 40
0.3103448275862069
 40
0.3448275862068966
 40
0.3448275862068966
 40
0.3448275862068966
 40
0.3448275862068966
 40
0.3793103448275862
 40
0.3793103448275862
 40
0.3793103448275862
 40
0.3793103448275862
 40
0.4137931034482759
 40
0.4137931034482759
 40
0.4137931034482759
 40
0.4137931034482759
 40
0.4482758620689655
 40
0.4482758620689655
 40
0.4482758620689655
 40
0.4482758620689655
 40
0.4827586206896552
 40
0.4827586206896552
 40
0.4827586206896552
 40
0.4827586206896552
 40
0.5172413793103449
 40
0.5172413793103449
 40
0.5172413793103449
 40
0.5172413793103449
 40
0.5517241379310345
 40
0.5517241379310345
 40
0.5517241379310345
 40
0.5517241379310345
 40
0.5862068965517241
 40
0.5862068965517241
 40
0.5862068965517241
 40
0.5862068965517241
 40
0.6206896551724138
 40
0.6206896551724138
 40
0.6206896551724138
 40
0.6206896551724138
 40
0.6551724137931034
 40
0.6551724137931034
 40
0.6551724137931034
 40
0.6551724137931034
 40
0.6896551724137931
 40
0.6896551724137931
 40
0.6896551724137931
 40
0.6896551724137931
 40
0.7241379310344828
 40
0.7241379310344828
 40
0.7241379310344828
 40
0.7241379310344828
 40
0.7586206896551724
 40
0.7586206896551724
 40
0.7586206896551724
 40
0.7586206896551724
 40
0.7931034482758621
 40
0.7931034482758621
 40
0.7931034482758621
 40
0.7931034482758621
 40
0.8275862068965517
 40
0.8275862068965517
 40
0.8275862068965517
 40
0.8275862068965517
 40
0.8620689655172413
 40
0.8620689655172413
 40
0.8620689655172413
 40
0.8620689655172413
 40
0.896551724137931
 40
0.896551724137931
 40
0.896551724137931
 40
0.896551724137931
 40
0.9310344827586207
 40
0.9310344827586207
 40
0.9310344827586207
 40
0.9310344827586207
 40
1.0
 40
1.0
 40
1.0
 40
1.0
 10
-9.67916
 20
6.47347
 30
0.0
 10
-9.67916
 20
6.47347
 30
0.0
 10
-9.67916
 20
6.47347
 30
0.0
 10
-9.67916
 20
6.47347
 30
0.0
 10
-9.67916
 20
6.47347
 30
0.0
 10
-9.68269
 20
6.43395
 30
0.0
 10
-9.68657
 20
6.39409
 30
0.0
 10
-9.69044
 20
6.35423
 30
0.0
 10
-9.69044
 20
6.35423
 30
0.0
 10
-9.60578
 20
6.27873
 30
0.0
 10
-9.48795
 20
6.2992
 30
0.0
 10
-9.38353
 20
6.28791
 30
0.0
 10
-9.38353
 20
6.28791
 30
0.0
 10
-8.84342
 20
6.23922
 30
0.0
 10
-8.30721
 20
6.10904
 30
0.0
 10
-7.81685
 20
5.87445
 30
0.0
 10
-7.81685
 20
5.87445
 30
0.0
 10
-7.05167
 20
5.49945
 30
0.0
 10
-6.39163
 20
4.91277
 30
0.0
 10
-5.92525
 20
4.19981
 30
0.0
 10
-5.92525
 20
4.19981
 30
0.0
 10
-5.81342
 20
4.03153
 30
0.0
 10
-5.73017
 20
3.84668
 30
0.0
 10
-5.62926
 20
3.67205
 30
0.0
 10
-5.62926
 20
3.67205
 30
0.0
 10
-5.48569
 20
3.68687
 30
0.0
 10
-5.36222
 20
3.76624
 30
0.0
 10
-5.22922
 20
3.81528
 30
0.0
 10
-5.22922
 20
3.81528
 30
0.0
 10
-4.27214
 20
4.18499
 30
0.0
 10
-3.18452
 20
4.19169
 30
0.0
 10
-2.21862
 20
3.8488
 30
0.0
 10
-2.21862
 20
3.8488
 30
0.0
 10
-1.44568
 20
3.5754
 30
0.0
 10
-0.7514
 20
3.08256
 30
0.0
 10
-0.23636
 20
2.4451
 30
0.0
 10
-0.23636
 20
2.4451
 30
0.0
 10
-0.12805
 20
2.31352
 30
0.0
 10
-0.04304
 20
2.16464
 30
0.0
 10
0.06314
 20
2.03164
 30
0.0
 10
0.06314
 20
2.03164
 30
0.0
 10
0.14005
 20
1.99777
 30
0.0
 10
0.21061
 20
2.05246
 30
0.0
 10
0.27199
 20
2.09232
 30
0.0
 10
0.27199
 20
2.09232
 30
0.0
 10
0.86254
 20
2.4786
 30
0.0
 10
1.55539
 20
2.69628
 30
0.0
 10
2.25602
 20
2.76014
 30
0.0
 10
2.25602
 20
2.76014
 30
0.0
 10
3.55669
 20
2.8582
 30
0.0
 10
4.87997
 20
2.3435
 30
0.0
 10
5.80284
 20
1.42875
 30
0.0
 10
5.80284
 20
1.42875
 30
0.0
 10
5.88503
 20
1.35784
 30
0.0
 10
5.97393
 20
1.17581
 30
0.0
 10
6.10059
 20
1.27212
 30
0.0
 10
6.10059
 20
1.27212
 30
0.0
 10
6.90597
 20
1.94556
 30
0.0
 10
7.95126
 20
2.30681
 30
0.0
 10
8.99548
 20
2.3389
 30
0.0
 10
8.99548
 20
2.3389
 30
0.0
 10
9.52675
 20
2.33257
 30
0.0
 10
10.05945
 20
2.24296
 30
0.0
 10
10.55687
 20
2.05317
 30
0.0
 10
10.55687
 20
2.05317
 30
0.0
 10
10.63096
 20
2.01965
 30
0.0
 10
10.71245
 20
2.014
 30
0.0
 10
10.79287
 20
2.0193
 30
0.0
 10
10.79287
 20
2.0193
 30
0.0
 10
10.79958
 20
2.06516
 30
0.0
 10
10.80628
 20
2.11067
 30
0.0
 10
10.81263
 20
2.15618
 30
0.0
 10
10.81263
 20
2.15618
 30
0.0
 10
10.54028
 20
2.29834
 30
0.0
 10
10.23725
 20
2.36996
 30
0.0
 10
9.93951
 20
2.43662
 30
0.0
 10
9.93951
 20
2.43662
 30
0.0
 10
8.58025
 20
2.71921
 30
0.0
 10
7.12011
 20
2.33079
 30
0.0
 10
6.03074
 20
1.48412
 30
0.0
 10
6.03074
 20
1.48412
 30
0.0
 10
5.15902
 20
2.39959
 30
0.0
 10
3.90983
 20
2.94886
 30
0.0
 10
2.64583
 20
2.96615
 30
0.0
 10
2.64583
 20
2.96615
 30
0.0
 10
1.76847
 20
2.97532
 30
0.0
 10
0.88971
 20
2.73049
 30
0.0
 10
0.14922
 20
2.25812
 30
0.0
 10
0.14922
 20
2.25812
 30
0.0
 10
-0.25541
 20
2.87055
 30
0.0
 10
-0.81774
 20
3.37255
 30
0.0
 10
-1.45908
 20
3.72709
 30
0.0
 10
-1.45908
 20
3.72709
 30
0.0
 10
-2.18263
 20
4.12891
 30
0.0
 10
-3.01766
 20
4.32257
 30
0.0
 10
-3.84422
 20
4.29083
 30
0.0
 10
-3.84422
 20
4.29083
 30
0.0
 10
-4.42595
 20
4.28096
 30
0.0
 10
-4.99674
 20
4.13385
 30
0.0
 10
-5.53332
 20
3.91442
 30
0.0
 10
-5.53332
 20
3.91442
 30
0.0
 10
-5.74145
 20
4.3328
 30
0.0
 10
-6.01944
 20
4.71523
 30
0.0
 10
-6.34753
 20
5.04684
 30
0.0
 10
-6.34753
 20
5.04684
 30
0.0
 10
-7.02168
 20
5.75274
 30
0.0
 10
-7.91457
 20
6.25863
 30
0.0
 10
-8.88188
 20
6.41809
 30
0.0
 10
-8.88188
 20
6.41809
 30
0.0
 10
-9.14505
 20
6.45407
 30
0.0
 10
-9.41387
 20
6.51756
 30
0.0
 10
-9.67916
 20
6.47347
 30
0.0
  0
SPLINE
  5
56
330
1F
100
AcDbEntity
  8
Camada 1
 62
   156
100
AcDbSpline
210
0.0
220
0.0
230
1.0
 70
    11
 71
     3
 72
    44
 73
    40
 74
     0
 42
0.0000000001
 43
0.0000000001
 12
1.0
 22
0.0
 32
0.0
 13
1.0
 23
0.0
 33
0.0
 40
0.0
 40
0.0
 40
0.0
 40
0.0
 40
0.0909090909090909
 40
0.0909090909090909
 40
0.0909090909090909
 40
0.0909090909090909
 40
0.1818181818181818
 40
0.1818181818181818
 40
0.1818181818181818
 40
0.1818181818181818
 40
0.2727272727272727
 40
0.2727272727272727
 40
0.2727272727272727
 40
0.2727272727272727
 40
0.3636363636363636
 40
0.3636363636363636
 40
0.3636363636363636
 40
0.3636363636363636
 40
0.4545454545454545
 40
0.4545454545454545
 40
0.4545454545454545
 40
0.4545454545454545
 40
0.5454545454545454
 40
0.5454545454545454
 40
0.5454545454545454
 40
0.5454545454545454
 40
0.6363636363636364
 40
0.6363636363636364
 40
0.6363636363636364
 40
0.6363636363636364
 40
0.7272727272727273
 40
0.7272727272727273
 40
0.7272727272727273
 40
0.7272727272727273
 40
0.8181818181818182
 40
0.8181818181818182
 40
0.8181818181818182
 40
0.8181818181818182
 40
1.0
 40
1.0
 40
1.0
 40
1.0
 10
-3.45439
 20
5.9577
 30
0.0
 10
-3.45439
 20
5.9577
 30
0.0
 10
-3.45439
 20
5.9577
 30
0.0
 10
-3.45439
 20
5.9577
 30
0.0
 10
-3.45439
 20
5.9577
 30
0.0
 10
-3.64313
 20
5.81342
 30
0.0
 10
-3.6971
 20
5.53366
 30
0.0
 10
-3.61102
 20
5.31883
 30
0.0
 10
-3.61102
 20
5.31883
 30
0.0
 10
-3.52672
 20
5.1562
 30
0.0
 10
-3.28719
 20
5.15301
 30
0.0
 10
-3.1757
 20
5.28884
 30
0.0
 10
-3.1757
 20
5.28884
 30
0.0
 10
-3.21627
 20
5.4289
 30
0.0
 10
-3.40995
 20
5.50087
 30
0.0
 10
-3.37043
 20
5.66384
 30
0.0
 10
-3.37043
 20
5.66384
 30
0.0
 10
-3.30305
 20
5.87869
 30
0.0
 10
-3.00567
 20
5.96123
 30
0.0
 10
-2.84232
 20
5.80073
 30
0.0
 10
-2.84232
 20
5.80073
 30
0.0
 10
-2.60208
 20
5.53544
 30
0.0
 10
-2.63172
 20
5.15301
 30
0.0
 10
-2.54952
 20
4.82706
 30
0.0
 10
-2.54952
 20
4.82706
 30
0.0
 10
-2.48567
 20
4.71699
 30
0.0
 10
-2.34738
 20
4.67465
 30
0.0
 10
-2.23979
 20
4.61644
 30
0.0
 10
-2.23979
 20
4.61644
 30
0.0
 10
-2.30222
 20
5.01755
 30
0.0
 10
-2.36643
 20
5.43243
 30
0.0
 10
-2.56892
 20
5.79049
 30
0.0
 10
-2.56892
 20
5.79049
 30
0.0
 10
-2.68427
 20
5.96793
 30
0.0
 10
-2.87479
 20
6.14469
 30
0.0
 10
-3.10268
 20
6.11681
 30
0.0
 10
-3.10268
 20
6.11681
 30
0.0
 10
-3.23179
 20
6.09881
 30
0.0
 10
-3.3535
 20
6.03956
 30
0.0
 10
-3.45439
 20
5.9577
 30
0.0
  0
SPLINE
  5
57
330
1F
100
AcDbEntity
  8
Camada 1
 62
   156
100
AcDbSpline
210
0.0
220
0.0
230
1.0
 70
    11
 71
     3
 72
    20
 73
    16
 74
     0
 42
0.0000000001
 43
0.0000000001
 12
1.0
 22
0.0
 32
0.0
 13
1.0
 23
0.0
 33
0.0
 40
0.0
 40
0.0
 40
0.0
 40
0.0
 40
0.2
 40
0.2
 40
0.2
 40
0.2
 40
0.4
 40
0.4
 40
0.4
 40
0.4
 40
0.6
 40
0.6
 40
0.6
 40
0.6
 40
1.0
 40
1.0
 40
1.0
 40
1.0
 10
-10.14518
 20
5.85082
 30
0.0
 10
-10.14518
 20
5.85082
 30
0.0
 10
-10.14518
 20
5.85082
 30
0.0
 10
-10.14518
 20
5.85082
 30
0.0
 10
-10.14518
 20
5.85082
 30
0.0
 10
-10.23761
 20
5.82048
 30
0.0
 10
-10.27465
 20
5.67725
 30
0.0
 10
-10.20268
 20
5.60704
 30
0.0
 10
-10.20268
 20
5.60704
 30
0.0
 10
-10.13354
 20
5.49451
 30
0.0
 10
-9.91552
 20
5.54143
 30
0.0
 10
-9.92187
 20
5.68325
 30
0.0
 10
-9.92187
 20
5.68325
 30
0.0
 10
-9.89471
 20
5.79931
 30
0.0
 10
-10.04005
 20
5.91255
 30
0.0
 10
-10.14518
 20
5.85082
 30
0.0
  0
SPLINE
  5
58
330
1F
100
AcDbEntity
  8
Camada 1
 62
   156
100
AcDbSpline
210
0.0
220
0.0
230
1.0
 70
    11
 71
     3
 72
    24
 73
    20
 74
     0
 42
0.0000000001
 43
0.0000000001
 12
1.0
 22
0.0
 32
0.0
 13
1.0
 23
0.0
 33
0.0
 40
0.0
 40
0.0
 40
0.0
 40
0.0
 40
0.1666666666666667
 40
0.1666666666666667
 40
0.1666666666666667
 40
0.1666666666666667
 40
0.3333333333333333
 40
0.3333333333333333
 40
0.3333333333333333
 40
0.3333333333333333
 40
0.5
 40
0.5
 40
0.5
 40
0.5
 40
0.6666666666666666
 40
0.6666666666666666
 40
0.6666666666666666
 40
0.6666666666666666
 40
1.0
 40
1.0
 40
1.0
 40
1.0
 10
-9.15352
 20
5.77285
 30
0.0
 10
-9.15352
 20
5.77285
 30
0.0
 10
-9.15352
 20
5.77285
 30
0.0
 10
-9.15352
 20
5.77285
 30
0.0
 10
-9.15352
 20
5.77285
 30
0.0
 10
-9.24418
 20
5.73369
 30
0.0
 10
-9.25159
 20
5.61233
 30
0.0
 10
-9.21103
 20
5.53507
 30
0.0
 10
-9.21103
 20
5.53507
 30
0.0
 10
-9.16092
 20
5.46452
 30
0.0
 10
-9.06321
 20
5.46276
 30
0.0
 10
-8.98842
 20
5.48745
 30
0.0
 10
-8.98842
 20
5.48745
 30
0.0
 10
-8.91963
 20
5.53191
 30
0.0
 10
-8.88717
 20
5.62785
 30
0.0
 10
-8.92845
 20
5.70123
 30
0.0
 10
-8.92845
 20
5.70123
 30
0.0
 10
-8.95667
 20
5.7852
 30
0.0
 10
-9.0819
 20
5.81942
 30
0.0
 10
-9.15352
 20
5.77285
 30
0.0
  0
SPLINE
  5
59
330
1F
100
AcDbEntity
  8
Camada 1
 62
   156
100
AcDbSpline
210
0.0
220
0.0
230
1.0
 70
    11
 71
     3
 72
    20
 73
    16
 74
     0
 42
0.0000000001
 43
0.0000000001
 12
1.0
 22
0.0
 32
0.0
 13
1.0
 23
0.0
 33
0.0
 40
0.0
 40
0.0
 40
0.0
 40
0.0
 40
0.2
 40
0.2
 40
0.2
 40
0.2
 40
0.4
 40
0.4
 40
0.4
 40
0.4
 40
0.6
 40
0.6
 40
0.6
 40
0.6
 40
1.0
 40
1.0
 40
1.0
 40
1.0
 10
-11.26807
 20
5.51673
 30
0.0
 10
-11.26807
 20
5.51673
 30
0.0
 10
-11.26807
 20
5.51673
 30
0.0
 10
-11.26807
 20
5.51673
 30
0.0
 10
-11.26807
 20
5.51673
 30
0.0
 10
-11.33192
 20
5.44194
 30
0.0
 10
-11.32169
 20
5.31777
 30
0.0
 10
-11.23632
 20
5.26345
 30
0.0
 10
-11.23632
 20
5.26345
 30
0.0
 10
-11.12731
 20
5.17489
 30
0.0
 10
-10.95763
 20
5.29907
 30
0.0
 10
-10.99008
 20
5.43102
 30
0.0
 10
-10.99008
 20
5.43102
 30
0.0
 10
-11.00913
 20
5.55871
 30
0.0
 10
-11.17776
 20
5.59576
 30
0.0
 10
-11.26807
 20
5.51673
 30
0.0
  0
SPLINE
  5
5A
330
1F
100
AcDbEntity
  8
Camada 1
 62
   156
100
AcDbSpline
210
0.0
220
0.0
230
1.0
 70
    11
 71
     3
 72
    20
 73
    16
 74
     0
 42
0.0000000001
 43
0.0000000001
 12
1.0
 22
0.0
 32
0.0
 13
1.0
 23
0.0
 33
0.0
 40
0.0
 40
0.0
 40
0.0
 40
0.0
 40
0.2
 40
0.2
 40
0.2
 40
0.2
 40
0.4
 40
0.4
 40
0.4
 40
0.4
 40
0.6
 40
0.6
 40
0.6
 40
0.6
 40
1.0
 40
1.0
 40
1.0
 40
1.0
 10
-8.16539
 20
5.45465
 30
0.0
 10
-8.16539
 20
5.45465
 30
0.0
 10
-8.16539
 20
5.45465
 30
0.0
 10
-8.16539
 20
5.45465
 30
0.0
 10
-8.16539
 20
5.45465
 30
0.0
 10
-8.26205
 20
5.37209
 30
0.0
 10
-8.22042
 20
5.16325
 30
0.0
 10
-8.07649
 20
5.16748
 30
0.0
 10
-8.07649
 20
5.16748
 30
0.0
 10
-7.9636
 20
5.14314
 30
0.0
 10
-7.85636
 20
5.28038
 30
0.0
 10
-7.90821
 20
5.38232
 30
0.0
 10
-7.90821
 20
5.38232
 30
0.0
 10
-7.93679
 20
5.48957
 30
0.0
 10
-8.0846
 20
5.5199
 30
0.0
 10
-8.16539
 20
5.45465
 30
0.0
  0
SPLINE
  5
5B
330
1F
100
AcDbEntity
  8
Camada 1
 62
   156
100
AcDbSpline
210
0.0
220
0.0
230
1.0
 70
    11
 71
     3
 72
    24
 73
    20
 74
     0
 42
0.0000000001
 43
0.0000000001
 12
1.0
 22
0.0
 32
0.0
 13
1.0
 23
0.0
 33
0.0
 40
0.0
 40
0.0
 40
0.0
 40
0.0
 40
0.1666666666666667
 40
0.1666666666666667
 40
0.1666666666666667
 40
0.1666666666666667
 40
0.3333333333333333
 40
0.3333333333333333
 40
0.3333333333333333
 40
0.3333333333333333
 40
0.5
 40
0.5
 40
0.5
 40
0.5
 40
0.6666666666666666
 40
0.6666666666666666
 40
0.6666666666666666
 40
0.6666666666666666
 40
1.0
 40
1.0
 40
1.0
 40
1.0
 10
4.7826
 20
5.3093
 30
0.0
 10
4.7826
 20
5.3093
 30
0.0
 10
4.7826
 20
5.3093
 30
0.0
 10
4.7826
 20
5.3093
 30
0.0
 10
4.7826
 20
5.3093
 30
0.0
 10
4.68665
 20
5.26413
 30
0.0
 10
4.65242
 20
5.1255
 30
0.0
 10
4.72651
 20
5.04577
 30
0.0
 10
4.72651
 20
5.04577
 30
0.0
 10
4.78084
 20
4.96217
 30
0.0
 10
4.92018
 20
4.96359
 30
0.0
 10
4.9784
 20
5.04225
 30
0.0
 10
4.9784
 20
5.04225
 30
0.0
 10
5.04365
 20
5.09798
 30
0.0
 10
5.03344
 20
5.20276
 30
0.0
 10
4.98544
 20
5.26625
 30
0.0
 10
4.98544
 20
5.26625
 30
0.0
 10
4.93713
 20
5.32623
 30
0.0
 10
4.85069
 20
5.32623
 30
0.0
 10
4.7826
 20
5.3093
 30
0.0
  0
SPLINE
  5
5C
330
1F
100
AcDbEntity
  8
Camada 1
 62
   156
100
AcDbSpline
210
0.0
220
0.0
230
1.0
 70
    11
 71
     3
 72
   120
 73
   116
 74
     0
 42
0.0000000001
 43
0.0000000001
 12
1.0
 22
0.0
 32
0.0
 13
1.0
 23
0.0
 33
0.0
 40
0.0
 40
0.0
 40
0.0
 40
0.0
 40
0.0333333333333333
 40
0.0333333333333333
 40
0.0333333333333333
 40
0.0333333333333333
 40
0.0666666666666667
 40
0.0666666666666667
 40
0.0666666666666667
 40
0.0666666666666667
 40
0.1
 40
0.1
 40
0.1
 40
0.1
 40
0.1333333333333333
 40
0.1333333333333333
 40
0.1333333333333333
 40
0.1333333333333333
 40
0.1666666666666667
 40
0.1666666666666667
 40
0.1666666666666667
 40
0.1666666666666667
 40
0.2
 40
0.2
 40
0.2
 40
0.2
 40
0.2333333333333333
 40
0.2333333333333333
 40
0.2333333333333333
 40
0.2333333333333333
 40
0.2666666666666667
 40
0.2666666666666667
 40
0.2666666666666667
 40
0.2666666666666667
 40
0.3
 40
0.3
 40
0.3
 40
0.3
 40
0.3333333333333333
 40
0.3333333333333333
 40
0.3333333333333333
 40
0.3333333333333333
 40
0.3666666666666666
 40
0.3666666666666666
 40
0.3666666666666666
 40
0.3666666666666666
 40
0.4
 40
0.4
 40
0.4
 40
0.4
 40
0.4333333333333333
 40
0.4333333333333333
 40
0.4333333333333333
 40
0.4333333333333333
 40
0.4666666666666667
 40
0.4666666666666667
 40
0.4666666666666667
 40
0.4666666666666667
 40
0.5
 40
0.5
 40
0.5
 40
0.5
 40
0.5333333333333333
 40
0.5333333333333333
 40
0.5333333333333333
 40
0.5333333333333333
 40
0.5666666666666667
 40
0.5666666666666667
 40
0.5666666666666667
 40
0.5666666666666667
 40
0.6
 40
0.6
 40
0.6
 40
0.6
 40
0.6333333333333333
 40
0.6333333333333333
 40
0.6333333333333333
 40
0.6333333333333333
 40
0.6666666666666666
 40
0.6666666666666666
 40
0.6666666666666666
 40
0.6666666666666666
 40
0.7
 40
0.7
 40
0.7
 40
0.7
 40
0.7333333333333333
 40
0.7333333333333333
 40
0.7333333333333333
 40
0.7333333333333333
 40
0.7666666666666667
 40
0.7666666666666667
 40
0.7666666666666667
 40
0.7666666666666667
 40
0.8
 40
0.8
 40
0.8
 40
0.8
 40
0.8333333333333334
 40
0.8333333333333334
 40
0.8333333333333334
 40
0.8333333333333334
 40
0.8666666666666667
 40
0.8666666666666667
 40
0.8666666666666667
 40
0.8666666666666667
 40
0.9
 40
0.9
 40
0.9
 40
0.9
 40
0.9333333333333333
 40
0.9333333333333333
 40
0.9333333333333333
 40
0.9333333333333333
 40
1.0
 40
1.0
 40
1.0
 40
1.0
 10
4.8588
 20
4.064
 30
0.0
 10
4.8588
 20
4.064
 30
0.0
 10
4.8588
 20
4.064
 30
0.0
 10
4.8588
 20
4.064
 30
0.0
 10
4.8588
 20
4.064
 30
0.0
 10
4.62138
 20
3.92677
 30
0.0
 10
4.31977
 20
3.89113
 30
0.0
 10
4.06435
 20
3.99873
 30
0.0
 10
4.06435
 20
3.99873
 30
0.0
 10
3.91724
 20
4.05835
 30
0.0
 10
3.7599
 20
4.1349
 30
0.0
 10
3.68123
 20
4.28025
 30
0.0
 10
3.68123
 20
4.28025
 30
0.0
 10
3.61631
 20
4.39666
 30
0.0
 10
3.64137
 20
4.56423
 30
0.0
 10
3.76061
 20
4.63549
 30
0.0
 10
3.76061
 20
4.63549
 30
0.0
 10
3.87103
 20
4.71204
 30
0.0
 10
4.00931
 20
4.65559
 30
0.0
 10
4.13208
 20
4.65525
 30
0.0
 10
4.13208
 20
4.65525
 30
0.0
 10
4.14619
 20
4.74132
 30
0.0
 10
4.179
 20
4.84823
 30
0.0
 10
4.10457
 20
4.9163
 30
0.0
 10
4.10457
 20
4.9163
 30
0.0
 10
3.96063
 20
5.06976
 30
0.0
 10
3.70874
 20
5.03378
 30
0.0
 10
3.55952
 20
4.90819
 30
0.0
 10
3.55952
 20
4.90819
 30
0.0
 10
3.44452
 20
4.79918
 30
0.0
 10
3.41347
 20
4.63267
 30
0.0
 10
3.40713
 20
4.48098
 30
0.0
 10
3.40713
 20
4.48098
 30
0.0
 10
3.39619
 20
4.28096
 30
0.0
 10
3.47698
 20
4.07775
 30
0.0
 10
3.62691
 20
3.9437
 30
0.0
 10
3.62691
 20
3.9437
 30
0.0
 10
3.84844
 20
3.73698
 30
0.0
 10
4.173
 20
3.68406
 30
0.0
 10
4.46475
 20
3.72638
 30
0.0
 10
4.46475
 20
3.72638
 30
0.0
 10
4.59527
 20
3.74967
 30
0.0
 10
4.71416
 20
3.81141
 30
0.0
 10
4.8387
 20
3.8548
 30
0.0
 10
4.8387
 20
3.8548
 30
0.0
 10
4.91596
 20
3.88301
 30
0.0
 10
5.0112
 20
3.86009
 30
0.0
 10
5.0567
 20
3.78777
 30
0.0
 10
5.0567
 20
3.78777
 30
0.0
 10
5.13644
 20
3.65865
 30
0.0
 10
5.15231
 20
3.50414
 30
0.0
 10
5.19959
 20
3.36196
 30
0.0
 10
5.19959
 20
3.36196
 30
0.0
 10
5.28742
 20
3.09174
 30
0.0
 10
5.41513
 20
2.82397
 30
0.0
 10
5.62573
 20
2.62748
 30
0.0
 10
5.62573
 20
2.62748
 30
0.0
 10
5.83952
 20
2.41899
 30
0.0
 10
6.14785
 20
2.29975
 30
0.0
 10
6.44666
 20
2.34843
 30
0.0
 10
6.44666
 20
2.34843
 30
0.0
 10
6.68406
 20
2.3876
 30
0.0
 10
6.92608
 20
2.50895
 30
0.0
 10
7.04461
 20
2.72767
 30
0.0
 10
7.04461
 20
2.72767
 30
0.0
 10
7.15432
 20
2.93582
 30
0.0
 10
7.11129
 20
3.18664
 30
0.0
 10
7.02522
 20
3.39514
 30
0.0
 10
7.02522
 20
3.39514
 30
0.0
 10
6.95254
 20
3.5641
 30
0.0
 10
6.8259
 20
3.73732
 30
0.0
 10
6.63256
 20
3.76907
 30
0.0
 10
6.63256
 20
3.76907
 30
0.0
 10
6.51898
 20
3.78953
 30
0.0
 10
6.36763
 20
3.79201
 30
0.0
 10
6.29637
 20
3.68477
 30
0.0
 10
6.29637
 20
3.68477
 30
0.0
 10
6.22511
 20
3.57222
 30
0.0
 10
6.23252
 20
3.43181
 30
0.0
 10
6.26886
 20
3.3087
 30
0.0
 10
6.26886
 20
3.3087
 30
0.0
 10
6.38104
 20
3.27942
 30
0.0
 10
6.50063
 20
3.26884
 30
0.0
 10
6.6061
 20
3.21697
 30
0.0
 10
6.6061
 20
3.21697
 30
0.0
 10
6.71547
 20
3.14924
 30
0.0
 10
6.7705
 20
3.01766
 30
0.0
 10
6.7818
 20
2.89382
 30
0.0
 10
6.7818
 20
2.89382
 30
0.0
 10
6.76063
 20
2.72555
 30
0.0
 10
6.57436
 20
2.66417
 30
0.0
 10
6.43361
 20
2.62714
 30
0.0
 10
6.43361
 20
2.62714
 30
0.0
 10
6.2103
 20
2.55305
 30
0.0
 10
5.96335
 20
2.64266
 30
0.0
 10
5.79861
 20
2.8
 30
0.0
 10
5.79861
 20
2.8
 30
0.0
 10
5.58305
 20
3.00319
 30
0.0
 10
5.44759
 20
3.278
 30
0.0
 10
5.36504
 20
3.55881
 30
0.0
 10
5.36504
 20
3.55881
 30
0.0
 10
5.31741
 20
3.75884
 30
0.0
 10
5.30083
 20
3.99204
 30
0.0
 10
5.4289
 20
4.16701
 30
0.0
 10
5.4289
 20
4.16701
 30
0.0
 10
5.61552
 20
4.44429
 30
0.0
 10
5.85752
 20
4.67854
 30
0.0
 10
6.08541
 20
4.92159
 30
0.0
 10
6.08541
 20
4.92159
 30
0.0
 10
6.18771
 20
5.03449
 30
0.0
 10
6.17926
 20
5.20135
 30
0.0
 10
6.18737
 20
5.34387
 30
0.0
 10
6.18737
 20
5.34387
 30
0.0
 10
5.76121
 20
4.9022
 30
0.0
 10
5.39679
 20
4.38185
 30
0.0
 10
4.8588
 20
4.064
 30
0.0
  0
SPLINE
  5
5D
330
1F
100
AcDbEntity
  8
Camada 1
 62
   156
100
AcDbSpline
210
0.0
220
0.0
230
1.0
 70
    11
 71
     3
 72
   200
 73
   196
 74
     0
 42
0.0000000001
 43
0.0000000001
 12
1.0
 22
0.0
 32
0.0
 13
1.0
 23
0.0
 33
0.0
 40
0.0
 40
0.0
 40
0.0
 40
0.0
 40
0.02
 40
0.02
 40
0.02
 40
0.02
 40
0.04
 40
0.04
 40
0.04
 40
0.04
 40
0.06
 40
0.06
 40
0.06
 40
0.06
 40
0.08
 40
0.08
 40
0.08
 40
0.08
 40
0.1
 40
0.1
 40
0.1
 40
0.1
 40
0.12
 40
0.12
 40
0.12
 40
0.12
 40
0.14
 40
0.14
 40
0.14
 40
0.14
 40
0.16
 40
0.16
 40
0.16
 40
0.16
 40
0.18
 40
0.18
 40
0.18
 40
0.18
 40
0.2
 40
0.2
 40
0.2
 40
0.2
 40
0.22
 40
0.22
 40
0.22
 40
0.22
 40
0.24
 40
0.24
 40
0.24
 40
0.24
 40
0.26
 40
0.26
 40
0.26
 40
0.26
 40
0.28
 40
0.28
 40
0.28
 40
0.28
 40
0.3
 40
0.3
 40
0.3
 40
0.3
 40
0.32
 40
0.32
 40
0.32
 40
0.32
 40
0.34
 40
0.34
 40
0.34
 40
0.34
 40
0.36
 40
0.36
 40
0.36
 40
0.36
 40
0.38
 40
0.38
 40
0.38
 40
0.38
 40
0.4
 40
0.4
 40
0.4
 40
0.4
 40
0.42
 40
0.42
 40
0.42
 40
0.42
 40
0.44
 40
0.44
 40
0.44
 40
0.44
 40
0.46
 40
0.46
 40
0.46
 40
0.46
 40
0.48
 40
0.48
 40
0.48
 40
0.48
 40
0.5
 40
0.5
 40
0.5
 40
0.5
 40
0.52
 40
0.52
 40
0.52
 40
0.52
 40
0.54
 40
0.54
 40
0.54
 40
0.54
 40
0.56
 40
0.56
 40
0.56
 40
0.56
 40
0.58
 40
0.58
 40
0.58
 40
0.58
 40
0.6
 40
0.6
 40
0.6
 40
0.6
 40
0.62
 40
0.62
 40
0.62
 40
0.62
 40
0.64
 40
0.64
 40
0.64
 40
0.64
 40
0.66
 40
0.66
 40
0.66
 40
0.66
 40
0.68
 40
0.68
 40
0.68
 40
0.68
 40
0.7
 40
0.7
 40
0.7
 40
0.7
 40
0.72
 40
0.72
 40
0.72
 40
0.72
 40
0.74
 40
0.74
 40
0.74
 40
0.74
 40
0.76
 40
0.76
 40
0.76
 40
0.76
 40
0.78
 40
0.78
 40
0.78
 40
0.78
 40
0.8
 40
0.8
 40
0.8
 40
0.8
 40
0.82
 40
0.82
 40
0.82
 40
0.82
 40
0.84
 40
0.84
 40
0.84
 40
0.84
 40
0.86
 40
0.86
 40
0.86
 40
0.86
 40
0.88
 40
0.88
 40
0.88
 40
0.88
 40
0.9
 40
0.9
 40
0.9
 40
0.9
 40
0.92
 40
0.92
 40
0.92
 40
0.92
 40
0.94
 40
0.94
 40
0.94
 40
0.94
 40
0.96
 40
0.96
 40
0.96
 40
0.96
 40
1.0
 40
1.0
 40
1.0
 40
1.0
 10
-9.90035
 20
4.8768
 30
0.0
 10
-9.90035
 20
4.8768
 30
0.0
 10
-9.90035
 20
4.8768
 30
0.0
 10
-9.90035
 20
4.8768
 30
0.0
 10
-9.90035
 20
4.8768
 30
0.0
 10
-9.90564
 20
4.67147
 30
0.0
 10
-9.90564
 20
4.45311
 30
0.0
 10
-9.80686
 20
4.26685
 30
0.0
 10
-9.80686
 20
4.26685
 30
0.0
 10
-9.75254
 20
4.173
 30
0.0
 10
-9.64706
 20
4.13419
 30
0.0
 10
-9.5444
 20
4.12574
 30
0.0
 10
-9.5444
 20
4.12574
 30
0.0
 10
-9.53099
 20
4.25414
 30
0.0
 10
-9.54757
 20
4.40831
 30
0.0
 10
-9.44386
 20
4.50461
 30
0.0
 10
-9.44386
 20
4.50461
 30
0.0
 10
-9.29251
 20
4.61644
 30
0.0
 10
-9.06992
 20
4.58504
 30
0.0
 10
-8.92421
 20
4.47815
 30
0.0
 10
-8.92421
 20
4.47815
 30
0.0
 10
-8.80991
 20
4.35926
 30
0.0
 10
-8.78593
 20
4.17865
 30
0.0
 10
-8.81274
 20
4.02132
 30
0.0
 10
-8.81274
 20
4.02132
 30
0.0
 10
-8.87306
 20
3.78213
 30
0.0
 10
-9.10201
 20
3.62513
 30
0.0
 10
-9.33626
 20
3.58705
 30
0.0
 10
-9.33626
 20
3.58705
 30
0.0
 10
-9.55251
 20
3.5574
 30
0.0
 10
-9.78852
 20
3.55881
 30
0.0
 10
-9.98184
 20
3.67347
 30
0.0
 10
-9.98184
 20
3.67347
 30
0.0
 10
-10.28946
 20
3.8481
 30
0.0
 10
-10.45457
 20
4.20758
 30
0.0
 10
-10.46514
 20
4.55153
 30
0.0
 10
-10.46514
 20
4.55153
 30
0.0
 10
-10.47537
 20
4.70851
 30
0.0
 10
-10.43658
 20
4.86197
 30
0.0
 10
-10.43163
 20
5.01791
 30
0.0
 10
-10.43163
 20
5.01791
 30
0.0
 10
-10.55722
 20
4.97804
 30
0.0
 10
-10.58897
 20
4.83305
 30
0.0
 10
-10.6934
 20
4.76462
 30
0.0
 10
-10.6934
 20
4.76462
 30
0.0
 10
-10.8532
 20
4.65771
 30
0.0
 10
-11.05358
 20
4.65242
 30
0.0
 10
-11.23879
 20
4.6362
 30
0.0
 10
-11.23879
 20
4.6362
 30
0.0
 10
-11.35697
 20
4.21886
 30
0.0
 10
-11.48961
 20
3.80505
 30
0.0
 10
-11.59721
 20
3.38561
 30
0.0
 10
-11.59721
 20
3.38561
 30
0.0
 10
-11.47268
 20
3.19298
 30
0.0
 10
-11.14248
 20
3.20321
 30
0.0
 10
-11.01442
 20
3.39195
 30
0.0
 10
-11.01442
 20
3.39195
 30
0.0
 10
-10.95939
 20
3.44452
 30
0.0
 10
-10.93117
 20
3.5641
 30
0.0
 10
-10.83697
 20
3.54012
 30
0.0
 10
-10.83697
 20
3.54012
 30
0.0
 10
-10.75266
 20
3.44416
 30
0.0
 10
-10.69869
 20
3.30799
 30
0.0
 10
-10.56957
 20
3.26248
 30
0.0
 10
-10.56957
 20
3.26248
 30
0.0
 10
-10.43974
 20
3.20815
 30
0.0
 10
-10.27994
 20
3.23249
 30
0.0
 10
-10.17869
 20
3.33199
 30
0.0
 10
-10.17869
 20
3.33199
 30
0.0
 10
-10.11978
 20
3.37361
 30
0.0
 10
-10.07321
 20
3.46638
 30
0.0
 10
-9.98889
 20
3.43534
 30
0.0
 10
-9.98889
 20
3.43534
 30
0.0
 10
-9.93387
 20
3.34222
 30
0.0
 10
-9.9127
 20
3.22757
 30
0.0
 10
-9.83226
 20
3.15066
 30
0.0
 10
-9.83226
 20
3.15066
 30
0.0
 10
-9.73984
 20
3.05822
 30
0.0
 10
-9.59802
 20
3.02331
 30
0.0
 10
-9.47208
 20
3.05647
 30
0.0
 10
-9.47208
 20
3.05647
 30
0.0
 10
-9.37401
 20
3.09174
 30
0.0
 10
-9.29005
 20
3.15595
 30
0.0
 10
-9.19762
 20
3.20321
 30
0.0
 10
-9.19762
 20
3.20321
 30
0.0
 10
-9.11189
 20
3.05752
 30
0.0
 10
-9.12459
 20
2.84302
 30
0.0
 10
-8.94715
 20
2.76294
 30
0.0
 10
-8.94715
 20
2.76294
 30
0.0
 10
-8.77534
 20
2.6603
 30
0.0
 10
-8.59261
 20
2.77812
 30
0.0
 10
-8.41551
 20
2.78411
 30
0.0
 10
-8.41551
 20
2.78411
 30
0.0
 10
-8.40669
 20
2.68252
 30
0.0
 10
-8.39611
 20
2.58092
 30
0.0
 10
-8.37917
 20
2.48038
 30
0.0
 10
-8.37917
 20
2.48038
 30
0.0
 10
-8.18126
 20
2.54776
 30
0.0
 10
-7.94667
 20
2.59326
 30
0.0
 10
-7.82214
 20
2.77953
 30
0.0
 10
-7.82214
 20
2.77953
 30
0.0
 10
-7.71348
 20
2.92559
 30
0.0
 10
-7.68526
 20
3.15524
 30
0.0
 10
-7.82072
 20
3.29352
 30
0.0
 10
-7.82072
 20
3.29352
 30
0.0
 10
-7.85671
 20
3.34856
 30
0.0
 10
-7.92797
 20
3.33516
 30
0.0
 10
-7.98371
 20
3.34432
 30
0.0
 10
-7.98371
 20
3.34432
 30
0.0
 10
-8.04651
 20
3.20993
 30
0.0
 10
-8.04791
 20
3.01625
 30
0.0
 10
-8.20243
 20
2.94886
 30
0.0
 10
-8.20243
 20
2.94886
 30
0.0
 10
-8.45291
 20
2.86773
 30
0.0
 10
-8.72172
 20
3.12737
 30
0.0
 10
-8.66633
 20
3.38067
 30
0.0
 10
-8.66633
 20
3.38067
 30
0.0
 10
-8.60001
 20
3.67982
 30
0.0
 10
-8.32237
 20
3.93876
 30
0.0
 10
-8.00805
 20
3.94124
 30
0.0
 10
-8.00805
 20
3.94124
 30
0.0
 10
-7.8246
 20
3.94794
 30
0.0
 10
-7.64504
 20
3.86503
 30
0.0
 10
-7.51628
 20
3.73698
 30
0.0
 10
-7.51628
 20
3.73698
 30
0.0
 10
-7.27463
 20
3.50097
 30
0.0
 10
-7.14903
 20
3.14077
 30
0.0
 10
-7.22207
 20
2.80704
 30
0.0
 10
-7.22207
 20
2.80704
 30
0.0
 10
-7.30815
 20
2.52482
 30
0.0
 10
-7.54345
 20
2.33045
 30
0.0
 10
-7.74841
 20
2.13359
 30
0.0
 10
-7.74841
 20
2.13359
 30
0.0
 10
-7.8299
 20
1.97872
 30
0.0
 10
-7.75864
 20
1.76354
 30
0.0
 10
-7.60942
 20
1.67181
 30
0.0
 10
-7.60942
 20
1.67181
 30
0.0
 10
-7.50147
 20
1.59843
 30
0.0
 10
-7.36458
 20
1.62136
 30
0.0
 10
-7.24252
 20
1.59914
 30
0.0
 10
-7.24252
 20
1.59914
 30
0.0
 10
-7.15892
 20
1.50142
 30
0.0
 10
-7.31943
 20
1.38465
 30
0.0
 10
-7.29614
 20
1.26717
 30
0.0
 10
-7.29614
 20
1.26717
 30
0.0
 10
-7.32542
 20
1.10771
 30
0.0
 10
-7.20054
 20
0.99094
 30
0.0
 10
-7.08166
 20
0.90981
 30
0.0
 10
-7.08166
 20
0.90981
 30
0.0
 10
-6.91868
 20
1.44992
 30
0.0
 10
-6.77862
 20
1.99672
 30
0.0
 10
-6.62199
 20
2.53858
 30
0.0
 10
-6.62199
 20
2.53858
 30
0.0
 10
-6.59377
 20
2.64724
 30
0.0
 10
-6.54507
 20
2.76153
 30
0.0
 10
-6.58283
 20
2.87372
 30
0.0
 10
-6.58283
 20
2.87372
 30
0.0
 10
-6.62975
 20
3.01308
 30
0.0
 10
-6.66608
 20
3.15595
 30
0.0
 10
-6.68019
 20
3.3027
 30
0.0
 10
-6.68019
 20
3.3027
 30
0.0
 10
-6.83718
 20
3.35033
 30
0.0
 10
-7.00334
 20
3.41241
 30
0.0
 10
-7.0993
 20
3.55423
 30
0.0
 10
-7.0993
 20
3.55423
 30
0.0
 10
-7.20619
 20
3.67946
 30
0.0
 10
-7.22558
 20
3.84703
 30
0.0
 10
-7.23688
 20
4.00473
 30
0.0
 10
-7.23688
 20
4.00473
 30
0.0
 10
-7.39069
 20
4.01389
 30
0.0
 10
-7.55261
 20
4.04142
 30
0.0
 10
-7.67503
 20
4.14197
 30
0.0
 10
-7.67503
 20
4.14197
 30
0.0
 10
-7.80555
 20
4.24003
 30
0.0
 10
-7.88353
 20
4.39032
 30
0.0
 10
-7.92021
 20
4.54659
 30
0.0
 10
-7.92021
 20
4.54659
 30
0.0
 10
-8.08073
 20
4.52049
 30
0.0
 10
-8.25358
 20
4.50566
 30
0.0
 10
-8.4021
 20
4.58611
 30
0.0
 10
-8.4021
 20
4.58611
 30
0.0
 10
-8.54922
 20
4.64643
 30
0.0
 10
-8.64658
 20
4.77697
 30
0.0
 10
-8.72348
 20
4.91031
 30
0.0
 10
-8.72348
 20
4.91031
 30
0.0
 10
-8.85613
 20
4.85916
 30
0.0
 10
-8.99336
 20
4.79918
 30
0.0
 10
-9.13906
 20
4.81717
 30
0.0
 10
-9.13906
 20
4.81717
 30
0.0
 10
-9.31721
 20
4.83059
 30
0.0
 10
-9.46396
 20
4.94135
 30
0.0
 10
-9.59202
 20
5.05636
 30
0.0
 10
-9.59202
 20
5.05636
 30
0.0
 10
-9.68903
 20
4.98686
 30
0.0
 10
-9.78958
 20
4.92159
 30
0.0
 10
-9.90035
 20
4.8768
 30
0.0
  0
SPLINE
  5
5E
330
1F
100
AcDbEntity
  8
Camada 1
 62
   156
100
AcDbSpline
210
0.0
220
0.0
230
1.0
 70
    11
 71
     3
 72
    24
 73
    20
 74
     0
 42
0.0000000001
 43
0.0000000001
 12
1.0
 22
0.0
 32
0.0
 13
1.0
 23
0.0
 33
0.0
 40
0.0
 40
0.0
 40
0.0
 40
0.0
 40
0.1666666666666667
 40
0.1666666666666667
 40
0.1666666666666667
 40
0.1666666666666667
 40
0.3333333333333333
 40
0.3333333333333333
 40
0.3333333333333333
 40
0.3333333333333333
 40
0.5
 40
0.5
 40
0.5
 40
0.5
 40
0.6666666666666666
 40
0.6666666666666666
 40
0.6666666666666666
 40
0.6666666666666666
 40
1.0
 40
1.0
 40
1.0
 40
1.0
 10
-7.30849
 20
4.87221
 30
0.0
 10
-7.30849
 20
4.87221
 30
0.0
 10
-7.30849
 20
4.87221
 30
0.0
 10
-7.30849
 20
4.87221
 30
0.0
 10
-7.30849
 20
4.87221
 30
0.0
 10
-7.36811
 20
4.80764
 30
0.0
 10
-7.33036
 20
4.72052
 30
0.0
 10
-7.31273
 20
4.6475
 30
0.0
 10
-7.31273
 20
4.6475
 30
0.0
 10
-7.2457
 20
4.63515
 30
0.0
 10
-7.17161
 20
4.58294
 30
0.0
 10
-7.10635
 20
4.62845
 30
0.0
 10
-7.10635
 20
4.62845
 30
0.0
 10
-6.99065
 20
4.67676
 30
0.0
 10
-6.99664
 20
4.87291
 30
0.0
 10
-7.10988
 20
4.92159
 30
0.0
 10
-7.10988
 20
4.92159
 30
0.0
 10
-7.17832
 20
4.93606
 30
0.0
 10
-7.26439
 20
4.93713
 30
0.0
 10
-7.30849
 20
4.87221
 30
0.0
  0
SPLINE
  5
5F
330
1F
100
AcDbEntity
  8
Camada 1
 62
   156
100
AcDbSpline
210
0.0
220
0.0
230
1.0
 70
    11
 71
     3
 72
    20
 73
    16
 74
     0
 42
0.0000000001
 43
0.0000000001
 12
1.0
 22
0.0
 32
0.0
 13
1.0
 23
0.0
 33
0.0
 40
0.0
 40
0.0
 40
0.0
 40
0.0
 40
0.2
 40
0.2
 40
0.2
 40
0.2
 40
0.4
 40
0.4
 40
0.4
 40
0.4
 40
0.6
 40
0.6
 40
0.6
 40
0.6
 40
1.0
 40
1.0
 40
1.0
 40
1.0
 10
-6.47522
 20
4.14901
 30
0.0
 10
-6.47522
 20
4.14901
 30
0.0
 10
-6.47522
 20
4.14901
 30
0.0
 10
-6.47522
 20
4.14901
 30
0.0
 10
-6.47522
 20
4.14901
 30
0.0
 10
-6.61282
 20
4.12537
 30
0.0
 10
-6.63645
 20
3.90806
 30
0.0
 10
-6.51333
 20
3.85268
 30
0.0
 10
-6.51333
 20
3.85268
 30
0.0
 10
-6.43643
 20
3.79906
 30
0.0
 10
-6.30943
 20
3.83857
 30
0.0
 10
-6.2858
 20
3.93171
 30
0.0
 10
-6.2858
 20
3.93171
 30
0.0
 10
-6.21875
 20
4.04705
 30
0.0
 10
-6.35706
 20
4.18499
 30
0.0
 10
-6.47522
 20
4.14901
 30
0.0
  0
SPLINE
  5
60
330
1F
100
AcDbEntity
  8
Camada 1
 62
   156
100
AcDbSpline
210
0.0
220
0.0
230
1.0
 70
    11
 71
     3
 72
    48
 73
    44
 74
     0
 42
0.0000000001
 43
0.0000000001
 12
1.0
 22
0.0
 32
0.0
 13
1.0
 23
0.0
 33
0.0
 40
0.0
 40
0.0
 40
0.0
 40
0.0
 40
0.0833333333333333
 40
0.0833333333333333
 40
0.0833333333333333
 40
0.0833333333333333
 40
0.1666666666666667
 40
0.1666666666666667
 40
0.1666666666666667
 40
0.1666666666666667
 40
0.25
 40
0.25
 40
0.25
 40
0.25
 40
0.3333333333333333
 40
0.3333333333333333
 40
0.3333333333333333
 40
0.3333333333333333
 40
0.4166666666666667
 40
0.4166666666666667
 40
0.4166666666666667
 40
0.4166666666666667
 40
0.5
 40
0.5
 40
0.5
 40
0.5
 40
0.5833333333333334
 40
0.5833333333333334
 40
0.5833333333333334
 40
0.5833333333333334
 40
0.6666666666666666
 40
0.6666666666666666
 40
0.6666666666666666
 40
0.6666666666666666
 40
0.75
 40
0.75
 40
0.75
 40
0.75
 40
0.8333333333333334
 40
0.8333333333333334
 40
0.8333333333333334
 40
0.8333333333333334
 40
1.0
 40
1.0
 40
1.0
 40
1.0
 10
0.06349
 20
3.82057
 30
0.0
 10
0.06349
 20
3.82057
 30
0.0
 10
0.06349
 20
3.82057
 30
0.0
 10
0.06349
 20
3.82057
 30
0.0
 10
0.06349
 20
3.82057
 30
0.0
 10
-0.02928
 20
3.57893
 30
0.0
 10
0.07691
 20
3.29106
 30
0.0
 10
0.27128
 20
3.1309
 30
0.0
 10
0.27128
 20
3.1309
 30
0.0
 10
0.44272
 20
2.99614
 30
0.0
 10
0.67062
 20
3.0741
 30
0.0
 10
0.85443
 20
3.13901
 30
0.0
 10
0.85443
 20
3.13901
 30
0.0
 10
1.14123
 20
3.25825
 30
0.0
 10
1.4478
 20
3.42723
 30
0.0
 10
1.56774
 20
3.73167
 30
0.0
 10
1.56774
 20
3.73167
 30
0.0
 10
1.47778
 20
3.72075
 30
0.0
 10
1.37125
 20
3.74156
 30
0.0
 10
1.29928
 20
3.67417
 30
0.0
 10
1.29928
 20
3.67417
 30
0.0
 10
1.16557
 20
3.56164
 30
0.0
 10
1.04422
 20
3.4311
 30
0.0
 10
0.8883
 20
3.34822
 30
0.0
 10
0.8883
 20
3.34822
 30
0.0
 10
0.756
 20
3.27377
 30
0.0
 10
0.58596
 20
3.21734
 30
0.0
 10
0.44343
 20
3.29776
 30
0.0
 10
0.44343
 20
3.29776
 30
0.0
 10
0.28575
 20
3.36937
 30
0.0
 10
0.21271
 20
3.59798
 30
0.0
 10
0.31574
 20
3.74049
 30
0.0
 10
0.31574
 20
3.74049
 30
0.0
 10
0.39582
 20
3.8421
 30
0.0
 10
0.55527
 20
3.77966
 30
0.0
 10
0.64311
 20
3.85726
 30
0.0
 10
0.64311
 20
3.85726
 30
0.0
 10
0.70167
 20
4.0153
 30
0.0
 10
0.50977
 20
4.16947
 30
0.0
 10
0.36054
 20
4.12855
 30
0.0
 10
0.36054
 20
4.12855
 30
0.0
 10
0.20954
 20
4.09434
 30
0.0
 10
0.1277
 20
3.94794
 30
0.0
 10
0.06349
 20
3.82057
 30
0.0
  0
SPLINE
  5
61
330
1F
100
AcDbEntity
  8
Camada 1
 62
   156
100
AcDbSpline
210
0.0
220
0.0
230
1.0
 70
    11
 71
     3
 72
    48
 73
    44
 74
     0
 42
0.0000000001
 43
0.0000000001
 12
1.0
 22
0.0
 32
0.0
 13
1.0
 23
0.0
 33
0.0
 40
0.0
 40
0.0
 40
0.0
 40
0.0
 40
0.0833333333333333
 40
0.0833333333333333
 40
0.0833333333333333
 40
0.0833333333333333
 40
0.1666666666666667
 40
0.1666666666666667
 40
0.1666666666666667
 40
0.1666666666666667
 40
0.25
 40
0.25
 40
0.25
 40
0.25
 40
0.3333333333333333
 40
0.3333333333333333
 40
0.3333333333333333
 40
0.3333333333333333
 40
0.4166666666666667
 40
0.4166666666666667
 40
0.4166666666666667
 40
0.4166666666666667
 40
0.5
 40
0.5
 40
0.5
 40
0.5
 40
0.5833333333333334
 40
0.5833333333333334
 40
0.5833333333333334
 40
0.5833333333333334
 40
0.6666666666666666
 40
0.6666666666666666
 40
0.6666666666666666
 40
0.6666666666666666
 40
0.75
 40
0.75
 40
0.75
 40
0.75
 40
0.8333333333333334
 40
0.8333333333333334
 40
0.8333333333333334
 40
0.8333333333333334
 40
1.0
 40
1.0
 40
1.0
 40
1.0
 10
9.7162
 20
3.93488
 30
0.0
 10
9.7162
 20
3.93488
 30
0.0
 10
9.7162
 20
3.93488
 30
0.0
 10
9.7162
 20
3.93488
 30
0.0
 10
9.7162
 20
3.93488
 30
0.0
 10
9.66152
 20
3.8555
 30
0.0
 10
9.68409
 20
3.75637
 30
0.0
 10
9.73137
 20
3.67982
 30
0.0
 10
9.73137
 20
3.67982
 30
0.0
 10
9.8425
 20
3.6971
 30
0.0
 10
9.95539
 20
3.75108
 30
0.0
 10
10.06863
 20
3.71897
 30
0.0
 10
10.06863
 20
3.71897
 30
0.0
 10
10.24607
 20
3.61068
 30
0.0
 10
10.25172
 20
3.30129
 30
0.0
 10
10.05204
 20
3.21168
 30
0.0
 10
10.05204
 20
3.21168
 30
0.0
 10
9.75359
 20
3.08222
 30
0.0
 10
9.43292
 20
3.22579
 30
0.0
 10
9.13659
 20
3.28999
 30
0.0
 10
9.13659
 20
3.28999
 30
0.0
 10
9.07486
 20
3.27518
 30
0.0
 10
9.02017
 20
3.24167
 30
0.0
 10
8.96479
 20
3.2131
 30
0.0
 10
8.96479
 20
3.2131
 30
0.0
 10
9.18316
 20
2.98874
 30
0.0
 10
9.51442
 20
2.96827
 30
0.0
 10
9.80863
 20
2.97215
 30
0.0
 10
9.80863
 20
2.97215
 30
0.0
 10
9.97761
 20
2.97602
 30
0.0
 10
10.17656
 20
2.97249
 30
0.0
 10
10.30216
 20
3.10479
 30
0.0
 10
10.30216
 20
3.10479
 30
0.0
 10
10.43834
 20
3.26495
 30
0.0
 10
10.45703
 20
3.50097
 30
0.0
 10
10.39459
 20
3.69569
 30
0.0
 10
10.39459
 20
3.69569
 30
0.0
 10
10.35049
 20
3.84598
 30
0.0
 10
10.21749
 20
3.94687
 30
0.0
 10
10.08661
 20
4.01954
 30
0.0
 10
10.08661
 20
4.01954
 30
0.0
 10
9.96562
 20
4.08057
 30
0.0
 10
9.78358
 20
4.06788
 30
0.0
 10
9.7162
 20
3.93488
 30
0.0
  0
SPLINE
  5
62
330
1F
100
AcDbEntity
  8
Camada 1
 62
   156
100
AcDbSpline
210
0.0
220
0.0
230
1.0
 70
    11
 71
     3
 72
    20
 73
    16
 74
     0
 42
0.0000000001
 43
0.0000000001
 12
1.0
 22
0.0
 32
0.0
 13
1.0
 23
0.0
 33
0.0
 40
0.0
 40
0.0
 40
0.0
 40
0.0
 40
0.2
 40
0.2
 40
0.2
 40
0.2
 40
0.4
 40
0.4
 40
0.4
 40
0.4
 40
0.6
 40
0.6
 40
0.6
 40
0.6
 40
1.0
 40
1.0
 40
1.0
 40
1.0
 10
2.41547
 20
3.89924
 30
0.0
 10
2.41547
 20
3.89924
 30
0.0
 10
2.41547
 20
3.89924
 30
0.0
 10
2.41547
 20
3.89924
 30
0.0
 10
2.41547
 20
3.89924
 30
0.0
 10
2.2987
 20
3.87278
 30
0.0
 10
2.26342
 20
3.69851
 30
0.0
 10
2.35338
 20
3.62338
 30
0.0
 10
2.35338
 20
3.62338
 30
0.0
 10
2.44264
 20
3.51472
 30
0.0
 10
2.66312
 20
3.59127
 30
0.0
 10
2.63735
 20
3.73909
 30
0.0
 10
2.63735
 20
3.73909
 30
0.0
 10
2.65394
 20
3.86221
 30
0.0
 10
2.52341
 20
3.9377
 30
0.0
 10
2.41547
 20
3.89924
 30
0.0
  0
SPLINE
  5
63
330
1F
100
AcDbEntity
  8
Camada 1
 62
   156
100
AcDbSpline
210
0.0
220
0.0
230
1.0
 70
    11
 71
     3
 72
    20
 73
    16
 74
     0
 42
0.0000000001
 43
0.0000000001
 12
1.0
 22
0.0
 32
0.0
 13
1.0
 23
0.0
 33
0.0
 40
0.0
 40
0.0
 40
0.0
 40
0.0
 40
0.2
 40
0.2
 40
0.2
 40
0.2
 40
0.4
 40
0.4
 40
0.4
 40
0.4
 40
0.6
 40
0.6
 40
0.6
 40
0.6
 40
1.0
 40
1.0
 40
1.0
 40
1.0
 10
-3.65266
 20
3.66077
 30
0.0
 10
-3.65266
 20
3.66077
 30
0.0
 10
-3.65266
 20
3.66077
 30
0.0
 10
-3.65266
 20
3.66077
 30
0.0
 10
-3.65266
 20
3.66077
 30
0.0
 10
-3.75673
 20
3.59833
 30
0.0
 10
-3.74156
 20
3.41841
 30
0.0
 10
-3.62444
 20
3.38067
 30
0.0
 10
-3.62444
 20
3.38067
 30
0.0
 10
-3.52354
 20
3.3334
 30
0.0
 10
-3.38701
 20
3.41029
 30
0.0
 10
-3.39831
 20
3.52777
 30
0.0
 10
-3.39831
 20
3.52777
 30
0.0
 10
-3.3842
 20
3.65865
 30
0.0
 10
-3.55423
 20
3.73345
 30
0.0
 10
-3.65266
 20
3.66077
 30
0.0
  0
SPLINE
  5
64
330
1F
100
AcDbEntity
  8
Camada 1
 62
   156
100
AcDbSpline
210
0.0
220
0.0
230
1.0
 70
    11
 71
     3
 72
    24
 73
    20
 74
     0
 42
0.0000000001
 43
0.0000000001
 12
1.0
 22
0.0
 32
0.0
 13
1.0
 23
0.0
 33
0.0
 40
0.0
 40
0.0
 40
0.0
 40
0.0
 40
0.1666666666666667
 40
0.1666666666666667
 40
0.1666666666666667
 40
0.1666666666666667
 40
0.3333333333333333
 40
0.3333333333333333
 40
0.3333333333333333
 40
0.3333333333333333
 40
0.5
 40
0.5
 40
0.5
 40
0.5
 40
0.6666666666666666
 40
0.6666666666666666
 40
0.6666666666666666
 40
0.6666666666666666
 40
1.0
 40
1.0
 40
1.0
 40
1.0
 10
-4.70217
 20
3.57363
 30
0.0
 10
-4.70217
 20
3.57363
 30
0.0
 10
-4.70217
 20
3.57363
 30
0.0
 10
-4.70217
 20
3.57363
 30
0.0
 10
-4.70217
 20
3.57363
 30
0.0
 10
-4.71487
 20
3.50801
 30
0.0
 10
-4.76532
 20
3.43217
 30
0.0
 10
-4.7184
 20
3.36902
 30
0.0
 10
-4.7184
 20
3.36902
 30
0.0
 10
-4.67783
 20
3.28789
 30
0.0
 10
-4.57904
 20
3.27447
 30
0.0
 10
-4.50003
 20
3.29917
 30
0.0
 10
-4.50003
 20
3.29917
 30
0.0
 10
-4.38996
 20
3.3535
 30
0.0
 10
-4.38855
 20
3.53165
 30
0.0
 10
-4.49862
 20
3.58739
 30
0.0
 10
-4.49862
 20
3.58739
 30
0.0
 10
-4.55999
 20
3.63607
 30
0.0
 10
-4.63656
 20
3.58281
 30
0.0
 10
-4.70217
 20
3.57363
 30
0.0
  0
SPLINE
  5
65
330
1F
100
AcDbEntity
  8
Camada 1
 62
   156
100
AcDbSpline
210
0.0
220
0.0
230
1.0
 70
    11
 71
     3
 72
    20
 73
    16
 74
     0
 42
0.0000000001
 43
0.0000000001
 12
1.0
 22
0.0
 32
0.0
 13
1.0
 23
0.0
 33
0.0
 40
0.0
 40
0.0
 40
0.0
 40
0.0
 40
0.2
 40
0.2
 40
0.2
 40
0.2
 40
0.4
 40
0.4
 40
0.4
 40
0.4
 40
0.6
 40
0.6
 40
0.6
 40
0.6
 40
1.0
 40
1.0
 40
1.0
 40
1.0
 10
-2.62573
 20
3.47873
 30
0.0
 10
-2.62573
 20
3.47873
 30
0.0
 10
-2.62573
 20
3.47873
 30
0.0
 10
-2.62573
 20
3.47873
 30
0.0
 10
-2.62573
 20
3.47873
 30
0.0
 10
-2.72696
 20
3.39936
 30
0.0
 10
-2.68076
 20
3.19088
 30
0.0
 10
-2.54
 20
3.19158
 30
0.0
 10
-2.54
 20
3.19158
 30
0.0
 10
-2.41406
 20
3.16618
 30
0.0
 10
-2.30328
 20
3.32809
 30
0.0
 10
-2.3809
 20
3.43393
 30
0.0
 10
-2.3809
 20
3.43393
 30
0.0
 10
-2.42252
 20
3.52354
 30
0.0
 10
-2.55447
 20
3.53659
 30
0.0
 10
-2.62573
 20
3.47873
 30
0.0
  0
SPLINE
  5
66
330
1F
100
AcDbEntity
  8
Camada 1
 62
   156
100
AcDbSpline
210
0.0
220
0.0
230
1.0
 70
    11
 71
     3
 72
    20
 73
    16
 74
     0
 42
0.0000000001
 43
0.0000000001
 12
1.0
 22
0.0
 32
0.0
 13
1.0
 23
0.0
 33
0.0
 40
0.0
 40
0.0
 40
0.0
 40
0.0
 40
0.2
 40
0.2
 40
0.2
 40
0.2
 40
0.4
 40
0.4
 40
0.4
 40
0.4
 40
0.6
 40
0.6
 40
0.6
 40
0.6
 40
1.0
 40
1.0
 40
1.0
 40
1.0
 10
7.95479
 20
3.19687
 30
0.0
 10
7.95479
 20
3.19687
 30
0.0
 10
7.95479
 20
3.19687
 30
0.0
 10
7.95479
 20
3.19687
 30
0.0
 10
7.95479
 20
3.19687
 30
0.0
 10
7.79356
 20
3.1563
 30
0.0
 10
7.82637
 20
2.8956
 30
0.0
 10
7.98371
 20
2.87372
 30
0.0
 10
7.98371
 20
2.87372
 30
0.0
 10
8.12658
 20
2.83632
 30
0.0
 10
8.25958
 20
3.02753
 30
0.0
 10
8.15233
 20
3.14006
 30
0.0
 10
8.15233
 20
3.14006
 30
0.0
 10
8.11354
 20
3.21344
 30
0.0
 10
8.02498
 20
3.21062
 30
0.0
 10
7.95479
 20
3.19687
 30
0.0
  0
SPLINE
  5
67
330
1F
100
AcDbEntity
  8
Camada 1
 62
   156
100
AcDbSpline
210
0.0
220
0.0
230
1.0
 70
    11
 71
     3
 72
    20
 73
    16
 74
     0
 42
0.0000000001
 43
0.0000000001
 12
1.0
 22
0.0
 32
0.0
 13
1.0
 23
0.0
 33
0.0
 40
0.0
 40
0.0
 40
0.0
 40
0.0
 40
0.2
 40
0.2
 40
0.2
 40
0.2
 40
0.4
 40
0.4
 40
0.4
 40
0.4
 40
0.6
 40
0.6
 40
0.6
 40
0.6
 40
1.0
 40
1.0
 40
1.0
 40
1.0
 10
-5.56365
 20
3.14749
 30
0.0
 10
-5.56365
 20
3.14749
 30
0.0
 10
-5.56365
 20
3.14749
 30
0.0
 10
-5.56365
 20
3.14749
 30
0.0
 10
-5.56365
 20
3.14749
 30
0.0
 10
-5.66278
 20
3.11431
 30
0.0
 10
-5.69241
 20
2.99049
 30
0.0
 10
-5.63845
 20
2.90688
 30
0.0
 10
-5.63845
 20
2.90688
 30
0.0
 10
-5.57283
 20
2.7887
 30
0.0
 10
-5.35622
 20
2.82468
 30
0.0
 10
-5.34528
 20
2.96686
 30
0.0
 10
-5.34528
 20
2.96686
 30
0.0
 10
-5.31142
 20
3.09033
 30
0.0
 10
-5.45076
 20
3.19758
 30
0.0
 10
-5.56365
 20
3.14749
 30
0.0
  0
SPLINE
  5
68
330
1F
100
AcDbEntity
  8
Camada 1
 62
   156
100
AcDbSpline
210
0.0
220
0.0
230
1.0
 70
    11
 71
     3
 72
    20
 73
    16
 74
     0
 42
0.0000000001
 43
0.0000000001
 12
1.0
 22
0.0
 32
0.0
 13
1.0
 23
0.0
 33
0.0
 40
0.0
 40
0.0
 40
0.0
 40
0.0
 40
0.2
 40
0.2
 40
0.2
 40
0.2
 40
0.4
 40
0.4
 40
0.4
 40
0.4
 40
0.6
 40
0.6
 40
0.6
 40
0.6
 40
1.0
 40
1.0
 40
1.0
 40
1.0
 10
-1.64641
 20
3.06882
 30
0.0
 10
-1.64641
 20
3.06882
 30
0.0
 10
-1.64641
 20
3.06882
 30
0.0
 10
-1.64641
 20
3.06882
 30
0.0
 10
-1.64641
 20
3.06882
 30
0.0
 10
-1.73637
 20
3.01201
 30
0.0
 10
-1.748
 20
2.84268
 30
0.0
 10
-1.64358
 20
2.79259
 30
0.0
 10
-1.64358
 20
2.79259
 30
0.0
 10
-1.5441
 20
2.72167
 30
0.0
 10
-1.3864
 20
2.80353
 30
0.0
 10
-1.39629
 20
2.92805
 30
0.0
 10
-1.39629
 20
2.92805
 30
0.0
 10
-1.38782
 20
3.05364
 30
0.0
 10
-1.54269
 20
3.13443
 30
0.0
 10
-1.64641
 20
3.06882
 30
0.0
  0
SPLINE
  5
69
330
1F
100
AcDbEntity
  8
Camada 1
 62
   156
100
AcDbSpline
210
0.0
220
0.0
230
1.0
 70
    11
 71
     3
 72
   188
 73
   184
 74
     0
 42
0.0000000001
 43
0.0000000001
 12
1.0
 22
0.0
 32
0.0
 13
1.0
 23
0.0
 33
0.0
 40
0.0
 40
0.0
 40
0.0
 40
0.0
 40
0.0212765957446809
 40
0.0212765957446809
 40
0.0212765957446809
 40
0.0212765957446809
 40
0.0425531914893617
 40
0.0425531914893617
 40
0.0425531914893617
 40
0.0425531914893617
 40
0.0638297872340425
 40
0.0638297872340425
 40
0.0638297872340425
 40
0.0638297872340425
 40
0.0851063829787234
 40
0.0851063829787234
 40
0.0851063829787234
 40
0.0851063829787234
 40
0.1063829787234043
 40
0.1063829787234043
 40
0.1063829787234043
 40
0.1063829787234043
 40
0.1276595744680851
 40
0.1276595744680851
 40
0.1276595744680851
 40
0.1276595744680851
 40
0.148936170212766
 40
0.148936170212766
 40
0.148936170212766
 40
0.148936170212766
 40
0.1702127659574468
 40
0.1702127659574468
 40
0.1702127659574468
 40
0.1702127659574468
 40
0.1914893617021277
 40
0.1914893617021277
 40
0.1914893617021277
 40
0.1914893617021277
 40
0.2127659574468085
 40
0.2127659574468085
 40
0.2127659574468085
 40
0.2127659574468085
 40
0.2340425531914894
 40
0.2340425531914894
 40
0.2340425531914894
 40
0.2340425531914894
 40
0.2553191489361702
 40
0.2553191489361702
 40
0.2553191489361702
 40
0.2553191489361702
 40
0.2765957446808511
 40
0.2765957446808511
 40
0.2765957446808511
 40
0.2765957446808511
 40
0.2978723404255319
 40
0.2978723404255319
 40
0.2978723404255319
 40
0.2978723404255319
 40
0.3191489361702128
 40
0.3191489361702128
 40
0.3191489361702128
 40
0.3191489361702128
 40
0.3404255319148936
 40
0.3404255319148936
 40
0.3404255319148936
 40
0.3404255319148936
 40
0.3617021276595745
 40
0.3617021276595745
 40
0.3617021276595745
 40
0.3617021276595745
 40
0.3829787234042553
 40
0.3829787234042553
 40
0.3829787234042553
 40
0.3829787234042553
 40
0.4042553191489361
 40
0.4042553191489361
 40
0.4042553191489361
 40
0.4042553191489361
 40
0.425531914893617
 40
0.425531914893617
 40
0.425531914893617
 40
0.425531914893617
 40
0.4468085106382979
 40
0.4468085106382979
 40
0.4468085106382979
 40
0.4468085106382979
 40
0.4680851063829787
 40
0.4680851063829787
 40
0.4680851063829787
 40
0.4680851063829787
 40
0.4893617021276596
 40
0.4893617021276596
 40
0.4893617021276596
 40
0.4893617021276596
 40
0.5106382978723404
 40
0.5106382978723404
 40
0.5106382978723404
 40
0.5106382978723404
 40
0.5319148936170213
 40
0.5319148936170213
 40
0.5319148936170213
 40
0.5319148936170213
 40
0.5531914893617021
 40
0.5531914893617021
 40
0.5531914893617021
 40
0.5531914893617021
 40
0.574468085106383
 40
0.574468085106383
 40
0.574468085106383
 40
0.574468085106383
 40
0.5957446808510638
 40
0.5957446808510638
 40
0.5957446808510638
 40
0.5957446808510638
 40
0.6170212765957447
 40
0.6170212765957447
 40
0.6170212765957447
 40
0.6170212765957447
 40
0.6382978723404256
 40
0.6382978723404256
 40
0.6382978723404256
 40
0.6382978723404256
 40
0.6595744680851063
 40
0.6595744680851063
 40
0.6595744680851063
 40
0.6595744680851063
 40
0.6808510638297872
 40
0.6808510638297872
 40
0.6808510638297872
 40
0.6808510638297872
 40
0.7021276595744681
 40
0.7021276595744681
 40
0.7021276595744681
 40
0.7021276595744681
 40
0.723404255319149
 40
0.723404255319149
 40
0.723404255319149
 40
0.723404255319149
 40
0.7446808510638298
 40
0.7446808510638298
 40
0.7446808510638298
 40
0.7446808510638298
 40
0.7659574468085106
 40
0.7659574468085106
 40
0.7659574468085106
 40
0.7659574468085106
 40
0.7872340425531915
 40
0.7872340425531915
 40
0.7872340425531915
 40
0.7872340425531915
 40
0.8085106382978723
 40
0.8085106382978723
 40
0.8085106382978723
 40
0.8085106382978723
 40
0.8297872340425532
 40
0.8297872340425532
 40
0.8297872340425532
 40
0.8297872340425532
 40
0.851063829787234
 40
0.851063829787234
 40
0.851063829787234
 40
0.851063829787234
 40
0.8723404255319149
 40
0.8723404255319149
 40
0.8723404255319149
 40
0.8723404255319149
 40
0.8936170212765957
 40
0.8936170212765957
 40
0.8936170212765957
 40
0.8936170212765957
 40
0.9148936170212766
 40
0.9148936170212766
 40
0.9148936170212766
 40
0.9148936170212766
 40
0.9361702127659575
 40
0.9361702127659575
 40
0.9361702127659575
 40
0.9361702127659575
 40
0.9574468085106383
 40
0.9574468085106383
 40
0.9574468085106383
 40
0.9574468085106383
 40
1.0
 40
1.0
 40
1.0
 40
1.0
 10
-4.34481
 20
2.54952
 30
0.0
 10
-4.34481
 20
2.54952
 30
0.0
 10
-4.34481
 20
2.54952
 30
0.0
 10
-4.34481
 20
2.54952
 30
0.0
 10
-4.34481
 20
2.54952
 30
0.0
 10
-4.30035
 20
2.40841
 30
0.0
 10
-4.25414
 20
2.26554
 30
0.0
 10
-4.17512
 20
2.13924
 30
0.0
 10
-4.17512
 20
2.13924
 30
0.0
 10
-4.11302
 20
2.04152
 30
0.0
 10
-3.9945
 20
2.01117
 30
0.0
 10
-3.89149
 20
1.9766
 30
0.0
 10
-3.89149
 20
1.9766
 30
0.0
 10
-3.88902
 20
2.09091
 30
0.0
 10
-3.92499
 20
2.21085
 30
0.0
 10
-3.88584
 20
2.32127
 30
0.0
 10
-3.88584
 20
2.32127
 30
0.0
 10
-3.79623
 20
2.47614
 30
0.0
 10
-3.58916
 20
2.51249
 30
0.0
 10
-3.42759
 20
2.4712
 30
0.0
 10
-3.42759
 20
2.4712
 30
0.0
 10
-3.13619
 20
2.37525
 30
0.0
 10
-3.07233
 20
1.95686
 30
0.0
 10
-3.24696
 20
1.73036
 30
0.0
 10
-3.24696
 20
1.73036
 30
0.0
 10
-3.54047
 20
1.36384
 30
0.0
 10
-4.16382
 20
1.29117
 30
0.0
 10
-4.5032
 20
1.63476
 30
0.0
 10
-4.5032
 20
1.63476
 30
0.0
 10
-4.76956
 20
1.86513
 30
0.0
 10
-4.86692
 20
2.21721
 30
0.0
 10
-4.92195
 20
2.55164
 30
0.0
 10
-4.92195
 20
2.55164
 30
0.0
 10
-5.03624
 20
2.45568
 30
0.0
 10
-5.14032
 20
2.34138
 30
0.0
 10
-5.27967
 20
2.28141
 30
0.0
 10
-5.27967
 20
2.28141
 30
0.0
 10
-5.41301
 20
2.23061
 30
0.0
 10
-5.55871
 20
2.23343
 30
0.0
 10
-5.69806
 20
2.21085
 30
0.0
 10
-5.69806
 20
2.21085
 30
0.0
 10
-5.83847
 20
1.66582
 30
0.0
 10
-5.9951
 20
1.12465
 30
0.0
 10
-6.12668
 20
0.5775
 30
0.0
 10
-6.12668
 20
0.5775
 30
0.0
 10
-6.04131
 20
0.5909
 30
0.0
 10
-5.94783
 20
0.60113
 30
0.0
 10
-5.88044
 20
0.66145
 30
0.0
 10
-5.88044
 20
0.66145
 30
0.0
 10
-5.76896
 20
0.7507
 30
0.0
 10
-5.75734
 20
0.90311
 30
0.0
 10
-5.70512
 20
1.02622
 30
0.0
 10
-5.70512
 20
1.02622
 30
0.0
 10
-5.54496
 20
0.98953
 30
0.0
 10
-5.43877
 20
0.81033
 30
0.0
 10
-5.25744
 20
0.84983
 30
0.0
 10
-5.25744
 20
0.84983
 30
0.0
 10
-5.0627
 20
0.84949
 30
0.0
 10
-4.96851
 20
1.04174
 30
0.0
 10
-4.89584
 20
1.19203
 30
0.0
 10
-4.89584
 20
1.19203
 30
0.0
 10
-4.77237
 20
1.15464
 30
0.0
 10
-4.71664
 20
1.02376
 30
0.0
 10
-4.60445
 20
0.96801
 30
0.0
 10
-4.60445
 20
0.96801
 30
0.0
 10
-4.46158
 20
0.89252
 30
0.0
 10
-4.27002
 20
0.93591
 30
0.0
 10
-4.17159
 20
1.06398
 30
0.0
 10
-4.17159
 20
1.06398
 30
0.0
 10
-4.11833
 20
1.1109
 30
0.0
 10
-4.08128
 20
1.21603
 30
0.0
 10
-3.9945
 20
1.17827
 30
0.0
 10
-3.9945
 20
1.17827
 30
0.0
 10
-3.91688
 20
1.04422
 30
0.0
 10
-3.83399
 20
0.87629
 30
0.0
 10
-3.65901
 20
0.85972
 30
0.0
 10
-3.65901
 20
0.85972
 30
0.0
 10
-3.4752
 20
0.81986
 30
0.0
 10
-3.3461
 20
0.97579
 30
0.0
 10
-3.20498
 20
1.06009
 30
0.0
 10
-3.20498
 20
1.06009
 30
0.0
 10
-3.12632
 20
0.9218
 30
0.0
 10
-3.10091
 20
0.73201
 30
0.0
 10
-2.93722
 20
0.66286
 30
0.0
 10
-2.93722
 20
0.66286
 30
0.0
 10
-2.77741
 20
0.57009
 30
0.0
 10
-2.60385
 20
0.67168
 30
0.0
 10
-2.46591
 20
0.75564
 30
0.0
 10
-2.46591
 20
0.75564
 30
0.0
 10
-2.44792
 20
0.74577
 30
0.0
 10
-2.41194
 20
0.72565
 30
0.0
 10
-2.39394
 20
0.71578
 30
0.0
 10
-2.39394
 20
0.71578
 30
0.0
 10
-2.38478
 20
0.63112
 30
0.0
 10
-2.37172
 20
0.5468
 30
0.0
 10
-2.34421
 20
0.46601
 30
0.0
 10
-2.34421
 20
0.46601
 30
0.0
 10
-2.23131
 20
0.54151
 30
0.0
 10
-2.11384
 20
0.61665
 30
0.0
 10
-2.02917
 20
0.72495
 30
0.0
 10
-2.02917
 20
0.72495
 30
0.0
 10
-1.93216
 20
0.87136
 30
0.0
 10
-1.88241
 20
1.07138
 30
0.0
 10
-1.97309
 20
1.2326
 30
0.0
 10
-1.97309
 20
1.2326
 30
0.0
 10
-2.02035
 20
1.33419
 30
0.0
 10
-2.13289
 20
1.37337
 30
0.0
 10
-2.23061
 20
1.40864
 30
0.0
 10
-2.23061
 20
1.40864
 30
0.0
 10
-2.31846
 20
1.27916
 30
0.0
 10
-2.27858
 20
1.09714
 30
0.0
 10
-2.39182
 20
0.98283
 30
0.0
 10
-2.39182
 20
0.98283
 30
0.0
 10
-2.52801
 20
0.87665
 30
0.0
 10
-2.75201
 20
0.87241
 30
0.0
 10
-2.86278
 20
1.01881
 30
0.0
 10
-2.86278
 20
1.01881
 30
0.0
 10
-2.9972
 20
1.18145
 30
0.0
 10
-2.94357
 20
1.41076
 30
0.0
 10
-2.85925
 20
1.58362
 30
0.0
 10
-2.85925
 20
1.58362
 30
0.0
 10
-2.73967
 20
1.86336
 30
0.0
 10
-2.40135
 20
2.026
 30
0.0
 10
-2.10889
 20
1.94062
 30
0.0
 10
-2.10889
 20
1.94062
 30
0.0
 10
-1.74378
 20
1.83797
 30
0.0
 10
-1.45308
 20
1.50388
 30
0.0
 10
-1.39381
 20
1.13064
 30
0.0
 10
-1.39381
 20
1.13064
 30
0.0
 10
-1.36877
 20
0.81455
 30
0.0
 10
-1.53034
 20
0.52528
 30
0.0
 10
-1.66792
 20
0.25259
 30
0.0
 10
-1.66792
 20
0.25259
 30
0.0
 10
-1.75682
 20
0.09102
 30
0.0
 10
-1.68909
 20
-0.13263
 30
0.0
 10
-1.52858
 20
-0.22224
 30
0.0
 10
-1.52858
 20
-0.22224
 30
0.0
 10
-1.45167
 20
-0.27515
 30
0.0
 10
-1.35573
 20
-0.26423
 30
0.0
 10
-1.26753
 20
-0.2674
 30
0.0
 10
-1.26753
 20
-0.2674
 30
0.0
 10
-1.17722
 20
0.1598
 30
0.0
 10
-1.07068
 20
0.58349
 30
0.0
 10
-0.96273
 20
1.00646
 30
0.0
 10
-0.96273
 20
1.00646
 30
0.0
 10
-0.91968
 20
1.15817
 30
0.0
 10
-0.95849
 20
1.31655
 30
0.0
 10
-0.94402
 20
1.47109
 30
0.0
 10
-0.94402
 20
1.47109
 30
0.0
 10
-1.08584
 20
1.50812
 30
0.0
 10
-1.23718
 20
1.54552
 30
0.0
 10
-1.34267
 20
1.65522
 30
0.0
 10
-1.34267
 20
1.65522
 30
0.0
 10
-1.47319
 20
1.766
 30
0.0
 10
-1.52152
 20
1.93852
 30
0.0
 10
-1.54199
 20
2.10219
 30
0.0
 10
-1.54199
 20
2.10219
 30
0.0
 10
-1.70074
 20
2.09091
 30
0.0
 10
-1.87077
 20
2.09797
 30
0.0
 10
-2.00625
 20
2.19216
 30
0.0
 10
-2.00625
 20
2.19216
 30
0.0
 10
-2.141
 20
2.27188
 30
0.0
 10
-2.22144
 20
2.41229
 30
0.0
 10
-2.28318
 20
2.55128
 30
0.0
 10
-2.28318
 20
2.55128
 30
0.0
 10
-2.4278
 20
2.50437
 30
0.0
 10
-2.5855
 20
2.4585
 30
0.0
 10
-2.73507
 20
2.51319
 30
0.0
 10
-2.73507
 20
2.51319
 30
0.0
 10
-2.8963
 20
2.54847
 30
0.0
 10
-3.01025
 20
2.67582
 30
0.0
 10
-3.11221
 20
2.7961
 30
0.0
 10
-3.11221
 20
2.7961
 30
0.0
 10
-3.24767
 20
2.71322
 30
0.0
 10
-3.3976
 20
2.63418
 30
0.0
 10
-3.562
 20
2.64971
 30
0.0
 10
-3.562
 20
2.64971
 30
0.0
 10
-3.72215
 20
2.64829
 30
0.0
 10
-3.86221
 20
2.73473
 30
0.0
 10
-3.98638
 20
2.82645
 30
0.0
 10
-3.98638
 20
2.82645
 30
0.0
 10
-4.08552
 20
2.71003
 30
0.0
 10
-4.20792
 20
2.61725
 30
0.0
 10
-4.34481
 20
2.54952
 30
0.0
  0
SPLINE
  5
6A
330
1F
100
AcDbEntity
  8
Camada 1
 62
   156
100
AcDbSpline
210
0.0
220
0.0
230
1.0
 70
    11
 71
     3
 72
    20
 73
    16
 74
     0
 42
0.0000000001
 43
0.0000000001
 12
1.0
 22
0.0
 32
0.0
 13
1.0
 23
0.0
 33
0.0
 40
0.0
 40
0.0
 40
0.0
 40
0.0
 40
0.2
 40
0.2
 40
0.2
 40
0.2
 40
0.4
 40
0.4
 40
0.4
 40
0.4
 40
0.6
 40
0.6
 40
0.6
 40
0.6
 40
1.0
 40
1.0
 40
1.0
 40
1.0
 10
-0.93873
 20
2.34138
 30
0.0
 10
-0.93873
 20
2.34138
 30
0.0
 10
-0.93873
 20
2.34138
 30
0.0
 10
-0.93873
 20
2.34138
 30
0.0
 10
-0.93873
 20
2.34138
 30
0.0
 10
-0.95074
 20
2.24542
 30
0.0
 10
-0.95496
 20
2.11349
 30
0.0
 10
-0.83326
 20
2.08986
 30
0.0
 10
-0.83326
 20
2.08986
 30
0.0
 10
-0.69037
 20
2.03941
 30
0.0
 10
-0.56161
 20
2.22179
 30
0.0
 10
-0.65687
 20
2.33961
 30
0.0
 10
-0.65687
 20
2.33961
 30
0.0
 10
-0.72813
 20
2.44157
 30
0.0
 10
-0.85619
 20
2.40736
 30
0.0
 10
-0.93873
 20
2.34138
 30
0.0
  0
SPLINE
  5
6B
330
1F
100
AcDbEntity
  8
Camada 1
 62
   156
100
AcDbSpline
210
0.0
220
0.0
230
1.0
 70
    11
 71
     3
 72
    20
 73
    16
 74
     0
 42
0.0000000001
 43
0.0000000001
 12
1.0
 22
0.0
 32
0.0
 13
1.0
 23
0.0
 33
0.0
 40
0.0
 40
0.0
 40
0.0
 40
0.0
 40
0.2
 40
0.2
 40
0.2
 40
0.2
 40
0.4
 40
0.4
 40
0.4
 40
0.4
 40
0.6
 40
0.6
 40
0.6
 40
0.6
 40
1.0
 40
1.0
 40
1.0
 40
1.0
 10
2.02847
 20
2.31386
 30
0.0
 10
2.02847
 20
2.31386
 30
0.0
 10
2.02847
 20
2.31386
 30
0.0
 10
2.02847
 20
2.31386
 30
0.0
 10
2.02847
 20
2.31386
 30
0.0
 10
1.90465
 20
2.27999
 30
0.0
 10
1.88207
 20
2.08808
 30
0.0
 10
1.99565
 20
2.02388
 30
0.0
 10
1.99565
 20
2.02388
 30
0.0
 10
2.10078
 20
1.9371
 30
0.0
 10
2.274
 20
2.05846
 30
0.0
 10
2.24225
 20
2.18617
 30
0.0
 10
2.24225
 20
2.18617
 30
0.0
 10
2.2472
 20
2.29376
 30
0.0
 10
2.11701
 20
2.33927
 30
0.0
 10
2.02847
 20
2.31386
 30
0.0
  0
SPLINE
  5
6C
330
1F
100
AcDbEntity
  8
Camada 1
 62
   156
100
AcDbSpline
210
0.0
220
0.0
230
1.0
 70
    11
 71
     3
 72
    20
 73
    16
 74
     0
 42
0.0000000001
 43
0.0000000001
 12
1.0
 22
0.0
 32
0.0
 13
1.0
 23
0.0
 33
0.0
 40
0.0
 40
0.0
 40
0.0
 40
0.0
 40
0.2
 40
0.2
 40
0.2
 40
0.2
 40
0.4
 40
0.4
 40
0.4
 40
0.4
 40
0.6
 40
0.6
 40
0.6
 40
0.6
 40
1.0
 40
1.0
 40
1.0
 40
1.0
 10
3.01907
 20
2.31104
 30
0.0
 10
3.01907
 20
2.31104
 30
0.0
 10
3.01907
 20
2.31104
 30
0.0
 10
3.01907
 20
2.31104
 30
0.0
 10
3.01907
 20
2.31104
 30
0.0
 10
2.93511
 20
2.28282
 30
0.0
 10
2.8843
 20
2.17487
 30
0.0
 10
2.93122
 20
2.09373
 30
0.0
 10
2.93122
 20
2.09373
 30
0.0
 10
2.98097
 20
1.95297
 30
0.0
 10
3.21875
 20
1.9752
 30
0.0
 10
3.23427
 20
2.12689
 30
0.0
 10
3.23427
 20
2.12689
 30
0.0
 10
3.27166
 20
2.25319
 30
0.0
 10
3.13513
 20
2.35691
 30
0.0
 10
3.01907
 20
2.31104
 30
0.0
  0
SPLINE
  5
6D
330
1F
100
AcDbEntity
  8
Camada 1
 62
   156
100
AcDbSpline
210
0.0
220
0.0
230
1.0
 70
    11
 71
     3
 72
    24
 73
    20
 74
     0
 42
0.0000000001
 43
0.0000000001
 12
1.0
 22
0.0
 32
0.0
 13
1.0
 23
0.0
 33
0.0
 40
0.0
 40
0.0
 40
0.0
 40
0.0
 40
0.1666666666666667
 40
0.1666666666666667
 40
0.1666666666666667
 40
0.1666666666666667
 40
0.3333333333333333
 40
0.3333333333333333
 40
0.3333333333333333
 40
0.3333333333333333
 40
0.5
 40
0.5
 40
0.5
 40
0.5
 40
0.6666666666666666
 40
0.6666666666666666
 40
0.6666666666666666
 40
0.6666666666666666
 40
1.0
 40
1.0
 40
1.0
 40
1.0
 10
3.97544
 20
2.01824
 30
0.0
 10
3.97544
 20
2.01824
 30
0.0
 10
3.97544
 20
2.01824
 30
0.0
 10
3.97544
 20
2.01824
 30
0.0
 10
3.97544
 20
2.01824
 30
0.0
 10
3.9638
 20
1.94522
 30
0.0
 10
3.93312
 20
1.86195
 30
0.0
 10
3.98039
 20
1.79458
 30
0.0
 10
3.98039
 20
1.79458
 30
0.0
 10
4.03436
 20
1.72966
 30
0.0
 10
4.13103
 20
1.7272
 30
0.0
 10
4.20475
 20
1.75506
 30
0.0
 10
4.20475
 20
1.75506
 30
0.0
 10
4.26895
 20
1.81363
 30
0.0
 10
4.30705
 20
1.90853
 30
0.0
 10
4.2478
 20
1.98508
 30
0.0
 10
4.2478
 20
1.98508
 30
0.0
 10
4.18853
 20
2.08455
 30
0.0
 10
4.064
 20
2.05281
 30
0.0
 10
3.97544
 20
2.01824
 30
0.0
  0
SPLINE
  5
6E
330
1F
100
AcDbEntity
  8
Camada 1
 62
   156
100
AcDbSpline
210
0.0
220
0.0
230
1.0
 70
    11
 71
     3
 72
    20
 73
    16
 74
     0
 42
0.0000000001
 43
0.0000000001
 12
1.0
 22
0.0
 32
0.0
 13
1.0
 23
0.0
 33
0.0
 40
0.0
 40
0.0
 40
0.0
 40
0.0
 40
0.2
 40
0.2
 40
0.2
 40
0.2
 40
0.4
 40
0.4
 40
0.4
 40
0.4
 40
0.6
 40
0.6
 40
0.6
 40
0.6
 40
1.0
 40
1.0
 40
1.0
 40
1.0
 10
1.03928
 20
2.00235
 30
0.0
 10
1.03928
 20
2.00235
 30
0.0
 10
1.03928
 20
2.00235
 30
0.0
 10
1.03928
 20
2.00235
 30
0.0
 10
1.03928
 20
2.00235
 30
0.0
 10
0.89923
 20
1.95686
 30
0.0
 10
0.92109
 20
1.7152
 30
0.0
 10
1.06856
 20
1.70074
 30
0.0
 10
1.06856
 20
1.70074
 30
0.0
 10
1.17086
 20
1.67111
 30
0.0
 10
1.28198
 20
1.75753
 30
0.0
 10
1.26646
 20
1.86619
 30
0.0
 10
1.26646
 20
1.86619
 30
0.0
 10
1.27494
 20
1.97731
 30
0.0
 10
1.13276
 20
2.05705
 30
0.0
 10
1.03928
 20
2.00235
 30
0.0
  0
SPLINE
  5
6F
330
1F
100
AcDbEntity
  8
Camada 1
 62
   156
100
AcDbSpline
210
0.0
220
0.0
230
1.0
 70
    11
 71
     3
 72
    20
 73
    16
 74
     0
 42
0.0000000001
 43
0.0000000001
 12
1.0
 22
0.0
 32
0.0
 13
1.0
 23
0.0
 33
0.0
 40
0.0
 40
0.0
 40
0.0
 40
0.0
 40
0.2
 40
0.2
 40
0.2
 40
0.2
 40
0.4
 40
0.4
 40
0.4
 40
0.4
 40
0.6
 40
0.6
 40
0.6
 40
0.6
 40
1.0
 40
1.0
 40
1.0
 40
1.0
 10
8.95631
 20
1.90958
 30
0.0
 10
8.95631
 20
1.90958
 30
0.0
 10
8.95631
 20
1.90958
 30
0.0
 10
8.95631
 20
1.90958
 30
0.0
 10
8.95631
 20
1.90958
 30
0.0
 10
8.86882
 20
1.8408
 30
0.0
 10
8.91892
 20
1.72895
 30
0.0
 10
8.95631
 20
1.64818
 30
0.0
 10
8.95631
 20
1.64818
 30
0.0
 10
9.06073
 20
1.62136
 30
0.0
 10
9.20925
 20
1.63371
 30
0.0
 10
9.22584
 20
1.76635
 30
0.0
 10
9.22584
 20
1.76635
 30
0.0
 10
9.2657
 20
1.91664
 30
0.0
 10
9.05403
 20
2.02776
 30
0.0
 10
8.95631
 20
1.90958
 30
0.0
  0
SPLINE
  5
70
330
1F
100
AcDbEntity
  8
Camada 1
 62
   156
100
AcDbSpline
210
0.0
220
0.0
230
1.0
 70
    11
 71
     3
 72
    20
 73
    16
 74
     0
 42
0.0000000001
 43
0.0000000001
 12
1.0
 22
0.0
 32
0.0
 13
1.0
 23
0.0
 33
0.0
 40
0.0
 40
0.0
 40
0.0
 40
0.0
 40
0.2
 40
0.2
 40
0.2
 40
0.2
 40
0.4
 40
0.4
 40
0.4
 40
0.4
 40
0.6
 40
0.6
 40
0.6
 40
0.6
 40
1.0
 40
1.0
 40
1.0
 40
1.0
 10
7.99253
 20
1.81645
 30
0.0
 10
7.99253
 20
1.81645
 30
0.0
 10
7.99253
 20
1.81645
 30
0.0
 10
7.99253
 20
1.81645
 30
0.0
 10
7.99253
 20
1.81645
 30
0.0
 10
7.87858
 20
1.7787
 30
0.0
 10
7.856
 20
1.59702
 30
0.0
 10
7.96079
 20
1.53423
 30
0.0
 10
7.96079
 20
1.53423
 30
0.0
 10
8.06343
 20
1.44604
 30
0.0
 10
8.24123
 20
1.54975
 30
0.0
 10
8.21336
 20
1.6831
 30
0.0
 10
8.21336
 20
1.6831
 30
0.0
 10
8.21124
 20
1.7967
 30
0.0
 10
8.09096
 20
1.85173
 30
0.0
 10
7.99253
 20
1.81645
 30
0.0
  0
SPLINE
  5
71
330
1F
100
AcDbEntity
  8
Camada 1
 62
   156
100
AcDbSpline
210
0.0
220
0.0
230
1.0
 70
    11
 71
     3
 72
    20
 73
    16
 74
     0
 42
0.0000000001
 43
0.0000000001
 12
1.0
 22
0.0
 32
0.0
 13
1.0
 23
0.0
 33
0.0
 40
0.0
 40
0.0
 40
0.0
 40
0.0
 40
0.2
 40
0.2
 40
0.2
 40
0.2
 40
0.4
 40
0.4
 40
0.4
 40
0.4
 40
0.6
 40
0.6
 40
0.6
 40
0.6
 40
1.0
 40
1.0
 40
1.0
 40
1.0
 10
9.97267
 20
1.74096
 30
0.0
 10
9.97267
 20
1.74096
 30
0.0
 10
9.97267
 20
1.74096
 30
0.0
 10
9.97267
 20
1.74096
 30
0.0
 10
9.97267
 20
1.74096
 30
0.0
 10
9.87602
 20
1.65981
 30
0.0
 10
9.91975
 20
1.45486
 30
0.0
 10
10.0591
 20
1.45873
 30
0.0
 10
10.0591
 20
1.45873
 30
0.0
 10
10.18821
 20
1.4298
 30
0.0
 10
10.30004
 20
1.60055
 30
0.0
 10
10.21503
 20
1.70568
 30
0.0
 10
10.21503
 20
1.70568
 30
0.0
 10
10.16458
 20
1.79175
 30
0.0
 10
10.04675
 20
1.79704
 30
0.0
 10
9.97267
 20
1.74096
 30
0.0
  0
SPLINE
  5
72
330
1F
100
AcDbEntity
  8
Camada 1
 62
   156
100
AcDbSpline
210
0.0
220
0.0
230
1.0
 70
    11
 71
     3
 72
    20
 73
    16
 74
     0
 42
0.0000000001
 43
0.0000000001
 12
1.0
 22
0.0
 32
0.0
 13
1.0
 23
0.0
 33
0.0
 40
0.0
 40
0.0
 40
0.0
 40
0.0
 40
0.2
 40
0.2
 40
0.2
 40
0.2
 40
0.4
 40
0.4
 40
0.4
 40
0.4
 40
0.6
 40
0.6
 40
0.6
 40
0.6
 40
1.0
 40
1.0
 40
1.0
 40
1.0
 10
4.95545
 20
1.5808
 30
0.0
 10
4.95545
 20
1.5808
 30
0.0
 10
4.95545
 20
1.5808
 30
0.0
 10
4.95545
 20
1.5808
 30
0.0
 10
4.95545
 20
1.5808
 30
0.0
 10
4.86445
 20
1.54693
 30
0.0
 10
4.86445
 20
1.43968
 30
0.0
 10
4.88738
 20
1.36102
 30
0.0
 10
4.88738
 20
1.36102
 30
0.0
 10
4.94383
 20
1.23084
 30
0.0
 10
5.1943
 20
1.25518
 30
0.0
 10
5.18266
 20
1.41427
 30
0.0
 10
5.18266
 20
1.41427
 30
0.0
 10
5.22076
 20
1.5434
 30
0.0
 10
5.06306
 20
1.6457
 30
0.0
 10
4.95545
 20
1.5808
 30
0.0
  0
SPLINE
  5
73
330
1F
100
AcDbEntity
  8
Camada 1
 62
   156
100
AcDbSpline
210
0.0
220
0.0
230
1.0
 70
    11
 71
     3
 72
    20
 73
    16
 74
     0
 42
0.0000000001
 43
0.0000000001
 12
1.0
 22
0.0
 32
0.0
 13
1.0
 23
0.0
 33
0.0
 40
0.0
 40
0.0
 40
0.0
 40
0.0
 40
0.2
 40
0.2
 40
0.2
 40
0.2
 40
0.4
 40
0.4
 40
0.4
 40
0.4
 40
0.6
 40
0.6
 40
0.6
 40
0.6
 40
1.0
 40
1.0
 40
1.0
 40
1.0
 10
0.1584
 20
1.49825
 30
0.0
 10
0.1584
 20
1.49825
 30
0.0
 10
0.1584
 20
1.49825
 30
0.0
 10
0.1584
 20
1.49825
 30
0.0
 10
0.1584
 20
1.49825
 30
0.0
 10
0.03281
 20
1.46543
 30
0.0
 10
0.00141
 20
1.26683
 30
0.0
 10
0.12206
 20
1.20614
 30
0.0
 10
0.12206
 20
1.20614
 30
0.0
 10
0.25223
 20
1.10101
 30
0.0
 10
0.45295
 20
1.30245
 30
0.0
 10
0.34183
 20
1.43016
 30
0.0
 10
0.34183
 20
1.43016
 30
0.0
 10
0.30833
 20
1.50071
 30
0.0
 10
0.22718
 20
1.5127
 30
0.0
 10
0.1584
 20
1.49825
 30
0.0
  0
SPLINE
  5
74
330
1F
100
AcDbEntity
  8
Camada 1
 62
   156
100
AcDbSpline
210
0.0
220
0.0
230
1.0
 70
    11
 71
     3
 72
   196
 73
   192
 74
     0
 42
0.0000000001
 43
0.0000000001
 12
1.0
 22
0.0
 32
0.0
 13
1.0
 23
0.0
 33
0.0
 40
0.0
 40
0.0
 40
0.0
 40
0.0
 40
0.0204081632653061
 40
0.0204081632653061
 40
0.0204081632653061
 40
0.0204081632653061
 40
0.0408163265306122
 40
0.0408163265306122
 40
0.0408163265306122
 40
0.0408163265306122
 40
0.0612244897959184
 40
0.0612244897959184
 40
0.0612244897959184
 40
0.0612244897959184
 40
0.0816326530612245
 40
0.0816326530612245
 40
0.0816326530612245
 40
0.0816326530612245
 40
0.1020408163265306
 40
0.1020408163265306
 40
0.1020408163265306
 40
0.1020408163265306
 40
0.1224489795918367
 40
0.1224489795918367
 40
0.1224489795918367
 40
0.1224489795918367
 40
0.1428571428571428
 40
0.1428571428571428
 40
0.1428571428571428
 40
0.1428571428571428
 40
0.163265306122449
 40
0.163265306122449
 40
0.163265306122449
 40
0.163265306122449
 40
0.1836734693877551
 40
0.1836734693877551
 40
0.1836734693877551
 40
0.1836734693877551
 40
0.2040816326530612
 40
0.2040816326530612
 40
0.2040816326530612
 40
0.2040816326530612
 40
0.2244897959183673
 40
0.2244897959183673
 40
0.2244897959183673
 40
0.2244897959183673
 40
0.2448979591836735
 40
0.2448979591836735
 40
0.2448979591836735
 40
0.2448979591836735
 40
0.2653061224489796
 40
0.2653061224489796
 40
0.2653061224489796
 40
0.2653061224489796
 40
0.2857142857142857
 40
0.2857142857142857
 40
0.2857142857142857
 40
0.2857142857142857
 40
0.3061224489795918
 40
0.3061224489795918
 40
0.3061224489795918
 40
0.3061224489795918
 40
0.3265306122448979
 40
0.3265306122448979
 40
0.3265306122448979
 40
0.3265306122448979
 40
0.3469387755102041
 40
0.3469387755102041
 40
0.3469387755102041
 40
0.3469387755102041
 40
0.3673469387755102
 40
0.3673469387755102
 40
0.3673469387755102
 40
0.3673469387755102
 40
0.3877551020408163
 40
0.3877551020408163
 40
0.3877551020408163
 40
0.3877551020408163
 40
0.4081632653061225
 40
0.4081632653061225
 40
0.4081632653061225
 40
0.4081632653061225
 40
0.4285714285714285
 40
0.4285714285714285
 40
0.4285714285714285
 40
0.4285714285714285
 40
0.4489795918367347
 40
0.4489795918367347
 40
0.4489795918367347
 40
0.4489795918367347
 40
0.4693877551020408
 40
0.4693877551020408
 40
0.4693877551020408
 40
0.4693877551020408
 40
0.4897959183673469
 40
0.4897959183673469
 40
0.4897959183673469
 40
0.4897959183673469
 40
0.5102040816326531
 40
0.5102040816326531
 40
0.5102040816326531
 40
0.5102040816326531
 40
0.5306122448979592
 40
0.5306122448979592
 40
0.5306122448979592
 40
0.5306122448979592
 40
0.5510204081632653
 40
0.5510204081632653
 40
0.5510204081632653
 40
0.5510204081632653
 40
0.5714285714285714
 40
0.5714285714285714
 40
0.5714285714285714
 40
0.5714285714285714
 40
0.5918367346938775
 40
0.5918367346938775
 40
0.5918367346938775
 40
0.5918367346938775
 40
0.6122448979591837
 40
0.6122448979591837
 40
0.6122448979591837
 40
0.6122448979591837
 40
0.6326530612244898
 40
0.6326530612244898
 40
0.6326530612244898
 40
0.6326530612244898
 40
0.6530612244897959
 40
0.6530612244897959
 40
0.6530612244897959
 40
0.6530612244897959
 40
0.673469387755102
 40
0.673469387755102
 40
0.673469387755102
 40
0.673469387755102
 40
0.6938775510204082
 40
0.6938775510204082
 40
0.6938775510204082
 40
0.6938775510204082
 40
0.7142857142857143
 40
0.7142857142857143
 40
0.7142857142857143
 40
0.7142857142857143
 40
0.7346938775510204
 40
0.7346938775510204
 40
0.7346938775510204
 40
0.7346938775510204
 40
0.7551020408163265
 40
0.7551020408163265
 40
0.7551020408163265
 40
0.7551020408163265
 40
0.7755102040816326
 40
0.7755102040816326
 40
0.7755102040816326
 40
0.7755102040816326
 40
0.7959183673469388
 40
0.7959183673469388
 40
0.7959183673469388
 40
0.7959183673469388
 40
0.8163265306122449
 40
0.8163265306122449
 40
0.8163265306122449
 40
0.8163265306122449
 40
0.8367346938775511
 40
0.8367346938775511
 40
0.8367346938775511
 40
0.8367346938775511
 40
0.8571428571428571
 40
0.8571428571428571
 40
0.8571428571428571
 40
0.8571428571428571
 40
0.8775510204081632
 40
0.8775510204081632
 40
0.8775510204081632
 40
0.8775510204081632
 40
0.8979591836734694
 40
0.8979591836734694
 40
0.8979591836734694
 40
0.8979591836734694
 40
0.9183673469387755
 40
0.9183673469387755
 40
0.9183673469387755
 40
0.9183673469387755
 40
0.9387755102040817
 40
0.9387755102040817
 40
0.9387755102040817
 40
0.9387755102040817
 40
0.9591836734693877
 40
0.9591836734693877
 40
0.9591836734693877
 40
0.9591836734693877
 40
1.0
 40
1.0
 40
1.0
 40
1.0
 10
2.14948
 20
1.31409
 30
0.0
 10
2.14948
 20
1.31409
 30
0.0
 10
2.14948
 20
1.31409
 30
0.0
 10
2.14948
 20
1.31409
 30
0.0
 10
2.14948
 20
1.31409
 30
0.0
 10
1.99918
 20
1.29821
 30
0.0
 10
1.8616
 20
1.3656
 30
0.0
 10
1.7279
 20
1.42309
 30
0.0
 10
1.7279
 20
1.42309
 30
0.0
 10
1.7011
 20
1.3522
 30
0.0
 10
1.6584
 20
1.27952
 30
0.0
 10
1.67922
 20
1.20085
 30
0.0
 10
1.67922
 20
1.20085
 30
0.0
 10
1.71626
 20
1.01247
 30
0.0
 10
1.78399
 20
0.82161
 30
0.0
 10
1.9124
 20
0.67592
 30
0.0
 10
1.9124
 20
0.67592
 30
0.0
 10
1.97979
 20
0.59619
 30
0.0
 10
2.09055
 20
0.60959
 30
0.0
 10
2.18405
 20
0.60218
 30
0.0
 10
2.18405
 20
0.60218
 30
0.0
 10
2.18298
 20
0.72002
 30
0.0
 10
2.14841
 20
0.83889
 30
0.0
 10
2.17452
 20
0.95532
 30
0.0
 10
2.17452
 20
0.95532
 30
0.0
 10
2.28564
 20
1.15252
 30
0.0
 10
2.5848
 20
1.19627
 30
0.0
 10
2.76331
 20
1.0668
 30
0.0
 10
2.76331
 20
1.0668
 30
0.0
 10
2.91146
 20
0.93027
 30
0.0
 10
2.95768
 20
0.7052
 30
0.0
 10
2.90405
 20
0.51435
 30
0.0
 10
2.90405
 20
0.51435
 30
0.0
 10
2.83915
 20
0.32385
 30
0.0
 10
2.67194
 20
0.19049
 30
0.0
 10
2.4899
 20
0.11852
 30
0.0
 10
2.4899
 20
0.11852
 30
0.0
 10
2.19321
 20
-0.01093
 30
0.0
 10
1.81926
 20
0.01198
 30
0.0
 10
1.5688
 20
0.22859
 30
0.0
 10
1.5688
 20
0.22859
 30
0.0
 10
1.33738
 20
0.41416
 30
0.0
 10
1.20261
 20
0.69497
 30
0.0
 10
1.15605
 20
0.98354
 30
0.0
 10
1.15605
 20
0.98354
 30
0.0
 10
1.15217
 20
1.09007
 30
0.0
 10
1.0241
 20
1.07314
 30
0.0
 10
0.95003
 20
1.0862
 30
0.0
 10
0.95003
 20
1.0862
 30
0.0
 10
0.91405
 20
0.97189
 30
0.0
 10
0.87595
 20
0.8509
 30
0.0
 10
0.78387
 20
0.76799
 30
0.0
 10
0.78387
 20
0.76799
 30
0.0
 10
0.66674
 20
0.64981
 30
0.0
 10
0.49883
 20
0.61207
 30
0.0
 10
0.34325
 20
0.57326
 30
0.0
 10
0.34325
 20
0.57326
 30
0.0
 10
0.23953
 20
0.01834
 30
0.0
 10
0.11041
 20
-0.53199
 30
0.0
 10
0.02504
 20
-1.08973
 30
0.0
 10
0.02504
 20
-1.08973
 30
0.0
 10
0.12417
 20
-1.08444
 30
0.0
 10
0.23459
 20
-1.09007
 30
0.0
 10
0.31396
 20
-1.01988
 30
0.0
 10
0.31396
 20
-1.01988
 30
0.0
 10
0.44874
 20
-0.92392
 30
0.0
 10
0.44062
 20
-0.74259
 30
0.0
 10
0.47519
 20
-0.59831
 30
0.0
 10
0.47519
 20
-0.59831
 30
0.0
 10
0.64206
 20
-0.60395
 30
0.0
 10
0.77435
 20
-0.77082
 30
0.0
 10
0.94933
 20
-0.70696
 30
0.0
 10
0.94933
 20
-0.70696
 30
0.0
 10
1.13488
 20
-0.67804
 30
0.0
 10
1.2012
 20
-0.48401
 30
0.0
 10
1.25801
 20
-0.3316
 30
0.0
 10
1.25801
 20
-0.3316
 30
0.0
 10
1.27776
 20
-0.32948
 30
0.0
 10
1.31726
 20
-0.32561
 30
0.0
 10
1.33702
 20
-0.32385
 30
0.0
 10
1.33702
 20
-0.32385
 30
0.0
 10
1.40935
 20
-0.38981
 30
0.0
 10
1.47672
 20
-0.46637
 30
0.0
 10
1.5688
 20
-0.50587
 30
0.0
 10
1.5688
 20
-0.50587
 30
0.0
 10
1.71874
 20
-0.55068
 30
0.0
 10
1.90324
 20
-0.5087
 30
0.0
 10
1.98613
 20
-0.36688
 30
0.0
 10
1.98613
 20
-0.36688
 30
0.0
 10
2.03305
 20
-0.31221
 30
0.0
 10
2.06657
 20
-0.18415
 30
0.0
 10
2.16076
 20
-0.23176
 30
0.0
 10
2.16076
 20
-0.23176
 30
0.0
 10
2.25672
 20
-0.35172
 30
0.0
 10
2.36078
 20
-0.51118
 30
0.0
 10
2.53965
 20
-0.48753
 30
0.0
 10
2.53965
 20
-0.48753
 30
0.0
 10
2.71356
 20
-0.51047
 30
0.0
 10
2.82222
 20
-0.35665
 30
0.0
 10
2.93017
 20
-0.24906
 30
0.0
 10
2.93017
 20
-0.24906
 30
0.0
 10
3.03213
 20
-0.31715
 30
0.0
 10
3.05576
 20
-0.44591
 30
0.0
 10
3.1376
 20
-0.53162
 30
0.0
 10
3.1376
 20
-0.53162
 30
0.0
 10
3.23003
 20
-0.62018
 30
0.0
 10
3.36937
 20
-0.6357
 30
0.0
 10
3.49037
 20
-0.60924
 30
0.0
 10
3.49037
 20
-0.60924
 30
0.0
 10
3.59339
 20
-0.56973
 30
0.0
 10
3.671
 20
-0.47907
 30
0.0
 10
3.78283
 20
-0.45931
 30
0.0
 10
3.78283
 20
-0.45931
 30
0.0
 10
3.80541
 20
-0.52528
 30
0.0
 10
3.82693
 20
-0.59195
 30
0.0
 10
3.8488
 20
-0.65899
 30
0.0
 10
3.8488
 20
-0.65899
 30
0.0
 10
4.05306
 20
-0.54504
 30
0.0
 10
4.20722
 20
-0.31433
 30
0.0
 10
4.16453
 20
-0.07408
 30
0.0
 10
4.16453
 20
-0.07408
 30
0.0
 10
4.14267
 20
0.05715
 30
0.0
 10
4.03436
 20
0.14498
 30
0.0
 10
3.91865
 20
0.19402
 30
0.0
 10
3.91865
 20
0.19402
 30
0.0
 10
3.89714
 20
0.18345
 30
0.0
 10
3.85444
 20
0.16157
 30
0.0
 10
3.83292
 20
0.15098
 30
0.0
 10
3.83292
 20
0.15098
 30
0.0
 10
3.8107
 20
0.01128
 30
0.0
 10
3.85163
 20
-0.16722
 30
0.0
 10
3.72816
 20
-0.26775
 30
0.0
 10
3.72816
 20
-0.26775
 30
0.0
 10
3.50026
 20
-0.43992
 30
0.0
 10
3.14077
 20
-0.20143
 30
0.0
 10
3.16089
 20
0.0702
 30
0.0
 10
3.16089
 20
0.0702
 30
0.0
 10
3.17041
 20
0.23071
 30
0.0
 10
3.23708
 20
0.38593
 30
0.0
 10
3.33233
 20
0.51435
 30
0.0
 10
3.33233
 20
0.51435
 30
0.0
 10
3.50555
 20
0.74012
 30
0.0
 10
3.83504
 20
0.82479
 30
0.0
 10
4.09434
 20
0.70555
 30
0.0
 10
4.09434
 20
0.70555
 30
0.0
 10
4.5099
 20
0.52634
 30
0.0
 10
4.80976
 20
0.03774
 30
0.0
 10
4.67465
 20
-0.41416
 30
0.0
 10
4.67465
 20
-0.41416
 30
0.0
 10
4.64925
 20
-0.66145
 30
0.0
 10
4.47781
 20
-0.92886
 30
0.0
 10
4.61963
 20
-1.16699
 30
0.0
 10
4.61963
 20
-1.16699
 30
0.0
 10
4.70181
 20
-1.32432
 30
0.0
 10
4.89725
 20
-1.34654
 30
0.0
 10
5.05529
 20
-1.32115
 30
0.0
 10
5.05529
 20
-1.32115
 30
0.0
 10
5.14738
 20
-0.89252
 30
0.0
 10
5.25356
 20
-0.46708
 30
0.0
 10
5.35269
 20
-0.04022
 30
0.0
 10
5.35269
 20
-0.04022
 30
0.0
 10
5.10363
 20
0.06419
 30
0.0
 10
4.98086
 20
0.33689
 30
0.0
 10
4.96322
 20
0.59265
 30
0.0
 10
4.96322
 20
0.59265
 30
0.0
 10
4.81894
 20
0.60254
 30
0.0
 10
4.6676
 20
0.611
 30
0.0
 10
4.54271
 20
0.69179
 30
0.0
 10
4.54271
 20
0.69179
 30
0.0
 10
4.39313
 20
0.77611
 30
0.0
 10
4.31236
 20
0.93451
 30
0.0
 10
4.25767
 20
1.09007
 30
0.0
 10
4.25767
 20
1.09007
 30
0.0
 10
4.09468
 20
1.0689
 30
0.0
 10
3.91724
 20
1.03681
 30
0.0
 10
3.76414
 20
1.11478
 30
0.0
 10
3.76414
 20
1.11478
 30
0.0
 10
3.62832
 20
1.17474
 30
0.0
 10
3.5313
 20
1.29363
 30
0.0
 10
3.45405
 20
1.41605
 30
0.0
 10
3.45405
 20
1.41605
 30
0.0
 10
3.33199
 20
1.36277
 30
0.0
 10
3.20674
 20
1.3021
 30
0.0
 10
3.06987
 20
1.31375
 30
0.0
 10
3.06987
 20
1.31375
 30
0.0
 10
2.88854
 20
1.30562
 30
0.0
 10
2.73402
 20
1.41569
 30
0.0
 10
2.60173
 20
1.5261
 30
0.0
 10
2.60173
 20
1.5261
 30
0.0
 10
2.47085
 20
1.42205
 30
0.0
 10
2.32587
 20
1.31092
 30
0.0
 10
2.14948
 20
1.31409
 30
0.0
  0
SPLINE
  5
75
330
1F
100
AcDbEntity
  8
Camada 1
 62
   156
100
AcDbSpline
210
0.0
220
0.0
230
1.0
 70
    11
 71
     3
 72
    20
 73
    16
 74
     0
 42
0.0000000001
 43
0.0000000001
 12
1.0
 22
0.0
 32
0.0
 13
1.0
 23
0.0
 33
0.0
 40
0.0
 40
0.0
 40
0.0
 40
0.0
 40
0.2
 40
0.2
 40
0.2
 40
0.2
 40
0.4
 40
0.4
 40
0.4
 40
0.4
 40
0.6
 40
0.6
 40
0.6
 40
0.6
 40
1.0
 40
1.0
 40
1.0
 40
1.0
 10
6.96911
 20
1.39276
 30
0.0
 10
6.96911
 20
1.39276
 30
0.0
 10
6.96911
 20
1.39276
 30
0.0
 10
6.96911
 20
1.39276
 30
0.0
 10
6.96911
 20
1.39276
 30
0.0
 10
6.87704
 20
1.35325
 30
0.0
 10
6.86717
 20
1.23647
 30
0.0
 10
6.89997
 20
1.15359
 30
0.0
 10
6.89997
 20
1.15359
 30
0.0
 10
6.97652
 20
1.04352
 30
0.0
 10
7.17479
 20
1.07102
 30
0.0
 10
7.19949
 20
1.20791
 30
0.0
 10
7.19949
 20
1.20791
 30
0.0
 10
7.24005
 20
1.33667
 30
0.0
 10
7.08659
 20
1.45238
 30
0.0
 10
6.96911
 20
1.39276
 30
0.0
  0
SPLINE
  5
76
330
1F
100
AcDbEntity
  8
Camada 1
 62
   156
100
AcDbSpline
210
0.0
220
0.0
230
1.0
 70
    11
 71
     3
 72
    20
 73
    16
 74
     0
 42
0.0000000001
 43
0.0000000001
 12
1.0
 22
0.0
 32
0.0
 13
1.0
 23
0.0
 33
0.0
 40
0.0
 40
0.0
 40
0.0
 40
0.0
 40
0.2
 40
0.2
 40
0.2
 40
0.2
 40
0.4
 40
0.4
 40
0.4
 40
0.4
 40
0.6
 40
0.6
 40
0.6
 40
0.6
 40
1.0
 40
1.0
 40
1.0
 40
1.0
 10
10.99255
 20
1.3903
 30
0.0
 10
10.99255
 20
1.3903
 30
0.0
 10
10.99255
 20
1.3903
 30
0.0
 10
10.99255
 20
1.3903
 30
0.0
 10
10.99255
 20
1.3903
 30
0.0
 10
10.8839
 20
1.3395
 30
0.0
 10
10.86731
 20
1.14406
 30
0.0
 10
10.98408
 20
1.09536
 30
0.0
 10
10.98408
 20
1.09536
 30
0.0
 10
11.06487
 20
1.05163
 30
0.0
 10
11.18446
 20
1.08444
 30
0.0
 10
11.21092
 20
1.17934
 30
0.0
 10
11.21092
 20
1.17934
 30
0.0
 10
11.2709
 20
1.30598
 30
0.0
 10
11.12061
 20
1.45026
 30
0.0
 10
10.99255
 20
1.3903
 30
0.0
  0
SPLINE
  5
77
330
1F
100
AcDbEntity
  8
Camada 1
 62
   156
100
AcDbSpline
210
0.0
220
0.0
230
1.0
 70
    11
 71
     3
 72
   192
 73
   188
 74
     0
 42
0.0000000001
 43
0.0000000001
 12
1.0
 22
0.0
 32
0.0
 13
1.0
 23
0.0
 33
0.0
 40
0.0
 40
0.0
 40
0.0
 40
0.0
 40
0.0208333333333333
 40
0.0208333333333333
 40
0.0208333333333333
 40
0.0208333333333333
 40
0.0416666666666667
 40
0.0416666666666667
 40
0.0416666666666667
 40
0.0416666666666667
 40
0.0625
 40
0.0625
 40
0.0625
 40
0.0625
 40
0.0833333333333333
 40
0.0833333333333333
 40
0.0833333333333333
 40
0.0833333333333333
 40
0.1041666666666667
 40
0.1041666666666667
 40
0.1041666666666667
 40
0.1041666666666667
 40
0.125
 40
0.125
 40
0.125
 40
0.125
 40
0.1458333333333333
 40
0.1458333333333333
 40
0.1458333333333333
 40
0.1458333333333333
 40
0.1666666666666667
 40
0.1666666666666667
 40
0.1666666666666667
 40
0.1666666666666667
 40
0.1875
 40
0.1875
 40
0.1875
 40
0.1875
 40
0.2083333333333333
 40
0.2083333333333333
 40
0.2083333333333333
 40
0.2083333333333333
 40
0.2291666666666667
 40
0.2291666666666667
 40
0.2291666666666667
 40
0.2291666666666667
 40
0.25
 40
0.25
 40
0.25
 40
0.25
 40
0.2708333333333333
 40
0.2708333333333333
 40
0.2708333333333333
 40
0.2708333333333333
 40
0.2916666666666667
 40
0.2916666666666667
 40
0.2916666666666667
 40
0.2916666666666667
 40
0.3125
 40
0.3125
 40
0.3125
 40
0.3125
 40
0.3333333333333333
 40
0.3333333333333333
 40
0.3333333333333333
 40
0.3333333333333333
 40
0.3541666666666667
 40
0.3541666666666667
 40
0.3541666666666667
 40
0.3541666666666667
 40
0.375
 40
0.375
 40
0.375
 40
0.375
 40
0.3958333333333333
 40
0.3958333333333333
 40
0.3958333333333333
 40
0.3958333333333333
 40
0.4166666666666667
 40
0.4166666666666667
 40
0.4166666666666667
 40
0.4166666666666667
 40
0.4375
 40
0.4375
 40
0.4375
 40
0.4375
 40
0.4583333333333333
 40
0.4583333333333333
 40
0.4583333333333333
 40
0.4583333333333333
 40
0.4791666666666667
 40
0.4791666666666667
 40
0.4791666666666667
 40
0.4791666666666667
 40
0.5
 40
0.5
 40
0.5
 40
0.5
 40
0.5208333333333334
 40
0.5208333333333334
 40
0.5208333333333334
 40
0.5208333333333334
 40
0.5416666666666666
 40
0.5416666666666666
 40
0.5416666666666666
 40
0.5416666666666666
 40
0.5625
 40
0.5625
 40
0.5625
 40
0.5625
 40
0.5833333333333334
 40
0.5833333333333334
 40
0.5833333333333334
 40
0.5833333333333334
 40
0.6041666666666666
 40
0.6041666666666666
 40
0.6041666666666666
 40
0.6041666666666666
 40
0.625
 40
0.625
 40
0.625
 40
0.625
 40
0.6458333333333334
 40
0.6458333333333334
 40
0.6458333333333334
 40
0.6458333333333334
 40
0.6666666666666666
 40
0.6666666666666666
 40
0.6666666666666666
 40
0.6666666666666666
 40
0.6875
 40
0.6875
 40
0.6875
 40
0.6875
 40
0.7083333333333334
 40
0.7083333333333334
 40
0.7083333333333334
 40
0.7083333333333334
 40
0.7291666666666666
 40
0.7291666666666666
 40
0.7291666666666666
 40
0.7291666666666666
 40
0.75
 40
0.75
 40
0.75
 40
0.75
 40
0.7708333333333334
 40
0.7708333333333334
 40
0.7708333333333334
 40
0.7708333333333334
 40
0.7916666666666666
 40
0.7916666666666666
 40
0.7916666666666666
 40
0.7916666666666666
 40
0.8125
 40
0.8125
 40
0.8125
 40
0.8125
 40
0.8333333333333334
 40
0.8333333333333334
 40
0.8333333333333334
 40
0.8333333333333334
 40
0.8541666666666666
 40
0.8541666666666666
 40
0.8541666666666666
 40
0.8541666666666666
 40
0.875
 40
0.875
 40
0.875
 40
0.875
 40
0.8958333333333334
 40
0.8958333333333334
 40
0.8958333333333334
 40
0.8958333333333334
 40
0.9166666666666666
 40
0.9166666666666666
 40
0.9166666666666666
 40
0.9166666666666666
 40
0.9375
 40
0.9375
 40
0.9375
 40
0.9375
 40
0.9583333333333334
 40
0.9583333333333334
 40
0.9583333333333334
 40
0.9583333333333334
 40
1.0
 40
1.0
 40
1.0
 40
1.0
 10
8.61518
 20
1.07421
 30
0.0
 10
8.61518
 20
1.07421
 30
0.0
 10
8.61518
 20
1.07421
 30
0.0
 10
8.61518
 20
1.07421
 30
0.0
 10
8.61518
 20
1.07421
 30
0.0
 10
8.50969
 20
0.95355
 30
0.0
 10
8.38059
 20
0.84384
 30
0.0
 10
8.21972
 20
0.81033
 30
0.0
 10
8.21972
 20
0.81033
 30
0.0
 10
8.06272
 20
0.76482
 30
0.0
 10
7.90468
 20
0.82055
 30
0.0
 10
7.75687
 20
0.86995
 30
0.0
 10
7.75687
 20
0.86995
 30
0.0
 10
7.86694
 20
0.63782
 30
0.0
 10
7.93503
 20
0.37146
 30
0.0
 10
8.12623
 20
0.18908
 30
0.0
 10
8.12623
 20
0.18908
 30
0.0
 10
8.20349
 20
0.10371
 30
0.0
 10
8.3259
 20
0.11747
 30
0.0
 10
8.42997
 20
0.11994
 30
0.0
 10
8.42997
 20
0.11994
 30
0.0
 10
8.41869
 20
0.2487
 30
0.0
 10
8.34354
 20
0.3757
 30
0.0
 10
8.38412
 20
0.50517
 30
0.0
 10
8.38412
 20
0.50517
 30
0.0
 10
8.48042
 20
0.6664
 30
0.0
 10
8.69631
 20
0.7306
 30
0.0
 10
8.8727
 20
0.68333
 30
0.0
 10
8.8727
 20
0.68333
 30
0.0
 10
9.04733
 20
0.6177
 30
0.0
 10
9.14576
 20
0.42509
 30
0.0
 10
9.15952
 20
0.24694
 30
0.0
 10
9.15952
 20
0.24694
 30
0.0
 10
9.17081
 20
-0.00881
 30
0.0
 10
8.97748
 20
-0.22331
 30
0.0
 10
8.75982
 20
-0.33019
 30
0.0
 10
8.75982
 20
-0.33019
 30
0.0
 10
8.49524
 20
-0.48048
 30
0.0
 10
8.14987
 20
-0.49705
 30
0.0
 10
7.8874
 20
-0.33408
 30
0.0
 10
7.8874
 20
-0.33408
 30
0.0
 10
7.59741
 20
-0.16722
 30
0.0
 10
7.42562
 20
0.1397
 30
0.0
 10
7.3346
 20
0.45225
 30
0.0
 10
7.3346
 20
0.45225
 30
0.0
 10
7.22136
 20
0.4452
 30
0.0
 10
7.1074
 20
0.44484
 30
0.0
 10
6.99416
 20
0.45225
 30
0.0
 10
6.99416
 20
0.45225
 30
0.0
 10
6.96136
 20
0.33126
 30
0.0
 10
6.92962
 20
0.20389
 30
0.0
 10
6.8453
 20
0.10688
 30
0.0
 10
6.8453
 20
0.10688
 30
0.0
 10
6.75181
 20
-0.0208
 30
0.0
 10
6.60047
 20
-0.07866
 30
0.0
 10
6.45548
 20
-0.12488
 30
0.0
 10
6.45548
 20
-0.12488
 30
0.0
 10
6.3888
 20
-0.68826
 30
0.0
 10
6.2925
 20
-1.24882
 30
0.0
 10
6.24874
 20
-1.81434
 30
0.0
 10
6.24874
 20
-1.81434
 30
0.0
 10
6.39339
 20
-1.86055
 30
0.0
 10
6.56872
 20
-1.90183
 30
0.0
 10
6.70136
 20
-1.80162
 30
0.0
 10
6.70136
 20
-1.80162
 30
0.0
 10
6.82342
 20
-1.70673
 30
0.0
 10
6.75993
 20
-1.53034
 30
0.0
 10
6.7832
 20
-1.39876
 30
0.0
 10
6.7832
 20
-1.39876
 30
0.0
 10
6.96701
 20
-1.42592
 30
0.0
 10
7.17055
 20
-1.54657
 30
0.0
 10
7.34589
 20
-1.41817
 30
0.0
 10
7.34589
 20
-1.41817
 30
0.0
 10
7.50147
 20
-1.32927
 30
0.0
 10
7.48595
 20
-1.13135
 30
0.0
 10
7.57731
 20
-0.998
 30
0.0
 10
7.57731
 20
-0.998
 30
0.0
 10
7.71983
 20
-1.08866
 30
0.0
 10
7.87858
 20
-1.20368
 30
0.0
 10
8.0578
 20
-1.14757
 30
0.0
 10
8.0578
 20
-1.14757
 30
0.0
 10
8.23419
 20
-1.11371
 30
0.0
 10
8.30684
 20
-0.93345
 30
0.0
 10
8.36682
 20
-0.78598
 30
0.0
 10
8.36682
 20
-0.78598
 30
0.0
 10
8.5284
 20
-0.79691
 30
0.0
 10
8.58838
 20
-1.00612
 30
0.0
 10
8.75946
 20
-1.00824
 30
0.0
 10
8.75946
 20
-1.00824
 30
0.0
 10
8.96055
 20
-1.05409
 30
0.0
 10
9.11647
 20
-0.89853
 30
0.0
 10
9.21773
 20
-0.74612
 30
0.0
 10
9.21773
 20
-0.74612
 30
0.0
 10
9.23819
 20
-0.74577
 30
0.0
 10
9.27946
 20
-0.74507
 30
0.0
 10
9.30027
 20
-0.74471
 30
0.0
 10
9.30027
 20
-0.74471
 30
0.0
 10
9.38354
 20
-0.89358
 30
0.0
 10
9.51194
 20
-1.05056
 30
0.0
 10
9.70138
 20
-1.03964
 30
0.0
 10
9.70138
 20
-1.03964
 30
0.0
 10
9.86649
 20
-1.05339
 30
0.0
 10
9.97372
 20
-0.91581
 30
0.0
 10
10.08698
 20
-0.82125
 30
0.0
 10
10.08698
 20
-0.82125
 30
0.0
 10
10.10284
 20
-0.82408
 30
0.0
 10
10.13459
 20
-0.82973
 30
0.0
 10
10.15047
 20
-0.83255
 30
0.0
 10
10.15047
 20
-0.83255
 30
0.0
 10
10.21537
 20
-0.95919
 30
0.0
 10
10.26054
 20
-1.11901
 30
0.0
 10
10.41152
 20
-1.1684
 30
0.0
 10
10.41152
 20
-1.1684
 30
0.0
 10
10.48032
 20
-0.91934
 30
0.0
 10
10.65671
 20
-0.67062
 30
0.0
 10
10.57063
 20
-0.40393
 30
0.0
 10
10.57063
 20
-0.40393
 30
0.0
 10
10.53146
 20
-0.23495
 30
0.0
 10
10.33463
 20
-0.11994
 30
0.0
 10
10.17235
 20
-0.19719
 30
0.0
 10
10.17235
 20
-0.19719
 30
0.0
 10
10.1741
 20
-0.31855
 30
0.0
 10
10.26266
 20
-0.46637
 30
0.0
 10
10.16212
 20
-0.56797
 30
0.0
 10
10.16212
 20
-0.56797
 30
0.0
 10
9.96809
 20
-0.78809
 30
0.0
 10
9.54017
 20
-0.64381
 30
0.0
 10
9.51688
 20
-0.35102
 30
0.0
 10
9.51688
 20
-0.35102
 30
0.0
 10
9.52887
 20
-0.12452
 30
0.0
 10
9.60225
 20
0.12242
 30
0.0
 10
9.79557
 20
0.26
 30
0.0
 10
9.79557
 20
0.26
 30
0.0
 10
9.99701
 20
0.41627
 30
0.0
 10
10.28206
 20
0.41451
 30
0.0
 10
10.51031
 20
0.32137
 30
0.0
 10
10.51031
 20
0.32137
 30
0.0
 10
10.79534
 20
0.19967
 30
0.0
 10
11.0444
 20
-0.0448
 30
0.0
 10
11.11108
 20
-0.35489
 30
0.0
 10
11.11108
 20
-0.35489
 30
0.0
 10
11.15024
 20
-0.60006
 30
0.0
 10
11.08569
 20
-0.84701
 30
0.0
 10
11.02147
 20
-1.08232
 30
0.0
 10
11.02147
 20
-1.08232
 30
0.0
 10
10.95162
 20
-1.27565
 30
0.0
 10
11.09169
 20
-1.50847
 30
0.0
 10
11.29171
 20
-1.54657
 30
0.0
 10
11.29171
 20
-1.54657
 30
0.0
 10
11.37708
 20
-1.57268
 30
0.0
 10
11.46457
 20
-1.54445
 30
0.0
 10
11.5503
 20
-1.53317
 30
0.0
 10
11.5503
 20
-1.53317
 30
0.0
 10
11.55522
 20
-1.08761
 30
0.0
 10
11.59191
 20
-0.64311
 30
0.0
 10
11.62295
 20
-0.19861
 30
0.0
 10
11.62295
 20
-0.19861
 30
0.0
 10
11.50549
 20
-0.14427
 30
0.0
 10
11.37708
 20
-0.09947
 30
0.0
 10
11.28818
 20
-0.0007
 30
0.0
 10
11.28818
 20
-0.0007
 30
0.0
 10
11.18198
 20
0.11077
 30
0.0
 10
11.13437
 20
0.26246
 30
0.0
 10
11.11355
 20
0.41205
 30
0.0
 10
11.11355
 20
0.41205
 30
0.0
 10
10.96222
 20
0.39863
 30
0.0
 10
10.80065
 20
0.39441
 30
0.0
 10
10.66375
 20
0.47096
 30
0.0
 10
10.66375
 20
0.47096
 30
0.0
 10
10.51207
 20
0.54645
 30
0.0
 10
10.41118
 20
0.69003
 30
0.0
 10
10.34238
 20
0.8403
 30
0.0
 10
10.34238
 20
0.8403
 30
0.0
 10
10.1981
 20
0.79021
 30
0.0
 10
10.04181
 20
0.73518
 30
0.0
 10
9.88976
 20
0.78493
 30
0.0
 10
9.88976
 20
0.78493
 30
0.0
 10
9.72502
 20
0.81915
 30
0.0
 10
9.59801
 20
0.93661
 30
0.0
 10
9.49325
 20
1.06115
 30
0.0
 10
9.49325
 20
1.06115
 30
0.0
 10
9.36518
 20
0.9779
 30
0.0
 10
9.22301
 20
0.90028
 30
0.0
 10
9.06604
 20
0.90099
 30
0.0
 10
9.06604
 20
0.90099
 30
0.0
 10
8.89881
 20
0.89429
 30
0.0
 10
8.74676
 20
0.98
 30
0.0
 10
8.61518
 20
1.07421
 30
0.0
  0
SPLINE
  5
78
330
1F
100
AcDbEntity
  8
Camada 1
 62
   156
100
AcDbSpline
210
0.0
220
0.0
230
1.0
 70
    11
 71
     3
 72
    32
 73
    28
 74
     0
 42
0.0000000001
 43
0.0000000001
 12
1.0
 22
0.0
 32
0.0
 13
1.0
 23
0.0
 33
0.0
 40
0.0
 40
0.0
 40
0.0
 40
0.0
 40
0.125
 40
0.125
 40
0.125
 40
0.125
 40
0.25
 40
0.25
 40
0.25
 40
0.25
 40
0.375
 40
0.375
 40
0.375
 40
0.375
 40
0.5
 40
0.5
 40
0.5
 40
0.5
 40
0.625
 40
0.625
 40
0.625
 40
0.625
 40
0.75
 40
0.75
 40
0.75
 40
0.75
 40
1.0
 40
1.0
 40
1.0
 40
1.0
 10
-0.4064
 20
0.85653
 30
0.0
 10
-0.4064
 20
0.85653
 30
0.0
 10
-0.4064
 20
0.85653
 30
0.0
 10
-0.4064
 20
0.85653
 30
0.0
 10
-0.4064
 20
0.85653
 30
0.0
 10
-0.62934
 20
-0.15909
 30
0.0
 10
-0.82515
 20
-1.18075
 30
0.0
 10
-1.04034
 20
-2.19779
 30
0.0
 10
-1.04034
 20
-2.19779
 30
0.0
 10
-1.14547
 20
-2.7446
 30
0.0
 10
-1.27494
 20
-3.28719
 30
0.0
 10
-1.36842
 20
-3.83611
 30
0.0
 10
-1.36842
 20
-3.83611
 30
0.0
 10
-1.30703
 20
-3.84986
 30
0.0
 10
-1.24529
 20
-3.86326
 30
0.0
 10
-1.18321
 20
-3.87631
 30
0.0
 10
-1.18321
 20
-3.87631
 30
0.0
 10
-0.99694
 20
-3.0621
 30
0.0
 10
-0.82973
 20
-2.24367
 30
0.0
 10
-0.6491
 20
-1.42804
 30
0.0
 10
-0.6491
 20
-1.42804
 30
0.0
 10
-0.50236
 20
-0.72955
 30
0.0
 10
-0.3422
 20
-0.03352
 30
0.0
 10
-0.20072
 20
0.66604
 30
0.0
 10
-0.20072
 20
0.66604
 30
0.0
 10
-0.26704
 20
0.73201
 30
0.0
 10
-0.33408
 20
0.79728
 30
0.0
 10
-0.4064
 20
0.85653
 30
0.0
  0
SPLINE
  5
79
330
1F
100
AcDbEntity
  8
Camada 1
 62
   156
100
AcDbSpline
210
0.0
220
0.0
230
1.0
 70
    11
 71
     3
 72
    20
 73
    16
 74
     0
 42
0.0000000001
 43
0.0000000001
 12
1.0
 22
0.0
 32
0.0
 13
1.0
 23
0.0
 33
0.0
 40
0.0
 40
0.0
 40
0.0
 40
0.0
 40
0.2
 40
0.2
 40
0.2
 40
0.2
 40
0.4
 40
0.4
 40
0.4
 40
0.4
 40
0.6
 40
0.6
 40
0.6
 40
0.6
 40
1.0
 40
1.0
 40
1.0
 40
1.0
 10
6.19441
 20
0.71931
 30
0.0
 10
6.19441
 20
0.71931
 30
0.0
 10
6.19441
 20
0.71931
 30
0.0
 10
6.19441
 20
0.71931
 30
0.0
 10
6.19441
 20
0.71931
 30
0.0
 10
6.09528
 20
0.68757
 30
0.0
 10
6.09106
 20
0.56303
 30
0.0
 10
6.12034
 20
0.48048
 30
0.0
 10
6.12034
 20
0.48048
 30
0.0
 10
6.18277
 20
0.36724
 30
0.0
 10
6.41103
 20
0.39158
 30
0.0
 10
6.41173
 20
0.53764
 30
0.0
 10
6.41173
 20
0.53764
 30
0.0
 10
6.44983
 20
0.6625
 30
0.0
 10
6.30765
 20
0.76975
 30
0.0
 10
6.19441
 20
0.71931
 30
0.0
  0
SPLINE
  5
7A
330
1F
100
AcDbEntity
  8
Camada 1
 62
   156
100
AcDbSpline
210
0.0
220
0.0
230
1.0
 70
    11
 71
     3
 72
    80
 73
    76
 74
     0
 42
0.0000000001
 43
0.0000000001
 12
1.0
 22
0.0
 32
0.0
 13
1.0
 23
0.0
 33
0.0
 40
0.0
 40
0.0
 40
0.0
 40
0.0
 40
0.05
 40
0.05
 40
0.05
 40
0.05
 40
0.1
 40
0.1
 40
0.1
 40
0.1
 40
0.15
 40
0.15
 40
0.15
 40
0.15
 40
0.2
 40
0.2
 40
0.2
 40
0.2
 40
0.25
 40
0.25
 40
0.25
 40
0.25
 40
0.3
 40
0.3
 40
0.3
 40
0.3
 40
0.35
 40
0.35
 40
0.35
 40
0.35
 40
0.4
 40
0.4
 40
0.4
 40
0.4
 40
0.45
 40
0.45
 40
0.45
 40
0.45
 40
0.5
 40
0.5
 40
0.5
 40
0.5
 40
0.55
 40
0.55
 40
0.55
 40
0.55
 40
0.6
 40
0.6
 40
0.6
 40
0.6
 40
0.65
 40
0.65
 40
0.65
 40
0.65
 40
0.7
 40
0.7
 40
0.7
 40
0.7
 40
0.75
 40
0.75
 40
0.75
 40
0.75
 40
0.8
 40
0.8
 40
0.8
 40
0.8
 40
0.85
 40
0.85
 40
0.85
 40
0.85
 40
0.9
 40
0.9
 40
0.9
 40
0.9
 40
1.0
 40
1.0
 40
1.0
 40
1.0
 10
-5.42748
 20
-3.21168
 30
0.0
 10
-5.42748
 20
-3.21168
 30
0.0
 10
-5.42748
 20
-3.21168
 30
0.0
 10
-5.42748
 20
-3.21168
 30
0.0
 10
-5.42748
 20
-3.21168
 30
0.0
 10
-5.56789
 20
-3.50097
 30
0.0
 10
-5.52591
 20
-3.8414
 30
0.0
 10
-5.43665
 20
-4.13948
 30
0.0
 10
-5.43665
 20
-4.13948
 30
0.0
 10
-5.40315
 20
-4.26931
 30
0.0
 10
-5.31883
 20
-4.39454
 30
0.0
 10
-5.34563
 20
-4.5339
 30
0.0
 10
-5.34563
 20
-4.5339
 30
0.0
 10
-5.36821
 20
-4.63337
 30
0.0
 10
-5.4804
 20
-4.66054
 30
0.0
 10
-5.55378
 20
-4.71311
 30
0.0
 10
-5.55378
 20
-4.71311
 30
0.0
 10
-5.67302
 20
-4.77838
 30
0.0
 10
-5.74533
 20
-4.91101
 30
0.0
 10
-5.74216
 20
-5.04647
 30
0.0
 10
-5.74216
 20
-5.04647
 30
0.0
 10
-5.76226
 20
-5.37562
 30
0.0
 10
-5.54531
 20
-5.66878
 30
0.0
 10
-5.28355
 20
-5.84588
 30
0.0
 10
-5.28355
 20
-5.84588
 30
0.0
 10
-5.00768
 20
-6.04131
 30
0.0
 10
-4.65278
 20
-6.08717
 30
0.0
 10
-4.32435
 20
-6.03744
 30
0.0
 10
-4.32435
 20
-6.03744
 30
0.0
 10
-3.92289
 20
-5.9711
 30
0.0
 10
-3.54612
 20
-5.79683
 30
0.0
 10
-3.20357
 20
-5.58129
 30
0.0
 10
-3.20357
 20
-5.58129
 30
0.0
 10
-3.08363
 20
-5.51074
 30
0.0
 10
-3.00107
 20
-5.39362
 30
0.0
 10
-2.95556
 20
-5.26379
 30
0.0
 10
-2.95556
 20
-5.26379
 30
0.0
 10
-3.27447
 20
-5.25392
 30
0.0
 10
-3.59304
 20
-5.29624
 30
0.0
 10
-3.91159
 20
-5.2719
 30
0.0
 10
-3.91159
 20
-5.2719
 30
0.0
 10
-4.3434
 20
-5.22922
 30
0.0
 10
-4.72792
 20
-4.97416
 30
0.0
 10
-5.0045
 20
-4.6503
 30
0.0
 10
-5.0045
 20
-4.6503
 30
0.0
 10
-5.15761
 20
-4.47745
 30
0.0
 10
-5.20276
 20
-4.19876
 30
0.0
 10
-5.06201
 20
-4.00578
 30
0.0
 10
-5.06201
 20
-4.00578
 30
0.0
 10
-4.89408
 20
-3.77684
 30
0.0
 10
-4.61327
 20
-3.66394
 30
0.0
 10
-4.34092
 20
-3.62055
 30
0.0
 10
-4.34092
 20
-3.62055
 30
0.0
 10
-3.86291
 20
-3.57716
 30
0.0
 10
-3.417
 20
-3.82517
 30
0.0
 10
-3.05752
 20
-4.11656
 30
0.0
 10
-3.05752
 20
-4.11656
 30
0.0
 10
-2.88042
 20
-4.24956
 30
0.0
 10
-2.75166
 20
-4.43934
 30
0.0
 10
-2.5601
 20
-4.554
 30
0.0
 10
-2.5601
 20
-4.554
 30
0.0
 10
-2.55622
 20
-4.36138
 30
0.0
 10
-2.62325
 20
-4.1663
 30
0.0
 10
-2.75201
 20
-4.02237
 30
0.0
 10
-2.75201
 20
-4.02237
 30
0.0
 10
-3.04305
 20
-3.69992
 30
0.0
 10
-3.36868
 20
-3.40535
 30
0.0
 10
-3.73839
 20
-3.17534
 30
0.0
 10
-3.73839
 20
-3.17534
 30
0.0
 10
-4.08622
 20
-2.94286
 30
0.0
 10
-4.5145
 20
-2.83104
 30
0.0
 10
-4.93148
 20
-2.87267
 30
0.0
 10
-4.93148
 20
-2.87267
 30
0.0
 10
-5.1382
 20
-2.89701
 30
0.0
 10
-5.33752
 20
-3.02012
 30
0.0
 10
-5.42748
 20
-3.21168
 30
0.0
  0
SPLINE
  5
7B
330
1F
100
AcDbEntity
  8
Camada 1
 62
   156
100
AcDbSpline
210
0.0
220
0.0
230
1.0
 70
    11
 71
     3
 72
    84
 73
    80
 74
     0
 42
0.0000000001
 43
0.0000000001
 12
1.0
 22
0.0
 32
0.0
 13
1.0
 23
0.0
 33
0.0
 40
0.0
 40
0.0
 40
0.0
 40
0.0
 40
0.0476190476190476
 40
0.0476190476190476
 40
0.0476190476190476
 40
0.0476190476190476
 40
0.0952380952380952
 40
0.0952380952380952
 40
0.0952380952380952
 40
0.0952380952380952
 40
0.1428571428571428
 40
0.1428571428571428
 40
0.1428571428571428
 40
0.1428571428571428
 40
0.1904761904761905
 40
0.1904761904761905
 40
0.1904761904761905
 40
0.1904761904761905
 40
0.2380952380952381
 40
0.2380952380952381
 40
0.2380952380952381
 40
0.2380952380952381
 40
0.2857142857142857
 40
0.2857142857142857
 40
0.2857142857142857
 40
0.2857142857142857
 40
0.3333333333333333
 40
0.3333333333333333
 40
0.3333333333333333
 40
0.3333333333333333
 40
0.3809523809523809
 40
0.3809523809523809
 40
0.3809523809523809
 40
0.3809523809523809
 40
0.4285714285714285
 40
0.4285714285714285
 40
0.4285714285714285
 40
0.4285714285714285
 40
0.4761904761904762
 40
0.4761904761904762
 40
0.4761904761904762
 40
0.4761904761904762
 40
0.5238095238095238
 40
0.5238095238095238
 40
0.5238095238095238
 40
0.5238095238095238
 40
0.5714285714285714
 40
0.5714285714285714
 40
0.5714285714285714
 40
0.5714285714285714
 40
0.6190476190476191
 40
0.6190476190476191
 40
0.6190476190476191
 40
0.6190476190476191
 40
0.6666666666666666
 40
0.6666666666666666
 40
0.6666666666666666
 40
0.6666666666666666
 40
0.7142857142857143
 40
0.7142857142857143
 40
0.7142857142857143
 40
0.7142857142857143
 40
0.7619047619047619
 40
0.7619047619047619
 40
0.7619047619047619
 40
0.7619047619047619
 40
0.8095238095238095
 40
0.8095238095238095
 40
0.8095238095238095
 40
0.8095238095238095
 40
0.8571428571428571
 40
0.8571428571428571
 40
0.8571428571428571
 40
0.8571428571428571
 40
0.9047619047619048
 40
0.9047619047619048
 40
0.9047619047619048
 40
0.9047619047619048
 40
1.0
 40
1.0
 40
1.0
 40
1.0
 10
1.36172
 20
-4.26473
 30
0.0
 10
1.36172
 20
-4.26473
 30
0.0
 10
1.36172
 20
-4.26473
 30
0.0
 10
1.36172
 20
-4.26473
 30
0.0
 10
1.36172
 20
-4.26473
 30
0.0
 10
0.84561
 20
-4.34481
 30
0.0
 10
0.33796
 20
-4.50108
 30
0.0
 10
-0.12171
 20
-4.75121
 30
0.0
 10
-0.12171
 20
-4.75121
 30
0.0
 10
-0.22331
 20
-4.80589
 30
0.0
 10
-0.28787
 20
-4.90536
 30
0.0
 10
-0.33548
 20
-5.00732
 30
0.0
 10
-0.33548
 20
-5.00732
 30
0.0
 10
-0.16581
 20
-5.01085
 30
0.0
 10
-0.01763
 20
-4.923
 30
0.0
 10
0.13935
 20
-4.87362
 30
0.0
 10
0.13935
 20
-4.87362
 30
0.0
 10
0.51435
 20
-4.74732
 30
0.0
 10
0.92004
 20
-4.69618
 30
0.0
 10
1.31197
 20
-4.76391
 30
0.0
 10
1.31197
 20
-4.76391
 30
0.0
 10
1.64394
 20
-4.8274
 30
0.0
 10
1.94486
 20
-5.03307
 30
0.0
 10
2.12372
 20
-5.31953
 30
0.0
 10
2.12372
 20
-5.31953
 30
0.0
 10
2.20944
 20
-5.46276
 30
0.0
 10
2.26659
 20
-5.64198
 30
0.0
 10
2.2052
 20
-5.80531
 30
0.0
 10
2.2052
 20
-5.80531
 30
0.0
 10
2.14029
 20
-6.00745
 30
0.0
 10
1.94203
 20
-6.12668
 30
0.0
 10
1.75224
 20
-6.19337
 30
0.0
 10
1.75224
 20
-6.19337
 30
0.0
 10
1.44955
 20
-6.30096
 30
0.0
 10
1.12253
 20
-6.3701
 30
0.0
 10
0.80115
 20
-6.31895
 30
0.0
 10
0.80115
 20
-6.31895
 30
0.0
 10
0.53552
 20
-6.28049
 30
0.0
 10
0.28575
 20
-6.17466
 30
0.0
 10
0.04726
 20
-6.05579
 30
0.0
 10
0.04726
 20
-6.05579
 30
0.0
 10
-0.03245
 20
-6.0152
 30
0.0
 10
-0.1157
 20
-5.98204
 30
0.0
 10
-0.20319
 20
-5.96265
 30
0.0
 10
-0.20319
 20
-5.96265
 30
0.0
 10
-0.2025
 20
-6.04872
 30
0.0
 10
-0.19156
 20
-6.13692
 30
0.0
 10
-0.14252
 20
-6.2103
 30
0.0
 10
-0.14252
 20
-6.2103
 30
0.0
 10
0.15451
 20
-6.66326
 30
0.0
 10
0.54115
 20
-7.10282
 30
0.0
 10
1.06469
 20
-7.2898
 30
0.0
 10
1.06469
 20
-7.2898
 30
0.0
 10
1.40935
 20
-7.4055
 30
0.0
 10
1.80586
 20
-7.35787
 30
0.0
 10
2.1103
 20
-7.15751
 30
0.0
 10
2.1103
 20
-7.15751
 30
0.0
 10
2.27612
 20
-7.03438
 30
0.0
 10
2.43733
 20
-6.852
 30
0.0
 10
2.41864
 20
-6.63081
 30
0.0
 10
2.41864
 20
-6.63081
 30
0.0
 10
2.425
 20
-6.48053
 30
0.0
 10
2.28669
 20
-6.3888
 30
0.0
 10
2.23555
 20
-6.26145
 30
0.0
 10
2.23555
 20
-6.26145
 30
0.0
 10
2.19816
 20
-6.13233
 30
0.0
 10
2.3054
 20
-6.0325
 30
0.0
 10
2.38653
 20
-5.94959
 30
0.0
 10
2.38653
 20
-5.94959
 30
0.0
 10
2.63243
 20
-5.70618
 30
0.0
 10
2.83562
 20
-5.39467
 30
0.0
 10
2.86666
 20
-5.04225
 30
0.0
 10
2.86666
 20
-5.04225
 30
0.0
 10
2.87867
 20
-4.79953
 30
0.0
 10
2.73368
 20
-4.57305
 30
0.0
 10
2.52482
 20
-4.45664
 30
0.0
 10
2.52482
 20
-4.45664
 30
0.0
 10
2.17487
 20
-4.26049
 30
0.0
 10
1.75541
 20
-4.20722
 30
0.0
 10
1.36172
 20
-4.26473
 30
0.0
  0
SPLINE
  5
7C
330
1F
100
AcDbEntity
  8
Camada 1
 62
   156
100
AcDbSpline
210
0.0
220
0.0
230
1.0
 70
    11
 71
     3
 72
    40
 73
    36
 74
     0
 42
0.0000000001
 43
0.0000000001
 12
1.0
 22
0.0
 32
0.0
 13
1.0
 23
0.0
 33
0.0
 40
0.0
 40
0.0
 40
0.0
 40
0.0
 40
0.1
 40
0.1
 40
0.1
 40
0.1
 40
0.2
 40
0.2
 40
0.2
 40
0.2
 40
0.3
 40
0.3
 40
0.3
 40
0.3
 40
0.4
 40
0.4
 40
0.4
 40
0.4
 40
0.5
 40
0.5
 40
0.5
 40
0.5
 40
0.6
 40
0.6
 40
0.6
 40
0.6
 40
0.7
 40
0.7
 40
0.7
 40
0.7
 40
0.8
 40
0.8
 40
0.8
 40
0.8
 40
1.0
 40
1.0
 40
1.0
 40
1.0
 10
-1.9251
 20
-4.57164
 30
0.0
 10
-1.9251
 20
-4.57164
 30
0.0
 10
-1.9251
 20
-4.57164
 30
0.0
 10
-1.9251
 20
-4.57164
 30
0.0
 10
-1.9251
 20
-4.57164
 30
0.0
 10
-1.87359
 20
-4.79636
 30
0.0
 10
-1.85632
 20
-5.04084
 30
0.0
 10
-1.94556
 20
-5.25921
 30
0.0
 10
-1.94556
 20
-5.25921
 30
0.0
 10
-1.9745
 20
-5.34105
 30
0.0
 10
-2.02388
 20
-5.41513
 30
0.0
 10
-2.04364
 20
-5.5005
 30
0.0
 10
-2.04364
 20
-5.5005
 30
0.0
 10
-2.0253
 20
-5.58058
 30
0.0
 10
-1.94062
 20
-5.61622
 30
0.0
 10
-1.87678
 20
-5.65572
 30
0.0
 10
-1.87678
 20
-5.65572
 30
0.0
 10
-1.63795
 20
-5.77249
 30
0.0
 10
-1.34761
 20
-5.81413
 30
0.0
 10
-1.09819
 20
-5.70442
 30
0.0
 10
-1.09819
 20
-5.70442
 30
0.0
 10
-1.11583
 20
-5.53755
 30
0.0
 10
-1.14687
 20
-5.36397
 30
0.0
 10
-1.08549
 20
-5.20206
 30
0.0
 10
-1.08549
 20
-5.20206
 30
0.0
 10
-1.04598
 20
-5.04437
 30
0.0
 10
-0.93556
 20
-4.91842
 30
0.0
 10
-0.88123
 20
-4.76815
 30
0.0
 10
-0.88123
 20
-4.76815
 30
0.0
 10
-0.96697
 20
-4.64114
 30
0.0
 10
-1.11794
 20
-4.57975
 30
0.0
 10
-1.25835
 20
-4.5339
 30
0.0
 10
-1.25835
 20
-4.5339
 30
0.0
 10
-1.4753
 20
-4.47604
 30
0.0
 10
-1.72332
 20
-4.45487
 30
0.0
 10
-1.9251
 20
-4.57164
 30
0.0
  0
SPLINE
  5
7D
330
1F
100
AcDbEntity
  8
Camada 1
 62
   156
100
AcDbSpline
210
0.0
220
0.0
230
1.0
 70
    11
 71
     3
 72
    44
 73
    40
 74
     0
 42
0.0000000001
 43
0.0000000001
 12
1.0
 22
0.0
 32
0.0
 13
1.0
 23
0.0
 33
0.0
 40
0.0
 40
0.0
 40
0.0
 40
0.0
 40
0.0909090909090909
 40
0.0909090909090909
 40
0.0909090909090909
 40
0.0909090909090909
 40
0.1818181818181818
 40
0.1818181818181818
 40
0.1818181818181818
 40
0.1818181818181818
 40
0.2727272727272727
 40
0.2727272727272727
 40
0.2727272727272727
 40
0.2727272727272727
 40
0.3636363636363636
 40
0.3636363636363636
 40
0.3636363636363636
 40
0.3636363636363636
 40
0.4545454545454545
 40
0.4545454545454545
 40
0.4545454545454545
 40
0.4545454545454545
 40
0.5454545454545454
 40
0.5454545454545454
 40
0.5454545454545454
 40
0.5454545454545454
 40
0.6363636363636364
 40
0.6363636363636364
 40
0.6363636363636364
 40
0.6363636363636364
 40
0.7272727272727273
 40
0.7272727272727273
 40
0.7272727272727273
 40
0.7272727272727273
 40
0.8181818181818182
 40
0.8181818181818182
 40
0.8181818181818182
 40
0.8181818181818182
 40
1.0
 40
1.0
 40
1.0
 40
1.0
 10
-3.27659
 20
-6.38951
 30
0.0
 10
-3.27659
 20
-6.38951
 30
0.0
 10
-3.27659
 20
-6.38951
 30
0.0
 10
-3.27659
 20
-6.38951
 30
0.0
 10
-3.27659
 20
-6.38951
 30
0.0
 10
-3.77367
 20
-6.82412
 30
0.0
 10
-4.15607
 20
-7.38786
 30
0.0
 10
-4.37409
 20
-8.01158
 30
0.0
 10
-4.37409
 20
-8.01158
 30
0.0
 10
-4.43547
 20
-8.20137
 30
0.0
 10
-4.48592
 20
-8.40668
 30
0.0
 10
-4.42453
 20
-8.60354
 30
0.0
 10
-4.42453
 20
-8.60354
 30
0.0
 10
-4.15149
 20
-8.5866
 30
0.0
 10
-3.95076
 20
-8.3252
 30
0.0
 10
-3.66854
 20
-8.34636
 30
0.0
 10
-3.66854
 20
-8.34636
 30
0.0
 10
-3.5373
 20
-8.35871
 30
0.0
 10
-3.48933
 20
-8.49312
 30
0.0
 10
-3.45052
 20
-8.59895
 30
0.0
 10
-3.45052
 20
-8.59895
 30
0.0
 10
-3.39653
 20
-8.75736
 30
0.0
 10
-3.32034
 20
-8.90905
 30
0.0
 10
-3.20604
 20
-9.03323
 30
0.0
 10
-3.20604
 20
-9.03323
 30
0.0
 10
-3.04694
 20
-8.8332
 30
0.0
 10
-3.08363
 20
-8.56192
 30
0.0
 10
-3.08751
 20
-8.32414
 30
0.0
 10
-3.08751
 20
-8.32414
 30
0.0
 10
-3.1249
 20
-7.72829
 30
0.0
 10
-3.20852
 20
-7.1053
 30
0.0
 10
-2.99402
 20
-6.53133
 30
0.0
 10
-2.99402
 20
-6.53133
 30
0.0
 10
-2.93616
 20
-6.35246
 30
0.0
 10
-2.82222
 20
-6.19972
 30
0.0
 10
-2.75271
 20
-6.02614
 30
0.0
 10
-2.75271
 20
-6.02614
 30
0.0
 10
-2.95134
 20
-6.10799
 30
0.0
 10
-3.1136
 20
-6.25369
 30
0.0
 10
-3.27659
 20
-6.38951
 30
0.0
  0
SPLINE
  5
7E
330
1F
100
AcDbEntity
  8
Camada 1
 62
   156
100
AcDbSpline
210
0.0
220
0.0
230
1.0
 70
    11
 71
     3
 72
    64
 73
    60
 74
     0
 42
0.0000000001
 43
0.0000000001
 12
1.0
 22
0.0
 32
0.0
 13
1.0
 23
0.0
 33
0.0
 40
0.0
 40
0.0
 40
0.0
 40
0.0
 40
0.0625
 40
0.0625
 40
0.0625
 40
0.0625
 40
0.125
 40
0.125
 40
0.125
 40
0.125
 40
0.1875
 40
0.1875
 40
0.1875
 40
0.1875
 40
0.25
 40
0.25
 40
0.25
 40
0.25
 40
0.3125
 40
0.3125
 40
0.3125
 40
0.3125
 40
0.375
 40
0.375
 40
0.375
 40
0.375
 40
0.4375
 40
0.4375
 40
0.4375
 40
0.4375
 40
0.5
 40
0.5
 40
0.5
 40
0.5
 40
0.5625
 40
0.5625
 40
0.5625
 40
0.5625
 40
0.625
 40
0.625
 40
0.625
 40
0.625
 40
0.6875
 40
0.6875
 40
0.6875
 40
0.6875
 40
0.75
 40
0.75
 40
0.75
 40
0.75
 40
0.8125
 40
0.8125
 40
0.8125
 40
0.8125
 40
0.875
 40
0.875
 40
0.875
 40
0.875
 40
1.0
 40
1.0
 40
1.0
 40
1.0
 10
-1.86055
 20
-6.28332
 30
0.0
 10
-1.86055
 20
-6.28332
 30
0.0
 10
-1.86055
 20
-6.28332
 30
0.0
 10
-1.86055
 20
-6.28332
 30
0.0
 10
-1.86055
 20
-6.28332
 30
0.0
 10
-2.16817
 20
-7.9315
 30
0.0
 10
-2.45957
 20
-9.5832
 30
0.0
 10
-2.76365
 20
-11.23244
 30
0.0
 10
-2.76365
 20
-11.23244
 30
0.0
 10
-2.8402
 20
-11.65542
 30
0.0
 10
-2.75731
 20
-12.14508
 30
0.0
 10
-2.42181
 20
-12.44106
 30
0.0
 10
-2.42181
 20
-12.44106
 30
0.0
 10
-2.24367
 20
-12.61745
 30
0.0
 10
-1.98261
 20
-12.63826
 30
0.0
 10
-1.75083
 20
-12.69259
 30
0.0
 10
-1.75083
 20
-12.69259
 30
0.0
 10
-1.55081
 20
-12.74022
 30
0.0
 10
-1.33278
 20
-12.73457
 30
0.0
 10
-1.14687
 20
-12.64002
 30
0.0
 10
-1.14687
 20
-12.64002
 30
0.0
 10
-0.77927
 20
-12.4587
 30
0.0
 10
-0.54186
 20
-12.07947
 30
0.0
 10
-0.45861
 20
-11.68681
 30
0.0
 10
-0.45861
 20
-11.68681
 30
0.0
 10
-0.41416
 20
-11.46245
 30
0.0
 10
-0.35348
 20
-11.24091
 30
0.0
 10
-0.32278
 20
-11.01407
 30
0.0
 10
-0.32278
 20
-11.01407
 30
0.0
 10
-0.40111
 20
-10.99889
 30
0.0
 10
-0.47941
 20
-10.98515
 30
0.0
 10
-0.55808
 20
-10.9728
 30
0.0
 10
-0.55808
 20
-10.9728
 30
0.0
 10
-0.60359
 20
-11.17811
 30
0.0
 10
-0.64381
 20
-11.38449
 30
0.0
 10
-0.69108
 20
-11.58945
 30
0.0
 10
-0.69108
 20
-11.58945
 30
0.0
 10
-0.74753
 20
-11.83498
 30
0.0
 10
-0.87841
 20
-12.06465
 30
0.0
 10
-1.06997
 20
-12.22974
 30
0.0
 10
-1.06997
 20
-12.22974
 30
0.0
 10
-1.23155
 20
-12.37226
 30
0.0
 10
-1.46049
 20
-12.44318
 30
0.0
 10
-1.67286
 20
-12.39166
 30
0.0
 10
-1.67286
 20
-12.39166
 30
0.0
 10
-1.87466
 20
-12.34298
 30
0.0
 10
-2.10431
 20
-12.32782
 30
0.0
 10
-2.25777
 20
-12.17083
 30
0.0
 10
-2.25777
 20
-12.17083
 30
0.0
 10
-2.52024
 20
-11.90766
 30
0.0
 10
-2.57245
 20
-11.49914
 30
0.0
 10
-2.4966
 20
-11.14848
 30
0.0
 10
-2.4966
 20
-11.14848
 30
0.0
 10
-2.21014
 20
-9.54651
 30
0.0
 10
-1.91523
 20
-7.94561
 30
0.0
 10
-1.63547
 20
-6.34223
 30
0.0
 10
-1.63547
 20
-6.34223
 30
0.0
 10
-1.71026
 20
-6.32107
 30
0.0
 10
-1.78505
 20
-6.30061
 30
0.0
 10
-1.86055
 20
-6.28332
 30
0.0
  0
SPLINE
  5
7F
330
1F
100
AcDbEntity
  8
Camada 1
 62
   156
100
AcDbSpline
210
0.0
220
0.0
230
1.0
 70
    11
 71
     3
 72
    48
 73
    44
 74
     0
 42
0.0000000001
 43
0.0000000001
 12
1.0
 22
0.0
 32
0.0
 13
1.0
 23
0.0
 33
0.0
 40
0.0
 40
0.0
 40
0.0
 40
0.0
 40
0.0833333333333333
 40
0.0833333333333333
 40
0.0833333333333333
 40
0.0833333333333333
 40
0.1666666666666667
 40
0.1666666666666667
 40
0.1666666666666667
 40
0.1666666666666667
 40
0.25
 40
0.25
 40
0.25
 40
0.25
 40
0.3333333333333333
 40
0.3333333333333333
 40
0.3333333333333333
 40
0.3333333333333333
 40
0.4166666666666667
 40
0.4166666666666667
 40
0.4166666666666667
 40
0.4166666666666667
 40
0.5
 40
0.5
 40
0.5
 40
0.5
 40
0.5833333333333334
 40
0.5833333333333334
 40
0.5833333333333334
 40
0.5833333333333334
 40
0.6666666666666666
 40
0.6666666666666666
 40
0.6666666666666666
 40
0.6666666666666666
 40
0.75
 40
0.75
 40
0.75
 40
0.75
 40
0.8333333333333334
 40
0.8333333333333334
 40
0.8333333333333334
 40
0.8333333333333334
 40
1.0
 40
1.0
 40
1.0
 40
1.0
 10
-0.6932
 20
-6.41103
 30
0.0
 10
-0.6932
 20
-6.41103
 30
0.0
 10
-0.6932
 20
-6.41103
 30
0.0
 10
-0.6932
 20
-6.41103
 30
0.0
 10
-0.6932
 20
-6.41103
 30
0.0
 10
-0.69497
 20
-6.56802
 30
0.0
 10
-0.65792
 20
-6.72287
 30
0.0
 10
-0.66357
 20
-6.88021
 30
0.0
 10
-0.66357
 20
-6.88021
 30
0.0
 10
-0.68085
 20
-7.15715
 30
0.0
 10
-0.74048
 20
-7.43126
 30
0.0
 10
-0.8442
 20
-7.68879
 30
0.0
 10
-0.8442
 20
-7.68879
 30
0.0
 10
-1.00717
 20
-8.11671
 30
0.0
 10
-1.27494
 20
-8.49383
 30
0.0
 10
-1.4545
 20
-8.91399
 30
0.0
 10
-1.4545
 20
-8.91399
 30
0.0
 10
-1.51306
 20
-9.04699
 30
0.0
 10
-1.54094
 20
-9.19161
 30
0.0
 10
-1.53
 20
-9.33732
 30
0.0
 10
-1.53
 20
-9.33732
 30
0.0
 10
-1.34972
 20
-9.29534
 30
0.0
 10
-1.21813
 20
-9.15916
 30
0.0
 10
-1.09255
 20
-9.03286
 30
0.0
 10
-1.09255
 20
-9.03286
 30
0.0
 10
-1.02164
 20
-8.9549
 30
0.0
 10
-0.92569
 20
-8.87306
 30
0.0
 10
-0.81209
 20
-8.90939
 30
0.0
 10
-0.81209
 20
-8.90939
 30
0.0
 10
-0.55633
 20
-9.01171
 30
0.0
 10
-0.45931
 20
-9.29993
 30
0.0
 10
-0.24411
 20
-9.45515
 30
0.0
 10
-0.24411
 20
-9.45515
 30
0.0
 10
-0.0762
 20
-9.32003
 30
0.0
 10
-0.05927
 20
-9.08861
 30
0.0
 10
-0.0254
 20
-8.89141
 30
0.0
 10
-0.0254
 20
-8.89141
 30
0.0
 10
0.02998
 20
-8.18091
 30
0.0
 10
-0.10125
 20
-7.45101
 30
0.0
 10
-0.43215
 20
-6.81743
 30
0.0
 10
-0.43215
 20
-6.81743
 30
0.0
 10
-0.50658
 20
-6.67456
 30
0.0
 10
-0.57925
 20
-6.52709
 30
0.0
 10
-0.6932
 20
-6.41103
 30
0.0
  0
ENDSEC
  0
SECTION
  2
OBJECTS
  0
DICTIONARY
  5
C
330
0
100
AcDbDictionary
281
     1
  3
ACAD_GROUP
350
D
  3
ACAD_LAYOUT
350
1A
  3
ACAD_MATERIAL
350
3B
  3
ACAD_MLEADERSTYLE
350
A1
  3
ACAD_MLINESTYLE
350
17
  3
ACAD_PLOTSETTINGS
350
19
  3
ACAD_PLOTSTYLENAME
350
E
  3
ACAD_TABLESTYLE
350
A0
  3
ACAD_VISUALSTYLE
350
2A
  0
DICTIONARY
  5
D
102
{ACAD_REACTORS
330
C
102
}
330
C
100
AcDbDictionary
281
     1
  0
DICTIONARY
  5
1A
102
{ACAD_REACTORS
330
C
102
}
330
C
100
AcDbDictionary
281
     1
  3
Layout1
350
1E
  3
Layout2
350
26
  3
Model
350
22
  0
DICTIONARY
  5
3B
102
{ACAD_REACTORS
330
C
102
}
330
C
100
AcDbDictionary
281
     1
  3
ByBlock
350
3D
  3
ByLayer
350
3C
  3
Global
350
3E
  0
DICTIONARY
  5
A1
102
{ACAD_REACTORS
330
C
102
}
330
C
100
AcDbDictionary
281
     1
  0
DICTIONARY
  5
17
102
{ACAD_REACTORS
330
C
102
}
330
C
100
AcDbDictionary
281
     1
  3
Standard
350
18
  0
DICTIONARY
  5
19
102
{ACAD_REACTORS
330
C
102
}
330
C
100
AcDbDictionary
281
     1
  0
ACDBDICTIONARYWDFLT
  5
E
102
{ACAD_REACTORS
330
C
102
}
330
C
100
AcDbDictionary
281
     1
  3
Normal
350
F
100
AcDbDictionaryWithDefault
340
F
  0
DICTIONARY
  5
A0
102
{ACAD_REACTORS
330
C
102
}
330
C
100
AcDbDictionary
281
     1
  0
DICTIONARY
  5
2A
102
{ACAD_REACTORS
330
C
102
}
330
C
100
AcDbDictionary
281
     1
  3
2dWireframe
350
2F
  3
3D Hidden
350
31
  3
3dWireframe
350
30
  3
Basic
350
32
  3
Brighten
350
36
  3
ColorChange
350
3A
  3
Conceptual
350
34
  3
Dim
350
35
  3
Facepattern
350
39
  3
Flat
350
2B
  3
FlatWithEdges
350
2C
  3
Gouraud
350
2D
  3
GouraudWithEdges
350
2E
  3
Linepattern
350
38
  3
Realistic
350
33
  3
Thicken
350
37
  0
LAYOUT
  5
1E
102
{ACAD_REACTORS
330
1A
102
}
330
1A
100
AcDbPlotSettings
  1

  2
none_device
  4

  6

 40
0.0
 41
0.0
 42
0.0
 43
0.0
 44
0.0
 45
0.0
 46
0.0
 47
0.0
 48
0.0
 49
0.0
140
0.0
141
0.0
142
1.0
143
1.0
 70
   688
 72
     0
 73
     0
 74
     5
  7

 75
    16
 76
     0
 77
     2
 78
   300
147
1.0
148
0.0
149
0.0
100
AcDbLayout
  1
Layout1
 70
     1
 71
     1
 10
0.0
 20
0.0
 11
12.0
 21
9.0
 12
0.0
 22
0.0
 32
0.0
 14
1.000000000000000E+20
 24
1.000000000000000E+20
 34
1.000000000000000E+20
 15
-1.000000000000000E+20
 25
-1.000000000000000E+20
 35
-1.000000000000000E+20
146
0.0
 13
0.0
 23
0.0
 33
0.0
 16
1.0
 26
0.0
 36
0.0
 17
0.0
 27
1.0
 37
0.0
 76
     0
330
1B
  0
LAYOUT
  5
26
102
{ACAD_REACTORS
330
1A
102
}
330
1A
100
AcDbPlotSettings
  1

  2
none_device
  4

  6

 40
0.0
 41
0.0
 42
0.0
 43
0.0
 44
0.0
 45
0.0
 46
0.0
 47
0.0
 48
0.0
 49
0.0
140
0.0
141
0.0
142
1.0
143
1.0
 70
   688
 72
     0
 73
     0
 74
     5
  7

 75
    16
 76
     0
 77
     2
 78
   300
147
1.0
148
0.0
149
0.0
100
AcDbLayout
  1
Layout2
 70
     1
 71
     2
 10
0.0
 20
0.0
 11
0.0
 21
0.0
 12
0.0
 22
0.0
 32
0.0
 14
0.0
 24
0.0
 34
0.0
 15
0.0
 25
0.0
 35
0.0
146
0.0
 13
0.0
 23
0.0
 33
0.0
 16
1.0
 26
0.0
 36
0.0
 17
0.0
 27
1.0
 37
0.0
 76
     0
330
23
  0
LAYOUT
  5
22
102
{ACAD_REACTORS
330
1A
102
}
330
1A
100
AcDbPlotSettings
  1

  2
none_device
  4

  6

 40
0.0
 41
0.0
 42
0.0
 43
0.0
 44
0.0
 45
0.0
 46
0.0
 47
0.0
 48
0.0
 49
0.0
140
0.0
141
0.0
142
1.0
143
1.0
 70
  1712
 72
     0
 73
     0
 74
     0
  7

 75
     0
 76
     0
 77
     2
 78
   300
147
1.0
148
0.0
149
0.0
100
AcDbLayout
  1
Model
 70
     1
 71
     0
 10
0.0
 20
0.0
 11
12.0
 21
9.0
 12
0.0
 22
0.0
 32
0.0
 14
-12.17371
 24
-13.27692
 34
0.0
 15
12.1848
 25
13.24508
 35
0.0
146
0.0
 13
0.0
 23
0.0
 33
0.0
 16
1.0
 26
0.0
 36
0.0
 17
0.0
 27
1.0
 37
0.0
 76
     0
330
1F
331
29
  0
MATERIAL
  5
3D
102
{ACAD_REACTORS
330
3B
102
}
330
3B
100
AcDbMaterial
  1
ByBlock
 72
     1
 94
      127
  0
MATERIAL
  5
3C
102
{ACAD_REACTORS
330
3B
102
}
330
3B
100
AcDbMaterial
  1
ByLayer
 72
     1
 94
      127
  0
MATERIAL
  5
3E
102
{ACAD_REACTORS
330
3B
102
}
330
3B
100
AcDbMaterial
  1
Global
 72
     1
 94
      127
  0
MLINESTYLE
  5
18
102
{ACAD_REACTORS
330
17
102
}
330
17
100
AcDbMlineStyle
  2
Standard
 70
     0
  3

 62
   256
 51
90.0
 52
90.0
 71
     2
 49
0.5
 62
   256
  6
BYLAYER
 49
-0.5
 62
   256
  6
BYLAYER
  0
ACDBPLACEHOLDER
  5
F
102
{ACAD_REACTORS
330
E
102
}
330
E
  0
VISUALSTYLE
  5
2F
102
{ACAD_REACTORS
330
2A
102
}
102
{ACAD_XDICTIONARY
360
88
102
}
330
2A
100
AcDbVisualStyle
  2
2dWireframe
 70
     4
 71
     0
 72
     2
 73
     0
 90
        0
 40
-0.6
 41
-30.0
 62
     5
 63
     7
421
 16777215
 74
     1
 91
        4
 64
     7
 65
   257
 75
     1
175
     1
 42
1.0
 92
        0
 66
   257
 43
1.0
 76
     1
 77
     6
 78
     2
 67
     7
 79
     5
170
     0
171
     0
290
     0
174
     0
 93
        1
 44
0.0
173
     0
291
     0
 45
0.0
  0
VISUALSTYLE
  5
31
102
{ACAD_REACTORS
330
2A
102
}
102
{ACAD_XDICTIONARY
360
8C
102
}
330
2A
100
AcDbVisualStyle
  2
3D Hidden
 70
     6
 71
     1
 72
     2
 73
     2
 90
        0
 40
-0.6
 41
-30.0
 62
     5
 63
     7
421
 16777215
 74
     2
 91
        2
 64
     7
 65
   257
 75
     2
175
     1
 42
40.0
 92
        0
 66
   257
 43
1.0
 76
     1
 77
     6
 78
     2
 67
     7
 79
     3
170
     0
171
     0
290
     0
174
     0
 93
        1
 44
0.0
173
     0
291
     0
 45
0.0
  0
VISUALSTYLE
  5
30
102
{ACAD_REACTORS
330
2A
102
}
102
{ACAD_XDICTIONARY
360
8A
102
}
330
2A
100
AcDbVisualStyle
  2
3dWireframe
 70
     5
 71
     0
 72
     2
 73
     0
 90
        0
 40
-0.6
 41
-30.0
 62
     5
 63
     7
421
 16777215
 74
     1
 91
        4
 64
     7
 65
   257
 75
     1
175
     1
 42
1.0
 92
        0
 66
   257
 43
1.0
 76
     1
 77
     6
 78
     2
 67
     7
 79
     5
170
     0
171
     0
290
     0
174
     0
 93
        1
 44
0.0
173
     0
291
     0
 45
0.0
  0
VISUALSTYLE
  5
32
102
{ACAD_REACTORS
330
2A
102
}
102
{ACAD_XDICTIONARY
360
8E
102
}
330
2A
100
AcDbVisualStyle
  2
Basic
 70
     7
 71
     1
 72
     0
 73
     1
 90
        0
 40
-0.6
 41
-30.0
 62
     5
 63
     7
421
 16777215
 74
     0
 91
        4
 64
     7
 65
   257
 75
     1
175
     1
 42
1.0
 92
        8
 66
     7
 43
1.0
 76
     1
 77
     6
 78
     2
 67
     7
 79
     5
170
     0
171
     0
290
     0
174
     0
 93
        1
 44
0.0
173
     0
291
     1
 45
0.0
  0
VISUALSTYLE
  5
36
102
{ACAD_REACTORS
330
2A
102
}
102
{ACAD_XDICTIONARY
360
96
102
}
330
2A
100
AcDbVisualStyle
  2
Brighten
 70
    12
 71
     2
 72
     2
 73
     0
 90
        0
 40
-0.6
 41
-30.0
 62
     5
 63
     7
421
 16777215
 74
     1
 91
        4
 64
     7
 65
   257
 75
     1
175
     1
 42
1.0
 92
        8
 66
     7
 43
1.0
 76
     1
 77
     6
 78
     2
 67
     7
 79
     5
170
     0
171
     0
290
     0
174
     0
 93
        1
 44
50.0
173
     0
291
     1
 45
0.0
  0
VISUALSTYLE
  5
3A
102
{ACAD_REACTORS
330
2A
102
}
102
{ACAD_XDICTIONARY
360
9E
102
}
330
2A
100
AcDbVisualStyle
  2
ColorChange
 70
    16
 71
     2
 72
     2
 73
     3
 90
        0
 40
-0.6
 41
-30.0
 62
     5
 63
     8
421
  8421504
 74
     1
 91
        4
 64
     7
 65
   257
 75
     1
175
     1
 42
1.0
 92
        8
 66
     8
424
  8421504
 43
1.0
 76
     1
 77
     6
 78
     2
 67
     7
 79
     5
170
     0
171
     0
290
     0
174
     0
 93
        1
 44
0.0
173
     0
291
     1
 45
0.0
  0
VISUALSTYLE
  5
34
102
{ACAD_REACTORS
330
2A
102
}
102
{ACAD_XDICTIONARY
360
92
102
}
330
2A
100
AcDbVisualStyle
  2
Conceptual
 70
     9
 71
     3
 72
     2
 73
     0
 90
        0
 40
-0.6
 41
-30.0
 62
     5
 63
     7
421
 16777215
 74
     2
 91
        2
 64
     7
 65
   257
 75
     1
175
     1
 42
40.0
 92
        8
 66
     7
 43
1.0
 76
     1
 77
     6
 78
     2
 67
     7
 79
     3
170
     0
171
     0
290
     0
174
     0
 93
        1
 44
0.0
173
     0
291
     0
 45
0.0
  0
VISUALSTYLE
  5
35
102
{ACAD_REACTORS
330
2A
102
}
102
{ACAD_XDICTIONARY
360
94
102
}
330
2A
100
AcDbVisualStyle
  2
Dim
 70
    11
 71
     2
 72
     2
 73
     0
 90
        0
 40
-0.6
 41
-30.0
 62
     5
 63
     7
421
 16777215
 74
     1
 91
        4
 64
     7
 65
   257
 75
     1
175
     1
 42
1.0
 92
        8
 66
     7
 43
1.0
 76
     1
 77
     6
 78
     2
 67
     7
 79
     5
170
     0
171
     0
290
     0
174
     0
 93
        1
 44
-50.0
173
     0
291
     1
 45
0.0
  0
VISUALSTYLE
  5
39
102
{ACAD_REACTORS
330
2A
102
}
102
{ACAD_XDICTIONARY
360
9C
102
}
330
2A
100
AcDbVisualStyle
  2
Facepattern
 70
    15
 71
     2
 72
     2
 73
     0
 90
        0
 40
-0.6
 41
-30.0
 62
     5
 63
     7
421
 16777215
 74
     1
 91
        4
 64
     7
 65
   257
 75
     1
175
     1
 42
1.0
 92
        8
 66
     7
 43
1.0
 76
     1
 77
     6
 78
     2
 67
     7
 79
     5
170
     0
171
     0
290
     0
174
     0
 93
        1
 44
0.0
173
     0
291
     1
 45
0.0
  0
VISUALSTYLE
  5
2B
102
{ACAD_REACTORS
330
2A
102
}
102
{ACAD_XDICTIONARY
360
80
102
}
330
2A
100
AcDbVisualStyle
  2
Flat
 70
     0
 71
     2
 72
     1
 73
     1
 90
        2
 40
-0.6
 41
30.0
 62
     5
 63
     7
421
 16777215
 74
     0
 91
        4
 64
     7
 65
   257
 75
     1
175
     1
 42
1.0
 92
        8
 66
     7
 43
1.0
 76
     1
 77
     6
 78
     2
 67
     7
 79
     5
170
     0
171
     0
290
     0
174
     0
 93
       13
 44
0.0
173
     0
291
     1
 45
0.0
  0
VISUALSTYLE
  5
2C
102
{ACAD_REACTORS
330
2A
102
}
102
{ACAD_XDICTIONARY
360
82
102
}
330
2A
100
AcDbVisualStyle
  2
FlatWithEdges
 70
     1
 71
     2
 72
     1
 73
     1
 90
        2
 40
-0.6
 41
30.0
 62
     5
 63
     7
421
 16777215
 74
     1
 91
        4
 64
     7
 65
   257
 75
     1
175
     1
 42
1.0
 92
        0
 66
   257
 43
1.0
 76
     1
 77
     6
 78
     2
 67
     7
 79
     5
170
     0
171
     0
290
     0
174
     0
 93
       13
 44
0.0
173
     0
291
     1
 45
0.0
  0
VISUALSTYLE
  5
2D
102
{ACAD_REACTORS
330
2A
102
}
102
{ACAD_XDICTIONARY
360
84
102
}
330
2A
100
AcDbVisualStyle
  2
Gouraud
 70
     2
 71
     2
 72
     2
 73
     1
 90
        2
 40
-0.6
 41
30.0
 62
     5
 63
     7
421
 16777215
 74
     0
 91
        4
 64
     7
 65
   257
 75
     1
175
     1
 42
1.0
 92
        0
 66
     7
 43
1.0
 76
     1
 77
     6
 78
     2
 67
     7
 79
     5
170
     0
171
     0
290
     0
174
     0
 93
       13
 44
0.0
173
     0
291
     1
 45
0.0
  0
VISUALSTYLE
  5
2E
102
{ACAD_REACTORS
330
2A
102
}
102
{ACAD_XDICTIONARY
360
86
102
}
330
2A
100
AcDbVisualStyle
  2
GouraudWithEdges
 70
     3
 71
     2
 72
     2
 73
     1
 90
        2
 40
-0.6
 41
30.0
 62
     5
 63
     7
421
 16777215
 74
     1
 91
        4
 64
     7
 65
   257
 75
     1
175
     1
 42
1.0
 92
        0
 66
   257
 43
1.0
 76
     1
 77
     6
 78
     2
 67
     7
 79
     5
170
     0
171
     0
290
     0
174
     0
 93
       13
 44
0.0
173
     0
291
     1
 45
0.0
  0
VISUALSTYLE
  5
38
102
{ACAD_REACTORS
330
2A
102
}
102
{ACAD_XDICTIONARY
360
9A
102
}
330
2A
100
AcDbVisualStyle
  2
Linepattern
 70
    14
 71
     2
 72
     2
 73
     0
 90
        0
 40
-0.6
 41
-30.0
 62
     5
 63
     7
421
 16777215
 74
     1
 91
        4
 64
     7
 65
   257
 75
     7
175
     7
 42
1.0
 92
        8
 66
     7
 43
1.0
 76
     1
 77
     6
 78
     2
 67
     7
 79
     5
170
     0
171
     0
290
     0
174
     0
 93
        1
 44
0.0
173
     0
291
     1
 45
0.0
  0
VISUALSTYLE
  5
33
102
{ACAD_REACTORS
330
2A
102
}
102
{ACAD_XDICTIONARY
360
90
102
}
330
2A
100
AcDbVisualStyle
  2
Realistic
 70
     8
 71
     2
 72
     2
 73
     0
 90
        0
 40
-0.6
 41
-30.0
 62
     5
 63
     7
421
 16777215
 74
     1
 91
        0
 64
     7
 65
   257
 75
     1
175
     1
 42
1.0
 92
        8
 66
     8
424
  7895160
 43
1.0
 76
     1
 77
     6
 78
     2
 67
     7
 79
     5
170
     0
171
     0
290
     0
174
     0
 93
       13
 44
0.0
173
     0
291
     0
 45
0.0
  0
VISUALSTYLE
  5
37
102
{ACAD_REACTORS
330
2A
102
}
102
{ACAD_XDICTIONARY
360
98
102
}
330
2A
100
AcDbVisualStyle
  2
Thicken
 70
    13
 71
     2
 72
     2
 73
     0
 90
        0
 40
-0.6
 41
-30.0
 62
     5
 63
     7
421
 16777215
 74
     1
 91
        4
 64
     7
 65
   257
 75
     1
175
     1
 42
1.0
 92
       12
 66
     7
 43
1.0
 76
     1
 77
     6
 78
     2
 67
     7
 79
     5
170
     0
171
     0
290
     0
174
     0
 93
        1
 44
0.0
173
     0
291
     1
 45
0.0
  0
DICTIONARY
  5
88
330
2F
100
AcDbDictionary
280
     1
281
     1
  3
ACAD_XREC_ROUNDTRIP
360
89
  0
DICTIONARY
  5
8C
330
31
100
AcDbDictionary
280
     1
281
     1
  3
ACAD_XREC_ROUNDTRIP
360
8D
  0
DICTIONARY
  5
8A
330
30
100
AcDbDictionary
280
     1
281
     1
  3
ACAD_XREC_ROUNDTRIP
360
8B
  0
DICTIONARY
  5
8E
330
32
100
AcDbDictionary
280
     1
281
     1
  3
ACAD_XREC_ROUNDTRIP
360
8F
  0
DICTIONARY
  5
96
330
36
100
AcDbDictionary
280
     1
281
     1
  3
ACAD_XREC_ROUNDTRIP
360
97
  0
DICTIONARY
  5
9E
330
3A
100
AcDbDictionary
280
     1
281
     1
  3
ACAD_XREC_ROUNDTRIP
360
9F
  0
DICTIONARY
  5
92
330
34
100
AcDbDictionary
280
     1
281
     1
  3
ACAD_XREC_ROUNDTRIP
360
93
  0
DICTIONARY
  5
94
330
35
100
AcDbDictionary
280
     1
281
     1
  3
ACAD_XREC_ROUNDTRIP
360
95
  0
DICTIONARY
  5
9C
330
39
100
AcDbDictionary
280
     1
281
     1
  3
ACAD_XREC_ROUNDTRIP
360
9D
  0
DICTIONARY
  5
80
330
2B
100
AcDbDictionary
280
     1
281
     1
  3
ACAD_XREC_ROUNDTRIP
360
81
  0
DICTIONARY
  5
82
330
2C
100
AcDbDictionary
280
     1
281
     1
  3
ACAD_XREC_ROUNDTRIP
360
83
  0
DICTIONARY
  5
84
330
2D
100
AcDbDictionary
280
     1
281
     1
  3
ACAD_XREC_ROUNDTRIP
360
85
  0
DICTIONARY
  5
86
330
2E
100
AcDbDictionary
280
     1
281
     1
  3
ACAD_XREC_ROUNDTRIP
360
87
  0
DICTIONARY
  5
9A
330
38
100
AcDbDictionary
280
     1
281
     1
  3
ACAD_XREC_ROUNDTRIP
360
9B
  0
DICTIONARY
  5
90
330
33
100
AcDbDictionary
280
     1
281
     1
  3
ACAD_XREC_ROUNDTRIP
360
91
  0
DICTIONARY
  5
98
330
37
100
AcDbDictionary
280
     1
281
     1
  3
ACAD_XREC_ROUNDTRIP
360
99
  0
XRECORD
  5
89
102
{ACAD_REACTORS
330
88
102
}
330
88
100
AcDbXrecord
280
     1
102
RTVSPropertyOp0
 70
     1
102
RTVSPropertyOp1
 70
     1
102
RTVSPropertyOp2
 70
     1
102
RTVSPropertyOp3
 70
     1
102
RTVSPropertyOp4
 70
     1
102
RTVSPropertyOp5
 70
     1
102
RTVSPropertyOp6
 70
     1
102
RTVSPropertyOp7
 70
     1
102
RTVSPropertyOp8
 70
     1
102
RTVSPropertyOp9
 70
     1
102
RTVSPropertyOp10
 70
     1
102
RTVSPropertyOp11
 70
     1
102
RTVSPropertyOp12
 70
     1
102
RTVSPropertyOp13
 70
     1
102
RTVSPropertyOp14
 70
     1
102
RTVSPropertyOp15
 70
     1
102
RTVSPropertyOp16
 70
     1
102
RTVSPropertyOp17
 70
     1
102
RTVSPropertyOp18
 70
     1
102
RTVSPropertyOp19
 70
     1
102
RTVSPropertyOp20
 70
     1
102
RTVSPropertyOp21
 70
     1
102
RTVSPropertyOp22
 70
     1
102
RTVSPropertyOp23
 70
     1
102
RTVSPropertyOp24
 70
     1
102
RTVSPropertyOp25
 70
     1
102
RTVSPropertyOp26
 70
     1
102
RTVSPropertyOp27
 70
     1
102
RTVSPropertyOp28
 70
     1
102
RTVSPropertyOp29
 70
     1
102
RTVSPropertyOp30
 70
     1
102
RTVSPropertyOp31
 70
     1
102
RTVSPropertyOp32
 70
     1
  0
XRECORD
  5
8D
102
{ACAD_REACTORS
330
8C
102
}
330
8C
100
AcDbXrecord
280
     1
102
RTVSPropertyOp0
 70
     1
102
RTVSPropertyOp1
 70
     1
102
RTVSPropertyOp2
 70
     1
102
RTVSPropertyOp3
 70
     1
102
RTVSPropertyOp4
 70
     1
102
RTVSPropertyOp5
 70
     1
102
RTVSPropertyOp6
 70
     1
102
RTVSPropertyOp7
 70
     1
102
RTVSPropertyOp8
 70
     1
102
RTVSPropertyOp9
 70
     1
102
RTVSPropertyOp10
 70
     1
102
RTVSPropertyOp11
 70
     1
102
RTVSPropertyOp12
 70
     1
102
RTVSPropertyOp13
 70
     1
102
RTVSPropertyOp14
 70
     1
102
RTVSPropertyOp15
 70
     1
102
RTVSPropertyOp16
 70
     1
102
RTVSPropertyOp17
 70
     1
102
RTVSPropertyOp18
 70
     1
102
RTVSPropertyOp19
 70
     1
102
RTVSPropertyOp20
 70
     1
102
RTVSPropertyOp21
 70
     1
102
RTVSPropertyOp22
 70
     1
102
RTVSPropertyOp23
 70
     1
102
RTVSPropertyOp24
 70
     1
102
RTVSPropertyOp25
 70
     1
102
RTVSPropertyOp26
 70
     1
102
RTVSPropertyOp27
 70
     1
102
RTVSPropertyOp28
 70
     1
102
RTVSPropertyOp29
 70
     1
102
RTVSPropertyOp30
 70
     1
102
RTVSPropertyOp31
 70
     1
102
RTVSPropertyOp32
 70
     1
  0
XRECORD
  5
8B
102
{ACAD_REACTORS
330
8A
102
}
330
8A
100
AcDbXrecord
280
     1
102
RTVSPropertyOp0
 70
     1
102
RTVSPropertyOp1
 70
     1
102
RTVSPropertyOp2
 70
     1
102
RTVSPropertyOp3
 70
     1
102
RTVSPropertyOp4
 70
     1
102
RTVSPropertyOp5
 70
     1
102
RTVSPropertyOp6
 70
     1
102
RTVSPropertyOp7
 70
     1
102
RTVSPropertyOp8
 70
     1
102
RTVSPropertyOp9
 70
     1
102
RTVSPropertyOp10
 70
     1
102
RTVSPropertyOp11
 70
     1
102
RTVSPropertyOp12
 70
     1
102
RTVSPropertyOp13
 70
     1
102
RTVSPropertyOp14
 70
     1
102
RTVSPropertyOp15
 70
     1
102
RTVSPropertyOp16
 70
     1
102
RTVSPropertyOp17
 70
     1
102
RTVSPropertyOp18
 70
     1
102
RTVSPropertyOp19
 70
     1
102
RTVSPropertyOp20
 70
     1
102
RTVSPropertyOp21
 70
     1
102
RTVSPropertyOp22
 70
     1
102
RTVSPropertyOp23
 70
     1
102
RTVSPropertyOp24
 70
     1
102
RTVSPropertyOp25
 70
     1
102
RTVSPropertyOp26
 70
     1
102
RTVSPropertyOp27
 70
     1
102
RTVSPropertyOp28
 70
     1
102
RTVSPropertyOp29
 70
     1
102
RTVSPropertyOp30
 70
     1
102
RTVSPropertyOp31
 70
     1
102
RTVSPropertyOp32
 70
     1
  0
XRECORD
  5
8F
102
{ACAD_REACTORS
330
8E
102
}
330
8E
100
AcDbXrecord
280
     1
102
RTVSPropertyOp0
 70
     1
102
RTVSPropertyOp1
 70
     1
102
RTVSPropertyOp2
 70
     1
102
RTVSPropertyOp3
 70
     1
102
RTVSPropertyOp4
 70
     1
102
RTVSPropertyOp5
 70
     1
102
RTVSPropertyOp6
 70
     1
102
RTVSPropertyOp7
 70
     1
102
RTVSPropertyOp8
 70
     1
102
RTVSPropertyOp9
 70
     1
102
RTVSPropertyOp10
 70
     1
102
RTVSPropertyOp11
 70
     1
102
RTVSPropertyOp12
 70
     1
102
RTVSPropertyOp13
 70
     1
102
RTVSPropertyOp14
 70
     1
102
RTVSPropertyOp15
 70
     1
102
RTVSPropertyOp16
 70
     1
102
RTVSPropertyOp17
 70
     1
102
RTVSPropertyOp18
 70
     1
102
RTVSPropertyOp19
 70
     1
102
RTVSPropertyOp20
 70
     1
102
RTVSPropertyOp21
 70
     1
102
RTVSPropertyOp22
 70
     1
102
RTVSPropertyOp23
 70
     1
102
RTVSPropertyOp24
 70
     1
102
RTVSPropertyOp25
 70
     1
102
RTVSPropertyOp26
 70
     1
102
RTVSPropertyOp27
 70
     1
102
RTVSPropertyOp28
 70
     1
102
RTVSPropertyOp29
 70
     1
102
RTVSPropertyOp30
 70
     1
102
RTVSPropertyOp31
 70
     1
102
RTVSPropertyOp32
 70
     1
  0
XRECORD
  5
97
102
{ACAD_REACTORS
330
96
102
}
330
96
100
AcDbXrecord
280
     1
102
RTVSPropertyOp0
 70
     1
102
RTVSPropertyOp1
 70
     1
102
RTVSPropertyOp2
 70
     1
102
RTVSPropertyOp3
 70
     1
102
RTVSPropertyOp4
 70
     1
102
RTVSPropertyOp5
 70
     1
102
RTVSPropertyOp6
 70
     1
102
RTVSPropertyOp7
 70
     1
102
RTVSPropertyOp8
 70
     1
102
RTVSPropertyOp9
 70
     1
102
RTVSPropertyOp10
 70
     1
102
RTVSPropertyOp11
 70
     1
102
RTVSPropertyOp12
 70
     1
102
RTVSPropertyOp13
 70
     1
102
RTVSPropertyOp14
 70
     1
102
RTVSPropertyOp15
 70
     1
102
RTVSPropertyOp16
 70
     1
102
RTVSPropertyOp17
 70
     1
102
RTVSPropertyOp18
 70
     1
102
RTVSPropertyOp19
 70
     1
102
RTVSPropertyOp20
 70
     1
102
RTVSPropertyOp21
 70
     1
102
RTVSPropertyOp22
 70
     1
102
RTVSPropertyOp23
 70
     1
102
RTVSPropertyOp24
 70
     1
102
RTVSPropertyOp25
 70
     1
102
RTVSPropertyOp26
 70
     1
102
RTVSPropertyOp27
 70
     1
102
RTVSPropertyOp28
 70
     1
102
RTVSPropertyOp29
 70
     1
102
RTVSPropertyOp30
 70
     1
102
RTVSPropertyOp31
 70
     1
102
RTVSPropertyOp32
 70
     1
  0
XRECORD
  5
9F
102
{ACAD_REACTORS
330
9E
102
}
330
9E
100
AcDbXrecord
280
     1
102
RTVSPropertyOp0
 70
     1
102
RTVSPropertyOp1
 70
     1
102
RTVSPropertyOp2
 70
     1
102
RTVSPropertyOp3
 70
     1
102
RTVSPropertyOp4
 70
     1
102
RTVSPropertyOp5
 70
     1
102
RTVSPropertyOp6
 70
     1
102
RTVSPropertyOp7
 70
     1
102
RTVSPropertyOp8
 70
     1
102
RTVSPropertyOp9
 70
     1
102
RTVSPropertyOp10
 70
     1
102
RTVSPropertyOp11
 70
     1
102
RTVSPropertyOp12
 70
     1
102
RTVSPropertyOp13
 70
     1
102
RTVSPropertyOp14
 70
     1
102
RTVSPropertyOp15
 70
     1
102
RTVSPropertyOp16
 70
     1
102
RTVSPropertyOp17
 70
     1
102
RTVSPropertyOp18
 70
     1
102
RTVSPropertyOp19
 70
     1
102
RTVSPropertyOp20
 70
     1
102
RTVSPropertyOp21
 70
     1
102
RTVSPropertyOp22
 70
     1
102
RTVSPropertyOp23
 70
     1
102
RTVSPropertyOp24
 70
     1
102
RTVSPropertyOp25
 70
     1
102
RTVSPropertyOp26
 70
     1
102
RTVSPropertyOp27
 70
     1
102
RTVSPropertyOp28
 70
     1
102
RTVSPropertyOp29
 70
     1
102
RTVSPropertyOp30
 70
     1
102
RTVSPropertyOp31
 70
     1
102
RTVSPropertyOp32
 70
     1
  0
XRECORD
  5
93
102
{ACAD_REACTORS
330
92
102
}
330
92
100
AcDbXrecord
280
     1
102
RTVSPropertyOp0
 70
     1
102
RTVSPropertyOp1
 70
     1
102
RTVSPropertyOp2
 70
     1
102
RTVSPropertyOp3
 70
     1
102
RTVSPropertyOp4
 70
     1
102
RTVSPropertyOp5
 70
     1
102
RTVSPropertyOp6
 70
     1
102
RTVSPropertyOp7
 70
     1
102
RTVSPropertyOp8
 70
     1
102
RTVSPropertyOp9
 70
     1
102
RTVSPropertyOp10
 70
     1
102
RTVSPropertyOp11
 70
     1
102
RTVSPropertyOp12
 70
     1
102
RTVSPropertyOp13
 70
     1
102
RTVSPropertyOp14
 70
     1
102
RTVSPropertyOp15
 70
     1
102
RTVSPropertyOp16
 70
     1
102
RTVSPropertyOp17
 70
     1
102
RTVSPropertyOp18
 70
     1
102
RTVSPropertyOp19
 70
     1
102
RTVSPropertyOp20
 70
     1
102
RTVSPropertyOp21
 70
     1
102
RTVSPropertyOp22
 70
     1
102
RTVSPropertyOp23
 70
     1
102
RTVSPropertyOp24
 70
     1
102
RTVSPropertyOp25
 70
     1
102
RTVSPropertyOp26
 70
     1
102
RTVSPropertyOp27
 70
     1
102
RTVSPropertyOp28
 70
     1
102
RTVSPropertyOp29
 70
     1
102
RTVSPropertyOp30
 70
     1
102
RTVSPropertyOp31
 70
     1
102
RTVSPropertyOp32
 70
     1
  0
XRECORD
  5
95
102
{ACAD_REACTORS
330
94
102
}
330
94
100
AcDbXrecord
280
     1
102
RTVSPropertyOp0
 70
     1
102
RTVSPropertyOp1
 70
     1
102
RTVSPropertyOp2
 70
     1
102
RTVSPropertyOp3
 70
     1
102
RTVSPropertyOp4
 70
     1
102
RTVSPropertyOp5
 70
     1
102
RTVSPropertyOp6
 70
     1
102
RTVSPropertyOp7
 70
     1
102
RTVSPropertyOp8
 70
     1
102
RTVSPropertyOp9
 70
     1
102
RTVSPropertyOp10
 70
     1
102
RTVSPropertyOp11
 70
     1
102
RTVSPropertyOp12
 70
     1
102
RTVSPropertyOp13
 70
     1
102
RTVSPropertyOp14
 70
     1
102
RTVSPropertyOp15
 70
     1
102
RTVSPropertyOp16
 70
     1
102
RTVSPropertyOp17
 70
     1
102
RTVSPropertyOp18
 70
     1
102
RTVSPropertyOp19
 70
     1
102
RTVSPropertyOp20
 70
     1
102
RTVSPropertyOp21
 70
     1
102
RTVSPropertyOp22
 70
     1
102
RTVSPropertyOp23
 70
     1
102
RTVSPropertyOp24
 70
     1
102
RTVSPropertyOp25
 70
     1
102
RTVSPropertyOp26
 70
     1
102
RTVSPropertyOp27
 70
     1
102
RTVSPropertyOp28
 70
     1
102
RTVSPropertyOp29
 70
     1
102
RTVSPropertyOp30
 70
     1
102
RTVSPropertyOp31
 70
     1
102
RTVSPropertyOp32
 70
     1
  0
XRECORD
  5
9D
102
{ACAD_REACTORS
330
9C
102
}
330
9C
100
AcDbXrecord
280
     1
102
RTVSPropertyOp0
 70
     1
102
RTVSPropertyOp1
 70
     1
102
RTVSPropertyOp2
 70
     1
102
RTVSPropertyOp3
 70
     1
102
RTVSPropertyOp4
 70
     1
102
RTVSPropertyOp5
 70
     1
102
RTVSPropertyOp6
 70
     1
102
RTVSPropertyOp7
 70
     1
102
RTVSPropertyOp8
 70
     1
102
RTVSPropertyOp9
 70
     1
102
RTVSPropertyOp10
 70
     1
102
RTVSPropertyOp11
 70
     1
102
RTVSPropertyOp12
 70
     1
102
RTVSPropertyOp13
 70
     1
102
RTVSPropertyOp14
 70
     1
102
RTVSPropertyOp15
 70
     1
102
RTVSPropertyOp16
 70
     1
102
RTVSPropertyOp17
 70
     1
102
RTVSPropertyOp18
 70
     1
102
RTVSPropertyOp19
 70
     1
102
RTVSPropertyOp20
 70
     1
102
RTVSPropertyOp21
 70
     1
102
RTVSPropertyOp22
 70
     1
102
RTVSPropertyOp23
 70
     1
102
RTVSPropertyOp24
 70
     1
102
RTVSPropertyOp25
 70
     1
102
RTVSPropertyOp26
 70
     1
102
RTVSPropertyOp27
 70
     1
102
RTVSPropertyOp28
 70
     1
102
RTVSPropertyOp29
 70
     1
102
RTVSPropertyOp30
 70
     1
102
RTVSPropertyOp31
 70
     1
102
RTVSPropertyOp32
 70
     1
  0
XRECORD
  5
81
102
{ACAD_REACTORS
330
80
102
}
330
80
100
AcDbXrecord
280
     1
102
RTVSPropertyOp0
 70
     1
102
RTVSPropertyOp1
 70
     1
102
RTVSPropertyOp2
 70
     1
102
RTVSPropertyOp3
 70
     1
102
RTVSPropertyOp4
 70
     1
102
RTVSPropertyOp5
 70
     1
102
RTVSPropertyOp6
 70
     1
102
RTVSPropertyOp7
 70
     1
102
RTVSPropertyOp8
 70
     1
102
RTVSPropertyOp9
 70
     1
102
RTVSPropertyOp10
 70
     1
102
RTVSPropertyOp11
 70
     1
102
RTVSPropertyOp12
 70
     1
102
RTVSPropertyOp13
 70
     1
102
RTVSPropertyOp14
 70
     1
102
RTVSPropertyOp15
 70
     1
102
RTVSPropertyOp16
 70
     1
102
RTVSPropertyOp17
 70
     1
102
RTVSPropertyOp18
 70
     1
102
RTVSPropertyOp19
 70
     1
102
RTVSPropertyOp20
 70
     1
102
RTVSPropertyOp21
 70
     1
102
RTVSPropertyOp22
 70
     1
102
RTVSPropertyOp23
 70
     1
102
RTVSPropertyOp24
 70
     1
102
RTVSPropertyOp25
 70
     1
102
RTVSPropertyOp26
 70
     1
102
RTVSPropertyOp27
 70
     1
102
RTVSPropertyOp28
 70
     1
102
RTVSPropertyOp29
 70
     1
102
RTVSPropertyOp30
 70
     1
102
RTVSPropertyOp31
 70
     1
102
RTVSPropertyOp32
 70
     1
  0
XRECORD
  5
83
102
{ACAD_REACTORS
330
82
102
}
330
82
100
AcDbXrecord
280
     1
102
RTVSPropertyOp0
 70
     1
102
RTVSPropertyOp1
 70
     1
102
RTVSPropertyOp2
 70
     1
102
RTVSPropertyOp3
 70
     1
102
RTVSPropertyOp4
 70
     1
102
RTVSPropertyOp5
 70
     1
102
RTVSPropertyOp6
 70
     1
102
RTVSPropertyOp7
 70
     1
102
RTVSPropertyOp8
 70
     1
102
RTVSPropertyOp9
 70
     1
102
RTVSPropertyOp10
 70
     1
102
RTVSPropertyOp11
 70
     1
102
RTVSPropertyOp12
 70
     1
102
RTVSPropertyOp13
 70
     1
102
RTVSPropertyOp14
 70
     1
102
RTVSPropertyOp15
 70
     1
102
RTVSPropertyOp16
 70
     1
102
RTVSPropertyOp17
 70
     1
102
RTVSPropertyOp18
 70
     1
102
RTVSPropertyOp19
 70
     1
102
RTVSPropertyOp20
 70
     1
102
RTVSPropertyOp21
 70
     1
102
RTVSPropertyOp22
 70
     1
102
RTVSPropertyOp23
 70
     1
102
RTVSPropertyOp24
 70
     1
102
RTVSPropertyOp25
 70
     1
102
RTVSPropertyOp26
 70
     1
102
RTVSPropertyOp27
 70
     1
102
RTVSPropertyOp28
 70
     1
102
RTVSPropertyOp29
 70
     1
102
RTVSPropertyOp30
 70
     1
102
RTVSPropertyOp31
 70
     1
102
RTVSPropertyOp32
 70
     1
  0
XRECORD
  5
85
102
{ACAD_REACTORS
330
84
102
}
330
84
100
AcDbXrecord
280
     1
102
RTVSPropertyOp0
 70
     1
102
RTVSPropertyOp1
 70
     1
102
RTVSPropertyOp2
 70
     1
102
RTVSPropertyOp3
 70
     1
102
RTVSPropertyOp4
 70
     1
102
RTVSPropertyOp5
 70
     1
102
RTVSPropertyOp6
 70
     1
102
RTVSPropertyOp7
 70
     1
102
RTVSPropertyOp8
 70
     1
102
RTVSPropertyOp9
 70
     1
102
RTVSPropertyOp10
 70
     1
102
RTVSPropertyOp11
 70
     1
102
RTVSPropertyOp12
 70
     1
102
RTVSPropertyOp13
 70
     1
102
RTVSPropertyOp14
 70
     1
102
RTVSPropertyOp15
 70
     1
102
RTVSPropertyOp16
 70
     1
102
RTVSPropertyOp17
 70
     1
102
RTVSPropertyOp18
 70
     1
102
RTVSPropertyOp19
 70
     1
102
RTVSPropertyOp20
 70
     1
102
RTVSPropertyOp21
 70
     1
102
RTVSPropertyOp22
 70
     1
102
RTVSPropertyOp23
 70
     1
102
RTVSPropertyOp24
 70
     1
102
RTVSPropertyOp25
 70
     1
102
RTVSPropertyOp26
 70
     1
102
RTVSPropertyOp27
 70
     1
102
RTVSPropertyOp28
 70
     1
102
RTVSPropertyOp29
 70
     1
102
RTVSPropertyOp30
 70
     1
102
RTVSPropertyOp31
 70
     1
102
RTVSPropertyOp32
 70
     1
  0
XRECORD
  5
87
102
{ACAD_REACTORS
330
86
102
}
330
86
100
AcDbXrecord
280
     1
102
RTVSPropertyOp0
 70
     1
102
RTVSPropertyOp1
 70
     1
102
RTVSPropertyOp2
 70
     1
102
RTVSPropertyOp3
 70
     1
102
RTVSPropertyOp4
 70
     1
102
RTVSPropertyOp5
 70
     1
102
RTVSPropertyOp6
 70
     1
102
RTVSPropertyOp7
 70
     1
102
RTVSPropertyOp8
 70
     1
102
RTVSPropertyOp9
 70
     1
102
RTVSPropertyOp10
 70
     1
102
RTVSPropertyOp11
 70
     1
102
RTVSPropertyOp12
 70
     1
102
RTVSPropertyOp13
 70
     1
102
RTVSPropertyOp14
 70
     1
102
RTVSPropertyOp15
 70
     1
102
RTVSPropertyOp16
 70
     1
102
RTVSPropertyOp17
 70
     1
102
RTVSPropertyOp18
 70
     1
102
RTVSPropertyOp19
 70
     1
102
RTVSPropertyOp20
 70
     1
102
RTVSPropertyOp21
 70
     1
102
RTVSPropertyOp22
 70
     1
102
RTVSPropertyOp23
 70
     1
102
RTVSPropertyOp24
 70
     1
102
RTVSPropertyOp25
 70
     1
102
RTVSPropertyOp26
 70
     1
102
RTVSPropertyOp27
 70
     1
102
RTVSPropertyOp28
 70
     1
102
RTVSPropertyOp29
 70
     1
102
RTVSPropertyOp30
 70
     1
102
RTVSPropertyOp31
 70
     1
102
RTVSPropertyOp32
 70
     1
  0
XRECORD
  5
9B
102
{ACAD_REACTORS
330
9A
102
}
330
9A
100
AcDbXrecord
280
     1
102
RTVSPropertyOp0
 70
     1
102
RTVSPropertyOp1
 70
     1
102
RTVSPropertyOp2
 70
     1
102
RTVSPropertyOp3
 70
     1
102
RTVSPropertyOp4
 70
     1
102
RTVSPropertyOp5
 70
     1
102
RTVSPropertyOp6
 70
     1
102
RTVSPropertyOp7
 70
     1
102
RTVSPropertyOp8
 70
     1
102
RTVSPropertyOp9
 70
     1
102
RTVSPropertyOp10
 70
     1
102
RTVSPropertyOp11
 70
     1
102
RTVSPropertyOp12
 70
     1
102
RTVSPropertyOp13
 70
     1
102
RTVSPropertyOp14
 70
     1
102
RTVSPropertyOp15
 70
     1
102
RTVSPropertyOp16
 70
     1
102
RTVSPropertyOp17
 70
     1
102
RTVSPropertyOp18
 70
     1
102
RTVSPropertyOp19
 70
     1
102
RTVSPropertyOp20
 70
     1
102
RTVSPropertyOp21
 70
     1
102
RTVSPropertyOp22
 70
     1
102
RTVSPropertyOp23
 70
     1
102
RTVSPropertyOp24
 70
     1
102
RTVSPropertyOp25
 70
     1
102
RTVSPropertyOp26
 70
     1
102
RTVSPropertyOp27
 70
     1
102
RTVSPropertyOp28
 70
     1
102
RTVSPropertyOp29
 70
     1
102
RTVSPropertyOp30
 70
     1
102
RTVSPropertyOp31
 70
     1
102
RTVSPropertyOp32
 70
     1
  0
XRECORD
  5
91
102
{ACAD_REACTORS
330
90
102
}
330
90
100
AcDbXrecord
280
     1
102
RTVSPropertyOp0
 70
     1
102
RTVSPropertyOp1
 70
     1
102
RTVSPropertyOp2
 70
     1
102
RTVSPropertyOp3
 70
     1
102
RTVSPropertyOp4
 70
     1
102
RTVSPropertyOp5
 70
     1
102
RTVSPropertyOp6
 70
     1
102
RTVSPropertyOp7
 70
     1
102
RTVSPropertyOp8
 70
     1
102
RTVSPropertyOp9
 70
     1
102
RTVSPropertyOp10
 70
     1
102
RTVSPropertyOp11
 70
     1
102
RTVSPropertyOp12
 70
     1
102
RTVSPropertyOp13
 70
     1
102
RTVSPropertyOp14
 70
     1
102
RTVSPropertyOp15
 70
     1
102
RTVSPropertyOp16
 70
     1
102
RTVSPropertyOp17
 70
     1
102
RTVSPropertyOp18
 70
     1
102
RTVSPropertyOp19
 70
     1
102
RTVSPropertyOp20
 70
     1
102
RTVSPropertyOp21
 70
     1
102
RTVSPropertyOp22
 70
     1
102
RTVSPropertyOp23
 70
     1
102
RTVSPropertyOp24
 70
     1
102
RTVSPropertyOp25
 70
     1
102
RTVSPropertyOp26
 70
     1
102
RTVSPropertyOp27
 70
     1
102
RTVSPropertyOp28
 70
     1
102
RTVSPropertyOp29
 70
     1
102
RTVSPropertyOp30
 70
     1
102
RTVSPropertyOp31
 70
     1
102
RTVSPropertyOp32
 70
     1
  0
XRECORD
  5
99
102
{ACAD_REACTORS
330
98
102
}
330
98
100
AcDbXrecord
280
     1
102
RTVSPropertyOp0
 70
     1
102
RTVSPropertyOp1
 70
     1
102
RTVSPropertyOp2
 70
     1
102
RTVSPropertyOp3
 70
     1
102
RTVSPropertyOp4
 70
     1
102
RTVSPropertyOp5
 70
     1
102
RTVSPropertyOp6
 70
     1
102
RTVSPropertyOp7
 70
     1
102
RTVSPropertyOp8
 70
     1
102
RTVSPropertyOp9
 70
     1
102
RTVSPropertyOp10
 70
     1
102
RTVSPropertyOp11
 70
     1
102
RTVSPropertyOp12
 70
     1
102
RTVSPropertyOp13
 70
     1
102
RTVSPropertyOp14
 70
     1
102
RTVSPropertyOp15
 70
     1
102
RTVSPropertyOp16
 70
     1
102
RTVSPropertyOp17
 70
     1
102
RTVSPropertyOp18
 70
     1
102
RTVSPropertyOp19
 70
     1
102
RTVSPropertyOp20
 70
     1
102
RTVSPropertyOp21
 70
     1
102
RTVSPropertyOp22
 70
     1
102
RTVSPropertyOp23
 70
     1
102
RTVSPropertyOp24
 70
     1
102
RTVSPropertyOp25
 70
     1
102
RTVSPropertyOp26
 70
     1
102
RTVSPropertyOp27
 70
     1
102
RTVSPropertyOp28
 70
     1
102
RTVSPropertyOp29
 70
     1
102
RTVSPropertyOp30
 70
     1
102
RTVSPropertyOp31
 70
     1
102
RTVSPropertyOp32
 70
     1
  0
ENDSEC
  0
EOF
