  0
SECTION
  2
HEADER
  9
$ACADVER
  1
AC1018
  9
$ACADMAINTVER
 70
   104
  9
$DWGCODEPAGE
  3
ANSI_1252
  9
$LASTSAVEDBY
  1
makecnc_Master
  9
$INSBASE
 10
0.0
 20
0.0
 30
0.0
  9
$EXTMIN
 10
-582.8939802417359
 20
-436.993420140664
 30
0.0
  9
$EXTMAX
 10
242.1039810331333
 20
258.2548618139213
 30
0.0
  9
$LIMMIN
 10
0.0
 20
0.0
  9
$LIMMAX
 10
12.0
 20
9.0
  9
$ORTHOMODE
 70
     0
  9
$REGENMODE
 70
     1
  9
$FILLMODE
 70
     1
  9
$QTEXTMODE
 70
     0
  9
$MIRRTEXT
 70
     1
  9
$LTSCALE
 40
1.0
  9
$ATTMODE
 70
     1
  9
$TEXTSIZE
 40
0.2
  9
$TRACEWID
 40
0.05
  9
$TEXTSTYLE
  7
STANDARD
  9
$CLAYER
  8
0
  9
$CELTYPE
  6
ByLayer
  9
$CECOLOR
 62
   256
  9
$CELTSCALE
 40
1.0
  9
$DISPSILH
 70
     0
  9
$DIMSCALE
 40
1.0
  9
$DIMASZ
 40
0.18
  9
$DIMEXO
 40
0.0625
  9
$DIMDLI
 40
0.38
  9
$DIMRND
 40
0.0
  9
$DIMDLE
 40
0.0
  9
$DIMEXE
 40
0.18
  9
$DIMTP
 40
0.0
  9
$DIMTM
 40
0.0
  9
$DIMTXT
 40
0.18
  9
$DIMCEN
 40
0.09
  9
$DIMTSZ
 40
0.0
  9
$DIMTOL
 70
     0
  9
$DIMLIM
 70
     0
  9
$DIMTIH
 70
     1
  9
$DIMTOH
 70
     1
  9
$DIMSE1
 70
     0
  9
$DIMSE2
 70
     0
  9
$DIMTAD
 70
     0
  9
$DIMZIN
 70
     0
  9
$DIMBLK
  1

  9
$DIMASO
 70
     1
  9
$DIMSHO
 70
     1
  9
$DIMPOST
  1

  9
$DIMAPOST
  1

  9
$DIMALT
 70
     0
  9
$DIMALTD
 70
     2
  9
$DIMALTF
 40
25.4
  9
$DIMLFAC
 40
1.0
  9
$DIMTOFL
 70
     0
  9
$DIMTVP
 40
0.0
  9
$DIMTIX
 70
     0
  9
$DIMSOXD
 70
     0
  9
$DIMSAH
 70
     0
  9
$DIMBLK1
  1

  9
$DIMBLK2
  1

  9
$DIMSTYLE
  2
STANDARD
  9
$DIMCLRD
 70
     0
  9
$DIMCLRE
 70
     0
  9
$DIMCLRT
 70
     0
  9
$DIMTFAC
 40
1.0
  9
$DIMGAP
 40
0.09
  9
$DIMJUST
 70
     0
  9
$DIMSD1
 70
     0
  9
$DIMSD2
 70
     0
  9
$DIMTOLJ
 70
     1
  9
$DIMTZIN
 70
     0
  9
$DIMALTZ
 70
     0
  9
$DIMALTTZ
 70
     0
  9
$DIMUPT
 70
     0
  9
$DIMDEC
 70
     4
  9
$DIMTDEC
 70
     4
  9
$DIMALTU
 70
     2
  9
$DIMALTTD
 70
     2
  9
$DIMTXSTY
  7
STANDARD
  9
$DIMAUNIT
 70
     0
  9
$DIMADEC
 70
     0
  9
$DIMALTRND
 40
0.0
  9
$DIMAZIN
 70
     0
  9
$DIMDSEP
 70
    46
  9
$DIMATFIT
 70
     3
  9
$DIMFRAC
 70
     0
  9
$DIMLDRBLK
  1

  9
$DIMLUNIT
 70
     2
  9
$DIMLWD
 70
    -2
  9
$DIMLWE
 70
    -2
  9
$DIMTMOVE
 70
     0
  9
$LUNITS
 70
     2
  9
$LUPREC
 70
     4
  9
$SKETCHINC
 40
0.1
  9
$FILLETRAD
 40
0.5
  9
$AUNITS
 70
     0
  9
$AUPREC
 70
     0
  9
$MENU
  1
.
  9
$ELEVATION
 40
0.0
  9
$PELEVATION
 40
0.0
  9
$THICKNESS
 40
0.0
  9
$LIMCHECK
 70
     0
  9
$CHAMFERA
 40
0.5
  9
$CHAMFERB
 40
0.5
  9
$CHAMFERC
 40
0.0
  9
$CHAMFERD
 40
0.0
  9
$SKPOLY
 70
     0
  9
$TDCREATE
 40
2454910.500000000
  9
$TDUCREATE
 40
2454910.708333334
  9
$TDUPDATE
 40
2456610.846462662
  9
$TDUUPDATE
 40
2456611.054795995
  9
$TDINDWG
 40
0.0016219560
  9
$TDUSRTIMER
 40
0.0016219329
  9
$USRTIMER
 70
     1
  9
$ANGBASE
 50
0.0
  9
$ANGDIR
 70
     0
  9
$PDMODE
 70
     0
  9
$PDSIZE
 40
0.0
  9
$PLINEWID
 40
0.0
  9
$SPLFRAME
 70
     0
  9
$SPLINETYPE
 70
     6
  9
$SPLINESEGS
 70
     8
  9
$HANDSEED
  5
10FF
  9
$SURFTAB1
 70
     6
  9
$SURFTAB2
 70
     6
  9
$SURFTYPE
 70
     6
  9
$SURFU
 70
     6
  9
$SURFV
 70
     6
  9
$UCSBASE
  2

  9
$UCSNAME
  2

  9
$UCSORG
 10
0.0
 20
0.0
 30
0.0
  9
$UCSXDIR
 10
1.0
 20
0.0
 30
0.0
  9
$UCSYDIR
 10
0.0
 20
1.0
 30
0.0
  9
$UCSORTHOREF
  2

  9
$UCSORTHOVIEW
 70
     0
  9
$UCSORGTOP
 10
0.0
 20
0.0
 30
0.0
  9
$UCSORGBOTTOM
 10
0.0
 20
0.0
 30
0.0
  9
$UCSORGLEFT
 10
0.0
 20
0.0
 30
0.0
  9
$UCSORGRIGHT
 10
0.0
 20
0.0
 30
0.0
  9
$UCSORGFRONT
 10
0.0
 20
0.0
 30
0.0
  9
$UCSORGBACK
 10
0.0
 20
0.0
 30
0.0
  9
$PUCSBASE
  2

  9
$PUCSNAME
  2

  9
$PUCSORG
 10
0.0
 20
0.0
 30
0.0
  9
$PUCSXDIR
 10
1.0
 20
0.0
 30
0.0
  9
$PUCSYDIR
 10
0.0
 20
1.0
 30
0.0
  9
$PUCSORTHOREF
  2

  9
$PUCSORTHOVIEW
 70
     0
  9
$PUCSORGTOP
 10
0.0
 20
0.0
 30
0.0
  9
$PUCSORGBOTTOM
 10
0.0
 20
0.0
 30
0.0
  9
$PUCSORGLEFT
 10
0.0
 20
0.0
 30
0.0
  9
$PUCSORGRIGHT
 10
0.0
 20
0.0
 30
0.0
  9
$PUCSORGFRONT
 10
0.0
 20
0.0
 30
0.0
  9
$PUCSORGBACK
 10
0.0
 20
0.0
 30
0.0
  9
$USERI1
 70
     0
  9
$USERI2
 70
     0
  9
$USERI3
 70
     0
  9
$USERI4
 70
     0
  9
$USERI5
 70
     0
  9
$USERR1
 40
0.0
  9
$USERR2
 40
0.0
  9
$USERR3
 40
0.0
  9
$USERR4
 40
0.0
  9
$USERR5
 40
0.0
  9
$WORLDVIEW
 70
     1
  9
$SHADEDGE
 70
     3
  9
$SHADEDIF
 70
    70
  9
$TILEMODE
 70
     1
  9
$MAXACTVP
 70
    64
  9
$PINSBASE
 10
0.0
 20
0.0
 30
0.0
  9
$PLIMCHECK
 70
     0
  9
$PEXTMIN
 10
1.000000000000000E+20
 20
1.000000000000000E+20
 30
1.000000000000000E+20
  9
$PEXTMAX
 10
-1.000000000000000E+20
 20
-1.000000000000000E+20
 30
-1.000000000000000E+20
  9
$PLIMMIN
 10
0.0
 20
0.0
  9
$PLIMMAX
 10
12.0
 20
9.0
  9
$UNITMODE
 70
     0
  9
$VISRETAIN
 70
     1
  9
$PLINEGEN
 70
     0
  9
$PSLTSCALE
 70
     1
  9
$TREEDEPTH
 70
  3020
  9
$CMLSTYLE
  2
Standard
  9
$CMLJUST
 70
     0
  9
$CMLSCALE
 40
1.0
  9
$PROXYGRAPHICS
 70
     1
  9
$MEASUREMENT
 70
     0
  9
$CELWEIGHT
370
    -1
  9
$ENDCAPS
280
     0
  9
$JOINSTYLE
280
     0
  9
$LWDISPLAY
290
     0
  9
$INSUNITS
 70
     0
  9
$HYPERLINKBASE
  1

  9
$STYLESHEET
  1

  9
$XEDIT
290
     1
  9
$CEPSNTYPE
380
     0
  9
$PSTYLEMODE
290
     1
  9
$FINGERPRINTGUID
  2
{FFC0C209-7360-46E7-9A34-B469CA13A118}
  9
$VERSIONGUID
  2
{00751B29-5345-40A8-8BD7-733787F3985A}
  9
$EXTNAMES
290
     1
  9
$PSVPSCALE
 40
0.0
  9
$OLESTARTUP
290
     0
  9
$SORTENTS
280
   127
  9
$INDEXCTL
280
     0
  9
$HIDETEXT
280
     0
  9
$XCLIPFRAME
290
     0
  9
$HALOGAP
280
     0
  9
$OBSCOLOR
 70
   257
  9
$OBSLTYPE
280
     0
  9
$INTERSECTIONDISPLAY
280
     0
  9
$INTERSECTIONCOLOR
 70
   257
  9
$DIMASSOC
280
     1
  9
$PROJECTNAME
  1

  0
ENDSEC
  0
SECTION
  2
CLASSES
  0
CLASS
  1
ACDBDICTIONARYWDFLT
  2
AcDbDictionaryWithDefault
  3
ObjectDBX Classes
 90
        0
 91
        1
280
     0
281
     0
  0
CLASS
  1
MATERIAL
  2
AcDbMaterial
  3
ObjectDBX Classes
 90
     1153
 91
        3
280
     0
281
     0
  0
CLASS
  1
VISUALSTYLE
  2
AcDbVisualStyle
  3
ObjectDBX Classes
 90
     4095
 91
       24
280
     0
281
     0
  0
CLASS
  1
SCALE
  2
AcDbScale
  3
ObjectDBX Classes
 90
     1153
 91
       17
280
     0
281
     0
  0
CLASS
  1
TABLESTYLE
  2
AcDbTableStyle
  3
ObjectDBX Classes
 90
     4095
 91
        1
280
     0
281
     0
  0
CLASS
  1
MLEADERSTYLE
  2
AcDbMLeaderStyle
  3
ACDB_MLEADERSTYLE_CLASS
 90
     4095
 91
        1
280
     0
281
     0
  0
CLASS
  1
ACDBSECTIONVIEWSTYLE
  2
AcDbSectionViewStyle
  3
ObjectDBX Classes
 90
     1025
 91
        1
280
     0
281
     0
  0
CLASS
  1
ACDBDETAILVIEWSTYLE
  2
AcDbDetailViewStyle
  3
ObjectDBX Classes
 90
     1025
 91
        1
280
     0
281
     0
  0
CLASS
  1
SOLID_BACKGROUND
  2
AcDbSolidBackground
  3
SCENEOE
 90
     4095
 91
        1
280
     0
281
     0
  0
CLASS
  1
NPOCOLLECTION
  2
AcDbImpNonPersistentObjectsCollection
  3
ObjectDBX Classes
 90
     1153
 91
        1
280
     0
281
     0
  0
CLASS
  1
ACDBASSOCNETWORK
  2
AcDbAssocNetwork
  3
ObjectDBX Classes
 90
     1025
 91
        2
280
     0
281
     0
  0
CLASS
  1
ACDBASSOC2DCONSTRAINTGROUP
  2
AcDbAssoc2dConstraintGroup
  3
ObjectDBX Classes
 90
     1025
 91
        1
280
     0
281
     0
  0
CLASS
  1
ACDBASSOCGEOMDEPENDENCY
  2
AcDbAssocGeomDependency
  3
ObjectDBX Classes
 90
     1025
 91
        2
280
     0
281
     0
  0
CLASS
  1
DICTIONARYVAR
  2
AcDbDictionaryVar
  3
ObjectDBX Classes
 90
        0
 91
        6
280
     0
281
     0
  0
CLASS
  1
CELLSTYLEMAP
  2
AcDbCellStyleMap
  3
ObjectDBX Classes
 90
     1152
 91
        4
280
     0
281
     0
  0
ENDSEC
  0
SECTION
  2
TABLES
  0
TABLE
  2
VPORT
  5
F92
330
0
100
AcDbSymbolTable
 70
     1
  0
VPORT
  5
FFE
330
F92
100
AcDbSymbolTableRecord
100
AcDbViewportTableRecord
  2
*ACTIVE
 70
     0
 10
0.0
 20
0.0
 11
1.0
 21
1.0
 12
23.80878872989588
 22
11.10770244876821
 13
0.0
 23
0.0
 14
0.5
 24
0.5
 15
0.5
 25
0.5
 16
-0.0000000000000711
 26
0.0
 36
315.1803750276375
 17
79.12469673156738
 27
43.8435845375061
 37
0.0
 40
5.604882583970038
 41
2.737704918032787
 42
50.0
 43
0.0
 44
0.0
 50
0.0
 51
0.0
 71
     0
 72
   100
 73
     1
 74
     3
 75
     0
 76
     0
 77
     0
 78
     0
281
     0
 65
     1
110
0.0
120
0.0
130
0.0
111
1.0
121
0.0
131
0.0
112
0.0
122
1.0
132
0.0
 79
     0
146
0.0
1001
ACAD_NAV_VCDISPLAY
1070
     3
  0
ENDTAB
  0
TABLE
  2
LTYPE
  5
F8F
330
0
100
AcDbSymbolTable
 70
     3
  0
LTYPE
  5
FE4
330
F8F
100
AcDbSymbolTableRecord
100
AcDbLinetypeTableRecord
  2
ByBlock
 70
     0
  3

 72
    65
 73
     0
 40
0.0
  0
LTYPE
  5
FE5
330
F8F
100
AcDbSymbolTableRecord
100
AcDbLinetypeTableRecord
  2
ByLayer
 70
     0
  3

 72
    65
 73
     0
 40
0.0
  0
LTYPE
  5
FE6
330
F8F
100
AcDbSymbolTableRecord
100
AcDbLinetypeTableRecord
  2
CONTINUOUS
 70
     0
  3
Solid line
 72
    65
 73
     0
 40
0.0
  0
LTYPE
  5
FF2
330
F8F
100
AcDbSymbolTableRecord
100
AcDbLinetypeTableRecord
  2
PHANTOM2
 70
     0
  3
Phantom (.5x) ___ _ _ ___ _ _ ___ _ _ ___ _ _
 72
    65
 73
     6
 40
1.25
 49
0.625
 74
     0
 49
-0.125
 74
     0
 49
0.125
 74
     0
 49
-0.125
 74
     0
 49
0.125
 74
     0
 49
-0.125
 74
     0
  0
LTYPE
  5
FFF
330
F8F
100
AcDbSymbolTableRecord
100
AcDbLinetypeTableRecord
  2
CONTINUOUS2
 70
     0
  3
Solid Line
 72
    65
 73
     0
 40
0.0
  0
ENDTAB
  0
TABLE
  2
LAYER
  5
F8C
330
0
100
AcDbSymbolTable
 70
     2
  0
LAYER
  5
FDE
102
{ACAD_XDICTIONARY
360
1013
102
}
330
F8C
100
AcDbSymbolTableRecord
100
AcDbLayerTableRecord
  2
0
 70
     0
 62
     7
  6
CONTINUOUS
370
    -3
390
F99
  0
LAYER
  5
1000
102
{ACAD_XDICTIONARY
360
1015
102
}
330
F8C
100
AcDbSymbolTableRecord
100
AcDbLayerTableRecord
  2
ENGRAVE
 70
     0
 62
     1
  6
CONTINUOUS
370
    -3
390
F99
  0
ENDTAB
  0
TABLE
  2
STYLE
  5
F8D
330
0
100
AcDbSymbolTable
 70
     2
  0
STYLE
  5
FDF
330
F8D
100
AcDbSymbolTableRecord
100
AcDbTextStyleTableRecord
  2
STANDARD
 70
     0
 40
0.0
 41
1.0
 50
0.0
 71
     0
 42
0.2
  3
txt
  4

  0
STYLE
  5
FE3
330
F8D
100
AcDbSymbolTableRecord
100
AcDbTextStyleTableRecord
  2
Annotative
 70
     0
 40
0.0
 41
1.0
 50
0.0
 71
     0
 42
0.2
  3
txt
  4

1001
AcadAnnotative
1000
AnnotativeData
1002
{
1070
     1
1070
     1
1002
}
  0
ENDTAB
  0
TABLE
  2
VIEW
  5
F90
330
0
100
AcDbSymbolTable
 70
     0
  0
ENDTAB
  0
TABLE
  2
UCS
  5
F91
330
0
100
AcDbSymbolTable
 70
     0
  0
ENDTAB
  0
TABLE
  2
APPID
  5
F93
330
0
100
AcDbSymbolTable
 70
     4
  0
APPID
  5
FE0
330
F93
100
AcDbSymbolTableRecord
100
AcDbRegAppTableRecord
  2
ACAD
 70
     0
  0
APPID
  5
FE7
330
F93
100
AcDbSymbolTableRecord
100
AcDbRegAppTableRecord
  2
AcadAnnotative
 70
     0
  0
APPID
  5
101E
330
F93
100
AcDbSymbolTableRecord
100
AcDbRegAppTableRecord
  2
ACAD_NAV_VCDISPLAY
 70
     0
  0
APPID
  5
10FE
330
F93
100
AcDbSymbolTableRecord
100
AcDbRegAppTableRecord
  2
ACAD_MLEADERVER
 70
     0
  0
ENDTAB
  0
TABLE
  2
DIMSTYLE
  5
F94
330
0
100
AcDbSymbolTable
 70
     2
100
AcDbDimStyleTable
 71
     0
  0
DIMSTYLE
105
FE1
330
F94
100
AcDbSymbolTableRecord
100
AcDbDimStyleTableRecord
  2
STANDARD
 70
     0
279
     2
340
FDF
  0
DIMSTYLE
105
FE2
330
F94
100
AcDbSymbolTableRecord
100
AcDbDimStyleTableRecord
  2
Annotative
 70
     0
340
FDF
1001
AcadAnnotative
1000
AnnotativeData
1002
{
1070
     1
1070
     1
1002
}
  0
ENDTAB
  0
TABLE
  2
BLOCK_RECORD
  5
F8B
330
0
100
AcDbSymbolTable
 70
     2
  0
BLOCK_RECORD
  5
FFA
330
F8B
100
AcDbSymbolTableRecord
100
AcDbBlockTableRecord
  2
*Model_Space
340
FFD
  0
BLOCK_RECORD
  5
FF6
330
F8B
100
AcDbSymbolTableRecord
100
AcDbBlockTableRecord
  2
*Paper_Space
340
FF9
  0
BLOCK_RECORD
  5
1002
330
F8B
100
AcDbSymbolTableRecord
100
AcDbBlockTableRecord
  2
$MODEL_SPACE
340
0
  0
BLOCK_RECORD
  5
1004
330
F8B
100
AcDbSymbolTableRecord
100
AcDbBlockTableRecord
  2
$PAPER_SPACE
340
0
  0
ENDTAB
  0
ENDSEC
  0
SECTION
  2
BLOCKS
  0
BLOCK
  5
FFB
330
FFA
100
AcDbEntity
  8
0
100
AcDbBlockBegin
  2
*Model_Space
 70
     0
 10
0.0
 20
0.0
 30
0.0
  3
*Model_Space
  1

  0
ENDBLK
  5
FFC
330
FFA
100
AcDbEntity
  8
0
100
AcDbBlockEnd
  0
BLOCK
  5
FF7
330
FF6
100
AcDbEntity
 67
     1
  8
0
100
AcDbBlockBegin
  2
*Paper_Space
 70
     0
 10
0.0
 20
0.0
 30
0.0
  3
*Paper_Space
  1

  0
ENDBLK
  5
FF8
330
FF6
100
AcDbEntity
 67
     1
  8
0
100
AcDbBlockEnd
  0
BLOCK
  5
1003
330
1002
100
AcDbEntity
  8
0
100
AcDbBlockBegin
  2
$MODEL_SPACE
 70
     0
 10
0.0
 20
0.0
 30
0.0
  3
$MODEL_SPACE
  1

  0
ENDBLK
  5
21
330
1002
100
AcDbEntity
  8
0
100
AcDbBlockEnd
  0
BLOCK
  5
1005
330
1004
100
AcDbEntity
  8
0
100
AcDbBlockBegin
  2
$PAPER_SPACE
 70
     0
 10
0.0
 20
0.0
 30
0.0
  3
$PAPER_SPACE
  1

  0
ENDBLK
  5
1D
330
1004
100
AcDbEntity
  8
0
100
AcDbBlockEnd
  0
ENDSEC
  0
SECTION
  2
ENTITIES
  0
LWPOLYLINE
  5
40
330
FFA
100
AcDbEntity
  8
0
100
AcDbPolyline
 90
       22
 70
     1
 43
0.0
 10
-330.8946029974852
 20
-134.6891439511649
 10
-318.8946325953777
 20
-134.6891439511649
 10
-318.8946325953777
 20
-142.6284601259536
 42
1.0
 10
-317.8339709985862
 20
-143.6891217227452
 10
-310.9553164205893
 20
-143.6891217227452
 42
1.0
 10
-309.8946548237974
 20
-142.6284601259536
 10
-309.8946548237974
 20
-137.6891365816917
 10
-273.894743857476
 20
-137.6891365816917
 10
-273.894743857476
 20
-142.6284601259536
 42
1.0
 10
-272.8340822606841
 20
-143.6891217227452
 10
-265.9554276826872
 20
-143.6891217227452
 42
1.0
 10
-264.8947660858953
 20
-142.6284601259536
 10
-264.8947660858953
 20
-134.6891439511649
 10
-252.894795683788
 20
-134.6891439511649
 10
-252.894795683788
 20
-147.0447500710732
 42
-0.19891689
 10
-254.7646413159488
 20
-151.5589524959594
 10
-257.0249353126817
 20
-153.8192522526999
 42
-0.19891512
 10
-261.5391377375677
 20
-155.6890921248525
 10
-322.2502609437057
 20
-155.6890921248525
 42
-0.19891623
 10
-326.7644633685917
 20
-153.8192466126924
 10
-329.0247574853248
 20
-151.5589581359669
 42
-0.19891357
 10
-330.8946029974852
 20
-147.0447500710732
  0
LWPOLYLINE
  5
41
330
FFA
100
AcDbEntity
  8
0
100
AcDbPolyline
 90
        8
 70
     1
 43
0.0
 10
15.60454072835995
 20
-342.8043171282299
 10
15.60454072835995
 20
-349.6829717062269
 42
1.0
 10
16.66520232515182
 20
-350.7436333030185
 10
17.54387176209485
 20
-350.7436333030185
 42
1.0
 10
18.60453335888673
 20
-349.6829717062269
 10
18.60453335888673
 20
-342.8043171282299
 42
1.0
 10
17.54387176209485
 20
-341.7436555314382
 10
16.66520232515182
 20
-341.7436555314382
 42
1.0
  0
LWPOLYLINE
  5
42
330
FFA
100
AcDbEntity
  8
0
100
AcDbPolyline
 90
        8
 70
     1
 43
0.0
 10
15.60454072835995
 20
-294.8044357598012
 10
15.60454072835995
 20
-301.6830903377981
 42
1.0
 10
16.66520232515182
 20
-302.7437519345898
 10
17.54387176209485
 20
-302.7437519345898
 42
1.0
 10
18.60453335888673
 20
-301.6830903377981
 10
18.60453335888673
 20
-294.8044357598012
 42
1.0
 10
17.54387176209485
 20
-293.7437741630095
 10
16.66520232515182
 20
-293.7437741630095
 42
1.0
  0
LWPOLYLINE
  5
43
330
FFA
100
AcDbEntity
  8
0
100
AcDbPolyline
 90
        4
 70
     1
 43
0.0
 10
149.1042108068022
 20
-304.2437481898531
 10
149.1042108068022
 20
-340.2436592761748
 10
230.1040107510262
 20
-340.2436592761748
 10
230.1040107510262
 20
-304.2437481898531
  0
LWPOLYLINE
  5
44
330
FFA
100
AcDbEntity
  8
0
100
AcDbPolyline
 90
        4
 70
     1
 43
0.0
 10
116.1042923510074
 20
-304.2437481898531
 10
116.1042923510074
 20
-340.2436592761748
 10
140.104233155222
 20
-340.2436592761748
 10
140.104233155222
 20
-304.2437481898531
  0
LWPOLYLINE
  5
45
330
FFA
100
AcDbEntity
  8
0
100
AcDbPolyline
 90
        4
 70
     1
 43
0.0
 10
23.10452224467696
 20
-304.2437481898531
 10
23.10452224467696
 20
-340.2436592761748
 10
107.1043146994273
 20
-340.2436592761748
 10
107.1043146994273
 20
-304.2437481898531
  0
LWPOLYLINE
  5
46
330
FFA
100
AcDbEntity
  8
0
100
AcDbPolyline
 90
       28
 70
     1
 43
0.0
 10
12.60454821783327
 20
-371.7435813567061
 10
11.10455184256983
 20
-356.743618444072
 10
11.10455184256983
 20
-287.7437890219558
 10
12.60454821783327
 20
-272.7438259893217
 10
21.60452598941384
 20
-272.7438259893217
 10
23.10452224467696
 20
-287.7437890219558
 10
23.10452224467696
 20
-295.2437704182728
 10
230.1040107510262
 20
-295.2437704182728
 10
230.1040107510262
 20
-245.7438927945808
 10
232.0433416647611
 20
-245.7438927945808
 42
1.0
 10
233.1040032615529
 20
-244.6832311977891
 10
233.1040032615529
 20
-239.7439075335269
 10
239.1039884026065
 20
-239.7439075335269
 10
239.1039884026065
 20
-244.6832311977891
 42
1.0
 10
240.164649999398
 20
-245.7438927945808
 10
242.1039810331333
 20
-245.7438927945808
 10
242.1039810331333
 20
-398.7435146714473
 10
240.164649999398
 20
-398.7435146714473
 42
1.0
 10
239.1039884026065
 20
-399.8041762682389
 10
239.1039884026065
 20
-404.7434998125008
 10
233.1040032615529
 20
-404.7434998125008
 10
233.1040032615529
 20
-399.8041762682389
 42
1.0
 10
232.0433416647611
 20
-398.7435146714473
 10
230.1040107510262
 20
-398.7435146714473
 10
230.1040107510262
 20
-349.243636927755
 10
23.10452224467696
 20
-349.243636927755
 10
23.10452224467696
 20
-356.743618444072
 10
21.60452598941384
 20
-371.7435813567061
  0
LWPOLYLINE
  5
47
330
FFA
100
AcDbEntity
  8
0
100
AcDbPolyline
 90
      126
 70
     1
 43
0.0
 10
47.10446292889168
 20
-266.7438408482681
 10
47.10446292889168
 20
-264.804509814533
 42
1.0
 10
46.0438013320998
 20
-263.7438482177413
 10
41.10447778783822
 20
-263.7438482177413
 10
41.10447778783822
 20
-257.7438630766878
 10
46.0438013320998
 20
-257.7438630766878
 42
1.0
 10
47.10446292889168
 20
-256.6832014798961
 10
47.10446292889168
 20
-254.7438705661611
 10
98.9484510619248
 20
-254.7438705661611
 10
99.47897489469012
 20
-254.7592970668868
 10
100.006386043273
 20
-254.8053594887722
 10
100.5293797459216
 20
-254.8817485914019
 10
101.0466513608823
 20
-254.9881784143917
 10
101.5569192864338
 20
-255.1243169172954
 10
102.0588559607917
 20
-255.2898782597292
 10
102.5512024622654
 20
-255.484541801262
 10
103.03260842904
 20
-255.708009941494
 10
105.1760357087613
 20
-256.7797235813546
 10
110.191648367298
 20
-259.0134789424322
 10
113.3024423066877
 20
-260.2348809034007
 10
113.948642814866
 20
-260.4549388790514
 10
114.5063578441629
 20
-260.6231093849905
 10
114.7464313667047
 20
-260.6849645480937
 10
114.9576658505008
 20
-260.7305233293024
 10
115.0517590569159
 20
-260.7468426312276
 10
115.1378183725381
 20
-260.7586757271255
 10
115.2155235169355
 20
-260.7658740567965
 10
115.2846228497715
 20
-260.7683002200561
 10
131.9728140305613
 20
-260.7683002200561
 10
132.041867523335
 20
-260.7658740567965
 10
132.11948110761
 20
-260.7586757271255
 10
132.205357302986
 20
-260.7468426312276
 10
132.2992215490936
 20
-260.7305233293024
 10
132.5097923119979
 20
-260.6849645480937
 10
132.7489732733406
 20
-260.6231093849905
 10
133.3042849394083
 20
-260.4549388790514
 10
133.947349843374
 20
-260.2348809034007
 10
137.0413438801931
 20
-259.0134789424322
 10
142.0325120258887
 20
-256.7797235813546
 10
144.1759393056094
 20
-255.708009941494
 10
144.6573452723841
 20
-255.484541801262
 10
145.1496917738578
 20
-255.2898782597292
 10
145.651628448216
 20
-255.1243169172954
 10
146.1618963737668
 20
-254.9881784143917
 10
146.6791679887275
 20
-254.8817485914019
 10
147.2021616913761
 20
-254.8053594887722
 10
147.7295728399594
 20
-254.7592970668868
 10
148.2600967927248
 20
-254.7438705661611
 10
200.1040848057582
 20
-254.7438705661611
 10
200.1040848057582
 20
-256.6832014798961
 42
1.0
 10
201.1647464025497
 20
-257.7438630766878
 10
206.1040699468114
 20
-257.7438630766878
 10
206.1040699468114
 20
-263.7438482177413
 10
201.1647464025497
 20
-263.7438482177413
 42
1.0
 10
200.1040848057582
 20
-264.804509814533
 10
200.1040848057582
 20
-266.7438408482681
 10
151.2600893032515
 20
-266.7438408482681
 10
150.7295654704862
 20
-266.759267468994
 10
150.2021543219029
 20
-266.8053297708793
 10
149.6791606192546
 20
-266.8817189935091
 10
149.1618888842935
 20
-266.9881486964988
 10
148.6516210787425
 20
-267.1242873194026
 10
148.1496844043849
 20
-267.2898485418363
 10
147.6573379029109
 20
-267.4845120833692
 10
147.1759319361362
 20
-267.7079803436015
 10
145.0325046564155
 20
-268.7796939834619
 10
144.5588805800957
 20
-269.0285565578118
 10
144.0961971584747
 20
-269.2959471570544
 10
143.6450263123212
 20
-269.5814994206974
 10
143.2058490022812
 20
-269.884824308218
 10
142.779214229092
 20
-270.2055327790938
 10
142.3656258734312
 20
-270.5432699928478
 10
141.9656558560668
 20
-270.8976467889574
 10
141.5797848976443
 20
-271.2682742469
 10
138.6286812928001
 20
-274.2193778517437
 10
138.441662481538
 20
-274.3973330508288
 10
138.2469302999129
 20
-274.5651029962298
 10
138.0448967084787
 20
-274.7225045677007
 10
137.8359739077881
 20
-274.8693319649651
 10
137.6206195784568
 20
-275.0054476678381
 10
137.3992226410076
 20
-275.1306456360431
 10
137.1722640560858
 20
-275.2447429893344
 10
136.9401326242143
 20
-275.347602207527
 10
136.7032405459472
 20
-275.4390173703443
 10
136.4620683019295
 20
-275.5188282775713
 10
136.2170051726838
 20
-275.5868290089311
 10
135.9684629987644
 20
-275.642881924239
 10
135.7169225008168
 20
-275.6867814632185
 10
135.4627497993322
 20
-275.7183441456232
 10
135.2064257349579
 20
-275.7374098912384
 10
134.9483620282462
 20
-275.7438186198485
 10
112.2601857064033
 20
-275.7438186198485
 10
112.0021221196917
 20
-275.7374098912384
 10
111.7457979353169
 20
-275.7183441456232
 10
111.4916252338327
 20
-275.6867814632185
 10
111.2400847358851
 20
-275.642881924239
 10
110.9915425619657
 20
-275.5868290089311
 10
110.7464794327201
 20
-275.5188282775713
 10
110.5053071887023
 20
-275.4390173703443
 10
110.268415110435
 20
-275.347602207527
 10
110.0362836785635
 20
-275.2447659093652
 10
109.8093021736112
 20
-275.1306456360431
 10
109.5879281561925
 20
-275.0054476678381
 10
109.3725738268611
 20
-274.8693319649651
 10
109.1636510261709
 20
-274.7225045677007
 10
108.9616174347364
 20
-274.5651029962298
 10
108.7668852531113
 20
-274.3973330508288
 10
108.5798664418492
 20
-274.2193778517437
 10
105.6287628370053
 20
-271.2682742469
 10
105.2428919985832
 20
-270.8976467889574
 10
104.8429219812188
 20
-270.5432699928478
 10
104.4293335055572
 20
-270.2055327790938
 10
104.0026987323684
 20
-269.884824308218
 10
103.5635214223282
 20
-269.5814994206974
 10
103.1123506961746
 20
-269.2959471570544
 10
102.6496671545538
 20
-269.0285565578118
 10
102.1760202782033
 20
-268.7796939834619
 10
100.0326157985136
 20
-267.7079803436015
 10
99.55120983173827
 20
-267.4845120833692
 10
99.05886333026495
 20
-267.2898485418363
 10
98.55692665590703
 20
-267.1242873194026
 10
98.04665885035598
 20
-266.9881486964988
 10
97.52938711539485
 20
-266.8817189935091
 10
97.0063934127466
 20
-266.8053297708793
 10
96.47898226416334
 20
-266.759267468994
 10
95.94845843139802
 20
-266.7438408482681
  0
LWPOLYLINE
  5
48
330
FFA
100
AcDbEntity
  8
0
100
AcDbPolyline
 90
        7
 70
     1
 43
0.0
 10
-474.8942471027714
 20
128.1945189044772
 10
-474.8942471027714
 20
124.3158569570072
 42
1.0
 10
-473.8335855059795
 20
123.2551953602154
 10
-471.8942545922446
 20
123.2551953602154
 10
-471.8942545922446
 20
128.1945189044772
 42
1.0
 10
-472.9549161890362
 20
129.2551805012689
 10
-473.8335855059795
 20
129.2551805012689
 42
1.0
  0
LWPOLYLINE
  5
49
330
FFA
100
AcDbEntity
  8
0
100
AcDbPolyline
 90
        8
 70
     1
 43
0.0
 10
-387.894462137494
 20
128.1945189044772
 10
-387.894462137494
 20
124.3158569570072
 42
1.0
 10
-386.8338005407025
 20
123.2551953602154
 10
-385.9551311037591
 20
123.2551953602154
 42
1.0
 10
-384.8944695069672
 20
124.3158569570072
 10
-384.8944695069672
 20
128.1945189044772
 42
1.0
 10
-385.9551311037591
 20
129.2551805012689
 10
-386.8338005407025
 20
129.2551805012689
 42
1.0
  0
LWPOLYLINE
  5
4A
330
FFA
100
AcDbEntity
  8
0
100
AcDbPolyline
 90
       16
 70
     1
 43
0.0
 10
-480.8942322438249
 20
117.2552102191619
 10
-480.8942322438249
 20
149.1944670781649
 42
1.0
 10
-481.9548938406164
 20
150.2551286749566
 10
-483.8942248743517
 20
150.2551286749566
 10
-483.8942248743517
 20
174.2550693591711
 10
-481.9548938406164
 20
174.2550693591711
 42
1.0
 10
-480.8942322438249
 20
175.3157309559626
 10
-480.8942322438249
 20
201.2550026739122
 10
-378.8944843659137
 20
201.2550026739122
 10
-378.8944843659137
 20
175.3157309559626
 42
1.0
 10
-377.8338227691222
 20
174.2550693591711
 10
-375.8944917353868
 20
174.2550693591711
 10
-375.8944917353868
 20
150.2551286749566
 10
-377.8338227691222
 20
150.2551286749566
 42
1.0
 10
-378.8944843659137
 20
149.1944670781649
 10
-378.8944843659137
 20
117.2552102191619
  0
LWPOLYLINE
  5
4B
330
FFA
100
AcDbEntity
  8
0
100
AcDbPolyline
 90
       22
 70
     1
 43
0.0
 10
-480.8942322438249
 20
204.2549951844388
 10
-480.8942322438249
 20
218.1942965002811
 42
1.0
 10
-481.9548938406164
 20
219.2549580970728
 10
-483.8942248743517
 20
219.2549580970728
 10
-483.8942248743517
 20
237.2549136402339
 10
-481.9548938406164
 20
237.2549136402339
 42
1.0
 10
-480.8942322438249
 20
238.3155752370257
 10
-480.8942322438249
 20
252.2548765528677
 10
-442.9549902437682
 20
252.2548765528677
 42
1.0
 10
-441.8943286469763
 20
253.3155381496592
 10
-441.8943286469763
 20
255.2548691833945
 10
-417.8943879627622
 20
255.2548691833945
 10
-417.8943879627622
 20
253.3155381496592
 42
1.0
 10
-416.8337263659704
 20
252.2548765528677
 10
-378.8944843659137
 20
252.2548765528677
 10
-378.8944843659137
 20
238.3155752370257
 42
1.0
 10
-377.8338227691222
 20
237.2549136402339
 10
-375.8944917353868
 20
237.2549136402339
 10
-375.8944917353868
 20
219.2549580970728
 10
-377.8338227691222
 20
219.2549580970728
 42
1.0
 10
-378.8944843659137
 20
218.1942965002811
 10
-378.8944843659137
 20
204.2549951844388
  0
LWPOLYLINE
  5
4C
330
FFA
100
AcDbEntity
  8
0
100
AcDbPolyline
 90
       13
 70
     1
 43
0.0
 10
-507.8941655585661
 20
186.2550396412779
 10
-507.8941655585661
 20
195.2550174128584
 10
-518.8334743638817
 20
195.2550174128584
 42
-1.0
 10
-519.8941359606732
 20
196.3156790096502
 10
-519.8941359606732
 20
198.2550100433853
 10
-537.8940915038338
 20
198.2550100433853
 10
-537.8940915038338
 20
196.3156790096502
 42
-1.0
 10
-538.9547531006257
 20
195.2550174128584
 10
-540.8940840143604
 20
195.2550174128584
 10
-540.8940840143604
 20
193.3156864991235
 42
-1.0
 10
-541.9547456111526
 20
192.2550249023318
 10
-543.894076644888
 20
192.2550249023318
 10
-543.894076644888
 20
186.2550396412779
  0
LWPOLYLINE
  5
4D
330
FFA
100
AcDbEntity
  8
0
100
AcDbPolyline
 90
        4
 70
     1
 43
0.0
 10
-543.894076644888
 20
174.2550693591711
 10
-543.894076644888
 20
183.2550471307514
 10
-507.8941655585661
 20
183.2550471307514
 10
-507.8941655585661
 20
174.2550693591711
  0
LWPOLYLINE
  5
4E
330
FFA
100
AcDbEntity
  8
0
100
AcDbPolyline
 90
        8
 70
     1
 43
0.0
 10
-549.8940617859415
 20
191.1943633055403
 10
-549.8940617859415
 20
175.3157309559626
 42
1.0
 10
-548.8334001891496
 20
174.2550693591711
 10
-547.9547307522063
 20
174.2550693591711
 42
1.0
 10
-546.8940691554144
 20
175.3157309559626
 10
-546.8940691554144
 20
191.1943633055403
 42
1.0
 10
-547.9547307522063
 20
192.2550249023318
 10
-548.8334001891496
 20
192.2550249023318
 42
1.0
  0
LWPOLYLINE
  5
4F
330
FFA
100
AcDbEntity
  8
0
100
AcDbPolyline
 90
       16
 70
     1
 43
0.0
 10
-552.8940544164682
 20
171.2550767286442
 10
-552.8940544164682
 20
192.2550249023318
 10
-559.4649609645617
 20
204.2154216512712
 10
-570.1734458315419
 20
217.1886638009811
 10
-579.8939876112091
 20
225.2549433581264
 10
-579.8939876112091
 20
228.2548901485918
 10
-548.8841919091689
 20
239.5415519923604
 10
-548.2208888286211
 20
237.7191776258244
 42
1.0
 10
-546.86142735136
 20
237.0852557830393
 10
-526.3022704145231
 20
244.568183142679
 42
1.0
 10
-525.6683421257655
 20
245.9276457026599
 10
-526.3316276495222
 20
247.7500125405275
 10
-500.9600014824315
 20
256.9845707072694
 10
-499.9339497039188
 20
254.165462959764
 10
-504.8941730480394
 20
237.2549136402339
 10
-504.8941730480394
 20
171.2550767286442
  0
LWPOLYLINE
  5
50
330
FFA
100
AcDbEntity
  8
0
100
AcDbPolyline
 90
        8
 70
     1
 43
0.0
 10
-303.8946696827439
 20
-282.8044653576938
 10
-303.8946696827439
 20
-292.6831125662178
 42
-1.0
 10
-304.9553312795358
 20
-293.7437741630095
 10
-305.8340007164789
 20
-293.7437741630095
 42
-1.0
 10
-306.8946623132707
 20
-292.6831125662178
 10
-306.8946623132707
 20
-282.8044653576938
 42
-1.0
 10
-305.8340007164789
 20
-281.743803760902
 10
-304.9553312795358
 20
-281.743803760902
 42
-1.0
  0
LWPOLYLINE
  5
51
330
FFA
100
AcDbEntity
  8
0
100
AcDbPolyline
 90
        8
 70
     1
 43
0.0
 10
-293.8340303143717
 20
-275.7438186198485
 10
-283.9553832258479
 20
-275.7438186198485
 42
1.0
 10
-282.894721629056
 20
-274.683157023057
 10
-282.894721629056
 20
-273.8044875861135
 42
1.0
 10
-283.9553832258479
 20
-272.7438259893217
 10
-293.8340303143717
 20
-272.7438259893217
 42
1.0
 10
-294.8946919111633
 20
-273.8044875861135
 10
-294.8946919111633
 20
-274.683157023057
 42
1.0
  0
LWPOLYLINE
  5
52
330
FFA
100
AcDbEntity
  8
0
100
AcDbPolyline
 90
       46
 70
     1
 43
0.0
 10
-309.8946548237974
 20
-301.9797461881387
 10
-381.8944769964405
 20
-301.9797461881387
 10
-400.6844848010466
 20
-295.996011588918
 10
-414.0704228652181
 20
-285.0735456744511
 10
-425.0323708727298
 20
-271.6943138192893
 10
-432.2150312827218
 20
-256.2413949381034
 10
-435.7488763183156
 20
-234.6333940820046
 42
1.0
 10
-436.7956318000592
 20
-233.7439223924734
 10
-438.8943361364495
 20
-233.7439223924734
 10
-438.8943361364495
 20
-227.74393725142
 10
-436.9617650718494
 20
-227.7438189818486
 42
1.0
 10
-435.9011687773362
 20
-226.684069125158
 10
-435.8943435059228
 20
-218.7439594798394
 10
-423.8943731038157
 20
-218.7439594798394
 10
-421.3128212754692
 20
-239.209641495734
 10
-423.2371798153078
 20
-239.4501862938204
 42
1.0
 10
-424.1580919519499
 20
-240.6342164625925
 10
-422.9327947967627
 20
-250.4365747370097
 42
1.0
 10
-421.748768890233
 20
-251.3574871412577
 10
-419.8244063557655
 20
-251.1169492133479
 10
-417.8943879627622
 20
-266.7438408482681
 10
-378.8944843659137
 20
-266.7438408482681
 10
-378.8944843659137
 20
-298.6830977072713
 42
1.0
 10
-377.8338227691222
 20
-299.7437593040629
 10
-313.9553090511161
 20
-299.7437593040629
 42
1.0
 10
-312.8946474543242
 20
-298.6830977072713
 10
-312.8946474543242
 20
-266.7438408482681
 10
-273.894743857476
 20
-266.7438408482681
 10
-271.9647254644727
 20
-251.1169492133479
 10
-270.0403629300055
 20
-251.3574871412577
 42
1.0
 10
-268.8563370234755
 20
-250.4365747370097
 10
-267.631039868288
 20
-240.6342164625925
 42
1.0
 10
-268.5519520049304
 20
-239.4501862938204
 10
-270.476310544769
 20
-239.209641495734
 10
-267.8947587164225
 20
-218.7439594798394
 10
-255.8947769142999
 20
-218.7439594798394
 10
-255.8947869708037
 20
-226.6832743111185
 42
1.0
 10
-254.8341253740129
 20
-227.74393725142
 10
-252.8947842837728
 20
-227.74393725142
 10
-252.894795683788
 20
-233.7439223924734
 10
-254.9935000201787
 20
-233.7439223924734
 42
1.0
 10
-256.0402555019223
 20
-234.6333940820046
 10
-259.5741005375164
 20
-256.2413949381034
 10
-266.7567609475085
 20
-271.6943138192893
 10
-277.7187204750354
 20
-285.0735456744511
 10
-291.1046584192068
 20
-295.996011588918
  0
LWPOLYLINE
  5
53
330
FFA
100
AcDbEntity
  8
0
100
AcDbPolyline
 90
        8
 70
     1
 43
0.0
 10
-387.894462137494
 20
-282.8044653576938
 10
-387.894462137494
 20
-292.6831125662178
 42
1.0
 10
-386.8338005407025
 20
-293.7437741630095
 10
-385.9551311037591
 20
-293.7437741630095
 42
1.0
 10
-384.8944695069672
 20
-292.6831125662178
 10
-384.8944695069672
 20
-282.8044653576938
 42
1.0
 10
-385.9551311037591
 20
-281.743803760902
 10
-386.8338005407025
 20
-281.743803760902
 42
1.0
  0
LWPOLYLINE
  5
54
330
FFA
100
AcDbEntity
  8
0
100
AcDbPolyline
 90
        8
 70
     1
 43
0.0
 10
-407.83374859439
 20
-272.7438259893217
 10
-397.9551015058665
 20
-272.7438259893217
 42
-1.0
 10
-396.8944399090743
 20
-273.8044875861135
 10
-396.8944399090743
 20
-274.683157023057
 42
-1.0
 10
-397.9551015058665
 20
-275.7438186198485
 10
-407.83374859439
 20
-275.7438186198485
 42
-1.0
 10
-408.894410191182
 20
-274.683157023057
 10
-408.894410191182
 20
-273.8044875861135
 42
-1.0
  0
LWPOLYLINE
  5
55
330
FFA
100
AcDbEntity
  8
0
100
AcDbPolyline
 90
       16
 70
     1
 43
0.0
 10
-579.8939876112091
 20
-212.7439743387857
 10
-579.8939876112091
 20
-207.8046506745238
 42
1.0
 10
-580.9546492080007
 20
-206.7439890777321
 10
-582.8939802417359
 20
-206.7439890777321
 10
-582.8939802417359
 20
-194.7440187956249
 10
-580.9546492080007
 20
-194.7440187956249
 42
1.0
 10
-579.8939876112091
 20
-193.6833571988334
 10
-579.8939876112091
 20
-188.7440336545714
 10
-471.8942545922446
 20
-188.7440336545714
 10
-471.8942545922446
 20
-193.6833571988334
 42
1.0
 10
-470.8335929954528
 20
-194.7440187956249
 10
-468.8942619617178
 20
-194.7440187956249
 10
-468.8942619617178
 20
-206.7439890777321
 10
-470.8335929954528
 20
-206.7439890777321
 42
1.0
 10
-471.8942545922446
 20
-207.8046506745238
 10
-471.8942545922446
 20
-212.7439743387857
  0
LWPOLYLINE
  5
56
330
FFA
100
AcDbEntity
  8
0
100
AcDbPolyline
 90
       16
 70
     1
 43
0.0
 10
-579.8939876112091
 20
-185.7440410240446
 10
-579.8939876112091
 20
-174.8047322187291
 42
1.0
 10
-580.9546492080007
 20
-173.7440706219375
 10
-582.8939802417359
 20
-173.7440706219375
 10
-582.8939802417359
 20
-161.7441003398302
 10
-580.9546492080007
 20
-161.7441003398302
 42
1.0
 10
-579.8939876112091
 20
-160.6834387430385
 10
-579.8939876112091
 20
-149.7441299377231
 10
-471.8942545922446
 20
-149.7441299377231
 10
-471.8942545922446
 20
-160.6834387430385
 42
1.0
 10
-470.8335929954528
 20
-161.7441003398302
 10
-468.8942619617178
 20
-161.7441003398302
 10
-468.8942619617178
 20
-173.7440706219375
 10
-470.8335929954528
 20
-173.7440706219375
 42
1.0
 10
-471.8942545922446
 20
-174.8047322187291
 10
-471.8942545922446
 20
-185.7440410240446
  0
LWPOLYLINE
  5
57
330
FFA
100
AcDbEntity
  8
0
100
AcDbPolyline
 90
       16
 70
     1
 43
0.0
 10
-579.8939876112091
 20
-146.7441374271962
 10
-579.8939876112091
 20
-126.8048508503004
 42
1.0
 10
-580.9546492080007
 20
-125.7441892535087
 10
-582.8939802417359
 20
-125.7441892535087
 10
-582.8939802417359
 20
-113.7442218514055
 10
-580.954650183813
 20
-113.7442236355959
 42
1.0
 10
-579.8939876112091
 20
-112.6835620388047
 10
-579.8939876112091
 20
-92.74427079771379
 10
-471.8942545922446
 20
-92.74427079771379
 10
-471.8942545922446
 20
-112.6835583928485
 42
1.0
 10
-470.833594013692
 20
-113.7442199896395
 10
-468.8942619617178
 20
-113.7442218514055
 10
-468.8942619617178
 20
-125.7441892535087
 10
-470.8335929954528
 20
-125.7441892535087
 42
1.0
 10
-471.8942545922446
 20
-126.8048508503004
 10
-471.8942545922446
 20
-146.7441374271962
  0
LWPOLYLINE
  5
58
330
FFA
100
AcDbEntity
  8
0
100
AcDbPolyline
 90
       16
 70
     1
 43
0.0
 10
-453.894299049084
 20
-185.7440410240446
 10
-453.894299049084
 20
-174.8047322187291
 42
1.0
 10
-454.9549606458756
 20
-173.7440706219375
 10
-456.8942915596108
 20
-173.7440706219375
 10
-456.8942915596108
 20
-161.7441003398302
 10
-454.9549606458756
 20
-161.7441003398302
 42
1.0
 10
-453.894299049084
 20
-160.6834387430385
 10
-453.894299049084
 20
-149.7441299377231
 10
-345.894565910119
 20
-149.7441299377231
 10
-345.894565910119
 20
-160.6834387430385
 42
1.0
 10
-344.8339043133271
 20
-161.7441003398302
 10
-342.8945732795921
 20
-161.7441003398302
 10
-342.8945732795921
 20
-173.7440706219375
 10
-344.8339043133271
 20
-173.7440706219375
 42
1.0
 10
-345.894565910119
 20
-174.8047322187291
 10
-345.894565910119
 20
-185.7440410240446
  0
LWPOLYLINE
  5
59
330
FFA
100
AcDbEntity
  8
0
100
AcDbPolyline
 90
       16
 70
     1
 43
0.0
 10
-453.894299049084
 20
-146.7441374271962
 10
-453.894299049084
 20
-126.8048508503004
 42
1.0
 10
-454.9549606458756
 20
-125.7441892535087
 10
-456.8942915596108
 20
-125.7441892535087
 10
-456.8942915596108
 20
-113.7442218514055
 10
-454.954961621688
 20
-113.7442236355957
 42
1.0
 10
-453.894299049084
 20
-112.6835620388045
 10
-453.894299049084
 20
-92.74427079771379
 10
-345.894565910119
 20
-92.74427079771379
 10
-345.894565910119
 20
-112.6835583928485
 42
1.0
 10
-344.8339053315663
 20
-113.7442199896395
 10
-342.8945732795921
 20
-113.7442218514055
 10
-342.8945732795921
 20
-125.7441892535087
 10
-344.8339043133271
 20
-125.7441892535087
 42
1.0
 10
-345.894565910119
 20
-126.8048508503004
 10
-345.894565910119
 20
-146.7441374271962
  0
LWPOLYLINE
  5
5A
330
FFA
100
AcDbEntity
  8
0
100
AcDbPolyline
 90
       16
 70
     1
 43
0.0
 10
-453.894299049084
 20
-212.7439743387857
 10
-453.894299049084
 20
-207.8046506745238
 42
1.0
 10
-454.9549606458756
 20
-206.7439890777321
 10
-456.8942915596108
 20
-206.7439890777321
 10
-456.8942915596108
 20
-194.7440187956249
 10
-454.9549606458756
 20
-194.7440187956249
 42
1.0
 10
-453.894299049084
 20
-193.6833571988334
 10
-453.894299049084
 20
-188.7440336545714
 10
-345.894565910119
 20
-188.7440336545714
 10
-345.894565910119
 20
-193.6833571988334
 42
1.0
 10
-344.8339043133271
 20
-194.7440187956249
 10
-342.8945732795921
 20
-194.7440187956249
 10
-342.8945732795921
 20
-206.7439890777321
 10
-344.8339043133271
 20
-206.7439890777321
 42
1.0
 10
-345.894565910119
 20
-207.8046506745238
 10
-345.894565910119
 20
-212.7439743387857
  0
LWPOLYLINE
  5
5B
330
FFA
100
AcDbEntity
  8
0
100
AcDbPolyline
 90
       16
 70
     1
 43
0.0
 10
-372.8944992248602
 20
-331.993679632226
 10
-372.8944992248602
 20
-327.8043542155958
 42
1.0
 10
-373.9551608216517
 20
-326.7436926188042
 10
-375.8944917353868
 20
-326.7436926188042
 10
-375.8944917353868
 20
-320.7437073577506
 10
-373.9551608216517
 20
-320.7437073577506
 42
1.0
 10
-372.8944992248602
 20
-319.6830457609587
 10
-372.8944992248602
 20
-315.4937203443286
 10
-258.8947809448422
 20
-315.4937203443286
 10
-258.8947809448422
 20
-319.6830457609587
 42
1.0
 10
-257.8341193480503
 20
-320.7437073577506
 10
-255.8947883143151
 20
-320.7437073577506
 10
-255.8947883143151
 20
-326.7436926188042
 10
-257.8341193480503
 20
-326.7436926188042
 42
1.0
 10
-258.8947809448422
 20
-327.8043542155958
 10
-258.8947809448422
 20
-331.993679632226
  0
LWPOLYLINE
  5
5C
330
FFA
100
AcDbEntity
  8
0
100
AcDbPolyline
 90
       16
 70
     1
 43
0.0
 10
-372.8944992248602
 20
-352.9936276859135
 10
-372.8944992248602
 20
-348.8043022692834
 42
1.0
 10
-373.9551608216517
 20
-347.7436406724917
 10
-375.8944917353868
 20
-347.7436406724917
 10
-375.8944917353868
 20
-341.7436555314382
 10
-373.9551608216517
 20
-341.7436555314382
 42
1.0
 10
-372.8944992248602
 20
-340.6829939346465
 10
-372.8944992248602
 20
-336.4936685180162
 10
-258.8947809448422
 20
-336.4936685180162
 10
-258.8947809448422
 20
-340.6829939346465
 42
1.0
 10
-257.8341193480503
 20
-341.7436555314382
 10
-255.8947883143151
 20
-341.7436555314382
 10
-255.8947883143151
 20
-347.7436406724917
 10
-257.8341193480503
 20
-347.7436406724917
 42
1.0
 10
-258.8947809448422
 20
-348.8043022692834
 10
-258.8947809448422
 20
-352.9936276859135
  0
LWPOLYLINE
  5
5D
330
FFA
100
AcDbEntity
  8
0
100
AcDbPolyline
 90
       16
 70
     1
 43
0.0
 10
-372.8944992248602
 20
-373.9935758596013
 10
-372.8944992248602
 20
-369.8042504429711
 42
1.0
 10
-373.9551608216517
 20
-368.7435888461794
 10
-375.8944917353868
 20
-368.7435888461794
 10
-375.8944917353868
 20
-362.7436035851255
 10
-373.9551608216517
 20
-362.7436035851255
 42
1.0
 10
-372.8944992248602
 20
-361.6829419883339
 10
-372.8944992248602
 20
-357.4936165717037
 10
-258.8947809448422
 20
-357.4936165717037
 10
-258.8947809448422
 20
-361.6829419883339
 42
1.0
 10
-257.8341193480503
 20
-362.7436035851255
 10
-255.8947883143151
 20
-362.7436035851255
 10
-255.8947883143151
 20
-368.7435888461794
 10
-257.8341193480503
 20
-368.7435888461794
 42
1.0
 10
-258.8947809448422
 20
-369.8042504429711
 10
-258.8947809448422
 20
-373.9935758596013
  0
LWPOLYLINE
  5
5E
330
FFA
100
AcDbEntity
  8
0
100
AcDbPolyline
 90
       16
 70
     1
 43
0.0
 10
-372.8944992248602
 20
-394.9935239132887
 10
-372.8944992248602
 20
-390.8041984966586
 42
1.0
 10
-373.9551608216517
 20
-389.7435368998669
 10
-375.8944917353868
 20
-389.7435368998669
 10
-375.8944917353868
 20
-383.7435517588133
 10
-373.9551608216517
 20
-383.7435517588133
 42
1.0
 10
-372.8944992248602
 20
-382.6828901620215
 10
-372.8944992248602
 20
-378.4935647453914
 10
-258.8947809448422
 20
-378.4935647453914
 10
-258.8947809448422
 20
-382.6828901620215
 42
1.0
 10
-257.8341193480503
 20
-383.7435517588133
 10
-255.8947883143151
 20
-383.7435517588133
 10
-255.8947883143151
 20
-389.7435368998669
 10
-257.8341193480503
 20
-389.7435368998669
 42
1.0
 10
-258.8947809448422
 20
-390.8041984966586
 10
-258.8947809448422
 20
-394.9935239132887
  0
LWPOLYLINE
  5
5F
330
FFA
100
AcDbEntity
  8
0
100
AcDbPolyline
 90
       16
 70
     1
 43
0.0
 10
-372.8944992248602
 20
-415.9934720869764
 10
-372.8944992248602
 20
-411.804146550346
 42
1.0
 10
-373.9551608216517
 20
-410.7434849535543
 10
-375.8944917353868
 20
-410.7434849535543
 10
-375.8944917353868
 20
-404.7434998125008
 10
-373.9551608216517
 20
-404.7434998125008
 42
1.0
 10
-372.8944992248602
 20
-403.6828382157091
 10
-372.8944992248602
 20
-399.493512799079
 10
-258.8947809448422
 20
-399.493512799079
 10
-258.8947809448422
 20
-403.6828382157091
 42
1.0
 10
-257.8341193480503
 20
-404.7434998125008
 10
-255.8947883143151
 20
-404.7434998125008
 10
-255.8947883143151
 20
-410.7434849535543
 10
-257.8341193480503
 20
-410.7434849535543
 42
1.0
 10
-258.8947809448422
 20
-411.804146550346
 10
-258.8947809448422
 20
-415.9934720869764
  0
LWPOLYLINE
  5
60
330
FFA
100
AcDbEntity
  8
0
100
AcDbPolyline
 90
       16
 70
     1
 43
0.0
 10
-372.8944992248602
 20
-436.993420140664
 10
-372.8944992248602
 20
-432.8040947240335
 42
1.0
 10
-373.9551608216517
 20
-431.7434331272419
 10
-375.8944917353868
 20
-431.7434331272419
 10
-375.8944917353868
 20
-425.7434479861884
 10
-373.9551608216517
 20
-425.7434479861884
 42
1.0
 10
-372.8944992248602
 20
-424.6827863893968
 10
-372.8944992248602
 20
-420.4934609727665
 10
-258.8947809448422
 20
-420.4934609727665
 10
-258.8947809448422
 20
-424.6827863893968
 42
1.0
 10
-257.8341193480503
 20
-425.7434479861884
 10
-255.8947883143151
 20
-425.7434479861884
 10
-255.8947883143151
 20
-431.7434331272419
 10
-257.8341193480503
 20
-431.7434331272419
 42
1.0
 10
-258.8947809448422
 20
-432.8040947240335
 10
-258.8947809448422
 20
-436.993420140664
  0
LWPOLYLINE
  5
61
330
FFA
100
AcDbEntity
  8
0
100
AcDbPolyline
 90
        8
 70
     1
 43
0.0
 10
-293.3946956559002
 20
-114.8048805681932
 10
-293.3946956559002
 20
-118.6835425156635
 42
1.0
 10
-292.334034059108
 20
-119.744204112455
 10
-291.4553646221646
 20
-119.744204112455
 42
1.0
 10
-290.3947030253732
 20
-118.6835425156635
 10
-290.3947030253732
 20
-114.8048805681932
 42
1.0
 10
-291.4553646221646
 20
-113.7442189714015
 10
-292.334034059108
 20
-113.7442189714015
 42
1.0
  0
LWPOLYLINE
  5
62
330
FFA
100
AcDbEntity
  8
0
100
AcDbPolyline
 90
        8
 70
     1
 43
0.0
 10
-293.3946956559002
 20
-144.7497833195371
 10
-293.3946956559002
 20
-148.6284453870074
 42
1.0
 10
-292.334034059108
 20
-149.6891069837991
 10
-291.4553646221646
 20
-149.6891069837991
 42
1.0
 10
-290.3947030253732
 20
-148.6284453870074
 10
-290.3947030253732
 20
-144.7497833195371
 42
1.0
 10
-291.4553646221646
 20
-143.6891217227452
 10
-292.334034059108
 20
-143.6891217227452
 42
1.0
  0
LWPOLYLINE
  5
63
330
FFA
100
AcDbEntity
  8
0
100
AcDbPolyline
 90
       16
 70
     1
 43
0.0
 10
-324.8946178564316
 20
-170.7440781114107
 10
-324.8946178564316
 20
-172.6834090251458
 42
-1.0
 10
-325.9552794532232
 20
-173.7440706219375
 10
-327.8946103669584
 20
-173.7440706219375
 10
-327.8946103669584
 20
-179.7440558829912
 10
-325.9552794532232
 20
-179.7440558829912
 42
-1.0
 10
-324.8946178564316
 20
-180.8047174797829
 10
-324.8946178564316
 20
-182.7440483935178
 10
-309.8946548237974
 20
-182.7440483935178
 10
-309.8946548237974
 20
-180.8047174797829
 42
-1.0
 10
-308.8339932270055
 20
-179.7440558829912
 10
-306.8946623132707
 20
-179.7440558829912
 10
-306.8946623132707
 20
-173.7440706219375
 10
-308.8339932270055
 20
-173.7440706219375
 42
-1.0
 10
-309.8946548237974
 20
-172.6834090251458
 10
-309.8946548237974
 20
-170.7440781114107
  0
LWPOLYLINE
  5
64
330
FFA
100
AcDbEntity
  8
0
100
AcDbPolyline
 90
        8
 70
     1
 43
0.0
 10
-444.8943212775031
 20
-408.8041540398193
 10
-444.8943212775031
 20
-418.6828011283431
 42
-1.0
 10
-445.9549828742953
 20
-419.7434627251348
 10
-446.8336523112387
 20
-419.7434627251348
 42
-1.0
 10
-447.8943139080302
 20
-418.6828011283431
 10
-447.8943139080302
 20
-408.8041540398193
 42
-1.0
 10
-446.8336523112387
 20
-407.7434924430276
 10
-445.9549828742953
 20
-407.7434924430276
 42
-1.0
  0
LWPOLYLINE
  5
65
330
FFA
100
AcDbEntity
  8
0
100
AcDbPolyline
 90
        8
 70
     1
 43
0.0
 10
-424.9550347006072
 20
-398.7435146714473
 10
-434.8336819091313
 20
-398.7435146714473
 42
1.0
 10
-435.8943435059228
 20
-399.8041762682389
 10
-435.8943435059228
 20
-400.6828457051824
 42
1.0
 10
-434.8336819091313
 20
-401.7435073019741
 10
-424.9550347006072
 20
-401.7435073019741
 42
1.0
 10
-423.8943731038157
 20
-400.6828457051824
 10
-423.8943731038157
 20
-399.8041762682389
 42
1.0
  0
LWPOLYLINE
  5
66
330
FFA
100
AcDbEntity
  8
0
100
AcDbPolyline
 90
       46
 70
     1
 43
0.0
 10
-450.894306418557
 20
-427.9794348702642
 10
-522.8941284711999
 20
-427.9794348702642
 10
-541.6841363958062
 20
-421.9957002710435
 10
-555.0700743399775
 20
-411.0732342365767
 10
-566.0320223474889
 20
-397.6940025014148
 10
-573.2146828774813
 20
-382.2410835002287
 10
-576.7485279124445
 20
-360.6330827632407
 42
1.0
 10
-577.7952833940433
 20
-359.7436110745988
 10
-579.8939876112091
 20
-359.7436110745988
 10
-579.8939876112091
 20
-353.7436258135452
 10
-577.9614167091061
 20
-353.743507621482
 42
1.0
 10
-576.9008203720593
 20
-352.6837577647892
 10
-576.8939951006824
 20
-344.743648161965
 10
-564.8940246985753
 20
-344.743648161965
 10
-562.3124728702288
 20
-365.209318657844
 10
-564.2368359216411
 20
-365.4498714669579
 42
1.0
 10
-565.1577440479958
 20
-366.6339011344366
 10
-563.9324463915223
 20
-376.4362634191351
 42
1.0
 10
-562.7484204849927
 20
-377.3571758233833
 10
-560.8240579505251
 20
-377.1166378954733
 10
-558.8940395575215
 20
-392.7435295303939
 10
-519.8941359606732
 20
-392.7435295303939
 10
-519.8941359606732
 20
-424.6827863893968
 42
1.0
 10
-518.8334743638817
 20
-425.7434479861884
 10
-454.9549606458756
 20
-425.7434479861884
 42
1.0
 10
-453.894299049084
 20
-424.6827863893968
 10
-453.894299049084
 20
-392.7435295303939
 10
-414.8943954522356
 20
-392.7435295303939
 10
-412.9643769392322
 20
-377.1166378954733
 10
-411.0400145293334
 20
-377.3571758175091
 42
1.0
 10
-409.8559886175822
 20
-376.4362634139136
 10
-408.6306909611087
 20
-366.6339011292147
 42
1.0
 10
-409.5515990822415
 20
-365.4498714623888
 10
-411.4759620195284
 20
-365.209318657844
 10
-408.894410191182
 20
-344.743648161965
 10
-396.8944399090743
 20
-344.743648161965
 10
-396.8944399090743
 20
-352.6829642167537
 42
1.0
 10
-395.8337783122827
 20
-353.7436258135452
 10
-393.8944472785475
 20
-353.7436258135452
 10
-393.8944472785475
 20
-359.7436110745988
 10
-395.9931516157138
 20
-359.7436110745988
 42
1.0
 10
-397.0399070973121
 20
-360.6330827632407
 10
-400.5737521322759
 20
-382.2410835002287
 10
-407.7564125422679
 20
-397.6940025014148
 10
-418.7183605497794
 20
-411.0732342365767
 10
-432.104298493951
 20
-421.9957002710435
  0
LWPOLYLINE
  5
67
330
FFA
100
AcDbEntity
  8
0
100
AcDbPolyline
 90
        8
 70
     1
 43
0.0
 10
-528.8941137322535
 20
-408.8041540398193
 10
-528.8941137322535
 20
-418.6828011283431
 42
1.0
 10
-527.833452135462
 20
-419.7434627251348
 10
-526.9547826985187
 20
-419.7434627251348
 42
1.0
 10
-525.8941211017267
 20
-418.6828011283431
 10
-525.8941211017267
 20
-408.8041540398193
 42
1.0
 10
-526.9547826985187
 20
-407.7434924430276
 10
-527.833452135462
 20
-407.7434924430276
 42
1.0
  0
LWPOLYLINE
  5
68
330
FFA
100
AcDbEntity
  8
0
100
AcDbPolyline
 90
        7
 70
     1
 43
0.0
 10
-548.8334001891496
 20
-398.7435146714473
 10
-538.9547531006257
 20
-398.7435146714473
 42
-1.0
 10
-537.8940915038338
 20
-399.8041762682389
 10
-537.8940915038338
 20
-401.7435073019741
 10
-548.8334001891496
 20
-401.7435073019741
 42
-1.0
 10
-549.8940617859415
 20
-400.6828457051824
 10
-549.8940617859415
 20
-399.8041762682389
 42
-1.0
  0
LWPOLYLINE
  5
69
330
FFA
100
AcDbEntity
  8
0
100
AcDbPolyline
 90
        8
 70
     1
 43
0.0
 10
-481.9548938406164
 20
-50.7443746903387
 10
-491.8335410491405
 20
-50.7443746903387
 42
1.0
 10
-492.894202645932
 20
-51.80503628713075
 10
-492.894202645932
 20
-52.68370560407402
 42
1.0
 10
-491.8335410491405
 20
-53.74436720086558
 10
-481.9548938406164
 20
-53.74436720086558
 42
1.0
 10
-480.8942322438249
 20
-52.68370560407402
 10
-480.8942322438249
 20
-51.80503628713075
 42
1.0
  0
LWPOLYLINE
  5
6A
330
FFA
100
AcDbEntity
  8
0
100
AcDbPolyline
 90
        8
 70
     1
 43
0.0
 10
-491.8335410491405
 20
-35.7444116577048
 10
-481.9548938406164
 20
-35.7444116577048
 42
1.0
 10
-480.8942322438249
 20
-34.68375006091327
 10
-480.8942322438249
 20
-33.80508074396999
 42
1.0
 10
-481.9548938406164
 20
-32.74441914717812
 10
-491.8335410491405
 20
-32.74441914717812
 42
1.0
 10
-492.894202645932
 20
-33.80508074396999
 10
-492.894202645932
 20
-34.68375006091327
 42
1.0
  0
LWPOLYLINE
  5
6B
330
FFA
100
AcDbEntity
  8
0
100
AcDbPolyline
 90
        8
 70
     1
 43
0.0
 10
-557.8333779607298
 20
-53.74436720086558
 10
-547.9547307522063
 20
-53.74436720086558
 42
1.0
 10
-546.8940691554144
 20
-52.68370560407402
 10
-546.8940691554144
 20
-51.80503628713075
 42
1.0
 10
-547.9547307522063
 20
-50.7443746903387
 10
-557.8333779607298
 20
-50.7443746903387
 42
1.0
 10
-558.8940395575215
 20
-51.80503628713075
 10
-558.8940395575215
 20
-52.68370560407402
 42
1.0
  0
LWPOLYLINE
  5
6C
330
FFA
100
AcDbEntity
  8
0
100
AcDbPolyline
 90
        8
 70
     1
 43
0.0
 10
-557.8333779607298
 20
-32.74441914717812
 10
-547.9547307522063
 20
-32.74441914717812
 42
-1.0
 10
-546.8940691554144
 20
-33.80508074396999
 10
-546.8940691554144
 20
-34.68375006091327
 42
-1.0
 10
-547.9547307522063
 20
-35.7444116577048
 10
-557.8333779607298
 20
-35.7444116577048
 42
-1.0
 10
-558.8940395575215
 20
-34.68375006091327
 10
-558.8940395575215
 20
-33.80508074396999
 42
-1.0
  0
LWPOLYLINE
  5
6D
330
FFA
100
AcDbEntity
  8
0
100
AcDbPolyline
 90
       16
 70
     1
 43
0.0
 10
-576.8939951006824
 20
-64.24434122770922
 10
-576.8939951006824
 20
-51.80503628713075
 42
1.0
 10
-577.9546566974743
 20
-50.7443746903387
 10
-579.8939876112091
 20
-50.7443746903387
 10
-579.8939876112091
 20
-32.74441914717812
 10
-577.9546566974743
 20
-32.74441914717812
 42
1.0
 10
-576.8939951006824
 20
-31.68375755038639
 10
-576.8939951006824
 20
-19.24445248980731
 10
-462.8942768206644
 20
-19.24445248980731
 10
-462.8942768206644
 20
-31.68375755038639
 42
1.0
 10
-461.8336152238724
 20
-32.74441914717812
 10
-459.8942841901376
 20
-32.74441914717812
 10
-459.8942841901376
 20
-50.7443746903387
 10
-461.8336152238724
 20
-50.7443746903387
 42
1.0
 10
-462.8942768206644
 20
-51.80503628713075
 10
-462.8942768206644
 20
-64.24434122770922
  0
LWPOLYLINE
  5
6E
330
FFA
100
AcDbEntity
  8
0
100
AcDbPolyline
 90
        8
 70
     1
 43
0.0
 10
-440.8336670501845
 20
24.25543999283104
 10
-418.9550495595538
 20
24.25543999283104
 42
-1.0
 10
-417.8943879627622
 20
23.19477839603934
 10
-417.8943879627622
 20
22.31610907909606
 42
-1.0
 10
-418.9550495595538
 20
21.25544748230453
 10
-440.8336670501845
 20
21.25544748230453
 42
-1.0
 10
-441.8943286469763
 20
22.31610907909606
 10
-441.8943286469763
 20
23.19477839603934
 42
-1.0
  0
LWPOLYLINE
  5
6F
330
FFA
100
AcDbEntity
  8
0
100
AcDbPolyline
 90
       34
 70
     1
 43
0.0
 10
-486.8942175048784
 20
-5.744485832437021
 10
-486.8942175048784
 20
0.2554993086166064
 10
-484.9548864711432
 20
0.2554993086166064
 42
1.0
 10
-483.8942248743517
 20
1.31616090540848
 10
-483.8942248743517
 20
5.194822972878853
 42
1.0
 10
-484.9548864711432
 20
6.255484569670556
 10
-486.8942175048784
 20
6.255484569670556
 10
-486.8942175048784
 20
23.19477839603934
 42
1.0
 10
-487.95487910167
 20
24.25543999283104
 10
-489.8942100154052
 20
24.25543999283104
 10
-489.8942100154052
 20
36.25541039493834
 10
-487.95487910167
 20
36.25541039493834
 42
1.0
 10
-486.8942175048784
 20
37.31607199172987
 10
-486.8942175048784
 20
60.2553510791526
 10
-441.8943286469763
 20
60.2553510791526
 10
-441.8943286469763
 20
58.31602004541747
 42
1.0
 10
-440.8336670501845
 20
57.25535844862577
 10
-418.9550495595538
 20
57.25535844862577
 42
1.0
 10
-417.8943879627622
 20
58.31602004541747
 10
-417.8943879627622
 20
60.2553510791526
 10
-372.8944992248602
 20
60.2553510791526
 10
-372.8944992248602
 20
37.31607199172987
 42
1.0
 10
-371.8338376280686
 20
36.25541039493834
 10
-369.8945065943334
 20
36.25541039493834
 10
-369.8945065943334
 20
24.25543999283104
 10
-371.8338376280686
 20
24.25543999283104
 42
1.0
 10
-372.8944992248602
 20
23.19477839603934
 10
-372.8944992248602
 20
6.255484569670556
 10
-374.8338301385953
 20
6.255484569670556
 42
1.0
 10
-375.8944917353868
 20
5.194822972878853
 10
-375.8944917353868
 20
1.31616090540848
 42
1.0
 10
-374.8338301385953
 20
0.2554993086166064
 10
-372.8944992248602
 20
0.2554993086166064
 10
-372.8944992248602
 20
-5.744485832437021
  0
LWPOLYLINE
  5
70
330
FFA
100
AcDbEntity
  8
0
100
AcDbPolyline
 90
        8
 70
     1
 43
0.0
 10
-386.8338005407025
 20
105.2552398170546
 10
-385.9551311037591
 20
105.2552398170546
 42
-1.0
 10
-384.8944695069672
 20
104.1945782202627
 10
-384.8944695069672
 20
100.3159162727929
 42
-1.0
 10
-385.9551311037591
 20
99.25525467600113
 10
-386.8338005407025
 20
99.25525467600113
 42
-1.0
 10
-387.894462137494
 20
100.3159162727929
 10
-387.894462137494
 20
104.1945782202627
 42
-1.0
  0
LWPOLYLINE
  5
71
330
FFA
100
AcDbEntity
  8
0
100
AcDbPolyline
 90
        8
 70
     1
 43
0.0
 10
-471.8942545922446
 20
104.1945782202627
 10
-471.8942545922446
 20
100.3159162727929
 42
-1.0
 10
-472.9549161890362
 20
99.25525467600113
 10
-473.8335855059795
 20
99.25525467600113
 42
-1.0
 10
-474.8942471027714
 20
100.3159162727929
 10
-474.8942471027714
 20
104.1945782202627
 42
-1.0
 10
-473.8335855059795
 20
105.2552398170546
 10
-472.9549161890362
 20
105.2552398170546
 42
-1.0
  0
LWPOLYLINE
  5
72
330
FFA
100
AcDbEntity
  8
0
100
AcDbPolyline
 90
        4
 70
     1
 43
0.0
 10
-480.8942322438249
 20
72.25532136125974
 10
-480.8942322438249
 20
111.2552250781082
 10
-378.8944843659137
 20
111.2552250781082
 10
-378.8944843659137
 20
72.25532136125974
  0
LWPOLYLINE
  5
73
330
FFA
100
AcDbEntity
  8
0
100
AcDbPolyline
 90
        8
 70
     1
 43
0.0
 10
-35.83466792906717
 20
189.255032271805
 10
-34.9559984921238
 20
189.255032271805
 42
-1.0
 10
-33.89533689533227
 20
188.1943706750128
 10
-33.89533689533227
 20
184.3157087275431
 42
-1.0
 10
-34.9559984921238
 20
183.2550471307514
 10
-35.83466792906717
 20
183.2550471307514
 42
-1.0
 10
-36.89532952585904
 20
184.3157087275431
 10
-36.89532952585904
 20
188.1943706750128
 42
-1.0
  0
LWPOLYLINE
  5
74
330
FFA
100
AcDbEntity
  8
0
100
AcDbPolyline
 90
        8
 70
     1
 43
0.0
 10
-141.8950700342967
 20
188.1943706750128
 10
-141.8950700342967
 20
184.3157087275431
 42
1.0
 10
-140.8344084375048
 20
183.2550471307514
 10
-139.9557390005618
 20
183.2550471307514
 42
1.0
 10
-138.8950774037696
 20
184.3157087275431
 10
-138.8950774037696
 20
188.1943706750128
 42
1.0
 10
-139.9557390005618
 20
189.255032271805
 10
-140.8344084375048
 20
189.255032271805
 42
1.0
  0
LWPOLYLINE
  5
75
330
FFA
100
AcDbEntity
  8
0
100
AcDbPolyline
 90
        8
 70
     1
 43
0.0
 10
-98.83451221012984
 20
201.2550026739122
 10
-76.95589471949881
 20
201.2550026739122
 42
1.0
 10
-75.89523312270728
 20
202.3156642707038
 10
-75.89523312270728
 20
203.1943335876471
 42
1.0
 10
-76.95589471949881
 20
204.2549951844388
 10
-98.83451221012984
 20
204.2549951844388
 42
1.0
 10
-99.89517380692138
 20
203.1943335876471
 10
-99.89517380692138
 20
202.3156642707038
 42
1.0
  0
LWPOLYLINE
  5
76
330
FFA
100
AcDbEntity
  8
0
100
AcDbPolyline
 90
        4
 70
     1
 43
0.0
 10
-63.89526284060031
 20
228.2549358686531
 10
-63.89526284060031
 20
219.2549580970728
 10
-33.89533689533227
 20
219.2549580970728
 10
-33.89533689533227
 20
228.2549358686531
  0
LWPOLYLINE
  5
77
330
FFA
100
AcDbEntity
  8
0
100
AcDbPolyline
 90
       10
 70
     1
 43
0.0
 10
-105.8951589479749
 20
228.2549358686531
 10
-105.8951589479749
 20
219.2549580970728
 10
-100.9558354037132
 20
219.2549580970728
 42
-1.0
 10
-99.89517380692138
 20
218.1942965002811
 10
-99.89517380692138
 20
216.2549655865463
 10
-75.89523312270728
 20
216.2549655865463
 10
-75.89523312270728
 20
218.1942965002811
 42
-1.0
 10
-74.83457152591575
 20
219.2549580970728
 10
-69.89524798165376
 20
219.2549580970728
 10
-69.89524798165376
 20
228.2549358686531
  0
LWPOLYLINE
  5
78
330
FFA
100
AcDbEntity
  8
0
100
AcDbPolyline
 90
        4
 70
     1
 43
0.0
 10
-141.8950700342967
 20
228.2549358686531
 10
-111.8951442090288
 20
228.2549358686531
 10
-111.8951442090288
 20
219.2549580970728
 10
-141.8950700342967
 20
219.2549580970728
  0
LWPOLYLINE
  5
79
330
FFA
100
AcDbEntity
  8
0
100
AcDbPolyline
 90
        4
 70
     1
 43
0.0
 10
-63.89526284060031
 20
240.2549062707607
 10
-63.89526284060031
 20
231.2549284991801
 10
-33.89533689533227
 20
231.2549284991801
 10
-33.89533689533227
 20
240.2549062707607
  0
LWPOLYLINE
  5
7A
330
FFA
100
AcDbEntity
  8
0
100
AcDbPolyline
 90
        4
 70
     1
 43
0.0
 10
-105.8951589479749
 20
240.2549062707607
 10
-105.8951589479749
 20
231.2549284991801
 10
-69.89524798165376
 20
231.2549284991801
 10
-69.89524798165376
 20
240.2549062707607
  0
LWPOLYLINE
  5
7B
330
FFA
100
AcDbEntity
  8
0
100
AcDbPolyline
 90
        4
 70
     1
 43
0.0
 10
-141.8950700342967
 20
240.2549062707607
 10
-141.8950700342967
 20
231.2549284991801
 10
-111.8951442090288
 20
231.2549284991801
 10
-111.8951442090288
 20
240.2549062707607
  0
LWPOLYLINE
  5
7C
330
FFA
100
AcDbEntity
  8
0
100
AcDbPolyline
 90
       28
 70
     1
 43
0.0
 10
-144.8950626648235
 20
153.2551213054834
 10
-144.8950626648235
 20
159.2551064465369
 10
-142.9557316310883
 20
159.2551064465369
 42
1.0
 10
-141.8950700342967
 20
160.3157680433286
 10
-141.8950700342967
 20
164.1944299907987
 42
1.0
 10
-142.9557316310883
 20
165.2550915875907
 10
-144.8950626648235
 20
165.2550915875907
 10
-144.8950626648235
 20
182.1943855339595
 42
1.0
 10
-145.9557242616154
 20
183.2550471307514
 10
-147.8950551753506
 20
183.2550471307514
 10
-147.8950551753506
 20
195.2550174128584
 10
-145.9557242616154
 20
195.2550174128584
 42
1.0
 10
-144.8950626648235
 20
196.3156790096502
 10
-144.8950626648235
 20
243.2548989012876
 10
-30.89534438480553
 20
243.2548989012876
 10
-30.89534438480553
 20
196.3156790096502
 42
1.0
 10
-29.83468278801399
 20
195.2550174128584
 10
-27.89535175427875
 20
195.2550174128584
 10
-27.89535175427875
 20
183.2550471307514
 10
-29.83468278801399
 20
183.2550471307514
 42
1.0
 10
-30.89534438480553
 20
182.1943855339595
 10
-30.89534438480553
 20
165.2550915875907
 10
-32.83467529854073
 20
165.2550915875907
 42
1.0
 10
-33.89533689533227
 20
164.1944299907987
 10
-33.89533689533227
 20
160.3157680433286
 42
1.0
 10
-32.83467529854073
 20
159.2551064465369
 10
-30.89534438480553
 20
159.2551064465369
 10
-30.89534438480553
 20
153.2551213054834
  0
LWPOLYLINE
  5
7D
330
FFA
100
AcDbEntity
  8
0
100
AcDbPolyline
 90
       16
 70
     1
 43
0.0
 10
3.875381290090615
 20
152.5381940222828
 10
3.875381290090615
 20
172.4774805991789
 42
1.0
 10
2.814719693299139
 20
173.5381421959706
 10
0.8753886595638391
 20
173.5381421959706
 10
0.8753886595638391
 20
197.5380828801848
 10
2.814719693299139
 20
197.5380828801848
 42
1.0
 10
3.875381290090615
 20
198.5987444769766
 10
3.875381290090615
 20
218.5380309338725
 10
105.8751291680016
 20
218.5380309338725
 10
105.8751291680016
 20
198.5987444769766
 42
1.0
 10
106.9357907647934
 20
197.5380828801848
 10
108.8751217985283
 20
197.5380828801848
 10
108.8751217985283
 20
173.5381421959706
 10
106.9357907647934
 20
173.5381421959706
 42
1.0
 10
105.8751291680016
 20
172.4774805991789
 10
105.8751291680016
 20
152.5381940222828
  0
LWPOLYLINE
  5
7E
330
FFA
100
AcDbEntity
  8
0
100
AcDbPolyline
 90
       22
 70
     1
 43
0.0
 10
3.875381290090615
 20
221.5380235643993
 10
3.875381290090615
 20
226.4773471086611
 42
1.0
 10
2.814719693299139
 20
227.5380087054528
 10
0.8753886595638391
 20
227.5380087054528
 10
0.8753886595638391
 20
239.5379791075602
 10
2.814719693299139
 20
239.5379791075602
 42
1.0
 10
3.875381290090615
 20
240.598640704352
 10
3.875381290090615
 20
245.5379642486138
 10
41.81462329014737
 20
245.5379642486138
 42
1.0
 10
42.87528488693891
 20
246.5986258454054
 10
42.87528488693891
 20
248.5379567591402
 10
66.87522557115295
 20
248.5379567591402
 10
66.87522557115295
 20
246.5986258454054
 42
1.0
 10
67.93588716794483
 20
245.5379642486138
 10
105.8751291680016
 20
245.5379642486138
 10
105.8751291680016
 20
240.598640704352
 42
1.0
 10
106.9357907647934
 20
239.5379791075602
 10
108.8751217985283
 20
239.5379791075602
 10
108.8751217985283
 20
227.5380087054528
 10
106.9357907647934
 20
227.5380087054528
 42
1.0
 10
105.8751291680016
 20
226.4773471086611
 10
105.8751291680016
 20
221.5380235643993
  0
LWPOLYLINE
  5
7F
330
FFA
100
AcDbEntity
  8
0
100
AcDbPolyline
 90
       40
 70
     1
 43
0.0
 10
-336.8945881385386
 20
138.2551582728492
 10
-336.8945881385386
 20
140.1944893065844
 42
1.0
 10
-337.9552497353302
 20
141.2551509033763
 10
-354.8945436816996
 20
141.2551509033763
 10
-354.8945436816996
 20
185.1943780444862
 42
1.0
 10
-355.9552052784911
 20
186.2550396412779
 10
-357.8945363122264
 20
186.2550396412779
 10
-357.8945363122264
 20
210.2549804454924
 10
-355.9552052784911
 20
210.2549804454924
 42
1.0
 10
-354.8945436816996
 20
211.3156420422841
 10
-354.8945436816996
 20
255.2548691833945
 10
-337.9552497353302
 20
255.2548691833945
 42
1.0
 10
-336.8945881385386
 20
256.315530780186
 10
-336.8945881385386
 20
258.2548618139213
 10
-324.8946178564316
 20
258.2548618139213
 10
-324.8946252259021
 20
256.3155348107157
 42
1.0
 10
-323.8339636291181
 20
255.2548691833945
 10
-205.9555739181018
 20
255.2548691833945
 42
1.0
 10
-204.8949123213116
 20
256.3155287861348
 10
-204.8949086753519
 20
258.2548618139213
 10
-192.8949382732444
 20
258.2548618139213
 10
-192.8949382732444
 20
256.315530780186
 42
1.0
 10
-191.8342766764529
 20
255.2548691833945
 10
-174.8196064288148
 20
255.2548691833945
 10
-174.8196064288148
 20
211.3156420422841
 42
1.0
 10
-173.7589448320233
 20
210.2549804454924
 10
-171.819613798288
 20
210.2549804454924
 10
-171.819613798288
 20
186.2550396412779
 10
-173.7589448320233
 20
186.2550396412779
 42
1.0
 10
-174.8196064288148
 20
185.1943780444862
 10
-174.8196064288148
 20
141.2551509033763
 10
-191.8342729529209
 20
141.2551509033763
 42
1.0
 10
-192.8949345497108
 20
140.1944913430625
 10
-192.8949382732444
 20
138.2551582728492
 10
-204.8949086753519
 20
138.2551582728492
 10
-204.8949012283082
 20
140.1944852336285
 42
1.0
 10
-205.9555628250919
 20
141.2551509033763
 10
-323.8339562596401
 20
141.2551509033763
 42
1.0
 10
-324.8946178564316
 20
140.1944893065844
 10
-324.8946178564316
 20
138.2551582728492
  0
LWPOLYLINE
  5
80
330
FFA
100
AcDbEntity
  8
0
100
AcDbPolyline
 90
       16
 70
     1
 43
0.0
 10
-576.8939951006824
 20
-256.9938649490561
 10
-576.8939951006824
 20
-252.804539532426
 42
1.0
 10
-577.9546566974743
 20
-251.7438779356343
 10
-579.8939876112091
 20
-251.7438779356343
 10
-579.8939876112091
 20
-245.7438927945808
 10
-577.9546566974743
 20
-245.7438927945808
 42
1.0
 10
-576.8939951006824
 20
-244.6832311977891
 10
-576.8939951006824
 20
-240.4939057811588
 10
-462.8942768206644
 20
-240.4939057811588
 10
-462.8942768206644
 20
-244.6832311977891
 42
1.0
 10
-461.8336152238724
 20
-245.7438927945808
 10
-459.8942841901376
 20
-245.7438927945808
 10
-459.8942841901376
 20
-251.7438779356343
 10
-461.8336152238724
 20
-251.7438779356343
 42
1.0
 10
-462.8942768206644
 20
-252.804539532426
 10
-462.8942768206644
 20
-256.9938649490561
  0
LWPOLYLINE
  5
81
330
FFA
100
AcDbEntity
  8
0
100
AcDbPolyline
 90
       16
 70
     1
 43
0.0
 10
-576.8939951006824
 20
-277.9938130027436
 10
-576.8939951006824
 20
-273.8044875861135
 42
1.0
 10
-577.9546566974743
 20
-272.7438259893217
 10
-579.8939876112091
 20
-272.7438259893217
 10
-579.8939876112091
 20
-266.7438408482681
 10
-577.9546566974743
 20
-266.7438408482681
 42
1.0
 10
-576.8939951006824
 20
-265.6831792514765
 10
-576.8939951006824
 20
-261.4938538348463
 10
-462.8942768206644
 20
-261.4938538348463
 10
-462.8942768206644
 20
-265.6831792514765
 42
1.0
 10
-461.8336152238724
 20
-266.7438408482681
 10
-459.8942841901376
 20
-266.7438408482681
 10
-459.8942841901376
 20
-272.7438259893217
 10
-461.8336152238724
 20
-272.7438259893217
 42
1.0
 10
-462.8942768206644
 20
-273.8044875861135
 10
-462.8942768206644
 20
-277.9938130027436
  0
LWPOLYLINE
  5
82
330
FFA
100
AcDbEntity
  8
0
100
AcDbPolyline
 90
       16
 70
     1
 43
0.0
 10
-576.8939951006824
 20
-298.9937611764313
 10
-576.8939951006824
 20
-294.8044357598012
 42
1.0
 10
-577.9546566974743
 20
-293.7437741630095
 10
-579.8939876112091
 20
-293.7437741630095
 10
-579.8939876112091
 20
-287.7437890219558
 10
-577.9546566974743
 20
-287.7437890219558
 42
1.0
 10
-576.8939951006824
 20
-286.6831274251641
 10
-576.8939951006824
 20
-282.4938018885337
 10
-462.8942768206644
 20
-282.4938018885337
 10
-462.8942768206644
 20
-286.6831274251641
 42
1.0
 10
-461.8336152238724
 20
-287.7437890219558
 10
-459.8942841901376
 20
-287.7437890219558
 10
-459.8942841901376
 20
-293.7437741630095
 10
-461.8336152238724
 20
-293.7437741630095
 42
1.0
 10
-462.8942768206644
 20
-294.8044357598012
 10
-462.8942768206644
 20
-298.9937611764313
  0
LWPOLYLINE
  5
83
330
FFA
100
AcDbEntity
  8
0
100
AcDbPolyline
 90
       16
 70
     1
 43
0.0
 10
-576.8939951006824
 20
-319.993709230119
 10
-576.8939951006824
 20
-315.8043838134886
 42
1.0
 10
-577.9546566974743
 20
-314.7437222166967
 10
-579.8939876112091
 20
-314.7437222166967
 10
-579.8939876112091
 20
-308.7437370756433
 10
-577.9546566974743
 20
-308.7437370756433
 42
1.0
 10
-576.8939951006824
 20
-307.6830754788515
 10
-576.8939951006824
 20
-303.4937500622215
 10
-462.8942768206644
 20
-303.4937500622215
 10
-462.8942768206644
 20
-307.6830754788515
 42
1.0
 10
-461.8336152238724
 20
-308.7437370756433
 10
-459.8942841901376
 20
-308.7437370756433
 10
-459.8942841901376
 20
-314.7437222166967
 10
-461.8336152238724
 20
-314.7437222166967
 42
1.0
 10
-462.8942768206644
 20
-315.8043838134886
 10
-462.8942768206644
 20
-319.993709230119
  0
LWPOLYLINE
  5
84
330
FFA
100
AcDbEntity
  8
0
100
AcDbPolyline
 90
       16
 70
     1
 43
0.0
 10
-576.8939951006824
 20
-340.9936574038066
 10
-576.8939951006824
 20
-336.8043319871762
 42
1.0
 10
-577.9546566974743
 20
-335.7436703903845
 10
-579.8939876112091
 20
-335.7436703903845
 10
-579.8939876112091
 20
-329.7436851293309
 10
-577.9546566974743
 20
-329.7436851293309
 42
1.0
 10
-576.8939951006824
 20
-328.6830235325392
 10
-576.8939951006824
 20
-324.4936981159091
 10
-462.8942768206644
 20
-324.4936981159091
 10
-462.8942768206644
 20
-328.6830235325392
 42
1.0
 10
-461.8336152238724
 20
-329.7436851293309
 10
-459.8942841901376
 20
-329.7436851293309
 10
-459.8942841901376
 20
-335.7436703903845
 10
-461.8336152238724
 20
-335.7436703903845
 42
1.0
 10
-462.8942768206644
 20
-336.8043319871762
 10
-462.8942768206644
 20
-340.9936574038066
  0
LWPOLYLINE
  5
85
330
FFA
100
AcDbEntity
  8
0
100
AcDbPolyline
 90
       16
 70
     1
 43
0.0
 10
-576.8939951006824
 20
-235.9939168953686
 10
-576.8939951006824
 20
-231.8045913587383
 42
1.0
 10
-577.9546566974743
 20
-230.7439297619464
 10
-579.8939876112091
 20
-230.7439297619464
 10
-579.8939876112091
 20
-224.7439446208931
 10
-577.9546566974743
 20
-224.7439446208931
 42
1.0
 10
-576.8939951006824
 20
-223.6832830241013
 10
-576.8939951006824
 20
-219.4939576074713
 10
-462.8942768206644
 20
-219.4939576074713
 10
-462.8942768206644
 20
-223.6832830241013
 42
1.0
 10
-461.8336152238724
 20
-224.7439446208931
 10
-459.8942841901376
 20
-224.7439446208931
 10
-459.8942841901376
 20
-230.7439297619464
 10
-461.8336152238724
 20
-230.7439297619464
 42
1.0
 10
-462.8942768206644
 20
-231.8045913587383
 10
-462.8942768206644
 20
-235.9939168953686
  0
LWPOLYLINE
  5
86
330
FFA
100
AcDbEntity
  8
0
100
AcDbPolyline
 90
        4
 70
     1
 43
0.0
 10
-258.8947809448422
 20
105.2552513370699
 10
-258.8947923448574
 20
96.25526216547445
 10
-222.8948812585358
 20
96.25526216547445
 10
-222.8948756185283
 20
105.2552398170546
  0
LWPOLYLINE
  5
87
330
FFA
100
AcDbEntity
  8
0
100
AcDbPolyline
 90
        4
 70
     1
 43
0.0
 10
-300.8946885722324
 20
105.2552398170546
 10
-300.8946999722476
 20
96.25526216547445
 10
-264.8947890059265
 20
96.25526216547445
 10
-264.8947890059265
 20
105.2552398170546
  0
LWPOLYLINE
  5
88
330
FFA
100
AcDbEntity
  8
0
100
AcDbPolyline
 90
       10
 70
     1
 43
0.0
 10
-348.8945585406458
 20
105.2552513370699
 10
-348.8945585406458
 20
96.25526216547445
 10
-334.9552719213797
 20
96.25526216547445
 42
-1.0
 10
-333.8946103246192
 20
95.19460867216816
 10
-333.8945955080119
 20
93.25526953494767
 10
-321.8946252259049
 20
93.25526953494767
 10
-321.8946252259049
 20
95.19460056868258
 42
-1.0
 10
-320.833963629113
 20
96.25526216547445
 10
-306.8946623132707
 20
96.25526216547445
 10
-306.8946507932551
 20
105.2552398170546
  0
LWPOLYLINE
  5
89
330
FFA
100
AcDbEntity
  8
0
100
AcDbPolyline
 90
        4
 70
     1
 43
0.0
 10
-216.8948847174668
 20
108.2552324475814
 10
-174.8949884900918
 20
108.2552324475814
 10
-174.8949884900918
 20
117.2552102191619
 10
-216.8948847174668
 20
117.2552102191619
  0
LWPOLYLINE
  5
8A
330
FFA
100
AcDbEntity
  8
0
100
AcDbPolyline
 90
        4
 70
     1
 43
0.0
 10
-216.8948847174668
 20
72.25532136125974
 10
-216.8948847174668
 20
27.25543262335805
 10
-183.8949662616721
 20
27.25543262335805
 10
-183.8949662616721
 20
72.25532136125974
  0
LWPOLYLINE
  5
8B
330
FFA
100
AcDbEntity
  8
0
100
AcDbPolyline
 90
        4
 70
     1
 43
0.0
 10
-300.8946771722169
 20
72.25532136125974
 10
-300.8946771722169
 20
27.25543262335805
 10
-222.8948698585203
 20
27.25543262335805
 10
-222.8948698585203
 20
72.25532136125974
  0
LWPOLYLINE
  5
8C
330
FFA
100
AcDbEntity
  8
0
100
AcDbPolyline
 90
        4
 70
     1
 43
0.0
 10
-339.8945807690655
 20
72.25532136125974
 10
-339.8945807690655
 20
27.25543262335805
 10
-306.8946623132707
 20
27.25543262335805
 10
-306.8946623132707
 20
72.25532136125974
  0
LWPOLYLINE
  5
8D
330
FFA
100
AcDbEntity
  8
0
100
AcDbPolyline
 90
        4
 70
     1
 43
0.0
 10
-306.8946623132707
 20
108.2552324475814
 10
-306.8946507932551
 20
117.2552102191619
 10
-348.8945585406458
 20
117.2552102191619
 10
-348.8945585406458
 20
108.2552324475814
  0
LWPOLYLINE
  5
8E
330
FFA
100
AcDbEntity
  8
0
100
AcDbPolyline
 90
        4
 70
     1
 43
0.0
 10
-264.8947890059265
 20
108.2552210475659
 10
-264.8947774859109
 20
117.2552102191619
 10
-300.8946656522013
 20
117.2552102191619
 10
-300.8946885722324
 20
108.2552210475659
  0
LWPOLYLINE
  5
8F
330
FFA
100
AcDbEntity
  8
0
100
AcDbPolyline
 90
        4
 70
     1
 43
0.0
 10
-222.8948756185283
 20
108.2552324475814
 10
-222.8948698585203
 20
117.2552102191619
 10
-258.8947751848342
 20
117.2552102191619
 10
-258.8947809448422
 20
108.2552324475814
  0
LWPOLYLINE
  5
90
330
FFA
100
AcDbEntity
  8
0
100
AcDbPolyline
 90
       10
 70
     1
 43
0.0
 10
-174.8949884900918
 20
105.2552398170546
 10
-174.8949884900918
 20
96.25526216547445
 10
-188.8342898059337
 20
96.25526216547445
 42
1.0
 10
-189.8949514027256
 20
95.19460056868258
 10
-189.8949514027256
 20
93.25526953494767
 10
-201.8949218048327
 20
93.25526953494767
 10
-201.8949218048327
 20
95.19460056868258
 42
1.0
 10
-202.9555834016242
 20
96.25526216547445
 10
-216.8948789574589
 20
96.25526216547445
 10
-216.8948847174668
 20
105.2552398170546
  0
LWPOLYLINE
  5
91
330
FFA
100
AcDbEntity
  8
0
100
AcDbPolyline
 90
       13
 70
     1
 43
0.0
 10
-507.8941655585661
 20
144.2551435339031
 10
-507.8941655585661
 20
135.2551657623225
 10
-518.8334743638817
 20
135.2551657623225
 42
1.0
 10
-519.8941359606732
 20
134.1945041655308
 10
-519.8941359606732
 20
132.2551731317957
 10
-537.8940915038338
 20
132.2551731317957
 10
-537.8940915038338
 20
134.1945041655308
 42
1.0
 10
-538.9547531006257
 20
135.2551657623225
 10
-540.8940840143604
 20
135.2551657623225
 10
-540.8940840143604
 20
137.1944966760576
 42
1.0
 10
-541.9547456111526
 20
138.2551582728492
 10
-543.894076644888
 20
138.2551582728492
 10
-543.894076644888
 20
144.2551435339031
  0
LWPOLYLINE
  5
92
330
FFA
100
AcDbEntity
  8
0
100
AcDbPolyline
 90
        4
 70
     1
 43
0.0
 10
-543.894076644888
 20
156.2551138160099
 10
-543.894076644888
 20
147.2551360444298
 10
-507.8941655585661
 20
147.2551360444298
 10
-507.8941655585661
 20
156.2551138160099
  0
LWPOLYLINE
  5
93
330
FFA
100
AcDbEntity
  8
0
100
AcDbPolyline
 90
        8
 70
     1
 43
0.0
 10
-546.8940691554144
 20
155.1944522192184
 10
-546.8940691554144
 20
139.315819869641
 42
-1.0
 10
-547.9547307522063
 20
138.2551582728492
 10
-548.8334001891496
 20
138.2551582728492
 42
-1.0
 10
-549.8940617859415
 20
139.315819869641
 10
-549.8940617859415
 20
155.1944522192184
 42
-1.0
 10
-548.8334001891496
 20
156.2551138160099
 10
-547.9547307522063
 20
156.2551138160099
 42
-1.0
  0
LWPOLYLINE
  5
94
330
FFA
100
AcDbEntity
  8
0
100
AcDbPolyline
 90
       16
 70
     1
 43
0.0
 10
-552.8940544164682
 20
159.2551064465369
 10
-552.8940544164682
 20
138.2551582728492
 10
-559.4649609645617
 20
126.2947615239099
 10
-570.1734458315419
 20
113.3215307742152
 10
-579.8939876112091
 20
105.2552398170546
 10
-579.8939876112091
 20
102.2552816265739
 10
-548.8841919091689
 20
90.96863118282062
 10
-548.2208888286211
 20
92.79100554935689
 42
-1.0
 10
-546.86142735136
 20
93.42492739214192
 10
-526.3022704145231
 20
85.94200003250245
 42
-1.0
 10
-525.6683421257655
 20
84.5825374725212
 10
-526.3316276495222
 20
82.76017063465344
 10
-500.9600014824315
 20
73.52562386792675
 10
-499.9339497039188
 20
76.34472021541739
 10
-504.8941730480394
 20
93.25526953494767
 10
-504.8941730480394
 20
159.2551064465369
  0
LWPOLYLINE
  5
95
330
FFA
100
AcDbEntity
  8
0
100
AcDbPolyline
 90
       13
 70
     1
 43
0.0
 10
-540.1001864677495
 20
42.31335969386731
 10
-535.8954737304685
 20
42.8669251038944
 42
-1.0
 10
-534.7054406258668
 20
41.95377887922956
 10
-534.4523122797616
 20
40.03103582753721
 10
-528.5036422076505
 20
40.81419887972645
 10
-529.678375385919
 20
49.73718094786227
 10
-540.8832808798465
 20
48.26199544593248
 10
-552.0881634537437
 20
49.73716954784691
 10
-553.2628737119814
 20
40.81418735971101
 10
-547.3142494799319
 20
40.03103582753721
 10
-547.0611214269031
 20
41.9537686167622
 42
-1.0
 10
-545.8710890110721
 20
42.86691435347501
 10
-541.666352371913
 20
42.31334829385213
  0
LWPOLYLINE
  5
96
330
FFA
100
AcDbEntity
  8
0
100
AcDbPolyline
 90
       23
 70
     1
 43
0.0
 10
50.10445555941846
 20
51.25537330757231
 10
50.10445555941846
 20
65.19467462341452
 42
1.0
 10
49.04379396262658
 20
66.25533622020606
 10
47.10446292889168
 20
66.25533622020606
 10
47.10446292889168
 20
72.25532136125974
 10
49.04379396262658
 20
72.25532136125974
 42
1.0
 10
50.10445555941846
 20
73.31598295805145
 10
50.10445555941846
 20
111.2552250781082
 10
43.1362109574963
 20
135.2551657623225
 10
65.10441847205226
 20
135.2551657623225
 10
65.10441847205226
 20
133.3158347285876
 42
1.0
 10
66.16508006884379
 20
132.2551731317957
 10
88.04369755947488
 20
132.2551731317957
 42
1.0
 10
89.10435915626676
 20
133.3158347285876
 10
89.10435915626676
 20
135.2551657623225
 10
111.6209890076343
 20
135.2551657623225
 10
74.1043962436326
 20
51.25537330757231
 10
68.10441098257894
 20
51.25537330757231
 10
68.10441098257894
 20
53.19470434130756
 42
1.0
 10
67.04374938578706
 20
54.25536593809908
 10
57.16510229726356
 20
54.25536593809908
 42
1.0
 10
56.10444070047202
 20
53.19470434130756
 10
56.10444070047202
 20
51.25537330757231
  0
LWPOLYLINE
  5
97
330
FFA
100
AcDbEntity
  8
0
100
AcDbPolyline
 90
       23
 70
     1
 43
0.0
 10
50.10445555941846
 20
34.75541413967494
 10
50.10445555941846
 20
20.81611270383246
 42
-1.0
 10
49.04379396262658
 20
19.75545110704075
 10
47.10446292889168
 20
19.75545110704075
 10
47.10446292889168
 20
13.75546596598724
 10
49.04379396262658
 20
13.75546596598724
 42
-1.0
 10
50.10445555941846
 20
12.69480436919554
 10
50.10445555941846
 20
-25.244437630861
 10
43.1362109574963
 20
-49.24437831507527
 10
65.10441847205226
 20
-49.24437831507527
 10
65.10441847205226
 20
-47.30504740134043
 42
-1.0
 10
66.16508006884379
 20
-46.24438580454856
 10
88.04369755947488
 20
-46.24438580454856
 42
-1.0
 10
89.10435915626676
 20
-47.30504740134043
 10
89.10435915626676
 20
-49.24437831507527
 10
111.6209890076343
 20
-49.24437831507527
 10
74.1043962436326
 20
34.75541413967494
 10
68.10441098257894
 20
34.75541413967494
 10
68.10441098257894
 20
32.8160831059397
 42
-1.0
 10
67.04374938578706
 20
31.75542150914817
 10
57.16510229726356
 20
31.75542150914817
 42
-1.0
 10
56.10444070047202
 20
32.8160831059397
 10
56.10444070047202
 20
34.75541413967494
  0
LWPOLYLINE
  5
98
330
FFA
100
AcDbEntity
  8
0
100
AcDbPolyline
 90
       13
 70
     1
 43
0.0
 10
-541.4674545046907
 20
19.27206537760622
 10
-537.2627414833833
 20
19.82563072903383
 42
-1.0
 10
-536.0727084370739
 20
18.91248476479615
 10
-535.8195803167027
 20
16.98974715128378
 10
-529.8709102445916
 20
17.77290444346505
 10
-531.0456434228601
 20
26.69588663160118
 10
-542.2505489167881
 20
25.22070100967108
 10
-553.4554085706544
 20
26.69587511158557
 10
-554.6301645489533
 20
17.77289880345751
 10
-548.6814945968426
 20
16.9897413912758
 10
-548.4283666202741
 20
18.91247367728687
 42
-1.0
 10
-547.2383335867217
 20
19.82561933826037
 10
-543.0336204088546
 20
19.27205385759078
  0
LWPOLYLINE
  5
99
330
FFA
100
AcDbEntity
  8
0
100
AcDbPolyline
 90
       12
 70
     1
 43
0.0
 10
89.01603387760081
 20
-232.2741384578007
 10
83.01604861654714
 20
-232.2741384578007
 10
68.01608570391266
 20
-230.7741422025373
 10
68.01608570391266
 20
-221.7741644309571
 10
83.01604861654714
 20
-220.2741680556936
 10
152.015878158663
 20
-220.2741680556936
 10
167.0158410712968
 20
-221.7741644309571
 10
167.0158410712968
 20
-230.7741422025373
 10
152.015878158663
 20
-232.2741384578007
 10
146.0158930176095
 20
-232.2741384578007
 10
137.0159152460293
 20
-232.2741384578007
 10
98.01601164918105
 20
-232.2741384578007
  0
LWPOLYLINE
  5
9A
330
FFA
100
AcDbEntity
  8
0
100
AcDbPolyline
 90
        8
 70
     1
 43
0.0
 10
138.0765768428212
 20
-227.7741495720106
 10
144.955231420818
 20
-227.7741495720106
 42
1.0
 10
146.0158930176095
 20
-226.7134879752188
 10
146.0158930176095
 20
-225.8348185382753
 42
1.0
 10
144.955231420818
 20
-224.7741569414836
 10
138.0765768428212
 20
-224.7741569414836
 42
1.0
 10
137.0159152460293
 20
-225.8348185382753
 10
137.0159152460293
 20
-226.7134879752188
 42
1.0
  0
LWPOLYLINE
  5
9B
330
FFA
100
AcDbEntity
  8
0
100
AcDbPolyline
 90
        8
 70
     1
 43
0.0
 10
90.07669547439235
 20
-227.7741495720106
 10
96.95535005238918
 20
-227.7741495720106
 42
1.0
 10
98.01601164918105
 20
-226.7134879752188
 10
98.01601164918105
 20
-225.8348185382753
 42
1.0
 10
96.95535005238918
 20
-224.7741569414836
 10
90.07669547439235
 20
-224.7741569414836
 42
1.0
 10
89.01603387760081
 20
-225.8348185382753
 10
89.01603387760081
 20
-226.7134879752188
 42
1.0
  0
LWPOLYLINE
  5
9C
330
FFA
100
AcDbEntity
  8
0
100
AcDbPolyline
 90
        4
 70
     1
 43
0.0
 10
-57.89527757954636
 20
105.2552513370699
 10
-57.89528909956164
 20
96.25526216547445
 10
-21.89537801324042
 20
96.25526216547445
 10
-21.89536661322524
 20
105.2552398170546
  0
LWPOLYLINE
  5
9D
330
FFA
100
AcDbEntity
  8
0
100
AcDbPolyline
 90
        4
 70
     1
 43
0.0
 10
-99.89518520693691
 20
105.2552398170546
 10
-99.89519672695251
 20
96.25526216547445
 10
-63.89528564063102
 20
96.25526216547445
 10
-63.89528564063102
 20
105.2552398170546
  0
LWPOLYLINE
  5
9E
330
FFA
100
AcDbEntity
  8
0
100
AcDbPolyline
 90
       10
 70
     1
 43
0.0
 10
-147.8950551753506
 20
105.2552513370699
 10
-147.8950551753506
 20
96.25526216547445
 10
-133.9557686760842
 20
96.25526216547445
 42
-1.0
 10
-132.8951070793237
 20
95.19460867216816
 10
-132.8950922627164
 20
93.25526953494767
 10
-120.895121980609
 20
93.25526953494767
 10
-120.895121980609
 20
95.19460056868258
 42
-1.0
 10
-119.8344603838175
 20
96.25526216547445
 10
-105.8951589479749
 20
96.25526216547445
 10
-105.8951475479597
 20
105.2552398170546
  0
LWPOLYLINE
  5
9F
330
FFA
100
AcDbEntity
  8
0
100
AcDbPolyline
 90
        4
 70
     1
 43
0.0
 10
-15.89538135217168
 20
108.2552324475814
 10
26.10451475520364
 20
108.2552324475814
 10
26.10451475520364
 20
117.2552102191619
 10
-15.89538135217168
 20
117.2552102191619
  0
LWPOLYLINE
  5
A0
330
FFA
100
AcDbEntity
  8
0
100
AcDbPolyline
 90
        4
 70
     1
 43
0.0
 10
-15.89538135217168
 20
72.25532136125974
 10
-15.89538135217168
 20
27.25543262335805
 10
17.10453710362338
 20
27.25543262335805
 10
17.10453710362338
 20
72.25532136125974
  0
LWPOLYLINE
  5
A1
330
FFA
100
AcDbEntity
  8
0
100
AcDbPolyline
 90
       34
 70
     1
 43
0.0
 10
-99.89517380692138
 20
72.25532136125974
 10
-99.89517380692138
 20
27.25543262335805
 10
-85.95587316990549
 20
27.25543262335805
 42
-1.0
 10
-84.89521157311395
 20
26.19477034774025
 10
-84.89521597546985
 20
19.31611576974308
 42
-1.0
 10
-85.95587757226139
 20
18.25545485177753
 10
-93.8951944258755
 20
18.25545485177753
 10
-93.8951944258755
 20
9.255477080197067
 10
-90.89520179534906
 20
9.255477080197067
 10
-90.89520179534906
 20
14.19480062445888
 42
-1.0
 10
-89.83454019855718
 20
15.25546222125075
 10
-88.95587076161382
 20
15.25546222125075
 42
-1.0
 10
-87.89520916482189
 20
14.19480062445888
 10
-87.89520916482189
 20
9.255477080197067
 10
-85.95587825108708
 20
9.255477080197067
 42
-1.0
 10
-84.89521665429554
 20
8.194815483405363
 10
-84.89521665429554
 20
-4.683824235645147
 42
-1.0
 10
-85.95587825108708
 20
-5.744485832437021
 10
-87.89520916482189
 20
-5.744485832437021
 10
-87.89520452184097
 20
-10.68380837967305
 42
-1.0
 10
-88.95586611863222
 20
-11.74447097349053
 10
-89.83454019855718
 20
-11.74447097349053
 42
-1.0
 10
-90.89520179534906
 20
-10.68380937669883
 10
-90.89520179534906
 20
-5.744485832437021
 10
-93.8951944258755
 20
-5.744485832437021
 10
-93.8951944258755
 20
-14.74446360401737
 10
-85.9558731699048
 20
-14.74445852283543
 42
-1.0
 10
-84.89521089428757
 20
-15.80512011962696
 10
-84.89521089428757
 20
-26.74443388612434
 10
-36.89532952585904
 20
-26.74443388612434
 10
-36.8944656720991
 20
26.19478833427257
 42
-1.0
 10
-35.83380407544843
 20
27.25543262335805
 10
-21.89536661322524
 20
27.25543262335805
 10
-21.89536661322524
 20
72.25532136125974
  0
LWPOLYLINE
  5
A2
330
FFA
100
AcDbEntity
  8
0
100
AcDbPolyline
 90
        4
 70
     1
 43
0.0
 10
-138.8950774037696
 20
72.25532136125974
 10
-138.8950774037696
 20
27.25543262335805
 10
-105.8951589479749
 20
27.25543262335805
 10
-105.8951589479749
 20
72.25532136125974
  0
LWPOLYLINE
  5
A3
330
FFA
100
AcDbEntity
  8
0
100
AcDbPolyline
 90
        4
 70
     1
 43
0.0
 10
-105.8951589479749
 20
108.2552324475814
 10
-105.8951475479597
 20
117.2552102191619
 10
-147.8950551753506
 20
117.2552102191619
 10
-147.8950551753506
 20
108.2552324475814
  0
LWPOLYLINE
  5
A4
330
FFA
100
AcDbEntity
  8
0
100
AcDbPolyline
 90
        4
 70
     1
 43
0.0
 10
-63.89528564063102
 20
108.2552210475659
 10
-63.89527424061549
 20
117.2552102191619
 10
-99.89516240690619
 20
117.2552102191619
 10
-99.89518520693691
 20
108.2552210475659
  0
LWPOLYLINE
  5
A5
330
FFA
100
AcDbEntity
  8
0
100
AcDbPolyline
 90
        4
 70
     1
 43
0.0
 10
-21.89536661322524
 20
108.2552324475814
 10
-21.89536661322524
 20
117.2552102191619
 10
-57.89527757954636
 20
117.2552102191619
 10
-57.89527757954636
 20
108.2552324475814
  0
LWPOLYLINE
  5
A6
330
FFA
100
AcDbEntity
  8
0
100
AcDbPolyline
 90
       10
 70
     1
 43
0.0
 10
26.10451475520364
 20
105.2552398170546
 10
26.10451475520364
 20
96.25526216547445
 10
12.16521343936171
 20
96.25526216547445
 42
1.0
 10
11.10455184256983
 20
95.19460056868258
 10
11.10455184256983
 20
93.25526953494767
 10
-0.8954184395371953
 20
93.25526953494767
 10
-0.8954184395371953
 20
95.19460056868258
 42
1.0
 10
-1.956080036328728
 20
96.25526216547445
 10
-15.89538135217168
 20
96.25526216547445
 10
-15.89538135217168
 20
105.2552398170546
  0
LWPOLYLINE
  5
A7
330
FFA
100
AcDbEntity
  8
0
100
AcDbPolyline
 90
       16
 70
     1
 43
0.0
 10
147.8688241470452
 20
69.45379171737051
 10
99.86894277861637
 20
69.45379171737051
 10
99.86894277861637
 20
55.95382517999997
 10
101.8082738123516
 20
55.95382517999997
 42
-1.0
 10
102.8689354091435
 20
54.89316358320826
 10
102.8689354091435
 20
54.01448677678672
 42
-1.0
 10
101.8082697818226
 20
52.9538251800027
 10
99.86894277861637
 20
52.95383254947319
 10
99.86894277861637
 20
34.95387700631227
 10
101.8082738123516
 20
34.95387700631227
 42
-1.0
 10
102.8689354091435
 20
33.89321540952051
 10
102.8689354091435
 20
33.01454609257723
 42
-1.0
 10
101.8082738123516
 20
31.9538844957857
 10
99.86894277861637
 20
31.9538844957857
 10
99.86894277861637
 20
15.45392520788812
 10
147.8688241470452
 20
15.45392520788812
  0
LWPOLYLINE
  5
A8
330
FFA
100
AcDbEntity
  8
0
100
AcDbPolyline
 90
        4
 70
     1
 43
0.0
 10
120.4267024782186
 20
3.247805088816278
 10
129.4266802497988
 20
3.247805088816278
 10
129.4266802497988
 20
-2.752180052237235
 10
120.4267024782186
 20
-2.752180052237235
  0
LWPOLYLINE
  5
A9
330
FFA
100
AcDbEntity
  8
0
100
AcDbPolyline
 90
      106
 70
     1
 43
0.0
 10
-168.8950033490379
 20
30.25542525388483
 10
-168.8950033490379
 20
60.2553510791526
 10
-170.8343342627728
 20
60.2553510791526
 42
-1.0
 10
-171.894995859565
 20
61.31601267594447
 10
-171.894995859565
 20
71.19465976446821
 42
-1.0
 10
-170.8343342627728
 20
72.25532136125974
 10
-168.8950033490379
 20
72.25532136125974
 10
-168.8950033490379
 20
120.2552028496887
 10
-354.8945436816996
 20
120.2552028496887
 10
-354.8945436816996
 20
72.25532136125974
 10
-352.9552126479643
 20
72.25532136125974
 42
-1.0
 10
-351.8945510511728
 20
71.19465976446821
 10
-351.8945510511728
 20
61.31601267594447
 42
-1.0
 10
-352.9552126479643
 20
60.2553510791526
 10
-354.8945436816996
 20
60.2553510791526
 10
-354.8945436816996
 20
30.25542525388483
 10
-353.8526647219224
 20
24.34661491532557
 10
-351.9422154786772
 20
24.68362808110664
 42
-1.0
 10
-350.7134063574611
 20
23.82327526066712
 10
-350.0398883977464
 20
20.00354406796458
 42
-1.0
 10
-350.9001698158936
 20
18.77483024904666
 10
-352.8107628421145
 20
18.43778165673569
 10
-351.7688723623221
 20
12.52893135812297
 10
-349.2325245947073
 20
7.091484772846911
 10
-347.4748661581517
 20
7.911070650737826
 42
-1.0
 10
-346.0653363411757
 20
7.398035542718446
 10
-344.426142255759
 20
3.882779769721423
 42
-1.0
 10
-344.9391865314195
 20
2.473231780489697
 10
-346.6961653070776
 20
1.653969667478804
 10
-344.1589477782947
 20
-3.785359480326746
 10
-340.3022755568084
 20
-8.381581415407197
 10
-338.816483259596
 20
-7.135195477486547
 42
-1.0
 10
-337.3222990095864
 20
-7.266021209235816
 10
-334.8291351031628
 20
-10.23725745628877
 42
-1.0
 10
-334.9599709665433
 20
-11.73163733252085
 10
-336.4455345752296
 20
-12.97785495055683
 10
-332.5888049936661
 20
-17.57412848570669
 10
-327.9925028984778
 20
-21.43087510729299
 10
-326.7456786939164
 20
-19.94537820447908
 42
-1.0
 10
-325.2514772587805
 20
-19.81475499669921
 10
-322.2802515518282
 20
-22.30791005892604
 42
-1.0
 10
-322.1496131034947
 20
-23.80231750356543
 10
-323.3962465233513
 20
-25.28757600881801
 10
-318.7999559481785
 20
-29.14431123038915
 10
-313.1610308922136
 20
-31.19659526765773
 10
-312.4976371237868
 20
-29.37398055100525
 42
-1.0
 10
-311.138176848306
 20
-28.74006002392665
 10
-307.4934072020876
 20
-30.06664614031806
 42
-1.0
 10
-306.8594760072254
 20
-31.4261027018878
 10
-307.5228039971868
 20
-33.24862166458042
 10
-301.8845772221601
 20
-35.30065382151071
 10
-295.9074000317491
 20
-35.8235530840322
 10
-295.7384230874466
 20
-33.89154075851093
 42
-1.0
 10
-294.5893523177887
 20
-32.9273297067179
 10
-290.7254338376953
 20
-33.26537907031349
 42
-1.0
 10
-289.7612474074122
 20
-34.41440380748276
 10
-289.9301999213076
 20
-36.34645522655768
 10
-283.9530456509274
 20
-36.86935172907565
 10
-270.8945453066723
 20
-36.86935172907565
 10
-270.8945453066723
 20
-34.93067877622463
 42
-1.0
 10
-269.8338837098808
 20
-33.87001717943292
 10
-253.9552513603033
 20
-33.87001717943292
 42
-1.0
 10
-252.8945897635114
 20
-34.93067877622463
 10
-252.8945897635114
 20
-36.86935172907565
 10
-239.8365012598095
 20
-36.86951192929072
 10
-233.8593469894295
 20
-36.34645246655413
 10
-234.0282995373631
 20
-34.41440146777285
 42
-1.0
 10
-233.064112605188
 20
-33.26537664797792
 10
-229.2001941635076
 20
-32.92732914951506
 42
-1.0
 10
-228.0511239068316
 20
-33.89154015713342
 10
-227.8821469989882
 20
-35.82355020402855
 10
-221.9049698085775
 20
-35.30065094150689
 10
-216.2667429135507
 20
-33.24862166458042
 10
-216.9300709724155
 20
-31.4261027257148
 42
-1.0
 10
-216.2961397911882
 20
-30.06664612668297
 10
-212.6513698177384
 20
-28.74005989118931
 42
-1.0
 10
-211.291909674999
 20
-29.37398005357292
 10
-210.6285160185239
 20
-31.19659238765391
 10
-204.9895910825587
 20
-29.14431123038915
 10
-200.3933003873858
 20
-25.28757600881801
 10
-201.6399338814518
 20
-23.80231750756539
 42
-1.0
 10
-201.5092954540109
 20
-22.30791003803387
 10
-198.5380697470654
 20
-19.814754975813
 42
-1.0
 10
-197.0438683328225
 20
-19.94537815870092
 10
-195.797044012259
 20
-21.43087510729299
 10
-191.200741917071
 20
-17.57412848570669
 10
-187.3440124555077
 20
-12.97785495055683
 10
-188.8295760641943
 20
-11.73163733252085
 42
-1.0
 10
-188.9604119275748
 20
-10.23725745628877
 10
-186.4672480211509
 20
-7.266021209235816
 42
-1.0
 10
-184.9730637711412
 20
-7.135195477486547
 10
-183.487271473929
 20
-8.381581415407197
 10
-179.6305991324424
 20
-3.785359480326746
 10
-177.0933816036598
 20
1.653969667478804
 10
-178.8503624426905
 20
2.473236465637455
 42
-1.0
 10
-179.3634048633163
 20
3.882784064693737
 10
-177.7242107852807
 20
7.398036098335524
 42
-1.0
 10
-176.3146811339194
 20
7.911070808768556
 10
-174.5570224360302
 20
7.091484772846911
 10
-172.0206745484157
 20
12.52893135812297
 10
-170.9787841886231
 20
18.43778165673569
 10
-172.8893771942722
 20
18.77483024541743
 42
-1.0
 10
-173.7496586087919
 20
20.00354408490932
 10
-173.0761405715037
 20
23.82327527761305
 42
-1.0
 10
-171.8473314466583
 20
24.68362807619878
 10
-169.9368823088151
 20
24.34661491532557
  0
LWPOLYLINE
  5
AA
330
FFA
100
AcDbEntity
  8
0
100
AcDbPolyline
 90
       22
 70
     1
 43
0.0
 10
-330.8946029974852
 20
-104.7442411998212
 10
-318.8946325953777
 20
-104.7442411998212
 10
-318.8946325953777
 20
-112.6835573746098
 42
1.0
 10
-317.8339709985862
 20
-113.7442189714015
 10
-310.9553164205893
 20
-113.7442189714015
 42
1.0
 10
-309.8946548237974
 20
-112.6835573746098
 10
-309.8946548237974
 20
-107.744233830348
 10
-273.894743857476
 20
-107.744233830348
 10
-273.894743857476
 20
-112.6835573746098
 42
1.0
 10
-272.8340822606841
 20
-113.7442189714015
 10
-265.9554276826872
 20
-113.7442189714015
 42
1.0
 10
-264.8947660858953
 20
-112.6835573746098
 10
-264.8947660858953
 20
-104.7442411998212
 10
-252.894795683788
 20
-104.7442411998212
 10
-252.894795683788
 20
-117.0998444397253
 42
-0.19891632
 10
-254.7646413159488
 20
-121.6140496246154
 10
-257.0249353126817
 20
-123.8743437413483
 42
-0.1989154
 10
-261.5391377375677
 20
-125.7441892535087
 10
-322.2502609437057
 20
-125.7441892535087
 42
-0.19891459
 10
-326.7644633685917
 20
-123.8743437413483
 10
-329.0247574853248
 20
-121.6140496246154
 42
-0.1989138
 10
-330.8946029974852
 20
-117.0998444397253
  0
LWPOLYLINE
  5
AB
330
FFA
100
AcDbEntity
  8
0
100
AcDbPolyline
 90
        5
 70
     1
 43
0.0
 10
147.6042145515392
 20
-206.6227278348161
 42
-0.05355471
 10
137.7293152444908
 20
-205.3041427832812
 42
-0.03292041
 10
132.1705216161838
 20
-203.545350460322
 10
144.7801171973301
 20
-173.1030657607397
 42
0.04985248
 10
147.6042145515392
 20
-173.6680305997768
  0
LWPOLYLINE
  5
AC
330
FFA
100
AcDbEntity
  8
0
100
AcDbPolyline
 90
        5
 70
     1
 43
0.0
 10
166.0379230374524
 20
-203.5453619803377
 42
-0.06913582
 10
154.6334330353804
 20
-206.3832721931046
 42
-0.02329397
 10
150.6042071820659
 20
-206.6227392348316
 10
150.6042071820659
 20
-173.6228207790367
 42
0.04975178
 10
153.4174097216381
 20
-173.0767502053843
  0
LWPOLYLINE
  5
AD
330
FFA
100
AcDbEntity
  8
0
100
AcDbPolyline
 90
        5
 70
     1
 43
0.0
 10
181.8945198209845
 20
-193.6557456135166
 42
-0.05431304
 10
174.0877688125189
 20
-199.6532130311877
 42
-0.03494778
 10
168.8009319095883
 20
-202.3765338900028
 10
156.1923204497648
 20
-171.9366296336185
 42
0.04991842
 10
158.5858692255265
 20
-170.3470720980283
  0
LWPOLYLINE
  5
AE
330
FFA
100
AcDbEntity
  8
0
100
AcDbPolyline
 90
        5
 70
     1
 43
0.0
 10
192.7366255874862
 20
-178.4408288120895
 42
-0.06390414
 10
186.5959013773482
 20
-188.5715029427743
 42
-0.02163533
 10
184.0158601110313
 20
-191.5344396435162
 10
160.6878232495276
 20
-168.2063913819973
 42
0.05046117
 10
162.302191538451
 20
-165.8344717952943
  0
LWPOLYLINE
  5
AF
330
FFA
100
AcDbEntity
  8
0
100
AcDbPolyline
 90
        5
 70
     1
 43
0.0
 10
196.9828309323154
 20
-160.244104084567
 42
-0.053554
 10
195.6642688008109
 20
-170.1188488314073
 42
-0.03292145
 10
193.9054764778518
 20
-175.6778198199532
 10
163.4620473367318
 20
-163.0677321181457
 42
0.05004277
 10
164.0280936172216
 20
-160.244104084567
  0
LWPOLYLINE
  5
B0
330
FFA
100
AcDbEntity
  8
0
100
AcDbPolyline
 90
        5
 70
     1
 43
0.0
 10
193.9054535578213
 20
-141.8104071186692
 10
163.4429357510547
 20
-154.4283969510932
 42
-0.05321803
 10
164.0272696961147
 20
-157.2441114540402
 10
196.9828538523458
 20
-157.2441114540402
 42
0.0349225
 10
196.4863875053376
 20
-151.2379007046225
 42
0.05745291
  0
LWPOLYLINE
  5
B1
330
FFA
100
AcDbEntity
  8
0
100
AcDbPolyline
 90
        5
 70
     1
 43
0.0
 10
184.0158601110313
 20
-125.9537815350984
 42
-0.05431285
 10
190.0133962887943
 20
-133.7606527837256
 42
-0.03495424
 10
192.7366255874862
 20
-139.0473867265174
 10
162.3037250205116
 20
-151.653108462459
 42
0.05162001
 10
160.7001599861022
 20
-149.2694760200197
  0
LWPOLYLINE
  5
B2
330
FFA
100
AcDbEntity
  8
0
100
AcDbPolyline
 90
        5
 70
     1
 43
0.0
 10
168.8009319095883
 20
-115.1116958086234
 42
-0.06390351
 10
178.9315831202428
 20
-121.2523886987194
 42
-0.02163183
 10
181.8945427410149
 20
-123.832458525075
 10
158.5792774966706
 20
-147.1477351694349
 42
0.04979231
 10
156.1970353760992
 20
-145.5401761696597
  0
LWPOLYLINE
  5
B3
330
FFA
100
AcDbEntity
  8
0
100
AcDbPolyline
 90
        5
 70
     1
 43
0.0
 10
150.6042071820659
 20
-110.865484823787
 42
-0.05355337
 10
160.4789004488371
 20
-112.1840383152797
 42
-0.0329191
 10
166.0379230374524
 20
-113.9428649582848
 10
153.4283045362755
 20
-144.3851554178751
 42
0.04985486
 10
150.6042071820659
 20
-143.8201963388457
  0
LWPOLYLINE
  5
B4
330
FFA
100
AcDbEntity
  8
0
100
AcDbPolyline
 90
        4
 70
     1
 43
0.0
 10
152.1042034373293
 20
-158.7441077093034
 42
0.41421356
 10
149.1042108068022
 20
-155.7441151987769
 42
0.41421356
 10
146.1042182962762
 20
-158.7441077093034
 42
0.41421356
 10
149.1042108068022
 20
-161.7441003398302
 42
0.41421356
  0
LWPOLYLINE
  5
B5
330
FFA
100
AcDbEntity
  8
0
100
AcDbPolyline
 90
        4
 70
     1
 43
0.0
 10
107.1043146994273
 20
-2.144492395801478
 42
0.41421356
 10
109.5043092838494
 20
0.2555021886205964
 42
0.41421356
 10
107.1043146994273
 20
2.655496893042993
 42
0.41421356
 10
104.7043199950051
 20
0.2555021886205964
 42
0.41421356
  0
LWPOLYLINE
  5
B6
330
FFA
100
AcDbEntity
  8
0
100
AcDbPolyline
 90
        4
 70
     1
 43
0.0
 10
137.1042405246953
 20
-2.144492395801478
 42
0.41421356
 10
139.5042351091173
 20
0.2555021886205964
 42
0.41421356
 10
137.1042405246953
 20
2.655496893042993
 42
0.41421356
 10
134.704245820273
 20
0.2555021886205964
 42
0.41421356
  0
LWPOLYLINE
  5
B7
330
FFA
100
AcDbEntity
  8
0
100
AcDbPolyline
 90
       14
 70
     1
 43
0.0
 10
-264.8947660858953
 20
-164.7440929703572
 10
-275.8340747712108
 20
-164.7440929703572
 42
-1.0
 10
-276.8947363680023
 20
-163.6834313735653
 10
-276.8947363680023
 20
-161.7441003398302
 42
0.02161551
 10
-279.0608687582277
 20
-162.7596809042753
 42
0.08231037
 10
-281.1632919828592
 20
-164.3143225929553
 42
0.158207
 10
-282.7766303103991
 20
-167.8533248676481
 42
0.09746307
 10
-282.611686968796
 20
-171.4860139082106
 42
0.17747113
 10
-280.1398265678211
 20
-174.9801897626787
 42
0.02745015
 10
-279.1189244762267
 20
-175.6346070418963
 42
0.02090922
 10
-276.8947363680023
 20
-176.7440632524643
 10
-276.8947363680023
 20
-174.8047322187291
 42
-1.0
 10
-275.8340747712108
 20
-173.7440706219375
 10
-264.8947660858953
 20
-173.7440706219375
  0
LWPOLYLINE
  5
B8
330
FFA
100
AcDbEntity
  8
0
100
AcDbPolyline
 90
       14
 70
     1
 43
0.0
 10
-264.8947660858953
 20
-187.4551460029351
 10
-275.8340747712108
 20
-187.4551460029351
 42
-1.0
 10
-276.8947363680023
 20
-186.3944844061434
 10
-276.8947363680023
 20
-184.4551533724083
 42
0.03022881
 10
-279.5194732543688
 20
-185.7244041976623
 42
0.11283744
 10
-281.7677583549673
 20
-187.7985013842371
 42
0.11847299
 10
-282.7766303103991
 20
-190.5643835402338
 42
0.09746292
 10
-282.611686968796
 20
-194.1970727007961
 42
0.17747032
 10
-280.1398265678211
 20
-197.6912427952567
 42
0.04111903
 10
-278.3879821341965
 20
-198.736075319002
 42
0.01393881
 10
-276.8947363680023
 20
-199.4551162850423
 10
-276.8947363680023
 20
-197.5157853713073
 42
-1.0
 10
-275.8340747712108
 20
-196.4551237745156
 10
-264.8947660858953
 20
-196.4551237745156
  0
LWPOLYLINE
  5
B9
330
FFA
100
AcDbEntity
  8
0
100
AcDbPolyline
 90
        4
 70
     1
 43
0.0
 10
-126.8951071216629
 20
-341.7436555314382
 42
0.4134753
 10
-129.8986705969873
 20
-338.7476551862748
 42
0.4134753
 10
-132.9022340723116
 20
-341.7436555314382
 42
0.41347529
 10
-129.8986705969873
 20
-344.7396557566011
 42
0.41347529
  0
LWPOLYLINE
  5
BA
330
FFA
100
AcDbEntity
  8
0
100
AcDbPolyline
 90
        4
 70
     1
 43
0.0
 10
47.10446292889168
 20
-380.7435591282864
 42
0.41421356
 10
44.1044702983649
 20
-377.7435664977596
 42
0.41421356
 10
41.10447778783822
 20
-380.7435591282864
 42
0.41421356
 10
44.1044702983649
 20
-383.7435517588133
 42
0.41421356
  0
LWPOLYLINE
  5
BB
330
FFA
100
AcDbEntity
  8
0
100
AcDbPolyline
 90
        4
 70
     1
 43
0.0
 10
71.10440361310583
 20
-380.7435591282864
 42
0.41421356
 10
68.10441098257894
 20
-377.7435664977596
 42
0.41421356
 10
65.10441847205226
 20
-380.7435591282864
 42
0.41421356
 10
68.10441098257894
 20
-383.7435517588133
 42
0.41421356
  0
LWPOLYLINE
  5
BC
330
FFA
100
AcDbEntity
  8
0
100
AcDbPolyline
 90
        4
 70
     1
 43
0.0
 10
74.1043962436326
 20
-380.7435591282864
 42
0.41421356
 10
68.10441098257894
 20
-374.7435739872329
 42
0.41421356
 10
62.10442584152549
 20
-380.7435591282864
 42
0.41421356
 10
68.10441098257894
 20
-386.7435442693399
 42
0.41421356
  0
LWPOLYLINE
  5
BD
330
FFA
100
AcDbEntity
  8
0
100
AcDbPolyline
 90
        4
 70
     1
 43
0.0
 10
50.10445555941846
 20
-380.7435591282864
 42
0.41421356
 10
44.1044702983649
 20
-374.7435739872329
 42
0.41421356
 10
38.10448515731133
 20
-380.7435591282864
 42
0.41421356
 10
44.1044702983649
 20
-386.7435442693399
 42
0.41421356
  0
LWPOLYLINE
  5
BE
330
FFA
100
AcDbEntity
  8
0
100
AcDbPolyline
 90
       12
 70
     1
 43
0.0
 10
-21.88766476287748
 20
-366.7029292245282
 10
-21.88576504032545
 20
-360.179309459965
 42
-0.41424846
 10
-13.18569083166858
 20
-374.9082470884733
 42
-0.41424846
 10
-27.91566490156936
 20
-383.6065662947716
 42
-0.34208799
 10
-36.98663152852413
 20
-371.8887790317809
 42
-0.34208799
 10
-27.90493040714773
 20
-360.179309459965
 10
-27.90295064448822
 20
-366.702860464436
 10
-26.40789815586629
 20
-367.6553957041786
 42
0.40810442
 10
-29.16286617719959
 20
-373.3190529133714
 42
0.40810442
 10
-23.55802872703169
 20
-376.1917973729389
 42
0.32085232
 10
-20.39805668157072
 20
-372.0141993602846
 42
0.32085232
 10
-23.33108154212573
 20
-367.674255529517
  0
LWPOLYLINE
  5
BF
330
FFA
100
AcDbEntity
  8
0
100
AcDbPolyline
 90
       12
 70
     1
 43
0.0
 10
-21.88766476287748
 20
-323.6527883461363
 10
-21.88576504032545
 20
-317.1291685815734
 42
-0.41424846
 10
-13.18569083166858
 20
-331.8581063300816
 42
-0.41424846
 10
-27.91566490156936
 20
-340.5564255363802
 42
-0.34208799
 10
-36.98663152852413
 20
-328.8386381533892
 42
-0.34208799
 10
-27.90493040714773
 20
-317.1291685815734
 10
-27.90295064448822
 20
-323.6527197060442
 10
-26.40789815586629
 20
-324.6052548257867
 42
0.40810442
 10
-29.16286617719959
 20
-330.2689121549797
 42
0.40810442
 10
-23.55802872703169
 20
-333.1416564945471
 42
0.32085232
 10
-20.39805668157072
 20
-328.9640586018931
 42
0.32085232
 10
-23.33108154212573
 20
-324.6241146511253
  0
LWPOLYLINE
  5
C0
330
FFA
100
AcDbEntity
  8
0
100
AcDbPolyline
 90
       12
 70
     1
 43
0.0
 10
-21.88766476287748
 20
-280.6026475877448
 10
-21.88576504032545
 20
-274.0790278231818
 42
-0.41424846
 10
-13.18569083166858
 20
-288.80796545169
 42
-0.41424846
 10
-27.91566490156936
 20
-297.5062846579884
 42
-0.34208799
 10
-36.98663152852413
 20
-285.7884973949975
 42
-0.34208799
 10
-27.90493040714773
 20
-274.0790278231818
 10
-27.90295064448822
 20
-280.6025789476525
 10
-26.40789815586629
 20
-281.5551140673952
 42
0.40810442
 10
-29.16286617719959
 20
-287.2187713965881
 42
0.40810442
 10
-23.55802872703169
 20
-290.0915157361553
 42
0.32085232
 10
-20.39805668157072
 20
-285.9139178435015
 42
0.32085232
 10
-23.33108154212573
 20
-281.5739738927336
  0
LWPOLYLINE
  5
C1
330
FFA
100
AcDbEntity
  8
0
100
AcDbPolyline
 90
        4
 70
     1
 43
0.0
 10
20.10452961415007
 20
-322.243703733014
 42
0.41421356
 10
17.10453710362338
 20
-319.2437111024873
 42
0.41421356
 10
14.10454447309661
 20
-322.243703733014
 42
0.41421356
 10
17.10453710362338
 20
-325.2436962435408
 42
0.41421356
  0
LWPOLYLINE
  5
C2
330
FFA
100
AcDbEntity
  8
0
100
AcDbPolyline
 90
        4
 70
     1
 43
0.0
 10
98.10433692784698
 20
-380.7435591282864
 42
0.41421356
 10
92.10435166679344
 20
-374.7435739872329
 42
0.41421356
 10
86.10436652573985
 20
-380.7435591282864
 42
0.41421356
 10
92.10435166679344
 20
-386.7435442693399
 42
0.41421356
  0
LWPOLYLINE
  5
C3
330
FFA
100
AcDbEntity
  8
0
100
AcDbPolyline
 90
        4
 70
     1
 43
0.0
 10
95.1043442973202
 20
-380.7435591282864
 42
0.41421356
 10
92.10435166679344
 20
-377.7435664977596
 42
0.41421356
 10
89.10435915626676
 20
-380.7435591282864
 42
0.41421356
 10
92.10435166679344
 20
-383.7435517588133
 42
0.41421356
  0
LWPOLYLINE
  5
C4
330
FFA
100
AcDbEntity
  8
0
100
AcDbPolyline
 90
        4
 70
     1
 43
0.0
 10
122.1042776120615
 20
-380.7435591282864
 42
0.41421356
 10
119.1042849815342
 20
-377.7435664977596
 42
0.41421356
 10
116.1042923510074
 20
-380.7435591282864
 42
0.41421356
 10
119.1042849815342
 20
-383.7435517588133
 42
0.41421356
  0
LWPOLYLINE
  5
C5
330
FFA
100
AcDbEntity
  8
0
100
AcDbPolyline
 90
        4
 70
     1
 43
0.0
 10
128.1042627531146
 20
-380.7435591282864
 42
0.41421356
 10
119.1042849815342
 20
-371.7435813567061
 42
0.41421356
 10
110.104307209954
 20
-380.7435591282864
 42
0.41421356
 10
119.1042849815342
 20
-389.7435368998669
 42
0.41421356
  0
LWPOLYLINE
  5
C6
330
FFA
100
AcDbEntity
  8
0
100
AcDbPolyline
 90
        4
 70
     1
 43
0.0
 10
117.5159634476049
 20
-229.2741458272739
 42
0.41421356
 10
120.5159559581318
 20
-226.2741533167472
 42
0.41421356
 10
117.5159634476049
 20
-223.2741606862204
 42
0.41421356
 10
114.5159708170782
 20
-226.2741533167472
 42
0.41421356
  0
LWPOLYLINE
  5
C7
330
FFA
100
AcDbEntity
  8
0
100
AcDbPolyline
 90
        4
 70
     1
 43
0.0
 10
128.0352551004025
 20
-268.2438371035317
 42
0.41421356
 10
123.6042738673245
 20
-263.812855990454
 42
0.41421356
 10
119.1732927542471
 20
-268.2438371035317
 42
0.41421356
 10
123.6042738673245
 20
-272.6748183366091
 42
0.41421356
  0
LWPOLYLINE
  5
C8
330
FFA
100
AcDbEntity
  8
0
100
AcDbPolyline
 90
       12
 70
     1
 43
0.0
 10
-21.88766476287748
 20
-237.5524953093378
 10
-21.88576504032545
 20
-231.0288869447902
 42
-0.41424806
 10
-13.18570127168266
 20
-245.7578262533005
 42
-0.41424806
 10
-27.91566490156936
 20
-254.456155299612
 42
-0.34208777
 10
-36.98662852852038
 20
-242.7383622766135
 42
-0.34208777
 10
-27.90493040714773
 20
-231.0288869447902
 10
-27.90295064448822
 20
-237.5524380692608
 10
-26.40789815586629
 20
-238.504984709019
 42
0.4081046800000001
 10
-29.16286989720493
 20
-244.1686432382137
 42
0.4081046800000001
 10
-23.55802872703169
 20
-247.0413863777793
 42
0.32085081
 10
-20.39807024158932
 20
-242.8637822451168
 42
0.32085081
 10
-23.33108154212573
 20
-238.523833134342
  0
LWPOLYLINE
  5
C9
330
FFA
100
AcDbEntity
  8
0
100
AcDbPolyline
 90
       12
 70
     1
 43
0.0
 10
140.0395741883522
 20
3.257906582387704
 42
0.4127101200000001
 10
134.116947871231
 20
3.209243877008816
 42
0.4127101200000001
 10
134.1351926957431
 20
-2.713554280343089
 42
0.41144956
 10
140.0395512683214
 20
-2.746913725161903
 10
146.1042182962762
 20
-2.744493201910074
 10
146.1042182962762
 20
-1.244496946646563
 10
145.6648835178039
 20
-1.244496946646563
 42
-1.0
 10
144.6042219210124
 20
-0.1838353498548599
 10
144.6042219210124
 20
0.6948609022084043
 42
-1.0
 10
145.664948260831
 20
1.755522497023832
 10
146.1042182962762
 20
1.755495683880212
 10
146.1042182962762
 20
3.25549193914378
  0
LWPOLYLINE
  5
CA
330
FFA
100
AcDbEntity
  8
0
100
AcDbPolyline
 90
       12
 70
     1
 43
0.0
 10
110.0396482430838
 20
3.257906582387704
 42
0.4127101200000001
 10
104.1170219259631
 20
3.209243877008816
 42
0.4127101200000001
 10
104.1352667504751
 20
-2.713554280343089
 42
0.41144956
 10
110.0396254430535
 20
-2.746913725161903
 10
116.1042923510074
 20
-2.744493201910074
 10
116.1042923510074
 20
-2.305158543438267
 42
1.0
 10
115.0436307542159
 20
-1.244496946646563
 10
114.6042960957441
 20
-1.244496946646563
 10
114.6042960957441
 20
0.6948609022031178
 42
-1.0
 10
115.6650224355679
 20
1.755522497018887
 10
116.1042923510074
 20
1.755495683880212
 10
116.1042923510074
 20
3.25549193914378
  0
LWPOLYLINE
  5
CB
330
FFA
100
AcDbEntity
  8
0
100
AcDbPolyline
 90
        4
 70
     1
 43
0.0
 10
221.1040329794457
 20
-380.7435591282864
 42
0.41421356
 10
212.1040552078653
 20
-371.7435813567061
 42
0.41421356
 10
203.1040774362851
 20
-380.7435591282864
 42
0.41421356
 10
212.1040552078653
 20
-389.7435368998669
 42
0.41421356
  0
LWPOLYLINE
  5
CC
330
FFA
100
AcDbEntity
  8
0
100
AcDbPolyline
 90
        4
 70
     1
 43
0.0
 10
215.104047718392
 20
-380.7435591282864
 42
0.41421356
 10
212.1040552078653
 20
-377.7435664977596
 42
0.41421356
 10
209.1040625773382
 20
-380.7435591282864
 42
0.41421356
 10
212.1040552078653
 20
-383.7435517588133
 42
0.41421356
  0
LWPOLYLINE
  5
CD
330
FFA
100
AcDbEntity
  8
0
100
AcDbPolyline
 90
        4
 70
     1
 43
0.0
 10
194.1040996647047
 20
-380.7435591282864
 42
0.41421356
 10
191.1041070341779
 20
-377.7435664977596
 42
0.41421356
 10
188.1041145236509
 20
-380.7435591282864
 42
0.41421356
 10
191.1041070341779
 20
-383.7435517588133
 42
0.41421356
  0
LWPOLYLINE
  5
CE
330
FFA
100
AcDbEntity
  8
0
100
AcDbPolyline
 90
        4
 70
     1
 43
0.0
 10
200.1040848057582
 20
-380.7435591282864
 42
0.41421356
 10
191.1041070341779
 20
-371.7435813567061
 42
0.41421356
 10
182.1041292625972
 20
-380.7435591282864
 42
0.41421356
 10
191.1041070341779
 20
-389.7435368998669
 42
0.41421356
  0
LWPOLYLINE
  5
CF
330
FFA
100
AcDbEntity
  8
0
100
AcDbPolyline
 90
        4
 70
     1
 43
0.0
 10
170.10415898049
 20
-380.7435591282864
 42
0.41421356
 10
167.1041663499631
 20
-377.7435664977596
 42
0.41421356
 10
164.1041738394361
 20
-380.7435591282864
 42
0.41421356
 10
167.1041663499631
 20
-383.7435517588133
 42
0.41421356
  0
LWPOLYLINE
  5
D0
330
FFA
100
AcDbEntity
  8
0
100
AcDbPolyline
 90
        4
 70
     1
 43
0.0
 10
176.1041441215438
 20
-380.7435591282864
 42
0.41421356
 10
167.1041663499631
 20
-371.7435813567061
 42
0.41421356
 10
158.1041885783825
 20
-380.7435591282864
 42
0.41421356
 10
167.1041663499631
 20
-389.7435368998669
 42
0.41421356
  0
LWPOLYLINE
  5
D1
330
FFA
100
AcDbEntity
  8
0
100
AcDbPolyline
 90
        4
 70
     1
 43
0.0
 10
146.1042182962762
 20
-380.7435591282864
 42
0.41421356
 10
143.1042256657491
 20
-377.7435664977596
 42
0.41421356
 10
140.104233155222
 20
-380.7435591282864
 42
0.41421356
 10
143.1042256657491
 20
-383.7435517588133
 42
0.41421356
  0
LWPOLYLINE
  5
D2
330
FFA
100
AcDbEntity
  8
0
100
AcDbPolyline
 90
        4
 70
     1
 43
0.0
 10
152.1042034373293
 20
-380.7435591282864
 42
0.41421356
 10
143.1042256657491
 20
-371.7435813567061
 42
0.41421356
 10
134.1042478941684
 20
-380.7435591282864
 42
0.41421356
 10
143.1042256657491
 20
-389.7435368998669
 42
0.41421356
  0
LWPOLYLINE
  5
D3
330
FFA
100
AcDbEntity
  8
0
100
AcDbPolyline
 90
        6
 70
     1
 43
0.0
 10
-57.89527757954636
 20
-341.7436555314382
 42
0.21177993
 10
-81.50999866621345
 20
-288.4482085683521
 42
0.39192872
 10
-179.236493642957
 20
-289.3323686762321
 42
0.21352441
 10
-201.8759264993122
 20
-343.5422483078697
 42
0.20832589
 10
-177.6339446499129
 20
-395.6188517134243
 42
0.39019698
 10
-80.2384833179172
 20
-393.8563789855207
 42
0.20551666
  0
LWPOLYLINE
  5
D4
330
FFA
100
AcDbEntity
  8
0
100
AcDbPolyline
 90
        6
 70
     1
 43
0.0
 10
-57.89527757954636
 20
-182.7440483935178
 42
0.21178002
 10
-81.50999686621133
 20
-129.448608870442
 42
0.39192877
 10
-179.2364966429611
 20
-130.3327693383224
 42
0.21352446
 10
-201.8759266193127
 20
-184.5426519699637
 42
0.20832582
 10
-177.6339489699187
 20
-236.6192402554982
 42
0.39019699
 10
-80.23847911791149
 20
-234.8567658475922
 42
0.20551667
  0
LWPOLYLINE
  5
D5
330
FFA
100
AcDbEntity
  8
0
100
AcDbPolyline
 90
       18
 70
     1
 43
0.0
 10
-187.345236937153
 20
-316.3233691789721
 42
-0.09406706
 10
-176.3876570555102
 20
-299.483045753791
 42
-0.00645172
 10
-175.1827587167148
 20
-298.2402109240273
 42
0.05848249
 10
-173.9085932848576
 20
-300.0369205379286
 42
0.02319425
 10
-169.9040008246382
 20
-304.262530135087
 42
0.00666459
 10
-163.1258127180597
 20
-310.7396743172094
 42
-0.0047699
 10
-152.5814619115952
 20
-320.7063334275381
 42
-0.01760588
 10
-146.0591809888308
 20
-327.3769500295933
 42
-0.04042058
 10
-143.1955044614465
 20
-330.9931166079575
 42
-0.08093695
 10
-142.5114022623463
 20
-332.4305764592022
 42
-0.2418438
 10
-142.6162936832697
 20
-333.2919560964764
 42
-0.20012413
 10
-143.4924645404159
 20
-333.6390750428348
 42
-0.07174567
 10
-145.4230763342162
 20
-333.4449047019648
 42
-0.03523438
 10
-150.4447968809595
 20
-331.8994598256406
 42
-0.01581569
 10
-160.7016865812163
 20
-327.6521054792679
 42
-0.00113072
 10
-176.4040028774708
 20
-320.5516659397406
 42
0.01592542
 10
-184.3080656166762
 20
-317.2252728706907
 42
0.03639044
 10
-187.0309859149528
 20
-316.378258932717
  0
LWPOLYLINE
  5
D6
330
FFA
100
AcDbEntity
  8
0
100
AcDbPolyline
 90
       15
 70
     1
 43
0.0
 10
-173.2890659325152
 20
-296.2281430207895
 42
-0.08110012
 10
-156.8906373410251
 20
-284.9939447675065
 42
-0.00791893
 10
-155.3666039734676
 20
-284.3174360586086
 42
-0.0193949
 10
-149.5279249691308
 20
-298.1976250268127
 42
0.00796401
 10
-145.8440178197561
 20
-307.6975252700449
 42
0.02097044
 10
-139.4750339829486
 20
-321.3851097794825
 42
-0.05556472
 10
-137.9142854860639
 20
-325.4400505873451
 42
-0.09538397
 10
-137.7033931227274
 20
-327.8382616093709
 42
-0.19994621
 10
-138.313818222841
 20
-329.0285681685623
 42
-0.22098465
 10
-139.6735641696763
 20
-329.2217743081372
 42
-0.09859161
 10
-141.779869399523
 20
-328.169734574709
 42
-0.05498376
 10
-144.7458385043391
 20
-325.429300972903
 42
0.01569678
 10
-153.5943484724208
 20
-315.6490185529737
 42
0.0123224
 10
-161.1363688052174
 20
-308.3359977678406
 42
-0.01613985
 10
-171.2681765774251
 20
-298.3891462441237
 42
-0.00372742
  0
LWPOLYLINE
  5
D7
330
FFA
100
AcDbEntity
  8
0
100
AcDbPolyline
 90
       18
 70
     1
 43
0.0
 10
-152.5521968722773
 20
-283.1245986960169
 42
-0.09502869
 10
-134.2664027450888
 20
-278.9967093101472
 42
-0.01216978
 10
-131.1576672884646
 20
-278.9485042853831
 42
0.05853827
 10
-131.5258275430924
 20
-281.1165579981897
 42
0.02312539
 10
-131.6812053118445
 20
-286.9365574174302
 42
0.00662021
 10
-131.4688039464808
 20
-296.3155903782761
 42
-0.00480311
 10
-131.0631014014143
 20
-310.8304270791369
 42
-0.01764435
 10
-131.1711809866203
 20
-320.1638339386835
 42
-0.04055438
 10
-131.7058690649806
 20
-324.7440743722926
 42
-0.081454
 10
-132.2400964627217
 20
-326.2406725829907
 42
-0.24349743
 10
-132.9247227025254
 20
-326.7701440143421
 42
-0.19861787
 10
-133.7899512249705
 20
-326.3902375439329
 42
-0.07123693
 10
-135.0178006746013
 20
-324.8825389583215
 42
-0.03507164
 10
-137.4753811763905
 20
-320.2334252721802
 42
-0.01575933
 10
-141.7233237635534
 20
-309.9750822499707
 42
-0.00110191
 10
-147.8040608530981
 20
-293.8531243099227
 42
0.01593688
 10
-151.0412113622497
 20
-285.912049920992
 42
0.03634751
 10
-152.3685847455918
 20
-283.3860609272947
  0
LWPOLYLINE
  5
D8
330
FFA
100
AcDbEntity
  8
0
100
AcDbPolyline
 90
       18
 70
     1
 43
0.0
 10
-128.3949030966572
 20
-278.8650954133222
 42
-0.10071318
 10
-107.6900671194563
 20
-283.0252626825578
 10
-107.0487497778387
 20
-283.2946554844904
 42
0.05880484
 10
-108.2201245115948
 20
-285.1544638231658
 42
0.02329053
 10
-110.5893536946837
 20
-290.4639885565771
 42
0.00669951
 10
-113.9759758046519
 20
-299.1969666894403
 42
-0.0047411
 10
-119.1425741060397
 20
-312.743164368923
 42
-0.0175777
 10
-122.8042202655064
 20
-321.3159780466032
 42
-0.04039421
 10
-125.0454115565743
 20
-325.342341656072
 42
-0.080995
 10
-126.1095023061929
 20
-326.5230360823494
 42
-0.24250362
 10
-126.9436764669166
 20
-326.7546350735054
 42
-0.19966145
 10
-127.6011140301917
 20
-326.0758487615479
 42
-0.07168929
 10
-128.1621293039228
 20
-324.2145201408299
 42
-0.03524532
 10
-128.6584259707036
 20
-318.9762561831583
 42
-0.01583273
 10
-128.6623403759623
 20
-307.8607091692846
 42
-0.0011521
 10
-128.1138264790272
 20
-290.6137909978385
 42
0.01588081
 10
-128.0659492947039
 20
-282.0242549376918
 42
0.03624768
 10
-128.3253865232607
 20
-279.1775134330596
  0
LWPOLYLINE
  5
D9
330
FFA
100
AcDbEntity
  8
0
100
AcDbPolyline
 90
       16
 70
     1
 43
0.0
 10
-92.7007031010619
 20
-291.0378940076263
 42
-0.02571376
 10
-86.54294942804467
 20
-296.189902569413
 42
-0.01943584
 10
-97.16236381535788
 20
-306.9258699933166
 42
0.00799313
 10
-104.5315083158937
 20
-313.9644030096718
 42
0.02103773
 10
-114.7469583604764
 20
-325.0964351656937
 42
-0.05548202
 10
-117.8961831914981
 20
-328.0920231903029
 42
-0.09512003
 10
-120.0325753417673
 20
-329.2077413692839
 42
-0.19948864
 10
-121.3676943755161
 20
-329.1025203079182
 42
-0.22151924
 10
-122.0685561571323
 20
-327.9233173636445
 42
-0.09883696
 10
-121.9043636565378
 20
-325.5768596511498
 42
-0.05503578
 10
-120.5083452609701
 20
-321.7878708805971
 42
0.01569588
 10
-114.8656635999583
 20
-309.8804170027869
 42
0.0122181
 10
-110.9957955607428
 20
-300.1152322831415
 42
-0.01622305
 10
-105.649055297332
 20
-286.8886378730498
 42
-0.00370853
 10
-104.4144438386162
 20
-284.1741931861601
 42
-0.02069186
 10
-96.58481971942007
 20
-288.4308294250029
 42
-0.023433
  0
LWPOLYLINE
  5
DA
330
FFA
100
AcDbEntity
  8
0
100
AcDbPolyline
 90
       16
 70
     1
 43
0.0
 10
-74.79357032260975
 20
-311.4037722494331
 42
-0.01239863
 10
-72.468869719346
 20
-316.2721633101763
 42
-0.019388
 10
-86.36660715112652
 20
-322.1184970047973
 42
0.00797656
 10
-95.85235457534418
 20
-325.7961672657923
 42
0.02096996
 10
-109.5366804804038
 20
-332.1640965411831
 42
-0.05556089
 10
-113.5933130505397
 20
-333.7255407990028
 42
-0.09543872
 10
-115.9915327125773
 20
-333.9362969621562
 42
-0.20011532
 10
-117.1811592308548
 20
-333.3254482614734
 42
-0.22087569
 10
-117.3733973291289
 20
-331.9652230339942
 42
-0.09850695
 10
-116.3205678746398
 20
-329.8586852438349
 42
-0.05495906
 10
-113.5801797528949
 20
-326.8931722596319
 42
0.0157401
 10
-103.8002836134844
 20
-318.0443188510891
 42
0.01224855
 10
-96.47535833235776
 20
-310.4897433814242
 42
-0.01621615
 10
-86.46281692038536
 20
-300.301542133451
 42
-0.00371582
 10
-84.28262063126538
 20
-298.2649417572535
 42
-0.03010035
 10
-77.68180908299405
 20
-306.6235451871396
 42
-0.02924705
  0
LWPOLYLINE
  5
DB
330
FFA
100
AcDbEntity
  8
0
100
AcDbPolyline
 90
       16
 70
     1
 43
0.0
 10
-71.27604291676886
 20
-319.0865612913544
 42
0.01910893
 10
-85.23197778673823
 20
-324.8240382797251
 42
-0.00836597
 10
-94.53605696688237
 20
-328.9435638943581
 42
-0.02116084
 10
-108.7205488239208
 20
-334.1191996478883
 42
0.05554087
 10
-112.6947589233209
 20
-335.882911737457
 42
0.09545653
 10
-114.5401238025915
 20
-337.4291334948248
 42
0.20024293
 10
-114.9493475123884
 20
-338.7019344048484
 42
0.22082708
 10
-114.1230546022537
 20
-339.7996620396591
 42
0.0984303
 10
-111.8884051199747
 20
-340.5452266413342
 42
0.05491885
 10
-107.8530020183611
 20
-340.7057521770024
 42
-0.01564254
 10
-94.67915295913371
 20
-340.0504854166433
 42
-0.01219946
 10
-84.15604854121415
 20
-340.2118744734716
 42
0.01608816
 10
-69.87265087129419
 20
-340.337251361917
 42
0.00369225
 10
-66.89163374626156
 20
-340.2368969070896
 42
0.04181573
 10
-68.47629863527783
 20
-327.8537650302001
 42
0.0437757
 10
-71.06449643255331
 20
-319.705717123198
 42
-0.01838898
  0
LWPOLYLINE
  5
DC
330
FFA
100
AcDbEntity
  8
0
100
AcDbPolyline
 90
       15
 70
     1
 43
0.0
 10
-67.01653387406628
 20
-343.2438578269784
 42
-0.08093174
 10
-70.77969776992296
 20
-363.1026421474983
 42
-0.0061624
 10
-71.25672841081956
 20
-364.3474935799715
 42
-0.01946814
 10
-85.20508323060466
 20
-358.6590948575381
 42
0.00799332
 10
-94.53156212084332
 20
-354.5435084881974
 42
0.02105158
 10
-108.7201473033816
 20
-349.3682509751756
 42
-0.05555135
 10
-112.6920896397348
 20
-347.6055759269999
 42
-0.0953805
 10
-114.5376679992921
 20
-346.0594436897524
 42
-0.19999676
 10
-114.9480404706326
 20
-344.7863145792879
 42
-0.22098987
 10
-114.1231929624398
 20
-343.688047783753
 42
-0.09855927
 10
-111.8894906414334
 20
-342.9419545813677
 42
-0.05496002
 10
-107.8533933388868
 20
-342.7812136454103
 42
0.01562374
 10
-94.67870223852788
 20
-343.4371101666153
 42
0.01227097
 10
-84.17370344493354
 20
-343.2756163496463
 42
-0.01607603
 10
-69.9741573276695
 20
-343.145195254424
 42
-0.00371202
  0
LWPOLYLINE
  5
DD
330
FFA
100
AcDbEntity
  8
0
100
AcDbPolyline
 90
       14
 70
     1
 43
0.0
 10
-72.44496808723397
 20
-367.1639417639042
 42
-0.08409255
 10
-84.34126519005479
 20
-385.0957271354775
 42
-0.01944604
 10
-95.0613906726744
 20
-374.4918197689981
 42
0.0079776
 10
-102.1128796264366
 20
-367.1103438118948
 42
0.02103867
 10
-113.2475203459629
 20
-356.8918966432856
 42
-0.05548802
 10
-116.2416444886054
 20
-353.744148894248
 42
-0.09505997
 10
-117.3574919077599
 20
-351.6078089440492
 42
-0.19929384
 10
-117.2529951673671
 20
-350.2721333495526
 42
-0.22163655
 10
-116.0746947443063
 20
-349.5704247267984
 42
-0.09893445
 10
-113.7287994725673
 20
-349.7338389063474
 42
-0.05506525
 10
-109.9392852213088
 20
-351.1296432216277
 42
0.01563718
 10
-98.03181346347408
 20
-356.7730093635591
 42
0.01229885
 10
-88.28297708579293
 20
-360.6369820348537
 42
-0.01610518
 10
-75.13658070344843
 20
-365.9420546422838
 42
-0.00371526
  0
LWPOLYLINE
  5
DE
330
FFA
100
AcDbEntity
  8
0
100
AcDbPolyline
 90
       15
 70
     1
 43
0.0
 10
-86.50112769185653
 20
-387.2591909621176
 42
-0.08109825
 10
-102.8995685233624
 20
-398.493355255355
 42
-0.00791811
 10
-104.4235978109147
 20
-399.1698762042693
 42
-0.01939411
 10
-110.2622741752483
 20
-385.2896836360604
 42
0.00796373
 10
-113.9461741246129
 20
-375.7898233528817
 42
0.02096946
 10
-120.3151481214071
 20
-362.1021915633807
 42
-0.05556126
 10
-121.8759042983024
 20
-358.0472722355469
 42
-0.09538125
 10
-122.0868337416888
 20
-355.6491003335736
 42
-0.19995245
 10
-121.4764542416366
 20
-354.4588342144364
 42
-0.22098986
 10
-120.1167572548667
 20
-354.2656652749116
 42
-0.09858766
 10
-118.0104917450733
 20
-355.3177261283682
 42
-0.05498021
 10
-115.0445359602753
 20
-358.0581462901563
 42
0.01569599
 10
-106.1959314320664
 20
-367.8383949900404
 42
0.01232187
 10
-98.65388805923892
 20
-375.1513815751274
 42
-0.01613909
 10
-88.52203720697321
 20
-385.0981931387906
 42
-0.00372724
  0
LWPOLYLINE
  5
DF
330
FFA
100
AcDbEntity
  8
0
100
AcDbPolyline
 90
       18
 70
     1
 43
0.0
 10
-107.2380053921057
 20
-400.3627123668592
 42
-0.09502874
 10
-125.5237972392914
 20
-404.490610632741
 42
-0.01216899
 10
-128.6325342559174
 20
-404.5388287375226
 42
0.05853826
 10
-128.2643732812887
 20
-402.3707746647155
 42
0.02312545
 10
-128.1089946725357
 20
-396.5507735654727
 42
0.00662025
 10
-128.321395557899
 20
-387.1717371246226
 42
-0.00480309
 10
-128.727097982965
 20
-372.656894183753
 42
-0.01764433
 10
-128.6190183977591
 20
-363.3234825242001
 42
-0.04055438
 10
-128.084330199399
 20
-358.7432390905868
 42
-0.08145396
 10
-127.5501026816574
 20
-357.2466393198869
 42
-0.24349715
 10
-126.8654763218536
 20
-356.7171665685336
 42
-0.19861798
 10
-126.0002481594089
 20
-357.0970724389419
 42
-0.07123701
 10
-124.7723990697786
 20
-358.6047705445527
 42
-0.03507162
 10
-122.3148188079893
 20
-363.2538845906945
 42
-0.01575931
 10
-118.0668764608265
 20
-373.5122292929062
 42
-0.00110192
 10
-111.9861396112825
 20
-389.6341893929572
 42
0.01593689
 10
-108.7489898221317
 20
-397.5752631818871
 42
0.0363476
 10
-107.4216172787906
 20
-400.1012504955819
  0
LWPOLYLINE
  5
E0
330
FFA
100
AcDbEntity
  8
0
100
AcDbPolyline
 90
       15
 70
     1
 43
0.0
 10
-131.3952962877221
 20
-404.622215649554
 42
-0.08093186
 10
-151.2540910482561
 20
-400.8590558337028
 42
-0.00616238
 10
-152.4989433207307
 20
-400.3820269928086
 42
-0.0194681
 10
-146.8105237182689
 20
-386.4336746930264
 42
0.00799329
 10
-142.6949266689138
 20
-377.1072058828013
 42
0.02105151
 10
-137.5196440758586
 20
-362.9186177002591
 42
-0.05555067
 10
-135.7569692676831
 20
-358.9466784839103
 42
-0.09537989
 10
-134.2108454304465
 20
-357.101100124353
 42
-0.19999778
 10
-132.9377273599972
 20
-356.6907262130107
 42
-0.22099129
 10
-131.8394726844785
 20
-357.5155712012
 42
-0.09855863
 10
-131.0933893221065
 20
-359.7492706422027
 42
-0.05495927
 10
-130.9326521061541
 20
-363.7853654247454
 42
0.01562355
 10
-131.5885435873521
 20
-376.9600625251123
 42
0.01227087
 10
-131.4270522903868
 20
-387.4650506386927
 42
-0.01607588
 10
-131.2966341951687
 20
-401.6645896759472
 42
-0.00371195
  0
LWPOLYLINE
  5
E1
330
FFA
100
AcDbEntity
  8
0
100
AcDbPolyline
 90
       14
 70
     1
 43
0.0
 10
-155.3153946246674
 20
-399.1938156364322
 42
-0.08409392
 10
-173.2471721962304
 20
-387.297472093549
 42
-0.01944583
 10
-162.6432481497285
 20
-376.5773664109555
 42
0.00797753
 10
-155.2617711126233
 20
-369.5258962972191
 42
0.02103838
 10
-145.0432901039688
 20
-358.3912661377069
 42
-0.05548704
 10
-141.8955424749317
 20
-355.3971449950685
 42
-0.09505927
 10
-139.7592142847484
 20
-354.2812934959083
 42
-0.19929572
 10
-138.4235540502725
 20
-354.3857836362921
 42
-0.22163824
 10
-137.7218622275409
 20
-355.5640761393425
 42
-0.09893321
 10
-137.8852903271088
 20
-357.9099646910724
 42
-0.05506416
 10
-139.2810990823949
 20
-361.6994761823276
 42
0.01563695
 10
-144.9244637843241
 20
-373.606970380192
 42
0.0122987
 10
-148.7884350156171
 20
-383.355802197867
 42
-0.01610498
 10
-154.0935071430464
 20
-396.5021983402113
 42
-0.00371526
  0
LWPOLYLINE
  5
E2
330
FFA
100
AcDbEntity
  8
0
100
AcDbPolyline
 90
       18
 70
     1
 43
0.0
 10
-175.4106150228423
 20
-385.1376218317636
 42
-0.10250512
 10
-187.09842660556
 20
-367.5560992907727
 10
-187.3587073152504
 20
-366.9112366643919
 42
0.05889206
 10
-185.2197812415771
 20
-366.424791650847
 42
0.02323722
 10
-179.7927275102638
 20
-364.345469297252
 42
0.00665936
 10
-171.2216274348859
 20
-360.5643742573043
 42
-0.00477997
 10
-157.9854354119001
 20
-354.639427737066
 42
-0.01763406
 10
-149.3336725481503
 20
-351.1694806351496
 42
-0.04056937
 10
-144.9047989979042
 20
-349.9112518247039
 42
-0.08158549
 10
-143.3210003900516
 20
-349.8320861583438
 42
-0.24413373
 10
-142.5721788640006
 20
-350.2619428158616
 42
-0.19803153
 10
-142.5923703311282
 20
-351.2093463687098
 42
-0.07121788
 10
-143.5159400519555
 20
-352.9236314718728
 42
-0.03511502
 10
-146.8719748408294
 20
-356.9778141187168
 42
-0.01579218
 10
-154.7269840341306
 20
-364.8344727142342
 42
-0.00112223
 10
-167.3024105293701
 20
-376.6316456038802
 42
0.01590676
 10
-173.4076505718352
 20
-382.669041155195
 42
0.03620434
 10
-175.2384140714883
 20
-384.8670310682215
  0
LWPOLYLINE
  5
E3
330
FFA
100
AcDbEntity
  8
0
100
AcDbPolyline
 90
       18
 70
     1
 43
0.0
 10
-188.5141564676105
 20
-364.4007497715219
 42
-0.09502169
 10
-192.6420716535149
 20
-346.1149514443278
 42
-0.01217225
 10
-192.6902704382706
 20
-343.0062098676955
 42
0.0585384
 10
-190.5222088054531
 20
-343.3743761223313
 42
0.02312563
 10
-184.7022031462044
 20
-343.5297585710896
 42
0.00662034
 10
-175.3231693453577
 20
-343.317358165727
 42
-0.00480311
 10
-160.8083360045016
 20
-342.9116541806587
 42
-0.01764449
 10
-151.474929024955
 20
-343.0197353258671
 42
-0.04055462
 10
-146.8946842713395
 20
-343.5544280842333
 42
-0.08145402
 10
-145.3980812606348
 20
-344.0886600419805
 42
-0.24349457
 10
-144.8686033492749
 20
-344.773292041792
 42
-0.19861883
 10
-145.2485039396758
 20
-345.6385258442441
 42
-0.07123786
 10
-146.7561980852818
 20
-346.8663786538793
 42
-0.03507205
 10
-151.40530973142
 20
-349.3239596356696
 42
-0.01575948
 10
-161.6636583936374
 20
-353.5718941828217
 42
-0.00110189
 10
-177.7856298937036
 20
-359.6526154323452
 42
0.01593714
 10
-185.7267080026394
 20
-362.8897616214907
 42
0.03634817
 10
-188.2526949563337
 20
-364.217137044836
  0
LWPOLYLINE
  5
E4
330
FFA
100
AcDbEntity
  8
0
100
AcDbPolyline
 90
       18
 70
     1
 43
0.0
 10
-192.7736655103131
 20
-340.2434532358981
 42
-0.1007008
 10
-188.6136381612654
 20
-319.5387230988393
 10
-188.3442393593248
 20
-318.8975057173561
 42
0.05884432
 10
-186.4855698221797
 20
-320.0677928896511
 42
0.02325906
 10
-181.1751851676126
 20
-322.4369259526105
 42
0.00667587
 10
-172.4387985501704
 20
-325.8252137848167
 42
-0.0047671
 10
-158.8876002239694
 20
-330.9956914514166
 42
-0.01762059
 10
-150.3142123455175
 20
-334.6600631745449
 42
-0.0405273
 10
-146.2907367799285
 20
-336.9024389872043
 42
-0.08142836
 10
-145.1133184780531
 20
-337.9667474171157
 42
-0.24364045
 10
-144.8860633727327
 20
-338.8006794175135
 42
-0.19851661
 10
-145.5688009299993
 20
-339.4567232989167
 42
-0.07134126
 10
-147.4331920748312
 20
-340.0162107305949
 42
-0.03514295
 10
-152.673303794986
 20
-340.5102632743605
 42
-0.01579682
 10
-163.7862270053347
 20
-340.5116460362183
 42
-0.0011205
 10
-181.0256955667716
 20
-339.9614427770135
 42
0.01592008
 10
-189.6130441439796
 20
-339.9137818329805
 42
0.03626665
 10
-192.4608615700572
 20
-340.1738055023254
  0
LWPOLYLINE
  5
E5
330
FFA
100
AcDbEntity
  8
0
100
AcDbPolyline
 90
       15
 70
     1
 43
0.0
 10
-131.3952962877221
 20
-245.6226085116339
 42
-0.0809314
 10
-151.2540904482553
 20
-241.8594581757951
 42
-0.00616226
 10
-152.4989434407308
 20
-241.3824312549036
 42
-0.01946807
 10
-146.8105235982688
 20
-227.4340751151163
 42
0.0079933
 10
-142.6949263089132
 20
-218.1076025848861
 42
0.0210515
 10
-137.5196437158576
 20
-203.9190127223419
 42
-0.0555506
 10
-135.7569692676831
 20
-199.9470737459932
 42
-0.09537973
 10
-134.210845550447
 20
-198.1014943064346
 42
-0.19999769
 10
-132.9377274799973
 20
-197.6911191950906
 42
-0.2209915
 10
-131.8394726844785
 20
-198.5159628632781
 42
-0.09855865
 10
-131.0933894421066
 20
-200.7496619442802
 42
-0.05495935
 10
-130.9326521061541
 20
-204.7857578068246
 42
0.01562357
 10
-131.5885435873521
 20
-217.9604573071946
 42
0.01227086
 10
-131.4270524103869
 20
-228.4654442207734
 42
-0.01607591
 10
-131.2966343151688
 20
-242.6649822980265
 42
-0.00371196
  0
LWPOLYLINE
  5
E6
330
FFA
100
AcDbEntity
  8
0
100
AcDbPolyline
 90
       14
 70
     1
 43
0.0
 10
-155.3153946246674
 20
-240.1941970984964
 42
-0.08409343
 10
-173.2471723162305
 20
-228.2978763556438
 42
-0.01944577
 10
-162.643247909728
 20
-217.5777669530455
 42
0.00797751
 10
-155.2617691926208
 20
-210.5262917993023
 42
0.02103834
 10
-145.0432897439685
 20
-199.3916617597903
 42
-0.05548692
 10
-141.8955442749338
 20
-196.3975420571539
 42
-0.09505897
 10
-139.7592168047517
 20
-195.2816893579922
 42
-0.19929519
 10
-138.4235564502757
 20
-195.3861770983727
 42
-0.22163856
 10
-137.7218641475434
 20
-196.564466481419
 42
-0.09893343
 10
-137.8852912871099
 20
-198.9103509531434
 42
-0.05506421
 10
-139.2810989623945
 20
-202.6998586043934
 42
0.01563697
 10
-144.9244630643231
 20
-214.6073498022535
 42
0.01229871
 10
-148.7884350156171
 20
-224.356183419931
 42
-0.016105
 10
-154.0935073830466
 20
-237.5025805222766
 42
-0.00371528
  0
LWPOLYLINE
  5
E7
330
FFA
100
AcDbEntity
  8
0
100
AcDbPolyline
 90
       18
 70
     1
 43
0.0
 10
-175.4106150228423
 20
-226.1380146938434
 42
-0.10250508
 10
-187.0984260055595
 20
-208.5564916728515
 10
-187.3587073152504
 20
-207.9116291664711
 42
0.05889205
 10
-185.2197796815748
 20
-207.4251843929264
 42
0.02323728
 10
-179.7927266702627
 20
-205.3458629993327
 42
0.00665939
 10
-171.2216300748897
 20
-201.5647689193866
 42
-0.00477993
 10
-157.9854438119111
 20
-195.6398222791482
 42
-0.01763403
 10
-149.3336828681643
 20
-192.1698734972292
 42
-0.04056931
 10
-144.9048075179157
 20
-190.9116418067796
 42
-0.0815849
 10
-143.3210065100599
 20
-190.8324737404164
 42
-0.24413233
 10
-142.5721813840043
 20
-191.2623279979307
 42
-0.19803285
 10
-142.5923688911264
 20
-192.2097302307772
 42
-0.07121844
 10
-143.5159351319489
 20
-193.9240147339394
 42
-0.03511514
 10
-146.8719675208195
 20
-197.9781979807843
 42
-0.01579222
 10
-154.7269783941227
 20
-205.8348599363061
 42
-0.00112225
 10
-167.3024107693703
 20
-217.6320383459597
 42
0.01590679
 10
-173.4076522518372
 20
-223.6694352172765
 42
0.03620446
 10
-175.2384144314886
 20
-225.8674242903017
  0
LWPOLYLINE
  5
E8
330
FFA
100
AcDbEntity
  8
0
100
AcDbPolyline
 90
       18
 70
     1
 43
0.0
 10
-187.345236937153
 20
-157.3237621610518
 42
-0.09406696
 10
-176.3876574155108
 20
-140.4834387358707
 42
-0.00645167
 10
-175.1827594367154
 20
-139.2406040261072
 42
0.05848229
 10
-173.9085935248581
 20
-141.0373134000083
 42
0.02319419
 10
-169.9040015446394
 20
-145.2629233571671
 42
0.00666459
 10
-163.1258152380631
 20
-151.740068619291
 42
-0.00476985
 10
-152.5814667116014
 20
-161.7067296496223
 42
-0.01760584
 10
-146.0591856688373
 20
-168.3773469716784
 42
-0.04042041
 10
-143.1955069814498
 20
-171.993513190042
 42
-0.08093659
 10
-142.5114026223473
 20
-173.4309724412862
 42
-0.24184349
 10
-142.6162912832661
 20
-174.2923513585593
 42
-0.20012462
 10
-143.4924601004099
 20
-174.6394700649174
 42
-0.07174567
 10
-145.4230706942087
 20
-174.4452993640467
 42
-0.03523435
 10
-150.4447911209518
 20
-172.8998537677216
 42
-0.01581569
 10
-160.7016840612133
 20
-168.6524984613477
 42
-0.00113074
 10
-176.4040055174743
 20
-161.5520582018194
 42
0.01592538
 10
-184.3080683766797
 20
-158.2256652527698
 42
0.03639046
 10
-187.0309863949535
 20
-157.3786517947967
  0
LWPOLYLINE
  5
E9
330
FFA
100
AcDbEntity
  8
0
100
AcDbPolyline
 90
       15
 70
     1
 43
0.0
 10
-192.7736655103131
 20
-181.2438576179931
 42
-0.08092575
 10
-189.0104791744263
 20
-161.3850617774577
 42
-0.00616102
 10
-188.5334770935681
 20
-160.1402001449708
 42
-0.01946841
 10
-174.585123953785
 20
-165.8286185474306
 42
0.00799342
 10
-165.2586343835317
 20
-169.9442279568021
 42
0.02105191
 10
-151.0700608410091
 20
-175.1194927898339
 42
-0.05555214
 10
-147.0981191046567
 20
-176.8821764780212
 42
-0.09538081
 10
-145.252538945097
 20
-178.4283249152905
 42
-0.1999944
 10
-144.8421644337538
 20
-179.7014709457777
 42
-0.2209892
 10
-145.6670103819447
 20
-180.7997537013341
 42
-0.09856066
 10
-147.9007134229524
 20
-181.5458571037333
 42
-0.05496101
 10
-151.9368156455049
 20
-181.7065949196865
 42
0.01562388
 10
-165.1114991858538
 20
-181.0506627584335
 42
0.01227108
 10
-175.6165001394512
 20
-181.2121350953736
 42
-0.01607617
 10
-189.8160445767132
 20
-181.342527270557
 42
-0.00371202
  0
LWPOLYLINE
  5
EA
330
FFA
100
AcDbEntity
  8
0
100
AcDbPolyline
 90
       18
 70
     1
 43
0.0
 10
-188.5141564676105
 20
-205.4011427536017
 42
-0.09502183
 10
-192.6420708135142
 20
-187.1153441864073
 42
-0.01217205
 10
-192.6902701982704
 20
-184.0066026097748
 42
0.05853863
 10
-190.5222085654529
 20
-184.3747698244121
 42
0.02312573
 10
-184.7022015862025
 20
-184.5301525131706
 42
0.00662036
 10
-175.3231649053518
 20
-184.3177512678068
 42
-0.00480314
 10
-160.8083277244902
 20
-183.9120464427375
 42
-0.01764457
 10
-151.4749202649429
 20
-184.0201290279477
 42
-0.04055484
 10
-146.8946775513307
 20
-184.5548249063181
 42
-0.08145458
 10
-145.3980768206293
 20
-185.0890596240692
 42
-0.2434952
 10
-144.8686019092731
 20
-185.7736948638848
 42
-0.19861787
 10
-145.248505379678
 20
-186.6389305863397
 42
-0.07123772
 10
-146.7562018052868
 20
-187.8667845959766
 42
-0.03507208
 10
-151.4053145314265
 20
-190.3243653377666
 42
-0.0157595
 10
-161.6636609136411
 20
-194.5722959249132
 42
-0.00110189
 10
-177.7856272537002
 20
-200.653009854427
 42
0.01593715
 10
-185.7267052426358
 20
-203.8901536435692
 42
0.0363481
 10
-188.2526944763333
 20
-205.2175296669151
  0
LWPOLYLINE
  5
EB
330
FFA
100
AcDbEntity
  8
0
100
AcDbPolyline
 90
       15
 70
     1
 43
0.0
 10
-173.2890659325152
 20
-137.2285358828692
 42
-0.08110003
 10
-156.8906366210238
 20
-125.9943341495815
 42
-0.00791876
 10
-155.3666040934677
 20
-125.3178232806809
 42
-0.01939494
 10
-149.5279250891313
 20
-139.1980098488813
 42
0.00796401
 10
-145.8440166197545
 20
-148.6979134521184
 42
0.0209705
 10
-139.4750331429472
 20
-162.3854914815472
 42
-0.05556486
 10
-137.9142845260625
 20
-166.4404326494102
 42
-0.09538389
 10
-137.7033919227258
 20
-168.8386477514415
 42
-0.19994536
 10
-138.3138170228394
 20
-170.0289593506398
 42
-0.22098493
 10
-139.6735629696746
 20
-170.2221710102219
 42
-0.09859214
 10
-141.7798684395219
 20
-169.1701355967996
 42
-0.05498407
 10
-144.7458382643385
 20
-166.4297036749957
 42
0.01569677
 10
-153.5943475124193
 20
-156.6494192150638
 42
0.01232237
 10
-161.1363688052174
 20
-149.3363948299259
 42
-0.01613981
 10
-171.2681769374257
 20
-139.3895394662037
 42
-0.00372744
  0
LWPOLYLINE
  5
EC
330
FFA
100
AcDbEntity
  8
0
100
AcDbPolyline
 90
       18
 70
     1
 43
0.0
 10
-152.5521968722773
 20
-124.1249859180891
 42
-0.09502864
 10
-134.2664020250879
 20
-119.997103252228
 42
-0.01216935
 10
-131.1576648884617
 20
-119.9488927074568
 42
0.05853844
 10
-131.5258258630901
 20
-122.1169435402595
 42
0.02312547
 10
-131.6812044718435
 20
-127.9369416394984
 42
0.00662024
 10
-131.4688037064806
 20
-137.3159762803464
 42
-0.00480309
 10
-131.0631012814139
 20
-151.8308181412143
 42
-0.01764434
 10
-131.1711807466201
 20
-161.1642281207648
 42
-0.04055441
 10
-131.70586870498
 20
-165.7444691543749
 42
-0.08145428
 10
-132.240095982721
 20
-167.2410666450718
 42
-0.2434981
 10
-132.9247221025243
 20
-167.7705367564214
 42
-0.19861737
 10
-133.7899506249693
 20
-167.3906286060101
 42
-0.07123676
 10
-135.0178001946003
 20
-165.8829283403964
 42
-0.03507155
 10
-137.4753809363904
 20
-161.2338126142524
 42
-0.0157593
 10
-141.7233240035536
 20
-150.9754679120407
 42
-0.00110192
 10
-147.8040615730993
 20
-134.8535097319923
 42
0.0159369
 10
-151.0412119622502
 20
-126.912436303063
 42
0.03634761
 10
-152.3685848655922
 20
-124.3864480293667
  0
LWPOLYLINE
  5
ED
330
FFA
100
AcDbEntity
  8
0
100
AcDbPolyline
 90
       18
 70
     1
 43
0.0
 10
-128.3949030966572
 20
-119.8654826353943
 42
-0.10071207
 10
-107.6900668794558
 20
-124.0256430646209
 10
-107.0487498978384
 20
-124.2950367065546
 42
0.05880477
 10
-108.2201240315941
 20
-126.1548451652299
 42
0.02329051
 10
-110.5893528546824
 20
-131.4643694186408
 42
0.00669948
 10
-113.9759752046507
 20
-140.1973468315029
 42
-0.00474112
 10
-119.1425744660403
 20
-153.7435442709853
 42
-0.01757771
 10
-122.8042213455079
 20
-162.3163598686678
 42
-0.04039412
 10
-125.0454131165765
 20
-166.3427264781408
 42
-0.08099469
 10
-126.1095039861956
 20
-167.5234233044215
 42
-0.24250297
 10
-126.9436781469186
 20
-167.7550250555812
 42
-0.19966232
 10
-127.6011154701935
 20
-167.076241383627
 42
-0.07168944
 10
-128.1621305039244
 20
-165.2149150429122
 42
-0.0352453
 10
-128.6584266907042
 20
-159.9766522852422
 42
-0.01583271
 10
-128.6623404959624
 20
-148.8611035913663
 42
-0.00115209
 10
-128.1138262390267
 20
-131.6141802599136
 42
0.01588081
 10
-128.0659490547034
 20
-123.0246417997634
 42
0.03624773
 10
-128.3253865232607
 20
-120.1779005351315
  0
LWPOLYLINE
  5
EE
330
FFA
100
AcDbEntity
  8
0
100
AcDbPolyline
 90
       14
 70
     1
 43
0.0
 10
-104.4748018797079
 20
-125.2938882885238
 42
-0.08409221
 10
-86.54302694814845
 20
-137.1902204313917
 42
-0.0194457
 10
-97.14695795465997
 20
-147.9103256339847
 42
0.0079775
 10
-104.5284370317674
 20
-154.96179490772
 42
0.02103827
 10
-114.746925600432
 20
-166.0964195472244
 42
-0.05548652
 10
-117.8946703494658
 20
-169.090537809859
 42
-0.09505861
 10
-120.030994219643
 20
-170.2063920690229
 42
-0.19929581
 10
-121.3666501341134
 20
-170.1019073286464
 42
-0.22163919
 10
-122.0683376368389
 20
-168.923621545605
 42
-0.09893308
 10
-121.9049066572673
 20
-166.5777399538843
 42
-0.05506388
 10
-120.5090977819811
 20
-162.7882331426356
 42
0.01563688
 10
-114.8657341600531
 20
-150.8807343847651
 42
0.01229864
 10
-111.0017624487596
 20
-141.1319035270911
 42
-0.01610492
 10
-105.6966894813291
 20
-127.9855069047465
 42
-0.00371525
  0
LWPOLYLINE
  5
EF
330
FFA
100
AcDbEntity
  8
0
100
AcDbPolyline
 90
       15
 70
     1
 43
0.0
 10
-84.37958148153342
 20
-139.3500764531848
 42
-0.08109829
 10
-73.14539822827066
 20
-155.7485229246987
 42
-0.007918
 10
-72.46887523935345
 20
-157.2725487322458
 42
-0.01939524
 10
-86.34904620753315
 20
-163.1112541366182
 42
0.00796414
 10
-95.84895137077205
 20
-166.7951812060192
 42
0.02097083
 10
-109.5365007201622
 20
-173.164194082866
 42
-0.0555663
 10
-113.5914481280341
 20
-174.7249465397563
 42
-0.09538548
 10
-115.9896729500785
 20
-174.9358252230744
 42
-0.19994411
 10
-117.1799946292901
 20
-174.3253800829338
 42
-0.22098172
 10
-117.3732157688853
 20
-172.965610736067
 42
-0.09859311
 10
-116.3211870754717
 20
-170.8592847461922
 42
-0.0549853
 10
-113.5807550336681
 20
-167.8933055613627
 42
0.01569708
 10
-103.8004745337409
 20
-159.0448147933071
 42
0.01232261
 10
-96.48744234859243
 20
-151.5027800604909
 42
-0.01614008
 10
-86.54058278486507
 20
-141.3709616082687
 42
-0.0037275
  0
LWPOLYLINE
  5
F0
330
FFA
100
AcDbEntity
  8
0
100
AcDbPolyline
 90
       16
 70
     1
 43
0.0
 10
-71.27604291676886
 20
-160.0869541534341
 42
0.01910889
 10
-85.23197790673833
 20
-165.8244348618097
 42
-0.00836597
 10
-94.53605600688092
 20
-169.9439622764451
 42
-0.02116081
 10
-108.7205485839206
 20
-175.1196027099818
 42
0.05554075
 10
-112.6947574833191
 20
-176.8833143195496
 42
0.09545639
 10
-114.5401222425892
 20
-178.429534036915
 42
0.20024328
 10
-114.9493460723866
 20
-179.7023324269352
 42
0.22082753
 10
-114.1230537622527
 20
-180.8000573017419
 42
0.09843017
 10
-111.8884048799746
 20
-181.5456196234141
 42
0.05491871
 10
-107.8530021383616
 20
-181.7061443190811
 42
-0.01564251
 10
-94.67915091913074
 20
-181.0508786387236
 42
-0.01219946
 10
-84.15604806121342
 20
-181.2122674555514
 42
0.01608815
 10
-69.8726515912951
 20
-181.3376441039964
 42
0.00369224
 10
-66.89163410626185
 20
-181.2372900091696
 42
0.04181599
 10
-68.4763010352811
 20
-168.8541514122709
 42
0.04377609
 10
-71.06449679255394
 20
-160.7061072252737
 42
-0.0183896
  0
LWPOLYLINE
  5
F1
330
FFA
100
AcDbEntity
  8
0
100
AcDbPolyline
 90
       15
 70
     1
 43
0.0
 10
-67.01653387406628
 20
-184.2442506890579
 42
-0.08093146
 10
-70.77969932992488
 20
-204.1030450895917
 42
-0.00616241
 10
-71.25672829081913
 20
-205.3478976020662
 42
-0.01946824
 10
-85.2050833506051
 20
-199.6594921596238
 42
0.00799335
 10
-94.5315624808436
 20
-195.5438993102744
 42
0.0210517
 10
-108.7201479033824
 20
-190.368638557248
 42
-0.05555143
 10
-112.6920899997351
 20
-188.6059629090717
 42
-0.09538067
 10
-114.5376684792928
 20
-187.0598294718226
 42
-0.19999675
 10
-114.9480410706331
 20
-185.7866991613564
 42
-0.22098989
 10
-114.1231938024409
 20
-184.6884312858199
 42
-0.09855937
 10
-111.8894912414342
 20
-183.9423372434335
 42
-0.05496008
 10
-107.8533933388868
 20
-183.7815966674765
 42
0.01562373
 10
-94.67870199852768
 20
-184.4374964286859
 42
0.01227098
 10
-84.17370344493354
 20
-184.2760051317204
 42
-0.01607603
 10
-69.9741574476696
 20
-184.1455875165028
 42
-0.003712
  0
LWPOLYLINE
  5
F2
330
FFA
100
AcDbEntity
  8
0
100
AcDbPolyline
 90
       18
 70
     1
 43
0.0
 10
-72.44496808723397
 20
-208.164334745984
 42
-0.09406957
 10
-83.40252036883981
 20
-225.0046772511904
 42
-0.00645218
 10
-84.60742314764109
 20
-226.2475030809421
 42
0.0584813
 10
-85.88158329949107
 20
-224.4508137470682
 42
0.02319349
 10
-89.88616447969503
 20
-220.2252114699198
 42
0.00666436
 10
-96.66433854625489
 20
-213.7480513277757
 42
-0.00476961
 10
-107.2086792727056
 20
-203.7813569373998
 42
-0.017605
 10
-113.7309684754813
 20
-197.1107295353301
 42
-0.04041873
 10
-116.5946633628904
 20
-193.4945760369833
 42
-0.08093442
 10
-117.278781762012
 20
-192.057134545763
 42
-0.24184911
 10
-117.1739097811149
 20
-191.1957807085236
 42
-0.20012657
 10
-116.2977556039912
 20
-190.8486866021985
 42
-0.07174326
 10
-114.3671547302056
 20
-191.0428768630955
 42
-0.03523279
 10
-109.3454356234639
 20
-192.588335419438
 42
-0.01581494
 10
-99.08852288317582
 20
-196.8356764457929
 42
-0.00113067
 10
-83.38616986687242
 20
-203.9360663052536
 42
0.01592477
 10
-75.48211252767476
 20
-207.26243453427
 42
0.03638937
 10
-72.75921394942736
 20
-208.1094447522386
  0
LWPOLYLINE
  5
F3
330
FFA
100
AcDbEntity
  8
0
100
AcDbPolyline
 90
       15
 70
     1
 43
0.0
 10
-86.50112769185653
 20
-228.2595838241974
 42
-0.0810982
 10
-102.8995690033635
 20
-239.4937479974344
 42
-0.00791806
 10
-104.4235975709142
 20
-240.1702690663487
 42
-0.0193941
 10
-110.262274655249
 20
-226.2900790181436
 42
0.00796372
 10
-113.9461737646123
 20
-216.7902235349712
 42
0.02096944
 10
-120.315147881407
 20
-203.1025936654728
 42
-0.05556128
 10
-121.8759051383034
 20
-199.0476713376349
 42
-0.09538114
 10
-122.0868351816906
 20
-196.6494966756579
 42
-0.19995212
 10
-121.4764556816384
 20
-195.4592281565178
 42
-0.22099003
 10
-120.1167585748684
 20
-195.2660572969904
 42
-0.09858781
 10
-118.0104924650742
 20
-196.3181173104459
 42
-0.05498021
 10
-115.0445356002747
 20
-199.058538312235
 42
0.01569603
 10
-106.1959305920654
 20
-208.8387894121221
 42
0.01232187
 10
-98.6538884192392
 20
-216.1517740772065
 42
-0.01613913
 10
-88.52203768697393
 20
-226.0985851608691
 42
-0.00372723
  0
LWPOLYLINE
  5
F4
330
FFA
100
AcDbEntity
  8
0
100
AcDbPolyline
 90
       18
 70
     1
 43
0.0
 10
-107.2380053921057
 20
-241.3631052289389
 42
-0.09502882
 10
-125.5237972392914
 20
-245.4910063748247
 42
-0.01216923
 10
-128.6325347359185
 20
-245.5392213596021
 42
0.05853831
 10
-128.2643736412893
 20
-243.3711686067968
 42
0.02312544
 10
-128.1089947925358
 20
-237.5511683475549
 42
0.00662022
 10
-128.321395557899
 20
-228.1721315467041
 42
-0.00480309
 10
-128.727097982965
 20
-213.6572866858322
 42
-0.01764433
 10
-128.6190185177591
 20
-204.3238734662772
 42
-0.04055437
 10
-128.0843304393988
 20
-199.7436295526633
 42
-0.08145397
 10
-127.5501030416577
 20
-198.2470297819632
 42
-0.2434972
 10
-126.865476801854
 20
-197.7175573906106
 42
-0.19861791
 10
-126.0002487594097
 20
-198.0974636210194
 42
-0.07123691
 10
-124.7723996697795
 20
-199.6051622066309
 42
-0.0350716
 10
-122.3148192879901
 20
-204.2542767327731
 42
-0.0157593
 10
-118.0668767008274
 20
-214.5126220349857
 42
-0.00110192
 10
-111.986139491282
 20
-230.6345826150373
 42
0.01593687
 10
-108.7489897021316
 20
-238.5756561639669
 42
0.03634755
 10
-107.4216172787906
 20
-241.1016434776617
  0
LWPOLYLINE
  5
F5
330
FFA
100
AcDbEntity
  8
0
100
AcDbPolyline
 90
        5
 70
     1
 43
0.0
 10
-127.2575631686269
 20
-184.1733163137566
 42
0.4053514500000001
 10
-128.3967609391531
 20
-180.1320142442179
 42
0.38711362
 10
-132.3887047823786
 20
-181.0581068484347
 42
0.32243339
 10
-132.271744465241
 20
-184.5709879680335
 42
0.32243339
 10
-128.9035607400449
 20
-185.5756531978134
 42
0.18167045
  0
LWPOLYLINE
  5
F6
330
FFA
100
AcDbEntity
  8
0
100
AcDbPolyline
 90
       12
 70
     1
 43
0.0
 10
49.89484599780524
 20
-193.6557456135166
 42
-0.08564194
 10
36.84557402594857
 20
-202.355167741297
 42
-0.02407081
 10
32.81682961328085
 20
-192.8172369269698
 42
0.01172885
 10
29.95045152226675
 20
-185.3930795525237
 42
0.02270382
 10
25.69101819966585
 20
-176.6105924731445
 42
-0.08166918
 10
24.73728859831857
 20
-173.7101126163144
 42
-0.14743659
 10
24.94421651632905
 20
-171.8479561144844
 42
-0.33705623
 10
26.63830523235771
 20
-171.0217232044304
 42
-0.11476953
 10
28.38451769841567
 20
-171.7601842765619
 42
-0.073791
 10
30.74535731023235
 20
-174.0088347776513
 42
0.03703877
 10
40.42973092130745
 20
-184.3040641694181
 42
-0.01058028
 10
46.34025198216471
 20
-189.9070453370921
 42
-0.01273714
  0
LWPOLYLINE
  5
F7
330
FFA
100
AcDbEntity
  8
0
100
AcDbPolyline
 90
        5
 70
     1
 43
0.0
 10
74.1043962436326
 20
-158.7441077093034
 42
0.24328187
 10
50.05771105661648
 20
-112.2479036010835
 42
0.40407237
 10
-28.16829584098229
 20
-124.1320888476321
 42
0.4076084200000001
 10
-18.58862621057898
 20
-203.1686026341568
 42
0.41288541
 10
61.31291257811773
 20
-194.7043769823656
 42
0.17294127
  0
LWPOLYLINE
  5
F8
330
FFA
100
AcDbEntity
  8
0
100
AcDbPolyline
 90
       16
 70
     1
 43
0.0
 10
-17.80710080058992
 20
-191.5344281235005
 42
-0.09621381
 10
-26.13175846486922
 20
-179.1818166076159
 10
-26.53008796002985
 20
-178.2317420911789
 42
0.0701952
 10
-24.54125940801441
 20
-177.80623867951
 42
0.02596849
 10
-19.99781654384327
 20
-176.0052930599175
 42
0.00588043
 10
-11.33066665942112
 20
-172.0077737692014
 42
-0.01602014
 10
-2.654269322574862
 20
-168.2094512661085
 42
-0.0363864
 10
1.506932828051105
 20
-166.855260846737
 42
-0.07688989
 10
3.546185087811352
 20
-166.6360032721619
 42
-0.1932583
 10
4.477035938421124
 20
-167.0151364615318
 42
-0.24704508
 10
4.667237273958505
 20
-168.0201375717632
 42
-0.0915325
 10
3.845454449883789
 20
-169.7348227554636
 42
-0.04128208
 10
1.191789244651715
 20
-172.9565306838679
 42
-0.0179695
 10
-4.948971565535487
 20
-178.9321470321817
 42
0.00302305
 10
-13.03071842346151
 20
-186.3313477330983
 42
0.02395383
 10
-16.66624642783819
 20
-189.9926583721139
 42
0.05524128
  0
LWPOLYLINE
  5
F9
330
FFA
100
AcDbEntity
  8
0
100
AcDbPolyline
 90
       12
 70
     1
 43
0.0
 10
-2.592183999162728
 20
-202.3765224899872
 42
-0.08176364
 10
-15.64896486110803
 20
-193.6886296176968
 42
-0.02413681
 10
-8.373673086664098
 20
-186.3110549858348
 42
0.01175629
 10
-2.606236738042355
 20
-180.8174222850721
 42
0.02277452
 10
3.88072033726388
 20
-173.5157046751251
 42
-0.08166468
 10
6.195020286554438
 20
-171.5239184791359
 42
-0.1473687
 10
7.994888184698481
 20
-171.0016698574886
 42
-0.33704644
 10
9.407573642658974
 20
-172.2496434541561
 42
-0.11483322
 10
9.394420904987839
 20
-174.1452234808912
 42
-0.07381805
 10
8.221268008842628
 20
-177.1870823676659
 42
0.03695477
 10
2.421410376662834
 20
-190.0637585876381
 42
-0.01055814
 10
-0.4910188562212739
 20
-197.6614629552471
 42
-0.01270746
  0
LWPOLYLINE
  5
FA
330
FFA
100
AcDbEntity
  8
0
100
AcDbPolyline
 90
       12
 70
     1
 43
0.0
 10
15.60454072835995
 20
-206.6227278348161
 42
-0.08282165
 10
0.2174698956419547
 20
-203.5616284821919
 42
-0.02419535
 10
4.112821529094333
 20
-193.9682469133659
 42
0.01178196
 10
7.337865221980393
 20
-186.689051773678
 42
0.02284198
 10
10.53268891426529
 20
-177.4678009048147
 42
-0.08177176
 10
11.90869812295028
 20
-174.7420198026943
 42
-0.14725981
 10
13.37340197079749
 20
-173.5698315878451
 42
-0.33666979
 10
15.15947693041124
 20
-174.180649928487
 42
-0.11504541
 10
15.87455681112993
 20
-175.9365494075595
 42
-0.07397058
 10
15.95552391991003
 20
-179.1966582275558
 42
0.03696251
 10
15.52460970097166
 20
-193.3207066033876
 42
-0.01056198
 10
15.74154143242202
 20
-201.459635938139
 42
-0.01271158
  0
LWPOLYLINE
  5
FB
330
FFA
100
AcDbEntity
  8
0
100
AcDbPolyline
 90
       12
 70
     1
 43
0.0
 10
34.03824921427321
 20
-203.5453619803377
 42
-0.08891186
 10
18.65362878484694
 20
-206.6199701111111
 42
-0.02398419
 10
18.58163216811846
 20
-196.2497602986074
 42
0.01168892
 10
18.77416198678503
 20
-188.2829608751145
 42
0.0226105
 10
18.20110193687156
 20
-178.5221987614112
 42
-0.081424
 10
18.42959832385946
 20
-175.474800427194
 42
-0.14731943
 10
19.33161613573139
 20
-173.8326210209059
 42
-0.33784415
 10
21.20983537914191
 20
-173.7183916674374
 42
-0.11462827
 10
22.53914904509151
 20
-175.0704414039328
 42
-0.07357167
 10
23.85985413947464
 20
-178.0538165321337
 42
0.03700039
 10
28.87015739087832
 20
-191.2782836993675
 42
-0.01057242
 10
32.18743500768159
 20
-198.7187334957028
 42
-0.01272148
  0
LWPOLYLINE
  5
FC
330
FFA
100
AcDbEntity
  8
0
100
AcDbPolyline
 90
       12
 70
     1
 43
0.0
 10
60.73695176430698
 20
-178.4408288120895
 42
-0.08175732
 10
52.04905181200746
 20
-191.4976217940509
 42
-0.02412085
 10
44.66740389467299
 20
-184.2182222940885
 42
0.0117539
 10
39.17253387224781
 20
-178.4494887437243
 42
0.02274659
 10
31.86515261469111
 20
-171.9567464606456
 42
-0.08164521
 10
29.87290441808131
 20
-169.6423271111947
 42
-0.14776691
 10
29.35223091855022
 20
-167.8448707362901
 42
-0.33721127
 10
30.60349119963365
 20
-166.4369130446816
 42
-0.11442944
 10
32.50058862840723
 20
-166.4523695454477
 42
-0.07364032
 10
35.54225119491849
 20
-167.6257415618873
 42
0.0368915
 10
48.42128673806013
 20
-173.4258689544296
 42
-0.0118709
 10
56.41938556360429
 20
-176.5060136526416
 42
-0.01161171
  0
LWPOLYLINE
  5
FD
330
FFA
100
AcDbEntity
  8
0
100
AcDbPolyline
 90
       12
 70
     1
 43
0.0
 10
64.98315710913613
 20
-160.244104084567
 42
-0.08281893
 10
61.92208163654396
 20
-175.6311834372967
 42
-0.02419613
 10
52.32833442722693
 20
-171.7356827636439
 42
0.0117826
 10
45.04901556737292
 20
-168.510566950661
 42
0.02284197
 10
35.82726117783278
 20
-165.3155721381462
 42
-0.08177781
 10
33.10151643576109
 20
-163.9395869294934
 42
-0.14730309
 10
31.92961610129845
 20
-162.4749991218016
 42
-0.33666007
 10
32.54093172260861
 20
-160.68912648246
 42
-0.11500967
 10
34.29702728194451
 20
-159.974137801864
 42
-0.07396017
 10
37.5570450218184
 20
-159.8931684130805
 42
0.03695702
 10
51.6810211575534
 20
-160.3240187919333
 42
-0.01055947
 10
59.82015365257786
 20
-160.1071287005388
 42
-0.0127097
  0
LWPOLYLINE
  5
FE
330
FFA
100
AcDbEntity
  8
0
100
AcDbPolyline
 90
       15
 70
     1
 43
0.0
 10
61.90577985464216
 20
-141.8104071186692
 42
0.02363512
 10
52.30462971537924
 20
-145.749480090862
 42
-0.01228061
 10
45.03898307389426
 20
-148.980549951844
 42
-0.02289786
 10
35.81024527497158
 20
-152.1795112496877
 42
0.08185874
 10
33.08397925219987
 20
-153.5559356589307
 42
0.14813778
 10
31.91733660480094
 20
-155.0185962640333
 42
0.33652594
 10
32.53847243930471
 20
-156.8004112179235
 42
0.122722
 10
34.51992098140505
 20
-157.5535309097489
 42
0.06615732
 10
37.55620946069581
 20
-157.5940480041841
 42
-0.0368827
 10
51.68573608388811
 20
-157.1647684274417
 42
0.01192163
 10
60.29656725264527
 20
-157.378032713965
 42
0.01156537
 10
65.05856641044937
 20
-157.2404872091708
 42
0.05339355
 10
63.49518451002683
 20
-146.5186073241939
 42
0.02216206
 10
62.58246472377646
 20
-143.629425002542
 42
0.0465008
 10
62.08240425193896
 20
-142.3686659886968
 42
-0.05529991
  0
LWPOLYLINE
  5
FF
330
FFA
100
AcDbEntity
  8
0
100
AcDbPolyline
 90
       16
 70
     1
 43
0.0
 10
52.01618628785212
 20
-125.9537815350984
 42
-0.0962225
 10
60.34084599213412
 20
-138.3063872909755
 10
60.73915076726149
 20
-139.256477167433
 42
0.07019486
 10
58.75030877522823
 20
-139.6819786590994
 42
0.0259691
 10
54.20687959107539
 20
-141.4829144386786
 42
0.00588091
 10
45.53978802673163
 20
-145.4804183693742
 42
-0.01601962
 10
36.86344288995571
 20
-149.2787466324748
 42
-0.03638532
 10
32.70224517933497
 20
-150.6329610518784
 42
-0.07688624
 10
30.66297515955108
 20
-150.8522488664945
 42
-0.1932479
 10
29.73209442890123
 20
-150.4731485571684
 42
-0.247055
 10
29.54184689330162
 20
-149.4681720469704
 42
-0.09153684
 10
30.36359431732916
 20
-147.7534961032822
 42
-0.04128323
 10
33.01723792253182
 20
-144.5317778548642
 42
-0.01796994
 10
39.15800965273428
 20
-138.5561145864873
 42
0.00302256
 10
47.23979647071376
 20
-131.1568550854917
 42
0.02395324
 10
50.8753371951073
 20
-127.4955365264652
 42
0.05524155
  0
LWPOLYLINE
  5
100
330
FFA
100
AcDbEntity
  8
0
100
AcDbPolyline
 90
       12
 70
     1
 43
0.0
 10
36.80125808640975
 20
-115.1116958086234
 42
-0.08176185
 10
49.85803882835461
 20
-123.7995858009102
 42
-0.02413682
 10
42.58274321390598
 20
-131.1771645127775
 42
0.01175628
 10
36.81530446528092
 20
-136.6707993735433
 42
0.02277451
 10
30.3283441499704
 20
-143.9725207034953
 42
-0.08166472
 10
28.01404324067852
 20
-145.9643077394855
 42
-0.14736871
 10
26.21417498253351
 20
-146.486556481133
 42
-0.33704658
 10
24.80148964457345
 20
-145.2385822844645
 42
-0.11483335
 10
24.81464274224487
 20
-143.3430020177292
 42
-0.07381804
 10
25.98779647839109
 20
-140.3011430109543
 42
0.03695477
 10
31.78765915057756
 20
-127.4244631909773
 42
-0.01055812
 10
34.70009150346647
 20
-119.8267560633646
 42
-0.01270745
  0
LWPOLYLINE
  5
101
330
FFA
100
AcDbEntity
  8
0
100
AcDbPolyline
 90
       16
 70
     1
 43
0.0
 10
18.60453335888673
 20
-110.865484823787
 42
-0.09376296
 10
33.23242281163533
 20
-113.7058433998435
 10
34.18852133616537
 20
-114.0902599563117
 42
0.07030699
 10
33.07922352581028
 20
-115.7999813333434
 42
0.02613514
 10
31.13878263880446
 20
-120.286457480979
 42
0.00597575
 10
27.8411102883411
 20
-129.2383865880055
 42
-0.01599886
 10
24.39789238233567
 20
-138.0566932355087
 42
-0.03636457
 10
22.41510799844065
 20
-141.9578762767959
 42
-0.07668049
 10
21.12799850919299
 20
-143.5579051464542
 42
-0.19213195
 10
20.20023766273499
 20
-143.9520414759812
 42
-0.24760126
 10
19.3514581623894
 20
-143.3805662681972
 42
-0.09211945
 10
18.71642030920844
 20
-141.5903815430621
 42
-0.04100881
 10
18.3108490443181
 20
-137.4377908440056
 42
-0.01806676
 10
18.42410927648467
 20
-128.8690624518141
 42
0.00296216
 10
18.90548032321254
 20
-117.9194849009225
 42
0.0239215
 10
18.88758553917051
 20
-112.7603159295157
 42
0.05532061
  0
LWPOLYLINE
  5
102
330
FFA
100
AcDbEntity
  8
0
100
AcDbPolyline
 90
        4
 70
     1
 43
0.0
 10
20.10452961415007
 20
-158.7441077093034
 42
0.4136940100000001
 10
17.10096721882729
 20
-155.7458694811337
 42
0.4136940100000001
 10
14.09740482350452
 20
-158.7441077093034
 42
0.41369405
 10
17.10096721882729
 20
-161.7423462974737
 42
0.41369405
  0
LWPOLYLINE
  5
103
330
FFA
100
AcDbEntity
  8
0
100
AcDbPolyline
 90
       16
 70
     1
 43
0.0
 10
0.170836392989429
 20
-113.9428621982811
 42
-0.09956464
 10
14.76783180423121
 20
-110.9477782943494
 10
15.79837710878161
 20
-110.9434820485772
 42
0.07030713
 10
15.43095329514318
 20
-112.9434060554996
 42
0.02589491
 10
15.35636035492672
 20
-117.838707512397
 42
0.0058375
 10
15.73217073983261
 20
-127.3987322764075
 42
-0.01600978
 10
15.91950131151321
 20
-136.8895685474623
 42
-0.03641142
 10
15.57694525128528
 20
-141.2579293764085
 42
-0.07723979
 10
14.9981613136818
 20
-143.2242444581768
 42
-0.1935024
 10
14.29087256343047
 20
-143.9336490512707
 42
-0.24604132
 10
13.29082049984828
 20
-143.7161372390409
 42
-0.09061758
 10
12.02237511567665
 20
-142.2933951675695
 42
-0.04095913
 10
10.06227184225389
 20
-138.6026099689543
 42
-0.01785586
 10
6.891552822354299
 20
-130.6399725110534
 42
0.00303223
 10
3.148139033031782
 20
-120.3447205592564
 42
0.02388479
 10
1.157554158656864
 20
-115.5866978467945
 42
0.05506268
  0
LWPOLYLINE
  5
104
330
FFA
100
AcDbEntity
  8
0
100
AcDbPolyline
 90
       16
 70
     1
 43
0.0
 10
-15.68578343057385
 20
-123.8324699250904
 42
-0.09623027
 10
-3.332833394234
 20
-115.5079151009489
 10
-2.382698997716886
 20
-115.109720125969
 42
0.07041023
 10
-1.958218227421582
 20
-117.0978971971092
 42
0.02601681
 10
-0.1570612875455595
 20
-121.6422883025543
 42
0.00589471
 10
3.842682446159585
 20
-130.3127379514098
 42
-0.01602739
 10
7.642859191743411
 20
-138.9914109713133
 42
-0.03644804
 10
8.996736410693927
 20
-143.1519322410245
 42
-0.07715489
 10
9.214671583492474
 20
-145.1892103781327
 42
-0.19254144
 10
8.83366771160928
 20
-146.1174017851693
 42
-0.24615965
 10
7.826442038389302
 20
-146.3042912362574
 42
-0.09118381
 10
6.11013853251444
 20
-145.4801823290571
 42
-0.04120502
 10
2.887520642887693
 20
-142.8254388023767
 42
-0.01795916
 10
-3.08729602435136
 20
-136.6863563144443
 42
0.00301166
 10
-10.48401236193058
 20
-128.6083525015472
 42
0.02391783
 10
-14.14417531940444
 20
-124.9738617785643
 42
0.05511743
  0
LWPOLYLINE
  5
105
330
FFA
100
AcDbEntity
  8
0
100
AcDbPolyline
 90
       16
 70
     1
 43
0.0
 10
-26.52787767706025
 20
-139.0473867265174
 42
-0.09293314
 10
-18.33050934379577
 20
-126.6104623773572
 10
-17.61403326120109
 20
-125.8716404647409
 42
0.0703645
 10
-16.4591350295812
 20
-127.5491317184709
 42
0.02604261
 10
-13.05231929248236
 20
-131.0625747988249
 42
0.00592666
 10
-6.032339261053095
 20
-137.5478110718193
 42
-0.01598531
 10
0.8066088871573242
 20
-144.1156757358257
 42
-0.03638268
 10
3.653261351669868
 20
-147.4430507661951
 42
-0.07702857
 10
4.636396752524149
 20
-149.2425932239023
 42
-0.19245314
 10
4.640968398666416
 20
-150.2462473323238
 42
-0.24659674
 10
3.783512286663324
 20
-150.8039479616014
 42
-0.09116419
 10
1.883735014289527
 20
-150.6993098610188
 42
-0.04116376
 10
-2.108581069435842
 20
-149.4806057436751
 42
-0.01794527
 10
-9.977356201231941
 20
-146.097508158442
 42
0.00297541
 10
-19.90060009323162
 20
-141.4679763386092
 42
0.02384187
 10
-24.66988530082483
 20
-139.5118883905811
 42
0.05506238
  0
LWPOLYLINE
  5
106
330
FFA
100
AcDbEntity
  8
0
100
AcDbPolyline
 90
       16
 70
     1
 43
0.0
 10
-30.7740830218894
 20
-157.2441114540402
 42
-0.0937649
 10
-27.93372000582656
 20
-142.6162190012874
 10
-27.54929156934236
 20
-141.6601279167673
 42
0.07031485
 10
-25.8395813523257
 20
-142.7694563271636
 42
0.02613685
 10
-21.35297476451496
 20
-144.7099630942582
 42
0.0059768
 10
-12.40070389702907
 20
-148.0077343248542
 42
-0.01599769
 10
-3.58212724916342
 20
-151.4509869109063
 42
-0.03636528
 10
0.3190661121375911
 20
-153.4337297747455
 42
-0.07669135
 10
1.918990341655444
 20
-154.7207703839006
 42
-0.1921873
 10
2.312961190960095
 20
-155.6484489102479
 42
-0.24756104
 10
1.741270342886537
 20
-156.4971362504698
 42
-0.09209527
 10
-0.0490819024736879
 20
-157.1321177035751
 42
-0.04100188
 10
-4.201790801689242
 20
-157.5376793684521
 42
-0.01806514
 10
-12.77051967388149
 20
-157.4244990563932
 42
0.00296064
 10
-23.72000506464917
 20
-156.9432372098118
 42
0.02391619
 10
-28.8791843560698
 20
-156.9611209538388
 42
0.05530581
  0
LWPOLYLINE
  5
107
330
FFA
100
AcDbEntity
  8
0
100
AcDbPolyline
 90
       16
 70
     1
 43
0.0
 10
-27.69670564739499
 20
-175.6778084199379
 42
-0.09953411
 10
-30.69207767171406
 20
-161.0814598095646
 10
-30.69670667793321
 20
-160.0506427046492
 42
0.06990757
 10
-28.69395246720853
 20
-160.4174967575222
 42
0.0258699
 10
-23.80367529706098
 20
-160.491802537353
 42
0.00582876
 10
-14.26147907700374
 20
-160.1164847531088
 42
-0.01605757
 10
-4.786885547770964
 20
-159.9303424230243
 42
-0.03640651
 10
-0.4209612020981126
 20
-160.2737714844255
 42
-0.07682853
 10
1.549374005071342
 20
-160.8531740228599
 42
-0.19274081
 10
2.266266728225446
 20
-161.560927293735
 42
-0.24751926
 10
2.059122089924358
 20
-162.5617420783421
 42
-0.09169403
 10
0.6450233900654326
 20
-163.830373702764
 42
-0.04131026
 10
-3.03853659884254
 20
-165.7896607350902
 42
-0.01796159
 10
-10.99821401276665
 20
-168.9578691116169
 42
0.00306042
 10
-21.29579696769571
 20
-172.6987865375854
 42
0.02403772
 10
-26.05427904077499
 20
-174.6897108924167
 42
0.05545345
  0
LWPOLYLINE
  5
108
330
FFA
100
AcDbEntity
  8
0
100
AcDbPolyline
 90
        5
 70
     1
 43
0.0
 10
206.1040699468114
 20
-158.7441077093034
 42
0.24328187
 10
182.0573849997958
 20
-112.2479036010835
 42
0.40407236
 10
103.8313818222021
 20
-124.1320863276286
 42
0.40760852
 10
113.4110527726071
 20
-203.1686073141629
 42
0.41288538
 10
193.3125865212971
 20
-194.7043768623655
 42
0.17294128
  0
LWPOLYLINE
  5
109
330
FFA
100
AcDbEntity
  8
0
100
AcDbPolyline
 90
       12
 70
     1
 43
0.0
 10
114.1925616225738
 20
-191.5344281235005
 42
-0.08563678
 10
105.4931330147852
 20
-178.485088471553
 42
-0.02404275
 10
115.0287809460447
 20
-174.4573818202798
 42
0.0117089
 10
122.4542400822401
 20
-171.590072888015
 42
0.02269509
 10
131.2314880745805
 20
-167.3336312894335
 42
-0.08640594
 10
134.2323411062632
 20
-166.3676249515922
 42
-0.15142692
 10
136.0554656356533
 20
-166.6146763635088
 42
-0.32577133
 10
136.8295822356885
 20
-168.2740455528916
 42
-0.11524822
 10
136.094162207643
 20
-170.0182585762632
 42
-0.07388946
 10
133.8454885465222
 20
-172.3792984683494
 42
0.03705665
 10
123.5463496695028
 20
-182.0670556039697
 42
-0.01059342
 10
117.9430547014076
 20
-187.9782529857357
 42
-0.01274321
  0
LWPOLYLINE
  5
10A
330
FFA
100
AcDbEntity
  8
0
100
AcDbPolyline
 90
       16
 70
     1
 43
0.0
 10
104.3029681757839
 20
-175.6778084199379
 42
-0.09953374
 10
101.3075955514643
 20
-161.0814587295631
 10
101.3029682252472
 20
-160.0506404246462
 42
0.0699077
 10
103.3057196759683
 20
-160.4174950775199
 42
0.02586993
 10
108.1959934861112
 20
-160.4918015773515
 42
0.00582876
 10
117.7381873061654
 20
-160.1164846331085
 42
-0.01605755
 10
127.2127813153983
 20
-159.9303427830247
 42
-0.03640649
 10
131.5787071010737
 20
-160.2737720844263
 42
-0.07682845
 10
133.5490439882451
 20
-160.8531746228607
 42
-0.19274019
 10
134.265938511402
 20
-161.5609277737357
 42
-0.24751941
 10
134.058795673103
 20
-162.5617425583425
 42
-0.09169409
 10
132.6446980532453
 20
-163.830374302765
 42
-0.04131023
 10
128.9611383043375
 20
-165.7896610950907
 42
-0.01796161
 10
121.0014595704118
 20
-168.9578693516173
 42
0.00306045
 10
110.7038749354806
 20
-172.6987866575857
 42
0.02403777
 10
105.9453933424025
 20
-174.6897108924167
 42
0.05545363
  0
LWPOLYLINE
  5
10B
330
FFA
100
AcDbEntity
  8
0
100
AcDbPolyline
 90
       16
 70
     1
 43
0.0
 10
129.4074898240161
 20
-202.3765224899872
 42
-0.09292899
 10
116.970659194982
 20
-194.1792929969091
 10
116.2316940021735
 20
-193.462793394283
 42
0.07028382
 10
117.9095595364063
 20
-192.3074976021289
 42
0.02604974
 10
121.4214525746774
 20
-188.9021451469962
 42
0.00592713
 10
127.9021268015426
 20
-181.8866891216451
 42
-0.01600821
 10
134.4660836602992
 20
-175.0520216191856
 42
-0.03639854
 10
137.7930048500586
 20
-172.2063945560508
 42
-0.07692928
 10
139.5936678692716
 20
-171.2227503545128
 42
-0.19329699
 10
140.5992801403239
 20
-171.2168475465823
 42
-0.24697501
 10
141.1597268532909
 20
-172.0723898960139
 42
-0.09152526
 10
141.057286435661
 20
-173.9703714859754
 42
-0.04129164
 10
139.8402268005267
 20
-177.9607633671158
 42
-0.01798705
 10
136.4574116956731
 20
-185.8277082564527
 42
0.00298592
 10
131.8270069946675
 20
-195.7498839070172
 42
0.02390338
 10
129.8711385269339
 20
-200.5187788740859
 42
0.05521931
  0
LWPOLYLINE
  5
10C
330
FFA
100
AcDbEntity
  8
0
100
AcDbPolyline
 90
       16
 70
     1
 43
0.0
 10
132.1705216161838
 20
-113.9428621982811
 42
-0.09956484
 10
146.7675059874111
 20
-110.9477776943484
 10
147.7980502119596
 20
-110.9434816885767
 42
0.07030708
 10
147.4306277183229
 20
-112.9434042554971
 42
0.02589477
 10
147.3560356181078
 20
-117.838707392397
 42
0.00583744
 10
147.7318445630118
 20
-127.3987382764157
 42
-0.01600982
 10
147.9191714146874
 20
-136.8895792274766
 42
-0.03641149
 10
147.5766125944553
 20
-141.2579392164216
 42
-0.07724013
 10
146.9978264968494
 20
-143.2242509381857
 42
-0.19350355
 10
146.2905361865962
 20
-143.933650731273
 42
-0.24604034
 10
145.2904843630141
 20
-143.7161329190351
 42
-0.09061708
 10
144.022040778845
 20
-142.2933866475581
 42
-0.04095902
 10
142.0619411054271
 20
-138.6025997689407
 42
-0.01785581
 10
138.891228925536
 20
-130.6399657910443
 42
0.00303229
 10
135.1478224562237
 20
-120.3447207992566
 42
0.0238849
 10
133.1572396218515
 20
-115.5866995267966
 42
0.0550627
  0
LWPOLYLINE
  5
10D
330
FFA
100
AcDbEntity
  8
0
100
AcDbPolyline
 90
       16
 70
     1
 43
0.0
 10
116.3139019126206
 20
-123.8324699250904
 42
-0.09623081
 10
128.6668511089592
 20
-115.5079133009465
 10
129.6169869454781
 20
-115.1097200059689
 42
0.07041006
 10
130.0414674757729
 20
-117.097900677114
 42
0.02601697
 10
131.8426217756464
 20
-121.6422907025576
 42
0.00589477
 10
135.8423598693434
 20
-130.3127317114014
 42
-0.01602737
 10
139.6425330149226
 20
-138.9913966912942
 42
-0.03644797
 10
140.996410833874
 20
-143.1519174810048
 42
-0.07715449
 10
141.2143484066761
 20
-145.1891988581172
 42
-0.19253972
 10
140.833347894797
 20
-146.1173954251606
 42
-0.24616083
 10
139.8261243815797
 20
-146.3042929162598
 42
-0.09118467
 10
138.109821835706
 20
-145.4801900090673
 42
-0.04120533
 10
134.8872038260794
 20
-142.8254498423914
 42
-0.01795926
 10
128.9123853588373
 20
-136.6863648344556
 42
0.00301161
 10
121.5156679412572
 20
-128.6083534615483
 42
0.02391785
 10
117.8555070237859
 20
-124.9738605785627
 42
0.05511759
  0
LWPOLYLINE
  5
10E
330
FFA
100
AcDbEntity
  8
0
100
AcDbPolyline
 90
       16
 70
     1
 43
0.0
 10
105.471796146119
 20
-139.0473867265174
 42
-0.09293299
 10
113.6691627993814
 20
-126.6104606973551
 10
114.3856406819779
 20
-125.8716402247407
 42
0.07036448
 10
115.5405381935969
 20
-127.5491299184684
 42
0.02604259
 10
118.947351890693
 20
-131.0625726388219
 42
0.00592664
 10
125.9673279621168
 20
-137.5478108318189
 42
-0.01598528
 10
132.8062731103235
 20
-144.1156782558292
 42
-0.03638264
 10
135.6529252148354
 20
-147.4430543662
 42
-0.07702841
 10
136.636061335691
 20
-149.2425967039071
 42
-0.19245314
 10
136.6406341818346
 20
-150.2462503323279
 42
-0.24659744
 10
135.7831802298345
 20
-150.8039495216037
 42
-0.09116415
 10
133.883404637463
 20
-150.6993101010193
 42
-0.04116368
 10
129.8910898737387
 20
-149.4806049036739
 42
-0.01794521
 10
122.0223151019436
 20
-146.0975068384401
 42
0.00297543
 10
112.099071329944
 20
-141.467975498608
 42
0.02384185
 10
107.3297872023527
 20
-139.5118881505807
 42
0.05506238
  0
LWPOLYLINE
  5
10F
330
FFA
100
AcDbEntity
  8
0
100
AcDbPolyline
 90
       16
 70
     1
 43
0.0
 10
101.2255908012898
 20
-157.2441114540402
 42
-0.09376457
 10
104.0659566973564
 20
-142.6162191212875
 10
104.4503827338373
 20
-141.6601277967671
 42
0.07031496
 10
106.1600901908501
 20
-142.7694558471628
 42
0.02613693
 10
110.6466934186564
 20
-144.709962254257
 42
0.00597682
 10
119.5989612861381
 20
-148.0077331248526
 42
-0.01599766
 10
128.4175378140037
 20
-151.4509852309041
 42
-0.03636522
 10
132.3187324953068
 20
-153.4337276147428
 42
-0.07669119
 10
133.9186582848265
 20
-154.720767743897
 42
-0.19218697
 10
134.3126310541337
 20
-155.6484459102439
 42
-0.24756154
 10
133.7409420060626
 20
-156.4971336104662
 42
-0.09209552
 10
131.9505907207039
 20
-157.1321156635725
 42
-0.04100197
 10
127.7978819414884
 20
-157.5376781684506
 42
-0.01806515
 10
119.2291516292943
 20
-157.4244989363928
 42
0.00296061
 10
108.279664918525
 20
-156.9432376898125
 42
0.02391619
 10
103.1204871871065
 20
-156.9611213138394
 42
0.05530589
  0
LWPOLYLINE
  5
110
330
FFA
100
AcDbEntity
  8
0
100
AcDbPolyline
 90
      106
 70
     1
 43
0.0
 10
32.10450001625719
 20
30.25542525388483
 10
32.10450001625719
 20
60.2553510791526
 10
30.16516898252229
 20
60.2553510791526
 42
-1.0
 10
29.10450738573042
 20
61.31601267594447
 10
29.10450738573042
 20
71.19465976446821
 42
-1.0
 10
30.16516898252229
 20
72.25532136125974
 10
32.10450001625719
 20
72.25532136125974
 10
32.10450001625719
 20
120.2552028496887
 10
-153.8950403164037
 20
120.2552028496887
 10
-153.8950403164037
 20
72.25532136125974
 10
-151.9557094026689
 20
72.25532136125974
 42
-1.0
 10
-150.8950478058773
 20
71.19465976446821
 10
-150.8950478058773
 20
61.31601267594447
 42
-1.0
 10
-151.9557094026689
 20
60.2553510791526
 10
-153.8950403164037
 20
60.2553510791526
 10
-153.8950403164037
 20
30.25542525388483
 10
-152.8531613566265
 20
24.34661491532557
 10
-150.9427122393588
 20
24.68362807256904
 42
-1.0
 10
-149.7139031108859
 20
23.82327525340969
 10
-149.0403851511713
 20
20.00354406070801
 42
-1.0
 10
-149.9006665620617
 20
18.77483024307042
 10
-151.8112594768186
 20
18.43778165673569
 10
-150.7693691170263
 20
12.52893135812297
 10
-148.2330212294121
 20
7.091484772846911
 10
-146.4753629215291
 20
7.911070626910827
 42
-1.0
 10
-145.0658330883033
 20
7.398035526468788
 10
-143.4266390104635
 20
3.882779769721423
 42
-1.0
 10
-143.9396832861243
 20
2.473231780489697
 10
-145.6966620617822
 20
1.653969667478804
 10
-143.1594445329992
 20
-3.785359480326746
 10
-139.302772191513
 20
-8.381581415407197
 10
-137.8169800176665
 20
-7.135195515897123
 42
-1.0
 10
-136.3227957467658
 20
-7.26602123012168
 10
-133.8296318403372
 20
-10.23725747718043
 42
-1.0
 10
-133.9604676828271
 20
-11.73163733588711
 10
-135.446031209934
 20
-12.97785495055683
 10
-131.589301748371
 20
-17.57412848570669
 10
-126.9929996531826
 20
-21.43087510729299
 10
-125.7461753326198
 20
-19.94537815870092
 42
-1.0
 10
-124.2519739183766
 20
-19.814754975813
 10
-121.2807482114308
 20
-22.30791003803387
 42
-1.0
 10
-121.1501097839899
 20
-23.80231750756539
 10
-122.3967432780558
 20
-25.28757600881801
 10
-117.8004525828833
 20
-29.14431123038915
 10
-112.1615276469184
 20
-31.19659526765773
 10
-111.4981338760101
 20
-29.37398054418745
 42
-1.0
 10
-110.1386736073471
 20
-28.74006001462729
 10
-106.4939038835529
 20
-30.06664613101938
 42
-1.0
 10
-105.8599726955077
 20
-31.4261027325326
 10
-106.523300751891
 20
-33.24862166458042
 10
-100.8850738568642
 20
-35.30065382151071
 10
-94.90789102644601
 20
-35.8235530840322
 10
-94.73891791631514
 20
-33.89154291050096
 42
-1.0
 10
-93.58984697358506
 20
-32.92732987985011
 10
-89.72593051450235
 20
-33.2653790666302
 42
-1.0
 10
-88.76174408790097
 20
-34.41440384590305
 10
-88.93069667601219
 20
-36.34645522655768
 10
-82.95354240563227
 20
-36.86935172907565
 10
-69.89504770138473
 20
-36.86935172907565
 10
-69.89504770138473
 20
-34.93067877622463
 42
-1.0
 10
-68.83438610459285
 20
-33.87001717943292
 10
-52.95574799500769
 20
-33.87001717943292
 42
-1.0
 10
-51.89508639821617
 20
-34.93067877622463
 10
-51.89508639821617
 20
-36.86935172907565
 10
-38.83699801451434
 20
-36.86951192929072
 10
-32.85984374413448
 20
-36.34645246655413
 10
-33.02879629206808
 20
-34.41440146777285
 42
-1.0
 10
-32.06460935989293
 20
-33.26537664797792
 10
-28.20069087610784
 20
-32.92732914583144
 42
-1.0
 10
-27.05162062311399
 20
-33.89154011134639
 10
-26.88264363369297
 20
-35.82355020402855
 10
-20.90546656328235
 20
-35.30065094150689
 10
-15.26723966825563
 20
-33.24862166458042
 10
-15.93056765821671
 20
-31.4261027018878
 42
-1.0
 10
-15.29663646335444
 20
-30.06664614031789
 10
-11.65186648990254
 20
-28.74005990482354
 42
-1.0
 10
-10.2924063335289
 20
-29.37398010466737
 10
-9.629012773228168
 20
-31.19659238765391
 10
-3.990087837263615
 20
-29.14431123038915
 10
0.6062028579091816
 20
-25.28757600881801
 10
-0.6404305707147273
 20
-23.80231749311978
 42
-1.0
 10
-0.5097921328268172
 20
-22.30791005724512
 10
2.461433496549261
 20
-19.81475499502067
 42
-1.0
 10
3.955634921238413
 20
-19.94537816914385
 10
5.202459233035995
 20
-21.43087510729299
 10
9.798761328224429
 20
-17.57412848570669
 10
13.65549090978749
 20
-12.97785495055683
 10
12.16992730110127
 20
-11.73163733252085
 42
-1.0
 10
12.03909143772074
 20
-10.23725745628877
 10
14.53225532661923
 20
-7.266021230121509
 42
-1.0
 10
16.02643959751986
 20
-7.135195515897123
 10
17.51223177136632
 20
-8.381581415407197
 10
21.36890411285259
 20
-3.785359480326746
 10
23.9061216416356
 20
1.653969667478804
 10
22.14914080260502
 20
2.473236465637455
 42
-1.0
 10
21.63609838197903
 20
3.882784064693737
 10
23.27529246759235
 20
7.398036114585181
 42
-1.0
 10
24.68482210270321
 20
7.911070832595726
 10
26.44248092926529
 20
7.091484772846911
 10
28.97882869687936
 20
12.52893135812297
 10
30.02071917667212
 20
18.43778165673569
 10
28.11012615045155
 20
18.77483024904666
 42
-1.0
 10
27.24984473230433
 20
20.00354406796458
 10
27.92336281358627
 20
23.82327595011481
 42
-1.0
 10
29.15217124541681
 20
24.68362889216525
 10
31.06263245649524
 20
24.34661491532557
  0
LWPOLYLINE
  5
112
330
FFA
100
AcDbEntity
  8
ENGRAVE
100
AcDbPolyline
 90
        2
 70
     0
 43
0.0
 10
-33.89533689533227
 20
24.25543999283104
 10
-24.89535912375163
 20
24.25543999283104
  0
LWPOLYLINE
  5
113
330
FFA
100
AcDbEntity
  8
ENGRAVE
100
AcDbPolyline
 90
        2
 70
     0
 43
0.0
 10
-96.8951811763946
 20
24.25543999283104
 10
-87.89520352481435
 20
24.25543999283104
  0
LWPOLYLINE
  5
114
330
FFA
100
AcDbEntity
  8
ENGRAVE
100
AcDbPolyline
 90
       10
 70
     0
 43
0.0
 10
-33.89533689533227
 20
21.25544748230453
 10
-24.89535912375163
 20
21.25544748230453
 10
-24.89535912375163
 20
-23.74444137559766
 10
-33.89533689533227
 20
-23.74444137559766
 10
-33.89533689533227
 20
-29.74442651665132
 10
-87.89520352481435
 20
-29.74442651665132
 10
-87.89520352481435
 20
-23.74444137559766
 10
-96.8951811763946
 20
-23.74444137559766
 10
-96.8951811763946
 20
21.25544748230453
 10
-87.89520352481435
 20
21.25544748230453
  0
LWPOLYLINE
  5
115
330
FFA
100
AcDbEntity
  8
ENGRAVE
100
AcDbPolyline
 90
        4
 70
     0
 43
0.0
 10
-141.8950700342967
 20
75.25531399178669
 10
-141.8950700342967
 20
24.25543999283104
 10
-102.8951664374481
 20
24.25543999283104
 10
-102.8951664374481
 20
75.25531399178669
  0
LWPOLYLINE
  5
116
330
FFA
100
AcDbEntity
  8
ENGRAVE
100
AcDbPolyline
 90
        4
 70
     0
 43
0.0
 10
-18.89537398269812
 20
75.25531399178669
 10
-18.89537398269812
 20
24.25543999283104
 10
20.10452961415007
 20
24.25543999283104
 10
20.10452961415007
 20
75.25531399178669
  0
LWPOLYLINE
  5
117
330
FFA
100
AcDbEntity
  8
ENGRAVE
100
AcDbPolyline
 90
        2
 70
     0
 43
0.0
 10
-297.8946845416904
 20
24.25543999283104
 10
-225.8948624890471
 20
24.25543999283104
  0
LWPOLYLINE
  5
118
330
FFA
100
AcDbEntity
  8
ENGRAVE
100
AcDbPolyline
 90
       20
 70
     0
 43
0.0
 10
-240.8948254016809
 20
-20.74444874507083
 10
-240.8948254016809
 20
21.25544748230453
 10
-237.8948327711541
 20
21.25544748230453
 10
-237.8948327711541
 20
-20.74444874507083
 10
-234.8948402606274
 20
-20.74444874507083
 10
-234.8948402606274
 20
21.25544748230453
 10
-225.8948624890471
 20
21.25544748230453
 10
-225.8948624890471
 20
-23.74444137559766
 10
-234.8948402606274
 20
-23.74444137559766
 10
-234.8948402606274
 20
-29.74442651665132
 10
-288.8947067701098
 20
-29.74442651665132
 10
-288.8947067701098
 20
-23.74444137559766
 10
-297.8946845416904
 20
-23.74444137559766
 10
-297.8946845416904
 20
21.25544748230453
 10
-288.8947067701098
 20
21.25544748230453
 10
-288.8947067701098
 20
-20.74444874507083
 10
-285.894714139583
 20
-20.74444874507083
 10
-285.894714139583
 20
21.25544748230453
 10
-282.894721629056
 20
21.25544748230453
 10
-282.894721629056
 20
-20.74444874507083
  0
LWPOLYLINE
  5
119
330
FFA
100
AcDbEntity
  8
ENGRAVE
100
AcDbPolyline
 90
        4
 70
     0
 43
0.0
 10
-180.8949736311453
 20
75.25531399178669
 10
-180.8949736311453
 20
24.25543999283104
 10
-219.8948772279936
 20
24.25543999283104
 10
-219.8948772279936
 20
75.25531399178669
  0
LWPOLYLINE
  5
11A
330
FFA
100
AcDbEntity
  8
ENGRAVE
100
AcDbPolyline
 90
        4
 70
     0
 43
0.0
 10
-342.8945732795921
 20
75.25531399178669
 10
-342.8945732795921
 20
24.25543999283104
 10
-303.8946696827439
 20
24.25543999283104
 10
-303.8946696827439
 20
75.25531399178669
  0
LWPOLYLINE
  5
11B
330
FFA
100
AcDbEntity
  8
ENGRAVE
100
AcDbPolyline
 90
        2
 70
     0
 43
0.0
 10
92.10435166679344
 20
112.7552213333716
 10
92.10435166679344
 20
120.2552028496887
  0
LWPOLYLINE
  5
11C
330
FFA
100
AcDbEntity
  8
ENGRAVE
100
AcDbPolyline
 90
        2
 70
     0
 43
0.0
 10
86.10436652573985
 20
99.25525467600113
 10
86.10436652573985
 20
120.2552028496887
  0
LWPOLYLINE
  5
11D
330
FFA
100
AcDbEntity
  8
ENGRAVE
100
AcDbPolyline
 90
        2
 70
     0
 43
0.0
 10
80.10438138468606
 20
85.75528801863038
 10
80.10438138468606
 20
120.2552028496887
  0
LWPOLYLINE
  5
11E
330
FFA
100
AcDbEntity
  8
ENGRAVE
100
AcDbPolyline
 90
        2
 70
     0
 43
0.0
 10
74.1043962436326
 20
72.25532136125974
 10
74.1043962436326
 20
120.2552028496887
  0
LWPOLYLINE
  5
11F
330
FFA
100
AcDbEntity
  8
ENGRAVE
100
AcDbPolyline
 90
        2
 70
     0
 43
0.0
 10
68.10441098257894
 20
66.25533622020606
 10
68.10441098257894
 20
120.2552028496887
  0
LWPOLYLINE
  5
120
330
FFA
100
AcDbEntity
  8
ENGRAVE
100
AcDbPolyline
 90
        2
 70
     0
 43
0.0
 10
62.10442584152549
 20
120.2552028496887
 10
62.10442584152549
 20
66.25533622020606
  0
LWPOLYLINE
  5
121
330
FFA
100
AcDbEntity
  8
ENGRAVE
100
AcDbPolyline
 90
        2
 70
     0
 43
0.0
 10
92.10435166679344
 20
-26.74443388612434
 10
92.10435166679344
 20
-34.24441540244146
  0
LWPOLYLINE
  5
122
330
FFA
100
AcDbEntity
  8
ENGRAVE
100
AcDbPolyline
 90
        2
 70
     0
 43
0.0
 10
86.10436652573985
 20
-13.24446734875397
 10
86.10436652573985
 20
-34.24441540244146
  0
LWPOLYLINE
  5
123
330
FFA
100
AcDbEntity
  8
ENGRAVE
100
AcDbPolyline
 90
        2
 70
     0
 43
0.0
 10
80.10438138468606
 20
0.2554993086166064
 10
80.10438138468606
 20
-34.24441540244146
  0
LWPOLYLINE
  5
124
330
FFA
100
AcDbEntity
  8
ENGRAVE
100
AcDbPolyline
 90
        2
 70
     0
 43
0.0
 10
74.1043962436326
 20
13.75546596598724
 10
74.1043962436326
 20
-34.24441540244146
  0
LWPOLYLINE
  5
125
330
FFA
100
AcDbEntity
  8
ENGRAVE
100
AcDbPolyline
 90
        2
 70
     0
 43
0.0
 10
68.10441098257894
 20
19.75545110704075
 10
68.10441098257894
 20
-34.24441540244146
  0
LWPOLYLINE
  5
126
330
FFA
100
AcDbEntity
  8
ENGRAVE
100
AcDbPolyline
 90
        2
 70
     0
 43
0.0
 10
62.10442584152549
 20
-34.24441540244146
 10
62.10442584152549
 20
19.75545110704075
  0
LWPOLYLINE
  5
127
330
FFA
100
AcDbEntity
  8
ENGRAVE
100
AcDbPolyline
 90
        2
 70
     0
 43
0.0
 10
-564.8940246985753
 20
220.7549544723364
 10
-564.8940246985753
 20
223.754946982863
  0
LWPOLYLINE
  5
128
330
FFA
100
AcDbEntity
  8
ENGRAVE
100
AcDbPolyline
 90
        2
 70
     0
 43
0.0
 10
-558.8940395575215
 20
214.7549693312829
 10
-558.8940395575215
 20
224.3879868333599
  0
LWPOLYLINE
  5
129
330
FFA
100
AcDbEntity
  8
ENGRAVE
100
AcDbPolyline
 90
        2
 70
     0
 43
0.0
 10
-552.8940544164682
 20
210.2549804454924
 10
-552.8940544164682
 20
226.2713821637244
  0
LWPOLYLINE
  5
12A
330
FFA
100
AcDbEntity
  8
ENGRAVE
100
AcDbPolyline
 90
        2
 70
     0
 43
0.0
 10
-546.8940691554144
 20
210.2549804454924
 10
-546.8940691554144
 20
228.2549358686531
  0
LWPOLYLINE
  5
12B
330
FFA
100
AcDbEntity
  8
ENGRAVE
100
AcDbPolyline
 90
        2
 70
     0
 43
0.0
 10
-540.8940840143604
 20
210.2549804454924
 10
-540.8940840143604
 20
230.6107421937077
  0
LWPOLYLINE
  5
12C
330
FFA
100
AcDbEntity
  8
ENGRAVE
100
AcDbPolyline
 90
        2
 70
     0
 43
0.0
 10
-534.894098873307
 20
210.2549804454924
 10
-534.894098873307
 20
232.7549247544432
  0
LWPOLYLINE
  5
12D
330
FFA
100
AcDbEntity
  8
ENGRAVE
100
AcDbPolyline
 90
        2
 70
     0
 43
0.0
 10
-528.8941137322535
 20
210.2549804454924
 10
-528.8941137322535
 20
235.3011830953728
  0
LWPOLYLINE
  5
12E
330
FFA
100
AcDbEntity
  8
ENGRAVE
100
AcDbPolyline
 90
        2
 70
     0
 43
0.0
 10
-522.8941284711999
 20
210.2549804454924
 10
-522.8941284711999
 20
237.2549136402339
  0
LWPOLYLINE
  5
12F
330
FFA
100
AcDbEntity
  8
ENGRAVE
100
AcDbPolyline
 90
        2
 70
     0
 43
0.0
 10
-516.8941433301464
 20
239.4107462966215
 10
-516.8941433301464
 20
210.2549575254616
  0
LWPOLYLINE
  5
130
330
FFA
100
AcDbEntity
  8
ENGRAVE
100
AcDbPolyline
 90
        2
 70
     0
 43
0.0
 10
-564.8940246985753
 20
109.7552287028448
 10
-564.8940246985753
 20
106.7552361923181
  0
LWPOLYLINE
  5
131
330
FFA
100
AcDbEntity
  8
ENGRAVE
100
AcDbPolyline
 90
        2
 70
     0
 43
0.0
 10
-558.8940395575215
 20
115.7552139638983
 10
-558.8940395575215
 20
106.1221963418213
  0
LWPOLYLINE
  5
132
330
FFA
100
AcDbEntity
  8
ENGRAVE
100
AcDbPolyline
 90
        2
 70
     0
 43
0.0
 10
-552.8940544164682
 20
120.2552028496887
 10
-552.8940544164682
 20
104.2388010114565
  0
LWPOLYLINE
  5
133
330
FFA
100
AcDbEntity
  8
ENGRAVE
100
AcDbPolyline
 90
        2
 70
     0
 43
0.0
 10
-546.8940691554144
 20
120.2552028496887
 10
-546.8940691554144
 20
102.2552473065279
  0
LWPOLYLINE
  5
134
330
FFA
100
AcDbEntity
  8
ENGRAVE
100
AcDbPolyline
 90
        2
 70
     0
 43
0.0
 10
-540.8940840143604
 20
120.2552028496887
 10
-540.8940840143604
 20
99.89944098147311
  0
LWPOLYLINE
  5
135
330
FFA
100
AcDbEntity
  8
ENGRAVE
100
AcDbPolyline
 90
        2
 70
     0
 43
0.0
 10
-534.894098873307
 20
120.2552028496887
 10
-534.894098873307
 20
97.75525842073761
  0
LWPOLYLINE
  5
136
330
FFA
100
AcDbEntity
  8
ENGRAVE
100
AcDbPolyline
 90
        2
 70
     0
 43
0.0
 10
-528.8941137322535
 20
120.2552028496887
 10
-528.8941137322535
 20
95.20900007980861
  0
LWPOLYLINE
  5
137
330
FFA
100
AcDbEntity
  8
ENGRAVE
100
AcDbPolyline
 90
        2
 70
     0
 43
0.0
 10
-522.8941284711999
 20
120.2552028496887
 10
-522.8941284711999
 20
93.25526953494767
  0
LWPOLYLINE
  5
138
330
FFA
100
AcDbEntity
  8
ENGRAVE
100
AcDbPolyline
 90
        2
 70
     0
 43
0.0
 10
-516.8941433301464
 20
91.09941395852894
 10
-516.8941433301464
 20
120.2552028496887
  0
LWPOLYLINE
  5
139
330
FFA
100
AcDbEntity
  8
ENGRAVE
100
AcDbPolyline
 90
        2
 70
     0
 43
0.0
 10
-477.8942397332982
 20
-98.74425605876758
 10
-477.8942397332982
 20
-140.7441521661425
  0
LWPOLYLINE
  5
13A
330
FFA
100
AcDbEntity
  8
ENGRAVE
100
AcDbPolyline
 90
        2
 70
     0
 43
0.0
 10
-483.8942248743517
 20
-98.74425605876758
 10
-483.8942248743517
 20
-140.7441521661425
  0
LWPOLYLINE
  5
13B
330
FFA
100
AcDbEntity
  8
ENGRAVE
100
AcDbPolyline
 90
        2
 70
     0
 43
0.0
 10
-489.8942100154052
 20
-98.74425605876758
 10
-489.8942100154052
 20
-140.7441521661425
  0
LWPOLYLINE
  5
13C
330
FFA
100
AcDbEntity
  8
ENGRAVE
100
AcDbPolyline
 90
        2
 70
     0
 43
0.0
 10
-495.8941952764591
 20
-98.74425605876758
 10
-495.8941952764591
 20
-140.7441521661425
  0
LWPOLYLINE
  5
13D
330
FFA
100
AcDbEntity
  8
ENGRAVE
100
AcDbPolyline
 90
        2
 70
     0
 43
0.0
 10
-501.8941804175126
 20
-98.74425605876758
 10
-501.8941804175126
 20
-140.7441521661425
  0
LWPOLYLINE
  5
13E
330
FFA
100
AcDbEntity
  8
ENGRAVE
100
AcDbPolyline
 90
        2
 70
     0
 43
0.0
 10
-507.8941655585661
 20
-98.74425605876758
 10
-507.8941655585661
 20
-140.7441521661425
  0
LWPOLYLINE
  5
13F
330
FFA
100
AcDbEntity
  8
ENGRAVE
100
AcDbPolyline
 90
        2
 70
     0
 43
0.0
 10
-513.8941506996197
 20
-98.74425605876758
 10
-513.8941506996197
 20
-140.7441521661425
  0
LWPOLYLINE
  5
140
330
FFA
100
AcDbEntity
  8
ENGRAVE
100
AcDbPolyline
 90
        2
 70
     0
 43
0.0
 10
-519.8941359606732
 20
-98.74425605876758
 10
-519.8941359606732
 20
-140.7441521661425
  0
LWPOLYLINE
  5
141
330
FFA
100
AcDbEntity
  8
ENGRAVE
100
AcDbPolyline
 90
        2
 70
     0
 43
0.0
 10
-525.8941211017267
 20
-98.74425605876758
 10
-525.8941211017267
 20
-140.7441521661425
  0
LWPOLYLINE
  5
142
330
FFA
100
AcDbEntity
  8
ENGRAVE
100
AcDbPolyline
 90
        2
 70
     0
 43
0.0
 10
-531.8941062427803
 20
-98.74425605876758
 10
-531.8941062427803
 20
-140.7441521661425
  0
LWPOLYLINE
  5
143
330
FFA
100
AcDbEntity
  8
ENGRAVE
100
AcDbPolyline
 90
        2
 70
     0
 43
0.0
 10
-537.8940915038338
 20
-98.74425605876758
 10
-537.8940915038338
 20
-140.7441521661425
  0
LWPOLYLINE
  5
144
330
FFA
100
AcDbEntity
  8
ENGRAVE
100
AcDbPolyline
 90
        2
 70
     0
 43
0.0
 10
-543.894076644888
 20
-98.74425605876758
 10
-543.894076644888
 20
-140.7441521661425
  0
LWPOLYLINE
  5
145
330
FFA
100
AcDbEntity
  8
ENGRAVE
100
AcDbPolyline
 90
        2
 70
     0
 43
0.0
 10
-549.8940617859415
 20
-98.74425605876758
 10
-549.8940617859415
 20
-140.7441521661425
  0
LWPOLYLINE
  5
146
330
FFA
100
AcDbEntity
  8
ENGRAVE
100
AcDbPolyline
 90
        2
 70
     0
 43
0.0
 10
-555.8940469269946
 20
-98.74425605876758
 10
-555.8940469269946
 20
-140.7441521661425
  0
LWPOLYLINE
  5
147
330
FFA
100
AcDbEntity
  8
ENGRAVE
100
AcDbPolyline
 90
        2
 70
     0
 43
0.0
 10
-561.8940321880486
 20
-98.74425605876758
 10
-561.8940321880486
 20
-140.7441521661425
  0
LWPOLYLINE
  5
148
330
FFA
100
AcDbEntity
  8
ENGRAVE
100
AcDbPolyline
 90
        2
 70
     0
 43
0.0
 10
-567.8940173291021
 20
-98.74425605876758
 10
-567.8940173291021
 20
-140.7441521661425
  0
LWPOLYLINE
  5
149
330
FFA
100
AcDbEntity
  8
ENGRAVE
100
AcDbPolyline
 90
        2
 70
     0
 43
0.0
 10
-573.8940024701555
 20
-98.74425605876758
 10
-573.8940024701555
 20
-140.7441521661425
  0
LWPOLYLINE
  5
14A
330
FFA
100
AcDbEntity
  8
ENGRAVE
100
AcDbPolyline
 90
        2
 70
     0
 43
0.0
 10
-477.8942397332982
 20
-155.7441151987769
 10
-477.8942397332982
 20
-179.7440558829912
  0
LWPOLYLINE
  5
14B
330
FFA
100
AcDbEntity
  8
ENGRAVE
100
AcDbPolyline
 90
        2
 70
     0
 43
0.0
 10
-483.8942248743517
 20
-155.7441151987769
 10
-483.8942248743517
 20
-179.7440558829912
  0
LWPOLYLINE
  5
14C
330
FFA
100
AcDbEntity
  8
ENGRAVE
100
AcDbPolyline
 90
        2
 70
     0
 43
0.0
 10
-489.8942100154052
 20
-155.7441151987769
 10
-489.8942100154052
 20
-179.7440558829912
  0
LWPOLYLINE
  5
14D
330
FFA
100
AcDbEntity
  8
ENGRAVE
100
AcDbPolyline
 90
        2
 70
     0
 43
0.0
 10
-495.8941952764591
 20
-155.7441151987769
 10
-495.8941952764591
 20
-179.7440558829912
  0
LWPOLYLINE
  5
14E
330
FFA
100
AcDbEntity
  8
ENGRAVE
100
AcDbPolyline
 90
        2
 70
     0
 43
0.0
 10
-501.8941804175126
 20
-155.7441151987769
 10
-501.8941804175126
 20
-179.7440558829912
  0
LWPOLYLINE
  5
14F
330
FFA
100
AcDbEntity
  8
ENGRAVE
100
AcDbPolyline
 90
        2
 70
     0
 43
0.0
 10
-507.8941655585661
 20
-155.7441151987769
 10
-507.8941655585661
 20
-179.7440558829912
  0
LWPOLYLINE
  5
150
330
FFA
100
AcDbEntity
  8
ENGRAVE
100
AcDbPolyline
 90
        2
 70
     0
 43
0.0
 10
-513.8941506996197
 20
-155.7441151987769
 10
-513.8941506996197
 20
-179.7440558829912
  0
LWPOLYLINE
  5
151
330
FFA
100
AcDbEntity
  8
ENGRAVE
100
AcDbPolyline
 90
        2
 70
     0
 43
0.0
 10
-519.8941359606732
 20
-155.7441151987769
 10
-519.8941359606732
 20
-179.7440558829912
  0
LWPOLYLINE
  5
152
330
FFA
100
AcDbEntity
  8
ENGRAVE
100
AcDbPolyline
 90
        2
 70
     0
 43
0.0
 10
-525.8941211017267
 20
-155.7441151987769
 10
-525.8941211017267
 20
-179.7440558829912
  0
LWPOLYLINE
  5
153
330
FFA
100
AcDbEntity
  8
ENGRAVE
100
AcDbPolyline
 90
        2
 70
     0
 43
0.0
 10
-531.8941062427803
 20
-155.7441151987769
 10
-531.8941062427803
 20
-179.7440558829912
  0
LWPOLYLINE
  5
154
330
FFA
100
AcDbEntity
  8
ENGRAVE
100
AcDbPolyline
 90
        2
 70
     0
 43
0.0
 10
-537.8940915038338
 20
-155.7441151987769
 10
-537.8940915038338
 20
-179.7440558829912
  0
LWPOLYLINE
  5
155
330
FFA
100
AcDbEntity
  8
ENGRAVE
100
AcDbPolyline
 90
        2
 70
     0
 43
0.0
 10
-543.894076644888
 20
-155.7441151987769
 10
-543.894076644888
 20
-179.7440558829912
  0
LWPOLYLINE
  5
156
330
FFA
100
AcDbEntity
  8
ENGRAVE
100
AcDbPolyline
 90
        2
 70
     0
 43
0.0
 10
-549.8940617859415
 20
-155.7441151987769
 10
-549.8940617859415
 20
-179.7440558829912
  0
LWPOLYLINE
  5
157
330
FFA
100
AcDbEntity
  8
ENGRAVE
100
AcDbPolyline
 90
        2
 70
     0
 43
0.0
 10
-555.8940469269946
 20
-155.7441151987769
 10
-555.8940469269946
 20
-179.7440558829912
  0
LWPOLYLINE
  5
158
330
FFA
100
AcDbEntity
  8
ENGRAVE
100
AcDbPolyline
 90
        2
 70
     0
 43
0.0
 10
-561.8940321880486
 20
-155.7441151987769
 10
-561.8940321880486
 20
-179.7440558829912
  0
LWPOLYLINE
  5
159
330
FFA
100
AcDbEntity
  8
ENGRAVE
100
AcDbPolyline
 90
        2
 70
     0
 43
0.0
 10
-567.8940173291021
 20
-155.7441151987769
 10
-567.8940173291021
 20
-179.7440558829912
  0
LWPOLYLINE
  5
15A
330
FFA
100
AcDbEntity
  8
ENGRAVE
100
AcDbPolyline
 90
        2
 70
     0
 43
0.0
 10
-573.8940024701555
 20
-155.7441151987769
 10
-573.8940024701555
 20
-179.7440558829912
  0
LWPOLYLINE
  5
15B
330
FFA
100
AcDbEntity
  8
ENGRAVE
100
AcDbPolyline
 90
        2
 70
     0
 43
0.0
 10
-477.8942397332982
 20
-194.7440187956249
 10
-477.8942397332982
 20
-206.7439890777321
  0
LWPOLYLINE
  5
15C
330
FFA
100
AcDbEntity
  8
ENGRAVE
100
AcDbPolyline
 90
        2
 70
     0
 43
0.0
 10
-483.8942248743517
 20
-194.7440187956249
 10
-483.8942248743517
 20
-206.7439890777321
  0
LWPOLYLINE
  5
15D
330
FFA
100
AcDbEntity
  8
ENGRAVE
100
AcDbPolyline
 90
        2
 70
     0
 43
0.0
 10
-489.8942100154052
 20
-194.7440187956249
 10
-489.8942100154052
 20
-206.7439890777321
  0
LWPOLYLINE
  5
15E
330
FFA
100
AcDbEntity
  8
ENGRAVE
100
AcDbPolyline
 90
        2
 70
     0
 43
0.0
 10
-495.8941952764591
 20
-194.7440187956249
 10
-495.8941952764591
 20
-206.7439890777321
  0
LWPOLYLINE
  5
15F
330
FFA
100
AcDbEntity
  8
ENGRAVE
100
AcDbPolyline
 90
        2
 70
     0
 43
0.0
 10
-501.8941804175126
 20
-194.7440187956249
 10
-501.8941804175126
 20
-206.7439890777321
  0
LWPOLYLINE
  5
160
330
FFA
100
AcDbEntity
  8
ENGRAVE
100
AcDbPolyline
 90
        2
 70
     0
 43
0.0
 10
-507.8941655585661
 20
-194.7440187956249
 10
-507.8941655585661
 20
-206.7439890777321
  0
LWPOLYLINE
  5
161
330
FFA
100
AcDbEntity
  8
ENGRAVE
100
AcDbPolyline
 90
        2
 70
     0
 43
0.0
 10
-513.8941506996197
 20
-194.7440187956249
 10
-513.8941506996197
 20
-206.7439890777321
  0
LWPOLYLINE
  5
162
330
FFA
100
AcDbEntity
  8
ENGRAVE
100
AcDbPolyline
 90
        2
 70
     0
 43
0.0
 10
-519.8941359606732
 20
-194.7440187956249
 10
-519.8941359606732
 20
-206.7439890777321
  0
LWPOLYLINE
  5
163
330
FFA
100
AcDbEntity
  8
ENGRAVE
100
AcDbPolyline
 90
        2
 70
     0
 43
0.0
 10
-525.8941211017267
 20
-194.7440187956249
 10
-525.8941211017267
 20
-206.7439890777321
  0
LWPOLYLINE
  5
164
330
FFA
100
AcDbEntity
  8
ENGRAVE
100
AcDbPolyline
 90
        2
 70
     0
 43
0.0
 10
-531.8941062427803
 20
-194.7440187956249
 10
-531.8941062427803
 20
-206.7439890777321
  0
LWPOLYLINE
  5
165
330
FFA
100
AcDbEntity
  8
ENGRAVE
100
AcDbPolyline
 90
        2
 70
     0
 43
0.0
 10
-537.8940915038338
 20
-194.7440187956249
 10
-537.8940915038338
 20
-206.7439890777321
  0
LWPOLYLINE
  5
166
330
FFA
100
AcDbEntity
  8
ENGRAVE
100
AcDbPolyline
 90
        2
 70
     0
 43
0.0
 10
-543.894076644888
 20
-194.7440187956249
 10
-543.894076644888
 20
-206.7439890777321
  0
LWPOLYLINE
  5
167
330
FFA
100
AcDbEntity
  8
ENGRAVE
100
AcDbPolyline
 90
        2
 70
     0
 43
0.0
 10
-549.8940617859415
 20
-194.7440187956249
 10
-549.8940617859415
 20
-206.7439890777321
  0
LWPOLYLINE
  5
168
330
FFA
100
AcDbEntity
  8
ENGRAVE
100
AcDbPolyline
 90
        2
 70
     0
 43
0.0
 10
-555.8940469269946
 20
-194.7440187956249
 10
-555.8940469269946
 20
-206.7439890777321
  0
LWPOLYLINE
  5
169
330
FFA
100
AcDbEntity
  8
ENGRAVE
100
AcDbPolyline
 90
        2
 70
     0
 43
0.0
 10
-561.8940321880486
 20
-194.7440187956249
 10
-561.8940321880486
 20
-206.7439890777321
  0
LWPOLYLINE
  5
16A
330
FFA
100
AcDbEntity
  8
ENGRAVE
100
AcDbPolyline
 90
        2
 70
     0
 43
0.0
 10
-567.8940173291021
 20
-194.7440187956249
 10
-567.8940173291021
 20
-206.7439890777321
  0
LWPOLYLINE
  5
16B
330
FFA
100
AcDbEntity
  8
ENGRAVE
100
AcDbPolyline
 90
        2
 70
     0
 43
0.0
 10
-573.8940024701555
 20
-194.7440187956249
 10
-573.8940024701555
 20
-206.7439890777321
  0
LWPOLYLINE
  5
16C
330
FFA
100
AcDbEntity
  8
ENGRAVE
100
AcDbPolyline
 90
        2
 70
     0
 43
0.0
 10
-351.8945510511728
 20
-98.74425605876758
 10
-351.8945510511728
 20
-140.7441521661425
  0
LWPOLYLINE
  5
16D
330
FFA
100
AcDbEntity
  8
ENGRAVE
100
AcDbPolyline
 90
        2
 70
     0
 43
0.0
 10
-357.8945363122264
 20
-98.74425605876758
 10
-357.8945363122264
 20
-140.7441521661425
  0
LWPOLYLINE
  5
16E
330
FFA
100
AcDbEntity
  8
ENGRAVE
100
AcDbPolyline
 90
        2
 70
     0
 43
0.0
 10
-363.8945214532799
 20
-98.74425605876758
 10
-363.8945214532799
 20
-140.7441521661425
  0
LWPOLYLINE
  5
16F
330
FFA
100
AcDbEntity
  8
ENGRAVE
100
AcDbPolyline
 90
        2
 70
     0
 43
0.0
 10
-369.8945065943334
 20
-98.74425605876758
 10
-369.8945065943334
 20
-140.7441521661425
  0
LWPOLYLINE
  5
170
330
FFA
100
AcDbEntity
  8
ENGRAVE
100
AcDbPolyline
 90
        2
 70
     0
 43
0.0
 10
-375.8944917353868
 20
-98.74425605876758
 10
-375.8944917353868
 20
-140.7441521661425
  0
LWPOLYLINE
  5
171
330
FFA
100
AcDbEntity
  8
ENGRAVE
100
AcDbPolyline
 90
        2
 70
     0
 43
0.0
 10
-381.8944769964405
 20
-98.74425605876758
 10
-381.8944769964405
 20
-140.7441521661425
  0
LWPOLYLINE
  5
172
330
FFA
100
AcDbEntity
  8
ENGRAVE
100
AcDbPolyline
 90
        2
 70
     0
 43
0.0
 10
-387.894462137494
 20
-98.74425605876758
 10
-387.894462137494
 20
-140.7441521661425
  0
LWPOLYLINE
  5
173
330
FFA
100
AcDbEntity
  8
ENGRAVE
100
AcDbPolyline
 90
        2
 70
     0
 43
0.0
 10
-393.8944472785475
 20
-98.74425605876758
 10
-393.8944472785475
 20
-140.7441521661425
  0
LWPOLYLINE
  5
174
330
FFA
100
AcDbEntity
  8
ENGRAVE
100
AcDbPolyline
 90
        2
 70
     0
 43
0.0
 10
-399.8944324196017
 20
-98.74425605876758
 10
-399.8944324196017
 20
-140.7441521661425
  0
LWPOLYLINE
  5
175
330
FFA
100
AcDbEntity
  8
ENGRAVE
100
AcDbPolyline
 90
        2
 70
     0
 43
0.0
 10
-405.8944176806552
 20
-98.74425605876758
 10
-405.8944176806552
 20
-140.7441521661425
  0
LWPOLYLINE
  5
176
330
FFA
100
AcDbEntity
  8
ENGRAVE
100
AcDbPolyline
 90
        2
 70
     0
 43
0.0
 10
-411.8944028217087
 20
-98.74425605876758
 10
-411.8944028217087
 20
-140.7441521661425
  0
LWPOLYLINE
  5
177
330
FFA
100
AcDbEntity
  8
ENGRAVE
100
AcDbPolyline
 90
        2
 70
     0
 43
0.0
 10
-417.8943879627622
 20
-98.74425605876758
 10
-417.8943879627622
 20
-140.7441521661425
  0
LWPOLYLINE
  5
178
330
FFA
100
AcDbEntity
  8
ENGRAVE
100
AcDbPolyline
 90
        2
 70
     0
 43
0.0
 10
-423.8943731038157
 20
-98.74425605876758
 10
-423.8943731038157
 20
-140.7441521661425
  0
LWPOLYLINE
  5
179
330
FFA
100
AcDbEntity
  8
ENGRAVE
100
AcDbPolyline
 90
        2
 70
     0
 43
0.0
 10
-429.8943583648693
 20
-98.74425605876758
 10
-429.8943583648693
 20
-140.7441521661425
  0
LWPOLYLINE
  5
17A
330
FFA
100
AcDbEntity
  8
ENGRAVE
100
AcDbPolyline
 90
        2
 70
     0
 43
0.0
 10
-435.8943435059228
 20
-98.74425605876758
 10
-435.8943435059228
 20
-140.7441521661425
  0
LWPOLYLINE
  5
17B
330
FFA
100
AcDbEntity
  8
ENGRAVE
100
AcDbPolyline
 90
        2
 70
     0
 43
0.0
 10
-441.8943286469763
 20
-98.74425605876758
 10
-441.8943286469763
 20
-140.7441521661425
  0
LWPOLYLINE
  5
17C
330
FFA
100
AcDbEntity
  8
ENGRAVE
100
AcDbPolyline
 90
        2
 70
     0
 43
0.0
 10
-447.8943139080302
 20
-98.74425605876758
 10
-447.8943139080302
 20
-140.7441521661425
  0
LWPOLYLINE
  5
17D
330
FFA
100
AcDbEntity
  8
ENGRAVE
100
AcDbPolyline
 90
        2
 70
     0
 43
0.0
 10
-351.8945510511728
 20
-155.7441151987769
 10
-351.8945510511728
 20
-179.7440558829912
  0
LWPOLYLINE
  5
17E
330
FFA
100
AcDbEntity
  8
ENGRAVE
100
AcDbPolyline
 90
        2
 70
     0
 43
0.0
 10
-357.8945363122264
 20
-155.7441151987769
 10
-357.8945363122264
 20
-179.7440558829912
  0
LWPOLYLINE
  5
17F
330
FFA
100
AcDbEntity
  8
ENGRAVE
100
AcDbPolyline
 90
        2
 70
     0
 43
0.0
 10
-363.8945214532799
 20
-155.7441151987769
 10
-363.8945214532799
 20
-179.7440558829912
  0
LWPOLYLINE
  5
180
330
FFA
100
AcDbEntity
  8
ENGRAVE
100
AcDbPolyline
 90
        2
 70
     0
 43
0.0
 10
-369.8945065943334
 20
-155.7441151987769
 10
-369.8945065943334
 20
-179.7440558829912
  0
LWPOLYLINE
  5
181
330
FFA
100
AcDbEntity
  8
ENGRAVE
100
AcDbPolyline
 90
        2
 70
     0
 43
0.0
 10
-375.8944917353868
 20
-155.7441151987769
 10
-375.8944917353868
 20
-179.7440558829912
  0
LWPOLYLINE
  5
182
330
FFA
100
AcDbEntity
  8
ENGRAVE
100
AcDbPolyline
 90
        2
 70
     0
 43
0.0
 10
-381.8944769964405
 20
-155.7441151987769
 10
-381.8944769964405
 20
-179.7440558829912
  0
LWPOLYLINE
  5
183
330
FFA
100
AcDbEntity
  8
ENGRAVE
100
AcDbPolyline
 90
        2
 70
     0
 43
0.0
 10
-387.894462137494
 20
-155.7441151987769
 10
-387.894462137494
 20
-179.7440558829912
  0
LWPOLYLINE
  5
184
330
FFA
100
AcDbEntity
  8
ENGRAVE
100
AcDbPolyline
 90
        2
 70
     0
 43
0.0
 10
-393.8944472785475
 20
-155.7441151987769
 10
-393.8944472785475
 20
-179.7440558829912
  0
LWPOLYLINE
  5
185
330
FFA
100
AcDbEntity
  8
ENGRAVE
100
AcDbPolyline
 90
        2
 70
     0
 43
0.0
 10
-399.8944324196017
 20
-155.7441151987769
 10
-399.8944324196017
 20
-179.7440558829912
  0
LWPOLYLINE
  5
186
330
FFA
100
AcDbEntity
  8
ENGRAVE
100
AcDbPolyline
 90
        2
 70
     0
 43
0.0
 10
-405.8944176806552
 20
-155.7441151987769
 10
-405.8944176806552
 20
-179.7440558829912
  0
LWPOLYLINE
  5
187
330
FFA
100
AcDbEntity
  8
ENGRAVE
100
AcDbPolyline
 90
        2
 70
     0
 43
0.0
 10
-411.8944028217087
 20
-155.7441151987769
 10
-411.8944028217087
 20
-179.7440558829912
  0
LWPOLYLINE
  5
188
330
FFA
100
AcDbEntity
  8
ENGRAVE
100
AcDbPolyline
 90
        2
 70
     0
 43
0.0
 10
-417.8943879627622
 20
-155.7441151987769
 10
-417.8943879627622
 20
-179.7440558829912
  0
LWPOLYLINE
  5
189
330
FFA
100
AcDbEntity
  8
ENGRAVE
100
AcDbPolyline
 90
        2
 70
     0
 43
0.0
 10
-423.8943731038157
 20
-155.7441151987769
 10
-423.8943731038157
 20
-179.7440558829912
  0
LWPOLYLINE
  5
18A
330
FFA
100
AcDbEntity
  8
ENGRAVE
100
AcDbPolyline
 90
        2
 70
     0
 43
0.0
 10
-429.8943583648693
 20
-155.7441151987769
 10
-429.8943583648693
 20
-179.7440558829912
  0
LWPOLYLINE
  5
18B
330
FFA
100
AcDbEntity
  8
ENGRAVE
100
AcDbPolyline
 90
        2
 70
     0
 43
0.0
 10
-435.8943435059228
 20
-155.7441151987769
 10
-435.8943435059228
 20
-179.7440558829912
  0
LWPOLYLINE
  5
18C
330
FFA
100
AcDbEntity
  8
ENGRAVE
100
AcDbPolyline
 90
        2
 70
     0
 43
0.0
 10
-441.8943286469763
 20
-155.7441151987769
 10
-441.8943286469763
 20
-179.7440558829912
  0
LWPOLYLINE
  5
18D
330
FFA
100
AcDbEntity
  8
ENGRAVE
100
AcDbPolyline
 90
        2
 70
     0
 43
0.0
 10
-447.8943139080302
 20
-155.7441151987769
 10
-447.8943139080302
 20
-179.7440558829912
  0
LWPOLYLINE
  5
18E
330
FFA
100
AcDbEntity
  8
ENGRAVE
100
AcDbPolyline
 90
        2
 70
     0
 43
0.0
 10
-351.8945510511728
 20
-194.7440187956249
 10
-351.8945510511728
 20
-206.7439890777321
  0
LWPOLYLINE
  5
18F
330
FFA
100
AcDbEntity
  8
ENGRAVE
100
AcDbPolyline
 90
        2
 70
     0
 43
0.0
 10
-357.8945363122264
 20
-194.7440187956249
 10
-357.8945363122264
 20
-206.7439890777321
  0
LWPOLYLINE
  5
190
330
FFA
100
AcDbEntity
  8
ENGRAVE
100
AcDbPolyline
 90
        2
 70
     0
 43
0.0
 10
-363.8945214532799
 20
-194.7440187956249
 10
-363.8945214532799
 20
-206.7439890777321
  0
LWPOLYLINE
  5
191
330
FFA
100
AcDbEntity
  8
ENGRAVE
100
AcDbPolyline
 90
        2
 70
     0
 43
0.0
 10
-369.8945065943334
 20
-194.7440187956249
 10
-369.8945065943334
 20
-206.7439890777321
  0
LWPOLYLINE
  5
192
330
FFA
100
AcDbEntity
  8
ENGRAVE
100
AcDbPolyline
 90
        2
 70
     0
 43
0.0
 10
-375.8944917353868
 20
-194.7440187956249
 10
-375.8944917353868
 20
-206.7439890777321
  0
LWPOLYLINE
  5
193
330
FFA
100
AcDbEntity
  8
ENGRAVE
100
AcDbPolyline
 90
        2
 70
     0
 43
0.0
 10
-381.8944769964405
 20
-194.7440187956249
 10
-381.8944769964405
 20
-206.7439890777321
  0
LWPOLYLINE
  5
194
330
FFA
100
AcDbEntity
  8
ENGRAVE
100
AcDbPolyline
 90
        2
 70
     0
 43
0.0
 10
-387.894462137494
 20
-194.7440187956249
 10
-387.894462137494
 20
-206.7439890777321
  0
LWPOLYLINE
  5
195
330
FFA
100
AcDbEntity
  8
ENGRAVE
100
AcDbPolyline
 90
        2
 70
     0
 43
0.0
 10
-393.8944472785475
 20
-194.7440187956249
 10
-393.8944472785475
 20
-206.7439890777321
  0
LWPOLYLINE
  5
196
330
FFA
100
AcDbEntity
  8
ENGRAVE
100
AcDbPolyline
 90
        2
 70
     0
 43
0.0
 10
-399.8944324196017
 20
-194.7440187956249
 10
-399.8944324196017
 20
-206.7439890777321
  0
LWPOLYLINE
  5
197
330
FFA
100
AcDbEntity
  8
ENGRAVE
100
AcDbPolyline
 90
        2
 70
     0
 43
0.0
 10
-405.8944176806552
 20
-194.7440187956249
 10
-405.8944176806552
 20
-206.7439890777321
  0
LWPOLYLINE
  5
198
330
FFA
100
AcDbEntity
  8
ENGRAVE
100
AcDbPolyline
 90
        2
 70
     0
 43
0.0
 10
-411.8944028217087
 20
-194.7440187956249
 10
-411.8944028217087
 20
-206.7439890777321
  0
LWPOLYLINE
  5
199
330
FFA
100
AcDbEntity
  8
ENGRAVE
100
AcDbPolyline
 90
        2
 70
     0
 43
0.0
 10
-417.8943879627622
 20
-194.7440187956249
 10
-417.8943879627622
 20
-206.7439890777321
  0
LWPOLYLINE
  5
19A
330
FFA
100
AcDbEntity
  8
ENGRAVE
100
AcDbPolyline
 90
        2
 70
     0
 43
0.0
 10
-423.8943731038157
 20
-194.7440187956249
 10
-423.8943731038157
 20
-206.7439890777321
  0
LWPOLYLINE
  5
19B
330
FFA
100
AcDbEntity
  8
ENGRAVE
100
AcDbPolyline
 90
        2
 70
     0
 43
0.0
 10
-429.8943583648693
 20
-194.7440187956249
 10
-429.8943583648693
 20
-206.7439890777321
  0
LWPOLYLINE
  5
19C
330
FFA
100
AcDbEntity
  8
ENGRAVE
100
AcDbPolyline
 90
        2
 70
     0
 43
0.0
 10
-435.8943435059228
 20
-194.7440187956249
 10
-435.8943435059228
 20
-206.7439890777321
  0
LWPOLYLINE
  5
19D
330
FFA
100
AcDbEntity
  8
ENGRAVE
100
AcDbPolyline
 90
        2
 70
     0
 43
0.0
 10
-441.8943286469763
 20
-194.7440187956249
 10
-441.8943286469763
 20
-206.7439890777321
  0
LWPOLYLINE
  5
19E
330
FFA
100
AcDbEntity
  8
ENGRAVE
100
AcDbPolyline
 90
        2
 70
     0
 43
0.0
 10
-447.8943139080302
 20
-194.7440187956249
 10
-447.8943139080302
 20
-206.7439890777321
  0
LWPOLYLINE
  5
19F
330
FFA
100
AcDbEntity
  8
ENGRAVE
100
AcDbPolyline
 90
       17
 70
     1
 43
0.0
 10
20.10452961415007
 20
21.25544748230453
 10
17.39709305667583
 20
14.43440215814638
 10
15.8752843721075
 20
11.10037455883952
 10
14.22827771933379
 20
7.82794460228979
 10
12.44620812510135
 20
4.625048739159922
 10
10.51917653611105
 20
1.499646460143651
 10
8.437306939093616
 20
-1.540326024096486
 10
6.190768560841945
 20
-4.486920622882735
 10
3.769651068040673
 20
-7.332189485536162
 10
1.164089487436683
 20
-10.06818464137927
 10
-1.635792194238376
 20
-12.68695835973375
 10
-4.639847430223255
 20
-15.18057394993684
 10
-7.857952353787027
 20
-17.54107228129521
 10
-11.30000625822822
 20
-19.76051678314604
 10
-14.97585083677092
 20
-21.83095384480373
 10
-18.89537398269812
 20
-23.74444137559766
 10
-18.89537398269812
 20
21.25544748230453
  0
LWPOLYLINE
  5
1A0
330
FFA
100
AcDbEntity
  8
ENGRAVE
100
AcDbPolyline
 90
        4
 70
     1
 43
0.0
 10
26.10451475520364
 20
90.25527690442066
 10
-147.8950551753506
 20
90.25527690442066
 10
-147.8950551753506
 20
75.25531399178669
 10
26.10451475520364
 20
75.25531399178669
  0
LWPOLYLINE
  5
1A1
330
FFA
100
AcDbEntity
  8
ENGRAVE
100
AcDbPolyline
 90
        4
 70
     1
 43
0.0
 10
117.8688983217773
 20
51.45383629420985
 10
117.8688983217773
 20
33.45388075104904
 10
129.8688687238844
 20
33.45388075104904
 10
129.8688687238844
 20
51.45383629420985
  0
LWPOLYLINE
  5
1A2
330
FFA
100
AcDbEntity
  8
ENGRAVE
100
AcDbPolyline
 90
        4
 70
     1
 43
0.0
 10
111.8689131807238
 20
57.45382143526331
 10
111.8689131807238
 20
27.45389560999541
 10
135.8688538649385
 20
27.45389560999541
 10
135.8688538649385
 20
57.45382143526331
  0
LWPOLYLINE
  5
1A3
330
FFA
100
AcDbEntity
  8
ENGRAVE
100
AcDbPolyline
 90
        4
 70
     1
 43
0.0
 10
105.8689280396704
 20
63.45380657631682
 10
141.8688390059921
 20
63.45380657631682
 10
141.8688390059921
 20
21.45391034894164
 10
105.8689280396704
 20
21.45391034894164
  0
LWPOLYLINE
  5
1A4
330
FFA
100
AcDbEntity
  8
ENGRAVE
100
AcDbPolyline
 90
       17
 70
     1
 43
0.0
 10
-180.8949736311453
 20
21.25544748230453
 10
-183.6024101886192
 20
14.43440215814638
 10
-185.1242188731879
 20
11.10037455883952
 10
-186.7712256459617
 20
7.82794460228979
 10
-188.5532952401938
 20
4.625048739159922
 10
-190.480326709184
 20
1.499646460143651
 10
-192.5621964262015
 20
-1.540326024096486
 10
-194.8087346844535
 20
-4.486920622882735
 10
-197.2298522972544
 20
-7.332189485536162
 10
-199.8354137578583
 20
-10.06818464137927
 10
-202.6352954395338
 20
-12.68695835973375
 10
-205.6393506755191
 20
-15.18057394993684
 10
-208.8574557190825
 20
-17.54107228129521
 10
-212.299509503524
 20
-19.76051678314604
 10
-215.9753542020661
 20
-21.83095384480373
 10
-219.8948772279936
 20
-23.74444137559766
 10
-219.8948772279936
 20
21.25544748230453
  0
LWPOLYLINE
  5
1A5
330
FFA
100
AcDbEntity
  8
ENGRAVE
100
AcDbPolyline
 90
        4
 70
     1
 43
0.0
 10
-174.8949884900918
 20
90.25527690442066
 10
-348.8945585406458
 20
90.25527690442066
 10
-348.8945585406458
 20
75.25531399178669
 10
-174.8949884900918
 20
75.25531399178669
  0
LWPOLYLINE
  5
1A6
330
FFA
100
AcDbEntity
  8
ENGRAVE
100
AcDbPolyline
 90
        4
 70
     1
 43
0.0
 10
-267.8947587164225
 20
9.255477080197067
 10
-267.8947587164225
 20
-8.744478462963854
 10
-255.8947883143151
 20
-8.744478462963854
 10
-255.8947883143151
 20
9.255477080197067
  0
LWPOLYLINE
  5
1A7
330
FFA
100
AcDbEntity
  8
ENGRAVE
100
AcDbPolyline
 90
        4
 70
     1
 43
0.0
 10
-273.894743857476
 20
15.25546222125075
 10
-273.894743857476
 20
-14.74446360401737
 10
-249.8948031732612
 20
-14.74446360401737
 10
-249.8948031732612
 20
15.25546222125075
  0
LWPOLYLINE
  5
1A8
330
FFA
100
AcDbEntity
  8
ENGRAVE
100
AcDbPolyline
 90
        4
 70
     1
 43
0.0
 10
-279.8947289985292
 20
21.25544748230453
 10
-243.8948179122077
 20
21.25544748230453
 10
-243.8948179122077
 20
-20.74444874507083
 10
-279.8947289985292
 20
-20.74444874507083
  0
LWPOLYLINE
  5
1A9
330
FFA
100
AcDbEntity
  8
ENGRAVE
100
AcDbPolyline
 90
        5
 70
     1
 43
0.0
 10
56.10444070047202
 20
60.2553510791526
 10
56.10444070047202
 20
117.2552102191619
 10
53.10444806994514
 20
126.2551879907422
 10
101.1043294383736
 20
126.2551879907422
 10
71.10440361310583
 20
60.2553510791526
  0
LWPOLYLINE
  5
1AA
330
FFA
100
AcDbEntity
  8
ENGRAVE
100
AcDbPolyline
 90
        5
 70
     1
 43
0.0
 10
56.10444070047202
 20
25.75543636809465
 10
56.10444070047202
 20
-31.24442277191466
 10
53.10444806994514
 20
-40.24440054349494
 10
101.1043294383736
 20
-40.24440054349494
 10
71.10440361310583
 20
25.75543636809465
  0
LWPOLYLINE
  5
1AB
330
FFA
100
AcDbEntity
  8
ENGRAVE
100
AcDbPolyline
 90
        5
 70
     1
 43
0.0
 10
-510.8941581890929
 20
204.2549723844081
 10
-510.8941581890929
 20
237.2548908402032
 10
-507.8941655585661
 20
246.2548914118142
 10
-569.3940135843654
 20
223.754946982863
 10
-552.8940544164682
 20
204.2549951844388
  0
LWPOLYLINE
  5
1AC
330
FFA
100
AcDbEntity
  8
ENGRAVE
100
AcDbPolyline
 90
        5
 70
     1
 43
0.0
 10
-510.8941581890929
 20
126.2551879907422
 10
-510.8941581890929
 20
93.25526953494767
 10
-507.8941655585661
 20
84.25529176336686
 10
-569.3940135843654
 20
106.7552361923181
 10
-552.8940544164682
 20
126.2551879907422
  0
LWPOLYLINE
  5
1AD
330
FFA
100
AcDbEntity
  8
ENGRAVE
100
AcDbPolyline
 90
        4
 70
     1
 43
0.0
 10
-348.8945585406458
 20
147.2551360444298
 10
-348.8945585406458
 20
249.254884042341
 10
-180.8949736311453
 20
249.254884042341
 10
-180.8949736311453
 20
147.2551360444298
  0
LWPOLYLINE
  5
1AE
330
FFA
100
AcDbEntity
  8
ENGRAVE
100
AcDbPolyline
 90
        4
 70
     1
 43
0.0
 10
-39.89532203638578
 20
210.2549804454924
 10
-135.8950848932432
 20
210.2549804454924
 10
-135.8950848932432
 20
159.2551064465369
 10
-39.89532203638578
 20
159.2551064465369
  0
LWPOLYLINE
  5
1AF
330
FFA
100
AcDbEntity
  8
ENGRAVE
100
AcDbPolyline
 90
        4
 70
     1
 43
0.0
 10
-381.8944769964405
 20
51.25537330757231
 10
-477.8942397332982
 20
51.25537330757231
 10
-477.8942397332982
 20
0.2554993086166064
 10
-381.8944769964405
 20
0.2554993086166064
  0
LWPOLYLINE
  5
1B0
330
FFA
100
AcDbEntity
  8
ENGRAVE
100
AcDbPolyline
 90
        4
 70
     1
 43
0.0
 10
-384.8944695069672
 20
195.2550174128584
 10
-474.8942471027714
 20
195.2550174128584
 10
-474.8942471027714
 20
135.2551657623225
 10
-384.8944695069672
 20
135.2551657623225
  0
LWPOLYLINE
  5
1B1
330
FFA
100
AcDbEntity
  8
ENGRAVE
100
AcDbPolyline
 90
        4
 70
     1
 43
0.0
 10
-384.8944695069672
 20
246.2548914118142
 10
-474.8942471027714
 20
246.2548914118142
 10
-474.8942471027714
 20
210.2549804454924
 10
-384.8944695069672
 20
210.2549804454924
  0
LWPOLYLINE
  5
1B2
330
FFA
100
AcDbEntity
  8
ENGRAVE
100
AcDbPolyline
 90
        4
 70
     1
 43
0.0
 10
9.875366431144186
 20
212.538045792819
 10
99.87514402694836
 20
212.538045792819
 10
99.87514402694836
 20
158.5381791633364
 10
9.875366431144186
 20
158.5381791633364
  0
LWPOLYLINE
  5
1B3
330
FFA
100
AcDbEntity
  8
ENGRAVE
100
AcDbPolyline
 90
       17
 70
     1
 43
0.0
 10
-141.8950700342967
 20
21.25544748230453
 10
-139.1876163167997
 20
14.43440215814638
 10
-137.6658190322462
 20
11.10037455883952
 10
-136.0188180194799
 20
7.82794460228979
 10
-134.2367399052363
 20
4.625048739159922
 10
-132.3097111962497
 20
1.499646460143651
 10
-130.2278529992477
 20
-1.540326024096486
 10
-127.9813032209805
 20
-4.486920622882735
 10
-125.5601857281797
 20
-7.332189485536162
 10
-122.9546241475754
 20
-10.06818464137927
 10
-120.1547539859159
 20
-12.68695835973375
 10
-117.150695869927
 20
-15.18057394993684
 10
-113.932582306352
 20
-17.54107228129521
 10
-110.490534161918
 20
-19.76051678314604
 10
-106.8146894633756
 20
-21.83095384480373
 10
-102.8951664374481
 20
-23.74444137559766
 10
-102.8951664374481
 20
21.25544748230453
  0
LWPOLYLINE
  5
1B4
330
FFA
100
AcDbEntity
  8
ENGRAVE
100
AcDbPolyline
 90
       17
 70
     1
 43
0.0
 10
-342.8945732795921
 20
21.25544748230453
 10
-340.1871139220875
 20
14.43440215814638
 10
-338.6653281575493
 20
11.10037455883952
 10
-337.0183213847755
 20
7.82794460228979
 10
-335.2362403905279
 20
4.625048739159922
 10
-333.3092088015376
 20
1.499646460143651
 10
-331.2273620045504
 20
-1.540326024096486
 10
-328.9808122262836
 20
-4.486920622882735
 10
-326.5596947334824
 20
-7.332189485536162
 10
-323.9541332728788
 20
-10.06818464137927
 10
-321.1542514712034
 20
-12.68695835973375
 10
-318.1501963552185
 20
-15.18057394993684
 10
-314.9320799116395
 20
-17.54107228129521
 10
-311.4900374072135
 20
-19.76051678314604
 10
-307.8141928286711
 20
-21.83095384480373
 10
-303.8946696827439
 20
-23.74444137559766
 10
-303.8946696827439
 20
21.25544748230453
  0
ENDSEC
  0
SECTION
  2
OBJECTS
  0
DICTIONARY
  5
F96
330
0
100
AcDbDictionary
281
     1
  3
ACAD_BACKGROUND
350
1008
  3
ACAD_CIP_PREVIOUS_PRODUCT_INFO
350
1007
  3
ACAD_COLOR
350
FEC
  3
ACAD_DETAILVIEWSTYLE
350
FF4
  3
ACAD_GROUP
350
F97
  3
ACAD_LAYOUT
350
FEB
  3
ACAD_MATERIAL
350
F9A
  3
ACAD_MLEADERSTYLE
350
FEF
  3
ACAD_MLINESTYLE
350
FE8
  3
ACAD_PLOTSETTINGS
350
FEA
  3
ACAD_PLOTSTYLENAME
350
F98
  3
ACAD_SCALELIST
350
FCC
  3
ACAD_SECTIONVIEWSTYLE
350
FF1
  3
ACAD_TABLESTYLE
350
FED
  3
ACAD_VISUALSTYLE
350
FB3
  3
ACDB_RECOMPOSE_DATA
350
10C9
  3
AcDbVariableDictionary
350
1017
  0
DICTIONARY
  5
1013
330
FDE
100
AcDbDictionary
280
     1
281
     1
  3
ADSK_XREC_LAYER_RECONCILED
360
1014
  0
DICTIONARY
  5
1015
330
1000
100
AcDbDictionary
280
     1
281
     1
  3
ADSK_XREC_LAYER_RECONCILED
360
1016
  0
DICTIONARY
  5
1008
102
{ACAD_REACTORS
330
F96
102
}
330
F96
100
AcDbDictionary
281
     1
  0
XRECORD
  5
1007
102
{ACAD_REACTORS
330
F96
102
}
330
F96
100
AcDbXrecord
280
     1
300
ACD
300
2013
300
ACD_F_S
  0
DICTIONARY
  5
FEC
102
{ACAD_REACTORS
330
F96
102
}
330
F96
100
AcDbDictionary
281
     1
  0
DICTIONARY
  5
FF4
102
{ACAD_REACTORS
330
F96
102
}
330
F96
100
AcDbDictionary
281
     1
  3
Imperial24
350
FF5
  0
DICTIONARY
  5
F97
102
{ACAD_REACTORS
330
F96
102
}
330
F96
100
AcDbDictionary
281
     1
  0
DICTIONARY
  5
FEB
102
{ACAD_REACTORS
330
F96
102
}
330
F96
100
AcDbDictionary
281
     1
  3
Layout1
350
FF9
  3
Model
350
FFD
  0
DICTIONARY
  5
F9A
102
{ACAD_REACTORS
330
F96
102
}
330
F96
100
AcDbDictionary
281
     1
  3
ByBlock
350
FA3
  3
ByLayer
350
F9B
  3
Global
350
FAB
  0
DICTIONARY
  5
FEF
102
{ACAD_REACTORS
330
F96
102
}
330
F96
100
AcDbDictionary
281
     1
  3
Standard
350
FF0
  0
DICTIONARY
  5
FE8
102
{ACAD_REACTORS
330
F96
102
}
330
F96
100
AcDbDictionary
281
     1
  3
Standard
350
FE9
  0
DICTIONARY
  5
FEA
102
{ACAD_REACTORS
330
F96
102
}
330
F96
100
AcDbDictionary
281
     1
  0
ACDBDICTIONARYWDFLT
  5
F98
102
{ACAD_REACTORS
330
F96
102
}
330
F96
100
AcDbDictionary
281
     1
  3
Normal
350
F99
100
AcDbDictionaryWithDefault
340
F99
  0
DICTIONARY
  5
FCC
102
{ACAD_REACTORS
330
F96
102
}
330
F96
100
AcDbDictionary
281
     1
  3
A0
350
FCD
  3
A1
350
FCE
  3
A2
350
FCF
  3
A3
350
FD0
  3
A4
350
FD1
  3
A5
350
FD2
  3
A6
350
FD3
  3
A7
350
FD4
  3
A8
350
FD5
  3
A9
350
FD6
  3
B0
350
FD7
  3
B1
350
FD8
  3
B2
350
FD9
  3
B3
350
FDA
  3
B4
350
FDB
  3
B5
350
FDC
  3
B6
350
FDD
  0
DICTIONARY
  5
FF1
102
{ACAD_REACTORS
330
F96
102
}
330
F96
100
AcDbDictionary
281
     1
  3
Imperial24
350
FF3
  0
DICTIONARY
  5
FED
102
{ACAD_REACTORS
330
F96
102
}
330
F96
100
AcDbDictionary
281
     1
  3
Standard
350
FEE
  0
DICTIONARY
  5
FB3
102
{ACAD_REACTORS
330
F96
102
}
330
F96
100
AcDbDictionary
281
     1
  3
2dWireframe
350
FB9
  3
Basic
350
FB8
  3
Brighten
350
FBF
  3
ColorChange
350
FC3
  3
Conceptual
350
FBC
  3
Dim
350
FBE
  3
EdgeColorOff
350
FCB
  3
Facepattern
350
FC2
  3
Flat
350
FB4
  3
FlatWithEdges
350
FB5
  3
Gouraud
350
FB6
  3
GouraudWithEdges
350
FB7
  3
Hidden
350
FBB
  3
JitterOff
350
FC9
  3
Linepattern
350
FC1
  3
OverhangOff
350
FCA
  3
Realistic
350
FBD
  3
Shaded
350
FC8
  3
Shaded with edges
350
FC7
  3
Shades of Gray
350
FC4
  3
Sketchy
350
FC5
  3
Thicken
350
FC0
  3
Wireframe
350
FBA
  3
X-Ray
350
FC6
  0
XRECORD
  5
10C9
102
{ACAD_REACTORS
330
F96
102
}
330
F96
100
AcDbXrecord
280
     1
 90
        1
330
FEE
  0
DICTIONARY
  5
1017
102
{ACAD_REACTORS
330
F96
102
}
330
F96
100
AcDbDictionary
281
     1
  3
CANNOSCALE
350
101C
  3
CMLEADERSTYLE
350
1019
  3
CTABLESTYLE
350
1018
  3
CVIEWDETAILSTYLE
350
101A
  3
CVIEWSECTIONSTYLE
350
101B
  3
XCLIPFRAME
350
101D
  0
XRECORD
  5
1014
102
{ACAD_REACTORS
330
1013
102
}
330
1013
100
AcDbXrecord
280
     1
290
     1
  0
XRECORD
  5
1016
102
{ACAD_REACTORS
330
1015
102
}
330
1015
100
AcDbXrecord
280
     1
290
     1
  0
ACDBDETAILVIEWSTYLE
  5
FF5
102
{ACAD_REACTORS
330
FF4
102
}
330
FF4
100
AcDbModelDocViewStyle
 70
     0
  3
Imperial24
290
     0
100
AcDbDetailViewStyle
 70
     0
 71
     0
 90
        3
 71
     1
340
FDF
 62
   256
 40
0.24
340
0
 62
   256
 40
0.24
300

 40
0.36
280
     3
 71
     2
340
FE6
 90
       25
 62
   256
 71
     3
340
FDF
 62
   256
 40
0.24
 90
        1
 40
0.75
 90
        1
300
%<\AcVar ViewType \f "%tc1">% %<\AcVar ViewDetailId>%\PSCALE %<\AcVar ViewScale \f "%sn">%
 71
     4
340
FE6
 90
       25
 62
   256
340
FE6
 90
       25
 62
   256
280
     0
  0
LAYOUT
  5
FF9
102
{ACAD_REACTORS
330
FEB
102
}
330
FEB
100
AcDbPlotSettings
  1

  2
Disc Publisher II
  4

  6

 40
0.0
 41
0.0
 42
0.0
 43
0.0
 44
0.0
 45
0.0
 46
0.0
 47
0.0
 48
0.0
 49
0.0
140
0.0
141
0.0
142
1.0
143
1.0
 70
   688
 72
     0
 73
     0
 74
     5
  7

 75
    16
147
1.0
 76
     0
 77
     2
 78
   300
148
0.0
149
0.0
100
AcDbLayout
  1
Layout1
 70
     1
 71
     1
 10
0.0
 20
0.0
 11
12.0
 21
9.0
 12
0.0
 22
0.0
 32
0.0
 14
1.000000000000000E+20
 24
1.000000000000000E+20
 34
1.000000000000000E+20
 15
-1.000000000000000E+20
 25
-1.000000000000000E+20
 35
-1.000000000000000E+20
146
0.0
 13
0.0
 23
0.0
 33
0.0
 16
1.0
 26
0.0
 36
0.0
 17
0.0
 27
1.0
 37
0.0
 76
     0
330
FF6
  0
LAYOUT
  5
FFD
102
{ACAD_REACTORS
330
FEB
102
}
330
FEB
100
AcDbPlotSettings
  1

  2
Disc Publisher II
  4

  6

 40
0.0
 41
0.0
 42
0.0
 43
0.0
 44
0.0
 45
0.0
 46
0.0
 47
0.0
 48
0.0
 49
0.0
140
0.0
141
0.0
142
1.0
143
1.0
 70
  1712
 72
     0
 73
     0
 74
     0
  7

 75
     0
147
1.0
 76
     0
 77
     2
 78
   300
148
0.0
149
0.0
100
AcDbLayout
  1
Model
 70
     1
 71
     0
 10
0.0
 20
0.0
 11
12.0
 21
9.0
 12
0.0
 22
0.0
 32
0.0
 14
0.0
 24
0.0
 34
0.0
 15
0.0
 25
0.0
 35
0.0
146
0.0
 13
0.0
 23
0.0
 33
0.0
 16
1.0
 26
0.0
 36
0.0
 17
0.0
 27
1.0
 37
0.0
 76
     0
330
FFA
331
FFE
  0
MATERIAL
  5
FA3
102
{ACAD_XDICTIONARY
360
FA4
102
}
102
{ACAD_REACTORS
330
F9A
102
}
330
F9A
100
AcDbMaterial
  1
ByBlock
 72
     0
 43
0.0208333333333333
 43
0.0
 43
0.0
 43
0.0
 43
0.0
 43
0.0208333333333333
 43
0.0
 43
0.0
 43
0.0
 43
0.0
 43
1.0
 43
0.0
 43
0.0
 43
0.0
 43
0.0
 43
1.0
 77
     0
 47
0.0208333333333333
 47
0.0
 47
0.0
 47
0.0
 47
0.0
 47
0.0208333333333333
 47
0.0
 47
0.0
 47
0.0
 47
0.0
 47
1.0
 47
0.0
 47
0.0
 47
0.0
 47
0.0
 47
1.0
171
     0
 49
0.0208333333333333
 49
0.0
 49
0.0
 49
0.0
 49
0.0
 49
0.0208333333333333
 49
0.0
 49
0.0
 49
0.0
 49
0.0
 49
1.0
 49
0.0
 49
0.0
 49
0.0
 49
0.0
 49
1.0
175
     0
142
0.0208333333333333
142
0.0
142
0.0
142
0.0
142
0.0
142
0.0208333333333333
142
0.0
142
0.0
142
0.0
142
0.0
142
1.0
142
0.0
142
0.0
142
0.0
142
0.0
142
1.0
179
     0
144
0.0208333333333333
144
0.0
144
0.0
144
0.0
144
0.0
144
0.0208333333333333
144
0.0
144
0.0
144
0.0
144
0.0
144
1.0
144
0.0
144
0.0
144
0.0
144
0.0
144
1.0
147
0.0208333333333333
147
0.0
147
0.0
147
0.0
147
0.0
147
0.0208333333333333
147
0.0
147
0.0
147
0.0
147
0.0
147
1.0
147
0.0
147
0.0
147
0.0
147
0.0
147
1.0
  0
MATERIAL
  5
F9B
102
{ACAD_XDICTIONARY
360
F9C
102
}
102
{ACAD_REACTORS
330
F9A
102
}
330
F9A
100
AcDbMaterial
  1
ByLayer
 72
     0
 43
0.0208333333333333
 43
0.0
 43
0.0
 43
0.0
 43
0.0
 43
0.0208333333333333
 43
0.0
 43
0.0
 43
0.0
 43
0.0
 43
1.0
 43
0.0
 43
0.0
 43
0.0
 43
0.0
 43
1.0
 77
     0
 47
0.0208333333333333
 47
0.0
 47
0.0
 47
0.0
 47
0.0
 47
0.0208333333333333
 47
0.0
 47
0.0
 47
0.0
 47
0.0
 47
1.0
 47
0.0
 47
0.0
 47
0.0
 47
0.0
 47
1.0
171
     0
 49
0.0208333333333333
 49
0.0
 49
0.0
 49
0.0
 49
0.0
 49
0.0208333333333333
 49
0.0
 49
0.0
 49
0.0
 49
0.0
 49
1.0
 49
0.0
 49
0.0
 49
0.0
 49
0.0
 49
1.0
175
     0
142
0.0208333333333333
142
0.0
142
0.0
142
0.0
142
0.0
142
0.0208333333333333
142
0.0
142
0.0
142
0.0
142
0.0
142
1.0
142
0.0
142
0.0
142
0.0
142
0.0
142
1.0
179
     0
144
0.0208333333333333
144
0.0
144
0.0
144
0.0
144
0.0
144
0.0208333333333333
144
0.0
144
0.0
144
0.0
144
0.0
144
1.0
144
0.0
144
0.0
144
0.0
144
0.0
144
1.0
147
0.0208333333333333
147
0.0
147
0.0
147
0.0
147
0.0
147
0.0208333333333333
147
0.0
147
0.0
147
0.0
147
0.0
147
1.0
147
0.0
147
0.0
147
0.0
147
0.0
147
1.0
  0
MATERIAL
  5
FAB
102
{ACAD_XDICTIONARY
360
FAC
102
}
102
{ACAD_REACTORS
330
F9A
102
}
330
F9A
100
AcDbMaterial
  1
Global
 72
     0
 43
0.0208333333333333
 43
0.0
 43
0.0
 43
0.0
 43
0.0
 43
0.0208333333333333
 43
0.0
 43
0.0
 43
0.0
 43
0.0
 43
1.0
 43
0.0
 43
0.0
 43
0.0
 43
0.0
 43
1.0
 77
     0
 47
0.0208333333333333
 47
0.0
 47
0.0
 47
0.0
 47
0.0
 47
0.0208333333333333
 47
0.0
 47
0.0
 47
0.0
 47
0.0
 47
1.0
 47
0.0
 47
0.0
 47
0.0
 47
0.0
 47
1.0
171
     0
 49
0.0208333333333333
 49
0.0
 49
0.0
 49
0.0
 49
0.0
 49
0.0208333333333333
 49
0.0
 49
0.0
 49
0.0
 49
0.0
 49
1.0
 49
0.0
 49
0.0
 49
0.0
 49
0.0
 49
1.0
175
     0
142
0.0208333333333333
142
0.0
142
0.0
142
0.0
142
0.0
142
0.0208333333333333
142
0.0
142
0.0
142
0.0
142
0.0
142
1.0
142
0.0
142
0.0
142
0.0
142
0.0
142
1.0
179
     0
144
0.0208333333333333
144
0.0
144
0.0
144
0.0
144
0.0
144
0.0208333333333333
144
0.0
144
0.0
144
0.0
144
0.0
144
1.0
144
0.0
144
0.0
144
0.0
144
0.0
144
1.0
147
0.0208333333333333
147
0.0
147
0.0
147
0.0
147
0.0
147
0.0208333333333333
147
0.0
147
0.0
147
0.0
147
0.0
147
1.0
147
0.0
147
0.0
147
0.0
147
0.0
147
1.0
  0
MLEADERSTYLE
  5
FF0
102
{ACAD_REACTORS
330
FEF
102
}
330
FEF
100
AcDbMLeaderStyle
170
     2
171
     1
172
     0
 90
        2
 40
0.0
 41
0.0
173
     1
 91
-1056964608
340
FE4
 92
       -2
290
     1
 42
0.09
291
     1
 43
0.36
  3
Standard
 44
0.18
300

342
FDF
174
     1
178
     6
175
     1
176
     0
 93
-1056964608
 45
0.18
292
     0
297
     0
 46
0.18
 94
-1056964608
 47
1.0
 49
1.0
140
1.0
293
     1
141
0.0
294
     1
177
     0
142
1.0
295
     0
296
     0
143
0.125
1001
ACAD_MLEADERVER
1070
     2
  0
MLINESTYLE
  5
FE9
102
{ACAD_REACTORS
330
FE8
102
}
330
FE8
100
AcDbMlineStyle
  2
STANDARD
 70
     0
  3

 62
   256
 51
90.0
 52
90.0
 71
     2
 49
0.5
 62
   256
  6
BYLAYER
 49
-0.5
 62
   256
  6
BYLAYER
  0
ACDBPLACEHOLDER
  5
F99
102
{ACAD_REACTORS
330
F98
102
}
330
F98
  0
SCALE
  5
FCD
102
{ACAD_REACTORS
330
FCC
102
}
330
FCC
100
AcDbScale
 70
     0
300
1:1
140
1.0
141
1.0
290
     1
  0
SCALE
  5
FCE
102
{ACAD_REACTORS
330
FCC
102
}
330
FCC
100
AcDbScale
 70
     0
300
1/128" = 1'-0"
140
0.0078125
141
12.0
290
     0
  0
SCALE
  5
FCF
102
{ACAD_REACTORS
330
FCC
102
}
330
FCC
100
AcDbScale
 70
     0
300
1/64" = 1'-0"
140
0.015625
141
12.0
290
     0
  0
SCALE
  5
FD0
102
{ACAD_REACTORS
330
FCC
102
}
330
FCC
100
AcDbScale
 70
     0
300
1/32" = 1'-0"
140
0.03125
141
12.0
290
     0
  0
SCALE
  5
FD1
102
{ACAD_REACTORS
330
FCC
102
}
330
FCC
100
AcDbScale
 70
     0
300
1/16" = 1'-0"
140
0.0625
141
12.0
290
     0
  0
SCALE
  5
FD2
102
{ACAD_REACTORS
330
FCC
102
}
330
FCC
100
AcDbScale
 70
     0
300
3/32" = 1'-0"
140
0.09375
141
12.0
290
     0
  0
SCALE
  5
FD3
102
{ACAD_REACTORS
330
FCC
102
}
330
FCC
100
AcDbScale
 70
     0
300
1/8" = 1'-0"
140
0.125
141
12.0
290
     0
  0
SCALE
  5
FD4
102
{ACAD_REACTORS
330
FCC
102
}
330
FCC
100
AcDbScale
 70
     0
300
3/16" = 1'-0"
140
0.1875
141
12.0
290
     0
  0
SCALE
  5
FD5
102
{ACAD_REACTORS
330
FCC
102
}
330
FCC
100
AcDbScale
 70
     0
300
1/4" = 1'-0"
140
0.25
141
12.0
290
     0
  0
SCALE
  5
FD6
102
{ACAD_REACTORS
330
FCC
102
}
330
FCC
100
AcDbScale
 70
     0
300
3/8" = 1'-0"
140
0.375
141
12.0
290
     0
  0
SCALE
  5
FD7
102
{ACAD_REACTORS
330
FCC
102
}
330
FCC
100
AcDbScale
 70
     0
300
1/2" = 1'-0"
140
0.5
141
12.0
290
     0
  0
SCALE
  5
FD8
102
{ACAD_REACTORS
330
FCC
102
}
330
FCC
100
AcDbScale
 70
     0
300
3/4" = 1'-0"
140
0.75
141
12.0
290
     0
  0
SCALE
  5
FD9
102
{ACAD_REACTORS
330
FCC
102
}
330
FCC
100
AcDbScale
 70
     0
300
1" = 1'-0"
140
1.0
141
12.0
290
     0
  0
SCALE
  5
FDA
102
{ACAD_REACTORS
330
FCC
102
}
330
FCC
100
AcDbScale
 70
     0
300
1-1/2" = 1'-0"
140
1.5
141
12.0
290
     0
  0
SCALE
  5
FDB
102
{ACAD_REACTORS
330
FCC
102
}
330
FCC
100
AcDbScale
 70
     0
300
3" = 1'-0"
140
3.0
141
12.0
290
     0
  0
SCALE
  5
FDC
102
{ACAD_REACTORS
330
FCC
102
}
330
FCC
100
AcDbScale
 70
     0
300
6" = 1'-0"
140
6.0
141
12.0
290
     0
  0
SCALE
  5
FDD
102
{ACAD_REACTORS
330
FCC
102
}
330
FCC
100
AcDbScale
 70
     0
300
1'-0" = 1'-0"
140
12.0
141
12.0
290
     0
  0
ACDBSECTIONVIEWSTYLE
  5
FF3
102
{ACAD_REACTORS
330
FF1
102
}
330
FF1
100
AcDbModelDocViewStyle
 70
     0
  3
Imperial24
290
     0
100
AcDbSectionViewStyle
 70
     0
 71
     0
 90
       78
 71
     1
340
FDF
 62
   256
 40
0.24
340
0
340
0
 62
   256
 40
0.24
300
I, O, Q, S, X, Z
 40
0.48
 90
        3
 40
0.18
 90
        1
 71
     2
340
FF2
 90
       25
 62
   256
340
FE6
 90
       50
 62
   256
 40
0.24
 40
0.0
 40
0.24
 71
     3
340
FDF
 62
   256
 40
0.24
 90
        1
 40
0.75
 90
        1
300
%<\AcVar ViewType \f "%tc1">% %<\AcVar ViewSectionStartId>%-%<\AcVar ViewSectionEndId>%\PSCALE %<\AcVar ViewScale \f "%sn">%
 71
     4
 62
   256
 62
   257
300
ANSI31
 40
1.0
 90
        0
290
     0
290
     0
 90
        6
 40
0.0
 40
1.570796326794896
 40
0.2617993877991494
 40
1.308996938995747
 40
-0.2617993877991494
 40
1.832595714594046
  0
TABLESTYLE
  5
FEE
102
{ACAD_XDICTIONARY
360
10C7
102
}
102
{ACAD_REACTORS
330
FED
102
}
330
FED
100
AcDbTableStyle
  3
Standard
 70
     0
 71
     0
 40
0.06
 41
0.06
280
     0
281
     0
  7
STANDARD
140
0.18
170
     2
 62
     0
 63
     7
283
     0
274
    -2
284
     1
 64
     0
275
    -2
285
     1
 65
     0
276
    -2
286
     1
 66
     0
277
    -2
287
     1
 67
     0
278
    -2
288
     1
 68
     0
279
    -2
289
     1
 69
     0
  7
STANDARD
140
0.25
170
     5
 62
     0
 63
     7
283
     0
274
    -2
284
     1
 64
     0
275
    -2
285
     1
 65
     0
276
    -2
286
     1
 66
     0
277
    -2
287
     1
 67
     0
278
    -2
288
     1
 68
     0
279
    -2
289
     1
 69
     0
  7
STANDARD
140
0.18
170
     5
 62
     0
 63
     7
283
     0
274
    -2
284
     1
 64
     0
275
    -2
285
     1
 65
     0
276
    -2
286
     1
 66
     0
277
    -2
287
     1
 67
     0
278
    -2
288
     1
 68
     0
279
    -2
289
     1
 69
     0
  0
VISUALSTYLE
  5
FB9
102
{ACAD_XDICTIONARY
360
10D7
102
}
102
{ACAD_REACTORS
330
FB3
102
}
330
FB3
100
AcDbVisualStyle
  2
2dWireframe
 70
     4
 71
     0
 72
     2
 73
     0
 90
        0
 40
-0.6
 41
-30.0
 62
     5
 63
     7
421
 16777215
 74
     1
 91
        4
 64
     7
 65
   257
 75
     1
175
     1
 42
1.0
 92
        0
 66
   257
 43
1.0
 76
     1
 77
     6
 78
     2
 67
     7
 79
     5
170
     0
171
     0
290
     0
174
     0
 93
        1
 44
0.0
173
     0
291
     0
 45
0.0
1001
ACAD
1000
AcDbSavedByObjectVersion
1070
     0
  0
VISUALSTYLE
  5
FB8
102
{ACAD_XDICTIONARY
360
10D5
102
}
102
{ACAD_REACTORS
330
FB3
102
}
330
FB3
100
AcDbVisualStyle
  2
Basic
 70
     7
 71
     1
 72
     0
 73
     1
 90
        0
 40
-0.6
 41
-30.0
 62
     5
 63
     7
421
 16777215
 74
     0
 91
        4
 64
     7
 65
   257
 75
     1
175
     1
 42
1.0
 92
        8
 66
     7
 43
1.0
 76
     1
 77
     6
 78
     2
 67
     7
 79
     5
170
     0
171
     0
290
     0
174
     0
 93
        1
 44
0.0
173
     0
291
     1
 45
0.0
1001
ACAD
1000
AcDbSavedByObjectVersion
1070
     0
  0
VISUALSTYLE
  5
FBF
102
{ACAD_XDICTIONARY
360
10E3
102
}
102
{ACAD_REACTORS
330
FB3
102
}
330
FB3
100
AcDbVisualStyle
  2
Brighten
 70
    12
 71
     2
 72
     2
 73
     0
 90
        0
 40
-0.6
 41
-30.0
 62
     5
 63
     7
421
 16777215
 74
     1
 91
        4
 64
     7
 65
   257
 75
     1
175
     1
 42
1.0
 92
        8
 66
     7
 43
1.0
 76
     1
 77
     6
 78
     2
 67
     7
 79
     5
170
     0
171
     0
290
     0
174
     0
 93
        1
 44
50.0
173
     0
291
     1
 45
0.0
1001
ACAD
1000
AcDbSavedByObjectVersion
1070
     0
  0
VISUALSTYLE
  5
FC3
102
{ACAD_XDICTIONARY
360
10EB
102
}
102
{ACAD_REACTORS
330
FB3
102
}
330
FB3
100
AcDbVisualStyle
  2
ColorChange
 70
    16
 71
     2
 72
     2
 73
     3
 90
        0
 40
-0.6
 41
-30.0
 62
     5
 63
     8
421
  8421504
 74
     1
 91
        4
 64
     7
 65
   257
 75
     1
175
     1
 42
1.0
 92
        8
 66
     8
424
  8421504
 43
1.0
 76
     1
 77
     6
 78
     2
 67
     7
 79
     5
170
     0
171
     0
290
     0
174
     0
 93
        1
 44
0.0
173
     0
291
     1
 45
0.0
1001
ACAD
1000
AcDbSavedByObjectVersion
1070
     0
  0
VISUALSTYLE
  5
FBC
102
{ACAD_XDICTIONARY
360
10DD
102
}
102
{ACAD_REACTORS
330
FB3
102
}
330
FB3
100
AcDbVisualStyle
  2
Conceptual
 70
     9
 71
     3
 72
     2
 73
     0
 90
        0
 40
-0.6
 41
-30.0
 62
     5
 63
     7
421
 16777215
 74
     2
 91
        2
 64
     7
 65
   257
 75
     1
175
     1
 42
179.0
 92
        8
 66
     7
 43
1.0
 76
     1
 77
     6
 78
     2
 67
     7
 79
     3
170
     0
171
     0
290
     0
174
     0
 93
        1
 44
0.0
173
     0
291
     0
 45
0.0
1001
ACAD
1000
AcDbSavedByObjectVersion
1070
     0
  0
VISUALSTYLE
  5
FBE
102
{ACAD_XDICTIONARY
360
10E1
102
}
102
{ACAD_REACTORS
330
FB3
102
}
330
FB3
100
AcDbVisualStyle
  2
Dim
 70
    11
 71
     2
 72
     2
 73
     0
 90
        0
 40
-0.6
 41
-30.0
 62
     5
 63
     7
421
 16777215
 74
     1
 91
        4
 64
     7
 65
   257
 75
     1
175
     1
 42
1.0
 92
        8
 66
     7
 43
1.0
 76
     1
 77
     6
 78
     2
 67
     7
 79
     5
170
     0
171
     0
290
     0
174
     0
 93
        1
 44
-50.0
173
     0
291
     1
 45
0.0
1001
ACAD
1000
AcDbSavedByObjectVersion
1070
     0
  0
VISUALSTYLE
  5
FCB
102
{ACAD_XDICTIONARY
360
10FB
102
}
102
{ACAD_REACTORS
330
FB3
102
}
330
FB3
100
AcDbVisualStyle
  2
EdgeColorOff
 70
    22
 71
     2
 72
     2
 73
     0
 90
        0
 40
-0.6
 41
-30.0
 62
     5
 63
     7
421
 16777215
 74
     1
 91
        4
 64
     7
 65
   257
 75
     1
175
     1
 42
1.0
 92
        8
 66
     7
 43
1.0
 76
     1
 77
     6
 78
     2
 67
     7
 79
     5
170
     0
171
     0
290
     0
174
     0
 93
        1
 44
0.0
173
     0
291
     1
 45
0.0
1001
ACAD
1000
AcDbSavedByObjectVersion
1070
     0
  0
VISUALSTYLE
  5
FC2
102
{ACAD_XDICTIONARY
360
10E9
102
}
102
{ACAD_REACTORS
330
FB3
102
}
330
FB3
100
AcDbVisualStyle
  2
Facepattern
 70
    15
 71
     2
 72
     2
 73
     0
 90
        0
 40
-0.6
 41
-30.0
 62
     5
 63
     7
421
 16777215
 74
     1
 91
        4
 64
     7
 65
   257
 75
     1
175
     1
 42
1.0
 92
        8
 66
     7
 43
1.0
 76
     1
 77
     6
 78
     2
 67
     7
 79
     5
170
     0
171
     0
290
     0
174
     0
 93
        1
 44
0.0
173
     0
291
     1
 45
0.0
1001
ACAD
1000
AcDbSavedByObjectVersion
1070
     0
  0
VISUALSTYLE
  5
FB4
102
{ACAD_XDICTIONARY
360
10CD
102
}
102
{ACAD_REACTORS
330
FB3
102
}
330
FB3
100
AcDbVisualStyle
  2
Flat
 70
     0
 71
     2
 72
     1
 73
     1
 90
        2
 40
-0.6
 41
30.0
 62
     5
 63
     7
421
 16777215
 74
     0
 91
        0
 64
     7
 65
   257
 75
     1
175
     1
 42
1.0
 92
        8
 66
     7
 43
1.0
 76
     1
 77
     6
 78
     2
 67
     7
 79
     5
170
     0
171
     0
290
     0
174
     0
 93
       13
 44
0.0
173
     0
291
     1
 45
0.0
1001
ACAD
1000
AcDbSavedByObjectVersion
1070
     0
  0
VISUALSTYLE
  5
FB5
102
{ACAD_XDICTIONARY
360
10CF
102
}
102
{ACAD_REACTORS
330
FB3
102
}
330
FB3
100
AcDbVisualStyle
  2
FlatWithEdges
 70
     1
 71
     2
 72
     1
 73
     1
 90
        2
 40
-0.6
 41
30.0
 62
     5
 63
     7
421
 16777215
 74
     1
 91
        0
 64
     7
 65
   257
 75
     1
175
     1
 42
1.0
 92
        0
 66
   257
 43
1.0
 76
     1
 77
     6
 78
     2
 67
     7
 79
     5
170
     0
171
     0
290
     0
174
     0
 93
       13
 44
0.0
173
     0
291
     1
 45
0.0
1001
ACAD
1000
AcDbSavedByObjectVersion
1070
     0
  0
VISUALSTYLE
  5
FB6
102
{ACAD_XDICTIONARY
360
10D1
102
}
102
{ACAD_REACTORS
330
FB3
102
}
330
FB3
100
AcDbVisualStyle
  2
Gouraud
 70
     2
 71
     2
 72
     2
 73
     1
 90
        2
 40
-0.6
 41
30.0
 62
     5
 63
     7
421
 16777215
 74
     0
 91
        0
 64
     7
 65
   257
 75
     1
175
     1
 42
1.0
 92
        0
 66
     7
 43
1.0
 76
     1
 77
     6
 78
     2
 67
     7
 79
     5
170
     0
171
     0
290
     0
174
     0
 93
       13
 44
0.0
173
     0
291
     1
 45
0.0
1001
ACAD
1000
AcDbSavedByObjectVersion
1070
     0
  0
VISUALSTYLE
  5
FB7
102
{ACAD_XDICTIONARY
360
10D3
102
}
102
{ACAD_REACTORS
330
FB3
102
}
330
FB3
100
AcDbVisualStyle
  2
GouraudWithEdges
 70
     3
 71
     2
 72
     2
 73
     1
 90
        2
 40
-0.6
 41
30.0
 62
     5
 63
     7
421
 16777215
 74
     1
 91
        0
 64
     7
 65
   257
 75
     1
175
     1
 42
1.0
 92
        0
 66
   257
 43
1.0
 76
     1
 77
     6
 78
     2
 67
     7
 79
     5
170
     0
171
     0
290
     0
174
     0
 93
       13
 44
0.0
173
     0
291
     1
 45
0.0
1001
ACAD
1000
AcDbSavedByObjectVersion
1070
     0
  0
VISUALSTYLE
  5
FBB
102
{ACAD_XDICTIONARY
360
10DB
102
}
102
{ACAD_REACTORS
330
FB3
102
}
330
FB3
100
AcDbVisualStyle
  2
Hidden
 70
     6
 71
     1
 72
     2
 73
     2
 90
        0
 40
-0.6
 41
-30.0
 62
     5
 63
     7
421
 16777215
 74
     2
 91
        2
 64
     7
 65
   257
 75
     2
175
     1
 42
40.0
 92
        0
 66
   257
 43
1.0
 76
     1
 77
     6
 78
     2
 67
     7
 79
     3
170
     0
171
     0
290
     0
174
     0
 93
        1
 44
0.0
173
     0
291
     0
 45
0.0
1001
ACAD
1000
AcDbSavedByObjectVersion
1070
     0
  0
VISUALSTYLE
  5
FC9
102
{ACAD_XDICTIONARY
360
10F7
102
}
102
{ACAD_REACTORS
330
FB3
102
}
330
FB3
100
AcDbVisualStyle
  2
JitterOff
 70
    20
 71
     2
 72
     2
 73
     0
 90
        0
 40
-0.6
 41
-30.0
 62
     5
 63
     7
421
 16777215
 74
     1
 91
        4
 64
     7
 65
   257
 75
     1
175
     1
 42
1.0
 92
       10
 66
     7
 43
1.0
 76
     1
 77
     6
 78
     2
 67
     7
 79
     5
170
     0
171
     0
290
     0
174
     0
 93
        1
 44
0.0
173
     0
291
     1
 45
0.0
1001
ACAD
1000
AcDbSavedByObjectVersion
1070
     0
  0
VISUALSTYLE
  5
FC1
102
{ACAD_XDICTIONARY
360
10E7
102
}
102
{ACAD_REACTORS
330
FB3
102
}
330
FB3
100
AcDbVisualStyle
  2
Linepattern
 70
    14
 71
     2
 72
     2
 73
     0
 90
        0
 40
-0.6
 41
-30.0
 62
     5
 63
     7
421
 16777215
 74
     1
 91
        4
 64
     7
 65
   257
 75
     7
175
     7
 42
1.0
 92
        8
 66
     7
 43
1.0
 76
     1
 77
     6
 78
     2
 67
     7
 79
     5
170
     0
171
     0
290
     0
174
     0
 93
        1
 44
0.0
173
     0
291
     1
 45
0.0
1001
ACAD
1000
AcDbSavedByObjectVersion
1070
     0
  0
VISUALSTYLE
  5
FCA
102
{ACAD_XDICTIONARY
360
10F9
102
}
102
{ACAD_REACTORS
330
FB3
102
}
330
FB3
100
AcDbVisualStyle
  2
OverhangOff
 70
    21
 71
     2
 72
     2
 73
     0
 90
        0
 40
-0.6
 41
-30.0
 62
     5
 63
     7
421
 16777215
 74
     1
 91
        4
 64
     7
 65
   257
 75
     1
175
     1
 42
1.0
 92
        9
 66
     7
 43
1.0
 76
     1
 77
     6
 78
     2
 67
     7
 79
     5
170
     0
171
     0
290
     0
174
     0
 93
        1
 44
0.0
173
     0
291
     1
 45
0.0
1001
ACAD
1000
AcDbSavedByObjectVersion
1070
     0
  0
VISUALSTYLE
  5
FBD
102
{ACAD_XDICTIONARY
360
10DF
102
}
102
{ACAD_REACTORS
330
FB3
102
}
330
FB3
100
AcDbVisualStyle
  2
Realistic
 70
     8
 71
     2
 72
     3
 73
     0
 90
        2
 40
-0.6
 41
30.0
 62
     5
 63
     7
421
 16777215
 74
     0
 91
        0
 64
     7
 65
   257
 75
     1
175
     1
 42
1.0
 92
        8
 66
   257
 43
1.0
 76
     1
 77
     6
 78
     2
 67
     7
 79
     3
170
     0
171
     0
290
     0
174
     0
 93
       13
 44
0.0
173
     0
291
     0
 45
0.0
1001
ACAD
1000
AcDbSavedByObjectVersion
1070
     0
  0
VISUALSTYLE
  5
FC8
102
{ACAD_XDICTIONARY
360
10F5
102
}
102
{ACAD_REACTORS
330
FB3
102
}
330
FB3
100
AcDbVisualStyle
  2
Shaded
 70
    27
 71
     2
 72
     2
 73
     1
 90
        2
 40
-0.6
 41
30.0
 62
     5
 63
     7
421
 16777215
 74
     0
 91
        4
 64
     7
 65
   257
 75
     1
175
     1
 42
1.0
 92
        8
 66
   257
 43
1.0
 76
     1
 77
     6
 78
     2
 67
     8
425
  7895160
 79
     3
170
     0
171
     0
290
     0
174
     0
 93
        5
 44
0.0
173
     0
291
     0
 45
0.0
1001
ACAD
1000
AcDbSavedByObjectVersion
1070
     0
  0
VISUALSTYLE
  5
FC7
102
{ACAD_XDICTIONARY
360
10F3
102
}
102
{ACAD_REACTORS
330
FB3
102
}
330
FB3
100
AcDbVisualStyle
  2
Shaded with edges
 70
    26
 71
     2
 72
     2
 73
     1
 90
        2
 40
-0.6
 41
30.0
 62
     5
 63
     7
421
 16777215
 74
     1
 91
       10
 64
     7
 65
   257
 75
     2
175
     1
 42
1.0
 92
        8
 66
   257
 43
1.0
 76
     1
 77
     6
 78
     2
 67
     7
 79
     3
170
     0
171
     0
290
     0
174
     0
 93
        5
 44
0.0
173
     0
291
     0
 45
0.0
1001
ACAD
1000
AcDbSavedByObjectVersion
1070
     0
  0
VISUALSTYLE
  5
FC4
102
{ACAD_XDICTIONARY
360
10ED
102
}
102
{ACAD_REACTORS
330
FB3
102
}
330
FB3
100
AcDbVisualStyle
  2
Shades of Gray
 70
    23
 71
     2
 72
     2
 73
     3
 90
        0
 40
-0.6
 41
-30.0
 62
     5
 63
     7
421
 16777215
 74
     2
 91
        2
 64
     7
 65
     7
 75
     1
175
     1
 42
40.0
 92
        8
 66
     7
 43
1.0
 76
     1
 77
     6
 78
     2
 67
     7
 79
     3
170
     0
171
     0
290
     0
174
     0
 93
        1
 44
0.0
173
     0
291
     0
 45
0.0
1001
ACAD
1000
AcDbSavedByObjectVersion
1070
     0
  0
VISUALSTYLE
  5
FC5
102
{ACAD_XDICTIONARY
360
10EF
102
}
102
{ACAD_REACTORS
330
FB3
102
}
330
FB3
100
AcDbVisualStyle
  2
Sketchy
 70
    24
 71
     1
 72
     2
 73
     2
 90
        0
 40
-0.6
 41
-30.0
 62
     5
 63
     7
421
 16777215
 74
     2
 91
        2
 64
     7
 65
     7
 75
     1
175
     1
 42
40.0
 92
       11
 66
     7
 43
1.0
 76
     1
 77
     6
 78
     2
 67
     7
 79
     6
170
     0
171
     0
290
     0
174
     0
 93
        1
 44
0.0
173
     0
291
     0
 45
0.0
1001
ACAD
1000
AcDbSavedByObjectVersion
1070
     0
  0
VISUALSTYLE
  5
FC0
102
{ACAD_XDICTIONARY
360
10E5
102
}
102
{ACAD_REACTORS
330
FB3
102
}
330
FB3
100
AcDbVisualStyle
  2
Thicken
 70
    13
 71
     2
 72
     2
 73
     0
 90
        0
 40
-0.6
 41
-30.0
 62
     5
 63
     7
421
 16777215
 74
     1
 91
        4
 64
     7
 65
   257
 75
     1
175
     1
 42
1.0
 92
       12
 66
     7
 43
1.0
 76
     1
 77
     6
 78
     2
 67
     7
 79
     5
170
     0
171
     0
290
     0
174
     0
 93
        1
 44
0.0
173
     0
291
     1
 45
0.0
1001
ACAD
1000
AcDbSavedByObjectVersion
1070
     0
  0
VISUALSTYLE
  5
FBA
102
{ACAD_XDICTIONARY
360
10D9
102
}
102
{ACAD_REACTORS
330
FB3
102
}
330
FB3
100
AcDbVisualStyle
  2
Wireframe
 70
     5
 71
     0
 72
     2
 73
     0
 90
        0
 40
-0.6
 41
-30.0
 62
     5
 63
     7
421
 16777215
 74
     1
 91
        4
 64
     7
 65
   257
 75
     1
175
     1
 42
1.0
 92
        0
 66
   257
 43
1.0
 76
     1
 77
     6
 78
     2
 67
     7
 79
     3
170
     0
171
     0
290
     0
174
     0
 93
        1
 44
0.0
173
     0
291
     0
 45
0.0
1001
ACAD
1000
AcDbSavedByObjectVersion
1070
     0
  0
VISUALSTYLE
  5
FC6
102
{ACAD_XDICTIONARY
360
10F1
102
}
102
{ACAD_REACTORS
330
FB3
102
}
330
FB3
100
AcDbVisualStyle
  2
X-Ray
 70
    25
 71
     2
 72
     2
 73
     1
 90
        1
 40
0.5
 41
-30.0
 62
     5
 63
     7
421
 16777215
 74
     1
 91
        0
 64
     7
 65
   257
 75
     1
175
     1
 42
1.0
 92
        8
 66
     7
 43
1.0
 76
     1
 77
     6
 78
     2
 67
     7
 79
     3
170
     0
171
     0
290
     0
174
     0
 93
       13
 44
0.0
173
     0
291
     0
 45
0.0
1001
ACAD
1000
AcDbSavedByObjectVersion
1070
     0
  0
DICTIONARYVAR
  5
101C
102
{ACAD_REACTORS
330
1017
102
}
330
1017
100
DictionaryVariables
280
     0
  1
1:1
  0
DICTIONARYVAR
  5
1019
102
{ACAD_REACTORS
330
1017
102
}
330
1017
100
DictionaryVariables
280
     0
  1
STANDARD
  0
DICTIONARYVAR
  5
1018
102
{ACAD_REACTORS
330
1017
102
}
330
1017
100
DictionaryVariables
280
     0
  1
STANDARD
  0
DICTIONARYVAR
  5
101A
102
{ACAD_REACTORS
330
1017
102
}
330
1017
100
DictionaryVariables
280
     0
  1
Imperial24
  0
DICTIONARYVAR
  5
101B
102
{ACAD_REACTORS
330
1017
102
}
330
1017
100
DictionaryVariables
280
     0
  1
Imperial24
  0
DICTIONARYVAR
  5
101D
102
{ACAD_REACTORS
330
1017
102
}
330
1017
100
DictionaryVariables
280
     0
  1
2
  0
DICTIONARY
  5
FA4
330
FA3
100
AcDbDictionary
280
     1
281
     1
  3
ACAD_XREC_ROUNDTRIP
360
10CB
  3
BUMPTILE
360
FA6
  3
DIFFUSETILE
360
FA5
  3
OPACITYTILE
360
FA9
  3
REFLECTIONTILE
360
FA8
  3
REFRACTIONTILE
360
FAA
  3
SPECULARTILE
360
FA7
  0
DICTIONARY
  5
F9C
330
F9B
100
AcDbDictionary
280
     1
281
     1
  3
ACAD_XREC_ROUNDTRIP
360
10CA
  3
BUMPTILE
360
F9E
  3
DIFFUSETILE
360
F9D
  3
OPACITYTILE
360
FA1
  3
REFLECTIONTILE
360
FA0
  3
REFRACTIONTILE
360
FA2
  3
SPECULARTILE
360
F9F
  0
DICTIONARY
  5
FAC
330
FAB
100
AcDbDictionary
280
     1
281
     1
  3
ACAD_XREC_ROUNDTRIP
360
10CC
  3
BUMPTILE
360
FAE
  3
DIFFUSETILE
360
FAD
  3
OPACITYTILE
360
FB1
  3
REFLECTIONTILE
360
FB0
  3
REFRACTIONTILE
360
FB2
  3
SPECULARTILE
360
FAF
  0
DICTIONARY
  5
10C7
330
FEE
100
AcDbDictionary
280
     1
281
     1
  3
ACAD_ROUNDTRIP_2008_TABLESTYLE_CELLSTYLEMAP
360
10C8
  3
ACAD_XREC_ROUNDTRIP
360
10FD
  0
DICTIONARY
  5
10D7
330
FB9
100
AcDbDictionary
280
     1
281
     1
  3
ACAD_XREC_ROUNDTRIP
360
10D8
  0
DICTIONARY
  5
10D5
330
FB8
100
AcDbDictionary
280
     1
281
     1
  3
ACAD_XREC_ROUNDTRIP
360
10D6
  0
DICTIONARY
  5
10E3
330
FBF
100
AcDbDictionary
280
     1
281
     1
  3
ACAD_XREC_ROUNDTRIP
360
10E4
  0
DICTIONARY
  5
10EB
330
FC3
100
AcDbDictionary
280
     1
281
     1
  3
ACAD_XREC_ROUNDTRIP
360
10EC
  0
DICTIONARY
  5
10DD
330
FBC
100
AcDbDictionary
280
     1
281
     1
  3
ACAD_XREC_ROUNDTRIP
360
10DE
  0
DICTIONARY
  5
10E1
330
FBE
100
AcDbDictionary
280
     1
281
     1
  3
ACAD_XREC_ROUNDTRIP
360
10E2
  0
DICTIONARY
  5
10FB
330
FCB
100
AcDbDictionary
280
     1
281
     1
  3
ACAD_XREC_ROUNDTRIP
360
10FC
  0
DICTIONARY
  5
10E9
330
FC2
100
AcDbDictionary
280
     1
281
     1
  3
ACAD_XREC_ROUNDTRIP
360
10EA
  0
DICTIONARY
  5
10CD
330
FB4
100
AcDbDictionary
280
     1
281
     1
  3
ACAD_XREC_ROUNDTRIP
360
10CE
  0
DICTIONARY
  5
10CF
330
FB5
100
AcDbDictionary
280
     1
281
     1
  3
ACAD_XREC_ROUNDTRIP
360
10D0
  0
DICTIONARY
  5
10D1
330
FB6
100
AcDbDictionary
280
     1
281
     1
  3
ACAD_XREC_ROUNDTRIP
360
10D2
  0
DICTIONARY
  5
10D3
330
FB7
100
AcDbDictionary
280
     1
281
     1
  3
ACAD_XREC_ROUNDTRIP
360
10D4
  0
DICTIONARY
  5
10DB
330
FBB
100
AcDbDictionary
280
     1
281
     1
  3
ACAD_XREC_ROUNDTRIP
360
10DC
  0
DICTIONARY
  5
10F7
330
FC9
100
AcDbDictionary
280
     1
281
     1
  3
ACAD_XREC_ROUNDTRIP
360
10F8
  0
DICTIONARY
  5
10E7
330
FC1
100
AcDbDictionary
280
     1
281
     1
  3
ACAD_XREC_ROUNDTRIP
360
10E8
  0
DICTIONARY
  5
10F9
330
FCA
100
AcDbDictionary
280
     1
281
     1
  3
ACAD_XREC_ROUNDTRIP
360
10FA
  0
DICTIONARY
  5
10DF
330
FBD
100
AcDbDictionary
280
     1
281
     1
  3
ACAD_XREC_ROUNDTRIP
360
10E0
  0
DICTIONARY
  5
10F5
330
FC8
100
AcDbDictionary
280
     1
281
     1
  3
ACAD_XREC_ROUNDTRIP
360
10F6
  0
DICTIONARY
  5
10F3
330
FC7
100
AcDbDictionary
280
     1
281
     1
  3
ACAD_XREC_ROUNDTRIP
360
10F4
  0
DICTIONARY
  5
10ED
330
FC4
100
AcDbDictionary
280
     1
281
     1
  3
ACAD_XREC_ROUNDTRIP
360
10EE
  0
DICTIONARY
  5
10EF
330
FC5
100
AcDbDictionary
280
     1
281
     1
  3
ACAD_XREC_ROUNDTRIP
360
10F0
  0
DICTIONARY
  5
10E5
330
FC0
100
AcDbDictionary
280
     1
281
     1
  3
ACAD_XREC_ROUNDTRIP
360
10E6
  0
DICTIONARY
  5
10D9
330
FBA
100
AcDbDictionary
280
     1
281
     1
  3
ACAD_XREC_ROUNDTRIP
360
10DA
  0
DICTIONARY
  5
10F1
330
FC6
100
AcDbDictionary
280
     1
281
     1
  3
ACAD_XREC_ROUNDTRIP
360
10F2
  0
XRECORD
  5
10CB
102
{ACAD_REACTORS
330
FA4
102
}
330
FA4
100
AcDbXrecord
280
     1
102
MATERIAL
148
0.0
149
0.0
149
0.0
 93
        0
 94
      127
282
     0
 72
     0
 77
     0
171
     0
175
     0
179
     0
273
     0
  0
XRECORD
  5
FA6
102
{ACAD_REACTORS
330
FA4
102
}
330
FA4
100
AcDbXrecord
280
     1
270
     1
271
     1
  0
XRECORD
  5
FA5
102
{ACAD_REACTORS
330
FA4
102
}
330
FA4
100
AcDbXrecord
280
     1
270
     1
271
     1
  0
XRECORD
  5
FA9
102
{ACAD_REACTORS
330
FA4
102
}
330
FA4
100
AcDbXrecord
280
     1
270
     1
271
     1
  0
XRECORD
  5
FA8
102
{ACAD_REACTORS
330
FA4
102
}
330
FA4
100
AcDbXrecord
280
     1
270
     1
271
     1
  0
XRECORD
  5
FAA
102
{ACAD_REACTORS
330
FA4
102
}
330
FA4
100
AcDbXrecord
280
     1
270
     1
271
     1
  0
XRECORD
  5
FA7
102
{ACAD_REACTORS
330
FA4
102
}
330
FA4
100
AcDbXrecord
280
     1
270
     1
271
     1
  0
XRECORD
  5
10CA
102
{ACAD_REACTORS
330
F9C
102
}
330
F9C
100
AcDbXrecord
280
     1
102
MATERIAL
148
0.0
149
0.0
149
0.0
 93
        0
 94
      127
282
     0
 72
     0
 77
     0
171
     0
175
     0
179
     0
273
     0
  0
XRECORD
  5
F9E
102
{ACAD_REACTORS
330
F9C
102
}
330
F9C
100
AcDbXrecord
280
     1
270
     1
271
     1
  0
XRECORD
  5
F9D
102
{ACAD_REACTORS
330
F9C
102
}
330
F9C
100
AcDbXrecord
280
     1
270
     1
271
     1
  0
XRECORD
  5
FA1
102
{ACAD_REACTORS
330
F9C
102
}
330
F9C
100
AcDbXrecord
280
     1
270
     1
271
     1
  0
XRECORD
  5
FA0
102
{ACAD_REACTORS
330
F9C
102
}
330
F9C
100
AcDbXrecord
280
     1
270
     1
271
     1
  0
XRECORD
  5
FA2
102
{ACAD_REACTORS
330
F9C
102
}
330
F9C
100
AcDbXrecord
280
     1
270
     1
271
     1
  0
XRECORD
  5
F9F
102
{ACAD_REACTORS
330
F9C
102
}
330
F9C
100
AcDbXrecord
280
     1
270
     1
271
     1
  0
XRECORD
  5
10CC
102
{ACAD_REACTORS
330
FAC
102
}
330
FAC
100
AcDbXrecord
280
     1
102
MATERIAL
148
0.0
149
0.0
149
0.0
 93
        0
 94
      127
282
     0
 72
     0
 77
     0
171
     0
175
     0
179
     0
273
     0
  0
XRECORD
  5
FAE
102
{ACAD_REACTORS
330
FAC
102
}
330
FAC
100
AcDbXrecord
280
     1
270
     1
271
     1
  0
XRECORD
  5
FAD
102
{ACAD_REACTORS
330
FAC
102
}
330
FAC
100
AcDbXrecord
280
     1
270
     1
271
     1
  0
XRECORD
  5
FB1
102
{ACAD_REACTORS
330
FAC
102
}
330
FAC
100
AcDbXrecord
280
     1
270
     1
271
     1
  0
XRECORD
  5
FB0
102
{ACAD_REACTORS
330
FAC
102
}
330
FAC
100
AcDbXrecord
280
     1
270
     1
271
     1
  0
XRECORD
  5
FB2
102
{ACAD_REACTORS
330
FAC
102
}
330
FAC
100
AcDbXrecord
280
     1
270
     1
271
     1
  0
XRECORD
  5
FAF
102
{ACAD_REACTORS
330
FAC
102
}
330
FAC
100
AcDbXrecord
280
     1
270
     1
271
     1
  0
CELLSTYLEMAP
  5
10C8
102
{ACAD_REACTORS
330
10C7
102
}
330
10C7
100
AcDbCellStyleMap
 90
        3
300
CELLSTYLE
  1
TABLEFORMAT_BEGIN
 90
        5
170
     1
 91
        0
 92
    32768
 62
   257
 93
        1
300
CONTENTFORMAT
  1
CONTENTFORMAT_BEGIN
 90
        0
 91
        0
 92
      512
 93
        0
300

 40
0.0
140
1.0
 94
        5
 62
     0
340
FDF
144
0.25
309
CONTENTFORMAT_END
171
     0
 94
        0
309
TABLEFORMAT_END
  1
CELLSTYLE_BEGIN
 90
        1
 91
        1
300
_TITLE
309
CELLSTYLE_END
300
CELLSTYLE
  1
TABLEFORMAT_BEGIN
 90
        5
170
     1
 91
        0
 92
        0
 62
   257
 93
        1
300
CONTENTFORMAT
  1
CONTENTFORMAT_BEGIN
 90
        0
 91
        0
 92
      512
 93
        0
300

 40
0.0
140
1.0
 94
        5
 62
     0
340
FDF
144
0.18
309
CONTENTFORMAT_END
171
     0
 94
        0
309
TABLEFORMAT_END
  1
CELLSTYLE_BEGIN
 90
        2
 91
        1
300
_HEADER
309
CELLSTYLE_END
300
CELLSTYLE
  1
TABLEFORMAT_BEGIN
 90
        5
170
     1
 91
        0
 92
        0
 62
   257
 93
        1
300
CONTENTFORMAT
  1
CONTENTFORMAT_BEGIN
 90
        0
 91
        0
 92
      512
 93
        0
300

 40
0.0
140
1.0
 94
        2
 62
     0
340
FDF
144
0.18
309
CONTENTFORMAT_END
171
     0
 94
        0
309
TABLEFORMAT_END
  1
CELLSTYLE_BEGIN
 90
        3
 91
        2
300
_DATA
309
CELLSTYLE_END
  0
XRECORD
  5
10FD
102
{ACAD_REACTORS
330
10C7
102
}
330
10C7
100
AcDbXrecord
280
     1
102
ACAD_ROUNDTRIP_PRE2007_TABLESTYLE
 90
      512
 91
        0
  1

 92
      512
 93
        0
  2

 94
      512
 95
        0
  3

  0
XRECORD
  5
10D8
102
{ACAD_REACTORS
330
10D7
102
}
330
10D7
100
AcDbXrecord
280
     1
102
RTVSPost2010Prop28
280
     1
102
RTVSPost2010PropOp28
 70
     1
102
RTVSPost2010Prop29
280
     1
102
RTVSPost2010PropOp29
 70
     1
102
RTVSPost2010Prop30
280
     0
102
RTVSPost2010PropOp30
 70
     1
102
RTVSPost2010Prop31
280
     0
102
RTVSPost2010PropOp31
 70
     1
102
RTVSPost2010Prop32
280
     0
102
RTVSPost2010PropOp32
 70
     1
102
RTVSPost2010Prop33
280
     0
102
RTVSPost2010PropOp33
 70
     1
102
RTVSPost2010Prop34
280
     0
102
RTVSPost2010PropOp34
 70
     1
102
RTVSPost2010Prop35
280
     0
102
RTVSPost2010PropOp35
 70
     1
102
RTVSPost2010Prop36
280
     0
102
RTVSPost2010PropOp36
 70
     1
102
RTVSPost2010Prop37
 90
       50
102
RTVSPost2010PropOp37
 70
     1
102
RTVSPost2010Prop38
140
0.0
102
RTVSPost2010PropOp38
 70
     1
102
RTVSPost2010Prop39
140
1.0
102
RTVSPost2010PropOp39
 70
     1
102
RTVSPost2010Prop40
 90
        0
102
RTVSPost2010PropOp40
 70
     1
102
RTVSPost2010Prop41ColorIndex
 90
       18
102
RTVSPost2010Prop41ColorRGB
 90
        0
102
RTVSPost2010PropOp41
 70
     1
102
RTVSPost2010Prop42
 90
       50
102
RTVSPost2010PropOp42
 70
     1
102
RTVSPost2010Prop43
 90
        3
102
RTVSPost2010PropOp43
 70
     1
102
RTVSPost2010Prop44ColorIndex
 90
        5
102
RTVSPost2010Prop44ColorRGB
 90
      255
102
RTVSPost2010PropOp44
 70
     1
102
RTVSPost2010Prop45
280
     0
102
RTVSPost2010PropOp45
 70
     1
102
RTVSPost2010Prop46
 90
       50
102
RTVSPost2010PropOp46
 70
     1
102
RTVSPost2010Prop47
 90
       50
102
RTVSPost2010PropOp47
 70
     1
102
RTVSPost2010Prop48
 90
       50
102
RTVSPost2010PropOp48
 70
     1
102
RTVSPost2010Prop49
280
     0
102
RTVSPost2010PropOp49
 70
     1
102
RTVSPost2010Prop50
 90
       50
102
RTVSPost2010PropOp50
 70
     1
102
RTVSPost2010Prop51ColorIndex
 90
      256
102
RTVSPost2010Prop51ColorRGB
 90
-16777216
102
RTVSPost2010PropOp51
 70
     0
102
RTVSPost2010Prop52
140
1.0
102
RTVSPost2010PropOp52
 70
     0
102
RTVSPost2010Prop53
 90
        2
102
RTVSPost2010PropOp53
 70
     1
102
RTVSPost2010Prop54
  1
strokes_ogs.tif
102
RTVSPost2010PropOp54
 70
     1
102
RTVSPost2010Prop55
280
     0
102
RTVSPost2010PropOp55
 70
     1
102
RTVSPost2010Prop56
140
1.0
102
RTVSPost2010PropOp56
 70
     1
102
RTVSPost2010Prop57
140
1.0
102
RTVSPost2010PropOp57
 70
     1
102
RTVSPropertyOp0
 70
     1
102
RTVSPropertyOp1
 70
     1
102
RTVSPropertyOp2
 70
     1
102
RTVSPropertyOp3
 70
     1
102
RTVSPropertyOp4
 70
     1
102
RTVSPropertyOp5
 70
     1
102
RTVSPropertyOp6
 70
     1
102
RTVSPropertyOp7
 70
     1
102
RTVSPropertyOp8
 70
     1
102
RTVSPropertyOp9
 70
     1
102
RTVSPropertyOp10
 70
     1
102
RTVSPropertyOp11
 70
     1
102
RTVSPropertyOp12
 70
     1
102
RTVSPropertyOp13
 70
     1
102
RTVSPropertyOp14
 70
     1
102
RTVSPropertyOp15
 70
     1
102
RTVSPropertyOp16
 70
     1
102
RTVSPropertyOp17
 70
     1
102
RTVSPropertyOp18
 70
     1
102
RTVSPropertyOp19
 70
     1
102
RTVSPropertyOp20
 70
     1
102
RTVSPropertyOp21
 70
     1
102
RTVSPropertyOp22
 70
     1
102
RTVSPropertyOp23
 70
     1
102
RTVSPropertyOp24
 70
     1
102
RTVSPropertyOp25
 70
     1
102
RTVSPropertyOp26
 70
     1
102
RTVSPropertyOp27
 70
     1
102
RTVSPropertyOp28
 70
     1
102
RTVSPropertyOp29
 70
     1
102
RTVSPropertyOp30
 70
     1
102
RTVSPropertyOp31
 70
     1
102
RTVSPropertyOp32
 70
     1
102
RTVSPropertyOp33
 70
     1
102
RTVSPropertyOp34
 70
     1
102
RTVSPropertyOp35
 70
     1
102
RTVSPropertyOp36
 70
     1
102
RTVSPropertyOp37
 70
     1
102
RTVSPropertyOp38
 70
     1
102
RTVSPropertyOp39
 70
     1
102
RTVSPropertyOp40
 70
     1
102
RTVSPropertyOp41
 70
     1
102
RTVSPropertyOp42
 70
     1
102
RTVSPropertyOp43
 70
     1
102
RTVSPropertyOp44
 70
     1
102
RTVSPropertyOp45
 70
     1
102
RTVSPropertyOp46
 70
     1
102
RTVSPropertyOp47
 70
     1
102
RTVSPropertyOp48
 70
     1
102
RTVSPropertyOp49
 70
     1
102
RTVSPropertyOp50
 70
     1
102
RTVSPropertyOp51
 70
     0
102
RTVSPropertyOp52
 70
     0
102
RTVSPropertyOp53
 70
     1
102
RTVSPropertyOp54
 70
     1
102
RTVSPropertyOp55
 70
     1
102
RTVSPropertyOp56
 70
     1
102
RTVSPropertyOp57
 70
     1
102
RTVSPropertyOp58
 70
     1
102
RTVSPropertyOp59
 70
     1
102
RTVSPropertyOp60
 70
     1
102
RTVSPropertyOp61
 70
     1
102
RTVSPropertyOp62
 70
     1
  0
XRECORD
  5
10D6
102
{ACAD_REACTORS
330
10D5
102
}
330
10D5
100
AcDbXrecord
280
     1
102
RTVSPost2010Prop28
280
     0
102
RTVSPost2010PropOp28
 70
     1
102
RTVSPost2010Prop29
280
     1
102
RTVSPost2010PropOp29
 70
     1
102
RTVSPost2010Prop30
280
     1
102
RTVSPost2010PropOp30
 70
     1
102
RTVSPost2010Prop31
280
     0
102
RTVSPost2010PropOp31
 70
     1
102
RTVSPost2010Prop32
280
     0
102
RTVSPost2010PropOp32
 70
     1
102
RTVSPost2010Prop33
280
     0
102
RTVSPost2010PropOp33
 70
     1
102
RTVSPost2010Prop34
280
     0
102
RTVSPost2010PropOp34
 70
     1
102
RTVSPost2010Prop35
280
     0
102
RTVSPost2010PropOp35
 70
     1
102
RTVSPost2010Prop36
280
     0
102
RTVSPost2010PropOp36
 70
     1
102
RTVSPost2010Prop37
 90
       50
102
RTVSPost2010PropOp37
 70
     1
102
RTVSPost2010Prop38
140
0.0
102
RTVSPost2010PropOp38
 70
     1
102
RTVSPost2010Prop39
140
1.0
102
RTVSPost2010PropOp39
 70
     1
102
RTVSPost2010Prop40
 90
        0
102
RTVSPost2010PropOp40
 70
     1
102
RTVSPost2010Prop41ColorIndex
 90
       18
102
RTVSPost2010Prop41ColorRGB
 90
        0
102
RTVSPost2010PropOp41
 70
     1
102
RTVSPost2010Prop42
 90
       50
102
RTVSPost2010PropOp42
 70
     1
102
RTVSPost2010Prop43
 90
        3
102
RTVSPost2010PropOp43
 70
     1
102
RTVSPost2010Prop44ColorIndex
 90
        5
102
RTVSPost2010Prop44ColorRGB
 90
      255
102
RTVSPost2010PropOp44
 70
     1
102
RTVSPost2010Prop45
280
     0
102
RTVSPost2010PropOp45
 70
     1
102
RTVSPost2010Prop46
 90
       50
102
RTVSPost2010PropOp46
 70
     1
102
RTVSPost2010Prop47
 90
       50
102
RTVSPost2010PropOp47
 70
     1
102
RTVSPost2010Prop48
 90
       50
102
RTVSPost2010PropOp48
 70
     1
102
RTVSPost2010Prop49
280
     0
102
RTVSPost2010PropOp49
 70
     1
102
RTVSPost2010Prop50
 90
       50
102
RTVSPost2010PropOp50
 70
     1
102
RTVSPost2010Prop51ColorIndex
 90
      256
102
RTVSPost2010Prop51ColorRGB
 90
-16777216
102
RTVSPost2010PropOp51
 70
     0
102
RTVSPost2010Prop52
140
1.0
102
RTVSPost2010PropOp52
 70
     0
102
RTVSPost2010Prop53
 90
        2
102
RTVSPost2010PropOp53
 70
     1
102
RTVSPost2010Prop54
  1
strokes_ogs.tif
102
RTVSPost2010PropOp54
 70
     1
102
RTVSPost2010Prop55
280
     0
102
RTVSPost2010PropOp55
 70
     1
102
RTVSPost2010Prop56
140
1.0
102
RTVSPost2010PropOp56
 70
     1
102
RTVSPost2010Prop57
140
1.0
102
RTVSPost2010PropOp57
 70
     1
102
RTVSPropertyOp0
 70
     1
102
RTVSPropertyOp1
 70
     1
102
RTVSPropertyOp2
 70
     1
102
RTVSPropertyOp3
 70
     1
102
RTVSPropertyOp4
 70
     1
102
RTVSPropertyOp5
 70
     1
102
RTVSPropertyOp6
 70
     1
102
RTVSPropertyOp7
 70
     1
102
RTVSPropertyOp8
 70
     1
102
RTVSPropertyOp9
 70
     1
102
RTVSPropertyOp10
 70
     1
102
RTVSPropertyOp11
 70
     1
102
RTVSPropertyOp12
 70
     1
102
RTVSPropertyOp13
 70
     1
102
RTVSPropertyOp14
 70
     1
102
RTVSPropertyOp15
 70
     1
102
RTVSPropertyOp16
 70
     1
102
RTVSPropertyOp17
 70
     1
102
RTVSPropertyOp18
 70
     1
102
RTVSPropertyOp19
 70
     1
102
RTVSPropertyOp20
 70
     1
102
RTVSPropertyOp21
 70
     1
102
RTVSPropertyOp22
 70
     1
102
RTVSPropertyOp23
 70
     1
102
RTVSPropertyOp24
 70
     1
102
RTVSPropertyOp25
 70
     1
102
RTVSPropertyOp26
 70
     1
102
RTVSPropertyOp27
 70
     1
102
RTVSPropertyOp28
 70
     1
102
RTVSPropertyOp29
 70
     1
102
RTVSPropertyOp30
 70
     1
102
RTVSPropertyOp31
 70
     1
102
RTVSPropertyOp32
 70
     1
102
RTVSPropertyOp33
 70
     1
102
RTVSPropertyOp34
 70
     1
102
RTVSPropertyOp35
 70
     1
102
RTVSPropertyOp36
 70
     1
102
RTVSPropertyOp37
 70
     1
102
RTVSPropertyOp38
 70
     1
102
RTVSPropertyOp39
 70
     1
102
RTVSPropertyOp40
 70
     1
102
RTVSPropertyOp41
 70
     1
102
RTVSPropertyOp42
 70
     1
102
RTVSPropertyOp43
 70
     1
102
RTVSPropertyOp44
 70
     1
102
RTVSPropertyOp45
 70
     1
102
RTVSPropertyOp46
 70
     1
102
RTVSPropertyOp47
 70
     1
102
RTVSPropertyOp48
 70
     1
102
RTVSPropertyOp49
 70
     1
102
RTVSPropertyOp50
 70
     1
102
RTVSPropertyOp51
 70
     0
102
RTVSPropertyOp52
 70
     0
102
RTVSPropertyOp53
 70
     1
102
RTVSPropertyOp54
 70
     1
102
RTVSPropertyOp55
 70
     1
102
RTVSPropertyOp56
 70
     1
102
RTVSPropertyOp57
 70
     1
102
RTVSPropertyOp58
 70
     1
102
RTVSPropertyOp59
 70
     1
102
RTVSPropertyOp60
 70
     1
102
RTVSPropertyOp61
 70
     1
102
RTVSPropertyOp62
 70
     1
  0
XRECORD
  5
10E4
102
{ACAD_REACTORS
330
10E3
102
}
330
10E3
100
AcDbXrecord
280
     1
102
RTVSPost2010Prop28
280
     0
102
RTVSPost2010PropOp28
 70
     1
102
RTVSPost2010Prop29
280
     1
102
RTVSPost2010PropOp29
 70
     1
102
RTVSPost2010Prop30
280
     1
102
RTVSPost2010PropOp30
 70
     1
102
RTVSPost2010Prop31
280
     0
102
RTVSPost2010PropOp31
 70
     1
102
RTVSPost2010Prop32
280
     0
102
RTVSPost2010PropOp32
 70
     1
102
RTVSPost2010Prop33
280
     0
102
RTVSPost2010PropOp33
 70
     1
102
RTVSPost2010Prop34
280
     0
102
RTVSPost2010PropOp34
 70
     1
102
RTVSPost2010Prop35
280
     0
102
RTVSPost2010PropOp35
 70
     1
102
RTVSPost2010Prop36
280
     0
102
RTVSPost2010PropOp36
 70
     1
102
RTVSPost2010Prop37
 90
       50
102
RTVSPost2010PropOp37
 70
     1
102
RTVSPost2010Prop38
140
0.0
102
RTVSPost2010PropOp38
 70
     1
102
RTVSPost2010Prop39
140
1.0
102
RTVSPost2010PropOp39
 70
     1
102
RTVSPost2010Prop40
 90
        0
102
RTVSPost2010PropOp40
 70
     1
102
RTVSPost2010Prop41ColorIndex
 90
       18
102
RTVSPost2010Prop41ColorRGB
 90
        0
102
RTVSPost2010PropOp41
 70
     1
102
RTVSPost2010Prop42
 90
       50
102
RTVSPost2010PropOp42
 70
     1
102
RTVSPost2010Prop43
 90
        3
102
RTVSPost2010PropOp43
 70
     1
102
RTVSPost2010Prop44ColorIndex
 90
        5
102
RTVSPost2010Prop44ColorRGB
 90
      255
102
RTVSPost2010PropOp44
 70
     1
102
RTVSPost2010Prop45
280
     0
102
RTVSPost2010PropOp45
 70
     1
102
RTVSPost2010Prop46
 90
       50
102
RTVSPost2010PropOp46
 70
     1
102
RTVSPost2010Prop47
 90
       50
102
RTVSPost2010PropOp47
 70
     1
102
RTVSPost2010Prop48
 90
       50
102
RTVSPost2010PropOp48
 70
     1
102
RTVSPost2010Prop49
280
     0
102
RTVSPost2010PropOp49
 70
     1
102
RTVSPost2010Prop50
 90
       50
102
RTVSPost2010PropOp50
 70
     1
102
RTVSPost2010Prop51ColorIndex
 90
      256
102
RTVSPost2010Prop51ColorRGB
 90
-16777216
102
RTVSPost2010PropOp51
 70
     0
102
RTVSPost2010Prop52
140
1.0
102
RTVSPost2010PropOp52
 70
     0
102
RTVSPost2010Prop53
 90
        2
102
RTVSPost2010PropOp53
 70
     1
102
RTVSPost2010Prop54
  1
strokes_ogs.tif
102
RTVSPost2010PropOp54
 70
     1
102
RTVSPost2010Prop55
280
     0
102
RTVSPost2010PropOp55
 70
     1
102
RTVSPost2010Prop56
140
1.0
102
RTVSPost2010PropOp56
 70
     1
102
RTVSPost2010Prop57
140
1.0
102
RTVSPost2010PropOp57
 70
     1
102
RTVSPropertyOp0
 70
     1
102
RTVSPropertyOp1
 70
     1
102
RTVSPropertyOp2
 70
     1
102
RTVSPropertyOp3
 70
     1
102
RTVSPropertyOp4
 70
     1
102
RTVSPropertyOp5
 70
     1
102
RTVSPropertyOp6
 70
     1
102
RTVSPropertyOp7
 70
     1
102
RTVSPropertyOp8
 70
     1
102
RTVSPropertyOp9
 70
     1
102
RTVSPropertyOp10
 70
     1
102
RTVSPropertyOp11
 70
     1
102
RTVSPropertyOp12
 70
     1
102
RTVSPropertyOp13
 70
     1
102
RTVSPropertyOp14
 70
     1
102
RTVSPropertyOp15
 70
     1
102
RTVSPropertyOp16
 70
     1
102
RTVSPropertyOp17
 70
     1
102
RTVSPropertyOp18
 70
     1
102
RTVSPropertyOp19
 70
     1
102
RTVSPropertyOp20
 70
     1
102
RTVSPropertyOp21
 70
     1
102
RTVSPropertyOp22
 70
     1
102
RTVSPropertyOp23
 70
     1
102
RTVSPropertyOp24
 70
     1
102
RTVSPropertyOp25
 70
     1
102
RTVSPropertyOp26
 70
     1
102
RTVSPropertyOp27
 70
     1
102
RTVSPropertyOp28
 70
     1
102
RTVSPropertyOp29
 70
     1
102
RTVSPropertyOp30
 70
     1
102
RTVSPropertyOp31
 70
     1
102
RTVSPropertyOp32
 70
     1
102
RTVSPropertyOp33
 70
     1
102
RTVSPropertyOp34
 70
     1
102
RTVSPropertyOp35
 70
     1
102
RTVSPropertyOp36
 70
     1
102
RTVSPropertyOp37
 70
     1
102
RTVSPropertyOp38
 70
     1
102
RTVSPropertyOp39
 70
     1
102
RTVSPropertyOp40
 70
     1
102
RTVSPropertyOp41
 70
     1
102
RTVSPropertyOp42
 70
     1
102
RTVSPropertyOp43
 70
     1
102
RTVSPropertyOp44
 70
     1
102
RTVSPropertyOp45
 70
     1
102
RTVSPropertyOp46
 70
     1
102
RTVSPropertyOp47
 70
     1
102
RTVSPropertyOp48
 70
     1
102
RTVSPropertyOp49
 70
     1
102
RTVSPropertyOp50
 70
     1
102
RTVSPropertyOp51
 70
     0
102
RTVSPropertyOp52
 70
     0
102
RTVSPropertyOp53
 70
     1
102
RTVSPropertyOp54
 70
     1
102
RTVSPropertyOp55
 70
     1
102
RTVSPropertyOp56
 70
     1
102
RTVSPropertyOp57
 70
     1
102
RTVSPropertyOp58
 70
     1
102
RTVSPropertyOp59
 70
     1
102
RTVSPropertyOp60
 70
     1
102
RTVSPropertyOp61
 70
     1
102
RTVSPropertyOp62
 70
     1
  0
XRECORD
  5
10EC
102
{ACAD_REACTORS
330
10EB
102
}
330
10EB
100
AcDbXrecord
280
     1
102
RTVSPost2010Prop28
280
     0
102
RTVSPost2010PropOp28
 70
     1
102
RTVSPost2010Prop29
280
     1
102
RTVSPost2010PropOp29
 70
     1
102
RTVSPost2010Prop30
280
     1
102
RTVSPost2010PropOp30
 70
     1
102
RTVSPost2010Prop31
280
     0
102
RTVSPost2010PropOp31
 70
     1
102
RTVSPost2010Prop32
280
     0
102
RTVSPost2010PropOp32
 70
     1
102
RTVSPost2010Prop33
280
     0
102
RTVSPost2010PropOp33
 70
     1
102
RTVSPost2010Prop34
280
     0
102
RTVSPost2010PropOp34
 70
     1
102
RTVSPost2010Prop35
280
     0
102
RTVSPost2010PropOp35
 70
     1
102
RTVSPost2010Prop36
280
     0
102
RTVSPost2010PropOp36
 70
     1
102
RTVSPost2010Prop37
 90
       50
102
RTVSPost2010PropOp37
 70
     1
102
RTVSPost2010Prop38
140
0.0
102
RTVSPost2010PropOp38
 70
     1
102
RTVSPost2010Prop39
140
1.0
102
RTVSPost2010PropOp39
 70
     1
102
RTVSPost2010Prop40
 90
        0
102
RTVSPost2010PropOp40
 70
     1
102
RTVSPost2010Prop41ColorIndex
 90
       18
102
RTVSPost2010Prop41ColorRGB
 90
        0
102
RTVSPost2010PropOp41
 70
     1
102
RTVSPost2010Prop42
 90
       50
102
RTVSPost2010PropOp42
 70
     1
102
RTVSPost2010Prop43
 90
        3
102
RTVSPost2010PropOp43
 70
     1
102
RTVSPost2010Prop44ColorIndex
 90
        5
102
RTVSPost2010Prop44ColorRGB
 90
      255
102
RTVSPost2010PropOp44
 70
     1
102
RTVSPost2010Prop45
280
     0
102
RTVSPost2010PropOp45
 70
     1
102
RTVSPost2010Prop46
 90
       50
102
RTVSPost2010PropOp46
 70
     1
102
RTVSPost2010Prop47
 90
       50
102
RTVSPost2010PropOp47
 70
     1
102
RTVSPost2010Prop48
 90
       50
102
RTVSPost2010PropOp48
 70
     1
102
RTVSPost2010Prop49
280
     0
102
RTVSPost2010PropOp49
 70
     1
102
RTVSPost2010Prop50
 90
       50
102
RTVSPost2010PropOp50
 70
     1
102
RTVSPost2010Prop51ColorIndex
 90
      256
102
RTVSPost2010Prop51ColorRGB
 90
-16777216
102
RTVSPost2010PropOp51
 70
     0
102
RTVSPost2010Prop52
140
1.0
102
RTVSPost2010PropOp52
 70
     0
102
RTVSPost2010Prop53
 90
        2
102
RTVSPost2010PropOp53
 70
     1
102
RTVSPost2010Prop54
  1
strokes_ogs.tif
102
RTVSPost2010PropOp54
 70
     1
102
RTVSPost2010Prop55
280
     0
102
RTVSPost2010PropOp55
 70
     1
102
RTVSPost2010Prop56
140
1.0
102
RTVSPost2010PropOp56
 70
     1
102
RTVSPost2010Prop57
140
1.0
102
RTVSPost2010PropOp57
 70
     1
102
RTVSPropertyOp0
 70
     1
102
RTVSPropertyOp1
 70
     1
102
RTVSPropertyOp2
 70
     1
102
RTVSPropertyOp3
 70
     1
102
RTVSPropertyOp4
 70
     1
102
RTVSPropertyOp5
 70
     1
102
RTVSPropertyOp6
 70
     1
102
RTVSPropertyOp7
 70
     1
102
RTVSPropertyOp8
 70
     1
102
RTVSPropertyOp9
 70
     1
102
RTVSPropertyOp10
 70
     1
102
RTVSPropertyOp11
 70
     1
102
RTVSPropertyOp12
 70
     1
102
RTVSPropertyOp13
 70
     1
102
RTVSPropertyOp14
 70
     1
102
RTVSPropertyOp15
 70
     1
102
RTVSPropertyOp16
 70
     1
102
RTVSPropertyOp17
 70
     1
102
RTVSPropertyOp18
 70
     1
102
RTVSPropertyOp19
 70
     1
102
RTVSPropertyOp20
 70
     1
102
RTVSPropertyOp21
 70
     1
102
RTVSPropertyOp22
 70
     1
102
RTVSPropertyOp23
 70
     1
102
RTVSPropertyOp24
 70
     1
102
RTVSPropertyOp25
 70
     1
102
RTVSPropertyOp26
 70
     1
102
RTVSPropertyOp27
 70
     1
102
RTVSPropertyOp28
 70
     1
102
RTVSPropertyOp29
 70
     1
102
RTVSPropertyOp30
 70
     1
102
RTVSPropertyOp31
 70
     1
102
RTVSPropertyOp32
 70
     1
102
RTVSPropertyOp33
 70
     1
102
RTVSPropertyOp34
 70
     1
102
RTVSPropertyOp35
 70
     1
102
RTVSPropertyOp36
 70
     1
102
RTVSPropertyOp37
 70
     1
102
RTVSPropertyOp38
 70
     1
102
RTVSPropertyOp39
 70
     1
102
RTVSPropertyOp40
 70
     1
102
RTVSPropertyOp41
 70
     1
102
RTVSPropertyOp42
 70
     1
102
RTVSPropertyOp43
 70
     1
102
RTVSPropertyOp44
 70
     1
102
RTVSPropertyOp45
 70
     1
102
RTVSPropertyOp46
 70
     1
102
RTVSPropertyOp47
 70
     1
102
RTVSPropertyOp48
 70
     1
102
RTVSPropertyOp49
 70
     1
102
RTVSPropertyOp50
 70
     1
102
RTVSPropertyOp51
 70
     0
102
RTVSPropertyOp52
 70
     0
102
RTVSPropertyOp53
 70
     1
102
RTVSPropertyOp54
 70
     1
102
RTVSPropertyOp55
 70
     1
102
RTVSPropertyOp56
 70
     1
102
RTVSPropertyOp57
 70
     1
102
RTVSPropertyOp58
 70
     1
102
RTVSPropertyOp59
 70
     1
102
RTVSPropertyOp60
 70
     1
102
RTVSPropertyOp61
 70
     1
102
RTVSPropertyOp62
 70
     1
  0
XRECORD
  5
10DE
102
{ACAD_REACTORS
330
10DD
102
}
330
10DD
100
AcDbXrecord
280
     1
102
RTVSPost2010Prop28
280
     0
102
RTVSPost2010PropOp28
 70
     1
102
RTVSPost2010Prop29
280
     1
102
RTVSPost2010PropOp29
 70
     1
102
RTVSPost2010Prop30
280
     1
102
RTVSPost2010PropOp30
 70
     1
102
RTVSPost2010Prop31
280
     0
102
RTVSPost2010PropOp31
 70
     1
102
RTVSPost2010Prop32
280
     0
102
RTVSPost2010PropOp32
 70
     1
102
RTVSPost2010Prop33
280
     0
102
RTVSPost2010PropOp33
 70
     1
102
RTVSPost2010Prop34
280
     0
102
RTVSPost2010PropOp34
 70
     1
102
RTVSPost2010Prop35
280
     0
102
RTVSPost2010PropOp35
 70
     1
102
RTVSPost2010Prop36
280
     0
102
RTVSPost2010PropOp36
 70
     1
102
RTVSPost2010Prop37
 90
       50
102
RTVSPost2010PropOp37
 70
     1
102
RTVSPost2010Prop38
140
0.0
102
RTVSPost2010PropOp38
 70
     1
102
RTVSPost2010Prop39
140
1.0
102
RTVSPost2010PropOp39
 70
     1
102
RTVSPost2010Prop40
 90
        0
102
RTVSPost2010PropOp40
 70
     1
102
RTVSPost2010Prop41ColorIndex
 90
       18
102
RTVSPost2010Prop41ColorRGB
 90
        0
102
RTVSPost2010PropOp41
 70
     1
102
RTVSPost2010Prop42
 90
       50
102
RTVSPost2010PropOp42
 70
     1
102
RTVSPost2010Prop43
 90
        3
102
RTVSPost2010PropOp43
 70
     1
102
RTVSPost2010Prop44ColorIndex
 90
        5
102
RTVSPost2010Prop44ColorRGB
 90
      255
102
RTVSPost2010PropOp44
 70
     1
102
RTVSPost2010Prop45
280
     0
102
RTVSPost2010PropOp45
 70
     1
102
RTVSPost2010Prop46
 90
       50
102
RTVSPost2010PropOp46
 70
     1
102
RTVSPost2010Prop47
 90
       50
102
RTVSPost2010PropOp47
 70
     1
102
RTVSPost2010Prop48
 90
       50
102
RTVSPost2010PropOp48
 70
     1
102
RTVSPost2010Prop49
280
     0
102
RTVSPost2010PropOp49
 70
     1
102
RTVSPost2010Prop50
 90
       50
102
RTVSPost2010PropOp50
 70
     1
102
RTVSPost2010Prop51ColorIndex
 90
      256
102
RTVSPost2010Prop51ColorRGB
 90
-16777216
102
RTVSPost2010PropOp51
 70
     0
102
RTVSPost2010Prop52
140
1.0
102
RTVSPost2010PropOp52
 70
     0
102
RTVSPost2010Prop53
 90
        2
102
RTVSPost2010PropOp53
 70
     1
102
RTVSPost2010Prop54
  1
strokes_ogs.tif
102
RTVSPost2010PropOp54
 70
     1
102
RTVSPost2010Prop55
280
     0
102
RTVSPost2010PropOp55
 70
     1
102
RTVSPost2010Prop56
140
1.0
102
RTVSPost2010PropOp56
 70
     1
102
RTVSPost2010Prop57
140
1.0
102
RTVSPost2010PropOp57
 70
     1
102
RTVSPropertyOp0
 70
     1
102
RTVSPropertyOp1
 70
     1
102
RTVSPropertyOp2
 70
     1
102
RTVSPropertyOp3
 70
     1
102
RTVSPropertyOp4
 70
     1
102
RTVSPropertyOp5
 70
     1
102
RTVSPropertyOp6
 70
     1
102
RTVSPropertyOp7
 70
     1
102
RTVSPropertyOp8
 70
     1
102
RTVSPropertyOp9
 70
     1
102
RTVSPropertyOp10
 70
     1
102
RTVSPropertyOp11
 70
     1
102
RTVSPropertyOp12
 70
     1
102
RTVSPropertyOp13
 70
     1
102
RTVSPropertyOp14
 70
     1
102
RTVSPropertyOp15
 70
     1
102
RTVSPropertyOp16
 70
     1
102
RTVSPropertyOp17
 70
     1
102
RTVSPropertyOp18
 70
     1
102
RTVSPropertyOp19
 70
     1
102
RTVSPropertyOp20
 70
     1
102
RTVSPropertyOp21
 70
     1
102
RTVSPropertyOp22
 70
     1
102
RTVSPropertyOp23
 70
     1
102
RTVSPropertyOp24
 70
     1
102
RTVSPropertyOp25
 70
     1
102
RTVSPropertyOp26
 70
     1
102
RTVSPropertyOp27
 70
     1
102
RTVSPropertyOp28
 70
     1
102
RTVSPropertyOp29
 70
     1
102
RTVSPropertyOp30
 70
     1
102
RTVSPropertyOp31
 70
     1
102
RTVSPropertyOp32
 70
     1
102
RTVSPropertyOp33
 70
     1
102
RTVSPropertyOp34
 70
     1
102
RTVSPropertyOp35
 70
     1
102
RTVSPropertyOp36
 70
     1
102
RTVSPropertyOp37
 70
     1
102
RTVSPropertyOp38
 70
     1
102
RTVSPropertyOp39
 70
     1
102
RTVSPropertyOp40
 70
     1
102
RTVSPropertyOp41
 70
     1
102
RTVSPropertyOp42
 70
     1
102
RTVSPropertyOp43
 70
     1
102
RTVSPropertyOp44
 70
     1
102
RTVSPropertyOp45
 70
     1
102
RTVSPropertyOp46
 70
     1
102
RTVSPropertyOp47
 70
     1
102
RTVSPropertyOp48
 70
     1
102
RTVSPropertyOp49
 70
     1
102
RTVSPropertyOp50
 70
     1
102
RTVSPropertyOp51
 70
     0
102
RTVSPropertyOp52
 70
     0
102
RTVSPropertyOp53
 70
     1
102
RTVSPropertyOp54
 70
     1
102
RTVSPropertyOp55
 70
     1
102
RTVSPropertyOp56
 70
     1
102
RTVSPropertyOp57
 70
     1
102
RTVSPropertyOp58
 70
     1
102
RTVSPropertyOp59
 70
     1
102
RTVSPropertyOp60
 70
     1
102
RTVSPropertyOp61
 70
     1
102
RTVSPropertyOp62
 70
     1
  0
XRECORD
  5
10E2
102
{ACAD_REACTORS
330
10E1
102
}
330
10E1
100
AcDbXrecord
280
     1
102
RTVSPost2010Prop28
280
     0
102
RTVSPost2010PropOp28
 70
     1
102
RTVSPost2010Prop29
280
     1
102
RTVSPost2010PropOp29
 70
     1
102
RTVSPost2010Prop30
280
     1
102
RTVSPost2010PropOp30
 70
     1
102
RTVSPost2010Prop31
280
     0
102
RTVSPost2010PropOp31
 70
     1
102
RTVSPost2010Prop32
280
     0
102
RTVSPost2010PropOp32
 70
     1
102
RTVSPost2010Prop33
280
     0
102
RTVSPost2010PropOp33
 70
     1
102
RTVSPost2010Prop34
280
     0
102
RTVSPost2010PropOp34
 70
     1
102
RTVSPost2010Prop35
280
     0
102
RTVSPost2010PropOp35
 70
     1
102
RTVSPost2010Prop36
280
     0
102
RTVSPost2010PropOp36
 70
     1
102
RTVSPost2010Prop37
 90
       50
102
RTVSPost2010PropOp37
 70
     1
102
RTVSPost2010Prop38
140
0.0
102
RTVSPost2010PropOp38
 70
     1
102
RTVSPost2010Prop39
140
1.0
102
RTVSPost2010PropOp39
 70
     1
102
RTVSPost2010Prop40
 90
        0
102
RTVSPost2010PropOp40
 70
     1
102
RTVSPost2010Prop41ColorIndex
 90
       18
102
RTVSPost2010Prop41ColorRGB
 90
        0
102
RTVSPost2010PropOp41
 70
     1
102
RTVSPost2010Prop42
 90
       50
102
RTVSPost2010PropOp42
 70
     1
102
RTVSPost2010Prop43
 90
        3
102
RTVSPost2010PropOp43
 70
     1
102
RTVSPost2010Prop44ColorIndex
 90
        5
102
RTVSPost2010Prop44ColorRGB
 90
      255
102
RTVSPost2010PropOp44
 70
     1
102
RTVSPost2010Prop45
280
     0
102
RTVSPost2010PropOp45
 70
     1
102
RTVSPost2010Prop46
 90
       50
102
RTVSPost2010PropOp46
 70
     1
102
RTVSPost2010Prop47
 90
       50
102
RTVSPost2010PropOp47
 70
     1
102
RTVSPost2010Prop48
 90
       50
102
RTVSPost2010PropOp48
 70
     1
102
RTVSPost2010Prop49
280
     0
102
RTVSPost2010PropOp49
 70
     1
102
RTVSPost2010Prop50
 90
       50
102
RTVSPost2010PropOp50
 70
     1
102
RTVSPost2010Prop51ColorIndex
 90
      256
102
RTVSPost2010Prop51ColorRGB
 90
-16777216
102
RTVSPost2010PropOp51
 70
     0
102
RTVSPost2010Prop52
140
1.0
102
RTVSPost2010PropOp52
 70
     0
102
RTVSPost2010Prop53
 90
        2
102
RTVSPost2010PropOp53
 70
     1
102
RTVSPost2010Prop54
  1
strokes_ogs.tif
102
RTVSPost2010PropOp54
 70
     1
102
RTVSPost2010Prop55
280
     0
102
RTVSPost2010PropOp55
 70
     1
102
RTVSPost2010Prop56
140
1.0
102
RTVSPost2010PropOp56
 70
     1
102
RTVSPost2010Prop57
140
1.0
102
RTVSPost2010PropOp57
 70
     1
102
RTVSPropertyOp0
 70
     1
102
RTVSPropertyOp1
 70
     1
102
RTVSPropertyOp2
 70
     1
102
RTVSPropertyOp3
 70
     1
102
RTVSPropertyOp4
 70
     1
102
RTVSPropertyOp5
 70
     1
102
RTVSPropertyOp6
 70
     1
102
RTVSPropertyOp7
 70
     1
102
RTVSPropertyOp8
 70
     1
102
RTVSPropertyOp9
 70
     1
102
RTVSPropertyOp10
 70
     1
102
RTVSPropertyOp11
 70
     1
102
RTVSPropertyOp12
 70
     1
102
RTVSPropertyOp13
 70
     1
102
RTVSPropertyOp14
 70
     1
102
RTVSPropertyOp15
 70
     1
102
RTVSPropertyOp16
 70
     1
102
RTVSPropertyOp17
 70
     1
102
RTVSPropertyOp18
 70
     1
102
RTVSPropertyOp19
 70
     1
102
RTVSPropertyOp20
 70
     1
102
RTVSPropertyOp21
 70
     1
102
RTVSPropertyOp22
 70
     1
102
RTVSPropertyOp23
 70
     1
102
RTVSPropertyOp24
 70
     1
102
RTVSPropertyOp25
 70
     1
102
RTVSPropertyOp26
 70
     1
102
RTVSPropertyOp27
 70
     1
102
RTVSPropertyOp28
 70
     1
102
RTVSPropertyOp29
 70
     1
102
RTVSPropertyOp30
 70
     1
102
RTVSPropertyOp31
 70
     1
102
RTVSPropertyOp32
 70
     1
102
RTVSPropertyOp33
 70
     1
102
RTVSPropertyOp34
 70
     1
102
RTVSPropertyOp35
 70
     1
102
RTVSPropertyOp36
 70
     1
102
RTVSPropertyOp37
 70
     1
102
RTVSPropertyOp38
 70
     1
102
RTVSPropertyOp39
 70
     1
102
RTVSPropertyOp40
 70
     1
102
RTVSPropertyOp41
 70
     1
102
RTVSPropertyOp42
 70
     1
102
RTVSPropertyOp43
 70
     1
102
RTVSPropertyOp44
 70
     1
102
RTVSPropertyOp45
 70
     1
102
RTVSPropertyOp46
 70
     1
102
RTVSPropertyOp47
 70
     1
102
RTVSPropertyOp48
 70
     1
102
RTVSPropertyOp49
 70
     1
102
RTVSPropertyOp50
 70
     1
102
RTVSPropertyOp51
 70
     0
102
RTVSPropertyOp52
 70
     0
102
RTVSPropertyOp53
 70
     1
102
RTVSPropertyOp54
 70
     1
102
RTVSPropertyOp55
 70
     1
102
RTVSPropertyOp56
 70
     1
102
RTVSPropertyOp57
 70
     1
102
RTVSPropertyOp58
 70
     1
102
RTVSPropertyOp59
 70
     1
102
RTVSPropertyOp60
 70
     1
102
RTVSPropertyOp61
 70
     1
102
RTVSPropertyOp62
 70
     1
  0
XRECORD
  5
10FC
102
{ACAD_REACTORS
330
10FB
102
}
330
10FB
100
AcDbXrecord
280
     1
102
RTVSPost2010Prop28
280
     0
102
RTVSPost2010PropOp28
 70
     1
102
RTVSPost2010Prop29
280
     1
102
RTVSPost2010PropOp29
 70
     1
102
RTVSPost2010Prop30
280
     1
102
RTVSPost2010PropOp30
 70
     1
102
RTVSPost2010Prop31
280
     0
102
RTVSPost2010PropOp31
 70
     1
102
RTVSPost2010Prop32
280
     0
102
RTVSPost2010PropOp32
 70
     1
102
RTVSPost2010Prop33
280
     0
102
RTVSPost2010PropOp33
 70
     1
102
RTVSPost2010Prop34
280
     0
102
RTVSPost2010PropOp34
 70
     1
102
RTVSPost2010Prop35
280
     0
102
RTVSPost2010PropOp35
 70
     1
102
RTVSPost2010Prop36
280
     0
102
RTVSPost2010PropOp36
 70
     1
102
RTVSPost2010Prop37
 90
       50
102
RTVSPost2010PropOp37
 70
     0
102
RTVSPost2010Prop38
140
0.0
102
RTVSPost2010PropOp38
 70
     0
102
RTVSPost2010Prop39
140
1.0
102
RTVSPost2010PropOp39
 70
     0
102
RTVSPost2010Prop40
 90
        0
102
RTVSPost2010PropOp40
 70
     0
102
RTVSPost2010Prop41ColorIndex
 90
       18
102
RTVSPost2010Prop41ColorRGB
 90
        0
102
RTVSPost2010PropOp41
 70
     0
102
RTVSPost2010Prop42
 90
       50
102
RTVSPost2010PropOp42
 70
     0
102
RTVSPost2010Prop43
 90
        3
102
RTVSPost2010PropOp43
 70
     0
102
RTVSPost2010Prop44ColorIndex
 90
        5
102
RTVSPost2010Prop44ColorRGB
 90
      255
102
RTVSPost2010PropOp44
 70
     0
102
RTVSPost2010Prop45
280
     0
102
RTVSPost2010PropOp45
 70
     1
102
RTVSPost2010Prop46
 90
       50
102
RTVSPost2010PropOp46
 70
     0
102
RTVSPost2010Prop47
 90
       50
102
RTVSPost2010PropOp47
 70
     0
102
RTVSPost2010Prop48
 90
       50
102
RTVSPost2010PropOp48
 70
     0
102
RTVSPost2010Prop49
280
     0
102
RTVSPost2010PropOp49
 70
     1
102
RTVSPost2010Prop50
 90
       50
102
RTVSPost2010PropOp50
 70
     0
102
RTVSPost2010Prop51ColorIndex
 90
      256
102
RTVSPost2010Prop51ColorRGB
 90
-16777216
102
RTVSPost2010PropOp51
 70
     0
102
RTVSPost2010Prop52
140
1.0
102
RTVSPost2010PropOp52
 70
     0
102
RTVSPost2010Prop53
 90
        2
102
RTVSPost2010PropOp53
 70
     0
102
RTVSPost2010Prop54
  1
strokes_ogs.tif
102
RTVSPost2010PropOp54
 70
     0
102
RTVSPost2010Prop55
280
     0
102
RTVSPost2010PropOp55
 70
     1
102
RTVSPost2010Prop56
140
1.0
102
RTVSPost2010PropOp56
 70
     0
102
RTVSPost2010Prop57
140
1.0
102
RTVSPost2010PropOp57
 70
     0
102
RTVSPropertyOp0
 70
     0
102
RTVSPropertyOp1
 70
     0
102
RTVSPropertyOp2
 70
     0
102
RTVSPropertyOp3
 70
     0
102
RTVSPropertyOp4
 70
     0
102
RTVSPropertyOp5
 70
     0
102
RTVSPropertyOp6
 70
     0
102
RTVSPropertyOp7
 70
     0
102
RTVSPropertyOp8
 70
     0
102
RTVSPropertyOp9
 70
     0
102
RTVSPropertyOp10
 70
     0
102
RTVSPropertyOp11
 70
     0
102
RTVSPropertyOp12
 70
     0
102
RTVSPropertyOp13
 70
     0
102
RTVSPropertyOp14
 70
     2
102
RTVSPropertyOp15
 70
     0
102
RTVSPropertyOp16
 70
     0
102
RTVSPropertyOp17
 70
     0
102
RTVSPropertyOp18
 70
     0
102
RTVSPropertyOp19
 70
     0
102
RTVSPropertyOp20
 70
     0
102
RTVSPropertyOp21
 70
     0
102
RTVSPropertyOp22
 70
     0
102
RTVSPropertyOp23
 70
     0
102
RTVSPropertyOp24
 70
     0
102
RTVSPropertyOp25
 70
     0
102
RTVSPropertyOp26
 70
     0
102
RTVSPropertyOp27
 70
     0
102
RTVSPropertyOp28
 70
     1
102
RTVSPropertyOp29
 70
     1
102
RTVSPropertyOp30
 70
     1
102
RTVSPropertyOp31
 70
     1
102
RTVSPropertyOp32
 70
     1
102
RTVSPropertyOp33
 70
     1
102
RTVSPropertyOp34
 70
     1
102
RTVSPropertyOp35
 70
     1
102
RTVSPropertyOp36
 70
     1
102
RTVSPropertyOp37
 70
     0
102
RTVSPropertyOp38
 70
     0
102
RTVSPropertyOp39
 70
     0
102
RTVSPropertyOp40
 70
     0
102
RTVSPropertyOp41
 70
     0
102
RTVSPropertyOp42
 70
     0
102
RTVSPropertyOp43
 70
     0
102
RTVSPropertyOp44
 70
     0
102
RTVSPropertyOp45
 70
     1
102
RTVSPropertyOp46
 70
     0
102
RTVSPropertyOp47
 70
     0
102
RTVSPropertyOp48
 70
     0
102
RTVSPropertyOp49
 70
     1
102
RTVSPropertyOp50
 70
     0
102
RTVSPropertyOp51
 70
     0
102
RTVSPropertyOp52
 70
     0
102
RTVSPropertyOp53
 70
     0
102
RTVSPropertyOp54
 70
     0
102
RTVSPropertyOp55
 70
     1
102
RTVSPropertyOp56
 70
     0
102
RTVSPropertyOp57
 70
     0
102
RTVSPropertyOp58
 70
     0
102
RTVSPropertyOp59
 70
     0
102
RTVSPropertyOp60
 70
     0
102
RTVSPropertyOp61
 70
     0
102
RTVSPropertyOp62
 70
     0
  0
XRECORD
  5
10EA
102
{ACAD_REACTORS
330
10E9
102
}
330
10E9
100
AcDbXrecord
280
     1
102
RTVSPost2010Prop28
280
     0
102
RTVSPost2010PropOp28
 70
     1
102
RTVSPost2010Prop29
280
     1
102
RTVSPost2010PropOp29
 70
     1
102
RTVSPost2010Prop30
280
     1
102
RTVSPost2010PropOp30
 70
     1
102
RTVSPost2010Prop31
280
     0
102
RTVSPost2010PropOp31
 70
     1
102
RTVSPost2010Prop32
280
     0
102
RTVSPost2010PropOp32
 70
     1
102
RTVSPost2010Prop33
280
     0
102
RTVSPost2010PropOp33
 70
     1
102
RTVSPost2010Prop34
280
     0
102
RTVSPost2010PropOp34
 70
     1
102
RTVSPost2010Prop35
280
     0
102
RTVSPost2010PropOp35
 70
     1
102
RTVSPost2010Prop36
280
     0
102
RTVSPost2010PropOp36
 70
     1
102
RTVSPost2010Prop37
 90
       50
102
RTVSPost2010PropOp37
 70
     1
102
RTVSPost2010Prop38
140
0.0
102
RTVSPost2010PropOp38
 70
     1
102
RTVSPost2010Prop39
140
1.0
102
RTVSPost2010PropOp39
 70
     1
102
RTVSPost2010Prop40
 90
        0
102
RTVSPost2010PropOp40
 70
     1
102
RTVSPost2010Prop41ColorIndex
 90
       18
102
RTVSPost2010Prop41ColorRGB
 90
        0
102
RTVSPost2010PropOp41
 70
     1
102
RTVSPost2010Prop42
 90
       50
102
RTVSPost2010PropOp42
 70
     1
102
RTVSPost2010Prop43
 90
        3
102
RTVSPost2010PropOp43
 70
     1
102
RTVSPost2010Prop44ColorIndex
 90
        5
102
RTVSPost2010Prop44ColorRGB
 90
      255
102
RTVSPost2010PropOp44
 70
     1
102
RTVSPost2010Prop45
280
     0
102
RTVSPost2010PropOp45
 70
     1
102
RTVSPost2010Prop46
 90
       50
102
RTVSPost2010PropOp46
 70
     1
102
RTVSPost2010Prop47
 90
       50
102
RTVSPost2010PropOp47
 70
     1
102
RTVSPost2010Prop48
 90
       50
102
RTVSPost2010PropOp48
 70
     1
102
RTVSPost2010Prop49
280
     0
102
RTVSPost2010PropOp49
 70
     1
102
RTVSPost2010Prop50
 90
       50
102
RTVSPost2010PropOp50
 70
     1
102
RTVSPost2010Prop51ColorIndex
 90
      256
102
RTVSPost2010Prop51ColorRGB
 90
-16777216
102
RTVSPost2010PropOp51
 70
     0
102
RTVSPost2010Prop52
140
1.0
102
RTVSPost2010PropOp52
 70
     0
102
RTVSPost2010Prop53
 90
        2
102
RTVSPost2010PropOp53
 70
     1
102
RTVSPost2010Prop54
  1
strokes_ogs.tif
102
RTVSPost2010PropOp54
 70
     1
102
RTVSPost2010Prop55
280
     0
102
RTVSPost2010PropOp55
 70
     1
102
RTVSPost2010Prop56
140
1.0
102
RTVSPost2010PropOp56
 70
     1
102
RTVSPost2010Prop57
140
1.0
102
RTVSPost2010PropOp57
 70
     1
102
RTVSPropertyOp0
 70
     1
102
RTVSPropertyOp1
 70
     1
102
RTVSPropertyOp2
 70
     1
102
RTVSPropertyOp3
 70
     1
102
RTVSPropertyOp4
 70
     1
102
RTVSPropertyOp5
 70
     1
102
RTVSPropertyOp6
 70
     1
102
RTVSPropertyOp7
 70
     1
102
RTVSPropertyOp8
 70
     1
102
RTVSPropertyOp9
 70
     1
102
RTVSPropertyOp10
 70
     1
102
RTVSPropertyOp11
 70
     1
102
RTVSPropertyOp12
 70
     1
102
RTVSPropertyOp13
 70
     1
102
RTVSPropertyOp14
 70
     1
102
RTVSPropertyOp15
 70
     1
102
RTVSPropertyOp16
 70
     1
102
RTVSPropertyOp17
 70
     1
102
RTVSPropertyOp18
 70
     1
102
RTVSPropertyOp19
 70
     1
102
RTVSPropertyOp20
 70
     1
102
RTVSPropertyOp21
 70
     1
102
RTVSPropertyOp22
 70
     1
102
RTVSPropertyOp23
 70
     1
102
RTVSPropertyOp24
 70
     1
102
RTVSPropertyOp25
 70
     1
102
RTVSPropertyOp26
 70
     1
102
RTVSPropertyOp27
 70
     1
102
RTVSPropertyOp28
 70
     1
102
RTVSPropertyOp29
 70
     1
102
RTVSPropertyOp30
 70
     1
102
RTVSPropertyOp31
 70
     1
102
RTVSPropertyOp32
 70
     1
102
RTVSPropertyOp33
 70
     1
102
RTVSPropertyOp34
 70
     1
102
RTVSPropertyOp35
 70
     1
102
RTVSPropertyOp36
 70
     1
102
RTVSPropertyOp37
 70
     1
102
RTVSPropertyOp38
 70
     1
102
RTVSPropertyOp39
 70
     1
102
RTVSPropertyOp40
 70
     1
102
RTVSPropertyOp41
 70
     1
102
RTVSPropertyOp42
 70
     1
102
RTVSPropertyOp43
 70
     1
102
RTVSPropertyOp44
 70
     1
102
RTVSPropertyOp45
 70
     1
102
RTVSPropertyOp46
 70
     1
102
RTVSPropertyOp47
 70
     1
102
RTVSPropertyOp48
 70
     1
102
RTVSPropertyOp49
 70
     1
102
RTVSPropertyOp50
 70
     1
102
RTVSPropertyOp51
 70
     0
102
RTVSPropertyOp52
 70
     0
102
RTVSPropertyOp53
 70
     1
102
RTVSPropertyOp54
 70
     1
102
RTVSPropertyOp55
 70
     1
102
RTVSPropertyOp56
 70
     1
102
RTVSPropertyOp57
 70
     1
102
RTVSPropertyOp58
 70
     1
102
RTVSPropertyOp59
 70
     1
102
RTVSPropertyOp60
 70
     1
102
RTVSPropertyOp61
 70
     1
102
RTVSPropertyOp62
 70
     1
  0
XRECORD
  5
10CE
102
{ACAD_REACTORS
330
10CD
102
}
330
10CD
100
AcDbXrecord
280
     1
102
RTVSPost2010Prop28
280
     0
102
RTVSPost2010PropOp28
 70
     1
102
RTVSPost2010Prop29
280
     1
102
RTVSPost2010PropOp29
 70
     1
102
RTVSPost2010Prop30
280
     1
102
RTVSPost2010PropOp30
 70
     1
102
RTVSPost2010Prop31
280
     0
102
RTVSPost2010PropOp31
 70
     1
102
RTVSPost2010Prop32
280
     0
102
RTVSPost2010PropOp32
 70
     1
102
RTVSPost2010Prop33
280
     0
102
RTVSPost2010PropOp33
 70
     1
102
RTVSPost2010Prop34
280
     0
102
RTVSPost2010PropOp34
 70
     1
102
RTVSPost2010Prop35
280
     0
102
RTVSPost2010PropOp35
 70
     1
102
RTVSPost2010Prop36
280
     0
102
RTVSPost2010PropOp36
 70
     1
102
RTVSPost2010Prop37
 90
       50
102
RTVSPost2010PropOp37
 70
     1
102
RTVSPost2010Prop38
140
0.0
102
RTVSPost2010PropOp38
 70
     1
102
RTVSPost2010Prop39
140
1.0
102
RTVSPost2010PropOp39
 70
     1
102
RTVSPost2010Prop40
 90
        0
102
RTVSPost2010PropOp40
 70
     1
102
RTVSPost2010Prop41ColorIndex
 90
       18
102
RTVSPost2010Prop41ColorRGB
 90
        0
102
RTVSPost2010PropOp41
 70
     1
102
RTVSPost2010Prop42
 90
       50
102
RTVSPost2010PropOp42
 70
     1
102
RTVSPost2010Prop43
 90
        3
102
RTVSPost2010PropOp43
 70
     1
102
RTVSPost2010Prop44ColorIndex
 90
        5
102
RTVSPost2010Prop44ColorRGB
 90
      255
102
RTVSPost2010PropOp44
 70
     1
102
RTVSPost2010Prop45
280
     0
102
RTVSPost2010PropOp45
 70
     1
102
RTVSPost2010Prop46
 90
       50
102
RTVSPost2010PropOp46
 70
     1
102
RTVSPost2010Prop47
 90
       50
102
RTVSPost2010PropOp47
 70
     1
102
RTVSPost2010Prop48
 90
       50
102
RTVSPost2010PropOp48
 70
     1
102
RTVSPost2010Prop49
280
     0
102
RTVSPost2010PropOp49
 70
     1
102
RTVSPost2010Prop50
 90
       50
102
RTVSPost2010PropOp50
 70
     1
102
RTVSPost2010Prop51ColorIndex
 90
      256
102
RTVSPost2010Prop51ColorRGB
 90
-16777216
102
RTVSPost2010PropOp51
 70
     0
102
RTVSPost2010Prop52
140
1.0
102
RTVSPost2010PropOp52
 70
     0
102
RTVSPost2010Prop53
 90
        2
102
RTVSPost2010PropOp53
 70
     1
102
RTVSPost2010Prop54
  1
strokes_ogs.tif
102
RTVSPost2010PropOp54
 70
     1
102
RTVSPost2010Prop55
280
     0
102
RTVSPost2010PropOp55
 70
     1
102
RTVSPost2010Prop56
140
1.0
102
RTVSPost2010PropOp56
 70
     1
102
RTVSPost2010Prop57
140
1.0
102
RTVSPost2010PropOp57
 70
     1
102
RTVSPropertyOp0
 70
     1
102
RTVSPropertyOp1
 70
     1
102
RTVSPropertyOp2
 70
     1
102
RTVSPropertyOp3
 70
     1
102
RTVSPropertyOp4
 70
     1
102
RTVSPropertyOp5
 70
     1
102
RTVSPropertyOp6
 70
     1
102
RTVSPropertyOp7
 70
     1
102
RTVSPropertyOp8
 70
     1
102
RTVSPropertyOp9
 70
     1
102
RTVSPropertyOp10
 70
     1
102
RTVSPropertyOp11
 70
     1
102
RTVSPropertyOp12
 70
     1
102
RTVSPropertyOp13
 70
     1
102
RTVSPropertyOp14
 70
     1
102
RTVSPropertyOp15
 70
     1
102
RTVSPropertyOp16
 70
     1
102
RTVSPropertyOp17
 70
     1
102
RTVSPropertyOp18
 70
     1
102
RTVSPropertyOp19
 70
     1
102
RTVSPropertyOp20
 70
     1
102
RTVSPropertyOp21
 70
     1
102
RTVSPropertyOp22
 70
     1
102
RTVSPropertyOp23
 70
     1
102
RTVSPropertyOp24
 70
     1
102
RTVSPropertyOp25
 70
     1
102
RTVSPropertyOp26
 70
     1
102
RTVSPropertyOp27
 70
     1
102
RTVSPropertyOp28
 70
     1
102
RTVSPropertyOp29
 70
     1
102
RTVSPropertyOp30
 70
     1
102
RTVSPropertyOp31
 70
     1
102
RTVSPropertyOp32
 70
     1
102
RTVSPropertyOp33
 70
     1
102
RTVSPropertyOp34
 70
     1
102
RTVSPropertyOp35
 70
     1
102
RTVSPropertyOp36
 70
     1
102
RTVSPropertyOp37
 70
     1
102
RTVSPropertyOp38
 70
     1
102
RTVSPropertyOp39
 70
     1
102
RTVSPropertyOp40
 70
     1
102
RTVSPropertyOp41
 70
     1
102
RTVSPropertyOp42
 70
     1
102
RTVSPropertyOp43
 70
     1
102
RTVSPropertyOp44
 70
     1
102
RTVSPropertyOp45
 70
     1
102
RTVSPropertyOp46
 70
     1
102
RTVSPropertyOp47
 70
     1
102
RTVSPropertyOp48
 70
     1
102
RTVSPropertyOp49
 70
     1
102
RTVSPropertyOp50
 70
     1
102
RTVSPropertyOp51
 70
     0
102
RTVSPropertyOp52
 70
     0
102
RTVSPropertyOp53
 70
     1
102
RTVSPropertyOp54
 70
     1
102
RTVSPropertyOp55
 70
     1
102
RTVSPropertyOp56
 70
     1
102
RTVSPropertyOp57
 70
     1
102
RTVSPropertyOp58
 70
     1
102
RTVSPropertyOp59
 70
     1
102
RTVSPropertyOp60
 70
     1
102
RTVSPropertyOp61
 70
     1
102
RTVSPropertyOp62
 70
     1
  0
XRECORD
  5
10D0
102
{ACAD_REACTORS
330
10CF
102
}
330
10CF
100
AcDbXrecord
280
     1
102
RTVSPost2010Prop28
280
     0
102
RTVSPost2010PropOp28
 70
     1
102
RTVSPost2010Prop29
280
     1
102
RTVSPost2010PropOp29
 70
     1
102
RTVSPost2010Prop30
280
     1
102
RTVSPost2010PropOp30
 70
     1
102
RTVSPost2010Prop31
280
     0
102
RTVSPost2010PropOp31
 70
     1
102
RTVSPost2010Prop32
280
     0
102
RTVSPost2010PropOp32
 70
     1
102
RTVSPost2010Prop33
280
     0
102
RTVSPost2010PropOp33
 70
     1
102
RTVSPost2010Prop34
280
     0
102
RTVSPost2010PropOp34
 70
     1
102
RTVSPost2010Prop35
280
     0
102
RTVSPost2010PropOp35
 70
     1
102
RTVSPost2010Prop36
280
     0
102
RTVSPost2010PropOp36
 70
     1
102
RTVSPost2010Prop37
 90
       50
102
RTVSPost2010PropOp37
 70
     1
102
RTVSPost2010Prop38
140
0.0
102
RTVSPost2010PropOp38
 70
     1
102
RTVSPost2010Prop39
140
1.0
102
RTVSPost2010PropOp39
 70
     1
102
RTVSPost2010Prop40
 90
        0
102
RTVSPost2010PropOp40
 70
     1
102
RTVSPost2010Prop41ColorIndex
 90
       18
102
RTVSPost2010Prop41ColorRGB
 90
        0
102
RTVSPost2010PropOp41
 70
     1
102
RTVSPost2010Prop42
 90
       50
102
RTVSPost2010PropOp42
 70
     1
102
RTVSPost2010Prop43
 90
        3
102
RTVSPost2010PropOp43
 70
     1
102
RTVSPost2010Prop44ColorIndex
 90
        5
102
RTVSPost2010Prop44ColorRGB
 90
      255
102
RTVSPost2010PropOp44
 70
     1
102
RTVSPost2010Prop45
280
     0
102
RTVSPost2010PropOp45
 70
     1
102
RTVSPost2010Prop46
 90
       50
102
RTVSPost2010PropOp46
 70
     1
102
RTVSPost2010Prop47
 90
       50
102
RTVSPost2010PropOp47
 70
     1
102
RTVSPost2010Prop48
 90
       50
102
RTVSPost2010PropOp48
 70
     1
102
RTVSPost2010Prop49
280
     0
102
RTVSPost2010PropOp49
 70
     1
102
RTVSPost2010Prop50
 90
       50
102
RTVSPost2010PropOp50
 70
     1
102
RTVSPost2010Prop51ColorIndex
 90
      256
102
RTVSPost2010Prop51ColorRGB
 90
-16777216
102
RTVSPost2010PropOp51
 70
     0
102
RTVSPost2010Prop52
140
1.0
102
RTVSPost2010PropOp52
 70
     0
102
RTVSPost2010Prop53
 90
        2
102
RTVSPost2010PropOp53
 70
     1
102
RTVSPost2010Prop54
  1
strokes_ogs.tif
102
RTVSPost2010PropOp54
 70
     1
102
RTVSPost2010Prop55
280
     0
102
RTVSPost2010PropOp55
 70
     1
102
RTVSPost2010Prop56
140
1.0
102
RTVSPost2010PropOp56
 70
     1
102
RTVSPost2010Prop57
140
1.0
102
RTVSPost2010PropOp57
 70
     1
102
RTVSPropertyOp0
 70
     1
102
RTVSPropertyOp1
 70
     1
102
RTVSPropertyOp2
 70
     1
102
RTVSPropertyOp3
 70
     1
102
RTVSPropertyOp4
 70
     1
102
RTVSPropertyOp5
 70
     1
102
RTVSPropertyOp6
 70
     1
102
RTVSPropertyOp7
 70
     1
102
RTVSPropertyOp8
 70
     1
102
RTVSPropertyOp9
 70
     1
102
RTVSPropertyOp10
 70
     1
102
RTVSPropertyOp11
 70
     1
102
RTVSPropertyOp12
 70
     1
102
RTVSPropertyOp13
 70
     1
102
RTVSPropertyOp14
 70
     1
102
RTVSPropertyOp15
 70
     1
102
RTVSPropertyOp16
 70
     1
102
RTVSPropertyOp17
 70
     1
102
RTVSPropertyOp18
 70
     1
102
RTVSPropertyOp19
 70
     1
102
RTVSPropertyOp20
 70
     1
102
RTVSPropertyOp21
 70
     1
102
RTVSPropertyOp22
 70
     1
102
RTVSPropertyOp23
 70
     1
102
RTVSPropertyOp24
 70
     1
102
RTVSPropertyOp25
 70
     1
102
RTVSPropertyOp26
 70
     1
102
RTVSPropertyOp27
 70
     1
102
RTVSPropertyOp28
 70
     1
102
RTVSPropertyOp29
 70
     1
102
RTVSPropertyOp30
 70
     1
102
RTVSPropertyOp31
 70
     1
102
RTVSPropertyOp32
 70
     1
102
RTVSPropertyOp33
 70
     1
102
RTVSPropertyOp34
 70
     1
102
RTVSPropertyOp35
 70
     1
102
RTVSPropertyOp36
 70
     1
102
RTVSPropertyOp37
 70
     1
102
RTVSPropertyOp38
 70
     1
102
RTVSPropertyOp39
 70
     1
102
RTVSPropertyOp40
 70
     1
102
RTVSPropertyOp41
 70
     1
102
RTVSPropertyOp42
 70
     1
102
RTVSPropertyOp43
 70
     1
102
RTVSPropertyOp44
 70
     1
102
RTVSPropertyOp45
 70
     1
102
RTVSPropertyOp46
 70
     1
102
RTVSPropertyOp47
 70
     1
102
RTVSPropertyOp48
 70
     1
102
RTVSPropertyOp49
 70
     1
102
RTVSPropertyOp50
 70
     1
102
RTVSPropertyOp51
 70
     0
102
RTVSPropertyOp52
 70
     0
102
RTVSPropertyOp53
 70
     1
102
RTVSPropertyOp54
 70
     1
102
RTVSPropertyOp55
 70
     1
102
RTVSPropertyOp56
 70
     1
102
RTVSPropertyOp57
 70
     1
102
RTVSPropertyOp58
 70
     1
102
RTVSPropertyOp59
 70
     1
102
RTVSPropertyOp60
 70
     1
102
RTVSPropertyOp61
 70
     1
102
RTVSPropertyOp62
 70
     1
  0
XRECORD
  5
10D2
102
{ACAD_REACTORS
330
10D1
102
}
330
10D1
100
AcDbXrecord
280
     1
102
RTVSPost2010Prop28
280
     0
102
RTVSPost2010PropOp28
 70
     1
102
RTVSPost2010Prop29
280
     1
102
RTVSPost2010PropOp29
 70
     1
102
RTVSPost2010Prop30
280
     1
102
RTVSPost2010PropOp30
 70
     1
102
RTVSPost2010Prop31
280
     0
102
RTVSPost2010PropOp31
 70
     1
102
RTVSPost2010Prop32
280
     0
102
RTVSPost2010PropOp32
 70
     1
102
RTVSPost2010Prop33
280
     0
102
RTVSPost2010PropOp33
 70
     1
102
RTVSPost2010Prop34
280
     0
102
RTVSPost2010PropOp34
 70
     1
102
RTVSPost2010Prop35
280
     0
102
RTVSPost2010PropOp35
 70
     1
102
RTVSPost2010Prop36
280
     0
102
RTVSPost2010PropOp36
 70
     1
102
RTVSPost2010Prop37
 90
       50
102
RTVSPost2010PropOp37
 70
     1
102
RTVSPost2010Prop38
140
0.0
102
RTVSPost2010PropOp38
 70
     1
102
RTVSPost2010Prop39
140
1.0
102
RTVSPost2010PropOp39
 70
     1
102
RTVSPost2010Prop40
 90
        0
102
RTVSPost2010PropOp40
 70
     1
102
RTVSPost2010Prop41ColorIndex
 90
       18
102
RTVSPost2010Prop41ColorRGB
 90
        0
102
RTVSPost2010PropOp41
 70
     1
102
RTVSPost2010Prop42
 90
       50
102
RTVSPost2010PropOp42
 70
     1
102
RTVSPost2010Prop43
 90
        3
102
RTVSPost2010PropOp43
 70
     1
102
RTVSPost2010Prop44ColorIndex
 90
        5
102
RTVSPost2010Prop44ColorRGB
 90
      255
102
RTVSPost2010PropOp44
 70
     1
102
RTVSPost2010Prop45
280
     0
102
RTVSPost2010PropOp45
 70
     1
102
RTVSPost2010Prop46
 90
       50
102
RTVSPost2010PropOp46
 70
     1
102
RTVSPost2010Prop47
 90
       50
102
RTVSPost2010PropOp47
 70
     1
102
RTVSPost2010Prop48
 90
       50
102
RTVSPost2010PropOp48
 70
     1
102
RTVSPost2010Prop49
280
     0
102
RTVSPost2010PropOp49
 70
     1
102
RTVSPost2010Prop50
 90
       50
102
RTVSPost2010PropOp50
 70
     1
102
RTVSPost2010Prop51ColorIndex
 90
      256
102
RTVSPost2010Prop51ColorRGB
 90
-16777216
102
RTVSPost2010PropOp51
 70
     0
102
RTVSPost2010Prop52
140
1.0
102
RTVSPost2010PropOp52
 70
     0
102
RTVSPost2010Prop53
 90
        2
102
RTVSPost2010PropOp53
 70
     1
102
RTVSPost2010Prop54
  1
strokes_ogs.tif
102
RTVSPost2010PropOp54
 70
     1
102
RTVSPost2010Prop55
280
     0
102
RTVSPost2010PropOp55
 70
     1
102
RTVSPost2010Prop56
140
1.0
102
RTVSPost2010PropOp56
 70
     1
102
RTVSPost2010Prop57
140
1.0
102
RTVSPost2010PropOp57
 70
     1
102
RTVSPropertyOp0
 70
     1
102
RTVSPropertyOp1
 70
     1
102
RTVSPropertyOp2
 70
     1
102
RTVSPropertyOp3
 70
     1
102
RTVSPropertyOp4
 70
     1
102
RTVSPropertyOp5
 70
     1
102
RTVSPropertyOp6
 70
     1
102
RTVSPropertyOp7
 70
     1
102
RTVSPropertyOp8
 70
     1
102
RTVSPropertyOp9
 70
     1
102
RTVSPropertyOp10
 70
     1
102
RTVSPropertyOp11
 70
     1
102
RTVSPropertyOp12
 70
     1
102
RTVSPropertyOp13
 70
     1
102
RTVSPropertyOp14
 70
     1
102
RTVSPropertyOp15
 70
     1
102
RTVSPropertyOp16
 70
     1
102
RTVSPropertyOp17
 70
     1
102
RTVSPropertyOp18
 70
     1
102
RTVSPropertyOp19
 70
     1
102
RTVSPropertyOp20
 70
     1
102
RTVSPropertyOp21
 70
     1
102
RTVSPropertyOp22
 70
     1
102
RTVSPropertyOp23
 70
     1
102
RTVSPropertyOp24
 70
     1
102
RTVSPropertyOp25
 70
     1
102
RTVSPropertyOp26
 70
     1
102
RTVSPropertyOp27
 70
     1
102
RTVSPropertyOp28
 70
     1
102
RTVSPropertyOp29
 70
     1
102
RTVSPropertyOp30
 70
     1
102
RTVSPropertyOp31
 70
     1
102
RTVSPropertyOp32
 70
     1
102
RTVSPropertyOp33
 70
     1
102
RTVSPropertyOp34
 70
     1
102
RTVSPropertyOp35
 70
     1
102
RTVSPropertyOp36
 70
     1
102
RTVSPropertyOp37
 70
     1
102
RTVSPropertyOp38
 70
     1
102
RTVSPropertyOp39
 70
     1
102
RTVSPropertyOp40
 70
     1
102
RTVSPropertyOp41
 70
     1
102
RTVSPropertyOp42
 70
     1
102
RTVSPropertyOp43
 70
     1
102
RTVSPropertyOp44
 70
     1
102
RTVSPropertyOp45
 70
     1
102
RTVSPropertyOp46
 70
     1
102
RTVSPropertyOp47
 70
     1
102
RTVSPropertyOp48
 70
     1
102
RTVSPropertyOp49
 70
     1
102
RTVSPropertyOp50
 70
     1
102
RTVSPropertyOp51
 70
     0
102
RTVSPropertyOp52
 70
     0
102
RTVSPropertyOp53
 70
     1
102
RTVSPropertyOp54
 70
     1
102
RTVSPropertyOp55
 70
     1
102
RTVSPropertyOp56
 70
     1
102
RTVSPropertyOp57
 70
     1
102
RTVSPropertyOp58
 70
     1
102
RTVSPropertyOp59
 70
     1
102
RTVSPropertyOp60
 70
     1
102
RTVSPropertyOp61
 70
     1
102
RTVSPropertyOp62
 70
     1
  0
XRECORD
  5
10D4
102
{ACAD_REACTORS
330
10D3
102
}
330
10D3
100
AcDbXrecord
280
     1
102
RTVSPost2010Prop28
280
     0
102
RTVSPost2010PropOp28
 70
     1
102
RTVSPost2010Prop29
280
     1
102
RTVSPost2010PropOp29
 70
     1
102
RTVSPost2010Prop30
280
     1
102
RTVSPost2010PropOp30
 70
     1
102
RTVSPost2010Prop31
280
     0
102
RTVSPost2010PropOp31
 70
     1
102
RTVSPost2010Prop32
280
     0
102
RTVSPost2010PropOp32
 70
     1
102
RTVSPost2010Prop33
280
     0
102
RTVSPost2010PropOp33
 70
     1
102
RTVSPost2010Prop34
280
     0
102
RTVSPost2010PropOp34
 70
     1
102
RTVSPost2010Prop35
280
     0
102
RTVSPost2010PropOp35
 70
     1
102
RTVSPost2010Prop36
280
     0
102
RTVSPost2010PropOp36
 70
     1
102
RTVSPost2010Prop37
 90
       50
102
RTVSPost2010PropOp37
 70
     1
102
RTVSPost2010Prop38
140
0.0
102
RTVSPost2010PropOp38
 70
     1
102
RTVSPost2010Prop39
140
1.0
102
RTVSPost2010PropOp39
 70
     1
102
RTVSPost2010Prop40
 90
        0
102
RTVSPost2010PropOp40
 70
     1
102
RTVSPost2010Prop41ColorIndex
 90
       18
102
RTVSPost2010Prop41ColorRGB
 90
        0
102
RTVSPost2010PropOp41
 70
     1
102
RTVSPost2010Prop42
 90
       50
102
RTVSPost2010PropOp42
 70
     1
102
RTVSPost2010Prop43
 90
        3
102
RTVSPost2010PropOp43
 70
     1
102
RTVSPost2010Prop44ColorIndex
 90
        5
102
RTVSPost2010Prop44ColorRGB
 90
      255
102
RTVSPost2010PropOp44
 70
     1
102
RTVSPost2010Prop45
280
     0
102
RTVSPost2010PropOp45
 70
     1
102
RTVSPost2010Prop46
 90
       50
102
RTVSPost2010PropOp46
 70
     1
102
RTVSPost2010Prop47
 90
       50
102
RTVSPost2010PropOp47
 70
     1
102
RTVSPost2010Prop48
 90
       50
102
RTVSPost2010PropOp48
 70
     1
102
RTVSPost2010Prop49
280
     0
102
RTVSPost2010PropOp49
 70
     1
102
RTVSPost2010Prop50
 90
       50
102
RTVSPost2010PropOp50
 70
     1
102
RTVSPost2010Prop51ColorIndex
 90
      256
102
RTVSPost2010Prop51ColorRGB
 90
-16777216
102
RTVSPost2010PropOp51
 70
     0
102
RTVSPost2010Prop52
140
1.0
102
RTVSPost2010PropOp52
 70
     0
102
RTVSPost2010Prop53
 90
        2
102
RTVSPost2010PropOp53
 70
     1
102
RTVSPost2010Prop54
  1
strokes_ogs.tif
102
RTVSPost2010PropOp54
 70
     1
102
RTVSPost2010Prop55
280
     0
102
RTVSPost2010PropOp55
 70
     1
102
RTVSPost2010Prop56
140
1.0
102
RTVSPost2010PropOp56
 70
     1
102
RTVSPost2010Prop57
140
1.0
102
RTVSPost2010PropOp57
 70
     1
102
RTVSPropertyOp0
 70
     1
102
RTVSPropertyOp1
 70
     1
102
RTVSPropertyOp2
 70
     1
102
RTVSPropertyOp3
 70
     1
102
RTVSPropertyOp4
 70
     1
102
RTVSPropertyOp5
 70
     1
102
RTVSPropertyOp6
 70
     1
102
RTVSPropertyOp7
 70
     1
102
RTVSPropertyOp8
 70
     1
102
RTVSPropertyOp9
 70
     1
102
RTVSPropertyOp10
 70
     1
102
RTVSPropertyOp11
 70
     1
102
RTVSPropertyOp12
 70
     1
102
RTVSPropertyOp13
 70
     1
102
RTVSPropertyOp14
 70
     1
102
RTVSPropertyOp15
 70
     1
102
RTVSPropertyOp16
 70
     1
102
RTVSPropertyOp17
 70
     1
102
RTVSPropertyOp18
 70
     1
102
RTVSPropertyOp19
 70
     1
102
RTVSPropertyOp20
 70
     1
102
RTVSPropertyOp21
 70
     1
102
RTVSPropertyOp22
 70
     1
102
RTVSPropertyOp23
 70
     1
102
RTVSPropertyOp24
 70
     1
102
RTVSPropertyOp25
 70
     1
102
RTVSPropertyOp26
 70
     1
102
RTVSPropertyOp27
 70
     1
102
RTVSPropertyOp28
 70
     1
102
RTVSPropertyOp29
 70
     1
102
RTVSPropertyOp30
 70
     1
102
RTVSPropertyOp31
 70
     1
102
RTVSPropertyOp32
 70
     1
102
RTVSPropertyOp33
 70
     1
102
RTVSPropertyOp34
 70
     1
102
RTVSPropertyOp35
 70
     1
102
RTVSPropertyOp36
 70
     1
102
RTVSPropertyOp37
 70
     1
102
RTVSPropertyOp38
 70
     1
102
RTVSPropertyOp39
 70
     1
102
RTVSPropertyOp40
 70
     1
102
RTVSPropertyOp41
 70
     1
102
RTVSPropertyOp42
 70
     1
102
RTVSPropertyOp43
 70
     1
102
RTVSPropertyOp44
 70
     1
102
RTVSPropertyOp45
 70
     1
102
RTVSPropertyOp46
 70
     1
102
RTVSPropertyOp47
 70
     1
102
RTVSPropertyOp48
 70
     1
102
RTVSPropertyOp49
 70
     1
102
RTVSPropertyOp50
 70
     1
102
RTVSPropertyOp51
 70
     0
102
RTVSPropertyOp52
 70
     0
102
RTVSPropertyOp53
 70
     1
102
RTVSPropertyOp54
 70
     1
102
RTVSPropertyOp55
 70
     1
102
RTVSPropertyOp56
 70
     1
102
RTVSPropertyOp57
 70
     1
102
RTVSPropertyOp58
 70
     1
102
RTVSPropertyOp59
 70
     1
102
RTVSPropertyOp60
 70
     1
102
RTVSPropertyOp61
 70
     1
102
RTVSPropertyOp62
 70
     1
  0
XRECORD
  5
10DC
102
{ACAD_REACTORS
330
10DB
102
}
330
10DB
100
AcDbXrecord
280
     1
102
RTVSPost2010Prop28
280
     0
102
RTVSPost2010PropOp28
 70
     1
102
RTVSPost2010Prop29
280
     1
102
RTVSPost2010PropOp29
 70
     1
102
RTVSPost2010Prop30
280
     1
102
RTVSPost2010PropOp30
 70
     1
102
RTVSPost2010Prop31
280
     0
102
RTVSPost2010PropOp31
 70
     1
102
RTVSPost2010Prop32
280
     0
102
RTVSPost2010PropOp32
 70
     1
102
RTVSPost2010Prop33
280
     0
102
RTVSPost2010PropOp33
 70
     1
102
RTVSPost2010Prop34
280
     0
102
RTVSPost2010PropOp34
 70
     1
102
RTVSPost2010Prop35
280
     0
102
RTVSPost2010PropOp35
 70
     1
102
RTVSPost2010Prop36
280
     0
102
RTVSPost2010PropOp36
 70
     1
102
RTVSPost2010Prop37
 90
       50
102
RTVSPost2010PropOp37
 70
     1
102
RTVSPost2010Prop38
140
0.0
102
RTVSPost2010PropOp38
 70
     1
102
RTVSPost2010Prop39
140
1.0
102
RTVSPost2010PropOp39
 70
     1
102
RTVSPost2010Prop40
 90
        0
102
RTVSPost2010PropOp40
 70
     1
102
RTVSPost2010Prop41ColorIndex
 90
       18
102
RTVSPost2010Prop41ColorRGB
 90
        0
102
RTVSPost2010PropOp41
 70
     1
102
RTVSPost2010Prop42
 90
       50
102
RTVSPost2010PropOp42
 70
     1
102
RTVSPost2010Prop43
 90
        3
102
RTVSPost2010PropOp43
 70
     1
102
RTVSPost2010Prop44ColorIndex
 90
        5
102
RTVSPost2010Prop44ColorRGB
 90
      255
102
RTVSPost2010PropOp44
 70
     1
102
RTVSPost2010Prop45
280
     0
102
RTVSPost2010PropOp45
 70
     1
102
RTVSPost2010Prop46
 90
       50
102
RTVSPost2010PropOp46
 70
     1
102
RTVSPost2010Prop47
 90
       50
102
RTVSPost2010PropOp47
 70
     1
102
RTVSPost2010Prop48
 90
       50
102
RTVSPost2010PropOp48
 70
     1
102
RTVSPost2010Prop49
280
     0
102
RTVSPost2010PropOp49
 70
     1
102
RTVSPost2010Prop50
 90
       50
102
RTVSPost2010PropOp50
 70
     1
102
RTVSPost2010Prop51ColorIndex
 90
      256
102
RTVSPost2010Prop51ColorRGB
 90
-16777216
102
RTVSPost2010PropOp51
 70
     0
102
RTVSPost2010Prop52
140
1.0
102
RTVSPost2010PropOp52
 70
     0
102
RTVSPost2010Prop53
 90
        2
102
RTVSPost2010PropOp53
 70
     1
102
RTVSPost2010Prop54
  1
strokes_ogs.tif
102
RTVSPost2010PropOp54
 70
     1
102
RTVSPost2010Prop55
280
     0
102
RTVSPost2010PropOp55
 70
     1
102
RTVSPost2010Prop56
140
1.0
102
RTVSPost2010PropOp56
 70
     1
102
RTVSPost2010Prop57
140
1.0
102
RTVSPost2010PropOp57
 70
     1
102
RTVSPropertyOp0
 70
     1
102
RTVSPropertyOp1
 70
     1
102
RTVSPropertyOp2
 70
     1
102
RTVSPropertyOp3
 70
     1
102
RTVSPropertyOp4
 70
     1
102
RTVSPropertyOp5
 70
     1
102
RTVSPropertyOp6
 70
     1
102
RTVSPropertyOp7
 70
     1
102
RTVSPropertyOp8
 70
     1
102
RTVSPropertyOp9
 70
     1
102
RTVSPropertyOp10
 70
     1
102
RTVSPropertyOp11
 70
     1
102
RTVSPropertyOp12
 70
     1
102
RTVSPropertyOp13
 70
     1
102
RTVSPropertyOp14
 70
     1
102
RTVSPropertyOp15
 70
     1
102
RTVSPropertyOp16
 70
     1
102
RTVSPropertyOp17
 70
     1
102
RTVSPropertyOp18
 70
     1
102
RTVSPropertyOp19
 70
     1
102
RTVSPropertyOp20
 70
     1
102
RTVSPropertyOp21
 70
     1
102
RTVSPropertyOp22
 70
     1
102
RTVSPropertyOp23
 70
     1
102
RTVSPropertyOp24
 70
     1
102
RTVSPropertyOp25
 70
     1
102
RTVSPropertyOp26
 70
     1
102
RTVSPropertyOp27
 70
     1
102
RTVSPropertyOp28
 70
     1
102
RTVSPropertyOp29
 70
     1
102
RTVSPropertyOp30
 70
     1
102
RTVSPropertyOp31
 70
     1
102
RTVSPropertyOp32
 70
     1
102
RTVSPropertyOp33
 70
     1
102
RTVSPropertyOp34
 70
     1
102
RTVSPropertyOp35
 70
     1
102
RTVSPropertyOp36
 70
     1
102
RTVSPropertyOp37
 70
     1
102
RTVSPropertyOp38
 70
     1
102
RTVSPropertyOp39
 70
     1
102
RTVSPropertyOp40
 70
     1
102
RTVSPropertyOp41
 70
     1
102
RTVSPropertyOp42
 70
     1
102
RTVSPropertyOp43
 70
     1
102
RTVSPropertyOp44
 70
     1
102
RTVSPropertyOp45
 70
     1
102
RTVSPropertyOp46
 70
     1
102
RTVSPropertyOp47
 70
     1
102
RTVSPropertyOp48
 70
     1
102
RTVSPropertyOp49
 70
     1
102
RTVSPropertyOp50
 70
     1
102
RTVSPropertyOp51
 70
     0
102
RTVSPropertyOp52
 70
     0
102
RTVSPropertyOp53
 70
     1
102
RTVSPropertyOp54
 70
     1
102
RTVSPropertyOp55
 70
     1
102
RTVSPropertyOp56
 70
     1
102
RTVSPropertyOp57
 70
     1
102
RTVSPropertyOp58
 70
     1
102
RTVSPropertyOp59
 70
     1
102
RTVSPropertyOp60
 70
     1
102
RTVSPropertyOp61
 70
     1
102
RTVSPropertyOp62
 70
     1
  0
XRECORD
  5
10F8
102
{ACAD_REACTORS
330
10F7
102
}
330
10F7
100
AcDbXrecord
280
     1
102
RTVSPost2010Prop28
280
     0
102
RTVSPost2010PropOp28
 70
     1
102
RTVSPost2010Prop29
280
     1
102
RTVSPost2010PropOp29
 70
     1
102
RTVSPost2010Prop30
280
     1
102
RTVSPost2010PropOp30
 70
     1
102
RTVSPost2010Prop31
280
     0
102
RTVSPost2010PropOp31
 70
     1
102
RTVSPost2010Prop32
280
     0
102
RTVSPost2010PropOp32
 70
     1
102
RTVSPost2010Prop33
280
     0
102
RTVSPost2010PropOp33
 70
     1
102
RTVSPost2010Prop34
280
     0
102
RTVSPost2010PropOp34
 70
     1
102
RTVSPost2010Prop35
280
     0
102
RTVSPost2010PropOp35
 70
     1
102
RTVSPost2010Prop36
280
     0
102
RTVSPost2010PropOp36
 70
     1
102
RTVSPost2010Prop37
 90
       50
102
RTVSPost2010PropOp37
 70
     0
102
RTVSPost2010Prop38
140
0.0
102
RTVSPost2010PropOp38
 70
     0
102
RTVSPost2010Prop39
140
1.0
102
RTVSPost2010PropOp39
 70
     0
102
RTVSPost2010Prop40
 90
        0
102
RTVSPost2010PropOp40
 70
     0
102
RTVSPost2010Prop41ColorIndex
 90
       18
102
RTVSPost2010Prop41ColorRGB
 90
        0
102
RTVSPost2010PropOp41
 70
     0
102
RTVSPost2010Prop42
 90
       50
102
RTVSPost2010PropOp42
 70
     0
102
RTVSPost2010Prop43
 90
        3
102
RTVSPost2010PropOp43
 70
     0
102
RTVSPost2010Prop44ColorIndex
 90
        5
102
RTVSPost2010Prop44ColorRGB
 90
      255
102
RTVSPost2010PropOp44
 70
     0
102
RTVSPost2010Prop45
280
     0
102
RTVSPost2010PropOp45
 70
     1
102
RTVSPost2010Prop46
 90
       50
102
RTVSPost2010PropOp46
 70
     0
102
RTVSPost2010Prop47
 90
       50
102
RTVSPost2010PropOp47
 70
     0
102
RTVSPost2010Prop48
 90
       50
102
RTVSPost2010PropOp48
 70
     0
102
RTVSPost2010Prop49
280
     0
102
RTVSPost2010PropOp49
 70
     1
102
RTVSPost2010Prop50
 90
       50
102
RTVSPost2010PropOp50
 70
     0
102
RTVSPost2010Prop51ColorIndex
 90
      256
102
RTVSPost2010Prop51ColorRGB
 90
-16777216
102
RTVSPost2010PropOp51
 70
     0
102
RTVSPost2010Prop52
140
1.0
102
RTVSPost2010PropOp52
 70
     0
102
RTVSPost2010Prop53
 90
        2
102
RTVSPost2010PropOp53
 70
     0
102
RTVSPost2010Prop54
  1
strokes_ogs.tif
102
RTVSPost2010PropOp54
 70
     0
102
RTVSPost2010Prop55
280
     0
102
RTVSPost2010PropOp55
 70
     1
102
RTVSPost2010Prop56
140
1.0
102
RTVSPost2010PropOp56
 70
     0
102
RTVSPost2010Prop57
140
1.0
102
RTVSPost2010PropOp57
 70
     0
102
RTVSPropertyOp0
 70
     0
102
RTVSPropertyOp1
 70
     0
102
RTVSPropertyOp2
 70
     0
102
RTVSPropertyOp3
 70
     0
102
RTVSPropertyOp4
 70
     0
102
RTVSPropertyOp5
 70
     0
102
RTVSPropertyOp6
 70
     0
102
RTVSPropertyOp7
 70
     0
102
RTVSPropertyOp8
 70
     0
102
RTVSPropertyOp9
 70
     0
102
RTVSPropertyOp10
 70
     0
102
RTVSPropertyOp11
 70
     0
102
RTVSPropertyOp12
 70
     0
102
RTVSPropertyOp13
 70
     0
102
RTVSPropertyOp14
 70
     2
102
RTVSPropertyOp15
 70
     0
102
RTVSPropertyOp16
 70
     0
102
RTVSPropertyOp17
 70
     0
102
RTVSPropertyOp18
 70
     0
102
RTVSPropertyOp19
 70
     0
102
RTVSPropertyOp20
 70
     0
102
RTVSPropertyOp21
 70
     0
102
RTVSPropertyOp22
 70
     0
102
RTVSPropertyOp23
 70
     0
102
RTVSPropertyOp24
 70
     0
102
RTVSPropertyOp25
 70
     0
102
RTVSPropertyOp26
 70
     0
102
RTVSPropertyOp27
 70
     0
102
RTVSPropertyOp28
 70
     1
102
RTVSPropertyOp29
 70
     1
102
RTVSPropertyOp30
 70
     1
102
RTVSPropertyOp31
 70
     1
102
RTVSPropertyOp32
 70
     1
102
RTVSPropertyOp33
 70
     1
102
RTVSPropertyOp34
 70
     1
102
RTVSPropertyOp35
 70
     1
102
RTVSPropertyOp36
 70
     1
102
RTVSPropertyOp37
 70
     0
102
RTVSPropertyOp38
 70
     0
102
RTVSPropertyOp39
 70
     0
102
RTVSPropertyOp40
 70
     0
102
RTVSPropertyOp41
 70
     0
102
RTVSPropertyOp42
 70
     0
102
RTVSPropertyOp43
 70
     0
102
RTVSPropertyOp44
 70
     0
102
RTVSPropertyOp45
 70
     1
102
RTVSPropertyOp46
 70
     0
102
RTVSPropertyOp47
 70
     0
102
RTVSPropertyOp48
 70
     0
102
RTVSPropertyOp49
 70
     1
102
RTVSPropertyOp50
 70
     0
102
RTVSPropertyOp51
 70
     0
102
RTVSPropertyOp52
 70
     0
102
RTVSPropertyOp53
 70
     0
102
RTVSPropertyOp54
 70
     0
102
RTVSPropertyOp55
 70
     1
102
RTVSPropertyOp56
 70
     0
102
RTVSPropertyOp57
 70
     0
102
RTVSPropertyOp58
 70
     0
102
RTVSPropertyOp59
 70
     0
102
RTVSPropertyOp60
 70
     0
102
RTVSPropertyOp61
 70
     0
102
RTVSPropertyOp62
 70
     0
  0
XRECORD
  5
10E8
102
{ACAD_REACTORS
330
10E7
102
}
330
10E7
100
AcDbXrecord
280
     1
102
RTVSPost2010Prop28
280
     0
102
RTVSPost2010PropOp28
 70
     1
102
RTVSPost2010Prop29
280
     1
102
RTVSPost2010PropOp29
 70
     1
102
RTVSPost2010Prop30
280
     1
102
RTVSPost2010PropOp30
 70
     1
102
RTVSPost2010Prop31
280
     0
102
RTVSPost2010PropOp31
 70
     1
102
RTVSPost2010Prop32
280
     0
102
RTVSPost2010PropOp32
 70
     1
102
RTVSPost2010Prop33
280
     0
102
RTVSPost2010PropOp33
 70
     1
102
RTVSPost2010Prop34
280
     0
102
RTVSPost2010PropOp34
 70
     1
102
RTVSPost2010Prop35
280
     0
102
RTVSPost2010PropOp35
 70
     1
102
RTVSPost2010Prop36
280
     0
102
RTVSPost2010PropOp36
 70
     1
102
RTVSPost2010Prop37
 90
       50
102
RTVSPost2010PropOp37
 70
     1
102
RTVSPost2010Prop38
140
0.0
102
RTVSPost2010PropOp38
 70
     1
102
RTVSPost2010Prop39
140
1.0
102
RTVSPost2010PropOp39
 70
     1
102
RTVSPost2010Prop40
 90
        0
102
RTVSPost2010PropOp40
 70
     1
102
RTVSPost2010Prop41ColorIndex
 90
       18
102
RTVSPost2010Prop41ColorRGB
 90
        0
102
RTVSPost2010PropOp41
 70
     1
102
RTVSPost2010Prop42
 90
       50
102
RTVSPost2010PropOp42
 70
     1
102
RTVSPost2010Prop43
 90
        3
102
RTVSPost2010PropOp43
 70
     1
102
RTVSPost2010Prop44ColorIndex
 90
        5
102
RTVSPost2010Prop44ColorRGB
 90
      255
102
RTVSPost2010PropOp44
 70
     1
102
RTVSPost2010Prop45
280
     0
102
RTVSPost2010PropOp45
 70
     1
102
RTVSPost2010Prop46
 90
       50
102
RTVSPost2010PropOp46
 70
     1
102
RTVSPost2010Prop47
 90
       50
102
RTVSPost2010PropOp47
 70
     1
102
RTVSPost2010Prop48
 90
       50
102
RTVSPost2010PropOp48
 70
     1
102
RTVSPost2010Prop49
280
     0
102
RTVSPost2010PropOp49
 70
     1
102
RTVSPost2010Prop50
 90
       50
102
RTVSPost2010PropOp50
 70
     1
102
RTVSPost2010Prop51ColorIndex
 90
      256
102
RTVSPost2010Prop51ColorRGB
 90
-16777216
102
RTVSPost2010PropOp51
 70
     0
102
RTVSPost2010Prop52
140
1.0
102
RTVSPost2010PropOp52
 70
     0
102
RTVSPost2010Prop53
 90
        2
102
RTVSPost2010PropOp53
 70
     1
102
RTVSPost2010Prop54
  1
strokes_ogs.tif
102
RTVSPost2010PropOp54
 70
     1
102
RTVSPost2010Prop55
280
     0
102
RTVSPost2010PropOp55
 70
     1
102
RTVSPost2010Prop56
140
1.0
102
RTVSPost2010PropOp56
 70
     1
102
RTVSPost2010Prop57
140
1.0
102
RTVSPost2010PropOp57
 70
     1
102
RTVSPropertyOp0
 70
     1
102
RTVSPropertyOp1
 70
     1
102
RTVSPropertyOp2
 70
     1
102
RTVSPropertyOp3
 70
     1
102
RTVSPropertyOp4
 70
     1
102
RTVSPropertyOp5
 70
     1
102
RTVSPropertyOp6
 70
     1
102
RTVSPropertyOp7
 70
     1
102
RTVSPropertyOp8
 70
     1
102
RTVSPropertyOp9
 70
     1
102
RTVSPropertyOp10
 70
     1
102
RTVSPropertyOp11
 70
     1
102
RTVSPropertyOp12
 70
     1
102
RTVSPropertyOp13
 70
     1
102
RTVSPropertyOp14
 70
     1
102
RTVSPropertyOp15
 70
     1
102
RTVSPropertyOp16
 70
     1
102
RTVSPropertyOp17
 70
     1
102
RTVSPropertyOp18
 70
     1
102
RTVSPropertyOp19
 70
     1
102
RTVSPropertyOp20
 70
     1
102
RTVSPropertyOp21
 70
     1
102
RTVSPropertyOp22
 70
     1
102
RTVSPropertyOp23
 70
     1
102
RTVSPropertyOp24
 70
     1
102
RTVSPropertyOp25
 70
     1
102
RTVSPropertyOp26
 70
     1
102
RTVSPropertyOp27
 70
     1
102
RTVSPropertyOp28
 70
     1
102
RTVSPropertyOp29
 70
     1
102
RTVSPropertyOp30
 70
     1
102
RTVSPropertyOp31
 70
     1
102
RTVSPropertyOp32
 70
     1
102
RTVSPropertyOp33
 70
     1
102
RTVSPropertyOp34
 70
     1
102
RTVSPropertyOp35
 70
     1
102
RTVSPropertyOp36
 70
     1
102
RTVSPropertyOp37
 70
     1
102
RTVSPropertyOp38
 70
     1
102
RTVSPropertyOp39
 70
     1
102
RTVSPropertyOp40
 70
     1
102
RTVSPropertyOp41
 70
     1
102
RTVSPropertyOp42
 70
     1
102
RTVSPropertyOp43
 70
     1
102
RTVSPropertyOp44
 70
     1
102
RTVSPropertyOp45
 70
     1
102
RTVSPropertyOp46
 70
     1
102
RTVSPropertyOp47
 70
     1
102
RTVSPropertyOp48
 70
     1
102
RTVSPropertyOp49
 70
     1
102
RTVSPropertyOp50
 70
     1
102
RTVSPropertyOp51
 70
     0
102
RTVSPropertyOp52
 70
     0
102
RTVSPropertyOp53
 70
     1
102
RTVSPropertyOp54
 70
     1
102
RTVSPropertyOp55
 70
     1
102
RTVSPropertyOp56
 70
     1
102
RTVSPropertyOp57
 70
     1
102
RTVSPropertyOp58
 70
     1
102
RTVSPropertyOp59
 70
     1
102
RTVSPropertyOp60
 70
     1
102
RTVSPropertyOp61
 70
     1
102
RTVSPropertyOp62
 70
     1
  0
XRECORD
  5
10FA
102
{ACAD_REACTORS
330
10F9
102
}
330
10F9
100
AcDbXrecord
280
     1
102
RTVSPost2010Prop28
280
     0
102
RTVSPost2010PropOp28
 70
     1
102
RTVSPost2010Prop29
280
     1
102
RTVSPost2010PropOp29
 70
     1
102
RTVSPost2010Prop30
280
     1
102
RTVSPost2010PropOp30
 70
     1
102
RTVSPost2010Prop31
280
     0
102
RTVSPost2010PropOp31
 70
     1
102
RTVSPost2010Prop32
280
     0
102
RTVSPost2010PropOp32
 70
     1
102
RTVSPost2010Prop33
280
     0
102
RTVSPost2010PropOp33
 70
     1
102
RTVSPost2010Prop34
280
     0
102
RTVSPost2010PropOp34
 70
     1
102
RTVSPost2010Prop35
280
     0
102
RTVSPost2010PropOp35
 70
     1
102
RTVSPost2010Prop36
280
     0
102
RTVSPost2010PropOp36
 70
     1
102
RTVSPost2010Prop37
 90
       50
102
RTVSPost2010PropOp37
 70
     0
102
RTVSPost2010Prop38
140
0.0
102
RTVSPost2010PropOp38
 70
     0
102
RTVSPost2010Prop39
140
1.0
102
RTVSPost2010PropOp39
 70
     0
102
RTVSPost2010Prop40
 90
        0
102
RTVSPost2010PropOp40
 70
     0
102
RTVSPost2010Prop41ColorIndex
 90
       18
102
RTVSPost2010Prop41ColorRGB
 90
        0
102
RTVSPost2010PropOp41
 70
     0
102
RTVSPost2010Prop42
 90
       50
102
RTVSPost2010PropOp42
 70
     0
102
RTVSPost2010Prop43
 90
        3
102
RTVSPost2010PropOp43
 70
     0
102
RTVSPost2010Prop44ColorIndex
 90
        5
102
RTVSPost2010Prop44ColorRGB
 90
      255
102
RTVSPost2010PropOp44
 70
     0
102
RTVSPost2010Prop45
280
     0
102
RTVSPost2010PropOp45
 70
     1
102
RTVSPost2010Prop46
 90
       50
102
RTVSPost2010PropOp46
 70
     0
102
RTVSPost2010Prop47
 90
       50
102
RTVSPost2010PropOp47
 70
     0
102
RTVSPost2010Prop48
 90
       50
102
RTVSPost2010PropOp48
 70
     0
102
RTVSPost2010Prop49
280
     0
102
RTVSPost2010PropOp49
 70
     1
102
RTVSPost2010Prop50
 90
       50
102
RTVSPost2010PropOp50
 70
     0
102
RTVSPost2010Prop51ColorIndex
 90
      256
102
RTVSPost2010Prop51ColorRGB
 90
-16777216
102
RTVSPost2010PropOp51
 70
     0
102
RTVSPost2010Prop52
140
1.0
102
RTVSPost2010PropOp52
 70
     0
102
RTVSPost2010Prop53
 90
        2
102
RTVSPost2010PropOp53
 70
     0
102
RTVSPost2010Prop54
  1
strokes_ogs.tif
102
RTVSPost2010PropOp54
 70
     0
102
RTVSPost2010Prop55
280
     0
102
RTVSPost2010PropOp55
 70
     1
102
RTVSPost2010Prop56
140
1.0
102
RTVSPost2010PropOp56
 70
     0
102
RTVSPost2010Prop57
140
1.0
102
RTVSPost2010PropOp57
 70
     0
102
RTVSPropertyOp0
 70
     0
102
RTVSPropertyOp1
 70
     0
102
RTVSPropertyOp2
 70
     0
102
RTVSPropertyOp3
 70
     0
102
RTVSPropertyOp4
 70
     0
102
RTVSPropertyOp5
 70
     0
102
RTVSPropertyOp6
 70
     0
102
RTVSPropertyOp7
 70
     0
102
RTVSPropertyOp8
 70
     0
102
RTVSPropertyOp9
 70
     0
102
RTVSPropertyOp10
 70
     0
102
RTVSPropertyOp11
 70
     0
102
RTVSPropertyOp12
 70
     0
102
RTVSPropertyOp13
 70
     0
102
RTVSPropertyOp14
 70
     2
102
RTVSPropertyOp15
 70
     0
102
RTVSPropertyOp16
 70
     0
102
RTVSPropertyOp17
 70
     0
102
RTVSPropertyOp18
 70
     0
102
RTVSPropertyOp19
 70
     0
102
RTVSPropertyOp20
 70
     0
102
RTVSPropertyOp21
 70
     0
102
RTVSPropertyOp22
 70
     0
102
RTVSPropertyOp23
 70
     0
102
RTVSPropertyOp24
 70
     0
102
RTVSPropertyOp25
 70
     0
102
RTVSPropertyOp26
 70
     0
102
RTVSPropertyOp27
 70
     0
102
RTVSPropertyOp28
 70
     1
102
RTVSPropertyOp29
 70
     1
102
RTVSPropertyOp30
 70
     1
102
RTVSPropertyOp31
 70
     1
102
RTVSPropertyOp32
 70
     1
102
RTVSPropertyOp33
 70
     1
102
RTVSPropertyOp34
 70
     1
102
RTVSPropertyOp35
 70
     1
102
RTVSPropertyOp36
 70
     1
102
RTVSPropertyOp37
 70
     0
102
RTVSPropertyOp38
 70
     0
102
RTVSPropertyOp39
 70
     0
102
RTVSPropertyOp40
 70
     0
102
RTVSPropertyOp41
 70
     0
102
RTVSPropertyOp42
 70
     0
102
RTVSPropertyOp43
 70
     0
102
RTVSPropertyOp44
 70
     0
102
RTVSPropertyOp45
 70
     1
102
RTVSPropertyOp46
 70
     0
102
RTVSPropertyOp47
 70
     0
102
RTVSPropertyOp48
 70
     0
102
RTVSPropertyOp49
 70
     1
102
RTVSPropertyOp50
 70
     0
102
RTVSPropertyOp51
 70
     0
102
RTVSPropertyOp52
 70
     0
102
RTVSPropertyOp53
 70
     0
102
RTVSPropertyOp54
 70
     0
102
RTVSPropertyOp55
 70
     1
102
RTVSPropertyOp56
 70
     0
102
RTVSPropertyOp57
 70
     0
102
RTVSPropertyOp58
 70
     0
102
RTVSPropertyOp59
 70
     0
102
RTVSPropertyOp60
 70
     0
102
RTVSPropertyOp61
 70
     0
102
RTVSPropertyOp62
 70
     0
  0
XRECORD
  5
10E0
102
{ACAD_REACTORS
330
10DF
102
}
330
10DF
100
AcDbXrecord
280
     1
102
RTVSPost2010Prop28
280
     0
102
RTVSPost2010PropOp28
 70
     1
102
RTVSPost2010Prop29
280
     1
102
RTVSPost2010PropOp29
 70
     1
102
RTVSPost2010Prop30
280
     1
102
RTVSPost2010PropOp30
 70
     1
102
RTVSPost2010Prop31
280
     0
102
RTVSPost2010PropOp31
 70
     1
102
RTVSPost2010Prop32
280
     0
102
RTVSPost2010PropOp32
 70
     1
102
RTVSPost2010Prop33
280
     0
102
RTVSPost2010PropOp33
 70
     1
102
RTVSPost2010Prop34
280
     0
102
RTVSPost2010PropOp34
 70
     1
102
RTVSPost2010Prop35
280
     0
102
RTVSPost2010PropOp35
 70
     1
102
RTVSPost2010Prop36
280
     0
102
RTVSPost2010PropOp36
 70
     1
102
RTVSPost2010Prop37
 90
       50
102
RTVSPost2010PropOp37
 70
     1
102
RTVSPost2010Prop38
140
0.0
102
RTVSPost2010PropOp38
 70
     1
102
RTVSPost2010Prop39
140
1.0
102
RTVSPost2010PropOp39
 70
     1
102
RTVSPost2010Prop40
 90
        0
102
RTVSPost2010PropOp40
 70
     1
102
RTVSPost2010Prop41ColorIndex
 90
       18
102
RTVSPost2010Prop41ColorRGB
 90
        0
102
RTVSPost2010PropOp41
 70
     1
102
RTVSPost2010Prop42
 90
       50
102
RTVSPost2010PropOp42
 70
     1
102
RTVSPost2010Prop43
 90
        3
102
RTVSPost2010PropOp43
 70
     1
102
RTVSPost2010Prop44ColorIndex
 90
        5
102
RTVSPost2010Prop44ColorRGB
 90
      255
102
RTVSPost2010PropOp44
 70
     1
102
RTVSPost2010Prop45
280
     0
102
RTVSPost2010PropOp45
 70
     1
102
RTVSPost2010Prop46
 90
       50
102
RTVSPost2010PropOp46
 70
     1
102
RTVSPost2010Prop47
 90
       50
102
RTVSPost2010PropOp47
 70
     1
102
RTVSPost2010Prop48
 90
       50
102
RTVSPost2010PropOp48
 70
     1
102
RTVSPost2010Prop49
280
     0
102
RTVSPost2010PropOp49
 70
     1
102
RTVSPost2010Prop50
 90
       50
102
RTVSPost2010PropOp50
 70
     1
102
RTVSPost2010Prop51ColorIndex
 90
      256
102
RTVSPost2010Prop51ColorRGB
 90
-16777216
102
RTVSPost2010PropOp51
 70
     0
102
RTVSPost2010Prop52
140
1.0
102
RTVSPost2010PropOp52
 70
     0
102
RTVSPost2010Prop53
 90
        2
102
RTVSPost2010PropOp53
 70
     1
102
RTVSPost2010Prop54
  1
strokes_ogs.tif
102
RTVSPost2010PropOp54
 70
     1
102
RTVSPost2010Prop55
280
     0
102
RTVSPost2010PropOp55
 70
     1
102
RTVSPost2010Prop56
140
1.0
102
RTVSPost2010PropOp56
 70
     1
102
RTVSPost2010Prop57
140
1.0
102
RTVSPost2010PropOp57
 70
     1
102
RTVSPropertyOp0
 70
     1
102
RTVSPropertyOp1
 70
     1
102
RTVSPropertyOp2
 70
     1
102
RTVSPropertyOp3
 70
     1
102
RTVSPropertyOp4
 70
     1
102
RTVSPropertyOp5
 70
     1
102
RTVSPropertyOp6
 70
     1
102
RTVSPropertyOp7
 70
     1
102
RTVSPropertyOp8
 70
     1
102
RTVSPropertyOp9
 70
     1
102
RTVSPropertyOp10
 70
     1
102
RTVSPropertyOp11
 70
     1
102
RTVSPropertyOp12
 70
     1
102
RTVSPropertyOp13
 70
     1
102
RTVSPropertyOp14
 70
     1
102
RTVSPropertyOp15
 70
     1
102
RTVSPropertyOp16
 70
     1
102
RTVSPropertyOp17
 70
     1
102
RTVSPropertyOp18
 70
     1
102
RTVSPropertyOp19
 70
     1
102
RTVSPropertyOp20
 70
     1
102
RTVSPropertyOp21
 70
     1
102
RTVSPropertyOp22
 70
     1
102
RTVSPropertyOp23
 70
     1
102
RTVSPropertyOp24
 70
     1
102
RTVSPropertyOp25
 70
     1
102
RTVSPropertyOp26
 70
     1
102
RTVSPropertyOp27
 70
     1
102
RTVSPropertyOp28
 70
     1
102
RTVSPropertyOp29
 70
     1
102
RTVSPropertyOp30
 70
     1
102
RTVSPropertyOp31
 70
     1
102
RTVSPropertyOp32
 70
     1
102
RTVSPropertyOp33
 70
     1
102
RTVSPropertyOp34
 70
     1
102
RTVSPropertyOp35
 70
     1
102
RTVSPropertyOp36
 70
     1
102
RTVSPropertyOp37
 70
     1
102
RTVSPropertyOp38
 70
     1
102
RTVSPropertyOp39
 70
     1
102
RTVSPropertyOp40
 70
     1
102
RTVSPropertyOp41
 70
     1
102
RTVSPropertyOp42
 70
     1
102
RTVSPropertyOp43
 70
     1
102
RTVSPropertyOp44
 70
     1
102
RTVSPropertyOp45
 70
     1
102
RTVSPropertyOp46
 70
     1
102
RTVSPropertyOp47
 70
     1
102
RTVSPropertyOp48
 70
     1
102
RTVSPropertyOp49
 70
     1
102
RTVSPropertyOp50
 70
     1
102
RTVSPropertyOp51
 70
     0
102
RTVSPropertyOp52
 70
     0
102
RTVSPropertyOp53
 70
     1
102
RTVSPropertyOp54
 70
     1
102
RTVSPropertyOp55
 70
     1
102
RTVSPropertyOp56
 70
     1
102
RTVSPropertyOp57
 70
     1
102
RTVSPropertyOp58
 70
     1
102
RTVSPropertyOp59
 70
     1
102
RTVSPropertyOp60
 70
     1
102
RTVSPropertyOp61
 70
     1
102
RTVSPropertyOp62
 70
     1
  0
XRECORD
  5
10F6
102
{ACAD_REACTORS
330
10F5
102
}
330
10F5
100
AcDbXrecord
280
     1
102
RTVSPost2010Prop28
280
     0
102
RTVSPost2010PropOp28
 70
     1
102
RTVSPost2010Prop29
280
     1
102
RTVSPost2010PropOp29
 70
     1
102
RTVSPost2010Prop30
280
     1
102
RTVSPost2010PropOp30
 70
     1
102
RTVSPost2010Prop31
280
     0
102
RTVSPost2010PropOp31
 70
     1
102
RTVSPost2010Prop32
280
     0
102
RTVSPost2010PropOp32
 70
     1
102
RTVSPost2010Prop33
280
     0
102
RTVSPost2010PropOp33
 70
     1
102
RTVSPost2010Prop34
280
     0
102
RTVSPost2010PropOp34
 70
     1
102
RTVSPost2010Prop35
280
     0
102
RTVSPost2010PropOp35
 70
     1
102
RTVSPost2010Prop36
280
     0
102
RTVSPost2010PropOp36
 70
     1
102
RTVSPost2010Prop37
 90
       50
102
RTVSPost2010PropOp37
 70
     1
102
RTVSPost2010Prop38
140
0.0
102
RTVSPost2010PropOp38
 70
     1
102
RTVSPost2010Prop39
140
1.0
102
RTVSPost2010PropOp39
 70
     1
102
RTVSPost2010Prop40
 90
        0
102
RTVSPost2010PropOp40
 70
     1
102
RTVSPost2010Prop41ColorIndex
 90
       18
102
RTVSPost2010Prop41ColorRGB
 90
        0
102
RTVSPost2010PropOp41
 70
     1
102
RTVSPost2010Prop42
 90
       50
102
RTVSPost2010PropOp42
 70
     1
102
RTVSPost2010Prop43
 90
        3
102
RTVSPost2010PropOp43
 70
     1
102
RTVSPost2010Prop44ColorIndex
 90
        5
102
RTVSPost2010Prop44ColorRGB
 90
      255
102
RTVSPost2010PropOp44
 70
     1
102
RTVSPost2010Prop45
280
     0
102
RTVSPost2010PropOp45
 70
     1
102
RTVSPost2010Prop46
 90
       50
102
RTVSPost2010PropOp46
 70
     1
102
RTVSPost2010Prop47
 90
       50
102
RTVSPost2010PropOp47
 70
     1
102
RTVSPost2010Prop48
 90
       50
102
RTVSPost2010PropOp48
 70
     1
102
RTVSPost2010Prop49
280
     0
102
RTVSPost2010PropOp49
 70
     1
102
RTVSPost2010Prop50
 90
       50
102
RTVSPost2010PropOp50
 70
     1
102
RTVSPost2010Prop51ColorIndex
 90
      256
102
RTVSPost2010Prop51ColorRGB
 90
-16777216
102
RTVSPost2010PropOp51
 70
     0
102
RTVSPost2010Prop52
140
1.0
102
RTVSPost2010PropOp52
 70
     0
102
RTVSPost2010Prop53
 90
        2
102
RTVSPost2010PropOp53
 70
     1
102
RTVSPost2010Prop54
  1
strokes_ogs.tif
102
RTVSPost2010PropOp54
 70
     1
102
RTVSPost2010Prop55
280
     0
102
RTVSPost2010PropOp55
 70
     1
102
RTVSPost2010Prop56
140
1.0
102
RTVSPost2010PropOp56
 70
     1
102
RTVSPost2010Prop57
140
1.0
102
RTVSPost2010PropOp57
 70
     1
102
RTVSPropertyOp0
 70
     1
102
RTVSPropertyOp1
 70
     1
102
RTVSPropertyOp2
 70
     1
102
RTVSPropertyOp3
 70
     1
102
RTVSPropertyOp4
 70
     1
102
RTVSPropertyOp5
 70
     1
102
RTVSPropertyOp6
 70
     1
102
RTVSPropertyOp7
 70
     1
102
RTVSPropertyOp8
 70
     1
102
RTVSPropertyOp9
 70
     1
102
RTVSPropertyOp10
 70
     1
102
RTVSPropertyOp11
 70
     1
102
RTVSPropertyOp12
 70
     1
102
RTVSPropertyOp13
 70
     1
102
RTVSPropertyOp14
 70
     1
102
RTVSPropertyOp15
 70
     1
102
RTVSPropertyOp16
 70
     1
102
RTVSPropertyOp17
 70
     1
102
RTVSPropertyOp18
 70
     1
102
RTVSPropertyOp19
 70
     1
102
RTVSPropertyOp20
 70
     1
102
RTVSPropertyOp21
 70
     1
102
RTVSPropertyOp22
 70
     1
102
RTVSPropertyOp23
 70
     1
102
RTVSPropertyOp24
 70
     1
102
RTVSPropertyOp25
 70
     1
102
RTVSPropertyOp26
 70
     1
102
RTVSPropertyOp27
 70
     1
102
RTVSPropertyOp28
 70
     1
102
RTVSPropertyOp29
 70
     1
102
RTVSPropertyOp30
 70
     1
102
RTVSPropertyOp31
 70
     1
102
RTVSPropertyOp32
 70
     1
102
RTVSPropertyOp33
 70
     1
102
RTVSPropertyOp34
 70
     1
102
RTVSPropertyOp35
 70
     1
102
RTVSPropertyOp36
 70
     1
102
RTVSPropertyOp37
 70
     1
102
RTVSPropertyOp38
 70
     1
102
RTVSPropertyOp39
 70
     1
102
RTVSPropertyOp40
 70
     1
102
RTVSPropertyOp41
 70
     1
102
RTVSPropertyOp42
 70
     1
102
RTVSPropertyOp43
 70
     1
102
RTVSPropertyOp44
 70
     1
102
RTVSPropertyOp45
 70
     1
102
RTVSPropertyOp46
 70
     1
102
RTVSPropertyOp47
 70
     1
102
RTVSPropertyOp48
 70
     1
102
RTVSPropertyOp49
 70
     1
102
RTVSPropertyOp50
 70
     1
102
RTVSPropertyOp51
 70
     0
102
RTVSPropertyOp52
 70
     0
102
RTVSPropertyOp53
 70
     1
102
RTVSPropertyOp54
 70
     1
102
RTVSPropertyOp55
 70
     1
102
RTVSPropertyOp56
 70
     1
102
RTVSPropertyOp57
 70
     1
102
RTVSPropertyOp58
 70
     1
102
RTVSPropertyOp59
 70
     1
102
RTVSPropertyOp60
 70
     1
102
RTVSPropertyOp61
 70
     1
102
RTVSPropertyOp62
 70
     1
  0
XRECORD
  5
10F4
102
{ACAD_REACTORS
330
10F3
102
}
330
10F3
100
AcDbXrecord
280
     1
102
RTVSPost2010Prop28
280
     0
102
RTVSPost2010PropOp28
 70
     1
102
RTVSPost2010Prop29
280
     1
102
RTVSPost2010PropOp29
 70
     1
102
RTVSPost2010Prop30
280
     1
102
RTVSPost2010PropOp30
 70
     1
102
RTVSPost2010Prop31
280
     0
102
RTVSPost2010PropOp31
 70
     1
102
RTVSPost2010Prop32
280
     0
102
RTVSPost2010PropOp32
 70
     1
102
RTVSPost2010Prop33
280
     0
102
RTVSPost2010PropOp33
 70
     1
102
RTVSPost2010Prop34
280
     0
102
RTVSPost2010PropOp34
 70
     1
102
RTVSPost2010Prop35
280
     0
102
RTVSPost2010PropOp35
 70
     1
102
RTVSPost2010Prop36
280
     0
102
RTVSPost2010PropOp36
 70
     1
102
RTVSPost2010Prop37
 90
       50
102
RTVSPost2010PropOp37
 70
     1
102
RTVSPost2010Prop38
140
0.0
102
RTVSPost2010PropOp38
 70
     1
102
RTVSPost2010Prop39
140
1.0
102
RTVSPost2010PropOp39
 70
     1
102
RTVSPost2010Prop40
 90
        0
102
RTVSPost2010PropOp40
 70
     1
102
RTVSPost2010Prop41ColorIndex
 90
       18
102
RTVSPost2010Prop41ColorRGB
 90
        0
102
RTVSPost2010PropOp41
 70
     1
102
RTVSPost2010Prop42
 90
       50
102
RTVSPost2010PropOp42
 70
     1
102
RTVSPost2010Prop43
 90
        3
102
RTVSPost2010PropOp43
 70
     1
102
RTVSPost2010Prop44ColorIndex
 90
        5
102
RTVSPost2010Prop44ColorRGB
 90
      255
102
RTVSPost2010PropOp44
 70
     1
102
RTVSPost2010Prop45
280
     0
102
RTVSPost2010PropOp45
 70
     1
102
RTVSPost2010Prop46
 90
       50
102
RTVSPost2010PropOp46
 70
     1
102
RTVSPost2010Prop47
 90
       50
102
RTVSPost2010PropOp47
 70
     1
102
RTVSPost2010Prop48
 90
       50
102
RTVSPost2010PropOp48
 70
     1
102
RTVSPost2010Prop49
280
     0
102
RTVSPost2010PropOp49
 70
     1
102
RTVSPost2010Prop50
 90
       50
102
RTVSPost2010PropOp50
 70
     1
102
RTVSPost2010Prop51ColorIndex
 90
      256
102
RTVSPost2010Prop51ColorRGB
 90
-16777216
102
RTVSPost2010PropOp51
 70
     0
102
RTVSPost2010Prop52
140
1.0
102
RTVSPost2010PropOp52
 70
     0
102
RTVSPost2010Prop53
 90
        2
102
RTVSPost2010PropOp53
 70
     1
102
RTVSPost2010Prop54
  1
strokes_ogs.tif
102
RTVSPost2010PropOp54
 70
     1
102
RTVSPost2010Prop55
280
     0
102
RTVSPost2010PropOp55
 70
     1
102
RTVSPost2010Prop56
140
1.0
102
RTVSPost2010PropOp56
 70
     1
102
RTVSPost2010Prop57
140
1.0
102
RTVSPost2010PropOp57
 70
     1
102
RTVSPropertyOp0
 70
     1
102
RTVSPropertyOp1
 70
     1
102
RTVSPropertyOp2
 70
     1
102
RTVSPropertyOp3
 70
     1
102
RTVSPropertyOp4
 70
     1
102
RTVSPropertyOp5
 70
     1
102
RTVSPropertyOp6
 70
     1
102
RTVSPropertyOp7
 70
     1
102
RTVSPropertyOp8
 70
     1
102
RTVSPropertyOp9
 70
     1
102
RTVSPropertyOp10
 70
     1
102
RTVSPropertyOp11
 70
     1
102
RTVSPropertyOp12
 70
     1
102
RTVSPropertyOp13
 70
     1
102
RTVSPropertyOp14
 70
     1
102
RTVSPropertyOp15
 70
     1
102
RTVSPropertyOp16
 70
     1
102
RTVSPropertyOp17
 70
     1
102
RTVSPropertyOp18
 70
     1
102
RTVSPropertyOp19
 70
     1
102
RTVSPropertyOp20
 70
     1
102
RTVSPropertyOp21
 70
     1
102
RTVSPropertyOp22
 70
     1
102
RTVSPropertyOp23
 70
     1
102
RTVSPropertyOp24
 70
     1
102
RTVSPropertyOp25
 70
     1
102
RTVSPropertyOp26
 70
     1
102
RTVSPropertyOp27
 70
     1
102
RTVSPropertyOp28
 70
     1
102
RTVSPropertyOp29
 70
     1
102
RTVSPropertyOp30
 70
     1
102
RTVSPropertyOp31
 70
     1
102
RTVSPropertyOp32
 70
     1
102
RTVSPropertyOp33
 70
     1
102
RTVSPropertyOp34
 70
     1
102
RTVSPropertyOp35
 70
     1
102
RTVSPropertyOp36
 70
     1
102
RTVSPropertyOp37
 70
     1
102
RTVSPropertyOp38
 70
     1
102
RTVSPropertyOp39
 70
     1
102
RTVSPropertyOp40
 70
     1
102
RTVSPropertyOp41
 70
     1
102
RTVSPropertyOp42
 70
     1
102
RTVSPropertyOp43
 70
     1
102
RTVSPropertyOp44
 70
     1
102
RTVSPropertyOp45
 70
     1
102
RTVSPropertyOp46
 70
     1
102
RTVSPropertyOp47
 70
     1
102
RTVSPropertyOp48
 70
     1
102
RTVSPropertyOp49
 70
     1
102
RTVSPropertyOp50
 70
     1
102
RTVSPropertyOp51
 70
     0
102
RTVSPropertyOp52
 70
     0
102
RTVSPropertyOp53
 70
     1
102
RTVSPropertyOp54
 70
     1
102
RTVSPropertyOp55
 70
     1
102
RTVSPropertyOp56
 70
     1
102
RTVSPropertyOp57
 70
     1
102
RTVSPropertyOp58
 70
     1
102
RTVSPropertyOp59
 70
     1
102
RTVSPropertyOp60
 70
     1
102
RTVSPropertyOp61
 70
     1
102
RTVSPropertyOp62
 70
     1
  0
XRECORD
  5
10EE
102
{ACAD_REACTORS
330
10ED
102
}
330
10ED
100
AcDbXrecord
280
     1
102
RTVSPost2010Prop28
280
     0
102
RTVSPost2010PropOp28
 70
     1
102
RTVSPost2010Prop29
280
     1
102
RTVSPost2010PropOp29
 70
     1
102
RTVSPost2010Prop30
280
     1
102
RTVSPost2010PropOp30
 70
     1
102
RTVSPost2010Prop31
280
     0
102
RTVSPost2010PropOp31
 70
     1
102
RTVSPost2010Prop32
280
     0
102
RTVSPost2010PropOp32
 70
     1
102
RTVSPost2010Prop33
280
     0
102
RTVSPost2010PropOp33
 70
     1
102
RTVSPost2010Prop34
280
     0
102
RTVSPost2010PropOp34
 70
     1
102
RTVSPost2010Prop35
280
     0
102
RTVSPost2010PropOp35
 70
     1
102
RTVSPost2010Prop36
280
     0
102
RTVSPost2010PropOp36
 70
     1
102
RTVSPost2010Prop37
 90
       50
102
RTVSPost2010PropOp37
 70
     1
102
RTVSPost2010Prop38
140
0.0
102
RTVSPost2010PropOp38
 70
     1
102
RTVSPost2010Prop39
140
1.0
102
RTVSPost2010PropOp39
 70
     1
102
RTVSPost2010Prop40
 90
        0
102
RTVSPost2010PropOp40
 70
     1
102
RTVSPost2010Prop41ColorIndex
 90
       18
102
RTVSPost2010Prop41ColorRGB
 90
        0
102
RTVSPost2010PropOp41
 70
     1
102
RTVSPost2010Prop42
 90
       50
102
RTVSPost2010PropOp42
 70
     1
102
RTVSPost2010Prop43
 90
        3
102
RTVSPost2010PropOp43
 70
     1
102
RTVSPost2010Prop44ColorIndex
 90
        5
102
RTVSPost2010Prop44ColorRGB
 90
      255
102
RTVSPost2010PropOp44
 70
     1
102
RTVSPost2010Prop45
280
     0
102
RTVSPost2010PropOp45
 70
     1
102
RTVSPost2010Prop46
 90
       50
102
RTVSPost2010PropOp46
 70
     1
102
RTVSPost2010Prop47
 90
       50
102
RTVSPost2010PropOp47
 70
     1
102
RTVSPost2010Prop48
 90
       50
102
RTVSPost2010PropOp48
 70
     1
102
RTVSPost2010Prop49
280
     0
102
RTVSPost2010PropOp49
 70
     1
102
RTVSPost2010Prop50
 90
       50
102
RTVSPost2010PropOp50
 70
     1
102
RTVSPost2010Prop51ColorIndex
 90
      256
102
RTVSPost2010Prop51ColorRGB
 90
-16777216
102
RTVSPost2010PropOp51
 70
     0
102
RTVSPost2010Prop52
140
1.0
102
RTVSPost2010PropOp52
 70
     0
102
RTVSPost2010Prop53
 90
        2
102
RTVSPost2010PropOp53
 70
     1
102
RTVSPost2010Prop54
  1
strokes_ogs.tif
102
RTVSPost2010PropOp54
 70
     1
102
RTVSPost2010Prop55
280
     0
102
RTVSPost2010PropOp55
 70
     1
102
RTVSPost2010Prop56
140
1.0
102
RTVSPost2010PropOp56
 70
     1
102
RTVSPost2010Prop57
140
1.0
102
RTVSPost2010PropOp57
 70
     1
102
RTVSPropertyOp0
 70
     1
102
RTVSPropertyOp1
 70
     1
102
RTVSPropertyOp2
 70
     1
102
RTVSPropertyOp3
 70
     1
102
RTVSPropertyOp4
 70
     1
102
RTVSPropertyOp5
 70
     1
102
RTVSPropertyOp6
 70
     1
102
RTVSPropertyOp7
 70
     1
102
RTVSPropertyOp8
 70
     1
102
RTVSPropertyOp9
 70
     1
102
RTVSPropertyOp10
 70
     1
102
RTVSPropertyOp11
 70
     1
102
RTVSPropertyOp12
 70
     1
102
RTVSPropertyOp13
 70
     1
102
RTVSPropertyOp14
 70
     1
102
RTVSPropertyOp15
 70
     1
102
RTVSPropertyOp16
 70
     1
102
RTVSPropertyOp17
 70
     1
102
RTVSPropertyOp18
 70
     1
102
RTVSPropertyOp19
 70
     1
102
RTVSPropertyOp20
 70
     1
102
RTVSPropertyOp21
 70
     1
102
RTVSPropertyOp22
 70
     1
102
RTVSPropertyOp23
 70
     1
102
RTVSPropertyOp24
 70
     1
102
RTVSPropertyOp25
 70
     1
102
RTVSPropertyOp26
 70
     1
102
RTVSPropertyOp27
 70
     1
102
RTVSPropertyOp28
 70
     1
102
RTVSPropertyOp29
 70
     1
102
RTVSPropertyOp30
 70
     1
102
RTVSPropertyOp31
 70
     1
102
RTVSPropertyOp32
 70
     1
102
RTVSPropertyOp33
 70
     1
102
RTVSPropertyOp34
 70
     1
102
RTVSPropertyOp35
 70
     1
102
RTVSPropertyOp36
 70
     1
102
RTVSPropertyOp37
 70
     1
102
RTVSPropertyOp38
 70
     1
102
RTVSPropertyOp39
 70
     1
102
RTVSPropertyOp40
 70
     1
102
RTVSPropertyOp41
 70
     1
102
RTVSPropertyOp42
 70
     1
102
RTVSPropertyOp43
 70
     1
102
RTVSPropertyOp44
 70
     1
102
RTVSPropertyOp45
 70
     1
102
RTVSPropertyOp46
 70
     1
102
RTVSPropertyOp47
 70
     1
102
RTVSPropertyOp48
 70
     1
102
RTVSPropertyOp49
 70
     1
102
RTVSPropertyOp50
 70
     1
102
RTVSPropertyOp51
 70
     0
102
RTVSPropertyOp52
 70
     0
102
RTVSPropertyOp53
 70
     1
102
RTVSPropertyOp54
 70
     1
102
RTVSPropertyOp55
 70
     1
102
RTVSPropertyOp56
 70
     1
102
RTVSPropertyOp57
 70
     1
102
RTVSPropertyOp58
 70
     1
102
RTVSPropertyOp59
 70
     1
102
RTVSPropertyOp60
 70
     1
102
RTVSPropertyOp61
 70
     1
102
RTVSPropertyOp62
 70
     1
  0
XRECORD
  5
10F0
102
{ACAD_REACTORS
330
10EF
102
}
330
10EF
100
AcDbXrecord
280
     1
102
RTVSPost2010Prop28
280
     0
102
RTVSPost2010PropOp28
 70
     1
102
RTVSPost2010Prop29
280
     1
102
RTVSPost2010PropOp29
 70
     1
102
RTVSPost2010Prop30
280
     1
102
RTVSPost2010PropOp30
 70
     1
102
RTVSPost2010Prop31
280
     0
102
RTVSPost2010PropOp31
 70
     1
102
RTVSPost2010Prop32
280
     0
102
RTVSPost2010PropOp32
 70
     1
102
RTVSPost2010Prop33
280
     0
102
RTVSPost2010PropOp33
 70
     1
102
RTVSPost2010Prop34
280
     0
102
RTVSPost2010PropOp34
 70
     1
102
RTVSPost2010Prop35
280
     0
102
RTVSPost2010PropOp35
 70
     1
102
RTVSPost2010Prop36
280
     0
102
RTVSPost2010PropOp36
 70
     1
102
RTVSPost2010Prop37
 90
       50
102
RTVSPost2010PropOp37
 70
     1
102
RTVSPost2010Prop38
140
0.0
102
RTVSPost2010PropOp38
 70
     1
102
RTVSPost2010Prop39
140
1.0
102
RTVSPost2010PropOp39
 70
     1
102
RTVSPost2010Prop40
 90
        0
102
RTVSPost2010PropOp40
 70
     1
102
RTVSPost2010Prop41ColorIndex
 90
       18
102
RTVSPost2010Prop41ColorRGB
 90
        0
102
RTVSPost2010PropOp41
 70
     1
102
RTVSPost2010Prop42
 90
       50
102
RTVSPost2010PropOp42
 70
     1
102
RTVSPost2010Prop43
 90
        3
102
RTVSPost2010PropOp43
 70
     1
102
RTVSPost2010Prop44ColorIndex
 90
        5
102
RTVSPost2010Prop44ColorRGB
 90
      255
102
RTVSPost2010PropOp44
 70
     1
102
RTVSPost2010Prop45
280
     0
102
RTVSPost2010PropOp45
 70
     1
102
RTVSPost2010Prop46
 90
       50
102
RTVSPost2010PropOp46
 70
     1
102
RTVSPost2010Prop47
 90
       50
102
RTVSPost2010PropOp47
 70
     1
102
RTVSPost2010Prop48
 90
       50
102
RTVSPost2010PropOp48
 70
     1
102
RTVSPost2010Prop49
280
     0
102
RTVSPost2010PropOp49
 70
     1
102
RTVSPost2010Prop50
 90
       50
102
RTVSPost2010PropOp50
 70
     1
102
RTVSPost2010Prop51ColorIndex
 90
      256
102
RTVSPost2010Prop51ColorRGB
 90
-16777216
102
RTVSPost2010PropOp51
 70
     0
102
RTVSPost2010Prop52
140
1.0
102
RTVSPost2010PropOp52
 70
     0
102
RTVSPost2010Prop53
 90
        2
102
RTVSPost2010PropOp53
 70
     1
102
RTVSPost2010Prop54
  1
strokes_ogs.tif
102
RTVSPost2010PropOp54
 70
     1
102
RTVSPost2010Prop55
280
     0
102
RTVSPost2010PropOp55
 70
     1
102
RTVSPost2010Prop56
140
1.0
102
RTVSPost2010PropOp56
 70
     1
102
RTVSPost2010Prop57
140
1.0
102
RTVSPost2010PropOp57
 70
     1
102
RTVSPropertyOp0
 70
     1
102
RTVSPropertyOp1
 70
     1
102
RTVSPropertyOp2
 70
     1
102
RTVSPropertyOp3
 70
     1
102
RTVSPropertyOp4
 70
     1
102
RTVSPropertyOp5
 70
     1
102
RTVSPropertyOp6
 70
     1
102
RTVSPropertyOp7
 70
     1
102
RTVSPropertyOp8
 70
     1
102
RTVSPropertyOp9
 70
     1
102
RTVSPropertyOp10
 70
     1
102
RTVSPropertyOp11
 70
     1
102
RTVSPropertyOp12
 70
     1
102
RTVSPropertyOp13
 70
     1
102
RTVSPropertyOp14
 70
     1
102
RTVSPropertyOp15
 70
     1
102
RTVSPropertyOp16
 70
     1
102
RTVSPropertyOp17
 70
     1
102
RTVSPropertyOp18
 70
     1
102
RTVSPropertyOp19
 70
     1
102
RTVSPropertyOp20
 70
     1
102
RTVSPropertyOp21
 70
     1
102
RTVSPropertyOp22
 70
     1
102
RTVSPropertyOp23
 70
     1
102
RTVSPropertyOp24
 70
     1
102
RTVSPropertyOp25
 70
     1
102
RTVSPropertyOp26
 70
     1
102
RTVSPropertyOp27
 70
     1
102
RTVSPropertyOp28
 70
     1
102
RTVSPropertyOp29
 70
     1
102
RTVSPropertyOp30
 70
     1
102
RTVSPropertyOp31
 70
     1
102
RTVSPropertyOp32
 70
     1
102
RTVSPropertyOp33
 70
     1
102
RTVSPropertyOp34
 70
     1
102
RTVSPropertyOp35
 70
     1
102
RTVSPropertyOp36
 70
     1
102
RTVSPropertyOp37
 70
     1
102
RTVSPropertyOp38
 70
     1
102
RTVSPropertyOp39
 70
     1
102
RTVSPropertyOp40
 70
     1
102
RTVSPropertyOp41
 70
     1
102
RTVSPropertyOp42
 70
     1
102
RTVSPropertyOp43
 70
     1
102
RTVSPropertyOp44
 70
     1
102
RTVSPropertyOp45
 70
     1
102
RTVSPropertyOp46
 70
     1
102
RTVSPropertyOp47
 70
     1
102
RTVSPropertyOp48
 70
     1
102
RTVSPropertyOp49
 70
     1
102
RTVSPropertyOp50
 70
     1
102
RTVSPropertyOp51
 70
     0
102
RTVSPropertyOp52
 70
     0
102
RTVSPropertyOp53
 70
     1
102
RTVSPropertyOp54
 70
     1
102
RTVSPropertyOp55
 70
     1
102
RTVSPropertyOp56
 70
     1
102
RTVSPropertyOp57
 70
     1
102
RTVSPropertyOp58
 70
     1
102
RTVSPropertyOp59
 70
     1
102
RTVSPropertyOp60
 70
     1
102
RTVSPropertyOp61
 70
     1
102
RTVSPropertyOp62
 70
     1
  0
XRECORD
  5
10E6
102
{ACAD_REACTORS
330
10E5
102
}
330
10E5
100
AcDbXrecord
280
     1
102
RTVSPost2010Prop28
280
     0
102
RTVSPost2010PropOp28
 70
     1
102
RTVSPost2010Prop29
280
     1
102
RTVSPost2010PropOp29
 70
     1
102
RTVSPost2010Prop30
280
     1
102
RTVSPost2010PropOp30
 70
     1
102
RTVSPost2010Prop31
280
     0
102
RTVSPost2010PropOp31
 70
     1
102
RTVSPost2010Prop32
280
     0
102
RTVSPost2010PropOp32
 70
     1
102
RTVSPost2010Prop33
280
     0
102
RTVSPost2010PropOp33
 70
     1
102
RTVSPost2010Prop34
280
     0
102
RTVSPost2010PropOp34
 70
     1
102
RTVSPost2010Prop35
280
     0
102
RTVSPost2010PropOp35
 70
     1
102
RTVSPost2010Prop36
280
     0
102
RTVSPost2010PropOp36
 70
     1
102
RTVSPost2010Prop37
 90
       50
102
RTVSPost2010PropOp37
 70
     1
102
RTVSPost2010Prop38
140
0.0
102
RTVSPost2010PropOp38
 70
     1
102
RTVSPost2010Prop39
140
1.0
102
RTVSPost2010PropOp39
 70
     1
102
RTVSPost2010Prop40
 90
        0
102
RTVSPost2010PropOp40
 70
     1
102
RTVSPost2010Prop41ColorIndex
 90
       18
102
RTVSPost2010Prop41ColorRGB
 90
        0
102
RTVSPost2010PropOp41
 70
     1
102
RTVSPost2010Prop42
 90
       50
102
RTVSPost2010PropOp42
 70
     1
102
RTVSPost2010Prop43
 90
        3
102
RTVSPost2010PropOp43
 70
     1
102
RTVSPost2010Prop44ColorIndex
 90
        5
102
RTVSPost2010Prop44ColorRGB
 90
      255
102
RTVSPost2010PropOp44
 70
     1
102
RTVSPost2010Prop45
280
     0
102
RTVSPost2010PropOp45
 70
     1
102
RTVSPost2010Prop46
 90
       50
102
RTVSPost2010PropOp46
 70
     1
102
RTVSPost2010Prop47
 90
       50
102
RTVSPost2010PropOp47
 70
     1
102
RTVSPost2010Prop48
 90
       50
102
RTVSPost2010PropOp48
 70
     1
102
RTVSPost2010Prop49
280
     0
102
RTVSPost2010PropOp49
 70
     1
102
RTVSPost2010Prop50
 90
       50
102
RTVSPost2010PropOp50
 70
     1
102
RTVSPost2010Prop51ColorIndex
 90
      256
102
RTVSPost2010Prop51ColorRGB
 90
-16777216
102
RTVSPost2010PropOp51
 70
     0
102
RTVSPost2010Prop52
140
1.0
102
RTVSPost2010PropOp52
 70
     0
102
RTVSPost2010Prop53
 90
        2
102
RTVSPost2010PropOp53
 70
     1
102
RTVSPost2010Prop54
  1
strokes_ogs.tif
102
RTVSPost2010PropOp54
 70
     1
102
RTVSPost2010Prop55
280
     0
102
RTVSPost2010PropOp55
 70
     1
102
RTVSPost2010Prop56
140
1.0
102
RTVSPost2010PropOp56
 70
     1
102
RTVSPost2010Prop57
140
1.0
102
RTVSPost2010PropOp57
 70
     1
102
RTVSPropertyOp0
 70
     1
102
RTVSPropertyOp1
 70
     1
102
RTVSPropertyOp2
 70
     1
102
RTVSPropertyOp3
 70
     1
102
RTVSPropertyOp4
 70
     1
102
RTVSPropertyOp5
 70
     1
102
RTVSPropertyOp6
 70
     1
102
RTVSPropertyOp7
 70
     1
102
RTVSPropertyOp8
 70
     1
102
RTVSPropertyOp9
 70
     1
102
RTVSPropertyOp10
 70
     1
102
RTVSPropertyOp11
 70
     1
102
RTVSPropertyOp12
 70
     1
102
RTVSPropertyOp13
 70
     1
102
RTVSPropertyOp14
 70
     1
102
RTVSPropertyOp15
 70
     1
102
RTVSPropertyOp16
 70
     1
102
RTVSPropertyOp17
 70
     1
102
RTVSPropertyOp18
 70
     1
102
RTVSPropertyOp19
 70
     1
102
RTVSPropertyOp20
 70
     1
102
RTVSPropertyOp21
 70
     1
102
RTVSPropertyOp22
 70
     1
102
RTVSPropertyOp23
 70
     1
102
RTVSPropertyOp24
 70
     1
102
RTVSPropertyOp25
 70
     1
102
RTVSPropertyOp26
 70
     1
102
RTVSPropertyOp27
 70
     1
102
RTVSPropertyOp28
 70
     1
102
RTVSPropertyOp29
 70
     1
102
RTVSPropertyOp30
 70
     1
102
RTVSPropertyOp31
 70
     1
102
RTVSPropertyOp32
 70
     1
102
RTVSPropertyOp33
 70
     1
102
RTVSPropertyOp34
 70
     1
102
RTVSPropertyOp35
 70
     1
102
RTVSPropertyOp36
 70
     1
102
RTVSPropertyOp37
 70
     1
102
RTVSPropertyOp38
 70
     1
102
RTVSPropertyOp39
 70
     1
102
RTVSPropertyOp40
 70
     1
102
RTVSPropertyOp41
 70
     1
102
RTVSPropertyOp42
 70
     1
102
RTVSPropertyOp43
 70
     1
102
RTVSPropertyOp44
 70
     1
102
RTVSPropertyOp45
 70
     1
102
RTVSPropertyOp46
 70
     1
102
RTVSPropertyOp47
 70
     1
102
RTVSPropertyOp48
 70
     1
102
RTVSPropertyOp49
 70
     1
102
RTVSPropertyOp50
 70
     1
102
RTVSPropertyOp51
 70
     0
102
RTVSPropertyOp52
 70
     0
102
RTVSPropertyOp53
 70
     1
102
RTVSPropertyOp54
 70
     1
102
RTVSPropertyOp55
 70
     1
102
RTVSPropertyOp56
 70
     1
102
RTVSPropertyOp57
 70
     1
102
RTVSPropertyOp58
 70
     1
102
RTVSPropertyOp59
 70
     1
102
RTVSPropertyOp60
 70
     1
102
RTVSPropertyOp61
 70
     1
102
RTVSPropertyOp62
 70
     1
  0
XRECORD
  5
10DA
102
{ACAD_REACTORS
330
10D9
102
}
330
10D9
100
AcDbXrecord
280
     1
102
RTVSPost2010Prop28
280
     0
102
RTVSPost2010PropOp28
 70
     1
102
RTVSPost2010Prop29
280
     1
102
RTVSPost2010PropOp29
 70
     1
102
RTVSPost2010Prop30
280
     1
102
RTVSPost2010PropOp30
 70
     1
102
RTVSPost2010Prop31
280
     0
102
RTVSPost2010PropOp31
 70
     1
102
RTVSPost2010Prop32
280
     0
102
RTVSPost2010PropOp32
 70
     1
102
RTVSPost2010Prop33
280
     0
102
RTVSPost2010PropOp33
 70
     1
102
RTVSPost2010Prop34
280
     0
102
RTVSPost2010PropOp34
 70
     1
102
RTVSPost2010Prop35
280
     0
102
RTVSPost2010PropOp35
 70
     1
102
RTVSPost2010Prop36
280
     0
102
RTVSPost2010PropOp36
 70
     1
102
RTVSPost2010Prop37
 90
       50
102
RTVSPost2010PropOp37
 70
     1
102
RTVSPost2010Prop38
140
0.0
102
RTVSPost2010PropOp38
 70
     1
102
RTVSPost2010Prop39
140
1.0
102
RTVSPost2010PropOp39
 70
     1
102
RTVSPost2010Prop40
 90
        0
102
RTVSPost2010PropOp40
 70
     1
102
RTVSPost2010Prop41ColorIndex
 90
       18
102
RTVSPost2010Prop41ColorRGB
 90
        0
102
RTVSPost2010PropOp41
 70
     1
102
RTVSPost2010Prop42
 90
       50
102
RTVSPost2010PropOp42
 70
     1
102
RTVSPost2010Prop43
 90
        3
102
RTVSPost2010PropOp43
 70
     1
102
RTVSPost2010Prop44ColorIndex
 90
        5
102
RTVSPost2010Prop44ColorRGB
 90
      255
102
RTVSPost2010PropOp44
 70
     1
102
RTVSPost2010Prop45
280
     0
102
RTVSPost2010PropOp45
 70
     1
102
RTVSPost2010Prop46
 90
       50
102
RTVSPost2010PropOp46
 70
     1
102
RTVSPost2010Prop47
 90
       50
102
RTVSPost2010PropOp47
 70
     1
102
RTVSPost2010Prop48
 90
       50
102
RTVSPost2010PropOp48
 70
     1
102
RTVSPost2010Prop49
280
     0
102
RTVSPost2010PropOp49
 70
     1
102
RTVSPost2010Prop50
 90
       50
102
RTVSPost2010PropOp50
 70
     1
102
RTVSPost2010Prop51ColorIndex
 90
      256
102
RTVSPost2010Prop51ColorRGB
 90
-16777216
102
RTVSPost2010PropOp51
 70
     0
102
RTVSPost2010Prop52
140
1.0
102
RTVSPost2010PropOp52
 70
     0
102
RTVSPost2010Prop53
 90
        2
102
RTVSPost2010PropOp53
 70
     1
102
RTVSPost2010Prop54
  1
strokes_ogs.tif
102
RTVSPost2010PropOp54
 70
     1
102
RTVSPost2010Prop55
280
     0
102
RTVSPost2010PropOp55
 70
     1
102
RTVSPost2010Prop56
140
1.0
102
RTVSPost2010PropOp56
 70
     1
102
RTVSPost2010Prop57
140
1.0
102
RTVSPost2010PropOp57
 70
     1
102
RTVSPropertyOp0
 70
     1
102
RTVSPropertyOp1
 70
     1
102
RTVSPropertyOp2
 70
     1
102
RTVSPropertyOp3
 70
     1
102
RTVSPropertyOp4
 70
     1
102
RTVSPropertyOp5
 70
     1
102
RTVSPropertyOp6
 70
     1
102
RTVSPropertyOp7
 70
     1
102
RTVSPropertyOp8
 70
     1
102
RTVSPropertyOp9
 70
     1
102
RTVSPropertyOp10
 70
     1
102
RTVSPropertyOp11
 70
     1
102
RTVSPropertyOp12
 70
     1
102
RTVSPropertyOp13
 70
     1
102
RTVSPropertyOp14
 70
     1
102
RTVSPropertyOp15
 70
     1
102
RTVSPropertyOp16
 70
     1
102
RTVSPropertyOp17
 70
     1
102
RTVSPropertyOp18
 70
     1
102
RTVSPropertyOp19
 70
     1
102
RTVSPropertyOp20
 70
     1
102
RTVSPropertyOp21
 70
     1
102
RTVSPropertyOp22
 70
     1
102
RTVSPropertyOp23
 70
     1
102
RTVSPropertyOp24
 70
     1
102
RTVSPropertyOp25
 70
     1
102
RTVSPropertyOp26
 70
     1
102
RTVSPropertyOp27
 70
     1
102
RTVSPropertyOp28
 70
     1
102
RTVSPropertyOp29
 70
     1
102
RTVSPropertyOp30
 70
     1
102
RTVSPropertyOp31
 70
     1
102
RTVSPropertyOp32
 70
     1
102
RTVSPropertyOp33
 70
     1
102
RTVSPropertyOp34
 70
     1
102
RTVSPropertyOp35
 70
     1
102
RTVSPropertyOp36
 70
     1
102
RTVSPropertyOp37
 70
     1
102
RTVSPropertyOp38
 70
     1
102
RTVSPropertyOp39
 70
     1
102
RTVSPropertyOp40
 70
     1
102
RTVSPropertyOp41
 70
     1
102
RTVSPropertyOp42
 70
     1
102
RTVSPropertyOp43
 70
     1
102
RTVSPropertyOp44
 70
     1
102
RTVSPropertyOp45
 70
     1
102
RTVSPropertyOp46
 70
     1
102
RTVSPropertyOp47
 70
     1
102
RTVSPropertyOp48
 70
     1
102
RTVSPropertyOp49
 70
     1
102
RTVSPropertyOp50
 70
     1
102
RTVSPropertyOp51
 70
     0
102
RTVSPropertyOp52
 70
     0
102
RTVSPropertyOp53
 70
     1
102
RTVSPropertyOp54
 70
     1
102
RTVSPropertyOp55
 70
     1
102
RTVSPropertyOp56
 70
     1
102
RTVSPropertyOp57
 70
     1
102
RTVSPropertyOp58
 70
     1
102
RTVSPropertyOp59
 70
     1
102
RTVSPropertyOp60
 70
     1
102
RTVSPropertyOp61
 70
     1
102
RTVSPropertyOp62
 70
     1
  0
XRECORD
  5
10F2
102
{ACAD_REACTORS
330
10F1
102
}
330
10F1
100
AcDbXrecord
280
     1
102
RTVSPost2010Prop28
280
     0
102
RTVSPost2010PropOp28
 70
     1
102
RTVSPost2010Prop29
280
     1
102
RTVSPost2010PropOp29
 70
     1
102
RTVSPost2010Prop30
280
     1
102
RTVSPost2010PropOp30
 70
     1
102
RTVSPost2010Prop31
280
     0
102
RTVSPost2010PropOp31
 70
     1
102
RTVSPost2010Prop32
280
     0
102
RTVSPost2010PropOp32
 70
     1
102
RTVSPost2010Prop33
280
     0
102
RTVSPost2010PropOp33
 70
     1
102
RTVSPost2010Prop34
280
     0
102
RTVSPost2010PropOp34
 70
     1
102
RTVSPost2010Prop35
280
     0
102
RTVSPost2010PropOp35
 70
     1
102
RTVSPost2010Prop36
280
     0
102
RTVSPost2010PropOp36
 70
     1
102
RTVSPost2010Prop37
 90
       50
102
RTVSPost2010PropOp37
 70
     1
102
RTVSPost2010Prop38
140
0.0
102
RTVSPost2010PropOp38
 70
     1
102
RTVSPost2010Prop39
140
1.0
102
RTVSPost2010PropOp39
 70
     1
102
RTVSPost2010Prop40
 90
        0
102
RTVSPost2010PropOp40
 70
     1
102
RTVSPost2010Prop41ColorIndex
 90
       18
102
RTVSPost2010Prop41ColorRGB
 90
        0
102
RTVSPost2010PropOp41
 70
     1
102
RTVSPost2010Prop42
 90
       50
102
RTVSPost2010PropOp42
 70
     1
102
RTVSPost2010Prop43
 90
        3
102
RTVSPost2010PropOp43
 70
     1
102
RTVSPost2010Prop44ColorIndex
 90
        5
102
RTVSPost2010Prop44ColorRGB
 90
      255
102
RTVSPost2010PropOp44
 70
     1
102
RTVSPost2010Prop45
280
     0
102
RTVSPost2010PropOp45
 70
     1
102
RTVSPost2010Prop46
 90
       50
102
RTVSPost2010PropOp46
 70
     1
102
RTVSPost2010Prop47
 90
       50
102
RTVSPost2010PropOp47
 70
     1
102
RTVSPost2010Prop48
 90
       50
102
RTVSPost2010PropOp48
 70
     1
102
RTVSPost2010Prop49
280
     0
102
RTVSPost2010PropOp49
 70
     1
102
RTVSPost2010Prop50
 90
       50
102
RTVSPost2010PropOp50
 70
     1
102
RTVSPost2010Prop51ColorIndex
 90
      256
102
RTVSPost2010Prop51ColorRGB
 90
-16777216
102
RTVSPost2010PropOp51
 70
     0
102
RTVSPost2010Prop52
140
1.0
102
RTVSPost2010PropOp52
 70
     0
102
RTVSPost2010Prop53
 90
        2
102
RTVSPost2010PropOp53
 70
     1
102
RTVSPost2010Prop54
  1
strokes_ogs.tif
102
RTVSPost2010PropOp54
 70
     1
102
RTVSPost2010Prop55
280
     0
102
RTVSPost2010PropOp55
 70
     1
102
RTVSPost2010Prop56
140
1.0
102
RTVSPost2010PropOp56
 70
     1
102
RTVSPost2010Prop57
140
1.0
102
RTVSPost2010PropOp57
 70
     1
102
RTVSPropertyOp0
 70
     1
102
RTVSPropertyOp1
 70
     1
102
RTVSPropertyOp2
 70
     1
102
RTVSPropertyOp3
 70
     1
102
RTVSPropertyOp4
 70
     1
102
RTVSPropertyOp5
 70
     1
102
RTVSPropertyOp6
 70
     1
102
RTVSPropertyOp7
 70
     1
102
RTVSPropertyOp8
 70
     1
102
RTVSPropertyOp9
 70
     1
102
RTVSPropertyOp10
 70
     1
102
RTVSPropertyOp11
 70
     1
102
RTVSPropertyOp12
 70
     1
102
RTVSPropertyOp13
 70
     1
102
RTVSPropertyOp14
 70
     1
102
RTVSPropertyOp15
 70
     1
102
RTVSPropertyOp16
 70
     1
102
RTVSPropertyOp17
 70
     1
102
RTVSPropertyOp18
 70
     1
102
RTVSPropertyOp19
 70
     1
102
RTVSPropertyOp20
 70
     1
102
RTVSPropertyOp21
 70
     1
102
RTVSPropertyOp22
 70
     1
102
RTVSPropertyOp23
 70
     1
102
RTVSPropertyOp24
 70
     1
102
RTVSPropertyOp25
 70
     1
102
RTVSPropertyOp26
 70
     1
102
RTVSPropertyOp27
 70
     1
102
RTVSPropertyOp28
 70
     1
102
RTVSPropertyOp29
 70
     1
102
RTVSPropertyOp30
 70
     1
102
RTVSPropertyOp31
 70
     1
102
RTVSPropertyOp32
 70
     1
102
RTVSPropertyOp33
 70
     1
102
RTVSPropertyOp34
 70
     1
102
RTVSPropertyOp35
 70
     1
102
RTVSPropertyOp36
 70
     1
102
RTVSPropertyOp37
 70
     1
102
RTVSPropertyOp38
 70
     1
102
RTVSPropertyOp39
 70
     1
102
RTVSPropertyOp40
 70
     1
102
RTVSPropertyOp41
 70
     1
102
RTVSPropertyOp42
 70
     1
102
RTVSPropertyOp43
 70
     1
102
RTVSPropertyOp44
 70
     1
102
RTVSPropertyOp45
 70
     1
102
RTVSPropertyOp46
 70
     1
102
RTVSPropertyOp47
 70
     1
102
RTVSPropertyOp48
 70
     1
102
RTVSPropertyOp49
 70
     1
102
RTVSPropertyOp50
 70
     1
102
RTVSPropertyOp51
 70
     0
102
RTVSPropertyOp52
 70
     0
102
RTVSPropertyOp53
 70
     1
102
RTVSPropertyOp54
 70
     1
102
RTVSPropertyOp55
 70
     1
102
RTVSPropertyOp56
 70
     1
102
RTVSPropertyOp57
 70
     1
102
RTVSPropertyOp58
 70
     1
102
RTVSPropertyOp59
 70
     1
102
RTVSPropertyOp60
 70
     1
102
RTVSPropertyOp61
 70
     1
102
RTVSPropertyOp62
 70
     1
  0
ENDSEC
  0
EOF
