  0
SECTION
  2
HEADER
  9
$ACADVER
  1
AC1021
  9
$ACADMAINTVER
 70
    25
  9
$DWGCODEPAGE
  3
ANSI_1252
  9
$INSBASE
 10
0.0
 20
0.0
 30
0.0
  9
$EXTMIN
 10
-16.77458
 20
-16.66875
 30
0.0
  9
$EXTMAX
 10
16.77458
 20
16.66875
 30
0.0
  9
$LIMMIN
 10
0.0
 20
0.0
  9
$LIMMAX
 10
12.0
 20
9.0
  9
$ORTHOMODE
 70
     0
  9
$REGENMODE
 70
     1
  9
$FILLMODE
 70
     1
  9
$QTEXTMODE
 70
     0
  9
$MIRRTEXT
 70
     1
  9
$LTSCALE
 40
1.0
  9
$ATTMODE
 70
     1
  9
$TEXTSIZE
 40
0.2
  9
$TRACEWID
 40
0.05
  9
$TEXTSTYLE
  7
Standard
  9
$CLAYER
  8
0
  9
$CELTYPE
  6
ByLayer
  9
$CECOLOR
 62
   256
  9
$CELTSCALE
 40
1.0
  9
$DISPSILH
 70
     0
  9
$DIMSCALE
 40
1.0
  9
$DIMASZ
 40
0.18
  9
$DIMEXO
 40
0.0625
  9
$DIMDLI
 40
0.38
  9
$DIMRND
 40
0.0
  9
$DIMDLE
 40
0.0
  9
$DIMEXE
 40
0.18
  9
$DIMTP
 40
0.0
  9
$DIMTM
 40
0.0
  9
$DIMTXT
 40
0.18
  9
$DIMCEN
 40
0.09
  9
$DIMTSZ
 40
0.0
  9
$DIMTOL
 70
     0
  9
$DIMLIM
 70
     0
  9
$DIMTIH
 70
     1
  9
$DIMTOH
 70
     1
  9
$DIMSE1
 70
     0
  9
$DIMSE2
 70
     0
  9
$DIMTAD
 70
     0
  9
$DIMZIN
 70
     0
  9
$DIMBLK
  1

  9
$DIMASO
 70
     1
  9
$DIMSHO
 70
     1
  9
$DIMPOST
  1

  9
$DIMAPOST
  1

  9
$DIMALT
 70
     0
  9
$DIMALTD
 70
     2
  9
$DIMALTF
 40
25.4
  9
$DIMLFAC
 40
1.0
  9
$DIMTOFL
 70
     0
  9
$DIMTVP
 40
0.0
  9
$DIMTIX
 70
     0
  9
$DIMSOXD
 70
     0
  9
$DIMSAH
 70
     0
  9
$DIMBLK1
  1

  9
$DIMBLK2
  1

  9
$DIMSTYLE
  2
Standard
  9
$DIMCLRD
 70
     0
  9
$DIMCLRE
 70
     0
  9
$DIMCLRT
 70
     0
  9
$DIMTFAC
 40
1.0
  9
$DIMGAP
 40
0.09
  9
$DIMJUST
 70
     0
  9
$DIMSD1
 70
     0
  9
$DIMSD2
 70
     0
  9
$DIMTOLJ
 70
     1
  9
$DIMTZIN
 70
     0
  9
$DIMALTZ
 70
     0
  9
$DIMALTTZ
 70
     0
  9
$DIMUPT
 70
     0
  9
$DIMDEC
 70
     4
  9
$DIMTDEC
 70
     4
  9
$DIMALTU
 70
     2
  9
$DIMALTTD
 70
     2
  9
$DIMTXSTY
  7
Standard
  9
$DIMAUNIT
 70
     0
  9
$DIMADEC
 70
     0
  9
$DIMALTRND
 40
0.0
  9
$DIMAZIN
 70
     0
  9
$DIMDSEP
 70
    46
  9
$DIMATFIT
 70
     3
  9
$DIMFRAC
 70
     0
  9
$DIMLDRBLK
  1

  9
$DIMLUNIT
 70
     2
  9
$DIMLWD
 70
    -2
  9
$DIMLWE
 70
    -2
  9
$DIMTMOVE
 70
     0
  9
$DIMFXL
 40
1.0
  9
$DIMFXLON
 70
     0
  9
$DIMJOGANG
 40
0.7853981633974483
  9
$DIMTFILL
 70
     0
  9
$DIMTFILLCLR
 70
     0
  9
$DIMARCSYM
 70
     0
  9
$DIMLTYPE
  6

  9
$DIMLTEX1
  6

  9
$DIMLTEX2
  6

  9
$LUNITS
 70
     2
  9
$LUPREC
 70
     4
  9
$SKETCHINC
 40
0.1
  9
$FILLETRAD
 40
0.5
  9
$AUNITS
 70
     0
  9
$AUPREC
 70
     0
  9
$MENU
  1
.
  9
$ELEVATION
 40
0.0
  9
$PELEVATION
 40
0.0
  9
$THICKNESS
 40
0.0
  9
$LIMCHECK
 70
     0
  9
$CHAMFERA
 40
0.0
  9
$CHAMFERB
 40
0.0
  9
$CHAMFERC
 40
0.0
  9
$CHAMFERD
 40
0.0
  9
$SKPOLY
 70
     0
  9
$TDCREATE
 40
2457272.92560044
  9
$TDUCREATE
 40
2457273.05060044
  9
$TDUPDATE
 40
2457272.925600799
  9
$TDUUPDATE
 40
2457273.050600799
  9
$TDINDWG
 40
0.0000000116
  9
$TDUSRTIMER
 40
0.0000000116
  9
$USRTIMER
 70
     1
  9
$ANGBASE
 50
0.0
  9
$ANGDIR
 70
     0
  9
$PDMODE
 70
     0
  9
$PDSIZE
 40
0.0
  9
$PLINEWID
 40
0.0
  9
$SPLFRAME
 70
     0
  9
$SPLINETYPE
 70
     6
  9
$SPLINESEGS
 70
     8
  9
$HANDSEED
  5
D2
  9
$SURFTAB1
 70
     6
  9
$SURFTAB2
 70
     6
  9
$SURFTYPE
 70
     6
  9
$SURFU
 70
     6
  9
$SURFV
 70
     6
  9
$UCSBASE
  2

  9
$UCSNAME
  2

  9
$UCSORG
 10
0.0
 20
0.0
 30
0.0
  9
$UCSXDIR
 10
1.0
 20
0.0
 30
0.0
  9
$UCSYDIR
 10
0.0
 20
1.0
 30
0.0
  9
$UCSORTHOREF
  2

  9
$UCSORTHOVIEW
 70
     0
  9
$UCSORGTOP
 10
0.0
 20
0.0
 30
0.0
  9
$UCSORGBOTTOM
 10
0.0
 20
0.0
 30
0.0
  9
$UCSORGLEFT
 10
0.0
 20
0.0
 30
0.0
  9
$UCSORGRIGHT
 10
0.0
 20
0.0
 30
0.0
  9
$UCSORGFRONT
 10
0.0
 20
0.0
 30
0.0
  9
$UCSORGBACK
 10
0.0
 20
0.0
 30
0.0
  9
$PUCSBASE
  2

  9
$PUCSNAME
  2

  9
$PUCSORG
 10
0.0
 20
0.0
 30
0.0
  9
$PUCSXDIR
 10
1.0
 20
0.0
 30
0.0
  9
$PUCSYDIR
 10
0.0
 20
1.0
 30
0.0
  9
$PUCSORTHOREF
  2

  9
$PUCSORTHOVIEW
 70
     0
  9
$PUCSORGTOP
 10
0.0
 20
0.0
 30
0.0
  9
$PUCSORGBOTTOM
 10
0.0
 20
0.0
 30
0.0
  9
$PUCSORGLEFT
 10
0.0
 20
0.0
 30
0.0
  9
$PUCSORGRIGHT
 10
0.0
 20
0.0
 30
0.0
  9
$PUCSORGFRONT
 10
0.0
 20
0.0
 30
0.0
  9
$PUCSORGBACK
 10
0.0
 20
0.0
 30
0.0
  9
$USERI1
 70
     0
  9
$USERI2
 70
     0
  9
$USERI3
 70
     0
  9
$USERI4
 70
     0
  9
$USERI5
 70
     0
  9
$USERR1
 40
0.0
  9
$USERR2
 40
0.0
  9
$USERR3
 40
0.0
  9
$USERR4
 40
0.0
  9
$USERR5
 40
0.0
  9
$WORLDVIEW
 70
     1
  9
$SHADEDGE
 70
     3
  9
$SHADEDIF
 70
    70
  9
$TILEMODE
 70
     1
  9
$MAXACTVP
 70
    64
  9
$PINSBASE
 10
0.0
 20
0.0
 30
0.0
  9
$PLIMCHECK
 70
     0
  9
$PEXTMIN
 10
1.000000000000000E+20
 20
1.000000000000000E+20
 30
1.000000000000000E+20
  9
$PEXTMAX
 10
-1.000000000000000E+20
 20
-1.000000000000000E+20
 30
-1.000000000000000E+20
  9
$PLIMMIN
 10
0.0
 20
0.0
  9
$PLIMMAX
 10
12.0
 20
9.0
  9
$UNITMODE
 70
     0
  9
$VISRETAIN
 70
     1
  9
$PLINEGEN
 70
     0
  9
$PSLTSCALE
 70
     1
  9
$TREEDEPTH
 70
  3020
  9
$CMLSTYLE
  2
Standard
  9
$CMLJUST
 70
     0
  9
$CMLSCALE
 40
1.0
  9
$PROXYGRAPHICS
 70
     1
  9
$MEASUREMENT
 70
     0
  9
$CELWEIGHT
370
    -1
  9
$ENDCAPS
280
     0
  9
$JOINSTYLE
280
     0
  9
$LWDISPLAY
290
     0
  9
$INSUNITS
 70
     5
  9
$HYPERLINKBASE
  1

  9
$STYLESHEET
  1

  9
$XEDIT
290
     1
  9
$CEPSNTYPE
380
     0
  9
$PSTYLEMODE
290
     1
  9
$FINGERPRINTGUID
  2
{49FD1459-39CF-4C8A-A69E-C1012B65AFA4}
  9
$VERSIONGUID
  2
{FAEB1C32-E019-11D5-929B-00C0DF256EC4}
  9
$EXTNAMES
290
     1
  9
$PSVPSCALE
 40
0.0
  9
$OLESTARTUP
290
     0
  9
$SORTENTS
280
   127
  9
$INDEXCTL
280
     0
  9
$HIDETEXT
280
     1
  9
$XCLIPFRAME
290
     0
  9
$HALOGAP
280
     0
  9
$OBSCOLOR
 70
   257
  9
$OBSLTYPE
280
     0
  9
$INTERSECTIONDISPLAY
280
     0
  9
$INTERSECTIONCOLOR
 70
   257
  9
$DIMASSOC
280
     2
  9
$PROJECTNAME
  1

  9
$CAMERADISPLAY
290
     0
  9
$LENSLENGTH
 40
50.0
  9
$CAMERAHEIGHT
 40
0.0
  9
$STEPSPERSEC
 40
2.0
  9
$STEPSIZE
 40
6.0
  9
$3DDWFPREC
 40
2.0
  9
$PSOLWIDTH
 40
0.25
  9
$PSOLHEIGHT
 40
4.0
  9
$LOFTANG1
 40
1.570796326794897
  9
$LOFTANG2
 40
1.570796326794897
  9
$LOFTMAG1
 40
0.0
  9
$LOFTMAG2
 40
0.0
  9
$LOFTPARAM
 70
     7
  9
$LOFTNORMALS
280
     1
  9
$LATITUDE
 40
37.795
  9
$LONGITUDE
 40
-122.394
  9
$NORTHDIRECTION
 40
0.0
  9
$TIMEZONE
 70
 -8000
  9
$LIGHTGLYPHDISPLAY
280
     1
  9
$TILEMODELIGHTSYNCH
280
     1
  9
$CMATERIAL
347
44
  9
$SOLIDHIST
280
     0
  9
$SHOWHIST
280
     1
  9
$DWFFRAME
280
     2
  9
$DGNFRAME
280
     2
  9
$REALWORLDSCALE
290
     1
  9
$INTERFERECOLOR
 62
   256
  9
$CSHADOW
280
     0
  9
$SHADOWPLANELOCATION
 40
0.0
  0
ENDSEC
  0
SECTION
  2
CLASSES
  0
CLASS
  1
ACDBDICTIONARYWDFLT
  2
AcDbDictionaryWithDefault
  3
ObjectDBX Classes
 90
        0
 91
        4
280
     0
281
     0
  0
CLASS
  1
VISUALSTYLE
  2
AcDbVisualStyle
  3
ObjectDBX Classes
 90
     4095
 91
        4
280
     0
281
     0
  0
CLASS
  1
MATERIAL
  2
AcDbMaterial
  3
ObjectDBX Classes
 90
     1153
 91
        4
280
     0
281
     0
  0
CLASS
  1
SCALE
  2
AcDbScale
  3
ObjectDBX Classes
 90
     1153
 91
        4
280
     0
281
     0
  0
CLASS
  1
TABLESTYLE
  2
AcDbTableStyle
  3
ObjectDBX Classes
 90
     4095
 91
        4
280
     0
281
     0
  0
CLASS
  1
MLEADERSTYLE
  2
AcDbMLeaderStyle
  3
ACDB_MLEADERSTYLE_CLASS
 90
     4095
 91
        4
280
     0
281
     0
  0
CLASS
  1
SUN
  2
AcDbSun
  3
SCENEOE
 90
     1153
 91
        4
280
     0
281
     0
  0
CLASS
  1
DICTIONARYVAR
  2
AcDbDictionaryVar
  3
ObjectDBX Classes
 90
        0
 91
        4
280
     0
281
     0
  0
CLASS
  1
CELLSTYLEMAP
  2
AcDbCellStyleMap
  3
ObjectDBX Classes
 90
     1152
 91
        4
280
     0
281
     0
  0
ENDSEC
  0
SECTION
  2
TABLES
  0
TABLE
  2
VPORT
  5
8
330
0
100
AcDbSymbolTable
 70
     1
  0
VPORT
  5
29
330
8
100
AcDbSymbolTableRecord
100
AcDbViewportTableRecord
  2
*Active
 70
     0
 10
0.0
 20
0.0
 11
1.0
 21
1.0
 12
10.42990654205607
 22
4.5
 13
0.0
 23
0.0
 14
0.5
 24
0.5
 15
0.5
 25
0.5
 16
0.0
 26
0.0
 36
1.0
 17
0.0
 27
0.0
 37
0.0
 40
9.0
 41
1.972972972850329
 42
50.0
 43
0.0
 44
0.0
 50
0.0
 51
0.0
 71
     0
 72
   100
 73
     1
 74
     3
 75
     0
 76
     0
 77
     0
 78
     0
281
     0
 65
     1
110
0.0
120
0.0
130
0.0
111
1.0
121
0.0
131
0.0
112
0.0
122
1.0
132
0.0
 79
     0
146
0.0
 60
     3
 61
     5
292
     1
282
     1
141
0.0
142
0.0
 63
   250
361
6D
  0
ENDTAB
  0
TABLE
  2
LTYPE
  5
5
330
0
100
AcDbSymbolTable
 70
     1
  0
LTYPE
  5
14
330
5
100
AcDbSymbolTableRecord
100
AcDbLinetypeTableRecord
  2
ByBlock
 70
     0
  3

 72
    65
 73
     0
 40
0.0
  0
LTYPE
  5
15
330
5
100
AcDbSymbolTableRecord
100
AcDbLinetypeTableRecord
  2
ByLayer
 70
     0
  3

 72
    65
 73
     0
 40
0.0
  0
LTYPE
  5
16
330
5
100
AcDbSymbolTableRecord
100
AcDbLinetypeTableRecord
  2
Continuous
 70
     0
  3
Solid line
 72
    65
 73
     0
 40
0.0
  0
ENDTAB
  0
TABLE
  2
LAYER
  5
2
330
0
100
AcDbSymbolTable
 70
     2
  0
LAYER
  5
10
330
2
100
AcDbSymbolTableRecord
100
AcDbLayerTableRecord
  2
0
 70
     0
 62
     7
  6
Continuous
370
    -3
390
F
347
46
  0
LAYER
  5
6F
330
2
100
AcDbSymbolTableRecord
100
AcDbLayerTableRecord
  2
Layer 1
 70
     0
 62
     7
  6
Continuous
370
    -3
390
F
347
46
  0
ENDTAB
  0
TABLE
  2
STYLE
  5
3
330
0
100
AcDbSymbolTable
 70
     1
  0
STYLE
  5
11
330
3
100
AcDbSymbolTableRecord
100
AcDbTextStyleTableRecord
  2
Standard
 70
     0
 40
0.0
 41
1.0
 50
0.0
 71
     0
 42
0.2
  3
txt
  4

  0
ENDTAB
  0
TABLE
  2
VIEW
  5
6
330
0
100
AcDbSymbolTable
 70
     0
  0
ENDTAB
  0
TABLE
  2
UCS
  5
7
330
0
100
AcDbSymbolTable
 70
     0
  0
ENDTAB
  0
TABLE
  2
APPID
  5
9
330
0
100
AcDbSymbolTable
 70
     3
  0
APPID
  5
12
330
9
100
AcDbSymbolTableRecord
100
AcDbRegAppTableRecord
  2
ACAD
 70
     0
  0
APPID
  5
6E
330
9
100
AcDbSymbolTableRecord
100
AcDbRegAppTableRecord
  2
ODA
 70
     0
  0
APPID
  5
CA
330
9
100
AcDbSymbolTableRecord
100
AcDbRegAppTableRecord
  2
ACAD_MLEADERVER
 70
     0
  0
ENDTAB
  0
TABLE
  2
DIMSTYLE
  5
A
330
0
100
AcDbSymbolTable
 70
     1
100
AcDbDimStyleTable
  0
DIMSTYLE
105
27
330
A
100
AcDbSymbolTableRecord
100
AcDbDimStyleTableRecord
  2
Standard
 70
     0
178
     0
340
11
  0
ENDTAB
  0
TABLE
  2
BLOCK_RECORD
  5
1
330
0
100
AcDbSymbolTable
 70
     1
  0
BLOCK_RECORD
  5
1F
330
1
100
AcDbSymbolTableRecord
100
AcDbBlockTableRecord
  2
*Model_Space
340
22
 70
     0
280
     1
281
     0
  0
BLOCK_RECORD
  5
1B
330
1
100
AcDbSymbolTableRecord
100
AcDbBlockTableRecord
  2
*Paper_Space
340
1E
 70
     0
280
     1
281
     0
  0
BLOCK_RECORD
  5
23
330
1
100
AcDbSymbolTableRecord
100
AcDbBlockTableRecord
  2
*Paper_Space0
340
26
 70
     0
280
     1
281
     0
  0
ENDTAB
  0
ENDSEC
  0
SECTION
  2
BLOCKS
  0
BLOCK
  5
20
330
1F
100
AcDbEntity
  8
0
100
AcDbBlockBegin
  2
*Model_Space
 70
     0
 10
0.0
 20
0.0
 30
0.0
  3
*Model_Space
  1

  0
ENDBLK
  5
21
330
1F
100
AcDbEntity
  8
0
100
AcDbBlockEnd
  0
BLOCK
  5
1C
330
1B
100
AcDbEntity
 67
     1
  8
0
100
AcDbBlockBegin
  2
*Paper_Space
 70
     0
 10
0.0
 20
0.0
 30
0.0
  3
*Paper_Space
  1

  0
ENDBLK
  5
1D
330
1B
100
AcDbEntity
 67
     1
  8
0
100
AcDbBlockEnd
  0
BLOCK
  5
24
330
23
100
AcDbEntity
  8
0
100
AcDbBlockBegin
  2
*Paper_Space0
 70
     0
 10
0.0
 20
0.0
 30
0.0
  3
*Paper_Space0
  1

  0
ENDBLK
  5
25
330
23
100
AcDbEntity
  8
0
100
AcDbBlockEnd
  0
ENDSEC
  0
SECTION
  2
ENTITIES
  0
SPLINE
  5
70
330
1F
100
AcDbEntity
  8
Layer 1
 62
     7
100
AcDbSpline
210
0.0
220
0.0
230
1.0
 70
    11
 71
     3
 72
    24
 73
    20
 74
     0
 42
0.000000001
 43
0.0000000001
 40
0.0
 40
0.0
 40
0.0
 40
0.0
 40
0.1666666666666667
 40
0.1666666666666667
 40
0.1666666666666667
 40
0.1666666666666667
 40
0.3333333333333333
 40
0.3333333333333333
 40
0.3333333333333333
 40
0.3333333333333333
 40
0.5
 40
0.5
 40
0.5
 40
0.5
 40
0.6666666666666666
 40
0.6666666666666666
 40
0.6666666666666666
 40
0.6666666666666666
 40
1.0
 40
1.0
 40
1.0
 40
1.0
 10
-16.77458
 20
16.66875
 30
0.0
 10
-16.77458
 20
16.66875
 30
0.0
 10
16.77458
 20
16.66875
 30
0.0
 10
16.77458
 20
16.66875
 30
0.0
 10
16.77458
 20
16.66875
 30
0.0
 10
16.77458
 20
16.66875
 30
0.0
 10
16.77458
 20
-16.66875
 30
0.0
 10
16.77458
 20
-16.66875
 30
0.0
 10
16.77458
 20
-16.66875
 30
0.0
 10
16.77458
 20
-16.66875
 30
0.0
 10
-16.77458
 20
-16.66875
 30
0.0
 10
-16.77458
 20
-16.66875
 30
0.0
 10
-16.77458
 20
-16.66875
 30
0.0
 10
-16.77458
 20
-16.66875
 30
0.0
 10
-16.77458
 20
16.66875
 30
0.0
 10
-16.77458
 20
16.66875
 30
0.0
 10
-16.77458
 20
16.66875
 30
0.0
 10
-16.77458
 20
16.66875
 30
0.0
 10
-16.77458
 20
16.66875
 30
0.0
 10
-16.77458
 20
16.66875
 30
0.0
  0
SPLINE
  5
71
330
1F
100
AcDbEntity
  8
Layer 1
 62
     7
100
AcDbSpline
210
0.0
220
0.0
230
1.0
 70
    11
 71
     3
 72
   448
 73
   444
 74
     0
 42
0.000000001
 43
0.0000000001
 40
0.0
 40
0.0
 40
0.0
 40
0.0
 40
0.0089285714285714
 40
0.0089285714285714
 40
0.0089285714285714
 40
0.0089285714285714
 40
0.0178571428571429
 40
0.0178571428571429
 40
0.0178571428571429
 40
0.0178571428571429
 40
0.0267857142857143
 40
0.0267857142857143
 40
0.0267857142857143
 40
0.0267857142857143
 40
0.0357142857142857
 40
0.0357142857142857
 40
0.0357142857142857
 40
0.0357142857142857
 40
0.0446428571428571
 40
0.0446428571428571
 40
0.0446428571428571
 40
0.0446428571428571
 40
0.0535714285714286
 40
0.0535714285714286
 40
0.0535714285714286
 40
0.0535714285714286
 40
0.0625
 40
0.0625
 40
0.0625
 40
0.0625
 40
0.0714285714285714
 40
0.0714285714285714
 40
0.0714285714285714
 40
0.0714285714285714
 40
0.0803571428571429
 40
0.0803571428571429
 40
0.0803571428571429
 40
0.0803571428571429
 40
0.0892857142857143
 40
0.0892857142857143
 40
0.0892857142857143
 40
0.0892857142857143
 40
0.0982142857142857
 40
0.0982142857142857
 40
0.0982142857142857
 40
0.0982142857142857
 40
0.1071428571428571
 40
0.1071428571428571
 40
0.1071428571428571
 40
0.1071428571428571
 40
0.1160714285714286
 40
0.1160714285714286
 40
0.1160714285714286
 40
0.1160714285714286
 40
0.125
 40
0.125
 40
0.125
 40
0.125
 40
0.1339285714285714
 40
0.1339285714285714
 40
0.1339285714285714
 40
0.1339285714285714
 40
0.1428571428571428
 40
0.1428571428571428
 40
0.1428571428571428
 40
0.1428571428571428
 40
0.1517857142857143
 40
0.1517857142857143
 40
0.1517857142857143
 40
0.1517857142857143
 40
0.1607142857142857
 40
0.1607142857142857
 40
0.1607142857142857
 40
0.1607142857142857
 40
0.1696428571428572
 40
0.1696428571428572
 40
0.1696428571428572
 40
0.1696428571428572
 40
0.1785714285714286
 40
0.1785714285714286
 40
0.1785714285714286
 40
0.1785714285714286
 40
0.1875
 40
0.1875
 40
0.1875
 40
0.1875
 40
0.1964285714285714
 40
0.1964285714285714
 40
0.1964285714285714
 40
0.1964285714285714
 40
0.2053571428571428
 40
0.2053571428571428
 40
0.2053571428571428
 40
0.2053571428571428
 40
0.2142857142857143
 40
0.2142857142857143
 40
0.2142857142857143
 40
0.2142857142857143
 40
0.2232142857142857
 40
0.2232142857142857
 40
0.2232142857142857
 40
0.2232142857142857
 40
0.2321428571428572
 40
0.2321428571428572
 40
0.2321428571428572
 40
0.2321428571428572
 40
0.2410714285714286
 40
0.2410714285714286
 40
0.2410714285714286
 40
0.2410714285714286
 40
0.25
 40
0.25
 40
0.25
 40
0.25
 40
0.2589285714285715
 40
0.2589285714285715
 40
0.2589285714285715
 40
0.2589285714285715
 40
0.2678571428571428
 40
0.2678571428571428
 40
0.2678571428571428
 40
0.2678571428571428
 40
0.2767857142857143
 40
0.2767857142857143
 40
0.2767857142857143
 40
0.2767857142857143
 40
0.2857142857142857
 40
0.2857142857142857
 40
0.2857142857142857
 40
0.2857142857142857
 40
0.2946428571428572
 40
0.2946428571428572
 40
0.2946428571428572
 40
0.2946428571428572
 40
0.3035714285714285
 40
0.3035714285714285
 40
0.3035714285714285
 40
0.3035714285714285
 40
0.3125
 40
0.3125
 40
0.3125
 40
0.3125
 40
0.3214285714285715
 40
0.3214285714285715
 40
0.3214285714285715
 40
0.3214285714285715
 40
0.3303571428571428
 40
0.3303571428571428
 40
0.3303571428571428
 40
0.3303571428571428
 40
0.3392857142857143
 40
0.3392857142857143
 40
0.3392857142857143
 40
0.3392857142857143
 40
0.3482142857142857
 40
0.3482142857142857
 40
0.3482142857142857
 40
0.3482142857142857
 40
0.3571428571428572
 40
0.3571428571428572
 40
0.3571428571428572
 40
0.3571428571428572
 40
0.3660714285714285
 40
0.3660714285714285
 40
0.3660714285714285
 40
0.3660714285714285
 40
0.375
 40
0.375
 40
0.375
 40
0.375
 40
0.3839285714285715
 40
0.3839285714285715
 40
0.3839285714285715
 40
0.3839285714285715
 40
0.3928571428571428
 40
0.3928571428571428
 40
0.3928571428571428
 40
0.3928571428571428
 40
0.4017857142857143
 40
0.4017857142857143
 40
0.4017857142857143
 40
0.4017857142857143
 40
0.4107142857142857
 40
0.4107142857142857
 40
0.4107142857142857
 40
0.4107142857142857
 40
0.4196428571428572
 40
0.4196428571428572
 40
0.4196428571428572
 40
0.4196428571428572
 40
0.4285714285714285
 40
0.4285714285714285
 40
0.4285714285714285
 40
0.4285714285714285
 40
0.4375
 40
0.4375
 40
0.4375
 40
0.4375
 40
0.4464285714285715
 40
0.4464285714285715
 40
0.4464285714285715
 40
0.4464285714285715
 40
0.4553571428571428
 40
0.4553571428571428
 40
0.4553571428571428
 40
0.4553571428571428
 40
0.4642857142857143
 40
0.4642857142857143
 40
0.4642857142857143
 40
0.4642857142857143
 40
0.4732142857142857
 40
0.4732142857142857
 40
0.4732142857142857
 40
0.4732142857142857
 40
0.4821428571428572
 40
0.4821428571428572
 40
0.4821428571428572
 40
0.4821428571428572
 40
0.4910714285714285
 40
0.4910714285714285
 40
0.4910714285714285
 40
0.4910714285714285
 40
0.5
 40
0.5
 40
0.5
 40
0.5
 40
0.5089285714285714
 40
0.5089285714285714
 40
0.5089285714285714
 40
0.5089285714285714
 40
0.5178571428571429
 40
0.5178571428571429
 40
0.5178571428571429
 40
0.5178571428571429
 40
0.5267857142857143
 40
0.5267857142857143
 40
0.5267857142857143
 40
0.5267857142857143
 40
0.5357142857142857
 40
0.5357142857142857
 40
0.5357142857142857
 40
0.5357142857142857
 40
0.5446428571428571
 40
0.5446428571428571
 40
0.5446428571428571
 40
0.5446428571428571
 40
0.5535714285714286
 40
0.5535714285714286
 40
0.5535714285714286
 40
0.5535714285714286
 40
0.5625
 40
0.5625
 40
0.5625
 40
0.5625
 40
0.5714285714285714
 40
0.5714285714285714
 40
0.5714285714285714
 40
0.5714285714285714
 40
0.5803571428571429
 40
0.5803571428571429
 40
0.5803571428571429
 40
0.5803571428571429
 40
0.5892857142857143
 40
0.5892857142857143
 40
0.5892857142857143
 40
0.5892857142857143
 40
0.5982142857142857
 40
0.5982142857142857
 40
0.5982142857142857
 40
0.5982142857142857
 40
0.6071428571428571
 40
0.6071428571428571
 40
0.6071428571428571
 40
0.6071428571428571
 40
0.6160714285714286
 40
0.6160714285714286
 40
0.6160714285714286
 40
0.6160714285714286
 40
0.625
 40
0.625
 40
0.625
 40
0.625
 40
0.6339285714285714
 40
0.6339285714285714
 40
0.6339285714285714
 40
0.6339285714285714
 40
0.6428571428571429
 40
0.6428571428571429
 40
0.6428571428571429
 40
0.6428571428571429
 40
0.6517857142857143
 40
0.6517857142857143
 40
0.6517857142857143
 40
0.6517857142857143
 40
0.6607142857142857
 40
0.6607142857142857
 40
0.6607142857142857
 40
0.6607142857142857
 40
0.6696428571428571
 40
0.6696428571428571
 40
0.6696428571428571
 40
0.6696428571428571
 40
0.6785714285714286
 40
0.6785714285714286
 40
0.6785714285714286
 40
0.6785714285714286
 40
0.6875
 40
0.6875
 40
0.6875
 40
0.6875
 40
0.6964285714285714
 40
0.6964285714285714
 40
0.6964285714285714
 40
0.6964285714285714
 40
0.7053571428571429
 40
0.7053571428571429
 40
0.7053571428571429
 40
0.7053571428571429
 40
0.7142857142857143
 40
0.7142857142857143
 40
0.7142857142857143
 40
0.7142857142857143
 40
0.7232142857142857
 40
0.7232142857142857
 40
0.7232142857142857
 40
0.7232142857142857
 40
0.7321428571428571
 40
0.7321428571428571
 40
0.7321428571428571
 40
0.7321428571428571
 40
0.7410714285714286
 40
0.7410714285714286
 40
0.7410714285714286
 40
0.7410714285714286
 40
0.75
 40
0.75
 40
0.75
 40
0.75
 40
0.7589285714285714
 40
0.7589285714285714
 40
0.7589285714285714
 40
0.7589285714285714
 40
0.7678571428571429
 40
0.7678571428571429
 40
0.7678571428571429
 40
0.7678571428571429
 40
0.7767857142857143
 40
0.7767857142857143
 40
0.7767857142857143
 40
0.7767857142857143
 40
0.7857142857142857
 40
0.7857142857142857
 40
0.7857142857142857
 40
0.7857142857142857
 40
0.7946428571428571
 40
0.7946428571428571
 40
0.7946428571428571
 40
0.7946428571428571
 40
0.8035714285714286
 40
0.8035714285714286
 40
0.8035714285714286
 40
0.8035714285714286
 40
0.8125
 40
0.8125
 40
0.8125
 40
0.8125
 40
0.8214285714285714
 40
0.8214285714285714
 40
0.8214285714285714
 40
0.8214285714285714
 40
0.8303571428571429
 40
0.8303571428571429
 40
0.8303571428571429
 40
0.8303571428571429
 40
0.8392857142857143
 40
0.8392857142857143
 40
0.8392857142857143
 40
0.8392857142857143
 40
0.8482142857142857
 40
0.8482142857142857
 40
0.8482142857142857
 40
0.8482142857142857
 40
0.8571428571428571
 40
0.8571428571428571
 40
0.8571428571428571
 40
0.8571428571428571
 40
0.8660714285714286
 40
0.8660714285714286
 40
0.8660714285714286
 40
0.8660714285714286
 40
0.875
 40
0.875
 40
0.875
 40
0.875
 40
0.8839285714285714
 40
0.8839285714285714
 40
0.8839285714285714
 40
0.8839285714285714
 40
0.8928571428571429
 40
0.8928571428571429
 40
0.8928571428571429
 40
0.8928571428571429
 40
0.9017857142857143
 40
0.9017857142857143
 40
0.9017857142857143
 40
0.9017857142857143
 40
0.9107142857142857
 40
0.9107142857142857
 40
0.9107142857142857
 40
0.9107142857142857
 40
0.9196428571428571
 40
0.9196428571428571
 40
0.9196428571428571
 40
0.9196428571428571
 40
0.9285714285714286
 40
0.9285714285714286
 40
0.9285714285714286
 40
0.9285714285714286
 40
0.9375
 40
0.9375
 40
0.9375
 40
0.9375
 40
0.9464285714285714
 40
0.9464285714285714
 40
0.9464285714285714
 40
0.9464285714285714
 40
0.9553571428571429
 40
0.9553571428571429
 40
0.9553571428571429
 40
0.9553571428571429
 40
0.9642857142857143
 40
0.9642857142857143
 40
0.9642857142857143
 40
0.9642857142857143
 40
0.9732142857142857
 40
0.9732142857142857
 40
0.9732142857142857
 40
0.9732142857142857
 40
0.9821428571428571
 40
0.9821428571428571
 40
0.9821428571428571
 40
0.9821428571428571
 40
1.0
 40
1.0
 40
1.0
 40
1.0
 10
7.66727
 20
15.93286
 30
0.0
 10
7.33213
 20
15.85031
 30
0.0
 10
6.97547
 20
15.75611
 30
0.0
 10
6.73135
 20
15.49329
 30
0.0
 10
6.73135
 20
15.49329
 30
0.0
 10
6.63293
 20
15.36841
 30
0.0
 10
6.72465
 20
15.20155
 30
0.0
 10
6.78709
 20
15.07949
 30
0.0
 10
6.78709
 20
15.07949
 30
0.0
 10
7.0993
 20
14.55773
 30
0.0
 10
7.06684
 20
13.92661
 30
0.0
 10
7.11482
 20
13.34206
 30
0.0
 10
7.11482
 20
13.34206
 30
0.0
 10
6.82131
 20
13.4052
 30
0.0
 10
6.53168
 20
13.49022
 30
0.0
 10
6.23111
 20
13.51386
 30
0.0
 10
6.23111
 20
13.51386
 30
0.0
 10
6.2163
 20
13.40979
 30
0.0
 10
6.1849
 20
13.29443
 30
0.0
 10
6.24628
 20
13.19918
 30
0.0
 10
6.24628
 20
13.19918
 30
0.0
 10
6.40045
 20
12.88309
 30
0.0
 10
6.74158
 20
12.74939
 30
0.0
 10
7.03827
 20
12.60581
 30
0.0
 10
7.03827
 20
12.60581
 30
0.0
 10
7.05556
 20
12.15284
 30
0.0
 10
7.15998
 20
11.7094
 30
0.0
 10
7.21184
 20
11.26031
 30
0.0
 10
7.21184
 20
11.26031
 30
0.0
 10
7.02769
 20
11.20987
 30
0.0
 10
6.72747
 20
11.29559
 30
0.0
 10
6.63963
 20
11.07228
 30
0.0
 10
6.63963
 20
11.07228
 30
0.0
 10
6.56625
 20
10.80453
 30
0.0
 10
6.57825
 20
10.5216
 30
0.0
 10
6.54826
 20
10.24714
 30
0.0
 10
6.54826
 20
10.24714
 30
0.0
 10
6.15985
 20
10.08027
 30
0.0
 10
5.77356
 20
9.90812
 30
0.0
 10
5.38021
 20
9.7536
 30
0.0
 10
5.38021
 20
9.7536
 30
0.0
 10
5.03379
 20
9.62166
 30
0.0
 10
4.64961
 20
9.5691
 30
0.0
 10
4.34904
 20
9.33909
 30
0.0
 10
4.34904
 20
9.33909
 30
0.0
 10
4.0767
 20
9.02476
 30
0.0
 10
4.07211
 20
8.5852
 30
0.0
 10
3.9684
 20
8.20208
 30
0.0
 10
3.9684
 20
8.20208
 30
0.0
 10
3.79201
 20
7.48594
 30
0.0
 10
3.56059
 20
6.77898
 30
0.0
 10
3.26108
 20
6.10482
 30
0.0
 10
3.26108
 20
6.10482
 30
0.0
 10
2.93476
 20
6.48194
 30
0.0
 10
2.75449
 20
6.95784
 30
0.0
 10
2.43805
 20
7.3406
 30
0.0
 10
2.43805
 20
7.3406
 30
0.0
 10
2.19851
 20
7.52792
 30
0.0
 10
1.90676
 20
7.65598
 30
0.0
 10
1.60302
 20
7.68456
 30
0.0
 10
1.60302
 20
7.68456
 30
0.0
 10
1.44533
 20
7.70079
 30
0.0
 10
1.28023
 20
7.63834
 30
0.0
 10
1.12642
 20
7.6902
 30
0.0
 10
1.12642
 20
7.6902
 30
0.0
 10
0.94015
 20
7.80239
 30
0.0
 10
0.81104
 20
8.01582
 30
0.0
 10
0.82868
 20
8.23807
 30
0.0
 10
0.82868
 20
8.23807
 30
0.0
 10
0.83926
 20
8.38835
 30
0.0
 10
0.78458
 20
8.59755
 30
0.0
 10
0.92534
 20
8.70444
 30
0.0
 10
0.92534
 20
8.70444
 30
0.0
 10
1.21991
 20
8.83991
 30
0.0
 10
1.55222
 20
8.82615
 30
0.0
 10
1.86302
 20
8.9027
 30
0.0
 10
1.86302
 20
8.9027
 30
0.0
 10
1.99778
 20
8.94327
 30
0.0
 10
2.04752
 20
9.12036
 30
0.0
 10
2.00378
 20
9.24384
 30
0.0
 10
2.00378
 20
9.24384
 30
0.0
 10
1.98332
 20
9.42622
 30
0.0
 10
1.95933
 20
9.61355
 30
0.0
 10
1.87748
 20
9.77971
 30
0.0
 10
1.87748
 20
9.77971
 30
0.0
 10
2.05987
 20
9.97232
 30
0.0
 10
2.04047
 20
10.26548
 30
0.0
 10
2.17099
 20
10.48879
 30
0.0
 10
2.17099
 20
10.48879
 30
0.0
 10
2.0126
 20
10.58863
 30
0.0
 10
1.83056
 20
10.6613
 30
0.0
 10
1.69474
 20
10.79112
 30
0.0
 10
1.69474
 20
10.79112
 30
0.0
 10
1.62419
 20
11.07687
 30
0.0
 10
1.59879
 20
11.40389
 30
0.0
 10
1.35326
 20
11.60321
 30
0.0
 10
1.35326
 20
11.60321
 30
0.0
 10
1.61149
 20
11.78525
 30
0.0
 10
1.8355
 20
12.1031
 30
0.0
 10
1.70815
 20
12.43224
 30
0.0
 10
1.70815
 20
12.43224
 30
0.0
 10
1.62243
 20
12.67989
 30
0.0
 10
1.32256
 20
12.69259
 30
0.0
 10
1.12607
 20
12.79631
 30
0.0
 10
1.12607
 20
12.79631
 30
0.0
 10
1.08232
 20
13.03302
 30
0.0
 10
1.13489
 20
13.28526
 30
0.0
 10
1.06116
 20
13.51597
 30
0.0
 10
1.06116
 20
13.51597
 30
0.0
 10
0.91969
 20
13.71882
 30
0.0
 10
0.65793
 20
13.79996
 30
0.0
 10
0.43356
 20
13.87157
 30
0.0
 10
0.43356
 20
13.87157
 30
0.0
 10
0.17216
 20
13.90191
 30
0.0
 10
-0.06985
 20
13.75939
 30
0.0
 10
-0.25894
 20
13.59394
 30
0.0
 10
-0.25894
 20
13.59394
 30
0.0
 10
-0.63853
 20
13.23975
 30
0.0
 10
-0.71155
 20
12.70459
 30
0.0
 10
-0.89394
 20
12.24315
 30
0.0
 10
-0.89394
 20
12.24315
 30
0.0
 10
-1.21744
 20
12.24915
 30
0.0
 10
-1.56422
 20
12.29325
 30
0.0
 10
-1.85455
 20
12.12039
 30
0.0
 10
-1.85455
 20
12.12039
 30
0.0
 10
-2.19357
 20
11.96481
 30
0.0
 10
-2.24473
 20
11.54148
 30
0.0
 10
-2.29976
 20
11.21798
 30
0.0
 10
-2.29976
 20
11.21798
 30
0.0
 10
-2.36396
 20
10.78195
 30
0.0
 10
-2.20098
 20
10.36637
 30
0.0
 10
-2.03764
 20
9.97267
 30
0.0
 10
-2.03764
 20
9.97267
 30
0.0
 10
-2.04646
 20
9.95786
 30
0.0
 10
-2.06446
 20
9.92787
 30
0.0
 10
-2.07328
 20
9.9127
 30
0.0
 10
-2.07328
 20
9.9127
 30
0.0
 10
-2.29482
 20
9.85202
 30
0.0
 10
-2.54706
 20
9.83615
 30
0.0
 10
-2.72309
 20
9.67176
 30
0.0
 10
-2.72309
 20
9.67176
 30
0.0
 10
-2.98097
 20
9.45233
 30
0.0
 10
-3.19193
 20
9.14188
 30
0.0
 10
-3.18206
 20
8.79016
 30
0.0
 10
-3.18206
 20
8.79016
 30
0.0
 10
-3.17853
 20
8.52558
 30
0.0
 10
-3.18453
 20
8.2236
 30
0.0
 10
-2.98379
 20
8.02358
 30
0.0
 10
-2.98379
 20
8.02358
 30
0.0
 10
-2.71251
 20
7.67927
 30
0.0
 10
-2.32586
 20
7.42879
 30
0.0
 10
-1.90147
 20
7.31979
 30
0.0
 10
-1.90147
 20
7.31979
 30
0.0
 10
-2.23943
 20
7.15786
 30
0.0
 10
-2.61444
 20
7.07884
 30
0.0
 10
-2.93829
 20
6.88728
 30
0.0
 10
-2.93829
 20
6.88728
 30
0.0
 10
-3.07164
 20
6.81179
 30
0.0
 10
-3.10974
 20
6.65127
 30
0.0
 10
-3.1175
 20
6.50875
 30
0.0
 10
-3.1175
 20
6.50875
 30
0.0
 10
-3.11291
 20
6.15139
 30
0.0
 10
-3.03354
 20
5.80143
 30
0.0
 10
-2.98838
 20
5.44865
 30
0.0
 10
-2.98838
 20
5.44865
 30
0.0
 10
-2.91959
 20
4.84364
 30
0.0
 10
-3.30341
 20
4.3307
 30
0.0
 10
-3.51473
 20
3.79589
 30
0.0
 10
-3.51473
 20
3.79589
 30
0.0
 10
-3.77366
 20
3.27096
 30
0.0
 10
-3.79307
 20
2.66453
 30
0.0
 10
-3.73274
 20
2.09303
 30
0.0
 10
-3.73274
 20
2.09303
 30
0.0
 10
-3.71969
 20
1.90077
 30
0.0
 10
-3.64102
 20
1.71309
 30
0.0
 10
-3.49744
 20
1.58256
 30
0.0
 10
-3.49744
 20
1.58256
 30
0.0
 10
-3.26214
 20
1.36278
 30
0.0
 10
-2.96298
 20
1.22661
 30
0.0
 10
-2.67088
 20
1.09855
 30
0.0
 10
-2.67088
 20
1.09855
 30
0.0
 10
-2.66841
 20
1.07491
 30
0.0
 10
-2.66347
 20
1.02729
 30
0.0
 10
-2.661
 20
1.0033
 30
0.0
 10
-2.661
 20
1.0033
 30
0.0
 10
-3.2318
 20
0.68121
 30
0.0
 10
-3.84845
 20
0.41416
 30
0.0
 10
-4.32329
 20
-0.05115
 30
0.0
 10
-4.32329
 20
-0.05115
 30
0.0
 10
-4.65138
 20
-0.3175
 30
0.0
 10
-4.94277
 20
-0.68827
 30
0.0
 10
-5.38374
 20
-0.75706
 30
0.0
 10
-5.38374
 20
-0.75706
 30
0.0
 10
-5.62998
 20
-0.77717
 30
0.0
 10
-5.842
 20
-0.50483
 30
0.0
 10
-6.08859
 20
-0.60889
 30
0.0
 10
-6.08859
 20
-0.60889
 30
0.0
 10
-6.35282
 20
-0.71296
 30
0.0
 10
-6.65057
 20
-0.76623
 30
0.0
 10
-6.86364
 20
-0.96767
 30
0.0
 10
-6.86364
 20
-0.96767
 30
0.0
 10
-7.05168
 20
-1.15711
 30
0.0
 10
-7.16598
 20
-1.44427
 30
0.0
 10
-7.05908
 20
-1.70639
 30
0.0
 10
-7.05908
 20
-1.70639
 30
0.0
 10
-7.02804
 20
-1.87325
 30
0.0
 10
-6.92503
 20
-2.02283
 30
0.0
 10
-6.91268
 20
-2.19322
 30
0.0
 10
-6.91268
 20
-2.19322
 30
0.0
 10
-6.95819
 20
-2.30293
 30
0.0
 10
-7.05944
 20
-2.37419
 30
0.0
 10
-7.1434
 20
-2.45322
 30
0.0
 10
-7.1434
 20
-2.45322
 30
0.0
 10
-7.69338
 20
-2.93582
 30
0.0
 10
-8.20843
 20
-3.45687
 30
0.0
 10
-8.71961
 20
-3.98004
 30
0.0
 10
-8.71961
 20
-3.98004
 30
0.0
 10
-9.20926
 20
-4.47322
 30
0.0
 10
-9.56592
 20
-5.07577
 30
0.0
 10
-9.93493
 20
-5.65961
 30
0.0
 10
-9.93493
 20
-5.65961
 30
0.0
 10
-10.73503
 20
-6.91691
 30
0.0
 10
-11.46457
 20
-8.22078
 30
0.0
 10
-12.08193
 20
-9.57792
 30
0.0
 10
-12.08193
 20
-9.57792
 30
0.0
 10
-12.48022
 20
-10.48491
 30
0.0
 10
-12.85452
 20
-11.41836
 30
0.0
 10
-12.98681
 20
-12.40614
 30
0.0
 10
-12.98681
 20
-12.40614
 30
0.0
 10
-13.00692
 20
-12.7695
 30
0.0
 10
-13.04114
 20
-13.17731
 30
0.0
 10
-12.82136
 20
-13.49304
 30
0.0
 10
-12.82136
 20
-13.49304
 30
0.0
 10
-12.77161
 20
-13.61687
 30
0.0
 10
-12.65343
 20
-13.70789
 30
0.0
 10
-12.52008
 20
-13.716
 30
0.0
 10
-12.52008
 20
-13.716
 30
0.0
 10
-12.02619
 20
-13.75304
 30
0.0
 10
-11.59863
 20
-13.40697
 30
0.0
 10
-11.10192
 20
-13.46553
 30
0.0
 10
-11.10192
 20
-13.46553
 30
0.0
 10
-10.71174
 20
-13.60099
 30
0.0
 10
-10.45457
 20
-13.94601
 30
0.0
 10
-10.16706
 20
-14.22435
 30
0.0
 10
-10.16706
 20
-14.22435
 30
0.0
 10
-9.87108
 20
-14.50481
 30
0.0
 10
-9.62237
 20
-14.83148
 30
0.0
 10
-9.31792
 20
-15.10312
 30
0.0
 10
-9.31792
 20
-15.10312
 30
0.0
 10
-9.19374
 20
-15.24388
 30
0.0
 10
-8.98666
 20
-15.18179
 30
0.0
 10
-8.8392
 20
-15.11406
 30
0.0
 10
-8.8392
 20
-15.11406
 30
0.0
 10
-8.53581
 20
-14.95707
 30
0.0
 10
-8.25077
 20
-14.66321
 30
0.0
 10
-7.87365
 20
-14.79021
 30
0.0
 10
-7.87365
 20
-14.79021
 30
0.0
 10
-7.30673
 20
-14.97048
 30
0.0
 10
-6.858
 20
-15.43509
 30
0.0
 10
-6.25828
 20
-15.52998
 30
0.0
 10
-6.25828
 20
-15.52998
 30
0.0
 10
-5.52097
 20
-15.54339
 30
0.0
 10
-4.81365
 20
-15.17262
 30
0.0
 10
-4.07247
 20
-15.32643
 30
0.0
 10
-4.07247
 20
-15.32643
 30
0.0
 10
-3.26249
 20
-15.53139
 30
0.0
 10
-2.534
 20
-15.98789
 30
0.0
 10
-1.70603
 20
-16.13253
 30
0.0
 10
-1.70603
 20
-16.13253
 30
0.0
 10
-1.17263
 20
-16.16322
 30
0.0
 10
-0.70097
 20
-15.88876
 30
0.0
 10
-0.22966
 20
-15.68132
 30
0.0
 10
-0.22966
 20
-15.68132
 30
0.0
 10
0.16228
 20
-15.51764
 30
0.0
 10
0.55668
 20
-15.28445
 30
0.0
 10
1.00013
 20
-15.33878
 30
0.0
 10
1.00013
 20
-15.33878
 30
0.0
 10
1.45909
 20
-15.4245
 30
0.0
 10
1.85314
 20
-15.6905
 30
0.0
 10
2.28741
 20
-15.84678
 30
0.0
 10
2.28741
 20
-15.84678
 30
0.0
 10
2.44898
 20
-15.90604
 30
0.0
 10
2.62537
 20
-15.89546
 30
0.0
 10
2.794
 20
-15.87571
 30
0.0
 10
2.794
 20
-15.87571
 30
0.0
 10
3.41559
 20
-15.70849
 30
0.0
 10
3.92571
 20
-15.27916
 30
0.0
 10
4.54166
 20
-15.09854
 30
0.0
 10
4.54166
 20
-15.09854
 30
0.0
 10
4.97276
 20
-15.03433
 30
0.0
 10
5.43384
 20
-15.15145
 30
0.0
 10
5.8487
 20
-14.986
 30
0.0
 10
5.8487
 20
-14.986
 30
0.0
 10
6.15738
 20
-14.76304
 30
0.0
 10
6.01133
 20
-14.26916
 30
0.0
 10
6.30767
 20
-14.03421
 30
0.0
 10
6.30767
 20
-14.03421
 30
0.0
 10
6.73559
 20
-13.96612
 30
0.0
 10
7.14904
 20
-14.26351
 30
0.0
 10
7.57731
 20
-14.17249
 30
0.0
 10
7.57731
 20
-14.17249
 30
0.0
 10
7.91951
 20
-14.01586
 30
0.0
 10
8.0578
 20
-13.60911
 30
0.0
 10
8.37953
 20
-13.42566
 30
0.0
 10
8.37953
 20
-13.42566
 30
0.0
 10
8.65752
 20
-13.3029
 30
0.0
 10
8.97572
 20
-13.31489
 30
0.0
 10
9.25936
 20
-13.208
 30
0.0
 10
9.25936
 20
-13.208
 30
0.0
 10
9.44774
 20
-13.07641
 30
0.0
 10
9.40329
 20
-12.80795
 30
0.0
 10
9.53488
 20
-12.63967
 30
0.0
 10
9.53488
 20
-12.63967
 30
0.0
 10
9.61355
 20
-12.57759
 30
0.0
 10
9.72397
 20
-12.59381
 30
0.0
 10
9.81745
 20
-12.57582
 30
0.0
 10
9.81745
 20
-12.57582
 30
0.0
 10
9.77159
 20
-11.81065
 30
0.0
 10
9.75536
 20
-11.0363
 30
0.0
 10
9.88519
 20
-10.27818
 30
0.0
 10
9.88519
 20
-10.27818
 30
0.0
 10
10.09015
 20
-9.03005
 30
0.0
 10
10.17834
 20
-7.76711
 30
0.0
 10
10.28206
 20
-6.50804
 30
0.0
 10
10.28206
 20
-6.50804
 30
0.0
 10
10.30887
 20
-6.37293
 30
0.0
 10
10.29547
 20
-6.21947
 30
0.0
 10
10.36179
 20
-6.09459
 30
0.0
 10
10.36179
 20
-6.09459
 30
0.0
 10
10.74208
 20
-5.90303
 30
0.0
 10
11.23844
 20
-5.97782
 30
0.0
 10
11.563
 20
-5.67126
 30
0.0
 10
11.563
 20
-5.67126
 30
0.0
 10
11.78913
 20
-5.48111
 30
0.0
 10
11.76196
 20
-5.12516
 30
0.0
 10
12.01349
 20
-4.95864
 30
0.0
 10
12.01349
 20
-4.95864
 30
0.0
 10
12.28901
 20
-4.7692
 30
0.0
 10
12.60863
 20
-4.65984
 30
0.0
 10
12.90179
 20
-4.50144
 30
0.0
 10
12.90179
 20
-4.50144
 30
0.0
 10
12.7127
 20
-3.45052
 30
0.0
 10
12.53314
 20
-2.39677
 30
0.0
 10
12.3003
 20
-1.35431
 30
0.0
 10
12.3003
 20
-1.35431
 30
0.0
 10
12.04489
 20
-0.30586
 30
0.0
 10
11.63461
 20
0.69532
 30
0.0
 10
11.26631
 20
1.70674
 30
0.0
 10
11.26631
 20
1.70674
 30
0.0
 10
10.95834
 20
2.5527
 30
0.0
 10
10.60944
 20
3.38349
 30
0.0
 10
10.31064
 20
4.23263
 30
0.0
 10
10.31064
 20
4.23263
 30
0.0
 10
10.67012
 20
4.04848
 30
0.0
 10
11.00772
 20
3.80153
 30
0.0
 10
11.41271
 20
3.72428
 30
0.0
 10
11.41271
 20
3.72428
 30
0.0
 10
11.72139
 20
3.62656
 30
0.0
 10
12.04101
 20
3.75461
 30
0.0
 10
12.32888
 20
3.86186
 30
0.0
 10
12.32888
 20
3.86186
 30
0.0
 10
12.49609
 20
3.94123
 30
0.0
 10
12.68342
 20
4.02026
 30
0.0
 10
12.7822
 20
4.18641
 30
0.0
 10
12.7822
 20
4.18641
 30
0.0
 10
13.07006
 20
4.66231
 30
0.0
 10
13.1893
 20
5.29696
 30
0.0
 10
12.93707
 20
5.81166
 30
0.0
 10
12.93707
 20
5.81166
 30
0.0
 10
12.75186
 20
6.15915
 30
0.0
 10
12.34299
 20
6.25193
 30
0.0
 10
11.98739
 20
6.31119
 30
0.0
 10
11.98739
 20
6.31119
 30
0.0
 10
11.98033
 20
6.5719
 30
0.0
 10
12.18177
 20
6.74582
 30
0.0
 10
12.29642
 20
6.95784
 30
0.0
 10
12.29642
 20
6.95784
 30
0.0
 10
12.35181
 20
7.35894
 30
0.0
 10
12.38391
 20
7.76464
 30
0.0
 10
12.40719
 20
8.16963
 30
0.0
 10
12.40719
 20
8.16963
 30
0.0
 10
11.91225
 20
8.45185
 30
0.0
 10
11.38167
 20
8.66599
 30
0.0
 10
10.88849
 20
8.95068
 30
0.0
 10
10.88849
 20
8.95068
 30
0.0
 10
10.77172
 20
8.99583
 30
0.0
 10
10.79747
 20
9.15776
 30
0.0
 10
10.74349
 20
9.24172
 30
0.0
 10
10.74349
 20
9.24172
 30
0.0
 10
10.66341
 20
9.47455
 30
0.0
 10
10.37484
 20
9.52959
 30
0.0
 10
10.16847
 20
9.59344
 30
0.0
 10
10.16847
 20
9.59344
 30
0.0
 10
9.88554
 20
9.66929
 30
0.0
 10
9.50666
 20
9.58144
 30
0.0
 10
9.33168
 20
9.87496
 30
0.0
 10
9.33168
 20
9.87496
 30
0.0
 10
9.52606
 20
9.97303
 30
0.0
 10
9.72397
 20
10.06299
 30
0.0
 10
9.92152
 20
10.15436
 30
0.0
 10
9.92152
 20
10.15436
 30
0.0
 10
9.84673
 20
10.39954
 30
0.0
 10
9.73702
 20
10.63943
 30
0.0
 10
9.55534
 20
10.82463
 30
0.0
 10
9.55534
 20
10.82463
 30
0.0
 10
9.44069
 20
10.96786
 30
0.0
 10
9.28299
 20
11.07757
 30
0.0
 10
9.19727
 20
11.24232
 30
0.0
 10
9.19727
 20
11.24232
 30
0.0
 10
9.29252
 20
11.66812
 30
0.0
 10
9.62836
 20
12.03925
 30
0.0
 10
9.52712
 20
12.5028
 30
0.0
 10
9.52712
 20
12.5028
 30
0.0
 10
9.7663
 20
12.6178
 30
0.0
 10
10.05734
 20
12.72258
 30
0.0
 10
10.14201
 20
13.00339
 30
0.0
 10
10.14201
 20
13.00339
 30
0.0
 10
10.19351
 20
13.12862
 30
0.0
 10
10.27289
 20
13.36216
 30
0.0
 10
10.09615
 20
13.4112
 30
0.0
 10
10.09615
 20
13.4112
 30
0.0
 10
9.85837
 20
13.43731
 30
0.0
 10
9.62484
 20
13.35546
 30
0.0
 10
9.39306
 20
13.31136
 30
0.0
 10
9.39306
 20
13.31136
 30
0.0
 10
9.36413
 20
13.57066
 30
0.0
 10
9.34579
 20
13.85252
 30
0.0
 10
9.47455
 20
14.08818
 30
0.0
 10
9.47455
 20
14.08818
 30
0.0
 10
9.62201
 20
14.4078
 30
0.0
 10
9.81322
 20
14.7066
 30
0.0
 10
9.94481
 20
15.03362
 30
0.0
 10
9.94481
 20
15.03362
 30
0.0
 10
10.00795
 20
15.18461
 30
0.0
 10
9.90106
 20
15.33701
 30
0.0
 10
9.79664
 20
15.43932
 30
0.0
 10
9.79664
 20
15.43932
 30
0.0
 10
9.53135
 20
15.66051
 30
0.0
 10
9.21173
 20
15.80762
 30
0.0
 10
8.884
 20
15.90851
 30
0.0
 10
8.884
 20
15.90851
 30
0.0
 10
8.49418
 20
16.05774
 30
0.0
 10
8.06803
 20
15.99636
 30
0.0
 10
7.66727
 20
15.93286
 30
0.0
  0
SPLINE
  5
72
330
1F
100
AcDbEntity
  8
Layer 1
 62
     7
100
AcDbSpline
210
0.0
220
0.0
230
1.0
 70
    11
 71
     3
 72
    28
 73
    24
 74
     0
 42
0.000000001
 43
0.0000000001
 40
0.0
 40
0.0
 40
0.0
 40
0.0
 40
0.1428571428571428
 40
0.1428571428571428
 40
0.1428571428571428
 40
0.1428571428571428
 40
0.2857142857142857
 40
0.2857142857142857
 40
0.2857142857142857
 40
0.2857142857142857
 40
0.4285714285714285
 40
0.4285714285714285
 40
0.4285714285714285
 40
0.4285714285714285
 40
0.5714285714285714
 40
0.5714285714285714
 40
0.5714285714285714
 40
0.5714285714285714
 40
0.7142857142857143
 40
0.7142857142857143
 40
0.7142857142857143
 40
0.7142857142857143
 40
1.0
 40
1.0
 40
1.0
 40
1.0
 10
9.71338
 20
8.98525
 30
0.0
 10
9.81675
 20
9.06709
 30
0.0
 10
9.9441
 20
8.99583
 30
0.0
 10
10.05029
 20
8.9602
 30
0.0
 10
10.05029
 20
8.9602
 30
0.0
 10
10.29088
 20
8.85402
 30
0.0
 10
10.54911
 20
8.77852
 30
0.0
 10
10.76784
 20
8.62859
 30
0.0
 10
10.76784
 20
8.62859
 30
0.0
 10
10.4394
 20
8.37036
 30
0.0
 10
10.11343
 20
8.1086
 30
0.0
 10
9.77618
 20
7.86165
 30
0.0
 10
9.77618
 20
7.86165
 30
0.0
 10
9.71621
 20
7.82461
 30
0.0
 10
9.64247
 20
7.76111
 30
0.0
 10
9.57016
 20
7.80627
 30
0.0
 10
9.57016
 20
7.80627
 30
0.0
 10
9.30522
 20
7.95972
 30
0.0
 10
9.03817
 20
8.1153
 30
0.0
 10
8.80533
 20
8.31532
 30
0.0
 10
8.80533
 20
8.31532
 30
0.0
 10
9.10731
 20
8.53969
 30
0.0
 10
9.40435
 20
8.77111
 30
0.0
 10
9.71338
 20
8.98525
 30
0.0
  0
SPLINE
  5
73
330
1F
100
AcDbEntity
  8
Layer 1
 62
     7
100
AcDbSpline
210
0.0
220
0.0
230
1.0
 70
    11
 71
     3
 72
    32
 73
    28
 74
     0
 42
0.000000001
 43
0.0000000001
 40
0.0
 40
0.0
 40
0.0
 40
0.0
 40
0.125
 40
0.125
 40
0.125
 40
0.125
 40
0.25
 40
0.25
 40
0.25
 40
0.25
 40
0.375
 40
0.375
 40
0.375
 40
0.375
 40
0.5
 40
0.5
 40
0.5
 40
0.5
 40
0.625
 40
0.625
 40
0.625
 40
0.625
 40
0.75
 40
0.75
 40
0.75
 40
0.75
 40
1.0
 40
1.0
 40
1.0
 40
1.0
 10
11.30512
 20
8.06203
 30
0.0
 10
11.42259
 20
8.13894
 30
0.0
 10
11.52701
 20
8.2483
 30
0.0
 10
11.66389
 20
8.29239
 30
0.0
 10
11.66389
 20
8.29239
 30
0.0
 10
11.8685
 20
8.26488
 30
0.0
 10
12.04983
 20
8.15234
 30
0.0
 10
12.23081
 20
8.05921
 30
0.0
 10
12.23081
 20
8.05921
 30
0.0
 10
12.20329
 20
7.89658
 30
0.0
 10
12.19623
 20
7.7276
 30
0.0
 10
12.14579
 20
7.57026
 30
0.0
 10
12.14579
 20
7.57026
 30
0.0
 10
11.87767
 20
7.28733
 30
0.0
 10
11.58134
 20
7.0291
 30
0.0
 10
11.27584
 20
6.78639
 30
0.0
 10
11.27584
 20
6.78639
 30
0.0
 10
11.21481
 20
6.73523
 30
0.0
 10
11.13331
 20
6.77051
 30
0.0
 10
11.07475
 20
6.80579
 30
0.0
 10
11.07475
 20
6.80579
 30
0.0
 10
10.83381
 20
6.95995
 30
0.0
 10
10.60168
 20
7.12646
 30
0.0
 10
10.36391
 20
7.28451
 30
0.0
 10
10.36391
 20
7.28451
 30
0.0
 10
10.64719
 20
7.57872
 30
0.0
 10
10.98691
 20
7.80838
 30
0.0
 10
11.30512
 20
8.06203
 30
0.0
  0
SPLINE
  5
74
330
1F
100
AcDbEntity
  8
Layer 1
 62
     7
100
AcDbSpline
210
0.0
220
0.0
230
1.0
 70
    11
 71
     3
 72
    36
 73
    32
 74
     0
 42
0.000000001
 43
0.0000000001
 40
0.0
 40
0.0
 40
0.0
 40
0.0
 40
0.1111111111111111
 40
0.1111111111111111
 40
0.1111111111111111
 40
0.1111111111111111
 40
0.2222222222222222
 40
0.2222222222222222
 40
0.2222222222222222
 40
0.2222222222222222
 40
0.3333333333333333
 40
0.3333333333333333
 40
0.3333333333333333
 40
0.3333333333333333
 40
0.4444444444444444
 40
0.4444444444444444
 40
0.4444444444444444
 40
0.4444444444444444
 40
0.5555555555555556
 40
0.5555555555555556
 40
0.5555555555555556
 40
0.5555555555555556
 40
0.6666666666666666
 40
0.6666666666666666
 40
0.6666666666666666
 40
0.6666666666666666
 40
0.7777777777777778
 40
0.7777777777777778
 40
0.7777777777777778
 40
0.7777777777777778
 40
1.0
 40
1.0
 40
1.0
 40
1.0
 10
8.16187
 20
7.85354
 30
0.0
 10
8.2229
 20
7.90399
 30
0.0
 10
8.30298
 20
7.86518
 30
0.0
 10
8.36471
 20
7.83625
 30
0.0
 10
8.36471
 20
7.83625
 30
0.0
 10
8.62012
 20
7.69867
 30
0.0
 10
8.86954
 20
7.5498
 30
0.0
 10
9.12213
 20
7.40657
 30
0.0
 10
9.12213
 20
7.40657
 30
0.0
 10
8.87659
 20
7.13564
 30
0.0
 10
8.56897
 20
6.93314
 30
0.0
 10
8.28499
 20
6.70666
 30
0.0
 10
8.28499
 20
6.70666
 30
0.0
 10
7.35859
 20
6.0131
 30
0.0
 10
6.45971
 20
5.28214
 30
0.0
 10
5.52626
 20
4.59916
 30
0.0
 10
5.52626
 20
4.59916
 30
0.0
 10
5.30613
 20
4.52967
 30
0.0
 10
5.11069
 20
4.74663
 30
0.0
 10
4.92301
 20
4.82741
 30
0.0
 10
4.92301
 20
4.82741
 30
0.0
 10
4.98581
 20
5.03343
 30
0.0
 10
5.14632
 20
5.18724
 30
0.0
 10
5.2264
 20
5.38339
 30
0.0
 10
5.2264
 20
5.38339
 30
0.0
 10
5.19571
 20
5.47546
 30
0.0
 10
5.13009
 20
5.55061
 30
0.0
 10
5.08106
 20
5.63316
 30
0.0
 10
5.08106
 20
5.63316
 30
0.0
 10
6.11082
 20
6.3694
 30
0.0
 10
7.12752
 20
7.12399
 30
0.0
 10
8.16187
 20
7.85354
 30
0.0
  0
SPLINE
  5
75
330
1F
100
AcDbEntity
  8
Layer 1
 62
     7
100
AcDbSpline
210
0.0
220
0.0
230
1.0
 70
    11
 71
     3
 72
    20
 73
    16
 74
     0
 42
0.000000001
 43
0.0000000001
 40
0.0
 40
0.0
 40
0.0
 40
0.0
 40
0.2
 40
0.2
 40
0.2
 40
0.2
 40
0.4
 40
0.4
 40
0.4
 40
0.4
 40
0.6
 40
0.6
 40
0.6
 40
0.6
 40
1.0
 40
1.0
 40
1.0
 40
1.0
 10
11.48327
 20
6.54226
 30
0.0
 10
11.68682
 20
6.74723
 30
0.0
 10
11.89814
 20
6.95466
 30
0.0
 10
12.1539
 20
7.09401
 30
0.0
 10
12.1539
 20
7.09401
 30
0.0
 10
12.01843
 20
6.89786
 30
0.0
 10
11.88544
 20
6.69996
 30
0.0
 10
11.77713
 20
6.48794
 30
0.0
 10
11.77713
 20
6.48794
 30
0.0
 10
11.69952
 20
6.33095
 30
0.0
 10
11.56794
 20
6.20924
 30
0.0
 10
11.40248
 20
6.15244
 30
0.0
 10
11.40248
 20
6.15244
 30
0.0
 10
11.43212
 20
6.27204
 30
0.0
 10
11.38167
 20
6.44243
 30
0.0
 10
11.48327
 20
6.54226
 30
0.0
  0
SPLINE
  5
76
330
1F
100
AcDbEntity
  8
Layer 1
 62
     7
100
AcDbSpline
210
0.0
220
0.0
230
1.0
 70
    11
 71
     3
 72
    32
 73
    28
 74
     0
 42
0.000000001
 43
0.0000000001
 40
0.0
 40
0.0
 40
0.0
 40
0.0
 40
0.125
 40
0.125
 40
0.125
 40
0.125
 40
0.25
 40
0.25
 40
0.25
 40
0.25
 40
0.375
 40
0.375
 40
0.375
 40
0.375
 40
0.5
 40
0.5
 40
0.5
 40
0.5
 40
0.625
 40
0.625
 40
0.625
 40
0.625
 40
0.75
 40
0.75
 40
0.75
 40
0.75
 40
1.0
 40
1.0
 40
1.0
 40
1.0
 10
6.55461
 20
4.45135
 30
0.0
 10
7.66621
 20
5.29343
 30
0.0
 10
8.77817
 20
6.13481
 30
0.0
 10
9.88977
 20
6.97653
 30
0.0
 10
9.88977
 20
6.97653
 30
0.0
 10
10.16882
 20
6.82554
 30
0.0
 10
10.44434
 20
6.66679
 30
0.0
 10
10.72762
 20
6.52321
 30
0.0
 10
10.72762
 20
6.52321
 30
0.0
 10
10.68211
 20
6.11505
 30
0.0
 10
10.27112
 20
5.91749
 30
0.0
 10
10.00478
 20
5.65856
 30
0.0
 10
10.00478
 20
5.65856
 30
0.0
 10
9.17787
 20
4.91561
 30
0.0
 10
8.32485
 20
4.20088
 30
0.0
 10
7.51099
 20
3.44417
 30
0.0
 10
7.51099
 20
3.44417
 30
0.0
 10
7.22665
 20
3.54683
 30
0.0
 10
6.93102
 20
3.61703
 30
0.0
 10
6.62869
 20
3.63361
 30
0.0
 10
6.62869
 20
3.63361
 30
0.0
 10
6.56308
 20
3.88938
 30
0.0
 10
6.28897
 20
3.94229
 30
0.0
 10
6.08718
 20
4.05589
 30
0.0
 10
6.08718
 20
4.05589
 30
0.0
 10
6.22335
 20
4.20934
 30
0.0
 10
6.3941
 20
4.32541
 30
0.0
 10
6.55461
 20
4.45135
 30
0.0
  0
SPLINE
  5
77
330
1F
100
AcDbEntity
  8
Layer 1
 62
     7
100
AcDbSpline
210
0.0
220
0.0
230
1.0
 70
    11
 71
     3
 72
    20
 73
    16
 74
     0
 42
0.000000001
 43
0.0000000001
 40
0.0
 40
0.0
 40
0.0
 40
0.0
 40
0.2
 40
0.2
 40
0.2
 40
0.2
 40
0.4
 40
0.4
 40
0.4
 40
0.4
 40
0.6
 40
0.6
 40
0.6
 40
0.6
 40
1.0
 40
1.0
 40
1.0
 40
1.0
 10
-1.17969
 20
5.56648
 30
0.0
 10
-1.07174
 20
5.66491
 30
0.0
 10
-0.95744
 20
5.78697
 30
0.0
 10
-0.79234
 20
5.76263
 30
0.0
 10
-0.79234
 20
5.76263
 30
0.0
 10
-0.50165
 20
5.76686
 30
0.0
 10
-0.21202
 20
5.69278
 30
0.0
 10
0.0575
 20
5.588
 30
0.0
 10
0.0575
 20
5.588
 30
0.0
 10
-0.07832
 20
5.52591
 30
0.0
 10
-0.19262
 20
5.36716
 30
0.0
 10
-0.35772
 20
5.38974
 30
0.0
 10
-0.35772
 20
5.38974
 30
0.0
 10
-0.63747
 20
5.41584
 30
0.0
 10
-0.9144
 20
5.47441
 30
0.0
 10
-1.17969
 20
5.56648
 30
0.0
  0
SPLINE
  5
78
330
1F
100
AcDbEntity
  8
Layer 1
 62
     7
100
AcDbSpline
210
0.0
220
0.0
230
1.0
 70
    11
 71
     3
 72
    28
 73
    24
 74
     0
 42
0.000000001
 43
0.0000000001
 40
0.0
 40
0.0
 40
0.0
 40
0.0
 40
0.1428571428571428
 40
0.1428571428571428
 40
0.1428571428571428
 40
0.1428571428571428
 40
0.2857142857142857
 40
0.2857142857142857
 40
0.2857142857142857
 40
0.2857142857142857
 40
0.4285714285714285
 40
0.4285714285714285
 40
0.4285714285714285
 40
0.4285714285714285
 40
0.5714285714285714
 40
0.5714285714285714
 40
0.5714285714285714
 40
0.5714285714285714
 40
0.7142857142857143
 40
0.7142857142857143
 40
0.7142857142857143
 40
0.7142857142857143
 40
1.0
 40
1.0
 40
1.0
 40
1.0
 10
10.10003
 20
5.31636
 30
0.0
 10
10.26231
 20
5.45994
 30
0.0
 10
10.41753
 20
5.61552
 30
0.0
 10
10.60909
 20
5.72064
 30
0.0
 10
10.60909
 20
5.72064
 30
0.0
 10
10.61826
 20
5.51392
 30
0.0
 10
10.64154
 20
5.30825
 30
0.0
 10
10.66447
 20
5.10258
 30
0.0
 10
10.66447
 20
5.10258
 30
0.0
 10
9.65588
 20
4.25662
 30
0.0
 10
8.64482
 20
3.41383
 30
0.0
 10
7.63834
 20
2.5654
 30
0.0
 10
7.63834
 20
2.5654
 30
0.0
 10
7.59954
 20
2.71004
 30
0.0
 10
7.57026
 20
2.85891
 30
0.0
 10
7.56708
 20
3.00849
 30
0.0
 10
7.56708
 20
3.00849
 30
0.0
 10
7.76534
 20
3.2699
 30
0.0
 10
8.03769
 20
3.4611
 30
0.0
 10
8.27687
 20
3.68265
 30
0.0
 10
8.27687
 20
3.68265
 30
0.0
 10
8.88259
 20
4.22945
 30
0.0
 10
9.49995
 20
4.76321
 30
0.0
 10
10.10003
 20
5.31636
 30
0.0
  0
SPLINE
  5
79
330
1F
100
AcDbEntity
  8
Layer 1
 62
     7
100
AcDbSpline
210
0.0
220
0.0
230
1.0
 70
    11
 71
     3
 72
    32
 73
    28
 74
     0
 42
0.000000001
 43
0.0000000001
 40
0.0
 40
0.0
 40
0.0
 40
0.0
 40
0.125
 40
0.125
 40
0.125
 40
0.125
 40
0.25
 40
0.25
 40
0.25
 40
0.25
 40
0.375
 40
0.375
 40
0.375
 40
0.375
 40
0.5
 40
0.5
 40
0.5
 40
0.5
 40
0.625
 40
0.625
 40
0.625
 40
0.625
 40
0.75
 40
0.75
 40
0.75
 40
0.75
 40
1.0
 40
1.0
 40
1.0
 40
1.0
 10
0.36654
 20
5.28073
 30
0.0
 10
0.4318
 20
5.41302
 30
0.0
 10
0.5461
 20
5.55978
 30
0.0
 10
0.71049
 20
5.54567
 30
0.0
 10
0.71049
 20
5.54567
 30
0.0
 10
0.94721
 20
5.51004
 30
0.0
 10
1.2192
 20
5.51533
 30
0.0
 10
1.42169
 20
5.37422
 30
0.0
 10
1.42169
 20
5.37422
 30
0.0
 10
1.42487
 20
3.41736
 30
0.0
 10
1.34444
 20
1.46085
 30
0.0
 10
1.35114
 20
-0.49636
 30
0.0
 10
1.35114
 20
-0.49636
 30
0.0
 10
1.30457
 20
-0.502
 30
0.0
 10
1.25801
 20
-0.50765
 30
0.0
 10
1.21214
 20
-0.51364
 30
0.0
 10
1.21214
 20
-0.51364
 30
0.0
 10
1.19874
 20
1.25589
 30
0.0
 10
1.13312
 20
3.02472
 30
0.0
 10
1.13736
 20
4.7946
 30
0.0
 10
1.13736
 20
4.7946
 30
0.0
 10
1.13277
 20
4.90502
 30
0.0
 10
1.14618
 20
5.02073
 30
0.0
 10
1.10596
 20
5.12621
 30
0.0
 10
1.10596
 20
5.12621
 30
0.0
 10
0.86466
 20
5.19959
 30
0.0
 10
0.61136
 20
5.22252
 30
0.0
 10
0.36654
 20
5.28073
 30
0.0
  0
SPLINE
  5
7A
330
1F
100
AcDbEntity
  8
Layer 1
 62
     7
100
AcDbSpline
210
0.0
220
0.0
230
1.0
 70
    11
 71
     3
 72
    28
 73
    24
 74
     0
 42
0.000000001
 43
0.0000000001
 40
0.0
 40
0.0
 40
0.0
 40
0.0
 40
0.1428571428571428
 40
0.1428571428571428
 40
0.1428571428571428
 40
0.1428571428571428
 40
0.2857142857142857
 40
0.2857142857142857
 40
0.2857142857142857
 40
0.2857142857142857
 40
0.4285714285714285
 40
0.4285714285714285
 40
0.4285714285714285
 40
0.4285714285714285
 40
0.5714285714285714
 40
0.5714285714285714
 40
0.5714285714285714
 40
0.5714285714285714
 40
0.7142857142857143
 40
0.7142857142857143
 40
0.7142857142857143
 40
0.7142857142857143
 40
1.0
 40
1.0
 40
1.0
 40
1.0
 10
-1.52188
 20
5.24192
 30
0.0
 10
-1.23225
 20
5.19536
 30
0.0
 10
-0.94086
 20
5.14703
 30
0.0
 10
-0.66181
 20
5.0546
 30
0.0
 10
-0.66181
 20
5.0546
 30
0.0
 10
-0.80398
 20
4.91878
 30
0.0
 10
-0.9592
 20
4.79743
 30
0.0
 10
-1.10808
 20
4.66937
 30
0.0
 10
-1.10808
 20
4.66937
 30
0.0
 10
-1.11407
 20
3.93382
 30
0.0
 10
-1.11054
 20
3.19828
 30
0.0
 10
-1.11054
 20
2.46274
 30
0.0
 10
-1.11054
 20
2.46274
 30
0.0
 10
-1.35925
 20
2.43381
 30
0.0
 10
-1.61114
 20
2.45322
 30
0.0
 10
-1.8609
 20
2.45039
 30
0.0
 10
-1.8609
 20
2.45039
 30
0.0
 10
-1.90041
 20
3.23815
 30
0.0
 10
-1.899
 20
4.02802
 30
0.0
 10
-1.88207
 20
4.81647
 30
0.0
 10
-1.88207
 20
4.81647
 30
0.0
 10
-1.85349
 20
5.01227
 30
0.0
 10
-1.64394
 20
5.10399
 30
0.0
 10
-1.52188
 20
5.24192
 30
0.0
  0
SPLINE
  5
7B
330
1F
100
AcDbEntity
  8
Layer 1
 62
     7
100
AcDbSpline
210
0.0
220
0.0
230
1.0
 70
    11
 71
     3
 72
    32
 73
    28
 74
     0
 42
0.000000001
 43
0.0000000001
 40
0.0
 40
0.0
 40
0.0
 40
0.0
 40
0.125
 40
0.125
 40
0.125
 40
0.125
 40
0.25
 40
0.25
 40
0.25
 40
0.25
 40
0.375
 40
0.375
 40
0.375
 40
0.375
 40
0.5
 40
0.5
 40
0.5
 40
0.5
 40
0.625
 40
0.625
 40
0.625
 40
0.625
 40
0.75
 40
0.75
 40
0.75
 40
0.75
 40
1.0
 40
1.0
 40
1.0
 40
1.0
 10
-0.07408
 20
4.92831
 30
0.0
 10
0.20849
 20
4.89832
 30
0.0
 10
0.48824
 20
4.84223
 30
0.0
 10
0.75953
 20
4.75721
 30
0.0
 10
0.75953
 20
4.75721
 30
0.0
 10
0.74507
 20
4.02766
 30
0.0
 10
0.78564
 20
3.29565
 30
0.0
 10
0.74648
 20
2.56752
 30
0.0
 10
0.74648
 20
2.56752
 30
0.0
 10
0.67592
 20
2.48532
 30
0.0
 10
0.56515
 20
2.45957
 30
0.0
 10
0.46955
 20
2.41935
 30
0.0
 10
0.46955
 20
2.41935
 30
0.0
 10
0.43568
 20
2.53718
 30
0.0
 10
0.41628
 20
2.65783
 30
0.0
 10
0.39723
 20
2.77848
 30
0.0
 10
0.39723
 20
2.77848
 30
0.0
 10
0.10689
 20
2.61655
 30
0.0
 10
-0.21273
 20
2.52659
 30
0.0
 10
-0.53375
 20
2.44969
 30
0.0
 10
-0.53375
 20
2.44969
 30
0.0
 10
-0.53199
 20
3.1182
 30
0.0
 10
-0.52317
 20
3.78707
 30
0.0
 10
-0.49636
 20
4.45488
 30
0.0
 10
-0.49636
 20
4.45488
 30
0.0
 10
-0.37994
 20
4.63268
 30
0.0
 10
-0.21837
 20
4.77379
 30
0.0
 10
-0.07408
 20
4.92831
 30
0.0
  0
SPLINE
  5
7C
330
1F
100
AcDbEntity
  8
Layer 1
 62
     7
100
AcDbSpline
210
0.0
220
0.0
230
1.0
 70
    11
 71
     3
 72
    36
 73
    32
 74
     0
 42
0.000000001
 43
0.0000000001
 40
0.0
 40
0.0
 40
0.0
 40
0.0
 40
0.1111111111111111
 40
0.1111111111111111
 40
0.1111111111111111
 40
0.1111111111111111
 40
0.2222222222222222
 40
0.2222222222222222
 40
0.2222222222222222
 40
0.2222222222222222
 40
0.3333333333333333
 40
0.3333333333333333
 40
0.3333333333333333
 40
0.3333333333333333
 40
0.4444444444444444
 40
0.4444444444444444
 40
0.4444444444444444
 40
0.4444444444444444
 40
0.5555555555555556
 40
0.5555555555555556
 40
0.5555555555555556
 40
0.5555555555555556
 40
0.6666666666666666
 40
0.6666666666666666
 40
0.6666666666666666
 40
0.6666666666666666
 40
0.7777777777777778
 40
0.7777777777777778
 40
0.7777777777777778
 40
0.7777777777777778
 40
1.0
 40
1.0
 40
1.0
 40
1.0
 10
2.47403
 20
3.80683
 30
0.0
 10
2.59962
 20
3.86115
 30
0.0
 10
2.72415
 20
3.94053
 30
0.0
 10
2.86279
 20
3.95076
 30
0.0
 10
2.86279
 20
3.95076
 30
0.0
 10
3.06493
 20
3.83364
 30
0.0
 10
3.2385
 20
3.67277
 30
0.0
 10
3.41983
 20
3.52531
 30
0.0
 10
3.41983
 20
3.52531
 30
0.0
 10
3.46886
 20
3.47557
 30
0.0
 10
3.55953
 20
3.42688
 30
0.0
 10
3.54295
 20
3.34222
 30
0.0
 10
3.54295
 20
3.34222
 30
0.0
 10
3.39372
 20
3.14184
 30
0.0
 10
3.18488
 20
2.98697
 30
0.0
 10
3.07305
 20
2.75907
 30
0.0
 10
3.07305
 20
2.75907
 30
0.0
 10
2.99579
 20
2.43628
 30
0.0
 10
2.9785
 20
2.10291
 30
0.0
 10
2.92735
 20
1.77553
 30
0.0
 10
2.92735
 20
1.77553
 30
0.0
 10
2.57881
 20
1.84326
 30
0.0
 10
2.27295
 20
2.032
 30
0.0
 10
1.95227
 20
2.17417
 30
0.0
 10
1.95227
 20
2.17417
 30
0.0
 10
2.03306
 20
2.64301
 30
0.0
 10
2.11984
 20
3.11079
 30
0.0
 10
2.2165
 20
3.57681
 30
0.0
 10
2.2165
 20
3.57681
 30
0.0
 10
2.23308
 20
3.70734
 30
0.0
 10
2.37949
 20
3.74474
 30
0.0
 10
2.47403
 20
3.80683
 30
0.0
  0
SPLINE
  5
7D
330
1F
100
AcDbEntity
  8
Layer 1
 62
     7
100
AcDbSpline
210
0.0
220
0.0
230
1.0
 70
    11
 71
     3
 72
    32
 73
    28
 74
     0
 42
0.000000001
 43
0.0000000001
 40
0.0
 40
0.0
 40
0.0
 40
0.0
 40
0.125
 40
0.125
 40
0.125
 40
0.125
 40
0.25
 40
0.25
 40
0.25
 40
0.25
 40
0.375
 40
0.375
 40
0.375
 40
0.375
 40
0.5
 40
0.5
 40
0.5
 40
0.5
 40
0.625
 40
0.625
 40
0.625
 40
0.625
 40
0.75
 40
0.75
 40
0.75
 40
0.75
 40
1.0
 40
1.0
 40
1.0
 40
1.0
 10
3.72498
 20
2.3816
 30
0.0
 10
3.76802
 20
2.63701
 30
0.0
 10
4.03648
 20
2.7626
 30
0.0
 10
4.21076
 20
2.91924
 30
0.0
 10
4.21076
 20
2.91924
 30
0.0
 10
4.62668
 20
2.64583
 30
0.0
 10
5.04261
 20
2.34703
 30
0.0
 10
5.53191
 20
2.22038
 30
0.0
 10
5.53191
 20
2.22038
 30
0.0
 10
5.71535
 20
2.18899
 30
0.0
 10
5.87375
 20
2.29694
 30
0.0
 10
6.04167
 20
2.34879
 30
0.0
 10
6.04167
 20
2.34879
 30
0.0
 10
6.07025
 20
2.31281
 30
0.0
 10
6.09882
 20
2.27647
 30
0.0
 10
6.1281
 20
2.24014
 30
0.0
 10
6.1281
 20
2.24014
 30
0.0
 10
5.63492
 20
1.80058
 30
0.0
 10
5.14103
 20
1.36137
 30
0.0
 10
4.63515
 20
0.93627
 30
0.0
 10
4.63515
 20
0.93627
 30
0.0
 10
4.29366
 20
1.09326
 30
0.0
 10
3.95605
 20
1.25836
 30
0.0
 10
3.60962
 20
1.40476
 30
0.0
 10
3.60962
 20
1.40476
 30
0.0
 10
3.62373
 20
1.73284
 30
0.0
 10
3.67594
 20
2.0574
 30
0.0
 10
3.72498
 20
2.3816
 30
0.0
  0
SPLINE
  5
7E
330
1F
100
AcDbEntity
  8
Layer 1
 62
     7
100
AcDbSpline
210
0.0
220
0.0
230
1.0
 70
    11
 71
     3
 72
    16
 73
    12
 74
     0
 42
0.000000001
 43
0.0000000001
 40
0.0
 40
0.0
 40
0.0
 40
0.0
 40
0.25
 40
0.25
 40
0.25
 40
0.25
 40
0.5
 40
0.5
 40
0.5
 40
0.5
 40
1.0
 40
1.0
 40
1.0
 40
1.0
 10
6.76487
 20
1.65559
 30
0.0
 10
6.9663
 20
1.95333
 30
0.0
 10
7.21713
 20
2.22814
 30
0.0
 10
7.5124
 20
2.43381
 30
0.0
 10
7.5124
 20
2.43381
 30
0.0
 10
7.42632
 20
2.18581
 30
0.0
 10
7.19878
 20
2.02741
 30
0.0
 10
7.0933
 20
1.78964
 30
0.0
 10
7.0933
 20
1.78964
 30
0.0
 10
7.0425
 20
1.65488
 30
0.0
 10
6.8834
 20
1.66441
 30
0.0
 10
6.76487
 20
1.65559
 30
0.0
  0
SPLINE
  5
7F
330
1F
100
AcDbEntity
  8
Layer 1
 62
     7
100
AcDbSpline
210
0.0
220
0.0
230
1.0
 70
    11
 71
     3
 72
    44
 73
    40
 74
     0
 42
0.000000001
 43
0.0000000001
 40
0.0
 40
0.0
 40
0.0
 40
0.0
 40
0.0909090909090909
 40
0.0909090909090909
 40
0.0909090909090909
 40
0.0909090909090909
 40
0.1818181818181818
 40
0.1818181818181818
 40
0.1818181818181818
 40
0.1818181818181818
 40
0.2727272727272727
 40
0.2727272727272727
 40
0.2727272727272727
 40
0.2727272727272727
 40
0.3636363636363636
 40
0.3636363636363636
 40
0.3636363636363636
 40
0.3636363636363636
 40
0.4545454545454545
 40
0.4545454545454545
 40
0.4545454545454545
 40
0.4545454545454545
 40
0.5454545454545454
 40
0.5454545454545454
 40
0.5454545454545454
 40
0.5454545454545454
 40
0.6363636363636364
 40
0.6363636363636364
 40
0.6363636363636364
 40
0.6363636363636364
 40
0.7272727272727273
 40
0.7272727272727273
 40
0.7272727272727273
 40
0.7272727272727273
 40
0.8181818181818182
 40
0.8181818181818182
 40
0.8181818181818182
 40
0.8181818181818182
 40
1.0
 40
1.0
 40
1.0
 40
1.0
 10
5.51956
 20
1.21849
 30
0.0
 10
5.83953
 20
1.49437
 30
0.0
 10
6.1341
 20
1.80552
 30
0.0
 10
6.49534
 20
2.02918
 30
0.0
 10
6.49534
 20
2.02918
 30
0.0
 10
6.56661
 20
1.86831
 30
0.0
 10
6.6361
 20
1.70533
 30
0.0
 10
6.69325
 20
1.53846
 30
0.0
 10
6.69325
 20
1.53846
 30
0.0
 10
6.55461
 20
1.39065
 30
0.0
 10
6.4075
 20
1.25095
 30
0.0
 10
6.2484
 20
1.12536
 30
0.0
 10
6.2484
 20
1.12536
 30
0.0
 10
5.64797
 20
0.64417
 30
0.0
 10
5.04719
 20
0.16404
 30
0.0
 10
4.4577
 20
-0.3302
 30
0.0
 10
4.4577
 20
-0.3302
 30
0.0
 10
4.33705
 20
-0.41839
 30
0.0
 10
4.23298
 20
-0.53693
 30
0.0
 10
4.09116
 20
-0.59161
 30
0.0
 10
4.09116
 20
-0.59161
 30
0.0
 10
3.82058
 20
-0.61101
 30
0.0
 10
3.56658
 20
-0.49001
 30
0.0
 10
3.32564
 20
-0.381
 30
0.0
 10
3.32564
 20
-0.381
 30
0.0
 10
3.38914
 20
0.03104
 30
0.0
 10
3.43994
 20
0.44521
 30
0.0
 10
3.51719
 20
0.85513
 30
0.0
 10
3.51719
 20
0.85513
 30
0.0
 10
3.53519
 20
0.86431
 30
0.0
 10
3.57187
 20
0.88265
 30
0.0
 10
3.58987
 20
0.89182
 30
0.0
 10
3.58987
 20
0.89182
 30
0.0
 10
3.93594
 20
0.73554
 30
0.0
 10
4.28766
 20
0.59196
 30
0.0
 10
4.63726
 20
0.44415
 30
0.0
 10
4.63726
 20
0.44415
 30
0.0
 10
4.94489
 20
0.68686
 30
0.0
 10
5.22323
 20
0.96308
 30
0.0
 10
5.51956
 20
1.21849
 30
0.0
  0
SPLINE
  5
80
330
1F
100
AcDbEntity
  8
Layer 1
 62
     7
100
AcDbSpline
210
0.0
220
0.0
230
1.0
 70
    11
 71
     3
 72
    20
 73
    16
 74
     0
 42
0.000000001
 43
0.0000000001
 40
0.0
 40
0.0
 40
0.0
 40
0.0
 40
0.2
 40
0.2
 40
0.2
 40
0.2
 40
0.4
 40
0.4
 40
0.4
 40
0.4
 40
0.6
 40
0.6
 40
0.6
 40
0.6
 40
1.0
 40
1.0
 40
1.0
 40
1.0
 10
1.84256
 20
1.60761
 30
0.0
 10
2.18299
 20
1.4859
 30
0.0
 10
2.52166
 20
1.35431
 30
0.0
 10
2.84304
 20
1.18745
 30
0.0
 10
2.84304
 20
1.18745
 30
0.0
 10
2.77036
 20
0.73378
 30
0.0
 10
2.72979
 20
0.27481
 30
0.0
 10
2.63419
 20
-0.17533
 30
0.0
 10
2.63419
 20
-0.17533
 30
0.0
 10
2.26307
 20
-0.06632
 30
0.0
 10
1.88489
 20
0.02928
 30
0.0
 10
1.53
 20
0.1845
 30
0.0
 10
1.53
 20
0.1845
 30
0.0
 10
1.64783
 20
0.65581
 30
0.0
 10
1.7466
 20
1.13171
 30
0.0
 10
1.84256
 20
1.60761
 30
0.0
  0
SPLINE
  5
81
330
1F
100
AcDbEntity
  8
Layer 1
 62
     7
100
AcDbSpline
210
0.0
220
0.0
230
1.0
 70
    11
 71
     3
 72
    24
 73
    20
 74
     0
 42
0.000000001
 43
0.0000000001
 40
0.0
 40
0.0
 40
0.0
 40
0.0
 40
0.1666666666666667
 40
0.1666666666666667
 40
0.1666666666666667
 40
0.1666666666666667
 40
0.3333333333333333
 40
0.3333333333333333
 40
0.3333333333333333
 40
0.3333333333333333
 40
0.5
 40
0.5
 40
0.5
 40
0.5
 40
0.6666666666666666
 40
0.6666666666666666
 40
0.6666666666666666
 40
0.6666666666666666
 40
1.0
 40
1.0
 40
1.0
 40
1.0
 10
-0.54434
 20
1.51271
 30
0.0
 10
-0.10971
 20
1.54481
 30
0.0
 10
0.32314
 20
1.46685
 30
0.0
 10
0.75741
 20
1.49013
 30
0.0
 10
0.75741
 20
1.49013
 30
0.0
 10
0.76341
 20
0.83855
 30
0.0
 10
0.74224
 20
0.18591
 30
0.0
 10
0.77788
 20
-0.46531
 30
0.0
 10
0.77788
 20
-0.46531
 30
0.0
 10
0.40111
 20
-0.47731
 30
0.0
 10
0.02222
 20
-0.46778
 30
0.0
 10
-0.35207
 20
-0.42439
 30
0.0
 10
-0.35207
 20
-0.42439
 30
0.0
 10
-0.48189
 20
-0.45896
 30
0.0
 10
-0.56903
 20
-0.35031
 30
0.0
 10
-0.56515
 20
-0.24165
 30
0.0
 10
-0.56515
 20
-0.24165
 30
0.0
 10
-0.56656
 20
0.34325
 30
0.0
 10
-0.53516
 20
0.92781
 30
0.0
 10
-0.54434
 20
1.51271
 30
0.0
  0
SPLINE
  5
82
330
1F
100
AcDbEntity
  8
Layer 1
 62
     7
100
AcDbSpline
210
0.0
220
0.0
230
1.0
 70
    11
 71
     3
 72
    20
 73
    16
 74
     0
 42
0.000000001
 43
0.0000000001
 40
0.0
 40
0.0
 40
0.0
 40
0.0
 40
0.2
 40
0.2
 40
0.2
 40
0.2
 40
0.4
 40
0.4
 40
0.4
 40
0.4
 40
0.6
 40
0.6
 40
0.6
 40
0.6
 40
1.0
 40
1.0
 40
1.0
 40
1.0
 10
-1.86161
 20
1.07668
 30
0.0
 10
-1.6129
 20
1.11125
 30
0.0
 10
-1.35784
 20
1.15535
 30
0.0
 10
-1.10772
 20
1.10949
 30
0.0
 10
-1.10772
 20
1.10949
 30
0.0
 10
-1.11054
 20
0.6223
 30
0.0
 10
-1.11054
 20
0.13511
 30
0.0
 10
-1.11407
 20
-0.35243
 30
0.0
 10
-1.11407
 20
-0.35243
 30
0.0
 10
-1.37724
 20
-0.33937
 30
0.0
 10
-1.68028
 20
-0.39793
 30
0.0
 10
-1.91064
 20
-0.25894
 30
0.0
 10
-1.91064
 20
-0.25894
 30
0.0
 10
-1.91417
 20
0.18627
 30
0.0
 10
-1.90818
 20
0.63359
 30
0.0
 10
-1.86161
 20
1.07668
 30
0.0
  0
SPLINE
  5
83
330
1F
100
AcDbEntity
  8
Layer 1
 62
   250
100
AcDbSpline
210
0.0
220
0.0
230
1.0
 70
    11
 71
     3
 72
   452
 73
   448
 74
     0
 42
0.000000001
 43
0.0000000001
 40
0.0
 40
0.0
 40
0.0
 40
0.0
 40
0.0088495575221239
 40
0.0088495575221239
 40
0.0088495575221239
 40
0.0088495575221239
 40
0.0176991150442478
 40
0.0176991150442478
 40
0.0176991150442478
 40
0.0176991150442478
 40
0.0265486725663717
 40
0.0265486725663717
 40
0.0265486725663717
 40
0.0265486725663717
 40
0.0353982300884956
 40
0.0353982300884956
 40
0.0353982300884956
 40
0.0353982300884956
 40
0.0442477876106195
 40
0.0442477876106195
 40
0.0442477876106195
 40
0.0442477876106195
 40
0.0530973451327434
 40
0.0530973451327434
 40
0.0530973451327434
 40
0.0530973451327434
 40
0.0619469026548673
 40
0.0619469026548673
 40
0.0619469026548673
 40
0.0619469026548673
 40
0.0707964601769911
 40
0.0707964601769911
 40
0.0707964601769911
 40
0.0707964601769911
 40
0.079646017699115
 40
0.079646017699115
 40
0.079646017699115
 40
0.079646017699115
 40
0.0884955752212389
 40
0.0884955752212389
 40
0.0884955752212389
 40
0.0884955752212389
 40
0.0973451327433628
 40
0.0973451327433628
 40
0.0973451327433628
 40
0.0973451327433628
 40
0.1061946902654867
 40
0.1061946902654867
 40
0.1061946902654867
 40
0.1061946902654867
 40
0.1150442477876106
 40
0.1150442477876106
 40
0.1150442477876106
 40
0.1150442477876106
 40
0.1238938053097345
 40
0.1238938053097345
 40
0.1238938053097345
 40
0.1238938053097345
 40
0.1327433628318584
 40
0.1327433628318584
 40
0.1327433628318584
 40
0.1327433628318584
 40
0.1415929203539823
 40
0.1415929203539823
 40
0.1415929203539823
 40
0.1415929203539823
 40
0.1504424778761062
 40
0.1504424778761062
 40
0.1504424778761062
 40
0.1504424778761062
 40
0.1592920353982301
 40
0.1592920353982301
 40
0.1592920353982301
 40
0.1592920353982301
 40
0.168141592920354
 40
0.168141592920354
 40
0.168141592920354
 40
0.168141592920354
 40
0.1769911504424779
 40
0.1769911504424779
 40
0.1769911504424779
 40
0.1769911504424779
 40
0.1858407079646018
 40
0.1858407079646018
 40
0.1858407079646018
 40
0.1858407079646018
 40
0.1946902654867257
 40
0.1946902654867257
 40
0.1946902654867257
 40
0.1946902654867257
 40
0.2035398230088496
 40
0.2035398230088496
 40
0.2035398230088496
 40
0.2035398230088496
 40
0.2123893805309734
 40
0.2123893805309734
 40
0.2123893805309734
 40
0.2123893805309734
 40
0.2212389380530974
 40
0.2212389380530974
 40
0.2212389380530974
 40
0.2212389380530974
 40
0.2300884955752212
 40
0.2300884955752212
 40
0.2300884955752212
 40
0.2300884955752212
 40
0.2389380530973451
 40
0.2389380530973451
 40
0.2389380530973451
 40
0.2389380530973451
 40
0.247787610619469
 40
0.247787610619469
 40
0.247787610619469
 40
0.247787610619469
 40
0.2566371681415929
 40
0.2566371681415929
 40
0.2566371681415929
 40
0.2566371681415929
 40
0.2654867256637168
 40
0.2654867256637168
 40
0.2654867256637168
 40
0.2654867256637168
 40
0.2743362831858407
 40
0.2743362831858407
 40
0.2743362831858407
 40
0.2743362831858407
 40
0.2831858407079646
 40
0.2831858407079646
 40
0.2831858407079646
 40
0.2831858407079646
 40
0.2920353982300885
 40
0.2920353982300885
 40
0.2920353982300885
 40
0.2920353982300885
 40
0.3008849557522124
 40
0.3008849557522124
 40
0.3008849557522124
 40
0.3008849557522124
 40
0.3097345132743363
 40
0.3097345132743363
 40
0.3097345132743363
 40
0.3097345132743363
 40
0.3185840707964602
 40
0.3185840707964602
 40
0.3185840707964602
 40
0.3185840707964602
 40
0.3274336283185841
 40
0.3274336283185841
 40
0.3274336283185841
 40
0.3274336283185841
 40
0.336283185840708
 40
0.336283185840708
 40
0.336283185840708
 40
0.336283185840708
 40
0.3451327433628318
 40
0.3451327433628318
 40
0.3451327433628318
 40
0.3451327433628318
 40
0.3539823008849557
 40
0.3539823008849557
 40
0.3539823008849557
 40
0.3539823008849557
 40
0.3628318584070797
 40
0.3628318584070797
 40
0.3628318584070797
 40
0.3628318584070797
 40
0.3716814159292036
 40
0.3716814159292036
 40
0.3716814159292036
 40
0.3716814159292036
 40
0.3805309734513274
 40
0.3805309734513274
 40
0.3805309734513274
 40
0.3805309734513274
 40
0.3893805309734513
 40
0.3893805309734513
 40
0.3893805309734513
 40
0.3893805309734513
 40
0.3982300884955752
 40
0.3982300884955752
 40
0.3982300884955752
 40
0.3982300884955752
 40
0.4070796460176991
 40
0.4070796460176991
 40
0.4070796460176991
 40
0.4070796460176991
 40
0.415929203539823
 40
0.415929203539823
 40
0.415929203539823
 40
0.415929203539823
 40
0.4247787610619469
 40
0.4247787610619469
 40
0.4247787610619469
 40
0.4247787610619469
 40
0.4336283185840708
 40
0.4336283185840708
 40
0.4336283185840708
 40
0.4336283185840708
 40
0.4424778761061947
 40
0.4424778761061947
 40
0.4424778761061947
 40
0.4424778761061947
 40
0.4513274336283186
 40
0.4513274336283186
 40
0.4513274336283186
 40
0.4513274336283186
 40
0.4601769911504425
 40
0.4601769911504425
 40
0.4601769911504425
 40
0.4601769911504425
 40
0.4690265486725664
 40
0.4690265486725664
 40
0.4690265486725664
 40
0.4690265486725664
 40
0.4778761061946903
 40
0.4778761061946903
 40
0.4778761061946903
 40
0.4778761061946903
 40
0.4867256637168141
 40
0.4867256637168141
 40
0.4867256637168141
 40
0.4867256637168141
 40
0.495575221238938
 40
0.495575221238938
 40
0.495575221238938
 40
0.495575221238938
 40
0.504424778761062
 40
0.504424778761062
 40
0.504424778761062
 40
0.504424778761062
 40
0.5132743362831859
 40
0.5132743362831859
 40
0.5132743362831859
 40
0.5132743362831859
 40
0.5221238938053098
 40
0.5221238938053098
 40
0.5221238938053098
 40
0.5221238938053098
 40
0.5309734513274337
 40
0.5309734513274337
 40
0.5309734513274337
 40
0.5309734513274337
 40
0.5398230088495575
 40
0.5398230088495575
 40
0.5398230088495575
 40
0.5398230088495575
 40
0.5486725663716814
 40
0.5486725663716814
 40
0.5486725663716814
 40
0.5486725663716814
 40
0.5575221238938053
 40
0.5575221238938053
 40
0.5575221238938053
 40
0.5575221238938053
 40
0.5663716814159292
 40
0.5663716814159292
 40
0.5663716814159292
 40
0.5663716814159292
 40
0.5752212389380531
 40
0.5752212389380531
 40
0.5752212389380531
 40
0.5752212389380531
 40
0.584070796460177
 40
0.584070796460177
 40
0.584070796460177
 40
0.584070796460177
 40
0.5929203539823009
 40
0.5929203539823009
 40
0.5929203539823009
 40
0.5929203539823009
 40
0.6017699115044248
 40
0.6017699115044248
 40
0.6017699115044248
 40
0.6017699115044248
 40
0.6106194690265486
 40
0.6106194690265486
 40
0.6106194690265486
 40
0.6106194690265486
 40
0.6194690265486725
 40
0.6194690265486725
 40
0.6194690265486725
 40
0.6194690265486725
 40
0.6283185840707964
 40
0.6283185840707964
 40
0.6283185840707964
 40
0.6283185840707964
 40
0.6371681415929203
 40
0.6371681415929203
 40
0.6371681415929203
 40
0.6371681415929203
 40
0.6460176991150443
 40
0.6460176991150443
 40
0.6460176991150443
 40
0.6460176991150443
 40
0.6548672566371682
 40
0.6548672566371682
 40
0.6548672566371682
 40
0.6548672566371682
 40
0.6637168141592921
 40
0.6637168141592921
 40
0.6637168141592921
 40
0.6637168141592921
 40
0.672566371681416
 40
0.672566371681416
 40
0.672566371681416
 40
0.672566371681416
 40
0.6814159292035398
 40
0.6814159292035398
 40
0.6814159292035398
 40
0.6814159292035398
 40
0.6902654867256637
 40
0.6902654867256637
 40
0.6902654867256637
 40
0.6902654867256637
 40
0.6991150442477876
 40
0.6991150442477876
 40
0.6991150442477876
 40
0.6991150442477876
 40
0.7079646017699115
 40
0.7079646017699115
 40
0.7079646017699115
 40
0.7079646017699115
 40
0.7168141592920354
 40
0.7168141592920354
 40
0.7168141592920354
 40
0.7168141592920354
 40
0.7256637168141593
 40
0.7256637168141593
 40
0.7256637168141593
 40
0.7256637168141593
 40
0.7345132743362832
 40
0.7345132743362832
 40
0.7345132743362832
 40
0.7345132743362832
 40
0.7433628318584071
 40
0.7433628318584071
 40
0.7433628318584071
 40
0.7433628318584071
 40
0.7522123893805309
 40
0.7522123893805309
 40
0.7522123893805309
 40
0.7522123893805309
 40
0.7610619469026548
 40
0.7610619469026548
 40
0.7610619469026548
 40
0.7610619469026548
 40
0.7699115044247787
 40
0.7699115044247787
 40
0.7699115044247787
 40
0.7699115044247787
 40
0.7787610619469026
 40
0.7787610619469026
 40
0.7787610619469026
 40
0.7787610619469026
 40
0.7876106194690266
 40
0.7876106194690266
 40
0.7876106194690266
 40
0.7876106194690266
 40
0.7964601769911505
 40
0.7964601769911505
 40
0.7964601769911505
 40
0.7964601769911505
 40
0.8053097345132744
 40
0.8053097345132744
 40
0.8053097345132744
 40
0.8053097345132744
 40
0.8141592920353983
 40
0.8141592920353983
 40
0.8141592920353983
 40
0.8141592920353983
 40
0.8230088495575221
 40
0.8230088495575221
 40
0.8230088495575221
 40
0.8230088495575221
 40
0.831858407079646
 40
0.831858407079646
 40
0.831858407079646
 40
0.831858407079646
 40
0.8407079646017699
 40
0.8407079646017699
 40
0.8407079646017699
 40
0.8407079646017699
 40
0.8495575221238938
 40
0.8495575221238938
 40
0.8495575221238938
 40
0.8495575221238938
 40
0.8584070796460177
 40
0.8584070796460177
 40
0.8584070796460177
 40
0.8584070796460177
 40
0.8672566371681416
 40
0.8672566371681416
 40
0.8672566371681416
 40
0.8672566371681416
 40
0.8761061946902655
 40
0.8761061946902655
 40
0.8761061946902655
 40
0.8761061946902655
 40
0.8849557522123894
 40
0.8849557522123894
 40
0.8849557522123894
 40
0.8849557522123894
 40
0.8938053097345132
 40
0.8938053097345132
 40
0.8938053097345132
 40
0.8938053097345132
 40
0.9026548672566371
 40
0.9026548672566371
 40
0.9026548672566371
 40
0.9026548672566371
 40
0.911504424778761
 40
0.911504424778761
 40
0.911504424778761
 40
0.911504424778761
 40
0.9203539823008849
 40
0.9203539823008849
 40
0.9203539823008849
 40
0.9203539823008849
 40
0.9292035398230089
 40
0.9292035398230089
 40
0.9292035398230089
 40
0.9292035398230089
 40
0.9380530973451328
 40
0.9380530973451328
 40
0.9380530973451328
 40
0.9380530973451328
 40
0.9469026548672567
 40
0.9469026548672567
 40
0.9469026548672567
 40
0.9469026548672567
 40
0.9557522123893806
 40
0.9557522123893806
 40
0.9557522123893806
 40
0.9557522123893806
 40
0.9646017699115044
 40
0.9646017699115044
 40
0.9646017699115044
 40
0.9646017699115044
 40
0.9734513274336283
 40
0.9734513274336283
 40
0.9734513274336283
 40
0.9734513274336283
 40
0.9823008849557522
 40
0.9823008849557522
 40
0.9823008849557522
 40
0.9823008849557522
 40
1.0
 40
1.0
 40
1.0
 40
1.0
 10
7.66727
 20
15.93286
 30
0.0
 10
8.06803
 20
15.99636
 30
0.0
 10
8.49418
 20
16.05774
 30
0.0
 10
8.884
 20
15.90851
 30
0.0
 10
8.884
 20
15.90851
 30
0.0
 10
9.21173
 20
15.80762
 30
0.0
 10
9.53135
 20
15.66051
 30
0.0
 10
9.79664
 20
15.43932
 30
0.0
 10
9.79664
 20
15.43932
 30
0.0
 10
9.90106
 20
15.33701
 30
0.0
 10
10.00795
 20
15.18461
 30
0.0
 10
9.94481
 20
15.03362
 30
0.0
 10
9.94481
 20
15.03362
 30
0.0
 10
9.81322
 20
14.7066
 30
0.0
 10
9.62201
 20
14.4078
 30
0.0
 10
9.47455
 20
14.08818
 30
0.0
 10
9.47455
 20
14.08818
 30
0.0
 10
9.34579
 20
13.85252
 30
0.0
 10
9.36413
 20
13.57066
 30
0.0
 10
9.39306
 20
13.31136
 30
0.0
 10
9.39306
 20
13.31136
 30
0.0
 10
9.62484
 20
13.35546
 30
0.0
 10
9.85837
 20
13.43731
 30
0.0
 10
10.09615
 20
13.4112
 30
0.0
 10
10.09615
 20
13.4112
 30
0.0
 10
10.27289
 20
13.36216
 30
0.0
 10
10.19351
 20
13.12862
 30
0.0
 10
10.14201
 20
13.00339
 30
0.0
 10
10.14201
 20
13.00339
 30
0.0
 10
10.05734
 20
12.72258
 30
0.0
 10
9.7663
 20
12.6178
 30
0.0
 10
9.52712
 20
12.5028
 30
0.0
 10
9.52712
 20
12.5028
 30
0.0
 10
9.62836
 20
12.03925
 30
0.0
 10
9.29252
 20
11.66812
 30
0.0
 10
9.19727
 20
11.24232
 30
0.0
 10
9.19727
 20
11.24232
 30
0.0
 10
9.28299
 20
11.07757
 30
0.0
 10
9.44069
 20
10.96786
 30
0.0
 10
9.55534
 20
10.82463
 30
0.0
 10
9.55534
 20
10.82463
 30
0.0
 10
9.73702
 20
10.63943
 30
0.0
 10
9.84673
 20
10.39954
 30
0.0
 10
9.92152
 20
10.15436
 30
0.0
 10
9.92152
 20
10.15436
 30
0.0
 10
9.72397
 20
10.06299
 30
0.0
 10
9.52606
 20
9.97303
 30
0.0
 10
9.33168
 20
9.87496
 30
0.0
 10
9.33168
 20
9.87496
 30
0.0
 10
9.50666
 20
9.58144
 30
0.0
 10
9.88554
 20
9.66929
 30
0.0
 10
10.16847
 20
9.59344
 30
0.0
 10
10.16847
 20
9.59344
 30
0.0
 10
10.37484
 20
9.52959
 30
0.0
 10
10.66341
 20
9.47455
 30
0.0
 10
10.74349
 20
9.24172
 30
0.0
 10
10.74349
 20
9.24172
 30
0.0
 10
10.79747
 20
9.15776
 30
0.0
 10
10.77172
 20
8.99583
 30
0.0
 10
10.88849
 20
8.95068
 30
0.0
 10
10.88849
 20
8.95068
 30
0.0
 10
11.38167
 20
8.66599
 30
0.0
 10
11.91225
 20
8.45185
 30
0.0
 10
12.40719
 20
8.16963
 30
0.0
 10
12.40719
 20
8.16963
 30
0.0
 10
12.38391
 20
7.76464
 30
0.0
 10
12.35181
 20
7.35894
 30
0.0
 10
12.29642
 20
6.95784
 30
0.0
 10
12.29642
 20
6.95784
 30
0.0
 10
12.18177
 20
6.74582
 30
0.0
 10
11.98033
 20
6.5719
 30
0.0
 10
11.98739
 20
6.31119
 30
0.0
 10
11.98739
 20
6.31119
 30
0.0
 10
12.34299
 20
6.25193
 30
0.0
 10
12.75186
 20
6.15915
 30
0.0
 10
12.93707
 20
5.81166
 30
0.0
 10
12.93707
 20
5.81166
 30
0.0
 10
13.1893
 20
5.29696
 30
0.0
 10
13.07006
 20
4.66231
 30
0.0
 10
12.7822
 20
4.18641
 30
0.0
 10
12.7822
 20
4.18641
 30
0.0
 10
12.68342
 20
4.02026
 30
0.0
 10
12.49609
 20
3.94123
 30
0.0
 10
12.32888
 20
3.86186
 30
0.0
 10
12.32888
 20
3.86186
 30
0.0
 10
12.04101
 20
3.75461
 30
0.0
 10
11.72139
 20
3.62656
 30
0.0
 10
11.41271
 20
3.72428
 30
0.0
 10
11.41271
 20
3.72428
 30
0.0
 10
11.00772
 20
3.80153
 30
0.0
 10
10.67012
 20
4.04848
 30
0.0
 10
10.31064
 20
4.23263
 30
0.0
 10
10.31064
 20
4.23263
 30
0.0
 10
10.60944
 20
3.38349
 30
0.0
 10
10.95834
 20
2.5527
 30
0.0
 10
11.26631
 20
1.70674
 30
0.0
 10
11.26631
 20
1.70674
 30
0.0
 10
11.63461
 20
0.69532
 30
0.0
 10
12.04489
 20
-0.30586
 30
0.0
 10
12.3003
 20
-1.35431
 30
0.0
 10
12.3003
 20
-1.35431
 30
0.0
 10
12.53314
 20
-2.39677
 30
0.0
 10
12.7127
 20
-3.45052
 30
0.0
 10
12.90179
 20
-4.50144
 30
0.0
 10
12.90179
 20
-4.50144
 30
0.0
 10
12.60863
 20
-4.65984
 30
0.0
 10
12.28901
 20
-4.7692
 30
0.0
 10
12.01349
 20
-4.95864
 30
0.0
 10
12.01349
 20
-4.95864
 30
0.0
 10
11.76196
 20
-5.12516
 30
0.0
 10
11.78913
 20
-5.48111
 30
0.0
 10
11.563
 20
-5.67126
 30
0.0
 10
11.563
 20
-5.67126
 30
0.0
 10
11.23844
 20
-5.97782
 30
0.0
 10
10.74208
 20
-5.90303
 30
0.0
 10
10.36179
 20
-6.09459
 30
0.0
 10
10.36179
 20
-6.09459
 30
0.0
 10
10.29547
 20
-6.21947
 30
0.0
 10
10.30887
 20
-6.37293
 30
0.0
 10
10.28206
 20
-6.50804
 30
0.0
 10
10.28206
 20
-6.50804
 30
0.0
 10
10.17834
 20
-7.76711
 30
0.0
 10
10.09015
 20
-9.03005
 30
0.0
 10
9.88519
 20
-10.27818
 30
0.0
 10
9.88519
 20
-10.27818
 30
0.0
 10
9.75536
 20
-11.0363
 30
0.0
 10
9.77159
 20
-11.81065
 30
0.0
 10
9.81745
 20
-12.57582
 30
0.0
 10
9.81745
 20
-12.57582
 30
0.0
 10
9.72397
 20
-12.59381
 30
0.0
 10
9.61355
 20
-12.57759
 30
0.0
 10
9.53488
 20
-12.63967
 30
0.0
 10
9.53488
 20
-12.63967
 30
0.0
 10
9.40329
 20
-12.80795
 30
0.0
 10
9.44774
 20
-13.07641
 30
0.0
 10
9.25936
 20
-13.208
 30
0.0
 10
9.25936
 20
-13.208
 30
0.0
 10
8.97572
 20
-13.31489
 30
0.0
 10
8.65752
 20
-13.3029
 30
0.0
 10
8.37953
 20
-13.42566
 30
0.0
 10
8.37953
 20
-13.42566
 30
0.0
 10
8.0578
 20
-13.60911
 30
0.0
 10
7.91951
 20
-14.01586
 30
0.0
 10
7.57731
 20
-14.17249
 30
0.0
 10
7.57731
 20
-14.17249
 30
0.0
 10
7.14904
 20
-14.26351
 30
0.0
 10
6.73559
 20
-13.96612
 30
0.0
 10
6.30767
 20
-14.03421
 30
0.0
 10
6.30767
 20
-14.03421
 30
0.0
 10
6.01133
 20
-14.26916
 30
0.0
 10
6.15738
 20
-14.76304
 30
0.0
 10
5.8487
 20
-14.986
 30
0.0
 10
5.8487
 20
-14.986
 30
0.0
 10
5.43384
 20
-15.15145
 30
0.0
 10
4.97276
 20
-15.03433
 30
0.0
 10
4.54166
 20
-15.09854
 30
0.0
 10
4.54166
 20
-15.09854
 30
0.0
 10
3.92571
 20
-15.27916
 30
0.0
 10
3.41559
 20
-15.70849
 30
0.0
 10
2.794
 20
-15.87571
 30
0.0
 10
2.794
 20
-15.87571
 30
0.0
 10
2.62537
 20
-15.89546
 30
0.0
 10
2.44898
 20
-15.90604
 30
0.0
 10
2.28741
 20
-15.84678
 30
0.0
 10
2.28741
 20
-15.84678
 30
0.0
 10
1.85314
 20
-15.6905
 30
0.0
 10
1.45909
 20
-15.4245
 30
0.0
 10
1.00013
 20
-15.33878
 30
0.0
 10
1.00013
 20
-15.33878
 30
0.0
 10
0.55668
 20
-15.28445
 30
0.0
 10
0.16228
 20
-15.51764
 30
0.0
 10
-0.22966
 20
-15.68132
 30
0.0
 10
-0.22966
 20
-15.68132
 30
0.0
 10
-0.70097
 20
-15.88876
 30
0.0
 10
-1.17263
 20
-16.16322
 30
0.0
 10
-1.70603
 20
-16.13253
 30
0.0
 10
-1.70603
 20
-16.13253
 30
0.0
 10
-2.534
 20
-15.98789
 30
0.0
 10
-3.26249
 20
-15.53139
 30
0.0
 10
-4.07247
 20
-15.32643
 30
0.0
 10
-4.07247
 20
-15.32643
 30
0.0
 10
-4.81365
 20
-15.17262
 30
0.0
 10
-5.52097
 20
-15.54339
 30
0.0
 10
-6.25828
 20
-15.52998
 30
0.0
 10
-6.25828
 20
-15.52998
 30
0.0
 10
-6.858
 20
-15.43509
 30
0.0
 10
-7.30673
 20
-14.97048
 30
0.0
 10
-7.87365
 20
-14.79021
 30
0.0
 10
-7.87365
 20
-14.79021
 30
0.0
 10
-8.25077
 20
-14.66321
 30
0.0
 10
-8.53581
 20
-14.95707
 30
0.0
 10
-8.8392
 20
-15.11406
 30
0.0
 10
-8.8392
 20
-15.11406
 30
0.0
 10
-8.98666
 20
-15.18179
 30
0.0
 10
-9.19374
 20
-15.24388
 30
0.0
 10
-9.31792
 20
-15.10312
 30
0.0
 10
-9.31792
 20
-15.10312
 30
0.0
 10
-9.62237
 20
-14.83148
 30
0.0
 10
-9.87108
 20
-14.50481
 30
0.0
 10
-10.16706
 20
-14.22435
 30
0.0
 10
-10.16706
 20
-14.22435
 30
0.0
 10
-10.45457
 20
-13.94601
 30
0.0
 10
-10.71174
 20
-13.60099
 30
0.0
 10
-11.10192
 20
-13.46553
 30
0.0
 10
-11.10192
 20
-13.46553
 30
0.0
 10
-11.59863
 20
-13.40697
 30
0.0
 10
-12.02619
 20
-13.75304
 30
0.0
 10
-12.52008
 20
-13.716
 30
0.0
 10
-12.52008
 20
-13.716
 30
0.0
 10
-12.65343
 20
-13.70789
 30
0.0
 10
-12.77161
 20
-13.61687
 30
0.0
 10
-12.82136
 20
-13.49304
 30
0.0
 10
-12.82136
 20
-13.49304
 30
0.0
 10
-13.04114
 20
-13.17731
 30
0.0
 10
-13.00692
 20
-12.7695
 30
0.0
 10
-12.98681
 20
-12.40614
 30
0.0
 10
-12.98681
 20
-12.40614
 30
0.0
 10
-12.85452
 20
-11.41836
 30
0.0
 10
-12.48022
 20
-10.48491
 30
0.0
 10
-12.08193
 20
-9.57792
 30
0.0
 10
-12.08193
 20
-9.57792
 30
0.0
 10
-11.46457
 20
-8.22078
 30
0.0
 10
-10.73503
 20
-6.91691
 30
0.0
 10
-9.93493
 20
-5.65961
 30
0.0
 10
-9.93493
 20
-5.65961
 30
0.0
 10
-9.56592
 20
-5.07577
 30
0.0
 10
-9.20926
 20
-4.47322
 30
0.0
 10
-8.71961
 20
-3.98004
 30
0.0
 10
-8.71961
 20
-3.98004
 30
0.0
 10
-8.20843
 20
-3.45687
 30
0.0
 10
-7.69338
 20
-2.93582
 30
0.0
 10
-7.1434
 20
-2.45322
 30
0.0
 10
-7.1434
 20
-2.45322
 30
0.0
 10
-7.05944
 20
-2.37419
 30
0.0
 10
-6.95819
 20
-2.30293
 30
0.0
 10
-6.91268
 20
-2.19322
 30
0.0
 10
-6.91268
 20
-2.19322
 30
0.0
 10
-6.92503
 20
-2.02283
 30
0.0
 10
-7.02804
 20
-1.87325
 30
0.0
 10
-7.05908
 20
-1.70639
 30
0.0
 10
-7.05908
 20
-1.70639
 30
0.0
 10
-7.16598
 20
-1.44427
 30
0.0
 10
-7.05168
 20
-1.15711
 30
0.0
 10
-6.86364
 20
-0.96767
 30
0.0
 10
-6.86364
 20
-0.96767
 30
0.0
 10
-6.65057
 20
-0.76623
 30
0.0
 10
-6.35282
 20
-0.71296
 30
0.0
 10
-6.08859
 20
-0.60889
 30
0.0
 10
-6.08859
 20
-0.60889
 30
0.0
 10
-5.842
 20
-0.50483
 30
0.0
 10
-5.62998
 20
-0.77717
 30
0.0
 10
-5.38374
 20
-0.75706
 30
0.0
 10
-5.38374
 20
-0.75706
 30
0.0
 10
-4.94277
 20
-0.68827
 30
0.0
 10
-4.65138
 20
-0.3175
 30
0.0
 10
-4.32329
 20
-0.05115
 30
0.0
 10
-4.32329
 20
-0.05115
 30
0.0
 10
-3.84845
 20
0.41416
 30
0.0
 10
-3.2318
 20
0.68121
 30
0.0
 10
-2.661
 20
1.0033
 30
0.0
 10
-2.661
 20
1.0033
 30
0.0
 10
-2.66347
 20
1.02729
 30
0.0
 10
-2.66841
 20
1.07491
 30
0.0
 10
-2.67088
 20
1.09855
 30
0.0
 10
-2.67088
 20
1.09855
 30
0.0
 10
-2.96298
 20
1.22661
 30
0.0
 10
-3.26214
 20
1.36278
 30
0.0
 10
-3.49744
 20
1.58256
 30
0.0
 10
-3.49744
 20
1.58256
 30
0.0
 10
-3.64102
 20
1.71309
 30
0.0
 10
-3.71969
 20
1.90077
 30
0.0
 10
-3.73274
 20
2.09303
 30
0.0
 10
-3.73274
 20
2.09303
 30
0.0
 10
-3.79307
 20
2.66453
 30
0.0
 10
-3.77366
 20
3.27096
 30
0.0
 10
-3.51473
 20
3.79589
 30
0.0
 10
-3.51473
 20
3.79589
 30
0.0
 10
-3.30341
 20
4.3307
 30
0.0
 10
-2.91959
 20
4.84364
 30
0.0
 10
-2.98838
 20
5.44865
 30
0.0
 10
-2.98838
 20
5.44865
 30
0.0
 10
-3.03354
 20
5.80143
 30
0.0
 10
-3.11291
 20
6.15139
 30
0.0
 10
-3.1175
 20
6.50875
 30
0.0
 10
-3.1175
 20
6.50875
 30
0.0
 10
-3.10974
 20
6.65127
 30
0.0
 10
-3.07164
 20
6.81179
 30
0.0
 10
-2.93829
 20
6.88728
 30
0.0
 10
-2.93829
 20
6.88728
 30
0.0
 10
-2.61444
 20
7.07884
 30
0.0
 10
-2.23943
 20
7.15786
 30
0.0
 10
-1.90147
 20
7.31979
 30
0.0
 10
-1.90147
 20
7.31979
 30
0.0
 10
-2.32586
 20
7.42879
 30
0.0
 10
-2.71251
 20
7.67927
 30
0.0
 10
-2.98379
 20
8.02358
 30
0.0
 10
-2.98379
 20
8.02358
 30
0.0
 10
-3.18453
 20
8.2236
 30
0.0
 10
-3.17853
 20
8.52558
 30
0.0
 10
-3.18206
 20
8.79016
 30
0.0
 10
-3.18206
 20
8.79016
 30
0.0
 10
-3.19193
 20
9.14188
 30
0.0
 10
-2.98097
 20
9.45233
 30
0.0
 10
-2.72309
 20
9.67176
 30
0.0
 10
-2.72309
 20
9.67176
 30
0.0
 10
-2.54706
 20
9.83615
 30
0.0
 10
-2.29482
 20
9.85202
 30
0.0
 10
-2.07328
 20
9.9127
 30
0.0
 10
-2.07328
 20
9.9127
 30
0.0
 10
-2.06446
 20
9.92787
 30
0.0
 10
-2.04646
 20
9.95786
 30
0.0
 10
-2.03764
 20
9.97267
 30
0.0
 10
-2.03764
 20
9.97267
 30
0.0
 10
-2.20098
 20
10.36637
 30
0.0
 10
-2.36396
 20
10.78195
 30
0.0
 10
-2.29976
 20
11.21798
 30
0.0
 10
-2.29976
 20
11.21798
 30
0.0
 10
-2.24473
 20
11.54148
 30
0.0
 10
-2.19357
 20
11.96481
 30
0.0
 10
-1.85455
 20
12.12039
 30
0.0
 10
-1.85455
 20
12.12039
 30
0.0
 10
-1.56422
 20
12.29325
 30
0.0
 10
-1.21744
 20
12.24915
 30
0.0
 10
-0.89394
 20
12.24315
 30
0.0
 10
-0.89394
 20
12.24315
 30
0.0
 10
-0.71155
 20
12.70459
 30
0.0
 10
-0.63853
 20
13.23975
 30
0.0
 10
-0.25894
 20
13.59394
 30
0.0
 10
-0.25894
 20
13.59394
 30
0.0
 10
-0.06985
 20
13.75939
 30
0.0
 10
0.17216
 20
13.90191
 30
0.0
 10
0.43356
 20
13.87157
 30
0.0
 10
0.43356
 20
13.87157
 30
0.0
 10
0.65793
 20
13.79996
 30
0.0
 10
0.91969
 20
13.71882
 30
0.0
 10
1.06116
 20
13.51597
 30
0.0
 10
1.06116
 20
13.51597
 30
0.0
 10
1.13489
 20
13.28526
 30
0.0
 10
1.08232
 20
13.03302
 30
0.0
 10
1.12607
 20
12.79631
 30
0.0
 10
1.12607
 20
12.79631
 30
0.0
 10
1.32256
 20
12.69259
 30
0.0
 10
1.62243
 20
12.67989
 30
0.0
 10
1.70815
 20
12.43224
 30
0.0
 10
1.70815
 20
12.43224
 30
0.0
 10
1.8355
 20
12.1031
 30
0.0
 10
1.61149
 20
11.78525
 30
0.0
 10
1.35326
 20
11.60321
 30
0.0
 10
1.35326
 20
11.60321
 30
0.0
 10
1.59879
 20
11.40389
 30
0.0
 10
1.62419
 20
11.07687
 30
0.0
 10
1.69474
 20
10.79112
 30
0.0
 10
1.69474
 20
10.79112
 30
0.0
 10
1.83056
 20
10.6613
 30
0.0
 10
2.0126
 20
10.58863
 30
0.0
 10
2.17099
 20
10.48879
 30
0.0
 10
2.17099
 20
10.48879
 30
0.0
 10
2.04047
 20
10.26548
 30
0.0
 10
2.05987
 20
9.97232
 30
0.0
 10
1.87748
 20
9.77971
 30
0.0
 10
1.87748
 20
9.77971
 30
0.0
 10
1.95933
 20
9.61355
 30
0.0
 10
1.98332
 20
9.42622
 30
0.0
 10
2.00378
 20
9.24384
 30
0.0
 10
2.00378
 20
9.24384
 30
0.0
 10
2.04752
 20
9.12036
 30
0.0
 10
1.99778
 20
8.94327
 30
0.0
 10
1.86302
 20
8.9027
 30
0.0
 10
1.86302
 20
8.9027
 30
0.0
 10
1.55222
 20
8.82615
 30
0.0
 10
1.21991
 20
8.83991
 30
0.0
 10
0.92534
 20
8.70444
 30
0.0
 10
0.92534
 20
8.70444
 30
0.0
 10
0.78458
 20
8.59755
 30
0.0
 10
0.83926
 20
8.38835
 30
0.0
 10
0.82868
 20
8.23807
 30
0.0
 10
0.82868
 20
8.23807
 30
0.0
 10
0.81104
 20
8.01582
 30
0.0
 10
0.94015
 20
7.80239
 30
0.0
 10
1.12642
 20
7.6902
 30
0.0
 10
1.12642
 20
7.6902
 30
0.0
 10
1.28023
 20
7.63834
 30
0.0
 10
1.44533
 20
7.70079
 30
0.0
 10
1.60302
 20
7.68456
 30
0.0
 10
1.60302
 20
7.68456
 30
0.0
 10
1.90676
 20
7.65598
 30
0.0
 10
2.19851
 20
7.52792
 30
0.0
 10
2.43805
 20
7.3406
 30
0.0
 10
2.43805
 20
7.3406
 30
0.0
 10
2.75449
 20
6.95784
 30
0.0
 10
2.93476
 20
6.48194
 30
0.0
 10
3.26108
 20
6.10482
 30
0.0
 10
3.26108
 20
6.10482
 30
0.0
 10
3.56059
 20
6.77898
 30
0.0
 10
3.79201
 20
7.48594
 30
0.0
 10
3.9684
 20
8.20208
 30
0.0
 10
3.9684
 20
8.20208
 30
0.0
 10
4.07211
 20
8.5852
 30
0.0
 10
4.0767
 20
9.02476
 30
0.0
 10
4.34904
 20
9.33909
 30
0.0
 10
4.34904
 20
9.33909
 30
0.0
 10
4.64961
 20
9.5691
 30
0.0
 10
5.03379
 20
9.62166
 30
0.0
 10
5.38021
 20
9.7536
 30
0.0
 10
5.38021
 20
9.7536
 30
0.0
 10
5.77356
 20
9.90812
 30
0.0
 10
6.15985
 20
10.08027
 30
0.0
 10
6.54826
 20
10.24714
 30
0.0
 10
6.54826
 20
10.24714
 30
0.0
 10
6.57825
 20
10.5216
 30
0.0
 10
6.56625
 20
10.80453
 30
0.0
 10
6.63963
 20
11.07228
 30
0.0
 10
6.63963
 20
11.07228
 30
0.0
 10
6.72747
 20
11.29559
 30
0.0
 10
7.02769
 20
11.20987
 30
0.0
 10
7.21184
 20
11.26031
 30
0.0
 10
7.21184
 20
11.26031
 30
0.0
 10
7.15998
 20
11.7094
 30
0.0
 10
7.05556
 20
12.15284
 30
0.0
 10
7.03827
 20
12.60581
 30
0.0
 10
7.03827
 20
12.60581
 30
0.0
 10
6.74158
 20
12.74939
 30
0.0
 10
6.40045
 20
12.88309
 30
0.0
 10
6.24628
 20
13.19918
 30
0.0
 10
6.24628
 20
13.19918
 30
0.0
 10
6.1849
 20
13.29443
 30
0.0
 10
6.2163
 20
13.40979
 30
0.0
 10
6.23111
 20
13.51386
 30
0.0
 10
6.23111
 20
13.51386
 30
0.0
 10
6.53168
 20
13.49022
 30
0.0
 10
6.82131
 20
13.4052
 30
0.0
 10
7.11482
 20
13.34206
 30
0.0
 10
7.11482
 20
13.34206
 30
0.0
 10
7.06684
 20
13.92661
 30
0.0
 10
7.0993
 20
14.55773
 30
0.0
 10
6.78709
 20
15.07949
 30
0.0
 10
6.78709
 20
15.07949
 30
0.0
 10
6.72465
 20
15.20155
 30
0.0
 10
6.63293
 20
15.36841
 30
0.0
 10
6.73135
 20
15.49329
 30
0.0
 10
6.73135
 20
15.49329
 30
0.0
 10
6.97547
 20
15.75611
 30
0.0
 10
7.33213
 20
15.85031
 30
0.0
 10
7.66727
 20
15.93286
 30
0.0
 10
7.66727
 20
15.93286
 30
0.0
 10
7.66727
 20
15.93286
 30
0.0
 10
7.66727
 20
15.93286
 30
0.0
 10
7.66727
 20
15.93286
 30
0.0
  0
SPLINE
  5
84
330
1F
100
AcDbEntity
  8
Layer 1
 62
   250
100
AcDbSpline
210
0.0
220
0.0
230
1.0
 70
    11
 71
     3
 72
    32
 73
    28
 74
     0
 42
0.000000001
 43
0.0000000001
 40
0.0
 40
0.0
 40
0.0
 40
0.0
 40
0.125
 40
0.125
 40
0.125
 40
0.125
 40
0.25
 40
0.25
 40
0.25
 40
0.25
 40
0.375
 40
0.375
 40
0.375
 40
0.375
 40
0.5
 40
0.5
 40
0.5
 40
0.5
 40
0.625
 40
0.625
 40
0.625
 40
0.625
 40
0.75
 40
0.75
 40
0.75
 40
0.75
 40
1.0
 40
1.0
 40
1.0
 40
1.0
 10
9.71338
 20
8.98525
 30
0.0
 10
9.40435
 20
8.77111
 30
0.0
 10
9.10731
 20
8.53969
 30
0.0
 10
8.80533
 20
8.31532
 30
0.0
 10
8.80533
 20
8.31532
 30
0.0
 10
9.03817
 20
8.1153
 30
0.0
 10
9.30522
 20
7.95972
 30
0.0
 10
9.57016
 20
7.80627
 30
0.0
 10
9.57016
 20
7.80627
 30
0.0
 10
9.64247
 20
7.76111
 30
0.0
 10
9.71621
 20
7.82461
 30
0.0
 10
9.77618
 20
7.86165
 30
0.0
 10
9.77618
 20
7.86165
 30
0.0
 10
10.11343
 20
8.1086
 30
0.0
 10
10.4394
 20
8.37036
 30
0.0
 10
10.76784
 20
8.62859
 30
0.0
 10
10.76784
 20
8.62859
 30
0.0
 10
10.54911
 20
8.77852
 30
0.0
 10
10.29088
 20
8.85402
 30
0.0
 10
10.05029
 20
8.9602
 30
0.0
 10
10.05029
 20
8.9602
 30
0.0
 10
9.9441
 20
8.99583
 30
0.0
 10
9.81675
 20
9.06709
 30
0.0
 10
9.71338
 20
8.98525
 30
0.0
 10
9.71338
 20
8.98525
 30
0.0
 10
9.71338
 20
8.98525
 30
0.0
 10
9.71338
 20
8.98525
 30
0.0
 10
9.71338
 20
8.98525
 30
0.0
  0
SPLINE
  5
85
330
1F
100
AcDbEntity
  8
Layer 1
 62
   250
100
AcDbSpline
210
0.0
220
0.0
230
1.0
 70
    11
 71
     3
 72
    36
 73
    32
 74
     0
 42
0.000000001
 43
0.0000000001
 40
0.0
 40
0.0
 40
0.0
 40
0.0
 40
0.1111111111111111
 40
0.1111111111111111
 40
0.1111111111111111
 40
0.1111111111111111
 40
0.2222222222222222
 40
0.2222222222222222
 40
0.2222222222222222
 40
0.2222222222222222
 40
0.3333333333333333
 40
0.3333333333333333
 40
0.3333333333333333
 40
0.3333333333333333
 40
0.4444444444444444
 40
0.4444444444444444
 40
0.4444444444444444
 40
0.4444444444444444
 40
0.5555555555555556
 40
0.5555555555555556
 40
0.5555555555555556
 40
0.5555555555555556
 40
0.6666666666666666
 40
0.6666666666666666
 40
0.6666666666666666
 40
0.6666666666666666
 40
0.7777777777777778
 40
0.7777777777777778
 40
0.7777777777777778
 40
0.7777777777777778
 40
1.0
 40
1.0
 40
1.0
 40
1.0
 10
11.30512
 20
8.06203
 30
0.0
 10
10.98691
 20
7.80838
 30
0.0
 10
10.64719
 20
7.57872
 30
0.0
 10
10.36391
 20
7.28451
 30
0.0
 10
10.36391
 20
7.28451
 30
0.0
 10
10.60168
 20
7.12646
 30
0.0
 10
10.83381
 20
6.95995
 30
0.0
 10
11.07475
 20
6.80579
 30
0.0
 10
11.07475
 20
6.80579
 30
0.0
 10
11.13331
 20
6.77051
 30
0.0
 10
11.21481
 20
6.73523
 30
0.0
 10
11.27584
 20
6.78639
 30
0.0
 10
11.27584
 20
6.78639
 30
0.0
 10
11.58134
 20
7.0291
 30
0.0
 10
11.87767
 20
7.28733
 30
0.0
 10
12.14579
 20
7.57026
 30
0.0
 10
12.14579
 20
7.57026
 30
0.0
 10
12.19623
 20
7.7276
 30
0.0
 10
12.20329
 20
7.89658
 30
0.0
 10
12.23081
 20
8.05921
 30
0.0
 10
12.23081
 20
8.05921
 30
0.0
 10
12.04983
 20
8.15234
 30
0.0
 10
11.8685
 20
8.26488
 30
0.0
 10
11.66389
 20
8.29239
 30
0.0
 10
11.66389
 20
8.29239
 30
0.0
 10
11.52701
 20
8.2483
 30
0.0
 10
11.42259
 20
8.13894
 30
0.0
 10
11.30512
 20
8.06203
 30
0.0
 10
11.30512
 20
8.06203
 30
0.0
 10
11.30512
 20
8.06203
 30
0.0
 10
11.30512
 20
8.06203
 30
0.0
 10
11.30512
 20
8.06203
 30
0.0
  0
SPLINE
  5
86
330
1F
100
AcDbEntity
  8
Layer 1
 62
   250
100
AcDbSpline
210
0.0
220
0.0
230
1.0
 70
    11
 71
     3
 72
    40
 73
    36
 74
     0
 42
0.000000001
 43
0.0000000001
 40
0.0
 40
0.0
 40
0.0
 40
0.0
 40
0.1
 40
0.1
 40
0.1
 40
0.1
 40
0.2
 40
0.2
 40
0.2
 40
0.2
 40
0.3
 40
0.3
 40
0.3
 40
0.3
 40
0.4
 40
0.4
 40
0.4
 40
0.4
 40
0.5
 40
0.5
 40
0.5
 40
0.5
 40
0.6
 40
0.6
 40
0.6
 40
0.6
 40
0.7
 40
0.7
 40
0.7
 40
0.7
 40
0.8
 40
0.8
 40
0.8
 40
0.8
 40
1.0
 40
1.0
 40
1.0
 40
1.0
 10
8.16187
 20
7.85354
 30
0.0
 10
7.12752
 20
7.12399
 30
0.0
 10
6.11082
 20
6.3694
 30
0.0
 10
5.08106
 20
5.63316
 30
0.0
 10
5.08106
 20
5.63316
 30
0.0
 10
5.13009
 20
5.55061
 30
0.0
 10
5.19571
 20
5.47546
 30
0.0
 10
5.2264
 20
5.38339
 30
0.0
 10
5.2264
 20
5.38339
 30
0.0
 10
5.14632
 20
5.18724
 30
0.0
 10
4.98581
 20
5.03343
 30
0.0
 10
4.92301
 20
4.82741
 30
0.0
 10
4.92301
 20
4.82741
 30
0.0
 10
5.11069
 20
4.74663
 30
0.0
 10
5.30613
 20
4.52967
 30
0.0
 10
5.52626
 20
4.59916
 30
0.0
 10
5.52626
 20
4.59916
 30
0.0
 10
6.45971
 20
5.28214
 30
0.0
 10
7.35859
 20
6.0131
 30
0.0
 10
8.28499
 20
6.70666
 30
0.0
 10
8.28499
 20
6.70666
 30
0.0
 10
8.56897
 20
6.93314
 30
0.0
 10
8.87659
 20
7.13564
 30
0.0
 10
9.12213
 20
7.40657
 30
0.0
 10
9.12213
 20
7.40657
 30
0.0
 10
8.86954
 20
7.5498
 30
0.0
 10
8.62012
 20
7.69867
 30
0.0
 10
8.36471
 20
7.83625
 30
0.0
 10
8.36471
 20
7.83625
 30
0.0
 10
8.30298
 20
7.86518
 30
0.0
 10
8.2229
 20
7.90399
 30
0.0
 10
8.16187
 20
7.85354
 30
0.0
 10
8.16187
 20
7.85354
 30
0.0
 10
8.16187
 20
7.85354
 30
0.0
 10
8.16187
 20
7.85354
 30
0.0
 10
8.16187
 20
7.85354
 30
0.0
  0
SPLINE
  5
87
330
1F
100
AcDbEntity
  8
Layer 1
 62
   250
100
AcDbSpline
210
0.0
220
0.0
230
1.0
 70
    11
 71
     3
 72
    24
 73
    20
 74
     0
 42
0.000000001
 43
0.0000000001
 40
0.0
 40
0.0
 40
0.0
 40
0.0
 40
0.1666666666666667
 40
0.1666666666666667
 40
0.1666666666666667
 40
0.1666666666666667
 40
0.3333333333333333
 40
0.3333333333333333
 40
0.3333333333333333
 40
0.3333333333333333
 40
0.5
 40
0.5
 40
0.5
 40
0.5
 40
0.6666666666666666
 40
0.6666666666666666
 40
0.6666666666666666
 40
0.6666666666666666
 40
1.0
 40
1.0
 40
1.0
 40
1.0
 10
11.48327
 20
6.54226
 30
0.0
 10
11.38167
 20
6.44243
 30
0.0
 10
11.43212
 20
6.27204
 30
0.0
 10
11.40248
 20
6.15244
 30
0.0
 10
11.40248
 20
6.15244
 30
0.0
 10
11.56794
 20
6.20924
 30
0.0
 10
11.69952
 20
6.33095
 30
0.0
 10
11.77713
 20
6.48794
 30
0.0
 10
11.77713
 20
6.48794
 30
0.0
 10
11.88544
 20
6.69996
 30
0.0
 10
12.01843
 20
6.89786
 30
0.0
 10
12.1539
 20
7.09401
 30
0.0
 10
12.1539
 20
7.09401
 30
0.0
 10
11.89814
 20
6.95466
 30
0.0
 10
11.68682
 20
6.74723
 30
0.0
 10
11.48327
 20
6.54226
 30
0.0
 10
11.48327
 20
6.54226
 30
0.0
 10
11.48327
 20
6.54226
 30
0.0
 10
11.48327
 20
6.54226
 30
0.0
 10
11.48327
 20
6.54226
 30
0.0
  0
SPLINE
  5
88
330
1F
100
AcDbEntity
  8
Layer 1
 62
   250
100
AcDbSpline
210
0.0
220
0.0
230
1.0
 70
    11
 71
     3
 72
    36
 73
    32
 74
     0
 42
0.000000001
 43
0.0000000001
 40
0.0
 40
0.0
 40
0.0
 40
0.0
 40
0.1111111111111111
 40
0.1111111111111111
 40
0.1111111111111111
 40
0.1111111111111111
 40
0.2222222222222222
 40
0.2222222222222222
 40
0.2222222222222222
 40
0.2222222222222222
 40
0.3333333333333333
 40
0.3333333333333333
 40
0.3333333333333333
 40
0.3333333333333333
 40
0.4444444444444444
 40
0.4444444444444444
 40
0.4444444444444444
 40
0.4444444444444444
 40
0.5555555555555556
 40
0.5555555555555556
 40
0.5555555555555556
 40
0.5555555555555556
 40
0.6666666666666666
 40
0.6666666666666666
 40
0.6666666666666666
 40
0.6666666666666666
 40
0.7777777777777778
 40
0.7777777777777778
 40
0.7777777777777778
 40
0.7777777777777778
 40
1.0
 40
1.0
 40
1.0
 40
1.0
 10
6.55461
 20
4.45135
 30
0.0
 10
6.3941
 20
4.32541
 30
0.0
 10
6.22335
 20
4.20934
 30
0.0
 10
6.08718
 20
4.05589
 30
0.0
 10
6.08718
 20
4.05589
 30
0.0
 10
6.28897
 20
3.94229
 30
0.0
 10
6.56308
 20
3.88938
 30
0.0
 10
6.62869
 20
3.63361
 30
0.0
 10
6.62869
 20
3.63361
 30
0.0
 10
6.93102
 20
3.61703
 30
0.0
 10
7.22665
 20
3.54683
 30
0.0
 10
7.51099
 20
3.44417
 30
0.0
 10
7.51099
 20
3.44417
 30
0.0
 10
8.32485
 20
4.20088
 30
0.0
 10
9.17787
 20
4.91561
 30
0.0
 10
10.00478
 20
5.65856
 30
0.0
 10
10.00478
 20
5.65856
 30
0.0
 10
10.27112
 20
5.91749
 30
0.0
 10
10.68211
 20
6.11505
 30
0.0
 10
10.72762
 20
6.52321
 30
0.0
 10
10.72762
 20
6.52321
 30
0.0
 10
10.44434
 20
6.66679
 30
0.0
 10
10.16882
 20
6.82554
 30
0.0
 10
9.88977
 20
6.97653
 30
0.0
 10
9.88977
 20
6.97653
 30
0.0
 10
8.77817
 20
6.13481
 30
0.0
 10
7.66621
 20
5.29343
 30
0.0
 10
6.55461
 20
4.45135
 30
0.0
 10
6.55461
 20
4.45135
 30
0.0
 10
6.55461
 20
4.45135
 30
0.0
 10
6.55461
 20
4.45135
 30
0.0
 10
6.55461
 20
4.45135
 30
0.0
  0
SPLINE
  5
89
330
1F
100
AcDbEntity
  8
Layer 1
 62
   250
100
AcDbSpline
210
0.0
220
0.0
230
1.0
 70
    11
 71
     3
 72
    24
 73
    20
 74
     0
 42
0.000000001
 43
0.0000000001
 40
0.0
 40
0.0
 40
0.0
 40
0.0
 40
0.1666666666666667
 40
0.1666666666666667
 40
0.1666666666666667
 40
0.1666666666666667
 40
0.3333333333333333
 40
0.3333333333333333
 40
0.3333333333333333
 40
0.3333333333333333
 40
0.5
 40
0.5
 40
0.5
 40
0.5
 40
0.6666666666666666
 40
0.6666666666666666
 40
0.6666666666666666
 40
0.6666666666666666
 40
1.0
 40
1.0
 40
1.0
 40
1.0
 10
-1.17969
 20
5.56648
 30
0.0
 10
-0.9144
 20
5.47441
 30
0.0
 10
-0.63747
 20
5.41584
 30
0.0
 10
-0.35772
 20
5.38974
 30
0.0
 10
-0.35772
 20
5.38974
 30
0.0
 10
-0.19262
 20
5.36716
 30
0.0
 10
-0.07832
 20
5.52591
 30
0.0
 10
0.0575
 20
5.588
 30
0.0
 10
0.0575
 20
5.588
 30
0.0
 10
-0.21202
 20
5.69278
 30
0.0
 10
-0.50165
 20
5.76686
 30
0.0
 10
-0.79234
 20
5.76263
 30
0.0
 10
-0.79234
 20
5.76263
 30
0.0
 10
-0.95744
 20
5.78697
 30
0.0
 10
-1.07174
 20
5.66491
 30
0.0
 10
-1.17969
 20
5.56648
 30
0.0
 10
-1.17969
 20
5.56648
 30
0.0
 10
-1.17969
 20
5.56648
 30
0.0
 10
-1.17969
 20
5.56648
 30
0.0
 10
-1.17969
 20
5.56648
 30
0.0
  0
SPLINE
  5
8A
330
1F
100
AcDbEntity
  8
Layer 1
 62
   250
100
AcDbSpline
210
0.0
220
0.0
230
1.0
 70
    11
 71
     3
 72
    32
 73
    28
 74
     0
 42
0.000000001
 43
0.0000000001
 40
0.0
 40
0.0
 40
0.0
 40
0.0
 40
0.125
 40
0.125
 40
0.125
 40
0.125
 40
0.25
 40
0.25
 40
0.25
 40
0.25
 40
0.375
 40
0.375
 40
0.375
 40
0.375
 40
0.5
 40
0.5
 40
0.5
 40
0.5
 40
0.625
 40
0.625
 40
0.625
 40
0.625
 40
0.75
 40
0.75
 40
0.75
 40
0.75
 40
1.0
 40
1.0
 40
1.0
 40
1.0
 10
10.10003
 20
5.31636
 30
0.0
 10
9.49995
 20
4.76321
 30
0.0
 10
8.88259
 20
4.22945
 30
0.0
 10
8.27687
 20
3.68265
 30
0.0
 10
8.27687
 20
3.68265
 30
0.0
 10
8.03769
 20
3.4611
 30
0.0
 10
7.76534
 20
3.2699
 30
0.0
 10
7.56708
 20
3.00849
 30
0.0
 10
7.56708
 20
3.00849
 30
0.0
 10
7.57026
 20
2.85891
 30
0.0
 10
7.59954
 20
2.71004
 30
0.0
 10
7.63834
 20
2.5654
 30
0.0
 10
7.63834
 20
2.5654
 30
0.0
 10
8.64482
 20
3.41383
 30
0.0
 10
9.65588
 20
4.25662
 30
0.0
 10
10.66447
 20
5.10258
 30
0.0
 10
10.66447
 20
5.10258
 30
0.0
 10
10.64154
 20
5.30825
 30
0.0
 10
10.61826
 20
5.51392
 30
0.0
 10
10.60909
 20
5.72064
 30
0.0
 10
10.60909
 20
5.72064
 30
0.0
 10
10.41753
 20
5.61552
 30
0.0
 10
10.26231
 20
5.45994
 30
0.0
 10
10.10003
 20
5.31636
 30
0.0
 10
10.10003
 20
5.31636
 30
0.0
 10
10.10003
 20
5.31636
 30
0.0
 10
10.10003
 20
5.31636
 30
0.0
 10
10.10003
 20
5.31636
 30
0.0
  0
SPLINE
  5
8B
330
1F
100
AcDbEntity
  8
Layer 1
 62
   250
100
AcDbSpline
210
0.0
220
0.0
230
1.0
 70
    11
 71
     3
 72
    36
 73
    32
 74
     0
 42
0.000000001
 43
0.0000000001
 40
0.0
 40
0.0
 40
0.0
 40
0.0
 40
0.1111111111111111
 40
0.1111111111111111
 40
0.1111111111111111
 40
0.1111111111111111
 40
0.2222222222222222
 40
0.2222222222222222
 40
0.2222222222222222
 40
0.2222222222222222
 40
0.3333333333333333
 40
0.3333333333333333
 40
0.3333333333333333
 40
0.3333333333333333
 40
0.4444444444444444
 40
0.4444444444444444
 40
0.4444444444444444
 40
0.4444444444444444
 40
0.5555555555555556
 40
0.5555555555555556
 40
0.5555555555555556
 40
0.5555555555555556
 40
0.6666666666666666
 40
0.6666666666666666
 40
0.6666666666666666
 40
0.6666666666666666
 40
0.7777777777777778
 40
0.7777777777777778
 40
0.7777777777777778
 40
0.7777777777777778
 40
1.0
 40
1.0
 40
1.0
 40
1.0
 10
0.36654
 20
5.28073
 30
0.0
 10
0.61136
 20
5.22252
 30
0.0
 10
0.86466
 20
5.19959
 30
0.0
 10
1.10596
 20
5.12621
 30
0.0
 10
1.10596
 20
5.12621
 30
0.0
 10
1.14618
 20
5.02073
 30
0.0
 10
1.13277
 20
4.90502
 30
0.0
 10
1.13736
 20
4.7946
 30
0.0
 10
1.13736
 20
4.7946
 30
0.0
 10
1.13312
 20
3.02472
 30
0.0
 10
1.19874
 20
1.25589
 30
0.0
 10
1.21214
 20
-0.51364
 30
0.0
 10
1.21214
 20
-0.51364
 30
0.0
 10
1.25801
 20
-0.50765
 30
0.0
 10
1.30457
 20
-0.502
 30
0.0
 10
1.35114
 20
-0.49636
 30
0.0
 10
1.35114
 20
-0.49636
 30
0.0
 10
1.34444
 20
1.46085
 30
0.0
 10
1.42487
 20
3.41736
 30
0.0
 10
1.42169
 20
5.37422
 30
0.0
 10
1.42169
 20
5.37422
 30
0.0
 10
1.2192
 20
5.51533
 30
0.0
 10
0.94721
 20
5.51004
 30
0.0
 10
0.71049
 20
5.54567
 30
0.0
 10
0.71049
 20
5.54567
 30
0.0
 10
0.5461
 20
5.55978
 30
0.0
 10
0.4318
 20
5.41302
 30
0.0
 10
0.36654
 20
5.28073
 30
0.0
 10
0.36654
 20
5.28073
 30
0.0
 10
0.36654
 20
5.28073
 30
0.0
 10
0.36654
 20
5.28073
 30
0.0
 10
0.36654
 20
5.28073
 30
0.0
  0
SPLINE
  5
8C
330
1F
100
AcDbEntity
  8
Layer 1
 62
   250
100
AcDbSpline
210
0.0
220
0.0
230
1.0
 70
    11
 71
     3
 72
    32
 73
    28
 74
     0
 42
0.000000001
 43
0.0000000001
 40
0.0
 40
0.0
 40
0.0
 40
0.0
 40
0.125
 40
0.125
 40
0.125
 40
0.125
 40
0.25
 40
0.25
 40
0.25
 40
0.25
 40
0.375
 40
0.375
 40
0.375
 40
0.375
 40
0.5
 40
0.5
 40
0.5
 40
0.5
 40
0.625
 40
0.625
 40
0.625
 40
0.625
 40
0.75
 40
0.75
 40
0.75
 40
0.75
 40
1.0
 40
1.0
 40
1.0
 40
1.0
 10
-1.52188
 20
5.24192
 30
0.0
 10
-1.64394
 20
5.10399
 30
0.0
 10
-1.85349
 20
5.01227
 30
0.0
 10
-1.88207
 20
4.81647
 30
0.0
 10
-1.88207
 20
4.81647
 30
0.0
 10
-1.899
 20
4.02802
 30
0.0
 10
-1.90041
 20
3.23815
 30
0.0
 10
-1.8609
 20
2.45039
 30
0.0
 10
-1.8609
 20
2.45039
 30
0.0
 10
-1.61114
 20
2.45322
 30
0.0
 10
-1.35925
 20
2.43381
 30
0.0
 10
-1.11054
 20
2.46274
 30
0.0
 10
-1.11054
 20
2.46274
 30
0.0
 10
-1.11054
 20
3.19828
 30
0.0
 10
-1.11407
 20
3.93382
 30
0.0
 10
-1.10808
 20
4.66937
 30
0.0
 10
-1.10808
 20
4.66937
 30
0.0
 10
-0.9592
 20
4.79743
 30
0.0
 10
-0.80398
 20
4.91878
 30
0.0
 10
-0.66181
 20
5.0546
 30
0.0
 10
-0.66181
 20
5.0546
 30
0.0
 10
-0.94086
 20
5.14703
 30
0.0
 10
-1.23225
 20
5.19536
 30
0.0
 10
-1.52188
 20
5.24192
 30
0.0
 10
-1.52188
 20
5.24192
 30
0.0
 10
-1.52188
 20
5.24192
 30
0.0
 10
-1.52188
 20
5.24192
 30
0.0
 10
-1.52188
 20
5.24192
 30
0.0
  0
SPLINE
  5
8D
330
1F
100
AcDbEntity
  8
Layer 1
 62
   250
100
AcDbSpline
210
0.0
220
0.0
230
1.0
 70
    11
 71
     3
 72
    36
 73
    32
 74
     0
 42
0.000000001
 43
0.0000000001
 40
0.0
 40
0.0
 40
0.0
 40
0.0
 40
0.1111111111111111
 40
0.1111111111111111
 40
0.1111111111111111
 40
0.1111111111111111
 40
0.2222222222222222
 40
0.2222222222222222
 40
0.2222222222222222
 40
0.2222222222222222
 40
0.3333333333333333
 40
0.3333333333333333
 40
0.3333333333333333
 40
0.3333333333333333
 40
0.4444444444444444
 40
0.4444444444444444
 40
0.4444444444444444
 40
0.4444444444444444
 40
0.5555555555555556
 40
0.5555555555555556
 40
0.5555555555555556
 40
0.5555555555555556
 40
0.6666666666666666
 40
0.6666666666666666
 40
0.6666666666666666
 40
0.6666666666666666
 40
0.7777777777777778
 40
0.7777777777777778
 40
0.7777777777777778
 40
0.7777777777777778
 40
1.0
 40
1.0
 40
1.0
 40
1.0
 10
-0.07408
 20
4.92831
 30
0.0
 10
-0.21837
 20
4.77379
 30
0.0
 10
-0.37994
 20
4.63268
 30
0.0
 10
-0.49636
 20
4.45488
 30
0.0
 10
-0.49636
 20
4.45488
 30
0.0
 10
-0.52317
 20
3.78707
 30
0.0
 10
-0.53199
 20
3.1182
 30
0.0
 10
-0.53375
 20
2.44969
 30
0.0
 10
-0.53375
 20
2.44969
 30
0.0
 10
-0.21273
 20
2.52659
 30
0.0
 10
0.10689
 20
2.61655
 30
0.0
 10
0.39723
 20
2.77848
 30
0.0
 10
0.39723
 20
2.77848
 30
0.0
 10
0.41628
 20
2.65783
 30
0.0
 10
0.43568
 20
2.53718
 30
0.0
 10
0.46955
 20
2.41935
 30
0.0
 10
0.46955
 20
2.41935
 30
0.0
 10
0.56515
 20
2.45957
 30
0.0
 10
0.67592
 20
2.48532
 30
0.0
 10
0.74648
 20
2.56752
 30
0.0
 10
0.74648
 20
2.56752
 30
0.0
 10
0.78564
 20
3.29565
 30
0.0
 10
0.74507
 20
4.02766
 30
0.0
 10
0.75953
 20
4.75721
 30
0.0
 10
0.75953
 20
4.75721
 30
0.0
 10
0.48824
 20
4.84223
 30
0.0
 10
0.20849
 20
4.89832
 30
0.0
 10
-0.07408
 20
4.92831
 30
0.0
 10
-0.07408
 20
4.92831
 30
0.0
 10
-0.07408
 20
4.92831
 30
0.0
 10
-0.07408
 20
4.92831
 30
0.0
 10
-0.07408
 20
4.92831
 30
0.0
  0
SPLINE
  5
8E
330
1F
100
AcDbEntity
  8
Layer 1
 62
   250
100
AcDbSpline
210
0.0
220
0.0
230
1.0
 70
    11
 71
     3
 72
    40
 73
    36
 74
     0
 42
0.000000001
 43
0.0000000001
 40
0.0
 40
0.0
 40
0.0
 40
0.0
 40
0.1
 40
0.1
 40
0.1
 40
0.1
 40
0.2
 40
0.2
 40
0.2
 40
0.2
 40
0.3
 40
0.3
 40
0.3
 40
0.3
 40
0.4
 40
0.4
 40
0.4
 40
0.4
 40
0.5
 40
0.5
 40
0.5
 40
0.5
 40
0.6
 40
0.6
 40
0.6
 40
0.6
 40
0.7
 40
0.7
 40
0.7
 40
0.7
 40
0.8
 40
0.8
 40
0.8
 40
0.8
 40
1.0
 40
1.0
 40
1.0
 40
1.0
 10
2.47403
 20
3.80683
 30
0.0
 10
2.37949
 20
3.74474
 30
0.0
 10
2.23308
 20
3.70734
 30
0.0
 10
2.2165
 20
3.57681
 30
0.0
 10
2.2165
 20
3.57681
 30
0.0
 10
2.11984
 20
3.11079
 30
0.0
 10
2.03306
 20
2.64301
 30
0.0
 10
1.95227
 20
2.17417
 30
0.0
 10
1.95227
 20
2.17417
 30
0.0
 10
2.27295
 20
2.032
 30
0.0
 10
2.57881
 20
1.84326
 30
0.0
 10
2.92735
 20
1.77553
 30
0.0
 10
2.92735
 20
1.77553
 30
0.0
 10
2.9785
 20
2.10291
 30
0.0
 10
2.99579
 20
2.43628
 30
0.0
 10
3.07305
 20
2.75907
 30
0.0
 10
3.07305
 20
2.75907
 30
0.0
 10
3.18488
 20
2.98697
 30
0.0
 10
3.39372
 20
3.14184
 30
0.0
 10
3.54295
 20
3.34222
 30
0.0
 10
3.54295
 20
3.34222
 30
0.0
 10
3.55953
 20
3.42688
 30
0.0
 10
3.46886
 20
3.47557
 30
0.0
 10
3.41983
 20
3.52531
 30
0.0
 10
3.41983
 20
3.52531
 30
0.0
 10
3.2385
 20
3.67277
 30
0.0
 10
3.06493
 20
3.83364
 30
0.0
 10
2.86279
 20
3.95076
 30
0.0
 10
2.86279
 20
3.95076
 30
0.0
 10
2.72415
 20
3.94053
 30
0.0
 10
2.59962
 20
3.86115
 30
0.0
 10
2.47403
 20
3.80683
 30
0.0
 10
2.47403
 20
3.80683
 30
0.0
 10
2.47403
 20
3.80683
 30
0.0
 10
2.47403
 20
3.80683
 30
0.0
 10
2.47403
 20
3.80683
 30
0.0
  0
SPLINE
  5
8F
330
1F
100
AcDbEntity
  8
Layer 1
 62
   250
100
AcDbSpline
210
0.0
220
0.0
230
1.0
 70
    11
 71
     3
 72
    36
 73
    32
 74
     0
 42
0.000000001
 43
0.0000000001
 40
0.0
 40
0.0
 40
0.0
 40
0.0
 40
0.1111111111111111
 40
0.1111111111111111
 40
0.1111111111111111
 40
0.1111111111111111
 40
0.2222222222222222
 40
0.2222222222222222
 40
0.2222222222222222
 40
0.2222222222222222
 40
0.3333333333333333
 40
0.3333333333333333
 40
0.3333333333333333
 40
0.3333333333333333
 40
0.4444444444444444
 40
0.4444444444444444
 40
0.4444444444444444
 40
0.4444444444444444
 40
0.5555555555555556
 40
0.5555555555555556
 40
0.5555555555555556
 40
0.5555555555555556
 40
0.6666666666666666
 40
0.6666666666666666
 40
0.6666666666666666
 40
0.6666666666666666
 40
0.7777777777777778
 40
0.7777777777777778
 40
0.7777777777777778
 40
0.7777777777777778
 40
1.0
 40
1.0
 40
1.0
 40
1.0
 10
3.72498
 20
2.3816
 30
0.0
 10
3.67594
 20
2.0574
 30
0.0
 10
3.62373
 20
1.73284
 30
0.0
 10
3.60962
 20
1.40476
 30
0.0
 10
3.60962
 20
1.40476
 30
0.0
 10
3.95605
 20
1.25836
 30
0.0
 10
4.29366
 20
1.09326
 30
0.0
 10
4.63515
 20
0.93627
 30
0.0
 10
4.63515
 20
0.93627
 30
0.0
 10
5.14103
 20
1.36137
 30
0.0
 10
5.63492
 20
1.80058
 30
0.0
 10
6.1281
 20
2.24014
 30
0.0
 10
6.1281
 20
2.24014
 30
0.0
 10
6.09882
 20
2.27647
 30
0.0
 10
6.07025
 20
2.31281
 30
0.0
 10
6.04167
 20
2.34879
 30
0.0
 10
6.04167
 20
2.34879
 30
0.0
 10
5.87375
 20
2.29694
 30
0.0
 10
5.71535
 20
2.18899
 30
0.0
 10
5.53191
 20
2.22038
 30
0.0
 10
5.53191
 20
2.22038
 30
0.0
 10
5.04261
 20
2.34703
 30
0.0
 10
4.62668
 20
2.64583
 30
0.0
 10
4.21076
 20
2.91924
 30
0.0
 10
4.21076
 20
2.91924
 30
0.0
 10
4.03648
 20
2.7626
 30
0.0
 10
3.76802
 20
2.63701
 30
0.0
 10
3.72498
 20
2.3816
 30
0.0
 10
3.72498
 20
2.3816
 30
0.0
 10
3.72498
 20
2.3816
 30
0.0
 10
3.72498
 20
2.3816
 30
0.0
 10
3.72498
 20
2.3816
 30
0.0
  0
SPLINE
  5
90
330
1F
100
AcDbEntity
  8
Layer 1
 62
   250
100
AcDbSpline
210
0.0
220
0.0
230
1.0
 70
    11
 71
     3
 72
    20
 73
    16
 74
     0
 42
0.000000001
 43
0.0000000001
 40
0.0
 40
0.0
 40
0.0
 40
0.0
 40
0.2
 40
0.2
 40
0.2
 40
0.2
 40
0.4
 40
0.4
 40
0.4
 40
0.4
 40
0.6
 40
0.6
 40
0.6
 40
0.6
 40
1.0
 40
1.0
 40
1.0
 40
1.0
 10
6.76487
 20
1.65559
 30
0.0
 10
6.8834
 20
1.66441
 30
0.0
 10
7.0425
 20
1.65488
 30
0.0
 10
7.0933
 20
1.78964
 30
0.0
 10
7.0933
 20
1.78964
 30
0.0
 10
7.19878
 20
2.02741
 30
0.0
 10
7.42632
 20
2.18581
 30
0.0
 10
7.5124
 20
2.43381
 30
0.0
 10
7.5124
 20
2.43381
 30
0.0
 10
7.21713
 20
2.22814
 30
0.0
 10
6.9663
 20
1.95333
 30
0.0
 10
6.76487
 20
1.65559
 30
0.0
 10
6.76487
 20
1.65559
 30
0.0
 10
6.76487
 20
1.65559
 30
0.0
 10
6.76487
 20
1.65559
 30
0.0
 10
6.76487
 20
1.65559
 30
0.0
  0
SPLINE
  5
91
330
1F
100
AcDbEntity
  8
Layer 1
 62
   250
100
AcDbSpline
210
0.0
220
0.0
230
1.0
 70
    11
 71
     3
 72
    48
 73
    44
 74
     0
 42
0.000000001
 43
0.0000000001
 40
0.0
 40
0.0
 40
0.0
 40
0.0
 40
0.0833333333333333
 40
0.0833333333333333
 40
0.0833333333333333
 40
0.0833333333333333
 40
0.1666666666666667
 40
0.1666666666666667
 40
0.1666666666666667
 40
0.1666666666666667
 40
0.25
 40
0.25
 40
0.25
 40
0.25
 40
0.3333333333333333
 40
0.3333333333333333
 40
0.3333333333333333
 40
0.3333333333333333
 40
0.4166666666666667
 40
0.4166666666666667
 40
0.4166666666666667
 40
0.4166666666666667
 40
0.5
 40
0.5
 40
0.5
 40
0.5
 40
0.5833333333333334
 40
0.5833333333333334
 40
0.5833333333333334
 40
0.5833333333333334
 40
0.6666666666666666
 40
0.6666666666666666
 40
0.6666666666666666
 40
0.6666666666666666
 40
0.75
 40
0.75
 40
0.75
 40
0.75
 40
0.8333333333333334
 40
0.8333333333333334
 40
0.8333333333333334
 40
0.8333333333333334
 40
1.0
 40
1.0
 40
1.0
 40
1.0
 10
5.51956
 20
1.21849
 30
0.0
 10
5.22323
 20
0.96308
 30
0.0
 10
4.94489
 20
0.68686
 30
0.0
 10
4.63726
 20
0.44415
 30
0.0
 10
4.63726
 20
0.44415
 30
0.0
 10
4.28766
 20
0.59196
 30
0.0
 10
3.93594
 20
0.73554
 30
0.0
 10
3.58987
 20
0.89182
 30
0.0
 10
3.58987
 20
0.89182
 30
0.0
 10
3.57187
 20
0.88265
 30
0.0
 10
3.53519
 20
0.86431
 30
0.0
 10
3.51719
 20
0.85513
 30
0.0
 10
3.51719
 20
0.85513
 30
0.0
 10
3.43994
 20
0.44521
 30
0.0
 10
3.38914
 20
0.03104
 30
0.0
 10
3.32564
 20
-0.381
 30
0.0
 10
3.32564
 20
-0.381
 30
0.0
 10
3.56658
 20
-0.49001
 30
0.0
 10
3.82058
 20
-0.61101
 30
0.0
 10
4.09116
 20
-0.59161
 30
0.0
 10
4.09116
 20
-0.59161
 30
0.0
 10
4.23298
 20
-0.53693
 30
0.0
 10
4.33705
 20
-0.41839
 30
0.0
 10
4.4577
 20
-0.3302
 30
0.0
 10
4.4577
 20
-0.3302
 30
0.0
 10
5.04719
 20
0.16404
 30
0.0
 10
5.64797
 20
0.64417
 30
0.0
 10
6.2484
 20
1.12536
 30
0.0
 10
6.2484
 20
1.12536
 30
0.0
 10
6.4075
 20
1.25095
 30
0.0
 10
6.55461
 20
1.39065
 30
0.0
 10
6.69325
 20
1.53846
 30
0.0
 10
6.69325
 20
1.53846
 30
0.0
 10
6.6361
 20
1.70533
 30
0.0
 10
6.56661
 20
1.86831
 30
0.0
 10
6.49534
 20
2.02918
 30
0.0
 10
6.49534
 20
2.02918
 30
0.0
 10
6.1341
 20
1.80552
 30
0.0
 10
5.83953
 20
1.49437
 30
0.0
 10
5.51956
 20
1.21849
 30
0.0
 10
5.51956
 20
1.21849
 30
0.0
 10
5.51956
 20
1.21849
 30
0.0
 10
5.51956
 20
1.21849
 30
0.0
 10
5.51956
 20
1.21849
 30
0.0
  0
SPLINE
  5
92
330
1F
100
AcDbEntity
  8
Layer 1
 62
   250
100
AcDbSpline
210
0.0
220
0.0
230
1.0
 70
    11
 71
     3
 72
    24
 73
    20
 74
     0
 42
0.000000001
 43
0.0000000001
 40
0.0
 40
0.0
 40
0.0
 40
0.0
 40
0.1666666666666667
 40
0.1666666666666667
 40
0.1666666666666667
 40
0.1666666666666667
 40
0.3333333333333333
 40
0.3333333333333333
 40
0.3333333333333333
 40
0.3333333333333333
 40
0.5
 40
0.5
 40
0.5
 40
0.5
 40
0.6666666666666666
 40
0.6666666666666666
 40
0.6666666666666666
 40
0.6666666666666666
 40
1.0
 40
1.0
 40
1.0
 40
1.0
 10
1.84256
 20
1.60761
 30
0.0
 10
1.7466
 20
1.13171
 30
0.0
 10
1.64783
 20
0.65581
 30
0.0
 10
1.53
 20
0.1845
 30
0.0
 10
1.53
 20
0.1845
 30
0.0
 10
1.88489
 20
0.02928
 30
0.0
 10
2.26307
 20
-0.06632
 30
0.0
 10
2.63419
 20
-0.17533
 30
0.0
 10
2.63419
 20
-0.17533
 30
0.0
 10
2.72979
 20
0.27481
 30
0.0
 10
2.77036
 20
0.73378
 30
0.0
 10
2.84304
 20
1.18745
 30
0.0
 10
2.84304
 20
1.18745
 30
0.0
 10
2.52166
 20
1.35431
 30
0.0
 10
2.18299
 20
1.4859
 30
0.0
 10
1.84256
 20
1.60761
 30
0.0
 10
1.84256
 20
1.60761
 30
0.0
 10
1.84256
 20
1.60761
 30
0.0
 10
1.84256
 20
1.60761
 30
0.0
 10
1.84256
 20
1.60761
 30
0.0
  0
SPLINE
  5
93
330
1F
100
AcDbEntity
  8
Layer 1
 62
   250
100
AcDbSpline
210
0.0
220
0.0
230
1.0
 70
    11
 71
     3
 72
    28
 73
    24
 74
     0
 42
0.000000001
 43
0.0000000001
 40
0.0
 40
0.0
 40
0.0
 40
0.0
 40
0.1428571428571428
 40
0.1428571428571428
 40
0.1428571428571428
 40
0.1428571428571428
 40
0.2857142857142857
 40
0.2857142857142857
 40
0.2857142857142857
 40
0.2857142857142857
 40
0.4285714285714285
 40
0.4285714285714285
 40
0.4285714285714285
 40
0.4285714285714285
 40
0.5714285714285714
 40
0.5714285714285714
 40
0.5714285714285714
 40
0.5714285714285714
 40
0.7142857142857143
 40
0.7142857142857143
 40
0.7142857142857143
 40
0.7142857142857143
 40
1.0
 40
1.0
 40
1.0
 40
1.0
 10
-0.54434
 20
1.51271
 30
0.0
 10
-0.53516
 20
0.92781
 30
0.0
 10
-0.56656
 20
0.34325
 30
0.0
 10
-0.56515
 20
-0.24165
 30
0.0
 10
-0.56515
 20
-0.24165
 30
0.0
 10
-0.56903
 20
-0.35031
 30
0.0
 10
-0.48189
 20
-0.45896
 30
0.0
 10
-0.35207
 20
-0.42439
 30
0.0
 10
-0.35207
 20
-0.42439
 30
0.0
 10
0.02222
 20
-0.46778
 30
0.0
 10
0.40111
 20
-0.47731
 30
0.0
 10
0.77788
 20
-0.46531
 30
0.0
 10
0.77788
 20
-0.46531
 30
0.0
 10
0.74224
 20
0.18591
 30
0.0
 10
0.76341
 20
0.83855
 30
0.0
 10
0.75741
 20
1.49013
 30
0.0
 10
0.75741
 20
1.49013
 30
0.0
 10
0.32314
 20
1.46685
 30
0.0
 10
-0.10971
 20
1.54481
 30
0.0
 10
-0.54434
 20
1.51271
 30
0.0
 10
-0.54434
 20
1.51271
 30
0.0
 10
-0.54434
 20
1.51271
 30
0.0
 10
-0.54434
 20
1.51271
 30
0.0
 10
-0.54434
 20
1.51271
 30
0.0
  0
SPLINE
  5
94
330
1F
100
AcDbEntity
  8
Layer 1
 62
   250
100
AcDbSpline
210
0.0
220
0.0
230
1.0
 70
    11
 71
     3
 72
    20
 73
    16
 74
     0
 42
0.000000001
 43
0.0000000001
 40
0.0
 40
0.0
 40
0.0
 40
0.0
 40
0.2
 40
0.2
 40
0.2
 40
0.2
 40
0.4
 40
0.4
 40
0.4
 40
0.4
 40
0.6
 40
0.6
 40
0.6
 40
0.6
 40
1.0
 40
1.0
 40
1.0
 40
1.0
 10
-1.86161
 20
1.07668
 30
0.0
 10
-1.90818
 20
0.63359
 30
0.0
 10
-1.91417
 20
0.18627
 30
0.0
 10
-1.91064
 20
-0.25894
 30
0.0
 10
-1.91064
 20
-0.25894
 30
0.0
 10
-1.68028
 20
-0.39793
 30
0.0
 10
-1.37724
 20
-0.33937
 30
0.0
 10
-1.11407
 20
-0.35243
 30
0.0
 10
-1.11407
 20
-0.35243
 30
0.0
 10
-1.11054
 20
0.13511
 30
0.0
 10
-1.11054
 20
0.6223
 30
0.0
 10
-1.10772
 20
1.10949
 30
0.0
 10
-1.10772
 20
1.10949
 30
0.0
 10
-1.35784
 20
1.15535
 30
0.0
 10
-1.6129
 20
1.11125
 30
0.0
 10
-1.86161
 20
1.07668
 30
0.0
  0
ENDSEC
  0
SECTION
  2
OBJECTS
  0
DICTIONARY
  5
C
330
0
100
AcDbDictionary
281
     1
  3
ACAD_DETAILVIEWSTYLE
350
D0
  3
ACAD_GROUP
350
D
  3
ACAD_LAYOUT
350
1A
  3
ACAD_MATERIAL
350
43
  3
ACAD_MLEADERSTYLE
350
6B
  3
ACAD_MLINESTYLE
350
17
  3
ACAD_PLOTSETTINGS
350
19
  3
ACAD_PLOTSTYLENAME
350
E
  3
ACAD_SCALELIST
350
47
  3
ACAD_SECTIONVIEWSTYLE
350
D1
  3
ACAD_TABLESTYLE
350
69
  3
ACAD_VISUALSTYLE
350
2A
  3
ACDB_RECOMPOSE_DATA
350
CD
  3
AcDbVariableDictionary
350
95
  0
SUN
  5
6D
330
29
100
AcDbSun
 90
        1
290
     0
 63
     7
421
 16777215
 40
1.0
291
     1
 91
  2455826
 92
 54000000
292
     0
 70
     2
 71
   256
280
     1
  0
DICTIONARY
  5
D0
102
{ACAD_REACTORS
330
C
102
}
330
C
100
AcDbDictionary
281
     1
  0
DICTIONARY
  5
D
102
{ACAD_REACTORS
330
C
102
}
330
C
100
AcDbDictionary
281
     1
  0
DICTIONARY
  5
1A
102
{ACAD_REACTORS
330
C
102
}
330
C
100
AcDbDictionary
281
     1
  3
Layout1
350
1E
  3
Layout2
350
26
  3
Model
350
22
  0
DICTIONARY
  5
43
102
{ACAD_REACTORS
330
C
102
}
330
C
100
AcDbDictionary
281
     1
  3
ByBlock
350
45
  3
ByLayer
350
44
  3
Global
350
46
  0
DICTIONARY
  5
6B
102
{ACAD_REACTORS
330
C
102
}
330
C
100
AcDbDictionary
281
     1
  3
Standard
350
6C
  0
DICTIONARY
  5
17
102
{ACAD_REACTORS
330
C
102
}
330
C
100
AcDbDictionary
281
     1
  3
Standard
350
18
  0
DICTIONARY
  5
19
102
{ACAD_REACTORS
330
C
102
}
330
C
100
AcDbDictionary
281
     1
  0
ACDBDICTIONARYWDFLT
  5
E
102
{ACAD_REACTORS
330
C
102
}
330
C
100
AcDbDictionary
281
     1
  3
Normal
350
F
100
AcDbDictionaryWithDefault
340
F
  0
DICTIONARY
  5
47
102
{ACAD_REACTORS
330
C
102
}
330
C
100
AcDbDictionary
281
     1
  3
A0
350
48
  3
A1
350
49
  3
A2
350
4A
  3
A3
350
4B
  3
A4
350
4C
  3
A5
350
4D
  3
A6
350
4E
  3
A7
350
4F
  3
A8
350
50
  3
A9
350
51
  3
B0
350
52
  3
B1
350
53
  3
B2
350
54
  3
B3
350
55
  3
B4
350
56
  3
B5
350
57
  3
B6
350
58
  3
B7
350
59
  3
B8
350
5A
  3
B9
350
5B
  3
C0
350
5C
  3
C1
350
5D
  3
C2
350
5E
  3
C3
350
5F
  3
C4
350
60
  3
C5
350
61
  3
C6
350
62
  3
C7
350
63
  3
C8
350
64
  3
C9
350
65
  3
D0
350
66
  3
D1
350
67
  3
D2
350
68
  0
DICTIONARY
  5
D1
102
{ACAD_REACTORS
330
C
102
}
330
C
100
AcDbDictionary
281
     1
  0
DICTIONARY
  5
69
102
{ACAD_REACTORS
330
C
102
}
330
C
100
AcDbDictionary
281
     1
  3
Standard
350
6A
  0
DICTIONARY
  5
2A
102
{ACAD_REACTORS
330
C
102
}
330
C
100
AcDbDictionary
281
     1
  3
2dWireframe
350
2F
  3
Basic
350
32
  3
Brighten
350
36
  3
ColorChange
350
3A
  3
Conceptual
350
34
  3
Dim
350
35
  3
EdgeColorOff
350
3D
  3
Facepattern
350
39
  3
Flat
350
2B
  3
FlatWithEdges
350
2C
  3
Gouraud
350
2D
  3
GouraudWithEdges
350
2E
  3
Hidden
350
31
  3
JitterOff
350
3B
  3
Linepattern
350
38
  3
OverhangOff
350
3C
  3
Realistic
350
33
  3
Shaded
350
42
  3
Shaded with edges
350
41
  3
Shades of Gray
350
3E
  3
Sketchy
350
3F
  3
Thicken
350
37
  3
Wireframe
350
30
  3
X-Ray
350
40
  0
XRECORD
  5
CD
102
{ACAD_REACTORS
330
C
102
}
330
C
100
AcDbXrecord
280
     1
 90
        1
330
6A
  0
DICTIONARY
  5
95
102
{ACAD_REACTORS
330
C
102
}
330
C
100
AcDbDictionary
281
     1
  3
CANNOSCALE
350
96
  3
CMLEADERSTYLE
350
CF
  3
CTABLESTYLE
350
CE
  3
XCLIPFRAME
350
97
  0
LAYOUT
  5
1E
102
{ACAD_REACTORS
330
1A
102
}
330
1A
100
AcDbPlotSettings
  1

  2
none_device
  4

  6

 40
0.0
 41
0.0
 42
0.0
 43
0.0
 44
0.0
 45
0.0
 46
0.0
 47
0.0
 48
0.0
 49
0.0
140
0.0
141
0.0
142
1.0
143
1.0
 70
   688
 72
     0
 73
     0
 74
     5
  7

 75
    16
 76
     0
 77
     2
 78
   300
147
1.0
148
0.0
149
0.0
100
AcDbLayout
  1
Layout1
 70
     1
 71
     1
 10
0.0
 20
0.0
 11
12.0
 21
9.0
 12
0.0
 22
0.0
 32
0.0
 14
1.000000000000000E+20
 24
1.000000000000000E+20
 34
1.000000000000000E+20
 15
-1.000000000000000E+20
 25
-1.000000000000000E+20
 35
-1.000000000000000E+20
146
0.0
 13
0.0
 23
0.0
 33
0.0
 16
1.0
 26
0.0
 36
0.0
 17
0.0
 27
1.0
 37
0.0
 76
     0
330
1B
  0
LAYOUT
  5
26
102
{ACAD_REACTORS
330
1A
102
}
330
1A
100
AcDbPlotSettings
  1

  2
none_device
  4

  6

 40
0.0
 41
0.0
 42
0.0
 43
0.0
 44
0.0
 45
0.0
 46
0.0
 47
0.0
 48
0.0
 49
0.0
140
0.0
141
0.0
142
1.0
143
1.0
 70
   688
 72
     0
 73
     0
 74
     5
  7

 75
    16
 76
     0
 77
     2
 78
   300
147
1.0
148
0.0
149
0.0
100
AcDbLayout
  1
Layout2
 70
     1
 71
     2
 10
0.0
 20
0.0
 11
0.0
 21
0.0
 12
0.0
 22
0.0
 32
0.0
 14
0.0
 24
0.0
 34
0.0
 15
0.0
 25
0.0
 35
0.0
146
0.0
 13
0.0
 23
0.0
 33
0.0
 16
1.0
 26
0.0
 36
0.0
 17
0.0
 27
1.0
 37
0.0
 76
     0
330
23
  0
LAYOUT
  5
22
102
{ACAD_REACTORS
330
1A
102
}
330
1A
100
AcDbPlotSettings
  1

  2
none_device
  4
Letter_(8.50_x_11.00_Inches)
  6

 40
6.35
 41
6.35
 42
6.35000508
 43
6.35000508
 44
215.9
 45
279.4
 46
0.0
 47
0.0
 48
0.0
 49
0.0
140
0.0
141
0.0
142
1.0
143
1.0
 70
  1712
 72
     0
 73
     0
 74
     0
  7

 75
     0
 76
     0
 77
     2
 78
   300
147
1.0
148
0.0
149
0.0
100
AcDbLayout
  1
Model
 70
     1
 71
     0
 10
0.0
 20
0.0
 11
12.0
 21
9.0
 12
0.0
 22
0.0
 32
0.0
 14
-16.77458
 24
-16.66875
 34
0.0
 15
16.77458
 25
16.66875
 35
0.0
146
0.0
 13
0.0
 23
0.0
 33
0.0
 16
1.0
 26
0.0
 36
0.0
 17
0.0
 27
1.0
 37
0.0
 76
     0
330
1F
331
29
  0
MATERIAL
  5
45
102
{ACAD_REACTORS
330
43
102
}
330
43
100
AcDbMaterial
  1
ByBlock
 72
     1
 94
      127
  0
MATERIAL
  5
44
102
{ACAD_REACTORS
330
43
102
}
330
43
100
AcDbMaterial
  1
ByLayer
 72
     1
 94
      127
  0
MATERIAL
  5
46
102
{ACAD_REACTORS
330
43
102
}
330
43
100
AcDbMaterial
  1
Global
 72
     1
 94
      127
  0
MLEADERSTYLE
  5
6C
102
{ACAD_REACTORS
330
6B
102
}
102
{ACAD_XDICTIONARY
360
CB
102
}
330
6B
100
AcDbMLeaderStyle
170
     2
171
     1
172
     0
 90
        2
 40
0.0
 41
0.0
173
     1
 91
-1056964608
340
14
 92
       -2
290
     1
 42
0.09
291
     1
 43
0.36
  3
Standard
341
0
 44
0.18
300

342
11
174
     1
178
     6
175
     1
176
     0
 93
-1056964608
 45
0.18
292
     0
297
     0
 46
0.18
343
0
 94
-1056964608
 47
1.0
 49
1.0
140
1.0
293
     1
141
0.0
294
     1
177
     0
142
1.0
295
     0
296
     0
143
0.125
1001
ACAD_MLEADERVER
1070
     2
  0
MLINESTYLE
  5
18
102
{ACAD_REACTORS
330
17
102
}
330
17
100
AcDbMlineStyle
  2
Standard
 70
     0
  3

 62
   256
 51
90.0
 52
90.0
 71
     2
 49
0.5
 62
   256
  6
BYLAYER
 49
-0.5
 62
   256
  6
BYLAYER
  0
ACDBPLACEHOLDER
  5
F
102
{ACAD_REACTORS
330
E
102
}
330
E
  0
SCALE
  5
48
102
{ACAD_REACTORS
330
47
102
}
330
47
100
AcDbScale
 70
     0
300
1:1
140
1.0
141
1.0
290
     1
  0
SCALE
  5
49
102
{ACAD_REACTORS
330
47
102
}
330
47
100
AcDbScale
 70
     0
300
1:2
140
1.0
141
2.0
290
     0
  0
SCALE
  5
4A
102
{ACAD_REACTORS
330
47
102
}
330
47
100
AcDbScale
 70
     0
300
1:4
140
1.0
141
4.0
290
     0
  0
SCALE
  5
4B
102
{ACAD_REACTORS
330
47
102
}
330
47
100
AcDbScale
 70
     0
300
1:5
140
1.0
141
5.0
290
     0
  0
SCALE
  5
4C
102
{ACAD_REACTORS
330
47
102
}
330
47
100
AcDbScale
 70
     0
300
1:8
140
1.0
141
8.0
290
     0
  0
SCALE
  5
4D
102
{ACAD_REACTORS
330
47
102
}
330
47
100
AcDbScale
 70
     0
300
1:10
140
1.0
141
10.0
290
     0
  0
SCALE
  5
4E
102
{ACAD_REACTORS
330
47
102
}
330
47
100
AcDbScale
 70
     0
300
1:16
140
1.0
141
16.0
290
     0
  0
SCALE
  5
4F
102
{ACAD_REACTORS
330
47
102
}
330
47
100
AcDbScale
 70
     0
300
1:20
140
1.0
141
20.0
290
     0
  0
SCALE
  5
50
102
{ACAD_REACTORS
330
47
102
}
330
47
100
AcDbScale
 70
     0
300
1:30
140
1.0
141
30.0
290
     0
  0
SCALE
  5
51
102
{ACAD_REACTORS
330
47
102
}
330
47
100
AcDbScale
 70
     0
300
1:40
140
1.0
141
40.0
290
     0
  0
SCALE
  5
52
102
{ACAD_REACTORS
330
47
102
}
330
47
100
AcDbScale
 70
     0
300
1:50
140
1.0
141
50.0
290
     0
  0
SCALE
  5
53
102
{ACAD_REACTORS
330
47
102
}
330
47
100
AcDbScale
 70
     0
300
1:100
140
1.0
141
100.0
290
     0
  0
SCALE
  5
54
102
{ACAD_REACTORS
330
47
102
}
330
47
100
AcDbScale
 70
     0
300
2:1
140
2.0
141
1.0
290
     0
  0
SCALE
  5
55
102
{ACAD_REACTORS
330
47
102
}
330
47
100
AcDbScale
 70
     0
300
4:1
140
4.0
141
1.0
290
     0
  0
SCALE
  5
56
102
{ACAD_REACTORS
330
47
102
}
330
47
100
AcDbScale
 70
     0
300
8:1
140
8.0
141
1.0
290
     0
  0
SCALE
  5
57
102
{ACAD_REACTORS
330
47
102
}
330
47
100
AcDbScale
 70
     0
300
10:1
140
10.0
141
1.0
290
     0
  0
SCALE
  5
58
102
{ACAD_REACTORS
330
47
102
}
330
47
100
AcDbScale
 70
     0
300
100:1
140
100.0
141
1.0
290
     0
  0
SCALE
  5
59
102
{ACAD_REACTORS
330
47
102
}
330
47
100
AcDbScale
 70
     0
300
1/128" = 1'-0"
140
0.0078125
141
12.0
290
     0
  0
SCALE
  5
5A
102
{ACAD_REACTORS
330
47
102
}
330
47
100
AcDbScale
 70
     0
300
1/64" = 1'-0"
140
0.015625
141
12.0
290
     0
  0
SCALE
  5
5B
102
{ACAD_REACTORS
330
47
102
}
330
47
100
AcDbScale
 70
     0
300
1/32" = 1'-0"
140
0.03125
141
12.0
290
     0
  0
SCALE
  5
5C
102
{ACAD_REACTORS
330
47
102
}
330
47
100
AcDbScale
 70
     0
300
1/16" = 1'-0"
140
0.0625
141
12.0
290
     0
  0
SCALE
  5
5D
102
{ACAD_REACTORS
330
47
102
}
330
47
100
AcDbScale
 70
     0
300
3/32" = 1'-0"
140
0.09375
141
12.0
290
     0
  0
SCALE
  5
5E
102
{ACAD_REACTORS
330
47
102
}
330
47
100
AcDbScale
 70
     0
300
1/8" = 1'-0"
140
0.125
141
12.0
290
     0
  0
SCALE
  5
5F
102
{ACAD_REACTORS
330
47
102
}
330
47
100
AcDbScale
 70
     0
300
3/16" = 1'-0"
140
0.1875
141
12.0
290
     0
  0
SCALE
  5
60
102
{ACAD_REACTORS
330
47
102
}
330
47
100
AcDbScale
 70
     0
300
1/4" = 1'-0"
140
0.25
141
12.0
290
     0
  0
SCALE
  5
61
102
{ACAD_REACTORS
330
47
102
}
330
47
100
AcDbScale
 70
     0
300
3/8" = 1'-0"
140
0.375
141
12.0
290
     0
  0
SCALE
  5
62
102
{ACAD_REACTORS
330
47
102
}
330
47
100
AcDbScale
 70
     0
300
1/2" = 1'-0"
140
0.5
141
12.0
290
     0
  0
SCALE
  5
63
102
{ACAD_REACTORS
330
47
102
}
330
47
100
AcDbScale
 70
     0
300
3/4" = 1'-0"
140
0.75
141
12.0
290
     0
  0
SCALE
  5
64
102
{ACAD_REACTORS
330
47
102
}
330
47
100
AcDbScale
 70
     0
300
1" = 1'-0"
140
1.0
141
12.0
290
     0
  0
SCALE
  5
65
102
{ACAD_REACTORS
330
47
102
}
330
47
100
AcDbScale
 70
     0
300
1-1/2" = 1'-0"
140
1.5
141
12.0
290
     0
  0
SCALE
  5
66
102
{ACAD_REACTORS
330
47
102
}
330
47
100
AcDbScale
 70
     0
300
3" = 1'-0"
140
3.0
141
12.0
290
     0
  0
SCALE
  5
67
102
{ACAD_REACTORS
330
47
102
}
330
47
100
AcDbScale
 70
     0
300
6" = 1'-0"
140
6.0
141
12.0
290
     0
  0
SCALE
  5
68
102
{ACAD_REACTORS
330
47
102
}
330
47
100
AcDbScale
 70
     0
300
1'-0" = 1'-0"
140
12.0
141
12.0
290
     0
  0
TABLESTYLE
  5
6A
102
{ACAD_REACTORS
330
69
102
}
102
{ACAD_XDICTIONARY
360
C8
102
}
330
69
100
AcDbTableStyle
  3
Standard
 70
     0
 71
     0
 40
0.06
 41
0.06
280
     0
281
     0
  7
Standard
140
0.18
170
     2
 62
     0
 63
   257
283
     0
 90
        4
 91
        0
  1

274
    -2
284
     1
 64
     0
275
    -2
285
     1
 65
     0
276
    -2
286
     1
 66
     0
277
    -2
287
     1
 67
     0
278
    -2
288
     1
 68
     0
279
    -2
289
     1
 69
     0
  7
Standard
140
0.25
170
     5
 62
     0
 63
   257
283
     0
 90
        4
 91
        0
  1

274
    -2
284
     1
 64
     0
275
    -2
285
     1
 65
     0
276
    -2
286
     1
 66
     0
277
    -2
287
     1
 67
     0
278
    -2
288
     1
 68
     0
279
    -2
289
     1
 69
     0
  7
Standard
140
0.18
170
     5
 62
     0
 63
   257
283
     0
 90
        4
 91
        0
  1

274
    -2
284
     1
 64
     0
275
    -2
285
     1
 65
     0
276
    -2
286
     1
 66
     0
277
    -2
287
     1
 67
     0
278
    -2
288
     1
 68
     0
279
    -2
289
     1
 69
     0
  0
VISUALSTYLE
  5
2F
102
{ACAD_REACTORS
330
2A
102
}
102
{ACAD_XDICTIONARY
360
A0
102
}
330
2A
100
AcDbVisualStyle
  2
2dWireframe
 70
     4
 71
     0
 72
     2
 73
     0
 90
        0
 40
0.6
 41
30.0
 62
     5
 63
     7
421
 16777215
 74
     1
 91
        4
 64
     7
 65
   257
 75
     1
175
     1
 42
1.0
 92
        0
 66
   257
 43
1.0
 76
     1
 77
     6
 78
     2
 67
     7
 79
     5
170
     0
171
     0
290
     0
174
     0
 93
        1
 44
0.0
173
     0
291
     0
 45
0.0
  0
VISUALSTYLE
  5
32
102
{ACAD_REACTORS
330
2A
102
}
102
{ACAD_XDICTIONARY
360
A6
102
}
330
2A
100
AcDbVisualStyle
  2
Basic
 70
     7
 71
     1
 72
     0
 73
     1
 90
        0
 40
0.6
 41
30.0
 62
     5
 63
     7
421
 16777215
 74
     0
 91
        4
 64
     7
 65
   257
 75
     1
175
     1
 42
1.0
 92
        8
 66
     7
 43
1.0
 76
     1
 77
     6
 78
     2
 67
     7
 79
     5
170
     0
171
     0
290
     0
174
     0
 93
        1
 44
0.0
173
     0
291
     1
 45
0.0
  0
VISUALSTYLE
  5
36
102
{ACAD_REACTORS
330
2A
102
}
102
{ACAD_XDICTIONARY
360
AE
102
}
330
2A
100
AcDbVisualStyle
  2
Brighten
 70
    12
 71
     2
 72
     2
 73
     0
 90
        0
 40
0.6
 41
30.0
 62
     5
 63
     7
421
 16777215
 74
     1
 91
        4
 64
     7
 65
   257
 75
     1
175
     1
 42
1.0
 92
        8
 66
     7
 43
1.0
 76
     1
 77
     6
 78
     2
 67
     7
 79
     5
170
     0
171
     0
290
     0
174
     0
 93
        1
 44
50.0
173
     0
291
     1
 45
0.0
  0
VISUALSTYLE
  5
3A
102
{ACAD_REACTORS
330
2A
102
}
102
{ACAD_XDICTIONARY
360
B6
102
}
330
2A
100
AcDbVisualStyle
  2
ColorChange
 70
    16
 71
     2
 72
     2
 73
     3
 90
        0
 40
0.6
 41
30.0
 62
     5
 63
     8
421
  8421504
 74
     1
 91
        4
 64
     7
 65
   257
 75
     1
175
     1
 42
1.0
 92
        8
 66
     8
424
  8421504
 43
1.0
 76
     1
 77
     6
 78
     2
 67
     7
 79
     5
170
     0
171
     0
290
     0
174
     0
 93
        1
 44
0.0
173
     0
291
     1
 45
0.0
  0
VISUALSTYLE
  5
34
102
{ACAD_REACTORS
330
2A
102
}
102
{ACAD_XDICTIONARY
360
AA
102
}
330
2A
100
AcDbVisualStyle
  2
Conceptual
 70
     9
 71
     3
 72
     2
 73
     0
 90
        0
 40
0.6
 41
30.0
 62
     5
 63
     7
421
 16777215
 74
     2
 91
        2
 64
     7
 65
   257
 75
     1
175
     1
 42
179.0
 92
        8
 66
     7
 43
1.0
 76
     1
 77
     6
 78
     2
 67
     7
 79
     3
170
     0
171
     0
290
     0
174
     0
 93
        1
 44
0.0
173
     0
291
     0
 45
0.0
  0
VISUALSTYLE
  5
35
102
{ACAD_REACTORS
330
2A
102
}
102
{ACAD_XDICTIONARY
360
AC
102
}
330
2A
100
AcDbVisualStyle
  2
Dim
 70
    11
 71
     2
 72
     2
 73
     0
 90
        0
 40
0.6
 41
30.0
 62
     5
 63
     7
421
 16777215
 74
     1
 91
        4
 64
     7
 65
   257
 75
     1
175
     1
 42
1.0
 92
        8
 66
     7
 43
1.0
 76
     1
 77
     6
 78
     2
 67
     7
 79
     5
170
     0
171
     0
290
     0
174
     0
 93
        1
 44
-50.0
173
     0
291
     1
 45
0.0
  0
VISUALSTYLE
  5
3D
102
{ACAD_REACTORS
330
2A
102
}
102
{ACAD_XDICTIONARY
360
BC
102
}
330
2A
100
AcDbVisualStyle
  2
EdgeColorOff
 70
    22
 71
     2
 72
     2
 73
     0
 90
        0
 40
0.6
 41
30.0
 62
     5
 63
     7
421
 16777215
 74
     1
 91
        4
 64
     7
 65
   257
 75
     1
175
     1
 42
1.0
 92
        8
 66
     7
 43
1.0
 76
     1
 77
     6
 78
     2
 67
     7
 79
     5
170
     0
171
     0
290
     0
174
     0
 93
        1
 44
0.0
173
     0
291
     1
 45
0.0
  0
VISUALSTYLE
  5
39
102
{ACAD_REACTORS
330
2A
102
}
102
{ACAD_XDICTIONARY
360
B4
102
}
330
2A
100
AcDbVisualStyle
  2
Facepattern
 70
    15
 71
     2
 72
     2
 73
     0
 90
        0
 40
0.6
 41
30.0
 62
     5
 63
     7
421
 16777215
 74
     1
 91
        4
 64
     7
 65
   257
 75
     1
175
     1
 42
1.0
 92
        8
 66
     7
 43
1.0
 76
     1
 77
     6
 78
     2
 67
     7
 79
     5
170
     0
171
     0
290
     0
174
     0
 93
        1
 44
0.0
173
     0
291
     1
 45
0.0
  0
VISUALSTYLE
  5
2B
102
{ACAD_REACTORS
330
2A
102
}
102
{ACAD_XDICTIONARY
360
98
102
}
330
2A
100
AcDbVisualStyle
  2
Flat
 70
     0
 71
     2
 72
     1
 73
     1
 90
        2
 40
0.6
 41
30.0
 62
     5
 63
     7
421
 16777215
 74
     0
 91
        0
 64
     7
 65
   257
 75
     1
175
     1
 42
1.0
 92
        8
 66
     7
 43
1.0
 76
     1
 77
     6
 78
     2
 67
     7
 79
     5
170
     0
171
     0
290
     0
174
     0
 93
       13
 44
0.0
173
     0
291
     1
 45
0.0
  0
VISUALSTYLE
  5
2C
102
{ACAD_REACTORS
330
2A
102
}
102
{ACAD_XDICTIONARY
360
9A
102
}
330
2A
100
AcDbVisualStyle
  2
FlatWithEdges
 70
     1
 71
     2
 72
     1
 73
     1
 90
        2
 40
0.6
 41
30.0
 62
     5
 63
     7
421
 16777215
 74
     1
 91
        0
 64
     7
 65
   257
 75
     1
175
     1
 42
1.0
 92
        0
 66
   257
 43
1.0
 76
     1
 77
     6
 78
     2
 67
     7
 79
     5
170
     0
171
     0
290
     0
174
     0
 93
       13
 44
0.0
173
     0
291
     1
 45
0.0
  0
VISUALSTYLE
  5
2D
102
{ACAD_REACTORS
330
2A
102
}
102
{ACAD_XDICTIONARY
360
9C
102
}
330
2A
100
AcDbVisualStyle
  2
Gouraud
 70
     2
 71
     2
 72
     2
 73
     1
 90
        2
 40
0.6
 41
30.0
 62
     5
 63
     7
421
 16777215
 74
     0
 91
        0
 64
     7
 65
   257
 75
     1
175
     1
 42
1.0
 92
        0
 66
     7
 43
1.0
 76
     1
 77
     6
 78
     2
 67
     7
 79
     5
170
     0
171
     0
290
     0
174
     0
 93
       13
 44
0.0
173
     0
291
     1
 45
0.0
  0
VISUALSTYLE
  5
2E
102
{ACAD_REACTORS
330
2A
102
}
102
{ACAD_XDICTIONARY
360
9E
102
}
330
2A
100
AcDbVisualStyle
  2
GouraudWithEdges
 70
     3
 71
     2
 72
     2
 73
     1
 90
        2
 40
0.6
 41
30.0
 62
     5
 63
     7
421
 16777215
 74
     1
 91
        0
 64
     7
 65
   257
 75
     1
175
     1
 42
1.0
 92
        0
 66
   257
 43
1.0
 76
     1
 77
     6
 78
     2
 67
     7
 79
     5
170
     0
171
     0
290
     0
174
     0
 93
       13
 44
0.0
173
     0
291
     1
 45
0.0
  0
VISUALSTYLE
  5
31
102
{ACAD_REACTORS
330
2A
102
}
102
{ACAD_XDICTIONARY
360
A4
102
}
330
2A
100
AcDbVisualStyle
  2
Hidden
 70
     6
 71
     1
 72
     2
 73
     2
 90
        0
 40
0.6
 41
30.0
 62
     5
 63
     7
421
 16777215
 74
     2
 91
        2
 64
     7
 65
   257
 75
     2
175
     1
 42
40.0
 92
        0
 66
   257
 43
1.0
 76
     1
 77
     6
 78
     2
 67
     7
 79
     3
170
     0
171
     0
290
     0
174
     0
 93
        1
 44
0.0
173
     0
291
     0
 45
0.0
  0
VISUALSTYLE
  5
3B
102
{ACAD_REACTORS
330
2A
102
}
102
{ACAD_XDICTIONARY
360
B8
102
}
330
2A
100
AcDbVisualStyle
  2
JitterOff
 70
    20
 71
     2
 72
     2
 73
     0
 90
        0
 40
0.6
 41
30.0
 62
     5
 63
     7
421
 16777215
 74
     1
 91
        4
 64
     7
 65
   257
 75
     1
175
     1
 42
1.0
 92
       10
 66
     7
 43
1.0
 76
     1
 77
     6
 78
     2
 67
     7
 79
     5
170
     0
171
     0
290
     0
174
     0
 93
        1
 44
0.0
173
     0
291
     1
 45
0.0
  0
VISUALSTYLE
  5
38
102
{ACAD_REACTORS
330
2A
102
}
102
{ACAD_XDICTIONARY
360
B2
102
}
330
2A
100
AcDbVisualStyle
  2
Linepattern
 70
    14
 71
     2
 72
     2
 73
     0
 90
        0
 40
0.6
 41
30.0
 62
     5
 63
     7
421
 16777215
 74
     1
 91
        4
 64
     7
 65
   257
 75
     7
175
     7
 42
1.0
 92
        8
 66
     7
 43
1.0
 76
     1
 77
     6
 78
     2
 67
     7
 79
     5
170
     0
171
     0
290
     0
174
     0
 93
        1
 44
0.0
173
     0
291
     1
 45
0.0
  0
VISUALSTYLE
  5
3C
102
{ACAD_REACTORS
330
2A
102
}
102
{ACAD_XDICTIONARY
360
BA
102
}
330
2A
100
AcDbVisualStyle
  2
OverhangOff
 70
    21
 71
     2
 72
     2
 73
     0
 90
        0
 40
0.6
 41
30.0
 62
     5
 63
     7
421
 16777215
 74
     1
 91
        4
 64
     7
 65
   257
 75
     1
175
     1
 42
1.0
 92
        9
 66
     7
 43
1.0
 76
     1
 77
     6
 78
     2
 67
     7
 79
     5
170
     0
171
     0
290
     0
174
     0
 93
        1
 44
0.0
173
     0
291
     1
 45
0.0
  0
VISUALSTYLE
  5
33
102
{ACAD_REACTORS
330
2A
102
}
102
{ACAD_XDICTIONARY
360
A8
102
}
330
2A
100
AcDbVisualStyle
  2
Realistic
 70
     8
 71
     2
 72
     3
 73
     0
 90
        2
 40
0.6
 41
30.0
 62
     5
 63
     7
421
 16777215
 74
     0
 91
        0
 64
     7
 65
   257
 75
     1
175
     1
 42
1.0
 92
        8
 66
   257
 43
1.0
 76
     1
 77
     6
 78
     2
 67
     7
 79
     3
170
     0
171
     0
290
     0
174
     0
 93
       13
 44
0.0
173
     0
291
     0
 45
0.0
  0
VISUALSTYLE
  5
42
102
{ACAD_REACTORS
330
2A
102
}
102
{ACAD_XDICTIONARY
360
C6
102
}
330
2A
100
AcDbVisualStyle
  2
Shaded
 70
    27
 71
     2
 72
     2
 73
     1
 90
        2
 40
0.6
 41
30.0
 62
     5
 63
     7
421
 16777215
 74
     0
 91
        4
 64
     7
 65
   257
 75
     1
175
     1
 42
1.0
 92
        8
 66
   257
 43
1.0
 76
     1
 77
     6
 78
     2
 67
     8
425
  7895160
 79
     3
170
     0
171
     0
290
     0
174
     0
 93
        5
 44
0.0
173
     0
291
     0
 45
0.0
  0
VISUALSTYLE
  5
41
102
{ACAD_REACTORS
330
2A
102
}
102
{ACAD_XDICTIONARY
360
C4
102
}
330
2A
100
AcDbVisualStyle
  2
Shaded with edges
 70
    26
 71
     2
 72
     2
 73
     1
 90
        2
 40
0.6
 41
30.0
 62
     5
 63
     7
421
 16777215
 74
     1
 91
       10
 64
     7
 65
   257
 75
     2
175
     1
 42
1.0
 92
        8
 66
   257
 43
1.0
 76
     1
 77
     6
 78
     2
 67
     7
 79
     3
170
     0
171
     0
290
     0
174
     0
 93
        5
 44
0.0
173
     0
291
     0
 45
0.0
  0
VISUALSTYLE
  5
3E
102
{ACAD_REACTORS
330
2A
102
}
102
{ACAD_XDICTIONARY
360
BE
102
}
330
2A
100
AcDbVisualStyle
  2
Shades of Gray
 70
    23
 71
     2
 72
     2
 73
     3
 90
        0
 40
0.6
 41
30.0
 62
     5
 63
     7
421
 16777215
 74
     2
 91
        2
 64
     7
 65
     7
 75
     1
175
     1
 42
40.0
 92
        8
 66
     7
 43
1.0
 76
     1
 77
     6
 78
     2
 67
     7
 79
     3
170
     0
171
     0
290
     0
174
     0
 93
        1
 44
0.0
173
     0
291
     0
 45
0.0
  0
VISUALSTYLE
  5
3F
102
{ACAD_REACTORS
330
2A
102
}
102
{ACAD_XDICTIONARY
360
C0
102
}
330
2A
100
AcDbVisualStyle
  2
Sketchy
 70
    24
 71
     1
 72
     2
 73
     2
 90
        0
 40
0.6
 41
30.0
 62
     5
 63
     7
421
 16777215
 74
     2
 91
        2
 64
     7
 65
     7
 75
     1
175
     1
 42
40.0
 92
       11
 66
     7
 43
1.0
 76
     1
 77
     6
 78
     2
 67
     7
 79
     6
170
     0
171
     0
290
     0
174
     0
 93
        1
 44
0.0
173
     0
291
     0
 45
0.0
  0
VISUALSTYLE
  5
37
102
{ACAD_REACTORS
330
2A
102
}
102
{ACAD_XDICTIONARY
360
B0
102
}
330
2A
100
AcDbVisualStyle
  2
Thicken
 70
    13
 71
     2
 72
     2
 73
     0
 90
        0
 40
0.6
 41
30.0
 62
     5
 63
     7
421
 16777215
 74
     1
 91
        4
 64
     7
 65
   257
 75
     1
175
     1
 42
1.0
 92
       12
 66
     7
 43
1.0
 76
     1
 77
     6
 78
     2
 67
     7
 79
     5
170
     0
171
     0
290
     0
174
     0
 93
        1
 44
0.0
173
     0
291
     1
 45
0.0
  0
VISUALSTYLE
  5
30
102
{ACAD_REACTORS
330
2A
102
}
102
{ACAD_XDICTIONARY
360
A2
102
}
330
2A
100
AcDbVisualStyle
  2
Wireframe
 70
     5
 71
     0
 72
     2
 73
     0
 90
        0
 40
0.6
 41
30.0
 62
     5
 63
     7
421
 16777215
 74
     1
 91
        4
 64
     7
 65
   257
 75
     1
175
     1
 42
1.0
 92
        0
 66
   257
 43
1.0
 76
     1
 77
     6
 78
     2
 67
     7
 79
     3
170
     0
171
     0
290
     0
174
     0
 93
        1
 44
0.0
173
     0
291
     0
 45
0.0
  0
VISUALSTYLE
  5
40
102
{ACAD_REACTORS
330
2A
102
}
102
{ACAD_XDICTIONARY
360
C2
102
}
330
2A
100
AcDbVisualStyle
  2
X-Ray
 70
    25
 71
     2
 72
     2
 73
     1
 90
        1
 40
0.5
 41
30.0
 62
     5
 63
     7
421
 16777215
 74
     1
 91
        0
 64
     7
 65
   257
 75
     1
175
     1
 42
1.0
 92
        8
 66
     7
 43
1.0
 76
     1
 77
     6
 78
     2
 67
     7
 79
     3
170
     0
171
     0
290
     0
174
     0
 93
       13
 44
0.0
173
     0
291
     0
 45
0.0
  0
DICTIONARYVAR
  5
96
102
{ACAD_REACTORS
330
95
102
}
330
95
100
DictionaryVariables
280
     0
  1
1:1
  0
DICTIONARYVAR
  5
CF
102
{ACAD_REACTORS
330
95
102
}
330
95
100
DictionaryVariables
280
     0
  1
Standard
  0
DICTIONARYVAR
  5
CE
102
{ACAD_REACTORS
330
95
102
}
330
95
100
DictionaryVariables
280
     0
  1
Standard
  0
DICTIONARYVAR
  5
97
102
{ACAD_REACTORS
330
95
102
}
330
95
100
DictionaryVariables
280
     0
  1
2
  0
DICTIONARY
  5
CB
330
6C
100
AcDbDictionary
280
     1
281
     1
  3
ACAD_XREC_ROUNDTRIP
360
CC
  0
DICTIONARY
  5
C8
330
6A
100
AcDbDictionary
280
     1
281
     1
  3
ACAD_ROUNDTRIP_2008_TABLESTYLE_CELLSTYLEMAP
360
C9
  0
DICTIONARY
  5
A0
330
2F
100
AcDbDictionary
280
     1
281
     1
  3
ACAD_XREC_ROUNDTRIP
360
A1
  0
DICTIONARY
  5
A6
330
32
100
AcDbDictionary
280
     1
281
     1
  3
ACAD_XREC_ROUNDTRIP
360
A7
  0
DICTIONARY
  5
AE
330
36
100
AcDbDictionary
280
     1
281
     1
  3
ACAD_XREC_ROUNDTRIP
360
AF
  0
DICTIONARY
  5
B6
330
3A
100
AcDbDictionary
280
     1
281
     1
  3
ACAD_XREC_ROUNDTRIP
360
B7
  0
DICTIONARY
  5
AA
330
34
100
AcDbDictionary
280
     1
281
     1
  3
ACAD_XREC_ROUNDTRIP
360
AB
  0
DICTIONARY
  5
AC
330
35
100
AcDbDictionary
280
     1
281
     1
  3
ACAD_XREC_ROUNDTRIP
360
AD
  0
DICTIONARY
  5
BC
330
3D
100
AcDbDictionary
280
     1
281
     1
  3
ACAD_XREC_ROUNDTRIP
360
BD
  0
DICTIONARY
  5
B4
330
39
100
AcDbDictionary
280
     1
281
     1
  3
ACAD_XREC_ROUNDTRIP
360
B5
  0
DICTIONARY
  5
98
330
2B
100
AcDbDictionary
280
     1
281
     1
  3
ACAD_XREC_ROUNDTRIP
360
99
  0
DICTIONARY
  5
9A
330
2C
100
AcDbDictionary
280
     1
281
     1
  3
ACAD_XREC_ROUNDTRIP
360
9B
  0
DICTIONARY
  5
9C
330
2D
100
AcDbDictionary
280
     1
281
     1
  3
ACAD_XREC_ROUNDTRIP
360
9D
  0
DICTIONARY
  5
9E
330
2E
100
AcDbDictionary
280
     1
281
     1
  3
ACAD_XREC_ROUNDTRIP
360
9F
  0
DICTIONARY
  5
A4
330
31
100
AcDbDictionary
280
     1
281
     1
  3
ACAD_XREC_ROUNDTRIP
360
A5
  0
DICTIONARY
  5
B8
330
3B
100
AcDbDictionary
280
     1
281
     1
  3
ACAD_XREC_ROUNDTRIP
360
B9
  0
DICTIONARY
  5
B2
330
38
100
AcDbDictionary
280
     1
281
     1
  3
ACAD_XREC_ROUNDTRIP
360
B3
  0
DICTIONARY
  5
BA
330
3C
100
AcDbDictionary
280
     1
281
     1
  3
ACAD_XREC_ROUNDTRIP
360
BB
  0
DICTIONARY
  5
A8
330
33
100
AcDbDictionary
280
     1
281
     1
  3
ACAD_XREC_ROUNDTRIP
360
A9
  0
DICTIONARY
  5
C6
330
42
100
AcDbDictionary
280
     1
281
     1
  3
ACAD_XREC_ROUNDTRIP
360
C7
  0
DICTIONARY
  5
C4
330
41
100
AcDbDictionary
280
     1
281
     1
  3
ACAD_XREC_ROUNDTRIP
360
C5
  0
DICTIONARY
  5
BE
330
3E
100
AcDbDictionary
280
     1
281
     1
  3
ACAD_XREC_ROUNDTRIP
360
BF
  0
DICTIONARY
  5
C0
330
3F
100
AcDbDictionary
280
     1
281
     1
  3
ACAD_XREC_ROUNDTRIP
360
C1
  0
DICTIONARY
  5
B0
330
37
100
AcDbDictionary
280
     1
281
     1
  3
ACAD_XREC_ROUNDTRIP
360
B1
  0
DICTIONARY
  5
A2
330
30
100
AcDbDictionary
280
     1
281
     1
  3
ACAD_XREC_ROUNDTRIP
360
A3
  0
DICTIONARY
  5
C2
330
40
100
AcDbDictionary
280
     1
281
     1
  3
ACAD_XREC_ROUNDTRIP
360
C3
  0
XRECORD
  5
CC
102
{ACAD_REACTORS
330
CB
102
}
330
CB
100
AcDbXrecord
280
     1
102
ACAD_ROUNDTRIP_2010_MLEADER_STYLE
  0
CELLSTYLEMAP
  5
C9
102
{ACAD_REACTORS
330
C8
102
}
330
C8
100
AcDbCellStyleMap
 90
        3
300
CELLSTYLE
  1
TABLEFORMAT_BEGIN
 90
        5
170
     1
 91
        0
 92
    32768
 62
   257
 93
        1
300
CONTENTFORMAT
  1
CONTENTFORMAT_BEGIN
 90
        0
 91
        0
 92
        4
 93
        0
300

 40
0.0
140
1.0
 94
        5
 62
     0
340
11
144
0.25
309
CONTENTFORMAT_END
171
     1
301
MARGIN
  1
CELLMARGIN_BEGIN
 40
0.06
 40
0.06
 40
0.06
 40
0.06
 40
0.06
 40
0.06
309
CELLMARGIN_END
 94
        6
 95
        1
302
GRIDFORMAT
  1
GRIDFORMAT_BEGIN
 90
        0
 91
        1
 62
     0
 92
       -2
340
14
 93
        0
 40
0.045
309
GRIDFORMAT_END
 95
        2
302
GRIDFORMAT
  1
GRIDFORMAT_BEGIN
 90
        0
 91
        1
 62
     0
 92
       -2
340
14
 93
        0
 40
0.045
309
GRIDFORMAT_END
 95
        4
302
GRIDFORMAT
  1
GRIDFORMAT_BEGIN
 90
        0
 91
        1
 62
     0
 92
       -2
340
14
 93
        0
 40
0.045
309
GRIDFORMAT_END
 95
        8
302
GRIDFORMAT
  1
GRIDFORMAT_BEGIN
 90
        0
 91
        1
 62
     0
 92
       -2
340
14
 93
        0
 40
0.045
309
GRIDFORMAT_END
 95
       16
302
GRIDFORMAT
  1
GRIDFORMAT_BEGIN
 90
        0
 91
        1
 62
     0
 92
       -2
340
14
 93
        0
 40
0.045
309
GRIDFORMAT_END
 95
       32
302
GRIDFORMAT
  1
GRIDFORMAT_BEGIN
 90
        0
 91
        1
 62
     0
 92
       -2
340
14
 93
        0
 40
0.045
309
GRIDFORMAT_END
309
TABLEFORMAT_END
  1
CELLSTYLE_BEGIN
 90
        1
 91
        1
300
_TITLE
309
CELLSTYLE_END
300
CELLSTYLE
  1
TABLEFORMAT_BEGIN
 90
        5
170
     1
 91
        0
 92
        0
 62
   257
 93
        1
300
CONTENTFORMAT
  1
CONTENTFORMAT_BEGIN
 90
        0
 91
        0
 92
        4
 93
        0
300

 40
0.0
140
1.0
 94
        5
 62
     0
340
11
144
0.18
309
CONTENTFORMAT_END
171
     1
301
MARGIN
  1
CELLMARGIN_BEGIN
 40
0.06
 40
0.06
 40
0.06
 40
0.06
 40
0.06
 40
0.06
309
CELLMARGIN_END
 94
        6
 95
        1
302
GRIDFORMAT
  1
GRIDFORMAT_BEGIN
 90
        0
 91
        1
 62
     0
 92
       -2
340
14
 93
        0
 40
0.045
309
GRIDFORMAT_END
 95
        2
302
GRIDFORMAT
  1
GRIDFORMAT_BEGIN
 90
        0
 91
        1
 62
     0
 92
       -2
340
14
 93
        0
 40
0.045
309
GRIDFORMAT_END
 95
        4
302
GRIDFORMAT
  1
GRIDFORMAT_BEGIN
 90
        0
 91
        1
 62
     0
 92
       -2
340
14
 93
        0
 40
0.045
309
GRIDFORMAT_END
 95
        8
302
GRIDFORMAT
  1
GRIDFORMAT_BEGIN
 90
        0
 91
        1
 62
     0
 92
       -2
340
14
 93
        0
 40
0.045
309
GRIDFORMAT_END
 95
       16
302
GRIDFORMAT
  1
GRIDFORMAT_BEGIN
 90
        0
 91
        1
 62
     0
 92
       -2
340
14
 93
        0
 40
0.045
309
GRIDFORMAT_END
 95
       32
302
GRIDFORMAT
  1
GRIDFORMAT_BEGIN
 90
        0
 91
        1
 62
     0
 92
       -2
340
14
 93
        0
 40
0.045
309
GRIDFORMAT_END
309
TABLEFORMAT_END
  1
CELLSTYLE_BEGIN
 90
        2
 91
        1
300
_HEADER
309
CELLSTYLE_END
300
CELLSTYLE
  1
TABLEFORMAT_BEGIN
 90
        5
170
     1
 91
        0
 92
        0
 62
   257
 93
        1
300
CONTENTFORMAT
  1
CONTENTFORMAT_BEGIN
 90
        0
 91
        0
 92
        4
 93
        0
300

 40
0.0
140
1.0
 94
        2
 62
     0
340
11
144
0.18
309
CONTENTFORMAT_END
171
     1
301
MARGIN
  1
CELLMARGIN_BEGIN
 40
0.06
 40
0.06
 40
0.06
 40
0.06
 40
0.06
 40
0.06
309
CELLMARGIN_END
 94
        6
 95
        1
302
GRIDFORMAT
  1
GRIDFORMAT_BEGIN
 90
        0
 91
        1
 62
     0
 92
       -2
340
14
 93
        0
 40
0.045
309
GRIDFORMAT_END
 95
        2
302
GRIDFORMAT
  1
GRIDFORMAT_BEGIN
 90
        0
 91
        1
 62
     0
 92
       -2
340
14
 93
        0
 40
0.045
309
GRIDFORMAT_END
 95
        4
302
GRIDFORMAT
  1
GRIDFORMAT_BEGIN
 90
        0
 91
        1
 62
     0
 92
       -2
340
14
 93
        0
 40
0.045
309
GRIDFORMAT_END
 95
        8
302
GRIDFORMAT
  1
GRIDFORMAT_BEGIN
 90
        0
 91
        1
 62
     0
 92
       -2
340
14
 93
        0
 40
0.045
309
GRIDFORMAT_END
 95
       16
302
GRIDFORMAT
  1
GRIDFORMAT_BEGIN
 90
        0
 91
        1
 62
     0
 92
       -2
340
14
 93
        0
 40
0.045
309
GRIDFORMAT_END
 95
       32
302
GRIDFORMAT
  1
GRIDFORMAT_BEGIN
 90
        0
 91
        1
 62
     0
 92
       -2
340
14
 93
        0
 40
0.045
309
GRIDFORMAT_END
309
TABLEFORMAT_END
  1
CELLSTYLE_BEGIN
 90
        3
 91
        2
300
_DATA
309
CELLSTYLE_END
  0
XRECORD
  5
A1
102
{ACAD_REACTORS
330
A0
102
}
330
A0
100
AcDbXrecord
280
     1
102
RTVSPropertyOp0
 70
     1
102
RTVSPropertyOp1
 70
     1
102
RTVSPropertyOp2
 70
     1
102
RTVSPropertyOp3
 70
     1
102
RTVSPropertyOp4
 70
     1
102
RTVSPropertyOp5
 70
     1
102
RTVSPropertyOp6
 70
     1
102
RTVSPropertyOp7
 70
     1
102
RTVSPropertyOp8
 70
     1
102
RTVSPropertyOp9
 70
     1
102
RTVSPropertyOp10
 70
     1
102
RTVSPropertyOp11
 70
     1
102
RTVSPropertyOp12
 70
     1
102
RTVSPropertyOp13
 70
     1
102
RTVSPropertyOp14
 70
     1
102
RTVSPropertyOp15
 70
     1
102
RTVSPropertyOp16
 70
     1
102
RTVSPropertyOp17
 70
     1
102
RTVSPropertyOp18
 70
     1
102
RTVSPropertyOp19
 70
     1
102
RTVSPropertyOp20
 70
     1
102
RTVSPropertyOp21
 70
     1
102
RTVSPropertyOp22
 70
     1
102
RTVSPropertyOp23
 70
     1
102
RTVSPropertyOp24
 70
     1
102
RTVSPropertyOp25
 70
     1
102
RTVSPropertyOp26
 70
     1
102
RTVSPropertyOp27
 70
     1
102
RTVSPropertyOp28
 70
     1
102
RTVSPropertyOp29
 70
     1
102
RTVSPropertyOp30
 70
     1
102
RTVSPropertyOp31
 70
     1
102
RTVSPropertyOp32
 70
     1
102
RTVSPropertyOp33
 70
     1
102
RTVSPropertyOp34
 70
     1
102
RTVSPropertyOp35
 70
     1
102
RTVSPropertyOp36
 70
     1
102
RTVSPropertyOp37
 70
     1
102
RTVSPropertyOp38
 70
     1
102
RTVSPropertyOp39
 70
     1
102
RTVSPropertyOp40
 70
     1
102
RTVSPropertyOp41
 70
     1
102
RTVSPropertyOp42
 70
     1
102
RTVSPropertyOp43
 70
     1
102
RTVSPropertyOp44
 70
     1
102
RTVSPropertyOp45
 70
     1
102
RTVSPropertyOp46
 70
     1
102
RTVSPropertyOp47
 70
     1
102
RTVSPropertyOp48
 70
     1
102
RTVSPropertyOp49
 70
     1
102
RTVSPropertyOp50
 70
     1
102
RTVSPropertyOp51
 70
     0
102
RTVSPropertyOp52
 70
     0
102
RTVSPropertyOp53
 70
     1
102
RTVSPropertyOp54
 70
     1
102
RTVSPropertyOp55
 70
     1
102
RTVSPropertyOp56
 70
     1
102
RTVSPropertyOp57
 70
     1
102
RTVSPost2010Prop28
280
     1
102
RTVSPost2010PropOp28
 70
     1
102
RTVSPost2010Prop29
280
     1
102
RTVSPost2010PropOp29
 70
     1
102
RTVSPost2010Prop30
280
     0
102
RTVSPost2010PropOp30
 70
     1
102
RTVSPost2010Prop31
280
     0
102
RTVSPost2010PropOp31
 70
     1
102
RTVSPost2010Prop32
280
     0
102
RTVSPost2010PropOp32
 70
     1
102
RTVSPost2010Prop33
280
     0
102
RTVSPost2010PropOp33
 70
     1
102
RTVSPost2010Prop34
280
     0
102
RTVSPost2010PropOp34
 70
     1
102
RTVSPost2010Prop35
280
     0
102
RTVSPost2010PropOp35
 70
     1
102
RTVSPost2010Prop36
280
     0
102
RTVSPost2010PropOp36
 70
     1
102
RTVSPost2010Prop37
 90
       50
102
RTVSPost2010PropOp37
 70
     1
102
RTVSPost2010Prop38
140
0.0
102
RTVSPost2010PropOp38
 70
     1
102
RTVSPost2010Prop39
140
1.0
102
RTVSPost2010PropOp39
 70
     1
102
RTVSPost2010Prop40
 90
        0
102
RTVSPost2010PropOp40
 70
     1
102
RTVSPost2010Prop41ColorIndex
 90
       18
102
RTVSPost2010Prop41ColorRGB
 90
        0
102
RTVSPost2010PropOp41
 70
     1
102
RTVSPost2010Prop42
 90
       50
102
RTVSPost2010PropOp42
 70
     1
102
RTVSPost2010Prop43
 90
        3
102
RTVSPost2010PropOp43
 70
     1
102
RTVSPost2010Prop44ColorIndex
 90
        5
102
RTVSPost2010Prop44ColorRGB
 90
      255
102
RTVSPost2010PropOp44
 70
     1
102
RTVSPost2010Prop45
280
     0
102
RTVSPost2010PropOp45
 70
     1
102
RTVSPost2010Prop46
 90
       50
102
RTVSPost2010PropOp46
 70
     1
102
RTVSPost2010Prop47
 90
       50
102
RTVSPost2010PropOp47
 70
     1
102
RTVSPost2010Prop48
 90
       50
102
RTVSPost2010PropOp48
 70
     1
102
RTVSPost2010Prop49
280
     0
102
RTVSPost2010PropOp49
 70
     1
102
RTVSPost2010Prop50
 90
       50
102
RTVSPost2010PropOp50
 70
     1
102
RTVSPost2010Prop51ColorIndex
 90
      256
102
RTVSPost2010Prop51ColorRGB
 90
-16777216
102
RTVSPost2010PropOp51
 70
     0
102
RTVSPost2010Prop52
140
1.0
102
RTVSPost2010PropOp52
 70
     0
102
RTVSPost2010Prop53
 90
        2
102
RTVSPost2010PropOp53
 70
     1
102
RTVSPost2010Prop54
  1
strokes_ogs.tif
102
RTVSPost2010PropOp54
 70
     1
102
RTVSPost2010Prop55
280
     0
102
RTVSPost2010PropOp55
 70
     1
102
RTVSPost2010Prop56
140
1.0
102
RTVSPost2010PropOp56
 70
     1
102
RTVSPost2010Prop57
140
1.0
102
RTVSPost2010PropOp57
 70
     1
  0
XRECORD
  5
A7
102
{ACAD_REACTORS
330
A6
102
}
330
A6
100
AcDbXrecord
280
     1
102
RTVSPropertyOp0
 70
     1
102
RTVSPropertyOp1
 70
     1
102
RTVSPropertyOp2
 70
     1
102
RTVSPropertyOp3
 70
     1
102
RTVSPropertyOp4
 70
     1
102
RTVSPropertyOp5
 70
     1
102
RTVSPropertyOp6
 70
     1
102
RTVSPropertyOp7
 70
     1
102
RTVSPropertyOp8
 70
     1
102
RTVSPropertyOp9
 70
     1
102
RTVSPropertyOp10
 70
     1
102
RTVSPropertyOp11
 70
     1
102
RTVSPropertyOp12
 70
     1
102
RTVSPropertyOp13
 70
     1
102
RTVSPropertyOp14
 70
     1
102
RTVSPropertyOp15
 70
     1
102
RTVSPropertyOp16
 70
     1
102
RTVSPropertyOp17
 70
     1
102
RTVSPropertyOp18
 70
     1
102
RTVSPropertyOp19
 70
     1
102
RTVSPropertyOp20
 70
     1
102
RTVSPropertyOp21
 70
     1
102
RTVSPropertyOp22
 70
     1
102
RTVSPropertyOp23
 70
     1
102
RTVSPropertyOp24
 70
     1
102
RTVSPropertyOp25
 70
     1
102
RTVSPropertyOp26
 70
     1
102
RTVSPropertyOp27
 70
     1
102
RTVSPropertyOp28
 70
     1
102
RTVSPropertyOp29
 70
     1
102
RTVSPropertyOp30
 70
     1
102
RTVSPropertyOp31
 70
     1
102
RTVSPropertyOp32
 70
     1
102
RTVSPropertyOp33
 70
     1
102
RTVSPropertyOp34
 70
     1
102
RTVSPropertyOp35
 70
     1
102
RTVSPropertyOp36
 70
     1
102
RTVSPropertyOp37
 70
     1
102
RTVSPropertyOp38
 70
     1
102
RTVSPropertyOp39
 70
     1
102
RTVSPropertyOp40
 70
     1
102
RTVSPropertyOp41
 70
     1
102
RTVSPropertyOp42
 70
     1
102
RTVSPropertyOp43
 70
     1
102
RTVSPropertyOp44
 70
     1
102
RTVSPropertyOp45
 70
     1
102
RTVSPropertyOp46
 70
     1
102
RTVSPropertyOp47
 70
     1
102
RTVSPropertyOp48
 70
     1
102
RTVSPropertyOp49
 70
     1
102
RTVSPropertyOp50
 70
     1
102
RTVSPropertyOp51
 70
     0
102
RTVSPropertyOp52
 70
     0
102
RTVSPropertyOp53
 70
     1
102
RTVSPropertyOp54
 70
     1
102
RTVSPropertyOp55
 70
     1
102
RTVSPropertyOp56
 70
     1
102
RTVSPropertyOp57
 70
     1
102
RTVSPost2010Prop28
280
     0
102
RTVSPost2010PropOp28
 70
     1
102
RTVSPost2010Prop29
280
     1
102
RTVSPost2010PropOp29
 70
     1
102
RTVSPost2010Prop30
280
     1
102
RTVSPost2010PropOp30
 70
     1
102
RTVSPost2010Prop31
280
     0
102
RTVSPost2010PropOp31
 70
     1
102
RTVSPost2010Prop32
280
     0
102
RTVSPost2010PropOp32
 70
     1
102
RTVSPost2010Prop33
280
     0
102
RTVSPost2010PropOp33
 70
     1
102
RTVSPost2010Prop34
280
     0
102
RTVSPost2010PropOp34
 70
     1
102
RTVSPost2010Prop35
280
     0
102
RTVSPost2010PropOp35
 70
     1
102
RTVSPost2010Prop36
280
     0
102
RTVSPost2010PropOp36
 70
     1
102
RTVSPost2010Prop37
 90
       50
102
RTVSPost2010PropOp37
 70
     1
102
RTVSPost2010Prop38
140
0.0
102
RTVSPost2010PropOp38
 70
     1
102
RTVSPost2010Prop39
140
1.0
102
RTVSPost2010PropOp39
 70
     1
102
RTVSPost2010Prop40
 90
        0
102
RTVSPost2010PropOp40
 70
     1
102
RTVSPost2010Prop41ColorIndex
 90
       18
102
RTVSPost2010Prop41ColorRGB
 90
        0
102
RTVSPost2010PropOp41
 70
     1
102
RTVSPost2010Prop42
 90
       50
102
RTVSPost2010PropOp42
 70
     1
102
RTVSPost2010Prop43
 90
        3
102
RTVSPost2010PropOp43
 70
     1
102
RTVSPost2010Prop44ColorIndex
 90
        5
102
RTVSPost2010Prop44ColorRGB
 90
      255
102
RTVSPost2010PropOp44
 70
     1
102
RTVSPost2010Prop45
280
     0
102
RTVSPost2010PropOp45
 70
     1
102
RTVSPost2010Prop46
 90
       50
102
RTVSPost2010PropOp46
 70
     1
102
RTVSPost2010Prop47
 90
       50
102
RTVSPost2010PropOp47
 70
     1
102
RTVSPost2010Prop48
 90
       50
102
RTVSPost2010PropOp48
 70
     1
102
RTVSPost2010Prop49
280
     0
102
RTVSPost2010PropOp49
 70
     1
102
RTVSPost2010Prop50
 90
       50
102
RTVSPost2010PropOp50
 70
     1
102
RTVSPost2010Prop51ColorIndex
 90
      256
102
RTVSPost2010Prop51ColorRGB
 90
-16777216
102
RTVSPost2010PropOp51
 70
     0
102
RTVSPost2010Prop52
140
1.0
102
RTVSPost2010PropOp52
 70
     0
102
RTVSPost2010Prop53
 90
        2
102
RTVSPost2010PropOp53
 70
     1
102
RTVSPost2010Prop54
  1
strokes_ogs.tif
102
RTVSPost2010PropOp54
 70
     1
102
RTVSPost2010Prop55
280
     0
102
RTVSPost2010PropOp55
 70
     1
102
RTVSPost2010Prop56
140
1.0
102
RTVSPost2010PropOp56
 70
     1
102
RTVSPost2010Prop57
140
1.0
102
RTVSPost2010PropOp57
 70
     1
  0
XRECORD
  5
AF
102
{ACAD_REACTORS
330
AE
102
}
330
AE
100
AcDbXrecord
280
     1
102
RTVSPropertyOp0
 70
     1
102
RTVSPropertyOp1
 70
     1
102
RTVSPropertyOp2
 70
     1
102
RTVSPropertyOp3
 70
     1
102
RTVSPropertyOp4
 70
     1
102
RTVSPropertyOp5
 70
     1
102
RTVSPropertyOp6
 70
     1
102
RTVSPropertyOp7
 70
     1
102
RTVSPropertyOp8
 70
     1
102
RTVSPropertyOp9
 70
     1
102
RTVSPropertyOp10
 70
     1
102
RTVSPropertyOp11
 70
     1
102
RTVSPropertyOp12
 70
     1
102
RTVSPropertyOp13
 70
     1
102
RTVSPropertyOp14
 70
     1
102
RTVSPropertyOp15
 70
     1
102
RTVSPropertyOp16
 70
     1
102
RTVSPropertyOp17
 70
     1
102
RTVSPropertyOp18
 70
     1
102
RTVSPropertyOp19
 70
     1
102
RTVSPropertyOp20
 70
     1
102
RTVSPropertyOp21
 70
     1
102
RTVSPropertyOp22
 70
     1
102
RTVSPropertyOp23
 70
     1
102
RTVSPropertyOp24
 70
     1
102
RTVSPropertyOp25
 70
     1
102
RTVSPropertyOp26
 70
     1
102
RTVSPropertyOp27
 70
     1
102
RTVSPropertyOp28
 70
     1
102
RTVSPropertyOp29
 70
     1
102
RTVSPropertyOp30
 70
     1
102
RTVSPropertyOp31
 70
     1
102
RTVSPropertyOp32
 70
     1
102
RTVSPropertyOp33
 70
     1
102
RTVSPropertyOp34
 70
     1
102
RTVSPropertyOp35
 70
     1
102
RTVSPropertyOp36
 70
     1
102
RTVSPropertyOp37
 70
     1
102
RTVSPropertyOp38
 70
     1
102
RTVSPropertyOp39
 70
     1
102
RTVSPropertyOp40
 70
     1
102
RTVSPropertyOp41
 70
     1
102
RTVSPropertyOp42
 70
     1
102
RTVSPropertyOp43
 70
     1
102
RTVSPropertyOp44
 70
     1
102
RTVSPropertyOp45
 70
     1
102
RTVSPropertyOp46
 70
     1
102
RTVSPropertyOp47
 70
     1
102
RTVSPropertyOp48
 70
     1
102
RTVSPropertyOp49
 70
     1
102
RTVSPropertyOp50
 70
     1
102
RTVSPropertyOp51
 70
     0
102
RTVSPropertyOp52
 70
     0
102
RTVSPropertyOp53
 70
     1
102
RTVSPropertyOp54
 70
     1
102
RTVSPropertyOp55
 70
     1
102
RTVSPropertyOp56
 70
     1
102
RTVSPropertyOp57
 70
     1
102
RTVSPost2010Prop28
280
     0
102
RTVSPost2010PropOp28
 70
     1
102
RTVSPost2010Prop29
280
     1
102
RTVSPost2010PropOp29
 70
     1
102
RTVSPost2010Prop30
280
     1
102
RTVSPost2010PropOp30
 70
     1
102
RTVSPost2010Prop31
280
     0
102
RTVSPost2010PropOp31
 70
     1
102
RTVSPost2010Prop32
280
     0
102
RTVSPost2010PropOp32
 70
     1
102
RTVSPost2010Prop33
280
     0
102
RTVSPost2010PropOp33
 70
     1
102
RTVSPost2010Prop34
280
     0
102
RTVSPost2010PropOp34
 70
     1
102
RTVSPost2010Prop35
280
     0
102
RTVSPost2010PropOp35
 70
     1
102
RTVSPost2010Prop36
280
     0
102
RTVSPost2010PropOp36
 70
     1
102
RTVSPost2010Prop37
 90
       50
102
RTVSPost2010PropOp37
 70
     1
102
RTVSPost2010Prop38
140
0.0
102
RTVSPost2010PropOp38
 70
     1
102
RTVSPost2010Prop39
140
1.0
102
RTVSPost2010PropOp39
 70
     1
102
RTVSPost2010Prop40
 90
        0
102
RTVSPost2010PropOp40
 70
     1
102
RTVSPost2010Prop41ColorIndex
 90
       18
102
RTVSPost2010Prop41ColorRGB
 90
        0
102
RTVSPost2010PropOp41
 70
     1
102
RTVSPost2010Prop42
 90
       50
102
RTVSPost2010PropOp42
 70
     1
102
RTVSPost2010Prop43
 90
        3
102
RTVSPost2010PropOp43
 70
     1
102
RTVSPost2010Prop44ColorIndex
 90
        5
102
RTVSPost2010Prop44ColorRGB
 90
      255
102
RTVSPost2010PropOp44
 70
     1
102
RTVSPost2010Prop45
280
     0
102
RTVSPost2010PropOp45
 70
     1
102
RTVSPost2010Prop46
 90
       50
102
RTVSPost2010PropOp46
 70
     1
102
RTVSPost2010Prop47
 90
       50
102
RTVSPost2010PropOp47
 70
     1
102
RTVSPost2010Prop48
 90
       50
102
RTVSPost2010PropOp48
 70
     1
102
RTVSPost2010Prop49
280
     0
102
RTVSPost2010PropOp49
 70
     1
102
RTVSPost2010Prop50
 90
       50
102
RTVSPost2010PropOp50
 70
     1
102
RTVSPost2010Prop51ColorIndex
 90
      256
102
RTVSPost2010Prop51ColorRGB
 90
-16777216
102
RTVSPost2010PropOp51
 70
     0
102
RTVSPost2010Prop52
140
1.0
102
RTVSPost2010PropOp52
 70
     0
102
RTVSPost2010Prop53
 90
        2
102
RTVSPost2010PropOp53
 70
     1
102
RTVSPost2010Prop54
  1
strokes_ogs.tif
102
RTVSPost2010PropOp54
 70
     1
102
RTVSPost2010Prop55
280
     0
102
RTVSPost2010PropOp55
 70
     1
102
RTVSPost2010Prop56
140
1.0
102
RTVSPost2010PropOp56
 70
     1
102
RTVSPost2010Prop57
140
1.0
102
RTVSPost2010PropOp57
 70
     1
  0
XRECORD
  5
B7
102
{ACAD_REACTORS
330
B6
102
}
330
B6
100
AcDbXrecord
280
     1
102
RTVSPropertyOp0
 70
     1
102
RTVSPropertyOp1
 70
     1
102
RTVSPropertyOp2
 70
     1
102
RTVSPropertyOp3
 70
     1
102
RTVSPropertyOp4
 70
     1
102
RTVSPropertyOp5
 70
     1
102
RTVSPropertyOp6
 70
     1
102
RTVSPropertyOp7
 70
     1
102
RTVSPropertyOp8
 70
     1
102
RTVSPropertyOp9
 70
     1
102
RTVSPropertyOp10
 70
     1
102
RTVSPropertyOp11
 70
     1
102
RTVSPropertyOp12
 70
     1
102
RTVSPropertyOp13
 70
     1
102
RTVSPropertyOp14
 70
     1
102
RTVSPropertyOp15
 70
     1
102
RTVSPropertyOp16
 70
     1
102
RTVSPropertyOp17
 70
     1
102
RTVSPropertyOp18
 70
     1
102
RTVSPropertyOp19
 70
     1
102
RTVSPropertyOp20
 70
     1
102
RTVSPropertyOp21
 70
     1
102
RTVSPropertyOp22
 70
     1
102
RTVSPropertyOp23
 70
     1
102
RTVSPropertyOp24
 70
     1
102
RTVSPropertyOp25
 70
     1
102
RTVSPropertyOp26
 70
     1
102
RTVSPropertyOp27
 70
     1
102
RTVSPropertyOp28
 70
     1
102
RTVSPropertyOp29
 70
     1
102
RTVSPropertyOp30
 70
     1
102
RTVSPropertyOp31
 70
     1
102
RTVSPropertyOp32
 70
     1
102
RTVSPropertyOp33
 70
     1
102
RTVSPropertyOp34
 70
     1
102
RTVSPropertyOp35
 70
     1
102
RTVSPropertyOp36
 70
     1
102
RTVSPropertyOp37
 70
     1
102
RTVSPropertyOp38
 70
     1
102
RTVSPropertyOp39
 70
     1
102
RTVSPropertyOp40
 70
     1
102
RTVSPropertyOp41
 70
     1
102
RTVSPropertyOp42
 70
     1
102
RTVSPropertyOp43
 70
     1
102
RTVSPropertyOp44
 70
     1
102
RTVSPropertyOp45
 70
     1
102
RTVSPropertyOp46
 70
     1
102
RTVSPropertyOp47
 70
     1
102
RTVSPropertyOp48
 70
     1
102
RTVSPropertyOp49
 70
     1
102
RTVSPropertyOp50
 70
     1
102
RTVSPropertyOp51
 70
     0
102
RTVSPropertyOp52
 70
     0
102
RTVSPropertyOp53
 70
     1
102
RTVSPropertyOp54
 70
     1
102
RTVSPropertyOp55
 70
     1
102
RTVSPropertyOp56
 70
     1
102
RTVSPropertyOp57
 70
     1
102
RTVSPost2010Prop28
280
     0
102
RTVSPost2010PropOp28
 70
     1
102
RTVSPost2010Prop29
280
     1
102
RTVSPost2010PropOp29
 70
     1
102
RTVSPost2010Prop30
280
     1
102
RTVSPost2010PropOp30
 70
     1
102
RTVSPost2010Prop31
280
     0
102
RTVSPost2010PropOp31
 70
     1
102
RTVSPost2010Prop32
280
     0
102
RTVSPost2010PropOp32
 70
     1
102
RTVSPost2010Prop33
280
     0
102
RTVSPost2010PropOp33
 70
     1
102
RTVSPost2010Prop34
280
     0
102
RTVSPost2010PropOp34
 70
     1
102
RTVSPost2010Prop35
280
     0
102
RTVSPost2010PropOp35
 70
     1
102
RTVSPost2010Prop36
280
     0
102
RTVSPost2010PropOp36
 70
     1
102
RTVSPost2010Prop37
 90
       50
102
RTVSPost2010PropOp37
 70
     1
102
RTVSPost2010Prop38
140
0.0
102
RTVSPost2010PropOp38
 70
     1
102
RTVSPost2010Prop39
140
1.0
102
RTVSPost2010PropOp39
 70
     1
102
RTVSPost2010Prop40
 90
        0
102
RTVSPost2010PropOp40
 70
     1
102
RTVSPost2010Prop41ColorIndex
 90
       18
102
RTVSPost2010Prop41ColorRGB
 90
        0
102
RTVSPost2010PropOp41
 70
     1
102
RTVSPost2010Prop42
 90
       50
102
RTVSPost2010PropOp42
 70
     1
102
RTVSPost2010Prop43
 90
        3
102
RTVSPost2010PropOp43
 70
     1
102
RTVSPost2010Prop44ColorIndex
 90
        5
102
RTVSPost2010Prop44ColorRGB
 90
      255
102
RTVSPost2010PropOp44
 70
     1
102
RTVSPost2010Prop45
280
     0
102
RTVSPost2010PropOp45
 70
     1
102
RTVSPost2010Prop46
 90
       50
102
RTVSPost2010PropOp46
 70
     1
102
RTVSPost2010Prop47
 90
       50
102
RTVSPost2010PropOp47
 70
     1
102
RTVSPost2010Prop48
 90
       50
102
RTVSPost2010PropOp48
 70
     1
102
RTVSPost2010Prop49
280
     0
102
RTVSPost2010PropOp49
 70
     1
102
RTVSPost2010Prop50
 90
       50
102
RTVSPost2010PropOp50
 70
     1
102
RTVSPost2010Prop51ColorIndex
 90
      256
102
RTVSPost2010Prop51ColorRGB
 90
-16777216
102
RTVSPost2010PropOp51
 70
     0
102
RTVSPost2010Prop52
140
1.0
102
RTVSPost2010PropOp52
 70
     0
102
RTVSPost2010Prop53
 90
        2
102
RTVSPost2010PropOp53
 70
     1
102
RTVSPost2010Prop54
  1
strokes_ogs.tif
102
RTVSPost2010PropOp54
 70
     1
102
RTVSPost2010Prop55
280
     0
102
RTVSPost2010PropOp55
 70
     1
102
RTVSPost2010Prop56
140
1.0
102
RTVSPost2010PropOp56
 70
     1
102
RTVSPost2010Prop57
140
1.0
102
RTVSPost2010PropOp57
 70
     1
  0
XRECORD
  5
AB
102
{ACAD_REACTORS
330
AA
102
}
330
AA
100
AcDbXrecord
280
     1
102
RTVSPropertyOp0
 70
     1
102
RTVSPropertyOp1
 70
     1
102
RTVSPropertyOp2
 70
     1
102
RTVSPropertyOp3
 70
     1
102
RTVSPropertyOp4
 70
     1
102
RTVSPropertyOp5
 70
     1
102
RTVSPropertyOp6
 70
     1
102
RTVSPropertyOp7
 70
     1
102
RTVSPropertyOp8
 70
     1
102
RTVSPropertyOp9
 70
     1
102
RTVSPropertyOp10
 70
     1
102
RTVSPropertyOp11
 70
     1
102
RTVSPropertyOp12
 70
     1
102
RTVSPropertyOp13
 70
     1
102
RTVSPropertyOp14
 70
     1
102
RTVSPropertyOp15
 70
     1
102
RTVSPropertyOp16
 70
     1
102
RTVSPropertyOp17
 70
     1
102
RTVSPropertyOp18
 70
     1
102
RTVSPropertyOp19
 70
     1
102
RTVSPropertyOp20
 70
     1
102
RTVSPropertyOp21
 70
     1
102
RTVSPropertyOp22
 70
     1
102
RTVSPropertyOp23
 70
     1
102
RTVSPropertyOp24
 70
     1
102
RTVSPropertyOp25
 70
     1
102
RTVSPropertyOp26
 70
     1
102
RTVSPropertyOp27
 70
     1
102
RTVSPropertyOp28
 70
     1
102
RTVSPropertyOp29
 70
     1
102
RTVSPropertyOp30
 70
     1
102
RTVSPropertyOp31
 70
     1
102
RTVSPropertyOp32
 70
     1
102
RTVSPropertyOp33
 70
     1
102
RTVSPropertyOp34
 70
     1
102
RTVSPropertyOp35
 70
     1
102
RTVSPropertyOp36
 70
     1
102
RTVSPropertyOp37
 70
     1
102
RTVSPropertyOp38
 70
     1
102
RTVSPropertyOp39
 70
     1
102
RTVSPropertyOp40
 70
     1
102
RTVSPropertyOp41
 70
     1
102
RTVSPropertyOp42
 70
     1
102
RTVSPropertyOp43
 70
     1
102
RTVSPropertyOp44
 70
     1
102
RTVSPropertyOp45
 70
     1
102
RTVSPropertyOp46
 70
     1
102
RTVSPropertyOp47
 70
     1
102
RTVSPropertyOp48
 70
     1
102
RTVSPropertyOp49
 70
     1
102
RTVSPropertyOp50
 70
     1
102
RTVSPropertyOp51
 70
     0
102
RTVSPropertyOp52
 70
     0
102
RTVSPropertyOp53
 70
     1
102
RTVSPropertyOp54
 70
     1
102
RTVSPropertyOp55
 70
     1
102
RTVSPropertyOp56
 70
     1
102
RTVSPropertyOp57
 70
     1
102
RTVSPost2010Prop28
280
     0
102
RTVSPost2010PropOp28
 70
     1
102
RTVSPost2010Prop29
280
     1
102
RTVSPost2010PropOp29
 70
     1
102
RTVSPost2010Prop30
280
     1
102
RTVSPost2010PropOp30
 70
     1
102
RTVSPost2010Prop31
280
     0
102
RTVSPost2010PropOp31
 70
     1
102
RTVSPost2010Prop32
280
     0
102
RTVSPost2010PropOp32
 70
     1
102
RTVSPost2010Prop33
280
     0
102
RTVSPost2010PropOp33
 70
     1
102
RTVSPost2010Prop34
280
     0
102
RTVSPost2010PropOp34
 70
     1
102
RTVSPost2010Prop35
280
     0
102
RTVSPost2010PropOp35
 70
     1
102
RTVSPost2010Prop36
280
     0
102
RTVSPost2010PropOp36
 70
     1
102
RTVSPost2010Prop37
 90
       50
102
RTVSPost2010PropOp37
 70
     1
102
RTVSPost2010Prop38
140
0.0
102
RTVSPost2010PropOp38
 70
     1
102
RTVSPost2010Prop39
140
1.0
102
RTVSPost2010PropOp39
 70
     1
102
RTVSPost2010Prop40
 90
        0
102
RTVSPost2010PropOp40
 70
     1
102
RTVSPost2010Prop41ColorIndex
 90
       18
102
RTVSPost2010Prop41ColorRGB
 90
        0
102
RTVSPost2010PropOp41
 70
     1
102
RTVSPost2010Prop42
 90
       50
102
RTVSPost2010PropOp42
 70
     1
102
RTVSPost2010Prop43
 90
        3
102
RTVSPost2010PropOp43
 70
     1
102
RTVSPost2010Prop44ColorIndex
 90
        5
102
RTVSPost2010Prop44ColorRGB
 90
      255
102
RTVSPost2010PropOp44
 70
     1
102
RTVSPost2010Prop45
280
     0
102
RTVSPost2010PropOp45
 70
     1
102
RTVSPost2010Prop46
 90
       50
102
RTVSPost2010PropOp46
 70
     1
102
RTVSPost2010Prop47
 90
       50
102
RTVSPost2010PropOp47
 70
     1
102
RTVSPost2010Prop48
 90
       50
102
RTVSPost2010PropOp48
 70
     1
102
RTVSPost2010Prop49
280
     0
102
RTVSPost2010PropOp49
 70
     1
102
RTVSPost2010Prop50
 90
       50
102
RTVSPost2010PropOp50
 70
     1
102
RTVSPost2010Prop51ColorIndex
 90
      256
102
RTVSPost2010Prop51ColorRGB
 90
-16777216
102
RTVSPost2010PropOp51
 70
     0
102
RTVSPost2010Prop52
140
1.0
102
RTVSPost2010PropOp52
 70
     0
102
RTVSPost2010Prop53
 90
        2
102
RTVSPost2010PropOp53
 70
     1
102
RTVSPost2010Prop54
  1
strokes_ogs.tif
102
RTVSPost2010PropOp54
 70
     1
102
RTVSPost2010Prop55
280
     0
102
RTVSPost2010PropOp55
 70
     1
102
RTVSPost2010Prop56
140
1.0
102
RTVSPost2010PropOp56
 70
     1
102
RTVSPost2010Prop57
140
1.0
102
RTVSPost2010PropOp57
 70
     1
  0
XRECORD
  5
AD
102
{ACAD_REACTORS
330
AC
102
}
330
AC
100
AcDbXrecord
280
     1
102
RTVSPropertyOp0
 70
     1
102
RTVSPropertyOp1
 70
     1
102
RTVSPropertyOp2
 70
     1
102
RTVSPropertyOp3
 70
     1
102
RTVSPropertyOp4
 70
     1
102
RTVSPropertyOp5
 70
     1
102
RTVSPropertyOp6
 70
     1
102
RTVSPropertyOp7
 70
     1
102
RTVSPropertyOp8
 70
     1
102
RTVSPropertyOp9
 70
     1
102
RTVSPropertyOp10
 70
     1
102
RTVSPropertyOp11
 70
     1
102
RTVSPropertyOp12
 70
     1
102
RTVSPropertyOp13
 70
     1
102
RTVSPropertyOp14
 70
     1
102
RTVSPropertyOp15
 70
     1
102
RTVSPropertyOp16
 70
     1
102
RTVSPropertyOp17
 70
     1
102
RTVSPropertyOp18
 70
     1
102
RTVSPropertyOp19
 70
     1
102
RTVSPropertyOp20
 70
     1
102
RTVSPropertyOp21
 70
     1
102
RTVSPropertyOp22
 70
     1
102
RTVSPropertyOp23
 70
     1
102
RTVSPropertyOp24
 70
     1
102
RTVSPropertyOp25
 70
     1
102
RTVSPropertyOp26
 70
     1
102
RTVSPropertyOp27
 70
     1
102
RTVSPropertyOp28
 70
     1
102
RTVSPropertyOp29
 70
     1
102
RTVSPropertyOp30
 70
     1
102
RTVSPropertyOp31
 70
     1
102
RTVSPropertyOp32
 70
     1
102
RTVSPropertyOp33
 70
     1
102
RTVSPropertyOp34
 70
     1
102
RTVSPropertyOp35
 70
     1
102
RTVSPropertyOp36
 70
     1
102
RTVSPropertyOp37
 70
     1
102
RTVSPropertyOp38
 70
     1
102
RTVSPropertyOp39
 70
     1
102
RTVSPropertyOp40
 70
     1
102
RTVSPropertyOp41
 70
     1
102
RTVSPropertyOp42
 70
     1
102
RTVSPropertyOp43
 70
     1
102
RTVSPropertyOp44
 70
     1
102
RTVSPropertyOp45
 70
     1
102
RTVSPropertyOp46
 70
     1
102
RTVSPropertyOp47
 70
     1
102
RTVSPropertyOp48
 70
     1
102
RTVSPropertyOp49
 70
     1
102
RTVSPropertyOp50
 70
     1
102
RTVSPropertyOp51
 70
     0
102
RTVSPropertyOp52
 70
     0
102
RTVSPropertyOp53
 70
     1
102
RTVSPropertyOp54
 70
     1
102
RTVSPropertyOp55
 70
     1
102
RTVSPropertyOp56
 70
     1
102
RTVSPropertyOp57
 70
     1
102
RTVSPost2010Prop28
280
     0
102
RTVSPost2010PropOp28
 70
     1
102
RTVSPost2010Prop29
280
     1
102
RTVSPost2010PropOp29
 70
     1
102
RTVSPost2010Prop30
280
     1
102
RTVSPost2010PropOp30
 70
     1
102
RTVSPost2010Prop31
280
     0
102
RTVSPost2010PropOp31
 70
     1
102
RTVSPost2010Prop32
280
     0
102
RTVSPost2010PropOp32
 70
     1
102
RTVSPost2010Prop33
280
     0
102
RTVSPost2010PropOp33
 70
     1
102
RTVSPost2010Prop34
280
     0
102
RTVSPost2010PropOp34
 70
     1
102
RTVSPost2010Prop35
280
     0
102
RTVSPost2010PropOp35
 70
     1
102
RTVSPost2010Prop36
280
     0
102
RTVSPost2010PropOp36
 70
     1
102
RTVSPost2010Prop37
 90
       50
102
RTVSPost2010PropOp37
 70
     1
102
RTVSPost2010Prop38
140
0.0
102
RTVSPost2010PropOp38
 70
     1
102
RTVSPost2010Prop39
140
1.0
102
RTVSPost2010PropOp39
 70
     1
102
RTVSPost2010Prop40
 90
        0
102
RTVSPost2010PropOp40
 70
     1
102
RTVSPost2010Prop41ColorIndex
 90
       18
102
RTVSPost2010Prop41ColorRGB
 90
        0
102
RTVSPost2010PropOp41
 70
     1
102
RTVSPost2010Prop42
 90
       50
102
RTVSPost2010PropOp42
 70
     1
102
RTVSPost2010Prop43
 90
        3
102
RTVSPost2010PropOp43
 70
     1
102
RTVSPost2010Prop44ColorIndex
 90
        5
102
RTVSPost2010Prop44ColorRGB
 90
      255
102
RTVSPost2010PropOp44
 70
     1
102
RTVSPost2010Prop45
280
     0
102
RTVSPost2010PropOp45
 70
     1
102
RTVSPost2010Prop46
 90
       50
102
RTVSPost2010PropOp46
 70
     1
102
RTVSPost2010Prop47
 90
       50
102
RTVSPost2010PropOp47
 70
     1
102
RTVSPost2010Prop48
 90
       50
102
RTVSPost2010PropOp48
 70
     1
102
RTVSPost2010Prop49
280
     0
102
RTVSPost2010PropOp49
 70
     1
102
RTVSPost2010Prop50
 90
       50
102
RTVSPost2010PropOp50
 70
     1
102
RTVSPost2010Prop51ColorIndex
 90
      256
102
RTVSPost2010Prop51ColorRGB
 90
-16777216
102
RTVSPost2010PropOp51
 70
     0
102
RTVSPost2010Prop52
140
1.0
102
RTVSPost2010PropOp52
 70
     0
102
RTVSPost2010Prop53
 90
        2
102
RTVSPost2010PropOp53
 70
     1
102
RTVSPost2010Prop54
  1
strokes_ogs.tif
102
RTVSPost2010PropOp54
 70
     1
102
RTVSPost2010Prop55
280
     0
102
RTVSPost2010PropOp55
 70
     1
102
RTVSPost2010Prop56
140
1.0
102
RTVSPost2010PropOp56
 70
     1
102
RTVSPost2010Prop57
140
1.0
102
RTVSPost2010PropOp57
 70
     1
  0
XRECORD
  5
BD
102
{ACAD_REACTORS
330
BC
102
}
330
BC
100
AcDbXrecord
280
     1
102
RTVSPropertyOp0
 70
     0
102
RTVSPropertyOp1
 70
     0
102
RTVSPropertyOp2
 70
     0
102
RTVSPropertyOp3
 70
     0
102
RTVSPropertyOp4
 70
     0
102
RTVSPropertyOp5
 70
     0
102
RTVSPropertyOp6
 70
     0
102
RTVSPropertyOp7
 70
     0
102
RTVSPropertyOp8
 70
     0
102
RTVSPropertyOp9
 70
     0
102
RTVSPropertyOp10
 70
     0
102
RTVSPropertyOp11
 70
     0
102
RTVSPropertyOp12
 70
     0
102
RTVSPropertyOp13
 70
     0
102
RTVSPropertyOp14
 70
     2
102
RTVSPropertyOp15
 70
     0
102
RTVSPropertyOp16
 70
     0
102
RTVSPropertyOp17
 70
     0
102
RTVSPropertyOp18
 70
     0
102
RTVSPropertyOp19
 70
     0
102
RTVSPropertyOp20
 70
     0
102
RTVSPropertyOp21
 70
     0
102
RTVSPropertyOp22
 70
     0
102
RTVSPropertyOp23
 70
     0
102
RTVSPropertyOp24
 70
     0
102
RTVSPropertyOp25
 70
     0
102
RTVSPropertyOp26
 70
     0
102
RTVSPropertyOp27
 70
     0
102
RTVSPropertyOp28
 70
     0
102
RTVSPropertyOp29
 70
     0
102
RTVSPropertyOp30
 70
     0
102
RTVSPropertyOp31
 70
     0
102
RTVSPropertyOp32
 70
     0
102
RTVSPropertyOp33
 70
     0
102
RTVSPropertyOp34
 70
     0
102
RTVSPropertyOp35
 70
     0
102
RTVSPropertyOp36
 70
     0
102
RTVSPropertyOp37
 70
     0
102
RTVSPropertyOp38
 70
     0
102
RTVSPropertyOp39
 70
     0
102
RTVSPropertyOp40
 70
     0
102
RTVSPropertyOp41
 70
     0
102
RTVSPropertyOp42
 70
     0
102
RTVSPropertyOp43
 70
     0
102
RTVSPropertyOp44
 70
     0
102
RTVSPropertyOp45
 70
     0
102
RTVSPropertyOp46
 70
     0
102
RTVSPropertyOp47
 70
     0
102
RTVSPropertyOp48
 70
     0
102
RTVSPropertyOp49
 70
     0
102
RTVSPropertyOp50
 70
     0
102
RTVSPropertyOp51
 70
     0
102
RTVSPropertyOp52
 70
     0
102
RTVSPropertyOp53
 70
     0
102
RTVSPropertyOp54
 70
     0
102
RTVSPropertyOp55
 70
     0
102
RTVSPropertyOp56
 70
     0
102
RTVSPropertyOp57
 70
     0
102
RTVSPost2010Prop28
280
     0
102
RTVSPost2010PropOp28
 70
     0
102
RTVSPost2010Prop29
280
     1
102
RTVSPost2010PropOp29
 70
     0
102
RTVSPost2010Prop30
280
     1
102
RTVSPost2010PropOp30
 70
     0
102
RTVSPost2010Prop31
280
     0
102
RTVSPost2010PropOp31
 70
     0
102
RTVSPost2010Prop32
280
     0
102
RTVSPost2010PropOp32
 70
     0
102
RTVSPost2010Prop33
280
     0
102
RTVSPost2010PropOp33
 70
     0
102
RTVSPost2010Prop34
280
     0
102
RTVSPost2010PropOp34
 70
     0
102
RTVSPost2010Prop35
280
     0
102
RTVSPost2010PropOp35
 70
     0
102
RTVSPost2010Prop36
280
     0
102
RTVSPost2010PropOp36
 70
     0
102
RTVSPost2010Prop37
 90
       50
102
RTVSPost2010PropOp37
 70
     0
102
RTVSPost2010Prop38
140
0.0
102
RTVSPost2010PropOp38
 70
     0
102
RTVSPost2010Prop39
140
1.0
102
RTVSPost2010PropOp39
 70
     0
102
RTVSPost2010Prop40
 90
        0
102
RTVSPost2010PropOp40
 70
     0
102
RTVSPost2010Prop41ColorIndex
 90
       18
102
RTVSPost2010Prop41ColorRGB
 90
        0
102
RTVSPost2010PropOp41
 70
     0
102
RTVSPost2010Prop42
 90
       50
102
RTVSPost2010PropOp42
 70
     0
102
RTVSPost2010Prop43
 90
        3
102
RTVSPost2010PropOp43
 70
     0
102
RTVSPost2010Prop44ColorIndex
 90
        5
102
RTVSPost2010Prop44ColorRGB
 90
      255
102
RTVSPost2010PropOp44
 70
     0
102
RTVSPost2010Prop45
280
     0
102
RTVSPost2010PropOp45
 70
     0
102
RTVSPost2010Prop46
 90
       50
102
RTVSPost2010PropOp46
 70
     0
102
RTVSPost2010Prop47
 90
       50
102
RTVSPost2010PropOp47
 70
     0
102
RTVSPost2010Prop48
 90
       50
102
RTVSPost2010PropOp48
 70
     0
102
RTVSPost2010Prop49
280
     0
102
RTVSPost2010PropOp49
 70
     0
102
RTVSPost2010Prop50
 90
       50
102
RTVSPost2010PropOp50
 70
     0
102
RTVSPost2010Prop51ColorIndex
 90
      256
102
RTVSPost2010Prop51ColorRGB
 90
-16777216
102
RTVSPost2010PropOp51
 70
     0
102
RTVSPost2010Prop52
140
1.0
102
RTVSPost2010PropOp52
 70
     0
102
RTVSPost2010Prop53
 90
        2
102
RTVSPost2010PropOp53
 70
     0
102
RTVSPost2010Prop54
  1
strokes_ogs.tif
102
RTVSPost2010PropOp54
 70
     0
102
RTVSPost2010Prop55
280
     0
102
RTVSPost2010PropOp55
 70
     0
102
RTVSPost2010Prop56
140
1.0
102
RTVSPost2010PropOp56
 70
     0
102
RTVSPost2010Prop57
140
1.0
102
RTVSPost2010PropOp57
 70
     0
  0
XRECORD
  5
B5
102
{ACAD_REACTORS
330
B4
102
}
330
B4
100
AcDbXrecord
280
     1
102
RTVSPropertyOp0
 70
     1
102
RTVSPropertyOp1
 70
     1
102
RTVSPropertyOp2
 70
     1
102
RTVSPropertyOp3
 70
     1
102
RTVSPropertyOp4
 70
     1
102
RTVSPropertyOp5
 70
     1
102
RTVSPropertyOp6
 70
     1
102
RTVSPropertyOp7
 70
     1
102
RTVSPropertyOp8
 70
     1
102
RTVSPropertyOp9
 70
     1
102
RTVSPropertyOp10
 70
     1
102
RTVSPropertyOp11
 70
     1
102
RTVSPropertyOp12
 70
     1
102
RTVSPropertyOp13
 70
     1
102
RTVSPropertyOp14
 70
     1
102
RTVSPropertyOp15
 70
     1
102
RTVSPropertyOp16
 70
     1
102
RTVSPropertyOp17
 70
     1
102
RTVSPropertyOp18
 70
     1
102
RTVSPropertyOp19
 70
     1
102
RTVSPropertyOp20
 70
     1
102
RTVSPropertyOp21
 70
     1
102
RTVSPropertyOp22
 70
     1
102
RTVSPropertyOp23
 70
     1
102
RTVSPropertyOp24
 70
     1
102
RTVSPropertyOp25
 70
     1
102
RTVSPropertyOp26
 70
     1
102
RTVSPropertyOp27
 70
     1
102
RTVSPropertyOp28
 70
     1
102
RTVSPropertyOp29
 70
     1
102
RTVSPropertyOp30
 70
     1
102
RTVSPropertyOp31
 70
     1
102
RTVSPropertyOp32
 70
     1
102
RTVSPropertyOp33
 70
     1
102
RTVSPropertyOp34
 70
     1
102
RTVSPropertyOp35
 70
     1
102
RTVSPropertyOp36
 70
     1
102
RTVSPropertyOp37
 70
     1
102
RTVSPropertyOp38
 70
     1
102
RTVSPropertyOp39
 70
     1
102
RTVSPropertyOp40
 70
     1
102
RTVSPropertyOp41
 70
     1
102
RTVSPropertyOp42
 70
     1
102
RTVSPropertyOp43
 70
     1
102
RTVSPropertyOp44
 70
     1
102
RTVSPropertyOp45
 70
     1
102
RTVSPropertyOp46
 70
     1
102
RTVSPropertyOp47
 70
     1
102
RTVSPropertyOp48
 70
     1
102
RTVSPropertyOp49
 70
     1
102
RTVSPropertyOp50
 70
     1
102
RTVSPropertyOp51
 70
     0
102
RTVSPropertyOp52
 70
     0
102
RTVSPropertyOp53
 70
     1
102
RTVSPropertyOp54
 70
     1
102
RTVSPropertyOp55
 70
     1
102
RTVSPropertyOp56
 70
     1
102
RTVSPropertyOp57
 70
     1
102
RTVSPost2010Prop28
280
     0
102
RTVSPost2010PropOp28
 70
     1
102
RTVSPost2010Prop29
280
     1
102
RTVSPost2010PropOp29
 70
     1
102
RTVSPost2010Prop30
280
     1
102
RTVSPost2010PropOp30
 70
     1
102
RTVSPost2010Prop31
280
     0
102
RTVSPost2010PropOp31
 70
     1
102
RTVSPost2010Prop32
280
     0
102
RTVSPost2010PropOp32
 70
     1
102
RTVSPost2010Prop33
280
     0
102
RTVSPost2010PropOp33
 70
     1
102
RTVSPost2010Prop34
280
     0
102
RTVSPost2010PropOp34
 70
     1
102
RTVSPost2010Prop35
280
     0
102
RTVSPost2010PropOp35
 70
     1
102
RTVSPost2010Prop36
280
     0
102
RTVSPost2010PropOp36
 70
     1
102
RTVSPost2010Prop37
 90
       50
102
RTVSPost2010PropOp37
 70
     1
102
RTVSPost2010Prop38
140
0.0
102
RTVSPost2010PropOp38
 70
     1
102
RTVSPost2010Prop39
140
1.0
102
RTVSPost2010PropOp39
 70
     1
102
RTVSPost2010Prop40
 90
        0
102
RTVSPost2010PropOp40
 70
     1
102
RTVSPost2010Prop41ColorIndex
 90
       18
102
RTVSPost2010Prop41ColorRGB
 90
        0
102
RTVSPost2010PropOp41
 70
     1
102
RTVSPost2010Prop42
 90
       50
102
RTVSPost2010PropOp42
 70
     1
102
RTVSPost2010Prop43
 90
        3
102
RTVSPost2010PropOp43
 70
     1
102
RTVSPost2010Prop44ColorIndex
 90
        5
102
RTVSPost2010Prop44ColorRGB
 90
      255
102
RTVSPost2010PropOp44
 70
     1
102
RTVSPost2010Prop45
280
     0
102
RTVSPost2010PropOp45
 70
     1
102
RTVSPost2010Prop46
 90
       50
102
RTVSPost2010PropOp46
 70
     1
102
RTVSPost2010Prop47
 90
       50
102
RTVSPost2010PropOp47
 70
     1
102
RTVSPost2010Prop48
 90
       50
102
RTVSPost2010PropOp48
 70
     1
102
RTVSPost2010Prop49
280
     0
102
RTVSPost2010PropOp49
 70
     1
102
RTVSPost2010Prop50
 90
       50
102
RTVSPost2010PropOp50
 70
     1
102
RTVSPost2010Prop51ColorIndex
 90
      256
102
RTVSPost2010Prop51ColorRGB
 90
-16777216
102
RTVSPost2010PropOp51
 70
     0
102
RTVSPost2010Prop52
140
1.0
102
RTVSPost2010PropOp52
 70
     0
102
RTVSPost2010Prop53
 90
        2
102
RTVSPost2010PropOp53
 70
     1
102
RTVSPost2010Prop54
  1
strokes_ogs.tif
102
RTVSPost2010PropOp54
 70
     1
102
RTVSPost2010Prop55
280
     0
102
RTVSPost2010PropOp55
 70
     1
102
RTVSPost2010Prop56
140
1.0
102
RTVSPost2010PropOp56
 70
     1
102
RTVSPost2010Prop57
140
1.0
102
RTVSPost2010PropOp57
 70
     1
  0
XRECORD
  5
99
102
{ACAD_REACTORS
330
98
102
}
330
98
100
AcDbXrecord
280
     1
102
RTVSPropertyOp0
 70
     1
102
RTVSPropertyOp1
 70
     1
102
RTVSPropertyOp2
 70
     1
102
RTVSPropertyOp3
 70
     1
102
RTVSPropertyOp4
 70
     1
102
RTVSPropertyOp5
 70
     1
102
RTVSPropertyOp6
 70
     1
102
RTVSPropertyOp7
 70
     1
102
RTVSPropertyOp8
 70
     1
102
RTVSPropertyOp9
 70
     1
102
RTVSPropertyOp10
 70
     1
102
RTVSPropertyOp11
 70
     1
102
RTVSPropertyOp12
 70
     1
102
RTVSPropertyOp13
 70
     1
102
RTVSPropertyOp14
 70
     1
102
RTVSPropertyOp15
 70
     1
102
RTVSPropertyOp16
 70
     1
102
RTVSPropertyOp17
 70
     1
102
RTVSPropertyOp18
 70
     1
102
RTVSPropertyOp19
 70
     1
102
RTVSPropertyOp20
 70
     1
102
RTVSPropertyOp21
 70
     1
102
RTVSPropertyOp22
 70
     1
102
RTVSPropertyOp23
 70
     1
102
RTVSPropertyOp24
 70
     1
102
RTVSPropertyOp25
 70
     1
102
RTVSPropertyOp26
 70
     1
102
RTVSPropertyOp27
 70
     1
102
RTVSPropertyOp28
 70
     1
102
RTVSPropertyOp29
 70
     1
102
RTVSPropertyOp30
 70
     1
102
RTVSPropertyOp31
 70
     1
102
RTVSPropertyOp32
 70
     1
102
RTVSPropertyOp33
 70
     1
102
RTVSPropertyOp34
 70
     1
102
RTVSPropertyOp35
 70
     1
102
RTVSPropertyOp36
 70
     1
102
RTVSPropertyOp37
 70
     1
102
RTVSPropertyOp38
 70
     1
102
RTVSPropertyOp39
 70
     1
102
RTVSPropertyOp40
 70
     1
102
RTVSPropertyOp41
 70
     1
102
RTVSPropertyOp42
 70
     1
102
RTVSPropertyOp43
 70
     1
102
RTVSPropertyOp44
 70
     1
102
RTVSPropertyOp45
 70
     1
102
RTVSPropertyOp46
 70
     1
102
RTVSPropertyOp47
 70
     1
102
RTVSPropertyOp48
 70
     1
102
RTVSPropertyOp49
 70
     1
102
RTVSPropertyOp50
 70
     1
102
RTVSPropertyOp51
 70
     0
102
RTVSPropertyOp52
 70
     0
102
RTVSPropertyOp53
 70
     1
102
RTVSPropertyOp54
 70
     1
102
RTVSPropertyOp55
 70
     1
102
RTVSPropertyOp56
 70
     1
102
RTVSPropertyOp57
 70
     1
102
RTVSPost2010Prop28
280
     0
102
RTVSPost2010PropOp28
 70
     1
102
RTVSPost2010Prop29
280
     1
102
RTVSPost2010PropOp29
 70
     1
102
RTVSPost2010Prop30
280
     1
102
RTVSPost2010PropOp30
 70
     1
102
RTVSPost2010Prop31
280
     0
102
RTVSPost2010PropOp31
 70
     1
102
RTVSPost2010Prop32
280
     0
102
RTVSPost2010PropOp32
 70
     1
102
RTVSPost2010Prop33
280
     0
102
RTVSPost2010PropOp33
 70
     1
102
RTVSPost2010Prop34
280
     0
102
RTVSPost2010PropOp34
 70
     1
102
RTVSPost2010Prop35
280
     0
102
RTVSPost2010PropOp35
 70
     1
102
RTVSPost2010Prop36
280
     0
102
RTVSPost2010PropOp36
 70
     1
102
RTVSPost2010Prop37
 90
       50
102
RTVSPost2010PropOp37
 70
     1
102
RTVSPost2010Prop38
140
0.0
102
RTVSPost2010PropOp38
 70
     1
102
RTVSPost2010Prop39
140
1.0
102
RTVSPost2010PropOp39
 70
     1
102
RTVSPost2010Prop40
 90
        0
102
RTVSPost2010PropOp40
 70
     1
102
RTVSPost2010Prop41ColorIndex
 90
       18
102
RTVSPost2010Prop41ColorRGB
 90
        0
102
RTVSPost2010PropOp41
 70
     1
102
RTVSPost2010Prop42
 90
       50
102
RTVSPost2010PropOp42
 70
     1
102
RTVSPost2010Prop43
 90
        3
102
RTVSPost2010PropOp43
 70
     1
102
RTVSPost2010Prop44ColorIndex
 90
        5
102
RTVSPost2010Prop44ColorRGB
 90
      255
102
RTVSPost2010PropOp44
 70
     1
102
RTVSPost2010Prop45
280
     0
102
RTVSPost2010PropOp45
 70
     1
102
RTVSPost2010Prop46
 90
       50
102
RTVSPost2010PropOp46
 70
     1
102
RTVSPost2010Prop47
 90
       50
102
RTVSPost2010PropOp47
 70
     1
102
RTVSPost2010Prop48
 90
       50
102
RTVSPost2010PropOp48
 70
     1
102
RTVSPost2010Prop49
280
     0
102
RTVSPost2010PropOp49
 70
     1
102
RTVSPost2010Prop50
 90
       50
102
RTVSPost2010PropOp50
 70
     1
102
RTVSPost2010Prop51ColorIndex
 90
      256
102
RTVSPost2010Prop51ColorRGB
 90
-16777216
102
RTVSPost2010PropOp51
 70
     0
102
RTVSPost2010Prop52
140
1.0
102
RTVSPost2010PropOp52
 70
     0
102
RTVSPost2010Prop53
 90
        2
102
RTVSPost2010PropOp53
 70
     1
102
RTVSPost2010Prop54
  1
strokes_ogs.tif
102
RTVSPost2010PropOp54
 70
     1
102
RTVSPost2010Prop55
280
     0
102
RTVSPost2010PropOp55
 70
     1
102
RTVSPost2010Prop56
140
1.0
102
RTVSPost2010PropOp56
 70
     1
102
RTVSPost2010Prop57
140
1.0
102
RTVSPost2010PropOp57
 70
     1
  0
XRECORD
  5
9B
102
{ACAD_REACTORS
330
9A
102
}
330
9A
100
AcDbXrecord
280
     1
102
RTVSPropertyOp0
 70
     1
102
RTVSPropertyOp1
 70
     1
102
RTVSPropertyOp2
 70
     1
102
RTVSPropertyOp3
 70
     1
102
RTVSPropertyOp4
 70
     1
102
RTVSPropertyOp5
 70
     1
102
RTVSPropertyOp6
 70
     1
102
RTVSPropertyOp7
 70
     1
102
RTVSPropertyOp8
 70
     1
102
RTVSPropertyOp9
 70
     1
102
RTVSPropertyOp10
 70
     1
102
RTVSPropertyOp11
 70
     1
102
RTVSPropertyOp12
 70
     1
102
RTVSPropertyOp13
 70
     1
102
RTVSPropertyOp14
 70
     1
102
RTVSPropertyOp15
 70
     1
102
RTVSPropertyOp16
 70
     1
102
RTVSPropertyOp17
 70
     1
102
RTVSPropertyOp18
 70
     1
102
RTVSPropertyOp19
 70
     1
102
RTVSPropertyOp20
 70
     1
102
RTVSPropertyOp21
 70
     1
102
RTVSPropertyOp22
 70
     1
102
RTVSPropertyOp23
 70
     1
102
RTVSPropertyOp24
 70
     1
102
RTVSPropertyOp25
 70
     1
102
RTVSPropertyOp26
 70
     1
102
RTVSPropertyOp27
 70
     1
102
RTVSPropertyOp28
 70
     1
102
RTVSPropertyOp29
 70
     1
102
RTVSPropertyOp30
 70
     1
102
RTVSPropertyOp31
 70
     1
102
RTVSPropertyOp32
 70
     1
102
RTVSPropertyOp33
 70
     1
102
RTVSPropertyOp34
 70
     1
102
RTVSPropertyOp35
 70
     1
102
RTVSPropertyOp36
 70
     1
102
RTVSPropertyOp37
 70
     1
102
RTVSPropertyOp38
 70
     1
102
RTVSPropertyOp39
 70
     1
102
RTVSPropertyOp40
 70
     1
102
RTVSPropertyOp41
 70
     1
102
RTVSPropertyOp42
 70
     1
102
RTVSPropertyOp43
 70
     1
102
RTVSPropertyOp44
 70
     1
102
RTVSPropertyOp45
 70
     1
102
RTVSPropertyOp46
 70
     1
102
RTVSPropertyOp47
 70
     1
102
RTVSPropertyOp48
 70
     1
102
RTVSPropertyOp49
 70
     1
102
RTVSPropertyOp50
 70
     1
102
RTVSPropertyOp51
 70
     0
102
RTVSPropertyOp52
 70
     0
102
RTVSPropertyOp53
 70
     1
102
RTVSPropertyOp54
 70
     1
102
RTVSPropertyOp55
 70
     1
102
RTVSPropertyOp56
 70
     1
102
RTVSPropertyOp57
 70
     1
102
RTVSPost2010Prop28
280
     0
102
RTVSPost2010PropOp28
 70
     1
102
RTVSPost2010Prop29
280
     1
102
RTVSPost2010PropOp29
 70
     1
102
RTVSPost2010Prop30
280
     1
102
RTVSPost2010PropOp30
 70
     1
102
RTVSPost2010Prop31
280
     0
102
RTVSPost2010PropOp31
 70
     1
102
RTVSPost2010Prop32
280
     0
102
RTVSPost2010PropOp32
 70
     1
102
RTVSPost2010Prop33
280
     0
102
RTVSPost2010PropOp33
 70
     1
102
RTVSPost2010Prop34
280
     0
102
RTVSPost2010PropOp34
 70
     1
102
RTVSPost2010Prop35
280
     0
102
RTVSPost2010PropOp35
 70
     1
102
RTVSPost2010Prop36
280
     0
102
RTVSPost2010PropOp36
 70
     1
102
RTVSPost2010Prop37
 90
       50
102
RTVSPost2010PropOp37
 70
     1
102
RTVSPost2010Prop38
140
0.0
102
RTVSPost2010PropOp38
 70
     1
102
RTVSPost2010Prop39
140
1.0
102
RTVSPost2010PropOp39
 70
     1
102
RTVSPost2010Prop40
 90
        0
102
RTVSPost2010PropOp40
 70
     1
102
RTVSPost2010Prop41ColorIndex
 90
       18
102
RTVSPost2010Prop41ColorRGB
 90
        0
102
RTVSPost2010PropOp41
 70
     1
102
RTVSPost2010Prop42
 90
       50
102
RTVSPost2010PropOp42
 70
     1
102
RTVSPost2010Prop43
 90
        3
102
RTVSPost2010PropOp43
 70
     1
102
RTVSPost2010Prop44ColorIndex
 90
        5
102
RTVSPost2010Prop44ColorRGB
 90
      255
102
RTVSPost2010PropOp44
 70
     1
102
RTVSPost2010Prop45
280
     0
102
RTVSPost2010PropOp45
 70
     1
102
RTVSPost2010Prop46
 90
       50
102
RTVSPost2010PropOp46
 70
     1
102
RTVSPost2010Prop47
 90
       50
102
RTVSPost2010PropOp47
 70
     1
102
RTVSPost2010Prop48
 90
       50
102
RTVSPost2010PropOp48
 70
     1
102
RTVSPost2010Prop49
280
     0
102
RTVSPost2010PropOp49
 70
     1
102
RTVSPost2010Prop50
 90
       50
102
RTVSPost2010PropOp50
 70
     1
102
RTVSPost2010Prop51ColorIndex
 90
      256
102
RTVSPost2010Prop51ColorRGB
 90
-16777216
102
RTVSPost2010PropOp51
 70
     0
102
RTVSPost2010Prop52
140
1.0
102
RTVSPost2010PropOp52
 70
     0
102
RTVSPost2010Prop53
 90
        2
102
RTVSPost2010PropOp53
 70
     1
102
RTVSPost2010Prop54
  1
strokes_ogs.tif
102
RTVSPost2010PropOp54
 70
     1
102
RTVSPost2010Prop55
280
     0
102
RTVSPost2010PropOp55
 70
     1
102
RTVSPost2010Prop56
140
1.0
102
RTVSPost2010PropOp56
 70
     1
102
RTVSPost2010Prop57
140
1.0
102
RTVSPost2010PropOp57
 70
     1
  0
XRECORD
  5
9D
102
{ACAD_REACTORS
330
9C
102
}
330
9C
100
AcDbXrecord
280
     1
102
RTVSPropertyOp0
 70
     1
102
RTVSPropertyOp1
 70
     1
102
RTVSPropertyOp2
 70
     1
102
RTVSPropertyOp3
 70
     1
102
RTVSPropertyOp4
 70
     1
102
RTVSPropertyOp5
 70
     1
102
RTVSPropertyOp6
 70
     1
102
RTVSPropertyOp7
 70
     1
102
RTVSPropertyOp8
 70
     1
102
RTVSPropertyOp9
 70
     1
102
RTVSPropertyOp10
 70
     1
102
RTVSPropertyOp11
 70
     1
102
RTVSPropertyOp12
 70
     1
102
RTVSPropertyOp13
 70
     1
102
RTVSPropertyOp14
 70
     1
102
RTVSPropertyOp15
 70
     1
102
RTVSPropertyOp16
 70
     1
102
RTVSPropertyOp17
 70
     1
102
RTVSPropertyOp18
 70
     1
102
RTVSPropertyOp19
 70
     1
102
RTVSPropertyOp20
 70
     1
102
RTVSPropertyOp21
 70
     1
102
RTVSPropertyOp22
 70
     1
102
RTVSPropertyOp23
 70
     1
102
RTVSPropertyOp24
 70
     1
102
RTVSPropertyOp25
 70
     1
102
RTVSPropertyOp26
 70
     1
102
RTVSPropertyOp27
 70
     1
102
RTVSPropertyOp28
 70
     1
102
RTVSPropertyOp29
 70
     1
102
RTVSPropertyOp30
 70
     1
102
RTVSPropertyOp31
 70
     1
102
RTVSPropertyOp32
 70
     1
102
RTVSPropertyOp33
 70
     1
102
RTVSPropertyOp34
 70
     1
102
RTVSPropertyOp35
 70
     1
102
RTVSPropertyOp36
 70
     1
102
RTVSPropertyOp37
 70
     1
102
RTVSPropertyOp38
 70
     1
102
RTVSPropertyOp39
 70
     1
102
RTVSPropertyOp40
 70
     1
102
RTVSPropertyOp41
 70
     1
102
RTVSPropertyOp42
 70
     1
102
RTVSPropertyOp43
 70
     1
102
RTVSPropertyOp44
 70
     1
102
RTVSPropertyOp45
 70
     1
102
RTVSPropertyOp46
 70
     1
102
RTVSPropertyOp47
 70
     1
102
RTVSPropertyOp48
 70
     1
102
RTVSPropertyOp49
 70
     1
102
RTVSPropertyOp50
 70
     1
102
RTVSPropertyOp51
 70
     0
102
RTVSPropertyOp52
 70
     0
102
RTVSPropertyOp53
 70
     1
102
RTVSPropertyOp54
 70
     1
102
RTVSPropertyOp55
 70
     1
102
RTVSPropertyOp56
 70
     1
102
RTVSPropertyOp57
 70
     1
102
RTVSPost2010Prop28
280
     0
102
RTVSPost2010PropOp28
 70
     1
102
RTVSPost2010Prop29
280
     1
102
RTVSPost2010PropOp29
 70
     1
102
RTVSPost2010Prop30
280
     1
102
RTVSPost2010PropOp30
 70
     1
102
RTVSPost2010Prop31
280
     0
102
RTVSPost2010PropOp31
 70
     1
102
RTVSPost2010Prop32
280
     0
102
RTVSPost2010PropOp32
 70
     1
102
RTVSPost2010Prop33
280
     0
102
RTVSPost2010PropOp33
 70
     1
102
RTVSPost2010Prop34
280
     0
102
RTVSPost2010PropOp34
 70
     1
102
RTVSPost2010Prop35
280
     0
102
RTVSPost2010PropOp35
 70
     1
102
RTVSPost2010Prop36
280
     0
102
RTVSPost2010PropOp36
 70
     1
102
RTVSPost2010Prop37
 90
       50
102
RTVSPost2010PropOp37
 70
     1
102
RTVSPost2010Prop38
140
0.0
102
RTVSPost2010PropOp38
 70
     1
102
RTVSPost2010Prop39
140
1.0
102
RTVSPost2010PropOp39
 70
     1
102
RTVSPost2010Prop40
 90
        0
102
RTVSPost2010PropOp40
 70
     1
102
RTVSPost2010Prop41ColorIndex
 90
       18
102
RTVSPost2010Prop41ColorRGB
 90
        0
102
RTVSPost2010PropOp41
 70
     1
102
RTVSPost2010Prop42
 90
       50
102
RTVSPost2010PropOp42
 70
     1
102
RTVSPost2010Prop43
 90
        3
102
RTVSPost2010PropOp43
 70
     1
102
RTVSPost2010Prop44ColorIndex
 90
        5
102
RTVSPost2010Prop44ColorRGB
 90
      255
102
RTVSPost2010PropOp44
 70
     1
102
RTVSPost2010Prop45
280
     0
102
RTVSPost2010PropOp45
 70
     1
102
RTVSPost2010Prop46
 90
       50
102
RTVSPost2010PropOp46
 70
     1
102
RTVSPost2010Prop47
 90
       50
102
RTVSPost2010PropOp47
 70
     1
102
RTVSPost2010Prop48
 90
       50
102
RTVSPost2010PropOp48
 70
     1
102
RTVSPost2010Prop49
280
     0
102
RTVSPost2010PropOp49
 70
     1
102
RTVSPost2010Prop50
 90
       50
102
RTVSPost2010PropOp50
 70
     1
102
RTVSPost2010Prop51ColorIndex
 90
      256
102
RTVSPost2010Prop51ColorRGB
 90
-16777216
102
RTVSPost2010PropOp51
 70
     0
102
RTVSPost2010Prop52
140
1.0
102
RTVSPost2010PropOp52
 70
     0
102
RTVSPost2010Prop53
 90
        2
102
RTVSPost2010PropOp53
 70
     1
102
RTVSPost2010Prop54
  1
strokes_ogs.tif
102
RTVSPost2010PropOp54
 70
     1
102
RTVSPost2010Prop55
280
     0
102
RTVSPost2010PropOp55
 70
     1
102
RTVSPost2010Prop56
140
1.0
102
RTVSPost2010PropOp56
 70
     1
102
RTVSPost2010Prop57
140
1.0
102
RTVSPost2010PropOp57
 70
     1
  0
XRECORD
  5
9F
102
{ACAD_REACTORS
330
9E
102
}
330
9E
100
AcDbXrecord
280
     1
102
RTVSPropertyOp0
 70
     1
102
RTVSPropertyOp1
 70
     1
102
RTVSPropertyOp2
 70
     1
102
RTVSPropertyOp3
 70
     1
102
RTVSPropertyOp4
 70
     1
102
RTVSPropertyOp5
 70
     1
102
RTVSPropertyOp6
 70
     1
102
RTVSPropertyOp7
 70
     1
102
RTVSPropertyOp8
 70
     1
102
RTVSPropertyOp9
 70
     1
102
RTVSPropertyOp10
 70
     1
102
RTVSPropertyOp11
 70
     1
102
RTVSPropertyOp12
 70
     1
102
RTVSPropertyOp13
 70
     1
102
RTVSPropertyOp14
 70
     1
102
RTVSPropertyOp15
 70
     1
102
RTVSPropertyOp16
 70
     1
102
RTVSPropertyOp17
 70
     1
102
RTVSPropertyOp18
 70
     1
102
RTVSPropertyOp19
 70
     1
102
RTVSPropertyOp20
 70
     1
102
RTVSPropertyOp21
 70
     1
102
RTVSPropertyOp22
 70
     1
102
RTVSPropertyOp23
 70
     1
102
RTVSPropertyOp24
 70
     1
102
RTVSPropertyOp25
 70
     1
102
RTVSPropertyOp26
 70
     1
102
RTVSPropertyOp27
 70
     1
102
RTVSPropertyOp28
 70
     1
102
RTVSPropertyOp29
 70
     1
102
RTVSPropertyOp30
 70
     1
102
RTVSPropertyOp31
 70
     1
102
RTVSPropertyOp32
 70
     1
102
RTVSPropertyOp33
 70
     1
102
RTVSPropertyOp34
 70
     1
102
RTVSPropertyOp35
 70
     1
102
RTVSPropertyOp36
 70
     1
102
RTVSPropertyOp37
 70
     1
102
RTVSPropertyOp38
 70
     1
102
RTVSPropertyOp39
 70
     1
102
RTVSPropertyOp40
 70
     1
102
RTVSPropertyOp41
 70
     1
102
RTVSPropertyOp42
 70
     1
102
RTVSPropertyOp43
 70
     1
102
RTVSPropertyOp44
 70
     1
102
RTVSPropertyOp45
 70
     1
102
RTVSPropertyOp46
 70
     1
102
RTVSPropertyOp47
 70
     1
102
RTVSPropertyOp48
 70
     1
102
RTVSPropertyOp49
 70
     1
102
RTVSPropertyOp50
 70
     1
102
RTVSPropertyOp51
 70
     0
102
RTVSPropertyOp52
 70
     0
102
RTVSPropertyOp53
 70
     1
102
RTVSPropertyOp54
 70
     1
102
RTVSPropertyOp55
 70
     1
102
RTVSPropertyOp56
 70
     1
102
RTVSPropertyOp57
 70
     1
102
RTVSPost2010Prop28
280
     0
102
RTVSPost2010PropOp28
 70
     1
102
RTVSPost2010Prop29
280
     1
102
RTVSPost2010PropOp29
 70
     1
102
RTVSPost2010Prop30
280
     1
102
RTVSPost2010PropOp30
 70
     1
102
RTVSPost2010Prop31
280
     0
102
RTVSPost2010PropOp31
 70
     1
102
RTVSPost2010Prop32
280
     0
102
RTVSPost2010PropOp32
 70
     1
102
RTVSPost2010Prop33
280
     0
102
RTVSPost2010PropOp33
 70
     1
102
RTVSPost2010Prop34
280
     0
102
RTVSPost2010PropOp34
 70
     1
102
RTVSPost2010Prop35
280
     0
102
RTVSPost2010PropOp35
 70
     1
102
RTVSPost2010Prop36
280
     0
102
RTVSPost2010PropOp36
 70
     1
102
RTVSPost2010Prop37
 90
       50
102
RTVSPost2010PropOp37
 70
     1
102
RTVSPost2010Prop38
140
0.0
102
RTVSPost2010PropOp38
 70
     1
102
RTVSPost2010Prop39
140
1.0
102
RTVSPost2010PropOp39
 70
     1
102
RTVSPost2010Prop40
 90
        0
102
RTVSPost2010PropOp40
 70
     1
102
RTVSPost2010Prop41ColorIndex
 90
       18
102
RTVSPost2010Prop41ColorRGB
 90
        0
102
RTVSPost2010PropOp41
 70
     1
102
RTVSPost2010Prop42
 90
       50
102
RTVSPost2010PropOp42
 70
     1
102
RTVSPost2010Prop43
 90
        3
102
RTVSPost2010PropOp43
 70
     1
102
RTVSPost2010Prop44ColorIndex
 90
        5
102
RTVSPost2010Prop44ColorRGB
 90
      255
102
RTVSPost2010PropOp44
 70
     1
102
RTVSPost2010Prop45
280
     0
102
RTVSPost2010PropOp45
 70
     1
102
RTVSPost2010Prop46
 90
       50
102
RTVSPost2010PropOp46
 70
     1
102
RTVSPost2010Prop47
 90
       50
102
RTVSPost2010PropOp47
 70
     1
102
RTVSPost2010Prop48
 90
       50
102
RTVSPost2010PropOp48
 70
     1
102
RTVSPost2010Prop49
280
     0
102
RTVSPost2010PropOp49
 70
     1
102
RTVSPost2010Prop50
 90
       50
102
RTVSPost2010PropOp50
 70
     1
102
RTVSPost2010Prop51ColorIndex
 90
      256
102
RTVSPost2010Prop51ColorRGB
 90
-16777216
102
RTVSPost2010PropOp51
 70
     0
102
RTVSPost2010Prop52
140
1.0
102
RTVSPost2010PropOp52
 70
     0
102
RTVSPost2010Prop53
 90
        2
102
RTVSPost2010PropOp53
 70
     1
102
RTVSPost2010Prop54
  1
strokes_ogs.tif
102
RTVSPost2010PropOp54
 70
     1
102
RTVSPost2010Prop55
280
     0
102
RTVSPost2010PropOp55
 70
     1
102
RTVSPost2010Prop56
140
1.0
102
RTVSPost2010PropOp56
 70
     1
102
RTVSPost2010Prop57
140
1.0
102
RTVSPost2010PropOp57
 70
     1
  0
XRECORD
  5
A5
102
{ACAD_REACTORS
330
A4
102
}
330
A4
100
AcDbXrecord
280
     1
102
RTVSPropertyOp0
 70
     1
102
RTVSPropertyOp1
 70
     1
102
RTVSPropertyOp2
 70
     1
102
RTVSPropertyOp3
 70
     1
102
RTVSPropertyOp4
 70
     1
102
RTVSPropertyOp5
 70
     1
102
RTVSPropertyOp6
 70
     1
102
RTVSPropertyOp7
 70
     1
102
RTVSPropertyOp8
 70
     1
102
RTVSPropertyOp9
 70
     1
102
RTVSPropertyOp10
 70
     1
102
RTVSPropertyOp11
 70
     1
102
RTVSPropertyOp12
 70
     1
102
RTVSPropertyOp13
 70
     1
102
RTVSPropertyOp14
 70
     1
102
RTVSPropertyOp15
 70
     1
102
RTVSPropertyOp16
 70
     1
102
RTVSPropertyOp17
 70
     1
102
RTVSPropertyOp18
 70
     1
102
RTVSPropertyOp19
 70
     1
102
RTVSPropertyOp20
 70
     1
102
RTVSPropertyOp21
 70
     1
102
RTVSPropertyOp22
 70
     1
102
RTVSPropertyOp23
 70
     1
102
RTVSPropertyOp24
 70
     1
102
RTVSPropertyOp25
 70
     1
102
RTVSPropertyOp26
 70
     1
102
RTVSPropertyOp27
 70
     1
102
RTVSPropertyOp28
 70
     1
102
RTVSPropertyOp29
 70
     1
102
RTVSPropertyOp30
 70
     1
102
RTVSPropertyOp31
 70
     1
102
RTVSPropertyOp32
 70
     1
102
RTVSPropertyOp33
 70
     1
102
RTVSPropertyOp34
 70
     1
102
RTVSPropertyOp35
 70
     1
102
RTVSPropertyOp36
 70
     1
102
RTVSPropertyOp37
 70
     1
102
RTVSPropertyOp38
 70
     1
102
RTVSPropertyOp39
 70
     1
102
RTVSPropertyOp40
 70
     1
102
RTVSPropertyOp41
 70
     1
102
RTVSPropertyOp42
 70
     1
102
RTVSPropertyOp43
 70
     1
102
RTVSPropertyOp44
 70
     1
102
RTVSPropertyOp45
 70
     1
102
RTVSPropertyOp46
 70
     1
102
RTVSPropertyOp47
 70
     1
102
RTVSPropertyOp48
 70
     1
102
RTVSPropertyOp49
 70
     1
102
RTVSPropertyOp50
 70
     1
102
RTVSPropertyOp51
 70
     0
102
RTVSPropertyOp52
 70
     0
102
RTVSPropertyOp53
 70
     1
102
RTVSPropertyOp54
 70
     1
102
RTVSPropertyOp55
 70
     1
102
RTVSPropertyOp56
 70
     1
102
RTVSPropertyOp57
 70
     1
102
RTVSPost2010Prop28
280
     0
102
RTVSPost2010PropOp28
 70
     1
102
RTVSPost2010Prop29
280
     1
102
RTVSPost2010PropOp29
 70
     1
102
RTVSPost2010Prop30
280
     1
102
RTVSPost2010PropOp30
 70
     1
102
RTVSPost2010Prop31
280
     0
102
RTVSPost2010PropOp31
 70
     1
102
RTVSPost2010Prop32
280
     0
102
RTVSPost2010PropOp32
 70
     1
102
RTVSPost2010Prop33
280
     0
102
RTVSPost2010PropOp33
 70
     1
102
RTVSPost2010Prop34
280
     0
102
RTVSPost2010PropOp34
 70
     1
102
RTVSPost2010Prop35
280
     0
102
RTVSPost2010PropOp35
 70
     1
102
RTVSPost2010Prop36
280
     0
102
RTVSPost2010PropOp36
 70
     1
102
RTVSPost2010Prop37
 90
       50
102
RTVSPost2010PropOp37
 70
     1
102
RTVSPost2010Prop38
140
0.0
102
RTVSPost2010PropOp38
 70
     1
102
RTVSPost2010Prop39
140
1.0
102
RTVSPost2010PropOp39
 70
     1
102
RTVSPost2010Prop40
 90
        0
102
RTVSPost2010PropOp40
 70
     1
102
RTVSPost2010Prop41ColorIndex
 90
       18
102
RTVSPost2010Prop41ColorRGB
 90
        0
102
RTVSPost2010PropOp41
 70
     1
102
RTVSPost2010Prop42
 90
       50
102
RTVSPost2010PropOp42
 70
     1
102
RTVSPost2010Prop43
 90
        3
102
RTVSPost2010PropOp43
 70
     1
102
RTVSPost2010Prop44ColorIndex
 90
        5
102
RTVSPost2010Prop44ColorRGB
 90
      255
102
RTVSPost2010PropOp44
 70
     1
102
RTVSPost2010Prop45
280
     0
102
RTVSPost2010PropOp45
 70
     1
102
RTVSPost2010Prop46
 90
       50
102
RTVSPost2010PropOp46
 70
     1
102
RTVSPost2010Prop47
 90
       50
102
RTVSPost2010PropOp47
 70
     1
102
RTVSPost2010Prop48
 90
       50
102
RTVSPost2010PropOp48
 70
     1
102
RTVSPost2010Prop49
280
     0
102
RTVSPost2010PropOp49
 70
     1
102
RTVSPost2010Prop50
 90
       50
102
RTVSPost2010PropOp50
 70
     1
102
RTVSPost2010Prop51ColorIndex
 90
      256
102
RTVSPost2010Prop51ColorRGB
 90
-16777216
102
RTVSPost2010PropOp51
 70
     0
102
RTVSPost2010Prop52
140
1.0
102
RTVSPost2010PropOp52
 70
     0
102
RTVSPost2010Prop53
 90
        2
102
RTVSPost2010PropOp53
 70
     1
102
RTVSPost2010Prop54
  1
strokes_ogs.tif
102
RTVSPost2010PropOp54
 70
     1
102
RTVSPost2010Prop55
280
     0
102
RTVSPost2010PropOp55
 70
     1
102
RTVSPost2010Prop56
140
1.0
102
RTVSPost2010PropOp56
 70
     1
102
RTVSPost2010Prop57
140
1.0
102
RTVSPost2010PropOp57
 70
     1
  0
XRECORD
  5
B9
102
{ACAD_REACTORS
330
B8
102
}
330
B8
100
AcDbXrecord
280
     1
102
RTVSPropertyOp0
 70
     0
102
RTVSPropertyOp1
 70
     0
102
RTVSPropertyOp2
 70
     0
102
RTVSPropertyOp3
 70
     0
102
RTVSPropertyOp4
 70
     0
102
RTVSPropertyOp5
 70
     0
102
RTVSPropertyOp6
 70
     0
102
RTVSPropertyOp7
 70
     0
102
RTVSPropertyOp8
 70
     0
102
RTVSPropertyOp9
 70
     0
102
RTVSPropertyOp10
 70
     0
102
RTVSPropertyOp11
 70
     0
102
RTVSPropertyOp12
 70
     0
102
RTVSPropertyOp13
 70
     0
102
RTVSPropertyOp14
 70
     2
102
RTVSPropertyOp15
 70
     0
102
RTVSPropertyOp16
 70
     0
102
RTVSPropertyOp17
 70
     0
102
RTVSPropertyOp18
 70
     0
102
RTVSPropertyOp19
 70
     0
102
RTVSPropertyOp20
 70
     0
102
RTVSPropertyOp21
 70
     0
102
RTVSPropertyOp22
 70
     0
102
RTVSPropertyOp23
 70
     0
102
RTVSPropertyOp24
 70
     0
102
RTVSPropertyOp25
 70
     0
102
RTVSPropertyOp26
 70
     0
102
RTVSPropertyOp27
 70
     0
102
RTVSPropertyOp28
 70
     0
102
RTVSPropertyOp29
 70
     0
102
RTVSPropertyOp30
 70
     0
102
RTVSPropertyOp31
 70
     0
102
RTVSPropertyOp32
 70
     0
102
RTVSPropertyOp33
 70
     0
102
RTVSPropertyOp34
 70
     0
102
RTVSPropertyOp35
 70
     0
102
RTVSPropertyOp36
 70
     0
102
RTVSPropertyOp37
 70
     0
102
RTVSPropertyOp38
 70
     0
102
RTVSPropertyOp39
 70
     0
102
RTVSPropertyOp40
 70
     0
102
RTVSPropertyOp41
 70
     0
102
RTVSPropertyOp42
 70
     0
102
RTVSPropertyOp43
 70
     0
102
RTVSPropertyOp44
 70
     0
102
RTVSPropertyOp45
 70
     0
102
RTVSPropertyOp46
 70
     0
102
RTVSPropertyOp47
 70
     0
102
RTVSPropertyOp48
 70
     0
102
RTVSPropertyOp49
 70
     0
102
RTVSPropertyOp50
 70
     0
102
RTVSPropertyOp51
 70
     0
102
RTVSPropertyOp52
 70
     0
102
RTVSPropertyOp53
 70
     0
102
RTVSPropertyOp54
 70
     0
102
RTVSPropertyOp55
 70
     0
102
RTVSPropertyOp56
 70
     0
102
RTVSPropertyOp57
 70
     0
102
RTVSPost2010Prop28
280
     0
102
RTVSPost2010PropOp28
 70
     0
102
RTVSPost2010Prop29
280
     1
102
RTVSPost2010PropOp29
 70
     0
102
RTVSPost2010Prop30
280
     1
102
RTVSPost2010PropOp30
 70
     0
102
RTVSPost2010Prop31
280
     0
102
RTVSPost2010PropOp31
 70
     0
102
RTVSPost2010Prop32
280
     0
102
RTVSPost2010PropOp32
 70
     0
102
RTVSPost2010Prop33
280
     0
102
RTVSPost2010PropOp33
 70
     0
102
RTVSPost2010Prop34
280
     0
102
RTVSPost2010PropOp34
 70
     0
102
RTVSPost2010Prop35
280
     0
102
RTVSPost2010PropOp35
 70
     0
102
RTVSPost2010Prop36
280
     0
102
RTVSPost2010PropOp36
 70
     0
102
RTVSPost2010Prop37
 90
       50
102
RTVSPost2010PropOp37
 70
     0
102
RTVSPost2010Prop38
140
0.0
102
RTVSPost2010PropOp38
 70
     0
102
RTVSPost2010Prop39
140
1.0
102
RTVSPost2010PropOp39
 70
     0
102
RTVSPost2010Prop40
 90
        0
102
RTVSPost2010PropOp40
 70
     0
102
RTVSPost2010Prop41ColorIndex
 90
       18
102
RTVSPost2010Prop41ColorRGB
 90
        0
102
RTVSPost2010PropOp41
 70
     0
102
RTVSPost2010Prop42
 90
       50
102
RTVSPost2010PropOp42
 70
     0
102
RTVSPost2010Prop43
 90
        3
102
RTVSPost2010PropOp43
 70
     0
102
RTVSPost2010Prop44ColorIndex
 90
        5
102
RTVSPost2010Prop44ColorRGB
 90
      255
102
RTVSPost2010PropOp44
 70
     0
102
RTVSPost2010Prop45
280
     0
102
RTVSPost2010PropOp45
 70
     0
102
RTVSPost2010Prop46
 90
       50
102
RTVSPost2010PropOp46
 70
     0
102
RTVSPost2010Prop47
 90
       50
102
RTVSPost2010PropOp47
 70
     0
102
RTVSPost2010Prop48
 90
       50
102
RTVSPost2010PropOp48
 70
     0
102
RTVSPost2010Prop49
280
     0
102
RTVSPost2010PropOp49
 70
     0
102
RTVSPost2010Prop50
 90
       50
102
RTVSPost2010PropOp50
 70
     0
102
RTVSPost2010Prop51ColorIndex
 90
      256
102
RTVSPost2010Prop51ColorRGB
 90
-16777216
102
RTVSPost2010PropOp51
 70
     0
102
RTVSPost2010Prop52
140
1.0
102
RTVSPost2010PropOp52
 70
     0
102
RTVSPost2010Prop53
 90
        2
102
RTVSPost2010PropOp53
 70
     0
102
RTVSPost2010Prop54
  1
strokes_ogs.tif
102
RTVSPost2010PropOp54
 70
     0
102
RTVSPost2010Prop55
280
     0
102
RTVSPost2010PropOp55
 70
     0
102
RTVSPost2010Prop56
140
1.0
102
RTVSPost2010PropOp56
 70
     0
102
RTVSPost2010Prop57
140
1.0
102
RTVSPost2010PropOp57
 70
     0
  0
XRECORD
  5
B3
102
{ACAD_REACTORS
330
B2
102
}
330
B2
100
AcDbXrecord
280
     1
102
RTVSPropertyOp0
 70
     1
102
RTVSPropertyOp1
 70
     1
102
RTVSPropertyOp2
 70
     1
102
RTVSPropertyOp3
 70
     1
102
RTVSPropertyOp4
 70
     1
102
RTVSPropertyOp5
 70
     1
102
RTVSPropertyOp6
 70
     1
102
RTVSPropertyOp7
 70
     1
102
RTVSPropertyOp8
 70
     1
102
RTVSPropertyOp9
 70
     1
102
RTVSPropertyOp10
 70
     1
102
RTVSPropertyOp11
 70
     1
102
RTVSPropertyOp12
 70
     1
102
RTVSPropertyOp13
 70
     1
102
RTVSPropertyOp14
 70
     1
102
RTVSPropertyOp15
 70
     1
102
RTVSPropertyOp16
 70
     1
102
RTVSPropertyOp17
 70
     1
102
RTVSPropertyOp18
 70
     1
102
RTVSPropertyOp19
 70
     1
102
RTVSPropertyOp20
 70
     1
102
RTVSPropertyOp21
 70
     1
102
RTVSPropertyOp22
 70
     1
102
RTVSPropertyOp23
 70
     1
102
RTVSPropertyOp24
 70
     1
102
RTVSPropertyOp25
 70
     1
102
RTVSPropertyOp26
 70
     1
102
RTVSPropertyOp27
 70
     1
102
RTVSPropertyOp28
 70
     1
102
RTVSPropertyOp29
 70
     1
102
RTVSPropertyOp30
 70
     1
102
RTVSPropertyOp31
 70
     1
102
RTVSPropertyOp32
 70
     1
102
RTVSPropertyOp33
 70
     1
102
RTVSPropertyOp34
 70
     1
102
RTVSPropertyOp35
 70
     1
102
RTVSPropertyOp36
 70
     1
102
RTVSPropertyOp37
 70
     1
102
RTVSPropertyOp38
 70
     1
102
RTVSPropertyOp39
 70
     1
102
RTVSPropertyOp40
 70
     1
102
RTVSPropertyOp41
 70
     1
102
RTVSPropertyOp42
 70
     1
102
RTVSPropertyOp43
 70
     1
102
RTVSPropertyOp44
 70
     1
102
RTVSPropertyOp45
 70
     1
102
RTVSPropertyOp46
 70
     1
102
RTVSPropertyOp47
 70
     1
102
RTVSPropertyOp48
 70
     1
102
RTVSPropertyOp49
 70
     1
102
RTVSPropertyOp50
 70
     1
102
RTVSPropertyOp51
 70
     0
102
RTVSPropertyOp52
 70
     0
102
RTVSPropertyOp53
 70
     1
102
RTVSPropertyOp54
 70
     1
102
RTVSPropertyOp55
 70
     1
102
RTVSPropertyOp56
 70
     1
102
RTVSPropertyOp57
 70
     1
102
RTVSPost2010Prop28
280
     0
102
RTVSPost2010PropOp28
 70
     1
102
RTVSPost2010Prop29
280
     1
102
RTVSPost2010PropOp29
 70
     1
102
RTVSPost2010Prop30
280
     1
102
RTVSPost2010PropOp30
 70
     1
102
RTVSPost2010Prop31
280
     0
102
RTVSPost2010PropOp31
 70
     1
102
RTVSPost2010Prop32
280
     0
102
RTVSPost2010PropOp32
 70
     1
102
RTVSPost2010Prop33
280
     0
102
RTVSPost2010PropOp33
 70
     1
102
RTVSPost2010Prop34
280
     0
102
RTVSPost2010PropOp34
 70
     1
102
RTVSPost2010Prop35
280
     0
102
RTVSPost2010PropOp35
 70
     1
102
RTVSPost2010Prop36
280
     0
102
RTVSPost2010PropOp36
 70
     1
102
RTVSPost2010Prop37
 90
       50
102
RTVSPost2010PropOp37
 70
     1
102
RTVSPost2010Prop38
140
0.0
102
RTVSPost2010PropOp38
 70
     1
102
RTVSPost2010Prop39
140
1.0
102
RTVSPost2010PropOp39
 70
     1
102
RTVSPost2010Prop40
 90
        0
102
RTVSPost2010PropOp40
 70
     1
102
RTVSPost2010Prop41ColorIndex
 90
       18
102
RTVSPost2010Prop41ColorRGB
 90
        0
102
RTVSPost2010PropOp41
 70
     1
102
RTVSPost2010Prop42
 90
       50
102
RTVSPost2010PropOp42
 70
     1
102
RTVSPost2010Prop43
 90
        3
102
RTVSPost2010PropOp43
 70
     1
102
RTVSPost2010Prop44ColorIndex
 90
        5
102
RTVSPost2010Prop44ColorRGB
 90
      255
102
RTVSPost2010PropOp44
 70
     1
102
RTVSPost2010Prop45
280
     0
102
RTVSPost2010PropOp45
 70
     1
102
RTVSPost2010Prop46
 90
       50
102
RTVSPost2010PropOp46
 70
     1
102
RTVSPost2010Prop47
 90
       50
102
RTVSPost2010PropOp47
 70
     1
102
RTVSPost2010Prop48
 90
       50
102
RTVSPost2010PropOp48
 70
     1
102
RTVSPost2010Prop49
280
     0
102
RTVSPost2010PropOp49
 70
     1
102
RTVSPost2010Prop50
 90
       50
102
RTVSPost2010PropOp50
 70
     1
102
RTVSPost2010Prop51ColorIndex
 90
      256
102
RTVSPost2010Prop51ColorRGB
 90
-16777216
102
RTVSPost2010PropOp51
 70
     0
102
RTVSPost2010Prop52
140
1.0
102
RTVSPost2010PropOp52
 70
     0
102
RTVSPost2010Prop53
 90
        2
102
RTVSPost2010PropOp53
 70
     1
102
RTVSPost2010Prop54
  1
strokes_ogs.tif
102
RTVSPost2010PropOp54
 70
     1
102
RTVSPost2010Prop55
280
     0
102
RTVSPost2010PropOp55
 70
     1
102
RTVSPost2010Prop56
140
1.0
102
RTVSPost2010PropOp56
 70
     1
102
RTVSPost2010Prop57
140
1.0
102
RTVSPost2010PropOp57
 70
     1
  0
XRECORD
  5
BB
102
{ACAD_REACTORS
330
BA
102
}
330
BA
100
AcDbXrecord
280
     1
102
RTVSPropertyOp0
 70
     0
102
RTVSPropertyOp1
 70
     0
102
RTVSPropertyOp2
 70
     0
102
RTVSPropertyOp3
 70
     0
102
RTVSPropertyOp4
 70
     0
102
RTVSPropertyOp5
 70
     0
102
RTVSPropertyOp6
 70
     0
102
RTVSPropertyOp7
 70
     0
102
RTVSPropertyOp8
 70
     0
102
RTVSPropertyOp9
 70
     0
102
RTVSPropertyOp10
 70
     0
102
RTVSPropertyOp11
 70
     0
102
RTVSPropertyOp12
 70
     0
102
RTVSPropertyOp13
 70
     0
102
RTVSPropertyOp14
 70
     2
102
RTVSPropertyOp15
 70
     0
102
RTVSPropertyOp16
 70
     0
102
RTVSPropertyOp17
 70
     0
102
RTVSPropertyOp18
 70
     0
102
RTVSPropertyOp19
 70
     0
102
RTVSPropertyOp20
 70
     0
102
RTVSPropertyOp21
 70
     0
102
RTVSPropertyOp22
 70
     0
102
RTVSPropertyOp23
 70
     0
102
RTVSPropertyOp24
 70
     0
102
RTVSPropertyOp25
 70
     0
102
RTVSPropertyOp26
 70
     0
102
RTVSPropertyOp27
 70
     0
102
RTVSPropertyOp28
 70
     0
102
RTVSPropertyOp29
 70
     0
102
RTVSPropertyOp30
 70
     0
102
RTVSPropertyOp31
 70
     0
102
RTVSPropertyOp32
 70
     0
102
RTVSPropertyOp33
 70
     0
102
RTVSPropertyOp34
 70
     0
102
RTVSPropertyOp35
 70
     0
102
RTVSPropertyOp36
 70
     0
102
RTVSPropertyOp37
 70
     0
102
RTVSPropertyOp38
 70
     0
102
RTVSPropertyOp39
 70
     0
102
RTVSPropertyOp40
 70
     0
102
RTVSPropertyOp41
 70
     0
102
RTVSPropertyOp42
 70
     0
102
RTVSPropertyOp43
 70
     0
102
RTVSPropertyOp44
 70
     0
102
RTVSPropertyOp45
 70
     0
102
RTVSPropertyOp46
 70
     0
102
RTVSPropertyOp47
 70
     0
102
RTVSPropertyOp48
 70
     0
102
RTVSPropertyOp49
 70
     0
102
RTVSPropertyOp50
 70
     0
102
RTVSPropertyOp51
 70
     0
102
RTVSPropertyOp52
 70
     0
102
RTVSPropertyOp53
 70
     0
102
RTVSPropertyOp54
 70
     0
102
RTVSPropertyOp55
 70
     0
102
RTVSPropertyOp56
 70
     0
102
RTVSPropertyOp57
 70
     0
102
RTVSPost2010Prop28
280
     0
102
RTVSPost2010PropOp28
 70
     0
102
RTVSPost2010Prop29
280
     1
102
RTVSPost2010PropOp29
 70
     0
102
RTVSPost2010Prop30
280
     1
102
RTVSPost2010PropOp30
 70
     0
102
RTVSPost2010Prop31
280
     0
102
RTVSPost2010PropOp31
 70
     0
102
RTVSPost2010Prop32
280
     0
102
RTVSPost2010PropOp32
 70
     0
102
RTVSPost2010Prop33
280
     0
102
RTVSPost2010PropOp33
 70
     0
102
RTVSPost2010Prop34
280
     0
102
RTVSPost2010PropOp34
 70
     0
102
RTVSPost2010Prop35
280
     0
102
RTVSPost2010PropOp35
 70
     0
102
RTVSPost2010Prop36
280
     0
102
RTVSPost2010PropOp36
 70
     0
102
RTVSPost2010Prop37
 90
       50
102
RTVSPost2010PropOp37
 70
     0
102
RTVSPost2010Prop38
140
0.0
102
RTVSPost2010PropOp38
 70
     0
102
RTVSPost2010Prop39
140
1.0
102
RTVSPost2010PropOp39
 70
     0
102
RTVSPost2010Prop40
 90
        0
102
RTVSPost2010PropOp40
 70
     0
102
RTVSPost2010Prop41ColorIndex
 90
       18
102
RTVSPost2010Prop41ColorRGB
 90
        0
102
RTVSPost2010PropOp41
 70
     0
102
RTVSPost2010Prop42
 90
       50
102
RTVSPost2010PropOp42
 70
     0
102
RTVSPost2010Prop43
 90
        3
102
RTVSPost2010PropOp43
 70
     0
102
RTVSPost2010Prop44ColorIndex
 90
        5
102
RTVSPost2010Prop44ColorRGB
 90
      255
102
RTVSPost2010PropOp44
 70
     0
102
RTVSPost2010Prop45
280
     0
102
RTVSPost2010PropOp45
 70
     0
102
RTVSPost2010Prop46
 90
       50
102
RTVSPost2010PropOp46
 70
     0
102
RTVSPost2010Prop47
 90
       50
102
RTVSPost2010PropOp47
 70
     0
102
RTVSPost2010Prop48
 90
       50
102
RTVSPost2010PropOp48
 70
     0
102
RTVSPost2010Prop49
280
     0
102
RTVSPost2010PropOp49
 70
     0
102
RTVSPost2010Prop50
 90
       50
102
RTVSPost2010PropOp50
 70
     0
102
RTVSPost2010Prop51ColorIndex
 90
      256
102
RTVSPost2010Prop51ColorRGB
 90
-16777216
102
RTVSPost2010PropOp51
 70
     0
102
RTVSPost2010Prop52
140
1.0
102
RTVSPost2010PropOp52
 70
     0
102
RTVSPost2010Prop53
 90
        2
102
RTVSPost2010PropOp53
 70
     0
102
RTVSPost2010Prop54
  1
strokes_ogs.tif
102
RTVSPost2010PropOp54
 70
     0
102
RTVSPost2010Prop55
280
     0
102
RTVSPost2010PropOp55
 70
     0
102
RTVSPost2010Prop56
140
1.0
102
RTVSPost2010PropOp56
 70
     0
102
RTVSPost2010Prop57
140
1.0
102
RTVSPost2010PropOp57
 70
     0
  0
XRECORD
  5
A9
102
{ACAD_REACTORS
330
A8
102
}
330
A8
100
AcDbXrecord
280
     1
102
RTVSPropertyOp0
 70
     1
102
RTVSPropertyOp1
 70
     1
102
RTVSPropertyOp2
 70
     1
102
RTVSPropertyOp3
 70
     1
102
RTVSPropertyOp4
 70
     1
102
RTVSPropertyOp5
 70
     1
102
RTVSPropertyOp6
 70
     1
102
RTVSPropertyOp7
 70
     1
102
RTVSPropertyOp8
 70
     1
102
RTVSPropertyOp9
 70
     1
102
RTVSPropertyOp10
 70
     1
102
RTVSPropertyOp11
 70
     1
102
RTVSPropertyOp12
 70
     1
102
RTVSPropertyOp13
 70
     1
102
RTVSPropertyOp14
 70
     1
102
RTVSPropertyOp15
 70
     1
102
RTVSPropertyOp16
 70
     1
102
RTVSPropertyOp17
 70
     1
102
RTVSPropertyOp18
 70
     1
102
RTVSPropertyOp19
 70
     1
102
RTVSPropertyOp20
 70
     1
102
RTVSPropertyOp21
 70
     1
102
RTVSPropertyOp22
 70
     1
102
RTVSPropertyOp23
 70
     1
102
RTVSPropertyOp24
 70
     1
102
RTVSPropertyOp25
 70
     1
102
RTVSPropertyOp26
 70
     1
102
RTVSPropertyOp27
 70
     1
102
RTVSPropertyOp28
 70
     1
102
RTVSPropertyOp29
 70
     1
102
RTVSPropertyOp30
 70
     1
102
RTVSPropertyOp31
 70
     1
102
RTVSPropertyOp32
 70
     1
102
RTVSPropertyOp33
 70
     1
102
RTVSPropertyOp34
 70
     1
102
RTVSPropertyOp35
 70
     1
102
RTVSPropertyOp36
 70
     1
102
RTVSPropertyOp37
 70
     1
102
RTVSPropertyOp38
 70
     1
102
RTVSPropertyOp39
 70
     1
102
RTVSPropertyOp40
 70
     1
102
RTVSPropertyOp41
 70
     1
102
RTVSPropertyOp42
 70
     1
102
RTVSPropertyOp43
 70
     1
102
RTVSPropertyOp44
 70
     1
102
RTVSPropertyOp45
 70
     1
102
RTVSPropertyOp46
 70
     1
102
RTVSPropertyOp47
 70
     1
102
RTVSPropertyOp48
 70
     1
102
RTVSPropertyOp49
 70
     1
102
RTVSPropertyOp50
 70
     1
102
RTVSPropertyOp51
 70
     0
102
RTVSPropertyOp52
 70
     0
102
RTVSPropertyOp53
 70
     1
102
RTVSPropertyOp54
 70
     1
102
RTVSPropertyOp55
 70
     1
102
RTVSPropertyOp56
 70
     1
102
RTVSPropertyOp57
 70
     1
102
RTVSPost2010Prop28
280
     0
102
RTVSPost2010PropOp28
 70
     1
102
RTVSPost2010Prop29
280
     1
102
RTVSPost2010PropOp29
 70
     1
102
RTVSPost2010Prop30
280
     1
102
RTVSPost2010PropOp30
 70
     1
102
RTVSPost2010Prop31
280
     0
102
RTVSPost2010PropOp31
 70
     1
102
RTVSPost2010Prop32
280
     0
102
RTVSPost2010PropOp32
 70
     1
102
RTVSPost2010Prop33
280
     0
102
RTVSPost2010PropOp33
 70
     1
102
RTVSPost2010Prop34
280
     0
102
RTVSPost2010PropOp34
 70
     1
102
RTVSPost2010Prop35
280
     0
102
RTVSPost2010PropOp35
 70
     1
102
RTVSPost2010Prop36
280
     0
102
RTVSPost2010PropOp36
 70
     1
102
RTVSPost2010Prop37
 90
       50
102
RTVSPost2010PropOp37
 70
     1
102
RTVSPost2010Prop38
140
0.0
102
RTVSPost2010PropOp38
 70
     1
102
RTVSPost2010Prop39
140
1.0
102
RTVSPost2010PropOp39
 70
     1
102
RTVSPost2010Prop40
 90
        0
102
RTVSPost2010PropOp40
 70
     1
102
RTVSPost2010Prop41ColorIndex
 90
       18
102
RTVSPost2010Prop41ColorRGB
 90
        0
102
RTVSPost2010PropOp41
 70
     1
102
RTVSPost2010Prop42
 90
       50
102
RTVSPost2010PropOp42
 70
     1
102
RTVSPost2010Prop43
 90
        3
102
RTVSPost2010PropOp43
 70
     1
102
RTVSPost2010Prop44ColorIndex
 90
        5
102
RTVSPost2010Prop44ColorRGB
 90
      255
102
RTVSPost2010PropOp44
 70
     1
102
RTVSPost2010Prop45
280
     0
102
RTVSPost2010PropOp45
 70
     1
102
RTVSPost2010Prop46
 90
       50
102
RTVSPost2010PropOp46
 70
     1
102
RTVSPost2010Prop47
 90
       50
102
RTVSPost2010PropOp47
 70
     1
102
RTVSPost2010Prop48
 90
       50
102
RTVSPost2010PropOp48
 70
     1
102
RTVSPost2010Prop49
280
     0
102
RTVSPost2010PropOp49
 70
     1
102
RTVSPost2010Prop50
 90
       50
102
RTVSPost2010PropOp50
 70
     1
102
RTVSPost2010Prop51ColorIndex
 90
      256
102
RTVSPost2010Prop51ColorRGB
 90
-16777216
102
RTVSPost2010PropOp51
 70
     0
102
RTVSPost2010Prop52
140
1.0
102
RTVSPost2010PropOp52
 70
     0
102
RTVSPost2010Prop53
 90
        2
102
RTVSPost2010PropOp53
 70
     1
102
RTVSPost2010Prop54
  1
strokes_ogs.tif
102
RTVSPost2010PropOp54
 70
     1
102
RTVSPost2010Prop55
280
     0
102
RTVSPost2010PropOp55
 70
     1
102
RTVSPost2010Prop56
140
1.0
102
RTVSPost2010PropOp56
 70
     1
102
RTVSPost2010Prop57
140
1.0
102
RTVSPost2010PropOp57
 70
     1
  0
XRECORD
  5
C7
102
{ACAD_REACTORS
330
C6
102
}
330
C6
100
AcDbXrecord
280
     1
102
RTVSPropertyOp0
 70
     1
102
RTVSPropertyOp1
 70
     1
102
RTVSPropertyOp2
 70
     1
102
RTVSPropertyOp3
 70
     1
102
RTVSPropertyOp4
 70
     1
102
RTVSPropertyOp5
 70
     1
102
RTVSPropertyOp6
 70
     1
102
RTVSPropertyOp7
 70
     1
102
RTVSPropertyOp8
 70
     1
102
RTVSPropertyOp9
 70
     1
102
RTVSPropertyOp10
 70
     1
102
RTVSPropertyOp11
 70
     1
102
RTVSPropertyOp12
 70
     1
102
RTVSPropertyOp13
 70
     1
102
RTVSPropertyOp14
 70
     1
102
RTVSPropertyOp15
 70
     1
102
RTVSPropertyOp16
 70
     1
102
RTVSPropertyOp17
 70
     1
102
RTVSPropertyOp18
 70
     1
102
RTVSPropertyOp19
 70
     1
102
RTVSPropertyOp20
 70
     1
102
RTVSPropertyOp21
 70
     1
102
RTVSPropertyOp22
 70
     1
102
RTVSPropertyOp23
 70
     1
102
RTVSPropertyOp24
 70
     1
102
RTVSPropertyOp25
 70
     1
102
RTVSPropertyOp26
 70
     1
102
RTVSPropertyOp27
 70
     1
102
RTVSPropertyOp28
 70
     1
102
RTVSPropertyOp29
 70
     1
102
RTVSPropertyOp30
 70
     1
102
RTVSPropertyOp31
 70
     1
102
RTVSPropertyOp32
 70
     1
102
RTVSPropertyOp33
 70
     1
102
RTVSPropertyOp34
 70
     1
102
RTVSPropertyOp35
 70
     1
102
RTVSPropertyOp36
 70
     1
102
RTVSPropertyOp37
 70
     1
102
RTVSPropertyOp38
 70
     1
102
RTVSPropertyOp39
 70
     1
102
RTVSPropertyOp40
 70
     1
102
RTVSPropertyOp41
 70
     1
102
RTVSPropertyOp42
 70
     1
102
RTVSPropertyOp43
 70
     1
102
RTVSPropertyOp44
 70
     1
102
RTVSPropertyOp45
 70
     1
102
RTVSPropertyOp46
 70
     1
102
RTVSPropertyOp47
 70
     1
102
RTVSPropertyOp48
 70
     1
102
RTVSPropertyOp49
 70
     1
102
RTVSPropertyOp50
 70
     1
102
RTVSPropertyOp51
 70
     0
102
RTVSPropertyOp52
 70
     0
102
RTVSPropertyOp53
 70
     1
102
RTVSPropertyOp54
 70
     1
102
RTVSPropertyOp55
 70
     1
102
RTVSPropertyOp56
 70
     1
102
RTVSPropertyOp57
 70
     1
102
RTVSPost2010Prop28
280
     0
102
RTVSPost2010PropOp28
 70
     1
102
RTVSPost2010Prop29
280
     1
102
RTVSPost2010PropOp29
 70
     1
102
RTVSPost2010Prop30
280
     1
102
RTVSPost2010PropOp30
 70
     1
102
RTVSPost2010Prop31
280
     0
102
RTVSPost2010PropOp31
 70
     1
102
RTVSPost2010Prop32
280
     0
102
RTVSPost2010PropOp32
 70
     1
102
RTVSPost2010Prop33
280
     0
102
RTVSPost2010PropOp33
 70
     1
102
RTVSPost2010Prop34
280
     0
102
RTVSPost2010PropOp34
 70
     1
102
RTVSPost2010Prop35
280
     0
102
RTVSPost2010PropOp35
 70
     1
102
RTVSPost2010Prop36
280
     0
102
RTVSPost2010PropOp36
 70
     1
102
RTVSPost2010Prop37
 90
       50
102
RTVSPost2010PropOp37
 70
     1
102
RTVSPost2010Prop38
140
0.0
102
RTVSPost2010PropOp38
 70
     1
102
RTVSPost2010Prop39
140
1.0
102
RTVSPost2010PropOp39
 70
     1
102
RTVSPost2010Prop40
 90
        0
102
RTVSPost2010PropOp40
 70
     1
102
RTVSPost2010Prop41ColorIndex
 90
       18
102
RTVSPost2010Prop41ColorRGB
 90
        0
102
RTVSPost2010PropOp41
 70
     1
102
RTVSPost2010Prop42
 90
       50
102
RTVSPost2010PropOp42
 70
     1
102
RTVSPost2010Prop43
 90
        3
102
RTVSPost2010PropOp43
 70
     1
102
RTVSPost2010Prop44ColorIndex
 90
        5
102
RTVSPost2010Prop44ColorRGB
 90
      255
102
RTVSPost2010PropOp44
 70
     1
102
RTVSPost2010Prop45
280
     0
102
RTVSPost2010PropOp45
 70
     1
102
RTVSPost2010Prop46
 90
       50
102
RTVSPost2010PropOp46
 70
     1
102
RTVSPost2010Prop47
 90
       50
102
RTVSPost2010PropOp47
 70
     1
102
RTVSPost2010Prop48
 90
       50
102
RTVSPost2010PropOp48
 70
     1
102
RTVSPost2010Prop49
280
     0
102
RTVSPost2010PropOp49
 70
     1
102
RTVSPost2010Prop50
 90
       50
102
RTVSPost2010PropOp50
 70
     1
102
RTVSPost2010Prop51ColorIndex
 90
      256
102
RTVSPost2010Prop51ColorRGB
 90
-16777216
102
RTVSPost2010PropOp51
 70
     0
102
RTVSPost2010Prop52
140
1.0
102
RTVSPost2010PropOp52
 70
     0
102
RTVSPost2010Prop53
 90
        2
102
RTVSPost2010PropOp53
 70
     1
102
RTVSPost2010Prop54
  1
strokes_ogs.tif
102
RTVSPost2010PropOp54
 70
     1
102
RTVSPost2010Prop55
280
     0
102
RTVSPost2010PropOp55
 70
     1
102
RTVSPost2010Prop56
140
1.0
102
RTVSPost2010PropOp56
 70
     1
102
RTVSPost2010Prop57
140
1.0
102
RTVSPost2010PropOp57
 70
     1
  0
XRECORD
  5
C5
102
{ACAD_REACTORS
330
C4
102
}
330
C4
100
AcDbXrecord
280
     1
102
RTVSPropertyOp0
 70
     1
102
RTVSPropertyOp1
 70
     1
102
RTVSPropertyOp2
 70
     1
102
RTVSPropertyOp3
 70
     1
102
RTVSPropertyOp4
 70
     1
102
RTVSPropertyOp5
 70
     1
102
RTVSPropertyOp6
 70
     1
102
RTVSPropertyOp7
 70
     1
102
RTVSPropertyOp8
 70
     1
102
RTVSPropertyOp9
 70
     1
102
RTVSPropertyOp10
 70
     1
102
RTVSPropertyOp11
 70
     1
102
RTVSPropertyOp12
 70
     1
102
RTVSPropertyOp13
 70
     1
102
RTVSPropertyOp14
 70
     1
102
RTVSPropertyOp15
 70
     1
102
RTVSPropertyOp16
 70
     1
102
RTVSPropertyOp17
 70
     1
102
RTVSPropertyOp18
 70
     1
102
RTVSPropertyOp19
 70
     1
102
RTVSPropertyOp20
 70
     1
102
RTVSPropertyOp21
 70
     1
102
RTVSPropertyOp22
 70
     1
102
RTVSPropertyOp23
 70
     1
102
RTVSPropertyOp24
 70
     1
102
RTVSPropertyOp25
 70
     1
102
RTVSPropertyOp26
 70
     1
102
RTVSPropertyOp27
 70
     1
102
RTVSPropertyOp28
 70
     1
102
RTVSPropertyOp29
 70
     1
102
RTVSPropertyOp30
 70
     1
102
RTVSPropertyOp31
 70
     1
102
RTVSPropertyOp32
 70
     1
102
RTVSPropertyOp33
 70
     1
102
RTVSPropertyOp34
 70
     1
102
RTVSPropertyOp35
 70
     1
102
RTVSPropertyOp36
 70
     1
102
RTVSPropertyOp37
 70
     1
102
RTVSPropertyOp38
 70
     1
102
RTVSPropertyOp39
 70
     1
102
RTVSPropertyOp40
 70
     1
102
RTVSPropertyOp41
 70
     1
102
RTVSPropertyOp42
 70
     1
102
RTVSPropertyOp43
 70
     1
102
RTVSPropertyOp44
 70
     1
102
RTVSPropertyOp45
 70
     1
102
RTVSPropertyOp46
 70
     1
102
RTVSPropertyOp47
 70
     1
102
RTVSPropertyOp48
 70
     1
102
RTVSPropertyOp49
 70
     1
102
RTVSPropertyOp50
 70
     1
102
RTVSPropertyOp51
 70
     0
102
RTVSPropertyOp52
 70
     0
102
RTVSPropertyOp53
 70
     1
102
RTVSPropertyOp54
 70
     1
102
RTVSPropertyOp55
 70
     1
102
RTVSPropertyOp56
 70
     1
102
RTVSPropertyOp57
 70
     1
102
RTVSPost2010Prop28
280
     0
102
RTVSPost2010PropOp28
 70
     1
102
RTVSPost2010Prop29
280
     1
102
RTVSPost2010PropOp29
 70
     1
102
RTVSPost2010Prop30
280
     1
102
RTVSPost2010PropOp30
 70
     1
102
RTVSPost2010Prop31
280
     0
102
RTVSPost2010PropOp31
 70
     1
102
RTVSPost2010Prop32
280
     0
102
RTVSPost2010PropOp32
 70
     1
102
RTVSPost2010Prop33
280
     0
102
RTVSPost2010PropOp33
 70
     1
102
RTVSPost2010Prop34
280
     0
102
RTVSPost2010PropOp34
 70
     1
102
RTVSPost2010Prop35
280
     0
102
RTVSPost2010PropOp35
 70
     1
102
RTVSPost2010Prop36
280
     0
102
RTVSPost2010PropOp36
 70
     1
102
RTVSPost2010Prop37
 90
       50
102
RTVSPost2010PropOp37
 70
     1
102
RTVSPost2010Prop38
140
0.0
102
RTVSPost2010PropOp38
 70
     1
102
RTVSPost2010Prop39
140
1.0
102
RTVSPost2010PropOp39
 70
     1
102
RTVSPost2010Prop40
 90
        0
102
RTVSPost2010PropOp40
 70
     1
102
RTVSPost2010Prop41ColorIndex
 90
       18
102
RTVSPost2010Prop41ColorRGB
 90
        0
102
RTVSPost2010PropOp41
 70
     1
102
RTVSPost2010Prop42
 90
       50
102
RTVSPost2010PropOp42
 70
     1
102
RTVSPost2010Prop43
 90
        3
102
RTVSPost2010PropOp43
 70
     1
102
RTVSPost2010Prop44ColorIndex
 90
        5
102
RTVSPost2010Prop44ColorRGB
 90
      255
102
RTVSPost2010PropOp44
 70
     1
102
RTVSPost2010Prop45
280
     0
102
RTVSPost2010PropOp45
 70
     1
102
RTVSPost2010Prop46
 90
       50
102
RTVSPost2010PropOp46
 70
     1
102
RTVSPost2010Prop47
 90
       50
102
RTVSPost2010PropOp47
 70
     1
102
RTVSPost2010Prop48
 90
       50
102
RTVSPost2010PropOp48
 70
     1
102
RTVSPost2010Prop49
280
     0
102
RTVSPost2010PropOp49
 70
     1
102
RTVSPost2010Prop50
 90
       50
102
RTVSPost2010PropOp50
 70
     1
102
RTVSPost2010Prop51ColorIndex
 90
      256
102
RTVSPost2010Prop51ColorRGB
 90
-16777216
102
RTVSPost2010PropOp51
 70
     0
102
RTVSPost2010Prop52
140
1.0
102
RTVSPost2010PropOp52
 70
     0
102
RTVSPost2010Prop53
 90
        2
102
RTVSPost2010PropOp53
 70
     1
102
RTVSPost2010Prop54
  1
strokes_ogs.tif
102
RTVSPost2010PropOp54
 70
     1
102
RTVSPost2010Prop55
280
     0
102
RTVSPost2010PropOp55
 70
     1
102
RTVSPost2010Prop56
140
1.0
102
RTVSPost2010PropOp56
 70
     1
102
RTVSPost2010Prop57
140
1.0
102
RTVSPost2010PropOp57
 70
     1
  0
XRECORD
  5
BF
102
{ACAD_REACTORS
330
BE
102
}
330
BE
100
AcDbXrecord
280
     1
102
RTVSPropertyOp0
 70
     1
102
RTVSPropertyOp1
 70
     1
102
RTVSPropertyOp2
 70
     1
102
RTVSPropertyOp3
 70
     1
102
RTVSPropertyOp4
 70
     1
102
RTVSPropertyOp5
 70
     1
102
RTVSPropertyOp6
 70
     1
102
RTVSPropertyOp7
 70
     1
102
RTVSPropertyOp8
 70
     1
102
RTVSPropertyOp9
 70
     1
102
RTVSPropertyOp10
 70
     1
102
RTVSPropertyOp11
 70
     1
102
RTVSPropertyOp12
 70
     1
102
RTVSPropertyOp13
 70
     1
102
RTVSPropertyOp14
 70
     1
102
RTVSPropertyOp15
 70
     1
102
RTVSPropertyOp16
 70
     1
102
RTVSPropertyOp17
 70
     1
102
RTVSPropertyOp18
 70
     1
102
RTVSPropertyOp19
 70
     1
102
RTVSPropertyOp20
 70
     1
102
RTVSPropertyOp21
 70
     1
102
RTVSPropertyOp22
 70
     1
102
RTVSPropertyOp23
 70
     1
102
RTVSPropertyOp24
 70
     1
102
RTVSPropertyOp25
 70
     1
102
RTVSPropertyOp26
 70
     1
102
RTVSPropertyOp27
 70
     1
102
RTVSPropertyOp28
 70
     1
102
RTVSPropertyOp29
 70
     1
102
RTVSPropertyOp30
 70
     1
102
RTVSPropertyOp31
 70
     1
102
RTVSPropertyOp32
 70
     1
102
RTVSPropertyOp33
 70
     1
102
RTVSPropertyOp34
 70
     1
102
RTVSPropertyOp35
 70
     1
102
RTVSPropertyOp36
 70
     1
102
RTVSPropertyOp37
 70
     1
102
RTVSPropertyOp38
 70
     1
102
RTVSPropertyOp39
 70
     1
102
RTVSPropertyOp40
 70
     1
102
RTVSPropertyOp41
 70
     1
102
RTVSPropertyOp42
 70
     1
102
RTVSPropertyOp43
 70
     1
102
RTVSPropertyOp44
 70
     1
102
RTVSPropertyOp45
 70
     1
102
RTVSPropertyOp46
 70
     1
102
RTVSPropertyOp47
 70
     1
102
RTVSPropertyOp48
 70
     1
102
RTVSPropertyOp49
 70
     1
102
RTVSPropertyOp50
 70
     1
102
RTVSPropertyOp51
 70
     0
102
RTVSPropertyOp52
 70
     0
102
RTVSPropertyOp53
 70
     1
102
RTVSPropertyOp54
 70
     1
102
RTVSPropertyOp55
 70
     1
102
RTVSPropertyOp56
 70
     1
102
RTVSPropertyOp57
 70
     1
102
RTVSPost2010Prop28
280
     0
102
RTVSPost2010PropOp28
 70
     1
102
RTVSPost2010Prop29
280
     1
102
RTVSPost2010PropOp29
 70
     1
102
RTVSPost2010Prop30
280
     1
102
RTVSPost2010PropOp30
 70
     1
102
RTVSPost2010Prop31
280
     0
102
RTVSPost2010PropOp31
 70
     1
102
RTVSPost2010Prop32
280
     0
102
RTVSPost2010PropOp32
 70
     1
102
RTVSPost2010Prop33
280
     0
102
RTVSPost2010PropOp33
 70
     1
102
RTVSPost2010Prop34
280
     0
102
RTVSPost2010PropOp34
 70
     1
102
RTVSPost2010Prop35
280
     0
102
RTVSPost2010PropOp35
 70
     1
102
RTVSPost2010Prop36
280
     0
102
RTVSPost2010PropOp36
 70
     1
102
RTVSPost2010Prop37
 90
       50
102
RTVSPost2010PropOp37
 70
     1
102
RTVSPost2010Prop38
140
0.0
102
RTVSPost2010PropOp38
 70
     1
102
RTVSPost2010Prop39
140
1.0
102
RTVSPost2010PropOp39
 70
     1
102
RTVSPost2010Prop40
 90
        0
102
RTVSPost2010PropOp40
 70
     1
102
RTVSPost2010Prop41ColorIndex
 90
       18
102
RTVSPost2010Prop41ColorRGB
 90
        0
102
RTVSPost2010PropOp41
 70
     1
102
RTVSPost2010Prop42
 90
       50
102
RTVSPost2010PropOp42
 70
     1
102
RTVSPost2010Prop43
 90
        3
102
RTVSPost2010PropOp43
 70
     1
102
RTVSPost2010Prop44ColorIndex
 90
        5
102
RTVSPost2010Prop44ColorRGB
 90
      255
102
RTVSPost2010PropOp44
 70
     1
102
RTVSPost2010Prop45
280
     0
102
RTVSPost2010PropOp45
 70
     1
102
RTVSPost2010Prop46
 90
       50
102
RTVSPost2010PropOp46
 70
     1
102
RTVSPost2010Prop47
 90
       50
102
RTVSPost2010PropOp47
 70
     1
102
RTVSPost2010Prop48
 90
       50
102
RTVSPost2010PropOp48
 70
     1
102
RTVSPost2010Prop49
280
     0
102
RTVSPost2010PropOp49
 70
     1
102
RTVSPost2010Prop50
 90
       50
102
RTVSPost2010PropOp50
 70
     1
102
RTVSPost2010Prop51ColorIndex
 90
      256
102
RTVSPost2010Prop51ColorRGB
 90
-16777216
102
RTVSPost2010PropOp51
 70
     0
102
RTVSPost2010Prop52
140
1.0
102
RTVSPost2010PropOp52
 70
     0
102
RTVSPost2010Prop53
 90
        2
102
RTVSPost2010PropOp53
 70
     1
102
RTVSPost2010Prop54
  1
strokes_ogs.tif
102
RTVSPost2010PropOp54
 70
     1
102
RTVSPost2010Prop55
280
     0
102
RTVSPost2010PropOp55
 70
     1
102
RTVSPost2010Prop56
140
1.0
102
RTVSPost2010PropOp56
 70
     1
102
RTVSPost2010Prop57
140
1.0
102
RTVSPost2010PropOp57
 70
     1
  0
XRECORD
  5
C1
102
{ACAD_REACTORS
330
C0
102
}
330
C0
100
AcDbXrecord
280
     1
102
RTVSPropertyOp0
 70
     1
102
RTVSPropertyOp1
 70
     1
102
RTVSPropertyOp2
 70
     1
102
RTVSPropertyOp3
 70
     1
102
RTVSPropertyOp4
 70
     1
102
RTVSPropertyOp5
 70
     1
102
RTVSPropertyOp6
 70
     1
102
RTVSPropertyOp7
 70
     1
102
RTVSPropertyOp8
 70
     1
102
RTVSPropertyOp9
 70
     1
102
RTVSPropertyOp10
 70
     1
102
RTVSPropertyOp11
 70
     1
102
RTVSPropertyOp12
 70
     1
102
RTVSPropertyOp13
 70
     1
102
RTVSPropertyOp14
 70
     1
102
RTVSPropertyOp15
 70
     1
102
RTVSPropertyOp16
 70
     1
102
RTVSPropertyOp17
 70
     1
102
RTVSPropertyOp18
 70
     1
102
RTVSPropertyOp19
 70
     1
102
RTVSPropertyOp20
 70
     1
102
RTVSPropertyOp21
 70
     1
102
RTVSPropertyOp22
 70
     1
102
RTVSPropertyOp23
 70
     1
102
RTVSPropertyOp24
 70
     1
102
RTVSPropertyOp25
 70
     1
102
RTVSPropertyOp26
 70
     1
102
RTVSPropertyOp27
 70
     1
102
RTVSPropertyOp28
 70
     1
102
RTVSPropertyOp29
 70
     1
102
RTVSPropertyOp30
 70
     1
102
RTVSPropertyOp31
 70
     1
102
RTVSPropertyOp32
 70
     1
102
RTVSPropertyOp33
 70
     1
102
RTVSPropertyOp34
 70
     1
102
RTVSPropertyOp35
 70
     1
102
RTVSPropertyOp36
 70
     1
102
RTVSPropertyOp37
 70
     1
102
RTVSPropertyOp38
 70
     1
102
RTVSPropertyOp39
 70
     1
102
RTVSPropertyOp40
 70
     1
102
RTVSPropertyOp41
 70
     1
102
RTVSPropertyOp42
 70
     1
102
RTVSPropertyOp43
 70
     1
102
RTVSPropertyOp44
 70
     1
102
RTVSPropertyOp45
 70
     1
102
RTVSPropertyOp46
 70
     1
102
RTVSPropertyOp47
 70
     1
102
RTVSPropertyOp48
 70
     1
102
RTVSPropertyOp49
 70
     1
102
RTVSPropertyOp50
 70
     1
102
RTVSPropertyOp51
 70
     0
102
RTVSPropertyOp52
 70
     0
102
RTVSPropertyOp53
 70
     1
102
RTVSPropertyOp54
 70
     1
102
RTVSPropertyOp55
 70
     1
102
RTVSPropertyOp56
 70
     1
102
RTVSPropertyOp57
 70
     1
102
RTVSPost2010Prop28
280
     0
102
RTVSPost2010PropOp28
 70
     1
102
RTVSPost2010Prop29
280
     1
102
RTVSPost2010PropOp29
 70
     1
102
RTVSPost2010Prop30
280
     1
102
RTVSPost2010PropOp30
 70
     1
102
RTVSPost2010Prop31
280
     0
102
RTVSPost2010PropOp31
 70
     1
102
RTVSPost2010Prop32
280
     0
102
RTVSPost2010PropOp32
 70
     1
102
RTVSPost2010Prop33
280
     0
102
RTVSPost2010PropOp33
 70
     1
102
RTVSPost2010Prop34
280
     0
102
RTVSPost2010PropOp34
 70
     1
102
RTVSPost2010Prop35
280
     0
102
RTVSPost2010PropOp35
 70
     1
102
RTVSPost2010Prop36
280
     0
102
RTVSPost2010PropOp36
 70
     1
102
RTVSPost2010Prop37
 90
       50
102
RTVSPost2010PropOp37
 70
     1
102
RTVSPost2010Prop38
140
0.0
102
RTVSPost2010PropOp38
 70
     1
102
RTVSPost2010Prop39
140
1.0
102
RTVSPost2010PropOp39
 70
     1
102
RTVSPost2010Prop40
 90
        0
102
RTVSPost2010PropOp40
 70
     1
102
RTVSPost2010Prop41ColorIndex
 90
       18
102
RTVSPost2010Prop41ColorRGB
 90
        0
102
RTVSPost2010PropOp41
 70
     1
102
RTVSPost2010Prop42
 90
       50
102
RTVSPost2010PropOp42
 70
     1
102
RTVSPost2010Prop43
 90
        3
102
RTVSPost2010PropOp43
 70
     1
102
RTVSPost2010Prop44ColorIndex
 90
        5
102
RTVSPost2010Prop44ColorRGB
 90
      255
102
RTVSPost2010PropOp44
 70
     1
102
RTVSPost2010Prop45
280
     0
102
RTVSPost2010PropOp45
 70
     1
102
RTVSPost2010Prop46
 90
       50
102
RTVSPost2010PropOp46
 70
     1
102
RTVSPost2010Prop47
 90
       50
102
RTVSPost2010PropOp47
 70
     1
102
RTVSPost2010Prop48
 90
       50
102
RTVSPost2010PropOp48
 70
     1
102
RTVSPost2010Prop49
280
     0
102
RTVSPost2010PropOp49
 70
     1
102
RTVSPost2010Prop50
 90
       50
102
RTVSPost2010PropOp50
 70
     1
102
RTVSPost2010Prop51ColorIndex
 90
      256
102
RTVSPost2010Prop51ColorRGB
 90
-16777216
102
RTVSPost2010PropOp51
 70
     0
102
RTVSPost2010Prop52
140
1.0
102
RTVSPost2010PropOp52
 70
     0
102
RTVSPost2010Prop53
 90
        2
102
RTVSPost2010PropOp53
 70
     1
102
RTVSPost2010Prop54
  1
strokes_ogs.tif
102
RTVSPost2010PropOp54
 70
     1
102
RTVSPost2010Prop55
280
     0
102
RTVSPost2010PropOp55
 70
     1
102
RTVSPost2010Prop56
140
1.0
102
RTVSPost2010PropOp56
 70
     1
102
RTVSPost2010Prop57
140
1.0
102
RTVSPost2010PropOp57
 70
     1
  0
XRECORD
  5
B1
102
{ACAD_REACTORS
330
B0
102
}
330
B0
100
AcDbXrecord
280
     1
102
RTVSPropertyOp0
 70
     1
102
RTVSPropertyOp1
 70
     1
102
RTVSPropertyOp2
 70
     1
102
RTVSPropertyOp3
 70
     1
102
RTVSPropertyOp4
 70
     1
102
RTVSPropertyOp5
 70
     1
102
RTVSPropertyOp6
 70
     1
102
RTVSPropertyOp7
 70
     1
102
RTVSPropertyOp8
 70
     1
102
RTVSPropertyOp9
 70
     1
102
RTVSPropertyOp10
 70
     1
102
RTVSPropertyOp11
 70
     1
102
RTVSPropertyOp12
 70
     1
102
RTVSPropertyOp13
 70
     1
102
RTVSPropertyOp14
 70
     1
102
RTVSPropertyOp15
 70
     1
102
RTVSPropertyOp16
 70
     1
102
RTVSPropertyOp17
 70
     1
102
RTVSPropertyOp18
 70
     1
102
RTVSPropertyOp19
 70
     1
102
RTVSPropertyOp20
 70
     1
102
RTVSPropertyOp21
 70
     1
102
RTVSPropertyOp22
 70
     1
102
RTVSPropertyOp23
 70
     1
102
RTVSPropertyOp24
 70
     1
102
RTVSPropertyOp25
 70
     1
102
RTVSPropertyOp26
 70
     1
102
RTVSPropertyOp27
 70
     1
102
RTVSPropertyOp28
 70
     1
102
RTVSPropertyOp29
 70
     1
102
RTVSPropertyOp30
 70
     1
102
RTVSPropertyOp31
 70
     1
102
RTVSPropertyOp32
 70
     1
102
RTVSPropertyOp33
 70
     1
102
RTVSPropertyOp34
 70
     1
102
RTVSPropertyOp35
 70
     1
102
RTVSPropertyOp36
 70
     1
102
RTVSPropertyOp37
 70
     1
102
RTVSPropertyOp38
 70
     1
102
RTVSPropertyOp39
 70
     1
102
RTVSPropertyOp40
 70
     1
102
RTVSPropertyOp41
 70
     1
102
RTVSPropertyOp42
 70
     1
102
RTVSPropertyOp43
 70
     1
102
RTVSPropertyOp44
 70
     1
102
RTVSPropertyOp45
 70
     1
102
RTVSPropertyOp46
 70
     1
102
RTVSPropertyOp47
 70
     1
102
RTVSPropertyOp48
 70
     1
102
RTVSPropertyOp49
 70
     1
102
RTVSPropertyOp50
 70
     1
102
RTVSPropertyOp51
 70
     0
102
RTVSPropertyOp52
 70
     0
102
RTVSPropertyOp53
 70
     1
102
RTVSPropertyOp54
 70
     1
102
RTVSPropertyOp55
 70
     1
102
RTVSPropertyOp56
 70
     1
102
RTVSPropertyOp57
 70
     1
102
RTVSPost2010Prop28
280
     0
102
RTVSPost2010PropOp28
 70
     1
102
RTVSPost2010Prop29
280
     1
102
RTVSPost2010PropOp29
 70
     1
102
RTVSPost2010Prop30
280
     1
102
RTVSPost2010PropOp30
 70
     1
102
RTVSPost2010Prop31
280
     0
102
RTVSPost2010PropOp31
 70
     1
102
RTVSPost2010Prop32
280
     0
102
RTVSPost2010PropOp32
 70
     1
102
RTVSPost2010Prop33
280
     0
102
RTVSPost2010PropOp33
 70
     1
102
RTVSPost2010Prop34
280
     0
102
RTVSPost2010PropOp34
 70
     1
102
RTVSPost2010Prop35
280
     0
102
RTVSPost2010PropOp35
 70
     1
102
RTVSPost2010Prop36
280
     0
102
RTVSPost2010PropOp36
 70
     1
102
RTVSPost2010Prop37
 90
       50
102
RTVSPost2010PropOp37
 70
     1
102
RTVSPost2010Prop38
140
0.0
102
RTVSPost2010PropOp38
 70
     1
102
RTVSPost2010Prop39
140
1.0
102
RTVSPost2010PropOp39
 70
     1
102
RTVSPost2010Prop40
 90
        0
102
RTVSPost2010PropOp40
 70
     1
102
RTVSPost2010Prop41ColorIndex
 90
       18
102
RTVSPost2010Prop41ColorRGB
 90
        0
102
RTVSPost2010PropOp41
 70
     1
102
RTVSPost2010Prop42
 90
       50
102
RTVSPost2010PropOp42
 70
     1
102
RTVSPost2010Prop43
 90
        3
102
RTVSPost2010PropOp43
 70
     1
102
RTVSPost2010Prop44ColorIndex
 90
        5
102
RTVSPost2010Prop44ColorRGB
 90
      255
102
RTVSPost2010PropOp44
 70
     1
102
RTVSPost2010Prop45
280
     0
102
RTVSPost2010PropOp45
 70
     1
102
RTVSPost2010Prop46
 90
       50
102
RTVSPost2010PropOp46
 70
     1
102
RTVSPost2010Prop47
 90
       50
102
RTVSPost2010PropOp47
 70
     1
102
RTVSPost2010Prop48
 90
       50
102
RTVSPost2010PropOp48
 70
     1
102
RTVSPost2010Prop49
280
     0
102
RTVSPost2010PropOp49
 70
     1
102
RTVSPost2010Prop50
 90
       50
102
RTVSPost2010PropOp50
 70
     1
102
RTVSPost2010Prop51ColorIndex
 90
      256
102
RTVSPost2010Prop51ColorRGB
 90
-16777216
102
RTVSPost2010PropOp51
 70
     0
102
RTVSPost2010Prop52
140
1.0
102
RTVSPost2010PropOp52
 70
     0
102
RTVSPost2010Prop53
 90
        2
102
RTVSPost2010PropOp53
 70
     1
102
RTVSPost2010Prop54
  1
strokes_ogs.tif
102
RTVSPost2010PropOp54
 70
     1
102
RTVSPost2010Prop55
280
     0
102
RTVSPost2010PropOp55
 70
     1
102
RTVSPost2010Prop56
140
1.0
102
RTVSPost2010PropOp56
 70
     1
102
RTVSPost2010Prop57
140
1.0
102
RTVSPost2010PropOp57
 70
     1
  0
XRECORD
  5
A3
102
{ACAD_REACTORS
330
A2
102
}
330
A2
100
AcDbXrecord
280
     1
102
RTVSPropertyOp0
 70
     1
102
RTVSPropertyOp1
 70
     1
102
RTVSPropertyOp2
 70
     1
102
RTVSPropertyOp3
 70
     1
102
RTVSPropertyOp4
 70
     1
102
RTVSPropertyOp5
 70
     1
102
RTVSPropertyOp6
 70
     1
102
RTVSPropertyOp7
 70
     1
102
RTVSPropertyOp8
 70
     1
102
RTVSPropertyOp9
 70
     1
102
RTVSPropertyOp10
 70
     1
102
RTVSPropertyOp11
 70
     1
102
RTVSPropertyOp12
 70
     1
102
RTVSPropertyOp13
 70
     1
102
RTVSPropertyOp14
 70
     1
102
RTVSPropertyOp15
 70
     1
102
RTVSPropertyOp16
 70
     1
102
RTVSPropertyOp17
 70
     1
102
RTVSPropertyOp18
 70
     1
102
RTVSPropertyOp19
 70
     1
102
RTVSPropertyOp20
 70
     1
102
RTVSPropertyOp21
 70
     1
102
RTVSPropertyOp22
 70
     1
102
RTVSPropertyOp23
 70
     1
102
RTVSPropertyOp24
 70
     1
102
RTVSPropertyOp25
 70
     1
102
RTVSPropertyOp26
 70
     1
102
RTVSPropertyOp27
 70
     1
102
RTVSPropertyOp28
 70
     1
102
RTVSPropertyOp29
 70
     1
102
RTVSPropertyOp30
 70
     1
102
RTVSPropertyOp31
 70
     1
102
RTVSPropertyOp32
 70
     1
102
RTVSPropertyOp33
 70
     1
102
RTVSPropertyOp34
 70
     1
102
RTVSPropertyOp35
 70
     1
102
RTVSPropertyOp36
 70
     1
102
RTVSPropertyOp37
 70
     1
102
RTVSPropertyOp38
 70
     1
102
RTVSPropertyOp39
 70
     1
102
RTVSPropertyOp40
 70
     1
102
RTVSPropertyOp41
 70
     1
102
RTVSPropertyOp42
 70
     1
102
RTVSPropertyOp43
 70
     1
102
RTVSPropertyOp44
 70
     1
102
RTVSPropertyOp45
 70
     1
102
RTVSPropertyOp46
 70
     1
102
RTVSPropertyOp47
 70
     1
102
RTVSPropertyOp48
 70
     1
102
RTVSPropertyOp49
 70
     1
102
RTVSPropertyOp50
 70
     1
102
RTVSPropertyOp51
 70
     0
102
RTVSPropertyOp52
 70
     0
102
RTVSPropertyOp53
 70
     1
102
RTVSPropertyOp54
 70
     1
102
RTVSPropertyOp55
 70
     1
102
RTVSPropertyOp56
 70
     1
102
RTVSPropertyOp57
 70
     1
102
RTVSPost2010Prop28
280
     0
102
RTVSPost2010PropOp28
 70
     1
102
RTVSPost2010Prop29
280
     1
102
RTVSPost2010PropOp29
 70
     1
102
RTVSPost2010Prop30
280
     1
102
RTVSPost2010PropOp30
 70
     1
102
RTVSPost2010Prop31
280
     0
102
RTVSPost2010PropOp31
 70
     1
102
RTVSPost2010Prop32
280
     0
102
RTVSPost2010PropOp32
 70
     1
102
RTVSPost2010Prop33
280
     0
102
RTVSPost2010PropOp33
 70
     1
102
RTVSPost2010Prop34
280
     0
102
RTVSPost2010PropOp34
 70
     1
102
RTVSPost2010Prop35
280
     0
102
RTVSPost2010PropOp35
 70
     1
102
RTVSPost2010Prop36
280
     0
102
RTVSPost2010PropOp36
 70
     1
102
RTVSPost2010Prop37
 90
       50
102
RTVSPost2010PropOp37
 70
     1
102
RTVSPost2010Prop38
140
0.0
102
RTVSPost2010PropOp38
 70
     1
102
RTVSPost2010Prop39
140
1.0
102
RTVSPost2010PropOp39
 70
     1
102
RTVSPost2010Prop40
 90
        0
102
RTVSPost2010PropOp40
 70
     1
102
RTVSPost2010Prop41ColorIndex
 90
       18
102
RTVSPost2010Prop41ColorRGB
 90
        0
102
RTVSPost2010PropOp41
 70
     1
102
RTVSPost2010Prop42
 90
       50
102
RTVSPost2010PropOp42
 70
     1
102
RTVSPost2010Prop43
 90
        3
102
RTVSPost2010PropOp43
 70
     1
102
RTVSPost2010Prop44ColorIndex
 90
        5
102
RTVSPost2010Prop44ColorRGB
 90
      255
102
RTVSPost2010PropOp44
 70
     1
102
RTVSPost2010Prop45
280
     0
102
RTVSPost2010PropOp45
 70
     1
102
RTVSPost2010Prop46
 90
       50
102
RTVSPost2010PropOp46
 70
     1
102
RTVSPost2010Prop47
 90
       50
102
RTVSPost2010PropOp47
 70
     1
102
RTVSPost2010Prop48
 90
       50
102
RTVSPost2010PropOp48
 70
     1
102
RTVSPost2010Prop49
280
     0
102
RTVSPost2010PropOp49
 70
     1
102
RTVSPost2010Prop50
 90
       50
102
RTVSPost2010PropOp50
 70
     1
102
RTVSPost2010Prop51ColorIndex
 90
      256
102
RTVSPost2010Prop51ColorRGB
 90
-16777216
102
RTVSPost2010PropOp51
 70
     0
102
RTVSPost2010Prop52
140
1.0
102
RTVSPost2010PropOp52
 70
     0
102
RTVSPost2010Prop53
 90
        2
102
RTVSPost2010PropOp53
 70
     1
102
RTVSPost2010Prop54
  1
strokes_ogs.tif
102
RTVSPost2010PropOp54
 70
     1
102
RTVSPost2010Prop55
280
     0
102
RTVSPost2010PropOp55
 70
     1
102
RTVSPost2010Prop56
140
1.0
102
RTVSPost2010PropOp56
 70
     1
102
RTVSPost2010Prop57
140
1.0
102
RTVSPost2010PropOp57
 70
     1
  0
XRECORD
  5
C3
102
{ACAD_REACTORS
330
C2
102
}
330
C2
100
AcDbXrecord
280
     1
102
RTVSPropertyOp0
 70
     1
102
RTVSPropertyOp1
 70
     1
102
RTVSPropertyOp2
 70
     1
102
RTVSPropertyOp3
 70
     1
102
RTVSPropertyOp4
 70
     1
102
RTVSPropertyOp5
 70
     1
102
RTVSPropertyOp6
 70
     1
102
RTVSPropertyOp7
 70
     1
102
RTVSPropertyOp8
 70
     1
102
RTVSPropertyOp9
 70
     1
102
RTVSPropertyOp10
 70
     1
102
RTVSPropertyOp11
 70
     1
102
RTVSPropertyOp12
 70
     1
102
RTVSPropertyOp13
 70
     1
102
RTVSPropertyOp14
 70
     1
102
RTVSPropertyOp15
 70
     1
102
RTVSPropertyOp16
 70
     1
102
RTVSPropertyOp17
 70
     1
102
RTVSPropertyOp18
 70
     1
102
RTVSPropertyOp19
 70
     1
102
RTVSPropertyOp20
 70
     1
102
RTVSPropertyOp21
 70
     1
102
RTVSPropertyOp22
 70
     1
102
RTVSPropertyOp23
 70
     1
102
RTVSPropertyOp24
 70
     1
102
RTVSPropertyOp25
 70
     1
102
RTVSPropertyOp26
 70
     1
102
RTVSPropertyOp27
 70
     1
102
RTVSPropertyOp28
 70
     1
102
RTVSPropertyOp29
 70
     1
102
RTVSPropertyOp30
 70
     1
102
RTVSPropertyOp31
 70
     1
102
RTVSPropertyOp32
 70
     1
102
RTVSPropertyOp33
 70
     1
102
RTVSPropertyOp34
 70
     1
102
RTVSPropertyOp35
 70
     1
102
RTVSPropertyOp36
 70
     1
102
RTVSPropertyOp37
 70
     1
102
RTVSPropertyOp38
 70
     1
102
RTVSPropertyOp39
 70
     1
102
RTVSPropertyOp40
 70
     1
102
RTVSPropertyOp41
 70
     1
102
RTVSPropertyOp42
 70
     1
102
RTVSPropertyOp43
 70
     1
102
RTVSPropertyOp44
 70
     1
102
RTVSPropertyOp45
 70
     1
102
RTVSPropertyOp46
 70
     1
102
RTVSPropertyOp47
 70
     1
102
RTVSPropertyOp48
 70
     1
102
RTVSPropertyOp49
 70
     1
102
RTVSPropertyOp50
 70
     1
102
RTVSPropertyOp51
 70
     0
102
RTVSPropertyOp52
 70
     0
102
RTVSPropertyOp53
 70
     1
102
RTVSPropertyOp54
 70
     1
102
RTVSPropertyOp55
 70
     1
102
RTVSPropertyOp56
 70
     1
102
RTVSPropertyOp57
 70
     1
102
RTVSPost2010Prop28
280
     0
102
RTVSPost2010PropOp28
 70
     1
102
RTVSPost2010Prop29
280
     1
102
RTVSPost2010PropOp29
 70
     1
102
RTVSPost2010Prop30
280
     1
102
RTVSPost2010PropOp30
 70
     1
102
RTVSPost2010Prop31
280
     0
102
RTVSPost2010PropOp31
 70
     1
102
RTVSPost2010Prop32
280
     0
102
RTVSPost2010PropOp32
 70
     1
102
RTVSPost2010Prop33
280
     0
102
RTVSPost2010PropOp33
 70
     1
102
RTVSPost2010Prop34
280
     0
102
RTVSPost2010PropOp34
 70
     1
102
RTVSPost2010Prop35
280
     0
102
RTVSPost2010PropOp35
 70
     1
102
RTVSPost2010Prop36
280
     0
102
RTVSPost2010PropOp36
 70
     1
102
RTVSPost2010Prop37
 90
       50
102
RTVSPost2010PropOp37
 70
     1
102
RTVSPost2010Prop38
140
0.0
102
RTVSPost2010PropOp38
 70
     1
102
RTVSPost2010Prop39
140
1.0
102
RTVSPost2010PropOp39
 70
     1
102
RTVSPost2010Prop40
 90
        0
102
RTVSPost2010PropOp40
 70
     1
102
RTVSPost2010Prop41ColorIndex
 90
       18
102
RTVSPost2010Prop41ColorRGB
 90
        0
102
RTVSPost2010PropOp41
 70
     1
102
RTVSPost2010Prop42
 90
       50
102
RTVSPost2010PropOp42
 70
     1
102
RTVSPost2010Prop43
 90
        3
102
RTVSPost2010PropOp43
 70
     1
102
RTVSPost2010Prop44ColorIndex
 90
        5
102
RTVSPost2010Prop44ColorRGB
 90
      255
102
RTVSPost2010PropOp44
 70
     1
102
RTVSPost2010Prop45
280
     0
102
RTVSPost2010PropOp45
 70
     1
102
RTVSPost2010Prop46
 90
       50
102
RTVSPost2010PropOp46
 70
     1
102
RTVSPost2010Prop47
 90
       50
102
RTVSPost2010PropOp47
 70
     1
102
RTVSPost2010Prop48
 90
       50
102
RTVSPost2010PropOp48
 70
     1
102
RTVSPost2010Prop49
280
     0
102
RTVSPost2010PropOp49
 70
     1
102
RTVSPost2010Prop50
 90
       50
102
RTVSPost2010PropOp50
 70
     1
102
RTVSPost2010Prop51ColorIndex
 90
      256
102
RTVSPost2010Prop51ColorRGB
 90
-16777216
102
RTVSPost2010PropOp51
 70
     0
102
RTVSPost2010Prop52
140
1.0
102
RTVSPost2010PropOp52
 70
     0
102
RTVSPost2010Prop53
 90
        2
102
RTVSPost2010PropOp53
 70
     1
102
RTVSPost2010Prop54
  1
strokes_ogs.tif
102
RTVSPost2010PropOp54
 70
     1
102
RTVSPost2010Prop55
280
     0
102
RTVSPost2010PropOp55
 70
     1
102
RTVSPost2010Prop56
140
1.0
102
RTVSPost2010PropOp56
 70
     1
102
RTVSPost2010Prop57
140
1.0
102
RTVSPost2010PropOp57
 70
     1
  0
ENDSEC
  0
EOF
