  0
SECTION
  2
HEADER
  9
$ACADVER
  1
AC1021
  9
$ACADMAINTVER
 70
    25
  9
$DWGCODEPAGE
  3
ANSI_1252
  9
$INSBASE
 10
0.0
 20
0.0
 30
0.0
  9
$EXTMIN
 10
-7.19179
 20
-9.29601
 30
0.0
  9
$EXTMAX
 10
7.063
 20
9.402
 30
0.0
  9
$LIMMIN
 10
0.0
 20
0.0
  9
$LIMMAX
 10
12.0
 20
9.0
  9
$ORTHOMODE
 70
     0
  9
$REGENMODE
 70
     1
  9
$FILLMODE
 70
     1
  9
$QTEXTMODE
 70
     0
  9
$MIRRTEXT
 70
     1
  9
$LTSCALE
 40
1.0
  9
$ATTMODE
 70
     1
  9
$TEXTSIZE
 40
0.2
  9
$TRACEWID
 40
0.05
  9
$TEXTSTYLE
  7
Standard
  9
$CLAYER
  8
0
  9
$CELTYPE
  6
ByLayer
  9
$CECOLOR
 62
   256
  9
$CELTSCALE
 40
1.0
  9
$DISPSILH
 70
     0
  9
$DIMSCALE
 40
1.0
  9
$DIMASZ
 40
0.18
  9
$DIMEXO
 40
0.0625
  9
$DIMDLI
 40
0.38
  9
$DIMRND
 40
0.0
  9
$DIMDLE
 40
0.0
  9
$DIMEXE
 40
0.18
  9
$DIMTP
 40
0.0
  9
$DIMTM
 40
0.0
  9
$DIMTXT
 40
0.18
  9
$DIMCEN
 40
0.09
  9
$DIMTSZ
 40
0.0
  9
$DIMTOL
 70
     0
  9
$DIMLIM
 70
     0
  9
$DIMTIH
 70
     1
  9
$DIMTOH
 70
     1
  9
$DIMSE1
 70
     0
  9
$DIMSE2
 70
     0
  9
$DIMTAD
 70
     0
  9
$DIMZIN
 70
     0
  9
$DIMBLK
  1

  9
$DIMASO
 70
     1
  9
$DIMSHO
 70
     1
  9
$DIMPOST
  1

  9
$DIMAPOST
  1

  9
$DIMALT
 70
     0
  9
$DIMALTD
 70
     2
  9
$DIMALTF
 40
25.4
  9
$DIMLFAC
 40
1.0
  9
$DIMTOFL
 70
     0
  9
$DIMTVP
 40
0.0
  9
$DIMTIX
 70
     0
  9
$DIMSOXD
 70
     0
  9
$DIMSAH
 70
     0
  9
$DIMBLK1
  1

  9
$DIMBLK2
  1

  9
$DIMSTYLE
  2
Standard
  9
$DIMCLRD
 70
     0
  9
$DIMCLRE
 70
     0
  9
$DIMCLRT
 70
     0
  9
$DIMTFAC
 40
1.0
  9
$DIMGAP
 40
0.09
  9
$DIMJUST
 70
     0
  9
$DIMSD1
 70
     0
  9
$DIMSD2
 70
     0
  9
$DIMTOLJ
 70
     1
  9
$DIMTZIN
 70
     0
  9
$DIMALTZ
 70
     0
  9
$DIMALTTZ
 70
     0
  9
$DIMUPT
 70
     0
  9
$DIMDEC
 70
     4
  9
$DIMTDEC
 70
     4
  9
$DIMALTU
 70
     2
  9
$DIMALTTD
 70
     2
  9
$DIMTXSTY
  7
Standard
  9
$DIMAUNIT
 70
     0
  9
$DIMADEC
 70
     0
  9
$DIMALTRND
 40
0.0
  9
$DIMAZIN
 70
     0
  9
$DIMDSEP
 70
    46
  9
$DIMATFIT
 70
     3
  9
$DIMFRAC
 70
     0
  9
$DIMLDRBLK
  1

  9
$DIMLUNIT
 70
     2
  9
$DIMLWD
 70
    -2
  9
$DIMLWE
 70
    -2
  9
$DIMTMOVE
 70
     0
  9
$DIMFXL
 40
1.0
  9
$DIMFXLON
 70
     0
  9
$DIMJOGANG
 40
0.7853981633974483
  9
$DIMTFILL
 70
     0
  9
$DIMTFILLCLR
 70
     0
  9
$DIMARCSYM
 70
     0
  9
$DIMLTYPE
  6

  9
$DIMLTEX1
  6

  9
$DIMLTEX2
  6

  9
$LUNITS
 70
     2
  9
$LUPREC
 70
     4
  9
$SKETCHINC
 40
0.1
  9
$FILLETRAD
 40
0.5
  9
$AUNITS
 70
     0
  9
$AUPREC
 70
     0
  9
$MENU
  1
.
  9
$ELEVATION
 40
0.0
  9
$PELEVATION
 40
0.0
  9
$THICKNESS
 40
0.0
  9
$LIMCHECK
 70
     0
  9
$CHAMFERA
 40
0.5
  9
$CHAMFERB
 40
0.5
  9
$CHAMFERC
 40
1.0
  9
$CHAMFERD
 40
0.0
  9
$SKPOLY
 70
     0
  9
$TDCREATE
 40
2457595.218425498
  9
$TDUCREATE
 40
2457595.343425498
  9
$TDUPDATE
 40
2457595.218425509
  9
$TDUUPDATE
 40
2457595.343425509
  9
$TDINDWG
 40
0.0000000116
  9
$TDUSRTIMER
 40
0.0000000116
  9
$USRTIMER
 70
     1
  9
$ANGBASE
 50
0.0
  9
$ANGDIR
 70
     0
  9
$PDMODE
 70
     0
  9
$PDSIZE
 40
0.0
  9
$PLINEWID
 40
0.0
  9
$SPLFRAME
 70
     0
  9
$SPLINETYPE
 70
     6
  9
$SPLINESEGS
 70
     8
  9
$HANDSEED
  5
7F
  9
$SURFTAB1
 70
     6
  9
$SURFTAB2
 70
     6
  9
$SURFTYPE
 70
     6
  9
$SURFU
 70
     6
  9
$SURFV
 70
     6
  9
$UCSBASE
  2

  9
$UCSNAME
  2

  9
$UCSORG
 10
0.0
 20
0.0
 30
0.0
  9
$UCSXDIR
 10
1.0
 20
0.0
 30
0.0
  9
$UCSYDIR
 10
0.0
 20
1.0
 30
0.0
  9
$UCSORTHOREF
  2

  9
$UCSORTHOVIEW
 70
     0
  9
$UCSORGTOP
 10
0.0
 20
0.0
 30
0.0
  9
$UCSORGBOTTOM
 10
0.0
 20
0.0
 30
0.0
  9
$UCSORGLEFT
 10
0.0
 20
0.0
 30
0.0
  9
$UCSORGRIGHT
 10
0.0
 20
0.0
 30
0.0
  9
$UCSORGFRONT
 10
0.0
 20
0.0
 30
0.0
  9
$UCSORGBACK
 10
0.0
 20
0.0
 30
0.0
  9
$PUCSBASE
  2

  9
$PUCSNAME
  2

  9
$PUCSORG
 10
0.0
 20
0.0
 30
0.0
  9
$PUCSXDIR
 10
1.0
 20
0.0
 30
0.0
  9
$PUCSYDIR
 10
0.0
 20
1.0
 30
0.0
  9
$PUCSORTHOREF
  2

  9
$PUCSORTHOVIEW
 70
     0
  9
$PUCSORGTOP
 10
0.0
 20
0.0
 30
0.0
  9
$PUCSORGBOTTOM
 10
0.0
 20
0.0
 30
0.0
  9
$PUCSORGLEFT
 10
0.0
 20
0.0
 30
0.0
  9
$PUCSORGRIGHT
 10
0.0
 20
0.0
 30
0.0
  9
$PUCSORGFRONT
 10
0.0
 20
0.0
 30
0.0
  9
$PUCSORGBACK
 10
0.0
 20
0.0
 30
0.0
  9
$USERI1
 70
     0
  9
$USERI2
 70
     0
  9
$USERI3
 70
     0
  9
$USERI4
 70
     0
  9
$USERI5
 70
     0
  9
$USERR1
 40
0.0
  9
$USERR2
 40
0.0
  9
$USERR3
 40
0.0
  9
$USERR4
 40
0.0
  9
$USERR5
 40
0.0
  9
$WORLDVIEW
 70
     1
  9
$SHADEDGE
 70
     3
  9
$SHADEDIF
 70
    70
  9
$TILEMODE
 70
     1
  9
$MAXACTVP
 70
    64
  9
$PINSBASE
 10
0.0
 20
0.0
 30
0.0
  9
$PLIMCHECK
 70
     0
  9
$PEXTMIN
 10
1.000000000000000E+20
 20
1.000000000000000E+20
 30
1.000000000000000E+20
  9
$PEXTMAX
 10
-1.000000000000000E+20
 20
-1.000000000000000E+20
 30
-1.000000000000000E+20
  9
$PLIMMIN
 10
0.0
 20
0.0
  9
$PLIMMAX
 10
12.0
 20
9.0
  9
$UNITMODE
 70
     0
  9
$VISRETAIN
 70
     1
  9
$PLINEGEN
 70
     0
  9
$PSLTSCALE
 70
     1
  9
$TREEDEPTH
 70
  3020
  9
$CMLSTYLE
  2
Standard
  9
$CMLJUST
 70
     0
  9
$CMLSCALE
 40
1.0
  9
$PROXYGRAPHICS
 70
     1
  9
$MEASUREMENT
 70
     0
  9
$CELWEIGHT
370
    -1
  9
$ENDCAPS
280
     0
  9
$JOINSTYLE
280
     0
  9
$LWDISPLAY
290
     0
  9
$INSUNITS
 70
     5
  9
$HYPERLINKBASE
  1

  9
$STYLESHEET
  1

  9
$XEDIT
290
     1
  9
$CEPSNTYPE
380
     0
  9
$PSTYLEMODE
290
     1
  9
$FINGERPRINTGUID
  2
{61526547-7265-4318-AD31-84A771B4E810}
  9
$VERSIONGUID
  2
{FAEB1C32-E019-11D5-929B-00C0DF256EC4}
  9
$EXTNAMES
290
     1
  9
$PSVPSCALE
 40
0.0
  9
$OLESTARTUP
290
     0
  9
$SORTENTS
280
   127
  9
$INDEXCTL
280
     0
  9
$HIDETEXT
280
     1
  9
$XCLIPFRAME
290
     0
  9
$HALOGAP
280
     0
  9
$OBSCOLOR
 70
   257
  9
$OBSLTYPE
280
     0
  9
$INTERSECTIONDISPLAY
280
     0
  9
$INTERSECTIONCOLOR
 70
   257
  9
$DIMASSOC
280
     2
  9
$PROJECTNAME
  1

  9
$CAMERADISPLAY
290
     0
  9
$LENSLENGTH
 40
50.0
  9
$CAMERAHEIGHT
 40
0.0
  9
$STEPSPERSEC
 40
2.0
  9
$STEPSIZE
 40
6.0
  9
$3DDWFPREC
 40
2.0
  9
$PSOLWIDTH
 40
0.25
  9
$PSOLHEIGHT
 40
4.0
  9
$LOFTANG1
 40
1.570796326794897
  9
$LOFTANG2
 40
1.570796326794897
  9
$LOFTMAG1
 40
0.0
  9
$LOFTMAG2
 40
0.0
  9
$LOFTPARAM
 70
     7
  9
$LOFTNORMALS
280
     1
  9
$LATITUDE
 40
37.795
  9
$LONGITUDE
 40
-122.394
  9
$NORTHDIRECTION
 40
0.0
  9
$TIMEZONE
 70
 -8000
  9
$LIGHTGLYPHDISPLAY
280
     1
  9
$TILEMODELIGHTSYNCH
280
     1
  9
$SOLIDHIST
280
     1
  9
$SHOWHIST
280
     1
  9
$DWFFRAME
280
     2
  9
$DGNFRAME
280
     2
  9
$REALWORLDSCALE
290
     1
  9
$INTERFERECOLOR
 62
   256
  9
$CSHADOW
280
     0
  9
$SHADOWPLANELOCATION
 40
0.0
  0
ENDSEC
  0
SECTION
  2
CLASSES
  0
CLASS
  1
ACDBDICTIONARYWDFLT
  2
AcDbDictionaryWithDefault
  3
ObjectDBX Classes
 90
        0
 91
        4
280
     0
281
     0
  0
CLASS
  1
VISUALSTYLE
  2
AcDbVisualStyle
  3
ObjectDBX Classes
 90
     4095
 91
        4
280
     0
281
     0
  0
CLASS
  1
MATERIAL
  2
AcDbMaterial
  3
ObjectDBX Classes
 90
     1153
 91
        4
280
     0
281
     0
  0
ENDSEC
  0
SECTION
  2
TABLES
  0
TABLE
  2
VPORT
  5
8
330
0
100
AcDbSymbolTable
 70
     1
  0
VPORT
  5
29
330
8
100
AcDbSymbolTableRecord
100
AcDbViewportTableRecord
  2
*Active
 70
     0
 10
0.0
 20
0.0
 11
1.0
 21
1.0
 12
10.42990654205607
 22
4.5
 13
0.0
 23
0.0
 14
0.5
 24
0.5
 15
0.5
 25
0.5
 16
0.0
 26
0.0
 36
1.0
 17
0.0
 27
0.0
 37
0.0
 40
9.0
 41
1.972972972850329
 42
50.0
 43
0.0
 44
0.0
 50
0.0
 51
0.0
 71
     0
 72
   100
 73
     1
 74
     3
 75
     0
 76
     0
 77
     0
 78
     0
281
     0
 65
     1
110
0.0
120
0.0
130
0.0
111
1.0
121
0.0
131
0.0
112
0.0
122
1.0
132
0.0
 79
     0
146
0.0
 60
     3
 61
     5
292
     1
282
     1
141
0.0
142
0.0
 63
   250
  0
ENDTAB
  0
TABLE
  2
LTYPE
  5
5
330
0
100
AcDbSymbolTable
 70
     1
  0
LTYPE
  5
14
330
5
100
AcDbSymbolTableRecord
100
AcDbLinetypeTableRecord
  2
ByBlock
 70
     0
  3

 72
    65
 73
     0
 40
0.0
  0
LTYPE
  5
15
330
5
100
AcDbSymbolTableRecord
100
AcDbLinetypeTableRecord
  2
ByLayer
 70
     0
  3

 72
    65
 73
     0
 40
0.0
  0
LTYPE
  5
16
330
5
100
AcDbSymbolTableRecord
100
AcDbLinetypeTableRecord
  2
Continuous
 70
     0
  3
Solid line
 72
    65
 73
     0
 40
0.0
  0
ENDTAB
  0
TABLE
  2
LAYER
  5
2
330
0
100
AcDbSymbolTable
 70
     2
  0
LAYER
  5
10
330
2
100
AcDbSymbolTableRecord
100
AcDbLayerTableRecord
  2
0
 70
     0
 62
     7
  6
Continuous
370
    -3
390
F
347
3E
  0
LAYER
  5
40
330
2
100
AcDbSymbolTableRecord
100
AcDbLayerTableRecord
  2
Camada 1
 70
     0
 62
     7
  6
Continuous
370
    -3
390
F
347
3E
  0
ENDTAB
  0
TABLE
  2
STYLE
  5
3
330
0
100
AcDbSymbolTable
 70
     1
  0
STYLE
  5
11
330
3
100
AcDbSymbolTableRecord
100
AcDbTextStyleTableRecord
  2
Standard
 70
     0
 40
0.0
 41
1.0
 50
0.0
 71
     0
 42
0.2
  3
txt
  4

  0
ENDTAB
  0
TABLE
  2
VIEW
  5
6
330
0
100
AcDbSymbolTable
 70
     0
  0
ENDTAB
  0
TABLE
  2
UCS
  5
7
330
0
100
AcDbSymbolTable
 70
     0
  0
ENDTAB
  0
TABLE
  2
APPID
  5
9
330
0
100
AcDbSymbolTable
 70
     2
  0
APPID
  5
12
330
9
100
AcDbSymbolTableRecord
100
AcDbRegAppTableRecord
  2
ACAD
 70
     0
  0
APPID
  5
3F
330
9
100
AcDbSymbolTableRecord
100
AcDbRegAppTableRecord
  2
ODA
 70
     0
  0
ENDTAB
  0
TABLE
  2
DIMSTYLE
  5
A
330
0
100
AcDbSymbolTable
 70
     1
100
AcDbDimStyleTable
  0
DIMSTYLE
105
27
330
A
100
AcDbSymbolTableRecord
100
AcDbDimStyleTableRecord
  2
Standard
 70
     0
178
     0
340
11
  0
ENDTAB
  0
TABLE
  2
BLOCK_RECORD
  5
1
330
0
100
AcDbSymbolTable
 70
     1
  0
BLOCK_RECORD
  5
1F
330
1
100
AcDbSymbolTableRecord
100
AcDbBlockTableRecord
  2
*Model_Space
340
22
 70
     0
280
     1
281
     0
  0
BLOCK_RECORD
  5
1B
330
1
100
AcDbSymbolTableRecord
100
AcDbBlockTableRecord
  2
*Paper_Space
340
1E
 70
     0
280
     1
281
     0
  0
BLOCK_RECORD
  5
23
330
1
100
AcDbSymbolTableRecord
100
AcDbBlockTableRecord
  2
*Paper_Space0
340
26
 70
     0
280
     1
281
     0
  0
ENDTAB
  0
ENDSEC
  0
SECTION
  2
BLOCKS
  0
BLOCK
  5
20
330
1F
100
AcDbEntity
  8
0
100
AcDbBlockBegin
  2
*Model_Space
 70
     0
 10
0.0
 20
0.0
 30
0.0
  3
*Model_Space
  1

  0
ENDBLK
  5
21
330
1F
100
AcDbEntity
  8
0
100
AcDbBlockEnd
  0
BLOCK
  5
1C
330
1B
100
AcDbEntity
 67
     1
  8
0
100
AcDbBlockBegin
  2
*Paper_Space
 70
     0
 10
0.0
 20
0.0
 30
0.0
  3
*Paper_Space
  1

  0
ENDBLK
  5
1D
330
1B
100
AcDbEntity
 67
     1
  8
0
100
AcDbBlockEnd
  0
BLOCK
  5
24
330
23
100
AcDbEntity
  8
0
100
AcDbBlockBegin
  2
*Paper_Space0
 70
     0
 10
0.0
 20
0.0
 30
0.0
  3
*Paper_Space0
  1

  0
ENDBLK
  5
25
330
23
100
AcDbEntity
  8
0
100
AcDbBlockEnd
  0
ENDSEC
  0
SECTION
  2
ENTITIES
  0
SPLINE
  5
41
330
1F
100
AcDbEntity
  8
Camada 1
100
AcDbSpline
210
0.0
220
0.0
230
1.0
 70
    11
 71
     3
 72
    32
 73
    28
 74
     0
 42
0.0000000001
 43
0.0000000001
 12
1.0
 22
0.0
 32
0.0
 13
1.0
 23
0.0
 33
0.0
 40
0.0
 40
0.0
 40
0.0
 40
0.0
 40
0.125
 40
0.125
 40
0.125
 40
0.125
 40
0.25
 40
0.25
 40
0.25
 40
0.25
 40
0.375
 40
0.375
 40
0.375
 40
0.375
 40
0.5
 40
0.5
 40
0.5
 40
0.5
 40
0.625
 40
0.625
 40
0.625
 40
0.625
 40
0.75
 40
0.75
 40
0.75
 40
0.75
 40
1.0
 40
1.0
 40
1.0
 40
1.0
 10
-7.177
 20
9.388
 30
0.0
 10
-6.878
 20
9.398
 30
0.0
 10
-6.578
 20
9.402
 30
0.0
 10
-6.279
 20
9.402
 30
0.0
 10
-6.279
 20
9.402
 30
0.0
 10
-1.834
 20
9.4
 30
0.0
 10
2.611
 20
9.402
 30
0.0
 10
7.056
 20
9.401
 30
0.0
 10
7.056
 20
9.401
 30
0.0
 10
7.061
 20
3.17
 30
0.0
 10
7.047
 20
-3.062
 30
0.0
 10
7.063
 20
-9.293
 30
0.0
 10
7.063
 20
-9.293
 30
0.0
 10
2.322
 20
-9.299
 30
0.0
 10
-2.42
 20
-9.294
 30
0.0
 10
-7.161
 20
-9.295
 30
0.0
 10
-7.161
 20
-9.295
 30
0.0
 10
-7.161
 20
-3.768
 30
0.0
 10
-7.162
 20
1.759
 30
0.0
 10
-7.16
 20
7.285
 30
0.0
 10
-7.16
 20
7.285
 30
0.0
 10
-7.155
 20
7.986
 30
0.0
 10
-7.22
 20
8.687
 30
0.0
 10
-7.177
 20
9.388
 30
0.0
 10
-7.177
 20
9.388
 30
0.0
 10
-7.177
 20
9.388
 30
0.0
 10
-7.177
 20
9.388
 30
0.0
 10
-7.177
 20
9.388
 30
0.0
  0
SPLINE
  5
42
330
1F
100
AcDbEntity
  8
Camada 1
100
AcDbSpline
210
0.0
220
0.0
230
1.0
 70
    11
 71
     3
 72
    32
 73
    28
 74
     0
 42
0.0000000001
 43
0.0000000001
 12
1.0
 22
0.0
 32
0.0
 13
1.0
 23
0.0
 33
0.0
 40
0.0
 40
0.0
 40
0.0
 40
0.0
 40
0.125
 40
0.125
 40
0.125
 40
0.125
 40
0.25
 40
0.25
 40
0.25
 40
0.25
 40
0.375
 40
0.375
 40
0.375
 40
0.375
 40
0.5
 40
0.5
 40
0.5
 40
0.5
 40
0.625
 40
0.625
 40
0.625
 40
0.625
 40
0.75
 40
0.75
 40
0.75
 40
0.75
 40
1.0
 40
1.0
 40
1.0
 40
1.0
 10
-6.879
 20
9.084
 30
0.0
 10
-6.881
 20
8.555
 30
0.0
 10
-6.887
 20
8.025
 30
0.0
 10
-6.858
 20
7.497
 30
0.0
 10
-6.858
 20
7.497
 30
0.0
 10
-6.659
 20
7.68
 30
0.0
 10
-6.519
 20
7.917
 30
0.0
 10
-6.32
 20
8.101
 30
0.0
 10
-6.32
 20
8.101
 30
0.0
 10
-5.583
 20
8.802
 30
0.0
 10
-4.446
 20
9.025
 30
0.0
 10
-3.488
 20
8.702
 30
0.0
 10
-3.488
 20
8.702
 30
0.0
 10
-3.164
 20
8.577
 30
0.0
 10
-2.88
 20
8.375
 30
0.0
 10
-2.59
 20
8.189
 30
0.0
 10
-2.59
 20
8.189
 30
0.0
 10
-2.568
 20
8.486
 30
0.0
 10
-2.532
 20
8.781
 30
0.0
 10
-2.481
 20
9.074
 30
0.0
 10
-2.481
 20
9.074
 30
0.0
 10
-3.947
 20
9.096
 30
0.0
 10
-5.413
 20
9.077
 30
0.0
 10
-6.879
 20
9.083
 30
0.0
 10
-6.879
 20
9.083
 30
0.0
 10
-6.879
 20
9.083
 30
0.0
 10
-6.879
 20
9.084
 30
0.0
 10
-6.879
 20
9.084
 30
0.0
  0
SPLINE
  5
43
330
1F
100
AcDbEntity
  8
Camada 1
100
AcDbSpline
210
0.0
220
0.0
230
1.0
 70
    11
 71
     3
 72
    60
 73
    56
 74
     0
 42
0.0000000001
 43
0.0000000001
 12
1.0
 22
0.0
 32
0.0
 13
1.0
 23
0.0
 33
0.0
 40
0.0
 40
0.0
 40
0.0
 40
0.0
 40
0.0666666666666667
 40
0.0666666666666667
 40
0.0666666666666667
 40
0.0666666666666667
 40
0.1333333333333333
 40
0.1333333333333333
 40
0.1333333333333333
 40
0.1333333333333333
 40
0.2
 40
0.2
 40
0.2
 40
0.2
 40
0.2666666666666667
 40
0.2666666666666667
 40
0.2666666666666667
 40
0.2666666666666667
 40
0.3333333333333333
 40
0.3333333333333333
 40
0.3333333333333333
 40
0.3333333333333333
 40
0.4
 40
0.4
 40
0.4
 40
0.4
 40
0.4666666666666667
 40
0.4666666666666667
 40
0.4666666666666667
 40
0.4666666666666667
 40
0.5333333333333333
 40
0.5333333333333333
 40
0.5333333333333333
 40
0.5333333333333333
 40
0.6
 40
0.6
 40
0.6
 40
0.6
 40
0.6666666666666666
 40
0.6666666666666666
 40
0.6666666666666666
 40
0.6666666666666666
 40
0.7333333333333333
 40
0.7333333333333333
 40
0.7333333333333333
 40
0.7333333333333333
 40
0.8
 40
0.8
 40
0.8
 40
0.8
 40
0.8666666666666667
 40
0.8666666666666667
 40
0.8666666666666667
 40
0.8666666666666667
 40
1.0
 40
1.0
 40
1.0
 40
1.0
 10
-2.014
 20
9.094
 30
0.0
 10
-2.111
 20
8.956
 30
0.0
 10
-2.236
 20
8.828
 30
0.0
 10
-2.249
 20
8.649
 30
0.0
 10
-2.249
 20
8.649
 30
0.0
 10
-2.279
 20
8.263
 30
0.0
 10
-2.197
 20
7.842
 30
0.0
 10
-1.911
 20
7.561
 30
0.0
 10
-1.911
 20
7.561
 30
0.0
 10
-1.693
 20
7.357
 30
0.0
 10
-1.473
 20
7.15
 30
0.0
 10
-1.228
 20
6.978
 30
0.0
 10
-1.228
 20
6.978
 30
0.0
 10
-0.926
 20
6.805
 30
0.0
 10
-0.581
 20
6.734
 30
0.0
 10
-0.249
 20
6.639
 30
0.0
 10
-0.249
 20
6.639
 30
0.0
 10
-0.193
 20
6.866
 30
0.0
 10
-0.134
 20
7.093
 30
0.0
 10
-0.101
 20
7.324
 30
0.0
 10
-0.101
 20
7.324
 30
0.0
 10
-0.328
 20
7.429
 30
0.0
 10
-0.589
 20
7.537
 30
0.0
 10
-0.707
 20
7.775
 30
0.0
 10
-0.707
 20
7.775
 30
0.0
 10
-0.876
 20
8.011
 30
0.0
 10
-0.878
 20
8.318
 30
0.0
 10
-0.816
 20
8.591
 30
0.0
 10
-0.816
 20
8.591
 30
0.0
 10
-0.76
 20
8.762
 30
0.0
 10
-0.647
 20
8.907
 30
0.0
 10
-0.565
 20
9.067
 30
0.0
 10
-0.565
 20
9.067
 30
0.0
 10
-0.827
 20
9.075
 30
0.0
 10
-1.09
 20
9.075
 30
0.0
 10
-1.352
 20
9.071
 30
0.0
 10
-1.352
 20
9.071
 30
0.0
 10
-1.364
 20
8.874
 30
0.0
 10
-1.359
 20
8.626
 30
0.0
 10
-1.575
 20
8.538
 30
0.0
 10
-1.575
 20
8.538
 30
0.0
 10
-1.744
 20
8.463
 30
0.0
 10
-1.905
 20
8.609
 30
0.0
 10
-1.962
 20
8.76
 30
0.0
 10
-1.962
 20
8.76
 30
0.0
 10
-1.862
 20
8.853
 30
0.0
 10
-1.766
 20
8.951
 30
0.0
 10
-1.678
 20
9.056
 30
0.0
 10
-1.678
 20
9.056
 30
0.0
 10
-1.789
 20
9.072
 30
0.0
 10
-1.903
 20
9.082
 30
0.0
 10
-2.015
 20
9.092
 30
0.0
 10
-2.015
 20
9.092
 30
0.0
 10
-2.015
 20
9.092
 30
0.0
 10
-2.014
 20
9.094
 30
0.0
 10
-2.014
 20
9.094
 30
0.0
  0
SPLINE
  5
44
330
1F
100
AcDbEntity
  8
Camada 1
100
AcDbSpline
210
0.0
220
0.0
230
1.0
 70
    11
 71
     3
 72
    80
 73
    76
 74
     0
 42
0.0000000001
 43
0.0000000001
 12
1.0
 22
0.0
 32
0.0
 13
1.0
 23
0.0
 33
0.0
 40
0.0
 40
0.0
 40
0.0
 40
0.0
 40
0.05
 40
0.05
 40
0.05
 40
0.05
 40
0.1
 40
0.1
 40
0.1
 40
0.1
 40
0.15
 40
0.15
 40
0.15
 40
0.15
 40
0.2
 40
0.2
 40
0.2
 40
0.2
 40
0.25
 40
0.25
 40
0.25
 40
0.25
 40
0.3
 40
0.3
 40
0.3
 40
0.3
 40
0.35
 40
0.35
 40
0.35
 40
0.35
 40
0.4
 40
0.4
 40
0.4
 40
0.4
 40
0.45
 40
0.45
 40
0.45
 40
0.45
 40
0.5
 40
0.5
 40
0.5
 40
0.5
 40
0.55
 40
0.55
 40
0.55
 40
0.55
 40
0.6
 40
0.6
 40
0.6
 40
0.6
 40
0.65
 40
0.65
 40
0.65
 40
0.65
 40
0.7
 40
0.7
 40
0.7
 40
0.7
 40
0.75
 40
0.75
 40
0.75
 40
0.75
 40
0.8
 40
0.8
 40
0.8
 40
0.8
 40
0.85
 40
0.85
 40
0.85
 40
0.85
 40
0.9
 40
0.9
 40
0.9
 40
0.9
 40
1.0
 40
1.0
 40
1.0
 40
1.0
 10
-0.144
 20
8.941
 30
0.0
 10
-0.464
 20
8.78
 30
0.0
 10
-0.657
 20
8.36
 30
0.0
 10
-0.493
 20
8.025
 30
0.0
 10
-0.493
 20
8.025
 30
0.0
 10
-0.401
 20
7.845
 30
0.0
 10
-0.222
 20
7.739
 30
0.0
 10
-0.071
 20
7.613
 30
0.0
 10
-0.071
 20
7.613
 30
0.0
 10
-0.01
 20
7.693
 30
0.0
 10
0.049
 20
7.775
 30
0.0
 10
0.11
 20
7.855
 30
0.0
 10
0.11
 20
7.855
 30
0.0
 10
0.153
 20
7.779
 30
0.0
 10
0.19
 20
7.7
 30
0.0
 10
0.245
 20
7.631
 30
0.0
 10
0.245
 20
7.631
 30
0.0
 10
0.341
 20
7.671
 30
0.0
 10
0.431
 20
7.726
 30
0.0
 10
0.512
 20
7.791
 30
0.0
 10
0.512
 20
7.791
 30
0.0
 10
0.689
 20
7.951
 30
0.0
 10
0.491
 20
8.216
 30
0.0
 10
0.487
 20
8.405
 30
0.0
 10
0.487
 20
8.405
 30
0.0
 10
0.576
 20
8.418
 30
0.0
 10
0.681
 20
8.46
 30
0.0
 10
0.761
 20
8.398
 30
0.0
 10
0.761
 20
8.398
 30
0.0
 10
0.913
 20
8.265
 30
0.0
 10
0.942
 20
8.041
 30
0.0
 10
0.91
 20
7.852
 30
0.0
 10
0.91
 20
7.852
 30
0.0
 10
0.832
 20
7.556
 30
0.0
 10
0.529
 20
7.435
 30
0.0
 10
0.281
 20
7.309
 30
0.0
 10
0.281
 20
7.309
 30
0.0
 10
0.337
 20
7.097
 30
0.0
 10
0.394
 20
6.885
 30
0.0
 10
0.453
 20
6.674
 30
0.0
 10
0.453
 20
6.674
 30
0.0
 10
0.726
 20
6.783
 30
0.0
 10
1.0
 20
6.894
 30
0.0
 10
1.283
 20
6.98
 30
0.0
 10
1.283
 20
6.98
 30
0.0
 10
1.221
 20
6.683
 30
0.0
 10
1.099
 20
6.403
 30
0.0
 10
1.013
 20
6.112
 30
0.0
 10
1.013
 20
6.112
 30
0.0
 10
1.183
 20
6.066
 30
0.0
 10
1.354
 20
6.029
 30
0.0
 10
1.527
 20
5.998
 30
0.0
 10
1.527
 20
5.998
 30
0.0
 10
1.608
 20
6.296
 30
0.0
 10
1.617
 20
6.616
 30
0.0
 10
1.759
 20
6.894
 30
0.0
 10
1.759
 20
6.894
 30
0.0
 10
1.889
 20
7.202
 30
0.0
 10
2.137
 20
7.43
 30
0.0
 10
2.363
 20
7.668
 30
0.0
 10
2.363
 20
7.668
 30
0.0
 10
2.459
 20
7.724
 30
0.0
 10
2.422
 20
7.831
 30
0.0
 10
2.395
 20
7.912
 30
0.0
 10
2.395
 20
7.912
 30
0.0
 10
2.155
 20
8.547
 30
0.0
 10
1.548
 20
9.084
 30
0.0
 10
0.846
 20
9.085
 30
0.0
 10
0.846
 20
9.085
 30
0.0
 10
0.517
 20
9.072
 30
0.0
 10
0.144
 20
9.14
 30
0.0
 10
-0.145
 20
8.94
 30
0.0
 10
-0.145
 20
8.94
 30
0.0
 10
-0.145
 20
8.94
 30
0.0
 10
-0.144
 20
8.941
 30
0.0
 10
-0.144
 20
8.941
 30
0.0
  0
SPLINE
  5
45
330
1F
100
AcDbEntity
  8
Camada 1
100
AcDbSpline
210
0.0
220
0.0
230
1.0
 70
    11
 71
     3
 72
    40
 73
    36
 74
     0
 42
0.0000000001
 43
0.0000000001
 12
1.0
 22
0.0
 32
0.0
 13
1.0
 23
0.0
 33
0.0
 40
0.0
 40
0.0
 40
0.0
 40
0.0
 40
0.1
 40
0.1
 40
0.1
 40
0.1
 40
0.2
 40
0.2
 40
0.2
 40
0.2
 40
0.3
 40
0.3
 40
0.3
 40
0.3
 40
0.4
 40
0.4
 40
0.4
 40
0.4
 40
0.5
 40
0.5
 40
0.5
 40
0.5
 40
0.6
 40
0.6
 40
0.6
 40
0.6
 40
0.7
 40
0.7
 40
0.7
 40
0.7
 40
0.8
 40
0.8
 40
0.8
 40
0.8
 40
1.0
 40
1.0
 40
1.0
 40
1.0
 10
1.942
 20
9.062
 30
0.0
 10
2.274
 20
8.732
 30
0.0
 10
2.602
 20
8.375
 30
0.0
 10
2.736
 20
7.915
 30
0.0
 10
2.736
 20
7.915
 30
0.0
 10
3.131
 20
8.053
 30
0.0
 10
3.547
 20
8.183
 30
0.0
 10
3.97
 20
8.109
 30
0.0
 10
3.97
 20
8.109
 30
0.0
 10
4.332
 20
8.072
 30
0.0
 10
4.653
 20
7.896
 30
0.0
 10
4.968
 20
7.728
 30
0.0
 10
4.968
 20
7.728
 30
0.0
 10
5.046
 20
7.984
 30
0.0
 10
5.089
 20
8.26
 30
0.0
 10
5.257
 20
8.477
 30
0.0
 10
5.257
 20
8.477
 30
0.0
 10
5.426
 20
8.718
 30
0.0
 10
5.68
 20
8.954
 30
0.0
 10
5.995
 20
8.936
 30
0.0
 10
5.995
 20
8.936
 30
0.0
 10
6.28
 20
8.95
 30
0.0
 10
6.502
 20
8.745
 30
0.0
 10
6.729
 20
8.605
 30
0.0
 10
6.729
 20
8.605
 30
0.0
 10
6.733
 20
8.763
 30
0.0
 10
6.734
 20
8.921
 30
0.0
 10
6.737
 20
9.079
 30
0.0
 10
6.737
 20
9.079
 30
0.0
 10
5.138
 20
9.069
 30
0.0
 10
3.539
 20
9.102
 30
0.0
 10
1.941
 20
9.062
 30
0.0
 10
1.941
 20
9.062
 30
0.0
 10
1.941
 20
9.062
 30
0.0
 10
1.942
 20
9.062
 30
0.0
 10
1.942
 20
9.062
 30
0.0
  0
SPLINE
  5
46
330
1F
100
AcDbEntity
  8
Camada 1
100
AcDbSpline
210
0.0
220
0.0
230
1.0
 70
    11
 71
     3
 72
   220
 73
   216
 74
     0
 42
0.0000000001
 43
0.0000000001
 12
1.0
 22
0.0
 32
0.0
 13
1.0
 23
0.0
 33
0.0
 40
0.0
 40
0.0
 40
0.0
 40
0.0
 40
0.0181818181818182
 40
0.0181818181818182
 40
0.0181818181818182
 40
0.0181818181818182
 40
0.0363636363636364
 40
0.0363636363636364
 40
0.0363636363636364
 40
0.0363636363636364
 40
0.0545454545454545
 40
0.0545454545454545
 40
0.0545454545454545
 40
0.0545454545454545
 40
0.0727272727272727
 40
0.0727272727272727
 40
0.0727272727272727
 40
0.0727272727272727
 40
0.0909090909090909
 40
0.0909090909090909
 40
0.0909090909090909
 40
0.0909090909090909
 40
0.1090909090909091
 40
0.1090909090909091
 40
0.1090909090909091
 40
0.1090909090909091
 40
0.1272727272727273
 40
0.1272727272727273
 40
0.1272727272727273
 40
0.1272727272727273
 40
0.1454545454545454
 40
0.1454545454545454
 40
0.1454545454545454
 40
0.1454545454545454
 40
0.1636363636363636
 40
0.1636363636363636
 40
0.1636363636363636
 40
0.1636363636363636
 40
0.1818181818181818
 40
0.1818181818181818
 40
0.1818181818181818
 40
0.1818181818181818
 40
0.2
 40
0.2
 40
0.2
 40
0.2
 40
0.2181818181818182
 40
0.2181818181818182
 40
0.2181818181818182
 40
0.2181818181818182
 40
0.2363636363636364
 40
0.2363636363636364
 40
0.2363636363636364
 40
0.2363636363636364
 40
0.2545454545454545
 40
0.2545454545454545
 40
0.2545454545454545
 40
0.2545454545454545
 40
0.2727272727272727
 40
0.2727272727272727
 40
0.2727272727272727
 40
0.2727272727272727
 40
0.2909090909090909
 40
0.2909090909090909
 40
0.2909090909090909
 40
0.2909090909090909
 40
0.3090909090909091
 40
0.3090909090909091
 40
0.3090909090909091
 40
0.3090909090909091
 40
0.3272727272727273
 40
0.3272727272727273
 40
0.3272727272727273
 40
0.3272727272727273
 40
0.3454545454545455
 40
0.3454545454545455
 40
0.3454545454545455
 40
0.3454545454545455
 40
0.3636363636363636
 40
0.3636363636363636
 40
0.3636363636363636
 40
0.3636363636363636
 40
0.3818181818181818
 40
0.3818181818181818
 40
0.3818181818181818
 40
0.3818181818181818
 40
0.4
 40
0.4
 40
0.4
 40
0.4
 40
0.4181818181818182
 40
0.4181818181818182
 40
0.4181818181818182
 40
0.4181818181818182
 40
0.4363636363636363
 40
0.4363636363636363
 40
0.4363636363636363
 40
0.4363636363636363
 40
0.4545454545454545
 40
0.4545454545454545
 40
0.4545454545454545
 40
0.4545454545454545
 40
0.4727272727272727
 40
0.4727272727272727
 40
0.4727272727272727
 40
0.4727272727272727
 40
0.4909090909090909
 40
0.4909090909090909
 40
0.4909090909090909
 40
0.4909090909090909
 40
0.509090909090909
 40
0.509090909090909
 40
0.509090909090909
 40
0.509090909090909
 40
0.5272727272727272
 40
0.5272727272727272
 40
0.5272727272727272
 40
0.5272727272727272
 40
0.5454545454545454
 40
0.5454545454545454
 40
0.5454545454545454
 40
0.5454545454545454
 40
0.5636363636363636
 40
0.5636363636363636
 40
0.5636363636363636
 40
0.5636363636363636
 40
0.5818181818181818
 40
0.5818181818181818
 40
0.5818181818181818
 40
0.5818181818181818
 40
0.6
 40
0.6
 40
0.6
 40
0.6
 40
0.6181818181818182
 40
0.6181818181818182
 40
0.6181818181818182
 40
0.6181818181818182
 40
0.6363636363636364
 40
0.6363636363636364
 40
0.6363636363636364
 40
0.6363636363636364
 40
0.6545454545454545
 40
0.6545454545454545
 40
0.6545454545454545
 40
0.6545454545454545
 40
0.6727272727272727
 40
0.6727272727272727
 40
0.6727272727272727
 40
0.6727272727272727
 40
0.6909090909090909
 40
0.6909090909090909
 40
0.6909090909090909
 40
0.6909090909090909
 40
0.7090909090909091
 40
0.7090909090909091
 40
0.7090909090909091
 40
0.7090909090909091
 40
0.7272727272727273
 40
0.7272727272727273
 40
0.7272727272727273
 40
0.7272727272727273
 40
0.7454545454545455
 40
0.7454545454545455
 40
0.7454545454545455
 40
0.7454545454545455
 40
0.7636363636363637
 40
0.7636363636363637
 40
0.7636363636363637
 40
0.7636363636363637
 40
0.7818181818181819
 40
0.7818181818181819
 40
0.7818181818181819
 40
0.7818181818181819
 40
0.8
 40
0.8
 40
0.8
 40
0.8
 40
0.8181818181818182
 40
0.8181818181818182
 40
0.8181818181818182
 40
0.8181818181818182
 40
0.8363636363636363
 40
0.8363636363636363
 40
0.8363636363636363
 40
0.8363636363636363
 40
0.8545454545454545
 40
0.8545454545454545
 40
0.8545454545454545
 40
0.8545454545454545
 40
0.8727272727272727
 40
0.8727272727272727
 40
0.8727272727272727
 40
0.8727272727272727
 40
0.8909090909090909
 40
0.8909090909090909
 40
0.8909090909090909
 40
0.8909090909090909
 40
0.9090909090909091
 40
0.9090909090909091
 40
0.9090909090909091
 40
0.9090909090909091
 40
0.9272727272727272
 40
0.9272727272727272
 40
0.9272727272727272
 40
0.9272727272727272
 40
0.9454545454545454
 40
0.9454545454545454
 40
0.9454545454545454
 40
0.9454545454545454
 40
0.9636363636363636
 40
0.9636363636363636
 40
0.9636363636363636
 40
0.9636363636363636
 40
1.0
 40
1.0
 40
1.0
 40
1.0
 10
5.418
 20
8.139
 30
0.0
 10
5.222
 20
7.741
 30
0.0
 10
5.354
 20
7.274
 30
0.0
 10
5.535
 20
6.893
 30
0.0
 10
5.535
 20
6.893
 30
0.0
 10
5.742
 20
6.422
 30
0.0
 10
5.707
 20
5.861
 30
0.0
 10
5.461
 20
5.412
 30
0.0
 10
5.461
 20
5.412
 30
0.0
 10
5.231
 20
4.953
 30
0.0
 10
4.837
 20
4.615
 30
0.0
 10
4.458
 20
4.283
 30
0.0
 10
4.458
 20
4.283
 30
0.0
 10
4.658
 20
4.138
 30
0.0
 10
4.924
 20
4.018
 30
0.0
 10
4.974
 20
3.751
 30
0.0
 10
4.974
 20
3.751
 30
0.0
 10
5.045
 20
3.388
 30
0.0
 10
4.62
 20
3.1
 30
0.0
 10
4.301
 20
3.257
 30
0.0
 10
4.301
 20
3.257
 30
0.0
 10
4.145
 20
3.336
 30
0.0
 10
4.021
 20
3.594
 30
0.0
 10
4.206
 20
3.711
 30
0.0
 10
4.206
 20
3.711
 30
0.0
 10
4.362
 20
3.749
 30
0.0
 10
4.437
 20
3.567
 30
0.0
 10
4.534
 20
3.482
 30
0.0
 10
4.534
 20
3.482
 30
0.0
 10
4.588
 20
3.57
 30
0.0
 10
4.707
 20
3.682
 30
0.0
 10
4.619
 20
3.786
 30
0.0
 10
4.619
 20
3.786
 30
0.0
 10
4.48
 20
3.975
 30
0.0
 10
4.211
 20
3.951
 30
0.0
 10
4.02
 20
3.861
 30
0.0
 10
4.02
 20
3.861
 30
0.0
 10
3.514
 20
3.603
 30
0.0
 10
3.081
 20
3.229
 30
0.0
 10
2.644
 20
2.871
 30
0.0
 10
2.644
 20
2.871
 30
0.0
 10
2.231
 20
2.527
 30
0.0
 10
1.865
 20
2.054
 30
0.0
 10
1.834
 20
1.498
 30
0.0
 10
1.834
 20
1.498
 30
0.0
 10
1.919
 20
1.535
 30
0.0
 10
2.003
 20
1.575
 30
0.0
 10
2.088
 20
1.612
 30
0.0
 10
2.088
 20
1.612
 30
0.0
 10
2.133
 20
1.366
 30
0.0
 10
2.172
 20
1.119
 30
0.0
 10
2.183
 20
0.869
 30
0.0
 10
2.183
 20
0.869
 30
0.0
 10
2.062
 20
0.874
 30
0.0
 10
1.941
 20
0.884
 30
0.0
 10
1.821
 20
0.89
 30
0.0
 10
1.821
 20
0.89
 30
0.0
 10
1.839
 20
0.443
 30
0.0
 10
2.039
 20
0.037
 30
0.0
 10
2.318
 20
-0.303
 30
0.0
 10
2.318
 20
-0.303
 30
0.0
 10
2.405
 20
-0.207
 30
0.0
 10
2.48
 20
-0.098
 30
0.0
 10
2.536
 20
0.019
 30
0.0
 10
2.536
 20
0.019
 30
0.0
 10
2.707
 20
0.381
 30
0.0
 10
2.894
 20
0.745
 30
0.0
 10
2.954
 20
1.145
 30
0.0
 10
2.954
 20
1.145
 30
0.0
 10
3.017
 20
1.4
 30
0.0
 10
2.964
 20
1.662
 30
0.0
 10
2.979
 20
1.92
 30
0.0
 10
2.979
 20
1.92
 30
0.0
 10
3.059
 20
1.865
 30
0.0
 10
3.137
 20
1.806
 30
0.0
 10
3.202
 20
1.732
 30
0.0
 10
3.202
 20
1.732
 30
0.0
 10
3.389
 20
1.543
 30
0.0
 10
3.394
 20
1.26
 30
0.0
 10
3.455
 20
1.017
 30
0.0
 10
3.455
 20
1.017
 30
0.0
 10
3.533
 20
1.02
 30
0.0
 10
3.611
 20
1.024
 30
0.0
 10
3.689
 20
1.025
 30
0.0
 10
3.689
 20
1.025
 30
0.0
 10
3.694
 20
0.732
 30
0.0
 10
3.762
 20
0.45
 30
0.0
 10
3.914
 20
0.197
 30
0.0
 10
3.914
 20
0.197
 30
0.0
 10
4.145
 20
0.469
 30
0.0
 10
4.325
 20
0.785
 30
0.0
 10
4.42
 20
1.13
 30
0.0
 10
4.42
 20
1.13
 30
0.0
 10
4.54
 20
1.545
 30
0.0
 10
4.686
 20
2.038
 30
0.0
 10
4.44
 20
2.435
 30
0.0
 10
4.44
 20
2.435
 30
0.0
 10
4.643
 20
2.427
 30
0.0
 10
4.903
 20
2.452
 30
0.0
 10
5.009
 20
2.234
 30
0.0
 10
5.009
 20
2.234
 30
0.0
 10
5.21
 20
2.01
 30
0.0
 10
5.129
 20
1.701
 30
0.0
 10
5.121
 20
1.43
 30
0.0
 10
5.121
 20
1.43
 30
0.0
 10
5.176
 20
1.419
 30
0.0
 10
5.285
 20
1.398
 30
0.0
 10
5.34
 20
1.387
 30
0.0
 10
5.34
 20
1.387
 30
0.0
 10
5.303
 20
1.107
 30
0.0
 10
5.248
 20
0.828
 30
0.0
 10
5.151
 20
0.562
 30
0.0
 10
5.151
 20
0.562
 30
0.0
 10
5.308
 20
0.506
 30
0.0
 10
5.472
 20
0.391
 30
0.0
 10
5.395
 20
0.191
 30
0.0
 10
5.395
 20
0.191
 30
0.0
 10
5.379
 20
-0.103
 30
0.0
 10
5.094
 20
-0.3
 30
0.0
 10
5.095
 20
-0.593
 30
0.0
 10
5.095
 20
-0.593
 30
0.0
 10
5.088
 20
-0.758
 30
0.0
 10
5.068
 20
-0.923
 30
0.0
 10
5.025
 20
-1.083
 30
0.0
 10
5.025
 20
-1.083
 30
0.0
 10
5.64
 20
-0.986
 30
0.0
 10
6.204
 20
-0.577
 30
0.0
 10
6.486
 20
-0.022
 30
0.0
 10
6.486
 20
-0.022
 30
0.0
 10
6.661
 20
0.352
 30
0.0
 10
6.653
 20
0.785
 30
0.0
 10
6.608
 20
1.186
 30
0.0
 10
6.608
 20
1.186
 30
0.0
 10
6.502
 20
1.754
 30
0.0
 10
6.157
 20
2.321
 30
0.0
 10
5.607
 20
2.548
 30
0.0
 10
5.607
 20
2.548
 30
0.0
 10
5.265
 20
2.708
 30
0.0
 10
4.843
 20
2.758
 30
0.0
 10
4.491
 20
2.608
 30
0.0
 10
4.491
 20
2.608
 30
0.0
 10
4.245
 20
2.479
 30
0.0
 10
3.93
 20
2.206
 30
0.0
 10
4.027
 20
1.895
 30
0.0
 10
4.027
 20
1.895
 30
0.0
 10
4.13
 20
1.853
 30
0.0
 10
4.247
 20
1.859
 30
0.0
 10
4.35
 20
1.818
 30
0.0
 10
4.35
 20
1.818
 30
0.0
 10
4.389
 20
1.773
 30
0.0
 10
4.416
 20
1.72
 30
0.0
 10
4.448
 20
1.669
 30
0.0
 10
4.448
 20
1.669
 30
0.0
 10
4.332
 20
1.615
 30
0.0
 10
4.21
 20
1.569
 30
0.0
 10
4.083
 20
1.548
 30
0.0
 10
4.083
 20
1.548
 30
0.0
 10
3.915
 20
1.536
 30
0.0
 10
3.742
 20
1.651
 30
0.0
 10
3.713
 20
1.822
 30
0.0
 10
3.713
 20
1.822
 30
0.0
 10
3.621
 20
2.054
 30
0.0
 10
3.729
 20
2.303
 30
0.0
 10
3.868
 20
2.489
 30
0.0
 10
3.868
 20
2.489
 30
0.0
 10
4.1
 20
2.784
 30
0.0
 10
4.454
 20
2.981
 30
0.0
 10
4.83
 20
3.01
 30
0.0
 10
4.83
 20
3.01
 30
0.0
 10
5.174
 20
3.026
 30
0.0
 10
5.502
 20
2.914
 30
0.0
 10
5.83
 20
2.828
 30
0.0
 10
5.83
 20
2.828
 30
0.0
 10
5.709
 20
3.162
 30
0.0
 10
5.565
 20
3.495
 30
0.0
 10
5.545
 20
3.855
 30
0.0
 10
5.545
 20
3.855
 30
0.0
 10
5.553
 20
4.227
 30
0.0
 10
5.732
 20
4.632
 30
0.0
 10
6.1
 20
4.772
 30
0.0
 10
6.1
 20
4.772
 30
0.0
 10
6.299
 20
4.874
 30
0.0
 10
6.525
 20
4.803
 30
0.0
 10
6.735
 20
4.783
 30
0.0
 10
6.735
 20
4.783
 30
0.0
 10
6.734
 20
5.806
 30
0.0
 10
6.741
 20
6.83
 30
0.0
 10
6.73
 20
7.854
 30
0.0
 10
6.73
 20
7.854
 30
0.0
 10
6.491
 20
7.693
 30
0.0
 10
6.098
 20
7.583
 30
0.0
 10
5.896
 20
7.85
 30
0.0
 10
5.896
 20
7.85
 30
0.0
 10
5.761
 20
7.984
 30
0.0
 10
5.868
 20
8.181
 30
0.0
 10
5.888
 20
8.34
 30
0.0
 10
5.888
 20
8.34
 30
0.0
 10
6.128
 20
8.327
 30
0.0
 10
6.154
 20
8.097
 30
0.0
 10
6.217
 20
7.923
 30
0.0
 10
6.217
 20
7.923
 30
0.0
 10
6.314
 20
7.979
 30
0.0
 10
6.439
 20
8.031
 30
0.0
 10
6.464
 20
8.155
 30
0.0
 10
6.464
 20
8.155
 30
0.0
 10
6.527
 20
8.389
 30
0.0
 10
6.285
 20
8.605
 30
0.0
 10
6.067
 20
8.623
 30
0.0
 10
6.067
 20
8.623
 30
0.0
 10
5.76
 20
8.659
 30
0.0
 10
5.538
 20
8.385
 30
0.0
 10
5.42
 20
8.137
 30
0.0
 10
5.42
 20
8.137
 30
0.0
 10
5.42
 20
8.137
 30
0.0
 10
5.418
 20
8.139
 30
0.0
 10
5.418
 20
8.139
 30
0.0
  0
SPLINE
  5
47
330
1F
100
AcDbEntity
  8
Camada 1
100
AcDbSpline
210
0.0
220
0.0
230
1.0
 70
    11
 71
     3
 72
   168
 73
   164
 74
     0
 42
0.0000000001
 43
0.0000000001
 12
1.0
 22
0.0
 32
0.0
 13
1.0
 23
0.0
 33
0.0
 40
0.0
 40
0.0
 40
0.0
 40
0.0
 40
0.0238095238095238
 40
0.0238095238095238
 40
0.0238095238095238
 40
0.0238095238095238
 40
0.0476190476190476
 40
0.0476190476190476
 40
0.0476190476190476
 40
0.0476190476190476
 40
0.0714285714285714
 40
0.0714285714285714
 40
0.0714285714285714
 40
0.0714285714285714
 40
0.0952380952380952
 40
0.0952380952380952
 40
0.0952380952380952
 40
0.0952380952380952
 40
0.119047619047619
 40
0.119047619047619
 40
0.119047619047619
 40
0.119047619047619
 40
0.1428571428571428
 40
0.1428571428571428
 40
0.1428571428571428
 40
0.1428571428571428
 40
0.1666666666666667
 40
0.1666666666666667
 40
0.1666666666666667
 40
0.1666666666666667
 40
0.1904761904761905
 40
0.1904761904761905
 40
0.1904761904761905
 40
0.1904761904761905
 40
0.2142857142857143
 40
0.2142857142857143
 40
0.2142857142857143
 40
0.2142857142857143
 40
0.2380952380952381
 40
0.2380952380952381
 40
0.2380952380952381
 40
0.2380952380952381
 40
0.2619047619047619
 40
0.2619047619047619
 40
0.2619047619047619
 40
0.2619047619047619
 40
0.2857142857142857
 40
0.2857142857142857
 40
0.2857142857142857
 40
0.2857142857142857
 40
0.3095238095238095
 40
0.3095238095238095
 40
0.3095238095238095
 40
0.3095238095238095
 40
0.3333333333333333
 40
0.3333333333333333
 40
0.3333333333333333
 40
0.3333333333333333
 40
0.3571428571428572
 40
0.3571428571428572
 40
0.3571428571428572
 40
0.3571428571428572
 40
0.3809523809523809
 40
0.3809523809523809
 40
0.3809523809523809
 40
0.3809523809523809
 40
0.4047619047619048
 40
0.4047619047619048
 40
0.4047619047619048
 40
0.4047619047619048
 40
0.4285714285714285
 40
0.4285714285714285
 40
0.4285714285714285
 40
0.4285714285714285
 40
0.4523809523809524
 40
0.4523809523809524
 40
0.4523809523809524
 40
0.4523809523809524
 40
0.4761904761904762
 40
0.4761904761904762
 40
0.4761904761904762
 40
0.4761904761904762
 40
0.5
 40
0.5
 40
0.5
 40
0.5
 40
0.5238095238095238
 40
0.5238095238095238
 40
0.5238095238095238
 40
0.5238095238095238
 40
0.5476190476190477
 40
0.5476190476190477
 40
0.5476190476190477
 40
0.5476190476190477
 40
0.5714285714285714
 40
0.5714285714285714
 40
0.5714285714285714
 40
0.5714285714285714
 40
0.5952380952380952
 40
0.5952380952380952
 40
0.5952380952380952
 40
0.5952380952380952
 40
0.6190476190476191
 40
0.6190476190476191
 40
0.6190476190476191
 40
0.6190476190476191
 40
0.6428571428571429
 40
0.6428571428571429
 40
0.6428571428571429
 40
0.6428571428571429
 40
0.6666666666666666
 40
0.6666666666666666
 40
0.6666666666666666
 40
0.6666666666666666
 40
0.6904761904761905
 40
0.6904761904761905
 40
0.6904761904761905
 40
0.6904761904761905
 40
0.7142857142857143
 40
0.7142857142857143
 40
0.7142857142857143
 40
0.7142857142857143
 40
0.7380952380952381
 40
0.7380952380952381
 40
0.7380952380952381
 40
0.7380952380952381
 40
0.7619047619047619
 40
0.7619047619047619
 40
0.7619047619047619
 40
0.7619047619047619
 40
0.7857142857142857
 40
0.7857142857142857
 40
0.7857142857142857
 40
0.7857142857142857
 40
0.8095238095238095
 40
0.8095238095238095
 40
0.8095238095238095
 40
0.8095238095238095
 40
0.8333333333333334
 40
0.8333333333333334
 40
0.8333333333333334
 40
0.8333333333333334
 40
0.8571428571428571
 40
0.8571428571428571
 40
0.8571428571428571
 40
0.8571428571428571
 40
0.8809523809523809
 40
0.8809523809523809
 40
0.8809523809523809
 40
0.8809523809523809
 40
0.9047619047619048
 40
0.9047619047619048
 40
0.9047619047619048
 40
0.9047619047619048
 40
0.9285714285714286
 40
0.9285714285714286
 40
0.9285714285714286
 40
0.9285714285714286
 40
0.9523809523809523
 40
0.9523809523809523
 40
0.9523809523809523
 40
0.9523809523809523
 40
1.0
 40
1.0
 40
1.0
 40
1.0
 10
-6.062
 20
7.906
 30
0.0
 10
-6.43
 20
7.544
 30
0.0
 10
-6.809
 20
7.071
 30
0.0
 10
-6.723
 20
6.517
 30
0.0
 10
-6.723
 20
6.517
 30
0.0
 10
-6.679
 20
6.232
 30
0.0
 10
-6.304
 20
6.072
 30
0.0
 10
-6.06
 20
6.211
 30
0.0
 10
-6.06
 20
6.211
 30
0.0
 10
-5.918
 20
6.315
 30
0.0
 10
-5.999
 20
6.503
 30
0.0
 10
-6.012
 20
6.649
 30
0.0
 10
-6.012
 20
6.649
 30
0.0
 10
-6.043
 20
6.646
 30
0.0
 10
-6.104
 20
6.641
 30
0.0
 10
-6.135
 20
6.638
 30
0.0
 10
-6.135
 20
6.638
 30
0.0
 10
-6.173
 20
6.558
 30
0.0
 10
-6.211
 20
6.477
 30
0.0
 10
-6.252
 20
6.399
 30
0.0
 10
-6.252
 20
6.399
 30
0.0
 10
-6.373
 20
6.452
 30
0.0
 10
-6.573
 20
6.515
 30
0.0
 10
-6.481
 20
6.702
 30
0.0
 10
-6.481
 20
6.702
 30
0.0
 10
-6.388
 20
6.997
 30
0.0
 10
-5.984
 20
7.017
 30
0.0
 10
-5.789
 20
6.819
 30
0.0
 10
-5.789
 20
6.819
 30
0.0
 10
-5.535
 20
6.549
 30
0.0
 10
-5.619
 20
6.016
 30
0.0
 10
-5.994
 20
5.897
 30
0.0
 10
-5.994
 20
5.897
 30
0.0
 10
-6.3
 20
5.788
 30
0.0
 10
-6.615
 20
5.926
 30
0.0
 10
-6.889
 20
6.058
 30
0.0
 10
-6.889
 20
6.058
 30
0.0
 10
-6.773
 20
5.136
 30
0.0
 10
-6.207
 20
4.167
 30
0.0
 10
-5.264
 20
3.909
 30
0.0
 10
-5.264
 20
3.909
 30
0.0
 10
-5.288
 20
4.114
 30
0.0
 10
-5.316
 20
4.32
 30
0.0
 10
-5.308
 20
4.527
 30
0.0
 10
-5.308
 20
4.527
 30
0.0
 10
-5.248
 20
4.539
 30
0.0
 10
-5.128
 20
4.562
 30
0.0
 10
-5.069
 20
4.574
 30
0.0
 10
-5.069
 20
4.574
 30
0.0
 10
-5.152
 20
4.848
 30
0.0
 10
-5.268
 20
5.116
 30
0.0
 10
-5.278
 20
5.407
 30
0.0
 10
-5.278
 20
5.407
 30
0.0
 10
-5.226
 20
5.419
 30
0.0
 10
-5.122
 20
5.444
 30
0.0
 10
-5.07
 20
5.457
 30
0.0
 10
-5.07
 20
5.457
 30
0.0
 10
-5.061
 20
5.727
 30
0.0
 10
-5.12
 20
6.033
 30
0.0
 10
-4.955
 20
6.268
 30
0.0
 10
-4.955
 20
6.268
 30
0.0
 10
-4.837
 20
6.464
 30
0.0
 10
-4.597
 20
6.537
 30
0.0
 10
-4.377
 20
6.498
 30
0.0
 10
-4.377
 20
6.498
 30
0.0
 10
-4.429
 20
6.35
 30
0.0
 10
-4.515
 20
6.207
 30
0.0
 10
-4.511
 20
6.045
 30
0.0
 10
-4.511
 20
6.045
 30
0.0
 10
-4.464
 20
5.389
 30
0.0
 10
-4.27
 20
4.722
 30
0.0
 10
-3.833
 20
4.216
 30
0.0
 10
-3.833
 20
4.216
 30
0.0
 10
-3.703
 20
4.485
 30
0.0
 10
-3.613
 20
4.768
 30
0.0
 10
-3.596
 20
5.069
 30
0.0
 10
-3.596
 20
5.069
 30
0.0
 10
-3.521
 20
5.068
 30
0.0
 10
-3.446
 20
5.064
 30
0.0
 10
-3.371
 20
5.062
 30
0.0
 10
-3.371
 20
5.062
 30
0.0
 10
-3.314
 20
5.376
 30
0.0
 10
-3.287
 20
5.842
 30
0.0
 10
-2.906
 20
5.932
 30
0.0
 10
-2.906
 20
5.932
 30
0.0
 10
-2.883
 20
5.619
 30
0.0
 10
-2.922
 20
5.289
 30
0.0
 10
-2.81
 20
4.989
 30
0.0
 10
-2.81
 20
4.989
 30
0.0
 10
-2.634
 20
5.251
 30
0.0
 10
-2.664
 20
5.582
 30
0.0
 10
-2.705
 20
5.88
 30
0.0
 10
-2.705
 20
5.88
 30
0.0
 10
-2.803
 20
6.297
 30
0.0
 10
-3.232
 20
6.59
 30
0.0
 10
-3.657
 20
6.539
 30
0.0
 10
-3.657
 20
6.539
 30
0.0
 10
-3.628
 20
6.377
 30
0.0
 10
-3.562
 20
6.019
 30
0.0
 10
-3.87
 20
6.159
 30
0.0
 10
-3.87
 20
6.159
 30
0.0
 10
-4.118
 20
6.336
 30
0.0
 10
-4.013
 20
6.78
 30
0.0
 10
-3.706
 20
6.821
 30
0.0
 10
-3.706
 20
6.821
 30
0.0
 10
-3.085
 20
6.986
 30
0.0
 10
-2.506
 20
6.435
 30
0.0
 10
-2.359
 20
5.865
 30
0.0
 10
-2.359
 20
5.865
 30
0.0
 10
-1.856
 20
5.932
 30
0.0
 10
-1.356
 20
6.018
 30
0.0
 10
-0.854
 20
6.094
 30
0.0
 10
-0.854
 20
6.094
 30
0.0
 10
-0.901
 20
6.217
 30
0.0
 10
-0.967
 20
6.335
 30
0.0
 10
-1.074
 20
6.417
 30
0.0
 10
-1.074
 20
6.417
 30
0.0
 10
-1.497
 20
6.782
 30
0.0
 10
-1.939
 20
7.126
 30
0.0
 10
-2.338
 20
7.518
 30
0.0
 10
-2.338
 20
7.518
 30
0.0
 10
-2.626
 20
7.776
 30
0.0
 10
-2.905
 20
8.09
 30
0.0
 10
-3.296
 20
8.184
 30
0.0
 10
-3.296
 20
8.184
 30
0.0
 10
-3.837
 20
8.314
 30
0.0
 10
-4.516
 20
8.253
 30
0.0
 10
-4.87
 20
7.774
 30
0.0
 10
-4.87
 20
7.774
 30
0.0
 10
-4.977
 20
7.635
 30
0.0
 10
-4.91
 20
7.464
 30
0.0
 10
-4.89
 20
7.309
 30
0.0
 10
-4.89
 20
7.309
 30
0.0
 10
-4.802
 20
7.318
 30
0.0
 10
-4.714
 20
7.327
 30
0.0
 10
-4.626
 20
7.336
 30
0.0
 10
-4.626
 20
7.336
 30
0.0
 10
-4.608
 20
7.482
 30
0.0
 10
-4.578
 20
7.713
 30
0.0
 10
-4.349
 20
7.595
 30
0.0
 10
-4.349
 20
7.595
 30
0.0
 10
-4.266
 20
7.519
 30
0.0
 10
-4.218
 20
7.386
 30
0.0
 10
-4.27
 20
7.28
 30
0.0
 10
-4.27
 20
7.28
 30
0.0
 10
-4.372
 20
6.988
 30
0.0
 10
-4.769
 20
6.927
 30
0.0
 10
-5.012
 20
7.067
 30
0.0
 10
-5.012
 20
7.067
 30
0.0
 10
-5.3
 20
7.239
 30
0.0
 10
-5.339
 20
7.657
 30
0.0
 10
-5.151
 20
7.915
 30
0.0
 10
-5.151
 20
7.915
 30
0.0
 10
-4.994
 20
8.19
 30
0.0
 10
-4.695
 20
8.318
 30
0.0
 10
-4.459
 20
8.511
 30
0.0
 10
-4.459
 20
8.511
 30
0.0
 10
-5.044
 20
8.518
 30
0.0
 10
-5.644
 20
8.329
 30
0.0
 10
-6.062
 20
7.908
 30
0.0
 10
-6.062
 20
7.908
 30
0.0
 10
-6.062
 20
7.908
 30
0.0
 10
-6.062
 20
7.906
 30
0.0
 10
-6.062
 20
7.906
 30
0.0
  0
SPLINE
  5
48
330
1F
100
AcDbEntity
  8
Camada 1
100
AcDbSpline
210
0.0
220
0.0
230
1.0
 70
    11
 71
     3
 72
   260
 73
   256
 74
     0
 42
0.0000000001
 43
0.0000000001
 12
1.0
 22
0.0
 32
0.0
 13
1.0
 23
0.0
 33
0.0
 40
0.0
 40
0.0
 40
0.0
 40
0.0
 40
0.0153846153846154
 40
0.0153846153846154
 40
0.0153846153846154
 40
0.0153846153846154
 40
0.0307692307692308
 40
0.0307692307692308
 40
0.0307692307692308
 40
0.0307692307692308
 40
0.0461538461538462
 40
0.0461538461538462
 40
0.0461538461538462
 40
0.0461538461538462
 40
0.0615384615384615
 40
0.0615384615384615
 40
0.0615384615384615
 40
0.0615384615384615
 40
0.0769230769230769
 40
0.0769230769230769
 40
0.0769230769230769
 40
0.0769230769230769
 40
0.0923076923076923
 40
0.0923076923076923
 40
0.0923076923076923
 40
0.0923076923076923
 40
0.1076923076923077
 40
0.1076923076923077
 40
0.1076923076923077
 40
0.1076923076923077
 40
0.1230769230769231
 40
0.1230769230769231
 40
0.1230769230769231
 40
0.1230769230769231
 40
0.1384615384615385
 40
0.1384615384615385
 40
0.1384615384615385
 40
0.1384615384615385
 40
0.1538461538461539
 40
0.1538461538461539
 40
0.1538461538461539
 40
0.1538461538461539
 40
0.1692307692307692
 40
0.1692307692307692
 40
0.1692307692307692
 40
0.1692307692307692
 40
0.1846153846153846
 40
0.1846153846153846
 40
0.1846153846153846
 40
0.1846153846153846
 40
0.2
 40
0.2
 40
0.2
 40
0.2
 40
0.2153846153846154
 40
0.2153846153846154
 40
0.2153846153846154
 40
0.2153846153846154
 40
0.2307692307692308
 40
0.2307692307692308
 40
0.2307692307692308
 40
0.2307692307692308
 40
0.2461538461538462
 40
0.2461538461538462
 40
0.2461538461538462
 40
0.2461538461538462
 40
0.2615384615384616
 40
0.2615384615384616
 40
0.2615384615384616
 40
0.2615384615384616
 40
0.2769230769230769
 40
0.2769230769230769
 40
0.2769230769230769
 40
0.2769230769230769
 40
0.2923076923076923
 40
0.2923076923076923
 40
0.2923076923076923
 40
0.2923076923076923
 40
0.3076923076923077
 40
0.3076923076923077
 40
0.3076923076923077
 40
0.3076923076923077
 40
0.3230769230769231
 40
0.3230769230769231
 40
0.3230769230769231
 40
0.3230769230769231
 40
0.3384615384615385
 40
0.3384615384615385
 40
0.3384615384615385
 40
0.3384615384615385
 40
0.3538461538461539
 40
0.3538461538461539
 40
0.3538461538461539
 40
0.3538461538461539
 40
0.3692307692307693
 40
0.3692307692307693
 40
0.3692307692307693
 40
0.3692307692307693
 40
0.3846153846153846
 40
0.3846153846153846
 40
0.3846153846153846
 40
0.3846153846153846
 40
0.4
 40
0.4
 40
0.4
 40
0.4
 40
0.4153846153846154
 40
0.4153846153846154
 40
0.4153846153846154
 40
0.4153846153846154
 40
0.4307692307692308
 40
0.4307692307692308
 40
0.4307692307692308
 40
0.4307692307692308
 40
0.4461538461538462
 40
0.4461538461538462
 40
0.4461538461538462
 40
0.4461538461538462
 40
0.4615384615384616
 40
0.4615384615384616
 40
0.4615384615384616
 40
0.4615384615384616
 40
0.4769230769230769
 40
0.4769230769230769
 40
0.4769230769230769
 40
0.4769230769230769
 40
0.4923076923076923
 40
0.4923076923076923
 40
0.4923076923076923
 40
0.4923076923076923
 40
0.5076923076923077
 40
0.5076923076923077
 40
0.5076923076923077
 40
0.5076923076923077
 40
0.5230769230769231
 40
0.5230769230769231
 40
0.5230769230769231
 40
0.5230769230769231
 40
0.5384615384615384
 40
0.5384615384615384
 40
0.5384615384615384
 40
0.5384615384615384
 40
0.5538461538461539
 40
0.5538461538461539
 40
0.5538461538461539
 40
0.5538461538461539
 40
0.5692307692307692
 40
0.5692307692307692
 40
0.5692307692307692
 40
0.5692307692307692
 40
0.5846153846153846
 40
0.5846153846153846
 40
0.5846153846153846
 40
0.5846153846153846
 40
0.6
 40
0.6
 40
0.6
 40
0.6
 40
0.6153846153846154
 40
0.6153846153846154
 40
0.6153846153846154
 40
0.6153846153846154
 40
0.6307692307692307
 40
0.6307692307692307
 40
0.6307692307692307
 40
0.6307692307692307
 40
0.6461538461538462
 40
0.6461538461538462
 40
0.6461538461538462
 40
0.6461538461538462
 40
0.6615384615384615
 40
0.6615384615384615
 40
0.6615384615384615
 40
0.6615384615384615
 40
0.676923076923077
 40
0.676923076923077
 40
0.676923076923077
 40
0.676923076923077
 40
0.6923076923076923
 40
0.6923076923076923
 40
0.6923076923076923
 40
0.6923076923076923
 40
0.7076923076923077
 40
0.7076923076923077
 40
0.7076923076923077
 40
0.7076923076923077
 40
0.7230769230769231
 40
0.7230769230769231
 40
0.7230769230769231
 40
0.7230769230769231
 40
0.7384615384615385
 40
0.7384615384615385
 40
0.7384615384615385
 40
0.7384615384615385
 40
0.7538461538461538
 40
0.7538461538461538
 40
0.7538461538461538
 40
0.7538461538461538
 40
0.7692307692307693
 40
0.7692307692307693
 40
0.7692307692307693
 40
0.7692307692307693
 40
0.7846153846153846
 40
0.7846153846153846
 40
0.7846153846153846
 40
0.7846153846153846
 40
0.8
 40
0.8
 40
0.8
 40
0.8
 40
0.8153846153846154
 40
0.8153846153846154
 40
0.8153846153846154
 40
0.8153846153846154
 40
0.8307692307692308
 40
0.8307692307692308
 40
0.8307692307692308
 40
0.8307692307692308
 40
0.8461538461538461
 40
0.8461538461538461
 40
0.8461538461538461
 40
0.8461538461538461
 40
0.8615384615384616
 40
0.8615384615384616
 40
0.8615384615384616
 40
0.8615384615384616
 40
0.8769230769230769
 40
0.8769230769230769
 40
0.8769230769230769
 40
0.8769230769230769
 40
0.8923076923076924
 40
0.8923076923076924
 40
0.8923076923076924
 40
0.8923076923076924
 40
0.9076923076923077
 40
0.9076923076923077
 40
0.9076923076923077
 40
0.9076923076923077
 40
0.9230769230769231
 40
0.9230769230769231
 40
0.9230769230769231
 40
0.9230769230769231
 40
0.9384615384615385
 40
0.9384615384615385
 40
0.9384615384615385
 40
0.9384615384615385
 40
0.9538461538461539
 40
0.9538461538461539
 40
0.9538461538461539
 40
0.9538461538461539
 40
0.9692307692307692
 40
0.9692307692307692
 40
0.9692307692307692
 40
0.9692307692307692
 40
1.0
 40
1.0
 40
1.0
 40
1.0
 10
2.82
 20
7.597
 30
0.0
 10
2.787
 20
7.341
 30
0.0
 10
2.77
 20
7.083
 30
0.0
 10
2.703
 20
6.833
 30
0.0
 10
2.703
 20
6.833
 30
0.0
 10
2.587
 20
6.481
 30
0.0
 10
2.338
 20
6.191
 30
0.0
 10
2.044
 20
5.973
 30
0.0
 10
2.044
 20
5.973
 30
0.0
 10
2.046
 20
5.952
 30
0.0
 10
2.049
 20
5.909
 30
0.0
 10
2.051
 20
5.888
 30
0.0
 10
2.051
 20
5.888
 30
0.0
 10
2.179
 20
5.851
 30
0.0
 10
2.305
 20
5.81
 30
0.0
 10
2.431
 20
5.766
 30
0.0
 10
2.431
 20
5.766
 30
0.0
 10
2.284
 20
5.709
 30
0.0
 10
2.133
 20
5.661
 30
0.0
 10
1.984
 20
5.61
 30
0.0
 10
1.984
 20
5.61
 30
0.0
 10
2.048
 20
5.495
 30
0.0
 10
2.12
 20
5.385
 30
0.0
 10
2.199
 20
5.28
 30
0.0
 10
2.199
 20
5.28
 30
0.0
 10
2.558
 20
4.865
 30
0.0
 10
3.388
 20
5.087
 30
0.0
 10
3.421
 20
5.659
 30
0.0
 10
3.421
 20
5.659
 30
0.0
 10
3.388
 20
5.824
 30
0.0
 10
3.335
 20
6.028
 30
0.0
 10
3.163
 20
6.101
 30
0.0
 10
3.163
 20
6.101
 30
0.0
 10
3.005
 20
6.116
 30
0.0
 10
2.848
 20
6.064
 30
0.0
 10
2.692
 20
6.042
 30
0.0
 10
2.692
 20
6.042
 30
0.0
 10
2.696
 20
6.132
 30
0.0
 10
2.615
 20
6.251
 30
0.0
 10
2.693
 20
6.32
 30
0.0
 10
2.693
 20
6.32
 30
0.0
 10
2.818
 20
6.436
 30
0.0
 10
3.007
 20
6.45
 30
0.0
 10
3.168
 20
6.427
 30
0.0
 10
3.168
 20
6.427
 30
0.0
 10
3.555
 20
6.321
 30
0.0
 10
3.829
 20
5.87
 30
0.0
 10
3.705
 20
5.481
 30
0.0
 10
3.705
 20
5.481
 30
0.0
 10
3.62
 20
4.997
 30
0.0
 10
3.07
 20
4.726
 30
0.0
 10
2.612
 20
4.778
 30
0.0
 10
2.612
 20
4.778
 30
0.0
 10
2.148
 20
4.77
 30
0.0
 10
1.833
 20
5.178
 30
0.0
 10
1.643
 20
5.553
 30
0.0
 10
1.643
 20
5.553
 30
0.0
 10
1.454
 20
5.516
 30
0.0
 10
1.264
 20
5.478
 30
0.0
 10
1.076
 20
5.439
 30
0.0
 10
1.076
 20
5.439
 30
0.0
 10
1.151
 20
5.16
 30
0.0
 10
1.302
 20
4.908
 30
0.0
 10
1.358
 20
4.624
 30
0.0
 10
1.358
 20
4.624
 30
0.0
 10
1.07
 20
4.709
 30
0.0
 10
0.785
 20
4.801
 30
0.0
 10
0.498
 20
4.884
 30
0.0
 10
0.498
 20
4.884
 30
0.0
 10
0.361
 20
4.075
 30
0.0
 10
0.276
 20
3.258
 30
0.0
 10
0.144
 20
2.449
 30
0.0
 10
0.144
 20
2.449
 30
0.0
 10
0.118
 20
2.449
 30
0.0
 10
0.066
 20
2.449
 30
0.0
 10
0.041
 20
2.449
 30
0.0
 10
0.041
 20
2.449
 30
0.0
 10
-0.059
 20
3.243
 30
0.0
 10
-0.181
 20
4.033
 30
0.0
 10
-0.287
 20
4.826
 30
0.0
 10
-0.287
 20
4.826
 30
0.0
 10
-0.557
 20
4.75
 30
0.0
 10
-0.811
 20
4.622
 30
0.0
 10
-1.085
 20
4.559
 30
0.0
 10
-1.085
 20
4.559
 30
0.0
 10
-1.012
 20
4.853
 30
0.0
 10
-0.908
 20
5.138
 30
0.0
 10
-0.829
 20
5.431
 30
0.0
 10
-0.829
 20
5.431
 30
0.0
 10
-1.329
 20
5.516
 30
0.0
 10
-1.821
 20
5.644
 30
0.0
 10
-2.325
 20
5.707
 30
0.0
 10
-2.325
 20
5.707
 30
0.0
 10
-2.333
 20
5.557
 30
0.0
 10
-2.342
 20
5.408
 30
0.0
 10
-2.349
 20
5.259
 30
0.0
 10
-2.349
 20
5.259
 30
0.0
 10
-2.03
 20
5.259
 30
0.0
 10
-1.629
 20
5.204
 30
0.0
 10
-1.499
 20
4.862
 30
0.0
 10
-1.499
 20
4.862
 30
0.0
 10
-1.36
 20
4.52
 30
0.0
 10
-1.726
 20
4.098
 30
0.0
 10
-2.081
 20
4.245
 30
0.0
 10
-2.081
 20
4.245
 30
0.0
 10
-2.255
 20
4.322
 30
0.0
 10
-2.256
 20
4.532
 30
0.0
 10
-2.208
 20
4.688
 30
0.0
 10
-2.208
 20
4.688
 30
0.0
 10
-2.074
 20
4.649
 30
0.0
 10
-1.943
 20
4.6
 30
0.0
 10
-1.811
 20
4.556
 30
0.0
 10
-1.811
 20
4.556
 30
0.0
 10
-1.809
 20
4.676
 30
0.0
 10
-1.8
 20
4.832
 30
0.0
 10
-1.926
 20
4.895
 30
0.0
 10
-1.926
 20
4.895
 30
0.0
 10
-2.22
 20
5.06
 30
0.0
 10
-2.623
 20
4.828
 30
0.0
 10
-2.658
 20
4.508
 30
0.0
 10
-2.658
 20
4.508
 30
0.0
 10
-2.461
 20
3.993
 30
0.0
 10
-2.163
 20
3.522
 30
0.0
 10
-1.835
 20
3.082
 30
0.0
 10
-1.835
 20
3.082
 30
0.0
 10
-1.735
 20
2.919
 30
0.0
 10
-1.611
 20
2.738
 30
0.0
 10
-1.677
 20
2.535
 30
0.0
 10
-1.677
 20
2.535
 30
0.0
 10
-1.758
 20
2.067
 30
0.0
 10
-2.162
 20
1.76
 30
0.0
 10
-2.357
 20
1.347
 30
0.0
 10
-2.357
 20
1.347
 30
0.0
 10
-2.435
 20
1.114
 30
0.0
 10
-2.189
 20
1.022
 30
0.0
 10
-2.016
 20
1.005
 30
0.0
 10
-2.016
 20
1.005
 30
0.0
 10
-2.021
 20
1.14
 30
0.0
 10
-2.027
 20
1.277
 30
0.0
 10
-2.03
 20
1.412
 30
0.0
 10
-2.03
 20
1.412
 30
0.0
 10
-1.945
 20
1.409
 30
0.0
 10
-1.862
 20
1.408
 30
0.0
 10
-1.776
 20
1.404
 30
0.0
 10
-1.776
 20
1.404
 30
0.0
 10
-1.603
 20
1.615
 30
0.0
 10
-1.435
 20
1.849
 30
0.0
 10
-1.187
 20
1.977
 30
0.0
 10
-1.187
 20
1.977
 30
0.0
 10
-0.918
 20
2.009
 30
0.0
 10
-0.642
 20
1.856
 30
0.0
 10
-0.492
 20
1.635
 30
0.0
 10
-0.492
 20
1.635
 30
0.0
 10
-0.42
 20
1.52
 30
0.0
 10
-0.488
 20
1.387
 30
0.0
 10
-0.481
 20
1.263
 30
0.0
 10
-0.481
 20
1.263
 30
0.0
 10
-0.463
 20
1.181
 30
0.0
 10
-0.423
 20
1.106
 30
0.0
 10
-0.392
 20
1.028
 30
0.0
 10
-0.392
 20
1.028
 30
0.0
 10
0.23
 20
1.1
 30
0.0
 10
0.855
 20
1.175
 30
0.0
 10
1.462
 20
1.334
 30
0.0
 10
1.462
 20
1.334
 30
0.0
 10
1.532
 20
1.692
 30
0.0
 10
1.584
 20
2.07
 30
0.0
 10
1.807
 20
2.372
 30
0.0
 10
1.807
 20
2.372
 30
0.0
 10
1.989
 20
2.711
 30
0.0
 10
2.348
 20
3.029
 30
0.0
 10
2.243
 20
3.455
 30
0.0
 10
2.243
 20
3.455
 30
0.0
 10
2.177
 20
3.824
 30
0.0
 10
1.678
 20
4.033
 30
0.0
 10
1.384
 20
3.781
 30
0.0
 10
1.384
 20
3.781
 30
0.0
 10
1.264
 20
3.699
 30
0.0
 10
1.347
 20
3.547
 30
0.0
 10
1.354
 20
3.429
 30
0.0
 10
1.354
 20
3.429
 30
0.0
 10
1.506
 20
3.491
 30
0.0
 10
1.67
 20
3.544
 30
0.0
 10
1.834
 20
3.489
 30
0.0
 10
1.834
 20
3.489
 30
0.0
 10
1.788
 20
3.358
 30
0.0
 10
1.743
 20
3.199
 30
0.0
 10
1.603
 20
3.139
 30
0.0
 10
1.603
 20
3.139
 30
0.0
 10
1.333
 20
3.028
 30
0.0
 10
0.995
 20
3.25
 30
0.0
 10
0.996
 20
3.542
 30
0.0
 10
0.996
 20
3.542
 30
0.0
 10
0.972
 20
3.756
 30
0.0
 10
1.085
 20
3.968
 30
0.0
 10
1.276
 20
4.065
 30
0.0
 10
1.276
 20
4.065
 30
0.0
 10
1.526
 20
4.273
 30
0.0
 10
1.893
 20
4.234
 30
0.0
 10
2.156
 20
4.072
 30
0.0
 10
2.156
 20
4.072
 30
0.0
 10
2.423
 20
3.893
 30
0.0
 10
2.573
 20
3.589
 30
0.0
 10
2.633
 20
3.28
 30
0.0
 10
2.633
 20
3.28
 30
0.0
 10
3.225
 20
3.69
 30
0.0
 10
3.796
 20
4.131
 30
0.0
 10
4.346
 20
4.597
 30
0.0
 10
4.346
 20
4.597
 30
0.0
 10
4.588
 20
4.813
 30
0.0
 10
4.84
 20
5.026
 30
0.0
 10
5.012
 20
5.306
 30
0.0
 10
5.012
 20
5.306
 30
0.0
 10
5.115
 20
5.44
 30
0.0
 10
5.185
 20
5.613
 30
0.0
 10
5.135
 20
5.784
 30
0.0
 10
5.135
 20
5.784
 30
0.0
 10
5.105
 20
5.996
 30
0.0
 10
4.912
 20
6.231
 30
0.0
 10
4.672
 20
6.143
 30
0.0
 10
4.672
 20
6.143
 30
0.0
 10
4.534
 20
6.094
 30
0.0
 10
4.548
 20
5.919
 30
0.0
 10
4.527
 20
5.799
 30
0.0
 10
4.527
 20
5.799
 30
0.0
 10
4.684
 20
5.826
 30
0.0
 10
4.842
 20
5.855
 30
0.0
 10
5.002
 20
5.852
 30
0.0
 10
5.002
 20
5.852
 30
0.0
 10
4.99
 20
5.735
 30
0.0
 10
4.977
 20
5.591
 30
0.0
 10
4.858
 20
5.53
 30
0.0
 10
4.858
 20
5.53
 30
0.0
 10
4.627
 20
5.416
 30
0.0
 10
4.298
 20
5.53
 30
0.0
 10
4.219
 20
5.785
 30
0.0
 10
4.219
 20
5.785
 30
0.0
 10
4.144
 20
6.095
 30
0.0
 10
4.374
 20
6.442
 30
0.0
 10
4.695
 20
6.468
 30
0.0
 10
4.695
 20
6.468
 30
0.0
 10
4.947
 20
6.496
 30
0.0
 10
5.142
 20
6.324
 30
0.0
 10
5.349
 20
6.213
 30
0.0
 10
5.349
 20
6.213
 30
0.0
 10
5.341
 20
6.787
 30
0.0
 10
5.038
 20
7.37
 30
0.0
 10
4.513
 20
7.629
 30
0.0
 10
4.513
 20
7.629
 30
0.0
 10
3.992
 20
7.919
 30
0.0
 10
3.347
 20
7.847
 30
0.0
 10
2.824
 20
7.598
 30
0.0
 10
2.824
 20
7.598
 30
0.0
 10
2.824
 20
7.598
 30
0.0
 10
2.82
 20
7.597
 30
0.0
 10
2.82
 20
7.597
 30
0.0
  0
SPLINE
  5
49
330
1F
100
AcDbEntity
  8
Camada 1
100
AcDbSpline
210
0.0
220
0.0
230
1.0
 70
    11
 71
     3
 72
    16
 73
    12
 74
     0
 42
0.0000000001
 43
0.0000000001
 12
1.0
 22
0.0
 32
0.0
 13
1.0
 23
0.0
 33
0.0
 40
0.0
 40
0.0
 40
0.0
 40
0.0
 40
0.25
 40
0.25
 40
0.25
 40
0.25
 40
0.5
 40
0.5
 40
0.5
 40
0.5
 40
1.0
 40
1.0
 40
1.0
 40
1.0
 10
1.941
 20
6.328
 30
0.0
 10
2.254
 20
6.533
 30
0.0
 10
2.458
 20
6.903
 30
0.0
 10
2.451
 20
7.278
 30
0.0
 10
2.451
 20
7.278
 30
0.0
 10
2.15
 20
7.064
 30
0.0
 10
1.978
 20
6.69
 30
0.0
 10
1.941
 20
6.328
 30
0.0
 10
1.941
 20
6.328
 30
0.0
 10
1.941
 20
6.328
 30
0.0
 10
1.941
 20
6.328
 30
0.0
 10
1.941
 20
6.328
 30
0.0
  0
SPLINE
  5
4A
330
1F
100
AcDbEntity
  8
Camada 1
100
AcDbSpline
210
0.0
220
0.0
230
1.0
 70
    11
 71
     3
 72
    24
 73
    20
 74
     0
 42
0.0000000001
 43
0.0000000001
 12
1.0
 22
0.0
 32
0.0
 13
1.0
 23
0.0
 33
0.0
 40
0.0
 40
0.0
 40
0.0
 40
0.0
 40
0.1666666666666667
 40
0.1666666666666667
 40
0.1666666666666667
 40
0.1666666666666667
 40
0.3333333333333333
 40
0.3333333333333333
 40
0.3333333333333333
 40
0.3333333333333333
 40
0.5
 40
0.5
 40
0.5
 40
0.5
 40
0.6666666666666666
 40
0.6666666666666666
 40
0.6666666666666666
 40
0.6666666666666666
 40
1.0
 40
1.0
 40
1.0
 40
1.0
 10
-0.396
 20
5.782
 30
0.0
 10
-0.224
 20
5.626
 30
0.0
 10
-0.069
 20
5.454
 30
0.0
 10
0.11
 20
5.305
 30
0.0
 10
0.11
 20
5.305
 30
0.0
 10
0.292
 20
5.45
 30
0.0
 10
0.431
 20
5.636
 30
0.0
 10
0.603
 20
5.79
 30
0.0
 10
0.603
 20
5.79
 30
0.0
 10
0.432
 20
5.946
 30
0.0
 10
0.267
 20
6.109
 30
0.0
 10
0.1
 20
6.269
 30
0.0
 10
0.1
 20
6.269
 30
0.0
 10
-0.058
 20
6.099
 30
0.0
 10
-0.225
 20
5.938
 30
0.0
 10
-0.396
 20
5.782
 30
0.0
 10
-0.396
 20
5.782
 30
0.0
 10
-0.396
 20
5.782
 30
0.0
 10
-0.396
 20
5.782
 30
0.0
 10
-0.396
 20
5.782
 30
0.0
  0
SPLINE
  5
4B
330
1F
100
AcDbEntity
  8
Camada 1
100
AcDbSpline
210
0.0
220
0.0
230
1.0
 70
    11
 71
     3
 72
    48
 73
    44
 74
     0
 42
0.0000000001
 43
0.0000000001
 12
1.0
 22
0.0
 32
0.0
 13
1.0
 23
0.0
 33
0.0
 40
0.0
 40
0.0
 40
0.0
 40
0.0
 40
0.0833333333333333
 40
0.0833333333333333
 40
0.0833333333333333
 40
0.0833333333333333
 40
0.1666666666666667
 40
0.1666666666666667
 40
0.1666666666666667
 40
0.1666666666666667
 40
0.25
 40
0.25
 40
0.25
 40
0.25
 40
0.3333333333333333
 40
0.3333333333333333
 40
0.3333333333333333
 40
0.3333333333333333
 40
0.4166666666666667
 40
0.4166666666666667
 40
0.4166666666666667
 40
0.4166666666666667
 40
0.5
 40
0.5
 40
0.5
 40
0.5
 40
0.5833333333333334
 40
0.5833333333333334
 40
0.5833333333333334
 40
0.5833333333333334
 40
0.6666666666666666
 40
0.6666666666666666
 40
0.6666666666666666
 40
0.6666666666666666
 40
0.75
 40
0.75
 40
0.75
 40
0.75
 40
0.8333333333333334
 40
0.8333333333333334
 40
0.8333333333333334
 40
0.8333333333333334
 40
1.0
 40
1.0
 40
1.0
 40
1.0
 10
-6.858
 20
4.804
 30
0.0
 10
-6.882
 20
4.318
 30
0.0
 10
-6.878
 20
3.831
 30
0.0
 10
-6.876
 20
3.344
 30
0.0
 10
-6.876
 20
3.344
 30
0.0
 10
-6.69
 20
3.337
 30
0.0
 10
-6.501
 20
3.336
 30
0.0
 10
-6.321
 20
3.286
 30
0.0
 10
-6.321
 20
3.286
 30
0.0
 10
-6.195
 20
3.189
 30
0.0
 10
-6.075
 20
2.999
 30
0.0
 10
-6.181
 20
2.845
 30
0.0
 10
-6.181
 20
2.845
 30
0.0
 10
-6.237
 20
2.719
 30
0.0
 10
-6.388
 20
2.705
 30
0.0
 10
-6.508
 20
2.685
 30
0.0
 10
-6.508
 20
2.685
 30
0.0
 10
-6.509
 20
2.808
 30
0.0
 10
-6.506
 20
2.931
 30
0.0
 10
-6.507
 20
3.054
 30
0.0
 10
-6.507
 20
3.054
 30
0.0
 10
-6.632
 20
3.037
 30
0.0
 10
-6.811
 20
3.024
 30
0.0
 10
-6.847
 20
2.872
 30
0.0
 10
-6.847
 20
2.872
 30
0.0
 10
-6.96
 20
2.593
 30
0.0
 10
-6.675
 20
2.356
 30
0.0
 10
-6.419
 20
2.346
 30
0.0
 10
-6.419
 20
2.346
 30
0.0
 10
-5.996
 20
2.311
 30
0.0
 10
-5.643
 20
2.745
 30
0.0
 10
-5.714
 20
3.152
 30
0.0
 10
-5.714
 20
3.152
 30
0.0
 10
-5.704
 20
3.414
 30
0.0
 10
-5.895
 20
3.619
 30
0.0
 10
-6.032
 20
3.822
 30
0.0
 10
-6.032
 20
3.822
 30
0.0
 10
-6.318
 20
4.14
 30
0.0
 10
-6.571
 20
4.487
 30
0.0
 10
-6.859
 20
4.804
 30
0.0
 10
-6.859
 20
4.804
 30
0.0
 10
-6.859
 20
4.804
 30
0.0
 10
-6.858
 20
4.804
 30
0.0
 10
-6.858
 20
4.804
 30
0.0
  0
SPLINE
  5
4C
330
1F
100
AcDbEntity
  8
Camada 1
100
AcDbSpline
210
0.0
220
0.0
230
1.0
 70
    11
 71
     3
 72
    48
 73
    44
 74
     0
 42
0.0000000001
 43
0.0000000001
 12
1.0
 22
0.0
 32
0.0
 13
1.0
 23
0.0
 33
0.0
 40
0.0
 40
0.0
 40
0.0
 40
0.0
 40
0.0833333333333333
 40
0.0833333333333333
 40
0.0833333333333333
 40
0.0833333333333333
 40
0.1666666666666667
 40
0.1666666666666667
 40
0.1666666666666667
 40
0.1666666666666667
 40
0.25
 40
0.25
 40
0.25
 40
0.25
 40
0.3333333333333333
 40
0.3333333333333333
 40
0.3333333333333333
 40
0.3333333333333333
 40
0.4166666666666667
 40
0.4166666666666667
 40
0.4166666666666667
 40
0.4166666666666667
 40
0.5
 40
0.5
 40
0.5
 40
0.5
 40
0.5833333333333334
 40
0.5833333333333334
 40
0.5833333333333334
 40
0.5833333333333334
 40
0.6666666666666666
 40
0.6666666666666666
 40
0.6666666666666666
 40
0.6666666666666666
 40
0.75
 40
0.75
 40
0.75
 40
0.75
 40
0.8333333333333334
 40
0.8333333333333334
 40
0.8333333333333334
 40
0.8333333333333334
 40
1.0
 40
1.0
 40
1.0
 40
1.0
 10
6.222
 20
4.481
 30
0.0
 10
5.998
 20
4.378
 30
0.0
 10
5.86
 20
4.132
 30
0.0
 10
5.875
 20
3.887
 30
0.0
 10
5.875
 20
3.887
 30
0.0
 10
5.891
 20
3.397
 30
0.0
 10
6.135
 20
2.965
 30
0.0
 10
6.327
 20
2.528
 30
0.0
 10
6.327
 20
2.528
 30
0.0
 10
6.419
 20
2.312
 30
0.0
 10
6.558
 20
2.121
 30
0.0
 10
6.722
 20
1.953
 30
0.0
 10
6.722
 20
1.953
 30
0.0
 10
6.751
 20
2.509
 30
0.0
 10
6.741
 20
3.066
 30
0.0
 10
6.735
 20
3.623
 30
0.0
 10
6.735
 20
3.623
 30
0.0
 10
6.546
 20
3.688
 30
0.0
 10
6.258
 20
3.694
 30
0.0
 10
6.22
 20
3.939
 30
0.0
 10
6.22
 20
3.939
 30
0.0
 10
6.165
 20
4.108
 30
0.0
 10
6.349
 20
4.221
 30
0.0
 10
6.487
 20
4.25
 30
0.0
 10
6.487
 20
4.25
 30
0.0
 10
6.52
 20
4.155
 30
0.0
 10
6.548
 20
4.06
 30
0.0
 10
6.578
 20
3.964
 30
0.0
 10
6.578
 20
3.964
 30
0.0
 10
6.628
 20
3.968
 30
0.0
 10
6.679
 20
3.972
 30
0.0
 10
6.729
 20
3.977
 30
0.0
 10
6.729
 20
3.977
 30
0.0
 10
6.736
 20
4.132
 30
0.0
 10
6.741
 20
4.286
 30
0.0
 10
6.747
 20
4.44
 30
0.0
 10
6.747
 20
4.44
 30
0.0
 10
6.58
 20
4.491
 30
0.0
 10
6.393
 20
4.542
 30
0.0
 10
6.222
 20
4.481
 30
0.0
 10
6.222
 20
4.481
 30
0.0
 10
6.222
 20
4.481
 30
0.0
 10
6.222
 20
4.481
 30
0.0
 10
6.222
 20
4.481
 30
0.0
  0
SPLINE
  5
4D
330
1F
100
AcDbEntity
  8
Camada 1
100
AcDbSpline
210
0.0
220
0.0
230
1.0
 70
    11
 71
     3
 72
    24
 73
    20
 74
     0
 42
0.0000000001
 43
0.0000000001
 12
1.0
 22
0.0
 32
0.0
 13
1.0
 23
0.0
 33
0.0
 40
0.0
 40
0.0
 40
0.0
 40
0.0
 40
0.1666666666666667
 40
0.1666666666666667
 40
0.1666666666666667
 40
0.1666666666666667
 40
0.3333333333333333
 40
0.3333333333333333
 40
0.3333333333333333
 40
0.3333333333333333
 40
0.5
 40
0.5
 40
0.5
 40
0.5
 40
0.6666666666666666
 40
0.6666666666666666
 40
0.6666666666666666
 40
0.6666666666666666
 40
1.0
 40
1.0
 40
1.0
 40
1.0
 10
-3.515
 20
3.801
 30
0.0
 10
-3.424
 20
3.587
 30
0.0
 10
-3.221
 20
3.458
 30
0.0
 10
-3.063
 20
3.299
 30
0.0
 10
-3.063
 20
3.299
 30
0.0
 10
-2.838
 20
3.096
 30
0.0
 10
-2.646
 20
2.859
 30
0.0
 10
-2.411
 20
2.668
 30
0.0
 10
-2.411
 20
2.668
 30
0.0
 10
-2.421
 20
2.773
 30
0.0
 10
-2.448
 20
2.88
 30
0.0
 10
-2.514
 20
2.965
 30
0.0
 10
-2.514
 20
2.965
 30
0.0
 10
-2.774
 20
3.317
 30
0.0
 10
-3.115
 20
3.618
 30
0.0
 10
-3.514
 20
3.801
 30
0.0
 10
-3.514
 20
3.801
 30
0.0
 10
-3.514
 20
3.801
 30
0.0
 10
-3.515
 20
3.801
 30
0.0
 10
-3.515
 20
3.801
 30
0.0
  0
SPLINE
  5
4E
330
1F
100
AcDbEntity
  8
Camada 1
100
AcDbSpline
210
0.0
220
0.0
230
1.0
 70
    11
 71
     3
 72
   128
 73
   124
 74
     0
 42
0.0000000001
 43
0.0000000001
 12
1.0
 22
0.0
 32
0.0
 13
1.0
 23
0.0
 33
0.0
 40
0.0
 40
0.0
 40
0.0
 40
0.0
 40
0.03125
 40
0.03125
 40
0.03125
 40
0.03125
 40
0.0625
 40
0.0625
 40
0.0625
 40
0.0625
 40
0.09375
 40
0.09375
 40
0.09375
 40
0.09375
 40
0.125
 40
0.125
 40
0.125
 40
0.125
 40
0.15625
 40
0.15625
 40
0.15625
 40
0.15625
 40
0.1875
 40
0.1875
 40
0.1875
 40
0.1875
 40
0.21875
 40
0.21875
 40
0.21875
 40
0.21875
 40
0.25
 40
0.25
 40
0.25
 40
0.25
 40
0.28125
 40
0.28125
 40
0.28125
 40
0.28125
 40
0.3125
 40
0.3125
 40
0.3125
 40
0.3125
 40
0.34375
 40
0.34375
 40
0.34375
 40
0.34375
 40
0.375
 40
0.375
 40
0.375
 40
0.375
 40
0.40625
 40
0.40625
 40
0.40625
 40
0.40625
 40
0.4375
 40
0.4375
 40
0.4375
 40
0.4375
 40
0.46875
 40
0.46875
 40
0.46875
 40
0.46875
 40
0.5
 40
0.5
 40
0.5
 40
0.5
 40
0.53125
 40
0.53125
 40
0.53125
 40
0.53125
 40
0.5625
 40
0.5625
 40
0.5625
 40
0.5625
 40
0.59375
 40
0.59375
 40
0.59375
 40
0.59375
 40
0.625
 40
0.625
 40
0.625
 40
0.625
 40
0.65625
 40
0.65625
 40
0.65625
 40
0.65625
 40
0.6875
 40
0.6875
 40
0.6875
 40
0.6875
 40
0.71875
 40
0.71875
 40
0.71875
 40
0.71875
 40
0.75
 40
0.75
 40
0.75
 40
0.75
 40
0.78125
 40
0.78125
 40
0.78125
 40
0.78125
 40
0.8125
 40
0.8125
 40
0.8125
 40
0.8125
 40
0.84375
 40
0.84375
 40
0.84375
 40
0.84375
 40
0.875
 40
0.875
 40
0.875
 40
0.875
 40
0.90625
 40
0.90625
 40
0.90625
 40
0.90625
 40
0.9375
 40
0.9375
 40
0.9375
 40
0.9375
 40
1.0
 40
1.0
 40
1.0
 40
1.0
 10
-5.462
 20
3.636
 30
0.0
 10
-5.429
 20
3.422
 30
0.0
 10
-5.346
 20
3.212
 30
0.0
 10
-5.38
 20
2.992
 30
0.0
 10
-5.38
 20
2.992
 30
0.0
 10
-5.42
 20
2.628
 30
0.0
 10
-5.65
 20
2.276
 30
0.0
 10
-5.983
 20
2.117
 30
0.0
 10
-5.983
 20
2.117
 30
0.0
 10
-6.269
 20
1.958
 30
0.0
 10
-6.583
 20
2.069
 30
0.0
 10
-6.876
 20
2.136
 30
0.0
 10
-6.876
 20
2.136
 30
0.0
 10
-6.874
 20
1.251
 30
0.0
 10
-6.892
 20
0.366
 30
0.0
 10
-6.862
 20
-0.518
 30
0.0
 10
-6.862
 20
-0.518
 30
0.0
 10
-6.683
 20
-0.477
 30
0.0
 10
-6.509
 20
-0.396
 30
0.0
 10
-6.322
 20
-0.406
 30
0.0
 10
-6.322
 20
-0.406
 30
0.0
 10
-6.161
 20
-0.41
 30
0.0
 10
-6.0
 20
-0.417
 30
0.0
 10
-5.838
 20
-0.417
 30
0.0
 10
-5.838
 20
-0.417
 30
0.0
 10
-5.832
 20
-0.046
 30
0.0
 10
-5.657
 20
0.295
 30
0.0
 10
-5.383
 20
0.542
 30
0.0
 10
-5.383
 20
0.542
 30
0.0
 10
-5.258
 20
0.515
 30
0.0
 10
-5.172
 20
0.409
 30
0.0
 10
-5.071
 20
0.34
 30
0.0
 10
-5.071
 20
0.34
 30
0.0
 10
-4.783
 20
0.099
 30
0.0
 10
-4.429
 20
-0.052
 30
0.0
 10
-4.068
 20
-0.144
 30
0.0
 10
-4.068
 20
-0.144
 30
0.0
 10
-3.692
 20
-0.251
 30
0.0
 10
-3.296
 20
-0.161
 30
0.0
 10
-2.926
 20
-0.078
 30
0.0
 10
-2.926
 20
-0.078
 30
0.0
 10
-2.961
 20
-0.005
 30
0.0
 10
-2.998
 20
0.066
 30
0.0
 10
-3.036
 20
0.137
 30
0.0
 10
-3.036
 20
0.137
 30
0.0
 10
-3.181
 20
0.131
 30
0.0
 10
-3.328
 20
0.131
 30
0.0
 10
-3.466
 20
0.182
 30
0.0
 10
-3.466
 20
0.182
 30
0.0
 10
-3.578
 20
0.236
 30
0.0
 10
-3.647
 20
0.348
 30
0.0
 10
-3.742
 20
0.424
 30
0.0
 10
-3.742
 20
0.424
 30
0.0
 10
-3.834
 20
0.473
 30
0.0
 10
-3.931
 20
0.509
 30
0.0
 10
-4.026
 20
0.551
 30
0.0
 10
-4.026
 20
0.551
 30
0.0
 10
-4.043
 20
0.713
 30
0.0
 10
-3.997
 20
0.892
 30
0.0
 10
-4.092
 20
1.035
 30
0.0
 10
-4.092
 20
1.035
 30
0.0
 10
-4.171
 20
1.161
 30
0.0
 10
-4.248
 20
1.289
 30
0.0
 10
-4.319
 20
1.42
 30
0.0
 10
-4.319
 20
1.42
 30
0.0
 10
-4.538
 20
1.203
 30
0.0
 10
-4.773
 20
0.977
 30
0.0
 10
-5.08
 20
0.899
 30
0.0
 10
-5.08
 20
0.899
 30
0.0
 10
-5.506
 20
0.757
 30
0.0
 10
-6.041
 20
1.069
 30
0.0
 10
-6.068
 20
1.531
 30
0.0
 10
-6.068
 20
1.531
 30
0.0
 10
-6.118
 20
1.951
 30
0.0
 10
-5.614
 20
2.275
 30
0.0
 10
-5.242
 20
2.11
 30
0.0
 10
-5.242
 20
2.11
 30
0.0
 10
-5.023
 20
2.003
 30
0.0
 10
-4.935
 20
1.691
 30
0.0
 10
-5.072
 20
1.488
 30
0.0
 10
-5.072
 20
1.488
 30
0.0
 10
-5.174
 20
1.379
 30
0.0
 10
-5.331
 20
1.477
 30
0.0
 10
-5.451
 20
1.506
 30
0.0
 10
-5.451
 20
1.506
 30
0.0
 10
-5.408
 20
1.607
 30
0.0
 10
-5.363
 20
1.707
 30
0.0
 10
-5.319
 20
1.807
 30
0.0
 10
-5.319
 20
1.807
 30
0.0
 10
-5.453
 20
1.845
 30
0.0
 10
-5.601
 20
1.834
 30
0.0
 10
-5.711
 20
1.737
 30
0.0
 10
-5.711
 20
1.737
 30
0.0
 10
-5.831
 20
1.491
 30
0.0
 10
-5.62
 20
1.19
 30
0.0
 10
-5.363
 20
1.175
 30
0.0
 10
-5.363
 20
1.175
 30
0.0
 10
-4.917
 20
1.152
 30
0.0
 10
-4.627
 20
1.558
 30
0.0
 10
-4.422
 20
1.899
 30
0.0
 10
-4.422
 20
1.899
 30
0.0
 10
-4.598
 20
2.028
 30
0.0
 10
-4.792
 20
2.164
 30
0.0
 10
-4.865
 20
2.38
 30
0.0
 10
-4.865
 20
2.38
 30
0.0
 10
-4.847
 20
2.502
 30
0.0
 10
-4.79
 20
2.613
 30
0.0
 10
-4.762
 20
2.732
 30
0.0
 10
-4.762
 20
2.732
 30
0.0
 10
-4.821
 20
2.912
 30
0.0
 10
-4.991
 20
3.044
 30
0.0
 10
-5.024
 20
3.236
 30
0.0
 10
-5.024
 20
3.236
 30
0.0
 10
-5.037
 20
3.343
 30
0.0
 10
-5.029
 20
3.452
 30
0.0
 10
-5.031
 20
3.56
 30
0.0
 10
-5.031
 20
3.56
 30
0.0
 10
-5.176
 20
3.586
 30
0.0
 10
-5.32
 20
3.612
 30
0.0
 10
-5.465
 20
3.637
 30
0.0
 10
-5.465
 20
3.637
 30
0.0
 10
-5.465
 20
3.637
 30
0.0
 10
-5.462
 20
3.636
 30
0.0
 10
-5.462
 20
3.636
 30
0.0
  0
SPLINE
  5
4F
330
1F
100
AcDbEntity
  8
Camada 1
100
AcDbSpline
210
0.0
220
0.0
230
1.0
 70
    11
 71
     3
 72
    20
 73
    16
 74
     0
 42
0.0000000001
 43
0.0000000001
 12
1.0
 22
0.0
 32
0.0
 13
1.0
 23
0.0
 33
0.0
 40
0.0
 40
0.0
 40
0.0
 40
0.0
 40
0.2
 40
0.2
 40
0.2
 40
0.2
 40
0.4
 40
0.4
 40
0.4
 40
0.4
 40
0.6
 40
0.6
 40
0.6
 40
0.6
 40
1.0
 40
1.0
 40
1.0
 40
1.0
 10
0.53
 20
0.859
 30
0.0
 10
0.644
 20
0.811
 30
0.0
 10
0.76
 20
0.758
 30
0.0
 10
0.883
 20
0.738
 30
0.0
 10
0.883
 20
0.738
 30
0.0
 10
0.992
 20
0.735
 30
0.0
 10
1.064
 20
0.832
 30
0.0
 10
1.133
 20
0.902
 30
0.0
 10
1.133
 20
0.902
 30
0.0
 10
0.932
 20
0.926
 30
0.0
 10
0.725
 20
0.918
 30
0.0
 10
0.53
 20
0.859
 30
0.0
 10
0.53
 20
0.859
 30
0.0
 10
0.53
 20
0.859
 30
0.0
 10
0.53
 20
0.859
 30
0.0
 10
0.53
 20
0.859
 30
0.0
  0
SPLINE
  5
50
330
1F
100
AcDbEntity
  8
Camada 1
100
AcDbSpline
210
0.0
220
0.0
230
1.0
 70
    11
 71
     3
 72
    24
 73
    20
 74
     0
 42
0.0000000001
 43
0.0000000001
 12
1.0
 22
0.0
 32
0.0
 13
1.0
 23
0.0
 33
0.0
 40
0.0
 40
0.0
 40
0.0
 40
0.0
 40
0.1666666666666667
 40
0.1666666666666667
 40
0.1666666666666667
 40
0.1666666666666667
 40
0.3333333333333333
 40
0.3333333333333333
 40
0.3333333333333333
 40
0.3333333333333333
 40
0.5
 40
0.5
 40
0.5
 40
0.5
 40
0.6666666666666666
 40
0.6666666666666666
 40
0.6666666666666666
 40
0.6666666666666666
 40
1.0
 40
1.0
 40
1.0
 40
1.0
 10
-0.986
 20
0.709
 30
0.0
 10
-0.88
 20
0.389
 30
0.0
 10
-0.512
 20
0.3
 30
0.0
 10
-0.247
 20
0.155
 30
0.0
 10
-0.247
 20
0.155
 30
0.0
 10
-0.072
 20
0.056
 30
0.0
 10
0.079
 20
0.242
 30
0.0
 10
0.194
 20
0.348
 30
0.0
 10
0.194
 20
0.348
 30
0.0
 10
0.341
 20
0.487
 30
0.0
 10
0.356
 20
0.699
 30
0.0
 10
0.392
 20
0.887
 30
0.0
 10
0.392
 20
0.887
 30
0.0
 10
-0.074
 20
0.909
 30
0.0
 10
-0.541
 20
0.848
 30
0.0
 10
-0.986
 20
0.709
 30
0.0
 10
-0.986
 20
0.709
 30
0.0
 10
-0.986
 20
0.709
 30
0.0
 10
-0.986
 20
0.709
 30
0.0
 10
-0.986
 20
0.709
 30
0.0
  0
SPLINE
  5
51
330
1F
100
AcDbEntity
  8
Camada 1
100
AcDbSpline
210
0.0
220
0.0
230
1.0
 70
    11
 71
     3
 72
   112
 73
   108
 74
     0
 42
0.0000000001
 43
0.0000000001
 12
1.0
 22
0.0
 32
0.0
 13
1.0
 23
0.0
 33
0.0
 40
0.0
 40
0.0
 40
0.0
 40
0.0
 40
0.0357142857142857
 40
0.0357142857142857
 40
0.0357142857142857
 40
0.0357142857142857
 40
0.0714285714285714
 40
0.0714285714285714
 40
0.0714285714285714
 40
0.0714285714285714
 40
0.1071428571428571
 40
0.1071428571428571
 40
0.1071428571428571
 40
0.1071428571428571
 40
0.1428571428571428
 40
0.1428571428571428
 40
0.1428571428571428
 40
0.1428571428571428
 40
0.1785714285714286
 40
0.1785714285714286
 40
0.1785714285714286
 40
0.1785714285714286
 40
0.2142857142857143
 40
0.2142857142857143
 40
0.2142857142857143
 40
0.2142857142857143
 40
0.25
 40
0.25
 40
0.25
 40
0.25
 40
0.2857142857142857
 40
0.2857142857142857
 40
0.2857142857142857
 40
0.2857142857142857
 40
0.3214285714285715
 40
0.3214285714285715
 40
0.3214285714285715
 40
0.3214285714285715
 40
0.3571428571428572
 40
0.3571428571428572
 40
0.3571428571428572
 40
0.3571428571428572
 40
0.3928571428571428
 40
0.3928571428571428
 40
0.3928571428571428
 40
0.3928571428571428
 40
0.4285714285714285
 40
0.4285714285714285
 40
0.4285714285714285
 40
0.4285714285714285
 40
0.4642857142857143
 40
0.4642857142857143
 40
0.4642857142857143
 40
0.4642857142857143
 40
0.5
 40
0.5
 40
0.5
 40
0.5
 40
0.5357142857142857
 40
0.5357142857142857
 40
0.5357142857142857
 40
0.5357142857142857
 40
0.5714285714285714
 40
0.5714285714285714
 40
0.5714285714285714
 40
0.5714285714285714
 40
0.6071428571428571
 40
0.6071428571428571
 40
0.6071428571428571
 40
0.6071428571428571
 40
0.6428571428571429
 40
0.6428571428571429
 40
0.6428571428571429
 40
0.6428571428571429
 40
0.6785714285714286
 40
0.6785714285714286
 40
0.6785714285714286
 40
0.6785714285714286
 40
0.7142857142857143
 40
0.7142857142857143
 40
0.7142857142857143
 40
0.7142857142857143
 40
0.75
 40
0.75
 40
0.75
 40
0.75
 40
0.7857142857142857
 40
0.7857142857142857
 40
0.7857142857142857
 40
0.7857142857142857
 40
0.8214285714285714
 40
0.8214285714285714
 40
0.8214285714285714
 40
0.8214285714285714
 40
0.8571428571428571
 40
0.8571428571428571
 40
0.8571428571428571
 40
0.8571428571428571
 40
0.8928571428571429
 40
0.8928571428571429
 40
0.8928571428571429
 40
0.8928571428571429
 40
0.9285714285714286
 40
0.9285714285714286
 40
0.9285714285714286
 40
0.9285714285714286
 40
1.0
 40
1.0
 40
1.0
 40
1.0
 10
0.91
 20
0.521
 30
0.0
 10
1.06
 20
0.302
 30
0.0
 10
1.212
 20
0.08
 30
0.0
 10
1.292
 20
-0.176
 30
0.0
 10
1.292
 20
-0.176
 30
0.0
 10
0.983
 20
-0.352
 30
0.0
 10
0.699
 20
-0.587
 30
0.0
 10
0.356
 20
-0.696
 30
0.0
 10
0.356
 20
-0.696
 30
0.0
 10
-0.135
 20
-0.81
 30
0.0
 10
-0.579
 20
-0.53
 30
0.0
 10
-1.002
 20
-0.328
 30
0.0
 10
-1.002
 20
-0.328
 30
0.0
 10
-1.277
 20
-0.873
 30
0.0
 10
-1.686
 20
-1.333
 30
0.0
 10
-2.063
 20
-1.809
 30
0.0
 10
-2.063
 20
-1.809
 30
0.0
 10
-1.918
 20
-1.888
 30
0.0
 10
-1.773
 20
-1.968
 30
0.0
 10
-1.626
 20
-2.043
 30
0.0
 10
-1.626
 20
-2.043
 30
0.0
 10
-1.564
 20
-1.683
 30
0.0
 10
-1.295
 20
-1.37
 30
0.0
 10
-0.943
 20
-1.268
 30
0.0
 10
-0.943
 20
-1.268
 30
0.0
 10
-0.62
 20
-1.201
 30
0.0
 10
-0.281
 20
-1.461
 30
0.0
 10
-0.254
 20
-1.786
 30
0.0
 10
-0.254
 20
-1.786
 30
0.0
 10
-0.254
 20
-2.032
 30
0.0
 10
-0.539
 20
-2.197
 30
0.0
 10
-0.766
 20
-2.13
 30
0.0
 10
-0.766
 20
-2.13
 30
0.0
 10
-0.89
 20
-2.088
 30
0.0
 10
-0.888
 20
-1.935
 30
0.0
 10
-0.91
 20
-1.828
 30
0.0
 10
-0.91
 20
-1.828
 30
0.0
 10
-0.795
 20
-1.802
 30
0.0
 10
-0.683
 20
-1.772
 30
0.0
 10
-0.567
 20
-1.749
 30
0.0
 10
-0.567
 20
-1.749
 30
0.0
 10
-0.645
 20
-1.672
 30
0.0
 10
-0.725
 20
-1.561
 30
0.0
 10
-0.847
 20
-1.573
 30
0.0
 10
-0.847
 20
-1.573
 30
0.0
 10
-1.113
 20
-1.622
 30
0.0
 10
-1.351
 20
-1.909
 30
0.0
 10
-1.249
 20
-2.186
 30
0.0
 10
-1.249
 20
-2.186
 30
0.0
 10
-1.171
 20
-2.447
 30
0.0
 10
-0.97
 20
-2.66
 30
0.0
 10
-0.768
 20
-2.831
 30
0.0
 10
-0.768
 20
-2.831
 30
0.0
 10
-0.371
 20
-2.955
 30
0.0
 10
0.053
 20
-2.957
 30
0.0
 10
0.462
 20
-3.024
 30
0.0
 10
0.462
 20
-3.024
 30
0.0
 10
0.505
 20
-2.919
 30
0.0
 10
0.568
 20
-2.816
 30
0.0
 10
0.563
 20
-2.699
 30
0.0
 10
0.563
 20
-2.699
 30
0.0
 10
0.57
 20
-2.584
 30
0.0
 10
0.53
 20
-2.456
 30
0.0
 10
0.607
 20
-2.36
 30
0.0
 10
0.607
 20
-2.36
 30
0.0
 10
0.782
 20
-2.161
 30
0.0
 10
1.044
 20
-2.002
 30
0.0
 10
1.32
 20
-2.088
 30
0.0
 10
1.32
 20
-2.088
 30
0.0
 10
1.528
 20
-2.214
 30
0.0
 10
1.671
 20
-2.425
 30
0.0
 10
1.834
 20
-2.6
 30
0.0
 10
1.834
 20
-2.6
 30
0.0
 10
1.908
 20
-2.668
 30
0.0
 10
2.018
 20
-2.648
 30
0.0
 10
2.11
 20
-2.658
 30
0.0
 10
2.11
 20
-2.658
 30
0.0
 10
2.106
 20
-2.786
 30
0.0
 10
2.101
 20
-2.916
 30
0.0
 10
2.103
 20
-3.045
 30
0.0
 10
2.103
 20
-3.045
 30
0.0
 10
2.246
 20
-2.997
 30
0.0
 10
2.486
 20
-2.955
 30
0.0
 10
2.452
 20
-2.752
 30
0.0
 10
2.452
 20
-2.752
 30
0.0
 10
2.279
 20
-2.278
 30
0.0
 10
1.801
 20
-1.948
 30
0.0
 10
1.736
 20
-1.43
 30
0.0
 10
1.736
 20
-1.43
 30
0.0
 10
1.73
 20
-1.109
 30
0.0
 10
2.016
 20
-0.889
 30
0.0
 10
2.144
 20
-0.621
 30
0.0
 10
2.144
 20
-0.621
 30
0.0
 10
2.049
 20
-0.415
 30
0.0
 10
1.866
 20
-0.263
 30
0.0
 10
1.765
 20
-0.058
 30
0.0
 10
1.765
 20
-0.058
 30
0.0
 10
1.603
 20
0.21
 30
0.0
 10
1.528
 20
0.515
 30
0.0
 10
1.475
 20
0.819
 30
0.0
 10
1.475
 20
0.819
 30
0.0
 10
1.292
 20
0.709
 30
0.0
 10
1.104
 20
0.607
 30
0.0
 10
0.909
 20
0.517
 30
0.0
 10
0.909
 20
0.517
 30
0.0
 10
0.909
 20
0.517
 30
0.0
 10
0.91
 20
0.521
 30
0.0
 10
0.91
 20
0.521
 30
0.0
  0
SPLINE
  5
52
330
1F
100
AcDbEntity
  8
Camada 1
100
AcDbSpline
210
0.0
220
0.0
230
1.0
 70
    11
 71
     3
 72
    20
 73
    16
 74
     0
 42
0.0000000001
 43
0.0000000001
 12
1.0
 22
0.0
 32
0.0
 13
1.0
 23
0.0
 33
0.0
 40
0.0
 40
0.0
 40
0.0
 40
0.0
 40
0.2
 40
0.2
 40
0.2
 40
0.2
 40
0.4
 40
0.4
 40
0.4
 40
0.4
 40
0.6
 40
0.6
 40
0.6
 40
0.6
 40
1.0
 40
1.0
 40
1.0
 40
1.0
 10
5.975
 20
-1.084
 30
0.0
 10
6.241
 20
-1.207
 30
0.0
 10
6.483
 20
-1.372
 30
0.0
 10
6.73
 20
-1.527
 30
0.0
 10
6.73
 20
-1.527
 30
0.0
 10
6.738
 20
-1.134
 30
0.0
 10
6.735
 20
-0.742
 30
0.0
 10
6.719
 20
-0.35
 30
0.0
 10
6.719
 20
-0.35
 30
0.0
 10
6.489
 20
-0.613
 30
0.0
 10
6.222
 20
-0.839
 30
0.0
 10
5.974
 20
-1.084
 30
0.0
 10
5.974
 20
-1.084
 30
0.0
 10
5.974
 20
-1.084
 30
0.0
 10
5.975
 20
-1.084
 30
0.0
 10
5.975
 20
-1.084
 30
0.0
  0
SPLINE
  5
53
330
1F
100
AcDbEntity
  8
Camada 1
100
AcDbSpline
210
0.0
220
0.0
230
1.0
 70
    11
 71
     3
 72
    24
 73
    20
 74
     0
 42
0.0000000001
 43
0.0000000001
 12
1.0
 22
0.0
 32
0.0
 13
1.0
 23
0.0
 33
0.0
 40
0.0
 40
0.0
 40
0.0
 40
0.0
 40
0.1666666666666667
 40
0.1666666666666667
 40
0.1666666666666667
 40
0.1666666666666667
 40
0.3333333333333333
 40
0.3333333333333333
 40
0.3333333333333333
 40
0.3333333333333333
 40
0.5
 40
0.5
 40
0.5
 40
0.5
 40
0.6666666666666666
 40
0.6666666666666666
 40
0.6666666666666666
 40
0.6666666666666666
 40
1.0
 40
1.0
 40
1.0
 40
1.0
 10
3.138
 20
-0.554
 30
0.0
 10
2.827
 20
-0.773
 30
0.0
 10
2.541
 20
-1.06
 30
0.0
 10
2.416
 20
-1.427
 30
0.0
 10
2.416
 20
-1.427
 30
0.0
 10
2.596
 20
-1.33
 30
0.0
 10
2.715
 20
-1.157
 30
0.0
 10
2.859
 20
-1.017
 30
0.0
 10
2.859
 20
-1.017
 30
0.0
 10
3.045
 20
-0.826
 30
0.0
 10
3.254
 20
-0.655
 30
0.0
 10
3.411
 20
-0.438
 30
0.0
 10
3.411
 20
-0.438
 30
0.0
 10
3.316
 20
-0.465
 30
0.0
 10
3.219
 20
-0.494
 30
0.0
 10
3.138
 20
-0.553
 30
0.0
 10
3.138
 20
-0.553
 30
0.0
 10
3.138
 20
-0.553
 30
0.0
 10
3.138
 20
-0.554
 30
0.0
 10
3.138
 20
-0.554
 30
0.0
  0
SPLINE
  5
54
330
1F
100
AcDbEntity
  8
Camada 1
100
AcDbSpline
210
0.0
220
0.0
230
1.0
 70
    11
 71
     3
 72
    72
 73
    68
 74
     0
 42
0.0000000001
 43
0.0000000001
 12
1.0
 22
0.0
 32
0.0
 13
1.0
 23
0.0
 33
0.0
 40
0.0
 40
0.0
 40
0.0
 40
0.0
 40
0.0555555555555556
 40
0.0555555555555556
 40
0.0555555555555556
 40
0.0555555555555556
 40
0.1111111111111111
 40
0.1111111111111111
 40
0.1111111111111111
 40
0.1111111111111111
 40
0.1666666666666667
 40
0.1666666666666667
 40
0.1666666666666667
 40
0.1666666666666667
 40
0.2222222222222222
 40
0.2222222222222222
 40
0.2222222222222222
 40
0.2222222222222222
 40
0.2777777777777778
 40
0.2777777777777778
 40
0.2777777777777778
 40
0.2777777777777778
 40
0.3333333333333333
 40
0.3333333333333333
 40
0.3333333333333333
 40
0.3333333333333333
 40
0.3888888888888889
 40
0.3888888888888889
 40
0.3888888888888889
 40
0.3888888888888889
 40
0.4444444444444444
 40
0.4444444444444444
 40
0.4444444444444444
 40
0.4444444444444444
 40
0.5
 40
0.5
 40
0.5
 40
0.5
 40
0.5555555555555556
 40
0.5555555555555556
 40
0.5555555555555556
 40
0.5555555555555556
 40
0.6111111111111112
 40
0.6111111111111112
 40
0.6111111111111112
 40
0.6111111111111112
 40
0.6666666666666666
 40
0.6666666666666666
 40
0.6666666666666666
 40
0.6666666666666666
 40
0.7222222222222222
 40
0.7222222222222222
 40
0.7222222222222222
 40
0.7222222222222222
 40
0.7777777777777778
 40
0.7777777777777778
 40
0.7777777777777778
 40
0.7777777777777778
 40
0.8333333333333334
 40
0.8333333333333334
 40
0.8333333333333334
 40
0.8333333333333334
 40
0.8888888888888888
 40
0.8888888888888888
 40
0.8888888888888888
 40
0.8888888888888888
 40
1.0
 40
1.0
 40
1.0
 40
1.0
 10
-6.873
 20
-0.776
 30
0.0
 10
-6.888
 20
-1.566
 30
0.0
 10
-6.891
 20
-2.356
 30
0.0
 10
-6.87
 20
-3.145
 30
0.0
 10
-6.87
 20
-3.145
 30
0.0
 10
-6.635
 20
-3.143
 30
0.0
 10
-6.302
 20
-3.103
 30
0.0
 10
-6.202
 20
-3.369
 30
0.0
 10
-6.202
 20
-3.369
 30
0.0
 10
-6.092
 20
-3.601
 30
0.0
 10
-6.318
 20
-3.924
 30
0.0
 10
-6.568
 20
-3.791
 30
0.0
 10
-6.568
 20
-3.791
 30
0.0
 10
-6.544
 20
-3.659
 30
0.0
 10
-6.518
 20
-3.528
 30
0.0
 10
-6.501
 20
-3.395
 30
0.0
 10
-6.501
 20
-3.395
 30
0.0
 10
-6.593
 20
-3.426
 30
0.0
 10
-6.702
 20
-3.444
 30
0.0
 10
-6.765
 20
-3.526
 30
0.0
 10
-6.765
 20
-3.526
 30
0.0
 10
-6.87
 20
-3.679
 30
0.0
 10
-6.814
 20
-3.943
 30
0.0
 10
-6.624
 20
-3.998
 30
0.0
 10
-6.624
 20
-3.998
 30
0.0
 10
-6.463
 20
-4.035
 30
0.0
 10
-6.275
 20
-4.009
 30
0.0
 10
-6.151
 20
-3.893
 30
0.0
 10
-6.151
 20
-3.893
 30
0.0
 10
-5.879
 20
-3.647
 30
0.0
 10
-5.763
 20
-3.291
 30
0.0
 10
-5.573
 20
-2.988
 30
0.0
 10
-5.573
 20
-2.988
 30
0.0
 10
-5.463
 20
-2.784
 30
0.0
 10
-5.306
 20
-2.607
 30
0.0
 10
-5.211
 20
-2.394
 30
0.0
 10
-5.211
 20
-2.394
 30
0.0
 10
-5.555
 20
-2.407
 30
0.0
 10
-5.818
 20
-2.637
 30
0.0
 10
-6.077
 20
-2.834
 30
0.0
 10
-6.077
 20
-2.834
 30
0.0
 10
-6.08
 20
-2.582
 30
0.0
 10
-5.979
 20
-2.351
 30
0.0
 10
-5.757
 20
-2.213
 30
0.0
 10
-5.757
 20
-2.213
 30
0.0
 10
-5.647
 20
-2.179
 30
0.0
 10
-5.528
 20
-2.188
 30
0.0
 10
-5.415
 20
-2.172
 30
0.0
 10
-5.415
 20
-2.172
 30
0.0
 10
-5.452
 20
-1.979
 30
0.0
 10
-5.545
 20
-1.809
 30
0.0
 10
-5.631
 20
-1.636
 30
0.0
 10
-5.631
 20
-1.636
 30
0.0
 10
-5.674
 20
-1.462
 30
0.0
 10
-5.569
 20
-1.299
 30
0.0
 10
-5.499
 20
-1.147
 30
0.0
 10
-5.499
 20
-1.147
 30
0.0
 10
-5.624
 20
-1.025
 30
0.0
 10
-5.74
 20
-0.893
 30
0.0
 10
-5.869
 20
-0.777
 30
0.0
 10
-5.869
 20
-0.777
 30
0.0
 10
-6.197
 20
-0.693
 30
0.0
 10
-6.539
 20
-0.757
 30
0.0
 10
-6.871
 20
-0.775
 30
0.0
 10
-6.871
 20
-0.775
 30
0.0
 10
-6.871
 20
-0.775
 30
0.0
 10
-6.873
 20
-0.776
 30
0.0
 10
-6.873
 20
-0.776
 30
0.0
  0
SPLINE
  5
55
330
1F
100
AcDbEntity
  8
Camada 1
100
AcDbSpline
210
0.0
220
0.0
230
1.0
 70
    11
 71
     3
 72
   104
 73
   100
 74
     0
 42
0.0000000001
 43
0.0000000001
 12
1.0
 22
0.0
 32
0.0
 13
1.0
 23
0.0
 33
0.0
 40
0.0
 40
0.0
 40
0.0
 40
0.0
 40
0.0384615384615385
 40
0.0384615384615385
 40
0.0384615384615385
 40
0.0384615384615385
 40
0.0769230769230769
 40
0.0769230769230769
 40
0.0769230769230769
 40
0.0769230769230769
 40
0.1153846153846154
 40
0.1153846153846154
 40
0.1153846153846154
 40
0.1153846153846154
 40
0.1538461538461539
 40
0.1538461538461539
 40
0.1538461538461539
 40
0.1538461538461539
 40
0.1923076923076923
 40
0.1923076923076923
 40
0.1923076923076923
 40
0.1923076923076923
 40
0.2307692307692308
 40
0.2307692307692308
 40
0.2307692307692308
 40
0.2307692307692308
 40
0.2692307692307692
 40
0.2692307692307692
 40
0.2692307692307692
 40
0.2692307692307692
 40
0.3076923076923077
 40
0.3076923076923077
 40
0.3076923076923077
 40
0.3076923076923077
 40
0.3461538461538461
 40
0.3461538461538461
 40
0.3461538461538461
 40
0.3461538461538461
 40
0.3846153846153846
 40
0.3846153846153846
 40
0.3846153846153846
 40
0.3846153846153846
 40
0.4230769230769231
 40
0.4230769230769231
 40
0.4230769230769231
 40
0.4230769230769231
 40
0.4615384615384616
 40
0.4615384615384616
 40
0.4615384615384616
 40
0.4615384615384616
 40
0.5
 40
0.5
 40
0.5
 40
0.5
 40
0.5384615384615384
 40
0.5384615384615384
 40
0.5384615384615384
 40
0.5384615384615384
 40
0.5769230769230769
 40
0.5769230769230769
 40
0.5769230769230769
 40
0.5769230769230769
 40
0.6153846153846154
 40
0.6153846153846154
 40
0.6153846153846154
 40
0.6153846153846154
 40
0.6538461538461539
 40
0.6538461538461539
 40
0.6538461538461539
 40
0.6538461538461539
 40
0.6923076923076923
 40
0.6923076923076923
 40
0.6923076923076923
 40
0.6923076923076923
 40
0.7307692307692307
 40
0.7307692307692307
 40
0.7307692307692307
 40
0.7307692307692307
 40
0.7692307692307693
 40
0.7692307692307693
 40
0.7692307692307693
 40
0.7692307692307693
 40
0.8076923076923077
 40
0.8076923076923077
 40
0.8076923076923077
 40
0.8076923076923077
 40
0.8461538461538461
 40
0.8461538461538461
 40
0.8461538461538461
 40
0.8461538461538461
 40
0.8846153846153846
 40
0.8846153846153846
 40
0.8846153846153846
 40
0.8846153846153846
 40
0.9230769230769231
 40
0.9230769230769231
 40
0.9230769230769231
 40
0.9230769230769231
 40
1.0
 40
1.0
 40
1.0
 40
1.0
 10
4.994
 20
-1.428
 30
0.0
 10
4.954
 20
-1.551
 30
0.0
 10
4.92
 20
-1.675
 30
0.0
 10
4.87
 20
-1.795
 30
0.0
 10
4.87
 20
-1.795
 30
0.0
 10
4.773
 20
-1.943
 30
0.0
 10
4.622
 20
-2.049
 30
0.0
 10
4.523
 20
-2.195
 30
0.0
 10
4.523
 20
-2.195
 30
0.0
 10
4.473
 20
-2.362
 30
0.0
 10
4.34
 20
-2.494
 30
0.0
 10
4.318
 20
-2.67
 30
0.0
 10
4.318
 20
-2.67
 30
0.0
 10
4.329
 20
-2.838
 30
0.0
 10
4.212
 20
-2.953
 30
0.0
 10
4.133
 20
-3.082
 30
0.0
 10
4.133
 20
-3.082
 30
0.0
 10
4.096
 20
-3.201
 30
0.0
 10
4.132
 20
-3.331
 30
0.0
 10
4.116
 20
-3.453
 30
0.0
 10
4.116
 20
-3.453
 30
0.0
 10
3.965
 20
-3.54
 30
0.0
 10
3.802
 20
-3.613
 30
0.0
 10
3.686
 20
-3.747
 30
0.0
 10
3.686
 20
-3.747
 30
0.0
 10
3.544
 20
-3.916
 30
0.0
 10
3.301
 20
-3.892
 30
0.0
 10
3.105
 20
-3.926
 30
0.0
 10
3.105
 20
-3.926
 30
0.0
 10
3.074
 20
-3.991
 30
0.0
 10
3.043
 20
-4.055
 30
0.0
 10
3.014
 20
-4.121
 30
0.0
 10
3.014
 20
-4.121
 30
0.0
 10
3.869
 20
-4.414
 30
0.0
 10
4.811
 20
-4.073
 30
0.0
 10
5.444
 20
-3.47
 30
0.0
 10
5.444
 20
-3.47
 30
0.0
 10
5.698
 20
-3.747
 30
0.0
 10
5.961
 20
-4.067
 30
0.0
 10
5.949
 20
-4.466
 30
0.0
 10
5.949
 20
-4.466
 30
0.0
 10
6.217
 20
-4.399
 30
0.0
 10
6.48
 20
-4.446
 30
0.0
 10
6.736
 20
-4.538
 30
0.0
 10
6.736
 20
-4.538
 30
0.0
 10
6.737
 20
-4.163
 30
0.0
 10
6.737
 20
-3.789
 30
0.0
 10
6.736
 20
-3.414
 30
0.0
 10
6.736
 20
-3.414
 30
0.0
 10
6.489
 20
-3.462
 30
0.0
 10
6.234
 20
-3.495
 30
0.0
 10
5.983
 20
-3.458
 30
0.0
 10
5.983
 20
-3.458
 30
0.0
 10
5.677
 20
-3.366
 30
0.0
 10
5.384
 20
-3.085
 30
0.0
 10
5.432
 20
-2.739
 30
0.0
 10
5.432
 20
-2.739
 30
0.0
 10
5.4
 20
-2.407
 30
0.0
 10
5.764
 20
-2.164
 30
0.0
 10
6.065
 20
-2.207
 30
0.0
 10
6.065
 20
-2.207
 30
0.0
 10
6.311
 20
-2.165
 30
0.0
 10
6.56
 20
-2.405
 30
0.0
 10
6.477
 20
-2.653
 30
0.0
 10
6.477
 20
-2.653
 30
0.0
 10
6.445
 20
-2.783
 30
0.0
 10
6.306
 20
-2.831
 30
0.0
 10
6.198
 20
-2.88
 30
0.0
 10
6.198
 20
-2.88
 30
0.0
 10
6.166
 20
-2.733
 30
0.0
 10
6.152
 20
-2.582
 30
0.0
 10
6.128
 20
-2.434
 30
0.0
 10
6.128
 20
-2.434
 30
0.0
 10
5.996
 20
-2.457
 30
0.0
 10
5.834
 20
-2.489
 30
0.0
 10
5.78
 20
-2.63
 30
0.0
 10
5.78
 20
-2.63
 30
0.0
 10
5.649
 20
-2.86
 30
0.0
 10
5.861
 20
-3.132
 30
0.0
 10
6.101
 20
-3.162
 30
0.0
 10
6.101
 20
-3.162
 30
0.0
 10
6.34
 20
-3.247
 30
0.0
 10
6.738
 20
-3.149
 30
0.0
 10
6.74
 20
-2.846
 30
0.0
 10
6.74
 20
-2.846
 30
0.0
 10
6.727
 20
-2.544
 30
0.0
 10
6.811
 20
-2.198
 30
0.0
 10
6.62
 20
-1.936
 30
0.0
 10
6.62
 20
-1.936
 30
0.0
 10
6.474
 20
-1.705
 30
0.0
 10
6.231
 20
-1.558
 30
0.0
 10
5.994
 20
-1.434
 30
0.0
 10
5.994
 20
-1.434
 30
0.0
 10
5.685
 20
-1.271
 30
0.0
 10
5.315
 20
-1.345
 30
0.0
 10
4.993
 20
-1.426
 30
0.0
 10
4.993
 20
-1.426
 30
0.0
 10
4.993
 20
-1.426
 30
0.0
 10
4.994
 20
-1.428
 30
0.0
 10
4.994
 20
-1.428
 30
0.0
  0
SPLINE
  5
56
330
1F
100
AcDbEntity
  8
Camada 1
100
AcDbSpline
210
0.0
220
0.0
230
1.0
 70
    11
 71
     3
 72
   288
 73
   284
 74
     0
 42
0.0000000001
 43
0.0000000001
 12
1.0
 22
0.0
 32
0.0
 13
1.0
 23
0.0
 33
0.0
 40
0.0
 40
0.0
 40
0.0
 40
0.0
 40
0.0138888888888889
 40
0.0138888888888889
 40
0.0138888888888889
 40
0.0138888888888889
 40
0.0277777777777778
 40
0.0277777777777778
 40
0.0277777777777778
 40
0.0277777777777778
 40
0.0416666666666667
 40
0.0416666666666667
 40
0.0416666666666667
 40
0.0416666666666667
 40
0.0555555555555556
 40
0.0555555555555556
 40
0.0555555555555556
 40
0.0555555555555556
 40
0.0694444444444444
 40
0.0694444444444444
 40
0.0694444444444444
 40
0.0694444444444444
 40
0.0833333333333333
 40
0.0833333333333333
 40
0.0833333333333333
 40
0.0833333333333333
 40
0.0972222222222222
 40
0.0972222222222222
 40
0.0972222222222222
 40
0.0972222222222222
 40
0.1111111111111111
 40
0.1111111111111111
 40
0.1111111111111111
 40
0.1111111111111111
 40
0.125
 40
0.125
 40
0.125
 40
0.125
 40
0.1388888888888889
 40
0.1388888888888889
 40
0.1388888888888889
 40
0.1388888888888889
 40
0.1527777777777778
 40
0.1527777777777778
 40
0.1527777777777778
 40
0.1527777777777778
 40
0.1666666666666667
 40
0.1666666666666667
 40
0.1666666666666667
 40
0.1666666666666667
 40
0.1805555555555556
 40
0.1805555555555556
 40
0.1805555555555556
 40
0.1805555555555556
 40
0.1944444444444444
 40
0.1944444444444444
 40
0.1944444444444444
 40
0.1944444444444444
 40
0.2083333333333333
 40
0.2083333333333333
 40
0.2083333333333333
 40
0.2083333333333333
 40
0.2222222222222222
 40
0.2222222222222222
 40
0.2222222222222222
 40
0.2222222222222222
 40
0.2361111111111111
 40
0.2361111111111111
 40
0.2361111111111111
 40
0.2361111111111111
 40
0.25
 40
0.25
 40
0.25
 40
0.25
 40
0.2638888888888889
 40
0.2638888888888889
 40
0.2638888888888889
 40
0.2638888888888889
 40
0.2777777777777778
 40
0.2777777777777778
 40
0.2777777777777778
 40
0.2777777777777778
 40
0.2916666666666667
 40
0.2916666666666667
 40
0.2916666666666667
 40
0.2916666666666667
 40
0.3055555555555556
 40
0.3055555555555556
 40
0.3055555555555556
 40
0.3055555555555556
 40
0.3194444444444444
 40
0.3194444444444444
 40
0.3194444444444444
 40
0.3194444444444444
 40
0.3333333333333333
 40
0.3333333333333333
 40
0.3333333333333333
 40
0.3333333333333333
 40
0.3472222222222222
 40
0.3472222222222222
 40
0.3472222222222222
 40
0.3472222222222222
 40
0.3611111111111111
 40
0.3611111111111111
 40
0.3611111111111111
 40
0.3611111111111111
 40
0.375
 40
0.375
 40
0.375
 40
0.375
 40
0.3888888888888889
 40
0.3888888888888889
 40
0.3888888888888889
 40
0.3888888888888889
 40
0.4027777777777778
 40
0.4027777777777778
 40
0.4027777777777778
 40
0.4027777777777778
 40
0.4166666666666667
 40
0.4166666666666667
 40
0.4166666666666667
 40
0.4166666666666667
 40
0.4305555555555556
 40
0.4305555555555556
 40
0.4305555555555556
 40
0.4305555555555556
 40
0.4444444444444444
 40
0.4444444444444444
 40
0.4444444444444444
 40
0.4444444444444444
 40
0.4583333333333333
 40
0.4583333333333333
 40
0.4583333333333333
 40
0.4583333333333333
 40
0.4722222222222222
 40
0.4722222222222222
 40
0.4722222222222222
 40
0.4722222222222222
 40
0.4861111111111111
 40
0.4861111111111111
 40
0.4861111111111111
 40
0.4861111111111111
 40
0.5
 40
0.5
 40
0.5
 40
0.5
 40
0.5138888888888888
 40
0.5138888888888888
 40
0.5138888888888888
 40
0.5138888888888888
 40
0.5277777777777778
 40
0.5277777777777778
 40
0.5277777777777778
 40
0.5277777777777778
 40
0.5416666666666666
 40
0.5416666666666666
 40
0.5416666666666666
 40
0.5416666666666666
 40
0.5555555555555556
 40
0.5555555555555556
 40
0.5555555555555556
 40
0.5555555555555556
 40
0.5694444444444444
 40
0.5694444444444444
 40
0.5694444444444444
 40
0.5694444444444444
 40
0.5833333333333334
 40
0.5833333333333334
 40
0.5833333333333334
 40
0.5833333333333334
 40
0.5972222222222222
 40
0.5972222222222222
 40
0.5972222222222222
 40
0.5972222222222222
 40
0.6111111111111112
 40
0.6111111111111112
 40
0.6111111111111112
 40
0.6111111111111112
 40
0.625
 40
0.625
 40
0.625
 40
0.625
 40
0.6388888888888888
 40
0.6388888888888888
 40
0.6388888888888888
 40
0.6388888888888888
 40
0.6527777777777778
 40
0.6527777777777778
 40
0.6527777777777778
 40
0.6527777777777778
 40
0.6666666666666666
 40
0.6666666666666666
 40
0.6666666666666666
 40
0.6666666666666666
 40
0.6805555555555556
 40
0.6805555555555556
 40
0.6805555555555556
 40
0.6805555555555556
 40
0.6944444444444444
 40
0.6944444444444444
 40
0.6944444444444444
 40
0.6944444444444444
 40
0.7083333333333334
 40
0.7083333333333334
 40
0.7083333333333334
 40
0.7083333333333334
 40
0.7222222222222222
 40
0.7222222222222222
 40
0.7222222222222222
 40
0.7222222222222222
 40
0.7361111111111112
 40
0.7361111111111112
 40
0.7361111111111112
 40
0.7361111111111112
 40
0.75
 40
0.75
 40
0.75
 40
0.75
 40
0.7638888888888888
 40
0.7638888888888888
 40
0.7638888888888888
 40
0.7638888888888888
 40
0.7777777777777778
 40
0.7777777777777778
 40
0.7777777777777778
 40
0.7777777777777778
 40
0.7916666666666666
 40
0.7916666666666666
 40
0.7916666666666666
 40
0.7916666666666666
 40
0.8055555555555556
 40
0.8055555555555556
 40
0.8055555555555556
 40
0.8055555555555556
 40
0.8194444444444444
 40
0.8194444444444444
 40
0.8194444444444444
 40
0.8194444444444444
 40
0.8333333333333334
 40
0.8333333333333334
 40
0.8333333333333334
 40
0.8333333333333334
 40
0.8472222222222222
 40
0.8472222222222222
 40
0.8472222222222222
 40
0.8472222222222222
 40
0.8611111111111112
 40
0.8611111111111112
 40
0.8611111111111112
 40
0.8611111111111112
 40
0.875
 40
0.875
 40
0.875
 40
0.875
 40
0.8888888888888888
 40
0.8888888888888888
 40
0.8888888888888888
 40
0.8888888888888888
 40
0.9027777777777778
 40
0.9027777777777778
 40
0.9027777777777778
 40
0.9027777777777778
 40
0.9166666666666666
 40
0.9166666666666666
 40
0.9166666666666666
 40
0.9166666666666666
 40
0.9305555555555556
 40
0.9305555555555556
 40
0.9305555555555556
 40
0.9305555555555556
 40
0.9444444444444444
 40
0.9444444444444444
 40
0.9444444444444444
 40
0.9444444444444444
 40
0.9583333333333334
 40
0.9583333333333334
 40
0.9583333333333334
 40
0.9583333333333334
 40
0.9722222222222222
 40
0.9722222222222222
 40
0.9722222222222222
 40
0.9722222222222222
 40
1.0
 40
1.0
 40
1.0
 40
1.0
 10
-2.577
 20
-2.174
 30
0.0
 10
-2.955
 20
-2.401
 30
0.0
 10
-3.364
 20
-2.569
 30
0.0
 10
-3.784
 20
-2.701
 30
0.0
 10
-3.784
 20
-2.701
 30
0.0
 10
-4.078
 20
-2.917
 30
0.0
 10
-4.277
 20
-3.446
 30
0.0
 10
-3.946
 20
-3.718
 30
0.0
 10
-3.946
 20
-3.718
 30
0.0
 10
-3.746
 20
-3.912
 30
0.0
 10
-3.474
 20
-3.805
 30
0.0
 10
-3.243
 20
-3.75
 30
0.0
 10
-3.243
 20
-3.75
 30
0.0
 10
-3.244
 20
-3.681
 30
0.0
 10
-3.247
 20
-3.543
 30
0.0
 10
-3.249
 20
-3.474
 30
0.0
 10
-3.249
 20
-3.474
 30
0.0
 10
-3.314
 20
-3.434
 30
0.0
 10
-3.38
 20
-3.394
 30
0.0
 10
-3.446
 20
-3.355
 30
0.0
 10
-3.446
 20
-3.355
 30
0.0
 10
-3.489
 20
-3.457
 30
0.0
 10
-3.532
 20
-3.558
 30
0.0
 10
-3.579
 20
-3.658
 30
0.0
 10
-3.579
 20
-3.658
 30
0.0
 10
-3.712
 20
-3.626
 30
0.0
 10
-3.899
 20
-3.514
 30
0.0
 10
-3.838
 20
-3.349
 30
0.0
 10
-3.838
 20
-3.349
 30
0.0
 10
-3.749
 20
-3.066
 30
0.0
 10
-3.362
 20
-3.027
 30
0.0
 10
-3.135
 20
-3.153
 30
0.0
 10
-3.135
 20
-3.153
 30
0.0
 10
-2.935
 20
-3.311
 30
0.0
 10
-2.833
 20
-3.621
 30
0.0
 10
-2.983
 20
-3.848
 30
0.0
 10
-2.983
 20
-3.848
 30
0.0
 10
-3.317
 20
-4.323
 30
0.0
 10
-4.149
 20
-4.21
 30
0.0
 10
-4.37
 20
-3.683
 30
0.0
 10
-4.37
 20
-3.683
 30
0.0
 10
-4.529
 20
-3.415
 30
0.0
 10
-4.383
 20
-3.101
 30
0.0
 10
-4.321
 20
-2.822
 30
0.0
 10
-4.321
 20
-2.822
 30
0.0
 10
-4.565
 20
-2.857
 30
0.0
 10
-4.82
 20
-2.873
 30
0.0
 10
-5.052
 20
-2.775
 30
0.0
 10
-5.052
 20
-2.775
 30
0.0
 10
-5.378
 20
-3.216
 30
0.0
 10
-5.653
 20
-3.719
 30
0.0
 10
-5.699
 20
-4.276
 30
0.0
 10
-5.699
 20
-4.276
 30
0.0
 10
-5.73
 20
-4.54
 30
0.0
 10
-5.625
 20
-4.846
 30
0.0
 10
-5.365
 20
-4.959
 30
0.0
 10
-5.365
 20
-4.959
 30
0.0
 10
-5.172
 20
-5.084
 30
0.0
 10
-4.856
 20
-5.056
 30
0.0
 10
-4.76
 20
-4.823
 30
0.0
 10
-4.76
 20
-4.823
 30
0.0
 10
-4.69
 20
-4.701
 30
0.0
 10
-4.839
 20
-4.619
 30
0.0
 10
-4.913
 20
-4.548
 30
0.0
 10
-4.913
 20
-4.548
 30
0.0
 10
-4.97
 20
-4.625
 30
0.0
 10
-5.015
 20
-4.718
 30
0.0
 10
-5.097
 20
-4.773
 30
0.0
 10
-5.097
 20
-4.773
 30
0.0
 10
-5.242
 20
-4.835
 30
0.0
 10
-5.405
 20
-4.628
 30
0.0
 10
-5.298
 20
-4.5
 30
0.0
 10
-5.298
 20
-4.5
 30
0.0
 10
-5.209
 20
-4.234
 30
0.0
 10
-4.857
 20
-4.252
 30
0.0
 10
-4.652
 20
-4.352
 30
0.0
 10
-4.652
 20
-4.352
 30
0.0
 10
-4.373
 20
-4.51
 30
0.0
 10
-4.372
 20
-4.955
 30
0.0
 10
-4.608
 20
-5.154
 30
0.0
 10
-4.608
 20
-5.154
 30
0.0
 10
-4.803
 20
-5.349
 30
0.0
 10
-5.101
 20
-5.321
 30
0.0
 10
-5.354
 20
-5.351
 30
0.0
 10
-5.354
 20
-5.351
 30
0.0
 10
-4.834
 20
-6.089
 30
0.0
 10
-3.796
 20
-6.516
 30
0.0
 10
-2.93
 20
-6.162
 30
0.0
 10
-2.93
 20
-6.162
 30
0.0
 10
-2.521
 20
-6.005
 30
0.0
 10
-2.14
 20
-5.637
 30
0.0
 10
-2.16
 20
-5.172
 30
0.0
 10
-2.16
 20
-5.172
 30
0.0
 10
-2.13
 20
-4.954
 30
0.0
 10
-2.274
 20
-4.777
 30
0.0
 10
-2.41
 20
-4.628
 30
0.0
 10
-2.41
 20
-4.628
 30
0.0
 10
-2.52
 20
-4.746
 30
0.0
 10
-2.652
 20
-4.846
 30
0.0
 10
-2.828
 20
-4.826
 30
0.0
 10
-2.828
 20
-4.826
 30
0.0
 10
-2.829
 20
-4.64
 30
0.0
 10
-2.793
 20
-4.415
 30
0.0
 10
-2.583
 20
-4.355
 30
0.0
 10
-2.583
 20
-4.355
 30
0.0
 10
-2.226
 20
-4.255
 30
0.0
 10
-1.921
 20
-4.589
 30
0.0
 10
-1.861
 20
-4.914
 30
0.0
 10
-1.861
 20
-4.914
 30
0.0
 10
-1.831
 20
-5.164
 30
0.0
 10
-1.814
 20
-5.441
 30
0.0
 10
-1.938
 20
-5.671
 30
0.0
 10
-1.938
 20
-5.671
 30
0.0
 10
-2.138
 20
-6.113
 30
0.0
 10
-2.586
 20
-6.387
 30
0.0
 10
-3.037
 20
-6.517
 30
0.0
 10
-3.037
 20
-6.517
 30
0.0
 10
-3.517
 20
-6.661
 30
0.0
 10
-4.022
 20
-6.554
 30
0.0
 10
-4.495
 20
-6.436
 30
0.0
 10
-4.495
 20
-6.436
 30
0.0
 10
-4.398
 20
-6.773
 30
0.0
 10
-4.223
 20
-7.099
 30
0.0
 10
-4.278
 20
-7.462
 30
0.0
 10
-4.278
 20
-7.462
 30
0.0
 10
-4.316
 20
-7.919
 30
0.0
 10
-4.673
 20
-8.3
 30
0.0
 10
-5.095
 20
-8.446
 30
0.0
 10
-5.095
 20
-8.446
 30
0.0
 10
-5.589
 20
-8.599
 30
0.0
 10
-6.177
 20
-8.386
 30
0.0
 10
-6.426
 20
-7.926
 30
0.0
 10
-6.426
 20
-7.926
 30
0.0
 10
-6.593
 20
-7.65
 30
0.0
 10
-6.573
 20
-7.253
 30
0.0
 10
-6.341
 20
-7.021
 30
0.0
 10
-6.341
 20
-7.021
 30
0.0
 10
-6.163
 20
-6.835
 30
0.0
 10
-5.912
 20
-6.71
 30
0.0
 10
-5.653
 20
-6.7
 30
0.0
 10
-5.653
 20
-6.7
 30
0.0
 10
-5.413
 20
-6.724
 30
0.0
 10
-5.147
 20
-6.847
 30
0.0
 10
-5.064
 20
-7.089
 30
0.0
 10
-5.064
 20
-7.089
 30
0.0
 10
-5.016
 20
-7.268
 30
0.0
 10
-5.04
 20
-7.483
 30
0.0
 10
-5.188
 20
-7.61
 30
0.0
 10
-5.188
 20
-7.61
 30
0.0
 10
-5.329
 20
-7.735
 30
0.0
 10
-5.526
 20
-7.64
 30
0.0
 10
-5.692
 20
-7.626
 30
0.0
 10
-5.692
 20
-7.626
 30
0.0
 10
-5.678
 20
-7.539
 30
0.0
 10
-5.664
 20
-7.451
 30
0.0
 10
-5.651
 20
-7.364
 30
0.0
 10
-5.651
 20
-7.364
 30
0.0
 10
-5.547
 20
-7.358
 30
0.0
 10
-5.442
 20
-7.352
 30
0.0
 10
-5.337
 20
-7.347
 30
0.0
 10
-5.337
 20
-7.347
 30
0.0
 10
-5.374
 20
-7.239
 30
0.0
 10
-5.392
 20
-7.092
 30
0.0
 10
-5.517
 20
-7.049
 30
0.0
 10
-5.517
 20
-7.049
 30
0.0
 10
-5.8
 20
-6.944
 30
0.0
 10
-6.136
 20
-7.151
 30
0.0
 10
-6.211
 20
-7.435
 30
0.0
 10
-6.211
 20
-7.435
 30
0.0
 10
-6.264
 20
-7.878
 30
0.0
 10
-5.782
 20
-8.233
 30
0.0
 10
-5.368
 20
-8.171
 30
0.0
 10
-5.368
 20
-8.171
 30
0.0
 10
-4.87
 20
-8.163
 30
0.0
 10
-4.498
 20
-7.603
 30
0.0
 10
-4.613
 20
-7.134
 30
0.0
 10
-4.613
 20
-7.134
 30
0.0
 10
-4.732
 20
-6.365
 30
0.0
 10
-5.448
 20
-5.899
 30
0.0
 10
-5.793
 20
-5.244
 30
0.0
 10
-5.793
 20
-5.244
 30
0.0
 10
-5.975
 20
-4.938
 30
0.0
 10
-6.015
 20
-4.579
 30
0.0
 10
-6.068
 20
-4.235
 30
0.0
 10
-6.068
 20
-4.235
 30
0.0
 10
-6.321
 20
-4.347
 30
0.0
 10
-6.604
 20
-4.309
 30
0.0
 10
-6.868
 20
-4.26
 30
0.0
 10
-6.868
 20
-4.26
 30
0.0
 10
-6.901
 20
-5.842
 30
0.0
 10
-6.887
 20
-7.425
 30
0.0
 10
-6.873
 20
-9.007
 30
0.0
 10
-6.873
 20
-9.007
 30
0.0
 10
-5.442
 20
-9.022
 30
0.0
 10
-4.011
 20
-9.033
 30
0.0
 10
-2.58
 20
-9.001
 30
0.0
 10
-2.58
 20
-9.001
 30
0.0
 10
-2.798
 20
-8.723
 30
0.0
 10
-3.127
 20
-8.476
 30
0.0
 10
-3.132
 20
-8.09
 30
0.0
 10
-3.132
 20
-8.09
 30
0.0
 10
-3.127
 20
-7.718
 30
0.0
 10
-2.96
 20
-7.332
 30
0.0
 10
-2.65
 20
-7.115
 30
0.0
 10
-2.65
 20
-7.115
 30
0.0
 10
-2.336
 20
-6.854
 30
0.0
 10
-1.805
 20
-6.94
 30
0.0
 10
-1.568
 20
-7.264
 30
0.0
 10
-1.568
 20
-7.264
 30
0.0
 10
-1.415
 20
-7.441
 30
0.0
 10
-1.387
 20
-7.708
 30
0.0
 10
-1.498
 20
-7.913
 30
0.0
 10
-1.498
 20
-7.913
 30
0.0
 10
-1.631
 20
-8.235
 30
0.0
 10
-2.171
 20
-8.283
 30
0.0
 10
-2.312
 20
-7.937
 30
0.0
 10
-2.312
 20
-7.937
 30
0.0
 10
-2.399
 20
-7.765
 30
0.0
 10
-2.205
 20
-7.643
 30
0.0
 10
-2.074
 20
-7.582
 30
0.0
 10
-2.074
 20
-7.582
 30
0.0
 10
-1.999
 20
-7.687
 30
0.0
 10
-1.928
 20
-7.796
 30
0.0
 10
-1.842
 20
-7.894
 30
0.0
 10
-1.842
 20
-7.894
 30
0.0
 10
-1.786
 20
-7.762
 30
0.0
 10
-1.734
 20
-7.603
 30
0.0
 10
-1.803
 20
-7.465
 30
0.0
 10
-1.803
 20
-7.465
 30
0.0
 10
-1.922
 20
-7.249
 30
0.0
 10
-2.254
 20
-7.198
 30
0.0
 10
-2.439
 20
-7.361
 30
0.0
 10
-2.439
 20
-7.361
 30
0.0
 10
-2.799
 20
-7.576
 30
0.0
 10
-2.932
 20
-8.125
 30
0.0
 10
-2.652
 20
-8.455
 30
0.0
 10
-2.652
 20
-8.455
 30
0.0
 10
-2.363
 20
-8.876
 30
0.0
 10
-1.675
 20
-8.933
 30
0.0
 10
-1.342
 20
-8.53
 30
0.0
 10
-1.342
 20
-8.53
 30
0.0
 10
-1.023
 20
-8.124
 30
0.0
 10
-0.905
 20
-7.587
 30
0.0
 10
-0.917
 20
-7.079
 30
0.0
 10
-0.917
 20
-7.079
 30
0.0
 10
-0.92
 20
-6.22
 30
0.0
 10
-0.789
 20
-5.368
 30
0.0
 10
-0.742
 20
-4.512
 30
0.0
 10
-0.742
 20
-4.512
 30
0.0
 10
-0.902
 20
-4.411
 30
0.0
 10
-1.061
 20
-4.308
 30
0.0
 10
-1.221
 20
-4.207
 30
0.0
 10
-1.221
 20
-4.207
 30
0.0
 10
-1.121
 20
-3.952
 30
0.0
 10
-0.975
 20
-3.718
 30
0.0
 10
-0.806
 20
-3.504
 30
0.0
 10
-0.806
 20
-3.504
 30
0.0
 10
-1.018
 20
-3.428
 30
0.0
 10
-1.205
 20
-3.303
 30
0.0
 10
-1.394
 20
-3.184
 30
0.0
 10
-1.394
 20
-3.184
 30
0.0
 10
-1.623
 20
-3.14
 30
0.0
 10
-1.862
 20
-3.182
 30
0.0
 10
-2.094
 20
-3.191
 30
0.0
 10
-2.094
 20
-3.191
 30
0.0
 10
-2.078
 20
-2.936
 30
0.0
 10
-2.058
 20
-2.682
 30
0.0
 10
-2.004
 20
-2.432
 30
0.0
 10
-2.004
 20
-2.432
 30
0.0
 10
-1.831
 20
-2.55
 30
0.0
 10
-1.636
 20
-2.661
 30
0.0
 10
-1.419
 20
-2.647
 30
0.0
 10
-1.419
 20
-2.647
 30
0.0
 10
-1.607
 20
-2.423
 30
0.0
 10
-1.861
 20
-2.26
 30
0.0
 10
-2.126
 20
-2.14
 30
0.0
 10
-2.126
 20
-2.14
 30
0.0
 10
-2.27
 20
-2.073
 30
0.0
 10
-2.452
 20
-2.065
 30
0.0
 10
-2.58
 20
-2.176
 30
0.0
 10
-2.58
 20
-2.176
 30
0.0
 10
-2.58
 20
-2.176
 30
0.0
 10
-2.577
 20
-2.174
 30
0.0
 10
-2.577
 20
-2.174
 30
0.0
  0
SPLINE
  5
57
330
1F
100
AcDbEntity
  8
Camada 1
100
AcDbSpline
210
0.0
220
0.0
230
1.0
 70
    11
 71
     3
 72
    20
 73
    16
 74
     0
 42
0.0000000001
 43
0.0000000001
 12
1.0
 22
0.0
 32
0.0
 13
1.0
 23
0.0
 33
0.0
 40
0.0
 40
0.0
 40
0.0
 40
0.0
 40
0.2
 40
0.2
 40
0.2
 40
0.2
 40
0.4
 40
0.4
 40
0.4
 40
0.4
 40
0.6
 40
0.6
 40
0.6
 40
0.6
 40
1.0
 40
1.0
 40
1.0
 40
1.0
 10
-1.059
 20
-3.156
 30
0.0
 10
-0.973
 20
-3.218
 30
0.0
 10
-0.881
 20
-3.274
 30
0.0
 10
-0.788
 20
-3.326
 30
0.0
 10
-0.788
 20
-3.326
 30
0.0
 10
-0.756
 20
-3.26
 30
0.0
 10
-0.725
 20
-3.193
 30
0.0
 10
-0.696
 20
-3.126
 30
0.0
 10
-0.696
 20
-3.126
 30
0.0
 10
-0.817
 20
-3.135
 30
0.0
 10
-0.94
 20
-3.143
 30
0.0
 10
-1.06
 20
-3.156
 30
0.0
 10
-1.06
 20
-3.156
 30
0.0
 10
-1.06
 20
-3.156
 30
0.0
 10
-1.059
 20
-3.156
 30
0.0
 10
-1.059
 20
-3.156
 30
0.0
  0
SPLINE
  5
58
330
1F
100
AcDbEntity
  8
Camada 1
100
AcDbSpline
210
0.0
220
0.0
230
1.0
 70
    11
 71
     3
 72
    24
 73
    20
 74
     0
 42
0.0000000001
 43
0.0000000001
 12
1.0
 22
0.0
 32
0.0
 13
1.0
 23
0.0
 33
0.0
 40
0.0
 40
0.0
 40
0.0
 40
0.0
 40
0.1666666666666667
 40
0.1666666666666667
 40
0.1666666666666667
 40
0.1666666666666667
 40
0.3333333333333333
 40
0.3333333333333333
 40
0.3333333333333333
 40
0.3333333333333333
 40
0.5
 40
0.5
 40
0.5
 40
0.5
 40
0.6666666666666666
 40
0.6666666666666666
 40
0.6666666666666666
 40
0.6666666666666666
 40
1.0
 40
1.0
 40
1.0
 40
1.0
 10
-0.337
 20
-3.174
 30
0.0
 10
-0.247
 20
-3.471
 30
0.0
 10
-0.141
 20
-3.843
 30
0.0
 10
0.203
 20
-3.923
 30
0.0
 10
0.203
 20
-3.923
 30
0.0
 10
0.523
 20
-3.827
 30
0.0
 10
0.799
 20
-3.62
 30
0.0
 10
1.087
 20
-3.456
 30
0.0
 10
1.087
 20
-3.456
 30
0.0
 10
0.944
 20
-3.22
 30
0.0
 10
0.639
 20
-3.236
 30
0.0
 10
0.402
 20
-3.185
 30
0.0
 10
0.402
 20
-3.185
 30
0.0
 10
0.158
 20
-3.163
 30
0.0
 10
-0.094
 20
-3.11
 30
0.0
 10
-0.337
 20
-3.174
 30
0.0
 10
-0.337
 20
-3.174
 30
0.0
 10
-0.337
 20
-3.174
 30
0.0
 10
-0.337
 20
-3.174
 30
0.0
 10
-0.337
 20
-3.174
 30
0.0
  0
SPLINE
  5
59
330
1F
100
AcDbEntity
  8
Camada 1
100
AcDbSpline
210
0.0
220
0.0
230
1.0
 70
    11
 71
     3
 72
   100
 73
    96
 74
     0
 42
0.0000000001
 43
0.0000000001
 12
1.0
 22
0.0
 32
0.0
 13
1.0
 23
0.0
 33
0.0
 40
0.0
 40
0.0
 40
0.0
 40
0.0
 40
0.04
 40
0.04
 40
0.04
 40
0.04
 40
0.08
 40
0.08
 40
0.08
 40
0.08
 40
0.12
 40
0.12
 40
0.12
 40
0.12
 40
0.16
 40
0.16
 40
0.16
 40
0.16
 40
0.2
 40
0.2
 40
0.2
 40
0.2
 40
0.24
 40
0.24
 40
0.24
 40
0.24
 40
0.28
 40
0.28
 40
0.28
 40
0.28
 40
0.32
 40
0.32
 40
0.32
 40
0.32
 40
0.36
 40
0.36
 40
0.36
 40
0.36
 40
0.4
 40
0.4
 40
0.4
 40
0.4
 40
0.44
 40
0.44
 40
0.44
 40
0.44
 40
0.48
 40
0.48
 40
0.48
 40
0.48
 40
0.52
 40
0.52
 40
0.52
 40
0.52
 40
0.56
 40
0.56
 40
0.56
 40
0.56
 40
0.6
 40
0.6
 40
0.6
 40
0.6
 40
0.64
 40
0.64
 40
0.64
 40
0.64
 40
0.68
 40
0.68
 40
0.68
 40
0.68
 40
0.72
 40
0.72
 40
0.72
 40
0.72
 40
0.76
 40
0.76
 40
0.76
 40
0.76
 40
0.8
 40
0.8
 40
0.8
 40
0.8
 40
0.84
 40
0.84
 40
0.84
 40
0.84
 40
0.88
 40
0.88
 40
0.88
 40
0.88
 40
0.92
 40
0.92
 40
0.92
 40
0.92
 40
1.0
 40
1.0
 40
1.0
 40
1.0
 10
0.094
 20
-4.775
 30
0.0
 10
-0.074
 20
-4.788
 30
0.0
 10
-0.241
 20
-4.746
 30
0.0
 10
-0.405
 20
-4.716
 30
0.0
 10
-0.405
 20
-4.716
 30
0.0
 10
-0.557
 20
-5.722
 30
0.0
 10
-0.669
 20
-6.757
 30
0.0
 10
-0.52
 20
-7.77
 30
0.0
 10
-0.52
 20
-7.77
 30
0.0
 10
-0.313
 20
-8.748
 30
0.0
 10
0.905
 20
-9.296
 30
0.0
 10
1.792
 20
-8.875
 30
0.0
 10
1.792
 20
-8.875
 30
0.0
 10
2.577
 20
-8.548
 30
0.0
 10
2.982
 20
-7.55
 30
0.0
 10
2.666
 20
-6.766
 30
0.0
 10
2.666
 20
-6.766
 30
0.0
 10
2.485
 20
-6.245
 30
0.0
 10
2.024
 20
-5.75
 30
0.0
 10
1.44
 20
-5.747
 30
0.0
 10
1.44
 20
-5.747
 30
0.0
 10
1.104
 20
-5.713
 30
0.0
 10
0.788
 20
-5.95
 30
0.0
 10
0.705
 20
-6.274
 30
0.0
 10
0.705
 20
-6.274
 30
0.0
 10
0.543
 20
-6.654
 30
0.0
 10
0.985
 20
-7.096
 30
0.0
 10
1.364
 20
-6.968
 30
0.0
 10
1.364
 20
-6.968
 30
0.0
 10
1.503
 20
-6.895
 30
0.0
 10
1.545
 20
-6.727
 30
0.0
 10
1.628
 20
-6.605
 30
0.0
 10
1.628
 20
-6.605
 30
0.0
 10
1.714
 20
-6.643
 30
0.0
 10
1.798
 20
-6.685
 30
0.0
 10
1.883
 20
-6.728
 30
0.0
 10
1.883
 20
-6.728
 30
0.0
 10
1.824
 20
-6.92
 30
0.0
 10
1.75
 20
-7.136
 30
0.0
 10
1.551
 20
-7.225
 30
0.0
 10
1.551
 20
-7.225
 30
0.0
 10
1.173
 20
-7.398
 30
0.0
 10
0.688
 20
-7.233
 30
0.0
 10
0.48
 20
-6.875
 30
0.0
 10
0.48
 20
-6.875
 30
0.0
 10
0.304
 20
-6.615
 30
0.0
 10
0.375
 20
-6.283
 30
0.0
 10
0.446
 20
-5.998
 30
0.0
 10
0.446
 20
-5.998
 30
0.0
 10
0.271
 20
-5.875
 30
0.0
 10
0.027
 20
-5.77
 30
0.0
 10
-0.02
 20
-5.539
 30
0.0
 10
-0.02
 20
-5.539
 30
0.0
 10
-0.095
 20
-5.24
 30
0.0
 10
0.17
 20
-4.956
 30
0.0
 10
0.458
 20
-4.934
 30
0.0
 10
0.458
 20
-4.934
 30
0.0
 10
0.642
 20
-4.923
 30
0.0
 10
0.783
 20
-5.068
 30
0.0
 10
0.923
 20
-5.164
 30
0.0
 10
0.923
 20
-5.164
 30
0.0
 10
0.906
 20
-5.26
 30
0.0
 10
0.889
 20
-5.355
 30
0.0
 10
0.871
 20
-5.451
 30
0.0
 10
0.871
 20
-5.451
 30
0.0
 10
0.691
 20
-5.461
 30
0.0
 10
0.564
 20
-5.325
 30
0.0
 10
0.431
 20
-5.223
 30
0.0
 10
0.431
 20
-5.223
 30
0.0
 10
0.37
 20
-5.324
 30
0.0
 10
0.316
 20
-5.428
 30
0.0
 10
0.266
 20
-5.535
 30
0.0
 10
0.266
 20
-5.535
 30
0.0
 10
0.351
 20
-5.581
 30
0.0
 10
0.438
 20
-5.62
 30
0.0
 10
0.528
 20
-5.655
 30
0.0
 10
0.528
 20
-5.655
 30
0.0
 10
0.766
 20
-5.66
 30
0.0
 10
0.971
 20
-5.524
 30
0.0
 10
1.196
 20
-5.47
 30
0.0
 10
1.196
 20
-5.47
 30
0.0
 10
1.384
 20
-5.411
 30
0.0
 10
1.583
 20
-5.442
 30
0.0
 10
1.777
 20
-5.433
 30
0.0
 10
1.777
 20
-5.433
 30
0.0
 10
1.53
 20
-5.082
 30
0.0
 10
1.27
 20
-4.738
 30
0.0
 10
1.072
 20
-4.355
 30
0.0
 10
1.072
 20
-4.355
 30
0.0
 10
0.759
 20
-4.523
 30
0.0
 10
0.445
 20
-4.702
 30
0.0
 10
0.093
 20
-4.774
 30
0.0
 10
0.093
 20
-4.774
 30
0.0
 10
0.093
 20
-4.774
 30
0.0
 10
0.094
 20
-4.775
 30
0.0
 10
0.094
 20
-4.775
 30
0.0
  0
SPLINE
  5
5A
330
1F
100
AcDbEntity
  8
Camada 1
100
AcDbSpline
210
0.0
220
0.0
230
1.0
 70
    11
 71
     3
 72
    68
 73
    64
 74
     0
 42
0.0000000001
 43
0.0000000001
 12
1.0
 22
0.0
 32
0.0
 13
1.0
 23
0.0
 33
0.0
 40
0.0
 40
0.0
 40
0.0
 40
0.0
 40
0.0588235294117647
 40
0.0588235294117647
 40
0.0588235294117647
 40
0.0588235294117647
 40
0.1176470588235294
 40
0.1176470588235294
 40
0.1176470588235294
 40
0.1176470588235294
 40
0.1764705882352941
 40
0.1764705882352941
 40
0.1764705882352941
 40
0.1764705882352941
 40
0.2352941176470588
 40
0.2352941176470588
 40
0.2352941176470588
 40
0.2352941176470588
 40
0.2941176470588235
 40
0.2941176470588235
 40
0.2941176470588235
 40
0.2941176470588235
 40
0.3529411764705883
 40
0.3529411764705883
 40
0.3529411764705883
 40
0.3529411764705883
 40
0.4117647058823529
 40
0.4117647058823529
 40
0.4117647058823529
 40
0.4117647058823529
 40
0.4705882352941176
 40
0.4705882352941176
 40
0.4705882352941176
 40
0.4705882352941176
 40
0.5294117647058824
 40
0.5294117647058824
 40
0.5294117647058824
 40
0.5294117647058824
 40
0.5882352941176471
 40
0.5882352941176471
 40
0.5882352941176471
 40
0.5882352941176471
 40
0.6470588235294118
 40
0.6470588235294118
 40
0.6470588235294118
 40
0.6470588235294118
 40
0.7058823529411765
 40
0.7058823529411765
 40
0.7058823529411765
 40
0.7058823529411765
 40
0.7647058823529411
 40
0.7647058823529411
 40
0.7647058823529411
 40
0.7647058823529411
 40
0.8235294117647058
 40
0.8235294117647058
 40
0.8235294117647058
 40
0.8235294117647058
 40
0.8823529411764706
 40
0.8823529411764706
 40
0.8823529411764706
 40
0.8823529411764706
 40
1.0
 40
1.0
 40
1.0
 40
1.0
 10
5.969
 20
-4.8
 30
0.0
 10
5.82
 20
-4.881
 30
0.0
 10
5.729
 20
-5.037
 30
0.0
 10
5.595
 20
-5.139
 30
0.0
 10
5.595
 20
-5.139
 30
0.0
 10
5.633
 20
-5.265
 30
0.0
 10
5.681
 20
-5.387
 30
0.0
 10
5.71
 20
-5.516
 30
0.0
 10
5.71
 20
-5.516
 30
0.0
 10
5.764
 20
-5.775
 30
0.0
 10
5.483
 20
-5.95
 30
0.0
 10
5.524
 20
-6.215
 30
0.0
 10
5.524
 20
-6.215
 30
0.0
 10
5.642
 20
-6.227
 30
0.0
 10
5.759
 20
-6.234
 30
0.0
 10
5.877
 20
-6.243
 30
0.0
 10
5.877
 20
-6.243
 30
0.0
 10
6.03
 20
-6.42
 30
0.0
 10
6.222
 20
-6.604
 30
0.0
 10
6.176
 20
-6.867
 30
0.0
 10
6.176
 20
-6.867
 30
0.0
 10
5.886
 20
-6.71
 30
0.0
 10
5.655
 20
-6.419
 30
0.0
 10
5.296
 20
-6.417
 30
0.0
 10
5.296
 20
-6.417
 30
0.0
 10
5.183
 20
-6.589
 30
0.0
 10
5.1
 20
-6.82
 30
0.0
 10
4.893
 20
-6.896
 30
0.0
 10
4.893
 20
-6.896
 30
0.0
 10
4.198
 20
-6.86
 30
0.0
 10
3.532
 20
-6.627
 30
0.0
 10
2.888
 20
-6.378
 30
0.0
 10
2.888
 20
-6.378
 30
0.0
 10
3.021
 20
-6.764
 30
0.0
 10
3.123
 20
-7.164
 30
0.0
 10
3.113
 20
-7.576
 30
0.0
 10
3.113
 20
-7.576
 30
0.0
 10
3.466
 20
-7.35
 30
0.0
 10
3.902
 20
-7.223
 30
0.0
 10
4.318
 20
-7.339
 30
0.0
 10
4.318
 20
-7.339
 30
0.0
 10
4.773
 20
-7.431
 30
0.0
 10
5.123
 20
-7.861
 30
0.0
 10
5.166
 20
-8.318
 30
0.0
 10
5.166
 20
-8.318
 30
0.0
 10
5.172
 20
-8.554
 30
0.0
 10
5.089
 20
-8.778
 30
0.0
 10
5.039
 20
-9.006
 30
0.0
 10
5.039
 20
-9.006
 30
0.0
 10
5.6
 20
-9.025
 30
0.0
 10
6.162
 20
-9.024
 30
0.0
 10
6.723
 20
-9.007
 30
0.0
 10
6.723
 20
-9.007
 30
0.0
 10
6.735
 20
-7.602
 30
0.0
 10
6.74
 20
-6.196
 30
0.0
 10
6.719
 20
-4.791
 30
0.0
 10
6.719
 20
-4.791
 30
0.0
 10
6.469
 20
-4.787
 30
0.0
 10
6.218
 20
-4.777
 30
0.0
 10
5.968
 20
-4.801
 30
0.0
 10
5.968
 20
-4.801
 30
0.0
 10
5.968
 20
-4.801
 30
0.0
 10
5.969
 20
-4.8
 30
0.0
 10
5.969
 20
-4.8
 30
0.0
  0
SPLINE
  5
5B
330
1F
100
AcDbEntity
  8
Camada 1
100
AcDbSpline
210
0.0
220
0.0
230
1.0
 70
    11
 71
     3
 72
    60
 73
    56
 74
     0
 42
0.0000000001
 43
0.0000000001
 12
1.0
 22
0.0
 32
0.0
 13
1.0
 23
0.0
 33
0.0
 40
0.0
 40
0.0
 40
0.0
 40
0.0
 40
0.0666666666666667
 40
0.0666666666666667
 40
0.0666666666666667
 40
0.0666666666666667
 40
0.1333333333333333
 40
0.1333333333333333
 40
0.1333333333333333
 40
0.1333333333333333
 40
0.2
 40
0.2
 40
0.2
 40
0.2
 40
0.2666666666666667
 40
0.2666666666666667
 40
0.2666666666666667
 40
0.2666666666666667
 40
0.3333333333333333
 40
0.3333333333333333
 40
0.3333333333333333
 40
0.3333333333333333
 40
0.4
 40
0.4
 40
0.4
 40
0.4
 40
0.4666666666666667
 40
0.4666666666666667
 40
0.4666666666666667
 40
0.4666666666666667
 40
0.5333333333333333
 40
0.5333333333333333
 40
0.5333333333333333
 40
0.5333333333333333
 40
0.6
 40
0.6
 40
0.6
 40
0.6
 40
0.6666666666666666
 40
0.6666666666666666
 40
0.6666666666666666
 40
0.6666666666666666
 40
0.7333333333333333
 40
0.7333333333333333
 40
0.7333333333333333
 40
0.7333333333333333
 40
0.8
 40
0.8
 40
0.8
 40
0.8
 40
0.8666666666666667
 40
0.8666666666666667
 40
0.8666666666666667
 40
0.8666666666666667
 40
1.0
 40
1.0
 40
1.0
 40
1.0
 10
3.337
 20
-7.848
 30
0.0
 10
2.965
 20
-8.173
 30
0.0
 10
2.699
 20
-8.599
 30
0.0
 10
2.327
 20
-8.925
 30
0.0
 10
2.327
 20
-8.925
 30
0.0
 10
2.329
 20
-8.947
 30
0.0
 10
2.334
 20
-8.989
 30
0.0
 10
2.336
 20
-9.011
 30
0.0
 10
2.336
 20
-9.011
 30
0.0
 10
2.687
 20
-9.022
 30
0.0
 10
3.038
 20
-9.016
 30
0.0
 10
3.388
 20
-9.007
 30
0.0
 10
3.388
 20
-9.007
 30
0.0
 10
3.398
 20
-8.778
 30
0.0
 10
3.372
 20
-8.518
 30
0.0
 10
3.543
 20
-8.336
 30
0.0
 10
3.543
 20
-8.336
 30
0.0
 10
3.7
 20
-8.215
 30
0.0
 10
3.921
 20
-8.128
 30
0.0
 10
4.116
 20
-8.211
 30
0.0
 10
4.116
 20
-8.211
 30
0.0
 10
4.283
 20
-8.284
 30
0.0
 10
4.334
 20
-8.479
 30
0.0
 10
4.371
 20
-8.639
 30
0.0
 10
4.371
 20
-8.639
 30
0.0
 10
4.276
 20
-8.666
 30
0.0
 10
4.168
 20
-8.747
 30
0.0
 10
4.07
 20
-8.685
 30
0.0
 10
4.07
 20
-8.685
 30
0.0
 10
4.017
 20
-8.619
 30
0.0
 10
3.986
 20
-8.54
 30
0.0
 10
3.946
 20
-8.466
 30
0.0
 10
3.946
 20
-8.466
 30
0.0
 10
3.82
 20
-8.53
 30
0.0
 10
3.636
 20
-8.645
 30
0.0
 10
3.721
 20
-8.812
 30
0.0
 10
3.721
 20
-8.812
 30
0.0
 10
3.804
 20
-9.075
 30
0.0
 10
4.115
 20
-9.038
 30
0.0
 10
4.331
 20
-9.017
 30
0.0
 10
4.331
 20
-9.017
 30
0.0
 10
4.532
 20
-9.039
 30
0.0
 10
4.688
 20
-8.886
 30
0.0
 10
4.781
 20
-8.728
 30
0.0
 10
4.781
 20
-8.728
 30
0.0
 10
4.912
 20
-8.506
 30
0.0
 10
4.856
 20
-8.222
 30
0.0
 10
4.744
 20
-8.004
 30
0.0
 10
4.744
 20
-8.004
 30
0.0
 10
4.466
 20
-7.526
 30
0.0
 10
3.724
 20
-7.476
 30
0.0
 10
3.338
 20
-7.847
 30
0.0
 10
3.338
 20
-7.847
 30
0.0
 10
3.338
 20
-7.847
 30
0.0
 10
3.337
 20
-7.848
 30
0.0
 10
3.337
 20
-7.848
 30
0.0
  0
SPLINE
  5
5C
330
1F
100
AcDbEntity
  8
Camada 1
100
AcDbSpline
210
0.0
220
0.0
230
1.0
 70
    11
 71
     3
 72
    24
 73
    20
 74
     0
 42
0.0000000001
 43
0.0000000001
 12
1.0
 22
0.0
 32
0.0
 13
1.0
 23
0.0
 33
0.0
 40
0.0
 40
0.0
 40
0.0
 40
0.0
 40
0.1666666666666667
 40
0.1666666666666667
 40
0.1666666666666667
 40
0.1666666666666667
 40
0.3333333333333333
 40
0.3333333333333333
 40
0.3333333333333333
 40
0.3333333333333333
 40
0.5
 40
0.5
 40
0.5
 40
0.5
 40
0.6666666666666666
 40
0.6666666666666666
 40
0.6666666666666666
 40
0.6666666666666666
 40
1.0
 40
1.0
 40
1.0
 40
1.0
 10
-0.772
 20
-8.164
 30
0.0
 10
-0.908
 20
-8.472
 30
0.0
 10
-1.126
 20
-8.73
 30
0.0
 10
-1.323
 20
-8.999
 30
0.0
 10
-1.323
 20
-8.999
 30
0.0
 10
-0.926
 20
-9.023
 30
0.0
 10
-0.527
 20
-9.035
 30
0.0
 10
-0.131
 20
-8.998
 30
0.0
 10
-0.131
 20
-8.998
 30
0.0
 10
-0.129
 20
-8.986
 30
0.0
 10
-0.123
 20
-8.962
 30
0.0
 10
-0.12
 20
-8.95
 30
0.0
 10
-0.12
 20
-8.95
 30
0.0
 10
-0.339
 20
-8.69
 30
0.0
 10
-0.598
 20
-8.461
 30
0.0
 10
-0.771
 20
-8.163
 30
0.0
 10
-0.771
 20
-8.163
 30
0.0
 10
-0.771
 20
-8.163
 30
0.0
 10
-0.772
 20
-8.164
 30
0.0
 10
-0.772
 20
-8.164
 30
0.0
  0
ENDSEC
  0
SECTION
  2
OBJECTS
  0
DICTIONARY
  5
C
330
0
100
AcDbDictionary
281
     1
  3
ACAD_GROUP
350
D
  3
ACAD_LAYOUT
350
1A
  3
ACAD_MATERIAL
350
3B
  3
ACAD_MLEADERSTYLE
350
7E
  3
ACAD_MLINESTYLE
350
17
  3
ACAD_PLOTSETTINGS
350
19
  3
ACAD_PLOTSTYLENAME
350
E
  3
ACAD_TABLESTYLE
350
7D
  3
ACAD_VISUALSTYLE
350
2A
  0
DICTIONARY
  5
D
102
{ACAD_REACTORS
330
C
102
}
330
C
100
AcDbDictionary
281
     1
  0
DICTIONARY
  5
1A
102
{ACAD_REACTORS
330
C
102
}
330
C
100
AcDbDictionary
281
     1
  3
Layout1
350
1E
  3
Layout2
350
26
  3
Model
350
22
  0
DICTIONARY
  5
3B
102
{ACAD_REACTORS
330
C
102
}
330
C
100
AcDbDictionary
281
     1
  3
ByBlock
350
3D
  3
ByLayer
350
3C
  3
Global
350
3E
  0
DICTIONARY
  5
7E
102
{ACAD_REACTORS
330
C
102
}
330
C
100
AcDbDictionary
281
     1
  0
DICTIONARY
  5
17
102
{ACAD_REACTORS
330
C
102
}
330
C
100
AcDbDictionary
281
     1
  3
Standard
350
18
  0
DICTIONARY
  5
19
102
{ACAD_REACTORS
330
C
102
}
330
C
100
AcDbDictionary
281
     1
  0
ACDBDICTIONARYWDFLT
  5
E
102
{ACAD_REACTORS
330
C
102
}
330
C
100
AcDbDictionary
281
     1
  3
Normal
350
F
100
AcDbDictionaryWithDefault
340
F
  0
DICTIONARY
  5
7D
102
{ACAD_REACTORS
330
C
102
}
330
C
100
AcDbDictionary
281
     1
  0
DICTIONARY
  5
2A
102
{ACAD_REACTORS
330
C
102
}
330
C
100
AcDbDictionary
281
     1
  3
2dWireframe
350
2F
  3
3D Hidden
350
31
  3
3dWireframe
350
30
  3
Basic
350
32
  3
Brighten
350
36
  3
ColorChange
350
3A
  3
Conceptual
350
34
  3
Dim
350
35
  3
Facepattern
350
39
  3
Flat
350
2B
  3
FlatWithEdges
350
2C
  3
Gouraud
350
2D
  3
GouraudWithEdges
350
2E
  3
Linepattern
350
38
  3
Realistic
350
33
  3
Thicken
350
37
  0
LAYOUT
  5
1E
102
{ACAD_REACTORS
330
1A
102
}
330
1A
100
AcDbPlotSettings
  1

  2
none_device
  4

  6

 40
0.0
 41
0.0
 42
0.0
 43
0.0
 44
0.0
 45
0.0
 46
0.0
 47
0.0
 48
0.0
 49
0.0
140
0.0
141
0.0
142
1.0
143
1.0
 70
   688
 72
     0
 73
     0
 74
     5
  7

 75
    16
 76
     0
 77
     2
 78
   300
147
1.0
148
0.0
149
0.0
100
AcDbLayout
  1
Layout1
 70
     1
 71
     1
 10
0.0
 20
0.0
 11
12.0
 21
9.0
 12
0.0
 22
0.0
 32
0.0
 14
1.000000000000000E+20
 24
1.000000000000000E+20
 34
1.000000000000000E+20
 15
-1.000000000000000E+20
 25
-1.000000000000000E+20
 35
-1.000000000000000E+20
146
0.0
 13
0.0
 23
0.0
 33
0.0
 16
1.0
 26
0.0
 36
0.0
 17
0.0
 27
1.0
 37
0.0
 76
     0
330
1B
  0
LAYOUT
  5
26
102
{ACAD_REACTORS
330
1A
102
}
330
1A
100
AcDbPlotSettings
  1

  2
none_device
  4

  6

 40
0.0
 41
0.0
 42
0.0
 43
0.0
 44
0.0
 45
0.0
 46
0.0
 47
0.0
 48
0.0
 49
0.0
140
0.0
141
0.0
142
1.0
143
1.0
 70
   688
 72
     0
 73
     0
 74
     5
  7

 75
    16
 76
     0
 77
     2
 78
   300
147
1.0
148
0.0
149
0.0
100
AcDbLayout
  1
Layout2
 70
     1
 71
     2
 10
0.0
 20
0.0
 11
0.0
 21
0.0
 12
0.0
 22
0.0
 32
0.0
 14
0.0
 24
0.0
 34
0.0
 15
0.0
 25
0.0
 35
0.0
146
0.0
 13
0.0
 23
0.0
 33
0.0
 16
1.0
 26
0.0
 36
0.0
 17
0.0
 27
1.0
 37
0.0
 76
     0
330
23
  0
LAYOUT
  5
22
102
{ACAD_REACTORS
330
1A
102
}
330
1A
100
AcDbPlotSettings
  1

  2
none_device
  4

  6

 40
0.0
 41
0.0
 42
0.0
 43
0.0
 44
0.0
 45
0.0
 46
0.0
 47
0.0
 48
0.0
 49
0.0
140
0.0
141
0.0
142
1.0
143
1.0
 70
  1712
 72
     0
 73
     0
 74
     0
  7

 75
     0
 76
     0
 77
     2
 78
   300
147
1.0
148
0.0
149
0.0
100
AcDbLayout
  1
Model
 70
     1
 71
     0
 10
0.0
 20
0.0
 11
12.0
 21
9.0
 12
0.0
 22
0.0
 32
0.0
 14
-7.19179
 24
-9.29601
 34
0.0
 15
7.063
 25
9.402
 35
0.0
146
0.0
 13
0.0
 23
0.0
 33
0.0
 16
1.0
 26
0.0
 36
0.0
 17
0.0
 27
1.0
 37
0.0
 76
     0
330
1F
331
29
  0
MATERIAL
  5
3D
102
{ACAD_REACTORS
330
3B
102
}
330
3B
100
AcDbMaterial
  1
ByBlock
 72
     1
 94
      127
  0
MATERIAL
  5
3C
102
{ACAD_REACTORS
330
3B
102
}
330
3B
100
AcDbMaterial
  1
ByLayer
 72
     1
 94
      127
  0
MATERIAL
  5
3E
102
{ACAD_REACTORS
330
3B
102
}
330
3B
100
AcDbMaterial
  1
Global
 72
     1
 94
      127
  0
MLINESTYLE
  5
18
102
{ACAD_REACTORS
330
17
102
}
330
17
100
AcDbMlineStyle
  2
Standard
 70
     0
  3

 62
   256
 51
90.0
 52
90.0
 71
     2
 49
0.5
 62
   256
  6
BYLAYER
 49
-0.5
 62
   256
  6
BYLAYER
  0
ACDBPLACEHOLDER
  5
F
102
{ACAD_REACTORS
330
E
102
}
330
E
  0
VISUALSTYLE
  5
2F
102
{ACAD_REACTORS
330
2A
102
}
102
{ACAD_XDICTIONARY
360
65
102
}
330
2A
100
AcDbVisualStyle
  2
2dWireframe
 70
     4
 71
     0
 72
     2
 73
     0
 90
        0
 40
-0.6
 41
-30.0
 62
     5
 63
     7
421
 16777215
 74
     1
 91
        4
 64
     7
 65
   257
 75
     1
175
     1
 42
1.0
 92
        0
 66
   257
 43
1.0
 76
     1
 77
     6
 78
     2
 67
     7
 79
     5
170
     0
171
     0
290
     0
174
     0
 93
        1
 44
0.0
173
     0
291
     0
 45
0.0
  0
VISUALSTYLE
  5
31
102
{ACAD_REACTORS
330
2A
102
}
102
{ACAD_XDICTIONARY
360
69
102
}
330
2A
100
AcDbVisualStyle
  2
3D Hidden
 70
     6
 71
     1
 72
     2
 73
     2
 90
        0
 40
-0.6
 41
-30.0
 62
     5
 63
     7
421
 16777215
 74
     2
 91
        2
 64
     7
 65
   257
 75
     2
175
     1
 42
40.0
 92
        0
 66
   257
 43
1.0
 76
     1
 77
     6
 78
     2
 67
     7
 79
     3
170
     0
171
     0
290
     0
174
     0
 93
        1
 44
0.0
173
     0
291
     0
 45
0.0
  0
VISUALSTYLE
  5
30
102
{ACAD_REACTORS
330
2A
102
}
102
{ACAD_XDICTIONARY
360
67
102
}
330
2A
100
AcDbVisualStyle
  2
3dWireframe
 70
     5
 71
     0
 72
     2
 73
     0
 90
        0
 40
-0.6
 41
-30.0
 62
     5
 63
     7
421
 16777215
 74
     1
 91
        4
 64
     7
 65
   257
 75
     1
175
     1
 42
1.0
 92
        0
 66
   257
 43
1.0
 76
     1
 77
     6
 78
     2
 67
     7
 79
     5
170
     0
171
     0
290
     0
174
     0
 93
        1
 44
0.0
173
     0
291
     0
 45
0.0
  0
VISUALSTYLE
  5
32
102
{ACAD_REACTORS
330
2A
102
}
102
{ACAD_XDICTIONARY
360
6B
102
}
330
2A
100
AcDbVisualStyle
  2
Basic
 70
     7
 71
     1
 72
     0
 73
     1
 90
        0
 40
-0.6
 41
-30.0
 62
     5
 63
     7
421
 16777215
 74
     0
 91
        4
 64
     7
 65
   257
 75
     1
175
     1
 42
1.0
 92
        8
 66
     7
 43
1.0
 76
     1
 77
     6
 78
     2
 67
     7
 79
     5
170
     0
171
     0
290
     0
174
     0
 93
        1
 44
0.0
173
     0
291
     1
 45
0.0
  0
VISUALSTYLE
  5
36
102
{ACAD_REACTORS
330
2A
102
}
102
{ACAD_XDICTIONARY
360
73
102
}
330
2A
100
AcDbVisualStyle
  2
Brighten
 70
    12
 71
     2
 72
     2
 73
     0
 90
        0
 40
-0.6
 41
-30.0
 62
     5
 63
     7
421
 16777215
 74
     1
 91
        4
 64
     7
 65
   257
 75
     1
175
     1
 42
1.0
 92
        8
 66
     7
 43
1.0
 76
     1
 77
     6
 78
     2
 67
     7
 79
     5
170
     0
171
     0
290
     0
174
     0
 93
        1
 44
50.0
173
     0
291
     1
 45
0.0
  0
VISUALSTYLE
  5
3A
102
{ACAD_REACTORS
330
2A
102
}
102
{ACAD_XDICTIONARY
360
7B
102
}
330
2A
100
AcDbVisualStyle
  2
ColorChange
 70
    16
 71
     2
 72
     2
 73
     3
 90
        0
 40
-0.6
 41
-30.0
 62
     5
 63
     8
421
  8421504
 74
     1
 91
        4
 64
     7
 65
   257
 75
     1
175
     1
 42
1.0
 92
        8
 66
     8
424
  8421504
 43
1.0
 76
     1
 77
     6
 78
     2
 67
     7
 79
     5
170
     0
171
     0
290
     0
174
     0
 93
        1
 44
0.0
173
     0
291
     1
 45
0.0
  0
VISUALSTYLE
  5
34
102
{ACAD_REACTORS
330
2A
102
}
102
{ACAD_XDICTIONARY
360
6F
102
}
330
2A
100
AcDbVisualStyle
  2
Conceptual
 70
     9
 71
     3
 72
     2
 73
     0
 90
        0
 40
-0.6
 41
-30.0
 62
     5
 63
     7
421
 16777215
 74
     2
 91
        2
 64
     7
 65
   257
 75
     1
175
     1
 42
40.0
 92
        8
 66
     7
 43
1.0
 76
     1
 77
     6
 78
     2
 67
     7
 79
     3
170
     0
171
     0
290
     0
174
     0
 93
        1
 44
0.0
173
     0
291
     0
 45
0.0
  0
VISUALSTYLE
  5
35
102
{ACAD_REACTORS
330
2A
102
}
102
{ACAD_XDICTIONARY
360
71
102
}
330
2A
100
AcDbVisualStyle
  2
Dim
 70
    11
 71
     2
 72
     2
 73
     0
 90
        0
 40
-0.6
 41
-30.0
 62
     5
 63
     7
421
 16777215
 74
     1
 91
        4
 64
     7
 65
   257
 75
     1
175
     1
 42
1.0
 92
        8
 66
     7
 43
1.0
 76
     1
 77
     6
 78
     2
 67
     7
 79
     5
170
     0
171
     0
290
     0
174
     0
 93
        1
 44
-50.0
173
     0
291
     1
 45
0.0
  0
VISUALSTYLE
  5
39
102
{ACAD_REACTORS
330
2A
102
}
102
{ACAD_XDICTIONARY
360
79
102
}
330
2A
100
AcDbVisualStyle
  2
Facepattern
 70
    15
 71
     2
 72
     2
 73
     0
 90
        0
 40
-0.6
 41
-30.0
 62
     5
 63
     7
421
 16777215
 74
     1
 91
        4
 64
     7
 65
   257
 75
     1
175
     1
 42
1.0
 92
        8
 66
     7
 43
1.0
 76
     1
 77
     6
 78
     2
 67
     7
 79
     5
170
     0
171
     0
290
     0
174
     0
 93
        1
 44
0.0
173
     0
291
     1
 45
0.0
  0
VISUALSTYLE
  5
2B
102
{ACAD_REACTORS
330
2A
102
}
102
{ACAD_XDICTIONARY
360
5D
102
}
330
2A
100
AcDbVisualStyle
  2
Flat
 70
     0
 71
     2
 72
     1
 73
     1
 90
        2
 40
-0.6
 41
30.0
 62
     5
 63
     7
421
 16777215
 74
     0
 91
        4
 64
     7
 65
   257
 75
     1
175
     1
 42
1.0
 92
        8
 66
     7
 43
1.0
 76
     1
 77
     6
 78
     2
 67
     7
 79
     5
170
     0
171
     0
290
     0
174
     0
 93
       13
 44
0.0
173
     0
291
     1
 45
0.0
  0
VISUALSTYLE
  5
2C
102
{ACAD_REACTORS
330
2A
102
}
102
{ACAD_XDICTIONARY
360
5F
102
}
330
2A
100
AcDbVisualStyle
  2
FlatWithEdges
 70
     1
 71
     2
 72
     1
 73
     1
 90
        2
 40
-0.6
 41
30.0
 62
     5
 63
     7
421
 16777215
 74
     1
 91
        4
 64
     7
 65
   257
 75
     1
175
     1
 42
1.0
 92
        0
 66
   257
 43
1.0
 76
     1
 77
     6
 78
     2
 67
     7
 79
     5
170
     0
171
     0
290
     0
174
     0
 93
       13
 44
0.0
173
     0
291
     1
 45
0.0
  0
VISUALSTYLE
  5
2D
102
{ACAD_REACTORS
330
2A
102
}
102
{ACAD_XDICTIONARY
360
61
102
}
330
2A
100
AcDbVisualStyle
  2
Gouraud
 70
     2
 71
     2
 72
     2
 73
     1
 90
        2
 40
-0.6
 41
30.0
 62
     5
 63
     7
421
 16777215
 74
     0
 91
        4
 64
     7
 65
   257
 75
     1
175
     1
 42
1.0
 92
        0
 66
     7
 43
1.0
 76
     1
 77
     6
 78
     2
 67
     7
 79
     5
170
     0
171
     0
290
     0
174
     0
 93
       13
 44
0.0
173
     0
291
     1
 45
0.0
  0
VISUALSTYLE
  5
2E
102
{ACAD_REACTORS
330
2A
102
}
102
{ACAD_XDICTIONARY
360
63
102
}
330
2A
100
AcDbVisualStyle
  2
GouraudWithEdges
 70
     3
 71
     2
 72
     2
 73
     1
 90
        2
 40
-0.6
 41
30.0
 62
     5
 63
     7
421
 16777215
 74
     1
 91
        4
 64
     7
 65
   257
 75
     1
175
     1
 42
1.0
 92
        0
 66
   257
 43
1.0
 76
     1
 77
     6
 78
     2
 67
     7
 79
     5
170
     0
171
     0
290
     0
174
     0
 93
       13
 44
0.0
173
     0
291
     1
 45
0.0
  0
VISUALSTYLE
  5
38
102
{ACAD_REACTORS
330
2A
102
}
102
{ACAD_XDICTIONARY
360
77
102
}
330
2A
100
AcDbVisualStyle
  2
Linepattern
 70
    14
 71
     2
 72
     2
 73
     0
 90
        0
 40
-0.6
 41
-30.0
 62
     5
 63
     7
421
 16777215
 74
     1
 91
        4
 64
     7
 65
   257
 75
     7
175
     7
 42
1.0
 92
        8
 66
     7
 43
1.0
 76
     1
 77
     6
 78
     2
 67
     7
 79
     5
170
     0
171
     0
290
     0
174
     0
 93
        1
 44
0.0
173
     0
291
     1
 45
0.0
  0
VISUALSTYLE
  5
33
102
{ACAD_REACTORS
330
2A
102
}
102
{ACAD_XDICTIONARY
360
6D
102
}
330
2A
100
AcDbVisualStyle
  2
Realistic
 70
     8
 71
     2
 72
     2
 73
     0
 90
        0
 40
-0.6
 41
-30.0
 62
     5
 63
     7
421
 16777215
 74
     1
 91
        0
 64
     7
 65
   257
 75
     1
175
     1
 42
1.0
 92
        8
 66
     8
424
  7895160
 43
1.0
 76
     1
 77
     6
 78
     2
 67
     7
 79
     5
170
     0
171
     0
290
     0
174
     0
 93
       13
 44
0.0
173
     0
291
     0
 45
0.0
  0
VISUALSTYLE
  5
37
102
{ACAD_REACTORS
330
2A
102
}
102
{ACAD_XDICTIONARY
360
75
102
}
330
2A
100
AcDbVisualStyle
  2
Thicken
 70
    13
 71
     2
 72
     2
 73
     0
 90
        0
 40
-0.6
 41
-30.0
 62
     5
 63
     7
421
 16777215
 74
     1
 91
        4
 64
     7
 65
   257
 75
     1
175
     1
 42
1.0
 92
       12
 66
     7
 43
1.0
 76
     1
 77
     6
 78
     2
 67
     7
 79
     5
170
     0
171
     0
290
     0
174
     0
 93
        1
 44
0.0
173
     0
291
     1
 45
0.0
  0
DICTIONARY
  5
65
330
2F
100
AcDbDictionary
280
     1
281
     1
  3
ACAD_XREC_ROUNDTRIP
360
66
  0
DICTIONARY
  5
69
330
31
100
AcDbDictionary
280
     1
281
     1
  3
ACAD_XREC_ROUNDTRIP
360
6A
  0
DICTIONARY
  5
67
330
30
100
AcDbDictionary
280
     1
281
     1
  3
ACAD_XREC_ROUNDTRIP
360
68
  0
DICTIONARY
  5
6B
330
32
100
AcDbDictionary
280
     1
281
     1
  3
ACAD_XREC_ROUNDTRIP
360
6C
  0
DICTIONARY
  5
73
330
36
100
AcDbDictionary
280
     1
281
     1
  3
ACAD_XREC_ROUNDTRIP
360
74
  0
DICTIONARY
  5
7B
330
3A
100
AcDbDictionary
280
     1
281
     1
  3
ACAD_XREC_ROUNDTRIP
360
7C
  0
DICTIONARY
  5
6F
330
34
100
AcDbDictionary
280
     1
281
     1
  3
ACAD_XREC_ROUNDTRIP
360
70
  0
DICTIONARY
  5
71
330
35
100
AcDbDictionary
280
     1
281
     1
  3
ACAD_XREC_ROUNDTRIP
360
72
  0
DICTIONARY
  5
79
330
39
100
AcDbDictionary
280
     1
281
     1
  3
ACAD_XREC_ROUNDTRIP
360
7A
  0
DICTIONARY
  5
5D
330
2B
100
AcDbDictionary
280
     1
281
     1
  3
ACAD_XREC_ROUNDTRIP
360
5E
  0
DICTIONARY
  5
5F
330
2C
100
AcDbDictionary
280
     1
281
     1
  3
ACAD_XREC_ROUNDTRIP
360
60
  0
DICTIONARY
  5
61
330
2D
100
AcDbDictionary
280
     1
281
     1
  3
ACAD_XREC_ROUNDTRIP
360
62
  0
DICTIONARY
  5
63
330
2E
100
AcDbDictionary
280
     1
281
     1
  3
ACAD_XREC_ROUNDTRIP
360
64
  0
DICTIONARY
  5
77
330
38
100
AcDbDictionary
280
     1
281
     1
  3
ACAD_XREC_ROUNDTRIP
360
78
  0
DICTIONARY
  5
6D
330
33
100
AcDbDictionary
280
     1
281
     1
  3
ACAD_XREC_ROUNDTRIP
360
6E
  0
DICTIONARY
  5
75
330
37
100
AcDbDictionary
280
     1
281
     1
  3
ACAD_XREC_ROUNDTRIP
360
76
  0
XRECORD
  5
66
102
{ACAD_REACTORS
330
65
102
}
330
65
100
AcDbXrecord
280
     1
102
RTVSPropertyOp0
 70
     1
102
RTVSPropertyOp1
 70
     1
102
RTVSPropertyOp2
 70
     1
102
RTVSPropertyOp3
 70
     1
102
RTVSPropertyOp4
 70
     1
102
RTVSPropertyOp5
 70
     1
102
RTVSPropertyOp6
 70
     1
102
RTVSPropertyOp7
 70
     1
102
RTVSPropertyOp8
 70
     1
102
RTVSPropertyOp9
 70
     1
102
RTVSPropertyOp10
 70
     1
102
RTVSPropertyOp11
 70
     1
102
RTVSPropertyOp12
 70
     1
102
RTVSPropertyOp13
 70
     1
102
RTVSPropertyOp14
 70
     1
102
RTVSPropertyOp15
 70
     1
102
RTVSPropertyOp16
 70
     1
102
RTVSPropertyOp17
 70
     1
102
RTVSPropertyOp18
 70
     1
102
RTVSPropertyOp19
 70
     1
102
RTVSPropertyOp20
 70
     1
102
RTVSPropertyOp21
 70
     1
102
RTVSPropertyOp22
 70
     1
102
RTVSPropertyOp23
 70
     1
102
RTVSPropertyOp24
 70
     1
102
RTVSPropertyOp25
 70
     1
102
RTVSPropertyOp26
 70
     1
102
RTVSPropertyOp27
 70
     1
102
RTVSPropertyOp28
 70
     1
102
RTVSPropertyOp29
 70
     1
102
RTVSPropertyOp30
 70
     1
102
RTVSPropertyOp31
 70
     1
102
RTVSPropertyOp32
 70
     1
  0
XRECORD
  5
6A
102
{ACAD_REACTORS
330
69
102
}
330
69
100
AcDbXrecord
280
     1
102
RTVSPropertyOp0
 70
     1
102
RTVSPropertyOp1
 70
     1
102
RTVSPropertyOp2
 70
     1
102
RTVSPropertyOp3
 70
     1
102
RTVSPropertyOp4
 70
     1
102
RTVSPropertyOp5
 70
     1
102
RTVSPropertyOp6
 70
     1
102
RTVSPropertyOp7
 70
     1
102
RTVSPropertyOp8
 70
     1
102
RTVSPropertyOp9
 70
     1
102
RTVSPropertyOp10
 70
     1
102
RTVSPropertyOp11
 70
     1
102
RTVSPropertyOp12
 70
     1
102
RTVSPropertyOp13
 70
     1
102
RTVSPropertyOp14
 70
     1
102
RTVSPropertyOp15
 70
     1
102
RTVSPropertyOp16
 70
     1
102
RTVSPropertyOp17
 70
     1
102
RTVSPropertyOp18
 70
     1
102
RTVSPropertyOp19
 70
     1
102
RTVSPropertyOp20
 70
     1
102
RTVSPropertyOp21
 70
     1
102
RTVSPropertyOp22
 70
     1
102
RTVSPropertyOp23
 70
     1
102
RTVSPropertyOp24
 70
     1
102
RTVSPropertyOp25
 70
     1
102
RTVSPropertyOp26
 70
     1
102
RTVSPropertyOp27
 70
     1
102
RTVSPropertyOp28
 70
     1
102
RTVSPropertyOp29
 70
     1
102
RTVSPropertyOp30
 70
     1
102
RTVSPropertyOp31
 70
     1
102
RTVSPropertyOp32
 70
     1
  0
XRECORD
  5
68
102
{ACAD_REACTORS
330
67
102
}
330
67
100
AcDbXrecord
280
     1
102
RTVSPropertyOp0
 70
     1
102
RTVSPropertyOp1
 70
     1
102
RTVSPropertyOp2
 70
     1
102
RTVSPropertyOp3
 70
     1
102
RTVSPropertyOp4
 70
     1
102
RTVSPropertyOp5
 70
     1
102
RTVSPropertyOp6
 70
     1
102
RTVSPropertyOp7
 70
     1
102
RTVSPropertyOp8
 70
     1
102
RTVSPropertyOp9
 70
     1
102
RTVSPropertyOp10
 70
     1
102
RTVSPropertyOp11
 70
     1
102
RTVSPropertyOp12
 70
     1
102
RTVSPropertyOp13
 70
     1
102
RTVSPropertyOp14
 70
     1
102
RTVSPropertyOp15
 70
     1
102
RTVSPropertyOp16
 70
     1
102
RTVSPropertyOp17
 70
     1
102
RTVSPropertyOp18
 70
     1
102
RTVSPropertyOp19
 70
     1
102
RTVSPropertyOp20
 70
     1
102
RTVSPropertyOp21
 70
     1
102
RTVSPropertyOp22
 70
     1
102
RTVSPropertyOp23
 70
     1
102
RTVSPropertyOp24
 70
     1
102
RTVSPropertyOp25
 70
     1
102
RTVSPropertyOp26
 70
     1
102
RTVSPropertyOp27
 70
     1
102
RTVSPropertyOp28
 70
     1
102
RTVSPropertyOp29
 70
     1
102
RTVSPropertyOp30
 70
     1
102
RTVSPropertyOp31
 70
     1
102
RTVSPropertyOp32
 70
     1
  0
XRECORD
  5
6C
102
{ACAD_REACTORS
330
6B
102
}
330
6B
100
AcDbXrecord
280
     1
102
RTVSPropertyOp0
 70
     1
102
RTVSPropertyOp1
 70
     1
102
RTVSPropertyOp2
 70
     1
102
RTVSPropertyOp3
 70
     1
102
RTVSPropertyOp4
 70
     1
102
RTVSPropertyOp5
 70
     1
102
RTVSPropertyOp6
 70
     1
102
RTVSPropertyOp7
 70
     1
102
RTVSPropertyOp8
 70
     1
102
RTVSPropertyOp9
 70
     1
102
RTVSPropertyOp10
 70
     1
102
RTVSPropertyOp11
 70
     1
102
RTVSPropertyOp12
 70
     1
102
RTVSPropertyOp13
 70
     1
102
RTVSPropertyOp14
 70
     1
102
RTVSPropertyOp15
 70
     1
102
RTVSPropertyOp16
 70
     1
102
RTVSPropertyOp17
 70
     1
102
RTVSPropertyOp18
 70
     1
102
RTVSPropertyOp19
 70
     1
102
RTVSPropertyOp20
 70
     1
102
RTVSPropertyOp21
 70
     1
102
RTVSPropertyOp22
 70
     1
102
RTVSPropertyOp23
 70
     1
102
RTVSPropertyOp24
 70
     1
102
RTVSPropertyOp25
 70
     1
102
RTVSPropertyOp26
 70
     1
102
RTVSPropertyOp27
 70
     1
102
RTVSPropertyOp28
 70
     1
102
RTVSPropertyOp29
 70
     1
102
RTVSPropertyOp30
 70
     1
102
RTVSPropertyOp31
 70
     1
102
RTVSPropertyOp32
 70
     1
  0
XRECORD
  5
74
102
{ACAD_REACTORS
330
73
102
}
330
73
100
AcDbXrecord
280
     1
102
RTVSPropertyOp0
 70
     1
102
RTVSPropertyOp1
 70
     1
102
RTVSPropertyOp2
 70
     1
102
RTVSPropertyOp3
 70
     1
102
RTVSPropertyOp4
 70
     1
102
RTVSPropertyOp5
 70
     1
102
RTVSPropertyOp6
 70
     1
102
RTVSPropertyOp7
 70
     1
102
RTVSPropertyOp8
 70
     1
102
RTVSPropertyOp9
 70
     1
102
RTVSPropertyOp10
 70
     1
102
RTVSPropertyOp11
 70
     1
102
RTVSPropertyOp12
 70
     1
102
RTVSPropertyOp13
 70
     1
102
RTVSPropertyOp14
 70
     1
102
RTVSPropertyOp15
 70
     1
102
RTVSPropertyOp16
 70
     1
102
RTVSPropertyOp17
 70
     1
102
RTVSPropertyOp18
 70
     1
102
RTVSPropertyOp19
 70
     1
102
RTVSPropertyOp20
 70
     1
102
RTVSPropertyOp21
 70
     1
102
RTVSPropertyOp22
 70
     1
102
RTVSPropertyOp23
 70
     1
102
RTVSPropertyOp24
 70
     1
102
RTVSPropertyOp25
 70
     1
102
RTVSPropertyOp26
 70
     1
102
RTVSPropertyOp27
 70
     1
102
RTVSPropertyOp28
 70
     1
102
RTVSPropertyOp29
 70
     1
102
RTVSPropertyOp30
 70
     1
102
RTVSPropertyOp31
 70
     1
102
RTVSPropertyOp32
 70
     1
  0
XRECORD
  5
7C
102
{ACAD_REACTORS
330
7B
102
}
330
7B
100
AcDbXrecord
280
     1
102
RTVSPropertyOp0
 70
     1
102
RTVSPropertyOp1
 70
     1
102
RTVSPropertyOp2
 70
     1
102
RTVSPropertyOp3
 70
     1
102
RTVSPropertyOp4
 70
     1
102
RTVSPropertyOp5
 70
     1
102
RTVSPropertyOp6
 70
     1
102
RTVSPropertyOp7
 70
     1
102
RTVSPropertyOp8
 70
     1
102
RTVSPropertyOp9
 70
     1
102
RTVSPropertyOp10
 70
     1
102
RTVSPropertyOp11
 70
     1
102
RTVSPropertyOp12
 70
     1
102
RTVSPropertyOp13
 70
     1
102
RTVSPropertyOp14
 70
     1
102
RTVSPropertyOp15
 70
     1
102
RTVSPropertyOp16
 70
     1
102
RTVSPropertyOp17
 70
     1
102
RTVSPropertyOp18
 70
     1
102
RTVSPropertyOp19
 70
     1
102
RTVSPropertyOp20
 70
     1
102
RTVSPropertyOp21
 70
     1
102
RTVSPropertyOp22
 70
     1
102
RTVSPropertyOp23
 70
     1
102
RTVSPropertyOp24
 70
     1
102
RTVSPropertyOp25
 70
     1
102
RTVSPropertyOp26
 70
     1
102
RTVSPropertyOp27
 70
     1
102
RTVSPropertyOp28
 70
     1
102
RTVSPropertyOp29
 70
     1
102
RTVSPropertyOp30
 70
     1
102
RTVSPropertyOp31
 70
     1
102
RTVSPropertyOp32
 70
     1
  0
XRECORD
  5
70
102
{ACAD_REACTORS
330
6F
102
}
330
6F
100
AcDbXrecord
280
     1
102
RTVSPropertyOp0
 70
     1
102
RTVSPropertyOp1
 70
     1
102
RTVSPropertyOp2
 70
     1
102
RTVSPropertyOp3
 70
     1
102
RTVSPropertyOp4
 70
     1
102
RTVSPropertyOp5
 70
     1
102
RTVSPropertyOp6
 70
     1
102
RTVSPropertyOp7
 70
     1
102
RTVSPropertyOp8
 70
     1
102
RTVSPropertyOp9
 70
     1
102
RTVSPropertyOp10
 70
     1
102
RTVSPropertyOp11
 70
     1
102
RTVSPropertyOp12
 70
     1
102
RTVSPropertyOp13
 70
     1
102
RTVSPropertyOp14
 70
     1
102
RTVSPropertyOp15
 70
     1
102
RTVSPropertyOp16
 70
     1
102
RTVSPropertyOp17
 70
     1
102
RTVSPropertyOp18
 70
     1
102
RTVSPropertyOp19
 70
     1
102
RTVSPropertyOp20
 70
     1
102
RTVSPropertyOp21
 70
     1
102
RTVSPropertyOp22
 70
     1
102
RTVSPropertyOp23
 70
     1
102
RTVSPropertyOp24
 70
     1
102
RTVSPropertyOp25
 70
     1
102
RTVSPropertyOp26
 70
     1
102
RTVSPropertyOp27
 70
     1
102
RTVSPropertyOp28
 70
     1
102
RTVSPropertyOp29
 70
     1
102
RTVSPropertyOp30
 70
     1
102
RTVSPropertyOp31
 70
     1
102
RTVSPropertyOp32
 70
     1
  0
XRECORD
  5
72
102
{ACAD_REACTORS
330
71
102
}
330
71
100
AcDbXrecord
280
     1
102
RTVSPropertyOp0
 70
     1
102
RTVSPropertyOp1
 70
     1
102
RTVSPropertyOp2
 70
     1
102
RTVSPropertyOp3
 70
     1
102
RTVSPropertyOp4
 70
     1
102
RTVSPropertyOp5
 70
     1
102
RTVSPropertyOp6
 70
     1
102
RTVSPropertyOp7
 70
     1
102
RTVSPropertyOp8
 70
     1
102
RTVSPropertyOp9
 70
     1
102
RTVSPropertyOp10
 70
     1
102
RTVSPropertyOp11
 70
     1
102
RTVSPropertyOp12
 70
     1
102
RTVSPropertyOp13
 70
     1
102
RTVSPropertyOp14
 70
     1
102
RTVSPropertyOp15
 70
     1
102
RTVSPropertyOp16
 70
     1
102
RTVSPropertyOp17
 70
     1
102
RTVSPropertyOp18
 70
     1
102
RTVSPropertyOp19
 70
     1
102
RTVSPropertyOp20
 70
     1
102
RTVSPropertyOp21
 70
     1
102
RTVSPropertyOp22
 70
     1
102
RTVSPropertyOp23
 70
     1
102
RTVSPropertyOp24
 70
     1
102
RTVSPropertyOp25
 70
     1
102
RTVSPropertyOp26
 70
     1
102
RTVSPropertyOp27
 70
     1
102
RTVSPropertyOp28
 70
     1
102
RTVSPropertyOp29
 70
     1
102
RTVSPropertyOp30
 70
     1
102
RTVSPropertyOp31
 70
     1
102
RTVSPropertyOp32
 70
     1
  0
XRECORD
  5
7A
102
{ACAD_REACTORS
330
79
102
}
330
79
100
AcDbXrecord
280
     1
102
RTVSPropertyOp0
 70
     1
102
RTVSPropertyOp1
 70
     1
102
RTVSPropertyOp2
 70
     1
102
RTVSPropertyOp3
 70
     1
102
RTVSPropertyOp4
 70
     1
102
RTVSPropertyOp5
 70
     1
102
RTVSPropertyOp6
 70
     1
102
RTVSPropertyOp7
 70
     1
102
RTVSPropertyOp8
 70
     1
102
RTVSPropertyOp9
 70
     1
102
RTVSPropertyOp10
 70
     1
102
RTVSPropertyOp11
 70
     1
102
RTVSPropertyOp12
 70
     1
102
RTVSPropertyOp13
 70
     1
102
RTVSPropertyOp14
 70
     1
102
RTVSPropertyOp15
 70
     1
102
RTVSPropertyOp16
 70
     1
102
RTVSPropertyOp17
 70
     1
102
RTVSPropertyOp18
 70
     1
102
RTVSPropertyOp19
 70
     1
102
RTVSPropertyOp20
 70
     1
102
RTVSPropertyOp21
 70
     1
102
RTVSPropertyOp22
 70
     1
102
RTVSPropertyOp23
 70
     1
102
RTVSPropertyOp24
 70
     1
102
RTVSPropertyOp25
 70
     1
102
RTVSPropertyOp26
 70
     1
102
RTVSPropertyOp27
 70
     1
102
RTVSPropertyOp28
 70
     1
102
RTVSPropertyOp29
 70
     1
102
RTVSPropertyOp30
 70
     1
102
RTVSPropertyOp31
 70
     1
102
RTVSPropertyOp32
 70
     1
  0
XRECORD
  5
5E
102
{ACAD_REACTORS
330
5D
102
}
330
5D
100
AcDbXrecord
280
     1
102
RTVSPropertyOp0
 70
     1
102
RTVSPropertyOp1
 70
     1
102
RTVSPropertyOp2
 70
     1
102
RTVSPropertyOp3
 70
     1
102
RTVSPropertyOp4
 70
     1
102
RTVSPropertyOp5
 70
     1
102
RTVSPropertyOp6
 70
     1
102
RTVSPropertyOp7
 70
     1
102
RTVSPropertyOp8
 70
     1
102
RTVSPropertyOp9
 70
     1
102
RTVSPropertyOp10
 70
     1
102
RTVSPropertyOp11
 70
     1
102
RTVSPropertyOp12
 70
     1
102
RTVSPropertyOp13
 70
     1
102
RTVSPropertyOp14
 70
     1
102
RTVSPropertyOp15
 70
     1
102
RTVSPropertyOp16
 70
     1
102
RTVSPropertyOp17
 70
     1
102
RTVSPropertyOp18
 70
     1
102
RTVSPropertyOp19
 70
     1
102
RTVSPropertyOp20
 70
     1
102
RTVSPropertyOp21
 70
     1
102
RTVSPropertyOp22
 70
     1
102
RTVSPropertyOp23
 70
     1
102
RTVSPropertyOp24
 70
     1
102
RTVSPropertyOp25
 70
     1
102
RTVSPropertyOp26
 70
     1
102
RTVSPropertyOp27
 70
     1
102
RTVSPropertyOp28
 70
     1
102
RTVSPropertyOp29
 70
     1
102
RTVSPropertyOp30
 70
     1
102
RTVSPropertyOp31
 70
     1
102
RTVSPropertyOp32
 70
     1
  0
XRECORD
  5
60
102
{ACAD_REACTORS
330
5F
102
}
330
5F
100
AcDbXrecord
280
     1
102
RTVSPropertyOp0
 70
     1
102
RTVSPropertyOp1
 70
     1
102
RTVSPropertyOp2
 70
     1
102
RTVSPropertyOp3
 70
     1
102
RTVSPropertyOp4
 70
     1
102
RTVSPropertyOp5
 70
     1
102
RTVSPropertyOp6
 70
     1
102
RTVSPropertyOp7
 70
     1
102
RTVSPropertyOp8
 70
     1
102
RTVSPropertyOp9
 70
     1
102
RTVSPropertyOp10
 70
     1
102
RTVSPropertyOp11
 70
     1
102
RTVSPropertyOp12
 70
     1
102
RTVSPropertyOp13
 70
     1
102
RTVSPropertyOp14
 70
     1
102
RTVSPropertyOp15
 70
     1
102
RTVSPropertyOp16
 70
     1
102
RTVSPropertyOp17
 70
     1
102
RTVSPropertyOp18
 70
     1
102
RTVSPropertyOp19
 70
     1
102
RTVSPropertyOp20
 70
     1
102
RTVSPropertyOp21
 70
     1
102
RTVSPropertyOp22
 70
     1
102
RTVSPropertyOp23
 70
     1
102
RTVSPropertyOp24
 70
     1
102
RTVSPropertyOp25
 70
     1
102
RTVSPropertyOp26
 70
     1
102
RTVSPropertyOp27
 70
     1
102
RTVSPropertyOp28
 70
     1
102
RTVSPropertyOp29
 70
     1
102
RTVSPropertyOp30
 70
     1
102
RTVSPropertyOp31
 70
     1
102
RTVSPropertyOp32
 70
     1
  0
XRECORD
  5
62
102
{ACAD_REACTORS
330
61
102
}
330
61
100
AcDbXrecord
280
     1
102
RTVSPropertyOp0
 70
     1
102
RTVSPropertyOp1
 70
     1
102
RTVSPropertyOp2
 70
     1
102
RTVSPropertyOp3
 70
     1
102
RTVSPropertyOp4
 70
     1
102
RTVSPropertyOp5
 70
     1
102
RTVSPropertyOp6
 70
     1
102
RTVSPropertyOp7
 70
     1
102
RTVSPropertyOp8
 70
     1
102
RTVSPropertyOp9
 70
     1
102
RTVSPropertyOp10
 70
     1
102
RTVSPropertyOp11
 70
     1
102
RTVSPropertyOp12
 70
     1
102
RTVSPropertyOp13
 70
     1
102
RTVSPropertyOp14
 70
     1
102
RTVSPropertyOp15
 70
     1
102
RTVSPropertyOp16
 70
     1
102
RTVSPropertyOp17
 70
     1
102
RTVSPropertyOp18
 70
     1
102
RTVSPropertyOp19
 70
     1
102
RTVSPropertyOp20
 70
     1
102
RTVSPropertyOp21
 70
     1
102
RTVSPropertyOp22
 70
     1
102
RTVSPropertyOp23
 70
     1
102
RTVSPropertyOp24
 70
     1
102
RTVSPropertyOp25
 70
     1
102
RTVSPropertyOp26
 70
     1
102
RTVSPropertyOp27
 70
     1
102
RTVSPropertyOp28
 70
     1
102
RTVSPropertyOp29
 70
     1
102
RTVSPropertyOp30
 70
     1
102
RTVSPropertyOp31
 70
     1
102
RTVSPropertyOp32
 70
     1
  0
XRECORD
  5
64
102
{ACAD_REACTORS
330
63
102
}
330
63
100
AcDbXrecord
280
     1
102
RTVSPropertyOp0
 70
     1
102
RTVSPropertyOp1
 70
     1
102
RTVSPropertyOp2
 70
     1
102
RTVSPropertyOp3
 70
     1
102
RTVSPropertyOp4
 70
     1
102
RTVSPropertyOp5
 70
     1
102
RTVSPropertyOp6
 70
     1
102
RTVSPropertyOp7
 70
     1
102
RTVSPropertyOp8
 70
     1
102
RTVSPropertyOp9
 70
     1
102
RTVSPropertyOp10
 70
     1
102
RTVSPropertyOp11
 70
     1
102
RTVSPropertyOp12
 70
     1
102
RTVSPropertyOp13
 70
     1
102
RTVSPropertyOp14
 70
     1
102
RTVSPropertyOp15
 70
     1
102
RTVSPropertyOp16
 70
     1
102
RTVSPropertyOp17
 70
     1
102
RTVSPropertyOp18
 70
     1
102
RTVSPropertyOp19
 70
     1
102
RTVSPropertyOp20
 70
     1
102
RTVSPropertyOp21
 70
     1
102
RTVSPropertyOp22
 70
     1
102
RTVSPropertyOp23
 70
     1
102
RTVSPropertyOp24
 70
     1
102
RTVSPropertyOp25
 70
     1
102
RTVSPropertyOp26
 70
     1
102
RTVSPropertyOp27
 70
     1
102
RTVSPropertyOp28
 70
     1
102
RTVSPropertyOp29
 70
     1
102
RTVSPropertyOp30
 70
     1
102
RTVSPropertyOp31
 70
     1
102
RTVSPropertyOp32
 70
     1
  0
XRECORD
  5
78
102
{ACAD_REACTORS
330
77
102
}
330
77
100
AcDbXrecord
280
     1
102
RTVSPropertyOp0
 70
     1
102
RTVSPropertyOp1
 70
     1
102
RTVSPropertyOp2
 70
     1
102
RTVSPropertyOp3
 70
     1
102
RTVSPropertyOp4
 70
     1
102
RTVSPropertyOp5
 70
     1
102
RTVSPropertyOp6
 70
     1
102
RTVSPropertyOp7
 70
     1
102
RTVSPropertyOp8
 70
     1
102
RTVSPropertyOp9
 70
     1
102
RTVSPropertyOp10
 70
     1
102
RTVSPropertyOp11
 70
     1
102
RTVSPropertyOp12
 70
     1
102
RTVSPropertyOp13
 70
     1
102
RTVSPropertyOp14
 70
     1
102
RTVSPropertyOp15
 70
     1
102
RTVSPropertyOp16
 70
     1
102
RTVSPropertyOp17
 70
     1
102
RTVSPropertyOp18
 70
     1
102
RTVSPropertyOp19
 70
     1
102
RTVSPropertyOp20
 70
     1
102
RTVSPropertyOp21
 70
     1
102
RTVSPropertyOp22
 70
     1
102
RTVSPropertyOp23
 70
     1
102
RTVSPropertyOp24
 70
     1
102
RTVSPropertyOp25
 70
     1
102
RTVSPropertyOp26
 70
     1
102
RTVSPropertyOp27
 70
     1
102
RTVSPropertyOp28
 70
     1
102
RTVSPropertyOp29
 70
     1
102
RTVSPropertyOp30
 70
     1
102
RTVSPropertyOp31
 70
     1
102
RTVSPropertyOp32
 70
     1
  0
XRECORD
  5
6E
102
{ACAD_REACTORS
330
6D
102
}
330
6D
100
AcDbXrecord
280
     1
102
RTVSPropertyOp0
 70
     1
102
RTVSPropertyOp1
 70
     1
102
RTVSPropertyOp2
 70
     1
102
RTVSPropertyOp3
 70
     1
102
RTVSPropertyOp4
 70
     1
102
RTVSPropertyOp5
 70
     1
102
RTVSPropertyOp6
 70
     1
102
RTVSPropertyOp7
 70
     1
102
RTVSPropertyOp8
 70
     1
102
RTVSPropertyOp9
 70
     1
102
RTVSPropertyOp10
 70
     1
102
RTVSPropertyOp11
 70
     1
102
RTVSPropertyOp12
 70
     1
102
RTVSPropertyOp13
 70
     1
102
RTVSPropertyOp14
 70
     1
102
RTVSPropertyOp15
 70
     1
102
RTVSPropertyOp16
 70
     1
102
RTVSPropertyOp17
 70
     1
102
RTVSPropertyOp18
 70
     1
102
RTVSPropertyOp19
 70
     1
102
RTVSPropertyOp20
 70
     1
102
RTVSPropertyOp21
 70
     1
102
RTVSPropertyOp22
 70
     1
102
RTVSPropertyOp23
 70
     1
102
RTVSPropertyOp24
 70
     1
102
RTVSPropertyOp25
 70
     1
102
RTVSPropertyOp26
 70
     1
102
RTVSPropertyOp27
 70
     1
102
RTVSPropertyOp28
 70
     1
102
RTVSPropertyOp29
 70
     1
102
RTVSPropertyOp30
 70
     1
102
RTVSPropertyOp31
 70
     1
102
RTVSPropertyOp32
 70
     1
  0
XRECORD
  5
76
102
{ACAD_REACTORS
330
75
102
}
330
75
100
AcDbXrecord
280
     1
102
RTVSPropertyOp0
 70
     1
102
RTVSPropertyOp1
 70
     1
102
RTVSPropertyOp2
 70
     1
102
RTVSPropertyOp3
 70
     1
102
RTVSPropertyOp4
 70
     1
102
RTVSPropertyOp5
 70
     1
102
RTVSPropertyOp6
 70
     1
102
RTVSPropertyOp7
 70
     1
102
RTVSPropertyOp8
 70
     1
102
RTVSPropertyOp9
 70
     1
102
RTVSPropertyOp10
 70
     1
102
RTVSPropertyOp11
 70
     1
102
RTVSPropertyOp12
 70
     1
102
RTVSPropertyOp13
 70
     1
102
RTVSPropertyOp14
 70
     1
102
RTVSPropertyOp15
 70
     1
102
RTVSPropertyOp16
 70
     1
102
RTVSPropertyOp17
 70
     1
102
RTVSPropertyOp18
 70
     1
102
RTVSPropertyOp19
 70
     1
102
RTVSPropertyOp20
 70
     1
102
RTVSPropertyOp21
 70
     1
102
RTVSPropertyOp22
 70
     1
102
RTVSPropertyOp23
 70
     1
102
RTVSPropertyOp24
 70
     1
102
RTVSPropertyOp25
 70
     1
102
RTVSPropertyOp26
 70
     1
102
RTVSPropertyOp27
 70
     1
102
RTVSPropertyOp28
 70
     1
102
RTVSPropertyOp29
 70
     1
102
RTVSPropertyOp30
 70
     1
102
RTVSPropertyOp31
 70
     1
102
RTVSPropertyOp32
 70
     1
  0
ENDSEC
  0
EOF
