  0
SECTION
  2
HEADER
  9
$ACADVER
  1
AC1024
  9
$ACADMAINTVER
 70
     6
  9
$DWGCODEPAGE
  3
ANSI_1252
  9
$INSBASE
 10
0.0
 20
0.0
 30
0.0
  9
$EXTMIN
 10
1.000000000000000E+20
 20
1.000000000000000E+20
 30
1.000000000000000E+20
  9
$EXTMAX
 10
-1.000000000000000E+20
 20
-1.000000000000000E+20
 30
-1.000000000000000E+20
  9
$LIMMIN
 10
0.0
 20
0.0
  9
$LIMMAX
 10
12.0
 20
9.0
  9
$ORTHOMODE
 70
     0
  9
$REGENMODE
 70
     1
  9
$FILLMODE
 70
     1
  9
$QTEXTMODE
 70
     0
  9
$MIRRTEXT
 70
     1
  9
$LTSCALE
 40
1.0
  9
$ATTMODE
 70
     1
  9
$TEXTSIZE
 40
0.2
  9
$TRACEWID
 40
0.05
  9
$TEXTSTYLE
  7
Standard
  9
$CLAYER
  8
0
  9
$CELTYPE
  6
ByLayer
  9
$CECOLOR
 62
   256
  9
$CELTSCALE
 40
1.0
  9
$DISPSILH
 70
     0
  9
$DIMSCALE
 40
1.0
  9
$DIMASZ
 40
0.18
  9
$DIMEXO
 40
0.0625
  9
$DIMDLI
 40
0.38
  9
$DIMRND
 40
0.0
  9
$DIMDLE
 40
0.0
  9
$DIMEXE
 40
0.18
  9
$DIMTP
 40
0.0
  9
$DIMTM
 40
0.0
  9
$DIMTXT
 40
0.18
  9
$DIMCEN
 40
0.09
  9
$DIMTSZ
 40
0.0
  9
$DIMTOL
 70
     0
  9
$DIMLIM
 70
     0
  9
$DIMTIH
 70
     1
  9
$DIMTOH
 70
     1
  9
$DIMSE1
 70
     0
  9
$DIMSE2
 70
     0
  9
$DIMTAD
 70
     0
  9
$DIMZIN
 70
     0
  9
$DIMBLK
  1

  9
$DIMASO
 70
     1
  9
$DIMSHO
 70
     1
  9
$DIMPOST
  1

  9
$DIMAPOST
  1

  9
$DIMALT
 70
     0
  9
$DIMALTD
 70
     2
  9
$DIMALTF
 40
25.4
  9
$DIMLFAC
 40
1.0
  9
$DIMTOFL
 70
     0
  9
$DIMTVP
 40
0.0
  9
$DIMTIX
 70
     0
  9
$DIMSOXD
 70
     0
  9
$DIMSAH
 70
     0
  9
$DIMBLK1
  1

  9
$DIMBLK2
  1

  9
$DIMSTYLE
  2
Standard
  9
$DIMCLRD
 70
     0
  9
$DIMCLRE
 70
     0
  9
$DIMCLRT
 70
     0
  9
$DIMTFAC
 40
1.0
  9
$DIMGAP
 40
0.09
  9
$DIMJUST
 70
     0
  9
$DIMSD1
 70
     0
  9
$DIMSD2
 70
     0
  9
$DIMTOLJ
 70
     1
  9
$DIMTZIN
 70
     0
  9
$DIMALTZ
 70
     0
  9
$DIMALTTZ
 70
     0
  9
$DIMUPT
 70
     0
  9
$DIMDEC
 70
     4
  9
$DIMTDEC
 70
     4
  9
$DIMALTU
 70
     2
  9
$DIMALTTD
 70
     2
  9
$DIMTXSTY
  7
Standard
  9
$DIMAUNIT
 70
     0
  9
$DIMADEC
 70
     0
  9
$DIMALTRND
 40
0.0
  9
$DIMAZIN
 70
     0
  9
$DIMDSEP
 70
    46
  9
$DIMATFIT
 70
     3
  9
$DIMFRAC
 70
     0
  9
$DIMLDRBLK
  1

  9
$DIMLUNIT
 70
     2
  9
$DIMLWD
 70
    -2
  9
$DIMLWE
 70
    -2
  9
$DIMTMOVE
 70
     0
  9
$DIMFXL
 40
1.0
  9
$DIMFXLON
 70
     0
  9
$DIMJOGANG
 40
0.7853981633974483
  9
$DIMTFILL
 70
     0
  9
$DIMTFILLCLR
 70
     0
  9
$DIMARCSYM
 70
     0
  9
$DIMLTYPE
  6

  9
$DIMLTEX1
  6

  9
$DIMLTEX2
  6

  9
$DIMTXTDIRECTION
 70
     0
  9
$LUNITS
 70
     2
  9
$LUPREC
 70
     4
  9
$SKETCHINC
 40
0.1
  9
$FILLETRAD
 40
0.5
  9
$AUNITS
 70
     0
  9
$AUPREC
 70
     0
  9
$MENU
  1
.
  9
$ELEVATION
 40
0.0
  9
$PELEVATION
 40
0.0
  9
$THICKNESS
 40
0.0
  9
$LIMCHECK
 70
     0
  9
$CHAMFERA
 40
0.5
  9
$CHAMFERB
 40
0.5
  9
$CHAMFERC
 40
1.0
  9
$CHAMFERD
 40
0.0
  9
$SKPOLY
 70
     0
  9
$TDCREATE
 40
2459665.842821574
  9
$TDUCREATE
 40
2459665.592821574
  9
$TDUPDATE
 40
2459665.84282162
  9
$TDUUPDATE
 40
2459665.59282162
  9
$TDINDWG
 40
0.0000000116
  9
$TDUSRTIMER
 40
0.0000000116
  9
$USRTIMER
 70
     1
  9
$ANGBASE
 50
0.0
  9
$ANGDIR
 70
     0
  9
$PDMODE
 70
     0
  9
$PDSIZE
 40
0.0
  9
$PLINEWID
 40
0.0
  9
$SPLFRAME
 70
     0
  9
$SPLINETYPE
 70
     6
  9
$SPLINESEGS
 70
     8
  9
$HANDSEED
  5
6D
  9
$SURFTAB1
 70
     6
  9
$SURFTAB2
 70
     6
  9
$SURFTYPE
 70
     6
  9
$SURFU
 70
     6
  9
$SURFV
 70
     6
  9
$UCSBASE
  2

  9
$UCSNAME
  2

  9
$UCSORG
 10
0.0
 20
0.0
 30
0.0
  9
$UCSXDIR
 10
1.0
 20
0.0
 30
0.0
  9
$UCSYDIR
 10
0.0
 20
1.0
 30
0.0
  9
$UCSORTHOREF
  2

  9
$UCSORTHOVIEW
 70
     0
  9
$UCSORGTOP
 10
0.0
 20
0.0
 30
0.0
  9
$UCSORGBOTTOM
 10
0.0
 20
0.0
 30
0.0
  9
$UCSORGLEFT
 10
0.0
 20
0.0
 30
0.0
  9
$UCSORGRIGHT
 10
0.0
 20
0.0
 30
0.0
  9
$UCSORGFRONT
 10
0.0
 20
0.0
 30
0.0
  9
$UCSORGBACK
 10
0.0
 20
0.0
 30
0.0
  9
$PUCSBASE
  2

  9
$PUCSNAME
  2

  9
$PUCSORG
 10
0.0
 20
0.0
 30
0.0
  9
$PUCSXDIR
 10
1.0
 20
0.0
 30
0.0
  9
$PUCSYDIR
 10
0.0
 20
1.0
 30
0.0
  9
$PUCSORTHOREF
  2

  9
$PUCSORTHOVIEW
 70
     0
  9
$PUCSORGTOP
 10
0.0
 20
0.0
 30
0.0
  9
$PUCSORGBOTTOM
 10
0.0
 20
0.0
 30
0.0
  9
$PUCSORGLEFT
 10
0.0
 20
0.0
 30
0.0
  9
$PUCSORGRIGHT
 10
0.0
 20
0.0
 30
0.0
  9
$PUCSORGFRONT
 10
0.0
 20
0.0
 30
0.0
  9
$PUCSORGBACK
 10
0.0
 20
0.0
 30
0.0
  9
$USERI1
 70
     0
  9
$USERI2
 70
     0
  9
$USERI3
 70
     0
  9
$USERI4
 70
     0
  9
$USERI5
 70
     0
  9
$USERR1
 40
0.0
  9
$USERR2
 40
0.0
  9
$USERR3
 40
0.0
  9
$USERR4
 40
0.0
  9
$USERR5
 40
0.0
  9
$WORLDVIEW
 70
     1
  9
$SHADEDGE
 70
     3
  9
$SHADEDIF
 70
    70
  9
$TILEMODE
 70
     1
  9
$MAXACTVP
 70
    64
  9
$PINSBASE
 10
0.0
 20
0.0
 30
0.0
  9
$PLIMCHECK
 70
     0
  9
$PEXTMIN
 10
1.000000000000000E+20
 20
1.000000000000000E+20
 30
1.000000000000000E+20
  9
$PEXTMAX
 10
-1.000000000000000E+20
 20
-1.000000000000000E+20
 30
-1.000000000000000E+20
  9
$PLIMMIN
 10
0.0
 20
0.0
  9
$PLIMMAX
 10
12.0
 20
9.0
  9
$UNITMODE
 70
     0
  9
$VISRETAIN
 70
     1
  9
$PLINEGEN
 70
     0
  9
$PSLTSCALE
 70
     1
  9
$TREEDEPTH
 70
  3020
  9
$CMLSTYLE
  2
Standard
  9
$CMLJUST
 70
     0
  9
$CMLSCALE
 40
1.0
  9
$PROXYGRAPHICS
 70
     1
  9
$MEASUREMENT
 70
     0
  9
$CELWEIGHT
370
    -1
  9
$ENDCAPS
280
     0
  9
$JOINSTYLE
280
     0
  9
$LWDISPLAY
290
     1
  9
$INSUNITS
 70
     0
  9
$HYPERLINKBASE
  1

  9
$STYLESHEET
  1

  9
$XEDIT
290
     1
  9
$CEPSNTYPE
380
     0
  9
$PSTYLEMODE
290
     1
  9
$FINGERPRINTGUID
  2
{9AB09BFA-6725-4F72-A2FB-8DE2B2389635}
  9
$VERSIONGUID
  2
{FAEB1C32-E019-11D5-929B-00C0DF256EC4}
  9
$EXTNAMES
290
     1
  9
$PSVPSCALE
 40
0.0
  9
$OLESTARTUP
290
     0
  9
$SORTENTS
280
   127
  9
$INDEXCTL
280
     0
  9
$HIDETEXT
280
     1
  9
$XCLIPFRAME
280
     2
  9
$HALOGAP
280
     0
  9
$OBSCOLOR
 70
   257
  9
$OBSLTYPE
280
     0
  9
$INTERSECTIONDISPLAY
280
     0
  9
$INTERSECTIONCOLOR
 70
   257
  9
$DIMASSOC
280
     2
  9
$PROJECTNAME
  1

  9
$CAMERADISPLAY
290
     0
  9
$LENSLENGTH
 40
50.0
  9
$CAMERAHEIGHT
 40
0.0
  9
$STEPSPERSEC
 40
2.0
  9
$STEPSIZE
 40
6.0
  9
$3DDWFPREC
 40
2.0
  9
$PSOLWIDTH
 40
0.25
  9
$PSOLHEIGHT
 40
4.0
  9
$LOFTANG1
 40
1.570796326794897
  9
$LOFTANG2
 40
1.570796326794897
  9
$LOFTMAG1
 40
0.0
  9
$LOFTMAG2
 40
0.0
  9
$LOFTPARAM
 70
     7
  9
$LOFTNORMALS
280
     1
  9
$LATITUDE
 40
37.795
  9
$LONGITUDE
 40
-122.394
  9
$NORTHDIRECTION
 40
0.0
  9
$TIMEZONE
 70
 -8000
  9
$LIGHTGLYPHDISPLAY
280
     1
  9
$TILEMODELIGHTSYNCH
280
     1
  9
$CMATERIAL
347
3C
  9
$SOLIDHIST
280
     1
  9
$SHOWHIST
280
     1
  9
$DWFFRAME
280
     2
  9
$DGNFRAME
280
     2
  9
$REALWORLDSCALE
290
     1
  9
$INTERFERECOLOR
 62
   256
  9
$CSHADOW
280
     0
  9
$SHADOWPLANELOCATION
 40
0.0
  0
ENDSEC
  0
SECTION
  2
CLASSES
  0
CLASS
  1
ACDBDICTIONARYWDFLT
  2
AcDbDictionaryWithDefault
  3
ObjectDBX Classes
 90
        0
 91
        4
280
     0
281
     0
  0
CLASS
  1
VISUALSTYLE
  2
AcDbVisualStyle
  3
ObjectDBX Classes
 90
     4095
 91
        4
280
     0
281
     0
  0
CLASS
  1
MATERIAL
  2
AcDbMaterial
  3
ObjectDBX Classes
 90
     1153
 91
        4
280
     0
281
     0
  0
CLASS
  1
SUN
  2
AcDbSun
  3
SCENEOE
 90
     1024
 91
        4
280
     0
281
     0
  0
ENDSEC
  0
SECTION
  2
TABLES
  0
TABLE
  2
VPORT
  5
8
330
0
100
AcDbSymbolTable
 70
     1
  0
VPORT
  5
29
330
8
100
AcDbSymbolTableRecord
100
AcDbViewportTableRecord
  2
*Active
 70
     0
 10
0.0
 20
0.0
 11
1.0
 21
1.0
 12
0.0
 22
0.0
 13
0.0
 23
0.0
 14
0.5
 24
0.5
 15
0.5
 25
0.5
 16
0.0
 26
0.0
 36
1.0
 17
2788.0
 27
-500.0
 37
0.0
 40
1000.0
 41
1.0
 42
50.0
 43
0.0
 44
0.0
 50
0.0
 51
0.0
 71
     0
 72
   100
 73
     1
 74
     3
 75
     0
 76
     0
 77
     0
 78
     0
281
     0
 65
     1
110
0.0
120
0.0
130
0.0
111
1.0
121
0.0
131
0.0
112
0.0
122
1.0
132
0.0
 79
     0
146
0.0
 60
     3
 61
     5
292
     1
282
     1
141
0.0
142
0.0
 63
   250
361
3F
  0
ENDTAB
  0
TABLE
  2
LTYPE
  5
5
330
0
100
AcDbSymbolTable
 70
     1
  0
LTYPE
  5
14
330
5
100
AcDbSymbolTableRecord
100
AcDbLinetypeTableRecord
  2
ByBlock
 70
     0
  3

 72
    65
 73
     0
 40
0.0
  0
LTYPE
  5
15
330
5
100
AcDbSymbolTableRecord
100
AcDbLinetypeTableRecord
  2
ByLayer
 70
     0
  3

 72
    65
 73
     0
 40
0.0
  0
LTYPE
  5
16
330
5
100
AcDbSymbolTableRecord
100
AcDbLinetypeTableRecord
  2
Continuous
 70
     0
  3
Solid line
 72
    65
 73
     0
 40
0.0
  0
ENDTAB
  0
TABLE
  2
LAYER
  5
2
330
0
100
AcDbSymbolTable
 70
     2
  0
LAYER
  5
10
330
2
100
AcDbSymbolTableRecord
100
AcDbLayerTableRecord
  2
0
 70
     0
 62
     7
  6
Continuous
370
    -3
390
F
347
3E
  0
LAYER
  5
40
330
2
100
AcDbSymbolTableRecord
100
AcDbLayerTableRecord
  2
Layer 1
 70
     0
 62
     7
  6
Continuous
370
    -3
390
F
347
3E
  0
ENDTAB
  0
TABLE
  2
STYLE
  5
3
330
0
100
AcDbSymbolTable
 70
     1
  0
STYLE
  5
11
330
3
100
AcDbSymbolTableRecord
100
AcDbTextStyleTableRecord
  2
Standard
 70
     0
 40
0.0
 41
1.0
 50
0.0
 71
     0
 42
0.2
  3
txt
  4

  0
ENDTAB
  0
TABLE
  2
VIEW
  5
6
330
0
100
AcDbSymbolTable
 70
     0
  0
ENDTAB
  0
TABLE
  2
UCS
  5
7
330
0
100
AcDbSymbolTable
 70
     0
  0
ENDTAB
  0
TABLE
  2
APPID
  5
9
330
0
100
AcDbSymbolTable
 70
     1
  0
APPID
  5
12
330
9
100
AcDbSymbolTableRecord
100
AcDbRegAppTableRecord
  2
ACAD
 70
     0
  0
ENDTAB
  0
TABLE
  2
DIMSTYLE
  5
A
330
0
100
AcDbSymbolTable
 70
     1
100
AcDbDimStyleTable
  0
DIMSTYLE
105
27
330
A
100
AcDbSymbolTableRecord
100
AcDbDimStyleTableRecord
  2
Standard
 70
     0
178
     0
340
11
  0
ENDTAB
  0
TABLE
  2
BLOCK_RECORD
  5
1
330
0
100
AcDbSymbolTable
 70
     2
  0
BLOCK_RECORD
  5
1F
330
1
100
AcDbSymbolTableRecord
100
AcDbBlockTableRecord
  2
*Model_Space
340
22
 70
     0
280
     1
281
     0
  0
BLOCK_RECORD
  5
1B
330
1
100
AcDbSymbolTableRecord
100
AcDbBlockTableRecord
  2
*Paper_Space
340
1E
 70
     0
280
     1
281
     0
  0
BLOCK_RECORD
  5
23
330
1
100
AcDbSymbolTableRecord
100
AcDbBlockTableRecord
  2
*Paper_Space0
340
26
 70
     0
280
     1
281
     0
  0
BLOCK_RECORD
  5
41
330
1
100
AcDbSymbolTableRecord
100
AcDbBlockTableRecord
  2
block 2
340
0
102
{BLKREFS
331
42
102
}
 70
     0
280
     1
281
     0
  0
ENDTAB
  0
ENDSEC
  0
SECTION
  2
BLOCKS
  0
BLOCK
  5
20
330
1F
100
AcDbEntity
  8
0
100
AcDbBlockBegin
  2
*Model_Space
 70
     0
 10
0.0
 20
0.0
 30
0.0
  3
*Model_Space
  1

  0
ENDBLK
  5
21
330
1F
100
AcDbEntity
  8
0
100
AcDbBlockEnd
  0
BLOCK
  5
1C
330
1B
100
AcDbEntity
 67
     1
  8
0
100
AcDbBlockBegin
  2
*Paper_Space
 70
     0
 10
0.0
 20
0.0
 30
0.0
  3
*Paper_Space
  1

  0
ENDBLK
  5
1D
330
1B
100
AcDbEntity
 67
     1
  8
0
100
AcDbBlockEnd
  0
BLOCK
  5
24
330
23
100
AcDbEntity
  8
0
100
AcDbBlockBegin
  2
*Paper_Space0
 70
     0
 10
0.0
 20
0.0
 30
0.0
  3
*Paper_Space0
  1

  0
ENDBLK
  5
25
330
23
100
AcDbEntity
  8
0
100
AcDbBlockEnd
  0
BLOCK
  5
43
330
41
100
AcDbEntity
  8
0
100
AcDbBlockBegin
  2
block 2
 70
     0
 10
0.0
 20
0.0
 30
0.0
  3
block 2
  1

  0
SPLINE
  5
45
330
41
100
AcDbEntity
  8
Layer 1
370
     0
100
AcDbSpline
210
0.0
220
0.0
230
1.0
 70
    11
 71
     3
 72
   113
 73
   109
 74
     0
 42
0.0000000001
 43
0.0000000001
 12
1.0
 22
0.0
 32
0.0
 13
1.0
 23
0.0
 33
0.0
 40
0.0
 40
0.0
 40
0.0
 40
0.0
 40
1.0
 40
1.0
 40
1.0
 40
2.0
 40
2.0
 40
2.0
 40
3.0
 40
3.0
 40
3.0
 40
4.0
 40
4.0
 40
4.0
 40
5.0
 40
5.0
 40
5.0
 40
6.0
 40
6.0
 40
6.0
 40
7.0
 40
7.0
 40
7.0
 40
8.0
 40
8.0
 40
8.0
 40
9.0
 40
9.0
 40
9.0
 40
10.0
 40
10.0
 40
10.0
 40
11.0
 40
11.0
 40
11.0
 40
12.0
 40
12.0
 40
12.0
 40
13.0
 40
13.0
 40
13.0
 40
14.0
 40
14.0
 40
14.0
 40
15.0
 40
15.0
 40
15.0
 40
16.0
 40
16.0
 40
16.0
 40
17.0
 40
17.0
 40
17.0
 40
18.0
 40
18.0
 40
18.0
 40
19.0
 40
19.0
 40
19.0
 40
20.0
 40
20.0
 40
20.0
 40
21.0
 40
21.0
 40
21.0
 40
22.0
 40
22.0
 40
22.0
 40
23.0
 40
23.0
 40
23.0
 40
24.0
 40
24.0
 40
24.0
 40
25.0
 40
25.0
 40
25.0
 40
26.0
 40
26.0
 40
26.0
 40
27.0
 40
27.0
 40
27.0
 40
28.0
 40
28.0
 40
28.0
 40
29.0
 40
29.0
 40
29.0
 40
30.0
 40
30.0
 40
30.0
 40
31.0
 40
31.0
 40
31.0
 40
32.0
 40
32.0
 40
32.0
 40
33.0
 40
33.0
 40
33.0
 40
34.0
 40
34.0
 40
34.0
 40
35.0
 40
35.0
 40
35.0
 40
36.0
 40
36.0
 40
36.0
 40
36.0
 10
832.7410583496094
 20
-499.5897521972656
 30
0.0
 10
832.7410583496094
 20
-499.5897521972656
 30
0.0
 10
817.5565490722656
 20
-499.3286437988281
 30
0.0
 10
817.5565490722656
 20
-499.3286437988281
 30
0.0
 10
817.5409851074219
 20
-486.3357238769531
 30
0.0
 10
818.1484680175781
 20
-460.9898376464844
 30
0.0
 10
817.4286193847656
 20
-448.0260314941406
 30
0.0
 10
815.3971862792969
 20
-411.4448547363281
 30
0.0
 10
807.8513488769531
 20
-376.0948181152344
 30
0.0
 10
792.5870666503906
 20
-342.6076354980469
 30
0.0
 10
790.4657897949219
 20
-337.9539489746094
 30
0.0
 10
788.1554260253906
 20
-333.3865051269531
 30
0.0
 10
785.6541442871094
 20
-328.2021179199219
 30
0.0
 10
785.6541442871094
 20
-328.2021179199219
 30
0.0
 10
772.5697937011719
 20
-335.9823303222656
 30
0.0
 10
772.5697937011719
 20
-335.9823303222656
 30
0.0
 10
760.1559753417969
 20
-313.4465637207031
 30
0.0
 10
741.1727600097656
 20
-283.4443664550781
 30
0.0
 10
724.4125061035156
 20
-263.8887634277344
 30
0.0
 10
707.8148498535156
 20
-244.5229187011719
 30
0.0
 10
684.5433044433594
 20
-224.2406311035156
 30
0.0
 10
663.5057067871094
 20
-209.5987854003906
 30
0.0
 10
661.6632385253906
 20
-212.8807678222656
 30
0.0
 10
657.1284484863281
 20
-219.3199768066406
 30
0.0
 10
655.3169860839844
 20
-222.1022644042969
 30
0.0
 10
607.4209289550781
 20
-191.8166198730469
 30
0.0
 10
556.6676330566406
 20
-170.6805114746094
 30
0.0
 10
499.6615905761719
 20
-166.9842224121094
 30
0.0
 10
499.6615905761719
 20
-166.9842224121094
 30
0.0
 10
500.1432800292969
 20
-182.3789367675781
 30
0.0
 10
500.1432800292969
 20
-182.3789367675781
 30
0.0
 10
453.1640319824219
 20
-181.1013488769531
 30
0.0
 10
392.1934509277344
 20
-187.1074523925781
 30
0.0
 10
348.5622863769531
 20
-205.3569030761719
 30
0.0
 10
344.1897888183594
 20
-207.1858215332031
 30
0.0
 10
339.9246520996094
 20
-209.2716979980469
 30
0.0
 10
335.3097229003906
 20
-211.3750305175781
 30
0.0
 10
335.3097229003906
 20
-211.3750305175781
 30
0.0
 10
343.6864929199219
 20
-224.3665466308594
 30
0.0
 10
343.6864929199219
 20
-224.3665466308594
 30
0.0
 10
304.5879211425781
 20
-243.8751525878906
 30
0.0
 10
262.8616638183594
 20
-272.0703430175781
 30
0.0
 10
233.9833068847656
 20
-305.1951599121094
 30
0.0
 10
226.9397888183594
 20
-313.2743835449219
 30
0.0
 10
220.5441589355469
 20
-321.9192810058594
 30
0.0
 10
213.6096496582031
 20
-330.6059265136719
 30
0.0
 10
218.7123718261719
 20
-333.6156311035156
 30
0.0
 10
222.8038635253906
 20
-336.0289001464844
 30
0.0
 10
226.9849548339844
 20
-338.4949035644531
 30
0.0
 10
220.7284851074219
 20
-348.8517150878906
 30
0.0
 10
214.4832458496094
 20
-358.6676940917969
 30
0.0
 10
208.7497863769531
 20
-368.7744445800781
 30
0.0
 10
188.0617980957031
 20
-405.2428894042969
 30
0.0
 10
172.3601989746094
 20
-457.8086242675781
 30
0.0
 10
167.2589416503906
 20
-499.5897521972656
 30
0.0
 10
171.3980407714844
 20
-499.8940734863281
 30
0.0
 10
182.8404846191406
 20
-499.5897521972656
 30
0.0
 10
182.8404846191406
 20
-499.5897521972656
 30
0.0
 10
181.2837219238281
 20
-529.8043518066406
 30
0.0
 10
182.2377014160156
 20
-562.3988952636719
 30
0.0
 10
187.8240051269531
 20
-592.2173156738281
 30
0.0
 10
192.1701965332031
 20
-615.4164123535156
 30
0.0
 10
201.0979309082031
 20
-642.2270812988281
 30
0.0
 10
210.3578796386719
 20
-663.9093322753906
 30
0.0
 10
213.4537658691406
 20
-662.0829162597656
 30
0.0
 10
221.4075012207031
 20
-658.5365905761719
 30
0.0
 10
225.0396423339844
 20
-656.8397521972656
 30
0.0
 10
237.6463928222656
 20
-683.0610046386719
 30
0.0
 10
252.6000061035156
 20
-707.2104187011719
 30
0.0
 10
270.7641296386719
 20
-729.2863464355469
 30
0.0
 10
288.9089660644531
 20
-751.3387756347656
 30
0.0
 10
309.6718444824219
 20
-770.5353088378906
 30
0.0
 10
333.4064025878906
 20
-787.1506652832031
 30
0.0
 10
336.2775573730469
 20
-782.8546447753906
 30
0.0
 10
338.7378845214844
 20
-779.1734313964844
 30
0.0
 10
341.3989562988281
 20
-775.1918029785156
 30
0.0
 10
347.2808532714844
 20
-778.4972839355469
 30
0.0
 10
352.8509826660156
 20
-781.4386291503906
 30
0.0
 10
358.2377014160156
 20
-784.6846618652344
 30
0.0
 10
399.3988342285156
 20
-809.4875183105469
 30
0.0
 10
451.9224548339844
 20
-827.7213439941406
 30
0.0
 10
499.9777526855469
 20
-833.0157775878906
 30
0.0
 10
499.9777526855469
 20
-833.0157775878906
 30
0.0
 10
499.9777526855469
 20
-816.1051940917969
 30
0.0
 10
499.9777526855469
 20
-816.1051940917969
 30
0.0
 10
518.9372863769531
 20
-815.9568176269531
 30
0.0
 10
545.5296936035156
 20
-816.5161437988281
 30
0.0
 10
564.4067077636719
 20
-815.0716857910156
 30
0.0
 10
599.9065246582031
 20
-812.3551940917969
 30
0.0
 10
638.8573913574219
 20
-800.9020690917969
 30
0.0
 10
671.1747131347656
 20
-785.7466125488281
 30
0.0
 10
671.1830139160156
 20
-785.7427062988281
 30
0.0
 10
671.1903381347656
 20
-785.7403259277344
 30
0.0
 10
671.1986389160156
 20
-785.7365417480469
 30
0.0
 10
668.9915466308594
 20
-781.8757629394531
 30
0.0
 10
664.9570617675781
 20
-774.1125183105469
 30
0.0
 10
663.3928527832031
 20
-770.9955139160156
 30
0.0
 10
689.3901062011719
 20
-757.8342590332031
 30
0.0
 10
713.3327331542969
 20
-742.5003967285156
 30
0.0
 10
735.2107849121094
 20
-724.1491394042969
 30
0.0
 10
757.2082824707031
 20
-705.6974182128906
 30
0.0
 10
776.4366760253906
 20
-684.6933898925781
 30
0.0
 10
792.1408996582031
 20
-660.1177062988281
 30
0.0
 10
787.4560241699219
 20
-657.3249206542969
 30
0.0
 10
783.2304992675781
 20
-654.8059997558594
 30
0.0
 10
778.5487365722656
 20
-652.0151062011719
 30
0.0
 10
809.3274841308594
 20
-603.2267761230469
 30
0.0
 10
829.8306579589844
 20
-557.9681091308594
 30
0.0
 10
832.7410583496094
 20
-499.5897521972656
 30
0.0
  0
HATCH
  5
46
330
41
100
AcDbEntity
  8
Layer 1
 62
   240
420
 15539236
100
AcDbHatch
 10
0.0
 20
0.0
 30
0.0
210
0.0
220
0.0
230
1.0
  2
SOLID
 70
     1
 71
     0
 91
        1
 92
        1
 93
        1
 72
     4
 94
        3
 73
     0
 74
     1
 95
      113
 96
      109
 40
0.0
 40
0.0
 40
0.0
 40
0.0
 40
1.0
 40
1.0
 40
1.0
 40
2.0
 40
2.0
 40
2.0
 40
3.0
 40
3.0
 40
3.0
 40
4.0
 40
4.0
 40
4.0
 40
5.0
 40
5.0
 40
5.0
 40
6.0
 40
6.0
 40
6.0
 40
7.0
 40
7.0
 40
7.0
 40
8.0
 40
8.0
 40
8.0
 40
9.0
 40
9.0
 40
9.0
 40
10.0
 40
10.0
 40
10.0
 40
11.0
 40
11.0
 40
11.0
 40
12.0
 40
12.0
 40
12.0
 40
13.0
 40
13.0
 40
13.0
 40
14.0
 40
14.0
 40
14.0
 40
15.0
 40
15.0
 40
15.0
 40
16.0
 40
16.0
 40
16.0
 40
17.0
 40
17.0
 40
17.0
 40
18.0
 40
18.0
 40
18.0
 40
19.0
 40
19.0
 40
19.0
 40
20.0
 40
20.0
 40
20.0
 40
21.0
 40
21.0
 40
21.0
 40
22.0
 40
22.0
 40
22.0
 40
23.0
 40
23.0
 40
23.0
 40
24.0
 40
24.0
 40
24.0
 40
25.0
 40
25.0
 40
25.0
 40
26.0
 40
26.0
 40
26.0
 40
27.0
 40
27.0
 40
27.0
 40
28.0
 40
28.0
 40
28.0
 40
29.0
 40
29.0
 40
29.0
 40
30.0
 40
30.0
 40
30.0
 40
31.0
 40
31.0
 40
31.0
 40
32.0
 40
32.0
 40
32.0
 40
33.0
 40
33.0
 40
33.0
 40
34.0
 40
34.0
 40
34.0
 40
35.0
 40
35.0
 40
35.0
 40
36.0
 40
36.0
 40
36.0
 40
36.0
 10
832.7410583496094
 20
-499.5897521972656
 10
832.7410583496094
 20
-499.5897521972656
 10
817.5565490722656
 20
-499.3286437988281
 10
817.5565490722656
 20
-499.3286437988281
 10
817.5409851074219
 20
-486.3357238769531
 10
818.1484680175781
 20
-460.9898376464844
 10
817.4286193847656
 20
-448.0260314941406
 10
815.3971862792969
 20
-411.4448547363281
 10
807.8513488769531
 20
-376.0948181152344
 10
792.5870666503906
 20
-342.6076354980469
 10
790.4657897949219
 20
-337.9539489746094
 10
788.1554260253906
 20
-333.3865051269531
 10
785.6541442871094
 20
-328.2021179199219
 10
785.6541442871094
 20
-328.2021179199219
 10
772.5697937011719
 20
-335.9823303222656
 10
772.5697937011719
 20
-335.9823303222656
 10
760.1559753417969
 20
-313.4465637207031
 10
741.1727600097656
 20
-283.4443664550781
 10
724.4125061035156
 20
-263.8887634277344
 10
707.8148498535156
 20
-244.5229187011719
 10
684.5433044433594
 20
-224.2406311035156
 10
663.5057067871094
 20
-209.5987854003906
 10
661.6632385253906
 20
-212.8807678222656
 10
657.1284484863281
 20
-219.3199768066406
 10
655.3169860839844
 20
-222.1022644042969
 10
607.4209289550781
 20
-191.8166198730469
 10
556.6676330566406
 20
-170.6805114746094
 10
499.6615905761719
 20
-166.9842224121094
 10
499.6615905761719
 20
-166.9842224121094
 10
500.1432800292969
 20
-182.3789367675781
 10
500.1432800292969
 20
-182.3789367675781
 10
453.1640319824219
 20
-181.1013488769531
 10
392.1934509277344
 20
-187.1074523925781
 10
348.5622863769531
 20
-205.3569030761719
 10
344.1897888183594
 20
-207.1858215332031
 10
339.9246520996094
 20
-209.2716979980469
 10
335.3097229003906
 20
-211.3750305175781
 10
335.3097229003906
 20
-211.3750305175781
 10
343.6864929199219
 20
-224.3665466308594
 10
343.6864929199219
 20
-224.3665466308594
 10
304.5879211425781
 20
-243.8751525878906
 10
262.8616638183594
 20
-272.0703430175781
 10
233.9833068847656
 20
-305.1951599121094
 10
226.9397888183594
 20
-313.2743835449219
 10
220.5441589355469
 20
-321.9192810058594
 10
213.6096496582031
 20
-330.6059265136719
 10
218.7123718261719
 20
-333.6156311035156
 10
222.8038635253906
 20
-336.0289001464844
 10
226.9849548339844
 20
-338.4949035644531
 10
220.7284851074219
 20
-348.8517150878906
 10
214.4832458496094
 20
-358.6676940917969
 10
208.7497863769531
 20
-368.7744445800781
 10
188.0617980957031
 20
-405.2428894042969
 10
172.3601989746094
 20
-457.8086242675781
 10
167.2589416503906
 20
-499.5897521972656
 10
171.3980407714844
 20
-499.8940734863281
 10
182.8404846191406
 20
-499.5897521972656
 10
182.8404846191406
 20
-499.5897521972656
 10
181.2837219238281
 20
-529.8043518066406
 10
182.2377014160156
 20
-562.3988952636719
 10
187.8240051269531
 20
-592.2173156738281
 10
192.1701965332031
 20
-615.4164123535156
 10
201.0979309082031
 20
-642.2270812988281
 10
210.3578796386719
 20
-663.9093322753906
 10
213.4537658691406
 20
-662.0829162597656
 10
221.4075012207031
 20
-658.5365905761719
 10
225.0396423339844
 20
-656.8397521972656
 10
237.6463928222656
 20
-683.0610046386719
 10
252.6000061035156
 20
-707.2104187011719
 10
270.7641296386719
 20
-729.2863464355469
 10
288.9089660644531
 20
-751.3387756347656
 10
309.6718444824219
 20
-770.5353088378906
 10
333.4064025878906
 20
-787.1506652832031
 10
336.2775573730469
 20
-782.8546447753906
 10
338.7378845214844
 20
-779.1734313964844
 10
341.3989562988281
 20
-775.1918029785156
 10
347.2808532714844
 20
-778.4972839355469
 10
352.8509826660156
 20
-781.4386291503906
 10
358.2377014160156
 20
-784.6846618652344
 10
399.3988342285156
 20
-809.4875183105469
 10
451.9224548339844
 20
-827.7213439941406
 10
499.9777526855469
 20
-833.0157775878906
 10
499.9777526855469
 20
-833.0157775878906
 10
499.9777526855469
 20
-816.1051940917969
 10
499.9777526855469
 20
-816.1051940917969
 10
518.9372863769531
 20
-815.9568176269531
 10
545.5296936035156
 20
-816.5161437988281
 10
564.4067077636719
 20
-815.0716857910156
 10
599.9065246582031
 20
-812.3551940917969
 10
638.8573913574219
 20
-800.9020690917969
 10
671.1747131347656
 20
-785.7466125488281
 10
671.1830139160156
 20
-785.7427062988281
 10
671.1903381347656
 20
-785.7403259277344
 10
671.1986389160156
 20
-785.7365417480469
 10
668.9915466308594
 20
-781.8757629394531
 10
664.9570617675781
 20
-774.1125183105469
 10
663.3928527832031
 20
-770.9955139160156
 10
689.3901062011719
 20
-757.8342590332031
 10
713.3327331542969
 20
-742.5003967285156
 10
735.2107849121094
 20
-724.1491394042969
 10
757.2082824707031
 20
-705.6974182128906
 10
776.4366760253906
 20
-684.6933898925781
 10
792.1408996582031
 20
-660.1177062988281
 10
787.4560241699219
 20
-657.3249206542969
 10
783.2304992675781
 20
-654.8059997558594
 10
778.5487365722656
 20
-652.0151062011719
 10
809.3274841308594
 20
-603.2267761230469
 10
829.8306579589844
 20
-557.9681091308594
 10
832.7410583496094
 20
-499.5897521972656
 97
        0
 97
        0
 75
     2
 76
     1
 98
        0
  0
SPLINE
  5
47
330
41
100
AcDbEntity
  8
Layer 1
370
     0
100
AcDbSpline
210
0.0
220
0.0
230
1.0
 70
    11
 71
     3
 72
   113
 73
   109
 74
     0
 42
0.0000000001
 43
0.0000000001
 12
1.0
 22
0.0
 32
0.0
 13
1.0
 23
0.0
 33
0.0
 40
0.0
 40
0.0
 40
0.0
 40
0.0
 40
1.0
 40
1.0
 40
1.0
 40
2.0
 40
2.0
 40
2.0
 40
3.0
 40
3.0
 40
3.0
 40
4.0
 40
4.0
 40
4.0
 40
5.0
 40
5.0
 40
5.0
 40
6.0
 40
6.0
 40
6.0
 40
7.0
 40
7.0
 40
7.0
 40
8.0
 40
8.0
 40
8.0
 40
9.0
 40
9.0
 40
9.0
 40
10.0
 40
10.0
 40
10.0
 40
11.0
 40
11.0
 40
11.0
 40
12.0
 40
12.0
 40
12.0
 40
13.0
 40
13.0
 40
13.0
 40
14.0
 40
14.0
 40
14.0
 40
15.0
 40
15.0
 40
15.0
 40
16.0
 40
16.0
 40
16.0
 40
17.0
 40
17.0
 40
17.0
 40
18.0
 40
18.0
 40
18.0
 40
19.0
 40
19.0
 40
19.0
 40
20.0
 40
20.0
 40
20.0
 40
21.0
 40
21.0
 40
21.0
 40
22.0
 40
22.0
 40
22.0
 40
23.0
 40
23.0
 40
23.0
 40
24.0
 40
24.0
 40
24.0
 40
25.0
 40
25.0
 40
25.0
 40
26.0
 40
26.0
 40
26.0
 40
27.0
 40
27.0
 40
27.0
 40
28.0
 40
28.0
 40
28.0
 40
29.0
 40
29.0
 40
29.0
 40
30.0
 40
30.0
 40
30.0
 40
31.0
 40
31.0
 40
31.0
 40
32.0
 40
32.0
 40
32.0
 40
33.0
 40
33.0
 40
33.0
 40
34.0
 40
34.0
 40
34.0
 40
35.0
 40
35.0
 40
35.0
 40
36.0
 40
36.0
 40
36.0
 40
36.0
 10
832.7410583496094
 20
-499.5897521972656
 30
0.0
 10
832.7410583496094
 20
-499.5897521972656
 30
0.0
 10
817.5565490722656
 20
-499.3286437988281
 30
0.0
 10
817.5565490722656
 20
-499.3286437988281
 30
0.0
 10
817.5409851074219
 20
-486.3357238769531
 30
0.0
 10
818.1484680175781
 20
-460.9898376464844
 30
0.0
 10
817.4286193847656
 20
-448.0260314941406
 30
0.0
 10
815.3971862792969
 20
-411.4448547363281
 30
0.0
 10
807.8513488769531
 20
-376.0948181152344
 30
0.0
 10
792.5870666503906
 20
-342.6076354980469
 30
0.0
 10
790.4657897949219
 20
-337.9539489746094
 30
0.0
 10
788.1554260253906
 20
-333.3865051269531
 30
0.0
 10
785.6541442871094
 20
-328.2021179199219
 30
0.0
 10
785.6541442871094
 20
-328.2021179199219
 30
0.0
 10
772.5697937011719
 20
-335.9823303222656
 30
0.0
 10
772.5697937011719
 20
-335.9823303222656
 30
0.0
 10
760.1559753417969
 20
-313.4465637207031
 30
0.0
 10
741.1727600097656
 20
-283.4443664550781
 30
0.0
 10
724.4125061035156
 20
-263.8887634277344
 30
0.0
 10
707.8148498535156
 20
-244.5229187011719
 30
0.0
 10
684.5433044433594
 20
-224.2406311035156
 30
0.0
 10
663.5057067871094
 20
-209.5987854003906
 30
0.0
 10
661.6632385253906
 20
-212.8807678222656
 30
0.0
 10
657.1284484863281
 20
-219.3199768066406
 30
0.0
 10
655.3169860839844
 20
-222.1022644042969
 30
0.0
 10
607.4209289550781
 20
-191.8166198730469
 30
0.0
 10
556.6676330566406
 20
-170.6805114746094
 30
0.0
 10
499.6615905761719
 20
-166.9842224121094
 30
0.0
 10
499.6615905761719
 20
-166.9842224121094
 30
0.0
 10
500.1432800292969
 20
-182.3789367675781
 30
0.0
 10
500.1432800292969
 20
-182.3789367675781
 30
0.0
 10
453.1640319824219
 20
-181.1013488769531
 30
0.0
 10
392.1934509277344
 20
-187.1074523925781
 30
0.0
 10
348.5622863769531
 20
-205.3569030761719
 30
0.0
 10
344.1897888183594
 20
-207.1858215332031
 30
0.0
 10
339.9246520996094
 20
-209.2716979980469
 30
0.0
 10
335.3097229003906
 20
-211.3750305175781
 30
0.0
 10
335.3097229003906
 20
-211.3750305175781
 30
0.0
 10
343.6864929199219
 20
-224.3665466308594
 30
0.0
 10
343.6864929199219
 20
-224.3665466308594
 30
0.0
 10
304.5879211425781
 20
-243.8751525878906
 30
0.0
 10
262.8616638183594
 20
-272.0703430175781
 30
0.0
 10
233.9833068847656
 20
-305.1951599121094
 30
0.0
 10
226.9397888183594
 20
-313.2743835449219
 30
0.0
 10
220.5441589355469
 20
-321.9192810058594
 30
0.0
 10
213.6096496582031
 20
-330.6059265136719
 30
0.0
 10
218.7123718261719
 20
-333.6156311035156
 30
0.0
 10
222.8038635253906
 20
-336.0289001464844
 30
0.0
 10
226.9849548339844
 20
-338.4949035644531
 30
0.0
 10
220.7284851074219
 20
-348.8517150878906
 30
0.0
 10
214.4832458496094
 20
-358.6676940917969
 30
0.0
 10
208.7497863769531
 20
-368.7744445800781
 30
0.0
 10
188.0617980957031
 20
-405.2428894042969
 30
0.0
 10
172.3601989746094
 20
-457.8086242675781
 30
0.0
 10
167.2589416503906
 20
-499.5897521972656
 30
0.0
 10
171.3980407714844
 20
-499.8940734863281
 30
0.0
 10
182.8404846191406
 20
-499.5897521972656
 30
0.0
 10
182.8404846191406
 20
-499.5897521972656
 30
0.0
 10
181.2837219238281
 20
-529.8043518066406
 30
0.0
 10
182.2377014160156
 20
-562.3988952636719
 30
0.0
 10
187.8240051269531
 20
-592.2173156738281
 30
0.0
 10
192.1701965332031
 20
-615.4164123535156
 30
0.0
 10
201.0979309082031
 20
-642.2270812988281
 30
0.0
 10
210.3578796386719
 20
-663.9093322753906
 30
0.0
 10
213.4537658691406
 20
-662.0829162597656
 30
0.0
 10
221.4075012207031
 20
-658.5365905761719
 30
0.0
 10
225.0396423339844
 20
-656.8397521972656
 30
0.0
 10
237.6463928222656
 20
-683.0610046386719
 30
0.0
 10
252.6000061035156
 20
-707.2104187011719
 30
0.0
 10
270.7641296386719
 20
-729.2863464355469
 30
0.0
 10
288.9089660644531
 20
-751.3387756347656
 30
0.0
 10
309.6718444824219
 20
-770.5353088378906
 30
0.0
 10
333.4064025878906
 20
-787.1506652832031
 30
0.0
 10
336.2775573730469
 20
-782.8546447753906
 30
0.0
 10
338.7378845214844
 20
-779.1734313964844
 30
0.0
 10
341.3989562988281
 20
-775.1918029785156
 30
0.0
 10
347.2808532714844
 20
-778.4972839355469
 30
0.0
 10
352.8509826660156
 20
-781.4386291503906
 30
0.0
 10
358.2377014160156
 20
-784.6846618652344
 30
0.0
 10
399.3988342285156
 20
-809.4875183105469
 30
0.0
 10
451.9224548339844
 20
-827.7213439941406
 30
0.0
 10
499.9777526855469
 20
-833.0157775878906
 30
0.0
 10
499.9777526855469
 20
-833.0157775878906
 30
0.0
 10
499.9777526855469
 20
-816.1051940917969
 30
0.0
 10
499.9777526855469
 20
-816.1051940917969
 30
0.0
 10
518.9372863769531
 20
-815.9568176269531
 30
0.0
 10
545.5296936035156
 20
-816.5161437988281
 30
0.0
 10
564.4067077636719
 20
-815.0716857910156
 30
0.0
 10
599.9065246582031
 20
-812.3551940917969
 30
0.0
 10
638.8573913574219
 20
-800.9020690917969
 30
0.0
 10
671.1747131347656
 20
-785.7466125488281
 30
0.0
 10
671.1830139160156
 20
-785.7427062988281
 30
0.0
 10
671.1903381347656
 20
-785.7403259277344
 30
0.0
 10
671.1986389160156
 20
-785.7365417480469
 30
0.0
 10
668.9915466308594
 20
-781.8757629394531
 30
0.0
 10
664.9570617675781
 20
-774.1125183105469
 30
0.0
 10
663.3928527832031
 20
-770.9955139160156
 30
0.0
 10
689.3901062011719
 20
-757.8342590332031
 30
0.0
 10
713.3327331542969
 20
-742.5003967285156
 30
0.0
 10
735.2107849121094
 20
-724.1491394042969
 30
0.0
 10
757.2082824707031
 20
-705.6974182128906
 30
0.0
 10
776.4366760253906
 20
-684.6933898925781
 30
0.0
 10
792.1408996582031
 20
-660.1177062988281
 30
0.0
 10
787.4560241699219
 20
-657.3249206542969
 30
0.0
 10
783.2304992675781
 20
-654.8059997558594
 30
0.0
 10
778.5487365722656
 20
-652.0151062011719
 30
0.0
 10
809.3274841308594
 20
-603.2267761230469
 30
0.0
 10
829.8306579589844
 20
-557.9681091308594
 30
0.0
 10
832.7410583496094
 20
-499.5897521972656
 30
0.0
  0
SPLINE
  5
48
330
41
100
AcDbEntity
  8
Layer 1
370
     0
100
AcDbSpline
210
0.0
220
0.0
230
1.0
 70
    11
 71
     3
 72
    80
 73
    76
 74
     0
 42
0.0000000001
 43
0.0000000001
 12
1.0
 22
0.0
 32
0.0
 13
1.0
 23
0.0
 33
0.0
 40
0.0
 40
0.0
 40
0.0
 40
0.0
 40
1.0
 40
1.0
 40
1.0
 40
2.0
 40
2.0
 40
2.0
 40
3.0
 40
3.0
 40
3.0
 40
4.0
 40
4.0
 40
4.0
 40
5.0
 40
5.0
 40
5.0
 40
6.0
 40
6.0
 40
6.0
 40
7.0
 40
7.0
 40
7.0
 40
8.0
 40
8.0
 40
8.0
 40
9.0
 40
9.0
 40
9.0
 40
10.0
 40
10.0
 40
10.0
 40
11.0
 40
11.0
 40
11.0
 40
12.0
 40
12.0
 40
12.0
 40
13.0
 40
13.0
 40
13.0
 40
14.0
 40
14.0
 40
14.0
 40
15.0
 40
15.0
 40
15.0
 40
16.0
 40
16.0
 40
16.0
 40
17.0
 40
17.0
 40
17.0
 40
18.0
 40
18.0
 40
18.0
 40
19.0
 40
19.0
 40
19.0
 40
20.0
 40
20.0
 40
20.0
 40
21.0
 40
21.0
 40
21.0
 40
22.0
 40
22.0
 40
22.0
 40
23.0
 40
23.0
 40
23.0
 40
24.0
 40
24.0
 40
24.0
 40
25.0
 40
25.0
 40
25.0
 40
25.0
 10
710.2677307128906
 20
-396.5497131347656
 30
0.0
 10
715.2277526855469
 20
-391.3597106933594
 30
0.0
 10
719.3777770996094
 20
-386.5997619628906
 30
0.0
 10
722.7477722167969
 20
-382.2697448730469
 30
0.0
 10
724.6777648925781
 20
-379.7097473144531
 30
0.0
 10
725.9577331542969
 20
-377.5697326660156
 30
0.0
 10
726.5877380371094
 20
-375.8597106933594
 30
0.0
 10
727.0477600097656
 20
-374.6697082519531
 30
0.0
 10
727.2677307128906
 20
-373.4397277832031
 30
0.0
 10
727.2677307128906
 20
-372.1897277832031
 30
0.0
 10
727.2677307128906
 20
-370.5397644042969
 30
0.0
 10
726.8977355957031
 20
-369.0997619628906
 30
0.0
 10
726.1577453613281
 20
-367.8697204589844
 30
0.0
 10
725.4977722167969
 20
-366.7797546386719
 30
0.0
 10
724.4977722167969
 20
-365.8297424316406
 30
0.0
 10
723.1477355957031
 20
-365.0297546386719
 30
0.0
 10
723.1477355957031
 20
-365.0297546386719
 30
0.0
 10
758.2677307128906
 20
-344.8497619628906
 30
0.0
 10
758.2677307128906
 20
-344.8497619628906
 30
0.0
 10
761.8877258300781
 20
-347.2297668457031
 30
0.0
 10
764.6577453613281
 20
-349.9497375488281
 30
0.0
 10
766.5677795410156
 20
-353.0097351074219
 30
0.0
 10
768.7377624511719
 20
-356.4497375488281
 30
0.0
 10
769.8177795410156
 20
-360.1697082519531
 30
0.0
 10
769.8177795410156
 20
-364.1597595214844
 30
0.0
 10
769.8177795410156
 20
-366.7797546386719
 30
0.0
 10
769.5077819824219
 20
-369.3697204589844
 30
0.0
 10
768.8777770996094
 20
-371.9297180175781
 30
0.0
 10
768.2477722167969
 20
-374.3797302246094
 30
0.0
 10
767.0877380371094
 20
-377.2597351074219
 30
0.0
 10
765.3777770996094
 20
-380.5597229003906
 30
0.0
 10
763.2077331542969
 20
-384.6597595214844
 30
0.0
 10
760.5377502441406
 20
-388.6997375488281
 30
0.0
 10
757.3477478027344
 20
-392.6897277832031
 30
0.0
 10
752.6177673339844
 20
-398.6697082519531
 30
0.0
 10
747.1477355957031
 20
-404.8497619628906
 30
0.0
 10
740.9377746582031
 20
-411.2297668457031
 30
0.0
 10
735.0177307128906
 20
-417.2697448730469
 30
0.0
 10
727.8977355957031
 20
-424.0397644042969
 30
0.0
 10
719.5877380371094
 20
-431.5597229003906
 30
0.0
 10
719.5877380371094
 20
-431.5597229003906
 30
0.0
 10
728.9777526855469
 20
-431.6497497558594
 30
0.0
 10
728.9777526855469
 20
-431.6497497558594
 30
0.0
 10
731.1977233886719
 20
-431.6497497558594
 30
0.0
 10
735.5977478027344
 20
-431.5897521972656
 30
0.0
 10
742.1777648925781
 20
-431.4797668457031
 30
0.0
 10
748.7577819824219
 20
-431.3597106933594
 30
0.0
 10
753.3277282714844
 20
-431.2497253417969
 30
0.0
 10
755.8877258300781
 20
-431.1397399902344
 30
0.0
 10
758.4577331542969
 20
-431.0197448730469
 30
0.0
 10
761.6177673339844
 20
-430.7697448730469
 30
0.0
 10
765.3777770996094
 20
-430.3697204589844
 30
0.0
 10
765.2077331542969
 20
-433.0997619628906
 30
0.0
 10
764.9377746582031
 20
-436.5197448730469
 30
0.0
 10
764.5677795410156
 20
-440.6197204589844
 30
0.0
 10
764.1977233886719
 20
-444.7197570800781
 30
0.0
 10
763.8077697753906
 20
-449.7297668457031
 30
0.0
 10
763.4077453613281
 20
-455.6597595214844
 30
0.0
 10
749.2277526855469
 20
-455.5397644042969
 30
0.0
 10
734.3877258300781
 20
-455.4797668457031
 30
0.0
 10
718.8977355957031
 20
-455.4797668457031
 30
0.0
 10
700.2177429199219
 20
-455.4797668457031
 30
0.0
 10
684.4077453613281
 20
-455.5397644042969
 30
0.0
 10
671.4877624511719
 20
-455.6597595214844
 30
0.0
 10
671.7077331542969
 20
-452.9797668457031
 30
0.0
 10
671.8977355957031
 20
-449.4397277832031
 30
0.0
 10
672.0377502441406
 20
-445.0297546386719
 30
0.0
 10
672.1777648925781
 20
-440.6197204589844
 30
0.0
 10
672.3677673339844
 20
-436.1097106933594
 30
0.0
 10
672.5977478027344
 20
-431.4997253417969
 30
0.0
 10
678.5177307128906
 20
-426.6597595214844
 30
0.0
 10
683.9577331542969
 20
-421.9597473144531
 30
0.0
 10
688.9077453613281
 20
-417.3997497558594
 30
0.0
 10
696.9477233886719
 20
-409.9897155761719
 30
0.0
 10
704.0577697753906
 20
-403.0397644042969
 30
0.0
 10
710.2677307128906
 20
-396.5497131347656
 30
0.0
  0
SPLINE
  5
49
330
41
100
AcDbEntity
  8
Layer 1
370
     0
100
AcDbSpline
210
0.0
220
0.0
230
1.0
 70
    11
 71
     3
 72
    95
 73
    91
 74
     0
 42
0.0000000001
 43
0.0000000001
 12
1.0
 22
0.0
 32
0.0
 13
1.0
 23
0.0
 33
0.0
 40
0.0
 40
0.0
 40
0.0
 40
0.0
 40
1.0
 40
1.0
 40
1.0
 40
2.0
 40
2.0
 40
2.0
 40
3.0
 40
3.0
 40
3.0
 40
4.0
 40
4.0
 40
4.0
 40
5.0
 40
5.0
 40
5.0
 40
6.0
 40
6.0
 40
6.0
 40
7.0
 40
7.0
 40
7.0
 40
8.0
 40
8.0
 40
8.0
 40
9.0
 40
9.0
 40
9.0
 40
10.0
 40
10.0
 40
10.0
 40
11.0
 40
11.0
 40
11.0
 40
12.0
 40
12.0
 40
12.0
 40
13.0
 40
13.0
 40
13.0
 40
14.0
 40
14.0
 40
14.0
 40
15.0
 40
15.0
 40
15.0
 40
16.0
 40
16.0
 40
16.0
 40
17.0
 40
17.0
 40
17.0
 40
18.0
 40
18.0
 40
18.0
 40
19.0
 40
19.0
 40
19.0
 40
20.0
 40
20.0
 40
20.0
 40
21.0
 40
21.0
 40
21.0
 40
22.0
 40
22.0
 40
22.0
 40
23.0
 40
23.0
 40
23.0
 40
24.0
 40
24.0
 40
24.0
 40
25.0
 40
25.0
 40
25.0
 40
26.0
 40
26.0
 40
26.0
 40
27.0
 40
27.0
 40
27.0
 40
28.0
 40
28.0
 40
28.0
 40
29.0
 40
29.0
 40
29.0
 40
30.0
 40
30.0
 40
30.0
 40
30.0
 10
350.1177673339844
 20
-228.8397521972656
 30
0.0
 10
353.0177307128906
 20
-227.1897277832031
 30
0.0
 10
356.2977600097656
 20
-225.2197570800781
 30
0.0
 10
359.9577331542969
 20
-222.9397277832031
 30
0.0
 10
363.6277770996094
 20
-220.6597595214844
 30
0.0
 10
365.8677673339844
 20
-219.2297668457031
 30
0.0
 10
366.6977233886719
 20
-218.6297302246094
 30
0.0
 10
367.5177307128906
 20
-218.0297546386719
 30
0.0
 10
368.7577819824219
 20
-217.0797424316406
 30
0.0
 10
370.4077453613281
 20
-215.7597351074219
 30
0.0
 10
375.4777526855469
 20
-215.8797302246094
 30
0.0
 10
381.3277282714844
 20
-215.9397277832031
 30
0.0
 10
387.9377746582031
 20
-215.9397277832031
 30
0.0
 10
394.2177429199219
 20
-215.9397277832031
 30
0.0
 10
400.6277770996094
 20
-215.8797302246094
 30
0.0
 10
407.1877746582031
 20
-215.7597351074219
 30
0.0
 10
407.1877746582031
 20
-215.7597351074219
 30
0.0
 10
405.4777526855469
 20
-234.8197326660156
 30
0.0
 10
405.4777526855469
 20
-234.8197326660156
 30
0.0
 10
405.4777526855469
 20
-234.8197326660156
 30
0.0
 10
401.7977600097656
 20
-298.0397644042969
 30
0.0
 10
401.7977600097656
 20
-298.0397644042969
 30
0.0
 10
401.7977600097656
 20
-298.0397644042969
 30
0.0
 10
400.9477233886719
 20
-320.9297180175781
 30
0.0
 10
400.9477233886719
 20
-320.9297180175781
 30
0.0
 10
400.9477233886719
 20
-320.9297180175781
 30
0.0
 10
399.5477600097656
 20
-318.5797424316406
 30
0.0
 10
399.5477600097656
 20
-318.5797424316406
 30
0.0
 10
399.5477600097656
 20
-318.5797424316406
 30
0.0
 10
398.1977233886719
 20
-316.3197326660156
 30
0.0
 10
398.1977233886719
 20
-316.3197326660156
 30
0.0
 10
398.1977233886719
 20
-316.3197326660156
 30
0.0
 10
397.5277404785156
 20
-315.1797180175781
 30
0.0
 10
397.5277404785156
 20
-315.1797180175781
 30
0.0
 10
397.5277404785156
 20
-315.1797180175781
 30
0.0
 10
388.8777770996094
 20
-300.6797180175781
 30
0.0
 10
388.8777770996094
 20
-300.6797180175781
 30
0.0
 10
388.8777770996094
 20
-300.6797180175781
 30
0.0
 10
386.6977233886719
 20
-297.0197448730469
 30
0.0
 10
386.6977233886719
 20
-297.0197448730469
 30
0.0
 10
386.6977233886719
 20
-297.0197448730469
 30
0.0
 10
384.1077575683594
 20
-292.6597595214844
 30
0.0
 10
384.1077575683594
 20
-292.6597595214844
 30
0.0
 10
384.1077575683594
 20
-292.6597595214844
 30
0.0
 10
382.7977600097656
 20
-290.4597473144531
 30
0.0
 10
382.7977600097656
 20
-290.4597473144531
 30
0.0
 10
382.7977600097656
 20
-290.4597473144531
 30
0.0
 10
376.1577453613281
 20
-279.3197326660156
 30
0.0
 10
376.1577453613281
 20
-279.3197326660156
 30
0.0
 10
376.1577453613281
 20
-279.3197326660156
 30
0.0
 10
372.8577575683594
 20
-273.7897644042969
 30
0.0
 10
372.8577575683594
 20
-273.7897644042969
 30
0.0
 10
372.8577575683594
 20
-273.7897644042969
 30
0.0
 10
371.1477355957031
 20
-270.9097595214844
 30
0.0
 10
371.1477355957031
 20
-270.9097595214844
 30
0.0
 10
371.1477355957031
 20
-270.9097595214844
 30
0.0
 10
368.6677551269531
 20
-266.7397155761719
 30
0.0
 10
368.6677551269531
 20
-266.7397155761719
 30
0.0
 10
368.6677551269531
 20
-266.7397155761719
 30
0.0
 10
367.2377624511719
 20
-264.3397521972656
 30
0.0
 10
367.2377624511719
 20
-264.3397521972656
 30
0.0
 10
367.5677795410156
 20
-257.2397155761719
 30
0.0
 10
367.7677307128906
 20
-251.5597229003906
 30
0.0
 10
367.8577575683594
 20
-247.2897644042969
 30
0.0
 10
365.7577819824219
 20
-248.5997619628906
 30
0.0
 10
363.7077331542969
 20
-249.8997497558594
 30
0.0
 10
361.7177429199219
 20
-251.1797180175781
 30
0.0
 10
361.2777404785156
 20
-251.4597473144531
 30
0.0
 10
360.7277526855469
 20
-251.8297424316406
 30
0.0
 10
360.0577697753906
 20
-252.2897644042969
 30
0.0
 10
360.0577697753906
 20
-252.2897644042969
 30
0.0
 10
358.0077819824219
 20
-248.8597106933594
 30
0.0
 10
358.0077819824219
 20
-248.8597106933594
 30
0.0
 10
358.0077819824219
 20
-248.8597106933594
 30
0.0
 10
356.6577453613281
 20
-246.5897521972656
 30
0.0
 10
356.6577453613281
 20
-246.5897521972656
 30
0.0
 10
356.6577453613281
 20
-246.5897521972656
 30
0.0
 10
353.0977478027344
 20
-240.5997619628906
 30
0.0
 10
353.0977478027344
 20
-240.5997619628906
 30
0.0
 10
353.0977478027344
 20
-240.5997619628906
 30
0.0
 10
352.0277404785156
 20
-238.8097229003906
 30
0.0
 10
352.0277404785156
 20
-238.8097229003906
 30
0.0
 10
352.0277404785156
 20
-238.8097229003906
 30
0.0
 10
350.5777282714844
 20
-236.3697204589844
 30
0.0
 10
350.5777282714844
 20
-236.3697204589844
 30
0.0
 10
350.5777282714844
 20
-236.3697204589844
 30
0.0
 10
349.9877624511719
 20
-235.3797302246094
 30
0.0
 10
349.9877624511719
 20
-235.3797302246094
 30
0.0
 10
350.0777282714844
 20
-232.6897277832031
 30
0.0
 10
350.1177673339844
 20
-230.5097351074219
 30
0.0
 10
350.1177673339844
 20
-228.8397521972656
 30
0.0
  0
SPLINE
  5
4A
330
41
100
AcDbEntity
  8
Layer 1
370
     0
100
AcDbSpline
210
0.0
220
0.0
230
1.0
 70
    11
 71
     3
 72
    95
 73
    91
 74
     0
 42
0.0000000001
 43
0.0000000001
 12
1.0
 22
0.0
 32
0.0
 13
1.0
 23
0.0
 33
0.0
 40
0.0
 40
0.0
 40
0.0
 40
0.0
 40
1.0
 40
1.0
 40
1.0
 40
2.0
 40
2.0
 40
2.0
 40
3.0
 40
3.0
 40
3.0
 40
4.0
 40
4.0
 40
4.0
 40
5.0
 40
5.0
 40
5.0
 40
6.0
 40
6.0
 40
6.0
 40
7.0
 40
7.0
 40
7.0
 40
8.0
 40
8.0
 40
8.0
 40
9.0
 40
9.0
 40
9.0
 40
10.0
 40
10.0
 40
10.0
 40
11.0
 40
11.0
 40
11.0
 40
12.0
 40
12.0
 40
12.0
 40
13.0
 40
13.0
 40
13.0
 40
14.0
 40
14.0
 40
14.0
 40
15.0
 40
15.0
 40
15.0
 40
16.0
 40
16.0
 40
16.0
 40
17.0
 40
17.0
 40
17.0
 40
18.0
 40
18.0
 40
18.0
 40
19.0
 40
19.0
 40
19.0
 40
20.0
 40
20.0
 40
20.0
 40
21.0
 40
21.0
 40
21.0
 40
22.0
 40
22.0
 40
22.0
 40
23.0
 40
23.0
 40
23.0
 40
24.0
 40
24.0
 40
24.0
 40
25.0
 40
25.0
 40
25.0
 40
26.0
 40
26.0
 40
26.0
 40
27.0
 40
27.0
 40
27.0
 40
28.0
 40
28.0
 40
28.0
 40
29.0
 40
29.0
 40
29.0
 40
30.0
 40
30.0
 40
30.0
 40
30.0
 10
305.9977722167969
 20
-328.4697570800781
 30
0.0
 10
310.5477600097656
 20
-322.7197570800781
 30
0.0
 10
316.2777404785156
 20
-318.4597473144531
 30
0.0
 10
323.1677551269531
 20
-315.6997375488281
 30
0.0
 10
330.0577697753906
 20
-312.9397277832031
 30
0.0
 10
337.3477478027344
 20
-311.5597229003906
 30
0.0
 10
345.0377502441406
 20
-311.5597229003906
 30
0.0
 10
354.2077331542969
 20
-311.5597229003906
 30
0.0
 10
362.4777526855469
 20
-313.3497619628906
 30
0.0
 10
369.8577575683594
 20
-316.9397277832031
 30
0.0
 10
377.2277526855469
 20
-320.5297546386719
 30
0.0
 10
382.9877624511719
 20
-326.6597595214844
 30
0.0
 10
387.1177673339844
 20
-335.3497619628906
 30
0.0
 10
391.2377624511719
 20
-344.0397644042969
 30
0.0
 10
393.3077697753906
 20
-354.2697448730469
 30
0.0
 10
393.3077697753906
 20
-366.0597229003906
 30
0.0
 10
393.3077697753906
 20
-375.2897644042969
 30
0.0
 10
392.0377502441406
 20
-384.4297180175781
 30
0.0
 10
389.5077819824219
 20
-393.4897155761719
 30
0.0
 10
386.9677429199219
 20
-402.5397644042969
 30
0.0
 10
383.5277404785156
 20
-409.8197326660156
 30
0.0
 10
379.1677551269531
 20
-415.3197326660156
 30
0.0
 10
376.0477600097656
 20
-419.2397155761719
 30
0.0
 10
372.2277526855469
 20
-422.5397644042969
 30
0.0
 10
367.7077331542969
 20
-425.1997375488281
 30
0.0
 10
367.7077331542969
 20
-425.1997375488281
 30
0.0
 10
338.8377380371094
 20
-407.3897399902344
 30
0.0
 10
338.8377380371094
 20
-407.3897399902344
 30
0.0
 10
339.3877258300781
 20
-407.4597473144531
 30
0.0
 10
339.9377746582031
 20
-407.4997253417969
 30
0.0
 10
340.5077819824219
 20
-407.4997253417969
 30
0.0
 10
342.2177429199219
 20
-407.4997253417969
 30
0.0
 10
343.8877258300781
 20
-407.1297302246094
 30
0.0
 10
345.5077819824219
 20
-406.3897399902344
 30
0.0
 10
347.1277770996094
 20
-405.6497497558594
 30
0.0
 10
348.8377380371094
 20
-404.1697082519531
 30
0.0
 10
350.6277770996094
 20
-401.9397277832031
 30
0.0
 10
352.4277648925781
 20
-399.7197570800781
 30
0.0
 10
354.0077819824219
 20
-396.5297546386719
 30
0.0
 10
355.3777770996094
 20
-392.3797302246094
 30
0.0
 10
356.7377624511719
 20
-388.2197570800781
 30
0.0
 10
357.7377624511719
 20
-383.8797302246094
 30
0.0
 10
358.3677673339844
 20
-379.3497619628906
 30
0.0
 10
358.9877624511719
 20
-374.8197326660156
 30
0.0
 10
359.3077697753906
 20
-370.2197570800781
 30
0.0
 10
359.3077697753906
 20
-365.5497131347656
 30
0.0
 10
359.3077697753906
 20
-355.8697204589844
 30
0.0
 10
357.9677429199219
 20
-348.6597595214844
 30
0.0
 10
355.2877502441406
 20
-343.9297180175781
 30
0.0
 10
352.6077575683594
 20
-339.2097473144531
 30
0.0
 10
348.9977722167969
 20
-336.8397521972656
 30
0.0
 10
344.4377746582031
 20
-336.8397521972656
 30
0.0
 10
341.7577819824219
 20
-336.8397521972656
 30
0.0
 10
339.3677673339844
 20
-337.6397399902344
 30
0.0
 10
337.2577819824219
 20
-339.2397155761719
 30
0.0
 10
334.6977233886719
 20
-341.1697082519531
 30
0.0
 10
332.6777648925781
 20
-343.8197326660156
 30
0.0
 10
331.1977233886719
 20
-347.1797180175781
 30
0.0
 10
329.3777770996094
 20
-351.2297668457031
 30
0.0
 10
328.0077819824219
 20
-355.8697204589844
 30
0.0
 10
327.0977478027344
 20
-361.1097106933594
 30
0.0
 10
326.0677795410156
 20
-366.8597106933594
 30
0.0
 10
325.5577697753906
 20
-373.1797180175781
 30
0.0
 10
325.5577697753906
 20
-380.0697326660156
 30
0.0
 10
325.5577697753906
 20
-386.1097106933594
 30
0.0
 10
326.1277770996094
 20
-391.1097106933594
 30
0.0
 10
327.2677307128906
 20
-395.0697326660156
 30
0.0
 10
328.1177673339844
 20
-398.0297546386719
 30
0.0
 10
329.2877502441406
 20
-400.4797668457031
 30
0.0
 10
330.7977600097656
 20
-402.4297180175781
 30
0.0
 10
330.7977600097656
 20
-402.4297180175781
 30
0.0
 10
312.9177551269531
 20
-391.3997497558594
 30
0.0
 10
312.9177551269531
 20
-391.3997497558594
 30
0.0
 10
312.9177551269531
 20
-391.3997497558594
 30
0.0
 10
310.6777648925781
 20
-390.0197448730469
 30
0.0
 10
310.6777648925781
 20
-390.0197448730469
 30
0.0
 10
310.6777648925781
 20
-390.0197448730469
 30
0.0
 10
309.5477600097656
 20
-389.3197326660156
 30
0.0
 10
309.5477600097656
 20
-389.3197326660156
 30
0.0
 10
309.5477600097656
 20
-389.3197326660156
 30
0.0
 10
295.1877746582031
 20
-380.4597473144531
 30
0.0
 10
295.1877746582031
 20
-380.4597473144531
 30
0.0
 10
295.1877746582031
 20
-380.4597473144531
 30
0.0
 10
291.5577697753906
 20
-378.2197570800781
 30
0.0
 10
291.5577697753906
 20
-378.2197570800781
 30
0.0
 10
291.5977478027344
 20
-368.9097595214844
 30
0.0
 10
292.8577575683594
 20
-359.7497253417969
 30
0.0
 10
295.3577575683594
 20
-350.7697448730469
 30
0.0
 10
297.8877258300781
 20
-341.6597595214844
 30
0.0
 10
301.4377746582031
 20
-334.2197570800781
 30
0.0
 10
305.9977722167969
 20
-328.4697570800781
 30
0.0
  0
SPLINE
  5
4B
330
41
100
AcDbEntity
  8
Layer 1
370
     0
100
AcDbSpline
210
0.0
220
0.0
230
1.0
 70
    11
 71
     3
 72
    65
 73
    61
 74
     0
 42
0.0000000001
 43
0.0000000001
 12
1.0
 22
0.0
 32
0.0
 13
1.0
 23
0.0
 33
0.0
 40
0.0
 40
0.0
 40
0.0
 40
0.0
 40
1.0
 40
1.0
 40
1.0
 40
2.0
 40
2.0
 40
2.0
 40
3.0
 40
3.0
 40
3.0
 40
4.0
 40
4.0
 40
4.0
 40
5.0
 40
5.0
 40
5.0
 40
6.0
 40
6.0
 40
6.0
 40
7.0
 40
7.0
 40
7.0
 40
8.0
 40
8.0
 40
8.0
 40
9.0
 40
9.0
 40
9.0
 40
10.0
 40
10.0
 40
10.0
 40
11.0
 40
11.0
 40
11.0
 40
12.0
 40
12.0
 40
12.0
 40
13.0
 40
13.0
 40
13.0
 40
14.0
 40
14.0
 40
14.0
 40
15.0
 40
15.0
 40
15.0
 40
16.0
 40
16.0
 40
16.0
 40
17.0
 40
17.0
 40
17.0
 40
18.0
 40
18.0
 40
18.0
 40
19.0
 40
19.0
 40
19.0
 40
20.0
 40
20.0
 40
20.0
 40
20.0
 10
234.0577697753906
 20
-339.3397521972656
 30
0.0
 10
234.3377380371094
 20
-332.8197326660156
 30
0.0
 10
234.4777526855469
 20
-328.0197448730469
 30
0.0
 10
234.4777526855469
 20
-324.9397277832031
 30
0.0
 10
237.3777770996094
 20
-323.2897644042969
 30
0.0
 10
240.6577453613281
 20
-321.3297424316406
 30
0.0
 10
244.3277282714844
 20
-319.0497131347656
 30
0.0
 10
247.9877624511719
 20
-316.7697448730469
 30
0.0
 10
250.2377624511719
 20
-315.3297424316406
 30
0.0
 10
251.0577697753906
 20
-314.7297668457031
 30
0.0
 10
251.8777770996094
 20
-314.1297302246094
 30
0.0
 10
253.1177673339844
 20
-313.1797180175781
 30
0.0
 10
254.7677307128906
 20
-311.8697204589844
 30
0.0
 10
259.8477478027344
 20
-311.9797668457031
 30
0.0
 10
265.6877746582031
 20
-312.0397644042969
 30
0.0
 10
272.3077697753906
 20
-312.0397644042969
 30
0.0
 10
278.5777282714844
 20
-312.0397644042969
 30
0.0
 10
284.9977722167969
 20
-311.9797668457031
 30
0.0
 10
291.5577697753906
 20
-311.8697204589844
 30
0.0
 10
291.5577697753906
 20
-311.8697204589844
 30
0.0
 10
289.8477478027344
 20
-330.9197082519531
 30
0.0
 10
289.8477478027344
 20
-330.9197082519531
 30
0.0
 10
289.8477478027344
 20
-330.9197082519531
 30
0.0
 10
287.2377624511719
 20
-375.5497131347656
 30
0.0
 10
287.2377624511719
 20
-375.5497131347656
 30
0.0
 10
287.2377624511719
 20
-375.5497131347656
 30
0.0
 10
285.0677795410156
 20
-374.2097473144531
 30
0.0
 10
285.0677795410156
 20
-374.2097473144531
 30
0.0
 10
285.0677795410156
 20
-374.2097473144531
 30
0.0
 10
268.5577697753906
 20
-364.0197448730469
 30
0.0
 10
268.5577697753906
 20
-364.0197448730469
 30
0.0
 10
268.5577697753906
 20
-364.0197448730469
 30
0.0
 10
265.6977233886719
 20
-362.2497253417969
 30
0.0
 10
265.6977233886719
 20
-362.2497253417969
 30
0.0
 10
265.6977233886719
 20
-362.2497253417969
 30
0.0
 10
261.5777282714844
 20
-359.7097473144531
 30
0.0
 10
261.5777282714844
 20
-359.7097473144531
 30
0.0
 10
261.5777282714844
 20
-359.7097473144531
 30
0.0
 10
251.8877258300781
 20
-353.7297668457031
 30
0.0
 10
251.8877258300781
 20
-353.7297668457031
 30
0.0
 10
252.0577697753906
 20
-349.6597595214844
 30
0.0
 10
252.1677551269531
 20
-346.2097473144531
 30
0.0
 10
252.2177429199219
 20
-343.3897399902344
 30
0.0
 10
250.1177673339844
 20
-344.7097473144531
 30
0.0
 10
248.0677795410156
 20
-345.9997253417969
 30
0.0
 10
246.0777282714844
 20
-347.2797546386719
 30
0.0
 10
245.5177307128906
 20
-347.6397399902344
 30
0.0
 10
244.7877502441406
 20
-348.1297302246094
 30
0.0
 10
243.8677673339844
 20
-348.7697448730469
 30
0.0
 10
243.8677673339844
 20
-348.7697448730469
 30
0.0
 10
241.6177673339844
 20
-347.3797302246094
 30
0.0
 10
241.6177673339844
 20
-347.3797302246094
 30
0.0
 10
241.6177673339844
 20
-347.3797302246094
 30
0.0
 10
235.6877746582031
 20
-343.7197570800781
 30
0.0
 10
235.6877746582031
 20
-343.7197570800781
 30
0.0
 10
235.6877746582031
 20
-343.7197570800781
 30
0.0
 10
233.9077453613281
 20
-342.6197204589844
 30
0.0
 10
233.9077453613281
 20
-342.6197204589844
 30
0.0
 10
233.9577331542969
 20
-341.5497131347656
 30
0.0
 10
234.0077819824219
 20
-340.4597473144531
 30
0.0
 10
234.0577697753906
 20
-339.3397521972656
 30
0.0
  0
SPLINE
  5
4C
330
41
100
AcDbEntity
  8
Layer 1
370
     0
100
AcDbSpline
210
0.0
220
0.0
230
1.0
 70
    11
 71
     3
 72
   119
 73
   115
 74
     0
 42
0.0000000001
 43
0.0000000001
 12
1.0
 22
0.0
 32
0.0
 13
1.0
 23
0.0
 33
0.0
 40
0.0
 40
0.0
 40
0.0
 40
0.0
 40
1.0
 40
1.0
 40
1.0
 40
2.0
 40
2.0
 40
2.0
 40
3.0
 40
3.0
 40
3.0
 40
4.0
 40
4.0
 40
4.0
 40
5.0
 40
5.0
 40
5.0
 40
6.0
 40
6.0
 40
6.0
 40
7.0
 40
7.0
 40
7.0
 40
8.0
 40
8.0
 40
8.0
 40
9.0
 40
9.0
 40
9.0
 40
10.0
 40
10.0
 40
10.0
 40
11.0
 40
11.0
 40
11.0
 40
12.0
 40
12.0
 40
12.0
 40
13.0
 40
13.0
 40
13.0
 40
14.0
 40
14.0
 40
14.0
 40
15.0
 40
15.0
 40
15.0
 40
16.0
 40
16.0
 40
16.0
 40
17.0
 40
17.0
 40
17.0
 40
18.0
 40
18.0
 40
18.0
 40
19.0
 40
19.0
 40
19.0
 40
20.0
 40
20.0
 40
20.0
 40
21.0
 40
21.0
 40
21.0
 40
22.0
 40
22.0
 40
22.0
 40
23.0
 40
23.0
 40
23.0
 40
24.0
 40
24.0
 40
24.0
 40
25.0
 40
25.0
 40
25.0
 40
26.0
 40
26.0
 40
26.0
 40
27.0
 40
27.0
 40
27.0
 40
28.0
 40
28.0
 40
28.0
 40
29.0
 40
29.0
 40
29.0
 40
30.0
 40
30.0
 40
30.0
 40
31.0
 40
31.0
 40
31.0
 40
32.0
 40
32.0
 40
32.0
 40
33.0
 40
33.0
 40
33.0
 40
34.0
 40
34.0
 40
34.0
 40
35.0
 40
35.0
 40
35.0
 40
36.0
 40
36.0
 40
36.0
 40
37.0
 40
37.0
 40
37.0
 40
38.0
 40
38.0
 40
38.0
 40
38.0
 10
223.9877624511719
 20
-494.2897644042969
 30
0.0
 10
220.2277526855469
 20
-494.2897644042969
 30
0.0
 10
216.1377258300781
 20
-493.5697326660156
 30
0.0
 10
211.7277526855469
 20
-492.1497497558594
 30
0.0
 10
207.3077697753906
 20
-490.7297668457031
 30
0.0
 10
203.4077453613281
 20
-488.5797424316406
 30
0.0
 10
200.0177307128906
 20
-485.6997375488281
 30
0.0
 10
196.6377258300781
 20
-482.8197326660156
 30
0.0
 10
194.0577697753906
 20
-479.1197204589844
 30
0.0
 10
192.2877502441406
 20
-474.5897521972656
 30
0.0
 10
190.5277404785156
 20
-470.0597229003906
 30
0.0
 10
189.6377258300781
 20
-465.2997131347656
 30
0.0
 10
189.6377258300781
 20
-460.2797546386719
 30
0.0
 10
189.6377258300781
 20
-453.5597229003906
 30
0.0
 10
191.1277770996094
 20
-447.2397155761719
 30
0.0
 10
194.0877380371094
 20
-441.3197326660156
 30
0.0
 10
197.0477600097656
 20
-435.3897399902344
 30
0.0
 10
201.1877746582031
 20
-430.5397644042969
 30
0.0
 10
206.5177307128906
 20
-426.7497253417969
 30
0.0
 10
211.8377380371094
 20
-422.9597473144531
 30
0.0
 10
217.6477355957031
 20
-420.2897644042969
 30
0.0
 10
223.9477233886719
 20
-418.7197570800781
 30
0.0
 10
230.2377624511719
 20
-417.1497497558594
 30
0.0
 10
237.0277404785156
 20
-416.3697204589844
 30
0.0
 10
244.3177795410156
 20
-416.3697204589844
 30
0.0
 10
251.0377502441406
 20
-416.3697204589844
 30
0.0
 10
257.5077819824219
 20
-417.2497253417969
 30
0.0
 10
263.7177429199219
 20
-419.0197448730469
 30
0.0
 10
269.9177551269531
 20
-420.7797546386719
 30
0.0
 10
275.0077819824219
 20
-423.4897155761719
 30
0.0
 10
278.9677429199219
 20
-427.1297302246094
 30
0.0
 10
282.9177551269531
 20
-430.7797546386719
 30
0.0
 10
285.8677673339844
 20
-435.1497497558594
 30
0.0
 10
287.8077697753906
 20
-440.2497253417969
 30
0.0
 10
289.7377624511719
 20
-445.3497619628906
 30
0.0
 10
290.7077331542969
 20
-450.2597351074219
 30
0.0
 10
290.7077331542969
 20
-454.9897155761719
 30
0.0
 10
290.7077331542969
 20
-458.3497619628906
 30
0.0
 10
290.3077697753906
 20
-462.1097106933594
 30
0.0
 10
289.5177307128906
 20
-466.2597351074219
 30
0.0
 10
288.7177429199219
 20
-470.4197082519531
 30
0.0
 10
287.4477233886719
 20
-474.8097229003906
 30
0.0
 10
285.7177429199219
 20
-479.4197082519531
 30
0.0
 10
283.9777526855469
 20
-484.0297546386719
 30
0.0
 10
281.5677795410156
 20
-489.2897644042969
 30
0.0
 10
278.4977722167969
 20
-495.1797180175781
 30
0.0
 10
277.7777404785156
 20
-496.5597229003906
 30
0.0
 10
277.0277404785156
 20
-497.9497375488281
 30
0.0
 10
276.2477722167969
 20
-499.3397521972656
 30
0.0
 10
276.2477722167969
 20
-499.3397521972656
 30
0.0
 10
266.3677673339844
 20
-499.3397521972656
 30
0.0
 10
266.3677673339844
 20
-499.3397521972656
 30
0.0
 10
266.3677673339844
 20
-499.3397521972656
 30
0.0
 10
265.7077331542969
 20
-499.3297424316406
 30
0.0
 10
265.7077331542969
 20
-499.3297424316406
 30
0.0
 10
265.7077331542969
 20
-499.3297424316406
 30
0.0
 10
246.4177551269531
 20
-499.3297424316406
 30
0.0
 10
246.4177551269531
 20
-499.3297424316406
 30
0.0
 10
246.4177551269531
 20
-499.3297424316406
 30
0.0
 10
243.2777404785156
 20
-499.3197326660156
 30
0.0
 10
243.2777404785156
 20
-499.3197326660156
 30
0.0
 10
243.2777404785156
 20
-499.3197326660156
 30
0.0
 10
241.7477722167969
 20
-499.3197326660156
 30
0.0
 10
241.7477722167969
 20
-499.3197326660156
 30
0.0
 10
241.7477722167969
 20
-499.3197326660156
 30
0.0
 10
240.4377746582031
 20
-499.3297424316406
 30
0.0
 10
240.4377746582031
 20
-499.3297424316406
 30
0.0
 10
240.4377746582031
 20
-499.3297424316406
 30
0.0
 10
235.3777770996094
 20
-499.3297424316406
 30
0.0
 10
235.3777770996094
 20
-499.3297424316406
 30
0.0
 10
239.7277526855469
 20
-493.0997619628906
 30
0.0
 10
243.0477600097656
 20
-487.9797668457031
 30
0.0
 10
245.3477478027344
 20
-483.9497375488281
 30
0.0
 10
247.6777648925781
 20
-479.8497619628906
 30
0.0
 10
249.5777282714844
 20
-475.9697570800781
 30
0.0
 10
251.0277404785156
 20
-472.3297424316406
 30
0.0
 10
252.4777526855469
 20
-468.6797180175781
 30
0.0
 10
253.4477233886719
 20
-465.7197570800781
 30
0.0
 10
253.9277648925781
 20
-463.4397277832031
 30
0.0
 10
254.4177551269531
 20
-461.1697082519531
 30
0.0
 10
254.6577453613281
 20
-458.9197082519531
 30
0.0
 10
254.6577453613281
 20
-456.6897277832031
 30
0.0
 10
254.6577453613281
 20
-453.6797180175781
 30
0.0
 10
254.1277770996094
 20
-450.9797668457031
 30
0.0
 10
253.0777282714844
 20
-448.6197204589844
 30
0.0
 10
252.0177307128906
 20
-446.2597351074219
 30
0.0
 10
250.4177551269531
 20
-444.4797668457031
 30
0.0
 10
248.2477722167969
 20
-443.2797546386719
 30
0.0
 10
246.0877380371094
 20
-442.0897521972656
 30
0.0
 10
243.6877746582031
 20
-441.4897155761719
 30
0.0
 10
241.0777282714844
 20
-441.4897155761719
 30
0.0
 10
236.6277770996094
 20
-441.4897155761719
 30
0.0
 10
232.8577575683594
 20
-442.9297180175781
 30
0.0
 10
229.7577819824219
 20
-445.7997131347656
 30
0.0
 10
226.6477355957031
 20
-448.6797180175781
 30
0.0
 10
225.0977478027344
 20
-452.4797668457031
 30
0.0
 10
225.0977478027344
 20
-457.2097473144531
 30
0.0
 10
225.0977478027344
 20
-459.9397277832031
 30
0.0
 10
225.6977233886719
 20
-462.2897644042969
 30
0.0
 10
226.8877258300781
 20
-464.2597351074219
 30
0.0
 10
228.0877380371094
 20
-466.2197570800781
 30
0.0
 10
229.8477478027344
 20
-467.7297668457031
 30
0.0
 10
232.1877746582031
 20
-468.7797546386719
 30
0.0
 10
234.5277404785156
 20
-469.8397521972656
 30
0.0
 10
236.8877258300781
 20
-470.3597106933594
 30
0.0
 10
239.2777404785156
 20
-470.3597106933594
 30
0.0
 10
240.7577819824219
 20
-470.3597106933594
 30
0.0
 10
242.8377380371094
 20
-470.0497131347656
 30
0.0
 10
245.5177307128906
 20
-469.4197082519531
 30
0.0
 10
240.0477600097656
 20
-477.1097106933594
 30
0.0
 10
234.5277404785156
 20
-485.2597351074219
 30
0.0
 10
228.9377746582031
 20
-493.8597106933594
 30
0.0
 10
227.0077819824219
 20
-494.1397399902344
 30
0.0
 10
225.3577575683594
 20
-494.2897644042969
 30
0.0
 10
223.9877624511719
 20
-494.2897644042969
 30
0.0
  0
SPLINE
  5
4D
330
41
100
AcDbEntity
  8
Layer 1
370
     0
100
AcDbSpline
210
0.0
220
0.0
230
1.0
 70
    11
 71
     3
 72
   242
 73
   238
 74
     0
 42
0.0000000001
 43
0.0000000001
 12
1.0
 22
0.0
 32
0.0
 13
1.0
 23
0.0
 33
0.0
 40
0.0
 40
0.0
 40
0.0
 40
0.0
 40
1.0
 40
1.0
 40
1.0
 40
2.0
 40
2.0
 40
2.0
 40
3.0
 40
3.0
 40
3.0
 40
4.0
 40
4.0
 40
4.0
 40
5.0
 40
5.0
 40
5.0
 40
6.0
 40
6.0
 40
6.0
 40
7.0
 40
7.0
 40
7.0
 40
8.0
 40
8.0
 40
8.0
 40
9.0
 40
9.0
 40
9.0
 40
10.0
 40
10.0
 40
10.0
 40
11.0
 40
11.0
 40
11.0
 40
12.0
 40
12.0
 40
12.0
 40
13.0
 40
13.0
 40
13.0
 40
14.0
 40
14.0
 40
14.0
 40
15.0
 40
15.0
 40
15.0
 40
16.0
 40
16.0
 40
16.0
 40
17.0
 40
17.0
 40
17.0
 40
18.0
 40
18.0
 40
18.0
 40
19.0
 40
19.0
 40
19.0
 40
20.0
 40
20.0
 40
20.0
 40
21.0
 40
21.0
 40
21.0
 40
22.0
 40
22.0
 40
22.0
 40
23.0
 40
23.0
 40
23.0
 40
24.0
 40
24.0
 40
24.0
 40
25.0
 40
25.0
 40
25.0
 40
26.0
 40
26.0
 40
26.0
 40
27.0
 40
27.0
 40
27.0
 40
28.0
 40
28.0
 40
28.0
 40
29.0
 40
29.0
 40
29.0
 40
30.0
 40
30.0
 40
30.0
 40
31.0
 40
31.0
 40
31.0
 40
32.0
 40
32.0
 40
32.0
 40
33.0
 40
33.0
 40
33.0
 40
34.0
 40
34.0
 40
34.0
 40
35.0
 40
35.0
 40
35.0
 40
36.0
 40
36.0
 40
36.0
 40
37.0
 40
37.0
 40
37.0
 40
38.0
 40
38.0
 40
38.0
 40
39.0
 40
39.0
 40
39.0
 40
40.0
 40
40.0
 40
40.0
 40
41.0
 40
41.0
 40
41.0
 40
42.0
 40
42.0
 40
42.0
 40
43.0
 40
43.0
 40
43.0
 40
44.0
 40
44.0
 40
44.0
 40
45.0
 40
45.0
 40
45.0
 40
46.0
 40
46.0
 40
46.0
 40
47.0
 40
47.0
 40
47.0
 40
48.0
 40
48.0
 40
48.0
 40
49.0
 40
49.0
 40
49.0
 40
50.0
 40
50.0
 40
50.0
 40
51.0
 40
51.0
 40
51.0
 40
52.0
 40
52.0
 40
52.0
 40
53.0
 40
53.0
 40
53.0
 40
54.0
 40
54.0
 40
54.0
 40
55.0
 40
55.0
 40
55.0
 40
56.0
 40
56.0
 40
56.0
 40
57.0
 40
57.0
 40
57.0
 40
58.0
 40
58.0
 40
58.0
 40
59.0
 40
59.0
 40
59.0
 40
60.0
 40
60.0
 40
60.0
 40
61.0
 40
61.0
 40
61.0
 40
62.0
 40
62.0
 40
62.0
 40
63.0
 40
63.0
 40
63.0
 40
64.0
 40
64.0
 40
64.0
 40
65.0
 40
65.0
 40
65.0
 40
66.0
 40
66.0
 40
66.0
 40
67.0
 40
67.0
 40
67.0
 40
68.0
 40
68.0
 40
68.0
 40
69.0
 40
69.0
 40
69.0
 40
70.0
 40
70.0
 40
70.0
 40
71.0
 40
71.0
 40
71.0
 40
72.0
 40
72.0
 40
72.0
 40
73.0
 40
73.0
 40
73.0
 40
74.0
 40
74.0
 40
74.0
 40
75.0
 40
75.0
 40
75.0
 40
76.0
 40
76.0
 40
76.0
 40
77.0
 40
77.0
 40
77.0
 40
78.0
 40
78.0
 40
78.0
 40
79.0
 40
79.0
 40
79.0
 40
79.0
 10
317.1477355957031
 20
-612.9097595214844
 30
0.0
 10
317.1477355957031
 20
-612.9097595214844
 30
0.0
 10
316.5477600097656
 20
-613.1897277832031
 30
0.0
 10
316.5477600097656
 20
-613.1897277832031
 30
0.0
 10
316.5477600097656
 20
-613.1897277832031
 30
0.0
 10
313.9977722167969
 20
-614.4097595214844
 30
0.0
 10
313.9977722167969
 20
-614.4097595214844
 30
0.0
 10
313.9977722167969
 20
-614.4097595214844
 30
0.0
 10
312.1077575683594
 20
-615.3097229003906
 30
0.0
 10
312.1077575683594
 20
-615.3097229003906
 30
0.0
 10
312.1077575683594
 20
-615.3097229003906
 30
0.0
 10
305.8177795410156
 20
-618.3197326660156
 30
0.0
 10
305.8177795410156
 20
-618.3197326660156
 30
0.0
 10
305.8177795410156
 20
-618.3197326660156
 30
0.0
 10
303.4377746582031
 20
-619.4597473144531
 30
0.0
 10
303.4377746582031
 20
-619.4597473144531
 30
0.0
 10
303.4377746582031
 20
-619.4597473144531
 30
0.0
 10
300.2577819824219
 20
-620.9797668457031
 30
0.0
 10
300.2577819824219
 20
-620.9797668457031
 30
0.0
 10
300.2577819824219
 20
-620.9797668457031
 30
0.0
 10
299.8277282714844
 20
-621.1797180175781
 30
0.0
 10
299.8277282714844
 20
-621.1797180175781
 30
0.0
 10
299.8277282714844
 20
-621.1797180175781
 30
0.0
 10
299.1477355957031
 20
-621.5097351074219
 30
0.0
 10
299.1477355957031
 20
-621.5097351074219
 30
0.0
 10
299.1477355957031
 20
-621.5097351074219
 30
0.0
 10
296.3077697753906
 20
-622.8597106933594
 30
0.0
 10
296.3077697753906
 20
-622.8597106933594
 30
0.0
 10
296.3077697753906
 20
-622.8597106933594
 30
0.0
 10
294.9277648925781
 20
-623.5197448730469
 30
0.0
 10
294.9277648925781
 20
-623.5197448730469
 30
0.0
 10
294.9277648925781
 20
-623.5197448730469
 30
0.0
 10
293.7477722167969
 20
-624.0897521972656
 30
0.0
 10
293.7477722167969
 20
-624.0897521972656
 30
0.0
 10
293.7577819824219
 20
-623.9397277832031
 30
0.0
 10
293.7577819824219
 20
-623.7797546386719
 30
0.0
 10
293.7577819824219
 20
-623.6297302246094
 30
0.0
 10
293.7577819824219
 20
-619.7597351074219
 30
0.0
 10
292.4377746582031
 20
-616.7397155761719
 30
0.0
 10
289.7877502441406
 20
-614.5797424316406
 30
0.0
 10
287.1377258300781
 20
-612.4097595214844
 30
0.0
 10
283.4477233886719
 20
-611.3297424316406
 30
0.0
 10
278.7277526855469
 20
-611.3297424316406
 30
0.0
 10
273.5977478027344
 20
-611.3297424316406
 30
0.0
 10
269.5977478027344
 20
-612.6297302246094
 30
0.0
 10
266.7177429199219
 20
-615.2197570800781
 30
0.0
 10
263.8477478027344
 20
-617.8097229003906
 30
0.0
 10
262.4077453613281
 20
-621.1497497558594
 30
0.0
 10
262.4077453613281
 20
-625.2597351074219
 30
0.0
 10
262.4077453613281
 20
-627.6497497558594
 30
0.0
 10
263.0477600097656
 20
-629.8697204589844
 30
0.0
 10
264.3277282714844
 20
-631.9197082519531
 30
0.0
 10
265.4077453613281
 20
-633.6497497558594
 30
0.0
 10
266.8877258300781
 20
-635.0197448730469
 30
0.0
 10
268.7777404785156
 20
-636.0297546386719
 30
0.0
 10
268.7777404785156
 20
-636.0297546386719
 30
0.0
 10
260.4677429199219
 20
-639.9997253417969
 30
0.0
 10
260.4677429199219
 20
-639.9997253417969
 30
0.0
 10
260.4677429199219
 20
-639.9997253417969
 30
0.0
 10
259.7377624511719
 20
-640.3397521972656
 30
0.0
 10
259.7377624511719
 20
-640.3397521972656
 30
0.0
 10
259.7377624511719
 20
-640.3397521972656
 30
0.0
 10
257.4377746582031
 20
-641.4497375488281
 30
0.0
 10
257.4377746582031
 20
-641.4497375488281
 30
0.0
 10
257.4377746582031
 20
-641.4497375488281
 30
0.0
 10
252.8577575683594
 20
-643.6297302246094
 30
0.0
 10
252.8577575683594
 20
-643.6297302246094
 30
0.0
 10
252.8577575683594
 20
-643.6297302246094
 30
0.0
 10
249.0177307128906
 20
-645.4697570800781
 30
0.0
 10
249.0177307128906
 20
-645.4697570800781
 30
0.0
 10
249.0177307128906
 20
-645.4697570800781
 30
0.0
 10
237.7077331542969
 20
-650.8797302246094
 30
0.0
 10
237.7077331542969
 20
-650.8797302246094
 30
0.0
 10
235.0677795410156
 20
-648.6197204589844
 30
0.0
 10
233.0177307128906
 20
-646.1197204589844
 30
0.0
 10
231.5677795410156
 20
-643.3697204589844
 30
0.0
 10
229.4577331542969
 20
-639.3797302246094
 30
0.0
 10
228.4077453613281
 20
-634.8497619628906
 30
0.0
 10
228.4077453613281
 20
-629.7797546386719
 30
0.0
 10
228.4077453613281
 20
-626.8197326660156
 30
0.0
 10
228.7877502441406
 20
-623.9497375488281
 30
0.0
 10
229.5577697753906
 20
-621.1497497558594
 30
0.0
 10
230.3277282714844
 20
-618.3597106933594
 30
0.0
 10
231.4877624511719
 20
-615.7297668457031
 30
0.0
 10
233.0577697753906
 20
-613.2497253417969
 30
0.0
 10
234.6277770996094
 20
-610.7697448730469
 30
0.0
 10
236.4377746582031
 20
-608.6997375488281
 30
0.0
 10
238.4877624511719
 20
-607.0197448730469
 30
0.0
 10
240.5377502441406
 20
-605.3397521972656
 30
0.0
 10
242.5377502441406
 20
-604.0297546386719
 30
0.0
 10
244.5077819824219
 20
-603.0897521972656
 30
0.0
 10
246.4677429199219
 20
-602.1497497558594
 30
0.0
 10
249.2477722167969
 20
-601.0797424316406
 30
0.0
 10
252.8377380371094
 20
-599.8797302246094
 30
0.0
 10
249.5377502441406
 20
-598.2897644042969
 30
0.0
 10
247.0977478027344
 20
-596.9297180175781
 30
0.0
 10
245.5277404785156
 20
-595.8197326660156
 30
0.0
 10
243.9677429199219
 20
-594.7097473144531
 30
0.0
 10
242.4577331542969
 20
-593.3597106933594
 30
0.0
 10
241.0077819824219
 20
-591.7697448730469
 30
0.0
 10
239.5477600097656
 20
-590.1697082519531
 30
0.0
 10
238.3377380371094
 20
-588.4097595214844
 30
0.0
 10
237.3777770996094
 20
-586.4697570800781
 30
0.0
 10
236.4077453613281
 20
-584.5297546386719
 30
0.0
 10
235.7177429199219
 20
-582.5397644042969
 30
0.0
 10
235.3177795410156
 20
-580.4897155761719
 30
0.0
 10
234.9277648925781
 20
-578.4397277832031
 30
0.0
 10
234.7277526855469
 20
-576.3897399902344
 30
0.0
 10
234.7277526855469
 20
-574.3397521972656
 30
0.0
 10
234.7277526855469
 20
-568.8097229003906
 30
0.0
 10
235.9777526855469
 20
-563.8297424316406
 30
0.0
 10
238.4877624511719
 20
-559.3897399902344
 30
0.0
 10
240.9877624511719
 20
-554.9397277832031
 30
0.0
 10
244.6877746582031
 20
-551.2797546386719
 30
0.0
 10
249.5877380371094
 20
-548.4097595214844
 30
0.0
 10
254.4877624511719
 20
-545.5297546386719
 30
0.0
 10
259.7277526855469
 20
-543.5497131347656
 30
0.0
 10
265.3077697753906
 20
-542.4697570800781
 30
0.0
 10
270.8877258300781
 20
-541.3897399902344
 30
0.0
 10
276.7577819824219
 20
-540.8497619628906
 30
0.0
 10
282.9077453613281
 20
-540.8497619628906
 30
0.0
 10
288.7777404785156
 20
-540.8497619628906
 30
0.0
 10
294.4477233886719
 20
-541.5197448730469
 30
0.0
 10
299.9077453613281
 20
-542.8497619628906
 30
0.0
 10
305.3777770996094
 20
-544.1897277832031
 30
0.0
 10
310.0677795410156
 20
-546.2897644042969
 30
0.0
 10
313.9677429199219
 20
-549.1297302246094
 30
0.0
 10
317.8677673339844
 20
-551.9797668457031
 30
0.0
 10
320.7277526855469
 20
-555.2397155761719
 30
0.0
 10
322.5477600097656
 20
-558.9197082519531
 30
0.0
 10
324.3777770996094
 20
-562.5897521972656
 30
0.0
 10
325.2877502441406
 20
-566.9897155761719
 30
0.0
 10
325.2877502441406
 20
-572.1197204589844
 30
0.0
 10
325.2877502441406
 20
-574.5697326660156
 30
0.0
 10
325.0377502441406
 20
-576.9297180175781
 30
0.0
 10
324.5577697753906
 20
-579.2097473144531
 30
0.0
 10
324.0777282714844
 20
-581.4897155761719
 30
0.0
 10
323.3177795410156
 20
-583.5797424316406
 30
0.0
 10
322.2977600097656
 20
-585.4897155761719
 30
0.0
 10
321.2677307128906
 20
-587.3897399902344
 30
0.0
 10
320.0177307128906
 20
-589.1497497558594
 30
0.0
 10
318.5377502441406
 20
-590.7397155761719
 30
0.0
 10
318.2574768066406
 20
-591.0427551269531
 30
0.0
 10
317.9709167480469
 20
-591.3310852050781
 30
0.0
 10
317.6842346191406
 20
-591.6191711425781
 30
0.0
 10
317.4611511230469
 20
-591.5857849121094
 30
0.0
 10
317.2406921386719
 20
-591.5452575683594
 30
0.0
 10
317.0066833496094
 20
-591.5408020019531
 30
0.0
 10
315.8998718261719
 20
-591.5196228027344
 30
0.0
 10
314.8069763183594
 20
-591.4256286621094
 30
0.0
 10
313.7059020996094
 20
-591.3255920410156
 30
0.0
 10
313.6795349121094
 20
-591.3209533691406
 30
0.0
 10
313.6598815917969
 20
-591.3172912597656
 30
0.0
 10
313.6299743652344
 20
-591.3121032714844
 30
0.0
 10
313.3713073730469
 20
-591.2669982910156
 30
0.0
 10
313.1119689941406
 20
-591.2260437011719
 30
0.0
 10
312.8537292480469
 20
-591.1783752441406
 30
0.0
 10
312.3373107910156
 20
-591.0830993652344
 30
0.0
 10
311.8230285644531
 20
-590.9753112792969
 30
0.0
 10
311.3116149902344
 20
-590.8561096191406
 30
0.0
 10
310.2244567871094
 20
-590.6026916503906
 30
0.0
 10
309.1502380371094
 20
-590.2936096191406
 30
0.0
 10
308.0934753417969
 20
-589.9339904785156
 30
0.0
 10
307.5333557128906
 20
-589.7433166503906
 30
0.0
 10
306.9812927246094
 20
-589.5340881347656
 30
0.0
 10
306.4298400878906
 20
-589.3199768066406
 30
0.0
 10
306.3782653808594
 20
-589.2999572753906
 30
0.0
 10
306.3403015136719
 20
-589.2859191894531
 30
0.0
 10
306.3028869628906
 20
-589.2720642089844
 30
0.0
 10
306.0760803222656
 20
-589.1763000488281
 30
0.0
 10
305.8520812988281
 20
-589.0589904785156
 30
0.0
 10
305.6374816894531
 20
-588.9573059082031
 30
0.0
 10
303.6028747558594
 20
-587.9930114746094
 30
0.0
 10
301.7518005371094
 20
-586.7971496582031
 30
0.0
 10
299.9049987792969
 20
-585.5206604003906
 30
0.0
 10
299.7263488769531
 20
-585.3731384277344
 30
0.0
 10
299.5443420410156
 20
-585.2293395996094
 30
0.0
 10
299.3666687011719
 20
-585.0805358886719
 30
0.0
 10
298.9137268066406
 20
-584.7012023925781
 30
0.0
 10
298.4704895019531
 20
-584.3103332519531
 30
0.0
 10
298.0386047363281
 20
-583.9072570800781
 30
0.0
 10
297.1736145019531
 20
-583.1000671386719
 30
0.0
 10
296.2412697422724
 20
-582.3085149563121
 30
0.0
 10
295.3564291561343
 20
-581.5235757266728
 30
0.0
 10
294.6726056267225
 20
-580.9169580796133
 30
0.0
 10
294.1101056267225
 20
-580.6301933737304
 30
0.0
 10
293.3132629394531
 20
-580.0563659667969
 30
0.0
 10
293.7745666503906
 20
-578.7232360839844
 30
0.0
 10
294.0177307128906
 20
-577.2757263183594
 30
0.0
 10
294.0177307128906
 20
-575.6997375488281
 30
0.0
 10
294.0177307128906
 20
-572.2897644042969
 30
0.0
 10
292.8377380371094
 20
-569.5497131347656
 30
0.0
 10
290.4677429199219
 20
-567.4997253417969
 30
0.0
 10
288.1077575683594
 20
-565.4497375488281
 30
0.0
 10
284.9077453613281
 20
-564.4297180175781
 30
0.0
 10
280.8577575683594
 20
-564.4297180175781
 30
0.0
 10
276.3577575683594
 20
-564.4297180175781
 30
0.0
 10
272.7977600097656
 20
-565.6797180175781
 30
0.0
 10
270.1777648925781
 20
-568.1897277832031
 30
0.0
 10
267.5577697753906
 20
-570.6897277832031
 30
0.0
 10
266.2477722167969
 20
-573.7697448730469
 30
0.0
 10
266.2477722167969
 20
-577.4097595214844
 30
0.0
 10
266.2477722167969
 20
-579.5797424316406
 30
0.0
 10
266.8177795410156
 20
-581.5697326660156
 30
0.0
 10
267.9577331542969
 20
-583.3897399902344
 30
0.0
 10
269.0977478027344
 20
-585.2197570800781
 30
0.0
 10
270.6977233886719
 20
-586.5697326660156
 30
0.0
 10
272.7477722167969
 20
-587.4497375488281
 30
0.0
 10
274.7977600097656
 20
-588.3397521972656
 30
0.0
 10
277.0177307128906
 20
-588.7797546386719
 30
0.0
 10
279.4077453613281
 20
-588.7797546386719
 30
0.0
 10
282.4806823730469
 20
-588.7797546386719
 30
0.0
 10
285.1744079589844
 20
-588.1148986816406
 30
0.0
 10
287.4983215332031
 20
-586.7903747558594
 30
0.0
 10
287.7350158691406
 20
-587.3628234863281
 30
0.0
 10
288.0703430175781
 20
-587.9145812988281
 30
0.0
 10
288.5121765136719
 20
-588.4222106933594
 30
0.0
 10
293.0589904785156
 20
-593.6461486816406
 30
0.0
 10
299.0556335449219
 20
-597.4667053222656
 30
0.0
 10
305.6081237792969
 20
-599.5990905761719
 30
0.0
 10
305.5873107910156
 20
-599.6095275878906
 30
0.0
 10
305.5686340332031
 20
-599.6192932128906
 30
0.0
 10
305.5477600097656
 20
-599.6297302246094
 30
0.0
 10
309.1977233886719
 20
-600.6497497558594
 30
0.0
 10
311.9877624511719
 20
-601.5797424316406
 30
0.0
 10
313.9177551269531
 20
-602.3997497558594
 30
0.0
 10
315.8577575683594
 20
-603.2297668457031
 30
0.0
 10
317.7277526855469
 20
-604.3697204589844
 30
0.0
 10
319.5177307128906
 20
-605.8197326660156
 30
0.0
 10
320.9977722167969
 20
-607.0097351074219
 30
0.0
 10
322.2877502441406
 20
-608.3797302246094
 30
0.0
 10
323.4177551269531
 20
-609.9197082519531
 30
0.0
 10
323.4177551269531
 20
-609.9197082519531
 30
0.0
 10
317.5977478027344
 20
-612.6997375488281
 30
0.0
 10
317.5977478027344
 20
-612.6997375488281
 30
0.0
 10
317.5977478027344
 20
-612.6997375488281
 30
0.0
 10
317.1477355957031
 20
-612.9097595214844
 30
0.0
 10
317.1477355957031
 20
-612.9097595214844
 30
0.0
  0
SPLINE
  5
4E
330
41
100
AcDbEntity
  8
Layer 1
370
     0
100
AcDbSpline
210
0.0
220
0.0
230
1.0
 70
    11
 71
     3
 72
   128
 73
   124
 74
     0
 42
0.0000000001
 43
0.0000000001
 12
1.0
 22
0.0
 32
0.0
 13
1.0
 23
0.0
 33
0.0
 40
0.0
 40
0.0
 40
0.0
 40
0.0
 40
1.0
 40
1.0
 40
1.0
 40
2.0
 40
2.0
 40
2.0
 40
3.0
 40
3.0
 40
3.0
 40
4.0
 40
4.0
 40
4.0
 40
5.0
 40
5.0
 40
5.0
 40
6.0
 40
6.0
 40
6.0
 40
7.0
 40
7.0
 40
7.0
 40
8.0
 40
8.0
 40
8.0
 40
9.0
 40
9.0
 40
9.0
 40
10.0
 40
10.0
 40
10.0
 40
11.0
 40
11.0
 40
11.0
 40
12.0
 40
12.0
 40
12.0
 40
13.0
 40
13.0
 40
13.0
 40
14.0
 40
14.0
 40
14.0
 40
15.0
 40
15.0
 40
15.0
 40
16.0
 40
16.0
 40
16.0
 40
17.0
 40
17.0
 40
17.0
 40
18.0
 40
18.0
 40
18.0
 40
19.0
 40
19.0
 40
19.0
 40
20.0
 40
20.0
 40
20.0
 40
21.0
 40
21.0
 40
21.0
 40
22.0
 40
22.0
 40
22.0
 40
23.0
 40
23.0
 40
23.0
 40
24.0
 40
24.0
 40
24.0
 40
25.0
 40
25.0
 40
25.0
 40
26.0
 40
26.0
 40
26.0
 40
27.0
 40
27.0
 40
27.0
 40
28.0
 40
28.0
 40
28.0
 40
29.0
 40
29.0
 40
29.0
 40
30.0
 40
30.0
 40
30.0
 40
31.0
 40
31.0
 40
31.0
 40
32.0
 40
32.0
 40
32.0
 40
33.0
 40
33.0
 40
33.0
 40
34.0
 40
34.0
 40
34.0
 40
35.0
 40
35.0
 40
35.0
 40
36.0
 40
36.0
 40
36.0
 40
37.0
 40
37.0
 40
37.0
 40
38.0
 40
38.0
 40
38.0
 40
39.0
 40
39.0
 40
39.0
 40
40.0
 40
40.0
 40
40.0
 40
41.0
 40
41.0
 40
41.0
 40
41.0
 10
412.5077819824219
 20
-659.6997375488281
 30
0.0
 10
412.5077819824219
 20
-659.6997375488281
 30
0.0
 10
412.1577453613281
 20
-660.2597351074219
 30
0.0
 10
412.1577453613281
 20
-660.2597351074219
 30
0.0
 10
412.1577453613281
 20
-660.2597351074219
 30
0.0
 10
411.8077697753906
 20
-660.8097229003906
 30
0.0
 10
411.8077697753906
 20
-660.8097229003906
 30
0.0
 10
411.8077697753906
 20
-660.8097229003906
 30
0.0
 10
399.9277648925781
 20
-679.8597106933594
 30
0.0
 10
399.9277648925781
 20
-679.8597106933594
 30
0.0
 10
399.9277648925781
 20
-679.8597106933594
 30
0.0
 10
399.6577453613281
 20
-680.2797546386719
 30
0.0
 10
399.6577453613281
 20
-680.2797546386719
 30
0.0
 10
399.6577453613281
 20
-680.2797546386719
 30
0.0
 10
399.3077697753906
 20
-680.8397521972656
 30
0.0
 10
399.3077697753906
 20
-680.8397521972656
 30
0.0
 10
399.3077697753906
 20
-680.8397521972656
 30
0.0
 10
397.8077697753906
 20
-683.2397155761719
 30
0.0
 10
397.8077697753906
 20
-683.2397155761719
 30
0.0
 10
397.8077697753906
 20
-683.2397155761719
 30
0.0
 10
396.6977233886719
 20
-685.0097351074219
 30
0.0
 10
396.6977233886719
 20
-685.0097351074219
 30
0.0
 10
396.6977233886719
 20
-685.0097351074219
 30
0.0
 10
393.0077819824219
 20
-690.9297180175781
 30
0.0
 10
393.0077819824219
 20
-690.9297180175781
 30
0.0
 10
393.0077819824219
 20
-690.9297180175781
 30
0.0
 10
391.6077575683594
 20
-693.1697082519531
 30
0.0
 10
391.6077575683594
 20
-693.1697082519531
 30
0.0
 10
391.6077575683594
 20
-693.1697082519531
 30
0.0
 10
389.7377624511719
 20
-696.1597595214844
 30
0.0
 10
389.7377624511719
 20
-696.1597595214844
 30
0.0
 10
389.7377624511719
 20
-696.1597595214844
 30
0.0
 10
389.4877624511719
 20
-696.5597229003906
 30
0.0
 10
389.4877624511719
 20
-696.5597229003906
 30
0.0
 10
389.4877624511719
 20
-696.5597229003906
 30
0.0
 10
389.0877380371094
 20
-697.1997375488281
 30
0.0
 10
389.0877380371094
 20
-697.1997375488281
 30
0.0
 10
389.0877380371094
 20
-697.1997375488281
 30
0.0
 10
387.4177551269531
 20
-699.8697204589844
 30
0.0
 10
387.4177551269531
 20
-699.8697204589844
 30
0.0
 10
387.4177551269531
 20
-699.8697204589844
 30
0.0
 10
386.6077575683594
 20
-701.1597595214844
 30
0.0
 10
386.6077575683594
 20
-701.1597595214844
 30
0.0
 10
386.6077575683594
 20
-701.1597595214844
 30
0.0
 10
382.0677795410156
 20
-708.4497375488281
 30
0.0
 10
382.0677795410156
 20
-708.4497375488281
 30
0.0
 10
382.0677795410156
 20
-708.4497375488281
 30
0.0
 10
380.5877380371094
 20
-710.8297424316406
 30
0.0
 10
380.5877380371094
 20
-710.8297424316406
 30
0.0
 10
380.5877380371094
 20
-710.8297424316406
 30
0.0
 10
378.0077819824219
 20
-714.9397277832031
 30
0.0
 10
378.0077819824219
 20
-714.9397277832031
 30
0.0
 10
378.0077819824219
 20
-714.9397277832031
 30
0.0
 10
376.2377624511719
 20
-717.7797546386719
 30
0.0
 10
376.2377624511719
 20
-717.7797546386719
 30
0.0
 10
376.2377624511719
 20
-717.7797546386719
 30
0.0
 10
373.3477478027344
 20
-722.4197082519531
 30
0.0
 10
373.3477478027344
 20
-722.4197082519531
 30
0.0
 10
373.3477478027344
 20
-722.4197082519531
 30
0.0
 10
372.8377380371094
 20
-723.2497253417969
 30
0.0
 10
372.8377380371094
 20
-723.2497253417969
 30
0.0
 10
372.8377380371094
 20
-723.2497253417969
 30
0.0
 10
366.3877258300781
 20
-733.5697326660156
 30
0.0
 10
366.3877258300781
 20
-733.5697326660156
 30
0.0
 10
366.3877258300781
 20
-733.5697326660156
 30
0.0
 10
365.9577331542969
 20
-734.2497253417969
 30
0.0
 10
365.9577331542969
 20
-734.2497253417969
 30
0.0
 10
365.9577331542969
 20
-734.2497253417969
 30
0.0
 10
364.6077575683594
 20
-736.4197082519531
 30
0.0
 10
364.6077575683594
 20
-736.4197082519531
 30
0.0
 10
364.6077575683594
 20
-736.4197082519531
 30
0.0
 10
361.9177551269531
 20
-740.7197570800781
 30
0.0
 10
361.9177551269531
 20
-740.7197570800781
 30
0.0
 10
361.9177551269531
 20
-740.7197570800781
 30
0.0
 10
359.6577453613281
 20
-744.3297424316406
 30
0.0
 10
359.6577453613281
 20
-744.3297424316406
 30
0.0
 10
359.6577453613281
 20
-744.3297424316406
 30
0.0
 10
350.7277526855469
 20
-758.6497497558594
 30
0.0
 10
350.7277526855469
 20
-758.6497497558594
 30
0.0
 10
350.7277526855469
 20
-758.6497497558594
 30
0.0
 10
350.0177307128906
 20
-759.7697448730469
 30
0.0
 10
350.0177307128906
 20
-759.7697448730469
 30
0.0
 10
350.0177307128906
 20
-759.7697448730469
 30
0.0
 10
349.4977722167969
 20
-760.6097106933594
 30
0.0
 10
349.4977722167969
 20
-760.6097106933594
 30
0.0
 10
349.4977722167969
 20
-760.6097106933594
 30
0.0
 10
348.6277770996094
 20
-762.0097351074219
 30
0.0
 10
348.6277770996094
 20
-762.0097351074219
 30
0.0
 10
348.6277770996094
 20
-762.0097351074219
 30
0.0
 10
347.1877746582031
 20
-764.3297424316406
 30
0.0
 10
347.1877746582031
 20
-764.3297424316406
 30
0.0
 10
347.1877746582031
 20
-764.3297424316406
 30
0.0
 10
346.2977600097656
 20
-765.7597351074219
 30
0.0
 10
346.2977600097656
 20
-765.7597351074219
 30
0.0
 10
346.2977600097656
 20
-765.7597351074219
 30
0.0
 10
321.8477478027344
 20
-765.7597351074219
 30
0.0
 10
321.8477478027344
 20
-765.7597351074219
 30
0.0
 10
325.2077331542969
 20
-759.3197326660156
 30
0.0
 10
328.4777526855469
 20
-753.2197570800781
 30
0.0
 10
331.6677551269531
 20
-747.4597473144531
 30
0.0
 10
334.8577575683594
 20
-741.6997375488281
 30
0.0
 10
340.9777526855469
 20
-730.2697448730469
 30
0.0
 10
350.0377502441406
 20
-713.1697082519531
 30
0.0
 10
350.0377502441406
 20
-713.1697082519531
 30
0.0
 10
365.1477355957031
 20
-684.4297180175781
 30
0.0
 10
365.1477355957031
 20
-684.4297180175781
 30
0.0
 10
366.1777648925781
 20
-682.4397277832031
 30
0.0
 10
367.8877258300781
 20
-679.0497131347656
 30
0.0
 10
370.2777404785156
 20
-674.2597351074219
 30
0.0
 10
365.2677307128906
 20
-674.1997375488281
 30
0.0
 10
361.4277648925781
 20
-674.1697082519531
 30
0.0
 10
358.7577819824219
 20
-674.1697082519531
 30
0.0
 10
346.8477478027344
 20
-674.1697082519531
 30
0.0
 10
333.9277648925781
 20
-674.5397644042969
 30
0.0
 10
319.9677429199219
 20
-675.2797546386719
 30
0.0
 10
320.5377502441406
 20
-667.7297668457031
 30
0.0
 10
320.9377746582031
 20
-659.0197448730469
 30
0.0
 10
321.1677551269531
 20
-649.1397399902344
 30
0.0
 10
321.1677551269531
 20
-649.1397399902344
 30
0.0
 10
413.0077819824219
 20
-649.1397399902344
 30
0.0
 10
413.0077819824219
 20
-649.1397399902344
 30
0.0
 10
413.0077819824219
 20
-649.1397399902344
 30
0.0
 10
412.5077819824219
 20
-659.6997375488281
 30
0.0
 10
412.5077819824219
 20
-659.6997375488281
 30
0.0
  0
SPLINE
  5
4F
330
41
100
AcDbEntity
  8
Layer 1
370
     0
100
AcDbSpline
210
0.0
220
0.0
230
1.0
 70
    11
 71
     3
 72
    56
 73
    52
 74
     0
 42
0.0000000001
 43
0.0000000001
 12
1.0
 22
0.0
 32
0.0
 13
1.0
 23
0.0
 33
0.0
 40
0.0
 40
0.0
 40
0.0
 40
0.0
 40
1.0
 40
1.0
 40
1.0
 40
2.0
 40
2.0
 40
2.0
 40
3.0
 40
3.0
 40
3.0
 40
4.0
 40
4.0
 40
4.0
 40
5.0
 40
5.0
 40
5.0
 40
6.0
 40
6.0
 40
6.0
 40
7.0
 40
7.0
 40
7.0
 40
8.0
 40
8.0
 40
8.0
 40
9.0
 40
9.0
 40
9.0
 40
10.0
 40
10.0
 40
10.0
 40
11.0
 40
11.0
 40
11.0
 40
12.0
 40
12.0
 40
12.0
 40
13.0
 40
13.0
 40
13.0
 40
14.0
 40
14.0
 40
14.0
 40
15.0
 40
15.0
 40
15.0
 40
16.0
 40
16.0
 40
16.0
 40
17.0
 40
17.0
 40
17.0
 40
17.0
 10
426.9777526855469
 20
-252.9397277832031
 30
0.0
 10
424.9877624511719
 20
-254.2197570800781
 30
0.0
 10
420.6677551269531
 20
-257.2597351074219
 30
0.0
 10
414.0177307128906
 20
-262.0397644042969
 30
0.0
 10
414.3577575683594
 20
-257.1997375488281
 30
0.0
 10
414.6677551269531
 20
-251.5197448730469
 30
0.0
 10
414.9577331542969
 20
-244.9997253417969
 30
0.0
 10
415.2377624511719
 20
-238.4797668457031
 30
0.0
 10
415.3777770996094
 20
-233.6797180175781
 30
0.0
 10
415.3777770996094
 20
-230.5997619628906
 30
0.0
 10
418.2777404785156
 20
-228.9497375488281
 30
0.0
 10
421.5577697753906
 20
-226.9897155761719
 30
0.0
 10
425.2277526855469
 20
-224.7097473144531
 30
0.0
 10
428.8877258300781
 20
-222.4297180175781
 30
0.0
 10
431.1377258300781
 20
-220.9897155761719
 30
0.0
 10
431.9577331542969
 20
-220.3897399902344
 30
0.0
 10
432.7777404785156
 20
-219.7897644042969
 30
0.0
 10
434.0177307128906
 20
-218.8397521972656
 30
0.0
 10
435.6677551269531
 20
-217.5297546386719
 30
0.0
 10
440.7377624511719
 20
-217.6397399902344
 30
0.0
 10
446.5877380371094
 20
-217.6997375488281
 30
0.0
 10
453.2077331542969
 20
-217.6997375488281
 30
0.0
 10
459.4777526855469
 20
-217.6997375488281
 30
0.0
 10
465.8977355957031
 20
-217.6397399902344
 30
0.0
 10
472.4577331542969
 20
-217.5297546386719
 30
0.0
 10
472.4577331542969
 20
-217.5297546386719
 30
0.0
 10
470.7377624511719
 20
-236.5797424316406
 30
0.0
 10
470.7377624511719
 20
-236.5797424316406
 30
0.0
 10
470.7377624511719
 20
-236.5797424316406
 30
0.0
 10
467.0577697753906
 20
-299.7997131347656
 30
0.0
 10
467.0577697753906
 20
-299.7997131347656
 30
0.0
 10
467.0577697753906
 20
-299.7997131347656
 30
0.0
 10
466.2077331542969
 20
-323.0397644042969
 30
0.0
 10
466.2077331542969
 20
-323.0397644042969
 30
0.0
 10
466.2077331542969
 20
-323.0397644042969
 30
0.0
 10
466.2077331542969
 20
-334.1497497558594
 30
0.0
 10
466.2077331542969
 20
-334.1497497558594
 30
0.0
 10
461.3677673339844
 20
-334.0297546386719
 30
0.0
 10
455.4777526855469
 20
-333.9797668457031
 30
0.0
 10
448.5277404785156
 20
-333.9797668457031
 30
0.0
 10
440.4377746582031
 20
-333.9797668457031
 30
0.0
 10
433.7177429199219
 20
-334.0297546386719
 30
0.0
 10
428.3677673339844
 20
-334.1497497558594
 30
0.0
 10
429.1077575683594
 20
-325.3197326660156
 30
0.0
 10
430.0377502441406
 20
-311.0497131347656
 30
0.0
 10
431.1677551269531
 20
-291.3397521972656
 30
0.0
 10
432.2977600097656
 20
-271.6397399902344
 30
0.0
 10
432.9477233886719
 20
-257.5397644042969
 30
0.0
 10
433.1177673339844
 20
-249.0497131347656
 30
0.0
 10
431.0177307128906
 20
-250.3697204589844
 30
0.0
 10
428.9677429199219
 20
-251.6597595214844
 30
0.0
 10
426.9777526855469
 20
-252.9397277832031
 30
0.0
  0
SPLINE
  5
50
330
41
100
AcDbEntity
  8
Layer 1
370
     0
100
AcDbSpline
210
0.0
220
0.0
230
1.0
 70
    11
 71
     3
 72
    86
 73
    82
 74
     0
 42
0.0000000001
 43
0.0000000001
 12
1.0
 22
0.0
 32
0.0
 13
1.0
 23
0.0
 33
0.0
 40
0.0
 40
0.0
 40
0.0
 40
0.0
 40
1.0
 40
1.0
 40
1.0
 40
2.0
 40
2.0
 40
2.0
 40
3.0
 40
3.0
 40
3.0
 40
4.0
 40
4.0
 40
4.0
 40
5.0
 40
5.0
 40
5.0
 40
6.0
 40
6.0
 40
6.0
 40
7.0
 40
7.0
 40
7.0
 40
8.0
 40
8.0
 40
8.0
 40
9.0
 40
9.0
 40
9.0
 40
10.0
 40
10.0
 40
10.0
 40
11.0
 40
11.0
 40
11.0
 40
12.0
 40
12.0
 40
12.0
 40
13.0
 40
13.0
 40
13.0
 40
14.0
 40
14.0
 40
14.0
 40
15.0
 40
15.0
 40
15.0
 40
16.0
 40
16.0
 40
16.0
 40
17.0
 40
17.0
 40
17.0
 40
18.0
 40
18.0
 40
18.0
 40
19.0
 40
19.0
 40
19.0
 40
20.0
 40
20.0
 40
20.0
 40
21.0
 40
21.0
 40
21.0
 40
22.0
 40
22.0
 40
22.0
 40
23.0
 40
23.0
 40
23.0
 40
24.0
 40
24.0
 40
24.0
 40
25.0
 40
25.0
 40
25.0
 40
26.0
 40
26.0
 40
26.0
 40
27.0
 40
27.0
 40
27.0
 40
27.0
 10
502.0777282714844
 20
-701.2997131347656
 30
0.0
 10
501.3677673339844
 20
-702.1897277832031
 30
0.0
 10
500.6577453613281
 20
-703.0897521972656
 30
0.0
 10
499.9677429199219
 20
-703.9997253417969
 30
0.0
 10
496.7077331542969
 20
-708.2197570800781
 30
0.0
 10
493.6077575683594
 20
-712.5397644042969
 30
0.0
 10
490.6877746582031
 20
-716.9797668457031
 30
0.0
 10
487.1377258300781
 20
-722.3597106933594
 30
0.0
 10
484.1777648925781
 20
-727.3597106933594
 30
0.0
 10
481.8177795410156
 20
-731.9697570800781
 30
0.0
 10
479.4577331542969
 20
-736.5797424316406
 30
0.0
 10
477.4577331542969
 20
-741.1097106933594
 30
0.0
 10
475.8077697753906
 20
-745.5497131347656
 30
0.0
 10
474.8377380371094
 20
-748.1697082519531
 30
0.0
 10
474.1477355957031
 20
-750.6197204589844
 30
0.0
 10
473.7177429199219
 20
-752.8997497558594
 30
0.0
 10
473.2877502441406
 20
-755.1797180175781
 30
0.0
 10
473.0777282714844
 20
-757.3197326660156
 30
0.0
 10
473.0777282714844
 20
-759.3097229003906
 30
0.0
 10
473.0777282714844
 20
-761.9897155761719
 30
0.0
 10
473.6177673339844
 20
-764.5497131347656
 30
0.0
 10
474.6977233886719
 20
-766.9997253417969
 30
0.0
 10
475.7777404785156
 20
-769.4497375488281
 30
0.0
 10
477.3977355957031
 20
-771.3797302246094
 30
0.0
 10
479.5577697753906
 20
-772.8097229003906
 30
0.0
 10
481.7077331542969
 20
-774.2297668457031
 30
0.0
 10
484.2977600097656
 20
-774.9397277832031
 30
0.0
 10
487.3077697753906
 20
-774.9397277832031
 30
0.0
 10
490.1477355957031
 20
-774.9397277832031
 30
0.0
 10
492.6577453613281
 20
-774.2697448730469
 30
0.0
 10
494.8377380371094
 20
-772.9397277832031
 30
0.0
 10
497.0277404785156
 20
-771.5997619628906
 30
0.0
 10
498.6577453613281
 20
-769.7497253417969
 30
0.0
 10
499.7377624511719
 20
-767.3797302246094
 30
0.0
 10
499.8177795410156
 20
-767.1897277832031
 30
0.0
 10
499.9077453613281
 20
-767.0097351074219
 30
0.0
 10
499.9777526855469
 20
-766.8197326660156
 30
0.0
 10
499.9777526855469
 20
-766.8197326660156
 30
0.0
 10
499.9777526855469
 20
-779.5097351074219
 30
0.0
 10
499.9777526855469
 20
-779.5097351074219
 30
0.0
 10
499.9777526855469
 20
-779.5097351074219
 30
0.0
 10
499.9877624511719
 20
-796.3897399902344
 30
0.0
 10
499.9877624511719
 20
-796.3897399902344
 30
0.0
 10
499.9877624511719
 20
-796.3897399902344
 30
0.0
 10
499.9777526855469
 20
-797.7097473144531
 30
0.0
 10
499.9777526855469
 20
-797.7097473144531
 30
0.0
 10
499.9777526855469
 20
-797.7097473144531
 30
0.0
 10
499.9777526855469
 20
-798.6997375488281
 30
0.0
 10
499.9777526855469
 20
-798.6997375488281
 30
0.0
 10
499.7577819824219
 20
-798.7497253417969
 30
0.0
 10
499.5377502441406
 20
-798.7797546386719
 30
0.0
 10
499.3077697753906
 20
-798.8197326660156
 30
0.0
 10
494.9777526855469
 20
-799.5297546386719
 30
0.0
 10
490.5977478027344
 20
-799.8897399902344
 30
0.0
 10
486.1477355957031
 20
-799.8897399902344
 30
0.0
 10
475.8377380371094
 20
-799.8897399902344
 30
0.0
 10
466.8877258300781
 20
-798.1697082519531
 30
0.0
 10
459.2777404785156
 20
-794.7197570800781
 30
0.0
 10
451.6777648925781
 20
-791.2797546386719
 30
0.0
 10
446.1577453613281
 20
-786.5497131347656
 30
0.0
 10
442.7077331542969
 20
-780.5397644042969
 30
0.0
 10
439.2577819824219
 20
-774.5297546386719
 30
0.0
 10
437.5377502441406
 20
-767.9097595214844
 30
0.0
 10
437.5377502441406
 20
-760.6797180175781
 30
0.0
 10
437.5377502441406
 20
-756.5197448730469
 30
0.0
 10
438.0077819824219
 20
-751.9597473144531
 30
0.0
 10
438.9477233886719
 20
-747.0097351074219
 30
0.0
 10
439.8877258300781
 20
-742.0497131347656
 30
0.0
 10
441.9677429199219
 20
-736.1397399902344
 30
0.0
 10
445.1877746582031
 20
-729.2797546386719
 30
0.0
 10
448.3977355957031
 20
-722.4197082519531
 30
0.0
 10
452.8177795410156
 20
-714.5097351074219
 30
0.0
 10
458.4277648925781
 20
-705.5697326660156
 30
0.0
 10
464.0377502441406
 20
-696.6297302246094
 30
0.0
 10
469.7477722167969
 20
-688.4597473144531
 30
0.0
 10
475.5577697753906
 20
-681.0497131347656
 30
0.0
 10
475.5577697753906
 20
-681.0497131347656
 30
0.0
 10
519.2977600097656
 20
-681.0497131347656
 30
0.0
 10
519.2977600097656
 20
-681.0497131347656
 30
0.0
 10
510.6577453613281
 20
-691.0197448730469
 30
0.0
 10
504.9177551269531
 20
-697.7697448730469
 30
0.0
 10
502.0777282714844
 20
-701.2997131347656
 30
0.0
  0
SPLINE
  5
51
330
41
100
AcDbEntity
  8
Layer 1
370
     0
100
AcDbSpline
210
0.0
220
0.0
230
1.0
 70
    11
 71
     3
 72
    44
 73
    40
 74
     0
 42
0.0000000001
 43
0.0000000001
 12
1.0
 22
0.0
 32
0.0
 13
1.0
 23
0.0
 33
0.0
 40
0.0
 40
0.0
 40
0.0
 40
0.0
 40
1.0
 40
1.0
 40
1.0
 40
2.0
 40
2.0
 40
2.0
 40
3.0
 40
3.0
 40
3.0
 40
4.0
 40
4.0
 40
4.0
 40
5.0
 40
5.0
 40
5.0
 40
6.0
 40
6.0
 40
6.0
 40
7.0
 40
7.0
 40
7.0
 40
8.0
 40
8.0
 40
8.0
 40
9.0
 40
9.0
 40
9.0
 40
10.0
 40
10.0
 40
10.0
 40
11.0
 40
11.0
 40
11.0
 40
12.0
 40
12.0
 40
12.0
 40
13.0
 40
13.0
 40
13.0
 40
13.0
 10
499.9777526855469
 20
-753.6797180175781
 30
0.0
 10
499.1477355957031
 20
-752.1097106933594
 30
0.0
 10
497.9377746582031
 20
-750.8297424316406
 30
0.0
 10
496.3577575683594
 20
-749.8297424316406
 30
0.0
 10
493.0277404785156
 20
-747.7197570800781
 30
0.0
 10
489.7077331542969
 20
-746.6597595214844
 30
0.0
 10
486.4077453613281
 20
-746.6597595214844
 30
0.0
 10
485.3877258300781
 20
-746.6597595214844
 30
0.0
 10
483.8477478027344
 20
-746.8097229003906
 30
0.0
 10
481.7977600097656
 20
-747.0897521972656
 30
0.0
 10
483.1077575683594
 20
-744.9897155761719
 30
0.0
 10
485.5577697753906
 20
-740.9097595214844
 30
0.0
 10
489.1377258300781
 20
-734.8697204589844
 30
0.0
 10
489.1377258300781
 20
-734.8697204589844
 30
0.0
 10
496.0577697753906
 20
-723.2597351074219
 30
0.0
 10
496.0577697753906
 20
-723.2597351074219
 30
0.0
 10
497.3877258300781
 20
-723.0297546386719
 30
0.0
 10
498.6877746582031
 20
-722.8497619628906
 30
0.0
 10
499.9677429199219
 20
-722.7197570800781
 30
0.0
 10
499.9677429199219
 20
-722.7197570800781
 30
0.0
 10
499.9677429199219
 20
-727.0997619628906
 30
0.0
 10
499.9677429199219
 20
-727.0997619628906
 30
0.0
 10
499.9677429199219
 20
-727.0997619628906
 30
0.0
 10
499.9577331542969
 20
-728.6197204589844
 30
0.0
 10
499.9577331542969
 20
-728.6197204589844
 30
0.0
 10
499.9577331542969
 20
-728.6197204589844
 30
0.0
 10
499.9777526855469
 20
-737.2097473144531
 30
0.0
 10
499.9777526855469
 20
-737.2097473144531
 30
0.0
 10
499.9777526855469
 20
-737.2097473144531
 30
0.0
 10
499.9777526855469
 20
-740.0097351074219
 30
0.0
 10
499.9777526855469
 20
-740.0097351074219
 30
0.0
 10
499.9777526855469
 20
-740.0097351074219
 30
0.0
 10
499.9677429199219
 20
-744.8597106933594
 30
0.0
 10
499.9677429199219
 20
-744.8597106933594
 30
0.0
 10
499.9677429199219
 20
-744.8597106933594
 30
0.0
 10
499.9677429199219
 20
-748.2097473144531
 30
0.0
 10
499.9677429199219
 20
-748.2097473144531
 30
0.0
 10
499.9677429199219
 20
-748.2097473144531
 30
0.0
 10
499.9777526855469
 20
-753.6797180175781
 30
0.0
 10
499.9777526855469
 20
-753.6797180175781
 30
0.0
  0
SPLINE
  5
52
330
41
100
AcDbEntity
  8
Layer 1
370
     0
100
AcDbSpline
210
0.0
220
0.0
230
1.0
 70
    11
 71
     3
 72
    95
 73
    91
 74
     0
 42
0.0000000001
 43
0.0000000001
 12
1.0
 22
0.0
 32
0.0
 13
1.0
 23
0.0
 33
0.0
 40
0.0
 40
0.0
 40
0.0
 40
0.0
 40
1.0
 40
1.0
 40
1.0
 40
2.0
 40
2.0
 40
2.0
 40
3.0
 40
3.0
 40
3.0
 40
4.0
 40
4.0
 40
4.0
 40
5.0
 40
5.0
 40
5.0
 40
6.0
 40
6.0
 40
6.0
 40
7.0
 40
7.0
 40
7.0
 40
8.0
 40
8.0
 40
8.0
 40
9.0
 40
9.0
 40
9.0
 40
10.0
 40
10.0
 40
10.0
 40
11.0
 40
11.0
 40
11.0
 40
12.0
 40
12.0
 40
12.0
 40
13.0
 40
13.0
 40
13.0
 40
14.0
 40
14.0
 40
14.0
 40
15.0
 40
15.0
 40
15.0
 40
16.0
 40
16.0
 40
16.0
 40
17.0
 40
17.0
 40
17.0
 40
18.0
 40
18.0
 40
18.0
 40
19.0
 40
19.0
 40
19.0
 40
20.0
 40
20.0
 40
20.0
 40
21.0
 40
21.0
 40
21.0
 40
22.0
 40
22.0
 40
22.0
 40
23.0
 40
23.0
 40
23.0
 40
24.0
 40
24.0
 40
24.0
 40
25.0
 40
25.0
 40
25.0
 40
26.0
 40
26.0
 40
26.0
 40
27.0
 40
27.0
 40
27.0
 40
28.0
 40
28.0
 40
28.0
 40
29.0
 40
29.0
 40
29.0
 40
30.0
 40
30.0
 40
30.0
 40
30.0
 10
500.0377502441406
 20
-309.1938781738281
 30
0.0
 10
500.0377502441406
 20
-295.8138732910156
 30
0.0
 10
500.0277404785156
 20
-282.4238586425781
 30
0.0
 10
500.0277404785156
 20
-269.0438537597656
 30
0.0
 10
507.1777648925781
 20
-262.3838806152344
 30
0.0
 10
513.5677795410156
 20
-256.1038513183594
 30
0.0
 10
519.2077331542969
 20
-250.2038879394531
 30
0.0
 10
524.1677551269531
 20
-245.0238952636719
 30
0.0
 10
528.3177795410156
 20
-240.2638854980469
 30
0.0
 10
531.6777648925781
 20
-235.9338684082031
 30
0.0
 10
533.6177673339844
 20
-233.3738708496094
 30
0.0
 10
534.8977355957031
 20
-231.2338562011719
 30
0.0
 10
535.5277404785156
 20
-229.5238952636719
 30
0.0
 10
535.9777526855469
 20
-228.3338928222656
 30
0.0
 10
536.2077331542969
 20
-227.1038513183594
 30
0.0
 10
536.2077331542969
 20
-225.8538513183594
 30
0.0
 10
536.2077331542969
 20
-224.2038879394531
 30
0.0
 10
535.8377380371094
 20
-222.7638854980469
 30
0.0
 10
535.0977478027344
 20
-221.5338439941406
 30
0.0
 10
534.3577575683594
 20
-220.3138732910156
 30
0.0
 10
533.1877746582031
 20
-219.2738952636719
 30
0.0
 10
531.5977478027344
 20
-218.4138488769531
 30
0.0
 10
529.9977722167969
 20
-217.5638732910156
 30
0.0
 10
528.0677795410156
 20
-216.8838806152344
 30
0.0
 10
525.7877502441406
 20
-216.3638610839844
 30
0.0
 10
523.5077819824219
 20
-215.8538513183594
 30
0.0
 10
520.9177551269531
 20
-215.5938415527344
 30
0.0
 10
518.0077819824219
 20
-215.5938415527344
 30
0.0
 10
514.0277404785156
 20
-215.5938415527344
 30
0.0
 10
509.8277282714844
 20
-215.9438781738281
 30
0.0
 10
505.4077453613281
 20
-216.6238708496094
 30
0.0
 10
503.8177795410156
 20
-216.8738708496094
 30
0.0
 10
502.0177307128906
 20
-217.1938781738281
 30
0.0
 10
500.0077819824219
 20
-217.6038513183594
 30
0.0
 10
499.9977722167969
 20
-209.3938903808594
 30
0.0
 10
499.9977722167969
 20
-201.1938781738281
 30
0.0
 10
499.9977722167969
 20
-192.9838562011719
 30
0.0
 10
511.9177551269531
 20
-191.3138732910156
 30
0.0
 10
523.2177429199219
 20
-190.4838562011719
 30
0.0
 10
533.9077453613281
 20
-190.4838562011719
 30
0.0
 10
539.8777770996094
 20
-190.4838562011719
 30
0.0
 10
545.6077575683594
 20
-191.0238952636719
 30
0.0
 10
551.0777282714844
 20
-192.1038513183594
 30
0.0
 10
556.5477600097656
 20
-193.1838684082031
 30
0.0
 10
561.4377746582031
 20
-195.0238952636719
 30
0.0
 10
565.7677307128906
 20
-197.6138610839844
 30
0.0
 10
570.0977478027344
 20
-200.2038879394531
 30
0.0
 10
573.3477478027344
 20
-203.2238464355469
 30
0.0
 10
575.5077819824219
 20
-206.6738586425781
 30
0.0
 10
577.6677551269531
 20
-210.1138610839844
 30
0.0
 10
578.7577819824219
 20
-213.8338928222656
 30
0.0
 10
578.7577819824219
 20
-217.8138732910156
 30
0.0
 10
578.7577819824219
 20
-220.4438781738281
 30
0.0
 10
578.4377746582031
 20
-223.0338439941406
 30
0.0
 10
577.8177795410156
 20
-225.5938415527344
 30
0.0
 10
577.1877746582031
 20
-228.0438537597656
 30
0.0
 10
576.0177307128906
 20
-230.9238586425781
 30
0.0
 10
574.3177795410156
 20
-234.2238464355469
 30
0.0
 10
572.1477355957031
 20
-238.3238830566406
 30
0.0
 10
569.4677429199219
 20
-242.3638610839844
 30
0.0
 10
566.2777404785156
 20
-246.3538513183594
 30
0.0
 10
561.5577697753906
 20
-252.3338928222656
 30
0.0
 10
556.0877380371094
 20
-258.5138854980469
 30
0.0
 10
549.8777770996094
 20
-264.8938903808594
 30
0.0
 10
543.9577331542969
 20
-270.9338684082031
 30
0.0
 10
536.8377380371094
 20
-277.7038879394531
 30
0.0
 10
528.5177307128906
 20
-285.2238464355469
 30
0.0
 10
528.5177307128906
 20
-285.2238464355469
 30
0.0
 10
537.9177551269531
 20
-285.3138732910156
 30
0.0
 10
537.9177551269531
 20
-285.3138732910156
 30
0.0
 10
540.1377258300781
 20
-285.3138732910156
 30
0.0
 10
544.5377502441406
 20
-285.2538757324219
 30
0.0
 10
551.1177673339844
 20
-285.1438903808594
 30
0.0
 10
557.6977233886719
 20
-285.0238952636719
 30
0.0
 10
562.2677307128906
 20
-284.9138488769531
 30
0.0
 10
564.8277282714844
 20
-284.8038635253906
 30
0.0
 10
567.3877258300781
 20
-284.6838684082031
 30
0.0
 10
570.5577697753906
 20
-284.4338684082031
 30
0.0
 10
574.3177795410156
 20
-284.0338439941406
 30
0.0
 10
574.1377258300781
 20
-286.7638854980469
 30
0.0
 10
573.8677673339844
 20
-290.1838684082031
 30
0.0
 10
573.4977722167969
 20
-294.2838439941406
 30
0.0
 10
573.1277770996094
 20
-298.3838806152344
 30
0.0
 10
572.7477722167969
 20
-303.3938903808594
 30
0.0
 10
572.3477478027344
 20
-309.3138732910156
 30
0.0
 10
558.1677551269531
 20
-309.2038879394531
 30
0.0
 10
543.3277282714844
 20
-309.1438903808594
 30
0.0
 10
527.8377380371094
 20
-309.1438903808594
 30
0.0
 10
517.7277526855469
 20
-309.1438903808594
 30
0.0
 10
508.4677429199219
 20
-309.1638488769531
 30
0.0
 10
500.0377502441406
 20
-309.1938781738281
 30
0.0
  0
SPLINE
  5
53
330
41
100
AcDbEntity
  8
Layer 1
370
     0
100
AcDbSpline
210
0.0
220
0.0
230
1.0
 70
    11
 71
     3
 72
   119
 73
   115
 74
     0
 42
0.0000000001
 43
0.0000000001
 12
1.0
 22
0.0
 32
0.0
 13
1.0
 23
0.0
 33
0.0
 40
0.0
 40
0.0
 40
0.0
 40
0.0
 40
1.0
 40
1.0
 40
1.0
 40
2.0
 40
2.0
 40
2.0
 40
3.0
 40
3.0
 40
3.0
 40
4.0
 40
4.0
 40
4.0
 40
5.0
 40
5.0
 40
5.0
 40
6.0
 40
6.0
 40
6.0
 40
7.0
 40
7.0
 40
7.0
 40
8.0
 40
8.0
 40
8.0
 40
9.0
 40
9.0
 40
9.0
 40
10.0
 40
10.0
 40
10.0
 40
11.0
 40
11.0
 40
11.0
 40
12.0
 40
12.0
 40
12.0
 40
13.0
 40
13.0
 40
13.0
 40
14.0
 40
14.0
 40
14.0
 40
15.0
 40
15.0
 40
15.0
 40
16.0
 40
16.0
 40
16.0
 40
17.0
 40
17.0
 40
17.0
 40
18.0
 40
18.0
 40
18.0
 40
19.0
 40
19.0
 40
19.0
 40
20.0
 40
20.0
 40
20.0
 40
21.0
 40
21.0
 40
21.0
 40
22.0
 40
22.0
 40
22.0
 40
23.0
 40
23.0
 40
23.0
 40
24.0
 40
24.0
 40
24.0
 40
25.0
 40
25.0
 40
25.0
 40
26.0
 40
26.0
 40
26.0
 40
27.0
 40
27.0
 40
27.0
 40
28.0
 40
28.0
 40
28.0
 40
29.0
 40
29.0
 40
29.0
 40
30.0
 40
30.0
 40
30.0
 40
31.0
 40
31.0
 40
31.0
 40
32.0
 40
32.0
 40
32.0
 40
33.0
 40
33.0
 40
33.0
 40
34.0
 40
34.0
 40
34.0
 40
35.0
 40
35.0
 40
35.0
 40
36.0
 40
36.0
 40
36.0
 40
37.0
 40
37.0
 40
37.0
 40
38.0
 40
38.0
 40
38.0
 40
38.0
 10
652.1177673339844
 20
-760.2497253417969
 30
0.0
 10
648.9277648925781
 20
-765.9697570800781
 30
0.0
 10
644.5577697753906
 20
-770.5297546386719
 30
0.0
 10
639.0077819824219
 20
-773.9197082519531
 30
0.0
 10
633.4477233886719
 20
-777.3097229003906
 30
0.0
 10
627.0177307128906
 20
-779.7597351074219
 30
0.0
 10
619.6977233886719
 20
-781.2697448730469
 30
0.0
 10
612.3777770996094
 20
-782.7797546386719
 30
0.0
 10
604.8777770996094
 20
-783.5297546386719
 30
0.0
 10
597.1877746582031
 20
-783.5297546386719
 30
0.0
 10
594.2777404785156
 20
-783.5297546386719
 30
0.0
 10
590.8377380371094
 20
-783.3497619628906
 30
0.0
 10
586.8477478027344
 20
-782.9797668457031
 30
0.0
 10
582.8577575683594
 20
-782.5997619628906
 30
0.0
 10
579.4977722167969
 20
-782.1897277832031
 30
0.0
 10
576.7677307128906
 20
-781.7397155761719
 30
0.0
 10
574.0377502441406
 20
-781.2797546386719
 30
0.0
 10
570.5277404785156
 20
-780.5697326660156
 30
0.0
 10
566.2577819824219
 20
-779.5997619628906
 30
0.0
 10
566.2577819824219
 20
-779.5997619628906
 30
0.0
 10
565.6577453613281
 20
-770.9997253417969
 30
0.0
 10
565.6577453613281
 20
-770.9997253417969
 30
0.0
 10
565.4877624511719
 20
-768.2197570800781
 30
0.0
 10
565.3077697753906
 20
-765.6897277832031
 30
0.0
 10
565.1077575683594
 20
-763.4197082519531
 30
0.0
 10
564.9077453613281
 20
-761.1497497558594
 30
0.0
 10
564.5177307128906
 20
-757.4597473144531
 30
0.0
 10
563.9477233886719
 20
-752.3497619628906
 30
0.0
 10
575.7377624511719
 20
-755.7097473144531
 30
0.0
 10
585.5077819824219
 20
-757.3897399902344
 30
0.0
 10
593.2577819824219
 20
-757.3897399902344
 30
0.0
 10
597.4077453613281
 20
-757.3897399902344
 30
0.0
 10
601.2477722167969
 20
-756.7297668457031
 30
0.0
 10
604.7477722167969
 20
-755.4197082519531
 30
0.0
 10
608.2477722167969
 20
-754.0997619628906
 30
0.0
 10
610.9377746582031
 20
-752.2497253417969
 30
0.0
 10
612.8177795410156
 20
-749.8497619628906
 30
0.0
 10
614.6977233886719
 20
-747.4497375488281
 30
0.0
 10
615.6377258300781
 20
-744.8197326660156
 30
0.0
 10
615.6377258300781
 20
-741.9597473144531
 30
0.0
 10
615.6377258300781
 20
-737.7897644042969
 30
0.0
 10
613.7177429199219
 20
-734.6397399902344
 30
0.0
 10
609.8677673339844
 20
-732.4897155761719
 30
0.0
 10
606.0277404785156
 20
-730.3497619628906
 30
0.0
 10
600.0077819824219
 20
-729.2797546386719
 30
0.0
 10
591.8077697753906
 20
-729.2797546386719
 30
0.0
 10
588.1577453613281
 20
-729.2797546386719
 30
0.0
 10
584.5877380371094
 20
-729.4097595214844
 30
0.0
 10
581.0777282714844
 20
-729.6597595214844
 30
0.0
 10
577.5777282714844
 20
-729.9197082519531
 30
0.0
 10
572.8377380371094
 20
-730.4497375488281
 30
0.0
 10
566.8577575683594
 20
-731.2497253417969
 30
0.0
 10
566.8577575683594
 20
-731.2497253417969
 30
0.0
 10
571.2477722167969
 20
-676.0497131347656
 30
0.0
 10
571.2477722167969
 20
-676.0497131347656
 30
0.0
 10
571.4177551269531
 20
-673.3197326660156
 30
0.0
 10
571.5877380371094
 20
-669.5297546386719
 30
0.0
 10
571.7677307128906
 20
-664.6897277832031
 30
0.0
 10
583.3877258300781
 20
-664.7897644042969
 30
0.0
 10
594.6577453613281
 20
-664.8397521972656
 30
0.0
 10
605.5577697753906
 20
-664.8497619628906
 30
0.0
 10
605.5577697753906
 20
-664.8497619628906
 30
0.0
 10
619.1177673339844
 20
-689.8197326660156
 30
0.0
 10
619.1177673339844
 20
-689.8197326660156
 30
0.0
 10
617.9277648925781
 20
-689.8097229003906
 30
0.0
 10
616.6777648925781
 20
-689.8097229003906
 30
0.0
 10
615.3877258300781
 20
-689.8097229003906
 30
0.0
 10
613.6177673339844
 20
-689.8097229003906
 30
0.0
 10
610.7077331542969
 20
-689.8697204589844
 30
0.0
 10
606.6677551269531
 20
-689.9797668457031
 30
0.0
 10
606.6677551269531
 20
-689.9797668457031
 30
0.0
 10
604.9377746582031
 20
-709.5397644042969
 30
0.0
 10
604.9377746582031
 20
-709.5397644042969
 30
0.0
 10
608.7577819824219
 20
-709.2597351074219
 30
0.0
 10
611.7177429199219
 20
-709.1197204589844
 30
0.0
 10
613.8277282714844
 20
-709.1197204589844
 30
0.0
 10
619.9477233886719
 20
-709.1197204589844
 30
0.0
 10
625.5677795410156
 20
-709.7897644042969
 30
0.0
 10
630.6977233886719
 20
-711.1297302246094
 30
0.0
 10
630.6977233886719
 20
-711.1297302246094
 30
0.0
 10
632.0477600097656
 20
-713.6197204589844
 30
0.0
 10
632.0477600097656
 20
-713.6197204589844
 30
0.0
 10
632.0477600097656
 20
-713.6197204589844
 30
0.0
 10
633.0477600097656
 20
-715.4597473144531
 30
0.0
 10
633.0477600097656
 20
-715.4597473144531
 30
0.0
 10
633.0477600097656
 20
-715.4597473144531
 30
0.0
 10
636.3677673339844
 20
-721.5797424316406
 30
0.0
 10
636.3677673339844
 20
-721.5797424316406
 30
0.0
 10
636.3677673339844
 20
-721.5797424316406
 30
0.0
 10
637.6277770996094
 20
-723.9097595214844
 30
0.0
 10
637.6277770996094
 20
-723.9097595214844
 30
0.0
 10
637.6277770996094
 20
-723.9097595214844
 30
0.0
 10
639.8977355957031
 20
-728.0897521972656
 30
0.0
 10
639.8977355957031
 20
-728.0897521972656
 30
0.0
 10
639.8977355957031
 20
-728.0897521972656
 30
0.0
 10
641.3977355957031
 20
-730.8597106933594
 30
0.0
 10
641.3977355957031
 20
-730.8597106933594
 30
0.0
 10
641.3977355957031
 20
-730.8597106933594
 30
0.0
 10
642.1177673339844
 20
-732.1997375488281
 30
0.0
 10
642.1177673339844
 20
-732.1997375488281
 30
0.0
 10
642.1177673339844
 20
-732.1997375488281
 30
0.0
 10
647.5577697753906
 20
-742.1997375488281
 30
0.0
 10
647.5577697753906
 20
-742.1997375488281
 30
0.0
 10
647.5577697753906
 20
-742.1997375488281
 30
0.0
 10
649.8677673339844
 20
-746.4597473144531
 30
0.0
 10
649.8677673339844
 20
-746.4597473144531
 30
0.0
 10
649.8677673339844
 20
-746.4597473144531
 30
0.0
 10
651.4677429199219
 20
-749.4097595214844
 30
0.0
 10
651.4677429199219
 20
-749.4097595214844
 30
0.0
 10
651.4677429199219
 20
-749.4097595214844
 30
0.0
 10
654.5377502441406
 20
-755.0697326660156
 30
0.0
 10
654.5377502441406
 20
-755.0697326660156
 30
0.0
 10
653.8777770996094
 20
-756.8197326660156
 30
0.0
 10
653.0677795410156
 20
-758.5497131347656
 30
0.0
 10
652.1177673339844
 20
-760.2497253417969
 30
0.0
  0
SPLINE
  5
54
330
41
100
AcDbEntity
  8
Layer 1
370
     0
100
AcDbSpline
210
0.0
220
0.0
230
1.0
 70
    11
 71
     3
 72
    50
 73
    46
 74
     0
 42
0.0000000001
 43
0.0000000001
 12
1.0
 22
0.0
 32
0.0
 13
1.0
 23
0.0
 33
0.0
 40
0.0
 40
0.0
 40
0.0
 40
0.0
 40
1.0
 40
1.0
 40
1.0
 40
2.0
 40
2.0
 40
2.0
 40
3.0
 40
3.0
 40
3.0
 40
4.0
 40
4.0
 40
4.0
 40
5.0
 40
5.0
 40
5.0
 40
6.0
 40
6.0
 40
6.0
 40
7.0
 40
7.0
 40
7.0
 40
8.0
 40
8.0
 40
8.0
 40
9.0
 40
9.0
 40
9.0
 40
10.0
 40
10.0
 40
10.0
 40
11.0
 40
11.0
 40
11.0
 40
12.0
 40
12.0
 40
12.0
 40
13.0
 40
13.0
 40
13.0
 40
14.0
 40
14.0
 40
14.0
 40
15.0
 40
15.0
 40
15.0
 40
15.0
 10
636.0477600097656
 20
-358.8997497558594
 30
0.0
 10
636.7777404785156
 20
-350.0697326660156
 30
0.0
 10
637.7177429199219
 20
-335.7997131347656
 30
0.0
 10
638.8477478027344
 20
-316.0897521972656
 30
0.0
 10
639.9777526855469
 20
-296.3897399902344
 30
0.0
 10
640.6277770996094
 20
-282.2897644042969
 30
0.0
 10
640.7977600097656
 20
-273.7997131347656
 30
0.0
 10
638.6977233886719
 20
-275.1197204589844
 30
0.0
 10
636.6477355957031
 20
-276.4097595214844
 30
0.0
 10
634.6577453613281
 20
-277.6897277832031
 30
0.0
 10
632.6677551269531
 20
-278.9697570800781
 30
0.0
 10
628.3477478027344
 20
-282.0097351074219
 30
0.0
 10
621.6977233886719
 20
-286.7897644042969
 30
0.0
 10
621.9877624511719
 20
-282.6397399902344
 30
0.0
 10
622.2577819824219
 20
-277.8697204589844
 30
0.0
 10
622.4977722167969
 20
-272.4797668457031
 30
0.0
 10
628.6977233886719
 20
-262.9997253417969
 30
0.0
 10
634.8977355957031
 20
-253.5197448730469
 30
0.0
 10
641.0977478027344
 20
-244.0397644042969
 30
0.0
 10
641.7377624511719
 20
-243.5497131347656
 30
0.0
 10
642.4877624511719
 20
-242.9597473144531
 30
0.0
 10
643.3477478027344
 20
-242.2797546386719
 30
0.0
 10
648.4177551269531
 20
-242.3897399902344
 30
0.0
 10
654.2677307128906
 20
-242.4497375488281
 30
0.0
 10
660.8777770996094
 20
-242.4497375488281
 30
0.0
 10
667.1577453613281
 20
-242.4497375488281
 30
0.0
 10
673.5777282714844
 20
-242.3897399902344
 30
0.0
 10
680.1277770996094
 20
-242.2797546386719
 30
0.0
 10
680.1277770996094
 20
-242.2797546386719
 30
0.0
 10
678.4177551269531
 20
-261.3297424316406
 30
0.0
 10
678.4177551269531
 20
-261.3297424316406
 30
0.0
 10
678.4177551269531
 20
-261.3297424316406
 30
0.0
 10
674.7377624511719
 20
-324.5497131347656
 30
0.0
 10
674.7377624511719
 20
-324.5497131347656
 30
0.0
 10
674.7377624511719
 20
-324.5497131347656
 30
0.0
 10
673.8877258300781
 20
-347.7897644042969
 30
0.0
 10
673.8877258300781
 20
-347.7897644042969
 30
0.0
 10
673.8877258300781
 20
-347.7897644042969
 30
0.0
 10
673.8877258300781
 20
-358.8997497558594
 30
0.0
 10
673.8877258300781
 20
-358.8997497558594
 30
0.0
 10
669.0377502441406
 20
-358.7797546386719
 30
0.0
 10
663.1477355957031
 20
-358.7297668457031
 30
0.0
 10
656.2077331542969
 20
-358.7297668457031
 30
0.0
 10
648.1177673339844
 20
-358.7297668457031
 30
0.0
 10
641.3977355957031
 20
-358.7797546386719
 30
0.0
 10
636.0477600097656
 20
-358.8997497558594
 30
0.0
  0
SPLINE
  5
55
330
41
100
AcDbEntity
  8
Layer 1
370
     0
100
AcDbSpline
210
0.0
220
0.0
230
1.0
 70
    11
 71
     3
 72
   110
 73
   106
 74
     0
 42
0.0000000001
 43
0.0000000001
 12
1.0
 22
0.0
 32
0.0
 13
1.0
 23
0.0
 33
0.0
 40
0.0
 40
0.0
 40
0.0
 40
0.0
 40
1.0
 40
1.0
 40
1.0
 40
2.0
 40
2.0
 40
2.0
 40
3.0
 40
3.0
 40
3.0
 40
4.0
 40
4.0
 40
4.0
 40
5.0
 40
5.0
 40
5.0
 40
6.0
 40
6.0
 40
6.0
 40
7.0
 40
7.0
 40
7.0
 40
8.0
 40
8.0
 40
8.0
 40
9.0
 40
9.0
 40
9.0
 40
10.0
 40
10.0
 40
10.0
 40
11.0
 40
11.0
 40
11.0
 40
12.0
 40
12.0
 40
12.0
 40
13.0
 40
13.0
 40
13.0
 40
14.0
 40
14.0
 40
14.0
 40
15.0
 40
15.0
 40
15.0
 40
16.0
 40
16.0
 40
16.0
 40
17.0
 40
17.0
 40
17.0
 40
18.0
 40
18.0
 40
18.0
 40
19.0
 40
19.0
 40
19.0
 40
20.0
 40
20.0
 40
20.0
 40
21.0
 40
21.0
 40
21.0
 40
22.0
 40
22.0
 40
22.0
 40
23.0
 40
23.0
 40
23.0
 40
24.0
 40
24.0
 40
24.0
 40
25.0
 40
25.0
 40
25.0
 40
26.0
 40
26.0
 40
26.0
 40
27.0
 40
27.0
 40
27.0
 40
28.0
 40
28.0
 40
28.0
 40
29.0
 40
29.0
 40
29.0
 40
30.0
 40
30.0
 40
30.0
 40
31.0
 40
31.0
 40
31.0
 40
32.0
 40
32.0
 40
32.0
 40
33.0
 40
33.0
 40
33.0
 40
34.0
 40
34.0
 40
34.0
 40
35.0
 40
35.0
 40
35.0
 40
35.0
 10
761.6777648925781
 20
-641.8197326660156
 30
0.0
 10
761.4877624511719
 20
-648.1897277832031
 30
0.0
 10
761.3877258300781
 20
-654.8897399902344
 30
0.0
 10
761.3877258300781
 20
-661.8997497558594
 30
0.0
 10
761.3877258300781
 20
-661.8997497558594
 30
0.0
 10
761.3877258300781
 20
-665.9197082519531
 30
0.0
 10
761.3877258300781
 20
-665.9197082519531
 30
0.0
 10
757.9777526855469
 20
-665.6897277832031
 30
0.0
 10
752.9477233886719
 20
-665.5797424316406
 30
0.0
 10
746.2877502441406
 20
-665.5797424316406
 30
0.0
 10
746.2877502441406
 20
-665.5797424316406
 30
0.0
 10
742.7877502441406
 20
-665.6597595214844
 30
0.0
 10
742.7877502441406
 20
-665.6597595214844
 30
0.0
 10
742.3177795410156
 20
-671.1897277832031
 30
0.0
 10
742.0777282714844
 20
-681.0997619628906
 30
0.0
 10
742.0777282714844
 20
-695.3897399902344
 30
0.0
 10
736.4377746582031
 20
-695.2797546386719
 30
0.0
 10
730.5977478027344
 20
-695.2197570800781
 30
0.0
 10
724.5677795410156
 20
-695.2197570800781
 30
0.0
 10
718.9277648925781
 20
-695.2197570800781
 30
0.0
 10
712.7177429199219
 20
-695.2797546386719
 30
0.0
 10
705.9477233886719
 20
-695.3897399902344
 30
0.0
 10
706.4677429199219
 20
-690.3197326660156
 30
0.0
 10
706.9277648925781
 20
-684.9397277832031
 30
0.0
 10
707.3377380371094
 20
-679.2397155761719
 30
0.0
 10
707.7377624511719
 20
-673.5497131347656
 30
0.0
 10
708.0277404785156
 20
-669.0197448730469
 30
0.0
 10
708.2077331542969
 20
-665.6597595214844
 30
0.0
 10
708.2077331542969
 20
-665.6597595214844
 30
0.0
 10
698.8877258300781
 20
-665.7497253417969
 30
0.0
 10
698.8877258300781
 20
-665.7497253417969
 30
0.0
 10
698.8877258300781
 20
-665.7497253417969
 30
0.0
 10
691.8677673339844
 20
-665.7497253417969
 30
0.0
 10
691.8677673339844
 20
-665.7497253417969
 30
0.0
 10
691.8677673339844
 20
-665.7497253417969
 30
0.0
 10
659.7277526855469
 20
-666.2597351074219
 30
0.0
 10
659.7277526855469
 20
-666.2597351074219
 30
0.0
 10
659.7277526855469
 20
-666.2597351074219
 30
0.0
 10
659.9777526855469
 20
-663.6097106933594
 30
0.0
 10
659.9777526855469
 20
-663.6097106933594
 30
0.0
 10
660.0377502441406
 20
-662.9797668457031
 30
0.0
 10
660.1177673339844
 20
-661.1297302246094
 30
0.0
 10
660.2377624511719
 20
-658.0597229003906
 30
0.0
 10
660.2377624511719
 20
-658.0597229003906
 30
0.0
 10
660.9177551269531
 20
-641.8197326660156
 30
0.0
 10
660.9177551269531
 20
-641.8197326660156
 30
0.0
 10
660.9777526855469
 20
-640.3397521972656
 30
0.0
 10
661.0077819824219
 20
-638.7797546386719
 30
0.0
 10
661.0077819824219
 20
-637.1297302246094
 30
0.0
 10
666.8077697753906
 20
-630.1197204589844
 30
0.0
 10
673.5077819824219
 20
-621.3897399902344
 30
0.0
 10
681.1077575683594
 20
-610.9397277832031
 30
0.0
 10
684.2577819824219
 20
-606.6097106933594
 30
0.0
 10
687.3477478027344
 20
-602.2297668457031
 30
0.0
 10
690.3777770996094
 20
-597.7997131347656
 30
0.0
 10
690.3777770996094
 20
-597.7997131347656
 30
0.0
 10
696.6777648925781
 20
-601.6897277832031
 30
0.0
 10
696.6777648925781
 20
-601.6897277832031
 30
0.0
 10
696.6777648925781
 20
-601.6897277832031
 30
0.0
 10
699.3577575683594
 20
-603.3497619628906
 30
0.0
 10
699.3577575683594
 20
-603.3497619628906
 30
0.0
 10
699.3577575683594
 20
-603.3497619628906
 30
0.0
 10
710.3377380371094
 20
-610.1297302246094
 30
0.0
 10
710.3377380371094
 20
-610.1297302246094
 30
0.0
 10
708.5677795410156
 20
-612.8397521972656
 30
0.0
 10
707.0077819824219
 20
-615.1697082519531
 30
0.0
 10
705.6577453613281
 20
-617.1197204589844
 30
0.0
 10
703.2577819824219
 20
-620.5897521972656
 30
0.0
 10
701.5177307128906
 20
-623.0697326660156
 30
0.0
 10
700.4277648925781
 20
-624.5497131347656
 30
0.0
 10
700.4277648925781
 20
-624.5497131347656
 30
0.0
 10
688.0077819824219
 20
-641.6497497558594
 30
0.0
 10
688.0077819824219
 20
-641.6497497558594
 30
0.0
 10
688.0077819824219
 20
-641.6497497558594
 30
0.0
 10
713.0777282714844
 20
-641.6497497558594
 30
0.0
 10
713.0777282714844
 20
-641.6497497558594
 30
0.0
 10
713.0777282714844
 20
-641.6497497558594
 30
0.0
 10
714.4577331542969
 20
-612.6697082519531
 30
0.0
 10
714.4577331542969
 20
-612.6697082519531
 30
0.0
 10
714.4577331542969
 20
-612.6697082519531
 30
0.0
 10
717.3177795410156
 20
-614.4397277832031
 30
0.0
 10
717.3177795410156
 20
-614.4397277832031
 30
0.0
 10
717.3177795410156
 20
-614.4397277832031
 30
0.0
 10
733.8277282714844
 20
-624.6297302246094
 30
0.0
 10
733.8277282714844
 20
-624.6297302246094
 30
0.0
 10
733.8277282714844
 20
-624.6297302246094
 30
0.0
 10
743.9477233886719
 20
-630.8797302246094
 30
0.0
 10
743.9477233886719
 20
-630.8797302246094
 30
0.0
 10
743.8377380371094
 20
-634.5897521972656
 30
0.0
 10
743.7677307128906
 20
-637.7497253417969
 30
0.0
 10
743.7377624511719
 20
-640.3697204589844
 30
0.0
 10
746.4677429199219
 20
-640.4897155761719
 30
0.0
 10
749.6777648925781
 20
-640.5397644042969
 30
0.0
 10
753.3777770996094
 20
-640.5397644042969
 30
0.0
 10
756.2777404785156
 20
-640.5397644042969
 30
0.0
 10
757.9477233886719
 20
-640.5297546386719
 30
0.0
 10
758.4077453613281
 20
-640.4997253417969
 30
0.0
 10
758.6177673339844
 20
-640.4897155761719
 30
0.0
 10
758.9577331542969
 20
-640.4597473144531
 30
0.0
 10
759.4377746582031
 20
-640.4397277832031
 30
0.0
 10
760.0077819824219
 20
-640.3997497558594
 30
0.0
 10
760.7677307128906
 20
-640.3497619628906
 30
0.0
 10
761.7277526855469
 20
-640.2897644042969
 30
0.0
 10
761.7077331542969
 20
-640.7997131347656
 30
0.0
 10
761.6977233886719
 20
-641.2997131347656
 30
0.0
 10
761.6777648925781
 20
-641.8197326660156
 30
0.0
  0
SPLINE
  5
56
330
41
100
AcDbEntity
  8
Layer 1
370
     0
100
AcDbSpline
210
0.0
220
0.0
230
1.0
 70
    11
 71
     3
 72
   119
 73
   115
 74
     0
 42
0.0000000001
 43
0.0000000001
 12
1.0
 22
0.0
 32
0.0
 13
1.0
 23
0.0
 33
0.0
 40
0.0
 40
0.0
 40
0.0
 40
0.0
 40
1.0
 40
1.0
 40
1.0
 40
2.0
 40
2.0
 40
2.0
 40
3.0
 40
3.0
 40
3.0
 40
4.0
 40
4.0
 40
4.0
 40
5.0
 40
5.0
 40
5.0
 40
6.0
 40
6.0
 40
6.0
 40
7.0
 40
7.0
 40
7.0
 40
8.0
 40
8.0
 40
8.0
 40
9.0
 40
9.0
 40
9.0
 40
10.0
 40
10.0
 40
10.0
 40
11.0
 40
11.0
 40
11.0
 40
12.0
 40
12.0
 40
12.0
 40
13.0
 40
13.0
 40
13.0
 40
14.0
 40
14.0
 40
14.0
 40
15.0
 40
15.0
 40
15.0
 40
16.0
 40
16.0
 40
16.0
 40
17.0
 40
17.0
 40
17.0
 40
18.0
 40
18.0
 40
18.0
 40
19.0
 40
19.0
 40
19.0
 40
20.0
 40
20.0
 40
20.0
 40
21.0
 40
21.0
 40
21.0
 40
22.0
 40
22.0
 40
22.0
 40
23.0
 40
23.0
 40
23.0
 40
24.0
 40
24.0
 40
24.0
 40
25.0
 40
25.0
 40
25.0
 40
26.0
 40
26.0
 40
26.0
 40
27.0
 40
27.0
 40
27.0
 40
28.0
 40
28.0
 40
28.0
 40
29.0
 40
29.0
 40
29.0
 40
30.0
 40
30.0
 40
30.0
 40
31.0
 40
31.0
 40
31.0
 40
32.0
 40
32.0
 40
32.0
 40
33.0
 40
33.0
 40
33.0
 40
34.0
 40
34.0
 40
34.0
 40
35.0
 40
35.0
 40
35.0
 40
36.0
 40
36.0
 40
36.0
 40
37.0
 40
37.0
 40
37.0
 40
38.0
 40
38.0
 40
38.0
 40
38.0
 10
746.9577331542969
 20
-587.0197448730469
 30
0.0
 10
740.5177307128906
 20
-587.0197448730469
 30
0.0
 10
734.3777770996094
 20
-586.6897277832031
 30
0.0
 10
728.5477600097656
 20
-586.0397644042969
 30
0.0
 10
722.7077331542969
 20
-585.3797302246094
 30
0.0
 10
715.6577453613281
 20
-584.1997375488281
 30
0.0
 10
707.3977355957031
 20
-582.4897155761719
 30
0.0
 10
706.6577453613281
 20
-570.9297180175781
 30
0.0
 10
705.9177551269531
 20
-561.7297668457031
 30
0.0
 10
705.1777648925781
 20
-554.8997497558594
 30
0.0
 10
717.8777770996094
 20
-559.1697082519531
 30
0.0
 10
729.3577575683594
 20
-561.3097229003906
 30
0.0
 10
739.6077575683594
 20
-561.3097229003906
 30
0.0
 10
745.9277648925781
 20
-561.3097229003906
 30
0.0
 10
751.0377502441406
 20
-560.0397644042969
 30
0.0
 10
754.9477233886719
 20
-557.4997253417969
 30
0.0
 10
758.8477478027344
 20
-554.9697570800781
 30
0.0
 10
760.7977600097656
 20
-551.5697326660156
 30
0.0
 10
760.7977600097656
 20
-547.2997131347656
 30
0.0
 10
760.7977600097656
 20
-543.1397399902344
 30
0.0
 10
758.8177795410156
 20
-540.0897521972656
 30
0.0
 10
754.8577575683594
 20
-538.1497497558594
 30
0.0
 10
750.8977355957031
 20
-536.2197570800781
 30
0.0
 10
744.7377624511719
 20
-535.2497253417969
 30
0.0
 10
736.3577575683594
 20
-535.2497253417969
 30
0.0
 10
730.9477233886719
 20
-535.2497253417969
 30
0.0
 10
725.9977722167969
 20
-535.5597229003906
 30
0.0
 10
721.4977722167969
 20
-536.1897277832031
 30
0.0
 10
722.2877502441406
 20
-527.2997131347656
 30
0.0
 10
722.9477233886719
 20
-518.5597229003906
 30
0.0
 10
723.4577331542969
 20
-509.9597473144531
 30
0.0
 10
727.5577697753906
 20
-510.6997375488281
 30
0.0
 10
731.8577575683594
 20
-511.0697326660156
 30
0.0
 10
736.3577575683594
 20
-511.0697326660156
 30
0.0
 10
741.4877624511719
 20
-511.0697326660156
 30
0.0
 10
745.7477722167969
 20
-510.7497253417969
 30
0.0
 10
749.1377258300781
 20
-510.0897521972656
 30
0.0
 10
752.5177307128906
 20
-509.4397277832031
 30
0.0
 10
755.0977478027344
 20
-508.1697082519531
 30
0.0
 10
756.8677673339844
 20
-506.2597351074219
 30
0.0
 10
758.6277770996094
 20
-504.3697204589844
 30
0.0
 10
759.5177307128906
 20
-502.3097229003906
 30
0.0
 10
759.5177307128906
 20
-500.0997619628906
 30
0.0
 10
759.5177307128906
 20
-499.9297180175781
 30
0.0
 10
759.5077819824219
 20
-499.7597351074219
 30
0.0
 10
759.4977722167969
 20
-499.5897521972656
 30
0.0
 10
759.4977722167969
 20
-499.5897521972656
 30
0.0
 10
769.9577331542969
 20
-499.5897521972656
 30
0.0
 10
769.9577331542969
 20
-499.5897521972656
 30
0.0
 10
769.9577331542969
 20
-499.5897521972656
 30
0.0
 10
774.2177429199219
 20
-499.5797424316406
 30
0.0
 10
774.2177429199219
 20
-499.5797424316406
 30
0.0
 10
774.2177429199219
 20
-499.5797424316406
 30
0.0
 10
779.2877502441406
 20
-499.5897521972656
 30
0.0
 10
779.2877502441406
 20
-499.5897521972656
 30
0.0
 10
779.2877502441406
 20
-499.5897521972656
 30
0.0
 10
781.8477478027344
 20
-499.5797424316406
 30
0.0
 10
781.8477478027344
 20
-499.5797424316406
 30
0.0
 10
781.8477478027344
 20
-499.5797424316406
 30
0.0
 10
782.6477355957031
 20
-499.5897521972656
 30
0.0
 10
782.6477355957031
 20
-499.5897521972656
 30
0.0
 10
782.6477355957031
 20
-499.5897521972656
 30
0.0
 10
791.8577575683594
 20
-499.5897521972656
 30
0.0
 10
791.8577575683594
 20
-499.5897521972656
 30
0.0
 10
791.8577575683594
 20
-499.5897521972656
 30
0.0
 10
794.8177795410156
 20
-499.5997619628906
 30
0.0
 10
794.8177795410156
 20
-499.5997619628906
 30
0.0
 10
794.8177795410156
 20
-499.5997619628906
 30
0.0
 10
795.7977600097656
 20
-499.5897521972656
 30
0.0
 10
795.7977600097656
 20
-499.5897521972656
 30
0.0
 10
795.7977600097656
 20
-499.5897521972656
 30
0.0
 10
799.9077453613281
 20
-499.5897521972656
 30
0.0
 10
799.9077453613281
 20
-499.5897521972656
 30
0.0
 10
799.7177429199219
 20
-500.8197326660156
 30
0.0
 10
799.4477233886719
 20
-502.0297546386719
 30
0.0
 10
799.1077575683594
 20
-503.2097473144531
 30
0.0
 10
798.3477478027344
 20
-505.8897399902344
 30
0.0
 10
797.1577453613281
 20
-508.3797302246094
 30
0.0
 10
795.5677795410156
 20
-510.6897277832031
 30
0.0
 10
793.9677429199219
 20
-512.9897155761719
 30
0.0
 10
792.0877380371094
 20
-515.0297546386719
 30
0.0
 10
789.9277648925781
 20
-516.7997131347656
 30
0.0
 10
787.7677307128906
 20
-518.5597229003906
 30
0.0
 10
785.6577453613281
 20
-519.9897155761719
 30
0.0
 10
783.6077575683594
 20
-521.0697326660156
 30
0.0
 10
781.5577697753906
 20
-522.1497497558594
 30
0.0
 10
778.8177795410156
 20
-523.3697204589844
 30
0.0
 10
775.4077453613281
 20
-524.7397155761719
 30
0.0
 10
778.9977722167969
 20
-525.4797668457031
 30
0.0
 10
781.7977600097656
 20
-526.2497253417969
 30
0.0
 10
783.8177795410156
 20
-527.0497131347656
 30
0.0
 10
785.8377380371094
 20
-527.8497619628906
 30
0.0
 10
787.8777770996094
 20
-528.9997253417969
 30
0.0
 10
789.9277648925781
 20
-530.5097351074219
 30
0.0
 10
791.9777526855469
 20
-532.0197448730469
 30
0.0
 10
793.7177429199219
 20
-533.7797546386719
 30
0.0
 10
795.1377258300781
 20
-535.7997131347656
 30
0.0
 10
796.5677795410156
 20
-537.8297424316406
 30
0.0
 10
797.6177673339844
 20
-540.0897521972656
 30
0.0
 10
798.2977600097656
 20
-542.5997619628906
 30
0.0
 10
798.9877624511719
 20
-545.0997619628906
 30
0.0
 10
799.3277282714844
 20
-547.7797546386719
 30
0.0
 10
799.3277282714844
 20
-550.6297302246094
 30
0.0
 10
799.3277282714844
 20
-556.2697448730469
 30
0.0
 10
798.0277404785156
 20
-561.4797668457031
 30
0.0
 10
795.4377746582031
 20
-566.2597351074219
 30
0.0
 10
792.8477478027344
 20
-571.0497131347656
 30
0.0
 10
789.0277404785156
 20
-575.0197448730469
 30
0.0
 10
783.9877624511719
 20
-578.1797180175781
 30
0.0
 10
778.9477233886719
 20
-581.3397521972656
 30
0.0
 10
773.1677551269531
 20
-583.5997619628906
 30
0.0
 10
766.6477355957031
 20
-584.9697570800781
 30
0.0
 10
760.1277770996094
 20
-586.3397521972656
 30
0.0
 10
753.5577697753906
 20
-587.0197448730469
 30
0.0
 10
746.9577331542969
 20
-587.0197448730469
 30
0.0
  0
HATCH
  5
57
330
41
100
AcDbEntity
  8
Layer 1
 62
     7
420
 16777215
100
AcDbHatch
 10
0.0
 20
0.0
 30
0.0
210
0.0
220
0.0
230
1.0
  2
SOLID
 70
     1
 71
     0
 91
       16
 92
        1
 93
        1
 72
     4
 94
        3
 73
     0
 74
     1
 95
      113
 96
      109
 40
0.0
 40
0.0
 40
0.0
 40
0.0
 40
1.0
 40
1.0
 40
1.0
 40
2.0
 40
2.0
 40
2.0
 40
3.0
 40
3.0
 40
3.0
 40
4.0
 40
4.0
 40
4.0
 40
5.0
 40
5.0
 40
5.0
 40
6.0
 40
6.0
 40
6.0
 40
7.0
 40
7.0
 40
7.0
 40
8.0
 40
8.0
 40
8.0
 40
9.0
 40
9.0
 40
9.0
 40
10.0
 40
10.0
 40
10.0
 40
11.0
 40
11.0
 40
11.0
 40
12.0
 40
12.0
 40
12.0
 40
13.0
 40
13.0
 40
13.0
 40
14.0
 40
14.0
 40
14.0
 40
15.0
 40
15.0
 40
15.0
 40
16.0
 40
16.0
 40
16.0
 40
17.0
 40
17.0
 40
17.0
 40
18.0
 40
18.0
 40
18.0
 40
19.0
 40
19.0
 40
19.0
 40
20.0
 40
20.0
 40
20.0
 40
21.0
 40
21.0
 40
21.0
 40
22.0
 40
22.0
 40
22.0
 40
23.0
 40
23.0
 40
23.0
 40
24.0
 40
24.0
 40
24.0
 40
25.0
 40
25.0
 40
25.0
 40
26.0
 40
26.0
 40
26.0
 40
27.0
 40
27.0
 40
27.0
 40
28.0
 40
28.0
 40
28.0
 40
29.0
 40
29.0
 40
29.0
 40
30.0
 40
30.0
 40
30.0
 40
31.0
 40
31.0
 40
31.0
 40
32.0
 40
32.0
 40
32.0
 40
33.0
 40
33.0
 40
33.0
 40
34.0
 40
34.0
 40
34.0
 40
35.0
 40
35.0
 40
35.0
 40
36.0
 40
36.0
 40
36.0
 40
36.0
 10
832.7410583496094
 20
-499.5897521972656
 10
832.7410583496094
 20
-499.5897521972656
 10
817.5565490722656
 20
-499.3286437988281
 10
817.5565490722656
 20
-499.3286437988281
 10
817.5409851074219
 20
-486.3357238769531
 10
818.1484680175781
 20
-460.9898376464844
 10
817.4286193847656
 20
-448.0260314941406
 10
815.3971862792969
 20
-411.4448547363281
 10
807.8513488769531
 20
-376.0948181152344
 10
792.5870666503906
 20
-342.6076354980469
 10
790.4657897949219
 20
-337.9539489746094
 10
788.1554260253906
 20
-333.3865051269531
 10
785.6541442871094
 20
-328.2021179199219
 10
785.6541442871094
 20
-328.2021179199219
 10
772.5697937011719
 20
-335.9823303222656
 10
772.5697937011719
 20
-335.9823303222656
 10
760.1559753417969
 20
-313.4465637207031
 10
741.1727600097656
 20
-283.4443664550781
 10
724.4125061035156
 20
-263.8887634277344
 10
707.8148498535156
 20
-244.5229187011719
 10
684.5433044433594
 20
-224.2406311035156
 10
663.5057067871094
 20
-209.5987854003906
 10
661.6632385253906
 20
-212.8807678222656
 10
657.1284484863281
 20
-219.3199768066406
 10
655.3169860839844
 20
-222.1022644042969
 10
607.4209289550781
 20
-191.8166198730469
 10
556.6676330566406
 20
-170.6805114746094
 10
499.6615905761719
 20
-166.9842224121094
 10
499.6615905761719
 20
-166.9842224121094
 10
500.1432800292969
 20
-182.3789367675781
 10
500.1432800292969
 20
-182.3789367675781
 10
453.1640319824219
 20
-181.1013488769531
 10
392.1934509277344
 20
-187.1074523925781
 10
348.5622863769531
 20
-205.3569030761719
 10
344.1897888183594
 20
-207.1858215332031
 10
339.9246520996094
 20
-209.2716979980469
 10
335.3097229003906
 20
-211.3750305175781
 10
335.3097229003906
 20
-211.3750305175781
 10
343.6864929199219
 20
-224.3665466308594
 10
343.6864929199219
 20
-224.3665466308594
 10
304.5879211425781
 20
-243.8751525878906
 10
262.8616638183594
 20
-272.0703430175781
 10
233.9833068847656
 20
-305.1951599121094
 10
226.9397888183594
 20
-313.2743835449219
 10
220.5441589355469
 20
-321.9192810058594
 10
213.6096496582031
 20
-330.6059265136719
 10
218.7123718261719
 20
-333.6156311035156
 10
222.8038635253906
 20
-336.0289001464844
 10
226.9849548339844
 20
-338.4949035644531
 10
220.7284851074219
 20
-348.8517150878906
 10
214.4832458496094
 20
-358.6676940917969
 10
208.7497863769531
 20
-368.7744445800781
 10
188.0617980957031
 20
-405.2428894042969
 10
172.3601989746094
 20
-457.8086242675781
 10
167.2589416503906
 20
-499.5897521972656
 10
171.3980407714844
 20
-499.8940734863281
 10
182.8404846191406
 20
-499.5897521972656
 10
182.8404846191406
 20
-499.5897521972656
 10
181.2837219238281
 20
-529.8043518066406
 10
182.2377014160156
 20
-562.3988952636719
 10
187.8240051269531
 20
-592.2173156738281
 10
192.1701965332031
 20
-615.4164123535156
 10
201.0979309082031
 20
-642.2270812988281
 10
210.3578796386719
 20
-663.9093322753906
 10
213.4537658691406
 20
-662.0829162597656
 10
221.4075012207031
 20
-658.5365905761719
 10
225.0396423339844
 20
-656.8397521972656
 10
237.6463928222656
 20
-683.0610046386719
 10
252.6000061035156
 20
-707.2104187011719
 10
270.7641296386719
 20
-729.2863464355469
 10
288.9089660644531
 20
-751.3387756347656
 10
309.6718444824219
 20
-770.5353088378906
 10
333.4064025878906
 20
-787.1506652832031
 10
336.2775573730469
 20
-782.8546447753906
 10
338.7378845214844
 20
-779.1734313964844
 10
341.3989562988281
 20
-775.1918029785156
 10
347.2808532714844
 20
-778.4972839355469
 10
352.8509826660156
 20
-781.4386291503906
 10
358.2377014160156
 20
-784.6846618652344
 10
399.3988342285156
 20
-809.4875183105469
 10
451.9224548339844
 20
-827.7213439941406
 10
499.9777526855469
 20
-833.0157775878906
 10
499.9777526855469
 20
-833.0157775878906
 10
499.9777526855469
 20
-816.1051940917969
 10
499.9777526855469
 20
-816.1051940917969
 10
518.9372863769531
 20
-815.9568176269531
 10
545.5296936035156
 20
-816.5161437988281
 10
564.4067077636719
 20
-815.0716857910156
 10
599.9065246582031
 20
-812.3551940917969
 10
638.8573913574219
 20
-800.9020690917969
 10
671.1747131347656
 20
-785.7466125488281
 10
671.1830139160156
 20
-785.7427062988281
 10
671.1903381347656
 20
-785.7403259277344
 10
671.1986389160156
 20
-785.7365417480469
 10
668.9915466308594
 20
-781.8757629394531
 10
664.9570617675781
 20
-774.1125183105469
 10
663.3928527832031
 20
-770.9955139160156
 10
689.3901062011719
 20
-757.8342590332031
 10
713.3327331542969
 20
-742.5003967285156
 10
735.2107849121094
 20
-724.1491394042969
 10
757.2082824707031
 20
-705.6974182128906
 10
776.4366760253906
 20
-684.6933898925781
 10
792.1408996582031
 20
-660.1177062988281
 10
787.4560241699219
 20
-657.3249206542969
 10
783.2304992675781
 20
-654.8059997558594
 10
778.5487365722656
 20
-652.0151062011719
 10
809.3274841308594
 20
-603.2267761230469
 10
829.8306579589844
 20
-557.9681091308594
 10
832.7410583496094
 20
-499.5897521972656
 97
        0
 97
        0
 92
        1
 93
        1
 72
     4
 94
        3
 73
     0
 74
     1
 95
       80
 96
       76
 40
0.0
 40
0.0
 40
0.0
 40
0.0
 40
1.0
 40
1.0
 40
1.0
 40
2.0
 40
2.0
 40
2.0
 40
3.0
 40
3.0
 40
3.0
 40
4.0
 40
4.0
 40
4.0
 40
5.0
 40
5.0
 40
5.0
 40
6.0
 40
6.0
 40
6.0
 40
7.0
 40
7.0
 40
7.0
 40
8.0
 40
8.0
 40
8.0
 40
9.0
 40
9.0
 40
9.0
 40
10.0
 40
10.0
 40
10.0
 40
11.0
 40
11.0
 40
11.0
 40
12.0
 40
12.0
 40
12.0
 40
13.0
 40
13.0
 40
13.0
 40
14.0
 40
14.0
 40
14.0
 40
15.0
 40
15.0
 40
15.0
 40
16.0
 40
16.0
 40
16.0
 40
17.0
 40
17.0
 40
17.0
 40
18.0
 40
18.0
 40
18.0
 40
19.0
 40
19.0
 40
19.0
 40
20.0
 40
20.0
 40
20.0
 40
21.0
 40
21.0
 40
21.0
 40
22.0
 40
22.0
 40
22.0
 40
23.0
 40
23.0
 40
23.0
 40
24.0
 40
24.0
 40
24.0
 40
25.0
 40
25.0
 40
25.0
 40
25.0
 10
710.2677307128906
 20
-396.5497131347656
 10
715.2277526855469
 20
-391.3597106933594
 10
719.3777770996094
 20
-386.5997619628906
 10
722.7477722167969
 20
-382.2697448730469
 10
724.6777648925781
 20
-379.7097473144531
 10
725.9577331542969
 20
-377.5697326660156
 10
726.5877380371094
 20
-375.8597106933594
 10
727.0477600097656
 20
-374.6697082519531
 10
727.2677307128906
 20
-373.4397277832031
 10
727.2677307128906
 20
-372.1897277832031
 10
727.2677307128906
 20
-370.5397644042969
 10
726.8977355957031
 20
-369.0997619628906
 10
726.1577453613281
 20
-367.8697204589844
 10
725.4977722167969
 20
-366.7797546386719
 10
724.4977722167969
 20
-365.8297424316406
 10
723.1477355957031
 20
-365.0297546386719
 10
723.1477355957031
 20
-365.0297546386719
 10
758.2677307128906
 20
-344.8497619628906
 10
758.2677307128906
 20
-344.8497619628906
 10
761.8877258300781
 20
-347.2297668457031
 10
764.6577453613281
 20
-349.9497375488281
 10
766.5677795410156
 20
-353.0097351074219
 10
768.7377624511719
 20
-356.4497375488281
 10
769.8177795410156
 20
-360.1697082519531
 10
769.8177795410156
 20
-364.1597595214844
 10
769.8177795410156
 20
-366.7797546386719
 10
769.5077819824219
 20
-369.3697204589844
 10
768.8777770996094
 20
-371.9297180175781
 10
768.2477722167969
 20
-374.3797302246094
 10
767.0877380371094
 20
-377.2597351074219
 10
765.3777770996094
 20
-380.5597229003906
 10
763.2077331542969
 20
-384.6597595214844
 10
760.5377502441406
 20
-388.6997375488281
 10
757.3477478027344
 20
-392.6897277832031
 10
752.6177673339844
 20
-398.6697082519531
 10
747.1477355957031
 20
-404.8497619628906
 10
740.9377746582031
 20
-411.2297668457031
 10
735.0177307128906
 20
-417.2697448730469
 10
727.8977355957031
 20
-424.0397644042969
 10
719.5877380371094
 20
-431.5597229003906
 10
719.5877380371094
 20
-431.5597229003906
 10
728.9777526855469
 20
-431.6497497558594
 10
728.9777526855469
 20
-431.6497497558594
 10
731.1977233886719
 20
-431.6497497558594
 10
735.5977478027344
 20
-431.5897521972656
 10
742.1777648925781
 20
-431.4797668457031
 10
748.7577819824219
 20
-431.3597106933594
 10
753.3277282714844
 20
-431.2497253417969
 10
755.8877258300781
 20
-431.1397399902344
 10
758.4577331542969
 20
-431.0197448730469
 10
761.6177673339844
 20
-430.7697448730469
 10
765.3777770996094
 20
-430.3697204589844
 10
765.2077331542969
 20
-433.0997619628906
 10
764.9377746582031
 20
-436.5197448730469
 10
764.5677795410156
 20
-440.6197204589844
 10
764.1977233886719
 20
-444.7197570800781
 10
763.8077697753906
 20
-449.7297668457031
 10
763.4077453613281
 20
-455.6597595214844
 10
749.2277526855469
 20
-455.5397644042969
 10
734.3877258300781
 20
-455.4797668457031
 10
718.8977355957031
 20
-455.4797668457031
 10
700.2177429199219
 20
-455.4797668457031
 10
684.4077453613281
 20
-455.5397644042969
 10
671.4877624511719
 20
-455.6597595214844
 10
671.7077331542969
 20
-452.9797668457031
 10
671.8977355957031
 20
-449.4397277832031
 10
672.0377502441406
 20
-445.0297546386719
 10
672.1777648925781
 20
-440.6197204589844
 10
672.3677673339844
 20
-436.1097106933594
 10
672.5977478027344
 20
-431.4997253417969
 10
678.5177307128906
 20
-426.6597595214844
 10
683.9577331542969
 20
-421.9597473144531
 10
688.9077453613281
 20
-417.3997497558594
 10
696.9477233886719
 20
-409.9897155761719
 10
704.0577697753906
 20
-403.0397644042969
 10
710.2677307128906
 20
-396.5497131347656
 97
        0
 97
        0
 92
        1
 93
        1
 72
     4
 94
        3
 73
     0
 74
     1
 95
       95
 96
       91
 40
0.0
 40
0.0
 40
0.0
 40
0.0
 40
1.0
 40
1.0
 40
1.0
 40
2.0
 40
2.0
 40
2.0
 40
3.0
 40
3.0
 40
3.0
 40
4.0
 40
4.0
 40
4.0
 40
5.0
 40
5.0
 40
5.0
 40
6.0
 40
6.0
 40
6.0
 40
7.0
 40
7.0
 40
7.0
 40
8.0
 40
8.0
 40
8.0
 40
9.0
 40
9.0
 40
9.0
 40
10.0
 40
10.0
 40
10.0
 40
11.0
 40
11.0
 40
11.0
 40
12.0
 40
12.0
 40
12.0
 40
13.0
 40
13.0
 40
13.0
 40
14.0
 40
14.0
 40
14.0
 40
15.0
 40
15.0
 40
15.0
 40
16.0
 40
16.0
 40
16.0
 40
17.0
 40
17.0
 40
17.0
 40
18.0
 40
18.0
 40
18.0
 40
19.0
 40
19.0
 40
19.0
 40
20.0
 40
20.0
 40
20.0
 40
21.0
 40
21.0
 40
21.0
 40
22.0
 40
22.0
 40
22.0
 40
23.0
 40
23.0
 40
23.0
 40
24.0
 40
24.0
 40
24.0
 40
25.0
 40
25.0
 40
25.0
 40
26.0
 40
26.0
 40
26.0
 40
27.0
 40
27.0
 40
27.0
 40
28.0
 40
28.0
 40
28.0
 40
29.0
 40
29.0
 40
29.0
 40
30.0
 40
30.0
 40
30.0
 40
30.0
 10
350.1177673339844
 20
-228.8397521972656
 10
353.0177307128906
 20
-227.1897277832031
 10
356.2977600097656
 20
-225.2197570800781
 10
359.9577331542969
 20
-222.9397277832031
 10
363.6277770996094
 20
-220.6597595214844
 10
365.8677673339844
 20
-219.2297668457031
 10
366.6977233886719
 20
-218.6297302246094
 10
367.5177307128906
 20
-218.0297546386719
 10
368.7577819824219
 20
-217.0797424316406
 10
370.4077453613281
 20
-215.7597351074219
 10
375.4777526855469
 20
-215.8797302246094
 10
381.3277282714844
 20
-215.9397277832031
 10
387.9377746582031
 20
-215.9397277832031
 10
394.2177429199219
 20
-215.9397277832031
 10
400.6277770996094
 20
-215.8797302246094
 10
407.1877746582031
 20
-215.7597351074219
 10
407.1877746582031
 20
-215.7597351074219
 10
405.4777526855469
 20
-234.8197326660156
 10
405.4777526855469
 20
-234.8197326660156
 10
405.4777526855469
 20
-234.8197326660156
 10
401.7977600097656
 20
-298.0397644042969
 10
401.7977600097656
 20
-298.0397644042969
 10
401.7977600097656
 20
-298.0397644042969
 10
400.9477233886719
 20
-320.9297180175781
 10
400.9477233886719
 20
-320.9297180175781
 10
400.9477233886719
 20
-320.9297180175781
 10
399.5477600097656
 20
-318.5797424316406
 10
399.5477600097656
 20
-318.5797424316406
 10
399.5477600097656
 20
-318.5797424316406
 10
398.1977233886719
 20
-316.3197326660156
 10
398.1977233886719
 20
-316.3197326660156
 10
398.1977233886719
 20
-316.3197326660156
 10
397.5277404785156
 20
-315.1797180175781
 10
397.5277404785156
 20
-315.1797180175781
 10
397.5277404785156
 20
-315.1797180175781
 10
388.8777770996094
 20
-300.6797180175781
 10
388.8777770996094
 20
-300.6797180175781
 10
388.8777770996094
 20
-300.6797180175781
 10
386.6977233886719
 20
-297.0197448730469
 10
386.6977233886719
 20
-297.0197448730469
 10
386.6977233886719
 20
-297.0197448730469
 10
384.1077575683594
 20
-292.6597595214844
 10
384.1077575683594
 20
-292.6597595214844
 10
384.1077575683594
 20
-292.6597595214844
 10
382.7977600097656
 20
-290.4597473144531
 10
382.7977600097656
 20
-290.4597473144531
 10
382.7977600097656
 20
-290.4597473144531
 10
376.1577453613281
 20
-279.3197326660156
 10
376.1577453613281
 20
-279.3197326660156
 10
376.1577453613281
 20
-279.3197326660156
 10
372.8577575683594
 20
-273.7897644042969
 10
372.8577575683594
 20
-273.7897644042969
 10
372.8577575683594
 20
-273.7897644042969
 10
371.1477355957031
 20
-270.9097595214844
 10
371.1477355957031
 20
-270.9097595214844
 10
371.1477355957031
 20
-270.9097595214844
 10
368.6677551269531
 20
-266.7397155761719
 10
368.6677551269531
 20
-266.7397155761719
 10
368.6677551269531
 20
-266.7397155761719
 10
367.2377624511719
 20
-264.3397521972656
 10
367.2377624511719
 20
-264.3397521972656
 10
367.5677795410156
 20
-257.2397155761719
 10
367.7677307128906
 20
-251.5597229003906
 10
367.8577575683594
 20
-247.2897644042969
 10
365.7577819824219
 20
-248.5997619628906
 10
363.7077331542969
 20
-249.8997497558594
 10
361.7177429199219
 20
-251.1797180175781
 10
361.2777404785156
 20
-251.4597473144531
 10
360.7277526855469
 20
-251.8297424316406
 10
360.0577697753906
 20
-252.2897644042969
 10
360.0577697753906
 20
-252.2897644042969
 10
358.0077819824219
 20
-248.8597106933594
 10
358.0077819824219
 20
-248.8597106933594
 10
358.0077819824219
 20
-248.8597106933594
 10
356.6577453613281
 20
-246.5897521972656
 10
356.6577453613281
 20
-246.5897521972656
 10
356.6577453613281
 20
-246.5897521972656
 10
353.0977478027344
 20
-240.5997619628906
 10
353.0977478027344
 20
-240.5997619628906
 10
353.0977478027344
 20
-240.5997619628906
 10
352.0277404785156
 20
-238.8097229003906
 10
352.0277404785156
 20
-238.8097229003906
 10
352.0277404785156
 20
-238.8097229003906
 10
350.5777282714844
 20
-236.3697204589844
 10
350.5777282714844
 20
-236.3697204589844
 10
350.5777282714844
 20
-236.3697204589844
 10
349.9877624511719
 20
-235.3797302246094
 10
349.9877624511719
 20
-235.3797302246094
 10
350.0777282714844
 20
-232.6897277832031
 10
350.1177673339844
 20
-230.5097351074219
 10
350.1177673339844
 20
-228.8397521972656
 97
        0
 97
        0
 92
        1
 93
        1
 72
     4
 94
        3
 73
     0
 74
     1
 95
       95
 96
       91
 40
0.0
 40
0.0
 40
0.0
 40
0.0
 40
1.0
 40
1.0
 40
1.0
 40
2.0
 40
2.0
 40
2.0
 40
3.0
 40
3.0
 40
3.0
 40
4.0
 40
4.0
 40
4.0
 40
5.0
 40
5.0
 40
5.0
 40
6.0
 40
6.0
 40
6.0
 40
7.0
 40
7.0
 40
7.0
 40
8.0
 40
8.0
 40
8.0
 40
9.0
 40
9.0
 40
9.0
 40
10.0
 40
10.0
 40
10.0
 40
11.0
 40
11.0
 40
11.0
 40
12.0
 40
12.0
 40
12.0
 40
13.0
 40
13.0
 40
13.0
 40
14.0
 40
14.0
 40
14.0
 40
15.0
 40
15.0
 40
15.0
 40
16.0
 40
16.0
 40
16.0
 40
17.0
 40
17.0
 40
17.0
 40
18.0
 40
18.0
 40
18.0
 40
19.0
 40
19.0
 40
19.0
 40
20.0
 40
20.0
 40
20.0
 40
21.0
 40
21.0
 40
21.0
 40
22.0
 40
22.0
 40
22.0
 40
23.0
 40
23.0
 40
23.0
 40
24.0
 40
24.0
 40
24.0
 40
25.0
 40
25.0
 40
25.0
 40
26.0
 40
26.0
 40
26.0
 40
27.0
 40
27.0
 40
27.0
 40
28.0
 40
28.0
 40
28.0
 40
29.0
 40
29.0
 40
29.0
 40
30.0
 40
30.0
 40
30.0
 40
30.0
 10
305.9977722167969
 20
-328.4697570800781
 10
310.5477600097656
 20
-322.7197570800781
 10
316.2777404785156
 20
-318.4597473144531
 10
323.1677551269531
 20
-315.6997375488281
 10
330.0577697753906
 20
-312.9397277832031
 10
337.3477478027344
 20
-311.5597229003906
 10
345.0377502441406
 20
-311.5597229003906
 10
354.2077331542969
 20
-311.5597229003906
 10
362.4777526855469
 20
-313.3497619628906
 10
369.8577575683594
 20
-316.9397277832031
 10
377.2277526855469
 20
-320.5297546386719
 10
382.9877624511719
 20
-326.6597595214844
 10
387.1177673339844
 20
-335.3497619628906
 10
391.2377624511719
 20
-344.0397644042969
 10
393.3077697753906
 20
-354.2697448730469
 10
393.3077697753906
 20
-366.0597229003906
 10
393.3077697753906
 20
-375.2897644042969
 10
392.0377502441406
 20
-384.4297180175781
 10
389.5077819824219
 20
-393.4897155761719
 10
386.9677429199219
 20
-402.5397644042969
 10
383.5277404785156
 20
-409.8197326660156
 10
379.1677551269531
 20
-415.3197326660156
 10
376.0477600097656
 20
-419.2397155761719
 10
372.2277526855469
 20
-422.5397644042969
 10
367.7077331542969
 20
-425.1997375488281
 10
367.7077331542969
 20
-425.1997375488281
 10
338.8377380371094
 20
-407.3897399902344
 10
338.8377380371094
 20
-407.3897399902344
 10
339.3877258300781
 20
-407.4597473144531
 10
339.9377746582031
 20
-407.4997253417969
 10
340.5077819824219
 20
-407.4997253417969
 10
342.2177429199219
 20
-407.4997253417969
 10
343.8877258300781
 20
-407.1297302246094
 10
345.5077819824219
 20
-406.3897399902344
 10
347.1277770996094
 20
-405.6497497558594
 10
348.8377380371094
 20
-404.1697082519531
 10
350.6277770996094
 20
-401.9397277832031
 10
352.4277648925781
 20
-399.7197570800781
 10
354.0077819824219
 20
-396.5297546386719
 10
355.3777770996094
 20
-392.3797302246094
 10
356.7377624511719
 20
-388.2197570800781
 10
357.7377624511719
 20
-383.8797302246094
 10
358.3677673339844
 20
-379.3497619628906
 10
358.9877624511719
 20
-374.8197326660156
 10
359.3077697753906
 20
-370.2197570800781
 10
359.3077697753906
 20
-365.5497131347656
 10
359.3077697753906
 20
-355.8697204589844
 10
357.9677429199219
 20
-348.6597595214844
 10
355.2877502441406
 20
-343.9297180175781
 10
352.6077575683594
 20
-339.2097473144531
 10
348.9977722167969
 20
-336.8397521972656
 10
344.4377746582031
 20
-336.8397521972656
 10
341.7577819824219
 20
-336.8397521972656
 10
339.3677673339844
 20
-337.6397399902344
 10
337.2577819824219
 20
-339.2397155761719
 10
334.6977233886719
 20
-341.1697082519531
 10
332.6777648925781
 20
-343.8197326660156
 10
331.1977233886719
 20
-347.1797180175781
 10
329.3777770996094
 20
-351.2297668457031
 10
328.0077819824219
 20
-355.8697204589844
 10
327.0977478027344
 20
-361.1097106933594
 10
326.0677795410156
 20
-366.8597106933594
 10
325.5577697753906
 20
-373.1797180175781
 10
325.5577697753906
 20
-380.0697326660156
 10
325.5577697753906
 20
-386.1097106933594
 10
326.1277770996094
 20
-391.1097106933594
 10
327.2677307128906
 20
-395.0697326660156
 10
328.1177673339844
 20
-398.0297546386719
 10
329.2877502441406
 20
-400.4797668457031
 10
330.7977600097656
 20
-402.4297180175781
 10
330.7977600097656
 20
-402.4297180175781
 10
312.9177551269531
 20
-391.3997497558594
 10
312.9177551269531
 20
-391.3997497558594
 10
312.9177551269531
 20
-391.3997497558594
 10
310.6777648925781
 20
-390.0197448730469
 10
310.6777648925781
 20
-390.0197448730469
 10
310.6777648925781
 20
-390.0197448730469
 10
309.5477600097656
 20
-389.3197326660156
 10
309.5477600097656
 20
-389.3197326660156
 10
309.5477600097656
 20
-389.3197326660156
 10
295.1877746582031
 20
-380.4597473144531
 10
295.1877746582031
 20
-380.4597473144531
 10
295.1877746582031
 20
-380.4597473144531
 10
291.5577697753906
 20
-378.2197570800781
 10
291.5577697753906
 20
-378.2197570800781
 10
291.5977478027344
 20
-368.9097595214844
 10
292.8577575683594
 20
-359.7497253417969
 10
295.3577575683594
 20
-350.7697448730469
 10
297.8877258300781
 20
-341.6597595214844
 10
301.4377746582031
 20
-334.2197570800781
 10
305.9977722167969
 20
-328.4697570800781
 97
        0
 97
        0
 92
        1
 93
        1
 72
     4
 94
        3
 73
     0
 74
     1
 95
       65
 96
       61
 40
0.0
 40
0.0
 40
0.0
 40
0.0
 40
1.0
 40
1.0
 40
1.0
 40
2.0
 40
2.0
 40
2.0
 40
3.0
 40
3.0
 40
3.0
 40
4.0
 40
4.0
 40
4.0
 40
5.0
 40
5.0
 40
5.0
 40
6.0
 40
6.0
 40
6.0
 40
7.0
 40
7.0
 40
7.0
 40
8.0
 40
8.0
 40
8.0
 40
9.0
 40
9.0
 40
9.0
 40
10.0
 40
10.0
 40
10.0
 40
11.0
 40
11.0
 40
11.0
 40
12.0
 40
12.0
 40
12.0
 40
13.0
 40
13.0
 40
13.0
 40
14.0
 40
14.0
 40
14.0
 40
15.0
 40
15.0
 40
15.0
 40
16.0
 40
16.0
 40
16.0
 40
17.0
 40
17.0
 40
17.0
 40
18.0
 40
18.0
 40
18.0
 40
19.0
 40
19.0
 40
19.0
 40
20.0
 40
20.0
 40
20.0
 40
20.0
 10
234.0577697753906
 20
-339.3397521972656
 10
234.3377380371094
 20
-332.8197326660156
 10
234.4777526855469
 20
-328.0197448730469
 10
234.4777526855469
 20
-324.9397277832031
 10
237.3777770996094
 20
-323.2897644042969
 10
240.6577453613281
 20
-321.3297424316406
 10
244.3277282714844
 20
-319.0497131347656
 10
247.9877624511719
 20
-316.7697448730469
 10
250.2377624511719
 20
-315.3297424316406
 10
251.0577697753906
 20
-314.7297668457031
 10
251.8777770996094
 20
-314.1297302246094
 10
253.1177673339844
 20
-313.1797180175781
 10
254.7677307128906
 20
-311.8697204589844
 10
259.8477478027344
 20
-311.9797668457031
 10
265.6877746582031
 20
-312.0397644042969
 10
272.3077697753906
 20
-312.0397644042969
 10
278.5777282714844
 20
-312.0397644042969
 10
284.9977722167969
 20
-311.9797668457031
 10
291.5577697753906
 20
-311.8697204589844
 10
291.5577697753906
 20
-311.8697204589844
 10
289.8477478027344
 20
-330.9197082519531
 10
289.8477478027344
 20
-330.9197082519531
 10
289.8477478027344
 20
-330.9197082519531
 10
287.2377624511719
 20
-375.5497131347656
 10
287.2377624511719
 20
-375.5497131347656
 10
287.2377624511719
 20
-375.5497131347656
 10
285.0677795410156
 20
-374.2097473144531
 10
285.0677795410156
 20
-374.2097473144531
 10
285.0677795410156
 20
-374.2097473144531
 10
268.5577697753906
 20
-364.0197448730469
 10
268.5577697753906
 20
-364.0197448730469
 10
268.5577697753906
 20
-364.0197448730469
 10
265.6977233886719
 20
-362.2497253417969
 10
265.6977233886719
 20
-362.2497253417969
 10
265.6977233886719
 20
-362.2497253417969
 10
261.5777282714844
 20
-359.7097473144531
 10
261.5777282714844
 20
-359.7097473144531
 10
261.5777282714844
 20
-359.7097473144531
 10
251.8877258300781
 20
-353.7297668457031
 10
251.8877258300781
 20
-353.7297668457031
 10
252.0577697753906
 20
-349.6597595214844
 10
252.1677551269531
 20
-346.2097473144531
 10
252.2177429199219
 20
-343.3897399902344
 10
250.1177673339844
 20
-344.7097473144531
 10
248.0677795410156
 20
-345.9997253417969
 10
246.0777282714844
 20
-347.2797546386719
 10
245.5177307128906
 20
-347.6397399902344
 10
244.7877502441406
 20
-348.1297302246094
 10
243.8677673339844
 20
-348.7697448730469
 10
243.8677673339844
 20
-348.7697448730469
 10
241.6177673339844
 20
-347.3797302246094
 10
241.6177673339844
 20
-347.3797302246094
 10
241.6177673339844
 20
-347.3797302246094
 10
235.6877746582031
 20
-343.7197570800781
 10
235.6877746582031
 20
-343.7197570800781
 10
235.6877746582031
 20
-343.7197570800781
 10
233.9077453613281
 20
-342.6197204589844
 10
233.9077453613281
 20
-342.6197204589844
 10
233.9577331542969
 20
-341.5497131347656
 10
234.0077819824219
 20
-340.4597473144531
 10
234.0577697753906
 20
-339.3397521972656
 97
        0
 97
        0
 92
        1
 93
        1
 72
     4
 94
        3
 73
     0
 74
     1
 95
      119
 96
      115
 40
0.0
 40
0.0
 40
0.0
 40
0.0
 40
1.0
 40
1.0
 40
1.0
 40
2.0
 40
2.0
 40
2.0
 40
3.0
 40
3.0
 40
3.0
 40
4.0
 40
4.0
 40
4.0
 40
5.0
 40
5.0
 40
5.0
 40
6.0
 40
6.0
 40
6.0
 40
7.0
 40
7.0
 40
7.0
 40
8.0
 40
8.0
 40
8.0
 40
9.0
 40
9.0
 40
9.0
 40
10.0
 40
10.0
 40
10.0
 40
11.0
 40
11.0
 40
11.0
 40
12.0
 40
12.0
 40
12.0
 40
13.0
 40
13.0
 40
13.0
 40
14.0
 40
14.0
 40
14.0
 40
15.0
 40
15.0
 40
15.0
 40
16.0
 40
16.0
 40
16.0
 40
17.0
 40
17.0
 40
17.0
 40
18.0
 40
18.0
 40
18.0
 40
19.0
 40
19.0
 40
19.0
 40
20.0
 40
20.0
 40
20.0
 40
21.0
 40
21.0
 40
21.0
 40
22.0
 40
22.0
 40
22.0
 40
23.0
 40
23.0
 40
23.0
 40
24.0
 40
24.0
 40
24.0
 40
25.0
 40
25.0
 40
25.0
 40
26.0
 40
26.0
 40
26.0
 40
27.0
 40
27.0
 40
27.0
 40
28.0
 40
28.0
 40
28.0
 40
29.0
 40
29.0
 40
29.0
 40
30.0
 40
30.0
 40
30.0
 40
31.0
 40
31.0
 40
31.0
 40
32.0
 40
32.0
 40
32.0
 40
33.0
 40
33.0
 40
33.0
 40
34.0
 40
34.0
 40
34.0
 40
35.0
 40
35.0
 40
35.0
 40
36.0
 40
36.0
 40
36.0
 40
37.0
 40
37.0
 40
37.0
 40
38.0
 40
38.0
 40
38.0
 40
38.0
 10
223.9877624511719
 20
-494.2897644042969
 10
220.2277526855469
 20
-494.2897644042969
 10
216.1377258300781
 20
-493.5697326660156
 10
211.7277526855469
 20
-492.1497497558594
 10
207.3077697753906
 20
-490.7297668457031
 10
203.4077453613281
 20
-488.5797424316406
 10
200.0177307128906
 20
-485.6997375488281
 10
196.6377258300781
 20
-482.8197326660156
 10
194.0577697753906
 20
-479.1197204589844
 10
192.2877502441406
 20
-474.5897521972656
 10
190.5277404785156
 20
-470.0597229003906
 10
189.6377258300781
 20
-465.2997131347656
 10
189.6377258300781
 20
-460.2797546386719
 10
189.6377258300781
 20
-453.5597229003906
 10
191.1277770996094
 20
-447.2397155761719
 10
194.0877380371094
 20
-441.3197326660156
 10
197.0477600097656
 20
-435.3897399902344
 10
201.1877746582031
 20
-430.5397644042969
 10
206.5177307128906
 20
-426.7497253417969
 10
211.8377380371094
 20
-422.9597473144531
 10
217.6477355957031
 20
-420.2897644042969
 10
223.9477233886719
 20
-418.7197570800781
 10
230.2377624511719
 20
-417.1497497558594
 10
237.0277404785156
 20
-416.3697204589844
 10
244.3177795410156
 20
-416.3697204589844
 10
251.0377502441406
 20
-416.3697204589844
 10
257.5077819824219
 20
-417.2497253417969
 10
263.7177429199219
 20
-419.0197448730469
 10
269.9177551269531
 20
-420.7797546386719
 10
275.0077819824219
 20
-423.4897155761719
 10
278.9677429199219
 20
-427.1297302246094
 10
282.9177551269531
 20
-430.7797546386719
 10
285.8677673339844
 20
-435.1497497558594
 10
287.8077697753906
 20
-440.2497253417969
 10
289.7377624511719
 20
-445.3497619628906
 10
290.7077331542969
 20
-450.2597351074219
 10
290.7077331542969
 20
-454.9897155761719
 10
290.7077331542969
 20
-458.3497619628906
 10
290.3077697753906
 20
-462.1097106933594
 10
289.5177307128906
 20
-466.2597351074219
 10
288.7177429199219
 20
-470.4197082519531
 10
287.4477233886719
 20
-474.8097229003906
 10
285.7177429199219
 20
-479.4197082519531
 10
283.9777526855469
 20
-484.0297546386719
 10
281.5677795410156
 20
-489.2897644042969
 10
278.4977722167969
 20
-495.1797180175781
 10
277.7777404785156
 20
-496.5597229003906
 10
277.0277404785156
 20
-497.9497375488281
 10
276.2477722167969
 20
-499.3397521972656
 10
276.2477722167969
 20
-499.3397521972656
 10
266.3677673339844
 20
-499.3397521972656
 10
266.3677673339844
 20
-499.3397521972656
 10
266.3677673339844
 20
-499.3397521972656
 10
265.7077331542969
 20
-499.3297424316406
 10
265.7077331542969
 20
-499.3297424316406
 10
265.7077331542969
 20
-499.3297424316406
 10
246.4177551269531
 20
-499.3297424316406
 10
246.4177551269531
 20
-499.3297424316406
 10
246.4177551269531
 20
-499.3297424316406
 10
243.2777404785156
 20
-499.3197326660156
 10
243.2777404785156
 20
-499.3197326660156
 10
243.2777404785156
 20
-499.3197326660156
 10
241.7477722167969
 20
-499.3197326660156
 10
241.7477722167969
 20
-499.3197326660156
 10
241.7477722167969
 20
-499.3197326660156
 10
240.4377746582031
 20
-499.3297424316406
 10
240.4377746582031
 20
-499.3297424316406
 10
240.4377746582031
 20
-499.3297424316406
 10
235.3777770996094
 20
-499.3297424316406
 10
235.3777770996094
 20
-499.3297424316406
 10
239.7277526855469
 20
-493.0997619628906
 10
243.0477600097656
 20
-487.9797668457031
 10
245.3477478027344
 20
-483.9497375488281
 10
247.6777648925781
 20
-479.8497619628906
 10
249.5777282714844
 20
-475.9697570800781
 10
251.0277404785156
 20
-472.3297424316406
 10
252.4777526855469
 20
-468.6797180175781
 10
253.4477233886719
 20
-465.7197570800781
 10
253.9277648925781
 20
-463.4397277832031
 10
254.4177551269531
 20
-461.1697082519531
 10
254.6577453613281
 20
-458.9197082519531
 10
254.6577453613281
 20
-456.6897277832031
 10
254.6577453613281
 20
-453.6797180175781
 10
254.1277770996094
 20
-450.9797668457031
 10
253.0777282714844
 20
-448.6197204589844
 10
252.0177307128906
 20
-446.2597351074219
 10
250.4177551269531
 20
-444.4797668457031
 10
248.2477722167969
 20
-443.2797546386719
 10
246.0877380371094
 20
-442.0897521972656
 10
243.6877746582031
 20
-441.4897155761719
 10
241.0777282714844
 20
-441.4897155761719
 10
236.6277770996094
 20
-441.4897155761719
 10
232.8577575683594
 20
-442.9297180175781
 10
229.7577819824219
 20
-445.7997131347656
 10
226.6477355957031
 20
-448.6797180175781
 10
225.0977478027344
 20
-452.4797668457031
 10
225.0977478027344
 20
-457.2097473144531
 10
225.0977478027344
 20
-459.9397277832031
 10
225.6977233886719
 20
-462.2897644042969
 10
226.8877258300781
 20
-464.2597351074219
 10
228.0877380371094
 20
-466.2197570800781
 10
229.8477478027344
 20
-467.7297668457031
 10
232.1877746582031
 20
-468.7797546386719
 10
234.5277404785156
 20
-469.8397521972656
 10
236.8877258300781
 20
-470.3597106933594
 10
239.2777404785156
 20
-470.3597106933594
 10
240.7577819824219
 20
-470.3597106933594
 10
242.8377380371094
 20
-470.0497131347656
 10
245.5177307128906
 20
-469.4197082519531
 10
240.0477600097656
 20
-477.1097106933594
 10
234.5277404785156
 20
-485.2597351074219
 10
228.9377746582031
 20
-493.8597106933594
 10
227.0077819824219
 20
-494.1397399902344
 10
225.3577575683594
 20
-494.2897644042969
 10
223.9877624511719
 20
-494.2897644042969
 97
        0
 97
        0
 92
        1
 93
        1
 72
     4
 94
        3
 73
     0
 74
     1
 95
      242
 96
      238
 40
0.0
 40
0.0
 40
0.0
 40
0.0
 40
1.0
 40
1.0
 40
1.0
 40
2.0
 40
2.0
 40
2.0
 40
3.0
 40
3.0
 40
3.0
 40
4.0
 40
4.0
 40
4.0
 40
5.0
 40
5.0
 40
5.0
 40
6.0
 40
6.0
 40
6.0
 40
7.0
 40
7.0
 40
7.0
 40
8.0
 40
8.0
 40
8.0
 40
9.0
 40
9.0
 40
9.0
 40
10.0
 40
10.0
 40
10.0
 40
11.0
 40
11.0
 40
11.0
 40
12.0
 40
12.0
 40
12.0
 40
13.0
 40
13.0
 40
13.0
 40
14.0
 40
14.0
 40
14.0
 40
15.0
 40
15.0
 40
15.0
 40
16.0
 40
16.0
 40
16.0
 40
17.0
 40
17.0
 40
17.0
 40
18.0
 40
18.0
 40
18.0
 40
19.0
 40
19.0
 40
19.0
 40
20.0
 40
20.0
 40
20.0
 40
21.0
 40
21.0
 40
21.0
 40
22.0
 40
22.0
 40
22.0
 40
23.0
 40
23.0
 40
23.0
 40
24.0
 40
24.0
 40
24.0
 40
25.0
 40
25.0
 40
25.0
 40
26.0
 40
26.0
 40
26.0
 40
27.0
 40
27.0
 40
27.0
 40
28.0
 40
28.0
 40
28.0
 40
29.0
 40
29.0
 40
29.0
 40
30.0
 40
30.0
 40
30.0
 40
31.0
 40
31.0
 40
31.0
 40
32.0
 40
32.0
 40
32.0
 40
33.0
 40
33.0
 40
33.0
 40
34.0
 40
34.0
 40
34.0
 40
35.0
 40
35.0
 40
35.0
 40
36.0
 40
36.0
 40
36.0
 40
37.0
 40
37.0
 40
37.0
 40
38.0
 40
38.0
 40
38.0
 40
39.0
 40
39.0
 40
39.0
 40
40.0
 40
40.0
 40
40.0
 40
41.0
 40
41.0
 40
41.0
 40
42.0
 40
42.0
 40
42.0
 40
43.0
 40
43.0
 40
43.0
 40
44.0
 40
44.0
 40
44.0
 40
45.0
 40
45.0
 40
45.0
 40
46.0
 40
46.0
 40
46.0
 40
47.0
 40
47.0
 40
47.0
 40
48.0
 40
48.0
 40
48.0
 40
49.0
 40
49.0
 40
49.0
 40
50.0
 40
50.0
 40
50.0
 40
51.0
 40
51.0
 40
51.0
 40
52.0
 40
52.0
 40
52.0
 40
53.0
 40
53.0
 40
53.0
 40
54.0
 40
54.0
 40
54.0
 40
55.0
 40
55.0
 40
55.0
 40
56.0
 40
56.0
 40
56.0
 40
57.0
 40
57.0
 40
57.0
 40
58.0
 40
58.0
 40
58.0
 40
59.0
 40
59.0
 40
59.0
 40
60.0
 40
60.0
 40
60.0
 40
61.0
 40
61.0
 40
61.0
 40
62.0
 40
62.0
 40
62.0
 40
63.0
 40
63.0
 40
63.0
 40
64.0
 40
64.0
 40
64.0
 40
65.0
 40
65.0
 40
65.0
 40
66.0
 40
66.0
 40
66.0
 40
67.0
 40
67.0
 40
67.0
 40
68.0
 40
68.0
 40
68.0
 40
69.0
 40
69.0
 40
69.0
 40
70.0
 40
70.0
 40
70.0
 40
71.0
 40
71.0
 40
71.0
 40
72.0
 40
72.0
 40
72.0
 40
73.0
 40
73.0
 40
73.0
 40
74.0
 40
74.0
 40
74.0
 40
75.0
 40
75.0
 40
75.0
 40
76.0
 40
76.0
 40
76.0
 40
77.0
 40
77.0
 40
77.0
 40
78.0
 40
78.0
 40
78.0
 40
79.0
 40
79.0
 40
79.0
 40
79.0
 10
317.1477355957031
 20
-612.9097595214844
 10
317.1477355957031
 20
-612.9097595214844
 10
316.5477600097656
 20
-613.1897277832031
 10
316.5477600097656
 20
-613.1897277832031
 10
316.5477600097656
 20
-613.1897277832031
 10
313.9977722167969
 20
-614.4097595214844
 10
313.9977722167969
 20
-614.4097595214844
 10
313.9977722167969
 20
-614.4097595214844
 10
312.1077575683594
 20
-615.3097229003906
 10
312.1077575683594
 20
-615.3097229003906
 10
312.1077575683594
 20
-615.3097229003906
 10
305.8177795410156
 20
-618.3197326660156
 10
305.8177795410156
 20
-618.3197326660156
 10
305.8177795410156
 20
-618.3197326660156
 10
303.4377746582031
 20
-619.4597473144531
 10
303.4377746582031
 20
-619.4597473144531
 10
303.4377746582031
 20
-619.4597473144531
 10
300.2577819824219
 20
-620.9797668457031
 10
300.2577819824219
 20
-620.9797668457031
 10
300.2577819824219
 20
-620.9797668457031
 10
299.8277282714844
 20
-621.1797180175781
 10
299.8277282714844
 20
-621.1797180175781
 10
299.8277282714844
 20
-621.1797180175781
 10
299.1477355957031
 20
-621.5097351074219
 10
299.1477355957031
 20
-621.5097351074219
 10
299.1477355957031
 20
-621.5097351074219
 10
296.3077697753906
 20
-622.8597106933594
 10
296.3077697753906
 20
-622.8597106933594
 10
296.3077697753906
 20
-622.8597106933594
 10
294.9277648925781
 20
-623.5197448730469
 10
294.9277648925781
 20
-623.5197448730469
 10
294.9277648925781
 20
-623.5197448730469
 10
293.7477722167969
 20
-624.0897521972656
 10
293.7477722167969
 20
-624.0897521972656
 10
293.7577819824219
 20
-623.9397277832031
 10
293.7577819824219
 20
-623.7797546386719
 10
293.7577819824219
 20
-623.6297302246094
 10
293.7577819824219
 20
-619.7597351074219
 10
292.4377746582031
 20
-616.7397155761719
 10
289.7877502441406
 20
-614.5797424316406
 10
287.1377258300781
 20
-612.4097595214844
 10
283.4477233886719
 20
-611.3297424316406
 10
278.7277526855469
 20
-611.3297424316406
 10
273.5977478027344
 20
-611.3297424316406
 10
269.5977478027344
 20
-612.6297302246094
 10
266.7177429199219
 20
-615.2197570800781
 10
263.8477478027344
 20
-617.8097229003906
 10
262.4077453613281
 20
-621.1497497558594
 10
262.4077453613281
 20
-625.2597351074219
 10
262.4077453613281
 20
-627.6497497558594
 10
263.0477600097656
 20
-629.8697204589844
 10
264.3277282714844
 20
-631.9197082519531
 10
265.4077453613281
 20
-633.6497497558594
 10
266.8877258300781
 20
-635.0197448730469
 10
268.7777404785156
 20
-636.0297546386719
 10
268.7777404785156
 20
-636.0297546386719
 10
260.4677429199219
 20
-639.9997253417969
 10
260.4677429199219
 20
-639.9997253417969
 10
260.4677429199219
 20
-639.9997253417969
 10
259.7377624511719
 20
-640.3397521972656
 10
259.7377624511719
 20
-640.3397521972656
 10
259.7377624511719
 20
-640.3397521972656
 10
257.4377746582031
 20
-641.4497375488281
 10
257.4377746582031
 20
-641.4497375488281
 10
257.4377746582031
 20
-641.4497375488281
 10
252.8577575683594
 20
-643.6297302246094
 10
252.8577575683594
 20
-643.6297302246094
 10
252.8577575683594
 20
-643.6297302246094
 10
249.0177307128906
 20
-645.4697570800781
 10
249.0177307128906
 20
-645.4697570800781
 10
249.0177307128906
 20
-645.4697570800781
 10
237.7077331542969
 20
-650.8797302246094
 10
237.7077331542969
 20
-650.8797302246094
 10
235.0677795410156
 20
-648.6197204589844
 10
233.0177307128906
 20
-646.1197204589844
 10
231.5677795410156
 20
-643.3697204589844
 10
229.4577331542969
 20
-639.3797302246094
 10
228.4077453613281
 20
-634.8497619628906
 10
228.4077453613281
 20
-629.7797546386719
 10
228.4077453613281
 20
-626.8197326660156
 10
228.7877502441406
 20
-623.9497375488281
 10
229.5577697753906
 20
-621.1497497558594
 10
230.3277282714844
 20
-618.3597106933594
 10
231.4877624511719
 20
-615.7297668457031
 10
233.0577697753906
 20
-613.2497253417969
 10
234.6277770996094
 20
-610.7697448730469
 10
236.4377746582031
 20
-608.6997375488281
 10
238.4877624511719
 20
-607.0197448730469
 10
240.5377502441406
 20
-605.3397521972656
 10
242.5377502441406
 20
-604.0297546386719
 10
244.5077819824219
 20
-603.0897521972656
 10
246.4677429199219
 20
-602.1497497558594
 10
249.2477722167969
 20
-601.0797424316406
 10
252.8377380371094
 20
-599.8797302246094
 10
249.5377502441406
 20
-598.2897644042969
 10
247.0977478027344
 20
-596.9297180175781
 10
245.5277404785156
 20
-595.8197326660156
 10
243.9677429199219
 20
-594.7097473144531
 10
242.4577331542969
 20
-593.3597106933594
 10
241.0077819824219
 20
-591.7697448730469
 10
239.5477600097656
 20
-590.1697082519531
 10
238.3377380371094
 20
-588.4097595214844
 10
237.3777770996094
 20
-586.4697570800781
 10
236.4077453613281
 20
-584.5297546386719
 10
235.7177429199219
 20
-582.5397644042969
 10
235.3177795410156
 20
-580.4897155761719
 10
234.9277648925781
 20
-578.4397277832031
 10
234.7277526855469
 20
-576.3897399902344
 10
234.7277526855469
 20
-574.3397521972656
 10
234.7277526855469
 20
-568.8097229003906
 10
235.9777526855469
 20
-563.8297424316406
 10
238.4877624511719
 20
-559.3897399902344
 10
240.9877624511719
 20
-554.9397277832031
 10
244.6877746582031
 20
-551.2797546386719
 10
249.5877380371094
 20
-548.4097595214844
 10
254.4877624511719
 20
-545.5297546386719
 10
259.7277526855469
 20
-543.5497131347656
 10
265.3077697753906
 20
-542.4697570800781
 10
270.8877258300781
 20
-541.3897399902344
 10
276.7577819824219
 20
-540.8497619628906
 10
282.9077453613281
 20
-540.8497619628906
 10
288.7777404785156
 20
-540.8497619628906
 10
294.4477233886719
 20
-541.5197448730469
 10
299.9077453613281
 20
-542.8497619628906
 10
305.3777770996094
 20
-544.1897277832031
 10
310.0677795410156
 20
-546.2897644042969
 10
313.9677429199219
 20
-549.1297302246094
 10
317.8677673339844
 20
-551.9797668457031
 10
320.7277526855469
 20
-555.2397155761719
 10
322.5477600097656
 20
-558.9197082519531
 10
324.3777770996094
 20
-562.5897521972656
 10
325.2877502441406
 20
-566.9897155761719
 10
325.2877502441406
 20
-572.1197204589844
 10
325.2877502441406
 20
-574.5697326660156
 10
325.0377502441406
 20
-576.9297180175781
 10
324.5577697753906
 20
-579.2097473144531
 10
324.0777282714844
 20
-581.4897155761719
 10
323.3177795410156
 20
-583.5797424316406
 10
322.2977600097656
 20
-585.4897155761719
 10
321.2677307128906
 20
-587.3897399902344
 10
320.0177307128906
 20
-589.1497497558594
 10
318.5377502441406
 20
-590.7397155761719
 10
318.2574768066406
 20
-591.0427551269531
 10
317.9709167480469
 20
-591.3310852050781
 10
317.6842346191406
 20
-591.6191711425781
 10
317.4611511230469
 20
-591.5857849121094
 10
317.2406921386719
 20
-591.5452575683594
 10
317.0066833496094
 20
-591.5408020019531
 10
315.8998718261719
 20
-591.5196228027344
 10
314.8069763183594
 20
-591.4256286621094
 10
313.7059020996094
 20
-591.3255920410156
 10
313.6795349121094
 20
-591.3209533691406
 10
313.6598815917969
 20
-591.3172912597656
 10
313.6299743652344
 20
-591.3121032714844
 10
313.3713073730469
 20
-591.2669982910156
 10
313.1119689941406
 20
-591.2260437011719
 10
312.8537292480469
 20
-591.1783752441406
 10
312.3373107910156
 20
-591.0830993652344
 10
311.8230285644531
 20
-590.9753112792969
 10
311.3116149902344
 20
-590.8561096191406
 10
310.2244567871094
 20
-590.6026916503906
 10
309.1502380371094
 20
-590.2936096191406
 10
308.0934753417969
 20
-589.9339904785156
 10
307.5333557128906
 20
-589.7433166503906
 10
306.9812927246094
 20
-589.5340881347656
 10
306.4298400878906
 20
-589.3199768066406
 10
306.3782653808594
 20
-589.2999572753906
 10
306.3403015136719
 20
-589.2859191894531
 10
306.3028869628906
 20
-589.2720642089844
 10
306.0760803222656
 20
-589.1763000488281
 10
305.8520812988281
 20
-589.0589904785156
 10
305.6374816894531
 20
-588.9573059082031
 10
303.6028747558594
 20
-587.9930114746094
 10
301.7518005371094
 20
-586.7971496582031
 10
299.9049987792969
 20
-585.5206604003906
 10
299.7263488769531
 20
-585.3731384277344
 10
299.5443420410156
 20
-585.2293395996094
 10
299.3666687011719
 20
-585.0805358886719
 10
298.9137268066406
 20
-584.7012023925781
 10
298.4704895019531
 20
-584.3103332519531
 10
298.0386047363281
 20
-583.9072570800781
 10
297.1736145019531
 20
-583.1000671386719
 10
296.2412697422724
 20
-582.3085149563121
 10
295.3564291561343
 20
-581.5235757266728
 10
294.6726056267225
 20
-580.9169580796133
 10
294.1101056267225
 20
-580.6301933737304
 10
293.3132629394531
 20
-580.0563659667969
 10
293.7745666503906
 20
-578.7232360839844
 10
294.0177307128906
 20
-577.2757263183594
 10
294.0177307128906
 20
-575.6997375488281
 10
294.0177307128906
 20
-572.2897644042969
 10
292.8377380371094
 20
-569.5497131347656
 10
290.4677429199219
 20
-567.4997253417969
 10
288.1077575683594
 20
-565.4497375488281
 10
284.9077453613281
 20
-564.4297180175781
 10
280.8577575683594
 20
-564.4297180175781
 10
276.3577575683594
 20
-564.4297180175781
 10
272.7977600097656
 20
-565.6797180175781
 10
270.1777648925781
 20
-568.1897277832031
 10
267.5577697753906
 20
-570.6897277832031
 10
266.2477722167969
 20
-573.7697448730469
 10
266.2477722167969
 20
-577.4097595214844
 10
266.2477722167969
 20
-579.5797424316406
 10
266.8177795410156
 20
-581.5697326660156
 10
267.9577331542969
 20
-583.3897399902344
 10
269.0977478027344
 20
-585.2197570800781
 10
270.6977233886719
 20
-586.5697326660156
 10
272.7477722167969
 20
-587.4497375488281
 10
274.7977600097656
 20
-588.3397521972656
 10
277.0177307128906
 20
-588.7797546386719
 10
279.4077453613281
 20
-588.7797546386719
 10
282.4806823730469
 20
-588.7797546386719
 10
285.1744079589844
 20
-588.1148986816406
 10
287.4983215332031
 20
-586.7903747558594
 10
287.7350158691406
 20
-587.3628234863281
 10
288.0703430175781
 20
-587.9145812988281
 10
288.5121765136719
 20
-588.4222106933594
 10
293.0589904785156
 20
-593.6461486816406
 10
299.0556335449219
 20
-597.4667053222656
 10
305.6081237792969
 20
-599.5990905761719
 10
305.5873107910156
 20
-599.6095275878906
 10
305.5686340332031
 20
-599.6192932128906
 10
305.5477600097656
 20
-599.6297302246094
 10
309.1977233886719
 20
-600.6497497558594
 10
311.9877624511719
 20
-601.5797424316406
 10
313.9177551269531
 20
-602.3997497558594
 10
315.8577575683594
 20
-603.2297668457031
 10
317.7277526855469
 20
-604.3697204589844
 10
319.5177307128906
 20
-605.8197326660156
 10
320.9977722167969
 20
-607.0097351074219
 10
322.2877502441406
 20
-608.3797302246094
 10
323.4177551269531
 20
-609.9197082519531
 10
323.4177551269531
 20
-609.9197082519531
 10
317.5977478027344
 20
-612.6997375488281
 10
317.5977478027344
 20
-612.6997375488281
 10
317.5977478027344
 20
-612.6997375488281
 10
317.1477355957031
 20
-612.9097595214844
 10
317.1477355957031
 20
-612.9097595214844
 97
        0
 97
        0
 92
        1
 93
        1
 72
     4
 94
        3
 73
     0
 74
     1
 95
      128
 96
      124
 40
0.0
 40
0.0
 40
0.0
 40
0.0
 40
1.0
 40
1.0
 40
1.0
 40
2.0
 40
2.0
 40
2.0
 40
3.0
 40
3.0
 40
3.0
 40
4.0
 40
4.0
 40
4.0
 40
5.0
 40
5.0
 40
5.0
 40
6.0
 40
6.0
 40
6.0
 40
7.0
 40
7.0
 40
7.0
 40
8.0
 40
8.0
 40
8.0
 40
9.0
 40
9.0
 40
9.0
 40
10.0
 40
10.0
 40
10.0
 40
11.0
 40
11.0
 40
11.0
 40
12.0
 40
12.0
 40
12.0
 40
13.0
 40
13.0
 40
13.0
 40
14.0
 40
14.0
 40
14.0
 40
15.0
 40
15.0
 40
15.0
 40
16.0
 40
16.0
 40
16.0
 40
17.0
 40
17.0
 40
17.0
 40
18.0
 40
18.0
 40
18.0
 40
19.0
 40
19.0
 40
19.0
 40
20.0
 40
20.0
 40
20.0
 40
21.0
 40
21.0
 40
21.0
 40
22.0
 40
22.0
 40
22.0
 40
23.0
 40
23.0
 40
23.0
 40
24.0
 40
24.0
 40
24.0
 40
25.0
 40
25.0
 40
25.0
 40
26.0
 40
26.0
 40
26.0
 40
27.0
 40
27.0
 40
27.0
 40
28.0
 40
28.0
 40
28.0
 40
29.0
 40
29.0
 40
29.0
 40
30.0
 40
30.0
 40
30.0
 40
31.0
 40
31.0
 40
31.0
 40
32.0
 40
32.0
 40
32.0
 40
33.0
 40
33.0
 40
33.0
 40
34.0
 40
34.0
 40
34.0
 40
35.0
 40
35.0
 40
35.0
 40
36.0
 40
36.0
 40
36.0
 40
37.0
 40
37.0
 40
37.0
 40
38.0
 40
38.0
 40
38.0
 40
39.0
 40
39.0
 40
39.0
 40
40.0
 40
40.0
 40
40.0
 40
41.0
 40
41.0
 40
41.0
 40
41.0
 10
412.5077819824219
 20
-659.6997375488281
 10
412.5077819824219
 20
-659.6997375488281
 10
412.1577453613281
 20
-660.2597351074219
 10
412.1577453613281
 20
-660.2597351074219
 10
412.1577453613281
 20
-660.2597351074219
 10
411.8077697753906
 20
-660.8097229003906
 10
411.8077697753906
 20
-660.8097229003906
 10
411.8077697753906
 20
-660.8097229003906
 10
399.9277648925781
 20
-679.8597106933594
 10
399.9277648925781
 20
-679.8597106933594
 10
399.9277648925781
 20
-679.8597106933594
 10
399.6577453613281
 20
-680.2797546386719
 10
399.6577453613281
 20
-680.2797546386719
 10
399.6577453613281
 20
-680.2797546386719
 10
399.3077697753906
 20
-680.8397521972656
 10
399.3077697753906
 20
-680.8397521972656
 10
399.3077697753906
 20
-680.8397521972656
 10
397.8077697753906
 20
-683.2397155761719
 10
397.8077697753906
 20
-683.2397155761719
 10
397.8077697753906
 20
-683.2397155761719
 10
396.6977233886719
 20
-685.0097351074219
 10
396.6977233886719
 20
-685.0097351074219
 10
396.6977233886719
 20
-685.0097351074219
 10
393.0077819824219
 20
-690.9297180175781
 10
393.0077819824219
 20
-690.9297180175781
 10
393.0077819824219
 20
-690.9297180175781
 10
391.6077575683594
 20
-693.1697082519531
 10
391.6077575683594
 20
-693.1697082519531
 10
391.6077575683594
 20
-693.1697082519531
 10
389.7377624511719
 20
-696.1597595214844
 10
389.7377624511719
 20
-696.1597595214844
 10
389.7377624511719
 20
-696.1597595214844
 10
389.4877624511719
 20
-696.5597229003906
 10
389.4877624511719
 20
-696.5597229003906
 10
389.4877624511719
 20
-696.5597229003906
 10
389.0877380371094
 20
-697.1997375488281
 10
389.0877380371094
 20
-697.1997375488281
 10
389.0877380371094
 20
-697.1997375488281
 10
387.4177551269531
 20
-699.8697204589844
 10
387.4177551269531
 20
-699.8697204589844
 10
387.4177551269531
 20
-699.8697204589844
 10
386.6077575683594
 20
-701.1597595214844
 10
386.6077575683594
 20
-701.1597595214844
 10
386.6077575683594
 20
-701.1597595214844
 10
382.0677795410156
 20
-708.4497375488281
 10
382.0677795410156
 20
-708.4497375488281
 10
382.0677795410156
 20
-708.4497375488281
 10
380.5877380371094
 20
-710.8297424316406
 10
380.5877380371094
 20
-710.8297424316406
 10
380.5877380371094
 20
-710.8297424316406
 10
378.0077819824219
 20
-714.9397277832031
 10
378.0077819824219
 20
-714.9397277832031
 10
378.0077819824219
 20
-714.9397277832031
 10
376.2377624511719
 20
-717.7797546386719
 10
376.2377624511719
 20
-717.7797546386719
 10
376.2377624511719
 20
-717.7797546386719
 10
373.3477478027344
 20
-722.4197082519531
 10
373.3477478027344
 20
-722.4197082519531
 10
373.3477478027344
 20
-722.4197082519531
 10
372.8377380371094
 20
-723.2497253417969
 10
372.8377380371094
 20
-723.2497253417969
 10
372.8377380371094
 20
-723.2497253417969
 10
366.3877258300781
 20
-733.5697326660156
 10
366.3877258300781
 20
-733.5697326660156
 10
366.3877258300781
 20
-733.5697326660156
 10
365.9577331542969
 20
-734.2497253417969
 10
365.9577331542969
 20
-734.2497253417969
 10
365.9577331542969
 20
-734.2497253417969
 10
364.6077575683594
 20
-736.4197082519531
 10
364.6077575683594
 20
-736.4197082519531
 10
364.6077575683594
 20
-736.4197082519531
 10
361.9177551269531
 20
-740.7197570800781
 10
361.9177551269531
 20
-740.7197570800781
 10
361.9177551269531
 20
-740.7197570800781
 10
359.6577453613281
 20
-744.3297424316406
 10
359.6577453613281
 20
-744.3297424316406
 10
359.6577453613281
 20
-744.3297424316406
 10
350.7277526855469
 20
-758.6497497558594
 10
350.7277526855469
 20
-758.6497497558594
 10
350.7277526855469
 20
-758.6497497558594
 10
350.0177307128906
 20
-759.7697448730469
 10
350.0177307128906
 20
-759.7697448730469
 10
350.0177307128906
 20
-759.7697448730469
 10
349.4977722167969
 20
-760.6097106933594
 10
349.4977722167969
 20
-760.6097106933594
 10
349.4977722167969
 20
-760.6097106933594
 10
348.6277770996094
 20
-762.0097351074219
 10
348.6277770996094
 20
-762.0097351074219
 10
348.6277770996094
 20
-762.0097351074219
 10
347.1877746582031
 20
-764.3297424316406
 10
347.1877746582031
 20
-764.3297424316406
 10
347.1877746582031
 20
-764.3297424316406
 10
346.2977600097656
 20
-765.7597351074219
 10
346.2977600097656
 20
-765.7597351074219
 10
346.2977600097656
 20
-765.7597351074219
 10
321.8477478027344
 20
-765.7597351074219
 10
321.8477478027344
 20
-765.7597351074219
 10
325.2077331542969
 20
-759.3197326660156
 10
328.4777526855469
 20
-753.2197570800781
 10
331.6677551269531
 20
-747.4597473144531
 10
334.8577575683594
 20
-741.6997375488281
 10
340.9777526855469
 20
-730.2697448730469
 10
350.0377502441406
 20
-713.1697082519531
 10
350.0377502441406
 20
-713.1697082519531
 10
365.1477355957031
 20
-684.4297180175781
 10
365.1477355957031
 20
-684.4297180175781
 10
366.1777648925781
 20
-682.4397277832031
 10
367.8877258300781
 20
-679.0497131347656
 10
370.2777404785156
 20
-674.2597351074219
 10
365.2677307128906
 20
-674.1997375488281
 10
361.4277648925781
 20
-674.1697082519531
 10
358.7577819824219
 20
-674.1697082519531
 10
346.8477478027344
 20
-674.1697082519531
 10
333.9277648925781
 20
-674.5397644042969
 10
319.9677429199219
 20
-675.2797546386719
 10
320.5377502441406
 20
-667.7297668457031
 10
320.9377746582031
 20
-659.0197448730469
 10
321.1677551269531
 20
-649.1397399902344
 10
321.1677551269531
 20
-649.1397399902344
 10
413.0077819824219
 20
-649.1397399902344
 10
413.0077819824219
 20
-649.1397399902344
 10
413.0077819824219
 20
-649.1397399902344
 10
412.5077819824219
 20
-659.6997375488281
 10
412.5077819824219
 20
-659.6997375488281
 97
        0
 97
        0
 92
        1
 93
        1
 72
     4
 94
        3
 73
     0
 74
     1
 95
       56
 96
       52
 40
0.0
 40
0.0
 40
0.0
 40
0.0
 40
1.0
 40
1.0
 40
1.0
 40
2.0
 40
2.0
 40
2.0
 40
3.0
 40
3.0
 40
3.0
 40
4.0
 40
4.0
 40
4.0
 40
5.0
 40
5.0
 40
5.0
 40
6.0
 40
6.0
 40
6.0
 40
7.0
 40
7.0
 40
7.0
 40
8.0
 40
8.0
 40
8.0
 40
9.0
 40
9.0
 40
9.0
 40
10.0
 40
10.0
 40
10.0
 40
11.0
 40
11.0
 40
11.0
 40
12.0
 40
12.0
 40
12.0
 40
13.0
 40
13.0
 40
13.0
 40
14.0
 40
14.0
 40
14.0
 40
15.0
 40
15.0
 40
15.0
 40
16.0
 40
16.0
 40
16.0
 40
17.0
 40
17.0
 40
17.0
 40
17.0
 10
426.9777526855469
 20
-252.9397277832031
 10
424.9877624511719
 20
-254.2197570800781
 10
420.6677551269531
 20
-257.2597351074219
 10
414.0177307128906
 20
-262.0397644042969
 10
414.3577575683594
 20
-257.1997375488281
 10
414.6677551269531
 20
-251.5197448730469
 10
414.9577331542969
 20
-244.9997253417969
 10
415.2377624511719
 20
-238.4797668457031
 10
415.3777770996094
 20
-233.6797180175781
 10
415.3777770996094
 20
-230.5997619628906
 10
418.2777404785156
 20
-228.9497375488281
 10
421.5577697753906
 20
-226.9897155761719
 10
425.2277526855469
 20
-224.7097473144531
 10
428.8877258300781
 20
-222.4297180175781
 10
431.1377258300781
 20
-220.9897155761719
 10
431.9577331542969
 20
-220.3897399902344
 10
432.7777404785156
 20
-219.7897644042969
 10
434.0177307128906
 20
-218.8397521972656
 10
435.6677551269531
 20
-217.5297546386719
 10
440.7377624511719
 20
-217.6397399902344
 10
446.5877380371094
 20
-217.6997375488281
 10
453.2077331542969
 20
-217.6997375488281
 10
459.4777526855469
 20
-217.6997375488281
 10
465.8977355957031
 20
-217.6397399902344
 10
472.4577331542969
 20
-217.5297546386719
 10
472.4577331542969
 20
-217.5297546386719
 10
470.7377624511719
 20
-236.5797424316406
 10
470.7377624511719
 20
-236.5797424316406
 10
470.7377624511719
 20
-236.5797424316406
 10
467.0577697753906
 20
-299.7997131347656
 10
467.0577697753906
 20
-299.7997131347656
 10
467.0577697753906
 20
-299.7997131347656
 10
466.2077331542969
 20
-323.0397644042969
 10
466.2077331542969
 20
-323.0397644042969
 10
466.2077331542969
 20
-323.0397644042969
 10
466.2077331542969
 20
-334.1497497558594
 10
466.2077331542969
 20
-334.1497497558594
 10
461.3677673339844
 20
-334.0297546386719
 10
455.4777526855469
 20
-333.9797668457031
 10
448.5277404785156
 20
-333.9797668457031
 10
440.4377746582031
 20
-333.9797668457031
 10
433.7177429199219
 20
-334.0297546386719
 10
428.3677673339844
 20
-334.1497497558594
 10
429.1077575683594
 20
-325.3197326660156
 10
430.0377502441406
 20
-311.0497131347656
 10
431.1677551269531
 20
-291.3397521972656
 10
432.2977600097656
 20
-271.6397399902344
 10
432.9477233886719
 20
-257.5397644042969
 10
433.1177673339844
 20
-249.0497131347656
 10
431.0177307128906
 20
-250.3697204589844
 10
428.9677429199219
 20
-251.6597595214844
 10
426.9777526855469
 20
-252.9397277832031
 97
        0
 97
        0
 92
        1
 93
        1
 72
     4
 94
        3
 73
     0
 74
     1
 95
       86
 96
       82
 40
0.0
 40
0.0
 40
0.0
 40
0.0
 40
1.0
 40
1.0
 40
1.0
 40
2.0
 40
2.0
 40
2.0
 40
3.0
 40
3.0
 40
3.0
 40
4.0
 40
4.0
 40
4.0
 40
5.0
 40
5.0
 40
5.0
 40
6.0
 40
6.0
 40
6.0
 40
7.0
 40
7.0
 40
7.0
 40
8.0
 40
8.0
 40
8.0
 40
9.0
 40
9.0
 40
9.0
 40
10.0
 40
10.0
 40
10.0
 40
11.0
 40
11.0
 40
11.0
 40
12.0
 40
12.0
 40
12.0
 40
13.0
 40
13.0
 40
13.0
 40
14.0
 40
14.0
 40
14.0
 40
15.0
 40
15.0
 40
15.0
 40
16.0
 40
16.0
 40
16.0
 40
17.0
 40
17.0
 40
17.0
 40
18.0
 40
18.0
 40
18.0
 40
19.0
 40
19.0
 40
19.0
 40
20.0
 40
20.0
 40
20.0
 40
21.0
 40
21.0
 40
21.0
 40
22.0
 40
22.0
 40
22.0
 40
23.0
 40
23.0
 40
23.0
 40
24.0
 40
24.0
 40
24.0
 40
25.0
 40
25.0
 40
25.0
 40
26.0
 40
26.0
 40
26.0
 40
27.0
 40
27.0
 40
27.0
 40
27.0
 10
502.0777282714844
 20
-701.2997131347656
 10
501.3677673339844
 20
-702.1897277832031
 10
500.6577453613281
 20
-703.0897521972656
 10
499.9677429199219
 20
-703.9997253417969
 10
496.7077331542969
 20
-708.2197570800781
 10
493.6077575683594
 20
-712.5397644042969
 10
490.6877746582031
 20
-716.9797668457031
 10
487.1377258300781
 20
-722.3597106933594
 10
484.1777648925781
 20
-727.3597106933594
 10
481.8177795410156
 20
-731.9697570800781
 10
479.4577331542969
 20
-736.5797424316406
 10
477.4577331542969
 20
-741.1097106933594
 10
475.8077697753906
 20
-745.5497131347656
 10
474.8377380371094
 20
-748.1697082519531
 10
474.1477355957031
 20
-750.6197204589844
 10
473.7177429199219
 20
-752.8997497558594
 10
473.2877502441406
 20
-755.1797180175781
 10
473.0777282714844
 20
-757.3197326660156
 10
473.0777282714844
 20
-759.3097229003906
 10
473.0777282714844
 20
-761.9897155761719
 10
473.6177673339844
 20
-764.5497131347656
 10
474.6977233886719
 20
-766.9997253417969
 10
475.7777404785156
 20
-769.4497375488281
 10
477.3977355957031
 20
-771.3797302246094
 10
479.5577697753906
 20
-772.8097229003906
 10
481.7077331542969
 20
-774.2297668457031
 10
484.2977600097656
 20
-774.9397277832031
 10
487.3077697753906
 20
-774.9397277832031
 10
490.1477355957031
 20
-774.9397277832031
 10
492.6577453613281
 20
-774.2697448730469
 10
494.8377380371094
 20
-772.9397277832031
 10
497.0277404785156
 20
-771.5997619628906
 10
498.6577453613281
 20
-769.7497253417969
 10
499.7377624511719
 20
-767.3797302246094
 10
499.8177795410156
 20
-767.1897277832031
 10
499.9077453613281
 20
-767.0097351074219
 10
499.9777526855469
 20
-766.8197326660156
 10
499.9777526855469
 20
-766.8197326660156
 10
499.9777526855469
 20
-779.5097351074219
 10
499.9777526855469
 20
-779.5097351074219
 10
499.9777526855469
 20
-779.5097351074219
 10
499.9877624511719
 20
-796.3897399902344
 10
499.9877624511719
 20
-796.3897399902344
 10
499.9877624511719
 20
-796.3897399902344
 10
499.9777526855469
 20
-797.7097473144531
 10
499.9777526855469
 20
-797.7097473144531
 10
499.9777526855469
 20
-797.7097473144531
 10
499.9777526855469
 20
-798.6997375488281
 10
499.9777526855469
 20
-798.6997375488281
 10
499.7577819824219
 20
-798.7497253417969
 10
499.5377502441406
 20
-798.7797546386719
 10
499.3077697753906
 20
-798.8197326660156
 10
494.9777526855469
 20
-799.5297546386719
 10
490.5977478027344
 20
-799.8897399902344
 10
486.1477355957031
 20
-799.8897399902344
 10
475.8377380371094
 20
-799.8897399902344
 10
466.8877258300781
 20
-798.1697082519531
 10
459.2777404785156
 20
-794.7197570800781
 10
451.6777648925781
 20
-791.2797546386719
 10
446.1577453613281
 20
-786.5497131347656
 10
442.7077331542969
 20
-780.5397644042969
 10
439.2577819824219
 20
-774.5297546386719
 10
437.5377502441406
 20
-767.9097595214844
 10
437.5377502441406
 20
-760.6797180175781
 10
437.5377502441406
 20
-756.5197448730469
 10
438.0077819824219
 20
-751.9597473144531
 10
438.9477233886719
 20
-747.0097351074219
 10
439.8877258300781
 20
-742.0497131347656
 10
441.9677429199219
 20
-736.1397399902344
 10
445.1877746582031
 20
-729.2797546386719
 10
448.3977355957031
 20
-722.4197082519531
 10
452.8177795410156
 20
-714.5097351074219
 10
458.4277648925781
 20
-705.5697326660156
 10
464.0377502441406
 20
-696.6297302246094
 10
469.7477722167969
 20
-688.4597473144531
 10
475.5577697753906
 20
-681.0497131347656
 10
475.5577697753906
 20
-681.0497131347656
 10
519.2977600097656
 20
-681.0497131347656
 10
519.2977600097656
 20
-681.0497131347656
 10
510.6577453613281
 20
-691.0197448730469
 10
504.9177551269531
 20
-697.7697448730469
 10
502.0777282714844
 20
-701.2997131347656
 97
        0
 97
        0
 92
        1
 93
        1
 72
     4
 94
        3
 73
     0
 74
     1
 95
       44
 96
       40
 40
0.0
 40
0.0
 40
0.0
 40
0.0
 40
1.0
 40
1.0
 40
1.0
 40
2.0
 40
2.0
 40
2.0
 40
3.0
 40
3.0
 40
3.0
 40
4.0
 40
4.0
 40
4.0
 40
5.0
 40
5.0
 40
5.0
 40
6.0
 40
6.0
 40
6.0
 40
7.0
 40
7.0
 40
7.0
 40
8.0
 40
8.0
 40
8.0
 40
9.0
 40
9.0
 40
9.0
 40
10.0
 40
10.0
 40
10.0
 40
11.0
 40
11.0
 40
11.0
 40
12.0
 40
12.0
 40
12.0
 40
13.0
 40
13.0
 40
13.0
 40
13.0
 10
499.9777526855469
 20
-753.6797180175781
 10
499.1477355957031
 20
-752.1097106933594
 10
497.9377746582031
 20
-750.8297424316406
 10
496.3577575683594
 20
-749.8297424316406
 10
493.0277404785156
 20
-747.7197570800781
 10
489.7077331542969
 20
-746.6597595214844
 10
486.4077453613281
 20
-746.6597595214844
 10
485.3877258300781
 20
-746.6597595214844
 10
483.8477478027344
 20
-746.8097229003906
 10
481.7977600097656
 20
-747.0897521972656
 10
483.1077575683594
 20
-744.9897155761719
 10
485.5577697753906
 20
-740.9097595214844
 10
489.1377258300781
 20
-734.8697204589844
 10
489.1377258300781
 20
-734.8697204589844
 10
496.0577697753906
 20
-723.2597351074219
 10
496.0577697753906
 20
-723.2597351074219
 10
497.3877258300781
 20
-723.0297546386719
 10
498.6877746582031
 20
-722.8497619628906
 10
499.9677429199219
 20
-722.7197570800781
 10
499.9677429199219
 20
-722.7197570800781
 10
499.9677429199219
 20
-727.0997619628906
 10
499.9677429199219
 20
-727.0997619628906
 10
499.9677429199219
 20
-727.0997619628906
 10
499.9577331542969
 20
-728.6197204589844
 10
499.9577331542969
 20
-728.6197204589844
 10
499.9577331542969
 20
-728.6197204589844
 10
499.9777526855469
 20
-737.2097473144531
 10
499.9777526855469
 20
-737.2097473144531
 10
499.9777526855469
 20
-737.2097473144531
 10
499.9777526855469
 20
-740.0097351074219
 10
499.9777526855469
 20
-740.0097351074219
 10
499.9777526855469
 20
-740.0097351074219
 10
499.9677429199219
 20
-744.8597106933594
 10
499.9677429199219
 20
-744.8597106933594
 10
499.9677429199219
 20
-744.8597106933594
 10
499.9677429199219
 20
-748.2097473144531
 10
499.9677429199219
 20
-748.2097473144531
 10
499.9677429199219
 20
-748.2097473144531
 10
499.9777526855469
 20
-753.6797180175781
 10
499.9777526855469
 20
-753.6797180175781
 97
        0
 97
        0
 92
        1
 93
        1
 72
     4
 94
        3
 73
     0
 74
     1
 95
       95
 96
       91
 40
0.0
 40
0.0
 40
0.0
 40
0.0
 40
1.0
 40
1.0
 40
1.0
 40
2.0
 40
2.0
 40
2.0
 40
3.0
 40
3.0
 40
3.0
 40
4.0
 40
4.0
 40
4.0
 40
5.0
 40
5.0
 40
5.0
 40
6.0
 40
6.0
 40
6.0
 40
7.0
 40
7.0
 40
7.0
 40
8.0
 40
8.0
 40
8.0
 40
9.0
 40
9.0
 40
9.0
 40
10.0
 40
10.0
 40
10.0
 40
11.0
 40
11.0
 40
11.0
 40
12.0
 40
12.0
 40
12.0
 40
13.0
 40
13.0
 40
13.0
 40
14.0
 40
14.0
 40
14.0
 40
15.0
 40
15.0
 40
15.0
 40
16.0
 40
16.0
 40
16.0
 40
17.0
 40
17.0
 40
17.0
 40
18.0
 40
18.0
 40
18.0
 40
19.0
 40
19.0
 40
19.0
 40
20.0
 40
20.0
 40
20.0
 40
21.0
 40
21.0
 40
21.0
 40
22.0
 40
22.0
 40
22.0
 40
23.0
 40
23.0
 40
23.0
 40
24.0
 40
24.0
 40
24.0
 40
25.0
 40
25.0
 40
25.0
 40
26.0
 40
26.0
 40
26.0
 40
27.0
 40
27.0
 40
27.0
 40
28.0
 40
28.0
 40
28.0
 40
29.0
 40
29.0
 40
29.0
 40
30.0
 40
30.0
 40
30.0
 40
30.0
 10
500.0377502441406
 20
-309.1938781738281
 10
500.0377502441406
 20
-295.8138732910156
 10
500.0277404785156
 20
-282.4238586425781
 10
500.0277404785156
 20
-269.0438537597656
 10
507.1777648925781
 20
-262.3838806152344
 10
513.5677795410156
 20
-256.1038513183594
 10
519.2077331542969
 20
-250.2038879394531
 10
524.1677551269531
 20
-245.0238952636719
 10
528.3177795410156
 20
-240.2638854980469
 10
531.6777648925781
 20
-235.9338684082031
 10
533.6177673339844
 20
-233.3738708496094
 10
534.8977355957031
 20
-231.2338562011719
 10
535.5277404785156
 20
-229.5238952636719
 10
535.9777526855469
 20
-228.3338928222656
 10
536.2077331542969
 20
-227.1038513183594
 10
536.2077331542969
 20
-225.8538513183594
 10
536.2077331542969
 20
-224.2038879394531
 10
535.8377380371094
 20
-222.7638854980469
 10
535.0977478027344
 20
-221.5338439941406
 10
534.3577575683594
 20
-220.3138732910156
 10
533.1877746582031
 20
-219.2738952636719
 10
531.5977478027344
 20
-218.4138488769531
 10
529.9977722167969
 20
-217.5638732910156
 10
528.0677795410156
 20
-216.8838806152344
 10
525.7877502441406
 20
-216.3638610839844
 10
523.5077819824219
 20
-215.8538513183594
 10
520.9177551269531
 20
-215.5938415527344
 10
518.0077819824219
 20
-215.5938415527344
 10
514.0277404785156
 20
-215.5938415527344
 10
509.8277282714844
 20
-215.9438781738281
 10
505.4077453613281
 20
-216.6238708496094
 10
503.8177795410156
 20
-216.8738708496094
 10
502.0177307128906
 20
-217.1938781738281
 10
500.0077819824219
 20
-217.6038513183594
 10
499.9977722167969
 20
-209.3938903808594
 10
499.9977722167969
 20
-201.1938781738281
 10
499.9977722167969
 20
-192.9838562011719
 10
511.9177551269531
 20
-191.3138732910156
 10
523.2177429199219
 20
-190.4838562011719
 10
533.9077453613281
 20
-190.4838562011719
 10
539.8777770996094
 20
-190.4838562011719
 10
545.6077575683594
 20
-191.0238952636719
 10
551.0777282714844
 20
-192.1038513183594
 10
556.5477600097656
 20
-193.1838684082031
 10
561.4377746582031
 20
-195.0238952636719
 10
565.7677307128906
 20
-197.6138610839844
 10
570.0977478027344
 20
-200.2038879394531
 10
573.3477478027344
 20
-203.2238464355469
 10
575.5077819824219
 20
-206.6738586425781
 10
577.6677551269531
 20
-210.1138610839844
 10
578.7577819824219
 20
-213.8338928222656
 10
578.7577819824219
 20
-217.8138732910156
 10
578.7577819824219
 20
-220.4438781738281
 10
578.4377746582031
 20
-223.0338439941406
 10
577.8177795410156
 20
-225.5938415527344
 10
577.1877746582031
 20
-228.0438537597656
 10
576.0177307128906
 20
-230.9238586425781
 10
574.3177795410156
 20
-234.2238464355469
 10
572.1477355957031
 20
-238.3238830566406
 10
569.4677429199219
 20
-242.3638610839844
 10
566.2777404785156
 20
-246.3538513183594
 10
561.5577697753906
 20
-252.3338928222656
 10
556.0877380371094
 20
-258.5138854980469
 10
549.8777770996094
 20
-264.8938903808594
 10
543.9577331542969
 20
-270.9338684082031
 10
536.8377380371094
 20
-277.7038879394531
 10
528.5177307128906
 20
-285.2238464355469
 10
528.5177307128906
 20
-285.2238464355469
 10
537.9177551269531
 20
-285.3138732910156
 10
537.9177551269531
 20
-285.3138732910156
 10
540.1377258300781
 20
-285.3138732910156
 10
544.5377502441406
 20
-285.2538757324219
 10
551.1177673339844
 20
-285.1438903808594
 10
557.6977233886719
 20
-285.0238952636719
 10
562.2677307128906
 20
-284.9138488769531
 10
564.8277282714844
 20
-284.8038635253906
 10
567.3877258300781
 20
-284.6838684082031
 10
570.5577697753906
 20
-284.4338684082031
 10
574.3177795410156
 20
-284.0338439941406
 10
574.1377258300781
 20
-286.7638854980469
 10
573.8677673339844
 20
-290.1838684082031
 10
573.4977722167969
 20
-294.2838439941406
 10
573.1277770996094
 20
-298.3838806152344
 10
572.7477722167969
 20
-303.3938903808594
 10
572.3477478027344
 20
-309.3138732910156
 10
558.1677551269531
 20
-309.2038879394531
 10
543.3277282714844
 20
-309.1438903808594
 10
527.8377380371094
 20
-309.1438903808594
 10
517.7277526855469
 20
-309.1438903808594
 10
508.4677429199219
 20
-309.1638488769531
 10
500.0377502441406
 20
-309.1938781738281
 97
        0
 97
        0
 92
        1
 93
        1
 72
     4
 94
        3
 73
     0
 74
     1
 95
      119
 96
      115
 40
0.0
 40
0.0
 40
0.0
 40
0.0
 40
1.0
 40
1.0
 40
1.0
 40
2.0
 40
2.0
 40
2.0
 40
3.0
 40
3.0
 40
3.0
 40
4.0
 40
4.0
 40
4.0
 40
5.0
 40
5.0
 40
5.0
 40
6.0
 40
6.0
 40
6.0
 40
7.0
 40
7.0
 40
7.0
 40
8.0
 40
8.0
 40
8.0
 40
9.0
 40
9.0
 40
9.0
 40
10.0
 40
10.0
 40
10.0
 40
11.0
 40
11.0
 40
11.0
 40
12.0
 40
12.0
 40
12.0
 40
13.0
 40
13.0
 40
13.0
 40
14.0
 40
14.0
 40
14.0
 40
15.0
 40
15.0
 40
15.0
 40
16.0
 40
16.0
 40
16.0
 40
17.0
 40
17.0
 40
17.0
 40
18.0
 40
18.0
 40
18.0
 40
19.0
 40
19.0
 40
19.0
 40
20.0
 40
20.0
 40
20.0
 40
21.0
 40
21.0
 40
21.0
 40
22.0
 40
22.0
 40
22.0
 40
23.0
 40
23.0
 40
23.0
 40
24.0
 40
24.0
 40
24.0
 40
25.0
 40
25.0
 40
25.0
 40
26.0
 40
26.0
 40
26.0
 40
27.0
 40
27.0
 40
27.0
 40
28.0
 40
28.0
 40
28.0
 40
29.0
 40
29.0
 40
29.0
 40
30.0
 40
30.0
 40
30.0
 40
31.0
 40
31.0
 40
31.0
 40
32.0
 40
32.0
 40
32.0
 40
33.0
 40
33.0
 40
33.0
 40
34.0
 40
34.0
 40
34.0
 40
35.0
 40
35.0
 40
35.0
 40
36.0
 40
36.0
 40
36.0
 40
37.0
 40
37.0
 40
37.0
 40
38.0
 40
38.0
 40
38.0
 40
38.0
 10
652.1177673339844
 20
-760.2497253417969
 10
648.9277648925781
 20
-765.9697570800781
 10
644.5577697753906
 20
-770.5297546386719
 10
639.0077819824219
 20
-773.9197082519531
 10
633.4477233886719
 20
-777.3097229003906
 10
627.0177307128906
 20
-779.7597351074219
 10
619.6977233886719
 20
-781.2697448730469
 10
612.3777770996094
 20
-782.7797546386719
 10
604.8777770996094
 20
-783.5297546386719
 10
597.1877746582031
 20
-783.5297546386719
 10
594.2777404785156
 20
-783.5297546386719
 10
590.8377380371094
 20
-783.3497619628906
 10
586.8477478027344
 20
-782.9797668457031
 10
582.8577575683594
 20
-782.5997619628906
 10
579.4977722167969
 20
-782.1897277832031
 10
576.7677307128906
 20
-781.7397155761719
 10
574.0377502441406
 20
-781.2797546386719
 10
570.5277404785156
 20
-780.5697326660156
 10
566.2577819824219
 20
-779.5997619628906
 10
566.2577819824219
 20
-779.5997619628906
 10
565.6577453613281
 20
-770.9997253417969
 10
565.6577453613281
 20
-770.9997253417969
 10
565.4877624511719
 20
-768.2197570800781
 10
565.3077697753906
 20
-765.6897277832031
 10
565.1077575683594
 20
-763.4197082519531
 10
564.9077453613281
 20
-761.1497497558594
 10
564.5177307128906
 20
-757.4597473144531
 10
563.9477233886719
 20
-752.3497619628906
 10
575.7377624511719
 20
-755.7097473144531
 10
585.5077819824219
 20
-757.3897399902344
 10
593.2577819824219
 20
-757.3897399902344
 10
597.4077453613281
 20
-757.3897399902344
 10
601.2477722167969
 20
-756.7297668457031
 10
604.7477722167969
 20
-755.4197082519531
 10
608.2477722167969
 20
-754.0997619628906
 10
610.9377746582031
 20
-752.2497253417969
 10
612.8177795410156
 20
-749.8497619628906
 10
614.6977233886719
 20
-747.4497375488281
 10
615.6377258300781
 20
-744.8197326660156
 10
615.6377258300781
 20
-741.9597473144531
 10
615.6377258300781
 20
-737.7897644042969
 10
613.7177429199219
 20
-734.6397399902344
 10
609.8677673339844
 20
-732.4897155761719
 10
606.0277404785156
 20
-730.3497619628906
 10
600.0077819824219
 20
-729.2797546386719
 10
591.8077697753906
 20
-729.2797546386719
 10
588.1577453613281
 20
-729.2797546386719
 10
584.5877380371094
 20
-729.4097595214844
 10
581.0777282714844
 20
-729.6597595214844
 10
577.5777282714844
 20
-729.9197082519531
 10
572.8377380371094
 20
-730.4497375488281
 10
566.8577575683594
 20
-731.2497253417969
 10
566.8577575683594
 20
-731.2497253417969
 10
571.2477722167969
 20
-676.0497131347656
 10
571.2477722167969
 20
-676.0497131347656
 10
571.4177551269531
 20
-673.3197326660156
 10
571.5877380371094
 20
-669.5297546386719
 10
571.7677307128906
 20
-664.6897277832031
 10
583.3877258300781
 20
-664.7897644042969
 10
594.6577453613281
 20
-664.8397521972656
 10
605.5577697753906
 20
-664.8497619628906
 10
605.5577697753906
 20
-664.8497619628906
 10
619.1177673339844
 20
-689.8197326660156
 10
619.1177673339844
 20
-689.8197326660156
 10
617.9277648925781
 20
-689.8097229003906
 10
616.6777648925781
 20
-689.8097229003906
 10
615.3877258300781
 20
-689.8097229003906
 10
613.6177673339844
 20
-689.8097229003906
 10
610.7077331542969
 20
-689.8697204589844
 10
606.6677551269531
 20
-689.9797668457031
 10
606.6677551269531
 20
-689.9797668457031
 10
604.9377746582031
 20
-709.5397644042969
 10
604.9377746582031
 20
-709.5397644042969
 10
608.7577819824219
 20
-709.2597351074219
 10
611.7177429199219
 20
-709.1197204589844
 10
613.8277282714844
 20
-709.1197204589844
 10
619.9477233886719
 20
-709.1197204589844
 10
625.5677795410156
 20
-709.7897644042969
 10
630.6977233886719
 20
-711.1297302246094
 10
630.6977233886719
 20
-711.1297302246094
 10
632.0477600097656
 20
-713.6197204589844
 10
632.0477600097656
 20
-713.6197204589844
 10
632.0477600097656
 20
-713.6197204589844
 10
633.0477600097656
 20
-715.4597473144531
 10
633.0477600097656
 20
-715.4597473144531
 10
633.0477600097656
 20
-715.4597473144531
 10
636.3677673339844
 20
-721.5797424316406
 10
636.3677673339844
 20
-721.5797424316406
 10
636.3677673339844
 20
-721.5797424316406
 10
637.6277770996094
 20
-723.9097595214844
 10
637.6277770996094
 20
-723.9097595214844
 10
637.6277770996094
 20
-723.9097595214844
 10
639.8977355957031
 20
-728.0897521972656
 10
639.8977355957031
 20
-728.0897521972656
 10
639.8977355957031
 20
-728.0897521972656
 10
641.3977355957031
 20
-730.8597106933594
 10
641.3977355957031
 20
-730.8597106933594
 10
641.3977355957031
 20
-730.8597106933594
 10
642.1177673339844
 20
-732.1997375488281
 10
642.1177673339844
 20
-732.1997375488281
 10
642.1177673339844
 20
-732.1997375488281
 10
647.5577697753906
 20
-742.1997375488281
 10
647.5577697753906
 20
-742.1997375488281
 10
647.5577697753906
 20
-742.1997375488281
 10
649.8677673339844
 20
-746.4597473144531
 10
649.8677673339844
 20
-746.4597473144531
 10
649.8677673339844
 20
-746.4597473144531
 10
651.4677429199219
 20
-749.4097595214844
 10
651.4677429199219
 20
-749.4097595214844
 10
651.4677429199219
 20
-749.4097595214844
 10
654.5377502441406
 20
-755.0697326660156
 10
654.5377502441406
 20
-755.0697326660156
 10
653.8777770996094
 20
-756.8197326660156
 10
653.0677795410156
 20
-758.5497131347656
 10
652.1177673339844
 20
-760.2497253417969
 97
        0
 97
        0
 92
        1
 93
        1
 72
     4
 94
        3
 73
     0
 74
     1
 95
       50
 96
       46
 40
0.0
 40
0.0
 40
0.0
 40
0.0
 40
1.0
 40
1.0
 40
1.0
 40
2.0
 40
2.0
 40
2.0
 40
3.0
 40
3.0
 40
3.0
 40
4.0
 40
4.0
 40
4.0
 40
5.0
 40
5.0
 40
5.0
 40
6.0
 40
6.0
 40
6.0
 40
7.0
 40
7.0
 40
7.0
 40
8.0
 40
8.0
 40
8.0
 40
9.0
 40
9.0
 40
9.0
 40
10.0
 40
10.0
 40
10.0
 40
11.0
 40
11.0
 40
11.0
 40
12.0
 40
12.0
 40
12.0
 40
13.0
 40
13.0
 40
13.0
 40
14.0
 40
14.0
 40
14.0
 40
15.0
 40
15.0
 40
15.0
 40
15.0
 10
636.0477600097656
 20
-358.8997497558594
 10
636.7777404785156
 20
-350.0697326660156
 10
637.7177429199219
 20
-335.7997131347656
 10
638.8477478027344
 20
-316.0897521972656
 10
639.9777526855469
 20
-296.3897399902344
 10
640.6277770996094
 20
-282.2897644042969
 10
640.7977600097656
 20
-273.7997131347656
 10
638.6977233886719
 20
-275.1197204589844
 10
636.6477355957031
 20
-276.4097595214844
 10
634.6577453613281
 20
-277.6897277832031
 10
632.6677551269531
 20
-278.9697570800781
 10
628.3477478027344
 20
-282.0097351074219
 10
621.6977233886719
 20
-286.7897644042969
 10
621.9877624511719
 20
-282.6397399902344
 10
622.2577819824219
 20
-277.8697204589844
 10
622.4977722167969
 20
-272.4797668457031
 10
628.6977233886719
 20
-262.9997253417969
 10
634.8977355957031
 20
-253.5197448730469
 10
641.0977478027344
 20
-244.0397644042969
 10
641.7377624511719
 20
-243.5497131347656
 10
642.4877624511719
 20
-242.9597473144531
 10
643.3477478027344
 20
-242.2797546386719
 10
648.4177551269531
 20
-242.3897399902344
 10
654.2677307128906
 20
-242.4497375488281
 10
660.8777770996094
 20
-242.4497375488281
 10
667.1577453613281
 20
-242.4497375488281
 10
673.5777282714844
 20
-242.3897399902344
 10
680.1277770996094
 20
-242.2797546386719
 10
680.1277770996094
 20
-242.2797546386719
 10
678.4177551269531
 20
-261.3297424316406
 10
678.4177551269531
 20
-261.3297424316406
 10
678.4177551269531
 20
-261.3297424316406
 10
674.7377624511719
 20
-324.5497131347656
 10
674.7377624511719
 20
-324.5497131347656
 10
674.7377624511719
 20
-324.5497131347656
 10
673.8877258300781
 20
-347.7897644042969
 10
673.8877258300781
 20
-347.7897644042969
 10
673.8877258300781
 20
-347.7897644042969
 10
673.8877258300781
 20
-358.8997497558594
 10
673.8877258300781
 20
-358.8997497558594
 10
669.0377502441406
 20
-358.7797546386719
 10
663.1477355957031
 20
-358.7297668457031
 10
656.2077331542969
 20
-358.7297668457031
 10
648.1177673339844
 20
-358.7297668457031
 10
641.3977355957031
 20
-358.7797546386719
 10
636.0477600097656
 20
-358.8997497558594
 97
        0
 97
        0
 92
        1
 93
        1
 72
     4
 94
        3
 73
     0
 74
     1
 95
      110
 96
      106
 40
0.0
 40
0.0
 40
0.0
 40
0.0
 40
1.0
 40
1.0
 40
1.0
 40
2.0
 40
2.0
 40
2.0
 40
3.0
 40
3.0
 40
3.0
 40
4.0
 40
4.0
 40
4.0
 40
5.0
 40
5.0
 40
5.0
 40
6.0
 40
6.0
 40
6.0
 40
7.0
 40
7.0
 40
7.0
 40
8.0
 40
8.0
 40
8.0
 40
9.0
 40
9.0
 40
9.0
 40
10.0
 40
10.0
 40
10.0
 40
11.0
 40
11.0
 40
11.0
 40
12.0
 40
12.0
 40
12.0
 40
13.0
 40
13.0
 40
13.0
 40
14.0
 40
14.0
 40
14.0
 40
15.0
 40
15.0
 40
15.0
 40
16.0
 40
16.0
 40
16.0
 40
17.0
 40
17.0
 40
17.0
 40
18.0
 40
18.0
 40
18.0
 40
19.0
 40
19.0
 40
19.0
 40
20.0
 40
20.0
 40
20.0
 40
21.0
 40
21.0
 40
21.0
 40
22.0
 40
22.0
 40
22.0
 40
23.0
 40
23.0
 40
23.0
 40
24.0
 40
24.0
 40
24.0
 40
25.0
 40
25.0
 40
25.0
 40
26.0
 40
26.0
 40
26.0
 40
27.0
 40
27.0
 40
27.0
 40
28.0
 40
28.0
 40
28.0
 40
29.0
 40
29.0
 40
29.0
 40
30.0
 40
30.0
 40
30.0
 40
31.0
 40
31.0
 40
31.0
 40
32.0
 40
32.0
 40
32.0
 40
33.0
 40
33.0
 40
33.0
 40
34.0
 40
34.0
 40
34.0
 40
35.0
 40
35.0
 40
35.0
 40
35.0
 10
761.6777648925781
 20
-641.8197326660156
 10
761.4877624511719
 20
-648.1897277832031
 10
761.3877258300781
 20
-654.8897399902344
 10
761.3877258300781
 20
-661.8997497558594
 10
761.3877258300781
 20
-661.8997497558594
 10
761.3877258300781
 20
-665.9197082519531
 10
761.3877258300781
 20
-665.9197082519531
 10
757.9777526855469
 20
-665.6897277832031
 10
752.9477233886719
 20
-665.5797424316406
 10
746.2877502441406
 20
-665.5797424316406
 10
746.2877502441406
 20
-665.5797424316406
 10
742.7877502441406
 20
-665.6597595214844
 10
742.7877502441406
 20
-665.6597595214844
 10
742.3177795410156
 20
-671.1897277832031
 10
742.0777282714844
 20
-681.0997619628906
 10
742.0777282714844
 20
-695.3897399902344
 10
736.4377746582031
 20
-695.2797546386719
 10
730.5977478027344
 20
-695.2197570800781
 10
724.5677795410156
 20
-695.2197570800781
 10
718.9277648925781
 20
-695.2197570800781
 10
712.7177429199219
 20
-695.2797546386719
 10
705.9477233886719
 20
-695.3897399902344
 10
706.4677429199219
 20
-690.3197326660156
 10
706.9277648925781
 20
-684.9397277832031
 10
707.3377380371094
 20
-679.2397155761719
 10
707.7377624511719
 20
-673.5497131347656
 10
708.0277404785156
 20
-669.0197448730469
 10
708.2077331542969
 20
-665.6597595214844
 10
708.2077331542969
 20
-665.6597595214844
 10
698.8877258300781
 20
-665.7497253417969
 10
698.8877258300781
 20
-665.7497253417969
 10
698.8877258300781
 20
-665.7497253417969
 10
691.8677673339844
 20
-665.7497253417969
 10
691.8677673339844
 20
-665.7497253417969
 10
691.8677673339844
 20
-665.7497253417969
 10
659.7277526855469
 20
-666.2597351074219
 10
659.7277526855469
 20
-666.2597351074219
 10
659.7277526855469
 20
-666.2597351074219
 10
659.9777526855469
 20
-663.6097106933594
 10
659.9777526855469
 20
-663.6097106933594
 10
660.0377502441406
 20
-662.9797668457031
 10
660.1177673339844
 20
-661.1297302246094
 10
660.2377624511719
 20
-658.0597229003906
 10
660.2377624511719
 20
-658.0597229003906
 10
660.9177551269531
 20
-641.8197326660156
 10
660.9177551269531
 20
-641.8197326660156
 10
660.9777526855469
 20
-640.3397521972656
 10
661.0077819824219
 20
-638.7797546386719
 10
661.0077819824219
 20
-637.1297302246094
 10
666.8077697753906
 20
-630.1197204589844
 10
673.5077819824219
 20
-621.3897399902344
 10
681.1077575683594
 20
-610.9397277832031
 10
684.2577819824219
 20
-606.6097106933594
 10
687.3477478027344
 20
-602.2297668457031
 10
690.3777770996094
 20
-597.7997131347656
 10
690.3777770996094
 20
-597.7997131347656
 10
696.6777648925781
 20
-601.6897277832031
 10
696.6777648925781
 20
-601.6897277832031
 10
696.6777648925781
 20
-601.6897277832031
 10
699.3577575683594
 20
-603.3497619628906
 10
699.3577575683594
 20
-603.3497619628906
 10
699.3577575683594
 20
-603.3497619628906
 10
710.3377380371094
 20
-610.1297302246094
 10
710.3377380371094
 20
-610.1297302246094
 10
708.5677795410156
 20
-612.8397521972656
 10
707.0077819824219
 20
-615.1697082519531
 10
705.6577453613281
 20
-617.1197204589844
 10
703.2577819824219
 20
-620.5897521972656
 10
701.5177307128906
 20
-623.0697326660156
 10
700.4277648925781
 20
-624.5497131347656
 10
700.4277648925781
 20
-624.5497131347656
 10
688.0077819824219
 20
-641.6497497558594
 10
688.0077819824219
 20
-641.6497497558594
 10
688.0077819824219
 20
-641.6497497558594
 10
713.0777282714844
 20
-641.6497497558594
 10
713.0777282714844
 20
-641.6497497558594
 10
713.0777282714844
 20
-641.6497497558594
 10
714.4577331542969
 20
-612.6697082519531
 10
714.4577331542969
 20
-612.6697082519531
 10
714.4577331542969
 20
-612.6697082519531
 10
717.3177795410156
 20
-614.4397277832031
 10
717.3177795410156
 20
-614.4397277832031
 10
717.3177795410156
 20
-614.4397277832031
 10
733.8277282714844
 20
-624.6297302246094
 10
733.8277282714844
 20
-624.6297302246094
 10
733.8277282714844
 20
-624.6297302246094
 10
743.9477233886719
 20
-630.8797302246094
 10
743.9477233886719
 20
-630.8797302246094
 10
743.8377380371094
 20
-634.5897521972656
 10
743.7677307128906
 20
-637.7497253417969
 10
743.7377624511719
 20
-640.3697204589844
 10
746.4677429199219
 20
-640.4897155761719
 10
749.6777648925781
 20
-640.5397644042969
 10
753.3777770996094
 20
-640.5397644042969
 10
756.2777404785156
 20
-640.5397644042969
 10
757.9477233886719
 20
-640.5297546386719
 10
758.4077453613281
 20
-640.4997253417969
 10
758.6177673339844
 20
-640.4897155761719
 10
758.9577331542969
 20
-640.4597473144531
 10
759.4377746582031
 20
-640.4397277832031
 10
760.0077819824219
 20
-640.3997497558594
 10
760.7677307128906
 20
-640.3497619628906
 10
761.7277526855469
 20
-640.2897644042969
 10
761.7077331542969
 20
-640.7997131347656
 10
761.6977233886719
 20
-641.2997131347656
 10
761.6777648925781
 20
-641.8197326660156
 97
        0
 97
        0
 92
        1
 93
        1
 72
     4
 94
        3
 73
     0
 74
     1
 95
      119
 96
      115
 40
0.0
 40
0.0
 40
0.0
 40
0.0
 40
1.0
 40
1.0
 40
1.0
 40
2.0
 40
2.0
 40
2.0
 40
3.0
 40
3.0
 40
3.0
 40
4.0
 40
4.0
 40
4.0
 40
5.0
 40
5.0
 40
5.0
 40
6.0
 40
6.0
 40
6.0
 40
7.0
 40
7.0
 40
7.0
 40
8.0
 40
8.0
 40
8.0
 40
9.0
 40
9.0
 40
9.0
 40
10.0
 40
10.0
 40
10.0
 40
11.0
 40
11.0
 40
11.0
 40
12.0
 40
12.0
 40
12.0
 40
13.0
 40
13.0
 40
13.0
 40
14.0
 40
14.0
 40
14.0
 40
15.0
 40
15.0
 40
15.0
 40
16.0
 40
16.0
 40
16.0
 40
17.0
 40
17.0
 40
17.0
 40
18.0
 40
18.0
 40
18.0
 40
19.0
 40
19.0
 40
19.0
 40
20.0
 40
20.0
 40
20.0
 40
21.0
 40
21.0
 40
21.0
 40
22.0
 40
22.0
 40
22.0
 40
23.0
 40
23.0
 40
23.0
 40
24.0
 40
24.0
 40
24.0
 40
25.0
 40
25.0
 40
25.0
 40
26.0
 40
26.0
 40
26.0
 40
27.0
 40
27.0
 40
27.0
 40
28.0
 40
28.0
 40
28.0
 40
29.0
 40
29.0
 40
29.0
 40
30.0
 40
30.0
 40
30.0
 40
31.0
 40
31.0
 40
31.0
 40
32.0
 40
32.0
 40
32.0
 40
33.0
 40
33.0
 40
33.0
 40
34.0
 40
34.0
 40
34.0
 40
35.0
 40
35.0
 40
35.0
 40
36.0
 40
36.0
 40
36.0
 40
37.0
 40
37.0
 40
37.0
 40
38.0
 40
38.0
 40
38.0
 40
38.0
 10
746.9577331542969
 20
-587.0197448730469
 10
740.5177307128906
 20
-587.0197448730469
 10
734.3777770996094
 20
-586.6897277832031
 10
728.5477600097656
 20
-586.0397644042969
 10
722.7077331542969
 20
-585.3797302246094
 10
715.6577453613281
 20
-584.1997375488281
 10
707.3977355957031
 20
-582.4897155761719
 10
706.6577453613281
 20
-570.9297180175781
 10
705.9177551269531
 20
-561.7297668457031
 10
705.1777648925781
 20
-554.8997497558594
 10
717.8777770996094
 20
-559.1697082519531
 10
729.3577575683594
 20
-561.3097229003906
 10
739.6077575683594
 20
-561.3097229003906
 10
745.9277648925781
 20
-561.3097229003906
 10
751.0377502441406
 20
-560.0397644042969
 10
754.9477233886719
 20
-557.4997253417969
 10
758.8477478027344
 20
-554.9697570800781
 10
760.7977600097656
 20
-551.5697326660156
 10
760.7977600097656
 20
-547.2997131347656
 10
760.7977600097656
 20
-543.1397399902344
 10
758.8177795410156
 20
-540.0897521972656
 10
754.8577575683594
 20
-538.1497497558594
 10
750.8977355957031
 20
-536.2197570800781
 10
744.7377624511719
 20
-535.2497253417969
 10
736.3577575683594
 20
-535.2497253417969
 10
730.9477233886719
 20
-535.2497253417969
 10
725.9977722167969
 20
-535.5597229003906
 10
721.4977722167969
 20
-536.1897277832031
 10
722.2877502441406
 20
-527.2997131347656
 10
722.9477233886719
 20
-518.5597229003906
 10
723.4577331542969
 20
-509.9597473144531
 10
727.5577697753906
 20
-510.6997375488281
 10
731.8577575683594
 20
-511.0697326660156
 10
736.3577575683594
 20
-511.0697326660156
 10
741.4877624511719
 20
-511.0697326660156
 10
745.7477722167969
 20
-510.7497253417969
 10
749.1377258300781
 20
-510.0897521972656
 10
752.5177307128906
 20
-509.4397277832031
 10
755.0977478027344
 20
-508.1697082519531
 10
756.8677673339844
 20
-506.2597351074219
 10
758.6277770996094
 20
-504.3697204589844
 10
759.5177307128906
 20
-502.3097229003906
 10
759.5177307128906
 20
-500.0997619628906
 10
759.5177307128906
 20
-499.9297180175781
 10
759.5077819824219
 20
-499.7597351074219
 10
759.4977722167969
 20
-499.5897521972656
 10
759.4977722167969
 20
-499.5897521972656
 10
769.9577331542969
 20
-499.5897521972656
 10
769.9577331542969
 20
-499.5897521972656
 10
769.9577331542969
 20
-499.5897521972656
 10
774.2177429199219
 20
-499.5797424316406
 10
774.2177429199219
 20
-499.5797424316406
 10
774.2177429199219
 20
-499.5797424316406
 10
779.2877502441406
 20
-499.5897521972656
 10
779.2877502441406
 20
-499.5897521972656
 10
779.2877502441406
 20
-499.5897521972656
 10
781.8477478027344
 20
-499.5797424316406
 10
781.8477478027344
 20
-499.5797424316406
 10
781.8477478027344
 20
-499.5797424316406
 10
782.6477355957031
 20
-499.5897521972656
 10
782.6477355957031
 20
-499.5897521972656
 10
782.6477355957031
 20
-499.5897521972656
 10
791.8577575683594
 20
-499.5897521972656
 10
791.8577575683594
 20
-499.5897521972656
 10
791.8577575683594
 20
-499.5897521972656
 10
794.8177795410156
 20
-499.5997619628906
 10
794.8177795410156
 20
-499.5997619628906
 10
794.8177795410156
 20
-499.5997619628906
 10
795.7977600097656
 20
-499.5897521972656
 10
795.7977600097656
 20
-499.5897521972656
 10
795.7977600097656
 20
-499.5897521972656
 10
799.9077453613281
 20
-499.5897521972656
 10
799.9077453613281
 20
-499.5897521972656
 10
799.7177429199219
 20
-500.8197326660156
 10
799.4477233886719
 20
-502.0297546386719
 10
799.1077575683594
 20
-503.2097473144531
 10
798.3477478027344
 20
-505.8897399902344
 10
797.1577453613281
 20
-508.3797302246094
 10
795.5677795410156
 20
-510.6897277832031
 10
793.9677429199219
 20
-512.9897155761719
 10
792.0877380371094
 20
-515.0297546386719
 10
789.9277648925781
 20
-516.7997131347656
 10
787.7677307128906
 20
-518.5597229003906
 10
785.6577453613281
 20
-519.9897155761719
 10
783.6077575683594
 20
-521.0697326660156
 10
781.5577697753906
 20
-522.1497497558594
 10
778.8177795410156
 20
-523.3697204589844
 10
775.4077453613281
 20
-524.7397155761719
 10
778.9977722167969
 20
-525.4797668457031
 10
781.7977600097656
 20
-526.2497253417969
 10
783.8177795410156
 20
-527.0497131347656
 10
785.8377380371094
 20
-527.8497619628906
 10
787.8777770996094
 20
-528.9997253417969
 10
789.9277648925781
 20
-530.5097351074219
 10
791.9777526855469
 20
-532.0197448730469
 10
793.7177429199219
 20
-533.7797546386719
 10
795.1377258300781
 20
-535.7997131347656
 10
796.5677795410156
 20
-537.8297424316406
 10
797.6177673339844
 20
-540.0897521972656
 10
798.2977600097656
 20
-542.5997619628906
 10
798.9877624511719
 20
-545.0997619628906
 10
799.3277282714844
 20
-547.7797546386719
 10
799.3277282714844
 20
-550.6297302246094
 10
799.3277282714844
 20
-556.2697448730469
 10
798.0277404785156
 20
-561.4797668457031
 10
795.4377746582031
 20
-566.2597351074219
 10
792.8477478027344
 20
-571.0497131347656
 10
789.0277404785156
 20
-575.0197448730469
 10
783.9877624511719
 20
-578.1797180175781
 10
778.9477233886719
 20
-581.3397521972656
 10
773.1677551269531
 20
-583.5997619628906
 10
766.6477355957031
 20
-584.9697570800781
 10
760.1277770996094
 20
-586.3397521972656
 10
753.5577697753906
 20
-587.0197448730469
 10
746.9577331542969
 20
-587.0197448730469
 97
        0
 97
        0
 75
     2
 76
     1
 98
        0
  0
ENDBLK
  5
44
330
41
100
AcDbEntity
  8
0
100
AcDbBlockEnd
  0
ENDSEC
  0
SECTION
  2
ENTITIES
  0
INSERT
  5
42
330
1F
100
AcDbEntity
  8
Layer 1
100
AcDbBlockReference
  2
block 2
 10
0.0
 20
0.0
 30
0.0
  0
SPLINE
  5
58
330
1F
100
AcDbEntity
  8
Layer 1
370
     0
100
AcDbSpline
210
0.0
220
0.0
230
1.0
 70
    11
 71
     3
 72
   113
 73
   109
 74
     0
 42
0.0000000001
 43
0.0000000001
 12
1.0
 22
0.0
 32
0.0
 13
1.0
 23
0.0
 33
0.0
 40
0.0
 40
0.0
 40
0.0
 40
0.0
 40
1.0
 40
1.0
 40
1.0
 40
2.0
 40
2.0
 40
2.0
 40
3.0
 40
3.0
 40
3.0
 40
4.0
 40
4.0
 40
4.0
 40
5.0
 40
5.0
 40
5.0
 40
6.0
 40
6.0
 40
6.0
 40
7.0
 40
7.0
 40
7.0
 40
8.0
 40
8.0
 40
8.0
 40
9.0
 40
9.0
 40
9.0
 40
10.0
 40
10.0
 40
10.0
 40
11.0
 40
11.0
 40
11.0
 40
12.0
 40
12.0
 40
12.0
 40
13.0
 40
13.0
 40
13.0
 40
14.0
 40
14.0
 40
14.0
 40
15.0
 40
15.0
 40
15.0
 40
16.0
 40
16.0
 40
16.0
 40
17.0
 40
17.0
 40
17.0
 40
18.0
 40
18.0
 40
18.0
 40
19.0
 40
19.0
 40
19.0
 40
20.0
 40
20.0
 40
20.0
 40
21.0
 40
21.0
 40
21.0
 40
22.0
 40
22.0
 40
22.0
 40
23.0
 40
23.0
 40
23.0
 40
24.0
 40
24.0
 40
24.0
 40
25.0
 40
25.0
 40
25.0
 40
26.0
 40
26.0
 40
26.0
 40
27.0
 40
27.0
 40
27.0
 40
28.0
 40
28.0
 40
28.0
 40
29.0
 40
29.0
 40
29.0
 40
30.0
 40
30.0
 40
30.0
 40
31.0
 40
31.0
 40
31.0
 40
32.0
 40
32.0
 40
32.0
 40
33.0
 40
33.0
 40
33.0
 40
34.0
 40
34.0
 40
34.0
 40
35.0
 40
35.0
 40
35.0
 40
36.0
 40
36.0
 40
36.0
 40
36.0
 10
3120.741058349609
 20
-499.5897521972656
 30
0.0
 10
3120.741058349609
 20
-499.5897521972656
 30
0.0
 10
3105.556549072266
 20
-499.3286437988281
 30
0.0
 10
3105.556549072266
 20
-499.3286437988281
 30
0.0
 10
3105.540985107422
 20
-486.3357238769531
 30
0.0
 10
3106.148468017578
 20
-460.9898376464844
 30
0.0
 10
3105.428619384766
 20
-448.0260314941406
 30
0.0
 10
3103.397186279297
 20
-411.4448547363281
 30
0.0
 10
3095.851348876953
 20
-376.0948181152344
 30
0.0
 10
3080.587066650391
 20
-342.6076354980469
 30
0.0
 10
3078.465789794922
 20
-337.9539489746094
 30
0.0
 10
3076.155426025391
 20
-333.3865051269531
 30
0.0
 10
3073.654144287109
 20
-328.2021179199219
 30
0.0
 10
3073.654144287109
 20
-328.2021179199219
 30
0.0
 10
3060.569793701172
 20
-335.9823303222656
 30
0.0
 10
3060.569793701172
 20
-335.9823303222656
 30
0.0
 10
3048.155975341797
 20
-313.4465637207031
 30
0.0
 10
3029.172760009766
 20
-283.4443664550781
 30
0.0
 10
3012.412506103516
 20
-263.8887634277344
 30
0.0
 10
2995.814849853516
 20
-244.5229187011719
 30
0.0
 10
2972.543304443359
 20
-224.2406311035156
 30
0.0
 10
2951.505706787109
 20
-209.5987854003906
 30
0.0
 10
2949.663238525391
 20
-212.8807678222656
 30
0.0
 10
2945.128448486328
 20
-219.3199768066406
 30
0.0
 10
2943.316986083984
 20
-222.1022644042969
 30
0.0
 10
2895.420928955078
 20
-191.8166198730469
 30
0.0
 10
2844.667633056641
 20
-170.6805114746094
 30
0.0
 10
2787.661590576172
 20
-166.9842224121094
 30
0.0
 10
2787.661590576172
 20
-166.9842224121094
 30
0.0
 10
2788.143280029297
 20
-182.3789367675781
 30
0.0
 10
2788.143280029297
 20
-182.3789367675781
 30
0.0
 10
2741.164031982422
 20
-181.1013488769531
 30
0.0
 10
2680.193450927734
 20
-187.1074523925781
 30
0.0
 10
2636.562286376953
 20
-205.3569030761719
 30
0.0
 10
2632.189788818359
 20
-207.1858215332031
 30
0.0
 10
2627.924652099609
 20
-209.2716979980469
 30
0.0
 10
2623.309722900391
 20
-211.3750305175781
 30
0.0
 10
2623.309722900391
 20
-211.3750305175781
 30
0.0
 10
2631.686492919922
 20
-224.3665466308594
 30
0.0
 10
2631.686492919922
 20
-224.3665466308594
 30
0.0
 10
2592.587921142578
 20
-243.8751525878906
 30
0.0
 10
2550.861663818359
 20
-272.0703430175781
 30
0.0
 10
2521.983306884766
 20
-305.1951599121094
 30
0.0
 10
2514.939788818359
 20
-313.2743835449219
 30
0.0
 10
2508.544158935547
 20
-321.9192810058594
 30
0.0
 10
2501.609649658203
 20
-330.6059265136719
 30
0.0
 10
2506.712371826172
 20
-333.6156311035156
 30
0.0
 10
2510.803863525391
 20
-336.0289001464844
 30
0.0
 10
2514.984954833984
 20
-338.4949035644531
 30
0.0
 10
2508.728485107422
 20
-348.8517150878906
 30
0.0
 10
2502.483245849609
 20
-358.6676940917969
 30
0.0
 10
2496.749786376953
 20
-368.7744445800781
 30
0.0
 10
2476.061798095703
 20
-405.2428894042969
 30
0.0
 10
2460.360198974609
 20
-457.8086242675781
 30
0.0
 10
2455.258941650391
 20
-499.5897521972656
 30
0.0
 10
2459.398040771484
 20
-499.8940734863281
 30
0.0
 10
2470.840484619141
 20
-499.5897521972656
 30
0.0
 10
2470.840484619141
 20
-499.5897521972656
 30
0.0
 10
2469.283721923828
 20
-529.8043518066406
 30
0.0
 10
2470.237701416016
 20
-562.3988952636719
 30
0.0
 10
2475.824005126953
 20
-592.2173156738281
 30
0.0
 10
2480.170196533203
 20
-615.4164123535156
 30
0.0
 10
2489.097930908203
 20
-642.2270812988281
 30
0.0
 10
2498.357879638672
 20
-663.9093322753906
 30
0.0
 10
2501.453765869141
 20
-662.0829162597656
 30
0.0
 10
2509.407501220703
 20
-658.5365905761719
 30
0.0
 10
2513.039642333984
 20
-656.8397521972656
 30
0.0
 10
2525.646392822266
 20
-683.0610046386719
 30
0.0
 10
2540.600006103516
 20
-707.2104187011719
 30
0.0
 10
2558.764129638672
 20
-729.2863464355469
 30
0.0
 10
2576.908966064453
 20
-751.3387756347656
 30
0.0
 10
2597.671844482422
 20
-770.5353088378906
 30
0.0
 10
2621.406402587891
 20
-787.1506652832031
 30
0.0
 10
2624.277557373047
 20
-782.8546447753906
 30
0.0
 10
2626.737884521484
 20
-779.1734313964844
 30
0.0
 10
2629.398956298828
 20
-775.1918029785156
 30
0.0
 10
2635.280853271484
 20
-778.4972839355469
 30
0.0
 10
2640.850982666016
 20
-781.4386291503906
 30
0.0
 10
2646.237701416016
 20
-784.6846618652344
 30
0.0
 10
2687.398834228516
 20
-809.4875183105469
 30
0.0
 10
2739.922454833984
 20
-827.7213439941406
 30
0.0
 10
2787.977752685547
 20
-833.0157775878906
 30
0.0
 10
2787.977752685547
 20
-833.0157775878906
 30
0.0
 10
2787.977752685547
 20
-816.1051940917969
 30
0.0
 10
2787.977752685547
 20
-816.1051940917969
 30
0.0
 10
2806.937286376953
 20
-815.9568176269531
 30
0.0
 10
2833.529693603516
 20
-816.5161437988281
 30
0.0
 10
2852.406707763672
 20
-815.0716857910156
 30
0.0
 10
2887.906524658203
 20
-812.3551940917969
 30
0.0
 10
2926.857391357422
 20
-800.9020690917969
 30
0.0
 10
2959.174713134766
 20
-785.7466125488281
 30
0.0
 10
2959.183013916016
 20
-785.7427062988281
 30
0.0
 10
2959.190338134766
 20
-785.7403259277344
 30
0.0
 10
2959.198638916016
 20
-785.7365417480469
 30
0.0
 10
2956.991546630859
 20
-781.8757629394531
 30
0.0
 10
2952.957061767578
 20
-774.1125183105469
 30
0.0
 10
2951.392852783203
 20
-770.9955139160156
 30
0.0
 10
2977.390106201172
 20
-757.8342590332031
 30
0.0
 10
3001.332733154297
 20
-742.5003967285156
 30
0.0
 10
3023.210784912109
 20
-724.1491394042969
 30
0.0
 10
3045.208282470703
 20
-705.6974182128906
 30
0.0
 10
3064.436676025391
 20
-684.6933898925781
 30
0.0
 10
3080.140899658203
 20
-660.1177062988281
 30
0.0
 10
3075.456024169922
 20
-657.3249206542969
 30
0.0
 10
3071.230499267578
 20
-654.8059997558594
 30
0.0
 10
3066.548736572266
 20
-652.0151062011719
 30
0.0
 10
3097.327484130859
 20
-603.2267761230469
 30
0.0
 10
3117.830657958984
 20
-557.9681091308594
 30
0.0
 10
3120.741058349609
 20
-499.5897521972656
 30
0.0
  0
HATCH
  5
59
330
1F
100
AcDbEntity
  8
Layer 1
 62
   240
420
 15539236
100
AcDbHatch
 10
0.0
 20
0.0
 30
0.0
210
0.0
220
0.0
230
1.0
  2
SOLID
 70
     1
 71
     0
 91
        1
 92
        1
 93
        1
 72
     4
 94
        3
 73
     0
 74
     1
 95
      113
 96
      109
 40
0.0
 40
0.0
 40
0.0
 40
0.0
 40
1.0
 40
1.0
 40
1.0
 40
2.0
 40
2.0
 40
2.0
 40
3.0
 40
3.0
 40
3.0
 40
4.0
 40
4.0
 40
4.0
 40
5.0
 40
5.0
 40
5.0
 40
6.0
 40
6.0
 40
6.0
 40
7.0
 40
7.0
 40
7.0
 40
8.0
 40
8.0
 40
8.0
 40
9.0
 40
9.0
 40
9.0
 40
10.0
 40
10.0
 40
10.0
 40
11.0
 40
11.0
 40
11.0
 40
12.0
 40
12.0
 40
12.0
 40
13.0
 40
13.0
 40
13.0
 40
14.0
 40
14.0
 40
14.0
 40
15.0
 40
15.0
 40
15.0
 40
16.0
 40
16.0
 40
16.0
 40
17.0
 40
17.0
 40
17.0
 40
18.0
 40
18.0
 40
18.0
 40
19.0
 40
19.0
 40
19.0
 40
20.0
 40
20.0
 40
20.0
 40
21.0
 40
21.0
 40
21.0
 40
22.0
 40
22.0
 40
22.0
 40
23.0
 40
23.0
 40
23.0
 40
24.0
 40
24.0
 40
24.0
 40
25.0
 40
25.0
 40
25.0
 40
26.0
 40
26.0
 40
26.0
 40
27.0
 40
27.0
 40
27.0
 40
28.0
 40
28.0
 40
28.0
 40
29.0
 40
29.0
 40
29.0
 40
30.0
 40
30.0
 40
30.0
 40
31.0
 40
31.0
 40
31.0
 40
32.0
 40
32.0
 40
32.0
 40
33.0
 40
33.0
 40
33.0
 40
34.0
 40
34.0
 40
34.0
 40
35.0
 40
35.0
 40
35.0
 40
36.0
 40
36.0
 40
36.0
 40
36.0
 10
3120.741058349609
 20
-499.5897521972656
 10
3120.741058349609
 20
-499.5897521972656
 10
3105.556549072266
 20
-499.3286437988281
 10
3105.556549072266
 20
-499.3286437988281
 10
3105.540985107422
 20
-486.3357238769531
 10
3106.148468017578
 20
-460.9898376464844
 10
3105.428619384766
 20
-448.0260314941406
 10
3103.397186279297
 20
-411.4448547363281
 10
3095.851348876953
 20
-376.0948181152344
 10
3080.587066650391
 20
-342.6076354980469
 10
3078.465789794922
 20
-337.9539489746094
 10
3076.155426025391
 20
-333.3865051269531
 10
3073.654144287109
 20
-328.2021179199219
 10
3073.654144287109
 20
-328.2021179199219
 10
3060.569793701172
 20
-335.9823303222656
 10
3060.569793701172
 20
-335.9823303222656
 10
3048.155975341797
 20
-313.4465637207031
 10
3029.172760009766
 20
-283.4443664550781
 10
3012.412506103516
 20
-263.8887634277344
 10
2995.814849853516
 20
-244.5229187011719
 10
2972.543304443359
 20
-224.2406311035156
 10
2951.505706787109
 20
-209.5987854003906
 10
2949.663238525391
 20
-212.8807678222656
 10
2945.128448486328
 20
-219.3199768066406
 10
2943.316986083984
 20
-222.1022644042969
 10
2895.420928955078
 20
-191.8166198730469
 10
2844.667633056641
 20
-170.6805114746094
 10
2787.661590576172
 20
-166.9842224121094
 10
2787.661590576172
 20
-166.9842224121094
 10
2788.143280029297
 20
-182.3789367675781
 10
2788.143280029297
 20
-182.3789367675781
 10
2741.164031982422
 20
-181.1013488769531
 10
2680.193450927734
 20
-187.1074523925781
 10
2636.562286376953
 20
-205.3569030761719
 10
2632.189788818359
 20
-207.1858215332031
 10
2627.924652099609
 20
-209.2716979980469
 10
2623.309722900391
 20
-211.3750305175781
 10
2623.309722900391
 20
-211.3750305175781
 10
2631.686492919922
 20
-224.3665466308594
 10
2631.686492919922
 20
-224.3665466308594
 10
2592.587921142578
 20
-243.8751525878906
 10
2550.861663818359
 20
-272.0703430175781
 10
2521.983306884766
 20
-305.1951599121094
 10
2514.939788818359
 20
-313.2743835449219
 10
2508.544158935547
 20
-321.9192810058594
 10
2501.609649658203
 20
-330.6059265136719
 10
2506.712371826172
 20
-333.6156311035156
 10
2510.803863525391
 20
-336.0289001464844
 10
2514.984954833984
 20
-338.4949035644531
 10
2508.728485107422
 20
-348.8517150878906
 10
2502.483245849609
 20
-358.6676940917969
 10
2496.749786376953
 20
-368.7744445800781
 10
2476.061798095703
 20
-405.2428894042969
 10
2460.360198974609
 20
-457.8086242675781
 10
2455.258941650391
 20
-499.5897521972656
 10
2459.398040771484
 20
-499.8940734863281
 10
2470.840484619141
 20
-499.5897521972656
 10
2470.840484619141
 20
-499.5897521972656
 10
2469.283721923828
 20
-529.8043518066406
 10
2470.237701416016
 20
-562.3988952636719
 10
2475.824005126953
 20
-592.2173156738281
 10
2480.170196533203
 20
-615.4164123535156
 10
2489.097930908203
 20
-642.2270812988281
 10
2498.357879638672
 20
-663.9093322753906
 10
2501.453765869141
 20
-662.0829162597656
 10
2509.407501220703
 20
-658.5365905761719
 10
2513.039642333984
 20
-656.8397521972656
 10
2525.646392822266
 20
-683.0610046386719
 10
2540.600006103516
 20
-707.2104187011719
 10
2558.764129638672
 20
-729.2863464355469
 10
2576.908966064453
 20
-751.3387756347656
 10
2597.671844482422
 20
-770.5353088378906
 10
2621.406402587891
 20
-787.1506652832031
 10
2624.277557373047
 20
-782.8546447753906
 10
2626.737884521484
 20
-779.1734313964844
 10
2629.398956298828
 20
-775.1918029785156
 10
2635.280853271484
 20
-778.4972839355469
 10
2640.850982666016
 20
-781.4386291503906
 10
2646.237701416016
 20
-784.6846618652344
 10
2687.398834228516
 20
-809.4875183105469
 10
2739.922454833984
 20
-827.7213439941406
 10
2787.977752685547
 20
-833.0157775878906
 10
2787.977752685547
 20
-833.0157775878906
 10
2787.977752685547
 20
-816.1051940917969
 10
2787.977752685547
 20
-816.1051940917969
 10
2806.937286376953
 20
-815.9568176269531
 10
2833.529693603516
 20
-816.5161437988281
 10
2852.406707763672
 20
-815.0716857910156
 10
2887.906524658203
 20
-812.3551940917969
 10
2926.857391357422
 20
-800.9020690917969
 10
2959.174713134766
 20
-785.7466125488281
 10
2959.183013916016
 20
-785.7427062988281
 10
2959.190338134766
 20
-785.7403259277344
 10
2959.198638916016
 20
-785.7365417480469
 10
2956.991546630859
 20
-781.8757629394531
 10
2952.957061767578
 20
-774.1125183105469
 10
2951.392852783203
 20
-770.9955139160156
 10
2977.390106201172
 20
-757.8342590332031
 10
3001.332733154297
 20
-742.5003967285156
 10
3023.210784912109
 20
-724.1491394042969
 10
3045.208282470703
 20
-705.6974182128906
 10
3064.436676025391
 20
-684.6933898925781
 10
3080.140899658203
 20
-660.1177062988281
 10
3075.456024169922
 20
-657.3249206542969
 10
3071.230499267578
 20
-654.8059997558594
 10
3066.548736572266
 20
-652.0151062011719
 10
3097.327484130859
 20
-603.2267761230469
 10
3117.830657958984
 20
-557.9681091308594
 10
3120.741058349609
 20
-499.5897521972656
 97
        0
 97
        0
 75
     2
 76
     1
 98
        0
  0
SPLINE
  5
5A
330
1F
100
AcDbEntity
  8
Layer 1
370
     0
100
AcDbSpline
210
0.0
220
0.0
230
1.0
 70
    11
 71
     3
 72
   113
 73
   109
 74
     0
 42
0.0000000001
 43
0.0000000001
 12
1.0
 22
0.0
 32
0.0
 13
1.0
 23
0.0
 33
0.0
 40
0.0
 40
0.0
 40
0.0
 40
0.0
 40
1.0
 40
1.0
 40
1.0
 40
2.0
 40
2.0
 40
2.0
 40
3.0
 40
3.0
 40
3.0
 40
4.0
 40
4.0
 40
4.0
 40
5.0
 40
5.0
 40
5.0
 40
6.0
 40
6.0
 40
6.0
 40
7.0
 40
7.0
 40
7.0
 40
8.0
 40
8.0
 40
8.0
 40
9.0
 40
9.0
 40
9.0
 40
10.0
 40
10.0
 40
10.0
 40
11.0
 40
11.0
 40
11.0
 40
12.0
 40
12.0
 40
12.0
 40
13.0
 40
13.0
 40
13.0
 40
14.0
 40
14.0
 40
14.0
 40
15.0
 40
15.0
 40
15.0
 40
16.0
 40
16.0
 40
16.0
 40
17.0
 40
17.0
 40
17.0
 40
18.0
 40
18.0
 40
18.0
 40
19.0
 40
19.0
 40
19.0
 40
20.0
 40
20.0
 40
20.0
 40
21.0
 40
21.0
 40
21.0
 40
22.0
 40
22.0
 40
22.0
 40
23.0
 40
23.0
 40
23.0
 40
24.0
 40
24.0
 40
24.0
 40
25.0
 40
25.0
 40
25.0
 40
26.0
 40
26.0
 40
26.0
 40
27.0
 40
27.0
 40
27.0
 40
28.0
 40
28.0
 40
28.0
 40
29.0
 40
29.0
 40
29.0
 40
30.0
 40
30.0
 40
30.0
 40
31.0
 40
31.0
 40
31.0
 40
32.0
 40
32.0
 40
32.0
 40
33.0
 40
33.0
 40
33.0
 40
34.0
 40
34.0
 40
34.0
 40
35.0
 40
35.0
 40
35.0
 40
36.0
 40
36.0
 40
36.0
 40
36.0
 10
1976.741058349609
 20
-499.5897521972656
 30
0.0
 10
1976.741058349609
 20
-499.5897521972656
 30
0.0
 10
1961.556549072266
 20
-499.3286437988281
 30
0.0
 10
1961.556549072266
 20
-499.3286437988281
 30
0.0
 10
1961.540985107422
 20
-486.3357238769531
 30
0.0
 10
1962.148468017578
 20
-460.9898376464844
 30
0.0
 10
1961.428619384766
 20
-448.0260314941406
 30
0.0
 10
1959.397186279297
 20
-411.4448547363281
 30
0.0
 10
1951.851348876953
 20
-376.0948181152344
 30
0.0
 10
1936.587066650391
 20
-342.6076354980469
 30
0.0
 10
1934.465789794922
 20
-337.9539489746094
 30
0.0
 10
1932.155426025391
 20
-333.3865051269531
 30
0.0
 10
1929.654144287109
 20
-328.2021179199219
 30
0.0
 10
1929.654144287109
 20
-328.2021179199219
 30
0.0
 10
1916.569793701172
 20
-335.9823303222656
 30
0.0
 10
1916.569793701172
 20
-335.9823303222656
 30
0.0
 10
1904.155975341797
 20
-313.4465637207031
 30
0.0
 10
1885.172760009766
 20
-283.4443664550781
 30
0.0
 10
1868.412506103516
 20
-263.8887634277344
 30
0.0
 10
1851.814849853516
 20
-244.5229187011719
 30
0.0
 10
1828.543304443359
 20
-224.2406311035156
 30
0.0
 10
1807.505706787109
 20
-209.5987854003906
 30
0.0
 10
1805.663238525391
 20
-212.8807678222656
 30
0.0
 10
1801.128448486328
 20
-219.3199768066406
 30
0.0
 10
1799.316986083984
 20
-222.1022644042969
 30
0.0
 10
1751.420928955078
 20
-191.8166198730469
 30
0.0
 10
1700.667633056641
 20
-170.6805114746094
 30
0.0
 10
1643.661590576172
 20
-166.9842224121094
 30
0.0
 10
1643.661590576172
 20
-166.9842224121094
 30
0.0
 10
1644.143280029297
 20
-182.3789367675781
 30
0.0
 10
1644.143280029297
 20
-182.3789367675781
 30
0.0
 10
1597.164031982422
 20
-181.1013488769531
 30
0.0
 10
1536.193450927734
 20
-187.1074523925781
 30
0.0
 10
1492.562286376953
 20
-205.3569030761719
 30
0.0
 10
1488.189788818359
 20
-207.1858215332031
 30
0.0
 10
1483.924652099609
 20
-209.2716979980469
 30
0.0
 10
1479.309722900391
 20
-211.3750305175781
 30
0.0
 10
1479.309722900391
 20
-211.3750305175781
 30
0.0
 10
1487.686492919922
 20
-224.3665466308594
 30
0.0
 10
1487.686492919922
 20
-224.3665466308594
 30
0.0
 10
1448.587921142578
 20
-243.8751525878906
 30
0.0
 10
1406.861663818359
 20
-272.0703430175781
 30
0.0
 10
1377.983306884766
 20
-305.1951599121094
 30
0.0
 10
1370.939788818359
 20
-313.2743835449219
 30
0.0
 10
1364.544158935547
 20
-321.9192810058594
 30
0.0
 10
1357.609649658203
 20
-330.6059265136719
 30
0.0
 10
1362.712371826172
 20
-333.6156311035156
 30
0.0
 10
1366.803863525391
 20
-336.0289001464844
 30
0.0
 10
1370.984954833984
 20
-338.4949035644531
 30
0.0
 10
1364.728485107422
 20
-348.8517150878906
 30
0.0
 10
1358.483245849609
 20
-358.6676940917969
 30
0.0
 10
1352.749786376953
 20
-368.7744445800781
 30
0.0
 10
1332.061798095703
 20
-405.2428894042969
 30
0.0
 10
1316.360198974609
 20
-457.8086242675781
 30
0.0
 10
1311.258941650391
 20
-499.5897521972656
 30
0.0
 10
1315.398040771484
 20
-499.8940734863281
 30
0.0
 10
1326.840484619141
 20
-499.5897521972656
 30
0.0
 10
1326.840484619141
 20
-499.5897521972656
 30
0.0
 10
1325.283721923828
 20
-529.8043518066406
 30
0.0
 10
1326.237701416016
 20
-562.3988952636719
 30
0.0
 10
1331.824005126953
 20
-592.2173156738281
 30
0.0
 10
1336.170196533203
 20
-615.4164123535156
 30
0.0
 10
1345.097930908203
 20
-642.2270812988281
 30
0.0
 10
1354.357879638672
 20
-663.9093322753906
 30
0.0
 10
1357.453765869141
 20
-662.0829162597656
 30
0.0
 10
1365.407501220703
 20
-658.5365905761719
 30
0.0
 10
1369.039642333984
 20
-656.8397521972656
 30
0.0
 10
1381.646392822266
 20
-683.0610046386719
 30
0.0
 10
1396.600006103516
 20
-707.2104187011719
 30
0.0
 10
1414.764129638672
 20
-729.2863464355469
 30
0.0
 10
1432.908966064453
 20
-751.3387756347656
 30
0.0
 10
1453.671844482422
 20
-770.5353088378906
 30
0.0
 10
1477.406402587891
 20
-787.1506652832031
 30
0.0
 10
1480.277557373047
 20
-782.8546447753906
 30
0.0
 10
1482.737884521484
 20
-779.1734313964844
 30
0.0
 10
1485.398956298828
 20
-775.1918029785156
 30
0.0
 10
1491.280853271484
 20
-778.4972839355469
 30
0.0
 10
1496.850982666016
 20
-781.4386291503906
 30
0.0
 10
1502.237701416016
 20
-784.6846618652344
 30
0.0
 10
1543.398834228516
 20
-809.4875183105469
 30
0.0
 10
1595.922454833984
 20
-827.7213439941406
 30
0.0
 10
1643.977752685547
 20
-833.0157775878906
 30
0.0
 10
1643.977752685547
 20
-833.0157775878906
 30
0.0
 10
1643.977752685547
 20
-816.1051940917969
 30
0.0
 10
1643.977752685547
 20
-816.1051940917969
 30
0.0
 10
1662.937286376953
 20
-815.9568176269531
 30
0.0
 10
1689.529693603516
 20
-816.5161437988281
 30
0.0
 10
1708.406707763672
 20
-815.0716857910156
 30
0.0
 10
1743.906524658203
 20
-812.3551940917969
 30
0.0
 10
1782.857391357422
 20
-800.9020690917969
 30
0.0
 10
1815.174713134766
 20
-785.7466125488281
 30
0.0
 10
1815.183013916016
 20
-785.7427062988281
 30
0.0
 10
1815.190338134766
 20
-785.7403259277344
 30
0.0
 10
1815.198638916016
 20
-785.7365417480469
 30
0.0
 10
1812.991546630859
 20
-781.8757629394531
 30
0.0
 10
1808.957061767578
 20
-774.1125183105469
 30
0.0
 10
1807.392852783203
 20
-770.9955139160156
 30
0.0
 10
1833.390106201172
 20
-757.8342590332031
 30
0.0
 10
1857.332733154297
 20
-742.5003967285156
 30
0.0
 10
1879.210784912109
 20
-724.1491394042969
 30
0.0
 10
1901.208282470703
 20
-705.6974182128906
 30
0.0
 10
1920.436676025391
 20
-684.6933898925781
 30
0.0
 10
1936.140899658203
 20
-660.1177062988281
 30
0.0
 10
1931.456024169922
 20
-657.3249206542969
 30
0.0
 10
1927.230499267578
 20
-654.8059997558594
 30
0.0
 10
1922.548736572266
 20
-652.0151062011719
 30
0.0
 10
1953.327484130859
 20
-603.2267761230469
 30
0.0
 10
1973.830657958984
 20
-557.9681091308594
 30
0.0
 10
1976.741058349609
 20
-499.5897521972656
 30
0.0
  0
SPLINE
  5
5B
330
1F
100
AcDbEntity
  8
Layer 1
370
     0
100
AcDbSpline
210
0.0
220
0.0
230
1.0
 70
    11
 71
     3
 72
    80
 73
    76
 74
     0
 42
0.0000000001
 43
0.0000000001
 12
1.0
 22
0.0
 32
0.0
 13
1.0
 23
0.0
 33
0.0
 40
0.0
 40
0.0
 40
0.0
 40
0.0
 40
1.0
 40
1.0
 40
1.0
 40
2.0
 40
2.0
 40
2.0
 40
3.0
 40
3.0
 40
3.0
 40
4.0
 40
4.0
 40
4.0
 40
5.0
 40
5.0
 40
5.0
 40
6.0
 40
6.0
 40
6.0
 40
7.0
 40
7.0
 40
7.0
 40
8.0
 40
8.0
 40
8.0
 40
9.0
 40
9.0
 40
9.0
 40
10.0
 40
10.0
 40
10.0
 40
11.0
 40
11.0
 40
11.0
 40
12.0
 40
12.0
 40
12.0
 40
13.0
 40
13.0
 40
13.0
 40
14.0
 40
14.0
 40
14.0
 40
15.0
 40
15.0
 40
15.0
 40
16.0
 40
16.0
 40
16.0
 40
17.0
 40
17.0
 40
17.0
 40
18.0
 40
18.0
 40
18.0
 40
19.0
 40
19.0
 40
19.0
 40
20.0
 40
20.0
 40
20.0
 40
21.0
 40
21.0
 40
21.0
 40
22.0
 40
22.0
 40
22.0
 40
23.0
 40
23.0
 40
23.0
 40
24.0
 40
24.0
 40
24.0
 40
25.0
 40
25.0
 40
25.0
 40
25.0
 10
1854.267730712891
 20
-396.5497131347656
 30
0.0
 10
1859.227752685547
 20
-391.3597106933594
 30
0.0
 10
1863.377777099609
 20
-386.5997619628906
 30
0.0
 10
1866.747772216797
 20
-382.2697448730469
 30
0.0
 10
1868.677764892578
 20
-379.7097473144531
 30
0.0
 10
1869.957733154297
 20
-377.5697326660156
 30
0.0
 10
1870.587738037109
 20
-375.8597106933594
 30
0.0
 10
1871.047760009766
 20
-374.6697082519531
 30
0.0
 10
1871.267730712891
 20
-373.4397277832031
 30
0.0
 10
1871.267730712891
 20
-372.1897277832031
 30
0.0
 10
1871.267730712891
 20
-370.5397644042969
 30
0.0
 10
1870.897735595703
 20
-369.0997619628906
 30
0.0
 10
1870.157745361328
 20
-367.8697204589844
 30
0.0
 10
1869.497772216797
 20
-366.7797546386719
 30
0.0
 10
1868.497772216797
 20
-365.8297424316406
 30
0.0
 10
1867.147735595703
 20
-365.0297546386719
 30
0.0
 10
1867.147735595703
 20
-365.0297546386719
 30
0.0
 10
1902.267730712891
 20
-344.8497619628906
 30
0.0
 10
1902.267730712891
 20
-344.8497619628906
 30
0.0
 10
1905.887725830078
 20
-347.2297668457031
 30
0.0
 10
1908.657745361328
 20
-349.9497375488281
 30
0.0
 10
1910.567779541016
 20
-353.0097351074219
 30
0.0
 10
1912.737762451172
 20
-356.4497375488281
 30
0.0
 10
1913.817779541016
 20
-360.1697082519531
 30
0.0
 10
1913.817779541016
 20
-364.1597595214844
 30
0.0
 10
1913.817779541016
 20
-366.7797546386719
 30
0.0
 10
1913.507781982422
 20
-369.3697204589844
 30
0.0
 10
1912.877777099609
 20
-371.9297180175781
 30
0.0
 10
1912.247772216797
 20
-374.3797302246094
 30
0.0
 10
1911.087738037109
 20
-377.2597351074219
 30
0.0
 10
1909.377777099609
 20
-380.5597229003906
 30
0.0
 10
1907.207733154297
 20
-384.6597595214844
 30
0.0
 10
1904.537750244141
 20
-388.6997375488281
 30
0.0
 10
1901.347747802734
 20
-392.6897277832031
 30
0.0
 10
1896.617767333984
 20
-398.6697082519531
 30
0.0
 10
1891.147735595703
 20
-404.8497619628906
 30
0.0
 10
1884.937774658203
 20
-411.2297668457031
 30
0.0
 10
1879.017730712891
 20
-417.2697448730469
 30
0.0
 10
1871.897735595703
 20
-424.0397644042969
 30
0.0
 10
1863.587738037109
 20
-431.5597229003906
 30
0.0
 10
1863.587738037109
 20
-431.5597229003906
 30
0.0
 10
1872.977752685547
 20
-431.6497497558594
 30
0.0
 10
1872.977752685547
 20
-431.6497497558594
 30
0.0
 10
1875.197723388672
 20
-431.6497497558594
 30
0.0
 10
1879.597747802734
 20
-431.5897521972656
 30
0.0
 10
1886.177764892578
 20
-431.4797668457031
 30
0.0
 10
1892.757781982422
 20
-431.3597106933594
 30
0.0
 10
1897.327728271484
 20
-431.2497253417969
 30
0.0
 10
1899.887725830078
 20
-431.1397399902344
 30
0.0
 10
1902.457733154297
 20
-431.0197448730469
 30
0.0
 10
1905.617767333984
 20
-430.7697448730469
 30
0.0
 10
1909.377777099609
 20
-430.3697204589844
 30
0.0
 10
1909.207733154297
 20
-433.0997619628906
 30
0.0
 10
1908.937774658203
 20
-436.5197448730469
 30
0.0
 10
1908.567779541016
 20
-440.6197204589844
 30
0.0
 10
1908.197723388672
 20
-444.7197570800781
 30
0.0
 10
1907.807769775391
 20
-449.7297668457031
 30
0.0
 10
1907.407745361328
 20
-455.6597595214844
 30
0.0
 10
1893.227752685547
 20
-455.5397644042969
 30
0.0
 10
1878.387725830078
 20
-455.4797668457031
 30
0.0
 10
1862.897735595703
 20
-455.4797668457031
 30
0.0
 10
1844.217742919922
 20
-455.4797668457031
 30
0.0
 10
1828.407745361328
 20
-455.5397644042969
 30
0.0
 10
1815.487762451172
 20
-455.6597595214844
 30
0.0
 10
1815.707733154297
 20
-452.9797668457031
 30
0.0
 10
1815.897735595703
 20
-449.4397277832031
 30
0.0
 10
1816.037750244141
 20
-445.0297546386719
 30
0.0
 10
1816.177764892578
 20
-440.6197204589844
 30
0.0
 10
1816.367767333984
 20
-436.1097106933594
 30
0.0
 10
1816.597747802734
 20
-431.4997253417969
 30
0.0
 10
1822.517730712891
 20
-426.6597595214844
 30
0.0
 10
1827.957733154297
 20
-421.9597473144531
 30
0.0
 10
1832.907745361328
 20
-417.3997497558594
 30
0.0
 10
1840.947723388672
 20
-409.9897155761719
 30
0.0
 10
1848.057769775391
 20
-403.0397644042969
 30
0.0
 10
1854.267730712891
 20
-396.5497131347656
 30
0.0
  0
SPLINE
  5
5C
330
1F
100
AcDbEntity
  8
Layer 1
370
     0
100
AcDbSpline
210
0.0
220
0.0
230
1.0
 70
    11
 71
     3
 72
    95
 73
    91
 74
     0
 42
0.0000000001
 43
0.0000000001
 12
1.0
 22
0.0
 32
0.0
 13
1.0
 23
0.0
 33
0.0
 40
0.0
 40
0.0
 40
0.0
 40
0.0
 40
1.0
 40
1.0
 40
1.0
 40
2.0
 40
2.0
 40
2.0
 40
3.0
 40
3.0
 40
3.0
 40
4.0
 40
4.0
 40
4.0
 40
5.0
 40
5.0
 40
5.0
 40
6.0
 40
6.0
 40
6.0
 40
7.0
 40
7.0
 40
7.0
 40
8.0
 40
8.0
 40
8.0
 40
9.0
 40
9.0
 40
9.0
 40
10.0
 40
10.0
 40
10.0
 40
11.0
 40
11.0
 40
11.0
 40
12.0
 40
12.0
 40
12.0
 40
13.0
 40
13.0
 40
13.0
 40
14.0
 40
14.0
 40
14.0
 40
15.0
 40
15.0
 40
15.0
 40
16.0
 40
16.0
 40
16.0
 40
17.0
 40
17.0
 40
17.0
 40
18.0
 40
18.0
 40
18.0
 40
19.0
 40
19.0
 40
19.0
 40
20.0
 40
20.0
 40
20.0
 40
21.0
 40
21.0
 40
21.0
 40
22.0
 40
22.0
 40
22.0
 40
23.0
 40
23.0
 40
23.0
 40
24.0
 40
24.0
 40
24.0
 40
25.0
 40
25.0
 40
25.0
 40
26.0
 40
26.0
 40
26.0
 40
27.0
 40
27.0
 40
27.0
 40
28.0
 40
28.0
 40
28.0
 40
29.0
 40
29.0
 40
29.0
 40
30.0
 40
30.0
 40
30.0
 40
30.0
 10
1494.117767333984
 20
-228.8397521972656
 30
0.0
 10
1497.017730712891
 20
-227.1897277832031
 30
0.0
 10
1500.297760009766
 20
-225.2197570800781
 30
0.0
 10
1503.957733154297
 20
-222.9397277832031
 30
0.0
 10
1507.627777099609
 20
-220.6597595214844
 30
0.0
 10
1509.867767333984
 20
-219.2297668457031
 30
0.0
 10
1510.697723388672
 20
-218.6297302246094
 30
0.0
 10
1511.517730712891
 20
-218.0297546386719
 30
0.0
 10
1512.757781982422
 20
-217.0797424316406
 30
0.0
 10
1514.407745361328
 20
-215.7597351074219
 30
0.0
 10
1519.477752685547
 20
-215.8797302246094
 30
0.0
 10
1525.327728271484
 20
-215.9397277832031
 30
0.0
 10
1531.937774658203
 20
-215.9397277832031
 30
0.0
 10
1538.217742919922
 20
-215.9397277832031
 30
0.0
 10
1544.627777099609
 20
-215.8797302246094
 30
0.0
 10
1551.187774658203
 20
-215.7597351074219
 30
0.0
 10
1551.187774658203
 20
-215.7597351074219
 30
0.0
 10
1549.477752685547
 20
-234.8197326660156
 30
0.0
 10
1549.477752685547
 20
-234.8197326660156
 30
0.0
 10
1549.477752685547
 20
-234.8197326660156
 30
0.0
 10
1545.797760009766
 20
-298.0397644042969
 30
0.0
 10
1545.797760009766
 20
-298.0397644042969
 30
0.0
 10
1545.797760009766
 20
-298.0397644042969
 30
0.0
 10
1544.947723388672
 20
-320.9297180175781
 30
0.0
 10
1544.947723388672
 20
-320.9297180175781
 30
0.0
 10
1544.947723388672
 20
-320.9297180175781
 30
0.0
 10
1543.547760009766
 20
-318.5797424316406
 30
0.0
 10
1543.547760009766
 20
-318.5797424316406
 30
0.0
 10
1543.547760009766
 20
-318.5797424316406
 30
0.0
 10
1542.197723388672
 20
-316.3197326660156
 30
0.0
 10
1542.197723388672
 20
-316.3197326660156
 30
0.0
 10
1542.197723388672
 20
-316.3197326660156
 30
0.0
 10
1541.527740478516
 20
-315.1797180175781
 30
0.0
 10
1541.527740478516
 20
-315.1797180175781
 30
0.0
 10
1541.527740478516
 20
-315.1797180175781
 30
0.0
 10
1532.877777099609
 20
-300.6797180175781
 30
0.0
 10
1532.877777099609
 20
-300.6797180175781
 30
0.0
 10
1532.877777099609
 20
-300.6797180175781
 30
0.0
 10
1530.697723388672
 20
-297.0197448730469
 30
0.0
 10
1530.697723388672
 20
-297.0197448730469
 30
0.0
 10
1530.697723388672
 20
-297.0197448730469
 30
0.0
 10
1528.107757568359
 20
-292.6597595214844
 30
0.0
 10
1528.107757568359
 20
-292.6597595214844
 30
0.0
 10
1528.107757568359
 20
-292.6597595214844
 30
0.0
 10
1526.797760009766
 20
-290.4597473144531
 30
0.0
 10
1526.797760009766
 20
-290.4597473144531
 30
0.0
 10
1526.797760009766
 20
-290.4597473144531
 30
0.0
 10
1520.157745361328
 20
-279.3197326660156
 30
0.0
 10
1520.157745361328
 20
-279.3197326660156
 30
0.0
 10
1520.157745361328
 20
-279.3197326660156
 30
0.0
 10
1516.857757568359
 20
-273.7897644042969
 30
0.0
 10
1516.857757568359
 20
-273.7897644042969
 30
0.0
 10
1516.857757568359
 20
-273.7897644042969
 30
0.0
 10
1515.147735595703
 20
-270.9097595214844
 30
0.0
 10
1515.147735595703
 20
-270.9097595214844
 30
0.0
 10
1515.147735595703
 20
-270.9097595214844
 30
0.0
 10
1512.667755126953
 20
-266.7397155761719
 30
0.0
 10
1512.667755126953
 20
-266.7397155761719
 30
0.0
 10
1512.667755126953
 20
-266.7397155761719
 30
0.0
 10
1511.237762451172
 20
-264.3397521972656
 30
0.0
 10
1511.237762451172
 20
-264.3397521972656
 30
0.0
 10
1511.567779541016
 20
-257.2397155761719
 30
0.0
 10
1511.767730712891
 20
-251.5597229003906
 30
0.0
 10
1511.857757568359
 20
-247.2897644042969
 30
0.0
 10
1509.757781982422
 20
-248.5997619628906
 30
0.0
 10
1507.707733154297
 20
-249.8997497558594
 30
0.0
 10
1505.717742919922
 20
-251.1797180175781
 30
0.0
 10
1505.277740478516
 20
-251.4597473144531
 30
0.0
 10
1504.727752685547
 20
-251.8297424316406
 30
0.0
 10
1504.057769775391
 20
-252.2897644042969
 30
0.0
 10
1504.057769775391
 20
-252.2897644042969
 30
0.0
 10
1502.007781982422
 20
-248.8597106933594
 30
0.0
 10
1502.007781982422
 20
-248.8597106933594
 30
0.0
 10
1502.007781982422
 20
-248.8597106933594
 30
0.0
 10
1500.657745361328
 20
-246.5897521972656
 30
0.0
 10
1500.657745361328
 20
-246.5897521972656
 30
0.0
 10
1500.657745361328
 20
-246.5897521972656
 30
0.0
 10
1497.097747802734
 20
-240.5997619628906
 30
0.0
 10
1497.097747802734
 20
-240.5997619628906
 30
0.0
 10
1497.097747802734
 20
-240.5997619628906
 30
0.0
 10
1496.027740478516
 20
-238.8097229003906
 30
0.0
 10
1496.027740478516
 20
-238.8097229003906
 30
0.0
 10
1496.027740478516
 20
-238.8097229003906
 30
0.0
 10
1494.577728271484
 20
-236.3697204589844
 30
0.0
 10
1494.577728271484
 20
-236.3697204589844
 30
0.0
 10
1494.577728271484
 20
-236.3697204589844
 30
0.0
 10
1493.987762451172
 20
-235.3797302246094
 30
0.0
 10
1493.987762451172
 20
-235.3797302246094
 30
0.0
 10
1494.077728271484
 20
-232.6897277832031
 30
0.0
 10
1494.117767333984
 20
-230.5097351074219
 30
0.0
 10
1494.117767333984
 20
-228.8397521972656
 30
0.0
  0
SPLINE
  5
5D
330
1F
100
AcDbEntity
  8
Layer 1
370
     0
100
AcDbSpline
210
0.0
220
0.0
230
1.0
 70
    11
 71
     3
 72
    95
 73
    91
 74
     0
 42
0.0000000001
 43
0.0000000001
 12
1.0
 22
0.0
 32
0.0
 13
1.0
 23
0.0
 33
0.0
 40
0.0
 40
0.0
 40
0.0
 40
0.0
 40
1.0
 40
1.0
 40
1.0
 40
2.0
 40
2.0
 40
2.0
 40
3.0
 40
3.0
 40
3.0
 40
4.0
 40
4.0
 40
4.0
 40
5.0
 40
5.0
 40
5.0
 40
6.0
 40
6.0
 40
6.0
 40
7.0
 40
7.0
 40
7.0
 40
8.0
 40
8.0
 40
8.0
 40
9.0
 40
9.0
 40
9.0
 40
10.0
 40
10.0
 40
10.0
 40
11.0
 40
11.0
 40
11.0
 40
12.0
 40
12.0
 40
12.0
 40
13.0
 40
13.0
 40
13.0
 40
14.0
 40
14.0
 40
14.0
 40
15.0
 40
15.0
 40
15.0
 40
16.0
 40
16.0
 40
16.0
 40
17.0
 40
17.0
 40
17.0
 40
18.0
 40
18.0
 40
18.0
 40
19.0
 40
19.0
 40
19.0
 40
20.0
 40
20.0
 40
20.0
 40
21.0
 40
21.0
 40
21.0
 40
22.0
 40
22.0
 40
22.0
 40
23.0
 40
23.0
 40
23.0
 40
24.0
 40
24.0
 40
24.0
 40
25.0
 40
25.0
 40
25.0
 40
26.0
 40
26.0
 40
26.0
 40
27.0
 40
27.0
 40
27.0
 40
28.0
 40
28.0
 40
28.0
 40
29.0
 40
29.0
 40
29.0
 40
30.0
 40
30.0
 40
30.0
 40
30.0
 10
1449.997772216797
 20
-328.4697570800781
 30
0.0
 10
1454.547760009766
 20
-322.7197570800781
 30
0.0
 10
1460.277740478516
 20
-318.4597473144531
 30
0.0
 10
1467.167755126953
 20
-315.6997375488281
 30
0.0
 10
1474.057769775391
 20
-312.9397277832031
 30
0.0
 10
1481.347747802734
 20
-311.5597229003906
 30
0.0
 10
1489.037750244141
 20
-311.5597229003906
 30
0.0
 10
1498.207733154297
 20
-311.5597229003906
 30
0.0
 10
1506.477752685547
 20
-313.3497619628906
 30
0.0
 10
1513.857757568359
 20
-316.9397277832031
 30
0.0
 10
1521.227752685547
 20
-320.5297546386719
 30
0.0
 10
1526.987762451172
 20
-326.6597595214844
 30
0.0
 10
1531.117767333984
 20
-335.3497619628906
 30
0.0
 10
1535.237762451172
 20
-344.0397644042969
 30
0.0
 10
1537.307769775391
 20
-354.2697448730469
 30
0.0
 10
1537.307769775391
 20
-366.0597229003906
 30
0.0
 10
1537.307769775391
 20
-375.2897644042969
 30
0.0
 10
1536.037750244141
 20
-384.4297180175781
 30
0.0
 10
1533.507781982422
 20
-393.4897155761719
 30
0.0
 10
1530.967742919922
 20
-402.5397644042969
 30
0.0
 10
1527.527740478516
 20
-409.8197326660156
 30
0.0
 10
1523.167755126953
 20
-415.3197326660156
 30
0.0
 10
1520.047760009766
 20
-419.2397155761719
 30
0.0
 10
1516.227752685547
 20
-422.5397644042969
 30
0.0
 10
1511.707733154297
 20
-425.1997375488281
 30
0.0
 10
1511.707733154297
 20
-425.1997375488281
 30
0.0
 10
1482.837738037109
 20
-407.3897399902344
 30
0.0
 10
1482.837738037109
 20
-407.3897399902344
 30
0.0
 10
1483.387725830078
 20
-407.4597473144531
 30
0.0
 10
1483.937774658203
 20
-407.4997253417969
 30
0.0
 10
1484.507781982422
 20
-407.4997253417969
 30
0.0
 10
1486.217742919922
 20
-407.4997253417969
 30
0.0
 10
1487.887725830078
 20
-407.1297302246094
 30
0.0
 10
1489.507781982422
 20
-406.3897399902344
 30
0.0
 10
1491.127777099609
 20
-405.6497497558594
 30
0.0
 10
1492.837738037109
 20
-404.1697082519531
 30
0.0
 10
1494.627777099609
 20
-401.9397277832031
 30
0.0
 10
1496.427764892578
 20
-399.7197570800781
 30
0.0
 10
1498.007781982422
 20
-396.5297546386719
 30
0.0
 10
1499.377777099609
 20
-392.3797302246094
 30
0.0
 10
1500.737762451172
 20
-388.2197570800781
 30
0.0
 10
1501.737762451172
 20
-383.8797302246094
 30
0.0
 10
1502.367767333984
 20
-379.3497619628906
 30
0.0
 10
1502.987762451172
 20
-374.8197326660156
 30
0.0
 10
1503.307769775391
 20
-370.2197570800781
 30
0.0
 10
1503.307769775391
 20
-365.5497131347656
 30
0.0
 10
1503.307769775391
 20
-355.8697204589844
 30
0.0
 10
1501.967742919922
 20
-348.6597595214844
 30
0.0
 10
1499.287750244141
 20
-343.9297180175781
 30
0.0
 10
1496.607757568359
 20
-339.2097473144531
 30
0.0
 10
1492.997772216797
 20
-336.8397521972656
 30
0.0
 10
1488.437774658203
 20
-336.8397521972656
 30
0.0
 10
1485.757781982422
 20
-336.8397521972656
 30
0.0
 10
1483.367767333984
 20
-337.6397399902344
 30
0.0
 10
1481.257781982422
 20
-339.2397155761719
 30
0.0
 10
1478.697723388672
 20
-341.1697082519531
 30
0.0
 10
1476.677764892578
 20
-343.8197326660156
 30
0.0
 10
1475.197723388672
 20
-347.1797180175781
 30
0.0
 10
1473.377777099609
 20
-351.2297668457031
 30
0.0
 10
1472.007781982422
 20
-355.8697204589844
 30
0.0
 10
1471.097747802734
 20
-361.1097106933594
 30
0.0
 10
1470.067779541016
 20
-366.8597106933594
 30
0.0
 10
1469.557769775391
 20
-373.1797180175781
 30
0.0
 10
1469.557769775391
 20
-380.0697326660156
 30
0.0
 10
1469.557769775391
 20
-386.1097106933594
 30
0.0
 10
1470.127777099609
 20
-391.1097106933594
 30
0.0
 10
1471.267730712891
 20
-395.0697326660156
 30
0.0
 10
1472.117767333984
 20
-398.0297546386719
 30
0.0
 10
1473.287750244141
 20
-400.4797668457031
 30
0.0
 10
1474.797760009766
 20
-402.4297180175781
 30
0.0
 10
1474.797760009766
 20
-402.4297180175781
 30
0.0
 10
1456.917755126953
 20
-391.3997497558594
 30
0.0
 10
1456.917755126953
 20
-391.3997497558594
 30
0.0
 10
1456.917755126953
 20
-391.3997497558594
 30
0.0
 10
1454.677764892578
 20
-390.0197448730469
 30
0.0
 10
1454.677764892578
 20
-390.0197448730469
 30
0.0
 10
1454.677764892578
 20
-390.0197448730469
 30
0.0
 10
1453.547760009766
 20
-389.3197326660156
 30
0.0
 10
1453.547760009766
 20
-389.3197326660156
 30
0.0
 10
1453.547760009766
 20
-389.3197326660156
 30
0.0
 10
1439.187774658203
 20
-380.4597473144531
 30
0.0
 10
1439.187774658203
 20
-380.4597473144531
 30
0.0
 10
1439.187774658203
 20
-380.4597473144531
 30
0.0
 10
1435.557769775391
 20
-378.2197570800781
 30
0.0
 10
1435.557769775391
 20
-378.2197570800781
 30
0.0
 10
1435.597747802734
 20
-368.9097595214844
 30
0.0
 10
1436.857757568359
 20
-359.7497253417969
 30
0.0
 10
1439.357757568359
 20
-350.7697448730469
 30
0.0
 10
1441.887725830078
 20
-341.6597595214844
 30
0.0
 10
1445.437774658203
 20
-334.2197570800781
 30
0.0
 10
1449.997772216797
 20
-328.4697570800781
 30
0.0
  0
SPLINE
  5
5E
330
1F
100
AcDbEntity
  8
Layer 1
370
     0
100
AcDbSpline
210
0.0
220
0.0
230
1.0
 70
    11
 71
     3
 72
    65
 73
    61
 74
     0
 42
0.0000000001
 43
0.0000000001
 12
1.0
 22
0.0
 32
0.0
 13
1.0
 23
0.0
 33
0.0
 40
0.0
 40
0.0
 40
0.0
 40
0.0
 40
1.0
 40
1.0
 40
1.0
 40
2.0
 40
2.0
 40
2.0
 40
3.0
 40
3.0
 40
3.0
 40
4.0
 40
4.0
 40
4.0
 40
5.0
 40
5.0
 40
5.0
 40
6.0
 40
6.0
 40
6.0
 40
7.0
 40
7.0
 40
7.0
 40
8.0
 40
8.0
 40
8.0
 40
9.0
 40
9.0
 40
9.0
 40
10.0
 40
10.0
 40
10.0
 40
11.0
 40
11.0
 40
11.0
 40
12.0
 40
12.0
 40
12.0
 40
13.0
 40
13.0
 40
13.0
 40
14.0
 40
14.0
 40
14.0
 40
15.0
 40
15.0
 40
15.0
 40
16.0
 40
16.0
 40
16.0
 40
17.0
 40
17.0
 40
17.0
 40
18.0
 40
18.0
 40
18.0
 40
19.0
 40
19.0
 40
19.0
 40
20.0
 40
20.0
 40
20.0
 40
20.0
 10
1378.057769775391
 20
-339.3397521972656
 30
0.0
 10
1378.337738037109
 20
-332.8197326660156
 30
0.0
 10
1378.477752685547
 20
-328.0197448730469
 30
0.0
 10
1378.477752685547
 20
-324.9397277832031
 30
0.0
 10
1381.377777099609
 20
-323.2897644042969
 30
0.0
 10
1384.657745361328
 20
-321.3297424316406
 30
0.0
 10
1388.327728271484
 20
-319.0497131347656
 30
0.0
 10
1391.987762451172
 20
-316.7697448730469
 30
0.0
 10
1394.237762451172
 20
-315.3297424316406
 30
0.0
 10
1395.057769775391
 20
-314.7297668457031
 30
0.0
 10
1395.877777099609
 20
-314.1297302246094
 30
0.0
 10
1397.117767333984
 20
-313.1797180175781
 30
0.0
 10
1398.767730712891
 20
-311.8697204589844
 30
0.0
 10
1403.847747802734
 20
-311.9797668457031
 30
0.0
 10
1409.687774658203
 20
-312.0397644042969
 30
0.0
 10
1416.307769775391
 20
-312.0397644042969
 30
0.0
 10
1422.577728271484
 20
-312.0397644042969
 30
0.0
 10
1428.997772216797
 20
-311.9797668457031
 30
0.0
 10
1435.557769775391
 20
-311.8697204589844
 30
0.0
 10
1435.557769775391
 20
-311.8697204589844
 30
0.0
 10
1433.847747802734
 20
-330.9197082519531
 30
0.0
 10
1433.847747802734
 20
-330.9197082519531
 30
0.0
 10
1433.847747802734
 20
-330.9197082519531
 30
0.0
 10
1431.237762451172
 20
-375.5497131347656
 30
0.0
 10
1431.237762451172
 20
-375.5497131347656
 30
0.0
 10
1431.237762451172
 20
-375.5497131347656
 30
0.0
 10
1429.067779541016
 20
-374.2097473144531
 30
0.0
 10
1429.067779541016
 20
-374.2097473144531
 30
0.0
 10
1429.067779541016
 20
-374.2097473144531
 30
0.0
 10
1412.557769775391
 20
-364.0197448730469
 30
0.0
 10
1412.557769775391
 20
-364.0197448730469
 30
0.0
 10
1412.557769775391
 20
-364.0197448730469
 30
0.0
 10
1409.697723388672
 20
-362.2497253417969
 30
0.0
 10
1409.697723388672
 20
-362.2497253417969
 30
0.0
 10
1409.697723388672
 20
-362.2497253417969
 30
0.0
 10
1405.577728271484
 20
-359.7097473144531
 30
0.0
 10
1405.577728271484
 20
-359.7097473144531
 30
0.0
 10
1405.577728271484
 20
-359.7097473144531
 30
0.0
 10
1395.887725830078
 20
-353.7297668457031
 30
0.0
 10
1395.887725830078
 20
-353.7297668457031
 30
0.0
 10
1396.057769775391
 20
-349.6597595214844
 30
0.0
 10
1396.167755126953
 20
-346.2097473144531
 30
0.0
 10
1396.217742919922
 20
-343.3897399902344
 30
0.0
 10
1394.117767333984
 20
-344.7097473144531
 30
0.0
 10
1392.067779541016
 20
-345.9997253417969
 30
0.0
 10
1390.077728271484
 20
-347.2797546386719
 30
0.0
 10
1389.517730712891
 20
-347.6397399902344
 30
0.0
 10
1388.787750244141
 20
-348.1297302246094
 30
0.0
 10
1387.867767333984
 20
-348.7697448730469
 30
0.0
 10
1387.867767333984
 20
-348.7697448730469
 30
0.0
 10
1385.617767333984
 20
-347.3797302246094
 30
0.0
 10
1385.617767333984
 20
-347.3797302246094
 30
0.0
 10
1385.617767333984
 20
-347.3797302246094
 30
0.0
 10
1379.687774658203
 20
-343.7197570800781
 30
0.0
 10
1379.687774658203
 20
-343.7197570800781
 30
0.0
 10
1379.687774658203
 20
-343.7197570800781
 30
0.0
 10
1377.907745361328
 20
-342.6197204589844
 30
0.0
 10
1377.907745361328
 20
-342.6197204589844
 30
0.0
 10
1377.957733154297
 20
-341.5497131347656
 30
0.0
 10
1378.007781982422
 20
-340.4597473144531
 30
0.0
 10
1378.057769775391
 20
-339.3397521972656
 30
0.0
  0
SPLINE
  5
5F
330
1F
100
AcDbEntity
  8
Layer 1
370
     0
100
AcDbSpline
210
0.0
220
0.0
230
1.0
 70
    11
 71
     3
 72
   119
 73
   115
 74
     0
 42
0.0000000001
 43
0.0000000001
 12
1.0
 22
0.0
 32
0.0
 13
1.0
 23
0.0
 33
0.0
 40
0.0
 40
0.0
 40
0.0
 40
0.0
 40
1.0
 40
1.0
 40
1.0
 40
2.0
 40
2.0
 40
2.0
 40
3.0
 40
3.0
 40
3.0
 40
4.0
 40
4.0
 40
4.0
 40
5.0
 40
5.0
 40
5.0
 40
6.0
 40
6.0
 40
6.0
 40
7.0
 40
7.0
 40
7.0
 40
8.0
 40
8.0
 40
8.0
 40
9.0
 40
9.0
 40
9.0
 40
10.0
 40
10.0
 40
10.0
 40
11.0
 40
11.0
 40
11.0
 40
12.0
 40
12.0
 40
12.0
 40
13.0
 40
13.0
 40
13.0
 40
14.0
 40
14.0
 40
14.0
 40
15.0
 40
15.0
 40
15.0
 40
16.0
 40
16.0
 40
16.0
 40
17.0
 40
17.0
 40
17.0
 40
18.0
 40
18.0
 40
18.0
 40
19.0
 40
19.0
 40
19.0
 40
20.0
 40
20.0
 40
20.0
 40
21.0
 40
21.0
 40
21.0
 40
22.0
 40
22.0
 40
22.0
 40
23.0
 40
23.0
 40
23.0
 40
24.0
 40
24.0
 40
24.0
 40
25.0
 40
25.0
 40
25.0
 40
26.0
 40
26.0
 40
26.0
 40
27.0
 40
27.0
 40
27.0
 40
28.0
 40
28.0
 40
28.0
 40
29.0
 40
29.0
 40
29.0
 40
30.0
 40
30.0
 40
30.0
 40
31.0
 40
31.0
 40
31.0
 40
32.0
 40
32.0
 40
32.0
 40
33.0
 40
33.0
 40
33.0
 40
34.0
 40
34.0
 40
34.0
 40
35.0
 40
35.0
 40
35.0
 40
36.0
 40
36.0
 40
36.0
 40
37.0
 40
37.0
 40
37.0
 40
38.0
 40
38.0
 40
38.0
 40
38.0
 10
1367.987762451172
 20
-494.2897644042969
 30
0.0
 10
1364.227752685547
 20
-494.2897644042969
 30
0.0
 10
1360.137725830078
 20
-493.5697326660156
 30
0.0
 10
1355.727752685547
 20
-492.1497497558594
 30
0.0
 10
1351.307769775391
 20
-490.7297668457031
 30
0.0
 10
1347.407745361328
 20
-488.5797424316406
 30
0.0
 10
1344.017730712891
 20
-485.6997375488281
 30
0.0
 10
1340.637725830078
 20
-482.8197326660156
 30
0.0
 10
1338.057769775391
 20
-479.1197204589844
 30
0.0
 10
1336.287750244141
 20
-474.5897521972656
 30
0.0
 10
1334.527740478516
 20
-470.0597229003906
 30
0.0
 10
1333.637725830078
 20
-465.2997131347656
 30
0.0
 10
1333.637725830078
 20
-460.2797546386719
 30
0.0
 10
1333.637725830078
 20
-453.5597229003906
 30
0.0
 10
1335.127777099609
 20
-447.2397155761719
 30
0.0
 10
1338.087738037109
 20
-441.3197326660156
 30
0.0
 10
1341.047760009766
 20
-435.3897399902344
 30
0.0
 10
1345.187774658203
 20
-430.5397644042969
 30
0.0
 10
1350.517730712891
 20
-426.7497253417969
 30
0.0
 10
1355.837738037109
 20
-422.9597473144531
 30
0.0
 10
1361.647735595703
 20
-420.2897644042969
 30
0.0
 10
1367.947723388672
 20
-418.7197570800781
 30
0.0
 10
1374.237762451172
 20
-417.1497497558594
 30
0.0
 10
1381.027740478516
 20
-416.3697204589844
 30
0.0
 10
1388.317779541016
 20
-416.3697204589844
 30
0.0
 10
1395.037750244141
 20
-416.3697204589844
 30
0.0
 10
1401.507781982422
 20
-417.2497253417969
 30
0.0
 10
1407.717742919922
 20
-419.0197448730469
 30
0.0
 10
1413.917755126953
 20
-420.7797546386719
 30
0.0
 10
1419.007781982422
 20
-423.4897155761719
 30
0.0
 10
1422.967742919922
 20
-427.1297302246094
 30
0.0
 10
1426.917755126953
 20
-430.7797546386719
 30
0.0
 10
1429.867767333984
 20
-435.1497497558594
 30
0.0
 10
1431.807769775391
 20
-440.2497253417969
 30
0.0
 10
1433.737762451172
 20
-445.3497619628906
 30
0.0
 10
1434.707733154297
 20
-450.2597351074219
 30
0.0
 10
1434.707733154297
 20
-454.9897155761719
 30
0.0
 10
1434.707733154297
 20
-458.3497619628906
 30
0.0
 10
1434.307769775391
 20
-462.1097106933594
 30
0.0
 10
1433.517730712891
 20
-466.2597351074219
 30
0.0
 10
1432.717742919922
 20
-470.4197082519531
 30
0.0
 10
1431.447723388672
 20
-474.8097229003906
 30
0.0
 10
1429.717742919922
 20
-479.4197082519531
 30
0.0
 10
1427.977752685547
 20
-484.0297546386719
 30
0.0
 10
1425.567779541016
 20
-489.2897644042969
 30
0.0
 10
1422.497772216797
 20
-495.1797180175781
 30
0.0
 10
1421.777740478516
 20
-496.5597229003906
 30
0.0
 10
1421.027740478516
 20
-497.9497375488281
 30
0.0
 10
1420.247772216797
 20
-499.3397521972656
 30
0.0
 10
1420.247772216797
 20
-499.3397521972656
 30
0.0
 10
1410.367767333984
 20
-499.3397521972656
 30
0.0
 10
1410.367767333984
 20
-499.3397521972656
 30
0.0
 10
1410.367767333984
 20
-499.3397521972656
 30
0.0
 10
1409.707733154297
 20
-499.3297424316406
 30
0.0
 10
1409.707733154297
 20
-499.3297424316406
 30
0.0
 10
1409.707733154297
 20
-499.3297424316406
 30
0.0
 10
1390.417755126953
 20
-499.3297424316406
 30
0.0
 10
1390.417755126953
 20
-499.3297424316406
 30
0.0
 10
1390.417755126953
 20
-499.3297424316406
 30
0.0
 10
1387.277740478516
 20
-499.3197326660156
 30
0.0
 10
1387.277740478516
 20
-499.3197326660156
 30
0.0
 10
1387.277740478516
 20
-499.3197326660156
 30
0.0
 10
1385.747772216797
 20
-499.3197326660156
 30
0.0
 10
1385.747772216797
 20
-499.3197326660156
 30
0.0
 10
1385.747772216797
 20
-499.3197326660156
 30
0.0
 10
1384.437774658203
 20
-499.3297424316406
 30
0.0
 10
1384.437774658203
 20
-499.3297424316406
 30
0.0
 10
1384.437774658203
 20
-499.3297424316406
 30
0.0
 10
1379.377777099609
 20
-499.3297424316406
 30
0.0
 10
1379.377777099609
 20
-499.3297424316406
 30
0.0
 10
1383.727752685547
 20
-493.0997619628906
 30
0.0
 10
1387.047760009766
 20
-487.9797668457031
 30
0.0
 10
1389.347747802734
 20
-483.9497375488281
 30
0.0
 10
1391.677764892578
 20
-479.8497619628906
 30
0.0
 10
1393.577728271484
 20
-475.9697570800781
 30
0.0
 10
1395.027740478516
 20
-472.3297424316406
 30
0.0
 10
1396.477752685547
 20
-468.6797180175781
 30
0.0
 10
1397.447723388672
 20
-465.7197570800781
 30
0.0
 10
1397.927764892578
 20
-463.4397277832031
 30
0.0
 10
1398.417755126953
 20
-461.1697082519531
 30
0.0
 10
1398.657745361328
 20
-458.9197082519531
 30
0.0
 10
1398.657745361328
 20
-456.6897277832031
 30
0.0
 10
1398.657745361328
 20
-453.6797180175781
 30
0.0
 10
1398.127777099609
 20
-450.9797668457031
 30
0.0
 10
1397.077728271484
 20
-448.6197204589844
 30
0.0
 10
1396.017730712891
 20
-446.2597351074219
 30
0.0
 10
1394.417755126953
 20
-444.4797668457031
 30
0.0
 10
1392.247772216797
 20
-443.2797546386719
 30
0.0
 10
1390.087738037109
 20
-442.0897521972656
 30
0.0
 10
1387.687774658203
 20
-441.4897155761719
 30
0.0
 10
1385.077728271484
 20
-441.4897155761719
 30
0.0
 10
1380.627777099609
 20
-441.4897155761719
 30
0.0
 10
1376.857757568359
 20
-442.9297180175781
 30
0.0
 10
1373.757781982422
 20
-445.7997131347656
 30
0.0
 10
1370.647735595703
 20
-448.6797180175781
 30
0.0
 10
1369.097747802734
 20
-452.4797668457031
 30
0.0
 10
1369.097747802734
 20
-457.2097473144531
 30
0.0
 10
1369.097747802734
 20
-459.9397277832031
 30
0.0
 10
1369.697723388672
 20
-462.2897644042969
 30
0.0
 10
1370.887725830078
 20
-464.2597351074219
 30
0.0
 10
1372.087738037109
 20
-466.2197570800781
 30
0.0
 10
1373.847747802734
 20
-467.7297668457031
 30
0.0
 10
1376.187774658203
 20
-468.7797546386719
 30
0.0
 10
1378.527740478516
 20
-469.8397521972656
 30
0.0
 10
1380.887725830078
 20
-470.3597106933594
 30
0.0
 10
1383.277740478516
 20
-470.3597106933594
 30
0.0
 10
1384.757781982422
 20
-470.3597106933594
 30
0.0
 10
1386.837738037109
 20
-470.0497131347656
 30
0.0
 10
1389.517730712891
 20
-469.4197082519531
 30
0.0
 10
1384.047760009766
 20
-477.1097106933594
 30
0.0
 10
1378.527740478516
 20
-485.2597351074219
 30
0.0
 10
1372.937774658203
 20
-493.8597106933594
 30
0.0
 10
1371.007781982422
 20
-494.1397399902344
 30
0.0
 10
1369.357757568359
 20
-494.2897644042969
 30
0.0
 10
1367.987762451172
 20
-494.2897644042969
 30
0.0
  0
SPLINE
  5
60
330
1F
100
AcDbEntity
  8
Layer 1
370
     0
100
AcDbSpline
210
0.0
220
0.0
230
1.0
 70
    11
 71
     3
 72
   242
 73
   238
 74
     0
 42
0.0000000001
 43
0.0000000001
 12
1.0
 22
0.0
 32
0.0
 13
1.0
 23
0.0
 33
0.0
 40
0.0
 40
0.0
 40
0.0
 40
0.0
 40
1.0
 40
1.0
 40
1.0
 40
2.0
 40
2.0
 40
2.0
 40
3.0
 40
3.0
 40
3.0
 40
4.0
 40
4.0
 40
4.0
 40
5.0
 40
5.0
 40
5.0
 40
6.0
 40
6.0
 40
6.0
 40
7.0
 40
7.0
 40
7.0
 40
8.0
 40
8.0
 40
8.0
 40
9.0
 40
9.0
 40
9.0
 40
10.0
 40
10.0
 40
10.0
 40
11.0
 40
11.0
 40
11.0
 40
12.0
 40
12.0
 40
12.0
 40
13.0
 40
13.0
 40
13.0
 40
14.0
 40
14.0
 40
14.0
 40
15.0
 40
15.0
 40
15.0
 40
16.0
 40
16.0
 40
16.0
 40
17.0
 40
17.0
 40
17.0
 40
18.0
 40
18.0
 40
18.0
 40
19.0
 40
19.0
 40
19.0
 40
20.0
 40
20.0
 40
20.0
 40
21.0
 40
21.0
 40
21.0
 40
22.0
 40
22.0
 40
22.0
 40
23.0
 40
23.0
 40
23.0
 40
24.0
 40
24.0
 40
24.0
 40
25.0
 40
25.0
 40
25.0
 40
26.0
 40
26.0
 40
26.0
 40
27.0
 40
27.0
 40
27.0
 40
28.0
 40
28.0
 40
28.0
 40
29.0
 40
29.0
 40
29.0
 40
30.0
 40
30.0
 40
30.0
 40
31.0
 40
31.0
 40
31.0
 40
32.0
 40
32.0
 40
32.0
 40
33.0
 40
33.0
 40
33.0
 40
34.0
 40
34.0
 40
34.0
 40
35.0
 40
35.0
 40
35.0
 40
36.0
 40
36.0
 40
36.0
 40
37.0
 40
37.0
 40
37.0
 40
38.0
 40
38.0
 40
38.0
 40
39.0
 40
39.0
 40
39.0
 40
40.0
 40
40.0
 40
40.0
 40
41.0
 40
41.0
 40
41.0
 40
42.0
 40
42.0
 40
42.0
 40
43.0
 40
43.0
 40
43.0
 40
44.0
 40
44.0
 40
44.0
 40
45.0
 40
45.0
 40
45.0
 40
46.0
 40
46.0
 40
46.0
 40
47.0
 40
47.0
 40
47.0
 40
48.0
 40
48.0
 40
48.0
 40
49.0
 40
49.0
 40
49.0
 40
50.0
 40
50.0
 40
50.0
 40
51.0
 40
51.0
 40
51.0
 40
52.0
 40
52.0
 40
52.0
 40
53.0
 40
53.0
 40
53.0
 40
54.0
 40
54.0
 40
54.0
 40
55.0
 40
55.0
 40
55.0
 40
56.0
 40
56.0
 40
56.0
 40
57.0
 40
57.0
 40
57.0
 40
58.0
 40
58.0
 40
58.0
 40
59.0
 40
59.0
 40
59.0
 40
60.0
 40
60.0
 40
60.0
 40
61.0
 40
61.0
 40
61.0
 40
62.0
 40
62.0
 40
62.0
 40
63.0
 40
63.0
 40
63.0
 40
64.0
 40
64.0
 40
64.0
 40
65.0
 40
65.0
 40
65.0
 40
66.0
 40
66.0
 40
66.0
 40
67.0
 40
67.0
 40
67.0
 40
68.0
 40
68.0
 40
68.0
 40
69.0
 40
69.0
 40
69.0
 40
70.0
 40
70.0
 40
70.0
 40
71.0
 40
71.0
 40
71.0
 40
72.0
 40
72.0
 40
72.0
 40
73.0
 40
73.0
 40
73.0
 40
74.0
 40
74.0
 40
74.0
 40
75.0
 40
75.0
 40
75.0
 40
76.0
 40
76.0
 40
76.0
 40
77.0
 40
77.0
 40
77.0
 40
78.0
 40
78.0
 40
78.0
 40
79.0
 40
79.0
 40
79.0
 40
79.0
 10
1461.147735595703
 20
-612.9097595214844
 30
0.0
 10
1461.147735595703
 20
-612.9097595214844
 30
0.0
 10
1460.547760009766
 20
-613.1897277832031
 30
0.0
 10
1460.547760009766
 20
-613.1897277832031
 30
0.0
 10
1460.547760009766
 20
-613.1897277832031
 30
0.0
 10
1457.997772216797
 20
-614.4097595214844
 30
0.0
 10
1457.997772216797
 20
-614.4097595214844
 30
0.0
 10
1457.997772216797
 20
-614.4097595214844
 30
0.0
 10
1456.107757568359
 20
-615.3097229003906
 30
0.0
 10
1456.107757568359
 20
-615.3097229003906
 30
0.0
 10
1456.107757568359
 20
-615.3097229003906
 30
0.0
 10
1449.817779541016
 20
-618.3197326660156
 30
0.0
 10
1449.817779541016
 20
-618.3197326660156
 30
0.0
 10
1449.817779541016
 20
-618.3197326660156
 30
0.0
 10
1447.437774658203
 20
-619.4597473144531
 30
0.0
 10
1447.437774658203
 20
-619.4597473144531
 30
0.0
 10
1447.437774658203
 20
-619.4597473144531
 30
0.0
 10
1444.257781982422
 20
-620.9797668457031
 30
0.0
 10
1444.257781982422
 20
-620.9797668457031
 30
0.0
 10
1444.257781982422
 20
-620.9797668457031
 30
0.0
 10
1443.827728271484
 20
-621.1797180175781
 30
0.0
 10
1443.827728271484
 20
-621.1797180175781
 30
0.0
 10
1443.827728271484
 20
-621.1797180175781
 30
0.0
 10
1443.147735595703
 20
-621.5097351074219
 30
0.0
 10
1443.147735595703
 20
-621.5097351074219
 30
0.0
 10
1443.147735595703
 20
-621.5097351074219
 30
0.0
 10
1440.307769775391
 20
-622.8597106933594
 30
0.0
 10
1440.307769775391
 20
-622.8597106933594
 30
0.0
 10
1440.307769775391
 20
-622.8597106933594
 30
0.0
 10
1438.927764892578
 20
-623.5197448730469
 30
0.0
 10
1438.927764892578
 20
-623.5197448730469
 30
0.0
 10
1438.927764892578
 20
-623.5197448730469
 30
0.0
 10
1437.747772216797
 20
-624.0897521972656
 30
0.0
 10
1437.747772216797
 20
-624.0897521972656
 30
0.0
 10
1437.757781982422
 20
-623.9397277832031
 30
0.0
 10
1437.757781982422
 20
-623.7797546386719
 30
0.0
 10
1437.757781982422
 20
-623.6297302246094
 30
0.0
 10
1437.757781982422
 20
-619.7597351074219
 30
0.0
 10
1436.437774658203
 20
-616.7397155761719
 30
0.0
 10
1433.787750244141
 20
-614.5797424316406
 30
0.0
 10
1431.137725830078
 20
-612.4097595214844
 30
0.0
 10
1427.447723388672
 20
-611.3297424316406
 30
0.0
 10
1422.727752685547
 20
-611.3297424316406
 30
0.0
 10
1417.597747802734
 20
-611.3297424316406
 30
0.0
 10
1413.597747802734
 20
-612.6297302246094
 30
0.0
 10
1410.717742919922
 20
-615.2197570800781
 30
0.0
 10
1407.847747802734
 20
-617.8097229003906
 30
0.0
 10
1406.407745361328
 20
-621.1497497558594
 30
0.0
 10
1406.407745361328
 20
-625.2597351074219
 30
0.0
 10
1406.407745361328
 20
-627.6497497558594
 30
0.0
 10
1407.047760009766
 20
-629.8697204589844
 30
0.0
 10
1408.327728271484
 20
-631.9197082519531
 30
0.0
 10
1409.407745361328
 20
-633.6497497558594
 30
0.0
 10
1410.887725830078
 20
-635.0197448730469
 30
0.0
 10
1412.777740478516
 20
-636.0297546386719
 30
0.0
 10
1412.777740478516
 20
-636.0297546386719
 30
0.0
 10
1404.467742919922
 20
-639.9997253417969
 30
0.0
 10
1404.467742919922
 20
-639.9997253417969
 30
0.0
 10
1404.467742919922
 20
-639.9997253417969
 30
0.0
 10
1403.737762451172
 20
-640.3397521972656
 30
0.0
 10
1403.737762451172
 20
-640.3397521972656
 30
0.0
 10
1403.737762451172
 20
-640.3397521972656
 30
0.0
 10
1401.437774658203
 20
-641.4497375488281
 30
0.0
 10
1401.437774658203
 20
-641.4497375488281
 30
0.0
 10
1401.437774658203
 20
-641.4497375488281
 30
0.0
 10
1396.857757568359
 20
-643.6297302246094
 30
0.0
 10
1396.857757568359
 20
-643.6297302246094
 30
0.0
 10
1396.857757568359
 20
-643.6297302246094
 30
0.0
 10
1393.017730712891
 20
-645.4697570800781
 30
0.0
 10
1393.017730712891
 20
-645.4697570800781
 30
0.0
 10
1393.017730712891
 20
-645.4697570800781
 30
0.0
 10
1381.707733154297
 20
-650.8797302246094
 30
0.0
 10
1381.707733154297
 20
-650.8797302246094
 30
0.0
 10
1379.067779541016
 20
-648.6197204589844
 30
0.0
 10
1377.017730712891
 20
-646.1197204589844
 30
0.0
 10
1375.567779541016
 20
-643.3697204589844
 30
0.0
 10
1373.457733154297
 20
-639.3797302246094
 30
0.0
 10
1372.407745361328
 20
-634.8497619628906
 30
0.0
 10
1372.407745361328
 20
-629.7797546386719
 30
0.0
 10
1372.407745361328
 20
-626.8197326660156
 30
0.0
 10
1372.787750244141
 20
-623.9497375488281
 30
0.0
 10
1373.557769775391
 20
-621.1497497558594
 30
0.0
 10
1374.327728271484
 20
-618.3597106933594
 30
0.0
 10
1375.487762451172
 20
-615.7297668457031
 30
0.0
 10
1377.057769775391
 20
-613.2497253417969
 30
0.0
 10
1378.627777099609
 20
-610.7697448730469
 30
0.0
 10
1380.437774658203
 20
-608.6997375488281
 30
0.0
 10
1382.487762451172
 20
-607.0197448730469
 30
0.0
 10
1384.537750244141
 20
-605.3397521972656
 30
0.0
 10
1386.537750244141
 20
-604.0297546386719
 30
0.0
 10
1388.507781982422
 20
-603.0897521972656
 30
0.0
 10
1390.467742919922
 20
-602.1497497558594
 30
0.0
 10
1393.247772216797
 20
-601.0797424316406
 30
0.0
 10
1396.837738037109
 20
-599.8797302246094
 30
0.0
 10
1393.537750244141
 20
-598.2897644042969
 30
0.0
 10
1391.097747802734
 20
-596.9297180175781
 30
0.0
 10
1389.527740478516
 20
-595.8197326660156
 30
0.0
 10
1387.967742919922
 20
-594.7097473144531
 30
0.0
 10
1386.457733154297
 20
-593.3597106933594
 30
0.0
 10
1385.007781982422
 20
-591.7697448730469
 30
0.0
 10
1383.547760009766
 20
-590.1697082519531
 30
0.0
 10
1382.337738037109
 20
-588.4097595214844
 30
0.0
 10
1381.377777099609
 20
-586.4697570800781
 30
0.0
 10
1380.407745361328
 20
-584.5297546386719
 30
0.0
 10
1379.717742919922
 20
-582.5397644042969
 30
0.0
 10
1379.317779541016
 20
-580.4897155761719
 30
0.0
 10
1378.927764892578
 20
-578.4397277832031
 30
0.0
 10
1378.727752685547
 20
-576.3897399902344
 30
0.0
 10
1378.727752685547
 20
-574.3397521972656
 30
0.0
 10
1378.727752685547
 20
-568.8097229003906
 30
0.0
 10
1379.977752685547
 20
-563.8297424316406
 30
0.0
 10
1382.487762451172
 20
-559.3897399902344
 30
0.0
 10
1384.987762451172
 20
-554.9397277832031
 30
0.0
 10
1388.687774658203
 20
-551.2797546386719
 30
0.0
 10
1393.587738037109
 20
-548.4097595214844
 30
0.0
 10
1398.487762451172
 20
-545.5297546386719
 30
0.0
 10
1403.727752685547
 20
-543.5497131347656
 30
0.0
 10
1409.307769775391
 20
-542.4697570800781
 30
0.0
 10
1414.887725830078
 20
-541.3897399902344
 30
0.0
 10
1420.757781982422
 20
-540.8497619628906
 30
0.0
 10
1426.907745361328
 20
-540.8497619628906
 30
0.0
 10
1432.777740478516
 20
-540.8497619628906
 30
0.0
 10
1438.447723388672
 20
-541.5197448730469
 30
0.0
 10
1443.907745361328
 20
-542.8497619628906
 30
0.0
 10
1449.377777099609
 20
-544.1897277832031
 30
0.0
 10
1454.067779541016
 20
-546.2897644042969
 30
0.0
 10
1457.967742919922
 20
-549.1297302246094
 30
0.0
 10
1461.867767333984
 20
-551.9797668457031
 30
0.0
 10
1464.727752685547
 20
-555.2397155761719
 30
0.0
 10
1466.547760009766
 20
-558.9197082519531
 30
0.0
 10
1468.377777099609
 20
-562.5897521972656
 30
0.0
 10
1469.287750244141
 20
-566.9897155761719
 30
0.0
 10
1469.287750244141
 20
-572.1197204589844
 30
0.0
 10
1469.287750244141
 20
-574.5697326660156
 30
0.0
 10
1469.037750244141
 20
-576.9297180175781
 30
0.0
 10
1468.557769775391
 20
-579.2097473144531
 30
0.0
 10
1468.077728271484
 20
-581.4897155761719
 30
0.0
 10
1467.317779541016
 20
-583.5797424316406
 30
0.0
 10
1466.297760009766
 20
-585.4897155761719
 30
0.0
 10
1465.267730712891
 20
-587.3897399902344
 30
0.0
 10
1464.017730712891
 20
-589.1497497558594
 30
0.0
 10
1462.537750244141
 20
-590.7397155761719
 30
0.0
 10
1462.257476806641
 20
-591.0427551269531
 30
0.0
 10
1461.970916748047
 20
-591.3310852050781
 30
0.0
 10
1461.684234619141
 20
-591.6191711425781
 30
0.0
 10
1461.461151123047
 20
-591.5857849121094
 30
0.0
 10
1461.240692138672
 20
-591.5452575683594
 30
0.0
 10
1461.006683349609
 20
-591.5408020019531
 30
0.0
 10
1459.899871826172
 20
-591.5196228027344
 30
0.0
 10
1458.806976318359
 20
-591.4256286621094
 30
0.0
 10
1457.705902099609
 20
-591.3255920410156
 30
0.0
 10
1457.679534912109
 20
-591.3209533691406
 30
0.0
 10
1457.659881591797
 20
-591.3172912597656
 30
0.0
 10
1457.629974365234
 20
-591.3121032714844
 30
0.0
 10
1457.371307373047
 20
-591.2669982910156
 30
0.0
 10
1457.111968994141
 20
-591.2260437011719
 30
0.0
 10
1456.853729248047
 20
-591.1783752441406
 30
0.0
 10
1456.337310791016
 20
-591.0830993652344
 30
0.0
 10
1455.823028564453
 20
-590.9753112792969
 30
0.0
 10
1455.311614990234
 20
-590.8561096191406
 30
0.0
 10
1454.224456787109
 20
-590.6026916503906
 30
0.0
 10
1453.150238037109
 20
-590.2936096191406
 30
0.0
 10
1452.093475341797
 20
-589.9339904785156
 30
0.0
 10
1451.533355712891
 20
-589.7433166503906
 30
0.0
 10
1450.981292724609
 20
-589.5340881347656
 30
0.0
 10
1450.429840087891
 20
-589.3199768066406
 30
0.0
 10
1450.378265380859
 20
-589.2999572753906
 30
0.0
 10
1450.340301513672
 20
-589.2859191894531
 30
0.0
 10
1450.302886962891
 20
-589.2720642089844
 30
0.0
 10
1450.076080322266
 20
-589.1763000488281
 30
0.0
 10
1449.852081298828
 20
-589.0589904785156
 30
0.0
 10
1449.637481689453
 20
-588.9573059082031
 30
0.0
 10
1447.602874755859
 20
-587.9930114746094
 30
0.0
 10
1445.751800537109
 20
-586.7971496582031
 30
0.0
 10
1443.904998779297
 20
-585.5206604003906
 30
0.0
 10
1443.726348876953
 20
-585.3731384277344
 30
0.0
 10
1443.544342041016
 20
-585.2293395996094
 30
0.0
 10
1443.366668701172
 20
-585.0805358886719
 30
0.0
 10
1442.913726806641
 20
-584.7012023925781
 30
0.0
 10
1442.470489501953
 20
-584.3103332519531
 30
0.0
 10
1442.038604736328
 20
-583.9072570800781
 30
0.0
 10
1441.173614501953
 20
-583.1000671386719
 30
0.0
 10
1440.241269742272
 20
-582.3085149563121
 30
0.0
 10
1439.356429156134
 20
-581.5235757266728
 30
0.0
 10
1438.672605626723
 20
-580.9169580796133
 30
0.0
 10
1438.110105626723
 20
-580.6301933737304
 30
0.0
 10
1437.313262939453
 20
-580.0563659667969
 30
0.0
 10
1437.774566650391
 20
-578.7232360839844
 30
0.0
 10
1438.017730712891
 20
-577.2757263183594
 30
0.0
 10
1438.017730712891
 20
-575.6997375488281
 30
0.0
 10
1438.017730712891
 20
-572.2897644042969
 30
0.0
 10
1436.837738037109
 20
-569.5497131347656
 30
0.0
 10
1434.467742919922
 20
-567.4997253417969
 30
0.0
 10
1432.107757568359
 20
-565.4497375488281
 30
0.0
 10
1428.907745361328
 20
-564.4297180175781
 30
0.0
 10
1424.857757568359
 20
-564.4297180175781
 30
0.0
 10
1420.357757568359
 20
-564.4297180175781
 30
0.0
 10
1416.797760009766
 20
-565.6797180175781
 30
0.0
 10
1414.177764892578
 20
-568.1897277832031
 30
0.0
 10
1411.557769775391
 20
-570.6897277832031
 30
0.0
 10
1410.247772216797
 20
-573.7697448730469
 30
0.0
 10
1410.247772216797
 20
-577.4097595214844
 30
0.0
 10
1410.247772216797
 20
-579.5797424316406
 30
0.0
 10
1410.817779541016
 20
-581.5697326660156
 30
0.0
 10
1411.957733154297
 20
-583.3897399902344
 30
0.0
 10
1413.097747802734
 20
-585.2197570800781
 30
0.0
 10
1414.697723388672
 20
-586.5697326660156
 30
0.0
 10
1416.747772216797
 20
-587.4497375488281
 30
0.0
 10
1418.797760009766
 20
-588.3397521972656
 30
0.0
 10
1421.017730712891
 20
-588.7797546386719
 30
0.0
 10
1423.407745361328
 20
-588.7797546386719
 30
0.0
 10
1426.480682373047
 20
-588.7797546386719
 30
0.0
 10
1429.174407958984
 20
-588.1148986816406
 30
0.0
 10
1431.498321533203
 20
-586.7903747558594
 30
0.0
 10
1431.735015869141
 20
-587.3628234863281
 30
0.0
 10
1432.070343017578
 20
-587.9145812988281
 30
0.0
 10
1432.512176513672
 20
-588.4222106933594
 30
0.0
 10
1437.058990478516
 20
-593.6461486816406
 30
0.0
 10
1443.055633544922
 20
-597.4667053222656
 30
0.0
 10
1449.608123779297
 20
-599.5990905761719
 30
0.0
 10
1449.587310791016
 20
-599.6095275878906
 30
0.0
 10
1449.568634033203
 20
-599.6192932128906
 30
0.0
 10
1449.547760009766
 20
-599.6297302246094
 30
0.0
 10
1453.197723388672
 20
-600.6497497558594
 30
0.0
 10
1455.987762451172
 20
-601.5797424316406
 30
0.0
 10
1457.917755126953
 20
-602.3997497558594
 30
0.0
 10
1459.857757568359
 20
-603.2297668457031
 30
0.0
 10
1461.727752685547
 20
-604.3697204589844
 30
0.0
 10
1463.517730712891
 20
-605.8197326660156
 30
0.0
 10
1464.997772216797
 20
-607.0097351074219
 30
0.0
 10
1466.287750244141
 20
-608.3797302246094
 30
0.0
 10
1467.417755126953
 20
-609.9197082519531
 30
0.0
 10
1467.417755126953
 20
-609.9197082519531
 30
0.0
 10
1461.597747802734
 20
-612.6997375488281
 30
0.0
 10
1461.597747802734
 20
-612.6997375488281
 30
0.0
 10
1461.597747802734
 20
-612.6997375488281
 30
0.0
 10
1461.147735595703
 20
-612.9097595214844
 30
0.0
 10
1461.147735595703
 20
-612.9097595214844
 30
0.0
  0
SPLINE
  5
61
330
1F
100
AcDbEntity
  8
Layer 1
370
     0
100
AcDbSpline
210
0.0
220
0.0
230
1.0
 70
    11
 71
     3
 72
   128
 73
   124
 74
     0
 42
0.0000000001
 43
0.0000000001
 12
1.0
 22
0.0
 32
0.0
 13
1.0
 23
0.0
 33
0.0
 40
0.0
 40
0.0
 40
0.0
 40
0.0
 40
1.0
 40
1.0
 40
1.0
 40
2.0
 40
2.0
 40
2.0
 40
3.0
 40
3.0
 40
3.0
 40
4.0
 40
4.0
 40
4.0
 40
5.0
 40
5.0
 40
5.0
 40
6.0
 40
6.0
 40
6.0
 40
7.0
 40
7.0
 40
7.0
 40
8.0
 40
8.0
 40
8.0
 40
9.0
 40
9.0
 40
9.0
 40
10.0
 40
10.0
 40
10.0
 40
11.0
 40
11.0
 40
11.0
 40
12.0
 40
12.0
 40
12.0
 40
13.0
 40
13.0
 40
13.0
 40
14.0
 40
14.0
 40
14.0
 40
15.0
 40
15.0
 40
15.0
 40
16.0
 40
16.0
 40
16.0
 40
17.0
 40
17.0
 40
17.0
 40
18.0
 40
18.0
 40
18.0
 40
19.0
 40
19.0
 40
19.0
 40
20.0
 40
20.0
 40
20.0
 40
21.0
 40
21.0
 40
21.0
 40
22.0
 40
22.0
 40
22.0
 40
23.0
 40
23.0
 40
23.0
 40
24.0
 40
24.0
 40
24.0
 40
25.0
 40
25.0
 40
25.0
 40
26.0
 40
26.0
 40
26.0
 40
27.0
 40
27.0
 40
27.0
 40
28.0
 40
28.0
 40
28.0
 40
29.0
 40
29.0
 40
29.0
 40
30.0
 40
30.0
 40
30.0
 40
31.0
 40
31.0
 40
31.0
 40
32.0
 40
32.0
 40
32.0
 40
33.0
 40
33.0
 40
33.0
 40
34.0
 40
34.0
 40
34.0
 40
35.0
 40
35.0
 40
35.0
 40
36.0
 40
36.0
 40
36.0
 40
37.0
 40
37.0
 40
37.0
 40
38.0
 40
38.0
 40
38.0
 40
39.0
 40
39.0
 40
39.0
 40
40.0
 40
40.0
 40
40.0
 40
41.0
 40
41.0
 40
41.0
 40
41.0
 10
1556.507781982422
 20
-659.6997375488281
 30
0.0
 10
1556.507781982422
 20
-659.6997375488281
 30
0.0
 10
1556.157745361328
 20
-660.2597351074219
 30
0.0
 10
1556.157745361328
 20
-660.2597351074219
 30
0.0
 10
1556.157745361328
 20
-660.2597351074219
 30
0.0
 10
1555.807769775391
 20
-660.8097229003906
 30
0.0
 10
1555.807769775391
 20
-660.8097229003906
 30
0.0
 10
1555.807769775391
 20
-660.8097229003906
 30
0.0
 10
1543.927764892578
 20
-679.8597106933594
 30
0.0
 10
1543.927764892578
 20
-679.8597106933594
 30
0.0
 10
1543.927764892578
 20
-679.8597106933594
 30
0.0
 10
1543.657745361328
 20
-680.2797546386719
 30
0.0
 10
1543.657745361328
 20
-680.2797546386719
 30
0.0
 10
1543.657745361328
 20
-680.2797546386719
 30
0.0
 10
1543.307769775391
 20
-680.8397521972656
 30
0.0
 10
1543.307769775391
 20
-680.8397521972656
 30
0.0
 10
1543.307769775391
 20
-680.8397521972656
 30
0.0
 10
1541.807769775391
 20
-683.2397155761719
 30
0.0
 10
1541.807769775391
 20
-683.2397155761719
 30
0.0
 10
1541.807769775391
 20
-683.2397155761719
 30
0.0
 10
1540.697723388672
 20
-685.0097351074219
 30
0.0
 10
1540.697723388672
 20
-685.0097351074219
 30
0.0
 10
1540.697723388672
 20
-685.0097351074219
 30
0.0
 10
1537.007781982422
 20
-690.9297180175781
 30
0.0
 10
1537.007781982422
 20
-690.9297180175781
 30
0.0
 10
1537.007781982422
 20
-690.9297180175781
 30
0.0
 10
1535.607757568359
 20
-693.1697082519531
 30
0.0
 10
1535.607757568359
 20
-693.1697082519531
 30
0.0
 10
1535.607757568359
 20
-693.1697082519531
 30
0.0
 10
1533.737762451172
 20
-696.1597595214844
 30
0.0
 10
1533.737762451172
 20
-696.1597595214844
 30
0.0
 10
1533.737762451172
 20
-696.1597595214844
 30
0.0
 10
1533.487762451172
 20
-696.5597229003906
 30
0.0
 10
1533.487762451172
 20
-696.5597229003906
 30
0.0
 10
1533.487762451172
 20
-696.5597229003906
 30
0.0
 10
1533.087738037109
 20
-697.1997375488281
 30
0.0
 10
1533.087738037109
 20
-697.1997375488281
 30
0.0
 10
1533.087738037109
 20
-697.1997375488281
 30
0.0
 10
1531.417755126953
 20
-699.8697204589844
 30
0.0
 10
1531.417755126953
 20
-699.8697204589844
 30
0.0
 10
1531.417755126953
 20
-699.8697204589844
 30
0.0
 10
1530.607757568359
 20
-701.1597595214844
 30
0.0
 10
1530.607757568359
 20
-701.1597595214844
 30
0.0
 10
1530.607757568359
 20
-701.1597595214844
 30
0.0
 10
1526.067779541016
 20
-708.4497375488281
 30
0.0
 10
1526.067779541016
 20
-708.4497375488281
 30
0.0
 10
1526.067779541016
 20
-708.4497375488281
 30
0.0
 10
1524.587738037109
 20
-710.8297424316406
 30
0.0
 10
1524.587738037109
 20
-710.8297424316406
 30
0.0
 10
1524.587738037109
 20
-710.8297424316406
 30
0.0
 10
1522.007781982422
 20
-714.9397277832031
 30
0.0
 10
1522.007781982422
 20
-714.9397277832031
 30
0.0
 10
1522.007781982422
 20
-714.9397277832031
 30
0.0
 10
1520.237762451172
 20
-717.7797546386719
 30
0.0
 10
1520.237762451172
 20
-717.7797546386719
 30
0.0
 10
1520.237762451172
 20
-717.7797546386719
 30
0.0
 10
1517.347747802734
 20
-722.4197082519531
 30
0.0
 10
1517.347747802734
 20
-722.4197082519531
 30
0.0
 10
1517.347747802734
 20
-722.4197082519531
 30
0.0
 10
1516.837738037109
 20
-723.2497253417969
 30
0.0
 10
1516.837738037109
 20
-723.2497253417969
 30
0.0
 10
1516.837738037109
 20
-723.2497253417969
 30
0.0
 10
1510.387725830078
 20
-733.5697326660156
 30
0.0
 10
1510.387725830078
 20
-733.5697326660156
 30
0.0
 10
1510.387725830078
 20
-733.5697326660156
 30
0.0
 10
1509.957733154297
 20
-734.2497253417969
 30
0.0
 10
1509.957733154297
 20
-734.2497253417969
 30
0.0
 10
1509.957733154297
 20
-734.2497253417969
 30
0.0
 10
1508.607757568359
 20
-736.4197082519531
 30
0.0
 10
1508.607757568359
 20
-736.4197082519531
 30
0.0
 10
1508.607757568359
 20
-736.4197082519531
 30
0.0
 10
1505.917755126953
 20
-740.7197570800781
 30
0.0
 10
1505.917755126953
 20
-740.7197570800781
 30
0.0
 10
1505.917755126953
 20
-740.7197570800781
 30
0.0
 10
1503.657745361328
 20
-744.3297424316406
 30
0.0
 10
1503.657745361328
 20
-744.3297424316406
 30
0.0
 10
1503.657745361328
 20
-744.3297424316406
 30
0.0
 10
1494.727752685547
 20
-758.6497497558594
 30
0.0
 10
1494.727752685547
 20
-758.6497497558594
 30
0.0
 10
1494.727752685547
 20
-758.6497497558594
 30
0.0
 10
1494.017730712891
 20
-759.7697448730469
 30
0.0
 10
1494.017730712891
 20
-759.7697448730469
 30
0.0
 10
1494.017730712891
 20
-759.7697448730469
 30
0.0
 10
1493.497772216797
 20
-760.6097106933594
 30
0.0
 10
1493.497772216797
 20
-760.6097106933594
 30
0.0
 10
1493.497772216797
 20
-760.6097106933594
 30
0.0
 10
1492.627777099609
 20
-762.0097351074219
 30
0.0
 10
1492.627777099609
 20
-762.0097351074219
 30
0.0
 10
1492.627777099609
 20
-762.0097351074219
 30
0.0
 10
1491.187774658203
 20
-764.3297424316406
 30
0.0
 10
1491.187774658203
 20
-764.3297424316406
 30
0.0
 10
1491.187774658203
 20
-764.3297424316406
 30
0.0
 10
1490.297760009766
 20
-765.7597351074219
 30
0.0
 10
1490.297760009766
 20
-765.7597351074219
 30
0.0
 10
1490.297760009766
 20
-765.7597351074219
 30
0.0
 10
1465.847747802734
 20
-765.7597351074219
 30
0.0
 10
1465.847747802734
 20
-765.7597351074219
 30
0.0
 10
1469.207733154297
 20
-759.3197326660156
 30
0.0
 10
1472.477752685547
 20
-753.2197570800781
 30
0.0
 10
1475.667755126953
 20
-747.4597473144531
 30
0.0
 10
1478.857757568359
 20
-741.6997375488281
 30
0.0
 10
1484.977752685547
 20
-730.2697448730469
 30
0.0
 10
1494.037750244141
 20
-713.1697082519531
 30
0.0
 10
1494.037750244141
 20
-713.1697082519531
 30
0.0
 10
1509.147735595703
 20
-684.4297180175781
 30
0.0
 10
1509.147735595703
 20
-684.4297180175781
 30
0.0
 10
1510.177764892578
 20
-682.4397277832031
 30
0.0
 10
1511.887725830078
 20
-679.0497131347656
 30
0.0
 10
1514.277740478516
 20
-674.2597351074219
 30
0.0
 10
1509.267730712891
 20
-674.1997375488281
 30
0.0
 10
1505.427764892578
 20
-674.1697082519531
 30
0.0
 10
1502.757781982422
 20
-674.1697082519531
 30
0.0
 10
1490.847747802734
 20
-674.1697082519531
 30
0.0
 10
1477.927764892578
 20
-674.5397644042969
 30
0.0
 10
1463.967742919922
 20
-675.2797546386719
 30
0.0
 10
1464.537750244141
 20
-667.7297668457031
 30
0.0
 10
1464.937774658203
 20
-659.0197448730469
 30
0.0
 10
1465.167755126953
 20
-649.1397399902344
 30
0.0
 10
1465.167755126953
 20
-649.1397399902344
 30
0.0
 10
1557.007781982422
 20
-649.1397399902344
 30
0.0
 10
1557.007781982422
 20
-649.1397399902344
 30
0.0
 10
1557.007781982422
 20
-649.1397399902344
 30
0.0
 10
1556.507781982422
 20
-659.6997375488281
 30
0.0
 10
1556.507781982422
 20
-659.6997375488281
 30
0.0
  0
SPLINE
  5
62
330
1F
100
AcDbEntity
  8
Layer 1
370
     0
100
AcDbSpline
210
0.0
220
0.0
230
1.0
 70
    11
 71
     3
 72
    56
 73
    52
 74
     0
 42
0.0000000001
 43
0.0000000001
 12
1.0
 22
0.0
 32
0.0
 13
1.0
 23
0.0
 33
0.0
 40
0.0
 40
0.0
 40
0.0
 40
0.0
 40
1.0
 40
1.0
 40
1.0
 40
2.0
 40
2.0
 40
2.0
 40
3.0
 40
3.0
 40
3.0
 40
4.0
 40
4.0
 40
4.0
 40
5.0
 40
5.0
 40
5.0
 40
6.0
 40
6.0
 40
6.0
 40
7.0
 40
7.0
 40
7.0
 40
8.0
 40
8.0
 40
8.0
 40
9.0
 40
9.0
 40
9.0
 40
10.0
 40
10.0
 40
10.0
 40
11.0
 40
11.0
 40
11.0
 40
12.0
 40
12.0
 40
12.0
 40
13.0
 40
13.0
 40
13.0
 40
14.0
 40
14.0
 40
14.0
 40
15.0
 40
15.0
 40
15.0
 40
16.0
 40
16.0
 40
16.0
 40
17.0
 40
17.0
 40
17.0
 40
17.0
 10
1570.977752685547
 20
-252.9397277832031
 30
0.0
 10
1568.987762451172
 20
-254.2197570800781
 30
0.0
 10
1564.667755126953
 20
-257.2597351074219
 30
0.0
 10
1558.017730712891
 20
-262.0397644042969
 30
0.0
 10
1558.357757568359
 20
-257.1997375488281
 30
0.0
 10
1558.667755126953
 20
-251.5197448730469
 30
0.0
 10
1558.957733154297
 20
-244.9997253417969
 30
0.0
 10
1559.237762451172
 20
-238.4797668457031
 30
0.0
 10
1559.377777099609
 20
-233.6797180175781
 30
0.0
 10
1559.377777099609
 20
-230.5997619628906
 30
0.0
 10
1562.277740478516
 20
-228.9497375488281
 30
0.0
 10
1565.557769775391
 20
-226.9897155761719
 30
0.0
 10
1569.227752685547
 20
-224.7097473144531
 30
0.0
 10
1572.887725830078
 20
-222.4297180175781
 30
0.0
 10
1575.137725830078
 20
-220.9897155761719
 30
0.0
 10
1575.957733154297
 20
-220.3897399902344
 30
0.0
 10
1576.777740478516
 20
-219.7897644042969
 30
0.0
 10
1578.017730712891
 20
-218.8397521972656
 30
0.0
 10
1579.667755126953
 20
-217.5297546386719
 30
0.0
 10
1584.737762451172
 20
-217.6397399902344
 30
0.0
 10
1590.587738037109
 20
-217.6997375488281
 30
0.0
 10
1597.207733154297
 20
-217.6997375488281
 30
0.0
 10
1603.477752685547
 20
-217.6997375488281
 30
0.0
 10
1609.897735595703
 20
-217.6397399902344
 30
0.0
 10
1616.457733154297
 20
-217.5297546386719
 30
0.0
 10
1616.457733154297
 20
-217.5297546386719
 30
0.0
 10
1614.737762451172
 20
-236.5797424316406
 30
0.0
 10
1614.737762451172
 20
-236.5797424316406
 30
0.0
 10
1614.737762451172
 20
-236.5797424316406
 30
0.0
 10
1611.057769775391
 20
-299.7997131347656
 30
0.0
 10
1611.057769775391
 20
-299.7997131347656
 30
0.0
 10
1611.057769775391
 20
-299.7997131347656
 30
0.0
 10
1610.207733154297
 20
-323.0397644042969
 30
0.0
 10
1610.207733154297
 20
-323.0397644042969
 30
0.0
 10
1610.207733154297
 20
-323.0397644042969
 30
0.0
 10
1610.207733154297
 20
-334.1497497558594
 30
0.0
 10
1610.207733154297
 20
-334.1497497558594
 30
0.0
 10
1605.367767333984
 20
-334.0297546386719
 30
0.0
 10
1599.477752685547
 20
-333.9797668457031
 30
0.0
 10
1592.527740478516
 20
-333.9797668457031
 30
0.0
 10
1584.437774658203
 20
-333.9797668457031
 30
0.0
 10
1577.717742919922
 20
-334.0297546386719
 30
0.0
 10
1572.367767333984
 20
-334.1497497558594
 30
0.0
 10
1573.107757568359
 20
-325.3197326660156
 30
0.0
 10
1574.037750244141
 20
-311.0497131347656
 30
0.0
 10
1575.167755126953
 20
-291.3397521972656
 30
0.0
 10
1576.297760009766
 20
-271.6397399902344
 30
0.0
 10
1576.947723388672
 20
-257.5397644042969
 30
0.0
 10
1577.117767333984
 20
-249.0497131347656
 30
0.0
 10
1575.017730712891
 20
-250.3697204589844
 30
0.0
 10
1572.967742919922
 20
-251.6597595214844
 30
0.0
 10
1570.977752685547
 20
-252.9397277832031
 30
0.0
  0
SPLINE
  5
63
330
1F
100
AcDbEntity
  8
Layer 1
370
     0
100
AcDbSpline
210
0.0
220
0.0
230
1.0
 70
    11
 71
     3
 72
    86
 73
    82
 74
     0
 42
0.0000000001
 43
0.0000000001
 12
1.0
 22
0.0
 32
0.0
 13
1.0
 23
0.0
 33
0.0
 40
0.0
 40
0.0
 40
0.0
 40
0.0
 40
1.0
 40
1.0
 40
1.0
 40
2.0
 40
2.0
 40
2.0
 40
3.0
 40
3.0
 40
3.0
 40
4.0
 40
4.0
 40
4.0
 40
5.0
 40
5.0
 40
5.0
 40
6.0
 40
6.0
 40
6.0
 40
7.0
 40
7.0
 40
7.0
 40
8.0
 40
8.0
 40
8.0
 40
9.0
 40
9.0
 40
9.0
 40
10.0
 40
10.0
 40
10.0
 40
11.0
 40
11.0
 40
11.0
 40
12.0
 40
12.0
 40
12.0
 40
13.0
 40
13.0
 40
13.0
 40
14.0
 40
14.0
 40
14.0
 40
15.0
 40
15.0
 40
15.0
 40
16.0
 40
16.0
 40
16.0
 40
17.0
 40
17.0
 40
17.0
 40
18.0
 40
18.0
 40
18.0
 40
19.0
 40
19.0
 40
19.0
 40
20.0
 40
20.0
 40
20.0
 40
21.0
 40
21.0
 40
21.0
 40
22.0
 40
22.0
 40
22.0
 40
23.0
 40
23.0
 40
23.0
 40
24.0
 40
24.0
 40
24.0
 40
25.0
 40
25.0
 40
25.0
 40
26.0
 40
26.0
 40
26.0
 40
27.0
 40
27.0
 40
27.0
 40
27.0
 10
1646.077728271484
 20
-701.2997131347656
 30
0.0
 10
1645.367767333984
 20
-702.1897277832031
 30
0.0
 10
1644.657745361328
 20
-703.0897521972656
 30
0.0
 10
1643.967742919922
 20
-703.9997253417969
 30
0.0
 10
1640.707733154297
 20
-708.2197570800781
 30
0.0
 10
1637.607757568359
 20
-712.5397644042969
 30
0.0
 10
1634.687774658203
 20
-716.9797668457031
 30
0.0
 10
1631.137725830078
 20
-722.3597106933594
 30
0.0
 10
1628.177764892578
 20
-727.3597106933594
 30
0.0
 10
1625.817779541016
 20
-731.9697570800781
 30
0.0
 10
1623.457733154297
 20
-736.5797424316406
 30
0.0
 10
1621.457733154297
 20
-741.1097106933594
 30
0.0
 10
1619.807769775391
 20
-745.5497131347656
 30
0.0
 10
1618.837738037109
 20
-748.1697082519531
 30
0.0
 10
1618.147735595703
 20
-750.6197204589844
 30
0.0
 10
1617.717742919922
 20
-752.8997497558594
 30
0.0
 10
1617.287750244141
 20
-755.1797180175781
 30
0.0
 10
1617.077728271484
 20
-757.3197326660156
 30
0.0
 10
1617.077728271484
 20
-759.3097229003906
 30
0.0
 10
1617.077728271484
 20
-761.9897155761719
 30
0.0
 10
1617.617767333984
 20
-764.5497131347656
 30
0.0
 10
1618.697723388672
 20
-766.9997253417969
 30
0.0
 10
1619.777740478516
 20
-769.4497375488281
 30
0.0
 10
1621.397735595703
 20
-771.3797302246094
 30
0.0
 10
1623.557769775391
 20
-772.8097229003906
 30
0.0
 10
1625.707733154297
 20
-774.2297668457031
 30
0.0
 10
1628.297760009766
 20
-774.9397277832031
 30
0.0
 10
1631.307769775391
 20
-774.9397277832031
 30
0.0
 10
1634.147735595703
 20
-774.9397277832031
 30
0.0
 10
1636.657745361328
 20
-774.2697448730469
 30
0.0
 10
1638.837738037109
 20
-772.9397277832031
 30
0.0
 10
1641.027740478516
 20
-771.5997619628906
 30
0.0
 10
1642.657745361328
 20
-769.7497253417969
 30
0.0
 10
1643.737762451172
 20
-767.3797302246094
 30
0.0
 10
1643.817779541016
 20
-767.1897277832031
 30
0.0
 10
1643.907745361328
 20
-767.0097351074219
 30
0.0
 10
1643.977752685547
 20
-766.8197326660156
 30
0.0
 10
1643.977752685547
 20
-766.8197326660156
 30
0.0
 10
1643.977752685547
 20
-779.5097351074219
 30
0.0
 10
1643.977752685547
 20
-779.5097351074219
 30
0.0
 10
1643.977752685547
 20
-779.5097351074219
 30
0.0
 10
1643.987762451172
 20
-796.3897399902344
 30
0.0
 10
1643.987762451172
 20
-796.3897399902344
 30
0.0
 10
1643.987762451172
 20
-796.3897399902344
 30
0.0
 10
1643.977752685547
 20
-797.7097473144531
 30
0.0
 10
1643.977752685547
 20
-797.7097473144531
 30
0.0
 10
1643.977752685547
 20
-797.7097473144531
 30
0.0
 10
1643.977752685547
 20
-798.6997375488281
 30
0.0
 10
1643.977752685547
 20
-798.6997375488281
 30
0.0
 10
1643.757781982422
 20
-798.7497253417969
 30
0.0
 10
1643.537750244141
 20
-798.7797546386719
 30
0.0
 10
1643.307769775391
 20
-798.8197326660156
 30
0.0
 10
1638.977752685547
 20
-799.5297546386719
 30
0.0
 10
1634.597747802734
 20
-799.8897399902344
 30
0.0
 10
1630.147735595703
 20
-799.8897399902344
 30
0.0
 10
1619.837738037109
 20
-799.8897399902344
 30
0.0
 10
1610.887725830078
 20
-798.1697082519531
 30
0.0
 10
1603.277740478516
 20
-794.7197570800781
 30
0.0
 10
1595.677764892578
 20
-791.2797546386719
 30
0.0
 10
1590.157745361328
 20
-786.5497131347656
 30
0.0
 10
1586.707733154297
 20
-780.5397644042969
 30
0.0
 10
1583.257781982422
 20
-774.5297546386719
 30
0.0
 10
1581.537750244141
 20
-767.9097595214844
 30
0.0
 10
1581.537750244141
 20
-760.6797180175781
 30
0.0
 10
1581.537750244141
 20
-756.5197448730469
 30
0.0
 10
1582.007781982422
 20
-751.9597473144531
 30
0.0
 10
1582.947723388672
 20
-747.0097351074219
 30
0.0
 10
1583.887725830078
 20
-742.0497131347656
 30
0.0
 10
1585.967742919922
 20
-736.1397399902344
 30
0.0
 10
1589.187774658203
 20
-729.2797546386719
 30
0.0
 10
1592.397735595703
 20
-722.4197082519531
 30
0.0
 10
1596.817779541016
 20
-714.5097351074219
 30
0.0
 10
1602.427764892578
 20
-705.5697326660156
 30
0.0
 10
1608.037750244141
 20
-696.6297302246094
 30
0.0
 10
1613.747772216797
 20
-688.4597473144531
 30
0.0
 10
1619.557769775391
 20
-681.0497131347656
 30
0.0
 10
1619.557769775391
 20
-681.0497131347656
 30
0.0
 10
1663.297760009766
 20
-681.0497131347656
 30
0.0
 10
1663.297760009766
 20
-681.0497131347656
 30
0.0
 10
1654.657745361328
 20
-691.0197448730469
 30
0.0
 10
1648.917755126953
 20
-697.7697448730469
 30
0.0
 10
1646.077728271484
 20
-701.2997131347656
 30
0.0
  0
SPLINE
  5
64
330
1F
100
AcDbEntity
  8
Layer 1
370
     0
100
AcDbSpline
210
0.0
220
0.0
230
1.0
 70
    11
 71
     3
 72
    44
 73
    40
 74
     0
 42
0.0000000001
 43
0.0000000001
 12
1.0
 22
0.0
 32
0.0
 13
1.0
 23
0.0
 33
0.0
 40
0.0
 40
0.0
 40
0.0
 40
0.0
 40
1.0
 40
1.0
 40
1.0
 40
2.0
 40
2.0
 40
2.0
 40
3.0
 40
3.0
 40
3.0
 40
4.0
 40
4.0
 40
4.0
 40
5.0
 40
5.0
 40
5.0
 40
6.0
 40
6.0
 40
6.0
 40
7.0
 40
7.0
 40
7.0
 40
8.0
 40
8.0
 40
8.0
 40
9.0
 40
9.0
 40
9.0
 40
10.0
 40
10.0
 40
10.0
 40
11.0
 40
11.0
 40
11.0
 40
12.0
 40
12.0
 40
12.0
 40
13.0
 40
13.0
 40
13.0
 40
13.0
 10
1643.977752685547
 20
-753.6797180175781
 30
0.0
 10
1643.147735595703
 20
-752.1097106933594
 30
0.0
 10
1641.937774658203
 20
-750.8297424316406
 30
0.0
 10
1640.357757568359
 20
-749.8297424316406
 30
0.0
 10
1637.027740478516
 20
-747.7197570800781
 30
0.0
 10
1633.707733154297
 20
-746.6597595214844
 30
0.0
 10
1630.407745361328
 20
-746.6597595214844
 30
0.0
 10
1629.387725830078
 20
-746.6597595214844
 30
0.0
 10
1627.847747802734
 20
-746.8097229003906
 30
0.0
 10
1625.797760009766
 20
-747.0897521972656
 30
0.0
 10
1627.107757568359
 20
-744.9897155761719
 30
0.0
 10
1629.557769775391
 20
-740.9097595214844
 30
0.0
 10
1633.137725830078
 20
-734.8697204589844
 30
0.0
 10
1633.137725830078
 20
-734.8697204589844
 30
0.0
 10
1640.057769775391
 20
-723.2597351074219
 30
0.0
 10
1640.057769775391
 20
-723.2597351074219
 30
0.0
 10
1641.387725830078
 20
-723.0297546386719
 30
0.0
 10
1642.687774658203
 20
-722.8497619628906
 30
0.0
 10
1643.967742919922
 20
-722.7197570800781
 30
0.0
 10
1643.967742919922
 20
-722.7197570800781
 30
0.0
 10
1643.967742919922
 20
-727.0997619628906
 30
0.0
 10
1643.967742919922
 20
-727.0997619628906
 30
0.0
 10
1643.967742919922
 20
-727.0997619628906
 30
0.0
 10
1643.957733154297
 20
-728.6197204589844
 30
0.0
 10
1643.957733154297
 20
-728.6197204589844
 30
0.0
 10
1643.957733154297
 20
-728.6197204589844
 30
0.0
 10
1643.977752685547
 20
-737.2097473144531
 30
0.0
 10
1643.977752685547
 20
-737.2097473144531
 30
0.0
 10
1643.977752685547
 20
-737.2097473144531
 30
0.0
 10
1643.977752685547
 20
-740.0097351074219
 30
0.0
 10
1643.977752685547
 20
-740.0097351074219
 30
0.0
 10
1643.977752685547
 20
-740.0097351074219
 30
0.0
 10
1643.967742919922
 20
-744.8597106933594
 30
0.0
 10
1643.967742919922
 20
-744.8597106933594
 30
0.0
 10
1643.967742919922
 20
-744.8597106933594
 30
0.0
 10
1643.967742919922
 20
-748.2097473144531
 30
0.0
 10
1643.967742919922
 20
-748.2097473144531
 30
0.0
 10
1643.967742919922
 20
-748.2097473144531
 30
0.0
 10
1643.977752685547
 20
-753.6797180175781
 30
0.0
 10
1643.977752685547
 20
-753.6797180175781
 30
0.0
  0
SPLINE
  5
65
330
1F
100
AcDbEntity
  8
Layer 1
370
     0
100
AcDbSpline
210
0.0
220
0.0
230
1.0
 70
    11
 71
     3
 72
    95
 73
    91
 74
     0
 42
0.0000000001
 43
0.0000000001
 12
1.0
 22
0.0
 32
0.0
 13
1.0
 23
0.0
 33
0.0
 40
0.0
 40
0.0
 40
0.0
 40
0.0
 40
1.0
 40
1.0
 40
1.0
 40
2.0
 40
2.0
 40
2.0
 40
3.0
 40
3.0
 40
3.0
 40
4.0
 40
4.0
 40
4.0
 40
5.0
 40
5.0
 40
5.0
 40
6.0
 40
6.0
 40
6.0
 40
7.0
 40
7.0
 40
7.0
 40
8.0
 40
8.0
 40
8.0
 40
9.0
 40
9.0
 40
9.0
 40
10.0
 40
10.0
 40
10.0
 40
11.0
 40
11.0
 40
11.0
 40
12.0
 40
12.0
 40
12.0
 40
13.0
 40
13.0
 40
13.0
 40
14.0
 40
14.0
 40
14.0
 40
15.0
 40
15.0
 40
15.0
 40
16.0
 40
16.0
 40
16.0
 40
17.0
 40
17.0
 40
17.0
 40
18.0
 40
18.0
 40
18.0
 40
19.0
 40
19.0
 40
19.0
 40
20.0
 40
20.0
 40
20.0
 40
21.0
 40
21.0
 40
21.0
 40
22.0
 40
22.0
 40
22.0
 40
23.0
 40
23.0
 40
23.0
 40
24.0
 40
24.0
 40
24.0
 40
25.0
 40
25.0
 40
25.0
 40
26.0
 40
26.0
 40
26.0
 40
27.0
 40
27.0
 40
27.0
 40
28.0
 40
28.0
 40
28.0
 40
29.0
 40
29.0
 40
29.0
 40
30.0
 40
30.0
 40
30.0
 40
30.0
 10
1644.037750244141
 20
-309.1938781738281
 30
0.0
 10
1644.037750244141
 20
-295.8138732910156
 30
0.0
 10
1644.027740478516
 20
-282.4238586425781
 30
0.0
 10
1644.027740478516
 20
-269.0438537597656
 30
0.0
 10
1651.177764892578
 20
-262.3838806152344
 30
0.0
 10
1657.567779541016
 20
-256.1038513183594
 30
0.0
 10
1663.207733154297
 20
-250.2038879394531
 30
0.0
 10
1668.167755126953
 20
-245.0238952636719
 30
0.0
 10
1672.317779541016
 20
-240.2638854980469
 30
0.0
 10
1675.677764892578
 20
-235.9338684082031
 30
0.0
 10
1677.617767333984
 20
-233.3738708496094
 30
0.0
 10
1678.897735595703
 20
-231.2338562011719
 30
0.0
 10
1679.527740478516
 20
-229.5238952636719
 30
0.0
 10
1679.977752685547
 20
-228.3338928222656
 30
0.0
 10
1680.207733154297
 20
-227.1038513183594
 30
0.0
 10
1680.207733154297
 20
-225.8538513183594
 30
0.0
 10
1680.207733154297
 20
-224.2038879394531
 30
0.0
 10
1679.837738037109
 20
-222.7638854980469
 30
0.0
 10
1679.097747802734
 20
-221.5338439941406
 30
0.0
 10
1678.357757568359
 20
-220.3138732910156
 30
0.0
 10
1677.187774658203
 20
-219.2738952636719
 30
0.0
 10
1675.597747802734
 20
-218.4138488769531
 30
0.0
 10
1673.997772216797
 20
-217.5638732910156
 30
0.0
 10
1672.067779541016
 20
-216.8838806152344
 30
0.0
 10
1669.787750244141
 20
-216.3638610839844
 30
0.0
 10
1667.507781982422
 20
-215.8538513183594
 30
0.0
 10
1664.917755126953
 20
-215.5938415527344
 30
0.0
 10
1662.007781982422
 20
-215.5938415527344
 30
0.0
 10
1658.027740478516
 20
-215.5938415527344
 30
0.0
 10
1653.827728271484
 20
-215.9438781738281
 30
0.0
 10
1649.407745361328
 20
-216.6238708496094
 30
0.0
 10
1647.817779541016
 20
-216.8738708496094
 30
0.0
 10
1646.017730712891
 20
-217.1938781738281
 30
0.0
 10
1644.007781982422
 20
-217.6038513183594
 30
0.0
 10
1643.997772216797
 20
-209.3938903808594
 30
0.0
 10
1643.997772216797
 20
-201.1938781738281
 30
0.0
 10
1643.997772216797
 20
-192.9838562011719
 30
0.0
 10
1655.917755126953
 20
-191.3138732910156
 30
0.0
 10
1667.217742919922
 20
-190.4838562011719
 30
0.0
 10
1677.907745361328
 20
-190.4838562011719
 30
0.0
 10
1683.877777099609
 20
-190.4838562011719
 30
0.0
 10
1689.607757568359
 20
-191.0238952636719
 30
0.0
 10
1695.077728271484
 20
-192.1038513183594
 30
0.0
 10
1700.547760009766
 20
-193.1838684082031
 30
0.0
 10
1705.437774658203
 20
-195.0238952636719
 30
0.0
 10
1709.767730712891
 20
-197.6138610839844
 30
0.0
 10
1714.097747802734
 20
-200.2038879394531
 30
0.0
 10
1717.347747802734
 20
-203.2238464355469
 30
0.0
 10
1719.507781982422
 20
-206.6738586425781
 30
0.0
 10
1721.667755126953
 20
-210.1138610839844
 30
0.0
 10
1722.757781982422
 20
-213.8338928222656
 30
0.0
 10
1722.757781982422
 20
-217.8138732910156
 30
0.0
 10
1722.757781982422
 20
-220.4438781738281
 30
0.0
 10
1722.437774658203
 20
-223.0338439941406
 30
0.0
 10
1721.817779541016
 20
-225.5938415527344
 30
0.0
 10
1721.187774658203
 20
-228.0438537597656
 30
0.0
 10
1720.017730712891
 20
-230.9238586425781
 30
0.0
 10
1718.317779541016
 20
-234.2238464355469
 30
0.0
 10
1716.147735595703
 20
-238.3238830566406
 30
0.0
 10
1713.467742919922
 20
-242.3638610839844
 30
0.0
 10
1710.277740478516
 20
-246.3538513183594
 30
0.0
 10
1705.557769775391
 20
-252.3338928222656
 30
0.0
 10
1700.087738037109
 20
-258.5138854980469
 30
0.0
 10
1693.877777099609
 20
-264.8938903808594
 30
0.0
 10
1687.957733154297
 20
-270.9338684082031
 30
0.0
 10
1680.837738037109
 20
-277.7038879394531
 30
0.0
 10
1672.517730712891
 20
-285.2238464355469
 30
0.0
 10
1672.517730712891
 20
-285.2238464355469
 30
0.0
 10
1681.917755126953
 20
-285.3138732910156
 30
0.0
 10
1681.917755126953
 20
-285.3138732910156
 30
0.0
 10
1684.137725830078
 20
-285.3138732910156
 30
0.0
 10
1688.537750244141
 20
-285.2538757324219
 30
0.0
 10
1695.117767333984
 20
-285.1438903808594
 30
0.0
 10
1701.697723388672
 20
-285.0238952636719
 30
0.0
 10
1706.267730712891
 20
-284.9138488769531
 30
0.0
 10
1708.827728271484
 20
-284.8038635253906
 30
0.0
 10
1711.387725830078
 20
-284.6838684082031
 30
0.0
 10
1714.557769775391
 20
-284.4338684082031
 30
0.0
 10
1718.317779541016
 20
-284.0338439941406
 30
0.0
 10
1718.137725830078
 20
-286.7638854980469
 30
0.0
 10
1717.867767333984
 20
-290.1838684082031
 30
0.0
 10
1717.497772216797
 20
-294.2838439941406
 30
0.0
 10
1717.127777099609
 20
-298.3838806152344
 30
0.0
 10
1716.747772216797
 20
-303.3938903808594
 30
0.0
 10
1716.347747802734
 20
-309.3138732910156
 30
0.0
 10
1702.167755126953
 20
-309.2038879394531
 30
0.0
 10
1687.327728271484
 20
-309.1438903808594
 30
0.0
 10
1671.837738037109
 20
-309.1438903808594
 30
0.0
 10
1661.727752685547
 20
-309.1438903808594
 30
0.0
 10
1652.467742919922
 20
-309.1638488769531
 30
0.0
 10
1644.037750244141
 20
-309.1938781738281
 30
0.0
  0
SPLINE
  5
66
330
1F
100
AcDbEntity
  8
Layer 1
370
     0
100
AcDbSpline
210
0.0
220
0.0
230
1.0
 70
    11
 71
     3
 72
   119
 73
   115
 74
     0
 42
0.0000000001
 43
0.0000000001
 12
1.0
 22
0.0
 32
0.0
 13
1.0
 23
0.0
 33
0.0
 40
0.0
 40
0.0
 40
0.0
 40
0.0
 40
1.0
 40
1.0
 40
1.0
 40
2.0
 40
2.0
 40
2.0
 40
3.0
 40
3.0
 40
3.0
 40
4.0
 40
4.0
 40
4.0
 40
5.0
 40
5.0
 40
5.0
 40
6.0
 40
6.0
 40
6.0
 40
7.0
 40
7.0
 40
7.0
 40
8.0
 40
8.0
 40
8.0
 40
9.0
 40
9.0
 40
9.0
 40
10.0
 40
10.0
 40
10.0
 40
11.0
 40
11.0
 40
11.0
 40
12.0
 40
12.0
 40
12.0
 40
13.0
 40
13.0
 40
13.0
 40
14.0
 40
14.0
 40
14.0
 40
15.0
 40
15.0
 40
15.0
 40
16.0
 40
16.0
 40
16.0
 40
17.0
 40
17.0
 40
17.0
 40
18.0
 40
18.0
 40
18.0
 40
19.0
 40
19.0
 40
19.0
 40
20.0
 40
20.0
 40
20.0
 40
21.0
 40
21.0
 40
21.0
 40
22.0
 40
22.0
 40
22.0
 40
23.0
 40
23.0
 40
23.0
 40
24.0
 40
24.0
 40
24.0
 40
25.0
 40
25.0
 40
25.0
 40
26.0
 40
26.0
 40
26.0
 40
27.0
 40
27.0
 40
27.0
 40
28.0
 40
28.0
 40
28.0
 40
29.0
 40
29.0
 40
29.0
 40
30.0
 40
30.0
 40
30.0
 40
31.0
 40
31.0
 40
31.0
 40
32.0
 40
32.0
 40
32.0
 40
33.0
 40
33.0
 40
33.0
 40
34.0
 40
34.0
 40
34.0
 40
35.0
 40
35.0
 40
35.0
 40
36.0
 40
36.0
 40
36.0
 40
37.0
 40
37.0
 40
37.0
 40
38.0
 40
38.0
 40
38.0
 40
38.0
 10
1796.117767333984
 20
-760.2497253417969
 30
0.0
 10
1792.927764892578
 20
-765.9697570800781
 30
0.0
 10
1788.557769775391
 20
-770.5297546386719
 30
0.0
 10
1783.007781982422
 20
-773.9197082519531
 30
0.0
 10
1777.447723388672
 20
-777.3097229003906
 30
0.0
 10
1771.017730712891
 20
-779.7597351074219
 30
0.0
 10
1763.697723388672
 20
-781.2697448730469
 30
0.0
 10
1756.377777099609
 20
-782.7797546386719
 30
0.0
 10
1748.877777099609
 20
-783.5297546386719
 30
0.0
 10
1741.187774658203
 20
-783.5297546386719
 30
0.0
 10
1738.277740478516
 20
-783.5297546386719
 30
0.0
 10
1734.837738037109
 20
-783.3497619628906
 30
0.0
 10
1730.847747802734
 20
-782.9797668457031
 30
0.0
 10
1726.857757568359
 20
-782.5997619628906
 30
0.0
 10
1723.497772216797
 20
-782.1897277832031
 30
0.0
 10
1720.767730712891
 20
-781.7397155761719
 30
0.0
 10
1718.037750244141
 20
-781.2797546386719
 30
0.0
 10
1714.527740478516
 20
-780.5697326660156
 30
0.0
 10
1710.257781982422
 20
-779.5997619628906
 30
0.0
 10
1710.257781982422
 20
-779.5997619628906
 30
0.0
 10
1709.657745361328
 20
-770.9997253417969
 30
0.0
 10
1709.657745361328
 20
-770.9997253417969
 30
0.0
 10
1709.487762451172
 20
-768.2197570800781
 30
0.0
 10
1709.307769775391
 20
-765.6897277832031
 30
0.0
 10
1709.107757568359
 20
-763.4197082519531
 30
0.0
 10
1708.907745361328
 20
-761.1497497558594
 30
0.0
 10
1708.517730712891
 20
-757.4597473144531
 30
0.0
 10
1707.947723388672
 20
-752.3497619628906
 30
0.0
 10
1719.737762451172
 20
-755.7097473144531
 30
0.0
 10
1729.507781982422
 20
-757.3897399902344
 30
0.0
 10
1737.257781982422
 20
-757.3897399902344
 30
0.0
 10
1741.407745361328
 20
-757.3897399902344
 30
0.0
 10
1745.247772216797
 20
-756.7297668457031
 30
0.0
 10
1748.747772216797
 20
-755.4197082519531
 30
0.0
 10
1752.247772216797
 20
-754.0997619628906
 30
0.0
 10
1754.937774658203
 20
-752.2497253417969
 30
0.0
 10
1756.817779541016
 20
-749.8497619628906
 30
0.0
 10
1758.697723388672
 20
-747.4497375488281
 30
0.0
 10
1759.637725830078
 20
-744.8197326660156
 30
0.0
 10
1759.637725830078
 20
-741.9597473144531
 30
0.0
 10
1759.637725830078
 20
-737.7897644042969
 30
0.0
 10
1757.717742919922
 20
-734.6397399902344
 30
0.0
 10
1753.867767333984
 20
-732.4897155761719
 30
0.0
 10
1750.027740478516
 20
-730.3497619628906
 30
0.0
 10
1744.007781982422
 20
-729.2797546386719
 30
0.0
 10
1735.807769775391
 20
-729.2797546386719
 30
0.0
 10
1732.157745361328
 20
-729.2797546386719
 30
0.0
 10
1728.587738037109
 20
-729.4097595214844
 30
0.0
 10
1725.077728271484
 20
-729.6597595214844
 30
0.0
 10
1721.577728271484
 20
-729.9197082519531
 30
0.0
 10
1716.837738037109
 20
-730.4497375488281
 30
0.0
 10
1710.857757568359
 20
-731.2497253417969
 30
0.0
 10
1710.857757568359
 20
-731.2497253417969
 30
0.0
 10
1715.247772216797
 20
-676.0497131347656
 30
0.0
 10
1715.247772216797
 20
-676.0497131347656
 30
0.0
 10
1715.417755126953
 20
-673.3197326660156
 30
0.0
 10
1715.587738037109
 20
-669.5297546386719
 30
0.0
 10
1715.767730712891
 20
-664.6897277832031
 30
0.0
 10
1727.387725830078
 20
-664.7897644042969
 30
0.0
 10
1738.657745361328
 20
-664.8397521972656
 30
0.0
 10
1749.557769775391
 20
-664.8497619628906
 30
0.0
 10
1749.557769775391
 20
-664.8497619628906
 30
0.0
 10
1763.117767333984
 20
-689.8197326660156
 30
0.0
 10
1763.117767333984
 20
-689.8197326660156
 30
0.0
 10
1761.927764892578
 20
-689.8097229003906
 30
0.0
 10
1760.677764892578
 20
-689.8097229003906
 30
0.0
 10
1759.387725830078
 20
-689.8097229003906
 30
0.0
 10
1757.617767333984
 20
-689.8097229003906
 30
0.0
 10
1754.707733154297
 20
-689.8697204589844
 30
0.0
 10
1750.667755126953
 20
-689.9797668457031
 30
0.0
 10
1750.667755126953
 20
-689.9797668457031
 30
0.0
 10
1748.937774658203
 20
-709.5397644042969
 30
0.0
 10
1748.937774658203
 20
-709.5397644042969
 30
0.0
 10
1752.757781982422
 20
-709.2597351074219
 30
0.0
 10
1755.717742919922
 20
-709.1197204589844
 30
0.0
 10
1757.827728271484
 20
-709.1197204589844
 30
0.0
 10
1763.947723388672
 20
-709.1197204589844
 30
0.0
 10
1769.567779541016
 20
-709.7897644042969
 30
0.0
 10
1774.697723388672
 20
-711.1297302246094
 30
0.0
 10
1774.697723388672
 20
-711.1297302246094
 30
0.0
 10
1776.047760009766
 20
-713.6197204589844
 30
0.0
 10
1776.047760009766
 20
-713.6197204589844
 30
0.0
 10
1776.047760009766
 20
-713.6197204589844
 30
0.0
 10
1777.047760009766
 20
-715.4597473144531
 30
0.0
 10
1777.047760009766
 20
-715.4597473144531
 30
0.0
 10
1777.047760009766
 20
-715.4597473144531
 30
0.0
 10
1780.367767333984
 20
-721.5797424316406
 30
0.0
 10
1780.367767333984
 20
-721.5797424316406
 30
0.0
 10
1780.367767333984
 20
-721.5797424316406
 30
0.0
 10
1781.627777099609
 20
-723.9097595214844
 30
0.0
 10
1781.627777099609
 20
-723.9097595214844
 30
0.0
 10
1781.627777099609
 20
-723.9097595214844
 30
0.0
 10
1783.897735595703
 20
-728.0897521972656
 30
0.0
 10
1783.897735595703
 20
-728.0897521972656
 30
0.0
 10
1783.897735595703
 20
-728.0897521972656
 30
0.0
 10
1785.397735595703
 20
-730.8597106933594
 30
0.0
 10
1785.397735595703
 20
-730.8597106933594
 30
0.0
 10
1785.397735595703
 20
-730.8597106933594
 30
0.0
 10
1786.117767333984
 20
-732.1997375488281
 30
0.0
 10
1786.117767333984
 20
-732.1997375488281
 30
0.0
 10
1786.117767333984
 20
-732.1997375488281
 30
0.0
 10
1791.557769775391
 20
-742.1997375488281
 30
0.0
 10
1791.557769775391
 20
-742.1997375488281
 30
0.0
 10
1791.557769775391
 20
-742.1997375488281
 30
0.0
 10
1793.867767333984
 20
-746.4597473144531
 30
0.0
 10
1793.867767333984
 20
-746.4597473144531
 30
0.0
 10
1793.867767333984
 20
-746.4597473144531
 30
0.0
 10
1795.467742919922
 20
-749.4097595214844
 30
0.0
 10
1795.467742919922
 20
-749.4097595214844
 30
0.0
 10
1795.467742919922
 20
-749.4097595214844
 30
0.0
 10
1798.537750244141
 20
-755.0697326660156
 30
0.0
 10
1798.537750244141
 20
-755.0697326660156
 30
0.0
 10
1797.877777099609
 20
-756.8197326660156
 30
0.0
 10
1797.067779541016
 20
-758.5497131347656
 30
0.0
 10
1796.117767333984
 20
-760.2497253417969
 30
0.0
  0
SPLINE
  5
67
330
1F
100
AcDbEntity
  8
Layer 1
370
     0
100
AcDbSpline
210
0.0
220
0.0
230
1.0
 70
    11
 71
     3
 72
    50
 73
    46
 74
     0
 42
0.0000000001
 43
0.0000000001
 12
1.0
 22
0.0
 32
0.0
 13
1.0
 23
0.0
 33
0.0
 40
0.0
 40
0.0
 40
0.0
 40
0.0
 40
1.0
 40
1.0
 40
1.0
 40
2.0
 40
2.0
 40
2.0
 40
3.0
 40
3.0
 40
3.0
 40
4.0
 40
4.0
 40
4.0
 40
5.0
 40
5.0
 40
5.0
 40
6.0
 40
6.0
 40
6.0
 40
7.0
 40
7.0
 40
7.0
 40
8.0
 40
8.0
 40
8.0
 40
9.0
 40
9.0
 40
9.0
 40
10.0
 40
10.0
 40
10.0
 40
11.0
 40
11.0
 40
11.0
 40
12.0
 40
12.0
 40
12.0
 40
13.0
 40
13.0
 40
13.0
 40
14.0
 40
14.0
 40
14.0
 40
15.0
 40
15.0
 40
15.0
 40
15.0
 10
1780.047760009766
 20
-358.8997497558594
 30
0.0
 10
1780.777740478516
 20
-350.0697326660156
 30
0.0
 10
1781.717742919922
 20
-335.7997131347656
 30
0.0
 10
1782.847747802734
 20
-316.0897521972656
 30
0.0
 10
1783.977752685547
 20
-296.3897399902344
 30
0.0
 10
1784.627777099609
 20
-282.2897644042969
 30
0.0
 10
1784.797760009766
 20
-273.7997131347656
 30
0.0
 10
1782.697723388672
 20
-275.1197204589844
 30
0.0
 10
1780.647735595703
 20
-276.4097595214844
 30
0.0
 10
1778.657745361328
 20
-277.6897277832031
 30
0.0
 10
1776.667755126953
 20
-278.9697570800781
 30
0.0
 10
1772.347747802734
 20
-282.0097351074219
 30
0.0
 10
1765.697723388672
 20
-286.7897644042969
 30
0.0
 10
1765.987762451172
 20
-282.6397399902344
 30
0.0
 10
1766.257781982422
 20
-277.8697204589844
 30
0.0
 10
1766.497772216797
 20
-272.4797668457031
 30
0.0
 10
1772.697723388672
 20
-262.9997253417969
 30
0.0
 10
1778.897735595703
 20
-253.5197448730469
 30
0.0
 10
1785.097747802734
 20
-244.0397644042969
 30
0.0
 10
1785.737762451172
 20
-243.5497131347656
 30
0.0
 10
1786.487762451172
 20
-242.9597473144531
 30
0.0
 10
1787.347747802734
 20
-242.2797546386719
 30
0.0
 10
1792.417755126953
 20
-242.3897399902344
 30
0.0
 10
1798.267730712891
 20
-242.4497375488281
 30
0.0
 10
1804.877777099609
 20
-242.4497375488281
 30
0.0
 10
1811.157745361328
 20
-242.4497375488281
 30
0.0
 10
1817.577728271484
 20
-242.3897399902344
 30
0.0
 10
1824.127777099609
 20
-242.2797546386719
 30
0.0
 10
1824.127777099609
 20
-242.2797546386719
 30
0.0
 10
1822.417755126953
 20
-261.3297424316406
 30
0.0
 10
1822.417755126953
 20
-261.3297424316406
 30
0.0
 10
1822.417755126953
 20
-261.3297424316406
 30
0.0
 10
1818.737762451172
 20
-324.5497131347656
 30
0.0
 10
1818.737762451172
 20
-324.5497131347656
 30
0.0
 10
1818.737762451172
 20
-324.5497131347656
 30
0.0
 10
1817.887725830078
 20
-347.7897644042969
 30
0.0
 10
1817.887725830078
 20
-347.7897644042969
 30
0.0
 10
1817.887725830078
 20
-347.7897644042969
 30
0.0
 10
1817.887725830078
 20
-358.8997497558594
 30
0.0
 10
1817.887725830078
 20
-358.8997497558594
 30
0.0
 10
1813.037750244141
 20
-358.7797546386719
 30
0.0
 10
1807.147735595703
 20
-358.7297668457031
 30
0.0
 10
1800.207733154297
 20
-358.7297668457031
 30
0.0
 10
1792.117767333984
 20
-358.7297668457031
 30
0.0
 10
1785.397735595703
 20
-358.7797546386719
 30
0.0
 10
1780.047760009766
 20
-358.8997497558594
 30
0.0
  0
SPLINE
  5
68
330
1F
100
AcDbEntity
  8
Layer 1
370
     0
100
AcDbSpline
210
0.0
220
0.0
230
1.0
 70
    11
 71
     3
 72
   110
 73
   106
 74
     0
 42
0.0000000001
 43
0.0000000001
 12
1.0
 22
0.0
 32
0.0
 13
1.0
 23
0.0
 33
0.0
 40
0.0
 40
0.0
 40
0.0
 40
0.0
 40
1.0
 40
1.0
 40
1.0
 40
2.0
 40
2.0
 40
2.0
 40
3.0
 40
3.0
 40
3.0
 40
4.0
 40
4.0
 40
4.0
 40
5.0
 40
5.0
 40
5.0
 40
6.0
 40
6.0
 40
6.0
 40
7.0
 40
7.0
 40
7.0
 40
8.0
 40
8.0
 40
8.0
 40
9.0
 40
9.0
 40
9.0
 40
10.0
 40
10.0
 40
10.0
 40
11.0
 40
11.0
 40
11.0
 40
12.0
 40
12.0
 40
12.0
 40
13.0
 40
13.0
 40
13.0
 40
14.0
 40
14.0
 40
14.0
 40
15.0
 40
15.0
 40
15.0
 40
16.0
 40
16.0
 40
16.0
 40
17.0
 40
17.0
 40
17.0
 40
18.0
 40
18.0
 40
18.0
 40
19.0
 40
19.0
 40
19.0
 40
20.0
 40
20.0
 40
20.0
 40
21.0
 40
21.0
 40
21.0
 40
22.0
 40
22.0
 40
22.0
 40
23.0
 40
23.0
 40
23.0
 40
24.0
 40
24.0
 40
24.0
 40
25.0
 40
25.0
 40
25.0
 40
26.0
 40
26.0
 40
26.0
 40
27.0
 40
27.0
 40
27.0
 40
28.0
 40
28.0
 40
28.0
 40
29.0
 40
29.0
 40
29.0
 40
30.0
 40
30.0
 40
30.0
 40
31.0
 40
31.0
 40
31.0
 40
32.0
 40
32.0
 40
32.0
 40
33.0
 40
33.0
 40
33.0
 40
34.0
 40
34.0
 40
34.0
 40
35.0
 40
35.0
 40
35.0
 40
35.0
 10
1905.677764892578
 20
-641.8197326660156
 30
0.0
 10
1905.487762451172
 20
-648.1897277832031
 30
0.0
 10
1905.387725830078
 20
-654.8897399902344
 30
0.0
 10
1905.387725830078
 20
-661.8997497558594
 30
0.0
 10
1905.387725830078
 20
-661.8997497558594
 30
0.0
 10
1905.387725830078
 20
-665.9197082519531
 30
0.0
 10
1905.387725830078
 20
-665.9197082519531
 30
0.0
 10
1901.977752685547
 20
-665.6897277832031
 30
0.0
 10
1896.947723388672
 20
-665.5797424316406
 30
0.0
 10
1890.287750244141
 20
-665.5797424316406
 30
0.0
 10
1890.287750244141
 20
-665.5797424316406
 30
0.0
 10
1886.787750244141
 20
-665.6597595214844
 30
0.0
 10
1886.787750244141
 20
-665.6597595214844
 30
0.0
 10
1886.317779541016
 20
-671.1897277832031
 30
0.0
 10
1886.077728271484
 20
-681.0997619628906
 30
0.0
 10
1886.077728271484
 20
-695.3897399902344
 30
0.0
 10
1880.437774658203
 20
-695.2797546386719
 30
0.0
 10
1874.597747802734
 20
-695.2197570800781
 30
0.0
 10
1868.567779541016
 20
-695.2197570800781
 30
0.0
 10
1862.927764892578
 20
-695.2197570800781
 30
0.0
 10
1856.717742919922
 20
-695.2797546386719
 30
0.0
 10
1849.947723388672
 20
-695.3897399902344
 30
0.0
 10
1850.467742919922
 20
-690.3197326660156
 30
0.0
 10
1850.927764892578
 20
-684.9397277832031
 30
0.0
 10
1851.337738037109
 20
-679.2397155761719
 30
0.0
 10
1851.737762451172
 20
-673.5497131347656
 30
0.0
 10
1852.027740478516
 20
-669.0197448730469
 30
0.0
 10
1852.207733154297
 20
-665.6597595214844
 30
0.0
 10
1852.207733154297
 20
-665.6597595214844
 30
0.0
 10
1842.887725830078
 20
-665.7497253417969
 30
0.0
 10
1842.887725830078
 20
-665.7497253417969
 30
0.0
 10
1842.887725830078
 20
-665.7497253417969
 30
0.0
 10
1835.867767333984
 20
-665.7497253417969
 30
0.0
 10
1835.867767333984
 20
-665.7497253417969
 30
0.0
 10
1835.867767333984
 20
-665.7497253417969
 30
0.0
 10
1803.727752685547
 20
-666.2597351074219
 30
0.0
 10
1803.727752685547
 20
-666.2597351074219
 30
0.0
 10
1803.727752685547
 20
-666.2597351074219
 30
0.0
 10
1803.977752685547
 20
-663.6097106933594
 30
0.0
 10
1803.977752685547
 20
-663.6097106933594
 30
0.0
 10
1804.037750244141
 20
-662.9797668457031
 30
0.0
 10
1804.117767333984
 20
-661.1297302246094
 30
0.0
 10
1804.237762451172
 20
-658.0597229003906
 30
0.0
 10
1804.237762451172
 20
-658.0597229003906
 30
0.0
 10
1804.917755126953
 20
-641.8197326660156
 30
0.0
 10
1804.917755126953
 20
-641.8197326660156
 30
0.0
 10
1804.977752685547
 20
-640.3397521972656
 30
0.0
 10
1805.007781982422
 20
-638.7797546386719
 30
0.0
 10
1805.007781982422
 20
-637.1297302246094
 30
0.0
 10
1810.807769775391
 20
-630.1197204589844
 30
0.0
 10
1817.507781982422
 20
-621.3897399902344
 30
0.0
 10
1825.107757568359
 20
-610.9397277832031
 30
0.0
 10
1828.257781982422
 20
-606.6097106933594
 30
0.0
 10
1831.347747802734
 20
-602.2297668457031
 30
0.0
 10
1834.377777099609
 20
-597.7997131347656
 30
0.0
 10
1834.377777099609
 20
-597.7997131347656
 30
0.0
 10
1840.677764892578
 20
-601.6897277832031
 30
0.0
 10
1840.677764892578
 20
-601.6897277832031
 30
0.0
 10
1840.677764892578
 20
-601.6897277832031
 30
0.0
 10
1843.357757568359
 20
-603.3497619628906
 30
0.0
 10
1843.357757568359
 20
-603.3497619628906
 30
0.0
 10
1843.357757568359
 20
-603.3497619628906
 30
0.0
 10
1854.337738037109
 20
-610.1297302246094
 30
0.0
 10
1854.337738037109
 20
-610.1297302246094
 30
0.0
 10
1852.567779541016
 20
-612.8397521972656
 30
0.0
 10
1851.007781982422
 20
-615.1697082519531
 30
0.0
 10
1849.657745361328
 20
-617.1197204589844
 30
0.0
 10
1847.257781982422
 20
-620.5897521972656
 30
0.0
 10
1845.517730712891
 20
-623.0697326660156
 30
0.0
 10
1844.427764892578
 20
-624.5497131347656
 30
0.0
 10
1844.427764892578
 20
-624.5497131347656
 30
0.0
 10
1832.007781982422
 20
-641.6497497558594
 30
0.0
 10
1832.007781982422
 20
-641.6497497558594
 30
0.0
 10
1832.007781982422
 20
-641.6497497558594
 30
0.0
 10
1857.077728271484
 20
-641.6497497558594
 30
0.0
 10
1857.077728271484
 20
-641.6497497558594
 30
0.0
 10
1857.077728271484
 20
-641.6497497558594
 30
0.0
 10
1858.457733154297
 20
-612.6697082519531
 30
0.0
 10
1858.457733154297
 20
-612.6697082519531
 30
0.0
 10
1858.457733154297
 20
-612.6697082519531
 30
0.0
 10
1861.317779541016
 20
-614.4397277832031
 30
0.0
 10
1861.317779541016
 20
-614.4397277832031
 30
0.0
 10
1861.317779541016
 20
-614.4397277832031
 30
0.0
 10
1877.827728271484
 20
-624.6297302246094
 30
0.0
 10
1877.827728271484
 20
-624.6297302246094
 30
0.0
 10
1877.827728271484
 20
-624.6297302246094
 30
0.0
 10
1887.947723388672
 20
-630.8797302246094
 30
0.0
 10
1887.947723388672
 20
-630.8797302246094
 30
0.0
 10
1887.837738037109
 20
-634.5897521972656
 30
0.0
 10
1887.767730712891
 20
-637.7497253417969
 30
0.0
 10
1887.737762451172
 20
-640.3697204589844
 30
0.0
 10
1890.467742919922
 20
-640.4897155761719
 30
0.0
 10
1893.677764892578
 20
-640.5397644042969
 30
0.0
 10
1897.377777099609
 20
-640.5397644042969
 30
0.0
 10
1900.277740478516
 20
-640.5397644042969
 30
0.0
 10
1901.947723388672
 20
-640.5297546386719
 30
0.0
 10
1902.407745361328
 20
-640.4997253417969
 30
0.0
 10
1902.617767333984
 20
-640.4897155761719
 30
0.0
 10
1902.957733154297
 20
-640.4597473144531
 30
0.0
 10
1903.437774658203
 20
-640.4397277832031
 30
0.0
 10
1904.007781982422
 20
-640.3997497558594
 30
0.0
 10
1904.767730712891
 20
-640.3497619628906
 30
0.0
 10
1905.727752685547
 20
-640.2897644042969
 30
0.0
 10
1905.707733154297
 20
-640.7997131347656
 30
0.0
 10
1905.697723388672
 20
-641.2997131347656
 30
0.0
 10
1905.677764892578
 20
-641.8197326660156
 30
0.0
  0
SPLINE
  5
69
330
1F
100
AcDbEntity
  8
Layer 1
370
     0
100
AcDbSpline
210
0.0
220
0.0
230
1.0
 70
    11
 71
     3
 72
   119
 73
   115
 74
     0
 42
0.0000000001
 43
0.0000000001
 12
1.0
 22
0.0
 32
0.0
 13
1.0
 23
0.0
 33
0.0
 40
0.0
 40
0.0
 40
0.0
 40
0.0
 40
1.0
 40
1.0
 40
1.0
 40
2.0
 40
2.0
 40
2.0
 40
3.0
 40
3.0
 40
3.0
 40
4.0
 40
4.0
 40
4.0
 40
5.0
 40
5.0
 40
5.0
 40
6.0
 40
6.0
 40
6.0
 40
7.0
 40
7.0
 40
7.0
 40
8.0
 40
8.0
 40
8.0
 40
9.0
 40
9.0
 40
9.0
 40
10.0
 40
10.0
 40
10.0
 40
11.0
 40
11.0
 40
11.0
 40
12.0
 40
12.0
 40
12.0
 40
13.0
 40
13.0
 40
13.0
 40
14.0
 40
14.0
 40
14.0
 40
15.0
 40
15.0
 40
15.0
 40
16.0
 40
16.0
 40
16.0
 40
17.0
 40
17.0
 40
17.0
 40
18.0
 40
18.0
 40
18.0
 40
19.0
 40
19.0
 40
19.0
 40
20.0
 40
20.0
 40
20.0
 40
21.0
 40
21.0
 40
21.0
 40
22.0
 40
22.0
 40
22.0
 40
23.0
 40
23.0
 40
23.0
 40
24.0
 40
24.0
 40
24.0
 40
25.0
 40
25.0
 40
25.0
 40
26.0
 40
26.0
 40
26.0
 40
27.0
 40
27.0
 40
27.0
 40
28.0
 40
28.0
 40
28.0
 40
29.0
 40
29.0
 40
29.0
 40
30.0
 40
30.0
 40
30.0
 40
31.0
 40
31.0
 40
31.0
 40
32.0
 40
32.0
 40
32.0
 40
33.0
 40
33.0
 40
33.0
 40
34.0
 40
34.0
 40
34.0
 40
35.0
 40
35.0
 40
35.0
 40
36.0
 40
36.0
 40
36.0
 40
37.0
 40
37.0
 40
37.0
 40
38.0
 40
38.0
 40
38.0
 40
38.0
 10
1890.957733154297
 20
-587.0197448730469
 30
0.0
 10
1884.517730712891
 20
-587.0197448730469
 30
0.0
 10
1878.377777099609
 20
-586.6897277832031
 30
0.0
 10
1872.547760009766
 20
-586.0397644042969
 30
0.0
 10
1866.707733154297
 20
-585.3797302246094
 30
0.0
 10
1859.657745361328
 20
-584.1997375488281
 30
0.0
 10
1851.397735595703
 20
-582.4897155761719
 30
0.0
 10
1850.657745361328
 20
-570.9297180175781
 30
0.0
 10
1849.917755126953
 20
-561.7297668457031
 30
0.0
 10
1849.177764892578
 20
-554.8997497558594
 30
0.0
 10
1861.877777099609
 20
-559.1697082519531
 30
0.0
 10
1873.357757568359
 20
-561.3097229003906
 30
0.0
 10
1883.607757568359
 20
-561.3097229003906
 30
0.0
 10
1889.927764892578
 20
-561.3097229003906
 30
0.0
 10
1895.037750244141
 20
-560.0397644042969
 30
0.0
 10
1898.947723388672
 20
-557.4997253417969
 30
0.0
 10
1902.847747802734
 20
-554.9697570800781
 30
0.0
 10
1904.797760009766
 20
-551.5697326660156
 30
0.0
 10
1904.797760009766
 20
-547.2997131347656
 30
0.0
 10
1904.797760009766
 20
-543.1397399902344
 30
0.0
 10
1902.817779541016
 20
-540.0897521972656
 30
0.0
 10
1898.857757568359
 20
-538.1497497558594
 30
0.0
 10
1894.897735595703
 20
-536.2197570800781
 30
0.0
 10
1888.737762451172
 20
-535.2497253417969
 30
0.0
 10
1880.357757568359
 20
-535.2497253417969
 30
0.0
 10
1874.947723388672
 20
-535.2497253417969
 30
0.0
 10
1869.997772216797
 20
-535.5597229003906
 30
0.0
 10
1865.497772216797
 20
-536.1897277832031
 30
0.0
 10
1866.287750244141
 20
-527.2997131347656
 30
0.0
 10
1866.947723388672
 20
-518.5597229003906
 30
0.0
 10
1867.457733154297
 20
-509.9597473144531
 30
0.0
 10
1871.557769775391
 20
-510.6997375488281
 30
0.0
 10
1875.857757568359
 20
-511.0697326660156
 30
0.0
 10
1880.357757568359
 20
-511.0697326660156
 30
0.0
 10
1885.487762451172
 20
-511.0697326660156
 30
0.0
 10
1889.747772216797
 20
-510.7497253417969
 30
0.0
 10
1893.137725830078
 20
-510.0897521972656
 30
0.0
 10
1896.517730712891
 20
-509.4397277832031
 30
0.0
 10
1899.097747802734
 20
-508.1697082519531
 30
0.0
 10
1900.867767333984
 20
-506.2597351074219
 30
0.0
 10
1902.627777099609
 20
-504.3697204589844
 30
0.0
 10
1903.517730712891
 20
-502.3097229003906
 30
0.0
 10
1903.517730712891
 20
-500.0997619628906
 30
0.0
 10
1903.517730712891
 20
-499.9297180175781
 30
0.0
 10
1903.507781982422
 20
-499.7597351074219
 30
0.0
 10
1903.497772216797
 20
-499.5897521972656
 30
0.0
 10
1903.497772216797
 20
-499.5897521972656
 30
0.0
 10
1913.957733154297
 20
-499.5897521972656
 30
0.0
 10
1913.957733154297
 20
-499.5897521972656
 30
0.0
 10
1913.957733154297
 20
-499.5897521972656
 30
0.0
 10
1918.217742919922
 20
-499.5797424316406
 30
0.0
 10
1918.217742919922
 20
-499.5797424316406
 30
0.0
 10
1918.217742919922
 20
-499.5797424316406
 30
0.0
 10
1923.287750244141
 20
-499.5897521972656
 30
0.0
 10
1923.287750244141
 20
-499.5897521972656
 30
0.0
 10
1923.287750244141
 20
-499.5897521972656
 30
0.0
 10
1925.847747802734
 20
-499.5797424316406
 30
0.0
 10
1925.847747802734
 20
-499.5797424316406
 30
0.0
 10
1925.847747802734
 20
-499.5797424316406
 30
0.0
 10
1926.647735595703
 20
-499.5897521972656
 30
0.0
 10
1926.647735595703
 20
-499.5897521972656
 30
0.0
 10
1926.647735595703
 20
-499.5897521972656
 30
0.0
 10
1935.857757568359
 20
-499.5897521972656
 30
0.0
 10
1935.857757568359
 20
-499.5897521972656
 30
0.0
 10
1935.857757568359
 20
-499.5897521972656
 30
0.0
 10
1938.817779541016
 20
-499.5997619628906
 30
0.0
 10
1938.817779541016
 20
-499.5997619628906
 30
0.0
 10
1938.817779541016
 20
-499.5997619628906
 30
0.0
 10
1939.797760009766
 20
-499.5897521972656
 30
0.0
 10
1939.797760009766
 20
-499.5897521972656
 30
0.0
 10
1939.797760009766
 20
-499.5897521972656
 30
0.0
 10
1943.907745361328
 20
-499.5897521972656
 30
0.0
 10
1943.907745361328
 20
-499.5897521972656
 30
0.0
 10
1943.717742919922
 20
-500.8197326660156
 30
0.0
 10
1943.447723388672
 20
-502.0297546386719
 30
0.0
 10
1943.107757568359
 20
-503.2097473144531
 30
0.0
 10
1942.347747802734
 20
-505.8897399902344
 30
0.0
 10
1941.157745361328
 20
-508.3797302246094
 30
0.0
 10
1939.567779541016
 20
-510.6897277832031
 30
0.0
 10
1937.967742919922
 20
-512.9897155761719
 30
0.0
 10
1936.087738037109
 20
-515.0297546386719
 30
0.0
 10
1933.927764892578
 20
-516.7997131347656
 30
0.0
 10
1931.767730712891
 20
-518.5597229003906
 30
0.0
 10
1929.657745361328
 20
-519.9897155761719
 30
0.0
 10
1927.607757568359
 20
-521.0697326660156
 30
0.0
 10
1925.557769775391
 20
-522.1497497558594
 30
0.0
 10
1922.817779541016
 20
-523.3697204589844
 30
0.0
 10
1919.407745361328
 20
-524.7397155761719
 30
0.0
 10
1922.997772216797
 20
-525.4797668457031
 30
0.0
 10
1925.797760009766
 20
-526.2497253417969
 30
0.0
 10
1927.817779541016
 20
-527.0497131347656
 30
0.0
 10
1929.837738037109
 20
-527.8497619628906
 30
0.0
 10
1931.877777099609
 20
-528.9997253417969
 30
0.0
 10
1933.927764892578
 20
-530.5097351074219
 30
0.0
 10
1935.977752685547
 20
-532.0197448730469
 30
0.0
 10
1937.717742919922
 20
-533.7797546386719
 30
0.0
 10
1939.137725830078
 20
-535.7997131347656
 30
0.0
 10
1940.567779541016
 20
-537.8297424316406
 30
0.0
 10
1941.617767333984
 20
-540.0897521972656
 30
0.0
 10
1942.297760009766
 20
-542.5997619628906
 30
0.0
 10
1942.987762451172
 20
-545.0997619628906
 30
0.0
 10
1943.327728271484
 20
-547.7797546386719
 30
0.0
 10
1943.327728271484
 20
-550.6297302246094
 30
0.0
 10
1943.327728271484
 20
-556.2697448730469
 30
0.0
 10
1942.027740478516
 20
-561.4797668457031
 30
0.0
 10
1939.437774658203
 20
-566.2597351074219
 30
0.0
 10
1936.847747802734
 20
-571.0497131347656
 30
0.0
 10
1933.027740478516
 20
-575.0197448730469
 30
0.0
 10
1927.987762451172
 20
-578.1797180175781
 30
0.0
 10
1922.947723388672
 20
-581.3397521972656
 30
0.0
 10
1917.167755126953
 20
-583.5997619628906
 30
0.0
 10
1910.647735595703
 20
-584.9697570800781
 30
0.0
 10
1904.127777099609
 20
-586.3397521972656
 30
0.0
 10
1897.557769775391
 20
-587.0197448730469
 30
0.0
 10
1890.957733154297
 20
-587.0197448730469
 30
0.0
  0
HATCH
  5
6A
330
1F
100
AcDbEntity
  8
Layer 1
 62
     7
420
 16777215
100
AcDbHatch
 10
0.0
 20
0.0
 30
0.0
210
0.0
220
0.0
230
1.0
  2
SOLID
 70
     1
 71
     0
 91
       16
 92
        1
 93
        1
 72
     4
 94
        3
 73
     0
 74
     1
 95
      113
 96
      109
 40
0.0
 40
0.0
 40
0.0
 40
0.0
 40
1.0
 40
1.0
 40
1.0
 40
2.0
 40
2.0
 40
2.0
 40
3.0
 40
3.0
 40
3.0
 40
4.0
 40
4.0
 40
4.0
 40
5.0
 40
5.0
 40
5.0
 40
6.0
 40
6.0
 40
6.0
 40
7.0
 40
7.0
 40
7.0
 40
8.0
 40
8.0
 40
8.0
 40
9.0
 40
9.0
 40
9.0
 40
10.0
 40
10.0
 40
10.0
 40
11.0
 40
11.0
 40
11.0
 40
12.0
 40
12.0
 40
12.0
 40
13.0
 40
13.0
 40
13.0
 40
14.0
 40
14.0
 40
14.0
 40
15.0
 40
15.0
 40
15.0
 40
16.0
 40
16.0
 40
16.0
 40
17.0
 40
17.0
 40
17.0
 40
18.0
 40
18.0
 40
18.0
 40
19.0
 40
19.0
 40
19.0
 40
20.0
 40
20.0
 40
20.0
 40
21.0
 40
21.0
 40
21.0
 40
22.0
 40
22.0
 40
22.0
 40
23.0
 40
23.0
 40
23.0
 40
24.0
 40
24.0
 40
24.0
 40
25.0
 40
25.0
 40
25.0
 40
26.0
 40
26.0
 40
26.0
 40
27.0
 40
27.0
 40
27.0
 40
28.0
 40
28.0
 40
28.0
 40
29.0
 40
29.0
 40
29.0
 40
30.0
 40
30.0
 40
30.0
 40
31.0
 40
31.0
 40
31.0
 40
32.0
 40
32.0
 40
32.0
 40
33.0
 40
33.0
 40
33.0
 40
34.0
 40
34.0
 40
34.0
 40
35.0
 40
35.0
 40
35.0
 40
36.0
 40
36.0
 40
36.0
 40
36.0
 10
1976.741058349609
 20
-499.5897521972656
 10
1976.741058349609
 20
-499.5897521972656
 10
1961.556549072266
 20
-499.3286437988281
 10
1961.556549072266
 20
-499.3286437988281
 10
1961.540985107422
 20
-486.3357238769531
 10
1962.148468017578
 20
-460.9898376464844
 10
1961.428619384766
 20
-448.0260314941406
 10
1959.397186279297
 20
-411.4448547363281
 10
1951.851348876953
 20
-376.0948181152344
 10
1936.587066650391
 20
-342.6076354980469
 10
1934.465789794922
 20
-337.9539489746094
 10
1932.155426025391
 20
-333.3865051269531
 10
1929.654144287109
 20
-328.2021179199219
 10
1929.654144287109
 20
-328.2021179199219
 10
1916.569793701172
 20
-335.9823303222656
 10
1916.569793701172
 20
-335.9823303222656
 10
1904.155975341797
 20
-313.4465637207031
 10
1885.172760009766
 20
-283.4443664550781
 10
1868.412506103516
 20
-263.8887634277344
 10
1851.814849853516
 20
-244.5229187011719
 10
1828.543304443359
 20
-224.2406311035156
 10
1807.505706787109
 20
-209.5987854003906
 10
1805.663238525391
 20
-212.8807678222656
 10
1801.128448486328
 20
-219.3199768066406
 10
1799.316986083984
 20
-222.1022644042969
 10
1751.420928955078
 20
-191.8166198730469
 10
1700.667633056641
 20
-170.6805114746094
 10
1643.661590576172
 20
-166.9842224121094
 10
1643.661590576172
 20
-166.9842224121094
 10
1644.143280029297
 20
-182.3789367675781
 10
1644.143280029297
 20
-182.3789367675781
 10
1597.164031982422
 20
-181.1013488769531
 10
1536.193450927734
 20
-187.1074523925781
 10
1492.562286376953
 20
-205.3569030761719
 10
1488.189788818359
 20
-207.1858215332031
 10
1483.924652099609
 20
-209.2716979980469
 10
1479.309722900391
 20
-211.3750305175781
 10
1479.309722900391
 20
-211.3750305175781
 10
1487.686492919922
 20
-224.3665466308594
 10
1487.686492919922
 20
-224.3665466308594
 10
1448.587921142578
 20
-243.8751525878906
 10
1406.861663818359
 20
-272.0703430175781
 10
1377.983306884766
 20
-305.1951599121094
 10
1370.939788818359
 20
-313.2743835449219
 10
1364.544158935547
 20
-321.9192810058594
 10
1357.609649658203
 20
-330.6059265136719
 10
1362.712371826172
 20
-333.6156311035156
 10
1366.803863525391
 20
-336.0289001464844
 10
1370.984954833984
 20
-338.4949035644531
 10
1364.728485107422
 20
-348.8517150878906
 10
1358.483245849609
 20
-358.6676940917969
 10
1352.749786376953
 20
-368.7744445800781
 10
1332.061798095703
 20
-405.2428894042969
 10
1316.360198974609
 20
-457.8086242675781
 10
1311.258941650391
 20
-499.5897521972656
 10
1315.398040771484
 20
-499.8940734863281
 10
1326.840484619141
 20
-499.5897521972656
 10
1326.840484619141
 20
-499.5897521972656
 10
1325.283721923828
 20
-529.8043518066406
 10
1326.237701416016
 20
-562.3988952636719
 10
1331.824005126953
 20
-592.2173156738281
 10
1336.170196533203
 20
-615.4164123535156
 10
1345.097930908203
 20
-642.2270812988281
 10
1354.357879638672
 20
-663.9093322753906
 10
1357.453765869141
 20
-662.0829162597656
 10
1365.407501220703
 20
-658.5365905761719
 10
1369.039642333984
 20
-656.8397521972656
 10
1381.646392822266
 20
-683.0610046386719
 10
1396.600006103516
 20
-707.2104187011719
 10
1414.764129638672
 20
-729.2863464355469
 10
1432.908966064453
 20
-751.3387756347656
 10
1453.671844482422
 20
-770.5353088378906
 10
1477.406402587891
 20
-787.1506652832031
 10
1480.277557373047
 20
-782.8546447753906
 10
1482.737884521484
 20
-779.1734313964844
 10
1485.398956298828
 20
-775.1918029785156
 10
1491.280853271484
 20
-778.4972839355469
 10
1496.850982666016
 20
-781.4386291503906
 10
1502.237701416016
 20
-784.6846618652344
 10
1543.398834228516
 20
-809.4875183105469
 10
1595.922454833984
 20
-827.7213439941406
 10
1643.977752685547
 20
-833.0157775878906
 10
1643.977752685547
 20
-833.0157775878906
 10
1643.977752685547
 20
-816.1051940917969
 10
1643.977752685547
 20
-816.1051940917969
 10
1662.937286376953
 20
-815.9568176269531
 10
1689.529693603516
 20
-816.5161437988281
 10
1708.406707763672
 20
-815.0716857910156
 10
1743.906524658203
 20
-812.3551940917969
 10
1782.857391357422
 20
-800.9020690917969
 10
1815.174713134766
 20
-785.7466125488281
 10
1815.183013916016
 20
-785.7427062988281
 10
1815.190338134766
 20
-785.7403259277344
 10
1815.198638916016
 20
-785.7365417480469
 10
1812.991546630859
 20
-781.8757629394531
 10
1808.957061767578
 20
-774.1125183105469
 10
1807.392852783203
 20
-770.9955139160156
 10
1833.390106201172
 20
-757.8342590332031
 10
1857.332733154297
 20
-742.5003967285156
 10
1879.210784912109
 20
-724.1491394042969
 10
1901.208282470703
 20
-705.6974182128906
 10
1920.436676025391
 20
-684.6933898925781
 10
1936.140899658203
 20
-660.1177062988281
 10
1931.456024169922
 20
-657.3249206542969
 10
1927.230499267578
 20
-654.8059997558594
 10
1922.548736572266
 20
-652.0151062011719
 10
1953.327484130859
 20
-603.2267761230469
 10
1973.830657958984
 20
-557.9681091308594
 10
1976.741058349609
 20
-499.5897521972656
 97
        0
 97
        0
 92
        1
 93
        1
 72
     4
 94
        3
 73
     0
 74
     1
 95
       80
 96
       76
 40
0.0
 40
0.0
 40
0.0
 40
0.0
 40
1.0
 40
1.0
 40
1.0
 40
2.0
 40
2.0
 40
2.0
 40
3.0
 40
3.0
 40
3.0
 40
4.0
 40
4.0
 40
4.0
 40
5.0
 40
5.0
 40
5.0
 40
6.0
 40
6.0
 40
6.0
 40
7.0
 40
7.0
 40
7.0
 40
8.0
 40
8.0
 40
8.0
 40
9.0
 40
9.0
 40
9.0
 40
10.0
 40
10.0
 40
10.0
 40
11.0
 40
11.0
 40
11.0
 40
12.0
 40
12.0
 40
12.0
 40
13.0
 40
13.0
 40
13.0
 40
14.0
 40
14.0
 40
14.0
 40
15.0
 40
15.0
 40
15.0
 40
16.0
 40
16.0
 40
16.0
 40
17.0
 40
17.0
 40
17.0
 40
18.0
 40
18.0
 40
18.0
 40
19.0
 40
19.0
 40
19.0
 40
20.0
 40
20.0
 40
20.0
 40
21.0
 40
21.0
 40
21.0
 40
22.0
 40
22.0
 40
22.0
 40
23.0
 40
23.0
 40
23.0
 40
24.0
 40
24.0
 40
24.0
 40
25.0
 40
25.0
 40
25.0
 40
25.0
 10
1854.267730712891
 20
-396.5497131347656
 10
1859.227752685547
 20
-391.3597106933594
 10
1863.377777099609
 20
-386.5997619628906
 10
1866.747772216797
 20
-382.2697448730469
 10
1868.677764892578
 20
-379.7097473144531
 10
1869.957733154297
 20
-377.5697326660156
 10
1870.587738037109
 20
-375.8597106933594
 10
1871.047760009766
 20
-374.6697082519531
 10
1871.267730712891
 20
-373.4397277832031
 10
1871.267730712891
 20
-372.1897277832031
 10
1871.267730712891
 20
-370.5397644042969
 10
1870.897735595703
 20
-369.0997619628906
 10
1870.157745361328
 20
-367.8697204589844
 10
1869.497772216797
 20
-366.7797546386719
 10
1868.497772216797
 20
-365.8297424316406
 10
1867.147735595703
 20
-365.0297546386719
 10
1867.147735595703
 20
-365.0297546386719
 10
1902.267730712891
 20
-344.8497619628906
 10
1902.267730712891
 20
-344.8497619628906
 10
1905.887725830078
 20
-347.2297668457031
 10
1908.657745361328
 20
-349.9497375488281
 10
1910.567779541016
 20
-353.0097351074219
 10
1912.737762451172
 20
-356.4497375488281
 10
1913.817779541016
 20
-360.1697082519531
 10
1913.817779541016
 20
-364.1597595214844
 10
1913.817779541016
 20
-366.7797546386719
 10
1913.507781982422
 20
-369.3697204589844
 10
1912.877777099609
 20
-371.9297180175781
 10
1912.247772216797
 20
-374.3797302246094
 10
1911.087738037109
 20
-377.2597351074219
 10
1909.377777099609
 20
-380.5597229003906
 10
1907.207733154297
 20
-384.6597595214844
 10
1904.537750244141
 20
-388.6997375488281
 10
1901.347747802734
 20
-392.6897277832031
 10
1896.617767333984
 20
-398.6697082519531
 10
1891.147735595703
 20
-404.8497619628906
 10
1884.937774658203
 20
-411.2297668457031
 10
1879.017730712891
 20
-417.2697448730469
 10
1871.897735595703
 20
-424.0397644042969
 10
1863.587738037109
 20
-431.5597229003906
 10
1863.587738037109
 20
-431.5597229003906
 10
1872.977752685547
 20
-431.6497497558594
 10
1872.977752685547
 20
-431.6497497558594
 10
1875.197723388672
 20
-431.6497497558594
 10
1879.597747802734
 20
-431.5897521972656
 10
1886.177764892578
 20
-431.4797668457031
 10
1892.757781982422
 20
-431.3597106933594
 10
1897.327728271484
 20
-431.2497253417969
 10
1899.887725830078
 20
-431.1397399902344
 10
1902.457733154297
 20
-431.0197448730469
 10
1905.617767333984
 20
-430.7697448730469
 10
1909.377777099609
 20
-430.3697204589844
 10
1909.207733154297
 20
-433.0997619628906
 10
1908.937774658203
 20
-436.5197448730469
 10
1908.567779541016
 20
-440.6197204589844
 10
1908.197723388672
 20
-444.7197570800781
 10
1907.807769775391
 20
-449.7297668457031
 10
1907.407745361328
 20
-455.6597595214844
 10
1893.227752685547
 20
-455.5397644042969
 10
1878.387725830078
 20
-455.4797668457031
 10
1862.897735595703
 20
-455.4797668457031
 10
1844.217742919922
 20
-455.4797668457031
 10
1828.407745361328
 20
-455.5397644042969
 10
1815.487762451172
 20
-455.6597595214844
 10
1815.707733154297
 20
-452.9797668457031
 10
1815.897735595703
 20
-449.4397277832031
 10
1816.037750244141
 20
-445.0297546386719
 10
1816.177764892578
 20
-440.6197204589844
 10
1816.367767333984
 20
-436.1097106933594
 10
1816.597747802734
 20
-431.4997253417969
 10
1822.517730712891
 20
-426.6597595214844
 10
1827.957733154297
 20
-421.9597473144531
 10
1832.907745361328
 20
-417.3997497558594
 10
1840.947723388672
 20
-409.9897155761719
 10
1848.057769775391
 20
-403.0397644042969
 10
1854.267730712891
 20
-396.5497131347656
 97
        0
 97
        0
 92
        1
 93
        1
 72
     4
 94
        3
 73
     0
 74
     1
 95
       95
 96
       91
 40
0.0
 40
0.0
 40
0.0
 40
0.0
 40
1.0
 40
1.0
 40
1.0
 40
2.0
 40
2.0
 40
2.0
 40
3.0
 40
3.0
 40
3.0
 40
4.0
 40
4.0
 40
4.0
 40
5.0
 40
5.0
 40
5.0
 40
6.0
 40
6.0
 40
6.0
 40
7.0
 40
7.0
 40
7.0
 40
8.0
 40
8.0
 40
8.0
 40
9.0
 40
9.0
 40
9.0
 40
10.0
 40
10.0
 40
10.0
 40
11.0
 40
11.0
 40
11.0
 40
12.0
 40
12.0
 40
12.0
 40
13.0
 40
13.0
 40
13.0
 40
14.0
 40
14.0
 40
14.0
 40
15.0
 40
15.0
 40
15.0
 40
16.0
 40
16.0
 40
16.0
 40
17.0
 40
17.0
 40
17.0
 40
18.0
 40
18.0
 40
18.0
 40
19.0
 40
19.0
 40
19.0
 40
20.0
 40
20.0
 40
20.0
 40
21.0
 40
21.0
 40
21.0
 40
22.0
 40
22.0
 40
22.0
 40
23.0
 40
23.0
 40
23.0
 40
24.0
 40
24.0
 40
24.0
 40
25.0
 40
25.0
 40
25.0
 40
26.0
 40
26.0
 40
26.0
 40
27.0
 40
27.0
 40
27.0
 40
28.0
 40
28.0
 40
28.0
 40
29.0
 40
29.0
 40
29.0
 40
30.0
 40
30.0
 40
30.0
 40
30.0
 10
1494.117767333984
 20
-228.8397521972656
 10
1497.017730712891
 20
-227.1897277832031
 10
1500.297760009766
 20
-225.2197570800781
 10
1503.957733154297
 20
-222.9397277832031
 10
1507.627777099609
 20
-220.6597595214844
 10
1509.867767333984
 20
-219.2297668457031
 10
1510.697723388672
 20
-218.6297302246094
 10
1511.517730712891
 20
-218.0297546386719
 10
1512.757781982422
 20
-217.0797424316406
 10
1514.407745361328
 20
-215.7597351074219
 10
1519.477752685547
 20
-215.8797302246094
 10
1525.327728271484
 20
-215.9397277832031
 10
1531.937774658203
 20
-215.9397277832031
 10
1538.217742919922
 20
-215.9397277832031
 10
1544.627777099609
 20
-215.8797302246094
 10
1551.187774658203
 20
-215.7597351074219
 10
1551.187774658203
 20
-215.7597351074219
 10
1549.477752685547
 20
-234.8197326660156
 10
1549.477752685547
 20
-234.8197326660156
 10
1549.477752685547
 20
-234.8197326660156
 10
1545.797760009766
 20
-298.0397644042969
 10
1545.797760009766
 20
-298.0397644042969
 10
1545.797760009766
 20
-298.0397644042969
 10
1544.947723388672
 20
-320.9297180175781
 10
1544.947723388672
 20
-320.9297180175781
 10
1544.947723388672
 20
-320.9297180175781
 10
1543.547760009766
 20
-318.5797424316406
 10
1543.547760009766
 20
-318.5797424316406
 10
1543.547760009766
 20
-318.5797424316406
 10
1542.197723388672
 20
-316.3197326660156
 10
1542.197723388672
 20
-316.3197326660156
 10
1542.197723388672
 20
-316.3197326660156
 10
1541.527740478516
 20
-315.1797180175781
 10
1541.527740478516
 20
-315.1797180175781
 10
1541.527740478516
 20
-315.1797180175781
 10
1532.877777099609
 20
-300.6797180175781
 10
1532.877777099609
 20
-300.6797180175781
 10
1532.877777099609
 20
-300.6797180175781
 10
1530.697723388672
 20
-297.0197448730469
 10
1530.697723388672
 20
-297.0197448730469
 10
1530.697723388672
 20
-297.0197448730469
 10
1528.107757568359
 20
-292.6597595214844
 10
1528.107757568359
 20
-292.6597595214844
 10
1528.107757568359
 20
-292.6597595214844
 10
1526.797760009766
 20
-290.4597473144531
 10
1526.797760009766
 20
-290.4597473144531
 10
1526.797760009766
 20
-290.4597473144531
 10
1520.157745361328
 20
-279.3197326660156
 10
1520.157745361328
 20
-279.3197326660156
 10
1520.157745361328
 20
-279.3197326660156
 10
1516.857757568359
 20
-273.7897644042969
 10
1516.857757568359
 20
-273.7897644042969
 10
1516.857757568359
 20
-273.7897644042969
 10
1515.147735595703
 20
-270.9097595214844
 10
1515.147735595703
 20
-270.9097595214844
 10
1515.147735595703
 20
-270.9097595214844
 10
1512.667755126953
 20
-266.7397155761719
 10
1512.667755126953
 20
-266.7397155761719
 10
1512.667755126953
 20
-266.7397155761719
 10
1511.237762451172
 20
-264.3397521972656
 10
1511.237762451172
 20
-264.3397521972656
 10
1511.567779541016
 20
-257.2397155761719
 10
1511.767730712891
 20
-251.5597229003906
 10
1511.857757568359
 20
-247.2897644042969
 10
1509.757781982422
 20
-248.5997619628906
 10
1507.707733154297
 20
-249.8997497558594
 10
1505.717742919922
 20
-251.1797180175781
 10
1505.277740478516
 20
-251.4597473144531
 10
1504.727752685547
 20
-251.8297424316406
 10
1504.057769775391
 20
-252.2897644042969
 10
1504.057769775391
 20
-252.2897644042969
 10
1502.007781982422
 20
-248.8597106933594
 10
1502.007781982422
 20
-248.8597106933594
 10
1502.007781982422
 20
-248.8597106933594
 10
1500.657745361328
 20
-246.5897521972656
 10
1500.657745361328
 20
-246.5897521972656
 10
1500.657745361328
 20
-246.5897521972656
 10
1497.097747802734
 20
-240.5997619628906
 10
1497.097747802734
 20
-240.5997619628906
 10
1497.097747802734
 20
-240.5997619628906
 10
1496.027740478516
 20
-238.8097229003906
 10
1496.027740478516
 20
-238.8097229003906
 10
1496.027740478516
 20
-238.8097229003906
 10
1494.577728271484
 20
-236.3697204589844
 10
1494.577728271484
 20
-236.3697204589844
 10
1494.577728271484
 20
-236.3697204589844
 10
1493.987762451172
 20
-235.3797302246094
 10
1493.987762451172
 20
-235.3797302246094
 10
1494.077728271484
 20
-232.6897277832031
 10
1494.117767333984
 20
-230.5097351074219
 10
1494.117767333984
 20
-228.8397521972656
 97
        0
 97
        0
 92
        1
 93
        1
 72
     4
 94
        3
 73
     0
 74
     1
 95
       95
 96
       91
 40
0.0
 40
0.0
 40
0.0
 40
0.0
 40
1.0
 40
1.0
 40
1.0
 40
2.0
 40
2.0
 40
2.0
 40
3.0
 40
3.0
 40
3.0
 40
4.0
 40
4.0
 40
4.0
 40
5.0
 40
5.0
 40
5.0
 40
6.0
 40
6.0
 40
6.0
 40
7.0
 40
7.0
 40
7.0
 40
8.0
 40
8.0
 40
8.0
 40
9.0
 40
9.0
 40
9.0
 40
10.0
 40
10.0
 40
10.0
 40
11.0
 40
11.0
 40
11.0
 40
12.0
 40
12.0
 40
12.0
 40
13.0
 40
13.0
 40
13.0
 40
14.0
 40
14.0
 40
14.0
 40
15.0
 40
15.0
 40
15.0
 40
16.0
 40
16.0
 40
16.0
 40
17.0
 40
17.0
 40
17.0
 40
18.0
 40
18.0
 40
18.0
 40
19.0
 40
19.0
 40
19.0
 40
20.0
 40
20.0
 40
20.0
 40
21.0
 40
21.0
 40
21.0
 40
22.0
 40
22.0
 40
22.0
 40
23.0
 40
23.0
 40
23.0
 40
24.0
 40
24.0
 40
24.0
 40
25.0
 40
25.0
 40
25.0
 40
26.0
 40
26.0
 40
26.0
 40
27.0
 40
27.0
 40
27.0
 40
28.0
 40
28.0
 40
28.0
 40
29.0
 40
29.0
 40
29.0
 40
30.0
 40
30.0
 40
30.0
 40
30.0
 10
1449.997772216797
 20
-328.4697570800781
 10
1454.547760009766
 20
-322.7197570800781
 10
1460.277740478516
 20
-318.4597473144531
 10
1467.167755126953
 20
-315.6997375488281
 10
1474.057769775391
 20
-312.9397277832031
 10
1481.347747802734
 20
-311.5597229003906
 10
1489.037750244141
 20
-311.5597229003906
 10
1498.207733154297
 20
-311.5597229003906
 10
1506.477752685547
 20
-313.3497619628906
 10
1513.857757568359
 20
-316.9397277832031
 10
1521.227752685547
 20
-320.5297546386719
 10
1526.987762451172
 20
-326.6597595214844
 10
1531.117767333984
 20
-335.3497619628906
 10
1535.237762451172
 20
-344.0397644042969
 10
1537.307769775391
 20
-354.2697448730469
 10
1537.307769775391
 20
-366.0597229003906
 10
1537.307769775391
 20
-375.2897644042969
 10
1536.037750244141
 20
-384.4297180175781
 10
1533.507781982422
 20
-393.4897155761719
 10
1530.967742919922
 20
-402.5397644042969
 10
1527.527740478516
 20
-409.8197326660156
 10
1523.167755126953
 20
-415.3197326660156
 10
1520.047760009766
 20
-419.2397155761719
 10
1516.227752685547
 20
-422.5397644042969
 10
1511.707733154297
 20
-425.1997375488281
 10
1511.707733154297
 20
-425.1997375488281
 10
1482.837738037109
 20
-407.3897399902344
 10
1482.837738037109
 20
-407.3897399902344
 10
1483.387725830078
 20
-407.4597473144531
 10
1483.937774658203
 20
-407.4997253417969
 10
1484.507781982422
 20
-407.4997253417969
 10
1486.217742919922
 20
-407.4997253417969
 10
1487.887725830078
 20
-407.1297302246094
 10
1489.507781982422
 20
-406.3897399902344
 10
1491.127777099609
 20
-405.6497497558594
 10
1492.837738037109
 20
-404.1697082519531
 10
1494.627777099609
 20
-401.9397277832031
 10
1496.427764892578
 20
-399.7197570800781
 10
1498.007781982422
 20
-396.5297546386719
 10
1499.377777099609
 20
-392.3797302246094
 10
1500.737762451172
 20
-388.2197570800781
 10
1501.737762451172
 20
-383.8797302246094
 10
1502.367767333984
 20
-379.3497619628906
 10
1502.987762451172
 20
-374.8197326660156
 10
1503.307769775391
 20
-370.2197570800781
 10
1503.307769775391
 20
-365.5497131347656
 10
1503.307769775391
 20
-355.8697204589844
 10
1501.967742919922
 20
-348.6597595214844
 10
1499.287750244141
 20
-343.9297180175781
 10
1496.607757568359
 20
-339.2097473144531
 10
1492.997772216797
 20
-336.8397521972656
 10
1488.437774658203
 20
-336.8397521972656
 10
1485.757781982422
 20
-336.8397521972656
 10
1483.367767333984
 20
-337.6397399902344
 10
1481.257781982422
 20
-339.2397155761719
 10
1478.697723388672
 20
-341.1697082519531
 10
1476.677764892578
 20
-343.8197326660156
 10
1475.197723388672
 20
-347.1797180175781
 10
1473.377777099609
 20
-351.2297668457031
 10
1472.007781982422
 20
-355.8697204589844
 10
1471.097747802734
 20
-361.1097106933594
 10
1470.067779541016
 20
-366.8597106933594
 10
1469.557769775391
 20
-373.1797180175781
 10
1469.557769775391
 20
-380.0697326660156
 10
1469.557769775391
 20
-386.1097106933594
 10
1470.127777099609
 20
-391.1097106933594
 10
1471.267730712891
 20
-395.0697326660156
 10
1472.117767333984
 20
-398.0297546386719
 10
1473.287750244141
 20
-400.4797668457031
 10
1474.797760009766
 20
-402.4297180175781
 10
1474.797760009766
 20
-402.4297180175781
 10
1456.917755126953
 20
-391.3997497558594
 10
1456.917755126953
 20
-391.3997497558594
 10
1456.917755126953
 20
-391.3997497558594
 10
1454.677764892578
 20
-390.0197448730469
 10
1454.677764892578
 20
-390.0197448730469
 10
1454.677764892578
 20
-390.0197448730469
 10
1453.547760009766
 20
-389.3197326660156
 10
1453.547760009766
 20
-389.3197326660156
 10
1453.547760009766
 20
-389.3197326660156
 10
1439.187774658203
 20
-380.4597473144531
 10
1439.187774658203
 20
-380.4597473144531
 10
1439.187774658203
 20
-380.4597473144531
 10
1435.557769775391
 20
-378.2197570800781
 10
1435.557769775391
 20
-378.2197570800781
 10
1435.597747802734
 20
-368.9097595214844
 10
1436.857757568359
 20
-359.7497253417969
 10
1439.357757568359
 20
-350.7697448730469
 10
1441.887725830078
 20
-341.6597595214844
 10
1445.437774658203
 20
-334.2197570800781
 10
1449.997772216797
 20
-328.4697570800781
 97
        0
 97
        0
 92
        1
 93
        1
 72
     4
 94
        3
 73
     0
 74
     1
 95
       65
 96
       61
 40
0.0
 40
0.0
 40
0.0
 40
0.0
 40
1.0
 40
1.0
 40
1.0
 40
2.0
 40
2.0
 40
2.0
 40
3.0
 40
3.0
 40
3.0
 40
4.0
 40
4.0
 40
4.0
 40
5.0
 40
5.0
 40
5.0
 40
6.0
 40
6.0
 40
6.0
 40
7.0
 40
7.0
 40
7.0
 40
8.0
 40
8.0
 40
8.0
 40
9.0
 40
9.0
 40
9.0
 40
10.0
 40
10.0
 40
10.0
 40
11.0
 40
11.0
 40
11.0
 40
12.0
 40
12.0
 40
12.0
 40
13.0
 40
13.0
 40
13.0
 40
14.0
 40
14.0
 40
14.0
 40
15.0
 40
15.0
 40
15.0
 40
16.0
 40
16.0
 40
16.0
 40
17.0
 40
17.0
 40
17.0
 40
18.0
 40
18.0
 40
18.0
 40
19.0
 40
19.0
 40
19.0
 40
20.0
 40
20.0
 40
20.0
 40
20.0
 10
1378.057769775391
 20
-339.3397521972656
 10
1378.337738037109
 20
-332.8197326660156
 10
1378.477752685547
 20
-328.0197448730469
 10
1378.477752685547
 20
-324.9397277832031
 10
1381.377777099609
 20
-323.2897644042969
 10
1384.657745361328
 20
-321.3297424316406
 10
1388.327728271484
 20
-319.0497131347656
 10
1391.987762451172
 20
-316.7697448730469
 10
1394.237762451172
 20
-315.3297424316406
 10
1395.057769775391
 20
-314.7297668457031
 10
1395.877777099609
 20
-314.1297302246094
 10
1397.117767333984
 20
-313.1797180175781
 10
1398.767730712891
 20
-311.8697204589844
 10
1403.847747802734
 20
-311.9797668457031
 10
1409.687774658203
 20
-312.0397644042969
 10
1416.307769775391
 20
-312.0397644042969
 10
1422.577728271484
 20
-312.0397644042969
 10
1428.997772216797
 20
-311.9797668457031
 10
1435.557769775391
 20
-311.8697204589844
 10
1435.557769775391
 20
-311.8697204589844
 10
1433.847747802734
 20
-330.9197082519531
 10
1433.847747802734
 20
-330.9197082519531
 10
1433.847747802734
 20
-330.9197082519531
 10
1431.237762451172
 20
-375.5497131347656
 10
1431.237762451172
 20
-375.5497131347656
 10
1431.237762451172
 20
-375.5497131347656
 10
1429.067779541016
 20
-374.2097473144531
 10
1429.067779541016
 20
-374.2097473144531
 10
1429.067779541016
 20
-374.2097473144531
 10
1412.557769775391
 20
-364.0197448730469
 10
1412.557769775391
 20
-364.0197448730469
 10
1412.557769775391
 20
-364.0197448730469
 10
1409.697723388672
 20
-362.2497253417969
 10
1409.697723388672
 20
-362.2497253417969
 10
1409.697723388672
 20
-362.2497253417969
 10
1405.577728271484
 20
-359.7097473144531
 10
1405.577728271484
 20
-359.7097473144531
 10
1405.577728271484
 20
-359.7097473144531
 10
1395.887725830078
 20
-353.7297668457031
 10
1395.887725830078
 20
-353.7297668457031
 10
1396.057769775391
 20
-349.6597595214844
 10
1396.167755126953
 20
-346.2097473144531
 10
1396.217742919922
 20
-343.3897399902344
 10
1394.117767333984
 20
-344.7097473144531
 10
1392.067779541016
 20
-345.9997253417969
 10
1390.077728271484
 20
-347.2797546386719
 10
1389.517730712891
 20
-347.6397399902344
 10
1388.787750244141
 20
-348.1297302246094
 10
1387.867767333984
 20
-348.7697448730469
 10
1387.867767333984
 20
-348.7697448730469
 10
1385.617767333984
 20
-347.3797302246094
 10
1385.617767333984
 20
-347.3797302246094
 10
1385.617767333984
 20
-347.3797302246094
 10
1379.687774658203
 20
-343.7197570800781
 10
1379.687774658203
 20
-343.7197570800781
 10
1379.687774658203
 20
-343.7197570800781
 10
1377.907745361328
 20
-342.6197204589844
 10
1377.907745361328
 20
-342.6197204589844
 10
1377.957733154297
 20
-341.5497131347656
 10
1378.007781982422
 20
-340.4597473144531
 10
1378.057769775391
 20
-339.3397521972656
 97
        0
 97
        0
 92
        1
 93
        1
 72
     4
 94
        3
 73
     0
 74
     1
 95
      119
 96
      115
 40
0.0
 40
0.0
 40
0.0
 40
0.0
 40
1.0
 40
1.0
 40
1.0
 40
2.0
 40
2.0
 40
2.0
 40
3.0
 40
3.0
 40
3.0
 40
4.0
 40
4.0
 40
4.0
 40
5.0
 40
5.0
 40
5.0
 40
6.0
 40
6.0
 40
6.0
 40
7.0
 40
7.0
 40
7.0
 40
8.0
 40
8.0
 40
8.0
 40
9.0
 40
9.0
 40
9.0
 40
10.0
 40
10.0
 40
10.0
 40
11.0
 40
11.0
 40
11.0
 40
12.0
 40
12.0
 40
12.0
 40
13.0
 40
13.0
 40
13.0
 40
14.0
 40
14.0
 40
14.0
 40
15.0
 40
15.0
 40
15.0
 40
16.0
 40
16.0
 40
16.0
 40
17.0
 40
17.0
 40
17.0
 40
18.0
 40
18.0
 40
18.0
 40
19.0
 40
19.0
 40
19.0
 40
20.0
 40
20.0
 40
20.0
 40
21.0
 40
21.0
 40
21.0
 40
22.0
 40
22.0
 40
22.0
 40
23.0
 40
23.0
 40
23.0
 40
24.0
 40
24.0
 40
24.0
 40
25.0
 40
25.0
 40
25.0
 40
26.0
 40
26.0
 40
26.0
 40
27.0
 40
27.0
 40
27.0
 40
28.0
 40
28.0
 40
28.0
 40
29.0
 40
29.0
 40
29.0
 40
30.0
 40
30.0
 40
30.0
 40
31.0
 40
31.0
 40
31.0
 40
32.0
 40
32.0
 40
32.0
 40
33.0
 40
33.0
 40
33.0
 40
34.0
 40
34.0
 40
34.0
 40
35.0
 40
35.0
 40
35.0
 40
36.0
 40
36.0
 40
36.0
 40
37.0
 40
37.0
 40
37.0
 40
38.0
 40
38.0
 40
38.0
 40
38.0
 10
1367.987762451172
 20
-494.2897644042969
 10
1364.227752685547
 20
-494.2897644042969
 10
1360.137725830078
 20
-493.5697326660156
 10
1355.727752685547
 20
-492.1497497558594
 10
1351.307769775391
 20
-490.7297668457031
 10
1347.407745361328
 20
-488.5797424316406
 10
1344.017730712891
 20
-485.6997375488281
 10
1340.637725830078
 20
-482.8197326660156
 10
1338.057769775391
 20
-479.1197204589844
 10
1336.287750244141
 20
-474.5897521972656
 10
1334.527740478516
 20
-470.0597229003906
 10
1333.637725830078
 20
-465.2997131347656
 10
1333.637725830078
 20
-460.2797546386719
 10
1333.637725830078
 20
-453.5597229003906
 10
1335.127777099609
 20
-447.2397155761719
 10
1338.087738037109
 20
-441.3197326660156
 10
1341.047760009766
 20
-435.3897399902344
 10
1345.187774658203
 20
-430.5397644042969
 10
1350.517730712891
 20
-426.7497253417969
 10
1355.837738037109
 20
-422.9597473144531
 10
1361.647735595703
 20
-420.2897644042969
 10
1367.947723388672
 20
-418.7197570800781
 10
1374.237762451172
 20
-417.1497497558594
 10
1381.027740478516
 20
-416.3697204589844
 10
1388.317779541016
 20
-416.3697204589844
 10
1395.037750244141
 20
-416.3697204589844
 10
1401.507781982422
 20
-417.2497253417969
 10
1407.717742919922
 20
-419.0197448730469
 10
1413.917755126953
 20
-420.7797546386719
 10
1419.007781982422
 20
-423.4897155761719
 10
1422.967742919922
 20
-427.1297302246094
 10
1426.917755126953
 20
-430.7797546386719
 10
1429.867767333984
 20
-435.1497497558594
 10
1431.807769775391
 20
-440.2497253417969
 10
1433.737762451172
 20
-445.3497619628906
 10
1434.707733154297
 20
-450.2597351074219
 10
1434.707733154297
 20
-454.9897155761719
 10
1434.707733154297
 20
-458.3497619628906
 10
1434.307769775391
 20
-462.1097106933594
 10
1433.517730712891
 20
-466.2597351074219
 10
1432.717742919922
 20
-470.4197082519531
 10
1431.447723388672
 20
-474.8097229003906
 10
1429.717742919922
 20
-479.4197082519531
 10
1427.977752685547
 20
-484.0297546386719
 10
1425.567779541016
 20
-489.2897644042969
 10
1422.497772216797
 20
-495.1797180175781
 10
1421.777740478516
 20
-496.5597229003906
 10
1421.027740478516
 20
-497.9497375488281
 10
1420.247772216797
 20
-499.3397521972656
 10
1420.247772216797
 20
-499.3397521972656
 10
1410.367767333984
 20
-499.3397521972656
 10
1410.367767333984
 20
-499.3397521972656
 10
1410.367767333984
 20
-499.3397521972656
 10
1409.707733154297
 20
-499.3297424316406
 10
1409.707733154297
 20
-499.3297424316406
 10
1409.707733154297
 20
-499.3297424316406
 10
1390.417755126953
 20
-499.3297424316406
 10
1390.417755126953
 20
-499.3297424316406
 10
1390.417755126953
 20
-499.3297424316406
 10
1387.277740478516
 20
-499.3197326660156
 10
1387.277740478516
 20
-499.3197326660156
 10
1387.277740478516
 20
-499.3197326660156
 10
1385.747772216797
 20
-499.3197326660156
 10
1385.747772216797
 20
-499.3197326660156
 10
1385.747772216797
 20
-499.3197326660156
 10
1384.437774658203
 20
-499.3297424316406
 10
1384.437774658203
 20
-499.3297424316406
 10
1384.437774658203
 20
-499.3297424316406
 10
1379.377777099609
 20
-499.3297424316406
 10
1379.377777099609
 20
-499.3297424316406
 10
1383.727752685547
 20
-493.0997619628906
 10
1387.047760009766
 20
-487.9797668457031
 10
1389.347747802734
 20
-483.9497375488281
 10
1391.677764892578
 20
-479.8497619628906
 10
1393.577728271484
 20
-475.9697570800781
 10
1395.027740478516
 20
-472.3297424316406
 10
1396.477752685547
 20
-468.6797180175781
 10
1397.447723388672
 20
-465.7197570800781
 10
1397.927764892578
 20
-463.4397277832031
 10
1398.417755126953
 20
-461.1697082519531
 10
1398.657745361328
 20
-458.9197082519531
 10
1398.657745361328
 20
-456.6897277832031
 10
1398.657745361328
 20
-453.6797180175781
 10
1398.127777099609
 20
-450.9797668457031
 10
1397.077728271484
 20
-448.6197204589844
 10
1396.017730712891
 20
-446.2597351074219
 10
1394.417755126953
 20
-444.4797668457031
 10
1392.247772216797
 20
-443.2797546386719
 10
1390.087738037109
 20
-442.0897521972656
 10
1387.687774658203
 20
-441.4897155761719
 10
1385.077728271484
 20
-441.4897155761719
 10
1380.627777099609
 20
-441.4897155761719
 10
1376.857757568359
 20
-442.9297180175781
 10
1373.757781982422
 20
-445.7997131347656
 10
1370.647735595703
 20
-448.6797180175781
 10
1369.097747802734
 20
-452.4797668457031
 10
1369.097747802734
 20
-457.2097473144531
 10
1369.097747802734
 20
-459.9397277832031
 10
1369.697723388672
 20
-462.2897644042969
 10
1370.887725830078
 20
-464.2597351074219
 10
1372.087738037109
 20
-466.2197570800781
 10
1373.847747802734
 20
-467.7297668457031
 10
1376.187774658203
 20
-468.7797546386719
 10
1378.527740478516
 20
-469.8397521972656
 10
1380.887725830078
 20
-470.3597106933594
 10
1383.277740478516
 20
-470.3597106933594
 10
1384.757781982422
 20
-470.3597106933594
 10
1386.837738037109
 20
-470.0497131347656
 10
1389.517730712891
 20
-469.4197082519531
 10
1384.047760009766
 20
-477.1097106933594
 10
1378.527740478516
 20
-485.2597351074219
 10
1372.937774658203
 20
-493.8597106933594
 10
1371.007781982422
 20
-494.1397399902344
 10
1369.357757568359
 20
-494.2897644042969
 10
1367.987762451172
 20
-494.2897644042969
 97
        0
 97
        0
 92
        1
 93
        1
 72
     4
 94
        3
 73
     0
 74
     1
 95
      242
 96
      238
 40
0.0
 40
0.0
 40
0.0
 40
0.0
 40
1.0
 40
1.0
 40
1.0
 40
2.0
 40
2.0
 40
2.0
 40
3.0
 40
3.0
 40
3.0
 40
4.0
 40
4.0
 40
4.0
 40
5.0
 40
5.0
 40
5.0
 40
6.0
 40
6.0
 40
6.0
 40
7.0
 40
7.0
 40
7.0
 40
8.0
 40
8.0
 40
8.0
 40
9.0
 40
9.0
 40
9.0
 40
10.0
 40
10.0
 40
10.0
 40
11.0
 40
11.0
 40
11.0
 40
12.0
 40
12.0
 40
12.0
 40
13.0
 40
13.0
 40
13.0
 40
14.0
 40
14.0
 40
14.0
 40
15.0
 40
15.0
 40
15.0
 40
16.0
 40
16.0
 40
16.0
 40
17.0
 40
17.0
 40
17.0
 40
18.0
 40
18.0
 40
18.0
 40
19.0
 40
19.0
 40
19.0
 40
20.0
 40
20.0
 40
20.0
 40
21.0
 40
21.0
 40
21.0
 40
22.0
 40
22.0
 40
22.0
 40
23.0
 40
23.0
 40
23.0
 40
24.0
 40
24.0
 40
24.0
 40
25.0
 40
25.0
 40
25.0
 40
26.0
 40
26.0
 40
26.0
 40
27.0
 40
27.0
 40
27.0
 40
28.0
 40
28.0
 40
28.0
 40
29.0
 40
29.0
 40
29.0
 40
30.0
 40
30.0
 40
30.0
 40
31.0
 40
31.0
 40
31.0
 40
32.0
 40
32.0
 40
32.0
 40
33.0
 40
33.0
 40
33.0
 40
34.0
 40
34.0
 40
34.0
 40
35.0
 40
35.0
 40
35.0
 40
36.0
 40
36.0
 40
36.0
 40
37.0
 40
37.0
 40
37.0
 40
38.0
 40
38.0
 40
38.0
 40
39.0
 40
39.0
 40
39.0
 40
40.0
 40
40.0
 40
40.0
 40
41.0
 40
41.0
 40
41.0
 40
42.0
 40
42.0
 40
42.0
 40
43.0
 40
43.0
 40
43.0
 40
44.0
 40
44.0
 40
44.0
 40
45.0
 40
45.0
 40
45.0
 40
46.0
 40
46.0
 40
46.0
 40
47.0
 40
47.0
 40
47.0
 40
48.0
 40
48.0
 40
48.0
 40
49.0
 40
49.0
 40
49.0
 40
50.0
 40
50.0
 40
50.0
 40
51.0
 40
51.0
 40
51.0
 40
52.0
 40
52.0
 40
52.0
 40
53.0
 40
53.0
 40
53.0
 40
54.0
 40
54.0
 40
54.0
 40
55.0
 40
55.0
 40
55.0
 40
56.0
 40
56.0
 40
56.0
 40
57.0
 40
57.0
 40
57.0
 40
58.0
 40
58.0
 40
58.0
 40
59.0
 40
59.0
 40
59.0
 40
60.0
 40
60.0
 40
60.0
 40
61.0
 40
61.0
 40
61.0
 40
62.0
 40
62.0
 40
62.0
 40
63.0
 40
63.0
 40
63.0
 40
64.0
 40
64.0
 40
64.0
 40
65.0
 40
65.0
 40
65.0
 40
66.0
 40
66.0
 40
66.0
 40
67.0
 40
67.0
 40
67.0
 40
68.0
 40
68.0
 40
68.0
 40
69.0
 40
69.0
 40
69.0
 40
70.0
 40
70.0
 40
70.0
 40
71.0
 40
71.0
 40
71.0
 40
72.0
 40
72.0
 40
72.0
 40
73.0
 40
73.0
 40
73.0
 40
74.0
 40
74.0
 40
74.0
 40
75.0
 40
75.0
 40
75.0
 40
76.0
 40
76.0
 40
76.0
 40
77.0
 40
77.0
 40
77.0
 40
78.0
 40
78.0
 40
78.0
 40
79.0
 40
79.0
 40
79.0
 40
79.0
 10
1461.147735595703
 20
-612.9097595214844
 10
1461.147735595703
 20
-612.9097595214844
 10
1460.547760009766
 20
-613.1897277832031
 10
1460.547760009766
 20
-613.1897277832031
 10
1460.547760009766
 20
-613.1897277832031
 10
1457.997772216797
 20
-614.4097595214844
 10
1457.997772216797
 20
-614.4097595214844
 10
1457.997772216797
 20
-614.4097595214844
 10
1456.107757568359
 20
-615.3097229003906
 10
1456.107757568359
 20
-615.3097229003906
 10
1456.107757568359
 20
-615.3097229003906
 10
1449.817779541016
 20
-618.3197326660156
 10
1449.817779541016
 20
-618.3197326660156
 10
1449.817779541016
 20
-618.3197326660156
 10
1447.437774658203
 20
-619.4597473144531
 10
1447.437774658203
 20
-619.4597473144531
 10
1447.437774658203
 20
-619.4597473144531
 10
1444.257781982422
 20
-620.9797668457031
 10
1444.257781982422
 20
-620.9797668457031
 10
1444.257781982422
 20
-620.9797668457031
 10
1443.827728271484
 20
-621.1797180175781
 10
1443.827728271484
 20
-621.1797180175781
 10
1443.827728271484
 20
-621.1797180175781
 10
1443.147735595703
 20
-621.5097351074219
 10
1443.147735595703
 20
-621.5097351074219
 10
1443.147735595703
 20
-621.5097351074219
 10
1440.307769775391
 20
-622.8597106933594
 10
1440.307769775391
 20
-622.8597106933594
 10
1440.307769775391
 20
-622.8597106933594
 10
1438.927764892578
 20
-623.5197448730469
 10
1438.927764892578
 20
-623.5197448730469
 10
1438.927764892578
 20
-623.5197448730469
 10
1437.747772216797
 20
-624.0897521972656
 10
1437.747772216797
 20
-624.0897521972656
 10
1437.757781982422
 20
-623.9397277832031
 10
1437.757781982422
 20
-623.7797546386719
 10
1437.757781982422
 20
-623.6297302246094
 10
1437.757781982422
 20
-619.7597351074219
 10
1436.437774658203
 20
-616.7397155761719
 10
1433.787750244141
 20
-614.5797424316406
 10
1431.137725830078
 20
-612.4097595214844
 10
1427.447723388672
 20
-611.3297424316406
 10
1422.727752685547
 20
-611.3297424316406
 10
1417.597747802734
 20
-611.3297424316406
 10
1413.597747802734
 20
-612.6297302246094
 10
1410.717742919922
 20
-615.2197570800781
 10
1407.847747802734
 20
-617.8097229003906
 10
1406.407745361328
 20
-621.1497497558594
 10
1406.407745361328
 20
-625.2597351074219
 10
1406.407745361328
 20
-627.6497497558594
 10
1407.047760009766
 20
-629.8697204589844
 10
1408.327728271484
 20
-631.9197082519531
 10
1409.407745361328
 20
-633.6497497558594
 10
1410.887725830078
 20
-635.0197448730469
 10
1412.777740478516
 20
-636.0297546386719
 10
1412.777740478516
 20
-636.0297546386719
 10
1404.467742919922
 20
-639.9997253417969
 10
1404.467742919922
 20
-639.9997253417969
 10
1404.467742919922
 20
-639.9997253417969
 10
1403.737762451172
 20
-640.3397521972656
 10
1403.737762451172
 20
-640.3397521972656
 10
1403.737762451172
 20
-640.3397521972656
 10
1401.437774658203
 20
-641.4497375488281
 10
1401.437774658203
 20
-641.4497375488281
 10
1401.437774658203
 20
-641.4497375488281
 10
1396.857757568359
 20
-643.6297302246094
 10
1396.857757568359
 20
-643.6297302246094
 10
1396.857757568359
 20
-643.6297302246094
 10
1393.017730712891
 20
-645.4697570800781
 10
1393.017730712891
 20
-645.4697570800781
 10
1393.017730712891
 20
-645.4697570800781
 10
1381.707733154297
 20
-650.8797302246094
 10
1381.707733154297
 20
-650.8797302246094
 10
1379.067779541016
 20
-648.6197204589844
 10
1377.017730712891
 20
-646.1197204589844
 10
1375.567779541016
 20
-643.3697204589844
 10
1373.457733154297
 20
-639.3797302246094
 10
1372.407745361328
 20
-634.8497619628906
 10
1372.407745361328
 20
-629.7797546386719
 10
1372.407745361328
 20
-626.8197326660156
 10
1372.787750244141
 20
-623.9497375488281
 10
1373.557769775391
 20
-621.1497497558594
 10
1374.327728271484
 20
-618.3597106933594
 10
1375.487762451172
 20
-615.7297668457031
 10
1377.057769775391
 20
-613.2497253417969
 10
1378.627777099609
 20
-610.7697448730469
 10
1380.437774658203
 20
-608.6997375488281
 10
1382.487762451172
 20
-607.0197448730469
 10
1384.537750244141
 20
-605.3397521972656
 10
1386.537750244141
 20
-604.0297546386719
 10
1388.507781982422
 20
-603.0897521972656
 10
1390.467742919922
 20
-602.1497497558594
 10
1393.247772216797
 20
-601.0797424316406
 10
1396.837738037109
 20
-599.8797302246094
 10
1393.537750244141
 20
-598.2897644042969
 10
1391.097747802734
 20
-596.9297180175781
 10
1389.527740478516
 20
-595.8197326660156
 10
1387.967742919922
 20
-594.7097473144531
 10
1386.457733154297
 20
-593.3597106933594
 10
1385.007781982422
 20
-591.7697448730469
 10
1383.547760009766
 20
-590.1697082519531
 10
1382.337738037109
 20
-588.4097595214844
 10
1381.377777099609
 20
-586.4697570800781
 10
1380.407745361328
 20
-584.5297546386719
 10
1379.717742919922
 20
-582.5397644042969
 10
1379.317779541016
 20
-580.4897155761719
 10
1378.927764892578
 20
-578.4397277832031
 10
1378.727752685547
 20
-576.3897399902344
 10
1378.727752685547
 20
-574.3397521972656
 10
1378.727752685547
 20
-568.8097229003906
 10
1379.977752685547
 20
-563.8297424316406
 10
1382.487762451172
 20
-559.3897399902344
 10
1384.987762451172
 20
-554.9397277832031
 10
1388.687774658203
 20
-551.2797546386719
 10
1393.587738037109
 20
-548.4097595214844
 10
1398.487762451172
 20
-545.5297546386719
 10
1403.727752685547
 20
-543.5497131347656
 10
1409.307769775391
 20
-542.4697570800781
 10
1414.887725830078
 20
-541.3897399902344
 10
1420.757781982422
 20
-540.8497619628906
 10
1426.907745361328
 20
-540.8497619628906
 10
1432.777740478516
 20
-540.8497619628906
 10
1438.447723388672
 20
-541.5197448730469
 10
1443.907745361328
 20
-542.8497619628906
 10
1449.377777099609
 20
-544.1897277832031
 10
1454.067779541016
 20
-546.2897644042969
 10
1457.967742919922
 20
-549.1297302246094
 10
1461.867767333984
 20
-551.9797668457031
 10
1464.727752685547
 20
-555.2397155761719
 10
1466.547760009766
 20
-558.9197082519531
 10
1468.377777099609
 20
-562.5897521972656
 10
1469.287750244141
 20
-566.9897155761719
 10
1469.287750244141
 20
-572.1197204589844
 10
1469.287750244141
 20
-574.5697326660156
 10
1469.037750244141
 20
-576.9297180175781
 10
1468.557769775391
 20
-579.2097473144531
 10
1468.077728271484
 20
-581.4897155761719
 10
1467.317779541016
 20
-583.5797424316406
 10
1466.297760009766
 20
-585.4897155761719
 10
1465.267730712891
 20
-587.3897399902344
 10
1464.017730712891
 20
-589.1497497558594
 10
1462.537750244141
 20
-590.7397155761719
 10
1462.257476806641
 20
-591.0427551269531
 10
1461.970916748047
 20
-591.3310852050781
 10
1461.684234619141
 20
-591.6191711425781
 10
1461.461151123047
 20
-591.5857849121094
 10
1461.240692138672
 20
-591.5452575683594
 10
1461.006683349609
 20
-591.5408020019531
 10
1459.899871826172
 20
-591.5196228027344
 10
1458.806976318359
 20
-591.4256286621094
 10
1457.705902099609
 20
-591.3255920410156
 10
1457.679534912109
 20
-591.3209533691406
 10
1457.659881591797
 20
-591.3172912597656
 10
1457.629974365234
 20
-591.3121032714844
 10
1457.371307373047
 20
-591.2669982910156
 10
1457.111968994141
 20
-591.2260437011719
 10
1456.853729248047
 20
-591.1783752441406
 10
1456.337310791016
 20
-591.0830993652344
 10
1455.823028564453
 20
-590.9753112792969
 10
1455.311614990234
 20
-590.8561096191406
 10
1454.224456787109
 20
-590.6026916503906
 10
1453.150238037109
 20
-590.2936096191406
 10
1452.093475341797
 20
-589.9339904785156
 10
1451.533355712891
 20
-589.7433166503906
 10
1450.981292724609
 20
-589.5340881347656
 10
1450.429840087891
 20
-589.3199768066406
 10
1450.378265380859
 20
-589.2999572753906
 10
1450.340301513672
 20
-589.2859191894531
 10
1450.302886962891
 20
-589.2720642089844
 10
1450.076080322266
 20
-589.1763000488281
 10
1449.852081298828
 20
-589.0589904785156
 10
1449.637481689453
 20
-588.9573059082031
 10
1447.602874755859
 20
-587.9930114746094
 10
1445.751800537109
 20
-586.7971496582031
 10
1443.904998779297
 20
-585.5206604003906
 10
1443.726348876953
 20
-585.3731384277344
 10
1443.544342041016
 20
-585.2293395996094
 10
1443.366668701172
 20
-585.0805358886719
 10
1442.913726806641
 20
-584.7012023925781
 10
1442.470489501953
 20
-584.3103332519531
 10
1442.038604736328
 20
-583.9072570800781
 10
1441.173614501953
 20
-583.1000671386719
 10
1440.241269742272
 20
-582.3085149563121
 10
1439.356429156134
 20
-581.5235757266728
 10
1438.672605626723
 20
-580.9169580796133
 10
1438.110105626723
 20
-580.6301933737304
 10
1437.313262939453
 20
-580.0563659667969
 10
1437.774566650391
 20
-578.7232360839844
 10
1438.017730712891
 20
-577.2757263183594
 10
1438.017730712891
 20
-575.6997375488281
 10
1438.017730712891
 20
-572.2897644042969
 10
1436.837738037109
 20
-569.5497131347656
 10
1434.467742919922
 20
-567.4997253417969
 10
1432.107757568359
 20
-565.4497375488281
 10
1428.907745361328
 20
-564.4297180175781
 10
1424.857757568359
 20
-564.4297180175781
 10
1420.357757568359
 20
-564.4297180175781
 10
1416.797760009766
 20
-565.6797180175781
 10
1414.177764892578
 20
-568.1897277832031
 10
1411.557769775391
 20
-570.6897277832031
 10
1410.247772216797
 20
-573.7697448730469
 10
1410.247772216797
 20
-577.4097595214844
 10
1410.247772216797
 20
-579.5797424316406
 10
1410.817779541016
 20
-581.5697326660156
 10
1411.957733154297
 20
-583.3897399902344
 10
1413.097747802734
 20
-585.2197570800781
 10
1414.697723388672
 20
-586.5697326660156
 10
1416.747772216797
 20
-587.4497375488281
 10
1418.797760009766
 20
-588.3397521972656
 10
1421.017730712891
 20
-588.7797546386719
 10
1423.407745361328
 20
-588.7797546386719
 10
1426.480682373047
 20
-588.7797546386719
 10
1429.174407958984
 20
-588.1148986816406
 10
1431.498321533203
 20
-586.7903747558594
 10
1431.735015869141
 20
-587.3628234863281
 10
1432.070343017578
 20
-587.9145812988281
 10
1432.512176513672
 20
-588.4222106933594
 10
1437.058990478516
 20
-593.6461486816406
 10
1443.055633544922
 20
-597.4667053222656
 10
1449.608123779297
 20
-599.5990905761719
 10
1449.587310791016
 20
-599.6095275878906
 10
1449.568634033203
 20
-599.6192932128906
 10
1449.547760009766
 20
-599.6297302246094
 10
1453.197723388672
 20
-600.6497497558594
 10
1455.987762451172
 20
-601.5797424316406
 10
1457.917755126953
 20
-602.3997497558594
 10
1459.857757568359
 20
-603.2297668457031
 10
1461.727752685547
 20
-604.3697204589844
 10
1463.517730712891
 20
-605.8197326660156
 10
1464.997772216797
 20
-607.0097351074219
 10
1466.287750244141
 20
-608.3797302246094
 10
1467.417755126953
 20
-609.9197082519531
 10
1467.417755126953
 20
-609.9197082519531
 10
1461.597747802734
 20
-612.6997375488281
 10
1461.597747802734
 20
-612.6997375488281
 10
1461.597747802734
 20
-612.6997375488281
 10
1461.147735595703
 20
-612.9097595214844
 10
1461.147735595703
 20
-612.9097595214844
 97
        0
 97
        0
 92
        1
 93
        1
 72
     4
 94
        3
 73
     0
 74
     1
 95
      128
 96
      124
 40
0.0
 40
0.0
 40
0.0
 40
0.0
 40
1.0
 40
1.0
 40
1.0
 40
2.0
 40
2.0
 40
2.0
 40
3.0
 40
3.0
 40
3.0
 40
4.0
 40
4.0
 40
4.0
 40
5.0
 40
5.0
 40
5.0
 40
6.0
 40
6.0
 40
6.0
 40
7.0
 40
7.0
 40
7.0
 40
8.0
 40
8.0
 40
8.0
 40
9.0
 40
9.0
 40
9.0
 40
10.0
 40
10.0
 40
10.0
 40
11.0
 40
11.0
 40
11.0
 40
12.0
 40
12.0
 40
12.0
 40
13.0
 40
13.0
 40
13.0
 40
14.0
 40
14.0
 40
14.0
 40
15.0
 40
15.0
 40
15.0
 40
16.0
 40
16.0
 40
16.0
 40
17.0
 40
17.0
 40
17.0
 40
18.0
 40
18.0
 40
18.0
 40
19.0
 40
19.0
 40
19.0
 40
20.0
 40
20.0
 40
20.0
 40
21.0
 40
21.0
 40
21.0
 40
22.0
 40
22.0
 40
22.0
 40
23.0
 40
23.0
 40
23.0
 40
24.0
 40
24.0
 40
24.0
 40
25.0
 40
25.0
 40
25.0
 40
26.0
 40
26.0
 40
26.0
 40
27.0
 40
27.0
 40
27.0
 40
28.0
 40
28.0
 40
28.0
 40
29.0
 40
29.0
 40
29.0
 40
30.0
 40
30.0
 40
30.0
 40
31.0
 40
31.0
 40
31.0
 40
32.0
 40
32.0
 40
32.0
 40
33.0
 40
33.0
 40
33.0
 40
34.0
 40
34.0
 40
34.0
 40
35.0
 40
35.0
 40
35.0
 40
36.0
 40
36.0
 40
36.0
 40
37.0
 40
37.0
 40
37.0
 40
38.0
 40
38.0
 40
38.0
 40
39.0
 40
39.0
 40
39.0
 40
40.0
 40
40.0
 40
40.0
 40
41.0
 40
41.0
 40
41.0
 40
41.0
 10
1556.507781982422
 20
-659.6997375488281
 10
1556.507781982422
 20
-659.6997375488281
 10
1556.157745361328
 20
-660.2597351074219
 10
1556.157745361328
 20
-660.2597351074219
 10
1556.157745361328
 20
-660.2597351074219
 10
1555.807769775391
 20
-660.8097229003906
 10
1555.807769775391
 20
-660.8097229003906
 10
1555.807769775391
 20
-660.8097229003906
 10
1543.927764892578
 20
-679.8597106933594
 10
1543.927764892578
 20
-679.8597106933594
 10
1543.927764892578
 20
-679.8597106933594
 10
1543.657745361328
 20
-680.2797546386719
 10
1543.657745361328
 20
-680.2797546386719
 10
1543.657745361328
 20
-680.2797546386719
 10
1543.307769775391
 20
-680.8397521972656
 10
1543.307769775391
 20
-680.8397521972656
 10
1543.307769775391
 20
-680.8397521972656
 10
1541.807769775391
 20
-683.2397155761719
 10
1541.807769775391
 20
-683.2397155761719
 10
1541.807769775391
 20
-683.2397155761719
 10
1540.697723388672
 20
-685.0097351074219
 10
1540.697723388672
 20
-685.0097351074219
 10
1540.697723388672
 20
-685.0097351074219
 10
1537.007781982422
 20
-690.9297180175781
 10
1537.007781982422
 20
-690.9297180175781
 10
1537.007781982422
 20
-690.9297180175781
 10
1535.607757568359
 20
-693.1697082519531
 10
1535.607757568359
 20
-693.1697082519531
 10
1535.607757568359
 20
-693.1697082519531
 10
1533.737762451172
 20
-696.1597595214844
 10
1533.737762451172
 20
-696.1597595214844
 10
1533.737762451172
 20
-696.1597595214844
 10
1533.487762451172
 20
-696.5597229003906
 10
1533.487762451172
 20
-696.5597229003906
 10
1533.487762451172
 20
-696.5597229003906
 10
1533.087738037109
 20
-697.1997375488281
 10
1533.087738037109
 20
-697.1997375488281
 10
1533.087738037109
 20
-697.1997375488281
 10
1531.417755126953
 20
-699.8697204589844
 10
1531.417755126953
 20
-699.8697204589844
 10
1531.417755126953
 20
-699.8697204589844
 10
1530.607757568359
 20
-701.1597595214844
 10
1530.607757568359
 20
-701.1597595214844
 10
1530.607757568359
 20
-701.1597595214844
 10
1526.067779541016
 20
-708.4497375488281
 10
1526.067779541016
 20
-708.4497375488281
 10
1526.067779541016
 20
-708.4497375488281
 10
1524.587738037109
 20
-710.8297424316406
 10
1524.587738037109
 20
-710.8297424316406
 10
1524.587738037109
 20
-710.8297424316406
 10
1522.007781982422
 20
-714.9397277832031
 10
1522.007781982422
 20
-714.9397277832031
 10
1522.007781982422
 20
-714.9397277832031
 10
1520.237762451172
 20
-717.7797546386719
 10
1520.237762451172
 20
-717.7797546386719
 10
1520.237762451172
 20
-717.7797546386719
 10
1517.347747802734
 20
-722.4197082519531
 10
1517.347747802734
 20
-722.4197082519531
 10
1517.347747802734
 20
-722.4197082519531
 10
1516.837738037109
 20
-723.2497253417969
 10
1516.837738037109
 20
-723.2497253417969
 10
1516.837738037109
 20
-723.2497253417969
 10
1510.387725830078
 20
-733.5697326660156
 10
1510.387725830078
 20
-733.5697326660156
 10
1510.387725830078
 20
-733.5697326660156
 10
1509.957733154297
 20
-734.2497253417969
 10
1509.957733154297
 20
-734.2497253417969
 10
1509.957733154297
 20
-734.2497253417969
 10
1508.607757568359
 20
-736.4197082519531
 10
1508.607757568359
 20
-736.4197082519531
 10
1508.607757568359
 20
-736.4197082519531
 10
1505.917755126953
 20
-740.7197570800781
 10
1505.917755126953
 20
-740.7197570800781
 10
1505.917755126953
 20
-740.7197570800781
 10
1503.657745361328
 20
-744.3297424316406
 10
1503.657745361328
 20
-744.3297424316406
 10
1503.657745361328
 20
-744.3297424316406
 10
1494.727752685547
 20
-758.6497497558594
 10
1494.727752685547
 20
-758.6497497558594
 10
1494.727752685547
 20
-758.6497497558594
 10
1494.017730712891
 20
-759.7697448730469
 10
1494.017730712891
 20
-759.7697448730469
 10
1494.017730712891
 20
-759.7697448730469
 10
1493.497772216797
 20
-760.6097106933594
 10
1493.497772216797
 20
-760.6097106933594
 10
1493.497772216797
 20
-760.6097106933594
 10
1492.627777099609
 20
-762.0097351074219
 10
1492.627777099609
 20
-762.0097351074219
 10
1492.627777099609
 20
-762.0097351074219
 10
1491.187774658203
 20
-764.3297424316406
 10
1491.187774658203
 20
-764.3297424316406
 10
1491.187774658203
 20
-764.3297424316406
 10
1490.297760009766
 20
-765.7597351074219
 10
1490.297760009766
 20
-765.7597351074219
 10
1490.297760009766
 20
-765.7597351074219
 10
1465.847747802734
 20
-765.7597351074219
 10
1465.847747802734
 20
-765.7597351074219
 10
1469.207733154297
 20
-759.3197326660156
 10
1472.477752685547
 20
-753.2197570800781
 10
1475.667755126953
 20
-747.4597473144531
 10
1478.857757568359
 20
-741.6997375488281
 10
1484.977752685547
 20
-730.2697448730469
 10
1494.037750244141
 20
-713.1697082519531
 10
1494.037750244141
 20
-713.1697082519531
 10
1509.147735595703
 20
-684.4297180175781
 10
1509.147735595703
 20
-684.4297180175781
 10
1510.177764892578
 20
-682.4397277832031
 10
1511.887725830078
 20
-679.0497131347656
 10
1514.277740478516
 20
-674.2597351074219
 10
1509.267730712891
 20
-674.1997375488281
 10
1505.427764892578
 20
-674.1697082519531
 10
1502.757781982422
 20
-674.1697082519531
 10
1490.847747802734
 20
-674.1697082519531
 10
1477.927764892578
 20
-674.5397644042969
 10
1463.967742919922
 20
-675.2797546386719
 10
1464.537750244141
 20
-667.7297668457031
 10
1464.937774658203
 20
-659.0197448730469
 10
1465.167755126953
 20
-649.1397399902344
 10
1465.167755126953
 20
-649.1397399902344
 10
1557.007781982422
 20
-649.1397399902344
 10
1557.007781982422
 20
-649.1397399902344
 10
1557.007781982422
 20
-649.1397399902344
 10
1556.507781982422
 20
-659.6997375488281
 10
1556.507781982422
 20
-659.6997375488281
 97
        0
 97
        0
 92
        1
 93
        1
 72
     4
 94
        3
 73
     0
 74
     1
 95
       56
 96
       52
 40
0.0
 40
0.0
 40
0.0
 40
0.0
 40
1.0
 40
1.0
 40
1.0
 40
2.0
 40
2.0
 40
2.0
 40
3.0
 40
3.0
 40
3.0
 40
4.0
 40
4.0
 40
4.0
 40
5.0
 40
5.0
 40
5.0
 40
6.0
 40
6.0
 40
6.0
 40
7.0
 40
7.0
 40
7.0
 40
8.0
 40
8.0
 40
8.0
 40
9.0
 40
9.0
 40
9.0
 40
10.0
 40
10.0
 40
10.0
 40
11.0
 40
11.0
 40
11.0
 40
12.0
 40
12.0
 40
12.0
 40
13.0
 40
13.0
 40
13.0
 40
14.0
 40
14.0
 40
14.0
 40
15.0
 40
15.0
 40
15.0
 40
16.0
 40
16.0
 40
16.0
 40
17.0
 40
17.0
 40
17.0
 40
17.0
 10
1570.977752685547
 20
-252.9397277832031
 10
1568.987762451172
 20
-254.2197570800781
 10
1564.667755126953
 20
-257.2597351074219
 10
1558.017730712891
 20
-262.0397644042969
 10
1558.357757568359
 20
-257.1997375488281
 10
1558.667755126953
 20
-251.5197448730469
 10
1558.957733154297
 20
-244.9997253417969
 10
1559.237762451172
 20
-238.4797668457031
 10
1559.377777099609
 20
-233.6797180175781
 10
1559.377777099609
 20
-230.5997619628906
 10
1562.277740478516
 20
-228.9497375488281
 10
1565.557769775391
 20
-226.9897155761719
 10
1569.227752685547
 20
-224.7097473144531
 10
1572.887725830078
 20
-222.4297180175781
 10
1575.137725830078
 20
-220.9897155761719
 10
1575.957733154297
 20
-220.3897399902344
 10
1576.777740478516
 20
-219.7897644042969
 10
1578.017730712891
 20
-218.8397521972656
 10
1579.667755126953
 20
-217.5297546386719
 10
1584.737762451172
 20
-217.6397399902344
 10
1590.587738037109
 20
-217.6997375488281
 10
1597.207733154297
 20
-217.6997375488281
 10
1603.477752685547
 20
-217.6997375488281
 10
1609.897735595703
 20
-217.6397399902344
 10
1616.457733154297
 20
-217.5297546386719
 10
1616.457733154297
 20
-217.5297546386719
 10
1614.737762451172
 20
-236.5797424316406
 10
1614.737762451172
 20
-236.5797424316406
 10
1614.737762451172
 20
-236.5797424316406
 10
1611.057769775391
 20
-299.7997131347656
 10
1611.057769775391
 20
-299.7997131347656
 10
1611.057769775391
 20
-299.7997131347656
 10
1610.207733154297
 20
-323.0397644042969
 10
1610.207733154297
 20
-323.0397644042969
 10
1610.207733154297
 20
-323.0397644042969
 10
1610.207733154297
 20
-334.1497497558594
 10
1610.207733154297
 20
-334.1497497558594
 10
1605.367767333984
 20
-334.0297546386719
 10
1599.477752685547
 20
-333.9797668457031
 10
1592.527740478516
 20
-333.9797668457031
 10
1584.437774658203
 20
-333.9797668457031
 10
1577.717742919922
 20
-334.0297546386719
 10
1572.367767333984
 20
-334.1497497558594
 10
1573.107757568359
 20
-325.3197326660156
 10
1574.037750244141
 20
-311.0497131347656
 10
1575.167755126953
 20
-291.3397521972656
 10
1576.297760009766
 20
-271.6397399902344
 10
1576.947723388672
 20
-257.5397644042969
 10
1577.117767333984
 20
-249.0497131347656
 10
1575.017730712891
 20
-250.3697204589844
 10
1572.967742919922
 20
-251.6597595214844
 10
1570.977752685547
 20
-252.9397277832031
 97
        0
 97
        0
 92
        1
 93
        1
 72
     4
 94
        3
 73
     0
 74
     1
 95
       86
 96
       82
 40
0.0
 40
0.0
 40
0.0
 40
0.0
 40
1.0
 40
1.0
 40
1.0
 40
2.0
 40
2.0
 40
2.0
 40
3.0
 40
3.0
 40
3.0
 40
4.0
 40
4.0
 40
4.0
 40
5.0
 40
5.0
 40
5.0
 40
6.0
 40
6.0
 40
6.0
 40
7.0
 40
7.0
 40
7.0
 40
8.0
 40
8.0
 40
8.0
 40
9.0
 40
9.0
 40
9.0
 40
10.0
 40
10.0
 40
10.0
 40
11.0
 40
11.0
 40
11.0
 40
12.0
 40
12.0
 40
12.0
 40
13.0
 40
13.0
 40
13.0
 40
14.0
 40
14.0
 40
14.0
 40
15.0
 40
15.0
 40
15.0
 40
16.0
 40
16.0
 40
16.0
 40
17.0
 40
17.0
 40
17.0
 40
18.0
 40
18.0
 40
18.0
 40
19.0
 40
19.0
 40
19.0
 40
20.0
 40
20.0
 40
20.0
 40
21.0
 40
21.0
 40
21.0
 40
22.0
 40
22.0
 40
22.0
 40
23.0
 40
23.0
 40
23.0
 40
24.0
 40
24.0
 40
24.0
 40
25.0
 40
25.0
 40
25.0
 40
26.0
 40
26.0
 40
26.0
 40
27.0
 40
27.0
 40
27.0
 40
27.0
 10
1646.077728271484
 20
-701.2997131347656
 10
1645.367767333984
 20
-702.1897277832031
 10
1644.657745361328
 20
-703.0897521972656
 10
1643.967742919922
 20
-703.9997253417969
 10
1640.707733154297
 20
-708.2197570800781
 10
1637.607757568359
 20
-712.5397644042969
 10
1634.687774658203
 20
-716.9797668457031
 10
1631.137725830078
 20
-722.3597106933594
 10
1628.177764892578
 20
-727.3597106933594
 10
1625.817779541016
 20
-731.9697570800781
 10
1623.457733154297
 20
-736.5797424316406
 10
1621.457733154297
 20
-741.1097106933594
 10
1619.807769775391
 20
-745.5497131347656
 10
1618.837738037109
 20
-748.1697082519531
 10
1618.147735595703
 20
-750.6197204589844
 10
1617.717742919922
 20
-752.8997497558594
 10
1617.287750244141
 20
-755.1797180175781
 10
1617.077728271484
 20
-757.3197326660156
 10
1617.077728271484
 20
-759.3097229003906
 10
1617.077728271484
 20
-761.9897155761719
 10
1617.617767333984
 20
-764.5497131347656
 10
1618.697723388672
 20
-766.9997253417969
 10
1619.777740478516
 20
-769.4497375488281
 10
1621.397735595703
 20
-771.3797302246094
 10
1623.557769775391
 20
-772.8097229003906
 10
1625.707733154297
 20
-774.2297668457031
 10
1628.297760009766
 20
-774.9397277832031
 10
1631.307769775391
 20
-774.9397277832031
 10
1634.147735595703
 20
-774.9397277832031
 10
1636.657745361328
 20
-774.2697448730469
 10
1638.837738037109
 20
-772.9397277832031
 10
1641.027740478516
 20
-771.5997619628906
 10
1642.657745361328
 20
-769.7497253417969
 10
1643.737762451172
 20
-767.3797302246094
 10
1643.817779541016
 20
-767.1897277832031
 10
1643.907745361328
 20
-767.0097351074219
 10
1643.977752685547
 20
-766.8197326660156
 10
1643.977752685547
 20
-766.8197326660156
 10
1643.977752685547
 20
-779.5097351074219
 10
1643.977752685547
 20
-779.5097351074219
 10
1643.977752685547
 20
-779.5097351074219
 10
1643.987762451172
 20
-796.3897399902344
 10
1643.987762451172
 20
-796.3897399902344
 10
1643.987762451172
 20
-796.3897399902344
 10
1643.977752685547
 20
-797.7097473144531
 10
1643.977752685547
 20
-797.7097473144531
 10
1643.977752685547
 20
-797.7097473144531
 10
1643.977752685547
 20
-798.6997375488281
 10
1643.977752685547
 20
-798.6997375488281
 10
1643.757781982422
 20
-798.7497253417969
 10
1643.537750244141
 20
-798.7797546386719
 10
1643.307769775391
 20
-798.8197326660156
 10
1638.977752685547
 20
-799.5297546386719
 10
1634.597747802734
 20
-799.8897399902344
 10
1630.147735595703
 20
-799.8897399902344
 10
1619.837738037109
 20
-799.8897399902344
 10
1610.887725830078
 20
-798.1697082519531
 10
1603.277740478516
 20
-794.7197570800781
 10
1595.677764892578
 20
-791.2797546386719
 10
1590.157745361328
 20
-786.5497131347656
 10
1586.707733154297
 20
-780.5397644042969
 10
1583.257781982422
 20
-774.5297546386719
 10
1581.537750244141
 20
-767.9097595214844
 10
1581.537750244141
 20
-760.6797180175781
 10
1581.537750244141
 20
-756.5197448730469
 10
1582.007781982422
 20
-751.9597473144531
 10
1582.947723388672
 20
-747.0097351074219
 10
1583.887725830078
 20
-742.0497131347656
 10
1585.967742919922
 20
-736.1397399902344
 10
1589.187774658203
 20
-729.2797546386719
 10
1592.397735595703
 20
-722.4197082519531
 10
1596.817779541016
 20
-714.5097351074219
 10
1602.427764892578
 20
-705.5697326660156
 10
1608.037750244141
 20
-696.6297302246094
 10
1613.747772216797
 20
-688.4597473144531
 10
1619.557769775391
 20
-681.0497131347656
 10
1619.557769775391
 20
-681.0497131347656
 10
1663.297760009766
 20
-681.0497131347656
 10
1663.297760009766
 20
-681.0497131347656
 10
1654.657745361328
 20
-691.0197448730469
 10
1648.917755126953
 20
-697.7697448730469
 10
1646.077728271484
 20
-701.2997131347656
 97
        0
 97
        0
 92
        1
 93
        1
 72
     4
 94
        3
 73
     0
 74
     1
 95
       44
 96
       40
 40
0.0
 40
0.0
 40
0.0
 40
0.0
 40
1.0
 40
1.0
 40
1.0
 40
2.0
 40
2.0
 40
2.0
 40
3.0
 40
3.0
 40
3.0
 40
4.0
 40
4.0
 40
4.0
 40
5.0
 40
5.0
 40
5.0
 40
6.0
 40
6.0
 40
6.0
 40
7.0
 40
7.0
 40
7.0
 40
8.0
 40
8.0
 40
8.0
 40
9.0
 40
9.0
 40
9.0
 40
10.0
 40
10.0
 40
10.0
 40
11.0
 40
11.0
 40
11.0
 40
12.0
 40
12.0
 40
12.0
 40
13.0
 40
13.0
 40
13.0
 40
13.0
 10
1643.977752685547
 20
-753.6797180175781
 10
1643.147735595703
 20
-752.1097106933594
 10
1641.937774658203
 20
-750.8297424316406
 10
1640.357757568359
 20
-749.8297424316406
 10
1637.027740478516
 20
-747.7197570800781
 10
1633.707733154297
 20
-746.6597595214844
 10
1630.407745361328
 20
-746.6597595214844
 10
1629.387725830078
 20
-746.6597595214844
 10
1627.847747802734
 20
-746.8097229003906
 10
1625.797760009766
 20
-747.0897521972656
 10
1627.107757568359
 20
-744.9897155761719
 10
1629.557769775391
 20
-740.9097595214844
 10
1633.137725830078
 20
-734.8697204589844
 10
1633.137725830078
 20
-734.8697204589844
 10
1640.057769775391
 20
-723.2597351074219
 10
1640.057769775391
 20
-723.2597351074219
 10
1641.387725830078
 20
-723.0297546386719
 10
1642.687774658203
 20
-722.8497619628906
 10
1643.967742919922
 20
-722.7197570800781
 10
1643.967742919922
 20
-722.7197570800781
 10
1643.967742919922
 20
-727.0997619628906
 10
1643.967742919922
 20
-727.0997619628906
 10
1643.967742919922
 20
-727.0997619628906
 10
1643.957733154297
 20
-728.6197204589844
 10
1643.957733154297
 20
-728.6197204589844
 10
1643.957733154297
 20
-728.6197204589844
 10
1643.977752685547
 20
-737.2097473144531
 10
1643.977752685547
 20
-737.2097473144531
 10
1643.977752685547
 20
-737.2097473144531
 10
1643.977752685547
 20
-740.0097351074219
 10
1643.977752685547
 20
-740.0097351074219
 10
1643.977752685547
 20
-740.0097351074219
 10
1643.967742919922
 20
-744.8597106933594
 10
1643.967742919922
 20
-744.8597106933594
 10
1643.967742919922
 20
-744.8597106933594
 10
1643.967742919922
 20
-748.2097473144531
 10
1643.967742919922
 20
-748.2097473144531
 10
1643.967742919922
 20
-748.2097473144531
 10
1643.977752685547
 20
-753.6797180175781
 10
1643.977752685547
 20
-753.6797180175781
 97
        0
 97
        0
 92
        1
 93
        1
 72
     4
 94
        3
 73
     0
 74
     1
 95
       95
 96
       91
 40
0.0
 40
0.0
 40
0.0
 40
0.0
 40
1.0
 40
1.0
 40
1.0
 40
2.0
 40
2.0
 40
2.0
 40
3.0
 40
3.0
 40
3.0
 40
4.0
 40
4.0
 40
4.0
 40
5.0
 40
5.0
 40
5.0
 40
6.0
 40
6.0
 40
6.0
 40
7.0
 40
7.0
 40
7.0
 40
8.0
 40
8.0
 40
8.0
 40
9.0
 40
9.0
 40
9.0
 40
10.0
 40
10.0
 40
10.0
 40
11.0
 40
11.0
 40
11.0
 40
12.0
 40
12.0
 40
12.0
 40
13.0
 40
13.0
 40
13.0
 40
14.0
 40
14.0
 40
14.0
 40
15.0
 40
15.0
 40
15.0
 40
16.0
 40
16.0
 40
16.0
 40
17.0
 40
17.0
 40
17.0
 40
18.0
 40
18.0
 40
18.0
 40
19.0
 40
19.0
 40
19.0
 40
20.0
 40
20.0
 40
20.0
 40
21.0
 40
21.0
 40
21.0
 40
22.0
 40
22.0
 40
22.0
 40
23.0
 40
23.0
 40
23.0
 40
24.0
 40
24.0
 40
24.0
 40
25.0
 40
25.0
 40
25.0
 40
26.0
 40
26.0
 40
26.0
 40
27.0
 40
27.0
 40
27.0
 40
28.0
 40
28.0
 40
28.0
 40
29.0
 40
29.0
 40
29.0
 40
30.0
 40
30.0
 40
30.0
 40
30.0
 10
1644.037750244141
 20
-309.1938781738281
 10
1644.037750244141
 20
-295.8138732910156
 10
1644.027740478516
 20
-282.4238586425781
 10
1644.027740478516
 20
-269.0438537597656
 10
1651.177764892578
 20
-262.3838806152344
 10
1657.567779541016
 20
-256.1038513183594
 10
1663.207733154297
 20
-250.2038879394531
 10
1668.167755126953
 20
-245.0238952636719
 10
1672.317779541016
 20
-240.2638854980469
 10
1675.677764892578
 20
-235.9338684082031
 10
1677.617767333984
 20
-233.3738708496094
 10
1678.897735595703
 20
-231.2338562011719
 10
1679.527740478516
 20
-229.5238952636719
 10
1679.977752685547
 20
-228.3338928222656
 10
1680.207733154297
 20
-227.1038513183594
 10
1680.207733154297
 20
-225.8538513183594
 10
1680.207733154297
 20
-224.2038879394531
 10
1679.837738037109
 20
-222.7638854980469
 10
1679.097747802734
 20
-221.5338439941406
 10
1678.357757568359
 20
-220.3138732910156
 10
1677.187774658203
 20
-219.2738952636719
 10
1675.597747802734
 20
-218.4138488769531
 10
1673.997772216797
 20
-217.5638732910156
 10
1672.067779541016
 20
-216.8838806152344
 10
1669.787750244141
 20
-216.3638610839844
 10
1667.507781982422
 20
-215.8538513183594
 10
1664.917755126953
 20
-215.5938415527344
 10
1662.007781982422
 20
-215.5938415527344
 10
1658.027740478516
 20
-215.5938415527344
 10
1653.827728271484
 20
-215.9438781738281
 10
1649.407745361328
 20
-216.6238708496094
 10
1647.817779541016
 20
-216.8738708496094
 10
1646.017730712891
 20
-217.1938781738281
 10
1644.007781982422
 20
-217.6038513183594
 10
1643.997772216797
 20
-209.3938903808594
 10
1643.997772216797
 20
-201.1938781738281
 10
1643.997772216797
 20
-192.9838562011719
 10
1655.917755126953
 20
-191.3138732910156
 10
1667.217742919922
 20
-190.4838562011719
 10
1677.907745361328
 20
-190.4838562011719
 10
1683.877777099609
 20
-190.4838562011719
 10
1689.607757568359
 20
-191.0238952636719
 10
1695.077728271484
 20
-192.1038513183594
 10
1700.547760009766
 20
-193.1838684082031
 10
1705.437774658203
 20
-195.0238952636719
 10
1709.767730712891
 20
-197.6138610839844
 10
1714.097747802734
 20
-200.2038879394531
 10
1717.347747802734
 20
-203.2238464355469
 10
1719.507781982422
 20
-206.6738586425781
 10
1721.667755126953
 20
-210.1138610839844
 10
1722.757781982422
 20
-213.8338928222656
 10
1722.757781982422
 20
-217.8138732910156
 10
1722.757781982422
 20
-220.4438781738281
 10
1722.437774658203
 20
-223.0338439941406
 10
1721.817779541016
 20
-225.5938415527344
 10
1721.187774658203
 20
-228.0438537597656
 10
1720.017730712891
 20
-230.9238586425781
 10
1718.317779541016
 20
-234.2238464355469
 10
1716.147735595703
 20
-238.3238830566406
 10
1713.467742919922
 20
-242.3638610839844
 10
1710.277740478516
 20
-246.3538513183594
 10
1705.557769775391
 20
-252.3338928222656
 10
1700.087738037109
 20
-258.5138854980469
 10
1693.877777099609
 20
-264.8938903808594
 10
1687.957733154297
 20
-270.9338684082031
 10
1680.837738037109
 20
-277.7038879394531
 10
1672.517730712891
 20
-285.2238464355469
 10
1672.517730712891
 20
-285.2238464355469
 10
1681.917755126953
 20
-285.3138732910156
 10
1681.917755126953
 20
-285.3138732910156
 10
1684.137725830078
 20
-285.3138732910156
 10
1688.537750244141
 20
-285.2538757324219
 10
1695.117767333984
 20
-285.1438903808594
 10
1701.697723388672
 20
-285.0238952636719
 10
1706.267730712891
 20
-284.9138488769531
 10
1708.827728271484
 20
-284.8038635253906
 10
1711.387725830078
 20
-284.6838684082031
 10
1714.557769775391
 20
-284.4338684082031
 10
1718.317779541016
 20
-284.0338439941406
 10
1718.137725830078
 20
-286.7638854980469
 10
1717.867767333984
 20
-290.1838684082031
 10
1717.497772216797
 20
-294.2838439941406
 10
1717.127777099609
 20
-298.3838806152344
 10
1716.747772216797
 20
-303.3938903808594
 10
1716.347747802734
 20
-309.3138732910156
 10
1702.167755126953
 20
-309.2038879394531
 10
1687.327728271484
 20
-309.1438903808594
 10
1671.837738037109
 20
-309.1438903808594
 10
1661.727752685547
 20
-309.1438903808594
 10
1652.467742919922
 20
-309.1638488769531
 10
1644.037750244141
 20
-309.1938781738281
 97
        0
 97
        0
 92
        1
 93
        1
 72
     4
 94
        3
 73
     0
 74
     1
 95
      119
 96
      115
 40
0.0
 40
0.0
 40
0.0
 40
0.0
 40
1.0
 40
1.0
 40
1.0
 40
2.0
 40
2.0
 40
2.0
 40
3.0
 40
3.0
 40
3.0
 40
4.0
 40
4.0
 40
4.0
 40
5.0
 40
5.0
 40
5.0
 40
6.0
 40
6.0
 40
6.0
 40
7.0
 40
7.0
 40
7.0
 40
8.0
 40
8.0
 40
8.0
 40
9.0
 40
9.0
 40
9.0
 40
10.0
 40
10.0
 40
10.0
 40
11.0
 40
11.0
 40
11.0
 40
12.0
 40
12.0
 40
12.0
 40
13.0
 40
13.0
 40
13.0
 40
14.0
 40
14.0
 40
14.0
 40
15.0
 40
15.0
 40
15.0
 40
16.0
 40
16.0
 40
16.0
 40
17.0
 40
17.0
 40
17.0
 40
18.0
 40
18.0
 40
18.0
 40
19.0
 40
19.0
 40
19.0
 40
20.0
 40
20.0
 40
20.0
 40
21.0
 40
21.0
 40
21.0
 40
22.0
 40
22.0
 40
22.0
 40
23.0
 40
23.0
 40
23.0
 40
24.0
 40
24.0
 40
24.0
 40
25.0
 40
25.0
 40
25.0
 40
26.0
 40
26.0
 40
26.0
 40
27.0
 40
27.0
 40
27.0
 40
28.0
 40
28.0
 40
28.0
 40
29.0
 40
29.0
 40
29.0
 40
30.0
 40
30.0
 40
30.0
 40
31.0
 40
31.0
 40
31.0
 40
32.0
 40
32.0
 40
32.0
 40
33.0
 40
33.0
 40
33.0
 40
34.0
 40
34.0
 40
34.0
 40
35.0
 40
35.0
 40
35.0
 40
36.0
 40
36.0
 40
36.0
 40
37.0
 40
37.0
 40
37.0
 40
38.0
 40
38.0
 40
38.0
 40
38.0
 10
1796.117767333984
 20
-760.2497253417969
 10
1792.927764892578
 20
-765.9697570800781
 10
1788.557769775391
 20
-770.5297546386719
 10
1783.007781982422
 20
-773.9197082519531
 10
1777.447723388672
 20
-777.3097229003906
 10
1771.017730712891
 20
-779.7597351074219
 10
1763.697723388672
 20
-781.2697448730469
 10
1756.377777099609
 20
-782.7797546386719
 10
1748.877777099609
 20
-783.5297546386719
 10
1741.187774658203
 20
-783.5297546386719
 10
1738.277740478516
 20
-783.5297546386719
 10
1734.837738037109
 20
-783.3497619628906
 10
1730.847747802734
 20
-782.9797668457031
 10
1726.857757568359
 20
-782.5997619628906
 10
1723.497772216797
 20
-782.1897277832031
 10
1720.767730712891
 20
-781.7397155761719
 10
1718.037750244141
 20
-781.2797546386719
 10
1714.527740478516
 20
-780.5697326660156
 10
1710.257781982422
 20
-779.5997619628906
 10
1710.257781982422
 20
-779.5997619628906
 10
1709.657745361328
 20
-770.9997253417969
 10
1709.657745361328
 20
-770.9997253417969
 10
1709.487762451172
 20
-768.2197570800781
 10
1709.307769775391
 20
-765.6897277832031
 10
1709.107757568359
 20
-763.4197082519531
 10
1708.907745361328
 20
-761.1497497558594
 10
1708.517730712891
 20
-757.4597473144531
 10
1707.947723388672
 20
-752.3497619628906
 10
1719.737762451172
 20
-755.7097473144531
 10
1729.507781982422
 20
-757.3897399902344
 10
1737.257781982422
 20
-757.3897399902344
 10
1741.407745361328
 20
-757.3897399902344
 10
1745.247772216797
 20
-756.7297668457031
 10
1748.747772216797
 20
-755.4197082519531
 10
1752.247772216797
 20
-754.0997619628906
 10
1754.937774658203
 20
-752.2497253417969
 10
1756.817779541016
 20
-749.8497619628906
 10
1758.697723388672
 20
-747.4497375488281
 10
1759.637725830078
 20
-744.8197326660156
 10
1759.637725830078
 20
-741.9597473144531
 10
1759.637725830078
 20
-737.7897644042969
 10
1757.717742919922
 20
-734.6397399902344
 10
1753.867767333984
 20
-732.4897155761719
 10
1750.027740478516
 20
-730.3497619628906
 10
1744.007781982422
 20
-729.2797546386719
 10
1735.807769775391
 20
-729.2797546386719
 10
1732.157745361328
 20
-729.2797546386719
 10
1728.587738037109
 20
-729.4097595214844
 10
1725.077728271484
 20
-729.6597595214844
 10
1721.577728271484
 20
-729.9197082519531
 10
1716.837738037109
 20
-730.4497375488281
 10
1710.857757568359
 20
-731.2497253417969
 10
1710.857757568359
 20
-731.2497253417969
 10
1715.247772216797
 20
-676.0497131347656
 10
1715.247772216797
 20
-676.0497131347656
 10
1715.417755126953
 20
-673.3197326660156
 10
1715.587738037109
 20
-669.5297546386719
 10
1715.767730712891
 20
-664.6897277832031
 10
1727.387725830078
 20
-664.7897644042969
 10
1738.657745361328
 20
-664.8397521972656
 10
1749.557769775391
 20
-664.8497619628906
 10
1749.557769775391
 20
-664.8497619628906
 10
1763.117767333984
 20
-689.8197326660156
 10
1763.117767333984
 20
-689.8197326660156
 10
1761.927764892578
 20
-689.8097229003906
 10
1760.677764892578
 20
-689.8097229003906
 10
1759.387725830078
 20
-689.8097229003906
 10
1757.617767333984
 20
-689.8097229003906
 10
1754.707733154297
 20
-689.8697204589844
 10
1750.667755126953
 20
-689.9797668457031
 10
1750.667755126953
 20
-689.9797668457031
 10
1748.937774658203
 20
-709.5397644042969
 10
1748.937774658203
 20
-709.5397644042969
 10
1752.757781982422
 20
-709.2597351074219
 10
1755.717742919922
 20
-709.1197204589844
 10
1757.827728271484
 20
-709.1197204589844
 10
1763.947723388672
 20
-709.1197204589844
 10
1769.567779541016
 20
-709.7897644042969
 10
1774.697723388672
 20
-711.1297302246094
 10
1774.697723388672
 20
-711.1297302246094
 10
1776.047760009766
 20
-713.6197204589844
 10
1776.047760009766
 20
-713.6197204589844
 10
1776.047760009766
 20
-713.6197204589844
 10
1777.047760009766
 20
-715.4597473144531
 10
1777.047760009766
 20
-715.4597473144531
 10
1777.047760009766
 20
-715.4597473144531
 10
1780.367767333984
 20
-721.5797424316406
 10
1780.367767333984
 20
-721.5797424316406
 10
1780.367767333984
 20
-721.5797424316406
 10
1781.627777099609
 20
-723.9097595214844
 10
1781.627777099609
 20
-723.9097595214844
 10
1781.627777099609
 20
-723.9097595214844
 10
1783.897735595703
 20
-728.0897521972656
 10
1783.897735595703
 20
-728.0897521972656
 10
1783.897735595703
 20
-728.0897521972656
 10
1785.397735595703
 20
-730.8597106933594
 10
1785.397735595703
 20
-730.8597106933594
 10
1785.397735595703
 20
-730.8597106933594
 10
1786.117767333984
 20
-732.1997375488281
 10
1786.117767333984
 20
-732.1997375488281
 10
1786.117767333984
 20
-732.1997375488281
 10
1791.557769775391
 20
-742.1997375488281
 10
1791.557769775391
 20
-742.1997375488281
 10
1791.557769775391
 20
-742.1997375488281
 10
1793.867767333984
 20
-746.4597473144531
 10
1793.867767333984
 20
-746.4597473144531
 10
1793.867767333984
 20
-746.4597473144531
 10
1795.467742919922
 20
-749.4097595214844
 10
1795.467742919922
 20
-749.4097595214844
 10
1795.467742919922
 20
-749.4097595214844
 10
1798.537750244141
 20
-755.0697326660156
 10
1798.537750244141
 20
-755.0697326660156
 10
1797.877777099609
 20
-756.8197326660156
 10
1797.067779541016
 20
-758.5497131347656
 10
1796.117767333984
 20
-760.2497253417969
 97
        0
 97
        0
 92
        1
 93
        1
 72
     4
 94
        3
 73
     0
 74
     1
 95
       50
 96
       46
 40
0.0
 40
0.0
 40
0.0
 40
0.0
 40
1.0
 40
1.0
 40
1.0
 40
2.0
 40
2.0
 40
2.0
 40
3.0
 40
3.0
 40
3.0
 40
4.0
 40
4.0
 40
4.0
 40
5.0
 40
5.0
 40
5.0
 40
6.0
 40
6.0
 40
6.0
 40
7.0
 40
7.0
 40
7.0
 40
8.0
 40
8.0
 40
8.0
 40
9.0
 40
9.0
 40
9.0
 40
10.0
 40
10.0
 40
10.0
 40
11.0
 40
11.0
 40
11.0
 40
12.0
 40
12.0
 40
12.0
 40
13.0
 40
13.0
 40
13.0
 40
14.0
 40
14.0
 40
14.0
 40
15.0
 40
15.0
 40
15.0
 40
15.0
 10
1780.047760009766
 20
-358.8997497558594
 10
1780.777740478516
 20
-350.0697326660156
 10
1781.717742919922
 20
-335.7997131347656
 10
1782.847747802734
 20
-316.0897521972656
 10
1783.977752685547
 20
-296.3897399902344
 10
1784.627777099609
 20
-282.2897644042969
 10
1784.797760009766
 20
-273.7997131347656
 10
1782.697723388672
 20
-275.1197204589844
 10
1780.647735595703
 20
-276.4097595214844
 10
1778.657745361328
 20
-277.6897277832031
 10
1776.667755126953
 20
-278.9697570800781
 10
1772.347747802734
 20
-282.0097351074219
 10
1765.697723388672
 20
-286.7897644042969
 10
1765.987762451172
 20
-282.6397399902344
 10
1766.257781982422
 20
-277.8697204589844
 10
1766.497772216797
 20
-272.4797668457031
 10
1772.697723388672
 20
-262.9997253417969
 10
1778.897735595703
 20
-253.5197448730469
 10
1785.097747802734
 20
-244.0397644042969
 10
1785.737762451172
 20
-243.5497131347656
 10
1786.487762451172
 20
-242.9597473144531
 10
1787.347747802734
 20
-242.2797546386719
 10
1792.417755126953
 20
-242.3897399902344
 10
1798.267730712891
 20
-242.4497375488281
 10
1804.877777099609
 20
-242.4497375488281
 10
1811.157745361328
 20
-242.4497375488281
 10
1817.577728271484
 20
-242.3897399902344
 10
1824.127777099609
 20
-242.2797546386719
 10
1824.127777099609
 20
-242.2797546386719
 10
1822.417755126953
 20
-261.3297424316406
 10
1822.417755126953
 20
-261.3297424316406
 10
1822.417755126953
 20
-261.3297424316406
 10
1818.737762451172
 20
-324.5497131347656
 10
1818.737762451172
 20
-324.5497131347656
 10
1818.737762451172
 20
-324.5497131347656
 10
1817.887725830078
 20
-347.7897644042969
 10
1817.887725830078
 20
-347.7897644042969
 10
1817.887725830078
 20
-347.7897644042969
 10
1817.887725830078
 20
-358.8997497558594
 10
1817.887725830078
 20
-358.8997497558594
 10
1813.037750244141
 20
-358.7797546386719
 10
1807.147735595703
 20
-358.7297668457031
 10
1800.207733154297
 20
-358.7297668457031
 10
1792.117767333984
 20
-358.7297668457031
 10
1785.397735595703
 20
-358.7797546386719
 10
1780.047760009766
 20
-358.8997497558594
 97
        0
 97
        0
 92
        1
 93
        1
 72
     4
 94
        3
 73
     0
 74
     1
 95
      110
 96
      106
 40
0.0
 40
0.0
 40
0.0
 40
0.0
 40
1.0
 40
1.0
 40
1.0
 40
2.0
 40
2.0
 40
2.0
 40
3.0
 40
3.0
 40
3.0
 40
4.0
 40
4.0
 40
4.0
 40
5.0
 40
5.0
 40
5.0
 40
6.0
 40
6.0
 40
6.0
 40
7.0
 40
7.0
 40
7.0
 40
8.0
 40
8.0
 40
8.0
 40
9.0
 40
9.0
 40
9.0
 40
10.0
 40
10.0
 40
10.0
 40
11.0
 40
11.0
 40
11.0
 40
12.0
 40
12.0
 40
12.0
 40
13.0
 40
13.0
 40
13.0
 40
14.0
 40
14.0
 40
14.0
 40
15.0
 40
15.0
 40
15.0
 40
16.0
 40
16.0
 40
16.0
 40
17.0
 40
17.0
 40
17.0
 40
18.0
 40
18.0
 40
18.0
 40
19.0
 40
19.0
 40
19.0
 40
20.0
 40
20.0
 40
20.0
 40
21.0
 40
21.0
 40
21.0
 40
22.0
 40
22.0
 40
22.0
 40
23.0
 40
23.0
 40
23.0
 40
24.0
 40
24.0
 40
24.0
 40
25.0
 40
25.0
 40
25.0
 40
26.0
 40
26.0
 40
26.0
 40
27.0
 40
27.0
 40
27.0
 40
28.0
 40
28.0
 40
28.0
 40
29.0
 40
29.0
 40
29.0
 40
30.0
 40
30.0
 40
30.0
 40
31.0
 40
31.0
 40
31.0
 40
32.0
 40
32.0
 40
32.0
 40
33.0
 40
33.0
 40
33.0
 40
34.0
 40
34.0
 40
34.0
 40
35.0
 40
35.0
 40
35.0
 40
35.0
 10
1905.677764892578
 20
-641.8197326660156
 10
1905.487762451172
 20
-648.1897277832031
 10
1905.387725830078
 20
-654.8897399902344
 10
1905.387725830078
 20
-661.8997497558594
 10
1905.387725830078
 20
-661.8997497558594
 10
1905.387725830078
 20
-665.9197082519531
 10
1905.387725830078
 20
-665.9197082519531
 10
1901.977752685547
 20
-665.6897277832031
 10
1896.947723388672
 20
-665.5797424316406
 10
1890.287750244141
 20
-665.5797424316406
 10
1890.287750244141
 20
-665.5797424316406
 10
1886.787750244141
 20
-665.6597595214844
 10
1886.787750244141
 20
-665.6597595214844
 10
1886.317779541016
 20
-671.1897277832031
 10
1886.077728271484
 20
-681.0997619628906
 10
1886.077728271484
 20
-695.3897399902344
 10
1880.437774658203
 20
-695.2797546386719
 10
1874.597747802734
 20
-695.2197570800781
 10
1868.567779541016
 20
-695.2197570800781
 10
1862.927764892578
 20
-695.2197570800781
 10
1856.717742919922
 20
-695.2797546386719
 10
1849.947723388672
 20
-695.3897399902344
 10
1850.467742919922
 20
-690.3197326660156
 10
1850.927764892578
 20
-684.9397277832031
 10
1851.337738037109
 20
-679.2397155761719
 10
1851.737762451172
 20
-673.5497131347656
 10
1852.027740478516
 20
-669.0197448730469
 10
1852.207733154297
 20
-665.6597595214844
 10
1852.207733154297
 20
-665.6597595214844
 10
1842.887725830078
 20
-665.7497253417969
 10
1842.887725830078
 20
-665.7497253417969
 10
1842.887725830078
 20
-665.7497253417969
 10
1835.867767333984
 20
-665.7497253417969
 10
1835.867767333984
 20
-665.7497253417969
 10
1835.867767333984
 20
-665.7497253417969
 10
1803.727752685547
 20
-666.2597351074219
 10
1803.727752685547
 20
-666.2597351074219
 10
1803.727752685547
 20
-666.2597351074219
 10
1803.977752685547
 20
-663.6097106933594
 10
1803.977752685547
 20
-663.6097106933594
 10
1804.037750244141
 20
-662.9797668457031
 10
1804.117767333984
 20
-661.1297302246094
 10
1804.237762451172
 20
-658.0597229003906
 10
1804.237762451172
 20
-658.0597229003906
 10
1804.917755126953
 20
-641.8197326660156
 10
1804.917755126953
 20
-641.8197326660156
 10
1804.977752685547
 20
-640.3397521972656
 10
1805.007781982422
 20
-638.7797546386719
 10
1805.007781982422
 20
-637.1297302246094
 10
1810.807769775391
 20
-630.1197204589844
 10
1817.507781982422
 20
-621.3897399902344
 10
1825.107757568359
 20
-610.9397277832031
 10
1828.257781982422
 20
-606.6097106933594
 10
1831.347747802734
 20
-602.2297668457031
 10
1834.377777099609
 20
-597.7997131347656
 10
1834.377777099609
 20
-597.7997131347656
 10
1840.677764892578
 20
-601.6897277832031
 10
1840.677764892578
 20
-601.6897277832031
 10
1840.677764892578
 20
-601.6897277832031
 10
1843.357757568359
 20
-603.3497619628906
 10
1843.357757568359
 20
-603.3497619628906
 10
1843.357757568359
 20
-603.3497619628906
 10
1854.337738037109
 20
-610.1297302246094
 10
1854.337738037109
 20
-610.1297302246094
 10
1852.567779541016
 20
-612.8397521972656
 10
1851.007781982422
 20
-615.1697082519531
 10
1849.657745361328
 20
-617.1197204589844
 10
1847.257781982422
 20
-620.5897521972656
 10
1845.517730712891
 20
-623.0697326660156
 10
1844.427764892578
 20
-624.5497131347656
 10
1844.427764892578
 20
-624.5497131347656
 10
1832.007781982422
 20
-641.6497497558594
 10
1832.007781982422
 20
-641.6497497558594
 10
1832.007781982422
 20
-641.6497497558594
 10
1857.077728271484
 20
-641.6497497558594
 10
1857.077728271484
 20
-641.6497497558594
 10
1857.077728271484
 20
-641.6497497558594
 10
1858.457733154297
 20
-612.6697082519531
 10
1858.457733154297
 20
-612.6697082519531
 10
1858.457733154297
 20
-612.6697082519531
 10
1861.317779541016
 20
-614.4397277832031
 10
1861.317779541016
 20
-614.4397277832031
 10
1861.317779541016
 20
-614.4397277832031
 10
1877.827728271484
 20
-624.6297302246094
 10
1877.827728271484
 20
-624.6297302246094
 10
1877.827728271484
 20
-624.6297302246094
 10
1887.947723388672
 20
-630.8797302246094
 10
1887.947723388672
 20
-630.8797302246094
 10
1887.837738037109
 20
-634.5897521972656
 10
1887.767730712891
 20
-637.7497253417969
 10
1887.737762451172
 20
-640.3697204589844
 10
1890.467742919922
 20
-640.4897155761719
 10
1893.677764892578
 20
-640.5397644042969
 10
1897.377777099609
 20
-640.5397644042969
 10
1900.277740478516
 20
-640.5397644042969
 10
1901.947723388672
 20
-640.5297546386719
 10
1902.407745361328
 20
-640.4997253417969
 10
1902.617767333984
 20
-640.4897155761719
 10
1902.957733154297
 20
-640.4597473144531
 10
1903.437774658203
 20
-640.4397277832031
 10
1904.007781982422
 20
-640.3997497558594
 10
1904.767730712891
 20
-640.3497619628906
 10
1905.727752685547
 20
-640.2897644042969
 10
1905.707733154297
 20
-640.7997131347656
 10
1905.697723388672
 20
-641.2997131347656
 10
1905.677764892578
 20
-641.8197326660156
 97
        0
 97
        0
 92
        1
 93
        1
 72
     4
 94
        3
 73
     0
 74
     1
 95
      119
 96
      115
 40
0.0
 40
0.0
 40
0.0
 40
0.0
 40
1.0
 40
1.0
 40
1.0
 40
2.0
 40
2.0
 40
2.0
 40
3.0
 40
3.0
 40
3.0
 40
4.0
 40
4.0
 40
4.0
 40
5.0
 40
5.0
 40
5.0
 40
6.0
 40
6.0
 40
6.0
 40
7.0
 40
7.0
 40
7.0
 40
8.0
 40
8.0
 40
8.0
 40
9.0
 40
9.0
 40
9.0
 40
10.0
 40
10.0
 40
10.0
 40
11.0
 40
11.0
 40
11.0
 40
12.0
 40
12.0
 40
12.0
 40
13.0
 40
13.0
 40
13.0
 40
14.0
 40
14.0
 40
14.0
 40
15.0
 40
15.0
 40
15.0
 40
16.0
 40
16.0
 40
16.0
 40
17.0
 40
17.0
 40
17.0
 40
18.0
 40
18.0
 40
18.0
 40
19.0
 40
19.0
 40
19.0
 40
20.0
 40
20.0
 40
20.0
 40
21.0
 40
21.0
 40
21.0
 40
22.0
 40
22.0
 40
22.0
 40
23.0
 40
23.0
 40
23.0
 40
24.0
 40
24.0
 40
24.0
 40
25.0
 40
25.0
 40
25.0
 40
26.0
 40
26.0
 40
26.0
 40
27.0
 40
27.0
 40
27.0
 40
28.0
 40
28.0
 40
28.0
 40
29.0
 40
29.0
 40
29.0
 40
30.0
 40
30.0
 40
30.0
 40
31.0
 40
31.0
 40
31.0
 40
32.0
 40
32.0
 40
32.0
 40
33.0
 40
33.0
 40
33.0
 40
34.0
 40
34.0
 40
34.0
 40
35.0
 40
35.0
 40
35.0
 40
36.0
 40
36.0
 40
36.0
 40
37.0
 40
37.0
 40
37.0
 40
38.0
 40
38.0
 40
38.0
 40
38.0
 10
1890.957733154297
 20
-587.0197448730469
 10
1884.517730712891
 20
-587.0197448730469
 10
1878.377777099609
 20
-586.6897277832031
 10
1872.547760009766
 20
-586.0397644042969
 10
1866.707733154297
 20
-585.3797302246094
 10
1859.657745361328
 20
-584.1997375488281
 10
1851.397735595703
 20
-582.4897155761719
 10
1850.657745361328
 20
-570.9297180175781
 10
1849.917755126953
 20
-561.7297668457031
 10
1849.177764892578
 20
-554.8997497558594
 10
1861.877777099609
 20
-559.1697082519531
 10
1873.357757568359
 20
-561.3097229003906
 10
1883.607757568359
 20
-561.3097229003906
 10
1889.927764892578
 20
-561.3097229003906
 10
1895.037750244141
 20
-560.0397644042969
 10
1898.947723388672
 20
-557.4997253417969
 10
1902.847747802734
 20
-554.9697570800781
 10
1904.797760009766
 20
-551.5697326660156
 10
1904.797760009766
 20
-547.2997131347656
 10
1904.797760009766
 20
-543.1397399902344
 10
1902.817779541016
 20
-540.0897521972656
 10
1898.857757568359
 20
-538.1497497558594
 10
1894.897735595703
 20
-536.2197570800781
 10
1888.737762451172
 20
-535.2497253417969
 10
1880.357757568359
 20
-535.2497253417969
 10
1874.947723388672
 20
-535.2497253417969
 10
1869.997772216797
 20
-535.5597229003906
 10
1865.497772216797
 20
-536.1897277832031
 10
1866.287750244141
 20
-527.2997131347656
 10
1866.947723388672
 20
-518.5597229003906
 10
1867.457733154297
 20
-509.9597473144531
 10
1871.557769775391
 20
-510.6997375488281
 10
1875.857757568359
 20
-511.0697326660156
 10
1880.357757568359
 20
-511.0697326660156
 10
1885.487762451172
 20
-511.0697326660156
 10
1889.747772216797
 20
-510.7497253417969
 10
1893.137725830078
 20
-510.0897521972656
 10
1896.517730712891
 20
-509.4397277832031
 10
1899.097747802734
 20
-508.1697082519531
 10
1900.867767333984
 20
-506.2597351074219
 10
1902.627777099609
 20
-504.3697204589844
 10
1903.517730712891
 20
-502.3097229003906
 10
1903.517730712891
 20
-500.0997619628906
 10
1903.517730712891
 20
-499.9297180175781
 10
1903.507781982422
 20
-499.7597351074219
 10
1903.497772216797
 20
-499.5897521972656
 10
1903.497772216797
 20
-499.5897521972656
 10
1913.957733154297
 20
-499.5897521972656
 10
1913.957733154297
 20
-499.5897521972656
 10
1913.957733154297
 20
-499.5897521972656
 10
1918.217742919922
 20
-499.5797424316406
 10
1918.217742919922
 20
-499.5797424316406
 10
1918.217742919922
 20
-499.5797424316406
 10
1923.287750244141
 20
-499.5897521972656
 10
1923.287750244141
 20
-499.5897521972656
 10
1923.287750244141
 20
-499.5897521972656
 10
1925.847747802734
 20
-499.5797424316406
 10
1925.847747802734
 20
-499.5797424316406
 10
1925.847747802734
 20
-499.5797424316406
 10
1926.647735595703
 20
-499.5897521972656
 10
1926.647735595703
 20
-499.5897521972656
 10
1926.647735595703
 20
-499.5897521972656
 10
1935.857757568359
 20
-499.5897521972656
 10
1935.857757568359
 20
-499.5897521972656
 10
1935.857757568359
 20
-499.5897521972656
 10
1938.817779541016
 20
-499.5997619628906
 10
1938.817779541016
 20
-499.5997619628906
 10
1938.817779541016
 20
-499.5997619628906
 10
1939.797760009766
 20
-499.5897521972656
 10
1939.797760009766
 20
-499.5897521972656
 10
1939.797760009766
 20
-499.5897521972656
 10
1943.907745361328
 20
-499.5897521972656
 10
1943.907745361328
 20
-499.5897521972656
 10
1943.717742919922
 20
-500.8197326660156
 10
1943.447723388672
 20
-502.0297546386719
 10
1943.107757568359
 20
-503.2097473144531
 10
1942.347747802734
 20
-505.8897399902344
 10
1941.157745361328
 20
-508.3797302246094
 10
1939.567779541016
 20
-510.6897277832031
 10
1937.967742919922
 20
-512.9897155761719
 10
1936.087738037109
 20
-515.0297546386719
 10
1933.927764892578
 20
-516.7997131347656
 10
1931.767730712891
 20
-518.5597229003906
 10
1929.657745361328
 20
-519.9897155761719
 10
1927.607757568359
 20
-521.0697326660156
 10
1925.557769775391
 20
-522.1497497558594
 10
1922.817779541016
 20
-523.3697204589844
 10
1919.407745361328
 20
-524.7397155761719
 10
1922.997772216797
 20
-525.4797668457031
 10
1925.797760009766
 20
-526.2497253417969
 10
1927.817779541016
 20
-527.0497131347656
 10
1929.837738037109
 20
-527.8497619628906
 10
1931.877777099609
 20
-528.9997253417969
 10
1933.927764892578
 20
-530.5097351074219
 10
1935.977752685547
 20
-532.0197448730469
 10
1937.717742919922
 20
-533.7797546386719
 10
1939.137725830078
 20
-535.7997131347656
 10
1940.567779541016
 20
-537.8297424316406
 10
1941.617767333984
 20
-540.0897521972656
 10
1942.297760009766
 20
-542.5997619628906
 10
1942.987762451172
 20
-545.0997619628906
 10
1943.327728271484
 20
-547.7797546386719
 10
1943.327728271484
 20
-550.6297302246094
 10
1943.327728271484
 20
-556.2697448730469
 10
1942.027740478516
 20
-561.4797668457031
 10
1939.437774658203
 20
-566.2597351074219
 10
1936.847747802734
 20
-571.0497131347656
 10
1933.027740478516
 20
-575.0197448730469
 10
1927.987762451172
 20
-578.1797180175781
 10
1922.947723388672
 20
-581.3397521972656
 10
1917.167755126953
 20
-583.5997619628906
 10
1910.647735595703
 20
-584.9697570800781
 10
1904.127777099609
 20
-586.3397521972656
 10
1897.557769775391
 20
-587.0197448730469
 10
1890.957733154297
 20
-587.0197448730469
 97
        0
 97
        0
 75
     2
 76
     1
 98
        0
  0
ENDSEC
  0
SECTION
  2
OBJECTS
  0
DICTIONARY
  5
C
330
0
100
AcDbDictionary
281
     1
  3
ACAD_GROUP
350
D
  3
ACAD_LAYOUT
350
1A
  3
ACAD_MATERIAL
350
3B
  3
ACAD_MLEADERSTYLE
350
6C
  3
ACAD_MLINESTYLE
350
17
  3
ACAD_PLOTSETTINGS
350
19
  3
ACAD_PLOTSTYLENAME
350
E
  3
ACAD_TABLESTYLE
350
6B
  3
ACAD_VISUALSTYLE
350
2A
  0
SUN
  5
3F
330
29
100
AcDbSun
 90
        1
290
     0
 63
     7
421
 16777215
 40
1.0
291
     1
 91
  2455826
 92
 54000000
292
     0
 70
     2
 71
   256
280
     1
  0
DICTIONARY
  5
D
102
{ACAD_REACTORS
330
C
102
}
330
C
100
AcDbDictionary
281
     1
  0
DICTIONARY
  5
1A
102
{ACAD_REACTORS
330
C
102
}
330
C
100
AcDbDictionary
281
     1
  3
Layout1
350
1E
  3
Layout2
350
26
  3
Model
350
22
  0
DICTIONARY
  5
3B
102
{ACAD_REACTORS
330
C
102
}
330
C
100
AcDbDictionary
281
     1
  3
ByBlock
350
3D
  3
ByLayer
350
3C
  3
Global
350
3E
  0
DICTIONARY
  5
6C
102
{ACAD_REACTORS
330
C
102
}
330
C
100
AcDbDictionary
281
     1
  0
DICTIONARY
  5
17
102
{ACAD_REACTORS
330
C
102
}
330
C
100
AcDbDictionary
281
     1
  3
Standard
350
18
  0
DICTIONARY
  5
19
102
{ACAD_REACTORS
330
C
102
}
330
C
100
AcDbDictionary
281
     1
  0
ACDBDICTIONARYWDFLT
  5
E
102
{ACAD_REACTORS
330
C
102
}
330
C
100
AcDbDictionary
281
     1
  3
Normal
350
F
100
AcDbDictionaryWithDefault
340
F
  0
DICTIONARY
  5
6B
102
{ACAD_REACTORS
330
C
102
}
330
C
100
AcDbDictionary
281
     1
  0
DICTIONARY
  5
2A
102
{ACAD_REACTORS
330
C
102
}
330
C
100
AcDbDictionary
281
     1
  3
2dWireframe
350
2F
  3
3D Hidden
350
31
  3
3dWireframe
350
30
  3
Basic
350
32
  3
Brighten
350
36
  3
ColorChange
350
3A
  3
Conceptual
350
34
  3
Dim
350
35
  3
Facepattern
350
39
  3
Flat
350
2B
  3
FlatWithEdges
350
2C
  3
Gouraud
350
2D
  3
GouraudWithEdges
350
2E
  3
Linepattern
350
38
  3
Realistic
350
33
  3
Thicken
350
37
  0
LAYOUT
  5
1E
102
{ACAD_REACTORS
330
1A
102
}
330
1A
100
AcDbPlotSettings
  1

  2
none_device
  4

  6

 40
0.0
 41
0.0
 42
0.0
 43
0.0
 44
0.0
 45
0.0
 46
0.0
 47
0.0
 48
0.0
 49
0.0
140
0.0
141
0.0
142
1.0
143
1.0
 70
   688
 72
     0
 73
     0
 74
     5
  7

 75
    16
 76
     0
 77
     2
 78
   300
147
1.0
148
0.0
149
0.0
100
AcDbLayout
  1
Layout1
 70
     1
 71
     1
 10
0.0
 20
0.0
 11
12.0
 21
9.0
 12
0.0
 22
0.0
 32
0.0
 14
1.000000000000000E+20
 24
1.000000000000000E+20
 34
1.000000000000000E+20
 15
-1.000000000000000E+20
 25
-1.000000000000000E+20
 35
-1.000000000000000E+20
146
0.0
 13
0.0
 23
0.0
 33
0.0
 16
1.0
 26
0.0
 36
0.0
 17
0.0
 27
1.0
 37
0.0
 76
     0
330
1B
  0
LAYOUT
  5
26
102
{ACAD_REACTORS
330
1A
102
}
330
1A
100
AcDbPlotSettings
  1

  2
none_device
  4

  6

 40
0.0
 41
0.0
 42
0.0
 43
0.0
 44
0.0
 45
0.0
 46
0.0
 47
0.0
 48
0.0
 49
0.0
140
0.0
141
0.0
142
1.0
143
1.0
 70
   688
 72
     0
 73
     0
 74
     5
  7

 75
    16
 76
     0
 77
     2
 78
   300
147
1.0
148
0.0
149
0.0
100
AcDbLayout
  1
Layout2
 70
     1
 71
     2
 10
0.0
 20
0.0
 11
0.0
 21
0.0
 12
0.0
 22
0.0
 32
0.0
 14
0.0
 24
0.0
 34
0.0
 15
0.0
 25
0.0
 35
0.0
146
0.0
 13
0.0
 23
0.0
 33
0.0
 16
1.0
 26
0.0
 36
0.0
 17
0.0
 27
1.0
 37
0.0
 76
     0
330
23
  0
LAYOUT
  5
22
102
{ACAD_REACTORS
330
1A
102
}
330
1A
100
AcDbPlotSettings
  1

  2
none_device
  4

  6

 40
0.0
 41
0.0
 42
0.0
 43
0.0
 44
0.0
 45
0.0
 46
0.0
 47
0.0
 48
0.0
 49
0.0
140
0.0
141
0.0
142
1.0
143
1.0
 70
  1712
 72
     0
 73
     0
 74
     0
  7

 75
     0
 76
     0
 77
     2
 78
   300
147
1.0
148
0.0
149
0.0
100
AcDbLayout
  1
Model
 70
     1
 71
     0
 10
0.0
 20
0.0
 11
12.0
 21
9.0
 12
0.0
 22
0.0
 32
0.0
 14
1.000000000000000E+20
 24
1.000000000000000E+20
 34
1.000000000000000E+20
 15
-1.000000000000000E+20
 25
-1.000000000000000E+20
 35
-1.000000000000000E+20
146
0.0
 13
0.0
 23
0.0
 33
0.0
 16
1.0
 26
0.0
 36
0.0
 17
0.0
 27
1.0
 37
0.0
 76
     0
330
1F
331
29
  0
MATERIAL
  5
3D
102
{ACAD_REACTORS
330
3B
102
}
330
3B
100
AcDbMaterial
  1
ByBlock
 72
     1
 94
      127
  0
MATERIAL
  5
3C
102
{ACAD_REACTORS
330
3B
102
}
330
3B
100
AcDbMaterial
  1
ByLayer
 72
     1
 94
      127
  0
MATERIAL
  5
3E
102
{ACAD_REACTORS
330
3B
102
}
330
3B
100
AcDbMaterial
  1
Global
 72
     1
 94
      127
  0
MLINESTYLE
  5
18
102
{ACAD_REACTORS
330
17
102
}
330
17
100
AcDbMlineStyle
  2
Standard
 70
     0
  3

 62
   256
 51
90.0
 52
90.0
 71
     2
 49
0.5
 62
   256
  6
BYLAYER
 49
-0.5
 62
   256
  6
BYLAYER
  0
ACDBPLACEHOLDER
  5
F
102
{ACAD_REACTORS
330
E
102
}
330
E
  0
VISUALSTYLE
  5
2F
102
{ACAD_REACTORS
330
2A
102
}
330
2A
100
AcDbVisualStyle
  2
2dWireframe
 70
     4
177
     2
291
     0
 71
     0
176
     1
 72
     2
176
     1
 73
     0
176
     1
 90
        0
176
     1
 40
-0.6
176
     1
 41
-30.0
176
     1
 62
     5
 63
     7
421
 16777215
176
     1
 74
     1
176
     1
 91
        4
176
     1
 64
     7
176
     1
 65
   257
176
     1
 75
     1
176
     1
175
     1
176
     1
 42
1.0
176
     1
 92
        0
176
     1
 66
   257
176
     1
 43
1.0
176
     1
 76
     1
176
     1
 77
     6
176
     1
 78
     2
176
     1
 67
     7
176
     1
 79
     5
176
     1
170
     0
176
     1
171
     0
176
     1
290
     0
176
     1
 93
        1
176
     1
 44
0.0
176
     1
173
     0
176
     1
  0
VISUALSTYLE
  5
31
102
{ACAD_REACTORS
330
2A
102
}
330
2A
100
AcDbVisualStyle
  2
3D Hidden
 70
     6
177
     2
291
     0
 71
     1
176
     1
 72
     2
176
     1
 73
     2
176
     1
 90
        0
176
     1
 40
-0.6
176
     1
 41
-30.0
176
     1
 62
     5
 63
     7
421
 16777215
176
     1
 74
     2
176
     1
 91
        2
176
     1
 64
     7
176
     1
 65
   257
176
     1
 75
     2
176
     1
175
     1
176
     1
 42
40.0
176
     1
 92
        0
176
     1
 66
   257
176
     1
 43
1.0
176
     1
 76
     1
176
     1
 77
     6
176
     1
 78
     2
176
     1
 67
     7
176
     1
 79
     3
176
     1
170
     0
176
     1
171
     0
176
     1
290
     0
176
     1
 93
        1
176
     1
 44
0.0
176
     1
173
     0
176
     1
  0
VISUALSTYLE
  5
30
102
{ACAD_REACTORS
330
2A
102
}
330
2A
100
AcDbVisualStyle
  2
3dWireframe
 70
     5
177
     2
291
     0
 71
     0
176
     1
 72
     2
176
     1
 73
     0
176
     1
 90
        0
176
     1
 40
-0.6
176
     1
 41
-30.0
176
     1
 62
     5
 63
     7
421
 16777215
176
     1
 74
     1
176
     1
 91
        4
176
     1
 64
     7
176
     1
 65
   257
176
     1
 75
     1
176
     1
175
     1
176
     1
 42
1.0
176
     1
 92
        0
176
     1
 66
   257
176
     1
 43
1.0
176
     1
 76
     1
176
     1
 77
     6
176
     1
 78
     2
176
     1
 67
     7
176
     1
 79
     5
176
     1
170
     0
176
     1
171
     0
176
     1
290
     0
176
     1
 93
        1
176
     1
 44
0.0
176
     1
173
     0
176
     1
  0
VISUALSTYLE
  5
32
102
{ACAD_REACTORS
330
2A
102
}
330
2A
100
AcDbVisualStyle
  2
Basic
 70
     7
177
     2
291
     1
 71
     1
176
     1
 72
     0
176
     1
 73
     1
176
     1
 90
        0
176
     1
 40
-0.6
176
     1
 41
-30.0
176
     1
 62
     5
 63
     7
421
 16777215
176
     1
 74
     0
176
     1
 91
        4
176
     1
 64
     7
176
     1
 65
   257
176
     1
 75
     1
176
     1
175
     1
176
     1
 42
1.0
176
     1
 92
        8
176
     1
 66
     7
176
     1
 43
1.0
176
     1
 76
     1
176
     1
 77
     6
176
     1
 78
     2
176
     1
 67
     7
176
     1
 79
     5
176
     1
170
     0
176
     1
171
     0
176
     1
290
     0
176
     1
 93
        1
176
     1
 44
0.0
176
     1
173
     0
176
     1
  0
VISUALSTYLE
  5
36
102
{ACAD_REACTORS
330
2A
102
}
330
2A
100
AcDbVisualStyle
  2
Brighten
 70
    12
177
     2
291
     1
 71
     2
176
     1
 72
     2
176
     1
 73
     0
176
     1
 90
        0
176
     1
 40
-0.6
176
     1
 41
-30.0
176
     1
 62
     5
 63
     7
421
 16777215
176
     1
 74
     1
176
     1
 91
        4
176
     1
 64
     7
176
     1
 65
   257
176
     1
 75
     1
176
     1
175
     1
176
     1
 42
1.0
176
     1
 92
        8
176
     1
 66
     7
176
     1
 43
1.0
176
     1
 76
     1
176
     1
 77
     6
176
     1
 78
     2
176
     1
 67
     7
176
     1
 79
     5
176
     1
170
     0
176
     1
171
     0
176
     1
290
     0
176
     1
 93
        1
176
     1
 44
50.0
176
     1
173
     0
176
     1
  0
VISUALSTYLE
  5
3A
102
{ACAD_REACTORS
330
2A
102
}
330
2A
100
AcDbVisualStyle
  2
ColorChange
 70
    16
177
     2
291
     1
 71
     2
176
     1
 72
     2
176
     1
 73
     3
176
     1
 90
        0
176
     1
 40
-0.6
176
     1
 41
-30.0
176
     1
 62
     5
 63
     8
421
  8421504
176
     1
 74
     1
176
     1
 91
        4
176
     1
 64
     7
176
     1
 65
   257
176
     1
 75
     1
176
     1
175
     1
176
     1
 42
1.0
176
     1
 92
        8
176
     1
 66
     8
424
  8421504
176
     1
 43
1.0
176
     1
 76
     1
176
     1
 77
     6
176
     1
 78
     2
176
     1
 67
     7
176
     1
 79
     5
176
     1
170
     0
176
     1
171
     0
176
     1
290
     0
176
     1
 93
        1
176
     1
 44
0.0
176
     1
173
     0
176
     1
  0
VISUALSTYLE
  5
34
102
{ACAD_REACTORS
330
2A
102
}
330
2A
100
AcDbVisualStyle
  2
Conceptual
 70
     9
177
     2
291
     0
 71
     3
176
     1
 72
     2
176
     1
 73
     0
176
     1
 90
        0
176
     1
 40
-0.6
176
     1
 41
-30.0
176
     1
 62
     5
 63
     7
421
 16777215
176
     1
 74
     2
176
     1
 91
        2
176
     1
 64
     7
176
     1
 65
   257
176
     1
 75
     1
176
     1
175
     1
176
     1
 42
40.0
176
     1
 92
        8
176
     1
 66
     7
176
     1
 43
1.0
176
     1
 76
     1
176
     1
 77
     6
176
     1
 78
     2
176
     1
 67
     7
176
     1
 79
     3
176
     1
170
     0
176
     1
171
     0
176
     1
290
     0
176
     1
 93
        1
176
     1
 44
0.0
176
     1
173
     0
176
     1
  0
VISUALSTYLE
  5
35
102
{ACAD_REACTORS
330
2A
102
}
330
2A
100
AcDbVisualStyle
  2
Dim
 70
    11
177
     2
291
     1
 71
     2
176
     1
 72
     2
176
     1
 73
     0
176
     1
 90
        0
176
     1
 40
-0.6
176
     1
 41
-30.0
176
     1
 62
     5
 63
     7
421
 16777215
176
     1
 74
     1
176
     1
 91
        4
176
     1
 64
     7
176
     1
 65
   257
176
     1
 75
     1
176
     1
175
     1
176
     1
 42
1.0
176
     1
 92
        8
176
     1
 66
     7
176
     1
 43
1.0
176
     1
 76
     1
176
     1
 77
     6
176
     1
 78
     2
176
     1
 67
     7
176
     1
 79
     5
176
     1
170
     0
176
     1
171
     0
176
     1
290
     0
176
     1
 93
        1
176
     1
 44
-50.0
176
     1
173
     0
176
     1
  0
VISUALSTYLE
  5
39
102
{ACAD_REACTORS
330
2A
102
}
330
2A
100
AcDbVisualStyle
  2
Facepattern
 70
    15
177
     2
291
     1
 71
     2
176
     1
 72
     2
176
     1
 73
     0
176
     1
 90
        0
176
     1
 40
-0.6
176
     1
 41
-30.0
176
     1
 62
     5
 63
     7
421
 16777215
176
     1
 74
     1
176
     1
 91
        4
176
     1
 64
     7
176
     1
 65
   257
176
     1
 75
     1
176
     1
175
     1
176
     1
 42
1.0
176
     1
 92
        8
176
     1
 66
     7
176
     1
 43
1.0
176
     1
 76
     1
176
     1
 77
     6
176
     1
 78
     2
176
     1
 67
     7
176
     1
 79
     5
176
     1
170
     0
176
     1
171
     0
176
     1
290
     0
176
     1
 93
        1
176
     1
 44
0.0
176
     1
173
     0
176
     1
  0
VISUALSTYLE
  5
2B
102
{ACAD_REACTORS
330
2A
102
}
330
2A
100
AcDbVisualStyle
  2
Flat
 70
     0
177
     2
291
     1
 71
     2
176
     1
 72
     1
176
     1
 73
     1
176
     1
 90
        2
176
     1
 40
-0.6
176
     1
 41
30.0
176
     1
 62
     5
 63
     7
421
 16777215
176
     1
 74
     0
176
     1
 91
        4
176
     1
 64
     7
176
     1
 65
   257
176
     1
 75
     1
176
     1
175
     1
176
     1
 42
1.0
176
     1
 92
        8
176
     1
 66
     7
176
     1
 43
1.0
176
     1
 76
     1
176
     1
 77
     6
176
     1
 78
     2
176
     1
 67
     7
176
     1
 79
     5
176
     1
170
     0
176
     1
171
     0
176
     1
290
     0
176
     1
 93
       13
176
     1
 44
0.0
176
     1
173
     0
176
     1
  0
VISUALSTYLE
  5
2C
102
{ACAD_REACTORS
330
2A
102
}
330
2A
100
AcDbVisualStyle
  2
FlatWithEdges
 70
     1
177
     2
291
     1
 71
     2
176
     1
 72
     1
176
     1
 73
     1
176
     1
 90
        2
176
     1
 40
-0.6
176
     1
 41
30.0
176
     1
 62
     5
 63
     7
421
 16777215
176
     1
 74
     1
176
     1
 91
        4
176
     1
 64
     7
176
     1
 65
   257
176
     1
 75
     1
176
     1
175
     1
176
     1
 42
1.0
176
     1
 92
        0
176
     1
 66
   257
176
     1
 43
1.0
176
     1
 76
     1
176
     1
 77
     6
176
     1
 78
     2
176
     1
 67
     7
176
     1
 79
     5
176
     1
170
     0
176
     1
171
     0
176
     1
290
     0
176
     1
 93
       13
176
     1
 44
0.0
176
     1
173
     0
176
     1
  0
VISUALSTYLE
  5
2D
102
{ACAD_REACTORS
330
2A
102
}
330
2A
100
AcDbVisualStyle
  2
Gouraud
 70
     2
177
     2
291
     1
 71
     2
176
     1
 72
     2
176
     1
 73
     1
176
     1
 90
        2
176
     1
 40
-0.6
176
     1
 41
30.0
176
     1
 62
     5
 63
     7
421
 16777215
176
     1
 74
     0
176
     1
 91
        4
176
     1
 64
     7
176
     1
 65
   257
176
     1
 75
     1
176
     1
175
     1
176
     1
 42
1.0
176
     1
 92
        0
176
     1
 66
     7
176
     1
 43
1.0
176
     1
 76
     1
176
     1
 77
     6
176
     1
 78
     2
176
     1
 67
     7
176
     1
 79
     5
176
     1
170
     0
176
     1
171
     0
176
     1
290
     0
176
     1
 93
       13
176
     1
 44
0.0
176
     1
173
     0
176
     1
  0
VISUALSTYLE
  5
2E
102
{ACAD_REACTORS
330
2A
102
}
330
2A
100
AcDbVisualStyle
  2
GouraudWithEdges
 70
     3
177
     2
291
     1
 71
     2
176
     1
 72
     2
176
     1
 73
     1
176
     1
 90
        2
176
     1
 40
-0.6
176
     1
 41
30.0
176
     1
 62
     5
 63
     7
421
 16777215
176
     1
 74
     1
176
     1
 91
        4
176
     1
 64
     7
176
     1
 65
   257
176
     1
 75
     1
176
     1
175
     1
176
     1
 42
1.0
176
     1
 92
        0
176
     1
 66
   257
176
     1
 43
1.0
176
     1
 76
     1
176
     1
 77
     6
176
     1
 78
     2
176
     1
 67
     7
176
     1
 79
     5
176
     1
170
     0
176
     1
171
     0
176
     1
290
     0
176
     1
 93
       13
176
     1
 44
0.0
176
     1
173
     0
176
     1
  0
VISUALSTYLE
  5
38
102
{ACAD_REACTORS
330
2A
102
}
330
2A
100
AcDbVisualStyle
  2
Linepattern
 70
    14
177
     2
291
     1
 71
     2
176
     1
 72
     2
176
     1
 73
     0
176
     1
 90
        0
176
     1
 40
-0.6
176
     1
 41
-30.0
176
     1
 62
     5
 63
     7
421
 16777215
176
     1
 74
     1
176
     1
 91
        4
176
     1
 64
     7
176
     1
 65
   257
176
     1
 75
     7
176
     1
175
     7
176
     1
 42
1.0
176
     1
 92
        8
176
     1
 66
     7
176
     1
 43
1.0
176
     1
 76
     1
176
     1
 77
     6
176
     1
 78
     2
176
     1
 67
     7
176
     1
 79
     5
176
     1
170
     0
176
     1
171
     0
176
     1
290
     0
176
     1
 93
        1
176
     1
 44
0.0
176
     1
173
     0
176
     1
  0
VISUALSTYLE
  5
33
102
{ACAD_REACTORS
330
2A
102
}
330
2A
100
AcDbVisualStyle
  2
Realistic
 70
     8
177
     2
291
     0
 71
     2
176
     1
 72
     2
176
     1
 73
     0
176
     1
 90
        0
176
     1
 40
-0.6
176
     1
 41
-30.0
176
     1
 62
     5
 63
     7
421
 16777215
176
     1
 74
     1
176
     1
 91
        0
176
     1
 64
     7
176
     1
 65
   257
176
     1
 75
     1
176
     1
175
     1
176
     1
 42
1.0
176
     1
 92
        8
176
     1
 66
     8
424
  7895160
176
     1
 43
1.0
176
     1
 76
     1
176
     1
 77
     6
176
     1
 78
     2
176
     1
 67
     7
176
     1
 79
     5
176
     1
170
     0
176
     1
171
     0
176
     1
290
     0
176
     1
 93
       13
176
     1
 44
0.0
176
     1
173
     0
176
     1
  0
VISUALSTYLE
  5
37
102
{ACAD_REACTORS
330
2A
102
}
330
2A
100
AcDbVisualStyle
  2
Thicken
 70
    13
177
     2
291
     1
 71
     2
176
     1
 72
     2
176
     1
 73
     0
176
     1
 90
        0
176
     1
 40
-0.6
176
     1
 41
-30.0
176
     1
 62
     5
 63
     7
421
 16777215
176
     1
 74
     1
176
     1
 91
        4
176
     1
 64
     7
176
     1
 65
   257
176
     1
 75
     1
176
     1
175
     1
176
     1
 42
1.0
176
     1
 92
       12
176
     1
 66
     7
176
     1
 43
1.0
176
     1
 76
     1
176
     1
 77
     6
176
     1
 78
     2
176
     1
 67
     7
176
     1
 79
     5
176
     1
170
     0
176
     1
171
     0
176
     1
290
     0
176
     1
 93
        1
176
     1
 44
0.0
176
     1
173
     0
176
     1
  0
ENDSEC
  0
EOF
