  0
SECTION
  2
HEADER
  9
$ACADVER
  1
AC1018
  9
$ACADMAINTVER
 70
   104
  9
$DWGCODEPAGE
  3
ANSI_1252
  9
$LASTSAVEDBY
  1
Paul
  9
$INSBASE
 10
0.0
 20
0.0
 30
0.0
  9
$EXTMIN
 10
-814.1216678246113
 20
-599.9698435389749
 30
0.0
  9
$EXTMAX
 10
926.0689451355229
 20
343.311049467453
 30
0.0
  9
$LIMMIN
 10
0.0
 20
0.0
  9
$LIMMAX
 10
12.0
 20
9.0
  9
$ORTHOMODE
 70
     0
  9
$REGENMODE
 70
     1
  9
$FILLMODE
 70
     1
  9
$QTEXTMODE
 70
     0
  9
$MIRRTEXT
 70
     1
  9
$LTSCALE
 40
1.0
  9
$ATTMODE
 70
     1
  9
$TEXTSIZE
 40
0.2
  9
$TRACEWID
 40
0.05
  9
$TEXTSTYLE
  7
STANDARD
  9
$CLAYER
  8
0
  9
$CELTYPE
  6
ByLayer
  9
$CECOLOR
 62
   256
  9
$CELTSCALE
 40
1.0
  9
$DISPSILH
 70
     0
  9
$DIMSCALE
 40
1.0
  9
$DIMASZ
 40
0.18
  9
$DIMEXO
 40
0.0625
  9
$DIMDLI
 40
0.38
  9
$DIMRND
 40
0.0
  9
$DIMDLE
 40
0.0
  9
$DIMEXE
 40
0.18
  9
$DIMTP
 40
0.0
  9
$DIMTM
 40
0.0
  9
$DIMTXT
 40
0.18
  9
$DIMCEN
 40
0.09
  9
$DIMTSZ
 40
0.0
  9
$DIMTOL
 70
     0
  9
$DIMLIM
 70
     0
  9
$DIMTIH
 70
     1
  9
$DIMTOH
 70
     1
  9
$DIMSE1
 70
     0
  9
$DIMSE2
 70
     0
  9
$DIMTAD
 70
     0
  9
$DIMZIN
 70
     0
  9
$DIMBLK
  1

  9
$DIMASO
 70
     1
  9
$DIMSHO
 70
     1
  9
$DIMPOST
  1

  9
$DIMAPOST
  1

  9
$DIMALT
 70
     0
  9
$DIMALTD
 70
     2
  9
$DIMALTF
 40
25.4
  9
$DIMLFAC
 40
1.0
  9
$DIMTOFL
 70
     0
  9
$DIMTVP
 40
0.0
  9
$DIMTIX
 70
     0
  9
$DIMSOXD
 70
     0
  9
$DIMSAH
 70
     0
  9
$DIMBLK1
  1

  9
$DIMBLK2
  1

  9
$DIMSTYLE
  2
STANDARD
  9
$DIMCLRD
 70
     0
  9
$DIMCLRE
 70
     0
  9
$DIMCLRT
 70
     0
  9
$DIMTFAC
 40
1.0
  9
$DIMGAP
 40
0.09
  9
$DIMJUST
 70
     0
  9
$DIMSD1
 70
     0
  9
$DIMSD2
 70
     0
  9
$DIMTOLJ
 70
     1
  9
$DIMTZIN
 70
     0
  9
$DIMALTZ
 70
     0
  9
$DIMALTTZ
 70
     0
  9
$DIMUPT
 70
     0
  9
$DIMDEC
 70
     4
  9
$DIMTDEC
 70
     4
  9
$DIMALTU
 70
     2
  9
$DIMALTTD
 70
     2
  9
$DIMTXSTY
  7
STANDARD
  9
$DIMAUNIT
 70
     0
  9
$DIMADEC
 70
     0
  9
$DIMALTRND
 40
0.0
  9
$DIMAZIN
 70
     0
  9
$DIMDSEP
 70
    46
  9
$DIMATFIT
 70
     3
  9
$DIMFRAC
 70
     0
  9
$DIMLDRBLK
  1

  9
$DIMLUNIT
 70
     2
  9
$DIMLWD
 70
    -2
  9
$DIMLWE
 70
    -2
  9
$DIMTMOVE
 70
     0
  9
$LUNITS
 70
     2
  9
$LUPREC
 70
     4
  9
$SKETCHINC
 40
0.1
  9
$FILLETRAD
 40
0.5
  9
$AUNITS
 70
     0
  9
$AUPREC
 70
     0
  9
$MENU
  1
.
  9
$ELEVATION
 40
0.0
  9
$PELEVATION
 40
0.0
  9
$THICKNESS
 40
0.0
  9
$LIMCHECK
 70
     0
  9
$CHAMFERA
 40
0.5
  9
$CHAMFERB
 40
0.5
  9
$CHAMFERC
 40
0.0
  9
$CHAMFERD
 40
0.0
  9
$SKPOLY
 70
     0
  9
$TDCREATE
 40
2454910.500000000
  9
$TDUCREATE
 40
2454910.708333334
  9
$TDUPDATE
 40
2456189.350813982
  9
$TDUUPDATE
 40
2456189.559147315
  9
$TDINDWG
 40
0.0041692014
  9
$TDUSRTIMER
 40
0.0041690278
  9
$USRTIMER
 70
     1
  9
$ANGBASE
 50
0.0
  9
$ANGDIR
 70
     0
  9
$PDMODE
 70
     0
  9
$PDSIZE
 40
0.0
  9
$PLINEWID
 40
0.0
  9
$SPLFRAME
 70
     0
  9
$SPLINETYPE
 70
     6
  9
$SPLINESEGS
 70
     8
  9
$HANDSEED
  5
14E3
  9
$SURFTAB1
 70
     6
  9
$SURFTAB2
 70
     6
  9
$SURFTYPE
 70
     6
  9
$SURFU
 70
     6
  9
$SURFV
 70
     6
  9
$UCSBASE
  2

  9
$UCSNAME
  2

  9
$UCSORG
 10
0.0
 20
0.0
 30
0.0
  9
$UCSXDIR
 10
1.0
 20
0.0
 30
0.0
  9
$UCSYDIR
 10
0.0
 20
1.0
 30
0.0
  9
$UCSORTHOREF
  2

  9
$UCSORTHOVIEW
 70
     0
  9
$UCSORGTOP
 10
0.0
 20
0.0
 30
0.0
  9
$UCSORGBOTTOM
 10
0.0
 20
0.0
 30
0.0
  9
$UCSORGLEFT
 10
0.0
 20
0.0
 30
0.0
  9
$UCSORGRIGHT
 10
0.0
 20
0.0
 30
0.0
  9
$UCSORGFRONT
 10
0.0
 20
0.0
 30
0.0
  9
$UCSORGBACK
 10
0.0
 20
0.0
 30
0.0
  9
$PUCSBASE
  2

  9
$PUCSNAME
  2

  9
$PUCSORG
 10
0.0
 20
0.0
 30
0.0
  9
$PUCSXDIR
 10
1.0
 20
0.0
 30
0.0
  9
$PUCSYDIR
 10
0.0
 20
1.0
 30
0.0
  9
$PUCSORTHOREF
  2

  9
$PUCSORTHOVIEW
 70
     0
  9
$PUCSORGTOP
 10
0.0
 20
0.0
 30
0.0
  9
$PUCSORGBOTTOM
 10
0.0
 20
0.0
 30
0.0
  9
$PUCSORGLEFT
 10
0.0
 20
0.0
 30
0.0
  9
$PUCSORGRIGHT
 10
0.0
 20
0.0
 30
0.0
  9
$PUCSORGFRONT
 10
0.0
 20
0.0
 30
0.0
  9
$PUCSORGBACK
 10
0.0
 20
0.0
 30
0.0
  9
$USERI1
 70
     0
  9
$USERI2
 70
     0
  9
$USERI3
 70
     0
  9
$USERI4
 70
     0
  9
$USERI5
 70
     0
  9
$USERR1
 40
0.0
  9
$USERR2
 40
0.0
  9
$USERR3
 40
0.0
  9
$USERR4
 40
0.0
  9
$USERR5
 40
0.0
  9
$WORLDVIEW
 70
     1
  9
$SHADEDGE
 70
     3
  9
$SHADEDIF
 70
    70
  9
$TILEMODE
 70
     1
  9
$MAXACTVP
 70
    64
  9
$PINSBASE
 10
0.0
 20
0.0
 30
0.0
  9
$PLIMCHECK
 70
     0
  9
$PEXTMIN
 10
1.000000000000000E+20
 20
1.000000000000000E+20
 30
1.000000000000000E+20
  9
$PEXTMAX
 10
-1.000000000000000E+20
 20
-1.000000000000000E+20
 30
-1.000000000000000E+20
  9
$PLIMMIN
 10
0.0
 20
0.0
  9
$PLIMMAX
 10
12.0
 20
9.0
  9
$UNITMODE
 70
     0
  9
$VISRETAIN
 70
     1
  9
$PLINEGEN
 70
     0
  9
$PSLTSCALE
 70
     1
  9
$TREEDEPTH
 70
  3020
  9
$CMLSTYLE
  2
Standard
  9
$CMLJUST
 70
     0
  9
$CMLSCALE
 40
1.0
  9
$PROXYGRAPHICS
 70
     1
  9
$MEASUREMENT
 70
     0
  9
$CELWEIGHT
370
    -1
  9
$ENDCAPS
280
     0
  9
$JOINSTYLE
280
     0
  9
$LWDISPLAY
290
     0
  9
$INSUNITS
 70
     0
  9
$HYPERLINKBASE
  1

  9
$STYLESHEET
  1

  9
$XEDIT
290
     1
  9
$CEPSNTYPE
380
     0
  9
$PSTYLEMODE
290
     1
  9
$FINGERPRINTGUID
  2
{7A482B98-6FD7-4E7F-B466-0FB1270BBDD9}
  9
$VERSIONGUID
  2
{8604BC21-E8D1-4849-9B30-60EA7AB0145C}
  9
$EXTNAMES
290
     1
  9
$PSVPSCALE
 40
0.0
  9
$OLESTARTUP
290
     0
  9
$SORTENTS
280
   127
  9
$INDEXCTL
280
     0
  9
$HIDETEXT
280
     0
  9
$XCLIPFRAME
290
     0
  9
$HALOGAP
280
     0
  9
$OBSCOLOR
 70
   257
  9
$OBSLTYPE
280
     0
  9
$INTERSECTIONDISPLAY
280
     0
  9
$INTERSECTIONCOLOR
 70
   257
  9
$DIMASSOC
280
     1
  9
$PROJECTNAME
  1

  0
ENDSEC
  0
SECTION
  2
CLASSES
  0
CLASS
  1
ACDBDICTIONARYWDFLT
  2
AcDbDictionaryWithDefault
  3
ObjectDBX Classes
 90
        0
 91
        1
280
     0
281
     0
  0
CLASS
  1
MATERIAL
  2
AcDbMaterial
  3
ObjectDBX Classes
 90
     1153
 91
        3
280
     0
281
     0
  0
CLASS
  1
VISUALSTYLE
  2
AcDbVisualStyle
  3
ObjectDBX Classes
 90
     4095
 91
       24
280
     0
281
     0
  0
CLASS
  1
SCALE
  2
AcDbScale
  3
ObjectDBX Classes
 90
     1153
 91
       17
280
     0
281
     0
  0
CLASS
  1
TABLESTYLE
  2
AcDbTableStyle
  3
ObjectDBX Classes
 90
     4095
 91
        1
280
     0
281
     0
  0
CLASS
  1
MLEADERSTYLE
  2
AcDbMLeaderStyle
  3
ACDB_MLEADERSTYLE_CLASS
 90
     4095
 91
        1
280
     0
281
     0
  0
CLASS
  1
ACDBSECTIONVIEWSTYLE
  2
AcDbSectionViewStyle
  3
ObjectDBX Classes
 90
     1025
 91
        1
280
     0
281
     0
  0
CLASS
  1
ACDBDETAILVIEWSTYLE
  2
AcDbDetailViewStyle
  3
ObjectDBX Classes
 90
     1025
 91
        1
280
     0
281
     0
  0
CLASS
  1
SOLID_BACKGROUND
  2
AcDbSolidBackground
  3
SCENEOE
 90
     4095
 91
        1
280
     0
281
     0
  0
CLASS
  1
NPOCOLLECTION
  2
AcDbImpNonPersistentObjectsCollection
  3
ObjectDBX Classes
 90
     1153
 91
        1
280
     0
281
     0
  0
CLASS
  1
DICTIONARYVAR
  2
AcDbDictionaryVar
  3
ObjectDBX Classes
 90
        0
 91
        6
280
     0
281
     0
  0
CLASS
  1
CELLSTYLEMAP
  2
AcDbCellStyleMap
  3
ObjectDBX Classes
 90
     1152
 91
        6
280
     0
281
     0
  0
ENDSEC
  0
SECTION
  2
TABLES
  0
TABLE
  2
VPORT
  5
130E
330
0
100
AcDbSymbolTable
 70
     1
  0
VPORT
  5
137A
330
130E
100
AcDbSymbolTableRecord
100
AcDbViewportTableRecord
  2
*ACTIVE
 70
     0
 10
0.0
 20
0.0
 11
1.0
 21
1.0
 12
6.580883086748027
 22
1.424696777891739
 13
0.0
 23
0.0
 14
0.5
 24
0.5
 15
0.5
 25
0.5
 16
-0.0000000000000462
 26
0.0
 36
209.5253420179711
 17
20.63209295272827
 27
20.21427229046822
 37
0.0
 40
32.54566829842213
 41
1.837758112094395
 42
50.0
 43
0.0
 44
0.0
 50
0.0
 51
0.0
 71
     0
 72
   100
 73
     1
 74
     3
 75
     0
 76
     0
 77
     0
 78
     0
281
     0
 65
     1
110
0.0
120
0.0
130
0.0
111
1.0
121
0.0
131
0.0
112
0.0
122
1.0
132
0.0
 79
     0
146
0.0
1001
ACAD_NAV_VCDISPLAY
1070
     3
  0
ENDTAB
  0
TABLE
  2
LTYPE
  5
130B
330
0
100
AcDbSymbolTable
 70
     3
  0
LTYPE
  5
1360
330
130B
100
AcDbSymbolTableRecord
100
AcDbLinetypeTableRecord
  2
ByBlock
 70
     0
  3

 72
    65
 73
     0
 40
0.0
  0
LTYPE
  5
1361
330
130B
100
AcDbSymbolTableRecord
100
AcDbLinetypeTableRecord
  2
ByLayer
 70
     0
  3

 72
    65
 73
     0
 40
0.0
  0
LTYPE
  5
1362
330
130B
100
AcDbSymbolTableRecord
100
AcDbLinetypeTableRecord
  2
CONTINUOUS
 70
     0
  3
Solid line
 72
    65
 73
     0
 40
0.0
  0
LTYPE
  5
136E
330
130B
100
AcDbSymbolTableRecord
100
AcDbLinetypeTableRecord
  2
PHANTOM2
 70
     0
  3
Phantom (.5x) ___ _ _ ___ _ _ ___ _ _ ___ _ _
 72
    65
 73
     6
 40
1.25
 49
0.625
 74
     0
 49
-0.125
 74
     0
 49
0.125
 74
     0
 49
-0.125
 74
     0
 49
0.125
 74
     0
 49
-0.125
 74
     0
  0
LTYPE
  5
137B
330
130B
100
AcDbSymbolTableRecord
100
AcDbLinetypeTableRecord
  2
CONTINUOUS2
 70
     0
  3
Solid Line
 72
    65
 73
     0
 40
0.0
  0
ENDTAB
  0
TABLE
  2
LAYER
  5
1308
330
0
100
AcDbSymbolTable
 70
     2
  0
LAYER
  5
135A
102
{ACAD_XDICTIONARY
360
1387
102
}
330
1308
100
AcDbSymbolTableRecord
100
AcDbLayerTableRecord
  2
0
 70
     0
 62
     7
  6
CONTINUOUS
370
    -3
390
1315
  0
LAYER
  5
137C
102
{ACAD_XDICTIONARY
360
1389
102
}
330
1308
100
AcDbSymbolTableRecord
100
AcDbLayerTableRecord
  2
SECTIONCUTEDGES
 70
     0
 62
    18
  6
CONTINUOUS
370
    -3
390
1315
  0
ENDTAB
  0
TABLE
  2
STYLE
  5
1309
330
0
100
AcDbSymbolTable
 70
     2
  0
STYLE
  5
135B
330
1309
100
AcDbSymbolTableRecord
100
AcDbTextStyleTableRecord
  2
STANDARD
 70
     0
 40
0.0
 41
1.0
 50
0.0
 71
     0
 42
0.2
  3
txt
  4

  0
STYLE
  5
135F
330
1309
100
AcDbSymbolTableRecord
100
AcDbTextStyleTableRecord
  2
Annotative
 70
     0
 40
0.0
 41
1.0
 50
0.0
 71
     0
 42
0.2
  3
txt
  4

1001
AcadAnnotative
1000
AnnotativeData
1002
{
1070
     1
1070
     1
1002
}
  0
ENDTAB
  0
TABLE
  2
VIEW
  5
130C
330
0
100
AcDbSymbolTable
 70
     0
  0
ENDTAB
  0
TABLE
  2
UCS
  5
130D
330
0
100
AcDbSymbolTable
 70
     0
  0
ENDTAB
  0
TABLE
  2
APPID
  5
130F
330
0
100
AcDbSymbolTable
 70
     4
  0
APPID
  5
135C
330
130F
100
AcDbSymbolTableRecord
100
AcDbRegAppTableRecord
  2
ACAD
 70
     0
  0
APPID
  5
1363
330
130F
100
AcDbSymbolTableRecord
100
AcDbRegAppTableRecord
  2
AcadAnnotative
 70
     0
  0
APPID
  5
1392
330
130F
100
AcDbSymbolTableRecord
100
AcDbRegAppTableRecord
  2
ACAD_NAV_VCDISPLAY
 70
     0
  0
APPID
  5
14E2
330
130F
100
AcDbSymbolTableRecord
100
AcDbRegAppTableRecord
  2
ACAD_MLEADERVER
 70
     0
  0
ENDTAB
  0
TABLE
  2
DIMSTYLE
  5
1310
330
0
100
AcDbSymbolTable
 70
     2
100
AcDbDimStyleTable
 71
     0
  0
DIMSTYLE
105
135D
330
1310
100
AcDbSymbolTableRecord
100
AcDbDimStyleTableRecord
  2
STANDARD
 70
     0
279
     2
340
135B
  0
DIMSTYLE
105
135E
330
1310
100
AcDbSymbolTableRecord
100
AcDbDimStyleTableRecord
  2
Annotative
 70
     0
340
135B
1001
AcadAnnotative
1000
AnnotativeData
1002
{
1070
     1
1070
     1
1002
}
  0
ENDTAB
  0
TABLE
  2
BLOCK_RECORD
  5
1307
330
0
100
AcDbSymbolTable
 70
     2
  0
BLOCK_RECORD
  5
1376
330
1307
100
AcDbSymbolTableRecord
100
AcDbBlockTableRecord
  2
*Model_Space
340
1379
  0
BLOCK_RECORD
  5
1372
330
1307
100
AcDbSymbolTableRecord
100
AcDbBlockTableRecord
  2
*Paper_Space
340
1375
  0
BLOCK_RECORD
  5
137E
330
1307
100
AcDbSymbolTableRecord
100
AcDbBlockTableRecord
  2
$MODEL_SPACE
340
0
  0
BLOCK_RECORD
  5
1380
330
1307
100
AcDbSymbolTableRecord
100
AcDbBlockTableRecord
  2
$PAPER_SPACE
340
0
  0
ENDTAB
  0
ENDSEC
  0
SECTION
  2
BLOCKS
  0
BLOCK
  5
1377
330
1376
100
AcDbEntity
  8
0
100
AcDbBlockBegin
  2
*Model_Space
 70
     0
 10
0.0
 20
0.0
 30
0.0
  3
*Model_Space
  1

  0
ENDBLK
  5
1378
330
1376
100
AcDbEntity
  8
0
100
AcDbBlockEnd
  0
BLOCK
  5
1373
330
1372
100
AcDbEntity
 67
     1
  8
0
100
AcDbBlockBegin
  2
*Paper_Space
 70
     0
 10
0.0
 20
0.0
 30
0.0
  3
*Paper_Space
  1

  0
ENDBLK
  5
1374
330
1372
100
AcDbEntity
 67
     1
  8
0
100
AcDbBlockEnd
  0
BLOCK
  5
137F
330
137E
100
AcDbEntity
  8
0
100
AcDbBlockBegin
  2
$MODEL_SPACE
 70
     0
 10
0.0
 20
0.0
 30
0.0
  3
$MODEL_SPACE
  1

  0
ENDBLK
  5
21
330
137E
100
AcDbEntity
  8
0
100
AcDbBlockEnd
  0
BLOCK
  5
1381
330
1380
100
AcDbEntity
  8
0
100
AcDbBlockBegin
  2
$PAPER_SPACE
 70
     0
 10
0.0
 20
0.0
 30
0.0
  3
$PAPER_SPACE
  1

  0
ENDBLK
  5
1D
330
1380
100
AcDbEntity
  8
0
100
AcDbBlockEnd
  0
ENDSEC
  0
SECTION
  2
ENTITIES
  0
LWPOLYLINE
  5
3C
330
1376
100
AcDbEntity
  8
0
100
AcDbPolyline
 90
        4
 70
     1
 43
0.0
 10
926.0689451355229
 20
-599.9698435389749
 10
-814.1216678246113
 20
-599.9698435389749
 10
-814.1216678246113
 20
343.311049467453
 10
926.0689451355229
 20
343.311049467453
  0
LWPOLYLINE
  5
3E
330
1376
100
AcDbEntity
  8
SECTIONCUTEDGES
100
AcDbPolyline
 90
       19
 70
     1
 43
0.0
 10
169.3859801778829
 20
-553.0184145068069
 42
0.0985971961034988
 10
180.2133358634166
 20
-549.5874826250984
 42
0.1224238611767694
 10
186.9596936716553
 20
-543.339530589107
 42
0.1077311513474369
 10
189.3020432690241
 20
-537.2182254081135
 42
0.1509326895667729
 10
188.0254232732609
 20
-528.7006531943957
 42
0.1070461120175983
 10
183.5349299601712
 20
-522.9344728880123
 42
0.0889816231735231
 10
175.9245228312891
 20
-518.5935694600693
 42
0.0742130172703575
 10
167.8824128367772
 20
-517.0242754943957
 42
0.0705010096087031
 10
159.3016786670052
 20
-517.8523897510822
 42
0.1351936779755224
 10
148.006641546996
 20
-524.1073093006023
 42
0.127408441298826
 10
143.8668806770672
 20
-530.969060328473
 42
0.1980244224058711
 10
144.9802402289288
 20
-541.8904249872613
 42
0.1229868964893963
 10
151.1696454974615
 20
-548.7054429183801
 42
0.0518509978162118
 10
155.8707044364054
 20
-551.1835092387749
 42
0.0502858952194785
 10
161.1345234187839
 20
-552.7029491936611
 42
0.0147782917434799
 10
162.2586761803836
 20
-552.8739716909523
 42
-0.0049257785163316
 10
163.3859801778836
 20
-553.0228132953932
 10
163.3859801778836
 20
-539.4784939266587
 10
169.3859801778829
 20
-539.4784939266587
  0
LWPOLYLINE
  5
3F
330
1376
100
AcDbEntity
  8
SECTIONCUTEDGES
100
AcDbPolyline
 90
       17
 70
     1
 43
0.0
 10
265.6012834394644
 20
-552.5645023813885
 42
0.0279431462121517
 10
270.1084821431406
 20
-551.7037836538328
 42
0.0744092785608247
 10
276.6923929606033
 20
-548.9734679544011
 42
0.1052752829493895
 10
283.0774837642751
 20
-543.008029739123
 42
0.2552381491691184
 10
284.6126069334451
 20
-529.0806933147986
 42
0.1279235716092106
 10
279.4630727441167
 20
-522.2287695199007
 42
0.1033441527699521
 10
270.0369810381126
 20
-517.4893387463127
 42
0.0974798645578859
 10
258.8115833507351
 20
-516.7521027072433
 42
0.100785754579545
 10
248.5102007243409
 20
-520.2766384429826
 42
0.1134085438814436
 10
241.9846296994771
 20
-526.4343469762525
 42
0.2651938614581372
 10
240.961842276569
 20
-541.003363395924
 42
0.1191171977953749
 10
246.1674587798642
 20
-547.3689856108154
 42
0.0973732623636631
 10
255.1655877541651
 20
-551.7607427775384
 42
0.0199300678873543
 10
256.6141724284839
 20
-552.084784568996
 42
0.0097733431781555
 10
259.6012834394648
 20
-552.568901169975
 10
259.6012834394648
 20
-539.0245818012405
 10
265.6012834394644
 20
-539.0245818012405
  0
LWPOLYLINE
  5
40
330
1376
100
AcDbEntity
  8
SECTIONCUTEDGES
100
AcDbPolyline
 90
        4
 70
     1
 43
0.0
 10
662.9078523668059
 20
-258.6313818825405
 10
662.9078521255699
 20
-268.1931366300088
 10
656.9078516928761
 20
-268.19313670395
 10
656.9078516928765
 20
-258.6313824887783
  0
LWPOLYLINE
  5
41
330
1376
100
AcDbEntity
  8
SECTIONCUTEDGES
100
AcDbPolyline
 90
       24
 70
     1
 43
0.0
 10
99.61509219311011
 20
4.866446946410093
 10
100.2840973839901
 20
6.481568351689674
 10
101.3483309556221
 20
7.868504544969511
 10
102.7352671488276
 20
8.932738116696867
 10
104.350388554061
 20
9.601743307689758
 10
106.0836273166694
 20
9.829928519763512
 10
107.8168660792936
 20
9.601743307809982
 10
109.4319874845732
 20
8.932738116929641
 10
110.8189236778532
 20
7.868504545297611
 10
111.883157249581
 20
6.481568352091954
 10
112.5521624405734
 20
4.866446946858076
 10
112.7803476526472
 20
3.133208184250037
 10
112.5521624406935
 20
1.399969421625627
 10
111.8831572498131
 20
-0.215151983653783
 10
110.8189236781813
 20
-1.602088176933278
 10
109.431987484975
 20
-2.666321748661488
 10
107.8168660797423
 20
-3.335326939654038
 10
106.0836273171335
 20
-3.563512151727451
 10
104.3503885545098
 20
-3.33532693977375
 10
102.7352671492294
 20
-2.666321748893579
 10
101.3483309559499
 20
-1.602088177261549
 10
100.2840973842225
 20
-0.2151519840560638
 10
99.61509219323017
 20
1.399969421177644
 10
99.38690698115642
 20
3.133208183785853
  0
LWPOLYLINE
  5
42
330
1376
100
AcDbEntity
  8
SECTIONCUTEDGES
100
AcDbPolyline
 90
       24
 70
     1
 43
0.0
 10
32.45416874309149
 20
4.974831612090696
 10
33.12317393397149
 20
6.589953017370277
 10
34.18740750560369
 20
7.976889210650114
 10
35.574343698809
 20
9.041122782377641
 10
37.18946510404237
 20
9.710127973370191
 10
38.92270386665092
 20
9.938313185444116
 10
40.65594262927482
 20
9.710127973490415
 10
42.27106403455474
 20
9.041122782610244
 10
43.65800022783441
 20
7.976889210978214
 10
44.72223379956261
 20
6.589953017772216
 10
45.39123899055465
 20
4.974831612538849
 10
45.6194242026284
 20
3.24159284993081
 10
45.39123899067488
 20
1.508354087306059
 10
44.72223379979419
 20
-0.1067673179730093
 10
43.65800022816251
 20
-1.493703511252675
 10
42.27106403495634
 20
-2.557937082980885
 10
40.65594262972348
 20
-3.226942273973435
 10
38.92270386711511
 20
-3.455127486046848
 10
37.18946510449086
 20
-3.226942274093147
 10
35.57434369921094
 20
-2.557937083212976
 10
34.18740750593145
 20
-1.493703511580946
 10
33.12317393420409
 20
-0.1067673183758018
 10
32.45416874321154
 20
1.508354086858247
 10
32.22598353113762
 20
3.241592849466456
  0
LWPOLYLINE
  5
43
330
1376
100
AcDbEntity
  8
SECTIONCUTEDGES
100
AcDbPolyline
 90
        4
 70
     1
 43
0.0
 10
-250.3918384104769
 20
294.1717160530997
 10
-250.3918384104808
 20
252.1717237568571
 10
-240.8300839581503
 20
252.1717237568561
 10
-240.8300839581466
 20
294.1717160530986
  0
LWPOLYLINE
  5
44
330
1376
100
AcDbEntity
  8
SECTIONCUTEDGES
100
AcDbPolyline
 90
        4
 70
     1
 43
0.0
 10
691.3738116634703
 20
-555.2708955616176
 10
691.3738116437927
 20
-567.2230866993319
 10
685.373811755726
 20
-567.2230866894539
 10
685.3738117754036
 20
-555.2708955517397
  0
LWPOLYLINE
  5
45
330
1376
100
AcDbEntity
  8
SECTIONCUTEDGES
100
AcDbPolyline
 90
        4
 70
     1
 43
0.0
 10
174.9590363862594
 20
233.0983087590928
 42
-0.7617307916628445
 10
168.2065158035687
 20
241.770814598945
 42
-0.7610623556806925
 10
178.4537782653721
 20
237.7884849263867
 42
-0.1356781283459725
 10
177.3565091145083
 20
234.9650107530596
 42
-0.1352472292956558
  0
LWPOLYLINE
  5
46
330
1376
100
AcDbEntity
  8
SECTIONCUTEDGES
100
AcDbPolyline
 90
        4
 70
     1
 43
0.0
 10
882.7230530578482
 20
-125.3718252613271
 10
882.7230528166127
 20
-134.933580008795
 10
876.7230523839188
 20
-134.9335800827364
 10
876.7230523839195
 20
-125.3718258675646
  0
LWPOLYLINE
  5
47
330
1376
100
AcDbEntity
  8
SECTIONCUTEDGES
100
AcDbPolyline
 90
        4
 70
     1
 43
0.0
 10
-155.1936158065229
 20
-40.72829010195735
 10
-155.1936153841022
 20
7.121510496211925
 10
-164.7553698651338
 20
7.121510638687908
 10
-164.7553702875547
 20
-40.72828995948102
  0
LWPOLYLINE
  5
48
330
1376
100
AcDbEntity
  8
SECTIONCUTEDGES
100
AcDbPolyline
 90
        4
 70
     1
 43
0.0
 10
503.4885288783199
 20
228.5728221593938
 42
-0.3851344962458749
 10
496.2991460722031
 20
231.1652729073064
 42
-0.3840409245187839
 10
498.1485091060268
 20
238.5972962043377
 42
-0.4450439756290648
 10
506.3659524862983
 20
236.5524915242875
 42
-0.4439031050201969
  0
LWPOLYLINE
  5
49
330
1376
100
AcDbEntity
  8
SECTIONCUTEDGES
100
AcDbPolyline
 90
        4
 70
     1
 43
0.0
 10
827.7801449537404
 20
302.9585999915675
 10
837.3418997727778
 20
302.9585998222821
 10
837.3418985613506
 20
296.9586028533779
 10
827.780144932076
 20
296.9586030800638
  0
LWPOLYLINE
  5
4A
330
1376
100
AcDbEntity
  8
SECTIONCUTEDGES
100
AcDbPolyline
 90
        8
 70
     1
 43
0.0
 10
865.3717391769635
 20
201.5319427600711
 42
-0.0833137421009357
 10
850.8256676141181
 20
192.7805114068308
 42
-0.1580806918817704
 10
819.9745314472183
 20
190.8711407239173
 42
-0.418062896465956
 10
784.0459681532103
 20
252.6038974670044
 42
-0.4176651925200632
 10
846.2627433472134
 20
287.784807495048
 42
-0.195857147053816
 10
876.0629310585837
 20
264.4906824847871
 42
-0.1955016475230039
 10
881.1388940960872
 20
226.9443768802462
 42
-0.0760373744179775
 10
875.1589132614595
 20
212.938763673291
 42
-0.0770546239952264
  0
LWPOLYLINE
  5
4B
330
1376
100
AcDbEntity
  8
SECTIONCUTEDGES
100
AcDbPolyline
 90
        4
 70
     1
 43
0.0
 10
827.7801446640939
 20
176.0212774029141
 10
827.7801446640939
 20
182.0212773837804
 10
837.3418991164239
 20
182.0212773837804
 10
837.3418991164239
 20
176.0212774029141
  0
LWPOLYLINE
  5
4C
330
1376
100
AcDbEntity
  8
SECTIONCUTEDGES
100
AcDbPolyline
 90
        4
 70
     1
 43
0.0
 10
664.1888338894813
 20
296.9586029231732
 10
664.1888339111461
 20
302.958599864195
 10
673.7505886643133
 20
302.9585996949093
 10
673.7505874528868
 20
296.9586026964874
  0
LWPOLYLINE
  5
4D
330
1376
100
AcDbEntity
  8
SECTIONCUTEDGES
100
AcDbPolyline
 90
       10
 70
     1
 43
0.0
 10
793.6871654004029
 20
179.1901966271738
 42
0.0960093316327901
 10
818.7152277754227
 20
169.1500967942102
 42
0.0688531226141099
 10
839.0962111905531
 20
168.0774884992054
 42
0.0677108291090117
 10
857.0882918052685
 20
172.1032311376957
 42
0.0647588045173051
 10
874.138791492766
 20
181.0815221538973
 42
0.0422878931010091
 10
883.0311163751614
 20
188.5492555038784
 42
0.0760867783188883
 10
896.0318432426554
 20
206.1627115935998
 42
0.2102021966622318
 10
900.0426016237614
 20
263.6975137931631
 42
0.4043037507355072
 10
810.547666679192
 20
307.7704961444843
 42
0.2901519343099597
 10
761.4164846740613
 20
248.8659325942073
 42
0.2897881946716541
  0
LWPOLYLINE
  5
4E
330
1376
100
AcDbEntity
  8
SECTIONCUTEDGES
100
AcDbPolyline
 90
       10
 70
     1
 43
0.0
 10
634.2943235301758
 20
203.1523113099019
 42
-0.2112846636874642
 10
618.776158247943
 20
240.6055324379428
 42
-0.1113582216858037
 10
624.221343992168
 20
262.3432068622118
 42
-0.0888598077701053
 10
634.529610457416
 20
276.0589557589447
 42
-0.0859123597994773
 10
649.3889877470016
 20
285.7442427817051
 42
-0.0631269802423715
 10
661.0973216621403
 20
289.1128815663036
 42
-0.1143791655793834
 10
683.856491093613
 20
287.4322882720287
 42
-0.1732454394372634
 10
710.8021029058435
 20
267.1783492582235
 42
-0.1727616968743033
 10
718.8688136999997
 20
234.3573630975984
 42
-0.2865213989849008
 10
686.3432183618727
 20
192.3823825021429
 42
-0.2862065600356337
  0
LWPOLYLINE
  5
4F
330
1376
100
AcDbEntity
  8
SECTIONCUTEDGES
100
AcDbPolyline
 90
        4
 70
     1
 43
0.0
 10
664.1888336051705
 20
176.0212774027749
 10
664.1888336051705
 20
182.0212773836412
 10
673.7505880575005
 20
182.0212773836412
 10
673.7505880575005
 20
176.0212774027749
  0
LWPOLYLINE
  5
50
330
1376
100
AcDbEntity
  8
SECTIONCUTEDGES
100
AcDbPolyline
 90
        6
 70
     1
 43
0.0
 10
622.9496162317397
 20
180.5785928969191
 42
0.2069569512464494
 10
680.4305189797563
 20
165.3817118496921
 42
0.2832045121951103
 10
740.4662038608643
 20
216.1175844406708
 42
0.4106810854278143
 10
693.4830005545708
 20
310.4346766645938
 42
0.4107209549485706
 10
598.6151241010149
 20
264.5905062771494
 42
0.1570615385530822
 10
597.2546689595007
 20
218.7020064177994
 42
0.1568264233255816
  0
LWPOLYLINE
  5
51
330
1376
100
AcDbEntity
  8
SECTIONCUTEDGES
100
AcDbPolyline
 90
        4
 70
     1
 43
0.0
 10
496.6003764447092
 20
291.3321955436119
 10
496.6003764447085
 20
297.3321926553378
 10
506.1621300925832
 20
297.3321926553378
 10
506.1621300925834
 20
291.3321955436115
  0
LWPOLYLINE
  5
52
330
1376
100
AcDbEntity
  8
SECTIONCUTEDGES
100
AcDbPolyline
 90
        8
 70
     1
 43
0.0
 10
513.5730133322851
 20
246.0962181532072
 10
530.2163473366585
 20
274.9233182561247
 42
0.0063025613750714
 10
531.7825439412946
 20
273.7932317510799
 42
-0.0189096871809171
 10
533.3197565188498
 20
272.6240248383977
 42
-0.0171874657256366
 10
535.1609128670619
 20
271.0012459134607
 42
-0.0123208621458847
 10
537.5909743222292
 20
268.5902959645253
 42
-0.0189255190874459
 10
539.5902306423383
 20
266.3421136412496
 42
-0.0124687728116757
 10
542.4041225285215
 20
262.7468076710568
  0
LWPOLYLINE
  5
53
330
1376
100
AcDbEntity
  8
SECTIONCUTEDGES
100
AcDbPolyline
 90
        4
 70
     1
 43
0.0
 10
501.3403279428256
 20
251.1631623457781
 10
492.725104314154
 20
283.3156146465487
 42
-0.0576990929807054
 10
503.4776096549395
 20
283.9888573538398
 42
-0.0248234722416418
 10
509.9532560057893
 20
283.3235799264022
  0
LWPOLYLINE
  5
54
330
1376
100
AcDbEntity
  8
SECTIONCUTEDGES
100
AcDbPolyline
 90
        6
 70
     1
 43
0.0
 10
518.6399575248486
 20
233.8635327637462
 10
550.7924098256116
 20
242.4787563924179
 42
-0.0355092422065378
 10
551.5087108866567
 20
234.5763724624222
 42
-0.0377919540409432
 10
551.0903089313124
 20
227.1313697103539
 42
-0.0079747013924741
 10
550.9503414726246
 20
226.19021650275
 42
0.0026581837096737
 10
550.8003751054656
 20
225.2506047007831
  0
LWPOLYLINE
  5
55
330
1376
100
AcDbEntity
  8
SECTIONCUTEDGES
100
AcDbPolyline
 90
        7
 70
     1
 43
0.0
 10
505.8028442863259
 20
244.6378848056424
 10
515.8024391126931
 20
281.9708948525019
 42
0.0061992472869324
 10
516.0298601630167
 20
281.9154154134858
 42
-0.0185996480117432
 10
516.2558357347253
 20
281.8543143228676
 10
520.9041279079086
 20
280.153014035586
 42
-0.0183883202003943
 10
523.0304045532319
 20
279.160655407886
 42
0.0061288260934311
 10
525.1317170677456
 20
278.1164745161021
  0
LWPOLYLINE
  5
56
330
1376
100
AcDbEntity
  8
SECTIONCUTEDGES
100
AcDbPolyline
 90
        4
 70
     1
 43
0.0
 10
512.1144209022103
 20
238.3266745878232
 10
545.5511736044922
 20
257.6355769329262
 42
-0.0260723812111601
 10
547.4770308701746
 20
253.6031471820664
 42
-0.0207028784404761
 10
549.4169970221372
 20
248.3218697347615
  0
LWPOLYLINE
  5
57
330
1376
100
AcDbEntity
  8
SECTIONCUTEDGES
100
AcDbPolyline
 90
        6
 70
     1
 43
0.0
 10
496.8771861187541
 20
244.6376257231148
 10
477.5714344950523
 20
278.0689223984061
 42
-0.0121756488022753
 10
481.7889629298625
 20
280.0758298052711
 42
-0.0195652134031334
 10
484.4881473773212
 20
281.1560016062214
 42
-0.0093628721008325
 10
485.6826217587892
 20
281.5555726871714
 42
0.0031208763062654
 10
486.8819909718089
 20
281.9402018430793
  0
LWPOLYLINE
  5
58
330
1376
100
AcDbEntity
  8
SECTIONCUTEDGES
100
AcDbPolyline
 90
        4
 70
     1
 43
0.0
 10
512.1146799847459
 20
229.4010164202341
 10
549.411199866383
 20
219.4111954338809
 42
-0.0234220907183838
 10
547.7263790458072
 20
214.7245075466508
 42
-0.0228067929449234
 10
545.5592547825534
 20
210.091782157792
  0
LWPOLYLINE
  5
59
330
1376
100
AcDbEntity
  8
SECTIONCUTEDGES
100
AcDbPolyline
 90
        6
 70
     1
 43
0.0
 10
460.2805424504445
 20
262.739552157577
 42
-0.0147779084855397
 10
463.2324573425018
 20
266.4990180668513
 42
-0.0285392892553414
 10
466.6736303436931
 20
270.176128570491
 42
-0.018437648086335
 10
468.8096668069394
 20
272.0670213247222
 42
-0.0113451598074803
 10
472.457053035513
 20
274.9273273494407
 10
489.1076425533636
 20
246.0962181532038
  0
LWPOLYLINE
  5
5A
330
1376
100
AcDbEntity
  8
SECTIONCUTEDGES
100
AcDbPolyline
 90
        7
 70
     1
 43
0.0
 10
530.2236028501398
 20
192.7997381780493
 10
513.5730133322868
 20
221.6308473742855
 10
542.4001134352075
 20
204.9875133699129
 42
-0.0145288346268782
 10
539.1496918849735
 20
200.8340900969913
 42
-0.0226529481639136
 10
536.8721678567168
 20
198.3316928848997
 10
533.3197658003399
 20
195.1030495999624
 42
-0.0183936297313298
 10
531.7858055263935
 20
193.9324118532254
 42
0.0061305954050147
  0
LWPOLYLINE
  5
5B
330
1376
100
AcDbEntity
  8
SECTIONCUTEDGES
100
AcDbPolyline
 90
        6
 70
     1
 43
0.0
 10
453.2740269683602
 20
248.3146457712454
 42
-0.012918464512673
 10
454.6120093120372
 20
252.184990244184
 42
-0.0187580855806836
 10
455.7005511116102
 20
254.787251694776
 42
-0.010897542122675
 10
456.4006308198135
 20
256.2164286762809
 42
0.0036323862316504
 10
457.1214011031001
 20
257.6352833696981
 10
490.5659759009211
 20
238.3260491072467
  0
LWPOLYLINE
  5
5C
330
1376
100
AcDbEntity
  8
SECTIONCUTEDGES
100
AcDbPolyline
 90
        7
 70
     1
 43
0.0
 10
515.806602353649
 20
185.757240755766
 10
505.8034697668946
 20
223.0894398043827
 10
525.1311130222839
 20
189.6202339273205
 42
0.0062479180768601
 10
523.0304118355383
 20
188.5707349665053
 42
-0.0187457056328098
 10
520.9041409667376
 20
187.5740576178917
 10
516.2558496493087
 20
185.8727557819477
 42
-0.0185991657909903
 10
516.0319421166487
 20
185.812213238943
 42
0.0061990865970745
  0
LWPOLYLINE
  5
5D
330
1376
100
AcDbEntity
  8
SECTIONCUTEDGES
100
AcDbPolyline
 90
        8
 70
     1
 43
0.0
 10
451.8882460600393
 20
225.2483091350682
 42
0.0064291888932623
 10
451.591786467709
 20
227.015866674991
 42
-0.0192896929204739
 10
451.3408751082001
 20
228.7904628083385
 10
451.0847101097243
 20
233.863531619688
 10
451.3408748006719
 20
238.936599514312
 42
-0.0188957071497599
 10
451.588283203517
 20
240.7099274317072
 42
0.0062979028443516
 10
451.8802807801845
 20
242.4764608267025
 10
484.0406983608028
 20
233.8635327637418
  0
LWPOLYLINE
  5
5E
330
1376
100
AcDbEntity
  8
SECTIONCUTEDGES
100
AcDbPolyline
 90
        6
 70
     1
 43
0.0
 10
492.7273998798615
 20
184.403485601088
 10
501.3403279428256
 20
216.5639031817114
 10
509.9555515714968
 20
184.4114508809413
 42
-0.0130894016992852
 10
505.5685320402975
 20
183.8715352833988
 42
-0.0365350393418949
 10
498.8418617166022
 20
183.7151760705179
 42
-0.0155766877783889
 10
496.1282828670904
 20
183.9353158002282
 42
-0.012351924422575
  0
LWPOLYLINE
  5
5F
330
1376
100
AcDbEntity
  8
SECTIONCUTEDGES
100
AcDbPolyline
 90
        6
 70
     1
 43
0.0
 10
457.1288174045833
 20
210.0911046446838
 42
-0.0206225799804827
 10
454.2394511145045
 20
216.4665068605569
 42
-0.0199783101118241
 10
453.3494966803324
 20
218.9481755389989
 42
-0.0197659444016621
 10
453.2887627644574
 20
219.1721050045753
 42
0.0065878855927994
 10
453.2339500522383
 20
219.3975569521605
 10
490.566234983463
 20
229.4003909396694
  0
LWPOLYLINE
  5
60
330
1376
100
AcDbEntity
  8
SECTIONCUTEDGES
100
AcDbPolyline
 90
        6
 70
     1
 43
0.0
 10
477.568577336854
 20
189.6446059239993
 10
496.8778115993249
 20
223.0891807218488
 10
486.8880592340588
 20
185.7929170337724
 42
-0.0122335292599016
 10
483.1371777602225
 20
187.0924982789702
 42
-0.0179913206120683
 10
480.6443017891123
 20
188.1288078799921
 42
-0.0104775471121458
 10
479.101145722128
 20
188.8759651044138
 42
0.0034924021094447
  0
LWPOLYLINE
  5
61
330
1376
100
AcDbEntity
  8
SECTIONCUTEDGES
100
AcDbPolyline
 90
        4
 70
     1
 43
0.0
 10
496.6003761402775
 20
170.3948701737973
 10
496.6003761402779
 20
176.3948701546641
 10
506.1621305926072
 20
176.3948701546641
 10
506.1621305926081
 20
170.3948701737973
  0
LWPOLYLINE
  5
62
330
1376
100
AcDbEntity
  8
SECTIONCUTEDGES
100
AcDbPolyline
 90
        6
 70
     1
 43
0.0
 10
472.4643085489775
 20
192.8037472713486
 42
-0.0243965277130926
 10
467.3546832310347
 20
196.9477260749011
 42
-0.0420819570828124
 10
462.2188638721551
 20
202.3895405916972
 42
-0.0108893474487921
 10
461.2382950809741
 20
203.6778491415842
 42
0.0036296549617759
 10
460.2765333571148
 20
204.9802578564149
 10
489.1076425533555
 20
221.6308473742726
  0
LWPOLYLINE
  5
63
330
1376
100
AcDbEntity
  8
SECTIONCUTEDGES
100
AcDbPolyline
 90
        4
 70
     1
 43
0.0
 10
568.1346586088492
 20
96.48754665554825
 10
568.1346586088492
 20
106.0493011078785
 10
574.1346592827779
 20
106.0493011078785
 10
574.1346592827779
 20
96.48754665554825
  0
LWPOLYLINE
  5
64
330
1376
100
AcDbEntity
  8
SECTIONCUTEDGES
100
AcDbPolyline
 90
       11
 70
     1
 43
0.0
 10
570.1253428453623
 20
115.9897562889065
 10
565.2144428247198
 20
104.7688751766677
 10
559.7178162711507
 20
107.1745136630911
 10
562.2995537500547
 20
113.0943425867887
 10
557.9578042185708
 20
113.1037569988358
 42
0.1464551649258953
 10
557.1579052541546
 20
112.6876051735398
 42
0.1962815011175781
 10
556.3680601528523
 20
110.8831677461467
 10
556.3872743002012
 20
100.5014742055374
 42
0.5977764090636723
 10
579.9077263393793
 20
89.37693095672395
 42
0.5977663545137278
 10
576.2118842671833
 20
115.1319044720181
 42
0.0527232947643136
 10
573.4691755286597
 20
115.8187197338024
 42
0.0444867121453931
  0
LWPOLYLINE
  5
65
330
1376
100
AcDbEntity
  8
SECTIONCUTEDGES
100
AcDbPolyline
 90
        4
 70
     1
 43
0.0
 10
334.1361885732894
 20
296.9586027734633
 10
334.1361885732887
 20
302.958599885189
 10
343.6979422211633
 20
302.958599885189
 10
343.6979422211638
 20
296.958602773463
  0
LWPOLYLINE
  5
66
330
1376
100
AcDbEntity
  8
SECTIONCUTEDGES
100
AcDbPolyline
 90
        6
 70
     1
 43
0.0
 10
452.655432933458
 20
177.1851592331547
 42
0.2541361702446851
 10
522.5483536829873
 20
161.8840409832303
 42
0.2541338327206615
 10
573.4161451799767
 20
212.1999939681871
 42
0.4141163423973613
 10
523.3215089327266
 20
305.6421452177972
 42
0.4143108405755103
 10
429.9103824550646
 20
255.5641308693703
 42
0.1448904224086171
 10
429.6831210680146
 20
213.0261652018816
 42
0.1447747130432893
  0
LWPOLYLINE
  5
67
330
1376
100
AcDbEntity
  8
SECTIONCUTEDGES
100
AcDbPolyline
 90
        6
 70
     1
 43
0.0
 10
533.0239286953502
 20
96.40647310141808
 42
-0.3559453214277499
 10
529.3446908201913
 20
102.5873144847432
 42
-0.1886873564086925
 10
531.3692923358241
 20
106.1235030537566
 42
-0.3151577005665603
 10
537.9130885050245
 20
106.5640171792677
 42
-0.3169605376113691
 10
540.5362776425557
 20
100.5861851710108
 42
-0.2190823900437478
 10
537.751241834687
 20
96.78019725725423
 42
-0.2177650817991216
  0
LWPOLYLINE
  5
68
330
1376
100
AcDbEntity
  8
SECTIONCUTEDGES
100
AcDbPolyline
 90
       10
 70
     1
 43
0.0
 10
526.1410259241018
 20
89.90730681726288
 42
0.1669625289761206
 10
534.9038374001544
 20
86.9725626689196
 42
0.2186951244468312
 10
546.3707296882666
 20
92.34737756562569
 42
0.177290746957218
 10
549.7447842018781
 20
101.5638800002063
 42
0.171132053476645
 10
546.3707296882666
 20
111.1332192332092
 42
0.1893969539941613
 10
537.2610349351881
 20
116.3306619625059
 42
0.1835590881303046
 10
526.7199706183661
 20
113.9849807179576
 42
0.1641506514531354
 10
521.104952003137
 20
106.8000880757466
 42
0.1580292661704639
 10
520.8734075201797
 20
97.34917017242517
 42
0.0819311348922252
 10
522.8076615586363
 20
93.37006930763228
 42
0.0753394747062666
  0
LWPOLYLINE
  5
69
330
1376
100
AcDbEntity
  8
SECTIONCUTEDGES
100
AcDbPolyline
 90
        8
 70
     1
 43
0.0
 10
351.108825460865
 20
251.7226253830583
 10
367.7521594652388
 20
280.5497254859761
 42
0.00630256137504
 10
369.3183560698745
 20
279.4196389809313
 42
-0.0189096871809508
 10
370.85556864743
 20
278.250432068249
 42
-0.0171874657255818
 10
372.6967249956425
 20
276.6276531433118
 42
-0.0123208621459572
 10
375.1267864508096
 20
274.2167031943773
 42
-0.0189255190874691
 10
377.1260427709195
 20
271.9685208711005
 42
-0.0124687728117151
 10
379.9399346571016
 20
268.3732149009084
  0
LWPOLYLINE
  5
6A
330
1376
100
AcDbEntity
  8
SECTIONCUTEDGES
100
AcDbPolyline
 90
       12
 70
     1
 43
0.0
 10
615.4356263498604
 20
7.251723395870925
 10
724.3557763917639
 20
7.251709481973733
 10
746.6309537920514
 20
14.00536138119
 10
746.6309537920514
 20
128.4266414668473
 10
724.3557763917639
 20
135.180293366063
 10
615.4356263498604
 20
135.1802794521659
 10
615.4356263498528
 20
123.5504075996234
 10
722.631499039163
 20
123.550418908572
 10
735.0010830679069
 20
119.8447961428627
 10
735.0010830679069
 20
22.58720670517394
 10
722.631499039163
 20
18.88158393946494
 10
615.4356263498528
 20
18.88159524841305
  0
LWPOLYLINE
  5
6B
330
1376
100
AcDbEntity
  8
SECTIONCUTEDGES
100
AcDbPolyline
 90
        6
 70
     1
 43
0.0
 10
356.1757696534288
 20
239.4899399935979
 10
388.3282219541915
 20
248.1051636222694
 42
-0.0355092422065138
 10
389.0445230152367
 20
240.2027796922684
 42
-0.0377919540408822
 10
388.6261210598924
 20
232.7577769402052
 42
-0.0079747013924214
 10
388.4861536012051
 20
231.8166237326016
 42
0.0026581837096172
 10
388.3361872340455
 20
230.8770119306346
  0
LWPOLYLINE
  5
6C
330
1376
100
AcDbEntity
  8
SECTIONCUTEDGES
100
AcDbPolyline
 90
        4
 70
     1
 43
0.0
 10
338.8761400714055
 20
256.7895695756304
 10
330.2609164427344
 20
288.9420218764002
 42
-0.0576990929806637
 10
341.0134217835192
 20
289.6152645836909
 42
-0.0248234722415872
 10
347.4890681343694
 20
288.9499871562533
  0
LWPOLYLINE
  5
6D
330
1376
100
AcDbEntity
  8
SECTIONCUTEDGES
100
AcDbPolyline
 90
        4
 70
     1
 43
0.0
 10
349.65023303079
 20
243.9530818176749
 10
383.0869857330728
 20
263.2619841627782
 42
-0.0260723812110545
 10
385.0147429691614
 20
259.2255761850099
 42
-0.0207395144085566
 10
386.9528091507172
 20
253.9482769646126
  0
LWPOLYLINE
  5
6E
330
1376
100
AcDbEntity
  8
SECTIONCUTEDGES
100
AcDbPolyline
 90
        7
 70
     1
 43
0.0
 10
343.3386564149058
 20
250.2642920354934
 10
353.338251241273
 20
287.5973020823535
 42
0.0061992472869324
 10
353.5656722915966
 20
287.5418226433376
 42
-0.0185996480113629
 10
353.7916478633052
 20
287.4807215527193
 10
358.439940036489
 20
285.7794212654372
 42
-0.0183883202003009
 10
360.5662166818123
 20
284.7870626377376
 42
0.0061288260933662
 10
362.6675291963255
 20
283.7428817459539
  0
LWPOLYLINE
  5
6F
330
1376
100
AcDbEntity
  8
SECTIONCUTEDGES
100
AcDbPolyline
 90
        8
 70
     1
 43
0.0
 10
494.7569553482341
 20
96.40647310141808
 42
-0.1608141897726273
 10
492.0085167256628
 20
98.57875461118053
 42
-0.1565283155160318
 10
491.0410502444072
 20
102.0404997987272
 42
-0.2610472944386069
 10
493.8463223195213
 20
106.6292486487721
 42
-0.2511612860814083
 10
499.4087939441084
 20
106.736296049382
 42
-0.1363498971953258
 10
501.4957827108506
 20
104.8155983031936
 42
-0.2402044496522678
 10
501.9424736382458
 20
99.5332584320989
 42
-0.1957557663270799
 10
499.0135978338458
 20
96.53526357235072
 42
-0.1924183439348137
  0
LWPOLYLINE
  5
70
330
1376
100
AcDbEntity
  8
SECTIONCUTEDGES
100
AcDbPolyline
 90
        4
 70
     1
 43
0.0
 10
349.6504921133259
 20
235.0274236500859
 10
386.947011994963
 20
225.0376026637326
 42
-0.0234220907184011
 10
385.2621911743889
 20
220.3509147765057
 42
-0.0228067929449205
 10
383.0950669111336
 20
215.7181893876436
  0
LWPOLYLINE
  5
71
330
1376
100
AcDbEntity
  8
SECTIONCUTEDGES
100
AcDbPolyline
 90
        6
 70
     1
 43
0.0
 10
334.4129982473341
 20
250.2640329529661
 10
315.1072466236322
 20
283.6953296282573
 42
-0.0121756488022142
 10
319.3247750584436
 20
285.7022370351229
 42
-0.0195652134031521
 10
322.0239595059012
 20
286.7824088360725
 42
-0.0093628721008755
 10
323.2184338873695
 20
287.1819799170225
 42
0.0031208763061155
 10
324.4178031003893
 20
287.5666090729311
  0
LWPOLYLINE
  5
72
330
1376
100
AcDbEntity
  8
SECTIONCUTEDGES
100
AcDbPolyline
 90
        4
 70
     1
 43
0.0
 10
341.0606500813827
 20
234.2160812657325
 42
-0.7818205650050207
 10
334.4850548323294
 20
243.1148269670535
 42
-0.7810933800801992
 10
344.4688841732003
 20
238.3394352289712
 42
-0.1229057512469685
 10
343.2816136161128
 20
235.8572291035812
 42
-0.1224474783151643
  0
LWPOLYLINE
  5
73
330
1376
100
AcDbEntity
  8
SECTIONCUTEDGES
100
AcDbPolyline
 90
        4
 70
     1
 43
0.0
 10
488.4529972712499
 20
89.49560972856009
 42
0.6342304953132663
 10
511.420886151289
 20
103.1514981944714
 42
0.6339924707577779
 10
486.2675851370473
 20
112.1818512085241
 42
0.2239958480790681
 10
482.0121064787935
 20
100.3285675678753
 42
0.223817573919785
  0
LWPOLYLINE
  5
74
330
1376
100
AcDbEntity
  8
SECTIONCUTEDGES
100
AcDbPolyline
 90
        7
 70
     1
 43
0.0
 10
367.7594149787202
 20
198.426145407901
 10
351.108825460867
 20
227.2572546041376
 10
379.9359255637877
 20
210.6139205997647
 42
-0.0145288346269634
 10
376.6855040135569
 20
206.4604973268472
 42
-0.0226529481638815
 10
374.4079799852967
 20
203.9581001147515
 10
370.8555779289203
 20
200.7294568298141
 42
-0.0183936297313298
 10
369.3216176549741
 20
199.558819083077
 42
0.0061305954050147
  0
LWPOLYLINE
  5
75
330
1376
100
AcDbEntity
  8
SECTIONCUTEDGES
100
AcDbPolyline
 90
        6
 70
     1
 43
0.0
 10
297.8163545790249
 20
268.3659593874286
 42
-0.0147779084855262
 10
300.7682694710837
 20
272.1254252967046
 42
-0.0285392892553886
 10
304.2094424722733
 20
275.8025358003429
 42
-0.0184376480863678
 10
306.3454789355168
 20
277.6934285545713
 42
-0.0113451598074319
 10
309.992865164093
 20
280.5537345792924
 10
326.6434546819437
 20
251.7226253830552
  0
LWPOLYLINE
  5
76
330
1376
100
AcDbEntity
  8
SECTIONCUTEDGES
100
AcDbPolyline
 90
        6
 70
     1
 43
0.0
 10
451.1950054567365
 20
99.78811125923968
 42
-0.2753960946931074
 10
452.1839356090798
 20
105.3849676017269
 42
-0.2677621375174868
 10
457.6829347184017
 20
107.3004509982138
 42
-0.1836215288447496
 10
460.9709893664097
 20
105.2788327425228
 42
-0.1753759212971687
 10
462.1969172275445
 20
101.4401077917101
 42
-0.2490869943415099
 10
459.5884802123988
 20
96.95061400412644
 42
-0.4721358993210528
  0
LWPOLYLINE
  5
77
330
1376
100
AcDbEntity
  8
SECTIONCUTEDGES
100
AcDbPolyline
 90
        7
 70
     1
 43
0.0
 10
353.3424144822292
 20
191.3836479856176
 10
343.3392818954745
 20
228.7158470342339
 10
362.6669251508644
 20
195.2466411571721
 42
0.0062479180767958
 10
360.5662239641182
 20
194.1971421963568
 42
-0.0187457056328419
 10
358.4399530953182
 20
193.200464847743
 10
353.7916617778886
 20
191.4991630117993
 42
-0.0185991657909903
 10
353.5677542452287
 20
191.4386204687945
 42
0.006199086596726
  0
LWPOLYLINE
  5
78
330
1376
100
AcDbEntity
  8
SECTIONCUTEDGES
100
AcDbPolyline
 90
        6
 70
     1
 43
0.0
 10
290.8098390969406
 20
253.9410530010972
 42
-0.0129184645125986
 10
292.1478214406175
 20
257.8113974740363
 42
-0.0187580855806382
 10
293.2363632401902
 20
260.4136589246273
 42
-0.0108975421228172
 10
293.9364429483937
 20
261.8428359061324
 42
0.003632386231746
 10
294.6572132316802
 20
263.2616905995494
 10
328.1017880295011
 20
243.9524563370983
  0
LWPOLYLINE
  5
79
330
1376
100
AcDbEntity
  8
SECTIONCUTEDGES
100
AcDbPolyline
 90
       33
 70
     1
 43
0.0
 10
778.3122420143601
 20
-171.9732917761883
 42
0.0018189918143112
 10
778.2950119477686
 20
-167.2371490826608
 42
-0.0054570235917326
 10
778.3122420143594
 20
-162.5010063891334
 42
-0.0055574803274692
 10
778.3873638046937
 20
-159.5748373063145
 42
0.0107847277057114
 10
778.4318925401684
 20
-156.6480428180823
 42
0.044290970303927
 10
776.1235509704769
 20
-132.3919541853846
 42
0.0453268893709927
 10
769.6807622127025
 20
-109.469144516787
 42
0.0118393560044709
 10
767.6210052473251
 20
-104.4334103903862
 42
-0.0567943260750047
 10
766.7591664672865
 20
-101.6322037829826
 42
-0.1235796078515334
 10
767.2794628705659
 20
-93.09978886390556
 42
-0.1204200367367707
 10
771.8351113991599
 20
-85.6106692733347
 42
-0.0740617603296012
 10
775.6413421695448
 20
-82.79591540481769
 42
-0.2310787262192042
 10
782.4784245664972
 20
-82.55846324837623
 42
-0.0178263931030011
 10
782.7725185893419
 20
-82.70238796582535
 42
0.0115270998620159
 10
783.064776479182
 20
-82.85000552708552
 10
870.7708267887072
 20
-122.8517356879921
 42
0.0335747992100101
 10
869.4363193799503
 20
-124.7489971971605
 42
0.089460665245145
 10
868.1428787174699
 20
-128.1094312458595
 42
0.1154134203567593
 10
868.3451311736986
 20
-133.0599464080552
 42
0.1155360738816344
 10
870.7210744313988
 20
-137.4019132139107
 42
0.0204082725801806
 10
871.1348248581872
 20
-137.827278424096
 42
-0.0068019182154446
 10
871.5599937494934
 20
-138.2412305850625
 42
-0.0038867302595571
 10
858.8165959117997
 20
-145.0330163577759
 42
-0.0112303449523553
 10
839.4040506861994
 20
-154.6373392969021
 42
-0.0064782772427384
 10
827.0659159528529
 20
-160.2068285653191
 42
-0.0064785054042396
 10
814.5880557533608
 20
-165.4545783847125
 10
806.192669445444
 20
-168.7738915663962
 42
-0.0272583150603748
 10
805.1897180988984
 20
-169.0003451203421
 42
-0.0045310435472738
 10
799.0861180525495
 20
-169.9759392436198
 42
-0.0090597678248971
 10
793.7909180319207
 20
-170.6753155207699
 42
-0.0053359828995625
 10
784.7704205354106
 20
-171.6034091866103
 42
-0.0191340422757034
 10
783.8396956868131
 20
-171.6533356114774
 42
-0.0210536786860083
 10
782.9928548099525
 20
-171.6306573843685
  0
LWPOLYLINE
  5
7A
330
1376
100
AcDbEntity
  8
SECTIONCUTEDGES
100
AcDbPolyline
 90
        4
 70
     1
 43
0.0
 10
447.1358950978898
 20
90.34568000442115
 42
0.3317989357075223
 10
464.7601634688145
 20
89.47876212639156
 42
0.3315214363580886
 10
470.6315311848647
 20
106.1314338397344
 42
0.5020411578729711
 10
448.2996780632155
 20
114.0051566702251
 42
0.501728186122544
  0
LWPOLYLINE
  5
7B
330
1376
100
AcDbEntity
  8
SECTIONCUTEDGES
100
AcDbPolyline
 90
        6
 70
     1
 43
0.0
 10
330.2632120084419
 20
190.0298928309392
 10
338.8761400714055
 20
222.1903104115632
 10
347.4913637000767
 20
190.037858110793
 42
-0.0130894016992654
 10
343.1043441688808
 20
189.4979425132506
 42
-0.0365350393418798
 10
336.3776738451826
 20
189.3415833003692
 42
-0.0155766877782933
 10
333.6640949956765
 20
189.5617230300792
 42
-0.0123519244225528
  0
LWPOLYLINE
  5
7C
330
1376
100
AcDbEntity
  8
SECTIONCUTEDGES
100
AcDbPolyline
 90
        8
 70
     1
 43
0.0
 10
289.4240581886192
 20
230.8747163649202
 42
0.0064291888933406
 10
289.127598596289
 20
232.6422739048426
 42
-0.019289692920489
 10
288.87668723678
 20
234.4168700381902
 10
288.6205222383045
 20
239.4899388495398
 10
288.8766869292522
 20
244.5630067441634
 42
-0.0188957071497956
 10
289.1240953320974
 20
246.3363346615587
 42
0.0062979028443357
 10
289.4160929087645
 20
248.1028680565534
 10
321.5765104893829
 20
239.489939993593
  0
LWPOLYLINE
  5
7D
330
1376
100
AcDbEntity
  8
SECTIONCUTEDGES
100
AcDbPolyline
 90
        4
 70
     1
 43
0.0
 10
334.1361882688578
 20
176.0212774036491
 10
334.1361882688581
 20
182.0212773845155
 10
343.6979427211874
 20
182.0212773845155
 10
343.6979427211885
 20
176.0212774036491
  0
LWPOLYLINE
  5
7E
330
1376
100
AcDbEntity
  8
SECTIONCUTEDGES
100
AcDbPolyline
 90
        6
 70
     1
 43
0.0
 10
315.1043894654339
 20
195.2710131538507
 10
334.4136237279055
 20
228.7155879517006
 10
324.4238713626391
 20
191.4193242636237
 42
-0.0122335292598714
 10
320.6729898887992
 20
192.7189055088226
 42
-0.0179913206121022
 10
318.1801139176922
 20
193.7552151098433
 42
-0.010477547112168
 10
316.636957850708
 20
194.5023723342653
 42
0.0034924021095111
  0
LWPOLYLINE
  5
7F
330
1376
100
AcDbEntity
  8
SECTIONCUTEDGES
100
AcDbPolyline
 90
        6
 70
     1
 43
0.0
 10
294.6646295331636
 20
215.7175118745351
 42
-0.0206225799804659
 10
291.7752632430839
 20
222.0929140904102
 42
-0.0199783101118686
 10
290.8853088089125
 20
224.5745827688507
 42
-0.0197659444009527
 10
290.8245748930374
 20
224.7985122344268
 42
0.0065878855924429
 10
290.7697621808184
 20
225.0239641820122
 10
328.1020471120431
 20
235.0267981695212
  0
LWPOLYLINE
  5
80
330
1376
100
AcDbEntity
  8
SECTIONCUTEDGES
100
AcDbPolyline
 90
        6
 70
     1
 43
0.0
 10
297.8123454856946
 20
210.6066650862661
 10
326.6434546819356
 20
227.2572546041247
 10
310.0001206775579
 20
198.4301545012004
 42
-0.0243965277130813
 10
304.8904953596153
 20
202.5741333047525
 42
-0.042081957082838
 10
299.7546760007352
 20
208.0159478215485
 42
-0.0108893474487499
 10
298.7741072095544
 20
209.3042563714353
 42
0.0036296549618603
  0
LWPOLYLINE
  5
81
330
1376
100
AcDbEntity
  8
SECTIONCUTEDGES
100
AcDbPolyline
 90
        6
 70
     1
 43
0.0
 10
411.7850169478534
 20
97.35708259383986
 42
-0.3893264839156238
 10
410.8081359218866
 20
105.0390214846618
 42
-0.3936817129459951
 10
418.3286742099995
 20
106.5999146036588
 42
-0.4255633115860871
 10
420.1099868265413
 20
98.65835992543939
 42
-0.3024502953516904
 10
414.2377074493396
 20
96.18013157391803
 42
-0.0649274594082344
 10
412.9474110600914
 20
96.60448002145873
 42
-0.0636757089420562
  0
LWPOLYLINE
  5
82
330
1376
100
AcDbEntity
  8
SECTIONCUTEDGES
100
AcDbPolyline
 90
        8
 70
     1
 43
0.0
 10
339.5231917818857
 20
164.5762333713908
 42
0.1123637860423554
 10
371.7677451701955
 20
171.980249280792
 42
0.210054734908065
 10
410.951957308557
 20
217.8264011980385
 42
0.4141163423973674
 10
360.8573210613075
 20
311.26855244765
 42
0.4143108405755192
 10
267.4461945836453
 20
261.1905380992221
 42
0.2219286060868227
 10
276.5332794186738
 20
198.3710997717902
 42
0.2222361796188205
 10
330.4784335859721
 20
165.0742611859602
 42
0.0151572807412362
 10
334.8511399573359
 20
164.7002771125439
 42
0.0142325186202747
  0
LWPOLYLINE
  5
83
330
1376
100
AcDbEntity
  8
SECTIONCUTEDGES
100
AcDbPolyline
 90
        4
 70
     1
 43
0.0
 10
405.9989070522111
 20
90.34567975730098
 42
0.7409098214907378
 10
429.5686797643001
 20
105.9713840553401
 42
0.7408111215728734
 10
401.2891241129124
 20
106.1314335926142
 42
0.1488897188299997
 10
401.2404064662765
 20
97.52338996617149
 42
0.148824583163875
  0
LWPOLYLINE
  5
84
330
1376
100
AcDbEntity
  8
SECTIONCUTEDGES
100
AcDbPolyline
 90
        4
 70
     1
 43
0.0
 10
873.8271277851515
 20
-294.1142363621157
 42
-0.908594645597477
 10
881.3696879239374
 20
-284.3407978577094
 42
-0.9082996767163303
 10
875.8277072942529
 20
-295.3728529191831
 42
-0.0480534186545277
 10
874.7685960229814
 20
-294.8408057060971
 42
-0.0478914444266489
  0
LWPOLYLINE
  5
85
330
1376
100
AcDbEntity
  8
SECTIONCUTEDGES
100
AcDbPolyline
 90
        8
 70
     1
 43
0.0
 10
373.7856700987833
 20
96.24284320342869
 42
-0.1551901753278847
 10
370.7367224492292
 20
98.31363512773904
 42
-0.3125456537968572
 10
370.3518861026181
 20
104.6771420620276
 42
-0.3926693969267823
 10
377.7487163669233
 20
106.780155313892
 42
-0.3897545486200646
 10
380.4448415636235
 20
99.53325818497873
 42
-0.2040927232042123
 10
377.4294979990301
 20
96.54416347849005
 42
-0.1362508126808019
 10
374.0573854348678
 20
96.18013157391803
 42
-0.0158839428584615
 10
373.922348767708
 20
96.20681132527179
 42
-0.0154678101472751
  0
LWPOLYLINE
  5
86
330
1376
100
AcDbEntity
  8
SECTIONCUTEDGES
100
AcDbPolyline
 90
        4
 70
     1
 43
0.0
 10
366.3764205023632
 20
89.90730657014271
 42
0.3183907356115452
 10
383.4305313335134
 20
89.4718255990937
 42
0.3179542955733288
 10
389.5132066308971
 20
105.4307027632607
 42
0.5175033054769104
 10
366.9920059126574
 20
114.0145868214602
 42
0.5170009512182121
  0
LWPOLYLINE
  5
87
330
1376
100
AcDbEntity
  8
SECTIONCUTEDGES
100
AcDbPolyline
 90
        4
 70
     1
 43
0.0
 10
168.0345748781657
 20
295.8408302668239
 10
168.0345748781654
 20
301.8408273785496
 10
177.5963285260397
 20
301.8408273785496
 10
177.5963285260402
 20
295.8408302668232
  0
LWPOLYLINE
  5
88
330
1376
100
AcDbEntity
  8
SECTIONCUTEDGES
100
AcDbPolyline
 90
        8
 70
     1
 43
0.0
 10
185.0072117657417
 20
250.6048528764187
 10
201.6505457701155
 20
279.4319529793366
 42
0.0063025613751629
 10
203.2167423747513
 20
278.3018664742915
 42
-0.0189096871808522
 10
204.7539549523067
 20
277.1326595616092
 42
-0.0171874657256526
 10
206.5951113005212
 20
275.50988063667
 42
-0.012320862145916
 10
209.0251727556861
 20
273.0989306877375
 42
-0.0189255190874582
 10
211.0244290757955
 20
270.8507483644614
 42
-0.0124687728117128
 10
213.838320961978
 20
267.2554423942687
  0
LWPOLYLINE
  5
89
330
1376
100
AcDbEntity
  8
SECTIONCUTEDGES
100
AcDbPolyline
 90
        8
 70
     1
 43
0.0
 10
330.4693674162771
 20
96.31836681024763
 42
-0.1278682732754984
 10
327.8827483386682
 20
98.01340210904024
 42
-0.1379351652863461
 10
326.6010082775491
 20
100.5861792519018
 42
-0.3202387207834455
 10
329.4016872763024
 20
106.6643700511448
 42
-0.3249579309753624
 10
335.9757108752359
 20
105.9435622087526
 42
-0.2176912456872971
 10
337.8479653279125
 20
101.5703080238232
 42
-0.2206767407951521
 10
335.7679784184655
 20
97.35708805280925
 42
-0.1401265224800418
 10
332.7513712733518
 20
96.08387274220431
 42
-0.1121383565316146
  0
LWPOLYLINE
  5
8A
330
1376
100
AcDbEntity
  8
SECTIONCUTEDGES
100
AcDbPolyline
 90
        6
 70
     1
 43
0.0
 10
190.0741559583055
 20
238.3721674869582
 10
222.2266082590681
 20
246.9873911156299
 42
-0.0054771819742794
 10
222.6958553863305
 20
243.2621663252362
 42
-0.0271674789554979
 10
222.9732671651679
 20
238.6464202264826
 42
-0.0221625654396559
 10
222.8238774934444
 20
234.7791970432426
 42
-0.01696612584921
 10
222.2345735389222
 20
229.7592394239944
  0
LWPOLYLINE
  5
8B
330
1376
100
AcDbEntity
  8
SECTIONCUTEDGES
100
AcDbPolyline
 90
        4
 70
     1
 43
0.0
 10
172.7745263762821
 20
255.6717970689907
 10
164.159302747611
 20
287.8242493697604
 42
-0.0576990929806649
 10
174.9118080883985
 20
288.4974920770511
 42
-0.024823472241646
 10
181.3874544392458
 20
287.8322146496135
  0
LWPOLYLINE
  5
8C
330
1376
100
AcDbEntity
  8
SECTIONCUTEDGES
100
AcDbPolyline
 90
        4
 70
     1
 43
0.0
 10
183.5486193356666
 20
242.8353093110353
 10
216.9853720379487
 20
262.1442116561384
 42
-0.0260723812111343
 10
218.9131292740384
 20
258.1078036783694
 42
-0.0207395144085341
 10
220.8511954555939
 20
252.830504457973
  0
LWPOLYLINE
  5
8D
330
1376
100
AcDbEntity
  8
SECTIONCUTEDGES
100
AcDbPolyline
 90
        7
 70
     1
 43
0.0
 10
177.2370427197827
 20
249.1465195288538
 10
187.2366375461496
 20
286.4795295757141
 42
0.0061992472866713
 10
187.4640585964733
 20
286.4240501366982
 42
-0.0185996480114645
 10
187.6900341681818
 20
286.3629490460798
 10
192.3383263413656
 20
284.6616487587975
 42
-0.0183883202003833
 10
194.4646029866886
 20
283.6692901310975
 42
0.0061288260934315
 10
196.5659155012021
 20
282.6251092393142
  0
LWPOLYLINE
  5
8E
330
1376
100
AcDbEntity
  8
SECTIONCUTEDGES
100
AcDbPolyline
 90
        4
 70
     1
 43
0.0
 10
322.7682400222285
 20
90.34567975743895
 42
0.8650676800229973
 10
344.4165485184789
 20
109.9727047777157
 42
0.8642499756547262
 10
318.0584570829298
 20
97.34916992544297
 42
0.0728175009349822
 10
319.8946211532196
 20
93.51523743175219
 42
0.0723471439788799
  0
LWPOLYLINE
  5
8F
330
1376
100
AcDbEntity
  8
SECTIONCUTEDGES
100
AcDbPolyline
 90
        4
 70
     1
 43
0.0
 10
183.5488784182026
 20
233.9096511434459
 10
220.8453982998397
 20
223.9198301570928
 42
-0.0234220907184009
 10
219.1726668193909
 20
219.2667713437945
 42
-0.0224863662635359
 10
216.9934532160105
 20
214.6004168810038
  0
LWPOLYLINE
  5
90
330
1376
100
AcDbEntity
  8
SECTIONCUTEDGES
100
AcDbPolyline
 90
        6
 70
     1
 43
0.0
 10
168.3113845522107
 20
249.1462604463261
 10
149.005632928509
 20
282.5775571216176
 42
-0.0121756488023256
 10
153.2231613633159
 20
284.5844645284811
 42
-0.0195652134030435
 10
155.9223458107782
 20
285.6646363294327
 42
-0.0093628721008547
 10
157.116820192246
 20
286.0642074103828
 42
0.0031208763061155
 10
158.3161894052659
 20
286.4488365662913
  0
LWPOLYLINE
  5
91
330
1376
100
AcDbEntity
  8
SECTIONCUTEDGES
100
AcDbPolyline
 90
       81
 70
     1
 43
0.0
 10
768.9796873967805
 20
-66.4510668353474
 10
765.3613071994627
 20
-76.65075859129425
 10
759.7066073775128
 20
-74.64470221135733
 10
763.0976383604255
 20
-65.08588267125654
 42
-0.009124133335022
 10
760.8602075954585
 20
-65.250092382963
 42
0.0352066446589693
 10
759.6615191604452
 20
-65.40119739727149
 10
756.3651322589459
 20
-66.42108559140709
 10
753.3513231788366
 20
-68.10135145178904
 10
750.7506922248937
 20
-70.36918239220475
 10
748.6759350543961
 20
-73.12630430035167
 10
747.2169591271739
 20
-76.25324014502464
 10
746.4369876586633
 20
-79.6144873899062
 10
746.3698199071447
 20
-83.06438985607385
 10
747.0183665177791
 20
-86.45344958212584
 10
748.3545233928099
 20
-89.63480516398428
 10
750.3203895536188
 20
-92.47059584220821
 10
752.8307762198527
 20
-94.83793555566583
 42
-0.066761423362284
 10
753.1197802544319
 20
-95.3776859436796
 42
0.0232280869834094
 10
753.5673332401913
 20
-96.42247487186686
 42
0.0051195004602538
 10
755.5617022389761
 20
-100.4336694845832
 42
-0.0144281835639157
 10
757.4810597939089
 20
-104.4812930467153
 42
-0.0561303614869755
 10
765.6996860781897
 20
-130.8821295343464
 42
-0.0573872931641915
 10
767.7264648990414
 20
-157.8548143426974
 42
-0.0140839966162054
 10
767.2342700764817
 20
-165.1016952565376
 42
-0.1221689092760448
 10
765.9978529355008
 20
-168.6068815268756
 42
-0.2586790572928724
 10
759.4151956501356
 20
-172.0530628003079
 42
-0.0009905177907459
 10
739.1008320482093
 20
-171.5257404902218
 42
-0.0030469614654944
 10
714.3064280143268
 20
-170.6817302674738
 42
0.0061546538599987
 10
700.9530025399396
 20
-170.3102494913265
 42
0.0037140669182059
 10
694.1214883540859
 20
-170.2550857817579
 42
-0.0049182124800296
 10
687.2901268260667
 20
-170.1834702815548
 42
-0.0023983943444963
 10
680.1683461929362
 20
-170.004561424943
 42
0.0007994634189432
 10
673.0471740976266
 20
-169.8028791144084
 42
0.0285984949473757
 10
672.4567895681972
 20
-168.4694005522338
 42
0.1615362525290307
 10
671.2227160505269
 20
-167.2570739825991
 42
0.0570984884321672
 10
670.6424157673094
 20
-167.050408421494
 42
0.0473084629560372
 10
669.9063047490995
 20
-166.9515415511909
 10
650.7887063895017
 20
-166.9324946818115
 42
-0.0816239319592677
 10
649.8478454557477
 20
-166.6692800471934
 42
-0.074835487840109
 10
648.9604092083022
 20
-166.081414368322
 42
-0.020481713771689
 10
648.7898139513148
 20
-165.9141917135291
 42
-0.0451938416513048
 10
648.7229785194771
 20
-165.8287998993441
 10
644.7294156749329
 20
-156.1989187543639
 10
638.9742918156952
 20
-158.585605295493
 10
637.6912022083821
 20
-157.728094580669
 42
-0.015251193861489
 10
633.9705123594463
 20
-154.9793075550425
 42
-0.0152511230978987
 10
630.4242980192506
 20
-152.008798270894
 42
0.0091448995110578
 10
629.4858937423494
 20
-151.2030368782875
 42
-0.0967675723923833
 10
629.289264135424
 20
-150.9631657948848
 42
-0.1200729778701595
 10
629.1978769311119
 20
-150.6121841338083
 42
0.0474989948105889
 10
629.1235803671298
 20
-149.9434414183093
 42
0.1415236151431866
 10
626.1429951831809
 20
-144.3114377871829
 42
0.1415239067777729
 10
620.6185367752592
 20
-141.135976959168
 42
0.0165674603138895
 10
620.1753746692137
 20
-141.0427372190552
 42
-0.0055220377091453
 10
619.7302613579064
 20
-140.9593079587937
 10
620.8400455331489
 20
-151.8581232687495
 10
614.8709030794165
 20
-152.46592147987
 10
613.7306215041782
 20
-141.2674548245062
 42
0.0041851944671397
 10
611.1084467732879
 20
-143.0523650099841
 42
0.0732537808783514
 10
608.8769497239091
 20
-145.1407047480573
 42
0.0863588925430444
 10
607.0411602301277
 20
-148.5011836368498
 42
0.0858949537108471
 10
606.4418034184113
 20
-152.3038386635501
 42
0.1813232470838392
 10
613.5808368338335
 20
-170.5050585401365
 42
0.1826653548123857
 10
630.8310004834585
 20
-179.4180829617612
 42
0.017132253457243
 10
634.1538505352279
 20
-179.688840683556
 42
0.0029884990617214
 10
661.1571667347624
 20
-180.7983778372999
 42
0.0069523450481611
 10
713.1754224919205
 20
-181.9005169793488
 42
0.0069523764160518
 10
765.2039763506969
 20
-181.5558425733993
 42
0.0019587026956707
 10
787.7775176598228
 20
-181.0038874403806
 42
0.0612840162466666
 10
808.2415622962818
 20
-177.8947445135055
 42
0.0327033970175901
 10
816.706393473032
 20
-174.913964534624
 42
0.0009155347714021
 10
825.7755241729419
 20
-171.0175282398905
 42
0.0061697235600713
 10
855.8637207565674
 20
-157.5823288563922
 42
0.0061426971910572
 10
885.7428687068285
 20
-143.348021337875
 10
896.6196814647764
 20
-137.9360705130603
 42
0.1071206784898824
 10
899.240474470177
 20
-135.5999885694747
 42
0.1586475686516919
 10
900.6134413408064
 20
-131.3818003906
 42
0.1797579131307331
 10
898.8689712145266
 20
-126.6863152368629
 42
0.0845694995947827
 10
896.6196814647764
 20
-124.8275302681399
 42
0.0114016760097427
 10
895.8944621406708
 20
-124.4322021255406
 42
0.0060189643779865
 10
894.4955644835575
 20
-123.7317082457663
  0
LWPOLYLINE
  5
92
330
1376
100
AcDbEntity
  8
SECTIONCUTEDGES
100
AcDbPolyline
 90
        7
 70
     1
 43
0.0
 10
201.6578012835966
 20
197.3083729012613
 10
185.0072117657434
 20
226.1394820974978
 10
213.8343118686641
 20
209.4961480931251
 42
-0.0145288346269647
 10
210.5838903184338
 20
205.3427248202079
 42
-0.0226529481638417
 10
208.3063662901734
 20
202.840327608112
 10
204.7539642337968
 20
199.6116843231743
 42
-0.0183936297313023
 10
203.2200039598504
 20
198.4410465764373
 42
0.0061305954051646
  0
LWPOLYLINE
  5
93
330
1376
100
AcDbEntity
  8
SECTIONCUTEDGES
100
AcDbPolyline
 90
        6
 70
     1
 43
0.0
 10
131.7147408839012
 20
267.2481868807886
 42
-0.0147779084855195
 10
134.66665577596
 20
271.0076527900646
 42
-0.0285392892553868
 10
138.1078287771497
 20
274.6847632937031
 42
-0.018437648086374
 10
140.2438652403926
 20
276.5756560479311
 42
-0.0113451598074472
 10
143.8912514689699
 20
279.4359620726526
 10
160.5418409868202
 20
250.6048528764156
  0
LWPOLYLINE
  5
94
330
1376
100
AcDbEntity
  8
SECTIONCUTEDGES
100
AcDbPolyline
 90
        7
 70
     1
 43
0.0
 10
187.2408007871055
 20
190.2658754789779
 10
177.2376682003513
 20
227.5980745275942
 10
196.565311455741
 20
194.1288686505327
 42
0.0062479180768602
 10
194.4646102689949
 20
193.0793696897168
 42
-0.0187457056329882
 10
192.3383394001944
 20
192.0826923411034
 10
187.690048082765
 20
190.3813905051595
 42
-0.0185991657909009
 10
187.4661405501051
 20
190.3208479621548
 42
0.0061990865970745
  0
LWPOLYLINE
  5
95
330
1376
100
AcDbEntity
  8
SECTIONCUTEDGES
100
AcDbPolyline
 90
        6
 70
     1
 43
0.0
 10
124.7082254018169
 20
252.8232804944573
 42
-0.0129184645126356
 10
126.0462077454945
 20
256.6936249673972
 42
-0.0187580855806098
 10
127.1347495450669
 20
259.2958864179875
 42
-0.0108975421227693
 10
127.8348292532702
 20
260.7250633994925
 42
0.0036323862316504
 10
128.5555995365567
 20
262.1439180929099
 10
162.000174334378
 20
242.8346838304584
  0
LWPOLYLINE
  5
96
330
1376
100
AcDbEntity
  8
SECTIONCUTEDGES
100
AcDbPolyline
 90
       26
 70
     1
 43
0.0
 10
754.0782984933938
 20
-318.2988195529678
 10
756.3816832447231
 20
-311.6321585023214
 42
0.0332418271680554
 10
756.5734729924512
 20
-310.591021966306
 42
0.0183375994442661
 10
756.7248828328514
 20
-308.6793872879987
 42
0.0373782595455429
 10
756.6740840107244
 20
-307.1098142617303
 42
0.0179122184314691
 10
756.2079058108919
 20
-303.8696845840409
 42
0.022887563492794
 10
755.6302205716179
 20
-301.3396604434489
 42
0.034925897602513
 10
755.062565603852
 20
-299.7353005958379
 42
0.0132397123753105
 10
753.5469008728187
 20
-296.4853124443265
 42
-0.0044130082670103
 10
751.9741067220983
 20
-293.2625836128359
 42
0.0064451428633696
 10
753.9406639540308
 20
-292.6499205651889
 42
-0.0193375706999928
 10
755.9223605513267
 20
-292.0881537517449
 10
847.6801663714171
 20
-274.8216318956112
 10
848.7650503341102
 20
-275.7088898925409
 42
-0.0183787009586239
 10
849.7804468542744
 20
-276.6721253843487
 42
-0.018378273932541
 10
850.7223838114031
 20
-277.7073540757898
 10
851.5868983693911
 20
-278.8104524938617
 10
850.8299345692586
 20
-280.8942433171674
 42
0.1393051276435386
 10
850.3181511299118
 20
-296.4801154530097
 42
0.102133339976559
 10
855.3541121792092
 20
-306.9704904385951
 42
0.033660506134716
 10
855.9371742383772
 20
-307.6373966916448
 42
-0.097619234531687
 10
856.2032050353762
 20
-308.0337813431746
 42
-0.0824817330829721
 10
856.2904587959009
 20
-308.4032971724597
 42
-0.0259393840087792
 10
856.3089665797246
 20
-309.6030977746829
 42
-0.02594000654177
 10
856.2627251184611
 20
-310.1253563329526
 42
-0.0129509485308441
 10
856.0892052907767
 20
-311.160530130012
  0
LWPOLYLINE
  5
97
330
1376
100
AcDbEntity
  8
SECTIONCUTEDGES
100
AcDbPolyline
 90
        6
 70
     1
 43
0.0
 10
164.1615983133185
 20
188.9121203242996
 10
172.7745263762821
 20
221.0725379049229
 10
181.3897500049535
 20
188.9200856041529
 42
-0.0130894016992179
 10
177.0027304737552
 20
188.3801700066105
 42
-0.0365350393418912
 10
170.276060150059
 20
188.2238107937297
 42
-0.0155766877783283
 10
167.5624813005483
 20
188.4439505234398
 42
-0.0123519244225141
  0
LWPOLYLINE
  5
98
330
1376
100
AcDbEntity
  8
SECTIONCUTEDGES
100
AcDbPolyline
 90
        8
 70
     1
 43
0.0
 10
123.3224444934958
 20
229.7569438582804
 42
0.0064291888932623
 10
123.0259849011655
 20
231.5245013982035
 42
-0.019289692920489
 10
122.7750735416567
 20
233.2990975315505
 10
122.5189085431813
 20
238.3721663428999
 10
122.7750732341289
 20
243.4452342375237
 42
-0.0188957071498069
 10
123.0224816369741
 20
245.218562154919
 42
0.0062979028443357
 10
123.3144792136412
 20
246.9850955499139
 10
155.4748967942598
 20
238.3721674869532
  0
LWPOLYLINE
  5
99
330
1376
100
AcDbEntity
  8
SECTIONCUTEDGES
100
AcDbPolyline
 90
        4
 70
     1
 43
0.0
 10
168.0345745737341
 20
174.9035048970094
 10
168.0345745737348
 20
180.9035048778756
 10
177.5963290260641
 20
180.9035048778756
 10
177.5963290260648
 20
174.9035048970094
  0
LWPOLYLINE
  5
9A
330
1376
100
AcDbEntity
  8
SECTIONCUTEDGES
100
AcDbPolyline
 90
        6
 70
     1
 43
0.0
 10
149.0027757703106
 20
194.1532406472105
 10
168.3120100327818
 20
227.5978154450611
 10
158.3222576675155
 20
190.3015517569841
 42
-0.0122335292598958
 10
154.5713761936752
 20
191.6011330021835
 42
-0.0179913206120738
 10
152.0785002225688
 20
192.6374426032037
 42
-0.0104775471120134
 10
150.535344155585
 20
193.3845998276253
 42
0.0034924021094445
  0
LWPOLYLINE
  5
9B
330
1376
100
AcDbEntity
  8
SECTIONCUTEDGES
100
AcDbPolyline
 90
        6
 70
     1
 43
0.0
 10
128.5630158380401
 20
214.5997393678953
 42
-0.0206225799804473
 10
125.6736495479594
 20
220.9751415837724
 42
-0.0199783101119392
 10
124.7836951137894
 20
223.4568102622111
 42
-0.0197659444009527
 10
124.7229611979139
 20
223.6807397277873
 42
0.0065878855920864
 10
124.6681484856948
 20
223.9061916753726
 10
162.0004334169198
 20
233.9090256628816
  0
LWPOLYLINE
  5
9C
330
1376
100
AcDbEntity
  8
SECTIONCUTEDGES
100
AcDbPolyline
 90
        6
 70
     1
 43
0.0
 10
131.7107317905713
 20
209.4888925796265
 10
160.541840986812
 20
226.1394820974849
 10
143.8985069824343
 20
197.3123819945603
 42
-0.0192942232411777
 10
139.7238826169968
 20
200.6280516938461
 42
-0.0459030201889022
 10
133.6530623056117
 20
206.8981753149087
 42
-0.0085456679909101
 10
132.7427796754528
 20
208.0700515439921
 42
-0.0072274630808628
  0
LWPOLYLINE
  5
9D
330
1376
100
AcDbEntity
  8
SECTIONCUTEDGES
100
AcDbPolyline
 90
       20
 70
     1
 43
0.0
 10
735.3070278648
 20
-328.0835238926453
 10
735.3070278648
 20
-316.2576115638131
 10
741.3070278647993
 20
-316.2576115638131
 10
741.3070278647993
 20
-327.735262980497
 10
881.7039838653638
 20
-317.9582699237049
 42
0.0644991193732439
 10
888.2431645707132
 20
-316.3567180585955
 42
0.1126898482996896
 10
898.9062424878342
 20
-309.1639309138374
 42
0.2687097894805749
 10
905.3865569425935
 20
-281.2236241883586
 42
0.2688860118764109
 10
884.3797112719176
 20
-261.7188839733097
 42
0.009244428165452
 10
883.8226450866837
 20
-261.6033477569018
 42
-0.0030813980317337
 10
883.2641972037396
 20
-261.4946862914781
 10
876.7606999952507
 20
-276.3544815802449
 10
871.2640734416815
 20
-273.948843093821
 10
876.9103739814262
 20
-261.047650478571
 42
0.0074193899378885
 10
875.2122404157118
 20
-261.161381482261
 42
0.0156373492828341
 10
874.4097255306819
 20
-261.2524413615858
 10
731.9252674094497
 20
-288.0443343794553
 42
0.3641984948053238
 10
716.2369081255256
 20
-308.9718458235408
 42
0.3651333822221333
 10
734.1339083683636
 20
-327.9745777505198
 42
0.0084627530791891
 10
734.7201607925577
 20
-328.0323600512377
 42
-0.0028208578348842
  0
LWPOLYLINE
  5
9E
330
1376
100
AcDbEntity
  8
SECTIONCUTEDGES
100
AcDbPolyline
 90
       29
 70
     1
 43
0.0
 10
827.935400455494
 20
-382.1696479530794
 10
827.935400455494
 20
-369.6194957194626
 10
833.93540034356
 20
-369.6194957194623
 10
833.9354003632385
 20
-381.5716872104827
 42
0.0190796095345642
 10
844.6789867598983
 20
-379.9579585280138
 42
0.0174430825806866
 10
856.2697186471075
 20
-377.340152205215
 10
860.4691207420886
 20
-376.1766283126382
 42
-0.0383891022152287
 10
861.2889583740756
 20
-375.896835960807
 42
0.0807030235649926
 10
862.0823203463391
 20
-375.5489936345574
 42
0.5013737456961666
 10
862.503037618122
 20
-369.2834788234311
 42
0.0544465367865792
 10
861.5001594196124
 20
-368.5980115764877
 42
0.0111264070567433
 10
853.9649275599551
 20
-364.7843092096268
 42
0.0451417132624228
 10
826.7488892531812
 20
-354.6625293818693
 42
0.0257181981246025
 10
811.9227212274743
 20
-351.4340683010025
 42
0.0681369050264091
 10
805.2118786267532
 20
-351.2533777807698
 42
0.0695655903793958
 10
798.8364846940738
 20
-352.8680623228193
 42
0.0728059950200751
 10
794.8839028640258
 20
-355.1962563148375
 42
0.1107088194964844
 10
791.3351023097942
 20
-359.6517236504086
 10
790.5155881739125
 20
-361.7840021286145
 10
790.0693250681286
 20
-364.0243289279773
 10
790.0092257626953
 20
-366.3078794531497
 10
790.3370292508498
 20
-368.5685784160112
 10
791.0432504304741
 20
-370.7410117459384
 10
792.1074545586492
 20
-372.7623193675298
 42
0.0213572836608879
 10
792.7466531076155
 20
-373.6720603261225
 42
0.0141331588187857
 10
794.4291923718936
 20
-375.7380801645922
 42
0.1033583346968259
 10
800.7950781905517
 20
-380.6086129464798
 42
0.1003054496571507
 10
808.7984974267348
 20
-382.628088987129
 42
0.0155294137789947
 10
816.2729605917046
 20
-382.7489525452715
 42
0.0173739183772632
  0
LWPOLYLINE
  5
9F
330
1376
100
AcDbEntity
  8
SECTIONCUTEDGES
100
AcDbPolyline
 90
        6
 70
     1
 43
0.0
 10
112.2821962806414
 20
194.5943661158274
 42
0.3253221529815109
 10
196.1221420145238
 20
167.091777139825
 42
0.3254971547099147
 10
248.0377037835926
 20
238.3906971319935
 42
0.3718581029930429
 10
184.0357648695968
 20
312.547814644458
 42
0.3719621563185289
 10
101.344580888522
 20
260.0727655925821
 42
0.1151636467597983
 10
99.16976710025574
 20
226.0329818731461
 42
0.115322254573324
  0
LWPOLYLINE
  5
A0
330
1376
100
AcDbEntity
  8
SECTIONCUTEDGES
100
AcDbPolyline
 90
        4
 70
     1
 43
0.0
 10
5.996884231517583
 20
296.958602885601
 10
5.996884253182599
 20
302.9585998266221
 10
15.55863900634944
 20
302.9585996573374
 10
15.55863779492296
 20
296.9586026589151
  0
LWPOLYLINE
  5
A1
330
1376
100
AcDbEntity
  8
SECTIONCUTEDGES
100
AcDbPolyline
 90
        4
 70
     1
 43
0.0
 10
828.2725879467934
 20
-434.1230667363222
 10
828.2725879664704
 20
-422.170875598608
 10
834.2725878545367
 20
-422.170875608486
 10
834.2725878348593
 20
-434.1230667462002
  0
LWPOLYLINE
  5
A2
330
1376
100
AcDbEntity
  8
SECTIONCUTEDGES
100
AcDbPolyline
 90
        4
 70
     1
 43
0.0
 10
766.3778119693683
 20
-409.9472742132848
 10
766.3778115962883
 20
-355.9472738732867
 10
754.4256204585746
 20
-355.947273955863
 10
754.4256208316538
 20
-409.9472742958611
  0
LWPOLYLINE
  5
A3
330
1376
100
AcDbEntity
  8
SECTIONCUTEDGES
100
AcDbPolyline
 90
       33
 70
     1
 43
0.0
 10
799.0731925632894
 20
-437.7182031654391
 42
0.1139939997041623
 10
810.7132755457266
 20
-440.784238901055
 42
0.0121315956561216
 10
822.1190874491734
 20
-440.8559034726102
 42
0.0146033517881483
 10
833.1858724850961
 20
-440.3333454354916
 42
0.0071864428981871
 10
844.0161166765788
 20
-439.3476756674358
 42
0.0129383122390839
 10
851.7019287518703
 20
-438.3349674950201
 42
0.0183936924267
 10
868.1567818430798
 20
-435.1077557656663
 42
0.0066398278060787
 10
873.7952077217377
 20
-433.7056289937461
 10
879.3944105150465
 20
-432.1542638036431
 42
-0.044723779736674
 10
880.1629498799895
 20
-431.9027845257791
 42
0.087071280634112
 10
881.5453433207141
 20
-431.3174175662022
 42
0.5013737456961655
 10
882.1062996830907
 20
-422.9633978180338
 42
0.0529911381529949
 10
881.0072733480202
 20
-422.207523963161
 42
0.0125778217692109
 10
870.7221529388673
 20
-416.9645049996281
 42
0.0625428631188843
 10
820.4680386541401
 20
-400.2352944757859
 42
0.0130904238082335
 10
813.5140102752679
 20
-399.0397892459637
 42
0.0697308518379619
 10
805.0058615687692
 20
-398.9986470585188
 42
0.0492888411359258
 10
798.5836840894129
 20
-400.522007286736
 42
0.034019164694201
 10
795.7367001785898
 20
-401.7237092004743
 42
0.0179436653399211
 10
793.802429913518
 20
-402.7887199539411
 42
0.0171499838908319
 10
793.0974902814267
 20
-403.244037341549
 10
790.7541402229884
 20
-405.1896830033914
 10
788.7744556106269
 20
-407.5043482866254
 10
787.2157192719863
 20
-410.1210575873369
 10
786.1230337574778
 20
-412.9640955582782
 10
785.5280162830996
 20
-415.9511979574288
 10
785.4478838758551
 20
-418.995931990992
 10
785.8849551933952
 20
-422.0101972748068
 10
786.8265834328932
 20
-424.9067750480436
 10
788.2455222704607
 20
-427.601851876832
 42
0.0307340815669344
 10
789.1444808721213
 20
-428.8316420580931
 42
-0.0070185282330944
 10
790.1007142425174
 20
-430.0174448236348
 42
0.0323901017920033
 10
793.0590436303301
 20
-433.3274525664243
 42
0.0731612456278905
  0
LWPOLYLINE
  5
A4
330
1376
100
AcDbEntity
  8
SECTIONCUTEDGES
100
AcDbPolyline
 90
       35
 70
     1
 43
0.0
 10
558.4970413233174
 20
-305.2328483974019
 42
0.0018189918142392
 10
558.4798112567258
 20
-300.4967057038746
 42
-0.0054570235917686
 10
558.4970413233174
 20
-295.7605630103472
 42
-0.0028864546329547
 10
558.5788304603299
 20
-291.7370140787141
 42
0.0112039125927568
 10
558.5936836783333
 20
-287.7126613543503
 42
0.0453318977269604
 10
555.9648641851932
 20
-263.7610412088909
 42
0.0453347590575207
 10
549.0629809041255
 20
-240.6768080416506
 42
0.0139721129809833
 10
547.9219158837385
 20
-238.0448014200279
 42
-0.0302494458362489
 10
547.3538973033308
 20
-236.6082527206327
 42
-0.0467496279146193
 10
546.786481836264
 20
-234.1017756699018
 42
-0.0719977757944879
 10
546.8634214507434
 20
-228.8147453077133
 42
-0.1130555386633207
 10
549.8276218663001
 20
-221.4671279690875
 42
-0.1124918810974146
 10
555.7170351690887
 20
-216.1095621482991
 42
-0.1185904246508233
 10
559.1140357468544
 20
-215.1399989762306
 42
-0.1158684400706923
 10
562.6632238754544
 20
-215.8180198695898
 42
-0.0178263931032483
 10
562.9573178982995
 20
-215.9619445870391
 42
0.0115270998620159
 10
563.2495757881399
 20
-216.1095621482991
 10
650.9556260976643
 20
-256.1112923092056
 42
0.0373201107538049
 10
649.4919991574821
 20
-258.2255599930496
 42
0.1028030385024616
 10
648.2326018751979
 20
-261.9506403706385
 42
0.1120028767288114
 10
648.7360757773863
 20
-266.8724155647455
 42
0.1120914192019548
 10
651.3127524048428
 20
-271.0914673193578
 42
0.0153304029147248
 10
651.5266811430771
 20
-271.2983349525032
 42
-0.0051097785026196
 10
651.7447930584511
 20
-271.5007872062762
 42
-0.0038867302595363
 10
639.0013952207592
 20
-278.2925729789881
 42
-0.0112303449523594
 10
619.5888499951564
 20
-287.8968959181159
 42
-0.006478277242743
 10
607.2507152618078
 20
-293.4663851865336
 42
-0.0064785054042456
 10
594.7728550623181
 20
-298.7141350059262
 10
586.3774687544011
 20
-302.0334481876095
 42
-0.0272583150603755
 10
585.3745174078563
 20
-302.2599017415557
 42
-0.0045310435472898
 10
579.270917361507
 20
-303.2354958648332
 42
-0.0090597678248755
 10
573.9757173408767
 20
-303.9348721419837
 42
-0.0053359828995885
 10
564.9552198443683
 20
-304.8629658078237
 42
-0.0191340422756184
 10
564.0244949957708
 20
-304.9128922326911
 42
-0.0210536786860071
 10
563.17765411891
 20
-304.8902140055825
  0
LWPOLYLINE
  5
A5
330
1376
100
AcDbEntity
  8
SECTIONCUTEDGES
100
AcDbPolyline
 90
      121
 70
     1
 43
0.0
 10
262.4441752634354
 20
-59.58560677965724
 10
270.8431941867529
 20
-67.99815729566344
 10
277.1453096253404
 20
-61.70617881364345
 10
300.3993822159949
 20
-84.99771585710172
 10
299.3451339979158
 20
-74.54254537461472
 10
305.1110373766072
 20
-73.96113989921165
 10
306.8386125779381
 20
-90.8503098800816
 10
361.6856224857228
 20
-90.8503098800816
 10
457.3796397770323
 20
-136.0399763082138
 42
-0.1688866916708163
 10
458.3151232197239
 20
-137.030996861266
 42
-0.3629209437832971
 10
457.7002409105179
 20
-139.2160029952127
 42
-0.0895042724253381
 10
457.1455521736062
 20
-139.4648236025944
 42
-0.0797194322768847
 10
456.466518707375
 20
-139.5220206899238
 42
0.0157455412339982
 10
455.5776999533935
 20
-139.4832621452948
 42
0.1047951975661832
 10
454.5861265332731
 20
-139.6808982560728
 42
0.1679514468432604
 10
453.070234790165
 20
-141.0604982966613
 42
-0.0097441931645945
 10
449.0424877426599
 20
-148.1094079586498
 10
440.7609569692087
 20
-161.4802516188446
 42
-0.1046075062407363
 10
440.502319517865
 20
-161.6182513161651
 42
0.0359918917938771
 10
439.4043257122653
 20
-162.0235768403294
 42
0.1887259763313728
 10
430.3230096138387
 20
-171.3488230435063
 42
0.1360528516893336
 10
429.058523701129
 20
-181.1243925879217
 42
0.1113076543024962
 10
431.7124392273736
 20
-188.1007419610416
 42
0.142971393306587
 10
439.6876365887854
 20
-194.8395224279044
 42
0.0327569951163485
 10
441.0933669742168
 20
-195.3559324795388
 42
0.0176929065057063
 10
443.7769752004986
 20
-196.0445549290497
 10
443.7769752004986
 20
-178.3690340469025
 10
449.7769751813647
 20
-178.3690340469025
 10
453.8328364373341
 20
-161.8892194335896
 10
460.4987083417237
 20
-143.092452392129
 10
466.1513420986169
 20
-145.0977440440839
 10
461.8851347637147
 20
-157.1235670394704
 42
-0.0050995767206874
 10
464.2948875711896
 20
-157.8869313889489
 42
-0.0114353768200251
 10
465.3577791698855
 20
-158.2627350366588
 10
488.3009519395569
 20
-167.2950192270243
 42
0.1615024570589672
 10
492.3855616401211
 20
-167.4245005469698
 42
0.1696892296543944
 10
495.548759148707
 20
-165.1436167505828
 42
0.0187678037626113
 10
496.6369807578525
 20
-163.4546348481745
 42
-0.0301979802803824
 10
501.1428313037068
 20
-156.8002568420175
 42
-0.0427858761324899
 10
509.3885834995295
 20
-147.7896806177978
 42
-0.0367825707024909
 10
520.5137890568805
 20
-138.9641138980744
 42
-0.0138950586915253
 10
521.689720997797
 20
-138.2115084300194
 42
0.0251157368877704
 10
522.8484756028698
 20
-137.4327153346225
 42
0.0257742085883492
 10
524.4022129795317
 20
-136.1411668363937
 42
-0.018154957690307
 10
527.2508258107778
 20
-133.6989355413767
 42
-0.2041032043833152
 10
597.6518677052478
 20
-114.2331648846806
 10
603.3470183382632
 20
-115.175002537783
 10
634.9013858828487
 20
-128.9755278908859
 10
642.4009587619731
 20
-111.8280445161242
 10
610.8465912173884
 20
-98.02751916302113
 10
600.3263210707558
 20
-95.55450726230517
 10
591.7220648990406
 20
-94.22122158788083
 10
583.034589811729
 20
-93.63928382019023
 10
574.3293804707171
 20
-93.8130805039526
 10
565.672055215592
 20
-94.74130159028053
 10
557.1278714441085
 20
-96.41695031159819
 10
548.7612337133835
 20
-98.82739592204783
 10
540.6352082696502
 20
-101.9544689058344
 10
532.8110476659689
 20
-105.7745979358448
 10
525.3477290512354
 20
-110.2589875501739
 10
518.3015096107888
 20
-115.3738352072597
 10
511.7255025096234
 20
-121.0805860835072
 42
0.0130279274752977
 10
510.4926165626994
 20
-122.3105798757239
 42
-0.0021712018263403
 10
505.6692765346798
 20
-127.33622369278
 10
451.7739769970306
 20
-107.3764208633146
 42
0.1611416967930064
 10
447.4660715940548
 20
-107.3768395573811
 42
0.1675964747478735
 10
444.1662555058127
 20
-109.8944469387752
 42
0.032620400317443
 10
443.5142735735906
 20
-111.028596828353
 42
-0.0024173477065589
 10
441.185715037017
 20
-115.712598943532
 10
430.9205362085932
 20
-110.5647087553794
 42
-0.1627039993059332
 10
430.5160464659035
 20
-109.8950057966454
 42
-0.2520173223861163
 10
430.9359919240468
 20
-108.3950954834479
 42
-0.2833690431268284
 10
432.5086718847825
 20
-107.9905195927823
 42
0.0984935092041747
 10
435.4891483204482
 20
-108.3019538267875
 42
0.501373745696065
 10
441.8358307275801
 20
-97.92847970377861
 42
0.0484341202134293
 10
441.2104458511074
 20
-96.71903183753286
 42
0.0076978014694515
 10
436.4592255064263
 20
-89.61386148604843
 42
0.0695133151957081
 10
380.1504333275144
 20
-28.39038995682634
 42
0.005338181954033
 10
375.0832655054316
 20
-24.31192535775577
 42
0.0104010460251134
 10
372.4178146308856
 20
-22.30143955620864
 42
-0.035073232238426
 10
372.6664490944819
 20
-21.8497547608583
 42
0.1360573801776149
 10
372.7494184885442
 20
-21.58422954931453
 42
0.1005045430649031
 10
372.7190743582486
 20
-21.40523661104547
 42
0.0164551984739175
 10
372.2902846161368
 20
-20.39436429556403
 42
0.3414908555158653
 10
361.7615113952385
 20
-14.93214415838318
 42
0.0164551984739161
 10
360.6722141835986
 20
-15.16715643982812
 42
0.1120049351350274
 10
360.5243447710353
 20
-15.2419860193892
 42
0.13465314916967
 10
360.4186704104294
 20
-15.39268722932556
 42
-0.0223117128581442
 10
360.1411942032957
 20
-16.07068392197581
 42
0.0282352548635898
 10
355.0445233912486
 20
-14.68258489590383
 42
0.0286057959192164
 10
349.8908367550306
 20
-13.89180003982929
 42
0.0063140563779598
 10
348.2854377006735
 20
-13.7591677432749
 42
0.0138022147357332
 10
347.5490637893735
 20
-13.72807534995272
 10
343.1289080497858
 20
-13.90767417027146
 10
338.8031413999928
 20
-14.83383581384274
 10
334.6969313257058
 20
-16.47976148783383
 10
330.9290923706575
 20
-18.79782578963918
 10
327.6086481985693
 20
-21.7209547636202
 10
324.831676957455
 20
-25.16456670815117
 10
322.6785312267036
 20
-29.02901957506893
 10
321.2115129886703
 20
-33.20249414522598
 10
320.4730709002529
 20
-37.56422955450253
 10
320.4845720269992
 20
-41.98801754926082
 10
321.2456835800092
 20
-46.34585436382295
 42
-0.1203115026892019
 10
320.9019449471797
 20
-48.00913947523352
 42
-0.1150049902456402
 10
319.7967806535829
 20
-49.3976159020186
 42
-0.1251418142481253
 10
318.3616301677813
 20
-50.03943373646163
 42
-0.1198748950776817
 10
316.7261979262907
 20
-49.92958599628687
 10
312.8949004423495
 20
-48.44028735634165
 10
301.7196738354432
 20
-37.17134248351673
 10
308.0571428092868
 20
-30.84406733242341
 10
299.6581238859688
 20
-22.43151681641601
 10
277.1689317165156
 20
-44.89502263209161
 42
-0.1458043834026712
 10
273.9467498050695
 20
-46.5042633933439
 42
-0.2102141213765174
 10
269.4542660498039
 20
-45.40118818452029
 42
-0.0163806951946691
 10
269.2566517425378
 20
-45.23877726577021
 42
-0.0081908124109834
 10
268.8779531438192
 20
-44.89502260138133
 42
-0.0098290716081463
 10
266.7969427571985
 20
-42.86455307398918
 42
0.0016381273145157
 10
258.607278450599
 20
-34.60763407260131
 10
254.3612996390911
 20
-38.84678322457464
 10
268.7718614127036
 20
-53.28056173982296
  0
LWPOLYLINE
  5
A6
330
1376
100
AcDbEntity
  8
SECTIONCUTEDGES
100
AcDbPolyline
 90
       29
 70
     1
 43
0.0
 10
683.7863834114706
 20
-381.9971456086626
 10
683.7863834114702
 20
-369.4469933750454
 10
689.7863832995368
 20
-369.4469933750454
 10
689.7863833192151
 20
-381.3991848660652
 42
0.0190796095346223
 10
700.5299697158612
 20
-379.7854561836
 42
0.0174430825806907
 10
712.1207016030836
 20
-377.167649860798
 10
716.3201036980657
 20
-376.0041259682208
 42
-0.0383891022146524
 10
717.1399413300528
 20
-375.7243336163904
 42
0.080703023564874
 10
717.9333033023161
 20
-375.3764912901402
 42
0.5013737456961724
 10
718.3540205740986
 20
-369.1109764790137
 42
0.0544465367866149
 10
717.35114237559
 20
-368.4255092320708
 42
0.0111264070567557
 10
709.8159105159312
 20
-364.6118068652098
 42
0.0451417132624228
 10
682.5998722091577
 20
-354.490027037452
 42
0.025718198124608
 10
667.773704183451
 20
-351.2615659565853
 42
0.0681369050263993
 10
661.0628615827298
 20
-351.0808754363528
 42
0.0695655903794145
 10
654.6874676500505
 20
-352.6955599784023
 42
0.0728059950200751
 10
650.7348858200024
 20
-355.0237539704203
 42
0.1107088194965192
 10
647.1860852657709
 20
-359.4792213059914
 10
646.3665711298891
 20
-361.6114997841972
 10
645.9203080241053
 20
-363.8518265835603
 10
645.860208718672
 20
-366.1353771087326
 10
646.1880122068272
 20
-368.3960760715936
 10
646.8942333864507
 20
-370.5685094015213
 10
647.958437514626
 20
-372.5898170231128
 42
0.0213572836611079
 10
648.5976360635929
 20
-373.4995579817056
 42
0.0141331588187597
 10
650.2801753278703
 20
-375.5655778201751
 42
0.1033583346968259
 10
656.6460611465283
 20
-380.4361106020626
 42
0.1003054496571507
 10
664.6494803827114
 20
-382.4555866427118
 42
0.0155294137789947
 10
672.1239435476817
 20
-382.5764502008543
 42
0.0173739183772632
  0
LWPOLYLINE
  5
A7
330
1376
100
AcDbEntity
  8
SECTIONCUTEDGES
100
AcDbPolyline
 90
        4
 70
     1
 43
0.0
 10
830.2478606224205
 20
-501.2899213548308
 10
830.2478606420978
 20
-489.3377302171167
 10
836.2478605301642
 20
-489.3377302269948
 10
836.2478605104872
 20
-501.2899213647091
  0
LWPOLYLINE
  5
A8
330
1376
100
AcDbEntity
  8
SECTIONCUTEDGES
100
AcDbPolyline
 90
        4
 70
     1
 43
0.0
 10
5.996883947206981
 20
176.0212773652023
 10
5.996883947206981
 20
182.021277346069
 10
15.55863839953696
 20
182.021277346069
 10
15.55863839953696
 20
176.0212773652023
  0
LWPOLYLINE
  5
A9
330
1376
100
AcDbEntity
  8
SECTIONCUTEDGES
100
AcDbPolyline
 90
        4
 70
     1
 43
0.0
 10
-32.19486248984237
 20
213.4598268704971
 42
-0.4287214693487452
 10
-13.2237242673732
 20
283.6199961756065
 42
-0.4282585926248684
 10
55.98585059395981
 20
261.2533712875762
 42
-0.4003066463786392
 10
34.69511335856095
 20
195.3729409623519
 42
-0.3998529754800051
  0
LWPOLYLINE
  5
AA
330
1376
100
AcDbEntity
  8
SECTIONCUTEDGES
100
AcDbPolyline
 90
       30
 70
     1
 43
0.0
 10
797.6529053904374
 20
-506.8433933740238
 42
0.1139939997041558
 10
811.3471206638923
 20
-510.4504942394543
 42
0.012131595656112
 10
824.7657229032423
 20
-510.5348055001072
 42
0.0598288046120425
 10
885.5611585180239
 20
-502.1227178779139
 10
892.1484559219164
 20
-500.2975823601461
 42
-0.044723779736833
 10
893.0526198806729
 20
-500.0017243861882
 42
0.0870712806341554
 10
894.6789651050552
 20
-499.3130573749213
 42
0.501373745696105
 10
895.3389137666746
 20
-489.4847988476645
 42
0.0529911381528774
 10
894.0459416077676
 20
-488.5955354889906
 42
0.0125778217692214
 10
881.9457999499411
 20
-482.4272778848345
 42
0.0625428631188683
 10
822.8233125561441
 20
-462.7458537391373
 42
0.009793627983381
 10
815.3325949138338
 20
-461.4071811086094
 42
0.0603597201403902
 10
806.5226679207238
 20
-461.083850965714
 42
0.0759129908595765
 10
795.4698111407166
 20
-463.7351259055286
 42
0.0063140563776512
 10
794.2677980632368
 20
-464.2427446389033
 42
0.0138022147358892
 10
793.7276202319679
 20
-464.4969298858296
 10
790.6226674117757
 20
-466.2855512282708
 10
787.8657849900833
 20
-468.5745461245558
 10
785.5367442696582
 20
-471.29768175189
 10
783.7029368124343
 20
-474.3761632821387
 10
782.4174244424247
 20
-477.720913836187
 10
781.7174038843323
 20
-481.2351519528351
 10
781.6231304640445
 20
-484.8171919923213
 10
782.1373320140915
 20
-488.3633864438682
 10
783.2451299429131
 20
-491.7711250006172
 10
784.9144697518157
 20
-494.9418036227213
 42
0.0271751971004393
 10
785.6476023542012
 20
-495.9598599807367
 42
-0.0034625272678608
 10
787.097048542471
 20
-497.7836776777833
 42
0.0328587483430994
 10
790.6701744939799
 20
-501.7740415531383
 42
0.0538891254131071
 10
795.6267094350956
 20
-505.6778484806133
 42
0.0187281198229036
  0
LWPOLYLINE
  5
AB
330
1376
100
AcDbEntity
  8
SECTIONCUTEDGES
100
AcDbPolyline
 90
        4
 70
     1
 43
0.0
 10
684.1400078560758
 20
-436.0654139825942
 10
684.140007875753
 20
-424.1132228448799
 10
690.1400077638196
 20
-424.1132228547581
 10
690.1400077441421
 20
-436.0654139924725
  0
LWPOLYLINE
  5
AC
330
1376
100
AcDbEntity
  8
SECTIONCUTEDGES
100
AcDbPolyline
 90
       35
 70
     1
 43
0.0
 10
653.2183459105307
 20
-438.6698372523122
 42
0.0656347644105721
 10
659.3769368126417
 20
-441.4822558679888
 42
0.0626007901507109
 10
666.3676660038562
 20
-442.6985586159028
 42
0.0123177953697661
 10
673.6697449098322
 20
-442.8635463149119
 42
0.017265013750424
 10
689.594254196036
 20
-442.2809246192125
 42
0.0062279344982227
 10
692.3560408507342
 20
-442.0496320504077
 42
0.0022813225314087
 10
699.8835365858614
 20
-441.2900229137079
 42
0.0129383122390819
 10
707.569348661152
 20
-440.2773147412922
 42
0.0183936924267049
 10
724.0242017523622
 20
-437.0501030119384
 42
0.0066398278060927
 10
729.6626276310199
 20
-435.647976240018
 10
735.2618304243291
 20
-434.0966110499152
 42
-0.0447237797366493
 10
736.0303697892719
 20
-433.8451317720512
 42
0.0870712806340985
 10
737.4127632299964
 20
-433.2597648124743
 42
0.5013737456961671
 10
737.9737195923736
 20
-424.9057450643059
 42
0.052991138152964
 10
736.874693257302
 20
-424.1498712094325
 42
0.0125778217692117
 10
726.5895728481499
 20
-418.9068522459002
 42
0.0625428631188742
 10
676.3354585634225
 20
-402.1776417220578
 42
0.0130904238082292
 10
669.3814301845501
 20
-400.9821364922355
 42
0.0697308518379547
 10
660.8732814780518
 20
-400.9409943047907
 42
0.0492888411359195
 10
654.4511039986954
 20
-402.4643545330081
 42
0.0340191646942135
 10
651.6041200878722
 20
-403.6660564467462
 42
0.0179436653399211
 10
649.6698498228003
 20
-404.7310672002132
 42
0.0171499838908319
 10
648.9649101907085
 20
-405.1863845878209
 10
646.6215601322709
 20
-407.1320302496635
 10
644.6418755199096
 20
-409.4466955328973
 10
643.0831391812688
 20
-412.063404833609
 10
641.9904536667603
 20
-414.9064428045501
 10
641.3954361923819
 20
-417.8935452037008
 10
641.3153037851376
 20
-420.9382792372641
 10
641.7523751026777
 20
-423.9525445210789
 10
642.6940033421757
 20
-426.8491222943157
 10
644.1129421797426
 20
-429.5441991231041
 42
0.0307340815669258
 10
645.0119007814031
 20
-430.7739893043653
 42
-0.0070185282331032
 10
645.9681341517997
 20
-431.9597920699069
 42
0.0398902922809587
 10
649.5954765819052
 20
-435.8979836042543
 42
0.0468490569897822
  0
LWPOLYLINE
  5
AD
330
1376
100
AcDbEntity
  8
SECTIONCUTEDGES
100
AcDbPolyline
 90
       10
 70
     1
 43
0.0
 10
-43.02802165003822
 20
187.6379485530544
 42
0.0709625750434489
 10
-26.48714791499862
 20
174.6772472761372
 42
0.0698166485063411
 10
-6.683398914804058
 20
166.6860039384537
 42
0.0347454519899815
 10
2.961650035183481
 20
164.9839719913437
 42
0.0614266743701897
 10
21.61501986190166
 20
165.3103182183518
 42
0.2225324426178364
 10
74.74882549718438
 20
199.9794525144187
 42
0.4296963835079871
 10
47.09417497572696
 20
305.2320015084507
 42
0.2752093716577882
 10
-29.45172143095675
 20
302.5558547553078
 42
0.2747441451422179
 10
-63.67408662301347
 20
233.9092942572798
 42
0.0866911433628662
 10
-57.40304349291386
 20
209.0111269070389
 42
0.0864115484220334
  0
LWPOLYLINE
  5
AE
330
1376
100
AcDbEntity
  8
SECTIONCUTEDGES
100
AcDbPolyline
 90
        4
 70
     1
 43
0.0
 10
834.6068449853143
 20
-569.6157856640151
 10
834.6068450049921
 20
-557.6635945263006
 10
840.6068448930582
 20
-557.6635945361789
 10
840.606844873381
 20
-569.6157856738931
  0
LWPOLYLINE
  5
AF
330
1376
100
AcDbEntity
  8
SECTIONCUTEDGES
100
AcDbPolyline
 90
        4
 70
     1
 43
0.0
 10
-153.7677297555725
 20
302.9585999540873
 10
-144.2059749365353
 20
302.9585997848026
 10
-144.2059761479619
 20
296.9586028158977
 10
-153.7677297772372
 20
296.9586030425833
  0
LWPOLYLINE
  5
B0
330
1376
100
AcDbEntity
  8
SECTIONCUTEDGES
100
AcDbPolyline
 90
        4
 70
     1
 43
0.0
 10
685.3072114091049
 20
-501.769723768115
 10
685.3072114287821
 20
-489.8175326304007
 10
691.3072113168488
 20
-489.8175326402787
 10
691.3072112971716
 20
-501.7697237779929
  0
LWPOLYLINE
  5
B1
330
1376
100
AcDbEntity
  8
SECTIONCUTEDGES
100
AcDbPolyline
 90
       32
 70
     1
 43
0.0
 10
800.4933756340443
 20
-577.8467757872755
 42
0.046849056989768
 10
806.4506585426023
 20
-579.7947289281388
 42
0.0438212944569796
 10
813.0887709615789
 20
-580.6950850122664
 42
0.0076695116512357
 10
817.4179064734472
 20
-580.8331723559279
 42
0.0086318636751587
 10
828.276798876088
 20
-580.8254014867492
 42
0.0598288046120286
 10
895.8272828925123
 20
-571.4786374620902
 10
903.14650223017
 20
-569.4507091090148
 42
-0.0447237797366289
 10
904.1511288510111
 20
-569.1219780268394
 42
0.0870712806340703
 10
905.9581791003239
 20
-568.356792458765
 42
0.5013737456961432
 10
906.6914553910125
 20
-557.4365052062574
 42
0.0529911381528748
 10
905.2548196588926
 20
-556.4484348077302
 42
0.0125778217692295
 10
891.8102178168645
 20
-549.5948152475574
 42
0.0625428631188626
 10
826.1185651570901
 20
-527.7265661967828
 42
0.009793627983379
 10
817.7955455545239
 20
-526.239152162863
 42
0.0603597201403696
 10
808.0067377844006
 20
-525.8798964485346
 42
0.07591299085962
 10
795.7257858066147
 20
-528.8257574927731
 42
0.0063140563777007
 10
794.390215720529
 20
-529.3897783076325
 42
0.0138022147357802
 10
793.7900181302269
 20
-529.6722063597743
 10
790.3400705522364
 20
-531.6595634069309
 10
787.2768678614674
 20
-534.2028910694701
 10
784.6890448387725
 20
-537.2285973220636
 10
782.6514809974124
 20
-540.6491323556732
 10
781.2231339196236
 20
-544.3655218601714
 10
780.4453332995209
 20
-548.2702308786691
 10
780.3405850547573
 20
-552.2502753669872
 10
780.911920110365
 20
-556.1904914242615
 10
782.1428066979444
 20
-559.9768675984272
 10
783.997628707836
 20
-563.4998438452095
 42
0.0271751971002964
 10
784.8122204882639
 20
-564.6310175763377
 42
-0.0034625272679668
 10
786.4227162530085
 20
-566.6574816841672
 42
0.0258304486478955
 10
789.6417355367674
 20
-570.3556086225561
 42
0.0609345241677964
 10
795.9001172448139
 20
-575.4287825762003
 42
0.0374693817493951
  0
LWPOLYLINE
  5
B2
330
1376
100
AcDbEntity
  8
SECTIONCUTEDGES
100
AcDbPolyline
 90
       86
 70
     1
 43
0.0
 10
549.1644867057376
 20
-199.7106234565613
 10
545.5461065084206
 20
-209.9103152125076
 10
539.8914066864703
 20
-207.9042588325711
 10
543.2824376693828
 20
-198.3454392924701
 42
-0.009124133335022
 10
541.0450069044157
 20
-198.5096490041767
 42
0.0352066446589693
 10
539.8463184694024
 20
-198.660754018485
 10
536.5499315679036
 20
-199.6806422126208
 10
533.5361224877939
 20
-201.3609080730024
 10
530.9354915338509
 20
-203.6287390134185
 10
528.8607343633531
 20
-206.3858609215652
 10
527.4017584361316
 20
-209.5127967662382
 10
526.6217869676205
 20
-212.8740440111198
 10
526.5546192161017
 20
-216.3239464772876
 10
527.2031658267364
 20
-219.7130062033396
 10
528.5393227017676
 20
-222.8943617851979
 10
530.5051888625761
 20
-225.730152463422
 10
533.01557552881
 20
-228.0974921768796
 42
-0.0667614233626698
 10
533.3045795633894
 20
-228.6372425648933
 42
0.0232280869836051
 10
533.7521325491487
 20
-229.6820314930804
 42
0.0051195004602621
 10
535.7465015479337
 20
-233.6932261057972
 42
-0.0144281835638472
 10
537.6658591028662
 20
-237.7408496679287
 42
-0.0586385316508052
 10
546.099550861673
 20
-265.3176318261303
 42
-0.0598972376362401
 10
547.7926393841115
 20
-293.5025986499913
 42
-0.0144507809341591
 10
547.3335586470758
 20
-298.6733154215252
 42
-0.1812371532147836
 10
544.9387030046063
 20
-303.318285559233
 42
-0.0949223090377278
 10
542.5995658726198
 20
-304.7424732105544
 42
-0.0874115135404206
 10
539.6794234916736
 20
-305.2836468338595
 10
519.2856313571663
 20
-304.7852971114354
 42
-0.0030469614654824
 10
494.4912273232842
 20
-303.9412868886873
 42
0.006154653860021
 10
481.1378018488966
 20
-303.5698061125399
 42
0.0037140669182308
 10
474.3062876630435
 20
-303.5146424029716
 42
-0.0049182124800299
 10
467.4749261350242
 20
-303.4430269027686
 42
-0.0023983943444605
 10
460.3531455018939
 20
-303.2641180461566
 42
0.0007994634187864
 10
453.2319734065839
 20
-303.0624357356223
 42
0.028598494947404
 10
452.6415888771545
 20
-301.7289571734476
 42
0.1615362525289912
 10
451.4075153594841
 20
-300.5166306038129
 42
0.0570984884322223
 10
450.8272150762671
 20
-300.3099650427078
 42
0.0473084629558813
 10
450.0911040580573
 20
-300.2110981724045
 10
430.9735056984594
 20
-300.1920513030252
 42
-0.0884538753001748
 10
430.067150805937
 20
-299.9516945552825
 42
-0.0748354878398571
 10
429.1452085172596
 20
-299.3409709895356
 42
-0.0204817137715019
 10
428.9746132602714
 20
-299.1737483347425
 42
-0.0451938416546941
 10
428.9077778284346
 20
-299.0883565205577
 10
424.9142149838907
 20
-289.4584753755773
 10
419.1590911246522
 20
-291.8451619167067
 10
416.6127198329721
 20
-290.1022088109406
 42
-0.0152511752513628
 10
413.8449434276302
 20
-288.0095653053082
 42
-0.0124773999018666
 10
410.6090973282077
 20
-285.2683548921077
 42
0.0091448995109654
 10
409.6706930513065
 20
-284.4625934995012
 42
-0.0967675723923064
 10
409.4740634443813
 20
-284.2227224160988
 42
-0.120072977870278
 10
409.3826762400693
 20
-283.8717407550221
 42
0.0474989948105889
 10
409.3083796760871
 20
-283.2029980395229
 42
0.1415236151431441
 10
406.3277944921377
 20
-277.5709944083961
 42
0.14152390677776
 10
400.8033360842169
 20
-274.3955335803818
 42
0.0165674603139901
 10
400.3601739781712
 20
-274.3022938402688
 42
-0.0055220377090066
 10
399.9150606668637
 20
-274.2188645800072
 10
401.0248448421062
 20
-285.1176798899631
 10
395.055702388374
 20
-285.7254781010837
 10
393.9154208131355
 20
-274.5270114457199
 42
0.0041851944671618
 10
391.293246082245
 20
-276.3119216311978
 42
0.0732537808783176
 10
389.0617490328665
 20
-278.4002613692711
 42
0.0863588925430906
 10
387.2259595390852
 20
-281.7607402580632
 42
0.085894953710854
 10
386.6266027273685
 20
-285.5633952847635
 42
0.1858912936940291
 10
394.0470252382776
 20
-304.0009750560956
 42
0.1847894979493682
 10
411.9980164889295
 20
-312.7860669090036
 42
0.0112925331238161
 10
414.083431785098
 20
-312.9261785301935
 42
-0.0000250837670873
 10
422.4351791003853
 20
-313.2985092479693
 42
0.0086986477669627
 10
487.9921898745261
 20
-315.0824270137675
 42
0.0085326336218046
 10
554.8474904314006
 20
-314.5972681285262
 42
0.0025133226607368
 10
559.5762836174625
 20
-314.4584466522915
 42
-0.0037474440078266
 10
564.3054050407344
 20
-314.3312972804405
 42
0.0016481887879954
 10
569.2184125712786
 20
-314.2198437187568
 42
0.0125950398404785
 10
571.8196585268477
 20
-314.0866304408903
 42
0.0300902470943488
 10
581.8040749130035
 20
-312.7150492625115
 42
0.0287188082155564
 10
592.0236398820669
 20
-310.0608660722091
 42
0.0227053575480896
 10
595.8198779849334
 20
-308.6452560514384
 42
0.0037913501562114
 10
618.0624695329878
 20
-298.9802527609226
 42
0.0049356749350327
 10
642.0395660851258
 20
-288.0601949708511
 42
0.0049086815224205
 10
665.9276680157858
 20
-276.6075779590885
 10
676.8044807737334
 20
-271.1956271342741
 42
0.1071206784898841
 10
679.4252737791345
 20
-268.8595451906884
 42
0.1586475686516565
 10
680.7982406497639
 20
-264.6413570118137
 42
0.1797579131307684
 10
679.053770523484
 20
-259.9458718580765
 42
0.0845694995948025
 10
676.8044807737336
 20
-258.0870868893533
 42
0.0114016760096622
 10
676.0792614496282
 20
-257.691758746754
 42
0.0060189643780346
 10
674.6803637925153
 20
-256.99126486698
  0
LWPOLYLINE
  5
B3
330
1376
100
AcDbEntity
  8
SECTIONCUTEDGES
100
AcDbPolyline
 90
       30
 70
     1
 43
0.0
 10
652.7122561771214
 20
-507.3231957873076
 42
0.1139939997041589
 10
666.4064714505772
 20
-510.9302966527384
 42
0.0121315956561316
 10
679.8250736899263
 20
-511.0146079133913
 42
0.0598288046120335
 10
740.6205093047084
 20
-502.6025202911977
 10
747.2078067086009
 20
-500.77738477343
 42
-0.044723779736958
 10
748.1119706673574
 20
-500.481526799472
 42
0.087071280634148
 10
749.7383158917393
 20
-499.7928597882053
 42
0.5013737456961361
 10
750.3982645533591
 20
-489.9646012609486
 42
0.0529911381529586
 10
749.1052923944509
 20
-489.0753379022738
 42
0.0125778217692241
 10
737.0051507366255
 20
-482.9070802981182
 42
0.0625428631188584
 10
677.8826633428285
 20
-463.2256561524212
 42
0.0097936279833828
 10
670.3919457005196
 20
-461.8869835218934
 42
0.060359720140362
 10
661.5820187074083
 20
-461.563653378998
 42
0.075912990859623
 10
650.5291619274011
 20
-464.2149283188127
 42
0.0063140563776951
 10
649.327148849922
 20
-464.722547052187
 42
0.0138022147358567
 10
648.7869710186518
 20
-464.9767322991137
 10
645.6820181984602
 20
-466.7653536415545
 10
642.9251357767683
 20
-469.05434853784
 10
640.5960950563427
 20
-471.7774841651737
 10
638.7622875991188
 20
-474.8559656954228
 10
637.4767752291091
 20
-478.2007162494712
 10
636.7767546710163
 20
-481.7149543661188
 10
636.682481250729
 20
-485.2969944056052
 10
637.1966828007758
 20
-488.8431888571521
 10
638.3044807295972
 20
-492.250927413901
 10
639.9738205385002
 20
-495.4216060360054
 42
0.0271751971004291
 10
640.7069531408852
 20
-496.4396623940208
 42
-0.0034625272678437
 10
642.1563993291552
 20
-498.2634800910672
 42
0.0328587483431307
 10
645.7295252806639
 20
-502.2538439664223
 42
0.0538891254131127
 10
650.6860602217801
 20
-506.1576508938969
 42
0.0187281198229036
  0
LWPOLYLINE
  5
B4
330
1376
100
AcDbEntity
  8
SECTIONCUTEDGES
100
AcDbPolyline
 90
       24
 70
     1
 43
0.0
 10
76.21655854286956
 20
26.5644278856432
 10
86.25639955163052
 20
26.56442788599108
 10
86.25639955183823
 20
20.56442788599125
 10
76.21655854307761
 20
20.5644278856432
 10
76.2165585443201
 20
-15.29214550836585
 10
86.25639955308157
 20
-15.29214550801796
 10
86.2563995532891
 20
-21.2921455080178
 10
76.21655854452848
 20
-21.29214550836517
 42
0.0012965060287565
 10
76.23229308386436
 20
-27.36019005578206
 42
0.0989979376672571
 10
76.68619054922214
 20
-29.57050100315413
 42
0.1474428469582497
 10
78.83763307729214
 20
-32.16312740574441
 42
0.1409539301206384
 10
82.19265508003985
 20
-33.22043318097124
 10
88.45804038603233
 20
-33.22043318075399
 10
121.7230936964303
 20
-7.29201861350586
 42
0.1068219892421662
 10
123.3835199268783
 20
-5.184074315641993
 42
0.1068222623072397
 10
124.0253250080855
 20
-2.578600330792738
 10
124.0253250076895
 20
8.845018613420933
 42
0.1090569501039083
 10
123.3571602445176
 20
11.49998087715696
 42
0.1090564878852647
 10
121.6334284179734
 20
13.62696921853896
 10
88.45804038354703
 20
38.49271555888023
 10
82.19265507755421
 20
38.49271555866315
 42
0.1791095720756322
 10
78.14694979034953
 20
36.87827695185192
 42
0.1860266784333941
 10
76.24741251444612
 20
33.12763936255178
 42
0.0279421858990527
 10
76.18823179445172
 20
31.81578151111049
 42
-0.0026970705271184
  0
LWPOLYLINE
  5
B5
330
1376
100
AcDbEntity
  8
SECTIONCUTEDGES
100
AcDbPolyline
 90
        4
 70
     1
 43
0.0
 10
-153.7677297772374
 20
176.0212770969899
 10
-153.7677297772374
 20
182.0212770778564
 10
-144.2059753249069
 20
182.0212770778564
 10
-144.2059753249069
 20
176.0212770969899
  0
LWPOLYLINE
  5
B6
330
1376
100
AcDbEntity
  8
SECTIONCUTEDGES
100
AcDbPolyline
 90
       10
 70
     1
 43
0.0
 10
-189.9654966421672
 20
210.4302489201598
 42
-0.0801337711785502
 10
-196.9232060113209
 20
224.3260874762075
 42
-0.1462637321510799
 10
-197.3226456049419
 20
253.2325888958284
 42
-0.4252145310149645
 10
-133.5238943249221
 20
287.2654691610459
 42
-0.4250505651483533
 10
-101.8746510961841
 20
222.2297701984086
 42
-0.0876257259603605
 10
-110.5432867462353
 20
207.2887410404346
 42
-0.0858107256947795
 10
-124.0407782256307
 20
195.9415553327229
 42
-0.0717065899233742
 10
-136.8872986193813
 20
190.7404508724619
 42
-0.1302733972641223
 10
-162.7704286695496
 20
191.1950744999185
 42
-0.0849435868563325
 10
-177.8303202284647
 20
198.398096722045
 42
-0.0829515830721302
  0
LWPOLYLINE
  5
B7
330
1376
100
AcDbEntity
  8
SECTIONCUTEDGES
100
AcDbPolyline
 90
       24
 70
     1
 43
0.0
 10
9.055635092850764
 20
26.6728125513238
 10
19.09547610161155
 20
26.67281255167186
 10
19.0954761018196
 20
20.67281255167185
 10
9.055635093058981
 20
20.6728125513238
 10
9.055635094301464
 20
-15.18376084268541
 10
19.09547610306259
 20
-15.18376084233719
 10
19.09547610327047
 20
-21.1837608423372
 10
9.055635094509682
 20
-21.18376084268439
 42
0.0012965060287565
 10
9.071369633845563
 20
-27.25180539010163
 42
0.0989979376672571
 10
9.525267099203517
 20
-29.46211633747353
 42
0.1474428469582497
 10
11.67670962727351
 20
-32.0547427400638
 42
0.1409539301206384
 10
15.0317316300214
 20
-33.11204851529064
 10
21.29711693601388
 20
-33.11204851507338
 10
54.56217024641131
 20
-7.183633947825256
 42
0.1068219892421114
 10
56.2225964768599
 20
-5.075689649961219
 42
0.1068222623072271
 10
56.86440155806673
 20
-2.470215665111965
 10
56.86440155767058
 20
8.953403279101706
 42
0.1090569501039083
 10
56.19623679449881
 20
11.60836554283756
 42
0.1090564878852647
 10
54.47250496795442
 20
13.73535388421939
 10
21.29711693352823
 20
38.60110022456101
 10
15.0317316275354
 20
38.60110022434375
 42
0.1791095720756322
 10
10.98602634033108
 20
36.98666161753252
 42
0.1860266784333941
 10
9.086489064427496
 20
33.23602402823238
 42
0.0279421858990527
 10
9.027308344433265
 20
31.92416617679109
 42
-0.0026970705271184
  0
LWPOLYLINE
  5
B8
330
1376
100
AcDbEntity
  8
SECTIONCUTEDGES
100
AcDbPolyline
 90
       52
 70
     1
 43
0.0
 10
268.1989969772205
 20
-286.5616191389333
 42
-0.1878351083497093
 10
267.2417346130671
 20
-283.4685037006659
 42
-0.0282819661568953
 10
267.3822910100828
 20
-282.3743321406987
 42
0.010555016323605
 10
267.5615280455726
 20
-281.2858278510921
 10
276.6522525633575
 20
-216.1645101958729
 42
-0.0557668649071127
 10
277.996766912366
 20
-211.5924876285264
 42
-0.0488992430862603
 10
280.5773958809325
 20
-206.8137423375711
 10
289.2848414872636
 20
-194.1234085633826
 42
0.0392825912854349
 10
290.6004979898932
 20
-191.5648509925926
 42
0.0545507567568678
 10
292.3869735199305
 20
-185.5218212489854
 42
0.0219118874353615
 10
292.6858403544423
 20
-183.3153155728071
 42
0.018988329865954
 10
292.8215320652067
 20
-180.7497252466331
 42
0.0072300374540157
 10
292.8249024446884
 20
-172.4875325406782
 42
-0.0334197138004854
 10
292.9338655862775
 20
-170.4242931688675
 42
-0.1012039813069495
 10
295.1939671401727
 20
-163.6337547287849
 42
-0.2238363316664689
 10
300.915407089029
 20
-159.6573428780071
 42
-0.1599624026723731
 10
305.9510288910307
 20
-160.4198792725108
 42
-0.1555341023332361
 10
309.6839941841919
 20
-164.0842058690649
 42
-0.0559822217606701
 10
311.187970977339
 20
-167.9136376177338
 42
-0.0583482163747576
 10
311.761696783955
 20
-171.82015075351
 42
-0.0128263235835023
 10
311.7777964001922
 20
-176.2848597459447
 42
0.0092253345202881
 10
311.7617450836259
 20
-180.7495689122854
 42
0.0562673432777018
 10
312.6038230965713
 20
-187.3302150844066
 42
0.0589647900536126
 10
314.8197545800712
 20
-193.2626349309848
 42
0.007426287867996
 10
315.1051301280685
 20
-193.7974968047068
 42
0.0119717301911551
 10
315.2949056832487
 20
-194.1221947532307
 10
323.9891654904119
 20
-206.8101953870147
 42
-0.0442696178646359
 10
326.299966925047
 20
-211.0012193951968
 42
-0.0471103500602819
 10
327.7204111023315
 20
-215.2695126167012
 42
-0.004248749392045
 10
327.7604648358648
 20
-215.449802301903
 42
-0.0119830241468519
 10
327.7725857220049
 20
-215.5141618766534
 10
335.3202418157138
 20
-281.2858267343165
 42
-0.0026532256037439
 10
335.5929180809813
 20
-283.4635908939082
 42
-0.1240443972240119
 10
335.342280775575
 20
-285.4175734332522
 42
-0.2659576400937656
 10
331.8858218836766
 20
-288.1928076033162
 42
-0.0320258051872119
 10
329.8023369758149
 20
-288.3863000324888
 42
0.095422612144291
 10
327.7597931827953
 20
-288.8405725663652
 42
0.1297976173301332
 10
325.356795591982
 20
-290.7336811265462
 42
0.1297392675289984
 10
324.2007711888308
 20
-293.567407579494
 42
0.0267439072051771
 10
324.1122413549391
 20
-294.7326398039814
 42
-0.0599326058306674
 10
323.9467690975429
 20
-295.8894555198605
 42
-0.1651006681924333
 10
321.8656529479718
 20
-299.0040659420959
 42
-0.1567075764401929
 10
318.1595844335137
 20
-300.3301184969995
 10
286.4808768632442
 20
-300.3301196137644
 42
-0.1458285257653942
 10
282.99172334275
 20
-299.1647809158781
 42
-0.2099926357216179
 10
280.5407991255588
 20
-295.1208112494752
 42
-0.0177289459855303
 10
280.3958528907959
 20
-293.6067975277265
 42
0.0797468320705509
 10
280.0652040064699
 20
-292.1222375673646
 42
0.1428238076970649
 10
278.0050304735372
 20
-289.4788507049197
 42
0.1421255878703997
 10
274.8336035768079
 20
-288.3474507451321
 42
0.0220632783212524
 10
272.9129135235742
 20
-288.3163441306
 42
-0.0461725169902322
 10
270.9959479776111
 20
-288.1928087200918
 42
-0.1878351083494724
  0
LWPOLYLINE
  5
B9
330
1376
100
AcDbEntity
  8
SECTIONCUTEDGES
100
AcDbPolyline
 90
       30
 70
     1
 43
0.0
 10
648.9184128544942
 20
-574.3311334832066
 42
0.1139939997041669
 10
664.1342076027771
 20
-578.3390233336848
 42
0.0121315956561116
 10
679.0437656464995
 20
-578.432702512188
 42
0.059828804612041
 10
746.5942496629237
 20
-569.085938487529
 10
753.9134690005818
 20
-567.0580101344536
 42
-0.0447237797368131
 10
754.9180956214225
 20
-566.729279052278
 42
0.0870712806340673
 10
756.7251458707354
 20
-565.9640934842038
 42
0.5013737456961272
 10
757.4584221614239
 20
-555.0438062316962
 42
0.0529911381528999
 10
756.0217864293048
 20
-554.055735833169
 42
0.012577821769226
 10
742.5771845872765
 20
-547.2021162729959
 42
0.0625428631188665
 10
676.8855319275015
 20
-525.3338672222216
 42
0.0097936279833798
 10
668.5625123249357
 20
-523.8464531883018
 42
0.0603597201403602
 10
658.7737045548123
 20
-523.4871974739731
 42
0.0759129908596666
 10
646.4927525770262
 20
-526.4330585182118
 42
0.0063140563776872
 10
645.1571824909405
 20
-526.9970793330712
 42
0.0138022147357828
 10
644.5569849006384
 20
-527.2795073852131
 10
641.1070373226474
 20
-529.2668644323696
 10
638.0438346318789
 20
-531.8101920949088
 10
635.4560116091839
 20
-534.8358983475022
 10
633.4184477678239
 20
-538.2564333811119
 10
631.9901006900351
 20
-541.9728228856102
 10
631.2123000699324
 20
-545.8775319041079
 10
631.1075518251684
 20
-549.857576392426
 10
631.678886880776
 20
-553.7977924497003
 10
632.9097734683558
 20
-557.584168623866
 10
634.7645954782475
 20
-561.1071448706483
 42
0.0271751971004327
 10
635.5791872586756
 20
-562.2383186017765
 42
-0.0034625272678898
 10
637.1896830234196
 20
-564.2647827096058
 42
0.025830448647889
 10
640.4087023071792
 20
-567.9629096479951
 42
0.0609345241677975
 10
646.6670840152254
 20
-573.036083601639
 42
0.0187281198228628
  0
LWPOLYLINE
  5
BA
330
1376
100
AcDbEntity
  8
SECTIONCUTEDGES
100
AcDbPolyline
 90
        8
 70
     1
 43
0.0
 10
-209.1261211434811
 20
200.3510928630521
 42
0.3317844876938703
 10
-128.5975876730047
 20
170.7665099345683
 42
0.3319882571037086
 10
-77.31463129532341
 20
239.4899400890356
 42
0.2333307412603476
 10
-105.3987832134018
 20
296.3944862638009
 42
0.2331477072725774
 10
-167.687935799332
 20
308.7468296390363
 42
0.1746052136639448
 10
-207.5225525870127
 20
281.0199300522918
 42
0.2378915885129091
 10
-217.1756116287755
 20
217.1063178905996
 42
0.032676047400809
 10
-213.7057029127404
 20
208.4821920882969
 42
0.032549552648531
  0
LWPOLYLINE
  5
BB
330
1376
100
AcDbEntity
  8
SECTIONCUTEDGES
100
AcDbPolyline
 90
       67
 70
     1
 43
0.0
 10
172.8563374821399
 20
-213.6507806799954
 10
192.1212581380591
 20
-213.650780604414
 10
192.1212581380591
 20
-209.8240832679397
 10
189.2315200396709
 20
-209.8240832792768
 10
189.2315200396681
 20
-182.2269264331546
 10
186.361497038634
 20
-182.2269264444141
 42
-0.0015983450046604
 10
186.4065548509987
 20
-167.9413279879655
 42
0.009590355869499
 10
186.3607358864847
 20
-164.3701132870256
 42
0.086710455305579
 10
185.6381740493271
 20
-160.8948956878443
 42
0.0868058511746466
 10
183.7813674529539
 20
-157.8742602393442
 10
162.6483348736385
 20
-135.4914836871995
 42
-0.0941100693019301
 10
160.447706182183
 20
-131.667792612298
 42
-0.0830784873347538
 10
159.6098223524403
 20
-126.7508105923945
 42
-0.0007521420246949
 10
159.579334916345
 20
-106.4837480934485
 42
-0.0007521420248271
 10
159.6098223524403
 20
-86.21668559409593
 42
-0.0830784873347645
 10
160.447706182183
 20
-81.29970357419276
 42
-0.0941100693018755
 10
162.648334873639
 20
-77.4760124992899
 10
183.7813674529539
 20
-55.09323594714524
 42
0.0868058511746753
 10
185.6381740493271
 20
-52.07260049864547
 42
0.0867104553056235
 10
186.3607358864847
 20
-48.59738289946384
 42
0.0095903558694751
 10
186.4065548509984
 20
-45.0261681985236
 42
-0.0015983450047141
 10
186.3614970386342
 20
-30.74056974207517
 10
189.2315200396681
 20
-30.74056975333545
 10
189.2315200396709
 20
-3.143412907212933
 10
192.1212581380594
 20
-3.143412918550296
 10
192.1212581380591
 20
0.6832844179245683
 10
172.8563374821399
 20
0.6832844935056244
 10
172.8563374821399
 20
-3.14341284296907
 10
175.7460755805275
 20
-3.143412854306262
 10
175.7460755805249
 20
-30.7405697004281
 10
172.4230552474604
 20
-30.7405697004281
 10
166.8564440163804
 20
-26.49929659963985
 10
166.8564440163815
 20
0.6832845170445978
 10
161.5453787734592
 20
0.6832845378813488
 10
161.5453787734562
 20
-30.38922974113362
 10
175.7460755805237
 20
-41.08873717797607
 10
175.7460755805233
 20
-44.88475730225829
 42
-0.0710480454841817
 10
175.2024419426581
 20
-47.98874920214362
 42
-0.0789734135039102
 10
173.9097623063469
 20
-50.51564653243267
 42
-0.0157632743681821
 10
173.663063604306
 20
-50.83220333490496
 42
-0.0078811476358006
 10
173.1403564467164
 20
-51.44121155538155
 10
153.29556270598
 20
-72.46429313428987
 42
0.0738796213070135
 10
149.1884758865045
 20
-78.55787320716283
 42
0.0768657483089254
 10
147.1533911098514
 20
-85.32461876726026
 42
0.0234167885384494
 10
147.0570163808519
 20
-86.37049326046795
 42
0.0112662178734485
 10
147.007853708279
 20
-88.5520755660365
 10
141.0905090330084
 20
-88.55207554282136
 10
141.0905090330072
 20
-124.4154206436689
 10
147.0078537082783
 20
-124.4154206204537
 42
0.0114832173732009
 10
147.0507889679915
 20
-126.2846501784963
 42
0.0371607931805977
 10
147.3716373314279
 20
-128.9406620196614
 42
0.0698541062946174
 10
149.4745915955307
 20
-135.0012914400115
 42
0.0668709711255719
 10
153.2955627059789
 20
-140.5032030521999
 10
173.1403564467165
 20
-161.5262846311089
 42
-0.0710480454842022
 10
174.9164336945609
 20
-164.2183655769169
 42
-0.0829397366261712
 10
175.6702413418729
 20
-166.8815290121488
 42
-0.0118220274080353
 10
175.7119346239508
 20
-167.3612658456
 42
-0.0078811476358291
 10
175.7460755805233
 20
-168.082738884231
 10
175.7460755805237
 20
-171.8787590085127
 10
161.5453787734562
 20
-182.5782664453565
 10
161.5453787734592
 20
-213.6507807243714
 10
166.8564440163815
 20
-213.6507807035344
 10
166.8564440163808
 20
-186.4681995868502
 10
172.4230552474601
 20
-182.2269264860616
 10
175.7460755805249
 20
-182.2269264860613
 10
175.7460755805275
 20
-209.8240833321835
 10
172.8563374821399
 20
-209.8240833435208
  0
LWPOLYLINE
  5
BC
330
1376
100
AcDbEntity
  8
SECTIONCUTEDGES
100
AcDbPolyline
 90
       43
 70
     1
 43
0.0
 10
-26.161728177665
 20
36.79893235899337
 10
-21.90111832032733
 20
41.02351337939111
 10
-15.35902675922153
 20
34.42563252089608
 10
-11.28300393486341
 20
38.46718742478717
 10
-18.0904851419221
 20
45.33272110481843
 42
0.0618342171827892
 10
-19.0791276244301
 20
45.93321954196361
 42
0.0717529475020679
 10
-21.79900123374824
 20
46.71259052936759
 42
0.070795516754836
 10
-23.89609266044459
 20
46.70095905428772
 42
0.1804535747572421
 10
-26.79262711914129
 20
45.10362611539844
 42
0.0287007037995685
 10
-27.48668568980241
 20
44.19513297978298
 42
-0.0645373742486804
 10
-28.24388169879575
 20
43.33855182137912
 42
-0.2174522118141688
 10
-32.67995615600313
 20
42.01587080343776
 42
-0.1015650308183656
 10
-34.11342517064844
 20
42.52439585372084
 42
0.0411526588235359
 10
-39.55421509009358
 20
45.22733963432719
 42
0.0461076847971318
 10
-46.68065915355208
 20
47.32813774891534
 42
0.0461454791710024
 10
-54.06543407218731
 20
48.08619962349879
 10
-56.38917308764047
 20
48.04289528144702
 42
-0.1253947858109844
 10
-56.6615980512733
 20
48.23354865415033
 42
0.143048782097829
 10
-57.7769523326267
 20
48.95783064101962
 42
0.1264320470703435
 10
-59.43453698336504
 20
49.02456079646205
 42
0.1265479874167856
 10
-60.91745162038728
 20
48.28420805905122
 42
0.0848281106312188
 10
-61.38790488720826
 20
47.71038902634856
 42
0.021692566529816
 10
-62.70378912271292
 20
45.14602742460598
 42
0.1124511104433458
 10
-65.67466824320212
 20
30.98312399586812
 42
0.114630499571294
 10
-62.22332754571602
 20
17.20589468853242
 42
0.0174414328704564
 10
-61.33023051224
 20
15.6040020662231
 42
0.1214649033167846
 10
-60.61683079327696
 20
14.89035948075943
 42
0.1367996027482625
 10
-58.77208184197769
 20
14.37601206832707
 42
0.136799494011949
 10
-56.92733136843464
 20
14.89035948075943
 42
0.0778218291288311
 10
-56.67038373520211
 20
15.10641169405821
 42
-0.1410296933401738
 10
-56.38852637579168
 20
15.2887769156367
 10
-53.1904333989292
 20
15.13325580312093
 42
0.0397452182154169
 10
-43.64087156202271
 20
15.68195426677775
 42
0.0397450640889173
 10
-34.29839504459341
 20
17.7347672586396
 42
0.0066343558557603
 10
-32.48255520204606
 20
18.31444644410706
 42
0.0097568721222952
 10
-31.26136301344406
 20
18.74888854671084
 10
-25.54790423478613
 20
21.16672055831393
 42
0.0256454657244687
 10
-23.31641886426155
 20
22.3587910105704
 42
0.1235376671056771
 10
-21.09881535754988
 20
24.58682835465495
 42
0.094776951560528
 10
-20.25909085852044
 20
26.89995193110153
 42
0.0903843656538126
 10
-20.31332549738392
 20
29.47772380843199
 42
0.0129314499497889
 10
-20.6882531343025
 20
31.09961384548453
 42
0.0661103927290836
 10
-20.8110746938417
 20
31.40265272317041
  0
LWPOLYLINE
  5
BD
330
1376
100
AcDbEntity
  8
SECTIONCUTEDGES
100
AcDbPolyline
 90
       40
 70
     1
 43
0.0
 10
381.9453854269783
 20
-402.5095402330064
 42
0.0038055014836144
 10
385.071207467424
 20
-402.7903503672233
 42
0.001631856741645
 10
392.3672505220785
 20
-403.3658873346679
 10
392.3672505220778
 20
-398.0415860841501
 10
398.3672505220778
 20
-398.0415860841495
 10
398.3672505220778
 20
-403.7618153355818
 10
406.6051451068894
 20
-403.2701285718137
 10
406.6051451068886
 20
-399.1493390613647
 10
454.6994113301308
 20
-398.2579197404886
 10
461.1602919859903
 20
-401.9930852947079
 10
495.2194594750818
 20
-399.4409907687376
 10
502.7833886810352
 20
-394.8687407747484
 10
526.0987413962265
 20
-393.4771412337956
 10
525.5260494300411
 20
-383.8820567315133
 10
502.0991677594369
 20
-385.28031298682
 10
494.1835537120258
 20
-382.0850578767174
 10
460.1012662633356
 20
-384.2269189073423
 10
454.1009784310141
 20
-388.664371610862
 10
408.5431670717258
 20
-389.4044001521327
 42
0.0830485242776414
 10
411.986634974722
 20
-387.2166888253554
 42
0.0820096839825604
 10
414.5692668393827
 20
-383.9930138998529
 42
-0.0118695149495778
 10
415.3936336316211
 20
-382.6036966863106
 42
-0.0662669799788133
 10
416.619535505887
 20
-381.1231978618653
 42
-0.0784834826744526
 10
418.9020101176383
 20
-379.5942665765212
 42
-0.0835341882040261
 10
421.3937915820928
 20
-378.9130065753334
 10
527.2508927537568
 20
-374.5739561771894
 10
533.7117734096156
 20
-378.309121731409
 10
567.7709408987078
 20
-375.7570272054385
 10
575.3348701046615
 20
-371.1847772114496
 10
598.6502228198522
 20
-369.7931776704968
 10
598.0775308536668
 20
-360.1980931682142
 10
574.6506491830624
 20
-361.5963494235209
 10
566.7350351356518
 20
-358.4010943134183
 10
532.6527476869615
 20
-360.542955344043
 10
526.6524598546401
 20
-364.9804080475628
 10
420.798173981264
 20
-369.319290411886
 42
0.0647825780628466
 10
407.7980338119308
 20
-371.9391661079618
 42
0.1253728718333864
 10
387.7146125346902
 20
-385.0310327876382
 42
0.0191903726170426
 10
385.2817086566735
 20
-387.8886930700149
 10
383.0750832958762
 20
-390.9244875436622
  0
LWPOLYLINE
  5
BE
330
1376
100
AcDbEntity
  8
SECTIONCUTEDGES
100
AcDbPolyline
 90
       43
 70
     1
 43
0.0
 10
-27.41925622850755
 20
-18.55734653446134
 10
-23.15864637117005
 20
-14.33276551406393
 10
-16.61655481006426
 20
-20.93064637255864
 10
-12.54053198570597
 20
-16.88909146866754
 10
-19.34801319276499
 20
-10.02355778863645
 42
0.0618342171828658
 10
-20.33665567527283
 20
-9.423059351491275
 42
0.0717529475020679
 10
-23.05652928459114
 20
-8.643688364087125
 42
0.070795516754836
 10
-25.15362071128749
 20
-8.655319839167162
 42
0.1804535747572872
 10
-28.05015516998384
 20
-10.2526527780561
 42
0.0287007037995685
 10
-28.74421374064514
 20
-11.16114591367173
 42
-0.0645373742486804
 10
-29.5014097496383
 20
-12.01772707207559
 42
-0.2174522118141688
 10
-33.93748420684602
 20
-13.34040809001695
 42
-0.1015650308183656
 10
-35.37095322149117
 20
-12.83188303973387
 42
0.0411526588235611
 10
-40.81174314093646
 20
-10.12893925912752
 42
0.0461076847971318
 10
-47.93818720439498
 20
-8.028141144539546
 42
0.0461454791710024
 10
-55.32296212303004
 20
-7.270079269956255
 10
-57.64670113848319
 20
-7.313383612007697
 42
-0.1414431020981267
 10
-57.92955921669778
 20
-7.10183572219276
 42
0.1055454835599105
 10
-58.42567342514866
 20
-6.672936639982509
 42
0.1533364317772549
 10
-60.36325241808317
 20
-6.283705511341082
 42
0.1533742566254495
 10
-62.17497967123001
 20
-7.07207083440349
 42
0.083550239714566
 10
-62.59722207391241
 20
-7.584428865650835
 42
0.0293800915752455
 10
-64.40618901119575
 20
-11.20082930770346
 42
0.1102930341352263
 10
-66.95248883173707
 20
-24.779005658633
 42
0.1102943706824771
 10
-63.48085559655856
 20
-38.15038420492246
 42
0.0174414328704345
 10
-62.58775856308256
 20
-39.75227682723178
 42
0.1214649033167874
 10
-61.87435884411951
 20
-40.46591941269511
 42
0.1367996027482625
 10
-60.02960989282058
 20
-40.98026682512764
 42
0.136799494011949
 10
-58.18485941927736
 20
-40.46591941269511
 42
0.0778218291289946
 10
-57.92791178604483
 20
-40.2498671993965
 42
-0.1410296933401738
 10
-57.64605442663441
 20
-40.067501977818
 10
-54.44796144977193
 20
-40.22302309033412
 42
0.0397452182154154
 10
-44.89839961286508
 20
-39.67432462667697
 42
0.0397450640889202
 10
-35.55592309543613
 20
-37.62151163481511
 42
0.0066343558557761
 10
-33.74008325288912
 20
-37.04183244934782
 42
0.0097568721222697
 10
-32.51889106428695
 20
-36.60739034674387
 10
-26.80543228562886
 20
-34.18955833514079
 42
0.025645465724528
 10
-24.57394691510427
 20
-32.99748788288449
 42
0.1235376671056771
 10
-22.35634340839277
 20
-30.76945053879959
 42
0.0947769515605043
 10
-21.51661890936316
 20
-28.45632696235319
 42
0.090384365653814
 10
-21.57085354822664
 20
-25.87855508502272
 42
0.0129314499497889
 10
-21.94578118514522
 20
-24.25666504797019
 42
0.0661103927290836
 10
-22.06860274468443
 20
-23.95362617028448
  0
LWPOLYLINE
  5
BF
330
1376
100
AcDbEntity
  8
SECTIONCUTEDGES
100
AcDbPolyline
 90
       54
 70
     1
 43
0.0
 10
-126.1699060828446
 20
69.56273031184721
 10
-126.1699057354561
 20
88.27859151022463
 10
-120.0264791868685
 20
88.27859144576436
 10
-120.0264795342572
 20
69.56273024738695
 42
0.0524076231941359
 10
-118.273094070696
 20
69.86401763617656
 42
0.1283246379158529
 10
-115.8007418960419
 20
71.31308805407954
 42
0.1976053288750974
 10
-114.0736059648728
 20
75.45327603857785
 42
-0.0972217784328355
 10
-113.5954788728753
 20
77.82577745256228
 42
-0.148335956810253
 10
-111.4608848228462
 20
80.42678649440754
 42
-0.1399846523031586
 10
-108.0742860576121
 20
81.51491901944799
 10
-96.27229810747587
 20
81.51491889687665
 42
-0.1458284914622149
 10
-92.79201932387838
 20
80.35254433391404
 42
-0.2099925812179516
 10
-90.34732828636402
 20
76.31886100161981
 42
-0.0262387271591753
 10
-90.26186811445217
 20
75.231523517515
 42
0.0919402918941931
 10
-89.84129791358981
 20
73.25187154053205
 42
0.1316524664572323
 10
-87.95812104657391
 20
70.79766855000659
 42
0.1316525521619659
 10
-85.10014228722013
 20
69.61385572379239
 42
0.0245487428108915
 10
-84.71054212087386
 20
69.58191055304403
 42
-0.0081814536163637
 10
-84.32010533156342
 20
69.56272990904742
 10
-84.32010490873995
 20
88.27859106558454
 10
-78.32010488752769
 20
88.2785910037866
 10
-78.32010523491624
 20
69.56272980540919
 42
-0.0046198520505826
 10
-74.53819020281094
 20
69.54850839995126
 42
0.1467100691424566
 10
-71.63113540685157
 20
70.37922782136476
 42
0.1288133023238204
 10
-70.14010038320112
 20
71.99620957694069
 42
0.1163850263508562
 10
-69.52329231850928
 20
74.3436069488404
 10
-69.5232919495744
 20
94.56018020470756
 42
0.179109613970689
 10
-71.13773028329387
 20
98.60588400417473
 42
0.1860266532962858
 10
-74.88836808309895
 20
100.5054209109459
 42
0.0126252748175066
 10
-75.09163799181044
 20
100.5208383432868
 42
0.0063067001663382
 10
-75.49938842196826
 20
100.5362748700279
 10
-84.32010470450832
 20
100.5362749738507
 42
0.1458284868356838
 10
-87.80038357845119
 20
99.37390060934214
 42
0.2099925852907457
 10
-90.24507478912182
 20
95.34021754061965
 42
0.0262387275290866
 10
-90.33053501782655
 20
94.25288005523142
 42
-0.0919402900360604
 10
-90.75110531474553
 20
92.27322808766619
 42
-0.1483359496431029
 10
-92.88569942766258
 20
89.67221872127678
 42
-0.1399846606955088
 10
-96.27229808553018
 20
88.58408606519915
 10
-108.0742860356667
 20
88.58408654202102
 42
-0.1458284833110539
 10
-111.5545648934391
 20
89.74646096029331
 42
-0.2099925916948168
 10
-113.9992559301881
 20
93.78014393004603
 42
-0.026238728307701
 10
-114.084716120001
 20
94.86748140059077
 42
0.0919402926202802
 10
-114.5052863488223
 20
96.84713334867481
 42
0.1483359538531521
 10
-116.6398803207594
 20
99.4481426363594
 42
0.139984657401965
 10
-120.0264789788119
 20
100.5362753514193
 10
-128.9906219321868
 20
100.5362754356587
 42
0.1791095308637796
 10
-133.0363275946588
 20
98.92183716999515
 42
0.1860267211662897
 10
-134.9358645326409
 20
95.17120119634929
 42
0.012625284141148
 10
-134.9512819729229
 20
94.96793132587649
 42
0.006306703654995
 10
-134.9667185108559
 20
94.56018089574698
 10
-134.9667188797908
 20
74.34360763988033
 42
0.1791095789242647
 10
-133.6774170079004
 20
71.11267821454632
 42
0.1854106952540474
 10
-130.674658730657
 20
69.58741347532989
 42
0.0293646341359876
 10
-129.7742466136051
 20
69.54720958742152
 42
-0.00489273875904
  0
LWPOLYLINE
  5
C0
330
1376
100
AcDbEntity
  8
SECTIONCUTEDGES
100
AcDbPolyline
 90
       44
 70
     1
 43
0.0
 10
263.3202175676792
 20
-318.2908213263588
 10
263.3202175676768
 20
-300.3625336535464
 10
269.3202175485428
 20
-300.362533653545
 10
269.3202175485451
 20
-318.2908213263577
 10
335.3202418157172
 20
-318.2908202095787
 10
335.3202418157149
 20
-300.3625325367663
 10
341.3202418157137
 20
-300.3625325367651
 10
341.3202418157165
 20
-318.2908202095775
 10
347.8282475583261
 20
-318.2753933576086
 42
0.1858129883990174
 10
349.6667854884087
 20
-317.3432972141693
 42
0.1726641575804897
 10
350.5107836089952
 20
-315.3027719515935
 10
350.5107836089927
 20
-303.2714102535879
 10
336.2098260592822
 20
-213.7958640287724
 42
0.0486314704761798
 10
334.8210924569761
 20
-208.9933383785574
 42
0.0534758092171769
 10
331.1324740619137
 20
-202.002739974693
 10
322.6306949976343
 20
-189.5956368344138
 42
-0.0423689192919026
 10
321.8362478612055
 20
-188.0245680433402
 42
-0.0513603186138475
 10
320.672969689209
 20
-183.9921787688622
 42
-0.0222821406099401
 10
320.4677990618901
 20
-182.4664356913231
 42
-0.0185668445783114
 10
320.3718140867267
 20
-180.6216801572891
 42
-0.006145547510225
 10
320.3508617412593
 20
-172.450051697579
 42
0.0524433135651898
 10
319.8548139219101
 20
-167.2477237587423
 42
0.080340666149767
 10
316.8805003296649
 20
-159.3503641961399
 42
0.0006003022368199
 10
305.3201824487978
 20
-139.2405577923796
 10
305.3201824487991
 20
-149.71183688721
 10
299.3201824679308
 20
-149.7118368872096
 10
299.3201824679315
 20
-139.2241238462664
 42
-0.0012647563058262
 10
293.5382685451464
 20
-149.164410946466
 42
0.0037942851023592
 10
287.8067165343562
 20
-159.1338215505342
 42
0.0582444885708193
 10
285.1807714358794
 20
-165.382650199594
 42
0.0630920495986421
 10
284.2114147624343
 20
-171.5681956734345
 42
0.0166182111794421
 10
284.2393631974365
 20
-178.920007068842
 42
-0.0390194252520189
 10
284.0772268218966
 20
-182.8757786702777
 42
-0.0894602498120846
 10
282.1014193905489
 20
-189.3221384407671
 42
-0.0074353649408933
 10
282.0116313951445
 20
-189.4901801095663
 42
-0.0119722115351319
 10
281.951855438926
 20
-189.5923092726901
 10
273.4364647319759
 20
-202.0027399746932
 42
0.048899243086401
 10
270.0735975302235
 20
-208.2300147980848
 42
0.0534407549801212
 10
268.2169254132442
 20
-214.4371140975942
 10
254.1235090516425
 20
-303.319147525408
 10
254.1389358844804
 20
-315.608285275691
 42
0.1859571901665639
 10
255.0702170903713
 20
-317.4464861306842
 42
0.1726641571641559
 10
257.1115573096277
 20
-318.2908213263598
 42
0.0169556036977691
 10
259.2844992859801
 20
-318.3263000465314
 42
-0.0043955043725297
  0
LWPOLYLINE
  5
C1
330
1376
100
AcDbEntity
  8
SECTIONCUTEDGES
100
AcDbPolyline
 90
       32
 70
     1
 43
0.0
 10
593.0353614085817
 20
-561.6341656191292
 42
-0.2705198418562781
 10
593.1480855786332
 20
-557.2696407172599
 42
-0.1796788531386724
 10
595.9182431793559
 20
-555.1151837414212
 42
0.119754747988401
 10
598.2637885575721
 20
-553.6969580464914
 42
0.1067392864103134
 10
599.9336956893285
 20
-551.1253072118198
 42
0.0138955201244157
 10
600.1243962341817
 20
-550.5783132076648
 42
0.0384774541854381
 10
600.1723034128537
 20
-550.3743969577166
 10
600.1723034128523
 20
-540.6382847622423
 42
0.1858888120892965
 10
599.7129540999265
 20
-539.6036109405657
 42
0.185888803331181
 10
598.6782802405354
 20
-539.1442615899257
 42
0.0150713658801603
 10
597.1927725806852
 20
-539.1144083259887
 42
-0.0025117094321822
 10
591.2499920941687
 20
-539.1442615899262
 10
591.2499920941694
 20
-547.6692105324552
 10
585.2499920941697
 20
-547.6692105324556
 10
585.2499920941689
 20
-539.1442615899266
 10
580.4691167909192
 20
-539.1442615899269
 10
580.4691167909203
 20
-554.838223364797
 42
0.0811366467050055
 10
580.6082282943795
 20
-555.1551114222783
 42
-0.0248235672502123
 10
581.3023185448602
 20
-556.3508255927441
 42
-0.0407056877962675
 10
583.2575771723644
 20
-561.0414685580864
 42
-0.0395261454476923
 10
584.4738226145676
 20
-566.1311730126626
 42
-0.0006113314469479
 10
584.7646945045584
 20
-568.000933400467
 42
0.3174910225116518
 10
585.8921572341656
 20
-569.1684258825154
 42
0.0234669501378306
 10
586.0440343727499
 20
-569.1899933531261
 42
0.0277004091631176
 10
586.1739214935568
 20
-569.1950291206534
 10
610.6998119981234
 20
-566.0531900864245
 42
0.1858888049874093
 10
611.667732202255
 20
-565.4660935859786
 42
0.1858888112531723
 10
611.9918878077825
 20
-564.3814393160925
 42
0.0125591717618612
 10
611.8049437598825
 20
-562.5602653180401
 42
0.0125591495635496
 10
611.5267886573014
 20
-560.7507724632776
 42
0.1858888358709302
 10
610.9394258620554
 20
-559.7824130862399
 42
0.1860462975924042
 10
609.8550379059481
 20
-559.4586966511879
  0
LWPOLYLINE
  5
C2
330
1376
100
AcDbEntity
  8
SECTIONCUTEDGES
100
AcDbPolyline
 90
       94
 70
     1
 43
0.0
 10
501.0544659858996
 20
-517.9877067192188
 10
506.8862302159828
 20
-515.1990973999845
 10
505.6267341578551
 20
-507.6166595683733
 10
506.642329965306
 20
-502.9336394131902
 42
-0.0836545086858423
 10
525.0928464870309
 20
-458.9477999180385
 42
-0.006259595534865
 10
526.3990937399461
 20
-456.9392317127011
 42
0.0020865076215709
 10
527.7220588516678
 20
-454.9416352984049
 42
0.0066382666877824
 10
527.7088271256599
 20
-457.6953286157379
 42
0.0431748967508669
 10
528.0065922377231
 20
-460.8279764936563
 10
528.7298917034035
 20
-463.6911396386678
 10
529.8258335746099
 20
-466.4333607688729
 10
531.2751290100199
 20
-469.006376130838
 10
533.0522700603377
 20
-471.3649000334694
 10
535.125978614354
 20
-473.4674218871027
 10
537.4597569012508
 20
-475.2769367998947
 10
540.0125298601698
 20
-476.7615968728473
 10
542.7393680711949
 20
-477.8952717305123
 10
545.5922785239805
 20
-478.6580084219028
 42
0.0280444950169358
 10
547.0547138192122
 20
-478.8622900492314
 42
-0.0177316047975141
 10
548.5210493063122
 20
-479.0363825972455
 42
-0.0128110655294903
 10
554.8415614492068
 20
-480.1816481728951
 42
0.0132797805164758
 10
561.1631442393164
 20
-481.3209892171122
 42
0.0129928338452221
 10
564.0640836100875
 20
-481.6877876777493
 42
-0.0119502420643454
 10
566.9657813987483
 20
-482.0485372957654
 42
-0.0107260424185504
 10
573.8165897830302
 20
-483.2177529400576
 42
0.0093202462417943
 10
580.6640840721136
 20
-484.4062236809564
 42
-0.0047400551479959
 10
583.0576595113986
 20
-484.79910930435
 42
-0.0258010305863524
 10
583.4924513828751
 20
-484.8980559811026
 42
-0.3140460704734103
 10
599.6503957323974
 20
-504.6012230648268
 42
-0.0228259205943762
 10
599.6946187532781
 20
-505.9560671594961
 42
0.0076074659382997
 10
599.6976007378711
 20
-507.3116295166762
 10
601.4320151978735
 20
-508.0256696804503
 10
600.6257161565744
 20
-514.3992981747127
 10
606.8014033077822
 20
-516.9417635234276
 42
-0.0078302131354884
 10
607.2826555321291
 20
-515.6096487593345
 42
0.0234944808162735
 10
607.7219564357196
 20
-514.2631168569058
 10
608.5520193710382
 20
-510.2856378368924
 10
608.8785774666554
 20
-506.2356126960541
 10
608.6965120015878
 20
-502.1765246214169
 10
608.0086768089776
 20
-498.1719988593517
 10
606.8258535429282
 20
-494.284805404875
 10
605.166582678623
 20
-490.5758750968076
 10
603.0568728947592
 20
-487.1033445412757
 10
600.5297933936559
 20
-483.9216448341477
 10
597.6249555493232
 20
-481.0806483664686
 10
594.3878920085302
 20
-478.6248870865176
 10
590.8693429773335
 20
-476.59285447204
 42
0.0372558334904113
 10
590.1717352204017
 20
-476.361292726424
 42
-0.003314601506962
 10
587.3262388855315
 20
-475.6266951858942
 42
0.0347160858577659
 10
551.2901651150911
 20
-468.7010988594193
 42
0.0113895742382578
 10
548.9139708926296
 20
-468.4682329412136
 42
-0.0340275397390813
 10
547.6413331510692
 20
-468.2850752183761
 10
544.7104605594964
 20
-467.3513754261618
 10
542.0552053694374
 20
-465.7984976699736
 10
539.8044733321352
 20
-463.7018301364183
 10
538.0675316491805
 20
-461.1631605951011
 10
536.9287043333241
 20
-458.3057348664656
 10
536.4432784964264
 20
-455.2682735569381
 10
536.6348203035753
 20
-452.1982375333514
 10
537.4940308969325
 20
-449.2446690804009
 10
538.9791978311442
 20
-446.5509562843647
 10
541.0182201043552
 20
-444.2478719134941
 10
543.5121084748113
 20
-442.4472247393607
 42
-0.0259575098661962
 10
544.1782918971934
 20
-442.1146222726481
 42
-0.0126213907832579
 10
546.3397911317389
 20
-441.2364315110542
 42
-0.0175990653816757
 10
549.6265850728538
 20
-440.1271996337121
 42
-0.0126942074762204
 10
557.0858483101939
 20
-438.1037055926802
 42
-0.0497112061199567
 10
581.9910343833897
 20
-434.5897031205025
 42
-0.0082907775839849
 10
583.390242981522
 20
-434.5557682835404
 42
0.0138347970395544
 10
584.7889893733706
 20
-434.5063233087099
 42
0.008166040073993
 10
587.1620765909589
 20
-434.3176600577248
 42
-0.0201518402392721
 10
591.5762425801244
 20
-434.0730072724668
 42
-0.0243480617986835
 10
597.7547268018906
 20
-434.2807871208796
 42
-0.0202888266066008
 10
605.1162780895339
 20
-435.1899215532772
 10
603.9520199102774
 20
-423.2504527570942
 42
0.009618172566694
 10
583.0292440906556
 20
-425.5460713152558
 42
0.0107725597142412
 10
564.4472062701821
 20
-428.3556417500581
 42
0.0020475860497062
 10
555.9213683357681
 20
-429.8692477101089
 42
0.0218743812827072
 10
551.8711781260552
 20
-430.7900068746731
 42
0.013095515703199
 10
550.8183895212763
 20
-431.1081542717907
 42
-0.0207445493047699
 10
549.7608586009759
 20
-431.4101641478794
 42
-0.0161726624736478
 10
547.7569857750501
 20
-431.8254524236254
 42
0.0285029247916611
 10
544.0557582501104
 20
-432.6881589953642
 42
0.1487208147842249
 10
522.3699339219789
 20
-446.9352892771304
 42
0.0082023326370868
 10
521.1466071053381
 20
-448.4547425091944
 42
0.0164156792780273
 10
520.5733420586938
 20
-449.2432803411078
 42
0.0174810822636259
 10
519.7610652124145
 20
-450.536497902922
 42
0.0069232407102248
 10
515.6125851670975
 20
-457.9178787611656
 42
0.0479660974779129
 10
498.0308316421777
 20
-499.2351944111743
 42
0.0081930061614348
 10
496.7067193906729
 20
-503.6711631133441
 42
0.0541511113709203
 10
496.2809818834625
 20
-506.2201780760546
 42
0.0938946016034197
 10
496.9981298007959
 20
-511.7079816810162
 42
0.0938946034393902
 10
499.6729562975957
 20
-516.5531433477747
 42
0.0280934263548841
 10
500.3502791710635
 20
-517.2833602568563
 42
-0.0093622865373936
  0
LWPOLYLINE
  5
C3
330
1376
100
AcDbEntity
  8
SECTIONCUTEDGES
100
AcDbPolyline
 90
        4
 70
     1
 43
0.0
 10
-250.3918292462108
 20
186.7215094289831
 10
-240.8300747938804
 20
186.7215094289826
 10
-240.8300747938771
 20
228.7215017252249
 10
-250.3918292462075
 20
228.7215017252256
  0
LWPOLYLINE
  5
C4
330
1376
100
AcDbEntity
  8
SECTIONCUTEDGES
100
AcDbPolyline
 90
        4
 70
     1
 43
0.0
 10
-265.7627796795967
 20
200.5084562640469
 10
-265.7627808418931
 20
278.5084836113041
 10
-275.3245352942233
 20
278.5084834688223
 10
-275.3245341319269
 20
200.5084561215651
  0
LWPOLYLINE
  5
C5
330
1376
100
AcDbEntity
  8
SECTIONCUTEDGES
100
AcDbPolyline
 90
        4
 70
     1
 43
0.0
 10
-164.6389827451403
 20
72.51231850165615
 10
-155.0772282928099
 20
72.51231848240601
 10
-155.0772283652819
 20
96.51231080918533
 10
-164.6389828176124
 20
96.51231082843546
  0
LWPOLYLINE
  5
C6
330
1376
100
AcDbEntity
  8
SECTIONCUTEDGES
100
AcDbPolyline
 90
        6
 70
     1
 43
0.0
 10
-198.7062746546568
 20
100.5828692895619
 42
-0.4930857524747278
 10
-195.3341020383217
 20
108.9591532663152
 42
-0.496276444135759
 10
-188.1709662754954
 20
103.5197202734551
 42
-0.2705980889803699
 10
-191.0418889471069
 20
98.60338082488622
 42
-0.2679470975656731
 10
-196.7834931128156
 20
98.66008303409522
 42
-0.063065703576787
 10
-197.8666286685052
 20
99.49972936438806
 42
-0.0630655531722028
  0
LWPOLYLINE
  5
C7
330
1376
100
AcDbEntity
  8
SECTIONCUTEDGES
100
AcDbPolyline
 90
       45
 70
     1
 43
0.0
 10
-98.24066482253153
 20
37.04845690822387
 10
-93.98005496519436
 20
41.27303792862128
 10
-87.43796340408824
 20
34.67515707012657
 10
-83.36194057973029
 20
38.7167119740175
 10
-90.16942178678897
 20
45.58224565404876
 42
0.0618342171828943
 10
-91.1580642692968
 20
46.18274409119393
 42
0.0717529475020731
 10
-93.87793787861511
 20
46.96211507859826
 42
0.0707955167548363
 10
-95.97502930531147
 20
46.95048360351822
 42
0.180453574757267
 10
-98.87156376400817
 20
45.35315066462894
 42
0.0287007037995988
 10
-99.56562233466911
 20
44.44465752901365
 42
-0.0645373742487067
 10
-100.3228183436626
 20
43.58807637060962
 42
-0.2174522118141635
 10
-104.75889280087
 20
42.26539535266826
 42
-0.0178451307045061
 10
-105.3029432461603
 20
42.36111241439184
 42
-0.0405080710665516
 10
-105.5363865369289
 20
42.43098092493855
 42
-0.0486206996675129
 10
-106.1454209837156
 20
42.73954331827693
 42
0.0257134778804413
 10
-108.5220659927273
 20
44.08363273674237
 42
0.0566896110558955
 10
-117.0948341005229
 20
47.2131575417288
 42
0.0567348817681134
 10
-126.1443707170542
 20
48.33572417272896
 10
-128.4681097325071
 20
48.29241983067752
 42
-0.1253397744690871
 10
-128.687271407306
 20
48.44576215978347
 42
0.1095136623945837
 10
-129.5442603876297
 20
49.08613555943427
 42
0.2096091901046392
 10
-132.1588295582528
 20
49.11316177293489
 42
0.125436852122501
 10
-133.2345717993794
 20
48.29117806739302
 42
0.0401742902526378
 10
-133.4498749718601
 20
47.96853699921448
 42
0.0086055460225289
 10
-134.3022641905827
 20
46.37406400639341
 42
0.1233680055034981
 10
-137.7553950113478
 20
31.50756156154077
 42
0.1211504354641096
 10
-133.786212874227
 20
16.48989937839494
 42
0.0189162385963121
 10
-133.3727483434919
 20
15.79596657531815
 42
0.1134326486061644
 10
-132.6957674381436
 20
15.13988402998993
 42
0.1367996027482625
 10
-130.8510184868447
 20
14.62553661755757
 42
0.136799494011949
 10
-129.0062680133015
 20
15.1398840299901
 42
0.0778218291288311
 10
-128.749320380069
 20
15.35593624328871
 42
-0.1410296933401738
 10
-128.4674630206585
 20
15.53830146486686
 10
-125.2693700437962
 20
15.38278035235109
 42
0.039745218215425
 10
-115.5239510904211
 20
15.94273236886621
 42
0.0414039204636988
 10
-106.3773316894601
 20
17.9842918078701
 42
0.0049781701156769
 10
-104.3596138616293
 20
18.63578957948189
 42
0.0097568721223129
 10
-103.3402996583109
 20
18.99841309594134
 10
-97.626840879653
 20
21.41624510754426
 42
0.0256454657244528
 10
-95.39535550912843
 20
22.60831555980073
 42
0.1235376671056964
 10
-93.17775200241692
 20
24.83635290388563
 42
0.0947769515605644
 10
-92.31734579271153
 20
27.20644677549493
 42
0.0947586731325601
 10
-92.39226214225045
 20
29.72724835766232
 42
0.0022656094704638
 10
-92.74480545683656
 20
31.28046367589653
 42
0.0724687844475304
 10
-92.8900113387084
 20
31.65217727240108
  0
LWPOLYLINE
  5
C8
330
1376
100
AcDbEntity
  8
SECTIONCUTEDGES
100
AcDbPolyline
 90
        6
 70
     1
 43
0.0
 10
-204.2882110124021
 20
93.07816066150335
 42
0.1554061982727453
 10
-196.4017929148135
 20
89.00189781603605
 42
0.1525140305182494
 10
-187.4447339829821
 20
90.20927049681493
 42
0.1151372527371209
 10
-182.3508362231602
 20
94.21144792919463
 42
0.2097300776974239
 10
-179.2502101188898
 20
105.7685259818507
 42
0.5106586503743208
 10
-200.519284959322
 20
116.7111445131556
 42
0.5101963380709851
  0
LWPOLYLINE
  5
C9
330
1376
100
AcDbEntity
  8
SECTIONCUTEDGES
100
AcDbPolyline
 90
       34
 70
     1
 43
0.0
 10
525.2243375525014
 20
-575.1256740011954
 10
530.0052128557512
 20
-575.1256740011954
 10
530.0052128557512
 20
-566.6007250586663
 10
536.005212855751
 20
-566.6007250586663
 10
536.005212855751
 20
-575.1256740011954
 42
-0.0025117094321087
 10
541.9479933422677
 20
-575.1555272651325
 42
0.015071365880146
 10
543.4335010021182
 20
-575.1256740011954
 42
0.1858888033312149
 10
544.4681748615088
 20
-574.6663246505555
 42
0.1858888120890848
 10
544.9275241744352
 20
-573.6316508288788
 10
544.9275241744352
 20
-563.8955386334045
 42
0.0715860042905541
 10
544.6093750572877
 20
-562.8551287029178
 42
0.0636008644562939
 10
543.5181277057361
 20
-561.1402801222538
 42
0.1430343806826604
 10
540.437113903422
 20
-559.0643895918791
 42
-0.0554111696417031
 10
539.5863024425713
 20
-558.6849803621752
 42
-0.1218283396218004
 10
537.9320076004781
 20
-557.0723615063792
 42
-0.1202651120192554
 10
537.2043047728194
 20
-554.8490203534969
 10
537.2043047728194
 20
-547.4772678335527
 42
-0.3850840574407027
 10
538.6983298584854
 20
-545.9832427478874
 10
563.3088479627843
 20
-545.9832427478874
 42
0.3850841223940831
 10
564.8028711351011
 20
-544.4892195755707
 42
0.0125591495633435
 10
564.8488491341717
 20
-542.6590499997744
 42
0.0125591717619805
 10
564.8028711351015
 20
-540.8288836598513
 42
0.185888811253082
 10
564.3435218211731
 20
-539.7942098225618
 42
0.1858888049872993
 10
563.3088479627843
 20
-539.334860468401
 10
530.9291422551369
 20
-539.334860468401
 42
0.1498970934180491
 10
529.9901914051678
 20
-539.6719198373967
 42
0.1698248168599407
 10
529.4956658342563
 20
-540.4071145315618
 42
0.0408464039487186
 10
529.366418422475
 20
-541.1422173760253
 42
-0.0281967309482416
 10
528.9239151205125
 20
-544.0945638989745
 42
-0.0293176255128022
 10
527.8512466485604
 20
-548.0664695185708
 42
-0.0756842885830031
 10
527.1210166986669
 20
-549.4917547089677
 42
0.0782278638323745
 10
525.7435805484316
 20
-552.214114903444
 42
0.074658538643338
 10
525.2243375525014
 20
-555.3667671791398
 42
0.0053229279642512
 10
525.1892793238938
 20
-565.2462205901676
 42
-0.0017742944261097
  0
LWPOLYLINE
  5
CA
330
1376
100
AcDbEntity
  8
SECTIONCUTEDGES
100
AcDbPolyline
 90
       24
 70
     1
 43
0.0
 10
365.2252071461838
 20
-464.7887893605264
 10
365.2211921475053
 20
-454.0089627509477
 10
371.2252071270501
 20
-454.0089627509477
 10
371.2252071270501
 20
-465.3256578338489
 10
428.9951143790946
 20
-470.8421928351802
 10
428.999133030656
 20
-453.3471449001374
 10
434.9991330306553
 20
-453.3471449001374
 10
434.9951143790944
 20
-470.8424071302313
 42
0.047422871002057
 10
439.4783641264961
 20
-469.6198304847945
 42
0.0998092384603805
 10
446.3095957239865
 20
-465.3373755637574
 42
0.1700732614868571
 10
452.5911441538977
 20
-453.1215566315072
 42
0.1222562883271386
 10
451.4971393190377
 20
-442.7679639378952
 42
0.0968814756715071
 10
447.610697413009
 20
-436.309890397194
 42
0.1232167327435235
 10
438.7783983108803
 20
-430.3872198750577
 42
0.0387216198575886
 10
436.0240379110543
 20
-429.6305665562619
 42
0.0356547260639603
 10
432.9447322541867
 20
-429.2610972595818
 42
0.0060185740384005
 10
432.2202362527831
 20
-429.2349334023739
 42
0.0147017563319502
 10
431.9234011048007
 20
-429.236518784404
 10
368.2252080932912
 20
-435.2126134061536
 42
0.0058764258099666
 10
365.9746322351169
 20
-435.3977627904328
 42
0.0235671491174395
 10
365.4168539270191
 20
-435.4769127145768
 42
0.3190452440319362
 10
353.4375630955473
 20
-447.9542505946658
 42
0.3189027396776604
 10
361.2747987328229
 20
-463.3809527875956
 42
0.0352609527680659
 10
363.017235332279
 20
-464.1441558803271
 42
0.0291497734224131
  0
LWPOLYLINE
  5
CB
330
1376
100
AcDbEntity
  8
SECTIONCUTEDGES
100
AcDbPolyline
 90
        4
 70
     1
 43
0.0
 10
-164.7553698651355
 20
27.21167164592598
 10
-155.1936154128049
 20
27.21167162667567
 10
-155.1936154852772
 20
51.21166395345515
 10
-164.7553699376075
 20
51.21166397270528
  0
LWPOLYLINE
  5
CC
330
1376
100
AcDbEntity
  8
SECTIONCUTEDGES
100
AcDbPolyline
 90
       43
 70
     1
 43
0.0
 10
-97.35308589227003
 20
-17.15987734286071
 10
-93.09247603493288
 20
-12.93529632246296
 10
-86.55038447382674
 20
-19.533177180958
 10
-82.47436164946879
 20
-15.49162227706657
 10
-89.28184285652747
 20
-8.626088597035646
 42
0.0618342171828064
 10
-90.2704853390353
 20
-8.02559015989064
 42
0.0717529475020814
 10
-92.99035894835361
 20
-7.24621917248649
 42
0.0707955167548363
 10
-95.08745037504997
 20
-7.257850647566357
 42
0.1804535747572546
 10
-97.98398483374649
 20
-8.855183586455638
 42
0.0287007037995988
 10
-98.67804340440779
 20
-9.763676722070755
 42
-0.0645373742487067
 10
-99.43523941340096
 20
-10.62025788047478
 42
-0.2174522118141635
 10
-103.8713138706085
 20
-11.94293889841614
 42
-0.1015650308183469
 10
-105.3047828852536
 20
-11.43441384813323
 42
0.0411526588235673
 10
-110.7455728046991
 20
-8.731470067526714
 42
0.0461076847971098
 10
-117.8720168681574
 20
-6.63067195293857
 42
0.046145479171
 10
-125.2567917867927
 20
-5.87261007835545
 10
-127.5805308022456
 20
-5.915914420406721
 42
-0.1253397744689043
 10
-127.7996924770445
 20
-5.762572091300768
 42
0.1095136623946636
 10
-128.656681457368
 20
-5.12219869165014
 42
0.1465981036270517
 10
-130.4216935459271
 20
-4.88704683805966
 42
0.1399369399041294
 10
-132.1088093349926
 20
-5.674601642802855
 42
0.0848281106312188
 10
-132.5792626018136
 20
-6.248420675505343
 42
0.0216925665297897
 10
-133.8951468373183
 20
-8.812782277247919
 42
0.1244712973685127
 10
-136.8199776592311
 20
-24.61139364092233
 42
0.096115120454741
 10
-133.8951468373195
 20
-35.77440131615137
 42
0.0057972153511245
 10
-132.8421284393831
 20
-37.90252990196396
 42
0.1871272140324806
 10
-131.2204549804484
 20
-39.35303410588281
 42
0.1132952990747714
 10
-129.6349656934655
 20
-39.56698949948478
 42
0.1135668771637285
 10
-128.11868908304
 20
-39.06845022109431
 42
0.0778218291289946
 10
-127.8617414498076
 20
-38.8523980077957
 42
-0.1410296933401738
 10
-127.5798840903972
 20
-38.67003278621738
 10
-124.3817911135347
 20
-38.82555389873315
 42
0.0397452182154169
 10
-114.8322292766279
 20
-38.27685543507633
 42
0.0397450640889181
 10
-105.4897527591986
 20
-36.2240424432143
 42
0.0066343558557603
 10
-103.6739129166512
 20
-35.64436325774702
 42
0.0097568721222952
 10
-102.4527207280494
 20
-35.20992115514324
 10
-96.73926194939134
 20
-32.79208914354015
 42
0.0256454657244963
 10
-94.50777657886693
 20
-31.60001869128368
 42
0.1235376671056964
 10
-92.29017307215526
 20
-29.37198134719896
 42
0.0947769515605369
 10
-91.45044857312582
 20
-27.05885777075256
 42
0.090384365653814
 10
-91.50468321198912
 20
-24.48108589342226
 42
0.0129314499498388
 10
-91.87961084890805
 20
-22.85919585636938
 42
0.0661103927290836
 10
-92.00243240844708
 20
-22.5561569786835
  0
LWPOLYLINE
  5
CD
330
1376
100
AcDbEntity
  8
SECTIONCUTEDGES
100
AcDbPolyline
 90
        8
 70
     1
 43
0.0
 10
-197.8459543269702
 20
56.98728482266952
 42
-0.3426918275995502
 10
-198.1276780485537
 20
63.77753935146765
 42
-0.1673542815659174
 10
-194.888597637535
 20
66.09155159957746
 42
-0.0661939860589145
 10
-193.7444264867288
 20
66.2720877660723
 42
-0.0531406877978224
 10
-192.3086363810529
 20
66.15426306632432
 42
-0.1945340102219393
 10
-188.8619132945755
 20
63.93367818904753
 42
-0.2556914959482249
 10
-188.2294194756811
 20
58.38707050020937
 42
-0.2657905336875524
 10
-192.571502808015
 20
54.98844591495035
 42
-0.2589606207671398
  0
LWPOLYLINE
  5
CE
330
1376
100
AcDbEntity
  8
SECTIONCUTEDGES
100
AcDbPolyline
 90
       40
 70
     1
 43
0.0
 10
500.3429451194059
 20
-575.8873731313607
 10
500.3429451194059
 20
-567.3624241888314
 10
506.3429451194057
 20
-567.3624241888314
 10
506.3429451194057
 20
-575.8873731313607
 10
511.1238204226557
 20
-575.8873731313607
 42
-0.0017742944261269
 10
511.1588786512633
 20
-566.0079197203327
 42
0.0053229279642684
 10
511.1238204226557
 20
-556.1284663093048
 42
0.07465853864332
 10
510.6045774267252
 20
-552.9758140336083
 42
0.0782278638323951
 10
509.2271412764904
 20
-550.2534538391329
 42
0.0301721243962139
 10
509.0466428531382
 20
-550.0324604806791
 42
-0.0621801916929269
 10
508.8806187681144
 20
-549.8003963763775
 42
-0.0438027501879873
 10
508.6146464716334
 20
-549.1871933670934
 42
-0.0155809152687813
 10
507.820319192626
 20
-546.5306232357196
 42
-0.0135635915897522
 10
507.4418290691024
 20
-544.9304259639276
 42
-0.0123959255171868
 10
507.1191145990089
 20
-543.1604157065569
 42
-0.000611331446763
 10
506.8282427090183
 20
-541.290655318753
 42
0.3174910225113544
 10
505.7007799794115
 20
-540.1231628367043
 42
0.02346695013766
 10
505.6071188459249
 20
-540.1098623902866
 42
0.0117677411931602
 10
505.4190157200199
 20
-540.0965595985663
 10
473.0393100123725
 20
-540.0965595985663
 42
0.1858888049872365
 10
472.0046361539838
 20
-540.555908952727
 42
0.1858888112529603
 10
471.5452868400554
 20
-541.5905827900165
 42
0.0125591717620822
 10
471.4993088409849
 20
-543.4207491299384
 42
0.0125591495634295
 10
471.5452868400558
 20
-545.2509187057358
 42
0.3850841223937504
 10
473.0393100123725
 20
-546.7449418780528
 10
497.6498281166715
 20
-546.7449418780526
 42
-0.3850840574411186
 10
499.1438532023375
 20
-548.2389669637179
 10
499.1438532023375
 20
-555.6107194836624
 42
-0.1409335402212955
 10
498.193102725795
 20
-558.1601287481284
 42
-0.1426678899614214
 10
496.052965801845
 20
-559.7884076971634
 42
-0.0124980757559882
 10
495.3067738126286
 20
-560.0540250735938
 42
0.0574515311365152
 10
494.5874029064819
 20
-560.3854772946182
 42
0.0828154741048826
 10
492.8297338809155
 20
-561.9017254091776
 42
0.0828149039136506
 10
491.659241524247
 20
-563.9063275094664
 42
0.0138955201246608
 10
491.4685409793936
 20
-564.4533215136217
 42
0.0384774541854721
 10
491.4206338007224
 20
-564.6572377635696
 10
491.4206338007224
 20
-574.393349959044
 42
0.185888812089132
 10
491.8799831136483
 20
-575.4280237807205
 42
0.1858888033311019
 10
492.9146569730392
 20
-575.8873731313607
 42
0.0150713658802131
 10
494.4001646328894
 20
-575.9172263952978
 42
-0.0025117094321606
  0
LWPOLYLINE
  5
CF
330
1376
100
AcDbEntity
  8
SECTIONCUTEDGES
100
AcDbPolyline
 90
        6
 70
     1
 43
0.0
 10
-203.3914744155115
 20
49.66361355624283
 42
0.3246803766377861
 10
-186.160353550316
 20
47.76432459309998
 42
0.3242612075441411
 10
-178.9961675306988
 20
63.57009745384826
 42
0.315456398179935
 10
-191.2853119444589
 20
75.20555480412835
 42
0.3149064478445205
 10
-206.4470901325954
 20
67.63274521518846
 42
0.1680199903770914
 10
-208.0246714218179
 20
58.12885865701398
 42
0.1677198092683863
  0
LWPOLYLINE
  5
D0
330
1376
100
AcDbEntity
  8
SECTIONCUTEDGES
100
AcDbPolyline
 90
       12
 70
     1
 43
0.0
 10
380.4482898296868
 20
-512.0252169243209
 42
0.0368105909396444
 10
381.9582959232795
 20
-509.4497756445673
 42
0.0865337856178119
 10
383.3344226524951
 20
-504.736408356109
 42
0.0754325900017766
 10
383.1587116376717
 20
-500.2506396675353
 42
0.0755911763664585
 10
381.6620795172138
 20
-496.0281318727501
 42
0.0144533904522997
 10
381.3738195929257
 20
-495.5251728201094
 42
-0.004817498647757
 10
381.0759218428765
 20
-495.0278615261502
 10
414.8483623876917
 20
-491.3715914572157
 42
0.0759389388298472
 10
411.9788616443287
 20
-497.7592427717821
 42
0.155800076493789
 10
412.4505864986232
 20
-510.008438578522
 42
0.0370723220526606
 10
413.6435782279487
 20
-512.6676033065263
 42
0.0294337524266902
 10
415.5759401010031
 20
-515.7865240950473
  0
LWPOLYLINE
  5
D1
330
1376
100
AcDbEntity
  8
SECTIONCUTEDGES
100
AcDbPolyline
 90
        6
 70
     1
 43
0.0
 10
-199.1139329969237
 20
17.36312324365107
 42
-0.3299195835257694
 10
-195.3683036312231
 20
22.99514661301416
 42
-0.3301549796200096
 10
-188.8929743545919
 20
21.05423775923035
 42
-0.3119117273883937
 10
-188.6559478922626
 20
14.66946406352619
 42
-0.3069456029249419
 10
-194.5999657347159
 20
12.10314888117531
 42
-0.1446722046848544
 10
-197.3557150796938
 20
13.52179011987258
 42
-0.1916905687452828
  0
LWPOLYLINE
  5
D2
330
1376
100
AcDbEntity
  8
SECTIONCUTEDGES
100
AcDbPolyline
 90
       22
 70
     1
 43
0.0
 10
365.4869653125424
 20
-517.7092005667583
 10
365.4829491936902
 20
-506.9293737403112
 10
371.4869672258909
 20
-506.9293737403112
 10
371.4869672258909
 20
-518.2460690400808
 10
429.2568725645866
 20
-523.7626040414122
 10
429.2608900768406
 20
-506.2675558895009
 10
435.2608900768401
 20
-506.2675558895009
 10
435.2568725645859
 20
-523.762818336463
 42
0.0514702290241605
 10
440.0483927403623
 20
-522.4145154716738
 42
0.1072858210419547
 10
447.2521913657357
 20
-517.581731977462
 42
0.2190982799604741
 10
453.0004430252796
 20
-501.0566358646065
 42
0.2190682337211458
 10
444.1854149902077
 20
-485.9406587568542
 42
0.0705273888022266
 10
438.9613882706238
 20
-483.2823825569273
 42
0.0705544763630305
 10
433.2064904396787
 20
-482.1815084658136
 42
0.0060185738679474
 10
432.4819944323079
 20
-482.1553446086376
 42
0.0147017563319913
 10
432.1851592902931
 20
-482.156929990636
 10
368.4869662787832
 20
-488.1330246123854
 42
0.0060117662665511
 10
366.4764770356049
 20
-488.2989705330832
 42
0.0496525827577311
 10
364.3343237802045
 20
-488.7189526657496
 42
0.1993171577452164
 10
355.3142688999359
 20
-496.1076210865526
 42
0.27674521686744
 10
356.0621040119057
 20
-511.3700174791996
 42
0.1125274754493255
 10
360.7741470044967
 20
-515.8284379582767
 42
0.0771167471999271
  0
LWPOLYLINE
  5
D3
330
1376
100
AcDbEntity
  8
SECTIONCUTEDGES
100
AcDbPolyline
 90
        4
 70
     1
 43
0.0
 10
-203.8873981071588
 20
7.221760507497918
 42
0.9082451538124356
 10
-181.1894656106306
 20
25.92865466245419
 42
0.9077270261474442
 10
-207.0519948925089
 20
11.91549569405353
 42
0.0483680173252507
 10
-205.7012723638553
 20
9.422617319679233
 42
0.0480833639243056
  0
LWPOLYLINE
  5
D4
330
1376
100
AcDbEntity
  8
SECTIONCUTEDGES
100
AcDbPolyline
 90
        4
 70
     1
 43
0.0
 10
-351.6698807796339
 20
180.9560207194916
 10
-351.6698807796343
 20
186.9560178312176
 10
-342.1081271317598
 20
186.9560178312176
 10
-342.1081271317594
 20
180.9560207194916
  0
LWPOLYLINE
  5
D5
330
1376
100
AcDbEntity
  8
SECTIONCUTEDGES
100
AcDbPolyline
 90
        4
 70
     1
 43
0.0
 10
-191.4049297531148
 20
-29.26184144448146
 42
-0.4357498690119672
 10
-198.8317245638381
 20
-25.47856086530831
 42
-0.4368684600613032
 10
-194.5112348108942
 20
-18.36786440866822
 42
-0.3919158611879366
 10
-187.9013280595529
 20
-22.38407218257984
 42
-0.3930003012128567
  0
LWPOLYLINE
  5
D6
330
1376
100
AcDbEntity
  8
SECTIONCUTEDGES
100
AcDbPolyline
 90
        8
 70
     1
 43
0.0
 10
-334.6972438920577
 20
135.7200433290866
 10
-318.0539098876845
 20
164.5471434320042
 42
0.0063025613751172
 10
-316.4877132830484
 20
163.4170569269596
 42
-0.0189096871807956
 10
-314.950500705493
 20
162.2478500142775
 42
-0.0171874657256521
 10
-313.1093443572816
 20
160.6250710893411
 42
-0.0123208621459048
 10
-310.6792829021135
 20
158.2141211404054
 42
-0.0189255190874606
 10
-308.6800265820032
 20
155.9659388171283
 42
-0.0124687728117203
 10
-305.8661346958217
 20
152.3706328469368
  0
LWPOLYLINE
  5
D7
330
1376
100
AcDbEntity
  8
SECTIONCUTEDGES
100
AcDbPolyline
 90
       14
 70
     1
 43
0.0
 10
381.5110810323478
 20
-549.6546172757903
 10
415.2835215771632
 20
-545.998347206856
 42
0.0276356026352095
 10
413.5889234852173
 20
-549.1099864152137
 42
0.0510249868284965
 10
412.3004162067278
 20
-552.7355951565324
 42
0.1069890594143943
 10
412.0700308039271
 20
-561.4800843063882
 42
0.1045630886732355
 10
415.5141172296774
 20
-569.7364754212856
 42
0.0111816936729068
 10
415.760085711901
 20
-570.0767299571545
 42
-0.0037270931547465
 10
416.0110992904743
 20
-570.4132798446876
 10
380.8834490191581
 20
-566.6519726739611
 42
0.0368105909396673
 10
382.3934551127512
 20
-564.0765313942069
 42
0.0865337856177934
 10
383.7695818419664
 20
-559.3631641057494
 42
0.0754325900017401
 10
383.5938708271432
 20
-554.8773954171757
 42
0.0755911763664918
 10
382.0972387066851
 20
-550.6548876223901
 42
0.0144533904519556
 10
381.8089787823971
 20
-550.1519285697495
 42
-0.0048174986471959
  0
LWPOLYLINE
  5
D8
330
1376
100
AcDbEntity
  8
SECTIONCUTEDGES
100
AcDbPolyline
 90
        6
 70
     1
 43
0.0
 10
-329.6302996994942
 20
123.4873579396262
 10
-297.4778473987316
 20
132.102581568298
 42
-0.0054771819742881
 10
-297.0086002714694
 20
128.3773567779045
 42
-0.0271674789555033
 10
-296.7311884926317
 20
123.7616106791507
 42
-0.0221625654396436
 10
-296.8805781643549
 20
119.8943874959135
 42
-0.0169661258491983
 10
-297.4698821188774
 20
114.8744298766627
  0
LWPOLYLINE
  5
D9
330
1376
100
AcDbEntity
  8
SECTIONCUTEDGES
100
AcDbPolyline
 90
        4
 70
     1
 43
0.0
 10
-336.1558363221331
 20
127.9504997637034
 10
-302.7190836198508
 20
147.2594021088063
 42
-0.0260723812111655
 10
-300.7913263837633
 20
143.2229941310429
 42
-0.0207395144085372
 10
-298.8532602022056
 20
137.9456949106411
  0
LWPOLYLINE
  5
DA
330
1376
100
AcDbEntity
  8
SECTIONCUTEDGES
100
AcDbPolyline
 90
        4
 70
     1
 43
0.0
 10
-346.9299292815174
 20
140.7869875216586
 10
-355.5451529101885
 20
172.9394398224283
 42
-0.0576990929808311
 10
-344.7926475694083
 20
173.6126825297207
 42
-0.0248234722415933
 10
-338.3170012185538
 20
172.9474051022816
  0
LWPOLYLINE
  5
DB
330
1376
100
AcDbEntity
  8
SECTIONCUTEDGES
100
AcDbPolyline
 90
        6
 70
     1
 43
0.0
 10
-198.4343605075255
 20
-37.79857617611848
 42
0.0944014461085668
 10
-193.223344121655
 20
-38.71942311986797
 42
0.1707682968013537
 10
-183.9641879821212
 20
-35.32263563155331
 42
0.4642288786542855
 10
-183.7011266710973
 20
-12.76879612642156
 42
0.4641363353828777
 10
-205.9858833087239
 20
-16.27100272192356
 42
0.2595194062192979
 10
-206.5276008956114
 20
-30.5258926840958
 42
0.1865689981814628
  0
LWPOLYLINE
  5
DC
330
1376
100
AcDbEntity
  8
SECTIONCUTEDGES
100
AcDbPolyline
 90
        7
 70
     1
 43
0.0
 10
-342.467412938017
 20
134.2617099815222
 10
-332.4678181116499
 20
171.594720028382
 42
0.0061992472868008
 10
-332.2403970613262
 20
171.5392405893659
 42
-0.0185996480115596
 10
-332.0144214896177
 20
171.4781394987477
 10
-327.3661293164344
 20
169.7768392114659
 42
-0.0183883202003276
 10
-325.239852671111
 20
168.7844805837657
 42
0.0061288260934188
 10
-323.1385401565974
 20
167.7402996919822
  0
LWPOLYLINE
  5
DD
330
1376
100
AcDbEntity
  8
SECTIONCUTEDGES
100
AcDbPolyline
 90
        4
 70
     1
 43
0.0
 10
-336.1555772395969
 20
119.0248415961141
 10
-298.8590573579597
 20
109.0350206097609
 42
-0.0234220907184115
 10
-300.5438781785354
 20
104.3483327225316
 42
-0.0228067929448965
 10
-302.7110024417892
 20
99.71560733367196
  0
LWPOLYLINE
  5
DE
330
1376
100
AcDbEntity
  8
SECTIONCUTEDGES
100
AcDbPolyline
 90
        6
 70
     1
 43
0.0
 10
-351.3930711055889
 20
134.2614508989943
 10
-370.6988227292904
 20
167.6927475742858
 42
-0.0121756488022517
 10
-366.481294294483
 20
169.6996549811497
 42
-0.0195652134031011
 10
-363.7821098470215
 20
170.779826782101
 42
-0.0093628721008544
 10
-362.5876354655535
 20
171.179397863051
 42
0.0031208763061053
 10
-361.3882662525337
 20
171.5640270189596
  0
LWPOLYLINE
  5
DF
330
1376
100
AcDbEntity
  8
SECTIONCUTEDGES
100
AcDbPolyline
 90
        4
 70
     1
 43
0.0
 10
-344.7454192715402
 20
118.2134992117606
 42
-0.5200172715533588
 10
-352.6309512646556
 20
123.2275400495136
 42
-0.519794325373629
 10
-345.2323321946903
 20
128.9394299631577
 42
-0.3159675402185176
 10
-341.2254534736212
 20
123.7493142983016
 42
-0.3157745227171913
  0
LWPOLYLINE
  5
E0
330
1376
100
AcDbEntity
  8
SECTIONCUTEDGES
100
AcDbPolyline
 90
       20
 70
     1
 43
0.0
 10
365.9221245020141
 20
-572.3359563163984
 10
365.9181083831614
 20
-561.5561294899514
 10
371.9221264153622
 20
-561.5561294899514
 10
371.9221264153622
 20
-572.8728247897208
 10
429.6920317540585
 20
-578.3893597910523
 10
429.6960492663121
 20
-560.8943116391412
 10
435.6960492663114
 20
-560.8943116391412
 10
435.6920317540576
 20
-578.3895740861034
 42
0.0514702290241683
 10
440.4835519298337
 20
-577.041271221314
 42
0.1072858210419479
 10
447.6873505552069
 20
-572.2084877271021
 42
0.2745644277603559
 10
452.5674130298081
 20
-551.3865209131449
 42
0.2749713939719797
 10
436.6286229295844
 20
-537.1681830087271
 42
0.0240292590613822
 10
434.3311584241129
 20
-536.8357885854159
 42
0.0326052597593083
 10
432.6203184797645
 20
-536.7836857402762
 10
368.9221254682549
 20
-542.7597803620257
 42
0.0058764257302056
 10
366.6715496100993
 20
-542.9449297452247
 42
0.0235671479956054
 10
366.1137712828494
 20
-543.0240796704487
 42
0.3383346763930901
 10
354.0132375282393
 20
-556.539496628818
 42
0.338371192443378
 10
363.8753484079399
 20
-571.7635482334531
 42
0.0176815126235024
 10
364.683486750623
 20
-572.0206858128907
 42
0.0117299206921687
  0
LWPOLYLINE
  5
E1
330
1376
100
AcDbEntity
  8
SECTIONCUTEDGES
100
AcDbPolyline
 90
        7
 70
     1
 43
0.0
 10
-318.0466543742027
 20
82.42356335392898
 10
-334.697243892056
 20
111.2546725501659
 10
-305.8701437891356
 20
94.61133854579291
 42
-0.014528834626949
 10
-309.1205653393666
 20
90.45791527287505
 42
-0.022652948163833
 10
-311.3980893676262
 20
87.95551806077989
 10
-314.9504914240028
 20
84.72687477584244
 42
-0.0183936297312942
 10
-316.484451697949
 20
83.55623702910506
 42
0.0061305954051158
  0
LWPOLYLINE
  5
E2
330
1376
100
AcDbEntity
  8
SECTIONCUTEDGES
100
AcDbPolyline
 90
        4
 70
     1
 43
0.0
 10
-194.4201489118757
 20
-71.78285693410234
 10
-194.4844937992521
 20
-62.22131898552229
 10
-188.4846284851203
 20
-62.18094250959976
 10
-188.4202847870913
 20
-71.74248052358635
  0
LWPOLYLINE
  5
E3
330
1376
100
AcDbEntity
  8
SECTIONCUTEDGES
100
AcDbPolyline
 90
        6
 70
     1
 43
0.0
 10
-387.9897147738982
 20
152.3633773334571
 42
-0.0147779084855396
 10
-385.0377998818402
 20
156.1228432427319
 42
-0.0285392892553697
 10
-381.59662688065
 20
159.7999537463711
 42
-0.0184376480863539
 10
-379.4605904174073
 20
161.6908465005984
 42
-0.0113451598074643
 10
-375.8132041888299
 20
164.5511525253207
 10
-359.1626146709793
 20
135.7200433290837
  0
LWPOLYLINE
  5
E4
330
1376
100
AcDbEntity
  8
SECTIONCUTEDGES
100
AcDbPolyline
 90
       17
 70
     1
 43
0.0
 10
316.9067324486194
 20
-552.6307705194491
 10
316.9067324486194
 20
-539.0864511507146
 10
322.906732448619
 20
-539.0864511507146
 10
322.906732448619
 20
-552.626371730863
 42
0.0276683212477215
 10
327.5469680893646
 20
-551.7428887569002
 42
0.0552167939273763
 10
332.1168057050942
 20
-550.0551216447982
 42
0.0850846719935507
 10
338.7252037563609
 20
-545.1975562261979
 42
0.1515347827995241
 10
342.8345500499303
 20
-537.0347862785937
 42
0.1873533649606458
 10
340.713749314967
 20
-526.8249922060678
 42
0.1106163703024837
 10
334.2528282257434
 20
-520.4940534915031
 42
0.0746352142726575
 10
327.3617719810449
 20
-517.5324672249657
 42
0.1266464257972165
 10
312.8224309377412
 20
-517.4603469751382
 42
0.102685532739381
 10
303.3004169631218
 20
-522.0793378753326
 42
0.1269837520535531
 10
298.0115377577884
 20
-528.8675666079235
 42
0.2658756015902468
 10
299.6249930980237
 20
-543.414696917007
 42
0.1108123774675982
 10
306.4636742167816
 20
-549.4112797416991
 42
0.0500704714060989
 10
311.2180507786885
 20
-551.4163686295645
 42
0.0443916307465376
  0
LWPOLYLINE
  5
E5
330
1376
100
AcDbEntity
  8
SECTIONCUTEDGES
100
AcDbPolyline
 90
        7
 70
     1
 43
0.0
 10
-332.463654870694
 20
75.38106593164602
 10
-342.4667874574482
 20
112.7132649802622
 10
-323.1391442020589
 20
79.24405910320067
 42
0.0062479180768524
 10
-325.2398453888048
 20
78.19456014238514
 42
-0.0187457056329227
 10
-327.3661162576053
 20
77.19788279377152
 10
-332.0144075750346
 20
75.49658095782749
 42
-0.018599165790282
 10
-332.2383151076944
 20
75.43603841482272
 42
0.0061990865959814
  0
LWPOLYLINE
  5
E6
330
1376
100
AcDbEntity
  8
SECTIONCUTEDGES
100
AcDbPolyline
 90
       67
 70
     1
 43
0.0
 10
-200.2806317827238
 20
-78.45339874975289
 10
-200.2636009943655
 20
-80.98414338794729
 10
-180.2925959396224
 20
-80.849747392659
 42
-0.179260846789342
 10
-180.1254737336198
 20
-81.03600326171331
 42
0.0723394023438681
 10
-179.8946726175658
 20
-81.43819175869978
 42
0.1067721361201506
 10
-178.2763409589006
 20
-82.78108882964957
 42
0.1049229017983008
 10
-176.2151385278498
 20
-83.35339076815413
 10
-91.32504225969695
 20
-82.78189416187647
 10
-87.8034411856168
 20
-77.6964789547167
 10
11.71924056902588
 20
-77.69647895471601
 10
19.59406564902053
 20
-82.81351110914048
 10
22.50750896739805
 20
-84.45977402893047
 10
29.27107258650887
 20
-84.40357851656941
 10
29.03721238395053
 20
-65.6655652382012
 10
35.03675717127112
 20
-65.59070298465091
 10
35.2705852975152
 20
-84.32870995386688
 10
70.04551358327796
 20
-83.89703672660019
 10
69.77984501709113
 20
-65.10591653114025
 10
75.77924775684095
 20
-65.0210996699607
 10
76.04519391852472
 20
-83.83176271241623
 10
85.04416804502836
 20
-83.69534357234162
 10
84.96922013384148
 20
-78.91255909794191
 10
109.1127568484643
 20
-78.52837908219683
 10
120.5661236825679
 20
-75.26628331512094
 42
0.1160989225740525
 10
122.9941726689415
 20
-73.85879662245779
 42
0.1231610906160516
 10
124.4224090899365
 20
-71.62663355747397
 42
0.093814052903126
 10
124.5882700456733
 20
-70.42385674049106
 42
-0.0085945537128808
 10
124.5143004100131
 20
-68.17345898442332
 10
111.9139745558554
 20
-68.37693184918336
 10
111.8170978758914
 20
-62.37771410303699
 10
124.4519098535145
 20
-62.17368435481105
 42
0.0087922337157982
 10
124.318592862682
 20
-59.22187882545742
 42
0.293453441967581
 10
122.7148830178261
 20
-57.03889100274645
 42
0.0510824475469455
 10
122.2714002458233
 20
-56.91889825443078
 42
0.0393220510609888
 10
121.677278635058
 20
-56.8691361229954
 10
84.68067282198802
 20
-57.46656537168852
 10
84.6057249108008
 20
-52.68378089728881
 10
22.17868924862552
 20
-53.6095938099775
 10
11.66500815607611
 20
-60.63353885345489
 10
-86.19814700607623
 20
-62.0883006667
 10
-91.61884563301702
 20
-57.06340909017663
 42
0.1161411153239398
 10
-91.83573298966946
 20
-57.03486243603752
 42
-0.0192729026577
 10
-92.70585231769183
 20
-57.08873729358325
 10
-92.57482412323822
 20
-67.58878816542895
 10
-98.57433683424455
 20
-67.66365672813148
 10
-98.70457288739267
 20
-57.22851271254993
 10
-175.6560100524013
 20
-59.02154828485791
 42
0.1294147228670308
 10
-178.1339655203432
 20
-59.81846758975942
 42
0.0611605899773581
 10
-179.2954661599056
 20
-60.77851196742975
 42
-0.1833478554703751
 10
-180.1414592072858
 20
-61.18740908512617
 42
-0.2518466512868904
 10
-180.7880729480539
 20
-60.90953724361648
 10
-181.8213725126163
 20
-58.51618417216096
 10
-183.4389086048673
 20
-56.47182023561876
 10
-185.5304488132251
 20
-54.91576545779358
 10
-187.9534581289236
 20
-53.95406240029254
 10
-190.5428124713108
 20
-53.65224953719465
 10
-193.1220516210625
 20
-54.03089491635128
 10
-195.5154046925182
 20
-55.06419448091313
 10
-197.5597686290604
 20
-56.68173057316383
 10
-199.1158234068859
 20
-58.7732707815218
 10
-200.0775264643865
 20
-61.19628009722063
 42
0.0442074110804872
 10
-200.2216991415235
 20
-62.097806247654
 42
-0.0114542241053265
 10
-200.3793393274847
 20
-63.78563443960766
 10
-206.0112401288753
 20
-63.8693541419644
 10
-209.3347872031932
 20
-67.56780175132703
 10
-209.2769541834276
 20
-76.16168487665053
 10
-205.912840915716
 20
-78.49130092849603
  0
LWPOLYLINE
  5
E7
330
1376
100
AcDbEntity
  8
SECTIONCUTEDGES
100
AcDbPolyline
 90
        6
 70
     1
 43
0.0
 10
-394.9962302559825
 20
137.9384709471255
 42
-0.0129184645126193
 10
-393.658247912305
 20
141.8088154200655
 42
-0.0187580855806493
 10
-392.5697061127328
 20
144.4110768706558
 42
-0.01089754212277
 10
-391.8696264045294
 20
145.8402538521605
 42
0.0036323862317825
 10
-391.1488561212427
 20
147.2591085455777
 10
-357.7042813234216
 20
127.9498742831268
  0
LWPOLYLINE
  5
E8
330
1376
100
AcDbEntity
  8
SECTIONCUTEDGES
100
AcDbPolyline
 90
        6
 70
     1
 43
0.0
 10
-355.5428573444812
 20
74.02731077696754
 10
-346.9299292815174
 20
106.1877283575914
 10
-338.3147056528464
 20
74.03527605682118
 42
-0.0130894016992402
 10
-342.7017251840445
 20
73.49536045927866
 42
-0.0365350393418788
 10
-349.4283955077405
 20
73.33900124639772
 42
-0.0155766877783678
 10
-352.1419743572504
 20
73.55914097610773
 42
-0.0123519244225134
  0
LWPOLYLINE
  5
E9
330
1376
100
AcDbEntity
  8
SECTIONCUTEDGES
100
AcDbPolyline
 90
        4
 70
     1
 43
0.0
 10
-194.4877422728776
 20
-123.4117912494816
 10
-194.552087160254
 20
-113.8502533009015
 10
-188.5522218461222
 20
-113.8098768249786
 10
-188.4878781480931
 20
-123.3714148389654
  0
LWPOLYLINE
  5
EA
330
1376
100
AcDbEntity
  8
SECTIONCUTEDGES
100
AcDbPolyline
 90
        4
 70
     1
 43
0.0
 10
-351.6698810840653
 20
60.01869534967742
 10
-351.6698810840649
 20
66.01869533054409
 10
-342.1081266317354
 20
66.01869533054409
 10
-342.1081266317348
 20
60.01869534967742
  0
LWPOLYLINE
  5
EB
330
1376
100
AcDbEntity
  8
SECTIONCUTEDGES
100
AcDbPolyline
 90
        8
 70
     1
 43
0.0
 10
-396.3820111643037
 20
114.8721343109484
 42
0.0064291888933096
 10
-396.6784707566339
 20
116.639691850871
 42
-0.0192896929205109
 10
-396.929382116143
 20
118.4142879842182
 10
-397.1855471146184
 20
123.487356795568
 10
-396.9293824236708
 20
128.5604246901918
 42
-0.0188957071497994
 10
-396.6819740208255
 20
130.3337526075872
 42
0.0062979028443252
 10
-396.3899764441583
 20
132.100286002582
 10
-364.2295588635399
 20
123.4873579396214
  0
LWPOLYLINE
  5
EC
330
1376
100
AcDbEntity
  8
SECTIONCUTEDGES
100
AcDbPolyline
 90
        6
 70
     1
 43
0.0
 10
-370.7016798874889
 20
79.26843109987894
 10
-351.3924456250175
 20
112.7130058977286
 10
-361.382197990284
 20
75.41674220965226
 42
-0.0122335292598762
 10
-365.133079464125
 20
76.71632345485178
 42
-0.0179913206120934
 10
-367.6259554352307
 20
77.75263305587188
 42
-0.0104775471121515
 10
-369.1691115022146
 20
78.4997902802938
 42
0.0034924021095559
  0
LWPOLYLINE
  5
ED
330
1376
100
AcDbEntity
  8
SECTIONCUTEDGES
100
AcDbPolyline
 90
        6
 70
     1
 43
0.0
 10
-391.1414398197594
 20
99.71492982056346
 42
-0.0206225799804763
 10
-394.0308061098394
 20
106.0903320364392
 42
-0.0199783101119128
 10
-394.9207605440103
 20
108.572000714879
 42
-0.0197659444012124
 10
-394.9814944598854
 20
108.7959301804551
 42
0.0065878855922026
 10
-395.0363071721045
 20
109.0213821280405
 10
-357.7040222408798
 20
119.0242161155495
  0
LWPOLYLINE
  5
EE
330
1376
100
AcDbEntity
  8
SECTIONCUTEDGES
100
AcDbPolyline
 90
        6
 70
     1
 43
0.0
 10
-387.9937238672281
 20
94.60408303229483
 10
-359.1626146709875
 20
111.2546725501528
 10
-375.8059486753651
 20
82.42757244722824
 42
-0.0243965277130689
 10
-380.9155739933077
 20
86.57155125078062
 42
-0.0420819570828319
 10
-386.0513933521876
 20
92.01336576757686
 42
-0.0108893474486754
 10
-387.0319621433683
 20
93.3016743174638
 42
0.0036296549618389
  0
LWPOLYLINE
  5
EF
330
1376
100
AcDbEntity
  8
SECTIONCUTEDGES
100
AcDbPolyline
 90
        8
 70
     1
 43
0.0
 10
214.6420786516041
 20
-519.4728669018388
 10
214.6420789044824
 20
-507.4728669018401
 10
201.255624213379
 20
-507.4728666197443
 10
201.2556229489855
 20
-567.4728666197392
 10
214.6420776400889
 20
-567.472866901835
 10
214.6420778929675
 20
-555.4728688151838
 10
227.4522437124744
 20
-555.4728690851352
 10
227.4522444711106
 20
-519.4728671717903
  0
LWPOLYLINE
  5
F0
330
1376
100
AcDbEntity
  8
SECTIONCUTEDGES
100
AcDbPolyline
 90
       67
 70
     1
 43
0.0
 10
-200.3482251437258
 20
-130.0823330651323
 10
-200.3311943553674
 20
-132.6130777033263
 10
-180.3601893006243
 20
-132.4786817080384
 42
-0.1792608467893614
 10
-180.1930670946218
 20
-132.6649375770924
 42
0.0723394023437322
 10
-179.9622659785677
 20
-133.0671260740788
 42
0.1067721361201724
 10
-178.3439343199023
 20
-134.410023145029
 42
0.1049229017983483
 10
-176.2827318888517
 20
-134.9823250835332
 10
-91.39263562069862
 20
-134.4108284772557
 10
-87.87103454661849
 20
-129.3254132700961
 10
11.6516472080242
 20
-129.3254132700952
 10
19.52647228801885
 20
-134.4424454245199
 10
22.43991560639637
 20
-136.08870834431
 10
29.20347922550735
 20
-136.0325128319491
 10
28.96961902294902
 20
-117.2944995535804
 10
34.96916381026944
 20
-117.2196373000303
 10
35.20299193651368
 20
-135.9576442692464
 10
69.97792022227645
 20
-135.5259710419797
 10
69.71225165608979
 20
-116.73485084652
 10
75.71165439583928
 20
-116.6500339853404
 10
75.97760055752321
 20
-135.460697027796
 10
84.97657468402683
 20
-135.3242778877213
 10
84.90162677283979
 20
-130.5414934133215
 10
109.0451634874628
 20
-130.1573133975762
 10
120.4985303215667
 20
-126.8952176305008
 42
0.1160989225740524
 10
122.9265793079403
 20
-125.4877309378377
 42
0.1231610906160863
 10
124.3548157289353
 20
-123.2555678728537
 42
0.0938140529030906
 10
124.5206766846718
 20
-122.0527910558705
 42
-0.0085945537128807
 10
124.4467070490116
 20
-119.8023932998029
 10
111.8463811948541
 20
-120.0058661645631
 10
111.7495045148901
 20
-114.0066484184167
 10
124.384316492513
 20
-113.8026186701905
 42
0.0087922337157406
 10
124.2509995016804
 20
-110.850813140837
 42
0.2934534419675698
 10
122.6472896568246
 20
-108.6678253181262
 42
0.0510824475468878
 10
122.2038068848215
 20
-108.5478325698105
 42
0.0393220510611483
 10
121.6096852740565
 20
-108.498070438375
 10
84.61307946098651
 20
-109.0954996870681
 10
84.53813154979911
 20
-104.3127152126682
 10
22.11109588762401
 20
-105.2385281253569
 10
11.5974147950746
 20
-112.2624731688346
 10
-86.26574036707792
 20
-113.7172349820791
 10
-91.68643899401871
 20
-108.6923434055558
 42
0.1161411153239398
 10
-91.90332635067113
 20
-108.6637967514167
 42
-0.0192729026577
 10
-92.77344567869352
 20
-108.7176716089626
 10
-92.64241748424007
 20
-119.2177224808085
 10
-98.64193019524641
 20
-119.292591043511
 10
-98.77216624839451
 20
-108.8574470279291
 10
-175.723603413403
 20
-110.6504826002373
 42
0.1294147228670227
 10
-178.2015588813448
 20
-111.4474019051385
 42
0.0611605899773581
 10
-179.3630595209075
 20
-112.407446282809
 42
-0.1833478554703751
 10
-180.2090525682877
 20
-112.8163434005052
 42
-0.2518466512868904
 10
-180.8556663090558
 20
-112.5384715589955
 10
-181.8889658736183
 20
-110.1451184875398
 10
-183.5065019658691
 20
-108.1007545509978
 10
-185.598042174227
 20
-106.5446997731726
 10
-188.0210514899254
 20
-105.5829967156716
 10
-190.6104058323126
 20
-105.2811838525737
 10
-193.1896449820644
 20
-105.6598292317302
 10
-195.5829980535199
 20
-106.6931287962925
 10
-197.6273619900625
 20
-108.3106648885432
 10
-199.1834167678876
 20
-110.4022050969009
 10
-200.1451198253885
 20
-112.8252144125998
 42
0.0442074110805167
 10
-200.2892925025256
 20
-113.7267405630329
 42
-0.0114542241053067
 10
-200.4469326884866
 20
-115.4145687549867
 10
-206.0788334898773
 20
-115.4982884573435
 10
-209.4023805641951
 20
-119.1967360667064
 10
-209.3445475444292
 20
-127.7906191920296
 10
-205.9804342767179
 20
-130.1202352438753
  0
LWPOLYLINE
  5
F1
330
1376
100
AcDbEntity
  8
SECTIONCUTEDGES
100
AcDbPolyline
 90
       12
 70
     1
 43
0.0
 10
-385.6954466390137
 20
59.5547546830758
 42
0.0635661986130301
 10
-367.9298986990706
 20
51.69423020101774
 42
0.1202757331449904
 10
-332.4266208007298
 20
49.91039543192719
 42
0.1478253617155638
 10
-294.1124131259708
 20
69.99005267831032
 42
0.2788230119266376
 10
-274.854112044366
 20
145.1879560452508
 42
0.1540701875796036
 10
-300.283197157287
 20
182.4488465262507
 42
0.1136273580675951
 10
-330.6371679908967
 20
196.735885453471
 42
0.2687880628959093
 10
-402.2625402012602
 20
173.6714642123198
 42
0.2690498183090057
 10
-417.8214765426039
 20
100.1150023872955
 42
0.0854453348777806
 10
-406.0432221658585
 20
77.90899916913943
 42
0.0836485927914036
 10
-387.1874048380094
 20
60.49265562784822
 42
0.0044035768976681
 10
-386.4440852959253
 20
60.01619240323416
 42
0.0044210702010369
  0
LWPOLYLINE
  5
F2
330
1376
100
AcDbEntity
  8
SECTIONCUTEDGES
100
AcDbPolyline
 90
        4
 70
     1
 43
0.0
 10
-353.673626634204
 20
11.43462027506743
 10
-353.6736266342046
 20
17.4346173867934
 10
-344.1118729863301
 20
17.4346173867934
 10
-344.1118729863297
 20
11.43462027506709
  0
LWPOLYLINE
  5
F3
330
1376
100
AcDbEntity
  8
SECTIONCUTEDGES
100
AcDbPolyline
 90
        8
 70
     1
 43
0.0
 10
-336.700989746628
 20
-33.80135711533777
 10
-320.0576557422547
 20
-4.974257012419826
 42
0.006302561375127
 10
-318.4914591376185
 20
-6.104343517464741
 42
-0.0189096871808312
 10
-316.9542465600631
 20
-7.273550430146684
 42
-0.0171874657256624
 10
-315.1130902118516
 20
-8.896329355083395
 42
-0.0123208621459061
 10
-312.683028756684
 20
-11.30727930401863
 42
-0.0189255190874472
 10
-310.683772436572
 20
-13.55546162729777
 42
-0.0124687728117191
 10
-307.8698805503918
 20
-17.15076759748743
  0
LWPOLYLINE
  5
F4
330
1376
100
AcDbEntity
  8
SECTIONCUTEDGES
100
AcDbPolyline
 90
        6
 70
     1
 43
0.0
 10
-331.6340455540644
 20
-46.03404250479818
 10
-299.4815932533017
 20
-37.41881887612632
 42
-0.035509242206497
 10
-298.7652921922568
 20
-45.32120280612597
 42
-0.0377919540409082
 10
-299.1836941476007
 20
-52.76620555819071
 42
-0.007974701392607
 10
-299.3236616062882
 20
-53.70735876579456
 42
0.0026581837096151
 10
-299.4736279734476
 20
-54.64697056776131
  0
LWPOLYLINE
  5
F5
330
1376
100
AcDbEntity
  8
SECTIONCUTEDGES
100
AcDbPolyline
 90
        4
 70
     1
 43
0.0
 10
-338.1595821767033
 20
-41.57090068072082
 10
-304.7228294744211
 20
-22.26199833561785
 42
-0.0260723812111059
 10
-302.7950722383307
 20
-26.29840631338883
 42
-0.0207395144085404
 10
-300.8570060567758
 20
-31.57570553378312
  0
LWPOLYLINE
  5
F6
330
1376
100
AcDbEntity
  8
SECTIONCUTEDGES
100
AcDbPolyline
 90
        4
 70
     1
 43
0.0
 10
-348.9336751360876
 20
-28.7344129227661
 10
-357.5488987647588
 20
3.418039378004294
 42
-0.0576990929807508
 10
-346.796393423977
 20
4.091282085296001
 42
-0.0248234722415999
 10
-340.320747073124
 20
3.426004657857419
  0
LWPOLYLINE
  5
F7
330
1376
100
AcDbEntity
  8
SECTIONCUTEDGES
100
AcDbPolyline
 90
        4
 70
     1
 43
0.0
 10
-516.4037582160635
 20
187.2198358012558
 10
-506.8420033970263
 20
187.2198356319707
 10
-506.8420046084528
 20
181.2198386630657
 10
-516.4037582377281
 20
181.2198388897519
  0
LWPOLYLINE
  5
F8
330
1376
100
AcDbEntity
  8
SECTIONCUTEDGES
100
AcDbPolyline
 90
        7
 70
     1
 43
0.0
 10
-344.4711587925873
 20
-35.25969046290212
 10
-334.4715639662201
 20
2.073319583957612
 42
0.0061992472878219
 10
-334.2441429158967
 20
2.017840144941857
 42
-0.0185996480127143
 10
-334.0181673441881
 20
1.956739054323548
 10
-329.3698751710045
 20
0.255438767041511
 42
-0.018388320200339
 10
-327.2435985256812
 20
-0.7369198606583325
 42
0.0061288260933984
 10
-325.1422860111676
 20
-1.781100752442313
  0
LWPOLYLINE
  5
F9
330
1376
100
AcDbEntity
  8
SECTIONCUTEDGES
100
AcDbPolyline
 90
        4
 70
     1
 43
0.0
 10
-338.1593230941673
 20
-50.49655884831039
 10
-300.86280321253
 20
-60.48637983466327
 42
-0.0234220907184216
 10
-302.5476240331051
 20
-65.17306772189178
 42
-0.022806792944887
 10
-304.7147482963595
 20
-69.80579311075226
  0
LWPOLYLINE
  5
FA
330
1376
100
AcDbEntity
  8
SECTIONCUTEDGES
100
AcDbPolyline
 90
        6
 70
     1
 43
0.0
 10
-353.3968169601591
 20
-35.25994954542992
 10
-372.7025685838607
 20
-1.82865287013854
 42
-0.0121756488022707
 10
-368.4850401490517
 20
0.1782545367260297
 42
-0.0195652134031207
 10
-365.7858557015917
 20
1.258426337676581
 42
-0.0093628721009269
 10
-364.5913813201237
 20
1.657997418626649
 42
0.0031208763062317
 10
-363.3920121071038
 20
2.042626574535034
  0
LWPOLYLINE
  5
FB
330
1376
100
AcDbEntity
  8
SECTIONCUTEDGES
100
AcDbPolyline
 90
        7
 70
     1
 43
0.0
 10
-320.0504002287731
 20
-87.09783709049522
 10
-336.7009897466263
 20
-58.26672789425825
 10
-307.8738896437057
 20
-74.91006189863148
 42
-0.0145288346269526
 10
-311.1243111939367
 20
-79.06348517154933
 42
-0.0226529481638271
 10
-313.4018352221964
 20
-81.56588238364467
 10
-316.9542372785731
 20
-84.79452566858212
 42
-0.0183936297313569
 10
-318.4881975525194
 20
-85.96516341531915
 42
0.0061305954050831
  0
LWPOLYLINE
  5
FC
330
1376
100
AcDbEntity
  8
SECTIONCUTEDGES
100
AcDbPolyline
 90
        4
 70
     1
 43
0.0
 10
-354.6129275153761
 20
-46.61772506536991
 42
-0.7044912489934903
 10
-344.9213271033552
 20
-42.03058955658812
 42
-0.7053178762702073
 10
-349.5173651897135
 20
-51.71329435887404
 42
-0.1728018733811166
 10
-352.9788004664075
 20
-50.07027325165271
 42
-0.1733706472127764
  0
LWPOLYLINE
  5
FD
330
1376
100
AcDbEntity
  8
SECTIONCUTEDGES
100
AcDbPolyline
 90
        6
 70
     1
 43
0.0
 10
-389.9934606284684
 20
-17.15802311096743
 42
-0.0147779084855288
 10
-387.0415457364097
 20
-13.3985572016916
 42
-0.0285392892553729
 10
-383.6003727352201
 20
-9.721446698053313
 42
-0.0184376480863341
 10
-381.4643362719757
 20
-7.830553943824298
 42
-0.0113451598074399
 10
-377.8169500434001
 20
-4.970247919103513
 10
-361.1663605255495
 20
-33.8013571153405
  0
LWPOLYLINE
  5
FE
330
1376
100
AcDbEntity
  8
SECTIONCUTEDGES
100
AcDbPolyline
 90
        7
 70
     1
 43
0.0
 10
-334.4674007252642
 20
-94.14033451277836
 10
-344.4705333120183
 20
-56.808135464162
 10
-325.1428900566291
 20
-90.27734134122388
 42
0.0062479180768524
 10
-327.243591243375
 20
-91.32684030203941
 42
-0.0187457056329227
 10
-329.3698621121754
 20
-92.32351765065269
 10
-334.0181534296048
 20
-94.02481948659673
 42
-0.0185991657903747
 10
-334.2420609622646
 20
-94.08536202960133
 42
0.0061990865959803
  0
LWPOLYLINE
  5
FF
330
1376
100
AcDbEntity
  8
SECTIONCUTEDGES
100
AcDbPolyline
 90
        6
 70
     1
 43
0.0
 10
-396.9999761105528
 20
-31.58292949729903
 42
-0.012918464512598
 10
-395.6619937668749
 20
-27.71258502435856
 42
-0.0187580855806402
 10
-394.5734519673031
 20
-25.11032357376857
 42
-0.0108975421227491
 10
-393.8733722590998
 20
-23.68114659226367
 42
0.0036323862317497
 10
-393.1526019758131
 20
-22.26229189884648
 10
-359.7080271779919
 20
-41.57152616129772
  0
LWPOLYLINE
  5
100
330
1376
100
AcDbEntity
  8
SECTIONCUTEDGES
100
AcDbPolyline
 90
        6
 70
     1
 43
0.0
 10
-357.5466031990515
 20
-95.49408966745668
 10
-348.9336751360876
 20
-63.33367208683299
 10
-340.3184515074165
 20
-95.48612438760304
 42
-0.0130894016992382
 10
-344.7054710386146
 20
-96.02603998514556
 42
-0.0365350393418785
 10
-351.4321413623106
 20
-96.1823991980265
 42
-0.0155766877783035
 10
-354.1457202118206
 20
-95.96225946831649
 42
-0.0123519244225618
  0
LWPOLYLINE
  5
101
330
1376
100
AcDbEntity
  8
SECTIONCUTEDGES
100
AcDbPolyline
 90
        9
 70
     1
 43
0.0
 10
-594.9574087367367
 20
222.2576929563122
 10
-594.9574087367367
 20
239.4073662534606
 10
-588.9574087367371
 20
239.4073662534606
 10
-588.9574087367371
 20
222.2576929563122
 42
0.047597128694048
 10
-584.197314244343
 20
223.5019209291824
 42
0.1001842793372769
 10
-576.9225087404414
 20
227.9670651857532
 42
0.760738061318634
 10
-596.5750161675852
 20
265.7092025315296
 42
0.7612284599012788
 10
-599.1068651079809
 20
223.2397101862275
 42
0.0241692377276033
 10
-597.3583032335437
 20
222.7355495128665
 42
0.0179623141066359
  0
LWPOLYLINE
  5
102
330
1376
100
AcDbEntity
  8
SECTIONCUTEDGES
100
AcDbPolyline
 90
       17
 70
     1
 43
0.0
 10
106.9421944908883
 20
-553.0228132953932
 10
106.9421944908883
 20
-539.4784939266587
 10
112.9421944908876
 20
-539.4784939266587
 10
112.9421944908876
 20
-553.0184145068069
 42
0.027943146212122
 10
117.4493931945656
 20
-552.1576957792507
 42
0.0744092785608537
 10
124.0333040120264
 20
-549.4273800798195
 42
0.1052752829493629
 10
130.4183948156985
 20
-543.4619418645407
 42
0.2552381491691066
 10
131.9535179848686
 20
-529.534605440217
 42
0.1218319299224523
 10
127.1538664605526
 20
-522.9861201968621
 42
0.0992420396424135
 10
118.4403938719401
 20
-518.2485582168019
 42
0.1183065542616425
 10
105.0116908838663
 20
-517.3792754318047
 42
0.0901618938052088
 10
95.85111177576459
 20
-520.730550568401
 42
0.1134085438814502
 10
89.32554075090065
 20
-526.8882591016706
 42
0.2651938614581422
 10
88.30275332799237
 20
-541.4572755213425
 42
0.1191171977953639
 10
93.50836983128823
 20
-547.8228977362343
 42
0.0973732623636709
 10
102.5064988055886
 20
-552.2146549029567
 42
0.0199300678873546
 10
103.955083479906
 20
-552.5386966944141
 42
0.0097733431781449
  0
LWPOLYLINE
  5
103
330
1376
100
AcDbEntity
  8
SECTIONCUTEDGES
100
AcDbPolyline
 90
        8
 70
     1
 43
0.0
 10
-398.3857570188741
 20
-54.649266133476
 42
0.0064291888933184
 10
-398.6822166112042
 20
-52.88170859355322
 42
-0.0192896929205081
 10
-398.9331279707132
 20
-51.10711246020597
 10
-399.1892929691885
 20
-46.03404364885617
 10
-398.9331282782409
 20
-40.96097575423269
 42
-0.0188957071497994
 10
-398.6857198753956
 20
-39.18764783683733
 42
0.0062979028443171
 10
-398.3937222987286
 20
-37.42111444184221
 10
-366.2333047181101
 20
-46.03404250480295
  0
LWPOLYLINE
  5
104
330
1376
100
AcDbEntity
  8
SECTIONCUTEDGES
100
AcDbPolyline
 90
        4
 70
     1
 43
0.0
 10
-353.6736269386356
 20
-109.502705094747
 10
-353.673626938635
 20
-103.5027051138804
 10
-344.1118724863057
 20
-103.5027051138804
 10
-344.1118724863049
 20
-109.502705094747
  0
LWPOLYLINE
  5
105
330
1376
100
AcDbEntity
  8
SECTIONCUTEDGES
100
AcDbPolyline
 90
        6
 70
     1
 43
0.0
 10
-372.7054257420591
 20
-90.25296934454544
 10
-353.3961914795879
 20
-56.80839454669561
 10
-363.3859438448542
 20
-94.10465823477196
 42
-0.0122335292598552
 10
-367.1368253186949
 20
-92.8050769895726
 42
-0.0179913206121176
 10
-369.6297012898009
 20
-91.76876738855233
 42
-0.0104775471121514
 10
-371.1728573567848
 20
-91.0216101641304
 42
0.0034924021095614
  0
LWPOLYLINE
  5
106
330
1376
100
AcDbEntity
  8
SECTIONCUTEDGES
100
AcDbPolyline
 90
        6
 70
     1
 43
0.0
 10
-393.1451856743297
 20
-69.80647062386075
 42
-0.0206225799804823
 10
-396.0345519644085
 20
-63.43106840798768
 42
-0.0199783101118586
 10
-396.9245063985805
 20
-60.94939972954515
 42
-0.0197659444009297
 10
-396.9852403144557
 20
-60.72547026396896
 42
0.006587885592202
 10
-397.0400530266749
 20
-60.50001831638363
 10
-359.70776809545
 20
-50.49718432887485
  0
LWPOLYLINE
  5
107
330
1376
100
AcDbEntity
  8
SECTIONCUTEDGES
100
AcDbPolyline
 90
        6
 70
     1
 43
0.0
 10
-389.9974697217984
 20
-74.91731741212973
 10
-361.1663605255577
 20
-58.26672789427155
 10
-377.8096945299355
 20
-87.09382799719596
 42
-0.0192942232411374
 10
-381.9843188953742
 20
-83.77815829790931
 42
-0.0459030201889095
 10
-388.055139206758
 20
-77.50803467684753
 42
-0.0085456679909628
 10
-388.9654218369168
 20
-76.33615844776435
 42
-0.0072274630808199
  0
LWPOLYLINE
  5
108
330
1376
100
AcDbEntity
  8
SECTIONCUTEDGES
100
AcDbPolyline
 90
        4
 70
     1
 43
0.0
 10
-516.4037582377284
 20
60.28251294415835
 10
-516.4037582377284
 20
66.28251292502452
 10
-506.8420037853977
 20
66.28251292502452
 10
-506.8420037853977
 20
60.28251294415835
  0
LWPOLYLINE
  5
109
330
1376
100
AcDbEntity
  8
SECTIONCUTEDGES
100
AcDbPolyline
 90
        6
 70
     1
 43
0.0
 10
-553.2897763449307
 20
95.68432376337112
 42
-0.439479344778655
 10
-536.1464644501603
 20
167.5961132257668
 42
-0.4390579261791429
 10
-465.8990396177832
 20
144.4099854493223
 42
-0.1740739822598884
 10
-463.1974660069623
 20
110.6541561411753
 42
-0.173674732169413
 10
-482.6041172883054
 20
82.81345930986148
 42
-0.2022518845464274
 10
-520.6166776602751
 20
74.35273333917902
 42
-0.201816939286882
  0
LWPOLYLINE
  5
10A
330
1376
100
AcDbEntity
  8
SECTIONCUTEDGES
100
AcDbPolyline
 90
        8
 70
     1
 43
0.0
 10
-402.6985323184558
 20
-97.88603390717268
 42
0.0864115554147217
 10
-381.9454195600482
 20
-113.1425883915498
 42
0.0866911371141193
 10
-357.3313816215213
 20
-120.4497213124358
 42
0.2743190768197507
 10
-287.4437150750149
 20
-89.25367345429682
 42
0.3791882161229726
 10
-298.2906934375573
 20
9.519018289782678
 42
0.2572222684067802
 10
-368.6559558504871
 20
26.21838408663106
 42
0.2572494776829294
 10
-420.3636206238478
 20
-24.33344439917406
 42
0.1329821679611627
 10
-421.4882839088246
 20
-63.49900235763064
 42
0.132967950585835
  0
LWPOLYLINE
  5
10B
330
1376
100
AcDbEntity
  8
SECTIONCUTEDGES
100
AcDbPolyline
 90
       13
 70
     1
 43
0.0
 10
-650.3507125535985
 20
222.8927298975297
 10
-650.3507125535985
 20
240.0424031946781
 10
-644.3507125535991
 20
240.0424031946781
 10
-644.3507125535991
 20
222.8927298975297
 42
0.0475971286939738
 10
-639.5906180612041
 20
224.1369578704003
 42
0.1001842793372857
 10
-632.3158125573034
 20
228.6021021269707
 42
0.1600834135055093
 10
-625.6616756498863
 20
240.6923421322904
 42
0.1603463559641401
 10
-627.4797207476026
 20
254.350791356372
 42
0.2504986658957597
 10
-644.296201607691
 20
266.601241360253
 42
0.2504445848508379
 10
-663.8289480546551
 20
259.424594600548
 42
0.2705296687823076
 10
-668.2376020984578
 20
237.6184649965541
 42
0.2706206954176674
 10
-651.4187797889384
 20
223.0656908196124
 42
0.0090624403951413
 10
-650.8852686460048
 20
222.9759839757537
 42
-0.0030207399596768
  0
LWPOLYLINE
  5
10C
330
1376
100
AcDbEntity
  8
SECTIONCUTEDGES
100
AcDbPolyline
 90
        4
 70
     1
 43
0.0
 10
-516.1765143177249
 20
21.56430269465622
 10
-506.6147594986877
 20
21.56430252537118
 10
-506.6147607101145
 20
15.56430555646651
 10
-516.1765143393895
 20
15.56430578315221
  0
LWPOLYLINE
  5
10D
330
1376
100
AcDbEntity
  8
SECTIONCUTEDGES
100
AcDbPolyline
 90
       12
 70
     1
 43
0.0
 10
-578.6683586394757
 20
98.14833496166498
 42
0.0831871906085084
 10
-566.2227855564581
 20
77.25163690563121
 42
0.1587196273198024
 10
-528.642918085927
 20
54.06460592471145
 42
0.155063130937978
 10
-485.2469421358647
 20
57.09239970593367
 42
0.1550885192298362
 10
-451.5654732991727
 20
84.61232871022033
 42
0.1665109165295399
 10
-440.174961330887
 20
129.5931411081213
 42
0.166320023195599
 10
-458.7589126294065
 20
172.164637074974
 42
0.1648572367128038
 10
-499.1483209444743
 20
194.3764351020234
 42
0.1651008271499722
 10
-544.6527021282702
 20
187.4420108401445
 42
0.1748970414884681
 10
-577.731056124041
 20
151.6508847764819
 42
0.1749677904653456
 10
-580.3268537415752
 20
103.0027850839608
 42
0.0090229811285951
 10
-579.4823684900448
 20
100.3770110931463
 42
0.0104894847681738
  0
LWPOLYLINE
  5
10E
330
1376
100
AcDbEntity
  8
SECTIONCUTEDGES
100
AcDbPolyline
 90
       29
 70
     1
 43
0.0
 10
-617.3440017133891
 20
155.7703034827671
 10
-617.3440017133891
 20
170.5432109516263
 10
-611.3440017133894
 20
170.5432109516263
 10
-611.3440017133894
 20
155.7703034827671
 42
-0.0012613232699896
 10
-599.0283853342044
 20
155.7392354862928
 42
0.0075680800910077
 10
-595.94957920703
 20
155.7703034827671
 42
0.1791095350345978
 10
-591.9038735855592
 20
157.3847417433728
 42
0.1860267211662167
 10
-590.0043366628696
 20
161.1353777844572
 42
0.0126252841408278
 10
-589.9889192231391
 20
161.3386476759371
 42
0.0063067046247014
 10
-589.9734826910652
 20
161.7463980853832
 42
0.0091402515918344
 10
-589.9394815877455
 20
166.6410365074668
 42
-0.008035763599768
 10
-589.8467228773236
 20
186.2198332912033
 10
-601.4972845906352
 20
186.2198332912033
 42
0.0027778354227248
 10
-602.8614581745024
 20
191.492488650401
 42
0.0806864472054952
 10
-604.9065368311111
 20
196.0750132316455
 42
0.28626058887829
 10
-620.7226181611377
 20
203.3747622546446
 42
0.2864519140969071
 10
-634.2250775365348
 20
192.3850153986084
 42
0.036637221577243
 10
-634.5104552660895
 20
191.2966205384265
 42
-0.1144160393251298
 10
-634.6231168745817
 20
191.0381356077332
 42
-0.1166239800096416
 10
-634.8981580517947
 20
190.8065993722889
 42
0.0812452332179154
 10
-636.0598899378159
 20
189.9601620479349
 42
0.0977191721272414
 10
-637.2770764723382
 20
188.1191677781508
 42
0.0893380174328216
 10
-637.7822491552712
 20
185.7624147079421
 10
-637.7822491552712
 20
161.7463980853832
 42
0.1791096125569293
 10
-636.1678107648875
 20
157.7006942806214
 42
0.1860266536744261
 10
-632.4171729593651
 20
155.8011574163042
 42
0.0126252826616591
 10
-632.2139032152448
 20
155.7857400017711
 42
0.00630669642202
 10
-631.8061526201731
 20
155.7703034827671
 42
0.0085141330135046
 10
-626.744452147698
 20
155.7288037123915
 42
-0.0022073180678546
  0
LWPOLYLINE
  5
10F
330
1376
100
AcDbEntity
  8
SECTIONCUTEDGES
100
AcDbPolyline
 90
       74
 70
     1
 43
0.0
 10
-7.095959957341449
 20
-562.8009101090482
 10
-7.095959957341449
 20
-545.125389226901
 10
-1.095959976475626
 20
-545.125389226901
 10
-1.095959976475626
 20
-562.8009101090482
 42
0.0231383601490787
 10
1.75636684015734
 20
-562.0358024967114
 42
0.04780323176299
 10
4.49414092769706
 20
-560.8657717104643
 42
0.1639278117043762
 10
12.24647226965595
 20
-552.4843300462568
 42
0.1631277791800946
 10
13.36933416036578
 20
-541.069384497333
 42
0.017200916869805
 10
13.17892351183906
 20
-540.3529010654546
 42
-0.0057331363960019
 10
12.972133759791
 20
-539.6409721914252
 10
17.75550542818052
 20
-539.6409721914252
 10
32.65346826402327
 20
-547.5100486688218
 10
37.42801678171566
 20
-534.0513744070243
 42
0.0992899596154817
 10
40.22954158525431
 20
-534.4201455200057
 42
0.1107582886597889
 10
42.66435390567602
 20
-533.6997437618411
 42
0.1330737616280741
 10
44.9086130914614
 20
-531.5109847851025
 42
-0.0178011071431633
 10
48.03678805608325
 20
-526.6190053558185
 42
-0.0568351808009575
 10
58.86426086132093
 20
-514.2257420378619
 42
-0.0355328862537732
 10
69.64085389903932
 20
-505.7204690780743
 42
-0.013715419107196
 10
70.8165107590662
 20
-504.9674442367303
 42
0.0245765881847314
 10
71.97554044502829
 20
-504.1890705146227
 42
0.0260894790810361
 10
73.76997390833356
 20
-502.6998889780727
 42
-0.0200606817280973
 10
77.06889914831794
 20
-499.8943276309304
 10
82.4572173864488
 20
-495.9760185719066
 10
88.1127319808931
 20
-492.454332329575
 10
94.00630303040292
 20
-489.3474143065534
 10
100.1075640536427
 20
-486.6712728223083
 10
106.3850784517428
 20
-484.4396966306788
 10
112.8065014846117
 20
-482.6641838736581
 10
119.3387469264207
 20
-481.3538828374968
 10
125.9481575415774
 20
-480.5155448163803
 10
132.6006785028137
 20
-480.1534893265506
 10
139.262032857851
 20
-480.2695818501036
 10
145.8978981405657
 20
-480.8632242231391
 10
152.4740832166581
 20
-481.9313577177829
 10
157.9486897137488
 20
-484.3257154936366
 10
165.4482625479897
 20
-467.1782321150906
 42
-0.004535308068409
 10
161.0855933662247
 20
-465.2228577362859
 42
0.0272183803433987
 10
159.973656050899
 20
-464.7838743392371
 10
149.4533859129139
 20
-462.3108624423066
 10
140.8491297411988
 20
-460.9775767678819
 10
132.1616546538872
 20
-460.3956390001914
 10
123.4564453128757
 20
-460.5694356839535
 10
114.7991200577507
 20
-461.4976567702812
 10
106.254936286268
 20
-463.1733054915986
 10
97.88829855554315
 20
-465.5837511020481
 10
89.7622731118102
 20
-468.7108240858346
 10
81.93811250812904
 20
-472.5309531158451
 10
74.47479389339611
 20
-477.0153427301741
 10
67.42857445294948
 20
-482.1301903872599
 10
60.85256735178461
 20
-487.8369412635075
 42
0.0130279274752975
 10
59.61968140486084
 20
-489.0669350557242
 42
-0.0021712018262966
 10
54.79634137684121
 20
-494.0925788727802
 10
0.9010418391887924
 20
-474.1327760433147
 42
0.1611416967929619
 10
-3.406863563787339
 20
-474.1331947373823
 42
0.1675964747478727
 10
-6.706679652028583
 20
-476.6508021187762
 42
0.0326204003173271
 10
-7.358661584250683
 20
-477.784952008354
 42
-0.0024173477065337
 10
-9.687220120823951
 20
-482.4689541235325
 10
20.11799050043396
 20
-498.2120113715557
 10
11.03073178217636
 20
-523.8276826880947
 10
5.457282311385426
 20
-521.6058177794853
 10
10.47641061032124
 20
-507.457619209682
 42
0.0009835510772627
 10
5.550940426826457
 20
-506.2783263625592
 42
0.1610208992851858
 10
3.713191375432131
 20
-506.4372534360727
 42
0.1679514468433421
 10
2.197299632323904
 20
-507.8168534766613
 42
-0.0097441931645999
 10
-1.830447415181367
 20
-514.8657631386494
 10
-10.11197818863229
 20
-528.2366067988435
 42
-0.1290964386691162
 10
-10.40198308720403
 20
-528.3691530493483
 42
0.0544311641731224
 10
-10.70836451819417
 20
-528.4574806693941
 42
0.1482473069081298
 10
-18.97497221945826
 20
-535.1943160780851
 42
0.286428761639678
 10
-19.63113228533621
 20
-554.0758216240873
 42
0.0981208297398461
 10
-15.02595458144259
 20
-559.339219879981
 42
0.09854291901708
 10
-8.785400527578815
 20
-562.4305590883019
 42
0.0178811211658211
 10
-7.942887542267556
 20
-562.6258036997074
 42
-0.0059598091593673
  0
LWPOLYLINE
  5
110
330
1376
100
AcDbEntity
  8
SECTIONCUTEDGES
100
AcDbPolyline
 90
       71
 70
     1
 43
0.0
 10
-89.36995265364823
 20
-516.8805420925083
 10
-89.36995265364823
 20
-499.205021210361
 10
-83.3699526727824
 20
-499.205021210361
 10
-83.3699526727824
 20
-516.8805420925083
 42
0.0209627956386218
 10
-80.74519131789418
 20
-516.1886988839374
 42
0.061646971682624
 10
-77.06169519280178
 20
-514.5314571768603
 42
0.2205672472691602
 10
-68.70879644532511
 20
-502.0749470401231
 42
0.1141841900057842
 10
-69.3018589365156
 20
-493.7206041748852
 10
-64.51848726812642
 20
-493.7206041748852
 10
-49.62052443228333
 20
-501.5896806522817
 10
-44.84597591459094
 20
-488.1310063904845
 42
0.0992899596155053
 10
-41.97895302872263
 20
-488.5083991657437
 42
0.1162438732239008
 10
-39.60963879063076
 20
-487.7793757453012
 42
0.1256400545592195
 10
-37.38242929820018
 20
-485.5764372242258
 42
-0.0159050372781103
 10
-34.2372046402237
 20
-480.6986373392788
 42
-0.0568351808009498
 10
-23.40973183498414
 20
-468.3053740213207
 42
-0.0355328862537838
 10
-12.63313879726763
 20
-459.8001010615344
 42
-0.0137154191071994
 10
-11.45748193724057
 20
-459.0470762201904
 42
0.0245765881847318
 10
-10.29845225127815
 20
-458.2687024980828
 42
0.0260894790810364
 10
-8.504018787973052
 20
-456.7795209615328
 42
-0.0200606817280977
 10
-5.205093547988838
 20
-453.9739596143903
 10
0.1832246901420262
 20
-450.0556505553667
 10
5.838739284586324
 20
-446.533964313035
 10
11.73231033409649
 20
-443.4270462900134
 10
17.83357135733615
 20
-440.7509048057684
 10
24.11108575543636
 20
-438.5193286141389
 10
30.53250878830465
 20
-436.7438158571181
 10
37.06475423011392
 20
-435.4335148209568
 10
43.67416484527121
 20
-434.5951767998403
 10
50.32668580650716
 20
-434.2331213100107
 10
56.98804016154475
 20
-434.3492138335639
 10
63.62390544425881
 20
-434.9428562065991
 10
70.20009052035169
 20
-436.0109897012431
 10
80.71821304857662
 20
-440.6111647962417
 10
88.2177858828175
 20
-423.4636814176958
 10
77.69966335459224
 20
-418.8635063226971
 10
67.17939321660736
 20
-416.3904944257668
 10
58.57513704489207
 20
-415.0572087513419
 10
49.8876619575804
 20
-414.4752709836515
 10
41.18245261656892
 20
-414.6490676674135
 10
32.52512736144434
 20
-415.5772887537414
 10
23.9809435899611
 20
-417.2529374750586
 10
15.61430585923637
 20
-419.6633830855082
 10
7.488280415503425
 20
-422.7904560692949
 10
-0.3358801881777254
 20
-426.6105850993052
 10
-7.799198802911007
 20
-431.0949747136342
 10
-14.84541824335764
 20
-436.2098223707199
 10
-21.42142534452233
 20
-441.9165732469677
 42
0.0130279274752972
 10
-22.65431129144577
 20
-443.1465670391843
 42
-0.0021712018263008
 10
-27.47765131946522
 20
-448.1722108562406
 10
-81.37295085711782
 20
-428.2124080267749
 42
0.1611416967929651
 10
-85.68085626009395
 20
-428.2128267208423
 42
0.1675964747478824
 10
-88.98067234833536
 20
-430.7304341022363
 42
0.032620400317352
 10
-89.63265428055729
 20
-431.864583991814
 42
-0.0024173477065537
 10
-91.96121281713073
 20
-436.5485861069925
 10
-62.15600219587281
 20
-452.2916433550157
 10
-71.24326091413024
 20
-477.9073146715551
 10
-76.81671038492169
 20
-475.6854497629454
 10
-71.7975820859857
 20
-461.537251193142
 42
0.0009835510772954
 10
-76.72305226948066
 20
-460.3579583460192
 42
0.1610208992851773
 10
-78.56080132087516
 20
-460.5168854195327
 42
0.1679514468432945
 10
-80.07669306398288
 20
-461.8964854601214
 42
-0.0097441931646209
 10
-84.10444011148781
 20
-468.9453951221095
 10
-92.38597088493959
 20
-482.3162387823036
 42
-0.1046075062405298
 10
-92.644608336283
 20
-482.4542384796242
 42
0.0359918917939773
 10
-93.74260214188121
 20
-482.8595640037879
 42
0.2172933078027972
 10
-103.5535801127439
 20
-494.1073227695999
 42
0.2178415500880083
 10
-101.4809369788347
 20
-508.8535983931092
 42
0.0984685824303297
 10
-96.7031286667543
 20
-513.8311637818567
 42
0.0957370801971273
 10
-90.22307236721525
 20
-516.7146884379849
 42
0.0134143857178866
 10
-89.79725409401885
 20
-516.8014298304386
 42
-0.0044712235236363
  0
LWPOLYLINE
  5
111
330
1376
100
AcDbEntity
  8
SECTIONCUTEDGES
100
AcDbPolyline
 90
       31
 70
     1
 43
0.0
 10
-676.9353861893387
 20
157.1972209066216
 10
-676.9353861893387
 20
171.970128375481
 10
-670.9353861893393
 20
171.970128375481
 10
-670.9353861893393
 20
157.1972209066216
 42
-0.0012613232699896
 10
-658.6197698101543
 20
157.1661529101475
 42
0.0075680800910076
 10
-655.5409636829797
 20
157.1972209066216
 42
0.1791095350345911
 10
-651.4952580615093
 20
158.8116591672275
 42
0.1860267211661428
 10
-649.5957211388196
 20
162.5622952083117
 42
0.0126252841408489
 10
-649.580303699089
 20
162.7655650997909
 42
0.0063067046246233
 10
-649.5648671670152
 20
163.1733155092379
 42
0.0091402515918257
 10
-649.5308660636953
 20
168.0679539313213
 42
-0.0080357635997941
 10
-649.4381073532734
 20
187.6467507150578
 10
-661.088669066585
 20
187.6467507150578
 42
0.0034372221531297
 10
-662.4353269844585
 20
192.880157720794
 42
0.0806864472055315
 10
-664.4979213070606
 20
197.5019306555
 42
0.3636105472585652
 10
-684.6707940336719
 20
203.5772153191735
 42
0.1874579625641167
 10
-693.312644685775
 20
195.103255071621
 42
0.0184645897900838
 10
-693.6413236203256
 20
194.2983217551114
 42
0.0131937410931493
 10
-694.0290500692147
 20
193.1451673568494
 42
0.0572360027091061
 10
-694.0936291718293
 20
192.7974352911165
 42
-0.1406724475700893
 10
-694.2145013505313
 20
192.4650530315877
 42
-0.1349106153419385
 10
-694.4948775349952
 20
192.2409561658252
 42
0.0619564231822339
 10
-695.0694606340411
 20
191.9044141284969
 42
0.1161785420248215
 10
-696.6949510448508
 20
189.9182806439377
 42
0.1057917627705685
 10
-697.3736336312209
 20
187.1893321317966
 10
-697.3736336312209
 20
163.1733155092379
 42
0.1791096125569293
 10
-695.7591952408372
 20
159.1276117044761
 42
0.1860266536744261
 10
-692.0085574353151
 20
157.2280748401589
 42
0.0126252826616591
 10
-691.8052876911947
 20
157.2126574256256
 42
0.0063066964220187
 10
-691.3975370961228
 20
157.1972209066216
 42
0.0085141330135717
 10
-686.3358366236476
 20
157.155721136246
 42
-0.0022073180678183
  0
LWPOLYLINE
  5
112
330
1376
100
AcDbEntity
  8
SECTIONCUTEDGES
100
AcDbPolyline
 90
       73
 70
     1
 43
0.0
 10
-167.8172480152377
 20
-470.0034997422898
 10
-167.8172480152377
 20
-452.3279788601428
 10
-161.8172480343718
 20
-452.3279788601428
 10
-161.8172480343718
 20
-470.0034997422898
 42
0.0226977087957023
 10
-158.8835686015923
 20
-469.2193395009679
 42
0.0511880603997866
 10
-156.2271471301989
 20
-468.068361343706
 42
0.118149798111422
 10
-149.8668610578684
 20
-462.1862372185833
 42
0.1213246638736086
 10
-146.9895946662993
 20
-454.2487231175686
 42
0.060016468707576
 10
-147.0435353741555
 20
-450.2828806309578
 42
0.0344460311152193
 10
-147.7491542981052
 20
-446.8435618246665
 10
-142.9657826297156
 20
-446.8435618246665
 10
-128.067819793873
 20
-454.7126383020635
 10
-123.2932712761808
 20
-441.2539640402662
 42
0.110316203385711
 10
-120.2267611749927
 20
-441.5897520358795
 42
0.1218810396560968
 10
-117.6000773472632
 20
-440.6212744151437
 42
0.1128144807966605
 10
-115.674282467151
 20
-438.5553569096267
 42
-0.0388864009971215
 10
-109.2778966012322
 20
-429.2729426222323
 42
-0.0394528058583686
 10
-101.4881696235404
 20
-421.0765038071933
 42
-0.0337284031768887
 10
-91.0804341588572
 20
-412.9230587113158
 42
-0.0137154191071939
 10
-89.90477729883014
 20
-412.1700338699719
 42
0.0245765881846849
 10
-88.74574761286789
 20
-411.3916601478641
 42
0.0260894790810031
 10
-86.95131414956263
 20
-409.9024786113142
 42
-0.0200606817281
 10
-83.6523889095784
 20
-407.0969172641719
 10
-78.26407067144737
 20
-403.1786082051481
 10
-72.60855607700325
 20
-399.6569219628165
 10
-66.71498502749307
 20
-396.5500039397948
 10
-60.61372400425341
 20
-393.8738624555498
 10
-54.33620960615354
 20
-391.6422862639204
 10
-47.91478657328457
 20
-389.8667735068999
 10
-41.38254113147564
 20
-388.5564724707382
 10
-34.77313051631853
 20
-387.7181344496218
 10
-28.12060955508241
 20
-387.3560789597921
 10
-21.45925520004499
 20
-387.4721714833454
 10
-14.82338991733042
 20
-388.0658138563805
 10
-8.247204841237874
 20
-389.1339473510245
 10
12.78904021521214
 20
-398.3342975410226
 10
20.28861304945321
 20
-381.1868141624768
 10
-0.7476320069969802
 20
-371.9864639724789
 10
-11.26790214498237
 20
-369.513452075548
 10
-19.87215831669783
 20
-368.1801664011235
 10
-28.55963340400933
 20
-367.5982286334329
 10
-37.26484274502065
 20
-367.7720253171953
 10
-45.9221680001454
 20
-368.700246403523
 10
-54.46635177162846
 20
-370.37589512484
 10
-62.8329895023532
 20
-372.7863407352896
 10
-70.95901494608631
 20
-375.9134137190763
 10
-78.78317554976729
 20
-379.7335427490866
 10
-86.24649416450058
 20
-384.2179323634156
 10
-93.2927136049472
 20
-389.3327800205016
 10
-99.86872070611191
 20
-395.0395308967491
 42
0.0130279274752972
 10
-101.1016066530355
 20
-396.2695246889657
 42
-0.0021712018263354
 10
-105.9249466810548
 20
-401.2951685060218
 10
-159.8202462187074
 20
-381.3353656765567
 42
0.1611416967930057
 10
-164.128151621683
 20
-381.3357843706238
 42
0.1675964747478746
 10
-167.4279677099247
 20
-383.8533917520177
 42
0.0326204003173252
 10
-168.0799496421468
 20
-384.9875416415956
 42
-0.0024173477065628
 10
-170.4085081787204
 20
-389.6715437567742
 10
-140.6032975574625
 20
-405.4146010047973
 10
-149.6905562757201
 20
-431.0302723213364
 10
-155.2640057465111
 20
-428.8084074127268
 10
-150.244877447575
 20
-414.6602088429236
 42
0.0009835510773996
 10
-155.17034763107
 20
-413.4809159958007
 42
0.1610208992851221
 10
-157.0080966824642
 20
-413.6398430693143
 42
0.1679514468433625
 10
-158.5239884255724
 20
-415.0194431099028
 42
-0.0097441931645932
 10
-162.5517354730777
 20
-422.0683527718911
 10
-170.8332662465286
 20
-435.439196432085
 42
-0.1046075062405634
 10
-171.091903697872
 20
-435.5771961294055
 42
0.0359918917940166
 10
-172.1898975034708
 20
-435.9825216535694
 42
0.2233968873339274
 10
-182.0569726146815
 20
-447.5640528093671
 42
0.1615608393359689
 10
-181.4315516129091
 20
-459.0716513754406
 42
0.1004016172131994
 10
-177.7646850642176
 20
-464.73271241516
 42
0.0948669623827812
 10
-171.9065866269513
 20
-468.7984672411448
 42
0.0327569951163209
 10
-170.5008562415197
 20
-469.314877292779
 42
0.0176929065056829
  0
LWPOLYLINE
  5
113
330
1376
100
AcDbEntity
  8
SECTIONCUTEDGES
100
AcDbPolyline
 90
        4
 70
     1
 43
0.0
 10
-516.1765146073719
 20
-105.3730198939972
 10
-516.1765146073719
 20
-99.37301991313095
 10
-506.6147601550411
 20
-99.37301991313095
 10
-506.6147601550411
 20
-105.3730198939972
  0
LWPOLYLINE
  5
114
330
1376
100
AcDbEntity
  8
SECTIONCUTEDGES
100
AcDbPolyline
 90
        8
 70
     1
 43
0.0
 10
-535.3644859784533
 20
-86.0447877402349
 42
-0.2555962325043541
 10
-561.4891413001782
 20
-45.53132411465989
 42
-0.2555972646067886
 10
-541.4715487424784
 20
-1.677956247835624
 42
-0.199106192224782
 10
-504.2671974438325
 20
7.783305567166138
 42
-0.198718569212033
 10
-471.2101648799603
 20
-11.86937229795458
 42
-0.2371233739933956
 10
-463.3027412712906
 20
-56.21677815876163
 42
-0.2369617140138718
 10
-494.1763946873496
 20
-89.05748609003561
 42
-0.1063825780542655
 10
-515.1106079564538
 20
-91.98522635299989
 42
-0.106541793195214
  0
LWPOLYLINE
  5
115
330
1376
100
AcDbEntity
  8
SECTIONCUTEDGES
100
AcDbPolyline
 90
       73
 70
     1
 43
0.0
 10
-334.2785820751974
 20
-371.4660433734636
 10
-334.2785820751974
 20
-353.7905224913163
 10
-328.2785820943312
 20
-353.7905224913163
 10
-328.2785820943312
 20
-371.4660433734636
 42
0.0209627956386076
 10
-325.653820739443
 20
-370.7742001648921
 42
0.061646971682602
 10
-321.9703246143515
 20
-369.1169584578157
 42
0.1579265363407369
 10
-314.7699569297517
 20
-360.7671359891605
 42
0.157201629130615
 10
-313.8132879574904
 20
-349.7345177617481
 42
0.0172009168696867
 10
-314.0036986060169
 20
-349.0180343298696
 42
-0.0057331363960341
 10
-314.2104883580649
 20
-348.3061054558402
 10
-309.4271166896752
 20
-348.3061054558402
 10
-294.5291538538326
 20
-356.175181933237
 10
-289.7546053361402
 20
-342.7165076714397
 42
0.0992899596154638
 10
-286.8875824502718
 20
-343.0939004466986
 42
0.1162438732238749
 10
-284.5182682121798
 20
-342.3648770262562
 42
0.1256400545592431
 10
-282.2910587197493
 20
-340.1619385051807
 42
-0.0159050372781163
 10
-279.1458340617728
 20
-335.2841386202336
 42
-0.0568351808009593
 10
-268.3183612565353
 20
-322.8908753022777
 42
-0.0355328862537711
 10
-257.5417682188166
 20
-314.3856023424895
 42
-0.013715419107187
 10
-256.3661113587897
 20
-313.6325775011453
 42
0.0245765881846873
 10
-255.2070816728275
 20
-312.8542037790377
 42
0.0260894790810119
 10
-253.4126482095221
 20
-311.365022242488
 42
-0.0200606817280935
 10
-250.1137229695376
 20
-308.5594608953456
 10
-244.7254047314069
 20
-304.6411518363217
 10
-239.0698901369628
 20
-301.1194655939903
 10
-233.1763190874525
 20
-298.0125475709684
 10
-227.0750580642129
 20
-295.3364060867234
 10
-220.7975436661131
 20
-293.1048298950941
 10
-214.3761206332444
 20
-291.3293171380735
 10
-207.8438751914352
 20
-290.0190161019121
 10
-201.2344645762779
 20
-289.1806780807954
 10
-194.5819436150421
 20
-288.8186225909655
 10
-187.9205892600047
 20
-288.934715114519
 10
-181.2847239772902
 20
-289.5283574875542
 10
-174.7085389011976
 20
-290.596490982198
 10
-143.1541713234833
 20
-304.3970162831103
 10
-135.6545984719448
 20
-287.2495329121292
 10
-167.2089660496592
 20
-273.4490076112176
 10
-177.7292362049422
 20
-270.9759957067221
 10
-186.3334923766575
 20
-269.6427100322972
 10
-195.0209674639688
 20
-269.0607722646065
 10
-203.7261768049804
 20
-269.2345689483689
 10
-212.3835020601049
 20
-270.1627900346964
 10
-220.9276858315878
 20
-271.8384387560136
 10
-229.2943235623127
 20
-274.2488843664633
 10
-237.4203490060458
 20
-277.3759573502498
 10
-245.2445096097269
 20
-281.1960863802602
 10
-252.7078282244601
 20
-285.6804759945892
 10
-259.7540476649068
 20
-290.795323651675
 10
-266.3300547660715
 20
-296.5020745279227
 42
0.013027927475306
 10
-267.562940712995
 20
-297.7320683201393
 42
-0.0021712018262688
 10
-272.3862807410144
 20
-302.7577121371956
 10
-326.2815802786672
 20
-282.7979093077301
 42
0.1611416967929986
 10
-330.5894856816431
 20
-282.7983280017974
 42
0.1675964747478959
 10
-333.8893017698846
 20
-285.3159353831915
 42
0.0326204003173296
 10
-334.5412837021066
 20
-286.4500852727691
 42
-0.0024173477065446
 10
-336.8698422386799
 20
-291.1340873879476
 10
-307.0646316174221
 20
-306.8771446359707
 10
-316.1518903356795
 20
-332.4928159525101
 10
-321.7253398064706
 20
-330.2709510439004
 10
-316.7062115075347
 20
-316.1227524740974
 42
0.0009835510773422
 10
-321.6316816910298
 20
-314.9434596269744
 42
0.1610208992851887
 10
-323.4694307424241
 20
-315.1023867004878
 42
0.1679514468433209
 10
-324.9853224855322
 20
-316.4819867410765
 42
-0.0097441931645953
 10
-329.0130695330373
 20
-323.5308964030647
 10
-337.2946003064885
 20
-336.9017400632587
 42
-0.129096438669026
 10
-337.5846052050601
 20
-337.0342863137636
 42
0.0544311641731611
 10
-337.8909866360502
 20
-337.1226139338093
 42
0.1562731778121833
 10
-346.4730534082074
 20
-344.343503043792
 42
0.2170689881082209
 10
-348.4428411640736
 20
-358.9800900839881
 42
0.1333608777740969
 10
-343.5164694860753
 20
-366.8572412029739
 42
0.1304752356899012
 10
-335.1317017887644
 20
-371.3001897189399
 42
0.0134143857178198
 10
-334.7058835155681
 20
-371.3869311113938
 42
-0.0044712235235885
  0
LWPOLYLINE
  5
116
330
1376
100
AcDbEntity
  8
SECTIONCUTEDGES
100
AcDbPolyline
 90
       73
 70
     1
 43
0.0
 10
-252.9612637125762
 20
-425.0398060594277
 10
-252.9612637125762
 20
-407.3642851772805
 10
-246.96126373171
 20
-407.3642851772805
 10
-246.96126373171
 20
-425.0398060594277
 42
0.0209627956385849
 10
-244.3365023768218
 20
-424.3479628508564
 42
0.0616469716825924
 10
-240.6530062517302
 20
-422.6907211437799
 42
0.2064844622240274
 10
-232.3915564995179
 20
-411.0604875205389
 42
0.1123977892291311
 10
-232.495969594869
 20
-403.3082804477126
 42
0.0127113919280366
 10
-232.688517606692
 20
-402.5923913551253
 42
-0.0042369278065846
 10
-232.8931699954436
 20
-401.8798681418047
 10
-228.109798327054
 20
-401.8798681418047
 10
-213.2118354912114
 20
-409.7489446192012
 10
-208.4372869735189
 20
-396.2902703574039
 42
0.1042896087467135
 10
-205.5260935555541
 20
-396.6442040498693
 42
0.2220601868361033
 10
-201.1894797643683
 20
-394.1388678809627
 42
0.0187678037627872
 10
-200.1012581552224
 20
-392.4498859785546
 42
-0.0301979802803737
 10
-195.5954076093691
 20
-385.795507972397
 42
-0.0427858761325539
 10
-187.349655413552
 20
-376.7849317481816
 42
-0.0367825707024978
 10
-176.2244498561954
 20
-367.9593650284538
 42
-0.0137154191072457
 10
-175.0487929961683
 20
-367.2063401871097
 42
0.0245765881847115
 10
-173.889763310206
 20
-366.4279664650021
 42
0.0260894790810409
 10
-172.0953298469008
 20
-364.9387849284523
 42
-0.0200606817281002
 10
-168.7964046069165
 20
-362.1332235813101
 10
-163.4080863687858
 20
-358.2149145222859
 10
-157.7525717743416
 20
-354.6932282799545
 10
-151.8590007248312
 20
-351.5863102569327
 10
-145.7577397015916
 20
-348.9101687726876
 10
-139.4802253034916
 20
-346.6785925810585
 10
-133.058802270623
 20
-344.9030798240378
 10
-126.526556828814
 20
-343.5927787878764
 10
-119.9171462136567
 20
-342.7544407667597
 10
-113.2646252524206
 20
-342.3923852769299
 10
-106.6032708973835
 20
-342.5084778004833
 10
-99.96740561466879
 20
-343.1021201735184
 10
-93.39122053857641
 20
-344.1702536681626
 10
-61.83685296086219
 20
-357.9707789690746
 10
-54.33728010932355
 20
-340.8232955980935
 10
-85.89164768703795
 20
-327.0227702971819
 10
-96.41191784232075
 20
-324.5497583926863
 10
-105.016174014036
 20
-323.2164727182616
 10
-113.7036491013475
 20
-322.6345349505708
 10
-122.4088584423592
 20
-322.8083316343332
 10
-131.0661836974837
 20
-323.7365527206608
 10
-139.6103674689666
 20
-325.4122014419779
 10
-147.9770051996915
 20
-327.8226470524278
 10
-156.1030306434245
 20
-330.949720036214
 10
-163.9271912471055
 20
-334.7698490662245
 10
-171.3905098618389
 20
-339.2542386805535
 10
-178.4367293022855
 20
-344.3690863376394
 10
-185.0127364034501
 20
-350.075837213887
 42
0.0130279274752972
 10
-186.2456223503737
 20
-351.3058310061036
 42
-0.0021712018262795
 10
-191.0689623783932
 20
-356.33147482316
 10
-244.964261916046
 20
-336.3716719936943
 42
0.1611416967929871
 10
-249.2721673190219
 20
-336.3720906877617
 42
0.1675964747478824
 10
-252.5719834072634
 20
-338.8896980691559
 42
0.032620400317344
 10
-253.2239653394853
 20
-340.0238479587335
 42
-0.0024173477065774
 10
-255.5525238760587
 20
-344.7078500739122
 10
-225.7473132548006
 20
-360.4509073219351
 10
-234.8345719730584
 20
-386.0665786384744
 10
-240.4080214438494
 20
-383.8447137298649
 10
-235.3888931449135
 20
-369.6965151600614
 42
0.0009835510774202
 10
-240.3143633284084
 20
-368.5172223129387
 42
0.1610208992851645
 10
-242.1521123798028
 20
-368.6761493864521
 42
0.1679514468433089
 10
-243.668004122911
 20
-370.0557494270407
 42
-0.0097441931646072
 10
-247.6957511704161
 20
-377.1046590890289
 10
-255.9772819438673
 20
-390.475502749223
 42
-0.1022888681616419
 10
-256.2353495989164
 20
-390.6147233173951
 42
0.0308244239274883
 10
-257.3339132008091
 20
-391.0188279707073
 42
0.1471265326095703
 10
-264.9203669480445
 20
-397.4905864029533
 42
0.1926337325461642
 10
-267.532186042013
 20
-410.9433639111855
 42
0.0793277570331651
 10
-265.7043625538011
 20
-415.9950818939341
 42
0.1424262165678404
 10
-258.5513758672388
 20
-423.1046676608439
 42
0.041560285752596
 10
-256.0576186122946
 20
-424.2073606978251
 42
0.0353264102903529
  0
LWPOLYLINE
  5
117
330
1376
100
AcDbEntity
  8
SECTIONCUTEDGES
100
AcDbPolyline
 90
       10
 70
     1
 43
0.0
 10
-569.6329917265179
 20
-83.81472177916625
 42
0.073328182191359
 10
-555.1215792432539
 20
-98.74512243648135
 42
0.0721626753595858
 10
-536.6514490262083
 20
-109.0561499412589
 42
0.0433345561486032
 10
-525.3605902020949
 20
-112.2841628003905
 42
0.0770228824846261
 10
-503.0914543763171
 20
-113.1332647806081
 42
0.3008069461473516
 10
-442.6475901664672
 20
-62.21946745781085
 42
0.3003800481264662
 10
-465.8209402913907
 20
13.4342747101081
 42
0.1470699918714674
 10
-503.8760446474372
 20
29.42982983634065
 42
0.1471318989246792
 10
-544.4254582299313
 20
21.78647773354473
 42
0.2178513890310823
 10
-581.2073712314328
 20
-25.28301059736489
 42
0.218137886293692
  0
LWPOLYLINE
  5
118
330
1376
100
AcDbEntity
  8
SECTIONCUTEDGES
100
AcDbPolyline
 90
       88
 70
     1
 43
0.0
 10
-743.689740609242
 20
155.3645699377386
 10
-743.689740609242
 20
172.5158198341889
 10
-737.6897406092427
 20
172.5158198341889
 10
-737.6897406092427
 20
155.3645699377386
 42
0.0350305533008409
 10
-733.7829132784979
 20
156.3098284840183
 42
0.0795777358346803
 10
-727.7782666600453
 20
159.3316472724883
 42
0.1773173139204855
 10
-719.2753636854344
 20
171.9014756921225
 42
0.177369647850444
 10
-720.900542985497
 20
186.9856110483372
 10
-721.5444109484053
 20
188.1946807917041
 10
-714.4895338795748
 20
202.453287734773
 10
-715.864562052438
 20
206.1543779771068
 10
-711.9361640368066
 20
207.6138613792803
 10
-713.5128955511007
 20
211.8577974153071
 10
-709.0083059012019
 20
213.5313673323534
 10
-710.3340921327621
 20
217.0998376385068
 10
-706.2405606279124
 20
219.1252322334249
 10
-707.569333596742
 20
222.7017806976521
 10
-703.7731518198557
 20
224.1121637463238
 10
-705.0499314519992
 20
227.5488004834653
 10
-701.402242770971
 20
228.903989143997
 10
-703.0795647647542
 20
233.4187367428376
 10
-698.6069605836608
 20
234.5535018777095
 10
-699.2571356708492
 20
239.285686284073
 10
-695.5918039826259
 20
240.6474472972762
 10
-696.1189201369246
 20
244.4841002443077
 10
-693.1472462977039
 20
245.5881236061419
 10
-694.1689918401443
 20
253.0249452875652
 10
-688.4087995202862
 20
255.1649839270678
 10
-684.6082418958642
 20
262.8462990795192
 42
0.0166980647643835
 10
-687.4812651417745
 20
266.5336108852538
 42
0.0434915137111274
 10
-692.653225737108
 20
271.7384675032978
 42
0.0774958241158786
 10
-704.489422755924
 20
278.9458464013237
 42
0.0775080411117429
 10
-717.9560167895104
 20
282.2066596362976
 42
0.0109972933603432
 10
-719.2737953729029
 20
282.2869691508728
 42
-0.0036656331026048
 10
-720.5926097989819
 20
282.3479488404889
 10
-723.9358043081225
 20
275.5910165510575
 10
-722.3617725479314
 20
269.3871607115095
 10
-727.6719643373141
 20
268.0398856419333
 10
-727.6719643373141
 20
263.248132951509
 10
-730.3831758975288
 20
262.5602591555284
 10
-729.1887219184961
 20
257.8524106308656
 10
-733.2183781914347
 20
256.8300203090578
 10
-732.122147898723
 20
252.5093742982594
 10
-735.8203949240703
 20
251.5710794770792
 10
-737.6897406092427
 20
247.7929444048234
 10
-737.6897406092427
 20
234.3019328624437
 10
-743.689740609242
 20
234.3019328624437
 10
-743.689740609242
 20
247.7929444048234
 10
-745.5590882077632
 20
251.5710794770792
 10
-749.2573352331107
 20
252.5093742982594
 10
-748.1611049403986
 20
256.8300203090578
 10
-752.1907612133376
 20
257.8524106308656
 10
-750.9963072343042
 20
262.5602591555284
 10
-753.7075187945198
 20
263.248132951509
 10
-753.7075187945198
 20
268.0398856419333
 10
-759.0177105839019
 20
269.3871607115095
 10
-757.4436769103627
 20
275.5910165510575
 10
-760.7868733328517
 20
282.3479488404889
 42
0.0157087857454484
 10
-765.4314625029408
 20
281.952431755797
 42
0.0428309366384814
 10
-772.4544497617306
 20
280.5143474549802
 42
0.0820173734515582
 10
-785.5037523140562
 20
274.1906201143822
 42
0.0803359960619309
 10
-796.0748066397132
 20
263.8319678396988
 42
0.007539287864938
 10
-796.4255000257013
 20
263.3408836432968
 42
-0.0025130536313525
 10
-796.7712393034875
 20
262.8462990795192
 10
-792.9706587380147
 20
255.1649839270678
 10
-787.2104912916892
 20
253.0249452875652
 10
-788.2322368149961
 20
245.5881236061419
 10
-785.2605629949092
 20
244.4841002443077
 10
-785.787679130074
 20
240.6474472972763
 10
-782.1223474609845
 20
239.285686284073
 10
-782.7724995879886
 20
234.5535018777095
 10
-778.299916453731
 20
233.4187367428376
 10
-779.9772403608625
 20
228.903989143997
 10
-776.329549766486
 20
227.5488004834653
 10
-777.6063312928443
 20
224.1121637463238
 10
-773.8101476026094
 20
222.7017806976521
 10
-775.1388976112553
 20
219.1252322334249
 10
-771.045390979938
 20
217.0998376385068
 10
-772.3711753172831
 20
213.5313673323534
 10
-767.8665856673841
 20
211.8577974153071
 10
-769.4432961348433
 20
207.6138613792803
 10
-765.5149210793962
 20
206.1543779771068
 10
-766.8899492522594
 20
202.453287734773
 10
-759.8350721834291
 20
188.1946807917044
 10
-760.4789401272035
 20
186.9856110483372
 42
0.2329486571028207
 10
-760.4922135185164
 20
167.4864364770581
 42
0.2329487874551443
 10
-745.0404239459336
 20
155.5927489734853
 42
0.0115948297913195
 10
-744.36596415466
 20
155.4734392711076
 42
-0.0038647893190169
  0
LWPOLYLINE
  5
119
330
1376
100
AcDbEntity
  8
SECTIONCUTEDGES
100
AcDbPolyline
 90
       71
 70
     1
 43
0.0
 10
-413.6825517704607
 20
-323.632326689567
 10
-413.6825517704607
 20
-305.9568058074197
 10
-407.6825517895946
 20
-305.9568058074197
 10
-407.6825517895946
 20
-323.632326689567
 42
0.0591412059196309
 10
-403.1127321543243
 20
-322.1676889891317
 42
0.1213881834572609
 10
-396.5117163778477
 20
-316.9391060407354
 42
0.121883370221112
 10
-393.0739404410254
 20
-309.1729451344658
 42
0.1186564465438993
 10
-393.6144580533283
 20
-300.4723887719438
 10
-388.8310863849386
 20
-300.4723887719438
 10
-373.933123549096
 20
-308.3414652493404
 10
-369.1585750314038
 20
-294.8827909875431
 42
0.1103162033857533
 10
-366.092064930216
 20
-295.2185789831568
 42
0.1218810396561057
 10
-363.4653811024862
 20
-294.2501013624207
 42
0.1128144807966535
 10
-361.5395862223738
 20
-292.1841838569039
 42
-0.0388864009971219
 10
-355.1432003564553
 20
-282.9017695695097
 42
-0.0394528058583712
 10
-347.3534733787631
 20
-274.7053307544702
 42
-0.0337284031768886
 10
-336.94573791408
 20
-266.5518856585931
 42
-0.0137154191071782
 10
-335.7700810540531
 20
-265.7988608172491
 42
0.0245765881847034
 10
-334.6110513680908
 20
-265.0204870951411
 42
0.0260894790810667
 10
-332.8166179047856
 20
-263.5313055585915
 42
-0.0200606817281004
 10
-329.5176926648013
 20
-260.7257442114493
 10
-324.1293744266703
 20
-256.8074351524255
 10
-318.4738598322262
 20
-253.2857489100937
 10
-312.5802887827162
 20
-250.1788308870722
 10
-306.4790277594763
 20
-247.502689402827
 10
-300.2015133613765
 20
-245.2711132111975
 10
-293.7800903285077
 20
-243.4956004541769
 10
-287.2478448866987
 20
-242.1852994180155
 10
-280.6384342715415
 20
-241.3469613968989
 10
-273.9859133103055
 20
-240.9849059070693
 10
-267.3245589552681
 20
-241.1009984306226
 10
-260.6886936725537
 20
-241.6946408036577
 10
-254.112508596461
 20
-242.7627742983018
 10
-233.0762635400106
 20
-251.9631244882998
 10
-225.5766907057698
 20
-234.8156411097539
 10
-246.6129357622201
 20
-225.6152909197559
 10
-257.1332059002052
 20
-223.1422790228255
 10
-265.7374620719208
 20
-221.8089933484006
 10
-274.4249371592321
 20
-221.2270555807101
 10
-283.1301465002438
 20
-221.4008522644725
 10
-291.7874717553686
 20
-222.3290733507999
 10
-300.3316555268516
 20
-224.0047220721173
 10
-308.6982932575761
 20
-226.4151676825668
 10
-316.8243187013093
 20
-229.5422406663532
 10
-324.6484793049904
 20
-233.3623696963638
 10
-332.1117979197235
 20
-237.8467593106926
 10
-339.1580173601702
 20
-242.9616069677784
 10
-345.7340244613348
 20
-248.6683578440262
 42
0.0130279274752974
 10
-346.9669104082584
 20
-249.8983516362429
 42
-0.0021712018262774
 10
-351.7902504362778
 20
-254.923995453299
 10
-405.6855499739303
 20
-234.9641926238336
 42
0.1611416967929777
 10
-409.9934553769059
 20
-234.9646113179009
 42
0.1675964747478544
 10
-413.2932714651476
 20
-237.4822186992949
 42
0.0326204003173559
 10
-413.9452533973698
 20
-238.6163685888726
 42
-0.0024173477065372
 10
-416.2738119339435
 20
-243.3003707040512
 10
-386.4686013126855
 20
-259.0434279520744
 10
-395.5558600309432
 20
-284.6590992686135
 10
-401.1293095017341
 20
-282.4372343600038
 10
-396.1101812027981
 20
-268.2890357902008
 42
0.000983551077348
 10
-401.0356513862931
 20
-267.1097429430778
 42
0.1610208992851673
 10
-402.8734004376872
 20
-267.2686700165913
 42
0.1679514468433333
 10
-404.3892921807954
 20
-268.6482700571799
 42
-0.0097441931646041
 10
-408.4170392283007
 20
-275.6971797191682
 10
-416.6985700017517
 20
-289.0680233793622
 42
-0.1046075062406697
 10
-416.9572074530952
 20
-289.2060230766828
 42
0.0359918917940304
 10
-418.0552012586938
 20
-289.6113486008466
 42
0.1994305797221196
 10
-427.4802555605284
 20
-299.697772775061
 42
0.2000461519531075
 10
-426.970210875327
 20
-313.4537185762941
 42
0.1096565873723857
 10
-422.2507623964501
 20
-319.6569369063967
 42
0.1100649942698473
 10
-415.3719923406982
 20
-323.2619756688207
 42
0.0178811211658224
 10
-414.5294793553869
 20
-323.4572202802262
 42
-0.0059598091593588
  0
LWPOLYLINE
  5
11A
330
1376
100
AcDbEntity
  8
SECTIONCUTEDGES
100
AcDbPolyline
 90
       34
 70
     1
 43
0.0
 10
-205.1777136725482
 20
-510.1500971781923
 10
-219.6528002010277
 20
-510.1500971781913
 10
-219.6528002010275
 20
-504.1500971973255
 10
-205.177713672547
 20
-504.1500972017222
 10
-205.1777136725398
 20
-466.6109064650984
 42
0.084751929084338
 10
-205.3126894596526
 20
-466.3511788210563
 42
0.0036185440585243
 10
-206.0242529276638
 20
-465.4259743056411
 42
0.0921458034634073
 10
-210.6631644466995
 20
-461.322893621617
 42
0.0895655269696903
 10
-216.6195517017924
 20
-459.0689579474956
 42
0.0083462632928029
 10
-217.1482001914572
 20
-458.9801658412349
 42
0.018716586968169
 10
-217.3858030898429
 20
-458.9533735685757
 10
-226.333596405212
 20
-458.9533735685752
 42
0.1791095362251287
 10
-230.4116670529376
 20
-460.5807271177335
 42
0.1860266696290701
 10
-232.3264008366114
 20
-464.3613685093746
 42
0.0337653516473116
 10
-232.3897710806114
 20
-466.2553337089772
 42
-0.008514831146224
 10
-232.3575017834619
 20
-468.1500839979577
 10
-223.3933569903815
 20
-468.1500839979579
 10
-223.3933569903818
 20
-474.1500839788237
 10
-232.3575017834621
 20
-474.1500839788235
 10
-232.3575017839265
 20
-540.1501082458142
 10
-223.3933569908459
 20
-540.1501082458143
 10
-223.3933569908461
 20
-546.1501082458138
 10
-232.357501783927
 20
-546.1501082458134
 42
0.0061998180062143
 10
-232.3147190280017
 20
-549.6002991553997
 42
0.143270308789836
 10
-231.3287085173377
 20
-552.6847708003234
 42
0.1226363682110939
 10
-229.2201468219524
 20
-554.5821726654311
 42
0.1163850047218276
 10
-226.3335964056779
 20
-555.3406500390926
 10
-217.3380899145906
 20
-555.3406500390932
 42
0.041426936639426
 10
-215.4735715523819
 20
-555.0203530238879
 42
0.0573918874072814
 10
-211.6018913122904
 20
-553.5293979627628
 42
0.0535165758806099
 10
-208.5623870895756
 20
-551.4978948925349
 42
0.0532875886584659
 10
-206.0112301030937
 20
-548.8575072100744
 42
0.0035442212484995
 10
-205.3106160277108
 20
-547.9447342134644
 42
0.0846606283503026
 10
-205.1777136725549
 20
-547.6886043033846
  0
LWPOLYLINE
  5
11B
330
1376
100
AcDbEntity
  8
SECTIONCUTEDGES
100
AcDbPolyline
 90
       71
 70
     1
 43
0.0
 10
-494.0431957994083
 20
-275.7986100056713
 10
-494.0431957994083
 20
-258.1230891235239
 10
-488.0431958185424
 20
-258.1230891235239
 10
-488.0431958185424
 20
-275.7986100056713
 42
0.0209627956385867
 10
-485.4184344636536
 20
-275.1067667971
 42
0.0616469716826333
 10
-481.7349383385619
 20
-273.4495250900232
 42
0.1579265363407206
 10
-474.534570653962
 20
-265.0997026213673
 42
0.1572016291306285
 10
-473.577901681701
 20
-254.067084393956
 42
0.0172009168697001
 10
-473.7683123302277
 20
-253.3506009620773
 42
-0.0057331363960431
 10
-473.9751020822758
 20
-252.6386720880481
 10
-469.1917304138867
 20
-252.6386720880481
 10
-454.2937675780435
 20
-260.5077485654448
 10
-449.5192190603512
 20
-247.0490743036474
 42
0.0992899596154549
 10
-446.7176942568121
 20
-247.4178454166287
 42
0.1107582886598185
 10
-444.2828819363908
 20
-246.6974436584639
 42
0.1330737616280714
 10
-442.0386227506054
 20
-244.5086846817253
 42
-0.0178011071431678
 10
-438.9104477859835
 20
-239.6167052524416
 42
-0.0568351808009451
 10
-428.0829749807432
 20
-227.2234419344825
 42
-0.0355328862537868
 10
-417.3063819430278
 20
-218.7181689746972
 42
-0.0137154191072703
 10
-416.1307250830007
 20
-217.9651441333532
 42
0.0245765881847995
 10
-414.9716953970382
 20
-217.1867704112454
 42
0.026089479081081
 10
-413.177261933733
 20
-215.6975888746957
 42
-0.0200606817281128
 10
-409.8783366937488
 20
-212.8920275275532
 10
-404.4900184556182
 20
-208.9737184685296
 10
-398.8345038611738
 20
-205.4520322261979
 10
-392.9409328116637
 20
-202.3451142031765
 10
-386.839671788424
 20
-199.6689727189312
 10
-380.5621573903238
 20
-197.4373965273018
 10
-374.1407343574552
 20
-195.6618837702812
 10
-367.6084889156463
 20
-194.3515827341198
 10
-360.999078300489
 20
-193.513244713003
 10
-354.3465573392528
 20
-193.1511892231733
 10
-347.6852029842155
 20
-193.2672817467267
 10
-341.0493377015015
 20
-193.8609241197618
 10
-334.4731526254086
 20
-194.9290576144059
 10
-323.9550300971836
 20
-199.5292327094045
 10
-316.4554572629429
 20
-182.3817493308584
 10
-326.9735797911679
 20
-177.7815742358598
 10
-337.4938499291528
 20
-175.3085623389296
 10
-346.0981061008682
 20
-173.9752766645049
 10
-354.7855811881798
 20
-173.3933388968142
 10
-363.4907905291913
 20
-173.5671355805765
 10
-372.1481157843159
 20
-174.4953566669041
 10
-380.6922995557992
 20
-176.1710053882216
 10
-389.0589372865238
 20
-178.5814509986711
 10
-397.1849627302566
 20
-181.7085239824573
 10
-405.0091233339379
 20
-185.5286530124679
 10
-412.472441948671
 20
-190.0130426267969
 10
-419.5186613891177
 20
-195.1278902838827
 10
-426.0946684902822
 20
-200.8346411601305
 42
0.0130279274753065
 10
-427.3275544372059
 20
-202.064634952347
 42
-0.0021712018263066
 10
-432.1508944652253
 20
-207.0902787694031
 10
-486.046194002878
 20
-187.1304759399377
 42
0.161141696792995
 10
-490.3540994058539
 20
-187.130894634005
 42
0.1675964747478815
 10
-493.6539154940954
 20
-189.648502015399
 42
0.0326204003173633
 10
-494.3058974263172
 20
-190.7826519049768
 42
-0.0024173477065409
 10
-496.6344559628907
 20
-195.4666540201555
 10
-466.8292453416328
 20
-211.2097112681786
 10
-475.9165040598904
 20
-236.8253825847178
 10
-481.4899535306817
 20
-234.6035176761081
 10
-476.4708252317457
 20
-220.4553191063051
 42
0.0009835510773278
 10
-481.3962954152412
 20
-219.276026259182
 42
0.1610208992852377
 10
-483.2340444666353
 20
-219.4349533326958
 42
0.1679514468432797
 10
-484.7499362097432
 20
-220.8145533732845
 42
-0.0097441931646083
 10
-488.7776832572481
 20
-227.8634630352724
 10
-497.0592140306995
 20
-241.2343066954665
 42
-0.1046075062406781
 10
-497.317851482043
 20
-241.3723063927871
 42
0.0359918917939978
 10
-498.4158452876413
 20
-241.7776319169507
 42
0.3095998627920118
 10
-508.9403866196137
 20
-259.1483923695902
 42
0.3104263519924932
 10
-496.5513312287909
 20
-275.1861851920223
 42
0.0178961954674933
 10
-495.5600257466717
 20
-275.4661779165931
 42
0.0118695211708867
  0
LWPOLYLINE
  5
11C
330
1376
100
AcDbEntity
  8
SECTIONCUTEDGES
100
AcDbPolyline
 90
       72
 70
     1
 43
0.0
 10
-558.162443445933
 20
-207.6749784051872
 10
-553.3790717775436
 20
-207.6749784051872
 10
-538.4811089417009
 20
-215.5440548825839
 10
-533.7065604240085
 20
-202.0853806207866
 42
0.104289608746637
 10
-530.7953670060437
 20
-202.4393143132514
 42
0.2220601868359862
 10
-526.4587532148575
 20
-199.9339781443451
 42
0.0187678037629542
 10
-525.3705316057114
 20
-198.2449962419374
 42
-0.0301979802804448
 10
-520.8646810598585
 20
-191.5906182357794
 42
-0.0427858761325295
 10
-512.6189288640386
 20
-182.5800420115615
 42
-0.0367825707025034
 10
-501.4937233066847
 20
-173.7544752918365
 42
-0.0137154191071541
 10
-500.3180664466579
 20
-173.0014504504925
 42
0.0245765881846889
 10
-499.1590367606958
 20
-172.2230767283849
 42
0.0260894790810517
 10
-497.3646032973906
 20
-170.7338951918349
 42
-0.0200606817281105
 10
-494.0656780574063
 20
-167.9283338446925
 10
-488.6773598192753
 20
-164.0100247856689
 10
-483.0218452248309
 20
-160.4883385433371
 10
-477.1282741753209
 20
-157.3814205203156
 10
-471.0270131520814
 20
-154.7052790360704
 10
-464.7494987539812
 20
-152.4737028444409
 10
-458.3280757211124
 20
-150.6981900874203
 10
-451.7958302793034
 20
-149.3878890512588
 10
-445.1864196641465
 20
-148.5495510301421
 10
-438.5338987029103
 20
-148.1874955403126
 10
-431.872544347873
 20
-148.303588063866
 10
-425.236679065158
 20
-148.8972304369011
 10
-418.6604939890659
 20
-149.9653639315452
 10
-413.1858874919752
 20
-152.3597217073987
 10
-405.6863146577342
 20
-135.2122383288526
 42
-0.0045353080684325
 10
-410.0489838394995
 20
-133.2568639500482
 42
0.0272183803433049
 10
-411.1609211548251
 20
-132.8178805529991
 10
-421.6811912928101
 20
-130.3448686560689
 10
-430.2854474645254
 20
-129.0115829816441
 10
-438.9729225518368
 20
-128.4296452139533
 10
-447.6781318928486
 20
-128.6034418977156
 10
-456.3354571479733
 20
-129.5316629840432
 10
-464.879640919456
 20
-131.2073117053605
 10
-473.2462786501809
 20
-133.6177573158102
 10
-481.3723040939138
 20
-136.7448302995966
 10
-489.196464697595
 20
-140.5649593296072
 10
-496.659783312328
 20
-145.0493489439361
 10
-503.7060027527746
 20
-150.1641966010218
 10
-510.2820098539395
 20
-155.8709474772696
 42
0.0130279274753059
 10
-511.5148958008632
 20
-157.1009412694863
 42
-0.0021712018262641
 10
-516.3382358288827
 20
-162.1265850865424
 10
-570.233535366535
 20
-142.166782257077
 42
0.161141696792966
 10
-574.5414407695114
 20
-142.167200951144
 42
0.1675964747479063
 10
-577.8412568577528
 20
-144.6848083325383
 42
0.0326204003173635
 10
-578.4932387899747
 20
-145.818958222116
 42
-0.0024173477065738
 10
-580.8217973265481
 20
-150.5029603372946
 10
-551.0165867052903
 20
-166.2460175853177
 10
-560.1038454235479
 20
-191.8616889018569
 10
-565.6772948943388
 20
-189.6398239932472
 10
-560.6581665954029
 20
-175.4916254234442
 42
0.0009835510772627
 10
-565.5836367788977
 20
-174.3123325763213
 42
0.1610208992851904
 10
-567.4213858302919
 20
-174.4712596498347
 42
0.1679514468433474
 10
-568.9372775734001
 20
-175.8508596904234
 42
-0.0097441931645959
 10
-572.9650246209055
 20
-182.8997693524115
 10
-581.2465553943564
 20
-196.2706130126055
 42
-0.1046075062404423
 10
-581.5051928456999
 20
-196.4086127099262
 42
0.0359918917940527
 10
-582.6031866512986
 20
-196.8139382340898
 42
0.3095998627920278
 10
-593.127727983271
 20
-214.184698686729
 42
0.3104263519924934
 10
-580.7386725924478
 20
-230.2224915091616
 42
0.0178961954675018
 10
-579.7473671103277
 20
-230.5024842337325
 42
0.0118695211709215
 10
-578.2305371630654
 20
-230.8349163228101
 10
-578.2305371630654
 20
-213.1593954406632
 10
-572.2305371821995
 20
-213.1593954406632
 10
-572.2305371821995
 20
-230.8349163228101
 42
0.0235437787907899
 10
-569.26321280878
 20
-230.0363834942679
 42
0.0356902281731251
 10
-567.3803544588371
 20
-229.281484497112
 42
0.133115491247684
 10
-560.3982135189061
 20
-223.1905160227471
 42
0.13021286666903
 10
-557.3327907921853
 20
-214.2356986088077
 42
0.0491993419947999
 10
-557.4103233515517
 20
-211.4140115064681
 42
0.036373381472601
  0
LWPOLYLINE
  5
11D
330
1376
100
AcDbEntity
  8
SECTIONCUTEDGES
100
AcDbPolyline
 90
       16
 70
     1
 43
0.0
 10
-256.4695870155745
 20
-535.3701024300391
 10
-273.3583694436185
 20
-535.3701024300391
 10
-273.3583694436185
 20
-481.2995586005301
 10
-256.4695870155745
 20
-481.2995586005304
 42
0.0380725763999418
 10
-259.3286551980822
 20
-478.1226127969231
 42
0.0862248484381048
 10
-265.2758028758103
 20
-474.1416961902181
 42
0.1655255311941062
 10
-278.8182536321958
 20
-472.9225794975055
 42
0.1630782877049204
 10
-290.4905029629533
 20
-480.2666476162742
 42
-0.0032739785677284
 10
-291.1578383389111
 20
-481.0712244527959
 42
0.0929257044748623
 10
-291.2866570972975
 20
-481.2995586005301
 10
-291.2866570972975
 20
-535.3701024300391
 42
0.0851746687091938
 10
-291.1635938538205
 20
-535.596294549969
 42
0.0190136917959692
 10
-289.6421093428686
 20
-537.3799661442226
 42
0.1642459318486004
 10
-277.5780684216556
 20
-543.9854924788559
 42
0.2250084791475959
 10
-259.9562315634666
 20
-539.1600975279438
 42
0.0292930623175531
 10
-258.3754255697605
 20
-537.6318556998536
 42
0.0217682913728974
  0
LWPOLYLINE
  5
11E
330
1376
100
AcDbEntity
  8
SECTIONCUTEDGES
100
AcDbPolyline
 90
       23
 70
     1
 43
0.0
 10
-502.3783172428535
 20
-552.4279068786783
 10
-513.8915130834286
 20
-552.4279068786783
 10
-513.876086231461
 20
-558.9420809321219
 42
0.1858133307153046
 10
-512.9436694407785
 20
-560.7812530065163
 42
0.1727724421060685
 10
-510.9034648254465
 20
-561.624615394712
 10
-492.5761519425531
 20
-561.609188561878
 42
0.1860105982637899
 10
-490.7380758893573
 20
-560.6782097917473
 42
0.1726642142622956
 10
-489.8936158918834
 20
-558.6365690500785
 10
-489.8936075664246
 20
-468.2253871611992
 42
0.159738237930941
 10
-490.6372880979803
 20
-466.2910105956291
 42
0.1732622481225757
 10
-492.2794570175118
 20
-465.2980450174631
 42
0.0250697544472455
 10
-492.4804832055814
 20
-465.2675401088506
 42
0.012664397655202
 10
-492.8816558244068
 20
-465.2373389032171
 10
-511.2089687073005
 20
-465.2527657551846
 42
0.1860106801048362
 10
-513.0470445868463
 20
-466.1837448039673
 42
0.1726641575801841
 10
-513.8915047579699
 20
-468.2253871611992
 42
0.0169556042329133
 10
-513.9269482511215
 20
-470.3961715427383
 42
-0.0043955045112391
 10
-513.8915047579701
 20
-474.4278826098443
 10
-502.3802490581492
 20
-474.4278826098446
 10
-502.3802490581497
 20
-480.4278826098443
 10
-513.8915047579701
 20
-480.4278826098442
 10
-513.8915130834289
 20
-546.4279068978123
 10
-502.3783172428538
 20
-546.4279068978127
  0
LWPOLYLINE
  5
11F
330
1376
100
AcDbEntity
  8
SECTIONCUTEDGES
100
AcDbPolyline
 90
       34
 70
     1
 43
0.0
 10
-527.9147239774305
 20
-551.2071332419058
 10
-538.0495077420906
 20
-551.2071332418151
 10
-538.0495077420906
 20
-545.2071332418155
 10
-527.9147239774305
 20
-545.2071332419063
 10
-527.9153703349698
 20
-479.2071089747963
 10
-538.0511123571697
 20
-479.2071089747056
 10
-538.0511123571697
 20
-473.207108974706
 10
-527.9153703349698
 20
-473.2071089747968
 42
-0.0043955100156173
 10
-527.8798915583113
 20
-469.1713894491646
 42
0.0169556254699002
 10
-527.9153703349698
 20
-466.9984468033966
 42
0.1726641559981497
 10
-528.7597056348857
 20
-464.9571066917721
 42
0.1859571622357777
 10
-530.597906691775
 20
-464.025825397382
 10
-542.887069009455
 20
-464.0103985454143
 42
0.0392967263710423
 10
-544.385191224485
 20
-464.240385613997
 42
0.0483385076463663
 10
-547.7755104596316
 20
-465.3921260407676
 42
0.0263692421385914
 10
-548.9666111943186
 20
-466.007405468272
 42
0.0156669729562503
 10
-550.8764814758675
 20
-467.2071090759096
 10
-547.375914787102
 20
-467.2071090759096
 10
-547.3759148930736
 20
-473.2071076531914
 10
-555.9859838961747
 20
-473.2071076531914
 42
0.0377635799984173
 10
-557.1520330021104
 20
-476.2446691013811
 42
0.0405744766227307
 10
-557.7832516387371
 20
-479.2071089747963
 10
-553.1747269758787
 20
-479.2071089747963
 10
-553.1747269758787
 20
-545.2071332419063
 10
-557.7832516387371
 20
-545.207133241906
 42
0.0744654634534522
 10
-556.2472771737382
 20
-550.5828819777287
 42
0.1493578930933651
 10
-549.6906164328451
 20
-558.0061499222778
 42
0.041923983077313
 10
-547.1271528548419
 20
-559.2985957032377
 42
0.0419744096601497
 10
-544.3872080767603
 20
-560.1440203550701
 42
0.0106415532808095
 10
-543.4171442058607
 20
-560.3347158461645
 42
0.0216062331468325
 10
-542.9341358276336
 20
-560.3976750351845
 10
-530.9027722354128
 20
-560.3976750351845
 42
0.1726641461518202
 10
-528.8622471277768
 20
-559.5536769256447
 42
0.1858129549742989
 10
-527.9301508293984
 20
-557.7151389845152
  0
LWPOLYLINE
  5
120
330
1376
100
AcDbEntity
  8
SECTIONCUTEDGES
100
AcDbPolyline
 90
       47
 70
     1
 43
0.0
 10
-581.916221021096
 20
-568.799248906997
 10
-572.5134562954129
 20
-568.799248906997
 10
-572.5134562954129
 20
-553.264675504969
 10
-571.1097910330462
 20
-544.9007693122072
 10
-571.1097910330457
 20
-535.7040607961734
 10
-581.9314386230177
 20
-535.7040607961732
 10
-581.9314386230177
 20
-529.7040607961737
 10
-571.1097910330455
 20
-529.7040607961737
 10
-571.1096889224424
 20
-463.7040384423775
 10
-582.0817996174301
 20
-463.7040384423775
 10
-582.0817996174301
 20
-457.7040365290293
 10
-571.1096889224424
 20
-457.7040365290293
 10
-571.1096889224421
 20
-448.5073280129951
 10
-572.5133541848098
 20
-440.1434237335824
 10
-572.5133541848098
 20
-424.6088503506879
 10
-581.9161189104931
 20
-424.6088503506879
 42
0.0012613306978494
 10
-581.8801901546095
 20
-438.8512289681836
 42
-0.0075681246608783
 10
-581.9161189104931
 20
-442.4117103266935
 42
-0.179109576815019
 10
-583.5827913285401
 20
-446.5883094816482
 42
-0.190362398426685
 10
-587.3884973642768
 20
-448.4758568905787
 42
-0.0331216757320172
 10
-588.886874452993
 20
-448.5028043620162
 42
0.112790853005554
 10
-591.6234000794418
 20
-448.9905854133329
 42
0.035463182506644
 10
-592.65707402697
 20
-449.5181618388103
 42
-0.0019806416952896
 10
-596.6395773127007
 20
-451.8992255134119
 10
-591.109080978941
 20
-451.8992255134133
 10
-591.1090809854797
 20
-460.4098239388647
 10
-600.675824241625
 20
-460.4098239388647
 10
-600.6758236226091
 20
-463.7040384423096
 10
-594.9289711879044
 20
-463.7040384423098
 10
-594.9289710598807
 20
-494.8693822577878
 10
-583.0193299578499
 20
-494.8693822577879
 10
-583.0193299343767
 20
-500.8693822577875
 10
-594.9289710598797
 20
-500.8693822577875
 10
-594.9289711130539
 20
-529.704876024657
 10
-600.8683997604421
 20
-529.704876024657
 42
-0.00053451002312
 10
-600.6871504391463
 20
-535.8053462516838
 42
0.2244414647687964
 10
-598.323389232636
 20
-540.4564454958928
 42
0.015489876017014
 10
-598.118174191504
 20
-540.6054603604022
 42
0.0077725495968831
 10
-597.6959097133352
 20
-540.8830408548612
 10
-592.3520850619446
 20
-544.0493443663556
 42
0.0585544051716069
 10
-590.8764872802756
 20
-544.6462968169535
 42
0.0564268971018677
 10
-589.24482559611
 20
-544.9007693122072
 42
0.003924656262183
 10
-587.4962701607372
 20
-544.9604693743089
 42
-0.0688558679176809
 10
-586.1991935793043
 20
-545.1748175530272
 42
-0.1601576538613864
 10
-583.1703622126197
 20
-547.33204401691
 42
-0.1534538773036794
 10
-581.9162210210969
 20
-550.9963869985091
 42
-0.0075681286042302
 10
-581.8802922425929
 20
-554.5568687434113
 42
0.0012613313550236
  0
LWPOLYLINE
  5
121
330
1376
100
AcDbEntity
  8
SECTIONCUTEDGES
100
AcDbPolyline
 90
       45
 70
     1
 43
0.0
 10
-660.513703342782
 20
-560.9800695004688
 10
-660.513703342782
 20
-546.2071620316094
 10
-654.5137033619158
 20
-546.2071620316094
 10
-654.5137033619158
 20
-571.5034871709259
 10
-614.7240853467695
 20
-571.5034871709259
 42
0.179109571480225
 10
-610.6783811672912
 20
-569.8890490812731
 42
0.1860266970611569
 10
-608.7788446776909
 20
-566.1384128692358
 42
0.0310193586782794
 10
-608.7101760744952
 20
-564.3755192097716
 42
-0.0057716400609681
 10
-608.7479907250204
 20
-561.0997266750047
 10
-630.0647715912849
 20
-562.6601766773079
 10
-630.5065981171951
 20
-556.6245336129157
 10
-608.7479907250204
 20
-555.0317406312623
 42
0.0525733402888295
 10
-609.0362962307648
 20
-553.3065842618013
 42
0.1287338014268196
 10
-610.4525011180872
 20
-550.8711055444811
 42
0.098803989866218
 10
-612.2714883222364
 20
-549.6503693075495
 42
0.0905441359775188
 10
-614.6040737378594
 20
-549.144639562138
 10
-633.1431862338073
 20
-549.144639562138
 42
-0.0020361814799522
 10
-633.1100361775679
 20
-541.0044224143372
 42
0.0078539934829243
 10
-633.1431862338073
 20
-536.621287905978
 42
0.165437137991716
 10
-634.5514945742674
 20
-532.7772373258365
 42
0.1759123012721669
 10
-637.8583873364617
 20
-530.7794217535002
 42
0.0456457145809053
 10
-639.955997199855
 20
-530.5605521628392
 42
0.0031845237801174
 10
-644.6669862200281
 20
-530.5305473454292
 10
-645.8715522276341
 20
-525.7122373755025
 42
0.0355918205814293
 10
-646.0628413400292
 20
-525.3246231903439
 42
0.0082376911325243
 10
-647.0315601714752
 20
-523.7305627976336
 42
0.1057929345860864
 10
-648.9799390308973
 20
-521.7346308421197
 42
0.1142673804476718
 10
-651.4020638391778
 20
-520.8254126858163
 42
0.0164142468608131
 10
-651.6644438354759
 20
-520.7994232089784
 42
0.0082383376828235
 10
-652.1890265377471
 20
-520.7734725210891
 10
-671.1468030559232
 20
-520.7734725210891
 42
0.1104191634033508
 10
-673.8317795773288
 20
-521.4579395289275
 42
0.1104182955255814
 10
-675.9696801891189
 20
-523.2206342735476
 42
0.0223156804699537
 10
-677.3986723898095
 20
-525.2362031197601
 42
-0.0598064294549518
 10
-677.7928204364567
 20
-525.7122373755025
 42
-0.058444088319093
 10
-678.2024118669278
 20
-526.0191092834686
 42
0.0990906149104207
 10
-679.7353841394155
 20
-527.3739145103708
 42
0.0813721878432195
 10
-680.5905053595857
 20
-528.9883828763577
 42
0.0730683150670795
 10
-680.9519507846642
 20
-530.9879582752938
 10
-680.9519507846642
 20
-555.0039748787191
 42
0.1791095714802284
 10
-679.3375126950117
 20
-559.0496790581973
 42
0.1860266970611074
 10
-675.586876482974
 20
-560.9492155477979
 42
0.0126252764242878
 10
-675.3836065900898
 20
-560.9646329777723
 42
0.0063067005230452
 10
-674.9758561629147
 20
-560.9800695004688
 42
0.0085141385508598
 10
-669.9141550208426
 20
-561.0215693033246
 42
-0.0022073195033488
  0
LWPOLYLINE
  5
122
330
1376
100
AcDbEntity
  8
SECTIONCUTEDGES
100
AcDbPolyline
 90
       88
 70
     1
 43
0.0
 10
-729.5790503494393
 20
-569.5958025607843
 10
-729.5790503494393
 20
-552.4445526643338
 10
-723.5790503494399
 20
-552.4445526643338
 10
-723.5790503494399
 20
-569.5958025607843
 42
0.0350305533008151
 10
-719.6722230186952
 20
-568.6505440145046
 42
0.0795777358346491
 10
-713.6675764002426
 20
-565.6287252260345
 42
0.1773173139205088
 10
-705.1646734256308
 20
-553.0588968064003
 42
0.177369647850472
 10
-706.7898527256939
 20
-537.9747614501853
 10
-707.4337206886024
 20
-536.7656917068184
 10
-700.3788436197719
 20
-522.5070847637498
 10
-701.7538717926349
 20
-518.8059945214161
 10
-697.8254737770035
 20
-517.3465111192422
 10
-699.4022052912979
 20
-513.1025750832157
 10
-694.8976156413988
 20
-511.4290051661694
 10
-696.2234018729589
 20
-507.860534860016
 10
-692.1298703681096
 20
-505.8351402650979
 10
-693.4586433369388
 20
-502.2585918008712
 10
-689.6624615600526
 20
-500.8482087521989
 10
-690.9392411921961
 20
-497.4115720150573
 10
-687.2915525111681
 20
-496.0563833545259
 10
-688.968874504951
 20
-491.5416357556854
 10
-684.496270323858
 20
-490.4068706208131
 10
-685.1464454110463
 20
-485.6746862144502
 10
-681.4811137228231
 20
-484.3129252012463
 10
-682.0082298771215
 20
-480.4762722542148
 10
-679.0365560379007
 20
-479.3722488923807
 10
-680.0583015803414
 20
-471.9354272109573
 10
-674.2981092604833
 20
-469.7953885714552
 10
-670.4975516360611
 20
-462.1140734190039
 42
0.0185353553942873
 10
-673.7032253354048
 20
-458.0308561547314
 42
0.0500194229765193
 10
-679.4704933749095
 20
-452.45869141172
 42
0.0724571877250064
 10
-691.2271529507285
 20
-445.6713219525638
 42
0.0759887706228655
 10
-703.8453265297075
 20
-442.7537128622251
 42
0.0082527369383572
 10
-705.1632343651338
 20
-442.6758153154323
 42
-0.0027508568013119
 10
-706.4819195391791
 20
-442.6124236580338
 10
-709.8251140483195
 20
-449.3693559474652
 10
-708.2510822881285
 20
-455.5732117870129
 10
-713.5612740775108
 20
-456.9204868565894
 10
-713.5612740775108
 20
-461.7122395470134
 10
-716.272485637726
 20
-462.4001133429946
 10
-715.0780316586934
 20
-467.1079618676571
 10
-719.1076879316316
 20
-468.1303521894651
 10
-718.0114576389199
 20
-472.4509982002634
 10
-721.7097046642674
 20
-473.3892930214434
 10
-723.5790503494395
 20
-477.1674280936992
 10
-723.5790503494395
 20
-490.6584396360791
 10
-729.5790503494393
 20
-490.6584396360791
 10
-729.5790503494393
 20
-477.1674280936992
 10
-731.4483979479602
 20
-473.3892930214434
 10
-735.1466449733079
 20
-472.4509982002634
 10
-734.0504146805955
 20
-468.1303521894651
 10
-738.0800709535348
 20
-467.1079618676571
 10
-736.8856169745014
 20
-462.4001133429946
 10
-739.596828534717
 20
-461.7122395470134
 10
-739.596828534717
 20
-456.9204868565898
 10
-744.9070203240992
 20
-455.5732117870129
 10
-743.3329866505594
 20
-449.3693559474652
 10
-746.6761830730486
 20
-442.6124236580338
 42
0.0175450483502421
 10
-751.7686810032941
 20
-443.0649218097219
 42
0.0336781706013094
 10
-757.0789339939211
 20
-444.0919195009918
 42
0.085695485632305
 10
-770.852238265627
 20
-450.3977244798413
 42
0.0840118033650541
 10
-781.9641163799104
 20
-461.1284046588242
 42
0.0075392878650852
 10
-782.3148097658982
 20
-461.6194888552261
 42
-0.0025130536314454
 10
-782.6605490436844
 20
-462.1140734190036
 10
-778.8599684782115
 20
-469.7953885714548
 10
-773.0998010318864
 20
-471.9354272109573
 10
-774.1215465551931
 20
-479.3722488923807
 10
-771.1498727351064
 20
-480.4762722542148
 10
-771.6769888702712
 20
-484.3129252012463
 10
-768.0116572011813
 20
-485.6746862144502
 10
-768.6618093281857
 20
-490.4068706208131
 10
-764.1892261939277
 20
-491.5416357556854
 10
-765.8665501010597
 20
-496.0563833545259
 10
-762.2188595066829
 20
-497.4115720150573
 10
-763.4956410330414
 20
-500.8482087521989
 10
-759.6994573428062
 20
-502.2585918008712
 10
-761.0282073514524
 20
-505.8351402650979
 10
-756.934700720135
 20
-507.860534860016
 10
-758.2604850574798
 20
-511.4290051661694
 10
-753.7558954075812
 20
-513.1025750832157
 10
-755.3326058750403
 20
-517.3465111192422
 10
-751.404230819593
 20
-518.8059945214161
 10
-752.7792589924566
 20
-522.5070847637498
 10
-745.724381923626
 20
-536.7656917068184
 10
-746.3682498674005
 20
-537.9747614501853
 42
0.2329486571028073
 10
-746.3815232587133
 20
-557.473936021464
 42
0.2329487874551326
 10
-730.9297336861308
 20
-569.3676235250373
 42
0.0115948297914037
 10
-730.2552738948573
 20
-569.4869332274152
 42
-0.0038647893187635
  0
LWPOLYLINE
  5
123
330
1376
100
AcDbEntity
  8
SECTIONCUTEDGES
100
AcDbPolyline
 90
      169
 70
     1
 43
0.0
 10
-706.1016834459133
 20
-416.9778987627727
 10
-689.2593491505765
 20
-416.9895016739006
 42
-0.1597618804274843
 10
-689.1032645105244
 20
-417.1600413385787
 42
0.0664880324361461
 10
-688.615981528345
 20
-417.9422913549127
 42
0.2242728534707006
 10
-683.9683119756005
 20
-420.1284250558302
 42
-0.0003947254204049
 10
-669.5423848492926
 20
-420.1170364937606
 10
-669.542384849293
 20
-405.3441290249013
 10
-663.5423848684264
 20
-405.3441290249013
 10
-663.5423848684267
 20
-430.6404541642179
 10
-623.7527668532805
 20
-430.6404541642179
 42
0.1791095714801942
 10
-619.7070626738023
 20
-429.0260160745648
 42
0.1860266970610998
 10
-617.8075261842018
 20
-425.2753798625276
 42
0.0310193586782928
 10
-617.7388575810056
 20
-423.5124862030634
 42
-0.0057716400609358
 10
-617.7766722315309
 20
-420.2366936682968
 10
-639.0934530977955
 20
-421.7971436705999
 10
-639.5352796237055
 20
-415.7615006062078
 10
-617.7766722315309
 20
-414.1687076245544
 42
0.0525733402889429
 10
-618.064977737275
 20
-412.4435512550946
 42
0.1287338014267372
 10
-619.4811826245981
 20
-410.0080725377733
 42
0.0988039898662562
 10
-621.3001698287463
 20
-408.7873363008418
 42
0.0905441359775066
 10
-623.6327552443698
 20
-408.2816065554298
 10
-642.1718677403179
 20
-408.2816065554298
 42
-0.0020361814799156
 10
-642.1387176840782
 20
-400.1413894076292
 42
0.0078539934829535
 10
-642.1718677403177
 20
-395.7582548992702
 42
0.165437137991694
 10
-643.5801760807781
 20
-391.9142043191288
 42
0.1759123012721232
 10
-646.8870688429728
 20
-389.9163887467924
 42
0.0456457145809204
 10
-648.9846787063669
 20
-389.6975191561313
 42
0.0031845237801409
 10
-653.6956677265387
 20
-389.6675143387215
 10
-654.9002337341453
 20
-384.8492043687946
 42
0.0355918205814407
 10
-655.0915228465393
 20
-384.4615901836381
 42
0.0082376911324119
 10
-656.0602416779862
 20
-382.8675297909256
 42
0.1057929345861921
 10
-658.0086205374069
 20
-380.8715978354122
 42
0.1142673804476937
 10
-660.4307453456884
 20
-379.9623796791085
 42
0.0164142468609069
 10
-660.6931253419864
 20
-379.9363902022705
 42
0.0082383376827876
 10
-661.2177080442576
 20
-379.9104395143812
 10
-680.1754845624337
 20
-379.9104395143812
 42
0.1104191634033675
 10
-682.8604610838393
 20
-380.5949065222195
 42
0.1104182955255925
 10
-684.9983616956295
 20
-382.3576012668397
 42
0.0223156804698761
 10
-686.4273538963201
 20
-384.3731701130524
 42
-0.0598064294549411
 10
-686.8215019429673
 20
-384.8492043687946
 42
-0.0584440883191307
 10
-687.2310933734385
 20
-385.1560762767607
 42
0.0990906149104347
 10
-688.764065645926
 20
-386.5108815036626
 42
0.0813721878432149
 10
-689.6191868660959
 20
-388.1253498696488
 42
0.0730683150669966
 10
-689.9806322911748
 20
-390.1249252685859
 42
0.009886119003463
 10
-690.0126634554909
 20
-392.5548742216883
 42
-0.001647634315604
 10
-689.980632291175
 20
-402.2751977965699
 10
-696.7899692623884
 20
-402.2751977965702
 42
0.0195768359889515
 10
-697.9257012790165
 20
-399.8425673807182
 42
0.04376189492464
 10
-699.3000856773104
 20
-397.6669302303708
 42
0.0568587099309834
 10
-701.9377359332582
 20
-394.9165404776495
 42
0.0536904672659953
 10
-705.3001156020804
 20
-392.6873493055778
 42
0.0389336292141571
 10
-705.954362346054
 20
-392.4104758090836
 42
-0.1388274449630727
 10
-706.1016834458982
 20
-392.3100328729418
 42
-0.143099009450803
 10
-706.2143359082063
 20
-392.0524170167104
 42
0.0266987554584918
 10
-706.3082625928715
 20
-391.5401758367274
 42
-0.0615141065038332
 10
-706.9249913692628
 20
-386.0498447093587
 42
-0.0615138220034429
 10
-706.1874990661041
 20
-380.5744017507231
 42
-0.0068560710462467
 10
-706.0252507596239
 20
-379.9892256741801
 42
-0.021913376112843
 10
-705.9640179901408
 20
-379.8092846148963
 10
-704.1161132901328
 20
-376.0744639297733
 10
-705.4911414629936
 20
-372.3733717740897
 10
-701.5627415340122
 20
-370.9138902852672
 10
-703.1394749616524
 20
-366.6699542492397
 10
-698.6348853308861
 20
-364.9963843321962
 10
-699.9606696490953
 20
-361.4279140260419
 10
-695.8671400575932
 20
-359.4025194311263
 10
-697.195913026421
 20
-355.8259690535499
 10
-693.3997293361857
 20
-354.4155860048804
 10
-694.6765108625412
 20
-350.9789492677378
 10
-691.0288221815128
 20
-349.6237625205572
 10
-692.7061441752925
 20
-345.1090130083672
 10
-688.2335380808504
 20
-343.9742478734974
 10
-688.8837150813844
 20
-339.2420653804829
 10
-685.2183834122942
 20
-337.8803043672814
 10
-685.7454995474567
 20
-334.0436495069008
 10
-682.7738257273686
 20
-332.9396261450686
 10
-683.7955712506709
 20
-325.5028063769933
 10
-678.0353789308113
 20
-323.3627658241458
 10
-674.234821325518
 20
-315.681450671697
 42
0.0166980466835948
 10
-677.1078450809589
 20
-311.9941389169226
 42
0.0434914812753748
 10
-682.2798051476232
 20
-306.7892827453841
 42
0.0811864224095841
 10
-694.5821434696726
 20
-299.4212060997331
 42
0.0793488101170565
 10
-708.8988550075574
 20
-296.2311445507188
 42
0.0082525260902368
 10
-709.5588808720623
 20
-296.2018407457009
 42
-0.0027507865228816
 10
-710.2191892094904
 20
-296.179800910705
 10
-713.5623837377689
 20
-302.9367332192678
 10
-711.9883519584477
 20
-309.1405909530319
 10
-717.2985437478313
 20
-310.4878641092565
 10
-717.2985437478345
 20
-315.2796187130286
 10
-720.0097553080499
 20
-315.9674905956591
 10
-718.8152994348042
 20
-320.6753391203229
 10
-722.8449576019589
 20
-321.6977294421283
 10
-721.7487273283835
 20
-326.0183754529272
 10
-725.4469743345978
 20
-326.9566702741051
 10
-727.3163200197728
 20
-330.7348053463597
 10
-727.3163200197813
 20
-344.22682139679
 10
-733.3163200197804
 20
-344.2268213967865
 10
-733.3163200197722
 20
-330.734805346356
 10
-735.1856676182907
 20
-326.956670274099
 10
-738.8839146436379
 20
-326.018375452917
 10
-737.7876824375745
 20
-321.6977294421188
 10
-741.8173406238608
 20
-320.6753391203088
 10
-740.6228866639592
 20
-315.9674905956465
 10
-743.3340982050402
 20
-315.2796187130126
 10
-743.3340982050373
 20
-310.4878641092402
 10
-748.6442881002035
 20
-309.140590953009
 10
-747.0702563208755
 20
-302.9367332192471
 10
-750.4134527433601
 20
-296.1798009106802
 42
0.0157087903853939
 10
-755.0580415592516
 20
-296.5753180594045
 42
0.042830944715239
 10
-762.0810285599685
 20
-298.013402640585
 42
0.0786451185911525
 10
-774.7747877896394
 20
-304.0601315043962
 42
0.0786533951871455
 10
-784.9796842498132
 20
-313.7303667122536
 42
0.0100477126397264
 10
-785.6952860129662
 20
-314.7011591114774
 42
-0.0033491373663527
 10
-786.3978187331414
 20
-315.6814506716281
 10
-782.5972381676737
 20
-323.3627658240814
 10
-776.8370707022159
 20
-325.5028063769357
 10
-777.8588143313124
 20
-332.9396261450103
 10
-774.8871424245741
 20
-334.043649506846
 10
-775.4142566463931
 20
-337.8803043672259
 10
-771.7489268715199
 20
-339.2420653804321
 10
-772.3990770851782
 20
-343.9742478734459
 10
-767.9264958642694
 20
-345.1090130083211
 10
-769.6038197714044
 20
-349.6237625205087
 10
-765.9561291770281
 20
-350.9789492676939
 10
-767.2329107225221
 20
-354.4155860048347
 10
-763.4367270322884
 20
-355.8259690535093
 10
-764.7654770409363
 20
-359.4025194310841
 10
-760.6719704096205
 20
-361.4279140260046
 10
-761.9977547278341
 20
-364.9963843321572
 10
-757.4931650779362
 20
-366.6699542492062
 10
-759.0698755453973
 20
-370.9138902852319
 10
-755.1415004899515
 20
-372.3733717740594
 10
-756.5165286819505
 20
-376.0744639297411
 10
-754.6686239628135
 20
-379.8092846148661
 42
-0.0342093610707347
 10
-754.2892387563056
 20
-381.0610072472465
 42
-0.0355729863040419
 10
-753.7570534947445
 20
-384.4718029056426
 42
-0.0363846642450168
 10
-753.7225017834439
 20
-387.6333178664526
 42
-0.0364000775044408
 10
-754.1465316115837
 20
-390.7651109332808
 10
-754.5309585070709
 20
-392.3100328729121
 10
-756.1101787713779
 20
-393.103139640187
 42
0.0790747414953953
 10
-760.1487128666851
 20
-396.2469400976516
 42
0.0758918647087291
 10
-763.1583222687817
 20
-400.6458901012775
 42
0.0380641190809284
 10
-763.5765164156391
 20
-401.7163527803473
 42
-0.0742012508841898
 10
-763.8426707772449
 20
-402.275197796529
 42
-0.0534224503348256
 10
-764.0961864238735
 20
-402.5765803668683
 42
0.0967550417313529
 10
-765.0020664495131
 20
-403.8639515884383
 42
0.145352700634393
 10
-765.3543650768766
 20
-406.5257419351491
 42
0.14542053766413
 10
-764.1968946795483
 20
-408.9471172111804
 42
0.1030095064794778
 10
-763.3776290483199
 20
-409.5454273626676
 42
-0.0490552550646635
 10
-759.8672283395273
 20
-411.5717463958403
 42
-0.0340463819577395
 10
-757.5158093507967
 20
-413.5109129719039
 42
-0.0340583767075726
 10
-755.4500947958579
 20
-415.7505189040339
 10
-754.5309585070858
 20
-416.9778987627428
 42
-0.13895978665924
 10
-754.546703189681
 20
-417.1830733357865
 42
0.0653704689105649
 10
-754.7276999614186
 20
-417.9842502671453
 42
0.1654354270434243
 10
-753.9650434263776
 20
-421.1518321202887
 42
0.1654621126974657
 10
-751.4292983987294
 20
-423.1968200418304
 42
0.0126948913024015
 10
-751.0642258615579
 20
-423.3199641246052
 42
0.0375101349591606
 10
-750.9369584088017
 20
-423.3490865291299
 10
-733.316320019829
 20
-423.3490865291408
 10
-733.3163200198181
 20
-406.0059545291024
 10
-727.3163200198187
 20
-406.005954529106
 10
-727.3163200198297
 20
-423.3490865291444
 10
-709.6956835633392
 20
-423.3490865291553
 42
0.0892857142797136
 10
-708.6342465801484
 20
-422.987806125676
 42
0.0872408285088445
 10
-707.1281647176434
 20
-421.7693738454378
 42
0.1270533593594824
 10
-706.0584298974669
 20
-419.6306830935133
 42
0.1141642888053999
 10
-706.1016834459133
 20
-416.9778987180693
 10
-689.2593491505765
 20
-416.9895016739006
  0
LWPOLYLINE
  5
124
330
1376
100
AcDbEntity
  8
SECTIONCUTEDGES
100
AcDbPolyline
 90
      167
 70
     1
 43
0.0
 10
-712.7975141626076
 20
-270.1609804066523
 10
-695.9551798672707
 20
-270.1725833177804
 42
-0.1597618804272256
 10
-695.7990952272187
 20
-270.3431229824586
 42
0.0664880324360319
 10
-695.3118122450395
 20
-271.1253729987926
 42
0.2242728534707177
 10
-690.6641426922946
 20
-273.3115066997099
 42
-0.0003947254203429
 10
-676.2382155659866
 20
-273.3001181376409
 10
-676.2382155659871
 20
-258.5272106687811
 10
-670.2382155851207
 20
-258.5272106687811
 10
-670.2382155851209
 20
-283.8235358080977
 10
-630.4485975699747
 20
-283.8235358080977
 42
0.1791095714801887
 10
-626.4028933904967
 20
-282.2090977184447
 42
0.1860266970610986
 10
-624.503356900896
 20
-278.4584615064075
 42
0.031019358678292
 10
-624.4346882976999
 20
-276.6955678469433
 42
-0.0057716400609355
 10
-624.4725029482252
 20
-273.4197753121766
 10
-645.7892838144897
 20
-274.9802253144796
 10
-646.2311103404
 20
-268.9445822500877
 10
-624.4725029482252
 20
-267.3517892684342
 42
0.0525733402889224
 10
-624.7608084539692
 20
-265.626632898974
 42
0.1287338014267987
 10
-626.177013341292
 20
-263.1911541816528
 42
0.0988039898662114
 10
-627.996000545441
 20
-261.9704179447214
 42
0.0905441359775265
 10
-630.3285859610638
 20
-261.4646881993096
 10
-648.8676984570121
 20
-261.4646881993096
 42
-0.0020361814799679
 10
-648.8345484007718
 20
-253.324471051509
 42
0.0078539934830509
 10
-648.8676984570116
 20
-248.9413365431501
 42
0.1654371379916599
 10
-650.2760067974728
 20
-245.0972859630081
 42
0.175912301272129
 10
-653.5828995596671
 20
-243.0994703906721
 42
0.0456457145808926
 10
-655.6805094230607
 20
-242.880600800011
 42
0.0031845237801497
 10
-660.3914984432329
 20
-242.8505959826011
 10
-661.5960644508397
 20
-238.0322860126743
 42
0.0355918205813713
 10
-661.7873535632342
 20
-237.6446718275168
 42
0.0082376911324696
 10
-662.7560723946802
 20
-236.0506114348055
 42
0.1057929345861738
 10
-664.7044512541014
 20
-234.0546794792919
 42
0.114267380447686
 10
-667.1265760623827
 20
-233.1454613229882
 42
0.0164142468609228
 10
-667.3889560586806
 20
-233.1194718461501
 42
0.0082383376828567
 10
-667.9135387609518
 20
-233.0935211582611
 10
-686.8713152791281
 20
-233.0935211582611
 42
0.1104191634033477
 10
-689.5562918005338
 20
-233.7779881660994
 42
0.1104182955255958
 10
-691.6941924123237
 20
-235.5406829107195
 42
0.0223156804699001
 10
-693.1231846130144
 20
-237.5562517569321
 42
-0.0598064294549315
 10
-693.5173326596615
 20
-238.0322860126743
 42
-0.0584440883191307
 10
-693.9269240901325
 20
-238.3391579206406
 42
0.099090614910449
 10
-695.4598963626201
 20
-239.6939631475424
 42
0.081372187843222
 10
-696.3150175827901
 20
-241.3084315135284
 42
0.0730683150670147
 10
-696.676463007869
 20
-243.3080069124656
 42
0.0098861190034625
 10
-696.7084941721851
 20
-245.7379558655679
 42
-0.0016476343155864
 10
-696.6764630078691
 20
-255.4582794404498
 10
-703.4857999790824
 20
-255.4582794404502
 42
0.0195768359889225
 10
-704.6215319957113
 20
-253.0256490245971
 42
0.0437618949246371
 10
-705.9959163940049
 20
-250.8500118742507
 42
0.050470900817993
 10
-708.3773296651119
 20
-248.3026334663893
 42
0.0505195148848223
 10
-711.2182933625489
 20
-246.2862212840984
 10
-712.7975141625924
 20
-245.4931145168216
 10
-713.1819405223406
 20
-243.94819257719
 42
-0.0592287428998034
 10
-713.6292392363011
 20
-238.9370782317604
 42
-0.0569273983916461
 10
-712.8833297827983
 20
-233.757483394603
 42
-0.0068560710463316
 10
-712.7210814763182
 20
-233.1723073180596
 42
-0.0219133761129894
 10
-712.6598487068349
 20
-232.9923662587762
 10
-710.8119440068268
 20
-229.2575455736532
 10
-712.1869721796875
 20
-225.5564534179698
 10
-708.2585722507064
 20
-224.096971929147
 10
-709.8353056783466
 20
-219.8530358931196
 10
-705.3307160475801
 20
-218.1794659760761
 10
-706.6565003657897
 20
-214.6109956699219
 10
-702.5629707742874
 20
-212.5856010750063
 10
-703.8917437431153
 20
-209.0090506974298
 10
-700.0955600528799
 20
-207.59866764876
 10
-701.3723415792355
 20
-204.1620309116174
 10
-697.7246528982071
 20
-202.8068441644369
 10
-699.4019748919867
 20
-198.2920946522471
 10
-694.9293687975445
 20
-197.1573295173772
 10
-695.5795457980788
 20
-192.4251470243627
 10
-691.9142141289885
 20
-191.0633860111614
 10
-692.4413302641509
 20
-187.2267311507805
 10
-689.469656444063
 20
-186.1227077889484
 10
-690.4914019673649
 20
-178.6858880208729
 10
-684.7312096475057
 20
-176.5458474680256
 10
-680.930652042212
 20
-168.8645323155765
 42
0.019036316496582
 10
-684.077375508674
 20
-164.8646582780187
 42
0.0478440422983599
 10
-689.9035937810546
 20
-159.2091506909575
 42
0.0741355202941586
 10
-701.3685985925378
 20
-152.5390240097282
 42
0.0741489288953477
 10
-714.2784269358468
 20
-149.5041717587776
 42
0.0109972946415651
 10
-715.5962055096123
 20
-149.4238622431458
 42
-0.0036656335295438
 10
-716.9150199261848
 20
-149.362882554585
 10
-720.258214454463
 20
-156.1198148631475
 10
-718.6841826751421
 20
-162.3236725969113
 10
-723.9943744645253
 20
-163.6709457531363
 10
-723.9943744645285
 20
-168.4627003569087
 10
-726.7055860247438
 20
-169.150572239539
 10
-725.5111301514984
 20
-173.8584207642027
 10
-729.5407883186533
 20
-174.880811086008
 10
-728.4445580450777
 20
-179.2014570968071
 10
-732.1428050512921
 20
-180.139751917985
 10
-734.0121507364669
 20
-183.9178869902393
 10
-734.0121507364755
 20
-197.4099030406695
 10
-740.0121507364748
 20
-197.4099030406659
 10
-740.0121507364664
 20
-183.9178869902358
 10
-741.8814983349849
 20
-180.139751917979
 10
-745.5797453603321
 20
-179.2014570967965
 10
-744.4835131542687
 20
-174.880811085999
 10
-748.513171340555
 20
-173.8584207641886
 10
-747.3187173806532
 20
-169.1505722395264
 10
-750.0299289217342
 20
-168.4627003568927
 10
-750.0299289217315
 20
-163.6709457531201
 10
-755.3401188168979
 20
-162.3236725968888
 10
-753.7660870375697
 20
-156.119814863127
 10
-757.1092834600541
 20
-149.3628825545601
 42
0.0157087903854013
 10
-761.7538722759462
 20
-149.7583997032843
 42
0.0428309447152342
 10
-768.7768592766627
 20
-151.1964842844649
 42
0.078645118591147
 10
-781.4706185063348
 20
-157.2432131482767
 42
0.0786533951871589
 10
-791.6755149665073
 20
-166.9134483561331
 42
0.0100477126397268
 10
-792.3911167296604
 20
-167.8842407553573
 42
-0.0033491373663323
 10
-793.0936494498354
 20
-168.8645323155076
 10
-789.2930688843679
 20
-176.5458474679613
 10
-783.53290141891
 20
-178.6858880208157
 10
-784.5546450480063
 20
-186.1227077888899
 10
-781.5829731412683
 20
-187.2267311507259
 10
-782.1100873630872
 20
-191.0633860111058
 10
-778.4447575882141
 20
-192.4251470243117
 10
-779.0949078018723
 20
-197.1573295173255
 10
-774.6223265809638
 20
-198.2920946522011
 10
-776.2996504880986
 20
-202.8068441643886
 10
-772.6519598937223
 20
-204.1620309115738
 10
-773.9287414392163
 20
-207.5986676487146
 10
-770.1325577489828
 20
-209.0090506973892
 10
-771.4613077576302
 20
-212.585601074964
 10
-767.3678011263147
 20
-214.6109956698846
 10
-768.693585444528
 20
-218.179465976037
 10
-764.1889957946304
 20
-219.853035893086
 10
-765.7657062620915
 20
-224.0969719291119
 10
-761.8373312066457
 20
-225.5564534179392
 10
-763.2123593986448
 20
-229.2575455736208
 10
-761.3644546795076
 20
-232.9923662587462
 42
-0.0401645641811306
 10
-760.9779942531272
 20
-234.2802001861294
 42
-0.0205391551746149
 10
-760.5332307540874
 20
-236.8684593297273
 42
-0.043212082543741
 10
-760.3853924837527
 20
-240.3258649641934
 42
-0.0409499436297564
 10
-760.8423623282775
 20
-243.9481925771608
 10
-761.2267892237651
 20
-245.4931145167919
 10
-762.8060094880723
 20
-246.2862212840668
 42
0.075892204648412
 10
-766.9910379819431
 20
-249.5867964268199
 42
0.079074376731755
 10
-769.8541529854757
 20
-253.8289717451573
 42
0.0328377444227955
 10
-770.2700137192289
 20
-254.9004560633772
 42
-0.0721339559115997
 10
-770.5385014939389
 20
-255.4582794404089
 42
-0.0534224503350317
 10
-770.7920171405675
 20
-255.759662010748
 42
0.0967550417315525
 10
-771.6978971662073
 20
-257.047033232318
 42
0.1453527006343511
 10
-772.0501957935708
 20
-259.7088235790294
 42
0.1454205376641325
 10
-770.8927253962425
 20
-262.1301988550604
 42
0.1030095064794495
 10
-770.0734597650141
 20
-262.7285090065477
 42
-0.0490552550646849
 10
-766.5630590562212
 20
-264.75482803972
 42
-0.0340463819577545
 10
-764.2116400674901
 20
-266.6939946157841
 42
-0.0340583767075983
 10
-762.1459255125522
 20
-268.9336005479137
 10
-761.2267892237801
 20
-270.1609804066227
 42
-0.13895978665924
 10
-761.2425339063755
 20
-270.3661549796665
 42
0.0653704689106758
 10
-761.423530678113
 20
-271.1673319110249
 42
0.1654354270433345
 10
-760.6608741430711
 20
-274.3349137641693
 42
0.165462112697475
 10
-758.1251291154236
 20
-276.3799016857102
 42
0.0126948913026731
 10
-757.7600565782521
 20
-276.503045768485
 42
0.0375101349586921
 10
-757.6327891254958
 20
-276.5321681730098
 10
-740.0121507365232
 20
-276.5321681730205
 10
-740.0121507365122
 20
-259.1890361729821
 10
-734.0121507365129
 20
-259.1890361729859
 10
-734.0121507365239
 20
-276.5321681730243
 10
-716.3915142800332
 20
-276.5321681730352
 42
0.0892857142797085
 10
-715.3300772968424
 20
-276.170887769556
 42
0.0872408285088749
 10
-713.8239954343373
 20
-274.9524554893177
 42
0.1270533593594916
 10
-712.7542606141608
 20
-272.8137647373932
 42
0.11416428880538
 10
-712.7975141626076
 20
-270.1609803619492
 10
-695.9551798672707
 20
-270.1725833177804
  0
LWPOLYLINE
  5
125
330
1376
100
AcDbEntity
  8
SECTIONCUTEDGES
100
AcDbPolyline
 90
      163
 70
     1
 43
0.0
 10
-716.1245287309715
 20
-120.5677026102427
 10
-699.2821944356347
 20
-120.5793055213705
 42
-0.1597618804272353
 10
-699.1261097955827
 20
-120.7498451860489
 42
0.0664880324361243
 10
-698.6388268134032
 20
-121.5320952023827
 42
0.2242728534707141
 10
-693.9911572606584
 20
-123.7182289033002
 42
-0.0003947254203813
 10
-679.5652301343507
 20
-123.706840341231
 10
-679.5652301343513
 20
-108.9339328723715
 10
-673.5652301534846
 20
-108.9339328723715
 10
-673.5652301534848
 20
-134.2302580116879
 10
-633.7756121383387
 20
-134.2302580116879
 42
0.1791095714801925
 10
-629.7299079588606
 20
-132.615819922035
 42
0.1860266970611107
 10
-627.8303714692602
 20
-128.8651837099976
 42
0.0310193586782818
 10
-627.7617028660639
 20
-127.1022900505336
 42
-0.0057716400609162
 10
-627.7995175165891
 20
-123.826497515767
 10
-649.1162983828538
 20
-125.3869475180703
 10
-649.5581249087639
 20
-119.351304453678
 10
-627.7995175165891
 20
-117.7585114720243
 42
0.0525733402889472
 10
-628.087823022333
 20
-116.0333551025643
 42
0.1287338014267814
 10
-629.5040279096562
 20
-113.5978763852433
 42
0.0988039898662026
 10
-631.3230151138049
 20
-112.3771401483117
 42
0.0905441359775251
 10
-633.655600529428
 20
-111.8714104029
 10
-652.1947130253762
 20
-111.8714104029003
 42
-0.0020361814799574
 10
-652.1615629691362
 20
-103.7311932550995
 42
0.0078539934829727
 10
-652.1947130253757
 20
-99.34805874674024
 42
0.1654371379917071
 10
-653.6030213658363
 20
-95.50400816659859
 42
0.1759123012721505
 10
-656.909914128031
 20
-93.50619259426244
 42
0.0456457145808974
 10
-659.0075239914244
 20
-93.28732300360163
 42
0.0031845237801225
 10
-663.7185130115969
 20
-93.2573181861915
 10
-664.9230790192035
 20
-88.43900821626462
 42
0.0355918205813266
 10
-665.1143681315972
 20
-88.05139403110898
 42
0.008237691132433
 10
-666.0830869630444
 20
-86.4573336383958
 42
0.1057929345861927
 10
-668.0314658224652
 20
-84.46140168288227
 42
0.1142673804476623
 10
-670.4535906307466
 20
-83.55218352657837
 42
0.0164142468607647
 10
-670.7159706270442
 20
-83.52619404974062
 42
0.0082383376826926
 10
-671.2405533293158
 20
-83.50024336185143
 10
-690.1983298474921
 20
-83.50024336185143
 42
0.1104191634033754
 10
-692.8833063688975
 20
-84.18471036968972
 42
0.1104182955256192
 10
-695.0212069806877
 20
-85.94740511430988
 42
0.0223156804698761
 10
-696.4501991813785
 20
-87.96297396052242
 42
-0.0598064294547877
 10
-696.8443472280254
 20
-88.43900821626462
 42
-0.0584440883189277
 10
-697.2539386584967
 20
-88.74588012423059
 42
0.0990906149103901
 10
-698.7869109309841
 20
-90.10068535113262
 42
0.0813721878432149
 10
-699.6420321511541
 20
-91.7151537171189
 42
0.0730683150670018
 10
-700.003477576233
 20
-93.71472911605597
 42
0.0098861190034621
 10
-700.0355087405493
 20
-96.1446780691584
 42
-0.001647634315604
 10
-700.0034775762332
 20
-105.8650016440403
 10
-706.8128145474466
 20
-105.8650016440403
 42
0.0688965705975043
 10
-709.4356562311308
 20
-101.1733496597826
 42
0.1021441924841285
 10
-714.5453079309129
 20
-96.69294348768872
 10
-716.1245287309563
 20
-95.89983672041174
 10
-716.5089550907047
 20
-94.35491478078033
 42
-0.0592287428998093
 10
-716.956253804665
 20
-89.34380043535137
 42
-0.0569273983916372
 10
-716.2103443511623
 20
-84.16420559819338
 42
-0.0068560710462458
 10
-716.0480960446819
 20
-83.57902952165014
 42
-0.021913376112843
 10
-715.9868632751989
 20
-83.39908846236651
 10
-714.138958575191
 20
-79.66426777724317
 10
-715.5139867480516
 20
-75.96317562155994
 10
-711.5855868190704
 20
-74.50369413273737
 10
-713.1623202467105
 20
-70.25975809670993
 10
-708.6577306159443
 20
-68.58618817966638
 10
-709.9835149341537
 20
-65.01771787351211
 10
-705.8899853426513
 20
-62.99232327859662
 10
-707.2187583114791
 20
-59.41577290102012
 10
-703.4225746212438
 20
-58.00538985235064
 10
-704.6993561475995
 20
-54.56875311520779
 10
-701.051667466571
 20
-53.21356636802724
 10
-702.7289894603508
 20
-48.69881685583746
 10
-698.2563833659085
 20
-47.56405172096757
 10
-698.9065603664426
 20
-42.83186922795309
 10
-695.2412286973522
 20
-41.47010821475155
 10
-695.7683448325148
 20
-37.6334533543708
 10
-692.7966710124269
 20
-36.52942999253858
 10
-693.8184165357291
 20
-29.09261022446307
 10
-688.0582242158697
 20
-26.95256967161592
 10
-684.2576666105763
 20
-19.27125451916689
 42
0.0166980466836113
 10
-687.1306903660172
 20
-15.58394276439261
 42
0.043491481275363
 10
-692.3026504326814
 20
-10.37908659285412
 42
0.0774958383116423
 10
-704.1388464209882
 20
-3.171707596380798
 42
0.0775080443099848
 10
-717.6054415042109
 20
0.0891060376320354
 42
0.0109972946415665
 10
-718.9232200779762
 20
0.1694155532638604
 42
-0.0036656335295442
 10
-720.2420344945486
 20
0.230395241824823
 10
-723.5852290228272
 20
-6.526537066737972
 10
-722.0111972435059
 20
-12.73039480050201
 10
-727.3213890328896
 20
-14.07766795672651
 10
-727.3213890328926
 20
-18.86942256049886
 10
-730.0326005931079
 20
-19.55729444312934
 10
-728.8381447198625
 20
-24.26514296779308
 10
-732.8678028870172
 20
-25.28753328959854
 10
-731.7715726134418
 20
-29.60817930039744
 10
-735.469819619656
 20
-30.54647412157536
 10
-737.3391653048311
 20
-34.32460919382979
 10
-737.3391653048393
 20
-47.81662524426022
 10
-743.3391653048387
 20
-47.81662524425629
 10
-743.3391653048304
 20
-34.3246091938262
 10
-745.2085129033488
 20
-30.54647412156922
 10
-748.906759928696
 20
-29.60817930038686
 10
-747.8105277226327
 20
-25.28753328958899
 10
-751.8401859089189
 20
-24.26514296777876
 10
-750.6457319490173
 20
-19.55729444311671
 10
-753.3569434900983
 20
-18.86942256048283
 10
-753.3569434900954
 20
-14.07766795671014
 10
-758.6671333852617
 20
-12.73039480047916
 10
-757.0931016059335
 20
-6.526537066717338
 10
-760.4362980284182
 20
0.2303952418495498
 42
0.0414782034043813
 10
-768.7509610832448
 20
-0.7871674352805087
 42
0.0846103504648238
 10
-782.508840079256
 20
-6.178871989699274
 42
0.0532352658488188
 10
-789.9376454758177
 20
-11.8109700056024
 42
0.050196982538006
 10
-796.4206640181995
 20
-19.27125451909799
 10
-792.6200834527319
 20
-26.95256967155163
 10
-786.8599159872741
 20
-29.09261022440595
 10
-787.8816596163704
 20
-36.52942999248009
 10
-784.9099877096324
 20
-37.63345335431623
 10
-785.4371019314513
 20
-41.47010821469613
 10
-781.7717721565779
 20
-42.83186922790227
 10
-782.4219223702364
 20
-47.56405172091572
 10
-777.9493411493275
 20
-48.69881685579108
 10
-779.6266650564626
 20
-53.21356636797898
 10
-775.9789744620863
 20
-54.56875311516412
 10
-777.2557560075803
 20
-58.00538985230494
 10
-773.4595723173465
 20
-59.41577290097919
 10
-774.7883223259945
 20
-62.99232327855432
 10
-770.6948156946787
 20
-65.01771787347476
 10
-772.020600012892
 20
-68.58618817962732
 10
-767.5160103629942
 20
-70.25975809667651
 10
-769.0927208304555
 20
-74.50369413270206
 10
-765.1643457750098
 20
-75.96317562152958
 10
-766.5393739670085
 20
-79.6642677772111
 10
-764.6914692478717
 20
-83.39908846233667
 42
-0.0364971128798585
 10
-764.3185017128764
 20
-84.60967999298807
 42
-0.0355729863040453
 10
-763.7798987798027
 20
-88.06160675311289
 42
-0.0363846642450155
 10
-763.7453470685021
 20
-91.22312171392312
 42
-0.0364000775044382
 10
-764.1693768966419
 20
-94.35491478075116
 10
-764.5538037921292
 20
-95.89983672038206
 10
-766.1330240564361
 20
-96.69294348765701
 42
0.075892204648411
 10
-770.2328385953444
 20
-99.92631357745089
 42
0.0758918647087218
 10
-773.1811675538396
 20
-104.2356939487474
 42
0.0380641190808466
 10
-773.5993617006974
 20
-105.3061566278176
 42
-0.0742012508840868
 10
-773.865516062303
 20
-105.8650016439991
 42
-0.0534224503348345
 10
-774.1190317089316
 20
-106.1663842143387
 42
0.0967550417314153
 10
-775.0249117345711
 20
-107.4537554359083
 42
0.1453527006343972
 10
-775.3772103619349
 20
-110.1155457826194
 42
0.1454205376641527
 10
-774.2197399646064
 20
-112.5369210586507
 42
0.1030095064795012
 10
-773.4004743333781
 20
-113.1352312101378
 42
-0.0490552550646729
 10
-769.8900736245854
 20
-115.1615502433103
 42
-0.0340463819577155
 10
-767.5386546358549
 20
-117.100716819374
 42
-0.0340583767075901
 10
-765.4729400809161
 20
-119.3403227515038
 10
-764.5538037921441
 20
-120.567702610213
 42
-0.13895978665924
 10
-764.5695484747392
 20
-120.7728771832568
 42
0.0653704689105715
 10
-764.7505452464769
 20
-121.5740541146154
 42
0.1654354270434731
 10
-763.9878887114361
 20
-124.7416359677588
 42
0.1654621126974771
 10
-761.4521436837876
 20
-126.7866238893004
 42
0.0126948913026302
 10
-761.087071146616
 20
-126.9097679720751
 42
0.0375101349583635
 10
-760.9598036938598
 20
-126.9388903766001
 10
-743.3391653048872
 20
-126.9388903766109
 10
-743.3391653048764
 20
-109.5957583765725
 10
-737.3391653048769
 20
-109.5957583765762
 10
-737.3391653048879
 20
-126.9388903766146
 10
-719.7185288483975
 20
-126.9388903766255
 42
0.0892857142796537
 10
-718.6570918652066
 20
-126.5776099731463
 42
0.0872408285088299
 10
-717.1510100027015
 20
-125.3591776929078
 42
0.1270533593594742
 10
-716.0812751825247
 20
-123.220486940983
 42
0.1141642888054165
 10
-716.1245287309715
 20
-120.5677025655395
 10
-699.2821944356347
 20
-120.5793055213705
  0
LWPOLYLINE
  5
126
330
1376
100
AcDbEntity
  8
SECTIONCUTEDGES
100
AcDbPolyline
 90
      168
 70
     1
 43
0.0
 10
-716.8346948704233
 20
24.15897212542231
 10
-699.9923605750869
 20
24.14736921429429
 42
-0.159761880426834
 10
-699.8362759350347
 20
23.97682954961627
 42
0.066488032435957
 10
-699.3489929528551
 20
23.19457953328228
 42
0.2242728534707357
 10
-694.7013234001104
 20
21.0084458323648
 42
-0.0003947254200798
 10
-680.2753962738024
 20
21.01983439443413
 10
-680.275396273803
 20
35.79274186329346
 10
-674.2753962929365
 20
35.79274186329346
 10
-674.2753962929367
 20
10.49641672397715
 10
-634.4857782777904
 20
10.49641672397715
 42
0.1791095714801919
 10
-630.4400740983123
 20
12.11085481363014
 42
0.1860266970611058
 10
-628.5405376087118
 20
15.86149102566739
 42
0.0310193586782939
 10
-628.4718690055157
 20
17.62438468513139
 42
-0.0057716400609097
 10
-628.5096836560409
 20
20.90017721989804
 10
-649.8264645223055
 20
19.33972721759485
 10
-650.2682910482157
 20
25.37537028198713
 10
-628.5096836560406
 20
26.96816326364083
 42
0.052573340288908
 10
-628.797989161785
 20
28.69331963310069
 42
0.1287338014267093
 10
-630.2141940491079
 20
31.12879835042188
 42
0.0988039898662891
 10
-632.0331812532563
 20
32.34953458735331
 42
0.0905441359775026
 10
-634.3657666688799
 20
32.85526433276502
 10
-652.9048791648278
 20
32.85526433276502
 42
-0.0020361814799732
 10
-652.8717291085883
 20
40.99548148056553
 42
0.0078539934829046
 10
-652.9048791648278
 20
45.37861598892479
 42
0.1654371379917313
 10
-654.313187505288
 20
49.22266656906626
 42
0.1759123012721525
 10
-657.6200802674825
 20
51.22048214140275
 42
0.0456457145808841
 10
-659.7176901308763
 20
51.43935173206372
 42
0.0031845237801588
 10
-664.4286791510488
 20
51.46935654947353
 10
-665.6332451586552
 20
56.28766651940023
 42
0.0355918205813446
 10
-665.8245342710489
 20
56.67528070455623
 42
0.0082376911324235
 10
-666.7932531024962
 20
58.2693410972694
 42
0.1057929345861806
 10
-668.7416319619171
 20
60.26527305278293
 42
0.1142673804476699
 10
-671.1637567701983
 20
61.17449120908665
 42
0.0164142468607461
 10
-671.4261367664959
 20
61.20048068592459
 42
0.0082383376826986
 10
-671.9507194687675
 20
61.22643137381377
 10
-690.9084959869435
 20
61.22643137381377
 42
0.1104191634033776
 10
-693.5934725083492
 20
60.5419643659753
 42
0.110418295525575
 10
-695.7313731201394
 20
58.77926962135532
 42
0.0223156804698743
 10
-697.1603653208305
 20
56.76370077514261
 42
-0.0598064294549584
 10
-697.5545133674777
 20
56.28766651940023
 42
-0.0584440883191944
 10
-697.9641047979486
 20
55.98079461143445
 42
0.0990906149104178
 10
-699.4970770704363
 20
54.62598938453206
 42
0.0813721878432682
 10
-700.3521982906061
 20
53.01152101854663
 42
0.073068315066982
 10
-700.7136437156847
 20
51.01194561960889
 42
0.009886119003427
 10
-700.7456748800009
 20
48.5819966665068
 42
-0.0016476343155601
 10
-700.7136437156849
 20
38.86167309162485
 10
-707.5229806868979
 20
38.86167309162485
 42
0.0195768359889002
 10
-708.6587127035276
 20
41.29430350747859
 42
0.043761894924666
 10
-710.0330971018204
 20
43.46994065782403
 42
0.0568587099309659
 10
-712.6707473577686
 20
46.22033041054587
 42
0.0536904672660154
 10
-716.0331270265904
 20
48.44952158261739
 42
0.0393913177420782
 10
-716.6876987825546
 20
48.7258274876157
 42
-0.1416232873491581
 10
-716.8346948704082
 20
48.82683801525328
 10
-717.2191212301564
 20
50.37175995488471
 42
-0.0546435735646523
 10
-717.6930881518662
 20
55.1844556888037
 42
-0.0569275287178481
 10
-717.1153821249609
 20
59.79151213624252
 42
-0.0068564908710685
 10
-716.805770270745
 20
60.99306760908413
 42
-0.0241994897118808
 10
-716.6970294146507
 20
61.32758627329869
 10
-714.8491247146428
 20
65.06240695842186
 10
-716.2241528875035
 20
68.76349911410509
 10
-712.2957529585222
 20
70.22298060292801
 10
-713.8724863861622
 20
74.46691663895527
 10
-709.3678967553961
 20
76.14048655599865
 10
-710.6936810736055
 20
79.70895686215275
 10
-706.6001514821031
 20
81.73435145706841
 10
-707.928924450931
 20
85.3109018346449
 10
-704.1327407606956
 20
86.72128488331471
 10
-705.4095222870512
 20
90.15792162045725
 10
-701.7618336060228
 20
91.51310836763778
 10
-703.4391555998025
 20
96.02785787982757
 10
-698.9665495053603
 20
97.16262301469747
 10
-699.6167265058944
 20
101.8948055077121
 10
-695.9513948368042
 20
103.2565665209136
 10
-696.4785109719668
 20
107.0932213812942
 10
-693.506837151879
 20
108.1972447431261
 10
-694.5285826751809
 20
115.6340645112018
 10
-688.7683903553214
 20
117.7741050640493
 10
-684.967832750028
 20
125.4554202164981
 42
0.0166980466836383
 10
-687.8408565054666
 20
129.1427319712698
 42
0.0434914812753665
 10
-693.0128165721332
 20
134.347588142811
 42
0.0774958383116492
 10
-704.8490125604397
 20
141.5549671392845
 42
0.0775080443099888
 10
-718.3156076436627
 20
144.8157807732974
 42
0.010997294641631
 10
-719.6333862174279
 20
144.8960902889287
 42
-0.0036656335296088
 10
-720.9522006340003
 20
144.95706997749
 10
-724.2953951622789
 20
138.200137668927
 10
-722.7213633829579
 20
131.9962799351632
 10
-728.0315551723414
 20
130.6490067789385
 10
-728.0315551723445
 20
125.857252175166
 10
-730.7427667325598
 20
125.1693802925355
 10
-729.5483108593142
 20
120.4615317678719
 10
-733.5779690264693
 20
119.4391414460668
 10
-732.4817387528939
 20
115.1184954352676
 10
-736.179985759108
 20
114.1802006140898
 10
-738.0493314442828
 20
110.402065541835
 10
-738.049331444291
 20
96.91004949140515
 10
-744.0493314442904
 20
96.91004949140856
 10
-744.0493314442822
 20
110.4020655418388
 10
-745.9186790428007
 20
114.1802006140958
 10
-749.6169260681478
 20
115.118495435278
 10
-748.5206938620846
 20
119.439141446076
 10
-752.5503520483706
 20
120.4615317678862
 10
-751.3558980884692
 20
125.1693802925486
 10
-754.0671096295501
 20
125.8572521751822
 10
-754.0671096295471
 20
130.6490067789545
 10
-759.3772995247137
 20
131.996279935186
 10
-757.8032677453854
 20
138.2001376689477
 10
-761.14646416787
 20
144.9570699775146
 42
0.015708790385399
 10
-765.7910529837628
 20
144.5615528287903
 42
0.0428309447152639
 10
-772.8140399844786
 20
143.1234682476101
 42
0.0786451185911411
 10
-785.5077992141506
 20
137.0767393837978
 42
0.078653395187141
 10
-795.7126956743231
 20
127.4065041759413
 42
0.0100477126396853
 10
-796.4282974374761
 20
126.4357117767175
 42
-0.0033491373662334
 10
-797.1308301576514
 20
125.455420216567
 10
-793.3302495921837
 20
117.7741050641135
 10
-787.5700821267259
 20
115.6340645112589
 10
-788.5918257558223
 20
108.1972447431847
 10
-785.6201538490839
 20
107.0932213813488
 10
-786.1472680709031
 20
103.2565665209691
 10
-782.4819382960298
 20
101.8948055077629
 10
-783.1320885096882
 20
97.16262301474897
 10
-778.6595072887795
 20
96.02785787987395
 10
-780.3368311959143
 20
91.51310836768638
 10
-776.6891406015383
 20
90.15792162050107
 10
-777.965922147032
 20
86.72128488336026
 10
-774.1697384567984
 20
85.31090183468567
 10
-775.4984884654462
 20
81.73435145711104
 10
-771.4049818341305
 20
79.70895686219009
 10
-772.730766152344
 20
76.14048655603787
 10
-768.226176502446
 20
74.46691663898886
 10
-769.8028869699073
 20
70.22298060296313
 10
-765.8745119144615
 20
68.76349911413578
 10
-767.2495401064606
 20
65.06240695845391
 10
-765.4016353873235
 20
61.3275862733287
 42
-0.0364971128798585
 10
-765.0286678523281
 20
60.11699474267695
 42
-0.0355729863040453
 10
-764.4900649192544
 20
56.6650679825523
 42
-0.0363846642450155
 10
-764.4555132079538
 20
53.50355302174225
 42
-0.0364000775044382
 10
-764.8795430360936
 20
50.37175995491404
 10
-765.2639699315809
 20
48.82683801528296
 10
-766.843190195888
 20
48.03373124800803
 42
0.0758922046483896
 10
-770.9430047347966
 20
44.80036115821346
 42
0.0758918647087166
 10
-773.8913336932916
 20
40.49098078691756
 42
0.0380641190809177
 10
-774.3095278401491
 20
39.42051810784742
 42
-0.0742012508840956
 10
-774.5756822017548
 20
38.86167309166578
 42
-0.0534224503350441
 10
-774.8291978483834
 20
38.56029052132667
 42
0.0967550417314886
 10
-775.7350778740232
 20
37.27291929975669
 42
0.1453527006344032
 10
-776.087376501387
 20
34.61112895304612
 42
0.1454205376641046
 10
-774.9299061040582
 20
32.18975367701464
 42
0.1030095064794495
 10
-774.1106404728299
 20
31.59144352552718
 42
-0.0490552550647167
 10
-770.6002397640372
 20
29.56512449235467
 42
-0.0340463819577162
 10
-768.2488207753053
 20
27.62595791629016
 42
-0.0340583767076126
 10
-766.1831062203678
 20
25.38635198416088
 10
-765.2639699315961
 20
24.15897212545232
 42
-0.1389597866588313
 10
-765.2797146141912
 20
23.95379755240853
 42
0.0653704689104777
 10
-765.4607113859286
 20
23.15262062104981
 42
0.1654354270433425
 10
-764.6980548508866
 20
19.98503876790536
 42
0.1654621126974547
 10
-762.1623098232393
 20
17.94005084636441
 42
0.0126948913024169
 10
-761.7972372860675
 20
17.81690676358974
 42
0.0375101349590772
 10
-761.6699698333117
 20
17.78778435906488
 10
-744.0493314443389
 20
17.78778435905414
 10
-744.0493314443282
 20
35.13091635909254
 10
-738.0493314443289
 20
35.13091635908879
 10
-738.0493314443395
 20
17.78778435905039
 10
-720.4286949878493
 20
17.78778435903965
 42
0.0892857142797626
 10
-719.3672580046587
 20
18.14906476251886
 42
0.0872408285088374
 10
-717.8611761421533
 20
19.36749704275732
 42
0.1270533593594791
 10
-716.7914413219772
 20
21.50618779467996
 42
0.1141642888052477
 10
-716.8346948704233
 20
24.15897217012545
 10
-699.9923605750869
 20
24.14736921429429
  0
ENDSEC
  0
SECTION
  2
OBJECTS
  0
DICTIONARY
  5
1312
330
0
100
AcDbDictionary
281
     1
  3
ACAD_BACKGROUND
350
1384
  3
ACAD_CIP_PREVIOUS_PRODUCT_INFO
350
1383
  3
ACAD_COLOR
350
1368
  3
ACAD_DETAILVIEWSTYLE
350
1370
  3
ACAD_GROUP
350
1313
  3
ACAD_LAYOUT
350
1367
  3
ACAD_MATERIAL
350
1316
  3
ACAD_MLEADERSTYLE
350
136B
  3
ACAD_MLINESTYLE
350
1364
  3
ACAD_PLOTSETTINGS
350
1366
  3
ACAD_PLOTSTYLENAME
350
1314
  3
ACAD_SCALELIST
350
1348
  3
ACAD_SECTIONVIEWSTYLE
350
136D
  3
ACAD_TABLESTYLE
350
1369
  3
ACAD_VISUALSTYLE
350
132F
  3
ACDB_RECOMPOSE_DATA
350
14AD
  3
AcDbVariableDictionary
350
138B
  0
DICTIONARY
  5
1387
330
135A
100
AcDbDictionary
280
     1
281
     1
  3
ADSK_XREC_LAYER_RECONCILED
360
1388
  0
DICTIONARY
  5
1389
330
137C
100
AcDbDictionary
280
     1
281
     1
  3
ADSK_XREC_LAYER_RECONCILED
360
138A
  0
DICTIONARY
  5
1384
102
{ACAD_REACTORS
330
1312
102
}
330
1312
100
AcDbDictionary
281
     1
  0
XRECORD
  5
1383
102
{ACAD_REACTORS
330
1312
102
}
330
1312
100
AcDbXrecord
280
     1
300
ACD
300
2013
300
ACD_F_S
  0
DICTIONARY
  5
1368
102
{ACAD_REACTORS
330
1312
102
}
330
1312
100
AcDbDictionary
281
     1
  0
DICTIONARY
  5
1370
102
{ACAD_REACTORS
330
1312
102
}
330
1312
100
AcDbDictionary
281
     1
  3
Imperial24
350
1371
  0
DICTIONARY
  5
1313
102
{ACAD_REACTORS
330
1312
102
}
330
1312
100
AcDbDictionary
281
     1
  0
DICTIONARY
  5
1367
102
{ACAD_REACTORS
330
1312
102
}
330
1312
100
AcDbDictionary
281
     1
  3
Layout1
350
1375
  3
Model
350
1379
  0
DICTIONARY
  5
1316
102
{ACAD_REACTORS
330
1312
102
}
330
1312
100
AcDbDictionary
281
     1
  3
ByBlock
350
131F
  3
ByLayer
350
1317
  3
Global
350
1327
  0
DICTIONARY
  5
136B
102
{ACAD_REACTORS
330
1312
102
}
330
1312
100
AcDbDictionary
281
     1
  3
Standard
350
136C
  0
DICTIONARY
  5
1364
102
{ACAD_REACTORS
330
1312
102
}
330
1312
100
AcDbDictionary
281
     1
  3
Standard
350
1365
  0
DICTIONARY
  5
1366
102
{ACAD_REACTORS
330
1312
102
}
330
1312
100
AcDbDictionary
281
     1
  0
ACDBDICTIONARYWDFLT
  5
1314
102
{ACAD_REACTORS
330
1312
102
}
330
1312
100
AcDbDictionary
281
     1
  3
Normal
350
1315
100
AcDbDictionaryWithDefault
340
1315
  0
DICTIONARY
  5
1348
102
{ACAD_REACTORS
330
1312
102
}
330
1312
100
AcDbDictionary
281
     1
  3
A0
350
1349
  3
A1
350
134A
  3
A2
350
134B
  3
A3
350
134C
  3
A4
350
134D
  3
A5
350
134E
  3
A6
350
134F
  3
A7
350
1350
  3
A8
350
1351
  3
A9
350
1352
  3
B0
350
1353
  3
B1
350
1354
  3
B2
350
1355
  3
B3
350
1356
  3
B4
350
1357
  3
B5
350
1358
  3
B6
350
1359
  0
DICTIONARY
  5
136D
102
{ACAD_REACTORS
330
1312
102
}
330
1312
100
AcDbDictionary
281
     1
  3
Imperial24
350
136F
  0
DICTIONARY
  5
1369
102
{ACAD_REACTORS
330
1312
102
}
330
1312
100
AcDbDictionary
281
     1
  3
Standard
350
136A
  0
DICTIONARY
  5
132F
102
{ACAD_REACTORS
330
1312
102
}
330
1312
100
AcDbDictionary
281
     1
  3
2dWireframe
350
1335
  3
Basic
350
1334
  3
Brighten
350
133B
  3
ColorChange
350
133F
  3
Conceptual
350
1338
  3
Dim
350
133A
  3
EdgeColorOff
350
1347
  3
Facepattern
350
133E
  3
Flat
350
1330
  3
FlatWithEdges
350
1331
  3
Gouraud
350
1332
  3
GouraudWithEdges
350
1333
  3
Hidden
350
1337
  3
JitterOff
350
1345
  3
Linepattern
350
133D
  3
OverhangOff
350
1346
  3
Realistic
350
1339
  3
Shaded
350
1344
  3
Shaded with edges
350
1343
  3
Shades of Gray
350
1340
  3
Sketchy
350
1341
  3
Thicken
350
133C
  3
Wireframe
350
1336
  3
X-Ray
350
1342
  0
XRECORD
  5
14AD
102
{ACAD_REACTORS
330
1312
102
}
330
1312
100
AcDbXrecord
280
     1
 90
        1
330
136A
  0
DICTIONARY
  5
138B
102
{ACAD_REACTORS
330
1312
102
}
330
1312
100
AcDbDictionary
281
     1
  3
CANNOSCALE
350
1390
  3
CMLEADERSTYLE
350
138D
  3
CTABLESTYLE
350
138C
  3
CVIEWDETAILSTYLE
350
138E
  3
CVIEWSECTIONSTYLE
350
138F
  3
XCLIPFRAME
350
1391
  0
XRECORD
  5
1388
102
{ACAD_REACTORS
330
1387
102
}
330
1387
100
AcDbXrecord
280
     1
290
     1
  0
XRECORD
  5
138A
102
{ACAD_REACTORS
330
1389
102
}
330
1389
100
AcDbXrecord
280
     1
290
     1
  0
ACDBDETAILVIEWSTYLE
  5
1371
102
{ACAD_REACTORS
330
1370
102
}
330
1370
100
AcDbModelDocViewStyle
 70
     0
  3
Imperial24
290
     0
100
AcDbDetailViewStyle
 70
     0
 71
     0
 90
        3
 71
     1
340
135B
 62
   256
 40
0.24
340
0
 62
   256
 40
0.24
300

 40
0.36
280
     3
 71
     2
340
1362
 90
       25
 62
   256
 71
     3
340
135B
 62
   256
 40
0.24
 90
        1
 40
0.75
 90
        1
300
%<\AcVar ViewType \f "%tc1">% %<\AcVar ViewDetailId>%\PSCALE %<\AcVar ViewScale \f "%sn">%
 71
     4
340
1362
 90
       25
 62
   256
340
1362
 90
       25
 62
   256
280
     0
  0
LAYOUT
  5
1375
102
{ACAD_REACTORS
330
1367
102
}
330
1367
100
AcDbPlotSettings
  1

  2
\\LRE-9DB5B9B44AA\HP Color LaserJet CP1215
  4

  6

 40
0.0
 41
0.0
 42
0.0
 43
0.0
 44
0.0
 45
0.0
 46
0.0
 47
0.0
 48
0.0
 49
0.0
140
0.0
141
0.0
142
1.0
143
1.0
 70
   688
 72
     0
 73
     0
 74
     5
  7

 75
    16
147
1.0
 76
     0
 77
     2
 78
   300
148
0.0
149
0.0
100
AcDbLayout
  1
Layout1
 70
     1
 71
     1
 10
0.0
 20
0.0
 11
12.0
 21
9.0
 12
0.0
 22
0.0
 32
0.0
 14
1.000000000000000E+20
 24
1.000000000000000E+20
 34
1.000000000000000E+20
 15
-1.000000000000000E+20
 25
-1.000000000000000E+20
 35
-1.000000000000000E+20
146
0.0
 13
0.0
 23
0.0
 33
0.0
 16
1.0
 26
0.0
 36
0.0
 17
0.0
 27
1.0
 37
0.0
 76
     0
330
1372
  0
LAYOUT
  5
1379
102
{ACAD_REACTORS
330
1367
102
}
330
1367
100
AcDbPlotSettings
  1

  2
\\LRE-9DB5B9B44AA\HP Color LaserJet CP1215
  4

  6

 40
0.0
 41
0.0
 42
0.0
 43
0.0
 44
0.0
 45
0.0
 46
0.0
 47
0.0
 48
0.0
 49
0.0
140
0.0
141
0.0
142
1.0
143
1.0
 70
  1712
 72
     0
 73
     0
 74
     0
  7

 75
     0
147
1.0
 76
     0
 77
     2
 78
   300
148
0.0
149
0.0
100
AcDbLayout
  1
Model
 70
     1
 71
     0
 10
0.0
 20
0.0
 11
12.0
 21
9.0
 12
0.0
 22
0.0
 32
0.0
 14
0.0
 24
0.0
 34
0.0
 15
0.0
 25
0.0
 35
0.0
146
0.0
 13
0.0
 23
0.0
 33
0.0
 16
1.0
 26
0.0
 36
0.0
 17
0.0
 27
1.0
 37
0.0
 76
     0
330
1376
331
137A
  0
MATERIAL
  5
131F
102
{ACAD_XDICTIONARY
360
1320
102
}
102
{ACAD_REACTORS
330
1316
102
}
330
1316
100
AcDbMaterial
  1
ByBlock
 72
     0
 43
0.0208333333333333
 43
0.0
 43
0.0
 43
0.0
 43
0.0
 43
0.0208333333333333
 43
0.0
 43
0.0
 43
0.0
 43
0.0
 43
1.0
 43
0.0
 43
0.0
 43
0.0
 43
0.0
 43
1.0
 77
     0
 47
0.0208333333333333
 47
0.0
 47
0.0
 47
0.0
 47
0.0
 47
0.0208333333333333
 47
0.0
 47
0.0
 47
0.0
 47
0.0
 47
1.0
 47
0.0
 47
0.0
 47
0.0
 47
0.0
 47
1.0
171
     0
 49
0.0208333333333333
 49
0.0
 49
0.0
 49
0.0
 49
0.0
 49
0.0208333333333333
 49
0.0
 49
0.0
 49
0.0
 49
0.0
 49
1.0
 49
0.0
 49
0.0
 49
0.0
 49
0.0
 49
1.0
175
     0
142
0.0208333333333333
142
0.0
142
0.0
142
0.0
142
0.0
142
0.0208333333333333
142
0.0
142
0.0
142
0.0
142
0.0
142
1.0
142
0.0
142
0.0
142
0.0
142
0.0
142
1.0
179
     0
144
0.0208333333333333
144
0.0
144
0.0
144
0.0
144
0.0
144
0.0208333333333333
144
0.0
144
0.0
144
0.0
144
0.0
144
1.0
144
0.0
144
0.0
144
0.0
144
0.0
144
1.0
147
0.0208333333333333
147
0.0
147
0.0
147
0.0
147
0.0
147
0.0208333333333333
147
0.0
147
0.0
147
0.0
147
0.0
147
1.0
147
0.0
147
0.0
147
0.0
147
0.0
147
1.0
  0
MATERIAL
  5
1317
102
{ACAD_XDICTIONARY
360
1318
102
}
102
{ACAD_REACTORS
330
1316
102
}
330
1316
100
AcDbMaterial
  1
ByLayer
 72
     0
 43
0.0208333333333333
 43
0.0
 43
0.0
 43
0.0
 43
0.0
 43
0.0208333333333333
 43
0.0
 43
0.0
 43
0.0
 43
0.0
 43
1.0
 43
0.0
 43
0.0
 43
0.0
 43
0.0
 43
1.0
 77
     0
 47
0.0208333333333333
 47
0.0
 47
0.0
 47
0.0
 47
0.0
 47
0.0208333333333333
 47
0.0
 47
0.0
 47
0.0
 47
0.0
 47
1.0
 47
0.0
 47
0.0
 47
0.0
 47
0.0
 47
1.0
171
     0
 49
0.0208333333333333
 49
0.0
 49
0.0
 49
0.0
 49
0.0
 49
0.0208333333333333
 49
0.0
 49
0.0
 49
0.0
 49
0.0
 49
1.0
 49
0.0
 49
0.0
 49
0.0
 49
0.0
 49
1.0
175
     0
142
0.0208333333333333
142
0.0
142
0.0
142
0.0
142
0.0
142
0.0208333333333333
142
0.0
142
0.0
142
0.0
142
0.0
142
1.0
142
0.0
142
0.0
142
0.0
142
0.0
142
1.0
179
     0
144
0.0208333333333333
144
0.0
144
0.0
144
0.0
144
0.0
144
0.0208333333333333
144
0.0
144
0.0
144
0.0
144
0.0
144
1.0
144
0.0
144
0.0
144
0.0
144
0.0
144
1.0
147
0.0208333333333333
147
0.0
147
0.0
147
0.0
147
0.0
147
0.0208333333333333
147
0.0
147
0.0
147
0.0
147
0.0
147
1.0
147
0.0
147
0.0
147
0.0
147
0.0
147
1.0
  0
MATERIAL
  5
1327
102
{ACAD_XDICTIONARY
360
1328
102
}
102
{ACAD_REACTORS
330
1316
102
}
330
1316
100
AcDbMaterial
  1
Global
 72
     0
 43
0.0208333333333333
 43
0.0
 43
0.0
 43
0.0
 43
0.0
 43
0.0208333333333333
 43
0.0
 43
0.0
 43
0.0
 43
0.0
 43
1.0
 43
0.0
 43
0.0
 43
0.0
 43
0.0
 43
1.0
 77
     0
 47
0.0208333333333333
 47
0.0
 47
0.0
 47
0.0
 47
0.0
 47
0.0208333333333333
 47
0.0
 47
0.0
 47
0.0
 47
0.0
 47
1.0
 47
0.0
 47
0.0
 47
0.0
 47
0.0
 47
1.0
171
     0
 49
0.0208333333333333
 49
0.0
 49
0.0
 49
0.0
 49
0.0
 49
0.0208333333333333
 49
0.0
 49
0.0
 49
0.0
 49
0.0
 49
1.0
 49
0.0
 49
0.0
 49
0.0
 49
0.0
 49
1.0
175
     0
142
0.0208333333333333
142
0.0
142
0.0
142
0.0
142
0.0
142
0.0208333333333333
142
0.0
142
0.0
142
0.0
142
0.0
142
1.0
142
0.0
142
0.0
142
0.0
142
0.0
142
1.0
179
     0
144
0.0208333333333333
144
0.0
144
0.0
144
0.0
144
0.0
144
0.0208333333333333
144
0.0
144
0.0
144
0.0
144
0.0
144
1.0
144
0.0
144
0.0
144
0.0
144
0.0
144
1.0
147
0.0208333333333333
147
0.0
147
0.0
147
0.0
147
0.0
147
0.0208333333333333
147
0.0
147
0.0
147
0.0
147
0.0
147
1.0
147
0.0
147
0.0
147
0.0
147
0.0
147
1.0
  0
MLEADERSTYLE
  5
136C
102
{ACAD_REACTORS
330
136B
102
}
330
136B
100
AcDbMLeaderStyle
170
     2
171
     1
172
     0
 90
        2
 40
0.0
 41
0.0
173
     1
 91
-1056964608
340
1360
 92
       -2
290
     1
 42
0.09
291
     1
 43
0.36
  3
Standard
 44
0.18
300

342
135B
174
     1
178
     6
175
     1
176
     0
 93
-1056964608
 45
0.18
292
     0
297
     0
 46
0.18
 94
-1056964608
 47
1.0
 49
1.0
140
1.0
293
     1
141
0.0
294
     1
177
     0
142
1.0
295
     0
296
     0
143
0.125
1001
ACAD_MLEADERVER
1070
     2
  0
MLINESTYLE
  5
1365
102
{ACAD_REACTORS
330
1364
102
}
330
1364
100
AcDbMlineStyle
  2
STANDARD
 70
     0
  3

 62
   256
 51
90.0
 52
90.0
 71
     2
 49
0.5
 62
   256
  6
BYLAYER
 49
-0.5
 62
   256
  6
BYLAYER
  0
ACDBPLACEHOLDER
  5
1315
102
{ACAD_REACTORS
330
1314
102
}
330
1314
  0
SCALE
  5
1349
102
{ACAD_REACTORS
330
1348
102
}
330
1348
100
AcDbScale
 70
     0
300
1:1
140
1.0
141
1.0
290
     1
  0
SCALE
  5
134A
102
{ACAD_REACTORS
330
1348
102
}
330
1348
100
AcDbScale
 70
     0
300
1/128" = 1'-0"
140
0.0078125
141
12.0
290
     0
  0
SCALE
  5
134B
102
{ACAD_REACTORS
330
1348
102
}
330
1348
100
AcDbScale
 70
     0
300
1/64" = 1'-0"
140
0.015625
141
12.0
290
     0
  0
SCALE
  5
134C
102
{ACAD_REACTORS
330
1348
102
}
330
1348
100
AcDbScale
 70
     0
300
1/32" = 1'-0"
140
0.03125
141
12.0
290
     0
  0
SCALE
  5
134D
102
{ACAD_REACTORS
330
1348
102
}
330
1348
100
AcDbScale
 70
     0
300
1/16" = 1'-0"
140
0.0625
141
12.0
290
     0
  0
SCALE
  5
134E
102
{ACAD_REACTORS
330
1348
102
}
330
1348
100
AcDbScale
 70
     0
300
3/32" = 1'-0"
140
0.09375
141
12.0
290
     0
  0
SCALE
  5
134F
102
{ACAD_REACTORS
330
1348
102
}
330
1348
100
AcDbScale
 70
     0
300
1/8" = 1'-0"
140
0.125
141
12.0
290
     0
  0
SCALE
  5
1350
102
{ACAD_REACTORS
330
1348
102
}
330
1348
100
AcDbScale
 70
     0
300
3/16" = 1'-0"
140
0.1875
141
12.0
290
     0
  0
SCALE
  5
1351
102
{ACAD_REACTORS
330
1348
102
}
330
1348
100
AcDbScale
 70
     0
300
1/4" = 1'-0"
140
0.25
141
12.0
290
     0
  0
SCALE
  5
1352
102
{ACAD_REACTORS
330
1348
102
}
330
1348
100
AcDbScale
 70
     0
300
3/8" = 1'-0"
140
0.375
141
12.0
290
     0
  0
SCALE
  5
1353
102
{ACAD_REACTORS
330
1348
102
}
330
1348
100
AcDbScale
 70
     0
300
1/2" = 1'-0"
140
0.5
141
12.0
290
     0
  0
SCALE
  5
1354
102
{ACAD_REACTORS
330
1348
102
}
330
1348
100
AcDbScale
 70
     0
300
3/4" = 1'-0"
140
0.75
141
12.0
290
     0
  0
SCALE
  5
1355
102
{ACAD_REACTORS
330
1348
102
}
330
1348
100
AcDbScale
 70
     0
300
1" = 1'-0"
140
1.0
141
12.0
290
     0
  0
SCALE
  5
1356
102
{ACAD_REACTORS
330
1348
102
}
330
1348
100
AcDbScale
 70
     0
300
1-1/2" = 1'-0"
140
1.5
141
12.0
290
     0
  0
SCALE
  5
1357
102
{ACAD_REACTORS
330
1348
102
}
330
1348
100
AcDbScale
 70
     0
300
3" = 1'-0"
140
3.0
141
12.0
290
     0
  0
SCALE
  5
1358
102
{ACAD_REACTORS
330
1348
102
}
330
1348
100
AcDbScale
 70
     0
300
6" = 1'-0"
140
6.0
141
12.0
290
     0
  0
SCALE
  5
1359
102
{ACAD_REACTORS
330
1348
102
}
330
1348
100
AcDbScale
 70
     0
300
1'-0" = 1'-0"
140
12.0
141
12.0
290
     0
  0
ACDBSECTIONVIEWSTYLE
  5
136F
102
{ACAD_REACTORS
330
136D
102
}
330
136D
100
AcDbModelDocViewStyle
 70
     0
  3
Imperial24
290
     0
100
AcDbSectionViewStyle
 70
     0
 71
     0
 90
       78
 71
     1
340
135B
 62
   256
 40
0.24
340
0
340
0
 62
   256
 40
0.24
300
I, O, Q, S, X, Z
 40
0.48
 90
        3
 40
0.18
 90
        1
 71
     2
340
136E
 90
       25
 62
   256
340
1362
 90
       50
 62
   256
 40
0.24
 40
0.0
 40
0.24
 71
     3
340
135B
 62
   256
 40
0.24
 90
        1
 40
0.75
 90
        1
300
%<\AcVar ViewType \f "%tc1">% %<\AcVar ViewSectionStartId>%-%<\AcVar ViewSectionEndId>%\PSCALE %<\AcVar ViewScale \f "%sn">%
 71
     4
 62
   256
 62
   257
300
ANSI31
 40
1.0
 90
        0
290
     0
290
     0
 90
        6
 40
0.0
 40
1.570796326794896
 40
0.2617993877991494
 40
1.308996938995747
 40
-0.2617993877991494
 40
1.832595714594046
  0
TABLESTYLE
  5
136A
102
{ACAD_XDICTIONARY
360
14AB
102
}
102
{ACAD_REACTORS
330
1369
102
}
330
1369
100
AcDbTableStyle
  3
Standard
 70
     0
 71
     0
 40
0.06
 41
0.06
280
     0
281
     0
  7
STANDARD
140
0.18
170
     2
 62
     0
 63
     7
283
     0
274
    -2
284
     1
 64
     0
275
    -2
285
     1
 65
     0
276
    -2
286
     1
 66
     0
277
    -2
287
     1
 67
     0
278
    -2
288
     1
 68
     0
279
    -2
289
     1
 69
     0
  7
STANDARD
140
0.25
170
     5
 62
     0
 63
     7
283
     0
274
    -2
284
     1
 64
     0
275
    -2
285
     1
 65
     0
276
    -2
286
     1
 66
     0
277
    -2
287
     1
 67
     0
278
    -2
288
     1
 68
     0
279
    -2
289
     1
 69
     0
  7
STANDARD
140
0.18
170
     5
 62
     0
 63
     7
283
     0
274
    -2
284
     1
 64
     0
275
    -2
285
     1
 65
     0
276
    -2
286
     1
 66
     0
277
    -2
287
     1
 67
     0
278
    -2
288
     1
 68
     0
279
    -2
289
     1
 69
     0
  0
VISUALSTYLE
  5
1335
102
{ACAD_XDICTIONARY
360
14BB
102
}
102
{ACAD_REACTORS
330
132F
102
}
330
132F
100
AcDbVisualStyle
  2
2dWireframe
 70
     4
 71
     0
 72
     2
 73
     0
 90
        0
 40
-0.6
 41
-30.0
 62
     5
 63
     7
421
 16777215
 74
     1
 91
        4
 64
     7
 65
   257
 75
     1
175
     1
 42
1.0
 92
        0
 66
   257
 43
1.0
 76
     1
 77
     6
 78
     2
 67
     7
 79
     5
170
     0
171
     0
290
     0
174
     0
 93
        1
 44
0.0
173
     0
291
     0
 45
0.0
1001
ACAD
1000
AcDbSavedByObjectVersion
1070
     0
  0
VISUALSTYLE
  5
1334
102
{ACAD_XDICTIONARY
360
14B9
102
}
102
{ACAD_REACTORS
330
132F
102
}
330
132F
100
AcDbVisualStyle
  2
Basic
 70
     7
 71
     1
 72
     0
 73
     1
 90
        0
 40
-0.6
 41
-30.0
 62
     5
 63
     7
421
 16777215
 74
     0
 91
        4
 64
     7
 65
   257
 75
     1
175
     1
 42
1.0
 92
        8
 66
     7
 43
1.0
 76
     1
 77
     6
 78
     2
 67
     7
 79
     5
170
     0
171
     0
290
     0
174
     0
 93
        1
 44
0.0
173
     0
291
     1
 45
0.0
1001
ACAD
1000
AcDbSavedByObjectVersion
1070
     0
  0
VISUALSTYLE
  5
133B
102
{ACAD_XDICTIONARY
360
14C7
102
}
102
{ACAD_REACTORS
330
132F
102
}
330
132F
100
AcDbVisualStyle
  2
Brighten
 70
    12
 71
     2
 72
     2
 73
     0
 90
        0
 40
-0.6
 41
-30.0
 62
     5
 63
     7
421
 16777215
 74
     1
 91
        4
 64
     7
 65
   257
 75
     1
175
     1
 42
1.0
 92
        8
 66
     7
 43
1.0
 76
     1
 77
     6
 78
     2
 67
     7
 79
     5
170
     0
171
     0
290
     0
174
     0
 93
        1
 44
50.0
173
     0
291
     1
 45
0.0
1001
ACAD
1000
AcDbSavedByObjectVersion
1070
     0
  0
VISUALSTYLE
  5
133F
102
{ACAD_XDICTIONARY
360
14CF
102
}
102
{ACAD_REACTORS
330
132F
102
}
330
132F
100
AcDbVisualStyle
  2
ColorChange
 70
    16
 71
     2
 72
     2
 73
     3
 90
        0
 40
-0.6
 41
-30.0
 62
     5
 63
     8
421
  8421504
 74
     1
 91
        4
 64
     7
 65
   257
 75
     1
175
     1
 42
1.0
 92
        8
 66
     8
424
  8421504
 43
1.0
 76
     1
 77
     6
 78
     2
 67
     7
 79
     5
170
     0
171
     0
290
     0
174
     0
 93
        1
 44
0.0
173
     0
291
     1
 45
0.0
1001
ACAD
1000
AcDbSavedByObjectVersion
1070
     0
  0
VISUALSTYLE
  5
1338
102
{ACAD_XDICTIONARY
360
14C1
102
}
102
{ACAD_REACTORS
330
132F
102
}
330
132F
100
AcDbVisualStyle
  2
Conceptual
 70
     9
 71
     3
 72
     2
 73
     0
 90
        0
 40
-0.6
 41
-30.0
 62
     5
 63
     7
421
 16777215
 74
     2
 91
        2
 64
     7
 65
   257
 75
     1
175
     1
 42
179.0
 92
        8
 66
     7
 43
1.0
 76
     1
 77
     6
 78
     2
 67
     7
 79
     3
170
     0
171
     0
290
     0
174
     0
 93
        1
 44
0.0
173
     0
291
     0
 45
0.0
1001
ACAD
1000
AcDbSavedByObjectVersion
1070
     0
  0
VISUALSTYLE
  5
133A
102
{ACAD_XDICTIONARY
360
14C5
102
}
102
{ACAD_REACTORS
330
132F
102
}
330
132F
100
AcDbVisualStyle
  2
Dim
 70
    11
 71
     2
 72
     2
 73
     0
 90
        0
 40
-0.6
 41
-30.0
 62
     5
 63
     7
421
 16777215
 74
     1
 91
        4
 64
     7
 65
   257
 75
     1
175
     1
 42
1.0
 92
        8
 66
     7
 43
1.0
 76
     1
 77
     6
 78
     2
 67
     7
 79
     5
170
     0
171
     0
290
     0
174
     0
 93
        1
 44
-50.0
173
     0
291
     1
 45
0.0
1001
ACAD
1000
AcDbSavedByObjectVersion
1070
     0
  0
VISUALSTYLE
  5
1347
102
{ACAD_XDICTIONARY
360
14DF
102
}
102
{ACAD_REACTORS
330
132F
102
}
330
132F
100
AcDbVisualStyle
  2
EdgeColorOff
 70
    22
 71
     2
 72
     2
 73
     0
 90
        0
 40
-0.6
 41
-30.0
 62
     5
 63
     7
421
 16777215
 74
     1
 91
        4
 64
     7
 65
   257
 75
     1
175
     1
 42
1.0
 92
        8
 66
     7
 43
1.0
 76
     1
 77
     6
 78
     2
 67
     7
 79
     5
170
     0
171
     0
290
     0
174
     0
 93
        1
 44
0.0
173
     0
291
     1
 45
0.0
1001
ACAD
1000
AcDbSavedByObjectVersion
1070
     0
  0
VISUALSTYLE
  5
133E
102
{ACAD_XDICTIONARY
360
14CD
102
}
102
{ACAD_REACTORS
330
132F
102
}
330
132F
100
AcDbVisualStyle
  2
Facepattern
 70
    15
 71
     2
 72
     2
 73
     0
 90
        0
 40
-0.6
 41
-30.0
 62
     5
 63
     7
421
 16777215
 74
     1
 91
        4
 64
     7
 65
   257
 75
     1
175
     1
 42
1.0
 92
        8
 66
     7
 43
1.0
 76
     1
 77
     6
 78
     2
 67
     7
 79
     5
170
     0
171
     0
290
     0
174
     0
 93
        1
 44
0.0
173
     0
291
     1
 45
0.0
1001
ACAD
1000
AcDbSavedByObjectVersion
1070
     0
  0
VISUALSTYLE
  5
1330
102
{ACAD_XDICTIONARY
360
14B1
102
}
102
{ACAD_REACTORS
330
132F
102
}
330
132F
100
AcDbVisualStyle
  2
Flat
 70
     0
 71
     2
 72
     1
 73
     1
 90
        2
 40
-0.6
 41
30.0
 62
     5
 63
     7
421
 16777215
 74
     0
 91
        0
 64
     7
 65
   257
 75
     1
175
     1
 42
1.0
 92
        8
 66
     7
 43
1.0
 76
     1
 77
     6
 78
     2
 67
     7
 79
     5
170
     0
171
     0
290
     0
174
     0
 93
       13
 44
0.0
173
     0
291
     1
 45
0.0
1001
ACAD
1000
AcDbSavedByObjectVersion
1070
     0
  0
VISUALSTYLE
  5
1331
102
{ACAD_XDICTIONARY
360
14B3
102
}
102
{ACAD_REACTORS
330
132F
102
}
330
132F
100
AcDbVisualStyle
  2
FlatWithEdges
 70
     1
 71
     2
 72
     1
 73
     1
 90
        2
 40
-0.6
 41
30.0
 62
     5
 63
     7
421
 16777215
 74
     1
 91
        0
 64
     7
 65
   257
 75
     1
175
     1
 42
1.0
 92
        0
 66
   257
 43
1.0
 76
     1
 77
     6
 78
     2
 67
     7
 79
     5
170
     0
171
     0
290
     0
174
     0
 93
       13
 44
0.0
173
     0
291
     1
 45
0.0
1001
ACAD
1000
AcDbSavedByObjectVersion
1070
     0
  0
VISUALSTYLE
  5
1332
102
{ACAD_XDICTIONARY
360
14B5
102
}
102
{ACAD_REACTORS
330
132F
102
}
330
132F
100
AcDbVisualStyle
  2
Gouraud
 70
     2
 71
     2
 72
     2
 73
     1
 90
        2
 40
-0.6
 41
30.0
 62
     5
 63
     7
421
 16777215
 74
     0
 91
        0
 64
     7
 65
   257
 75
     1
175
     1
 42
1.0
 92
        0
 66
     7
 43
1.0
 76
     1
 77
     6
 78
     2
 67
     7
 79
     5
170
     0
171
     0
290
     0
174
     0
 93
       13
 44
0.0
173
     0
291
     1
 45
0.0
1001
ACAD
1000
AcDbSavedByObjectVersion
1070
     0
  0
VISUALSTYLE
  5
1333
102
{ACAD_XDICTIONARY
360
14B7
102
}
102
{ACAD_REACTORS
330
132F
102
}
330
132F
100
AcDbVisualStyle
  2
GouraudWithEdges
 70
     3
 71
     2
 72
     2
 73
     1
 90
        2
 40
-0.6
 41
30.0
 62
     5
 63
     7
421
 16777215
 74
     1
 91
        0
 64
     7
 65
   257
 75
     1
175
     1
 42
1.0
 92
        0
 66
   257
 43
1.0
 76
     1
 77
     6
 78
     2
 67
     7
 79
     5
170
     0
171
     0
290
     0
174
     0
 93
       13
 44
0.0
173
     0
291
     1
 45
0.0
1001
ACAD
1000
AcDbSavedByObjectVersion
1070
     0
  0
VISUALSTYLE
  5
1337
102
{ACAD_XDICTIONARY
360
14BF
102
}
102
{ACAD_REACTORS
330
132F
102
}
330
132F
100
AcDbVisualStyle
  2
Hidden
 70
     6
 71
     1
 72
     2
 73
     2
 90
        0
 40
-0.6
 41
-30.0
 62
     5
 63
     7
421
 16777215
 74
     2
 91
        2
 64
     7
 65
   257
 75
     2
175
     1
 42
40.0
 92
        0
 66
   257
 43
1.0
 76
     1
 77
     6
 78
     2
 67
     7
 79
     3
170
     0
171
     0
290
     0
174
     0
 93
        1
 44
0.0
173
     0
291
     0
 45
0.0
1001
ACAD
1000
AcDbSavedByObjectVersion
1070
     0
  0
VISUALSTYLE
  5
1345
102
{ACAD_XDICTIONARY
360
14DB
102
}
102
{ACAD_REACTORS
330
132F
102
}
330
132F
100
AcDbVisualStyle
  2
JitterOff
 70
    20
 71
     2
 72
     2
 73
     0
 90
        0
 40
-0.6
 41
-30.0
 62
     5
 63
     7
421
 16777215
 74
     1
 91
        4
 64
     7
 65
   257
 75
     1
175
     1
 42
1.0
 92
       10
 66
     7
 43
1.0
 76
     1
 77
     6
 78
     2
 67
     7
 79
     5
170
     0
171
     0
290
     0
174
     0
 93
        1
 44
0.0
173
     0
291
     1
 45
0.0
1001
ACAD
1000
AcDbSavedByObjectVersion
1070
     0
  0
VISUALSTYLE
  5
133D
102
{ACAD_XDICTIONARY
360
14CB
102
}
102
{ACAD_REACTORS
330
132F
102
}
330
132F
100
AcDbVisualStyle
  2
Linepattern
 70
    14
 71
     2
 72
     2
 73
     0
 90
        0
 40
-0.6
 41
-30.0
 62
     5
 63
     7
421
 16777215
 74
     1
 91
        4
 64
     7
 65
   257
 75
     7
175
     7
 42
1.0
 92
        8
 66
     7
 43
1.0
 76
     1
 77
     6
 78
     2
 67
     7
 79
     5
170
     0
171
     0
290
     0
174
     0
 93
        1
 44
0.0
173
     0
291
     1
 45
0.0
1001
ACAD
1000
AcDbSavedByObjectVersion
1070
     0
  0
VISUALSTYLE
  5
1346
102
{ACAD_XDICTIONARY
360
14DD
102
}
102
{ACAD_REACTORS
330
132F
102
}
330
132F
100
AcDbVisualStyle
  2
OverhangOff
 70
    21
 71
     2
 72
     2
 73
     0
 90
        0
 40
-0.6
 41
-30.0
 62
     5
 63
     7
421
 16777215
 74
     1
 91
        4
 64
     7
 65
   257
 75
     1
175
     1
 42
1.0
 92
        9
 66
     7
 43
1.0
 76
     1
 77
     6
 78
     2
 67
     7
 79
     5
170
     0
171
     0
290
     0
174
     0
 93
        1
 44
0.0
173
     0
291
     1
 45
0.0
1001
ACAD
1000
AcDbSavedByObjectVersion
1070
     0
  0
VISUALSTYLE
  5
1339
102
{ACAD_XDICTIONARY
360
14C3
102
}
102
{ACAD_REACTORS
330
132F
102
}
330
132F
100
AcDbVisualStyle
  2
Realistic
 70
     8
 71
     2
 72
     3
 73
     0
 90
        2
 40
-0.6
 41
30.0
 62
     5
 63
     7
421
 16777215
 74
     0
 91
        0
 64
     7
 65
   257
 75
     1
175
     1
 42
1.0
 92
        8
 66
   257
 43
1.0
 76
     1
 77
     6
 78
     2
 67
     7
 79
     3
170
     0
171
     0
290
     0
174
     0
 93
       13
 44
0.0
173
     0
291
     0
 45
0.0
1001
ACAD
1000
AcDbSavedByObjectVersion
1070
     0
  0
VISUALSTYLE
  5
1344
102
{ACAD_XDICTIONARY
360
14D9
102
}
102
{ACAD_REACTORS
330
132F
102
}
330
132F
100
AcDbVisualStyle
  2
Shaded
 70
    27
 71
     2
 72
     2
 73
     1
 90
        2
 40
-0.6
 41
30.0
 62
     5
 63
     7
421
 16777215
 74
     0
 91
        4
 64
     7
 65
   257
 75
     1
175
     1
 42
1.0
 92
        8
 66
   257
 43
1.0
 76
     1
 77
     6
 78
     2
 67
     8
425
  7895160
 79
     3
170
     0
171
     0
290
     0
174
     0
 93
        5
 44
0.0
173
     0
291
     0
 45
0.0
1001
ACAD
1000
AcDbSavedByObjectVersion
1070
     0
  0
VISUALSTYLE
  5
1343
102
{ACAD_XDICTIONARY
360
14D7
102
}
102
{ACAD_REACTORS
330
132F
102
}
330
132F
100
AcDbVisualStyle
  2
Shaded with edges
 70
    26
 71
     2
 72
     2
 73
     1
 90
        2
 40
-0.6
 41
30.0
 62
     5
 63
     7
421
 16777215
 74
     1
 91
       10
 64
     7
 65
   257
 75
     2
175
     1
 42
1.0
 92
        8
 66
   257
 43
1.0
 76
     1
 77
     6
 78
     2
 67
     7
 79
     3
170
     0
171
     0
290
     0
174
     0
 93
        5
 44
0.0
173
     0
291
     0
 45
0.0
1001
ACAD
1000
AcDbSavedByObjectVersion
1070
     0
  0
VISUALSTYLE
  5
1340
102
{ACAD_XDICTIONARY
360
14D1
102
}
102
{ACAD_REACTORS
330
132F
102
}
330
132F
100
AcDbVisualStyle
  2
Shades of Gray
 70
    23
 71
     2
 72
     2
 73
     3
 90
        0
 40
-0.6
 41
-30.0
 62
     5
 63
     7
421
 16777215
 74
     2
 91
        2
 64
     7
 65
     7
 75
     1
175
     1
 42
40.0
 92
        8
 66
     7
 43
1.0
 76
     1
 77
     6
 78
     2
 67
     7
 79
     3
170
     0
171
     0
290
     0
174
     0
 93
        1
 44
0.0
173
     0
291
     0
 45
0.0
1001
ACAD
1000
AcDbSavedByObjectVersion
1070
     0
  0
VISUALSTYLE
  5
1341
102
{ACAD_XDICTIONARY
360
14D3
102
}
102
{ACAD_REACTORS
330
132F
102
}
330
132F
100
AcDbVisualStyle
  2
Sketchy
 70
    24
 71
     1
 72
     2
 73
     2
 90
        0
 40
-0.6
 41
-30.0
 62
     5
 63
     7
421
 16777215
 74
     2
 91
        2
 64
     7
 65
     7
 75
     1
175
     1
 42
40.0
 92
       11
 66
     7
 43
1.0
 76
     1
 77
     6
 78
     2
 67
     7
 79
     6
170
     0
171
     0
290
     0
174
     0
 93
        1
 44
0.0
173
     0
291
     0
 45
0.0
1001
ACAD
1000
AcDbSavedByObjectVersion
1070
     0
  0
VISUALSTYLE
  5
133C
102
{ACAD_XDICTIONARY
360
14C9
102
}
102
{ACAD_REACTORS
330
132F
102
}
330
132F
100
AcDbVisualStyle
  2
Thicken
 70
    13
 71
     2
 72
     2
 73
     0
 90
        0
 40
-0.6
 41
-30.0
 62
     5
 63
     7
421
 16777215
 74
     1
 91
        4
 64
     7
 65
   257
 75
     1
175
     1
 42
1.0
 92
       12
 66
     7
 43
1.0
 76
     1
 77
     6
 78
     2
 67
     7
 79
     5
170
     0
171
     0
290
     0
174
     0
 93
        1
 44
0.0
173
     0
291
     1
 45
0.0
1001
ACAD
1000
AcDbSavedByObjectVersion
1070
     0
  0
VISUALSTYLE
  5
1336
102
{ACAD_XDICTIONARY
360
14BD
102
}
102
{ACAD_REACTORS
330
132F
102
}
330
132F
100
AcDbVisualStyle
  2
Wireframe
 70
     5
 71
     0
 72
     2
 73
     0
 90
        0
 40
-0.6
 41
-30.0
 62
     5
 63
     7
421
 16777215
 74
     1
 91
        4
 64
     7
 65
   257
 75
     1
175
     1
 42
1.0
 92
        0
 66
   257
 43
1.0
 76
     1
 77
     6
 78
     2
 67
     7
 79
     3
170
     0
171
     0
290
     0
174
     0
 93
        1
 44
0.0
173
     0
291
     0
 45
0.0
1001
ACAD
1000
AcDbSavedByObjectVersion
1070
     0
  0
VISUALSTYLE
  5
1342
102
{ACAD_XDICTIONARY
360
14D5
102
}
102
{ACAD_REACTORS
330
132F
102
}
330
132F
100
AcDbVisualStyle
  2
X-Ray
 70
    25
 71
     2
 72
     2
 73
     1
 90
        1
 40
0.5
 41
-30.0
 62
     5
 63
     7
421
 16777215
 74
     1
 91
        0
 64
     7
 65
   257
 75
     1
175
     1
 42
1.0
 92
        8
 66
     7
 43
1.0
 76
     1
 77
     6
 78
     2
 67
     7
 79
     3
170
     0
171
     0
290
     0
174
     0
 93
       13
 44
0.0
173
     0
291
     0
 45
0.0
1001
ACAD
1000
AcDbSavedByObjectVersion
1070
     0
  0
DICTIONARYVAR
  5
1390
102
{ACAD_REACTORS
330
138B
102
}
330
138B
100
DictionaryVariables
280
     0
  1
1:1
  0
DICTIONARYVAR
  5
138D
102
{ACAD_REACTORS
330
138B
102
}
330
138B
100
DictionaryVariables
280
     0
  1
STANDARD
  0
DICTIONARYVAR
  5
138C
102
{ACAD_REACTORS
330
138B
102
}
330
138B
100
DictionaryVariables
280
     0
  1
STANDARD
  0
DICTIONARYVAR
  5
138E
102
{ACAD_REACTORS
330
138B
102
}
330
138B
100
DictionaryVariables
280
     0
  1
Imperial24
  0
DICTIONARYVAR
  5
138F
102
{ACAD_REACTORS
330
138B
102
}
330
138B
100
DictionaryVariables
280
     0
  1
Imperial24
  0
DICTIONARYVAR
  5
1391
102
{ACAD_REACTORS
330
138B
102
}
330
138B
100
DictionaryVariables
280
     0
  1
2
  0
DICTIONARY
  5
1320
330
131F
100
AcDbDictionary
280
     1
281
     1
  3
ACAD_XREC_ROUNDTRIP
360
14AF
  3
BUMPTILE
360
1322
  3
DIFFUSETILE
360
1321
  3
OPACITYTILE
360
1325
  3
REFLECTIONTILE
360
1324
  3
REFRACTIONTILE
360
1326
  3
SPECULARTILE
360
1323
  0
DICTIONARY
  5
1318
330
1317
100
AcDbDictionary
280
     1
281
     1
  3
ACAD_XREC_ROUNDTRIP
360
14AE
  3
BUMPTILE
360
131A
  3
DIFFUSETILE
360
1319
  3
OPACITYTILE
360
131D
  3
REFLECTIONTILE
360
131C
  3
REFRACTIONTILE
360
131E
  3
SPECULARTILE
360
131B
  0
DICTIONARY
  5
1328
330
1327
100
AcDbDictionary
280
     1
281
     1
  3
ACAD_XREC_ROUNDTRIP
360
14B0
  3
BUMPTILE
360
132A
  3
DIFFUSETILE
360
1329
  3
OPACITYTILE
360
132D
  3
REFLECTIONTILE
360
132C
  3
REFRACTIONTILE
360
132E
  3
SPECULARTILE
360
132B
  0
DICTIONARY
  5
14AB
330
136A
100
AcDbDictionary
280
     1
281
     1
  3
ACAD_ROUNDTRIP_2008_TABLESTYLE_CELLSTYLEMAP
360
14AC
  3
ACAD_XREC_ROUNDTRIP
360
14E1
  0
DICTIONARY
  5
14BB
330
1335
100
AcDbDictionary
280
     1
281
     1
  3
ACAD_XREC_ROUNDTRIP
360
14BC
  0
DICTIONARY
  5
14B9
330
1334
100
AcDbDictionary
280
     1
281
     1
  3
ACAD_XREC_ROUNDTRIP
360
14BA
  0
DICTIONARY
  5
14C7
330
133B
100
AcDbDictionary
280
     1
281
     1
  3
ACAD_XREC_ROUNDTRIP
360
14C8
  0
DICTIONARY
  5
14CF
330
133F
100
AcDbDictionary
280
     1
281
     1
  3
ACAD_XREC_ROUNDTRIP
360
14D0
  0
DICTIONARY
  5
14C1
330
1338
100
AcDbDictionary
280
     1
281
     1
  3
ACAD_XREC_ROUNDTRIP
360
14C2
  0
DICTIONARY
  5
14C5
330
133A
100
AcDbDictionary
280
     1
281
     1
  3
ACAD_XREC_ROUNDTRIP
360
14C6
  0
DICTIONARY
  5
14DF
330
1347
100
AcDbDictionary
280
     1
281
     1
  3
ACAD_XREC_ROUNDTRIP
360
14E0
  0
DICTIONARY
  5
14CD
330
133E
100
AcDbDictionary
280
     1
281
     1
  3
ACAD_XREC_ROUNDTRIP
360
14CE
  0
DICTIONARY
  5
14B1
330
1330
100
AcDbDictionary
280
     1
281
     1
  3
ACAD_XREC_ROUNDTRIP
360
14B2
  0
DICTIONARY
  5
14B3
330
1331
100
AcDbDictionary
280
     1
281
     1
  3
ACAD_XREC_ROUNDTRIP
360
14B4
  0
DICTIONARY
  5
14B5
330
1332
100
AcDbDictionary
280
     1
281
     1
  3
ACAD_XREC_ROUNDTRIP
360
14B6
  0
DICTIONARY
  5
14B7
330
1333
100
AcDbDictionary
280
     1
281
     1
  3
ACAD_XREC_ROUNDTRIP
360
14B8
  0
DICTIONARY
  5
14BF
330
1337
100
AcDbDictionary
280
     1
281
     1
  3
ACAD_XREC_ROUNDTRIP
360
14C0
  0
DICTIONARY
  5
14DB
330
1345
100
AcDbDictionary
280
     1
281
     1
  3
ACAD_XREC_ROUNDTRIP
360
14DC
  0
DICTIONARY
  5
14CB
330
133D
100
AcDbDictionary
280
     1
281
     1
  3
ACAD_XREC_ROUNDTRIP
360
14CC
  0
DICTIONARY
  5
14DD
330
1346
100
AcDbDictionary
280
     1
281
     1
  3
ACAD_XREC_ROUNDTRIP
360
14DE
  0
DICTIONARY
  5
14C3
330
1339
100
AcDbDictionary
280
     1
281
     1
  3
ACAD_XREC_ROUNDTRIP
360
14C4
  0
DICTIONARY
  5
14D9
330
1344
100
AcDbDictionary
280
     1
281
     1
  3
ACAD_XREC_ROUNDTRIP
360
14DA
  0
DICTIONARY
  5
14D7
330
1343
100
AcDbDictionary
280
     1
281
     1
  3
ACAD_XREC_ROUNDTRIP
360
14D8
  0
DICTIONARY
  5
14D1
330
1340
100
AcDbDictionary
280
     1
281
     1
  3
ACAD_XREC_ROUNDTRIP
360
14D2
  0
DICTIONARY
  5
14D3
330
1341
100
AcDbDictionary
280
     1
281
     1
  3
ACAD_XREC_ROUNDTRIP
360
14D4
  0
DICTIONARY
  5
14C9
330
133C
100
AcDbDictionary
280
     1
281
     1
  3
ACAD_XREC_ROUNDTRIP
360
14CA
  0
DICTIONARY
  5
14BD
330
1336
100
AcDbDictionary
280
     1
281
     1
  3
ACAD_XREC_ROUNDTRIP
360
14BE
  0
DICTIONARY
  5
14D5
330
1342
100
AcDbDictionary
280
     1
281
     1
  3
ACAD_XREC_ROUNDTRIP
360
14D6
  0
XRECORD
  5
14AF
102
{ACAD_REACTORS
330
1320
102
}
330
1320
100
AcDbXrecord
280
     1
102
MATERIAL
148
0.0
149
0.0
149
0.0
 93
        0
 94
      127
282
     0
 72
     0
 77
     0
171
     0
175
     0
179
     0
273
     0
  0
XRECORD
  5
1322
102
{ACAD_REACTORS
330
1320
102
}
330
1320
100
AcDbXrecord
280
     1
270
     1
271
     1
  0
XRECORD
  5
1321
102
{ACAD_REACTORS
330
1320
102
}
330
1320
100
AcDbXrecord
280
     1
270
     1
271
     1
  0
XRECORD
  5
1325
102
{ACAD_REACTORS
330
1320
102
}
330
1320
100
AcDbXrecord
280
     1
270
     1
271
     1
  0
XRECORD
  5
1324
102
{ACAD_REACTORS
330
1320
102
}
330
1320
100
AcDbXrecord
280
     1
270
     1
271
     1
  0
XRECORD
  5
1326
102
{ACAD_REACTORS
330
1320
102
}
330
1320
100
AcDbXrecord
280
     1
270
     1
271
     1
  0
XRECORD
  5
1323
102
{ACAD_REACTORS
330
1320
102
}
330
1320
100
AcDbXrecord
280
     1
270
     1
271
     1
  0
XRECORD
  5
14AE
102
{ACAD_REACTORS
330
1318
102
}
330
1318
100
AcDbXrecord
280
     1
102
MATERIAL
148
0.0
149
0.0
149
0.0
 93
        0
 94
      127
282
     0
 72
     0
 77
     0
171
     0
175
     0
179
     0
273
     0
  0
XRECORD
  5
131A
102
{ACAD_REACTORS
330
1318
102
}
330
1318
100
AcDbXrecord
280
     1
270
     1
271
     1
  0
XRECORD
  5
1319
102
{ACAD_REACTORS
330
1318
102
}
330
1318
100
AcDbXrecord
280
     1
270
     1
271
     1
  0
XRECORD
  5
131D
102
{ACAD_REACTORS
330
1318
102
}
330
1318
100
AcDbXrecord
280
     1
270
     1
271
     1
  0
XRECORD
  5
131C
102
{ACAD_REACTORS
330
1318
102
}
330
1318
100
AcDbXrecord
280
     1
270
     1
271
     1
  0
XRECORD
  5
131E
102
{ACAD_REACTORS
330
1318
102
}
330
1318
100
AcDbXrecord
280
     1
270
     1
271
     1
  0
XRECORD
  5
131B
102
{ACAD_REACTORS
330
1318
102
}
330
1318
100
AcDbXrecord
280
     1
270
     1
271
     1
  0
XRECORD
  5
14B0
102
{ACAD_REACTORS
330
1328
102
}
330
1328
100
AcDbXrecord
280
     1
102
MATERIAL
148
0.0
149
0.0
149
0.0
 93
        0
 94
      127
282
     0
 72
     0
 77
     0
171
     0
175
     0
179
     0
273
     0
  0
XRECORD
  5
132A
102
{ACAD_REACTORS
330
1328
102
}
330
1328
100
AcDbXrecord
280
     1
270
     1
271
     1
  0
XRECORD
  5
1329
102
{ACAD_REACTORS
330
1328
102
}
330
1328
100
AcDbXrecord
280
     1
270
     1
271
     1
  0
XRECORD
  5
132D
102
{ACAD_REACTORS
330
1328
102
}
330
1328
100
AcDbXrecord
280
     1
270
     1
271
     1
  0
XRECORD
  5
132C
102
{ACAD_REACTORS
330
1328
102
}
330
1328
100
AcDbXrecord
280
     1
270
     1
271
     1
  0
XRECORD
  5
132E
102
{ACAD_REACTORS
330
1328
102
}
330
1328
100
AcDbXrecord
280
     1
270
     1
271
     1
  0
XRECORD
  5
132B
102
{ACAD_REACTORS
330
1328
102
}
330
1328
100
AcDbXrecord
280
     1
270
     1
271
     1
  0
CELLSTYLEMAP
  5
14AC
102
{ACAD_REACTORS
330
14AB
102
}
330
14AB
100
AcDbCellStyleMap
 90
        3
300
CELLSTYLE
  1
TABLEFORMAT_BEGIN
 90
        5
170
     1
 91
        0
 92
    32768
 62
   257
 93
        1
300
CONTENTFORMAT
  1
CONTENTFORMAT_BEGIN
 90
        0
 91
        0
 92
      512
 93
        0
300

 40
0.0
140
1.0
 94
        5
 62
     0
340
135B
144
0.25
309
CONTENTFORMAT_END
171
     0
 94
        0
309
TABLEFORMAT_END
  1
CELLSTYLE_BEGIN
 90
        1
 91
        1
300
_TITLE
309
CELLSTYLE_END
300
CELLSTYLE
  1
TABLEFORMAT_BEGIN
 90
        5
170
     1
 91
        0
 92
        0
 62
   257
 93
        1
300
CONTENTFORMAT
  1
CONTENTFORMAT_BEGIN
 90
        0
 91
        0
 92
      512
 93
        0
300

 40
0.0
140
1.0
 94
        5
 62
     0
340
135B
144
0.18
309
CONTENTFORMAT_END
171
     0
 94
        0
309
TABLEFORMAT_END
  1
CELLSTYLE_BEGIN
 90
        2
 91
        1
300
_HEADER
309
CELLSTYLE_END
300
CELLSTYLE
  1
TABLEFORMAT_BEGIN
 90
        5
170
     1
 91
        0
 92
        0
 62
   257
 93
        1
300
CONTENTFORMAT
  1
CONTENTFORMAT_BEGIN
 90
        0
 91
        0
 92
      512
 93
        0
300

 40
0.0
140
1.0
 94
        2
 62
     0
340
135B
144
0.18
309
CONTENTFORMAT_END
171
     0
 94
        0
309
TABLEFORMAT_END
  1
CELLSTYLE_BEGIN
 90
        3
 91
        2
300
_DATA
309
CELLSTYLE_END
  0
XRECORD
  5
14E1
102
{ACAD_REACTORS
330
14AB
102
}
330
14AB
100
AcDbXrecord
280
     1
102
ACAD_ROUNDTRIP_PRE2007_TABLESTYLE
 90
      512
 91
        0
  1

 92
      512
 93
        0
  2

 94
      512
 95
        0
  3

  0
XRECORD
  5
14BC
102
{ACAD_REACTORS
330
14BB
102
}
330
14BB
100
AcDbXrecord
280
     1
102
RTVSPost2010Prop28
280
     1
102
RTVSPost2010PropOp28
 70
     1
102
RTVSPost2010Prop29
280
     1
102
RTVSPost2010PropOp29
 70
     1
102
RTVSPost2010Prop30
280
     0
102
RTVSPost2010PropOp30
 70
     1
102
RTVSPost2010Prop31
280
     0
102
RTVSPost2010PropOp31
 70
     1
102
RTVSPost2010Prop32
280
     0
102
RTVSPost2010PropOp32
 70
     1
102
RTVSPost2010Prop33
280
     0
102
RTVSPost2010PropOp33
 70
     1
102
RTVSPost2010Prop34
280
     0
102
RTVSPost2010PropOp34
 70
     1
102
RTVSPost2010Prop35
280
     0
102
RTVSPost2010PropOp35
 70
     1
102
RTVSPost2010Prop36
280
     0
102
RTVSPost2010PropOp36
 70
     1
102
RTVSPost2010Prop37
 90
       50
102
RTVSPost2010PropOp37
 70
     1
102
RTVSPost2010Prop38
140
0.0
102
RTVSPost2010PropOp38
 70
     1
102
RTVSPost2010Prop39
140
1.0
102
RTVSPost2010PropOp39
 70
     1
102
RTVSPost2010Prop40
 90
        0
102
RTVSPost2010PropOp40
 70
     1
102
RTVSPost2010Prop41ColorIndex
 90
       18
102
RTVSPost2010Prop41ColorRGB
 90
        0
102
RTVSPost2010PropOp41
 70
     1
102
RTVSPost2010Prop42
 90
       50
102
RTVSPost2010PropOp42
 70
     1
102
RTVSPost2010Prop43
 90
        3
102
RTVSPost2010PropOp43
 70
     1
102
RTVSPost2010Prop44ColorIndex
 90
        5
102
RTVSPost2010Prop44ColorRGB
 90
      255
102
RTVSPost2010PropOp44
 70
     1
102
RTVSPost2010Prop45
280
     0
102
RTVSPost2010PropOp45
 70
     1
102
RTVSPost2010Prop46
 90
       50
102
RTVSPost2010PropOp46
 70
     1
102
RTVSPost2010Prop47
 90
       50
102
RTVSPost2010PropOp47
 70
     1
102
RTVSPost2010Prop48
 90
       50
102
RTVSPost2010PropOp48
 70
     1
102
RTVSPost2010Prop49
280
     0
102
RTVSPost2010PropOp49
 70
     1
102
RTVSPost2010Prop50
 90
       50
102
RTVSPost2010PropOp50
 70
     1
102
RTVSPost2010Prop51ColorIndex
 90
      256
102
RTVSPost2010Prop51ColorRGB
 90
-16777216
102
RTVSPost2010PropOp51
 70
     0
102
RTVSPost2010Prop52
140
1.0
102
RTVSPost2010PropOp52
 70
     0
102
RTVSPost2010Prop53
 90
        2
102
RTVSPost2010PropOp53
 70
     1
102
RTVSPost2010Prop54
  1
strokes_ogs.tif
102
RTVSPost2010PropOp54
 70
     1
102
RTVSPost2010Prop55
280
     0
102
RTVSPost2010PropOp55
 70
     1
102
RTVSPost2010Prop56
140
1.0
102
RTVSPost2010PropOp56
 70
     1
102
RTVSPost2010Prop57
140
1.0
102
RTVSPost2010PropOp57
 70
     1
102
RTVSPropertyOp0
 70
     1
102
RTVSPropertyOp1
 70
     1
102
RTVSPropertyOp2
 70
     1
102
RTVSPropertyOp3
 70
     1
102
RTVSPropertyOp4
 70
     1
102
RTVSPropertyOp5
 70
     1
102
RTVSPropertyOp6
 70
     1
102
RTVSPropertyOp7
 70
     1
102
RTVSPropertyOp8
 70
     1
102
RTVSPropertyOp9
 70
     1
102
RTVSPropertyOp10
 70
     1
102
RTVSPropertyOp11
 70
     1
102
RTVSPropertyOp12
 70
     1
102
RTVSPropertyOp13
 70
     1
102
RTVSPropertyOp14
 70
     1
102
RTVSPropertyOp15
 70
     1
102
RTVSPropertyOp16
 70
     1
102
RTVSPropertyOp17
 70
     1
102
RTVSPropertyOp18
 70
     1
102
RTVSPropertyOp19
 70
     1
102
RTVSPropertyOp20
 70
     1
102
RTVSPropertyOp21
 70
     1
102
RTVSPropertyOp22
 70
     1
102
RTVSPropertyOp23
 70
     1
102
RTVSPropertyOp24
 70
     1
102
RTVSPropertyOp25
 70
     1
102
RTVSPropertyOp26
 70
     1
102
RTVSPropertyOp27
 70
     1
102
RTVSPropertyOp28
 70
     1
102
RTVSPropertyOp29
 70
     1
102
RTVSPropertyOp30
 70
     1
102
RTVSPropertyOp31
 70
     1
102
RTVSPropertyOp32
 70
     1
102
RTVSPropertyOp33
 70
     1
102
RTVSPropertyOp34
 70
     1
102
RTVSPropertyOp35
 70
     1
102
RTVSPropertyOp36
 70
     1
102
RTVSPropertyOp37
 70
     1
102
RTVSPropertyOp38
 70
     1
102
RTVSPropertyOp39
 70
     1
102
RTVSPropertyOp40
 70
     1
102
RTVSPropertyOp41
 70
     1
102
RTVSPropertyOp42
 70
     1
102
RTVSPropertyOp43
 70
     1
102
RTVSPropertyOp44
 70
     1
102
RTVSPropertyOp45
 70
     1
102
RTVSPropertyOp46
 70
     1
102
RTVSPropertyOp47
 70
     1
102
RTVSPropertyOp48
 70
     1
102
RTVSPropertyOp49
 70
     1
102
RTVSPropertyOp50
 70
     1
102
RTVSPropertyOp51
 70
     0
102
RTVSPropertyOp52
 70
     0
102
RTVSPropertyOp53
 70
     1
102
RTVSPropertyOp54
 70
     1
102
RTVSPropertyOp55
 70
     1
102
RTVSPropertyOp56
 70
     1
102
RTVSPropertyOp57
 70
     1
102
RTVSPropertyOp58
 70
     1
102
RTVSPropertyOp59
 70
     1
102
RTVSPropertyOp60
 70
     1
102
RTVSPropertyOp61
 70
     1
102
RTVSPropertyOp62
 70
     1
  0
XRECORD
  5
14BA
102
{ACAD_REACTORS
330
14B9
102
}
330
14B9
100
AcDbXrecord
280
     1
102
RTVSPost2010Prop28
280
     0
102
RTVSPost2010PropOp28
 70
     1
102
RTVSPost2010Prop29
280
     1
102
RTVSPost2010PropOp29
 70
     1
102
RTVSPost2010Prop30
280
     1
102
RTVSPost2010PropOp30
 70
     1
102
RTVSPost2010Prop31
280
     0
102
RTVSPost2010PropOp31
 70
     1
102
RTVSPost2010Prop32
280
     0
102
RTVSPost2010PropOp32
 70
     1
102
RTVSPost2010Prop33
280
     0
102
RTVSPost2010PropOp33
 70
     1
102
RTVSPost2010Prop34
280
     0
102
RTVSPost2010PropOp34
 70
     1
102
RTVSPost2010Prop35
280
     0
102
RTVSPost2010PropOp35
 70
     1
102
RTVSPost2010Prop36
280
     0
102
RTVSPost2010PropOp36
 70
     1
102
RTVSPost2010Prop37
 90
       50
102
RTVSPost2010PropOp37
 70
     1
102
RTVSPost2010Prop38
140
0.0
102
RTVSPost2010PropOp38
 70
     1
102
RTVSPost2010Prop39
140
1.0
102
RTVSPost2010PropOp39
 70
     1
102
RTVSPost2010Prop40
 90
        0
102
RTVSPost2010PropOp40
 70
     1
102
RTVSPost2010Prop41ColorIndex
 90
       18
102
RTVSPost2010Prop41ColorRGB
 90
        0
102
RTVSPost2010PropOp41
 70
     1
102
RTVSPost2010Prop42
 90
       50
102
RTVSPost2010PropOp42
 70
     1
102
RTVSPost2010Prop43
 90
        3
102
RTVSPost2010PropOp43
 70
     1
102
RTVSPost2010Prop44ColorIndex
 90
        5
102
RTVSPost2010Prop44ColorRGB
 90
      255
102
RTVSPost2010PropOp44
 70
     1
102
RTVSPost2010Prop45
280
     0
102
RTVSPost2010PropOp45
 70
     1
102
RTVSPost2010Prop46
 90
       50
102
RTVSPost2010PropOp46
 70
     1
102
RTVSPost2010Prop47
 90
       50
102
RTVSPost2010PropOp47
 70
     1
102
RTVSPost2010Prop48
 90
       50
102
RTVSPost2010PropOp48
 70
     1
102
RTVSPost2010Prop49
280
     0
102
RTVSPost2010PropOp49
 70
     1
102
RTVSPost2010Prop50
 90
       50
102
RTVSPost2010PropOp50
 70
     1
102
RTVSPost2010Prop51ColorIndex
 90
      256
102
RTVSPost2010Prop51ColorRGB
 90
-16777216
102
RTVSPost2010PropOp51
 70
     0
102
RTVSPost2010Prop52
140
1.0
102
RTVSPost2010PropOp52
 70
     0
102
RTVSPost2010Prop53
 90
        2
102
RTVSPost2010PropOp53
 70
     1
102
RTVSPost2010Prop54
  1
strokes_ogs.tif
102
RTVSPost2010PropOp54
 70
     1
102
RTVSPost2010Prop55
280
     0
102
RTVSPost2010PropOp55
 70
     1
102
RTVSPost2010Prop56
140
1.0
102
RTVSPost2010PropOp56
 70
     1
102
RTVSPost2010Prop57
140
1.0
102
RTVSPost2010PropOp57
 70
     1
102
RTVSPropertyOp0
 70
     1
102
RTVSPropertyOp1
 70
     1
102
RTVSPropertyOp2
 70
     1
102
RTVSPropertyOp3
 70
     1
102
RTVSPropertyOp4
 70
     1
102
RTVSPropertyOp5
 70
     1
102
RTVSPropertyOp6
 70
     1
102
RTVSPropertyOp7
 70
     1
102
RTVSPropertyOp8
 70
     1
102
RTVSPropertyOp9
 70
     1
102
RTVSPropertyOp10
 70
     1
102
RTVSPropertyOp11
 70
     1
102
RTVSPropertyOp12
 70
     1
102
RTVSPropertyOp13
 70
     1
102
RTVSPropertyOp14
 70
     1
102
RTVSPropertyOp15
 70
     1
102
RTVSPropertyOp16
 70
     1
102
RTVSPropertyOp17
 70
     1
102
RTVSPropertyOp18
 70
     1
102
RTVSPropertyOp19
 70
     1
102
RTVSPropertyOp20
 70
     1
102
RTVSPropertyOp21
 70
     1
102
RTVSPropertyOp22
 70
     1
102
RTVSPropertyOp23
 70
     1
102
RTVSPropertyOp24
 70
     1
102
RTVSPropertyOp25
 70
     1
102
RTVSPropertyOp26
 70
     1
102
RTVSPropertyOp27
 70
     1
102
RTVSPropertyOp28
 70
     1
102
RTVSPropertyOp29
 70
     1
102
RTVSPropertyOp30
 70
     1
102
RTVSPropertyOp31
 70
     1
102
RTVSPropertyOp32
 70
     1
102
RTVSPropertyOp33
 70
     1
102
RTVSPropertyOp34
 70
     1
102
RTVSPropertyOp35
 70
     1
102
RTVSPropertyOp36
 70
     1
102
RTVSPropertyOp37
 70
     1
102
RTVSPropertyOp38
 70
     1
102
RTVSPropertyOp39
 70
     1
102
RTVSPropertyOp40
 70
     1
102
RTVSPropertyOp41
 70
     1
102
RTVSPropertyOp42
 70
     1
102
RTVSPropertyOp43
 70
     1
102
RTVSPropertyOp44
 70
     1
102
RTVSPropertyOp45
 70
     1
102
RTVSPropertyOp46
 70
     1
102
RTVSPropertyOp47
 70
     1
102
RTVSPropertyOp48
 70
     1
102
RTVSPropertyOp49
 70
     1
102
RTVSPropertyOp50
 70
     1
102
RTVSPropertyOp51
 70
     0
102
RTVSPropertyOp52
 70
     0
102
RTVSPropertyOp53
 70
     1
102
RTVSPropertyOp54
 70
     1
102
RTVSPropertyOp55
 70
     1
102
RTVSPropertyOp56
 70
     1
102
RTVSPropertyOp57
 70
     1
102
RTVSPropertyOp58
 70
     1
102
RTVSPropertyOp59
 70
     1
102
RTVSPropertyOp60
 70
     1
102
RTVSPropertyOp61
 70
     1
102
RTVSPropertyOp62
 70
     1
  0
XRECORD
  5
14C8
102
{ACAD_REACTORS
330
14C7
102
}
330
14C7
100
AcDbXrecord
280
     1
102
RTVSPost2010Prop28
280
     0
102
RTVSPost2010PropOp28
 70
     1
102
RTVSPost2010Prop29
280
     1
102
RTVSPost2010PropOp29
 70
     1
102
RTVSPost2010Prop30
280
     1
102
RTVSPost2010PropOp30
 70
     1
102
RTVSPost2010Prop31
280
     0
102
RTVSPost2010PropOp31
 70
     1
102
RTVSPost2010Prop32
280
     0
102
RTVSPost2010PropOp32
 70
     1
102
RTVSPost2010Prop33
280
     0
102
RTVSPost2010PropOp33
 70
     1
102
RTVSPost2010Prop34
280
     0
102
RTVSPost2010PropOp34
 70
     1
102
RTVSPost2010Prop35
280
     0
102
RTVSPost2010PropOp35
 70
     1
102
RTVSPost2010Prop36
280
     0
102
RTVSPost2010PropOp36
 70
     1
102
RTVSPost2010Prop37
 90
       50
102
RTVSPost2010PropOp37
 70
     1
102
RTVSPost2010Prop38
140
0.0
102
RTVSPost2010PropOp38
 70
     1
102
RTVSPost2010Prop39
140
1.0
102
RTVSPost2010PropOp39
 70
     1
102
RTVSPost2010Prop40
 90
        0
102
RTVSPost2010PropOp40
 70
     1
102
RTVSPost2010Prop41ColorIndex
 90
       18
102
RTVSPost2010Prop41ColorRGB
 90
        0
102
RTVSPost2010PropOp41
 70
     1
102
RTVSPost2010Prop42
 90
       50
102
RTVSPost2010PropOp42
 70
     1
102
RTVSPost2010Prop43
 90
        3
102
RTVSPost2010PropOp43
 70
     1
102
RTVSPost2010Prop44ColorIndex
 90
        5
102
RTVSPost2010Prop44ColorRGB
 90
      255
102
RTVSPost2010PropOp44
 70
     1
102
RTVSPost2010Prop45
280
     0
102
RTVSPost2010PropOp45
 70
     1
102
RTVSPost2010Prop46
 90
       50
102
RTVSPost2010PropOp46
 70
     1
102
RTVSPost2010Prop47
 90
       50
102
RTVSPost2010PropOp47
 70
     1
102
RTVSPost2010Prop48
 90
       50
102
RTVSPost2010PropOp48
 70
     1
102
RTVSPost2010Prop49
280
     0
102
RTVSPost2010PropOp49
 70
     1
102
RTVSPost2010Prop50
 90
       50
102
RTVSPost2010PropOp50
 70
     1
102
RTVSPost2010Prop51ColorIndex
 90
      256
102
RTVSPost2010Prop51ColorRGB
 90
-16777216
102
RTVSPost2010PropOp51
 70
     0
102
RTVSPost2010Prop52
140
1.0
102
RTVSPost2010PropOp52
 70
     0
102
RTVSPost2010Prop53
 90
        2
102
RTVSPost2010PropOp53
 70
     1
102
RTVSPost2010Prop54
  1
strokes_ogs.tif
102
RTVSPost2010PropOp54
 70
     1
102
RTVSPost2010Prop55
280
     0
102
RTVSPost2010PropOp55
 70
     1
102
RTVSPost2010Prop56
140
1.0
102
RTVSPost2010PropOp56
 70
     1
102
RTVSPost2010Prop57
140
1.0
102
RTVSPost2010PropOp57
 70
     1
102
RTVSPropertyOp0
 70
     1
102
RTVSPropertyOp1
 70
     1
102
RTVSPropertyOp2
 70
     1
102
RTVSPropertyOp3
 70
     1
102
RTVSPropertyOp4
 70
     1
102
RTVSPropertyOp5
 70
     1
102
RTVSPropertyOp6
 70
     1
102
RTVSPropertyOp7
 70
     1
102
RTVSPropertyOp8
 70
     1
102
RTVSPropertyOp9
 70
     1
102
RTVSPropertyOp10
 70
     1
102
RTVSPropertyOp11
 70
     1
102
RTVSPropertyOp12
 70
     1
102
RTVSPropertyOp13
 70
     1
102
RTVSPropertyOp14
 70
     1
102
RTVSPropertyOp15
 70
     1
102
RTVSPropertyOp16
 70
     1
102
RTVSPropertyOp17
 70
     1
102
RTVSPropertyOp18
 70
     1
102
RTVSPropertyOp19
 70
     1
102
RTVSPropertyOp20
 70
     1
102
RTVSPropertyOp21
 70
     1
102
RTVSPropertyOp22
 70
     1
102
RTVSPropertyOp23
 70
     1
102
RTVSPropertyOp24
 70
     1
102
RTVSPropertyOp25
 70
     1
102
RTVSPropertyOp26
 70
     1
102
RTVSPropertyOp27
 70
     1
102
RTVSPropertyOp28
 70
     1
102
RTVSPropertyOp29
 70
     1
102
RTVSPropertyOp30
 70
     1
102
RTVSPropertyOp31
 70
     1
102
RTVSPropertyOp32
 70
     1
102
RTVSPropertyOp33
 70
     1
102
RTVSPropertyOp34
 70
     1
102
RTVSPropertyOp35
 70
     1
102
RTVSPropertyOp36
 70
     1
102
RTVSPropertyOp37
 70
     1
102
RTVSPropertyOp38
 70
     1
102
RTVSPropertyOp39
 70
     1
102
RTVSPropertyOp40
 70
     1
102
RTVSPropertyOp41
 70
     1
102
RTVSPropertyOp42
 70
     1
102
RTVSPropertyOp43
 70
     1
102
RTVSPropertyOp44
 70
     1
102
RTVSPropertyOp45
 70
     1
102
RTVSPropertyOp46
 70
     1
102
RTVSPropertyOp47
 70
     1
102
RTVSPropertyOp48
 70
     1
102
RTVSPropertyOp49
 70
     1
102
RTVSPropertyOp50
 70
     1
102
RTVSPropertyOp51
 70
     0
102
RTVSPropertyOp52
 70
     0
102
RTVSPropertyOp53
 70
     1
102
RTVSPropertyOp54
 70
     1
102
RTVSPropertyOp55
 70
     1
102
RTVSPropertyOp56
 70
     1
102
RTVSPropertyOp57
 70
     1
102
RTVSPropertyOp58
 70
     1
102
RTVSPropertyOp59
 70
     1
102
RTVSPropertyOp60
 70
     1
102
RTVSPropertyOp61
 70
     1
102
RTVSPropertyOp62
 70
     1
  0
XRECORD
  5
14D0
102
{ACAD_REACTORS
330
14CF
102
}
330
14CF
100
AcDbXrecord
280
     1
102
RTVSPost2010Prop28
280
     0
102
RTVSPost2010PropOp28
 70
     1
102
RTVSPost2010Prop29
280
     1
102
RTVSPost2010PropOp29
 70
     1
102
RTVSPost2010Prop30
280
     1
102
RTVSPost2010PropOp30
 70
     1
102
RTVSPost2010Prop31
280
     0
102
RTVSPost2010PropOp31
 70
     1
102
RTVSPost2010Prop32
280
     0
102
RTVSPost2010PropOp32
 70
     1
102
RTVSPost2010Prop33
280
     0
102
RTVSPost2010PropOp33
 70
     1
102
RTVSPost2010Prop34
280
     0
102
RTVSPost2010PropOp34
 70
     1
102
RTVSPost2010Prop35
280
     0
102
RTVSPost2010PropOp35
 70
     1
102
RTVSPost2010Prop36
280
     0
102
RTVSPost2010PropOp36
 70
     1
102
RTVSPost2010Prop37
 90
       50
102
RTVSPost2010PropOp37
 70
     1
102
RTVSPost2010Prop38
140
0.0
102
RTVSPost2010PropOp38
 70
     1
102
RTVSPost2010Prop39
140
1.0
102
RTVSPost2010PropOp39
 70
     1
102
RTVSPost2010Prop40
 90
        0
102
RTVSPost2010PropOp40
 70
     1
102
RTVSPost2010Prop41ColorIndex
 90
       18
102
RTVSPost2010Prop41ColorRGB
 90
        0
102
RTVSPost2010PropOp41
 70
     1
102
RTVSPost2010Prop42
 90
       50
102
RTVSPost2010PropOp42
 70
     1
102
RTVSPost2010Prop43
 90
        3
102
RTVSPost2010PropOp43
 70
     1
102
RTVSPost2010Prop44ColorIndex
 90
        5
102
RTVSPost2010Prop44ColorRGB
 90
      255
102
RTVSPost2010PropOp44
 70
     1
102
RTVSPost2010Prop45
280
     0
102
RTVSPost2010PropOp45
 70
     1
102
RTVSPost2010Prop46
 90
       50
102
RTVSPost2010PropOp46
 70
     1
102
RTVSPost2010Prop47
 90
       50
102
RTVSPost2010PropOp47
 70
     1
102
RTVSPost2010Prop48
 90
       50
102
RTVSPost2010PropOp48
 70
     1
102
RTVSPost2010Prop49
280
     0
102
RTVSPost2010PropOp49
 70
     1
102
RTVSPost2010Prop50
 90
       50
102
RTVSPost2010PropOp50
 70
     1
102
RTVSPost2010Prop51ColorIndex
 90
      256
102
RTVSPost2010Prop51ColorRGB
 90
-16777216
102
RTVSPost2010PropOp51
 70
     0
102
RTVSPost2010Prop52
140
1.0
102
RTVSPost2010PropOp52
 70
     0
102
RTVSPost2010Prop53
 90
        2
102
RTVSPost2010PropOp53
 70
     1
102
RTVSPost2010Prop54
  1
strokes_ogs.tif
102
RTVSPost2010PropOp54
 70
     1
102
RTVSPost2010Prop55
280
     0
102
RTVSPost2010PropOp55
 70
     1
102
RTVSPost2010Prop56
140
1.0
102
RTVSPost2010PropOp56
 70
     1
102
RTVSPost2010Prop57
140
1.0
102
RTVSPost2010PropOp57
 70
     1
102
RTVSPropertyOp0
 70
     1
102
RTVSPropertyOp1
 70
     1
102
RTVSPropertyOp2
 70
     1
102
RTVSPropertyOp3
 70
     1
102
RTVSPropertyOp4
 70
     1
102
RTVSPropertyOp5
 70
     1
102
RTVSPropertyOp6
 70
     1
102
RTVSPropertyOp7
 70
     1
102
RTVSPropertyOp8
 70
     1
102
RTVSPropertyOp9
 70
     1
102
RTVSPropertyOp10
 70
     1
102
RTVSPropertyOp11
 70
     1
102
RTVSPropertyOp12
 70
     1
102
RTVSPropertyOp13
 70
     1
102
RTVSPropertyOp14
 70
     1
102
RTVSPropertyOp15
 70
     1
102
RTVSPropertyOp16
 70
     1
102
RTVSPropertyOp17
 70
     1
102
RTVSPropertyOp18
 70
     1
102
RTVSPropertyOp19
 70
     1
102
RTVSPropertyOp20
 70
     1
102
RTVSPropertyOp21
 70
     1
102
RTVSPropertyOp22
 70
     1
102
RTVSPropertyOp23
 70
     1
102
RTVSPropertyOp24
 70
     1
102
RTVSPropertyOp25
 70
     1
102
RTVSPropertyOp26
 70
     1
102
RTVSPropertyOp27
 70
     1
102
RTVSPropertyOp28
 70
     1
102
RTVSPropertyOp29
 70
     1
102
RTVSPropertyOp30
 70
     1
102
RTVSPropertyOp31
 70
     1
102
RTVSPropertyOp32
 70
     1
102
RTVSPropertyOp33
 70
     1
102
RTVSPropertyOp34
 70
     1
102
RTVSPropertyOp35
 70
     1
102
RTVSPropertyOp36
 70
     1
102
RTVSPropertyOp37
 70
     1
102
RTVSPropertyOp38
 70
     1
102
RTVSPropertyOp39
 70
     1
102
RTVSPropertyOp40
 70
     1
102
RTVSPropertyOp41
 70
     1
102
RTVSPropertyOp42
 70
     1
102
RTVSPropertyOp43
 70
     1
102
RTVSPropertyOp44
 70
     1
102
RTVSPropertyOp45
 70
     1
102
RTVSPropertyOp46
 70
     1
102
RTVSPropertyOp47
 70
     1
102
RTVSPropertyOp48
 70
     1
102
RTVSPropertyOp49
 70
     1
102
RTVSPropertyOp50
 70
     1
102
RTVSPropertyOp51
 70
     0
102
RTVSPropertyOp52
 70
     0
102
RTVSPropertyOp53
 70
     1
102
RTVSPropertyOp54
 70
     1
102
RTVSPropertyOp55
 70
     1
102
RTVSPropertyOp56
 70
     1
102
RTVSPropertyOp57
 70
     1
102
RTVSPropertyOp58
 70
     1
102
RTVSPropertyOp59
 70
     1
102
RTVSPropertyOp60
 70
     1
102
RTVSPropertyOp61
 70
     1
102
RTVSPropertyOp62
 70
     1
  0
XRECORD
  5
14C2
102
{ACAD_REACTORS
330
14C1
102
}
330
14C1
100
AcDbXrecord
280
     1
102
RTVSPost2010Prop28
280
     0
102
RTVSPost2010PropOp28
 70
     1
102
RTVSPost2010Prop29
280
     1
102
RTVSPost2010PropOp29
 70
     1
102
RTVSPost2010Prop30
280
     1
102
RTVSPost2010PropOp30
 70
     1
102
RTVSPost2010Prop31
280
     0
102
RTVSPost2010PropOp31
 70
     1
102
RTVSPost2010Prop32
280
     0
102
RTVSPost2010PropOp32
 70
     1
102
RTVSPost2010Prop33
280
     0
102
RTVSPost2010PropOp33
 70
     1
102
RTVSPost2010Prop34
280
     0
102
RTVSPost2010PropOp34
 70
     1
102
RTVSPost2010Prop35
280
     0
102
RTVSPost2010PropOp35
 70
     1
102
RTVSPost2010Prop36
280
     0
102
RTVSPost2010PropOp36
 70
     1
102
RTVSPost2010Prop37
 90
       50
102
RTVSPost2010PropOp37
 70
     1
102
RTVSPost2010Prop38
140
0.0
102
RTVSPost2010PropOp38
 70
     1
102
RTVSPost2010Prop39
140
1.0
102
RTVSPost2010PropOp39
 70
     1
102
RTVSPost2010Prop40
 90
        0
102
RTVSPost2010PropOp40
 70
     1
102
RTVSPost2010Prop41ColorIndex
 90
       18
102
RTVSPost2010Prop41ColorRGB
 90
        0
102
RTVSPost2010PropOp41
 70
     1
102
RTVSPost2010Prop42
 90
       50
102
RTVSPost2010PropOp42
 70
     1
102
RTVSPost2010Prop43
 90
        3
102
RTVSPost2010PropOp43
 70
     1
102
RTVSPost2010Prop44ColorIndex
 90
        5
102
RTVSPost2010Prop44ColorRGB
 90
      255
102
RTVSPost2010PropOp44
 70
     1
102
RTVSPost2010Prop45
280
     0
102
RTVSPost2010PropOp45
 70
     1
102
RTVSPost2010Prop46
 90
       50
102
RTVSPost2010PropOp46
 70
     1
102
RTVSPost2010Prop47
 90
       50
102
RTVSPost2010PropOp47
 70
     1
102
RTVSPost2010Prop48
 90
       50
102
RTVSPost2010PropOp48
 70
     1
102
RTVSPost2010Prop49
280
     0
102
RTVSPost2010PropOp49
 70
     1
102
RTVSPost2010Prop50
 90
       50
102
RTVSPost2010PropOp50
 70
     1
102
RTVSPost2010Prop51ColorIndex
 90
      256
102
RTVSPost2010Prop51ColorRGB
 90
-16777216
102
RTVSPost2010PropOp51
 70
     0
102
RTVSPost2010Prop52
140
1.0
102
RTVSPost2010PropOp52
 70
     0
102
RTVSPost2010Prop53
 90
        2
102
RTVSPost2010PropOp53
 70
     1
102
RTVSPost2010Prop54
  1
strokes_ogs.tif
102
RTVSPost2010PropOp54
 70
     1
102
RTVSPost2010Prop55
280
     0
102
RTVSPost2010PropOp55
 70
     1
102
RTVSPost2010Prop56
140
1.0
102
RTVSPost2010PropOp56
 70
     1
102
RTVSPost2010Prop57
140
1.0
102
RTVSPost2010PropOp57
 70
     1
102
RTVSPropertyOp0
 70
     1
102
RTVSPropertyOp1
 70
     1
102
RTVSPropertyOp2
 70
     1
102
RTVSPropertyOp3
 70
     1
102
RTVSPropertyOp4
 70
     1
102
RTVSPropertyOp5
 70
     1
102
RTVSPropertyOp6
 70
     1
102
RTVSPropertyOp7
 70
     1
102
RTVSPropertyOp8
 70
     1
102
RTVSPropertyOp9
 70
     1
102
RTVSPropertyOp10
 70
     1
102
RTVSPropertyOp11
 70
     1
102
RTVSPropertyOp12
 70
     1
102
RTVSPropertyOp13
 70
     1
102
RTVSPropertyOp14
 70
     1
102
RTVSPropertyOp15
 70
     1
102
RTVSPropertyOp16
 70
     1
102
RTVSPropertyOp17
 70
     1
102
RTVSPropertyOp18
 70
     1
102
RTVSPropertyOp19
 70
     1
102
RTVSPropertyOp20
 70
     1
102
RTVSPropertyOp21
 70
     1
102
RTVSPropertyOp22
 70
     1
102
RTVSPropertyOp23
 70
     1
102
RTVSPropertyOp24
 70
     1
102
RTVSPropertyOp25
 70
     1
102
RTVSPropertyOp26
 70
     1
102
RTVSPropertyOp27
 70
     1
102
RTVSPropertyOp28
 70
     1
102
RTVSPropertyOp29
 70
     1
102
RTVSPropertyOp30
 70
     1
102
RTVSPropertyOp31
 70
     1
102
RTVSPropertyOp32
 70
     1
102
RTVSPropertyOp33
 70
     1
102
RTVSPropertyOp34
 70
     1
102
RTVSPropertyOp35
 70
     1
102
RTVSPropertyOp36
 70
     1
102
RTVSPropertyOp37
 70
     1
102
RTVSPropertyOp38
 70
     1
102
RTVSPropertyOp39
 70
     1
102
RTVSPropertyOp40
 70
     1
102
RTVSPropertyOp41
 70
     1
102
RTVSPropertyOp42
 70
     1
102
RTVSPropertyOp43
 70
     1
102
RTVSPropertyOp44
 70
     1
102
RTVSPropertyOp45
 70
     1
102
RTVSPropertyOp46
 70
     1
102
RTVSPropertyOp47
 70
     1
102
RTVSPropertyOp48
 70
     1
102
RTVSPropertyOp49
 70
     1
102
RTVSPropertyOp50
 70
     1
102
RTVSPropertyOp51
 70
     0
102
RTVSPropertyOp52
 70
     0
102
RTVSPropertyOp53
 70
     1
102
RTVSPropertyOp54
 70
     1
102
RTVSPropertyOp55
 70
     1
102
RTVSPropertyOp56
 70
     1
102
RTVSPropertyOp57
 70
     1
102
RTVSPropertyOp58
 70
     1
102
RTVSPropertyOp59
 70
     1
102
RTVSPropertyOp60
 70
     1
102
RTVSPropertyOp61
 70
     1
102
RTVSPropertyOp62
 70
     1
  0
XRECORD
  5
14C6
102
{ACAD_REACTORS
330
14C5
102
}
330
14C5
100
AcDbXrecord
280
     1
102
RTVSPost2010Prop28
280
     0
102
RTVSPost2010PropOp28
 70
     1
102
RTVSPost2010Prop29
280
     1
102
RTVSPost2010PropOp29
 70
     1
102
RTVSPost2010Prop30
280
     1
102
RTVSPost2010PropOp30
 70
     1
102
RTVSPost2010Prop31
280
     0
102
RTVSPost2010PropOp31
 70
     1
102
RTVSPost2010Prop32
280
     0
102
RTVSPost2010PropOp32
 70
     1
102
RTVSPost2010Prop33
280
     0
102
RTVSPost2010PropOp33
 70
     1
102
RTVSPost2010Prop34
280
     0
102
RTVSPost2010PropOp34
 70
     1
102
RTVSPost2010Prop35
280
     0
102
RTVSPost2010PropOp35
 70
     1
102
RTVSPost2010Prop36
280
     0
102
RTVSPost2010PropOp36
 70
     1
102
RTVSPost2010Prop37
 90
       50
102
RTVSPost2010PropOp37
 70
     1
102
RTVSPost2010Prop38
140
0.0
102
RTVSPost2010PropOp38
 70
     1
102
RTVSPost2010Prop39
140
1.0
102
RTVSPost2010PropOp39
 70
     1
102
RTVSPost2010Prop40
 90
        0
102
RTVSPost2010PropOp40
 70
     1
102
RTVSPost2010Prop41ColorIndex
 90
       18
102
RTVSPost2010Prop41ColorRGB
 90
        0
102
RTVSPost2010PropOp41
 70
     1
102
RTVSPost2010Prop42
 90
       50
102
RTVSPost2010PropOp42
 70
     1
102
RTVSPost2010Prop43
 90
        3
102
RTVSPost2010PropOp43
 70
     1
102
RTVSPost2010Prop44ColorIndex
 90
        5
102
RTVSPost2010Prop44ColorRGB
 90
      255
102
RTVSPost2010PropOp44
 70
     1
102
RTVSPost2010Prop45
280
     0
102
RTVSPost2010PropOp45
 70
     1
102
RTVSPost2010Prop46
 90
       50
102
RTVSPost2010PropOp46
 70
     1
102
RTVSPost2010Prop47
 90
       50
102
RTVSPost2010PropOp47
 70
     1
102
RTVSPost2010Prop48
 90
       50
102
RTVSPost2010PropOp48
 70
     1
102
RTVSPost2010Prop49
280
     0
102
RTVSPost2010PropOp49
 70
     1
102
RTVSPost2010Prop50
 90
       50
102
RTVSPost2010PropOp50
 70
     1
102
RTVSPost2010Prop51ColorIndex
 90
      256
102
RTVSPost2010Prop51ColorRGB
 90
-16777216
102
RTVSPost2010PropOp51
 70
     0
102
RTVSPost2010Prop52
140
1.0
102
RTVSPost2010PropOp52
 70
     0
102
RTVSPost2010Prop53
 90
        2
102
RTVSPost2010PropOp53
 70
     1
102
RTVSPost2010Prop54
  1
strokes_ogs.tif
102
RTVSPost2010PropOp54
 70
     1
102
RTVSPost2010Prop55
280
     0
102
RTVSPost2010PropOp55
 70
     1
102
RTVSPost2010Prop56
140
1.0
102
RTVSPost2010PropOp56
 70
     1
102
RTVSPost2010Prop57
140
1.0
102
RTVSPost2010PropOp57
 70
     1
102
RTVSPropertyOp0
 70
     1
102
RTVSPropertyOp1
 70
     1
102
RTVSPropertyOp2
 70
     1
102
RTVSPropertyOp3
 70
     1
102
RTVSPropertyOp4
 70
     1
102
RTVSPropertyOp5
 70
     1
102
RTVSPropertyOp6
 70
     1
102
RTVSPropertyOp7
 70
     1
102
RTVSPropertyOp8
 70
     1
102
RTVSPropertyOp9
 70
     1
102
RTVSPropertyOp10
 70
     1
102
RTVSPropertyOp11
 70
     1
102
RTVSPropertyOp12
 70
     1
102
RTVSPropertyOp13
 70
     1
102
RTVSPropertyOp14
 70
     1
102
RTVSPropertyOp15
 70
     1
102
RTVSPropertyOp16
 70
     1
102
RTVSPropertyOp17
 70
     1
102
RTVSPropertyOp18
 70
     1
102
RTVSPropertyOp19
 70
     1
102
RTVSPropertyOp20
 70
     1
102
RTVSPropertyOp21
 70
     1
102
RTVSPropertyOp22
 70
     1
102
RTVSPropertyOp23
 70
     1
102
RTVSPropertyOp24
 70
     1
102
RTVSPropertyOp25
 70
     1
102
RTVSPropertyOp26
 70
     1
102
RTVSPropertyOp27
 70
     1
102
RTVSPropertyOp28
 70
     1
102
RTVSPropertyOp29
 70
     1
102
RTVSPropertyOp30
 70
     1
102
RTVSPropertyOp31
 70
     1
102
RTVSPropertyOp32
 70
     1
102
RTVSPropertyOp33
 70
     1
102
RTVSPropertyOp34
 70
     1
102
RTVSPropertyOp35
 70
     1
102
RTVSPropertyOp36
 70
     1
102
RTVSPropertyOp37
 70
     1
102
RTVSPropertyOp38
 70
     1
102
RTVSPropertyOp39
 70
     1
102
RTVSPropertyOp40
 70
     1
102
RTVSPropertyOp41
 70
     1
102
RTVSPropertyOp42
 70
     1
102
RTVSPropertyOp43
 70
     1
102
RTVSPropertyOp44
 70
     1
102
RTVSPropertyOp45
 70
     1
102
RTVSPropertyOp46
 70
     1
102
RTVSPropertyOp47
 70
     1
102
RTVSPropertyOp48
 70
     1
102
RTVSPropertyOp49
 70
     1
102
RTVSPropertyOp50
 70
     1
102
RTVSPropertyOp51
 70
     0
102
RTVSPropertyOp52
 70
     0
102
RTVSPropertyOp53
 70
     1
102
RTVSPropertyOp54
 70
     1
102
RTVSPropertyOp55
 70
     1
102
RTVSPropertyOp56
 70
     1
102
RTVSPropertyOp57
 70
     1
102
RTVSPropertyOp58
 70
     1
102
RTVSPropertyOp59
 70
     1
102
RTVSPropertyOp60
 70
     1
102
RTVSPropertyOp61
 70
     1
102
RTVSPropertyOp62
 70
     1
  0
XRECORD
  5
14E0
102
{ACAD_REACTORS
330
14DF
102
}
330
14DF
100
AcDbXrecord
280
     1
102
RTVSPost2010Prop28
280
     0
102
RTVSPost2010PropOp28
 70
     1
102
RTVSPost2010Prop29
280
     1
102
RTVSPost2010PropOp29
 70
     1
102
RTVSPost2010Prop30
280
     1
102
RTVSPost2010PropOp30
 70
     1
102
RTVSPost2010Prop31
280
     0
102
RTVSPost2010PropOp31
 70
     1
102
RTVSPost2010Prop32
280
     0
102
RTVSPost2010PropOp32
 70
     1
102
RTVSPost2010Prop33
280
     0
102
RTVSPost2010PropOp33
 70
     1
102
RTVSPost2010Prop34
280
     0
102
RTVSPost2010PropOp34
 70
     1
102
RTVSPost2010Prop35
280
     0
102
RTVSPost2010PropOp35
 70
     1
102
RTVSPost2010Prop36
280
     0
102
RTVSPost2010PropOp36
 70
     1
102
RTVSPost2010Prop37
 90
       50
102
RTVSPost2010PropOp37
 70
     0
102
RTVSPost2010Prop38
140
0.0
102
RTVSPost2010PropOp38
 70
     0
102
RTVSPost2010Prop39
140
1.0
102
RTVSPost2010PropOp39
 70
     0
102
RTVSPost2010Prop40
 90
        0
102
RTVSPost2010PropOp40
 70
     0
102
RTVSPost2010Prop41ColorIndex
 90
       18
102
RTVSPost2010Prop41ColorRGB
 90
        0
102
RTVSPost2010PropOp41
 70
     0
102
RTVSPost2010Prop42
 90
       50
102
RTVSPost2010PropOp42
 70
     0
102
RTVSPost2010Prop43
 90
        3
102
RTVSPost2010PropOp43
 70
     0
102
RTVSPost2010Prop44ColorIndex
 90
        5
102
RTVSPost2010Prop44ColorRGB
 90
      255
102
RTVSPost2010PropOp44
 70
     0
102
RTVSPost2010Prop45
280
     0
102
RTVSPost2010PropOp45
 70
     1
102
RTVSPost2010Prop46
 90
       50
102
RTVSPost2010PropOp46
 70
     0
102
RTVSPost2010Prop47
 90
       50
102
RTVSPost2010PropOp47
 70
     0
102
RTVSPost2010Prop48
 90
       50
102
RTVSPost2010PropOp48
 70
     0
102
RTVSPost2010Prop49
280
     0
102
RTVSPost2010PropOp49
 70
     1
102
RTVSPost2010Prop50
 90
       50
102
RTVSPost2010PropOp50
 70
     0
102
RTVSPost2010Prop51ColorIndex
 90
      256
102
RTVSPost2010Prop51ColorRGB
 90
-16777216
102
RTVSPost2010PropOp51
 70
     0
102
RTVSPost2010Prop52
140
1.0
102
RTVSPost2010PropOp52
 70
     0
102
RTVSPost2010Prop53
 90
        2
102
RTVSPost2010PropOp53
 70
     0
102
RTVSPost2010Prop54
  1
strokes_ogs.tif
102
RTVSPost2010PropOp54
 70
     0
102
RTVSPost2010Prop55
280
     0
102
RTVSPost2010PropOp55
 70
     1
102
RTVSPost2010Prop56
140
1.0
102
RTVSPost2010PropOp56
 70
     0
102
RTVSPost2010Prop57
140
1.0
102
RTVSPost2010PropOp57
 70
     0
102
RTVSPropertyOp0
 70
     0
102
RTVSPropertyOp1
 70
     0
102
RTVSPropertyOp2
 70
     0
102
RTVSPropertyOp3
 70
     0
102
RTVSPropertyOp4
 70
     0
102
RTVSPropertyOp5
 70
     0
102
RTVSPropertyOp6
 70
     0
102
RTVSPropertyOp7
 70
     0
102
RTVSPropertyOp8
 70
     0
102
RTVSPropertyOp9
 70
     0
102
RTVSPropertyOp10
 70
     0
102
RTVSPropertyOp11
 70
     0
102
RTVSPropertyOp12
 70
     0
102
RTVSPropertyOp13
 70
     0
102
RTVSPropertyOp14
 70
     2
102
RTVSPropertyOp15
 70
     0
102
RTVSPropertyOp16
 70
     0
102
RTVSPropertyOp17
 70
     0
102
RTVSPropertyOp18
 70
     0
102
RTVSPropertyOp19
 70
     0
102
RTVSPropertyOp20
 70
     0
102
RTVSPropertyOp21
 70
     0
102
RTVSPropertyOp22
 70
     0
102
RTVSPropertyOp23
 70
     0
102
RTVSPropertyOp24
 70
     0
102
RTVSPropertyOp25
 70
     0
102
RTVSPropertyOp26
 70
     0
102
RTVSPropertyOp27
 70
     0
102
RTVSPropertyOp28
 70
     1
102
RTVSPropertyOp29
 70
     1
102
RTVSPropertyOp30
 70
     1
102
RTVSPropertyOp31
 70
     1
102
RTVSPropertyOp32
 70
     1
102
RTVSPropertyOp33
 70
     1
102
RTVSPropertyOp34
 70
     1
102
RTVSPropertyOp35
 70
     1
102
RTVSPropertyOp36
 70
     1
102
RTVSPropertyOp37
 70
     0
102
RTVSPropertyOp38
 70
     0
102
RTVSPropertyOp39
 70
     0
102
RTVSPropertyOp40
 70
     0
102
RTVSPropertyOp41
 70
     0
102
RTVSPropertyOp42
 70
     0
102
RTVSPropertyOp43
 70
     0
102
RTVSPropertyOp44
 70
     0
102
RTVSPropertyOp45
 70
     1
102
RTVSPropertyOp46
 70
     0
102
RTVSPropertyOp47
 70
     0
102
RTVSPropertyOp48
 70
     0
102
RTVSPropertyOp49
 70
     1
102
RTVSPropertyOp50
 70
     0
102
RTVSPropertyOp51
 70
     0
102
RTVSPropertyOp52
 70
     0
102
RTVSPropertyOp53
 70
     0
102
RTVSPropertyOp54
 70
     0
102
RTVSPropertyOp55
 70
     1
102
RTVSPropertyOp56
 70
     0
102
RTVSPropertyOp57
 70
     0
102
RTVSPropertyOp58
 70
     0
102
RTVSPropertyOp59
 70
     0
102
RTVSPropertyOp60
 70
     0
102
RTVSPropertyOp61
 70
     0
102
RTVSPropertyOp62
 70
     0
  0
XRECORD
  5
14CE
102
{ACAD_REACTORS
330
14CD
102
}
330
14CD
100
AcDbXrecord
280
     1
102
RTVSPost2010Prop28
280
     0
102
RTVSPost2010PropOp28
 70
     1
102
RTVSPost2010Prop29
280
     1
102
RTVSPost2010PropOp29
 70
     1
102
RTVSPost2010Prop30
280
     1
102
RTVSPost2010PropOp30
 70
     1
102
RTVSPost2010Prop31
280
     0
102
RTVSPost2010PropOp31
 70
     1
102
RTVSPost2010Prop32
280
     0
102
RTVSPost2010PropOp32
 70
     1
102
RTVSPost2010Prop33
280
     0
102
RTVSPost2010PropOp33
 70
     1
102
RTVSPost2010Prop34
280
     0
102
RTVSPost2010PropOp34
 70
     1
102
RTVSPost2010Prop35
280
     0
102
RTVSPost2010PropOp35
 70
     1
102
RTVSPost2010Prop36
280
     0
102
RTVSPost2010PropOp36
 70
     1
102
RTVSPost2010Prop37
 90
       50
102
RTVSPost2010PropOp37
 70
     1
102
RTVSPost2010Prop38
140
0.0
102
RTVSPost2010PropOp38
 70
     1
102
RTVSPost2010Prop39
140
1.0
102
RTVSPost2010PropOp39
 70
     1
102
RTVSPost2010Prop40
 90
        0
102
RTVSPost2010PropOp40
 70
     1
102
RTVSPost2010Prop41ColorIndex
 90
       18
102
RTVSPost2010Prop41ColorRGB
 90
        0
102
RTVSPost2010PropOp41
 70
     1
102
RTVSPost2010Prop42
 90
       50
102
RTVSPost2010PropOp42
 70
     1
102
RTVSPost2010Prop43
 90
        3
102
RTVSPost2010PropOp43
 70
     1
102
RTVSPost2010Prop44ColorIndex
 90
        5
102
RTVSPost2010Prop44ColorRGB
 90
      255
102
RTVSPost2010PropOp44
 70
     1
102
RTVSPost2010Prop45
280
     0
102
RTVSPost2010PropOp45
 70
     1
102
RTVSPost2010Prop46
 90
       50
102
RTVSPost2010PropOp46
 70
     1
102
RTVSPost2010Prop47
 90
       50
102
RTVSPost2010PropOp47
 70
     1
102
RTVSPost2010Prop48
 90
       50
102
RTVSPost2010PropOp48
 70
     1
102
RTVSPost2010Prop49
280
     0
102
RTVSPost2010PropOp49
 70
     1
102
RTVSPost2010Prop50
 90
       50
102
RTVSPost2010PropOp50
 70
     1
102
RTVSPost2010Prop51ColorIndex
 90
      256
102
RTVSPost2010Prop51ColorRGB
 90
-16777216
102
RTVSPost2010PropOp51
 70
     0
102
RTVSPost2010Prop52
140
1.0
102
RTVSPost2010PropOp52
 70
     0
102
RTVSPost2010Prop53
 90
        2
102
RTVSPost2010PropOp53
 70
     1
102
RTVSPost2010Prop54
  1
strokes_ogs.tif
102
RTVSPost2010PropOp54
 70
     1
102
RTVSPost2010Prop55
280
     0
102
RTVSPost2010PropOp55
 70
     1
102
RTVSPost2010Prop56
140
1.0
102
RTVSPost2010PropOp56
 70
     1
102
RTVSPost2010Prop57
140
1.0
102
RTVSPost2010PropOp57
 70
     1
102
RTVSPropertyOp0
 70
     1
102
RTVSPropertyOp1
 70
     1
102
RTVSPropertyOp2
 70
     1
102
RTVSPropertyOp3
 70
     1
102
RTVSPropertyOp4
 70
     1
102
RTVSPropertyOp5
 70
     1
102
RTVSPropertyOp6
 70
     1
102
RTVSPropertyOp7
 70
     1
102
RTVSPropertyOp8
 70
     1
102
RTVSPropertyOp9
 70
     1
102
RTVSPropertyOp10
 70
     1
102
RTVSPropertyOp11
 70
     1
102
RTVSPropertyOp12
 70
     1
102
RTVSPropertyOp13
 70
     1
102
RTVSPropertyOp14
 70
     1
102
RTVSPropertyOp15
 70
     1
102
RTVSPropertyOp16
 70
     1
102
RTVSPropertyOp17
 70
     1
102
RTVSPropertyOp18
 70
     1
102
RTVSPropertyOp19
 70
     1
102
RTVSPropertyOp20
 70
     1
102
RTVSPropertyOp21
 70
     1
102
RTVSPropertyOp22
 70
     1
102
RTVSPropertyOp23
 70
     1
102
RTVSPropertyOp24
 70
     1
102
RTVSPropertyOp25
 70
     1
102
RTVSPropertyOp26
 70
     1
102
RTVSPropertyOp27
 70
     1
102
RTVSPropertyOp28
 70
     1
102
RTVSPropertyOp29
 70
     1
102
RTVSPropertyOp30
 70
     1
102
RTVSPropertyOp31
 70
     1
102
RTVSPropertyOp32
 70
     1
102
RTVSPropertyOp33
 70
     1
102
RTVSPropertyOp34
 70
     1
102
RTVSPropertyOp35
 70
     1
102
RTVSPropertyOp36
 70
     1
102
RTVSPropertyOp37
 70
     1
102
RTVSPropertyOp38
 70
     1
102
RTVSPropertyOp39
 70
     1
102
RTVSPropertyOp40
 70
     1
102
RTVSPropertyOp41
 70
     1
102
RTVSPropertyOp42
 70
     1
102
RTVSPropertyOp43
 70
     1
102
RTVSPropertyOp44
 70
     1
102
RTVSPropertyOp45
 70
     1
102
RTVSPropertyOp46
 70
     1
102
RTVSPropertyOp47
 70
     1
102
RTVSPropertyOp48
 70
     1
102
RTVSPropertyOp49
 70
     1
102
RTVSPropertyOp50
 70
     1
102
RTVSPropertyOp51
 70
     0
102
RTVSPropertyOp52
 70
     0
102
RTVSPropertyOp53
 70
     1
102
RTVSPropertyOp54
 70
     1
102
RTVSPropertyOp55
 70
     1
102
RTVSPropertyOp56
 70
     1
102
RTVSPropertyOp57
 70
     1
102
RTVSPropertyOp58
 70
     1
102
RTVSPropertyOp59
 70
     1
102
RTVSPropertyOp60
 70
     1
102
RTVSPropertyOp61
 70
     1
102
RTVSPropertyOp62
 70
     1
  0
XRECORD
  5
14B2
102
{ACAD_REACTORS
330
14B1
102
}
330
14B1
100
AcDbXrecord
280
     1
102
RTVSPost2010Prop28
280
     0
102
RTVSPost2010PropOp28
 70
     1
102
RTVSPost2010Prop29
280
     1
102
RTVSPost2010PropOp29
 70
     1
102
RTVSPost2010Prop30
280
     1
102
RTVSPost2010PropOp30
 70
     1
102
RTVSPost2010Prop31
280
     0
102
RTVSPost2010PropOp31
 70
     1
102
RTVSPost2010Prop32
280
     0
102
RTVSPost2010PropOp32
 70
     1
102
RTVSPost2010Prop33
280
     0
102
RTVSPost2010PropOp33
 70
     1
102
RTVSPost2010Prop34
280
     0
102
RTVSPost2010PropOp34
 70
     1
102
RTVSPost2010Prop35
280
     0
102
RTVSPost2010PropOp35
 70
     1
102
RTVSPost2010Prop36
280
     0
102
RTVSPost2010PropOp36
 70
     1
102
RTVSPost2010Prop37
 90
       50
102
RTVSPost2010PropOp37
 70
     1
102
RTVSPost2010Prop38
140
0.0
102
RTVSPost2010PropOp38
 70
     1
102
RTVSPost2010Prop39
140
1.0
102
RTVSPost2010PropOp39
 70
     1
102
RTVSPost2010Prop40
 90
        0
102
RTVSPost2010PropOp40
 70
     1
102
RTVSPost2010Prop41ColorIndex
 90
       18
102
RTVSPost2010Prop41ColorRGB
 90
        0
102
RTVSPost2010PropOp41
 70
     1
102
RTVSPost2010Prop42
 90
       50
102
RTVSPost2010PropOp42
 70
     1
102
RTVSPost2010Prop43
 90
        3
102
RTVSPost2010PropOp43
 70
     1
102
RTVSPost2010Prop44ColorIndex
 90
        5
102
RTVSPost2010Prop44ColorRGB
 90
      255
102
RTVSPost2010PropOp44
 70
     1
102
RTVSPost2010Prop45
280
     0
102
RTVSPost2010PropOp45
 70
     1
102
RTVSPost2010Prop46
 90
       50
102
RTVSPost2010PropOp46
 70
     1
102
RTVSPost2010Prop47
 90
       50
102
RTVSPost2010PropOp47
 70
     1
102
RTVSPost2010Prop48
 90
       50
102
RTVSPost2010PropOp48
 70
     1
102
RTVSPost2010Prop49
280
     0
102
RTVSPost2010PropOp49
 70
     1
102
RTVSPost2010Prop50
 90
       50
102
RTVSPost2010PropOp50
 70
     1
102
RTVSPost2010Prop51ColorIndex
 90
      256
102
RTVSPost2010Prop51ColorRGB
 90
-16777216
102
RTVSPost2010PropOp51
 70
     0
102
RTVSPost2010Prop52
140
1.0
102
RTVSPost2010PropOp52
 70
     0
102
RTVSPost2010Prop53
 90
        2
102
RTVSPost2010PropOp53
 70
     1
102
RTVSPost2010Prop54
  1
strokes_ogs.tif
102
RTVSPost2010PropOp54
 70
     1
102
RTVSPost2010Prop55
280
     0
102
RTVSPost2010PropOp55
 70
     1
102
RTVSPost2010Prop56
140
1.0
102
RTVSPost2010PropOp56
 70
     1
102
RTVSPost2010Prop57
140
1.0
102
RTVSPost2010PropOp57
 70
     1
102
RTVSPropertyOp0
 70
     1
102
RTVSPropertyOp1
 70
     1
102
RTVSPropertyOp2
 70
     1
102
RTVSPropertyOp3
 70
     1
102
RTVSPropertyOp4
 70
     1
102
RTVSPropertyOp5
 70
     1
102
RTVSPropertyOp6
 70
     1
102
RTVSPropertyOp7
 70
     1
102
RTVSPropertyOp8
 70
     1
102
RTVSPropertyOp9
 70
     1
102
RTVSPropertyOp10
 70
     1
102
RTVSPropertyOp11
 70
     1
102
RTVSPropertyOp12
 70
     1
102
RTVSPropertyOp13
 70
     1
102
RTVSPropertyOp14
 70
     1
102
RTVSPropertyOp15
 70
     1
102
RTVSPropertyOp16
 70
     1
102
RTVSPropertyOp17
 70
     1
102
RTVSPropertyOp18
 70
     1
102
RTVSPropertyOp19
 70
     1
102
RTVSPropertyOp20
 70
     1
102
RTVSPropertyOp21
 70
     1
102
RTVSPropertyOp22
 70
     1
102
RTVSPropertyOp23
 70
     1
102
RTVSPropertyOp24
 70
     1
102
RTVSPropertyOp25
 70
     1
102
RTVSPropertyOp26
 70
     1
102
RTVSPropertyOp27
 70
     1
102
RTVSPropertyOp28
 70
     1
102
RTVSPropertyOp29
 70
     1
102
RTVSPropertyOp30
 70
     1
102
RTVSPropertyOp31
 70
     1
102
RTVSPropertyOp32
 70
     1
102
RTVSPropertyOp33
 70
     1
102
RTVSPropertyOp34
 70
     1
102
RTVSPropertyOp35
 70
     1
102
RTVSPropertyOp36
 70
     1
102
RTVSPropertyOp37
 70
     1
102
RTVSPropertyOp38
 70
     1
102
RTVSPropertyOp39
 70
     1
102
RTVSPropertyOp40
 70
     1
102
RTVSPropertyOp41
 70
     1
102
RTVSPropertyOp42
 70
     1
102
RTVSPropertyOp43
 70
     1
102
RTVSPropertyOp44
 70
     1
102
RTVSPropertyOp45
 70
     1
102
RTVSPropertyOp46
 70
     1
102
RTVSPropertyOp47
 70
     1
102
RTVSPropertyOp48
 70
     1
102
RTVSPropertyOp49
 70
     1
102
RTVSPropertyOp50
 70
     1
102
RTVSPropertyOp51
 70
     0
102
RTVSPropertyOp52
 70
     0
102
RTVSPropertyOp53
 70
     1
102
RTVSPropertyOp54
 70
     1
102
RTVSPropertyOp55
 70
     1
102
RTVSPropertyOp56
 70
     1
102
RTVSPropertyOp57
 70
     1
102
RTVSPropertyOp58
 70
     1
102
RTVSPropertyOp59
 70
     1
102
RTVSPropertyOp60
 70
     1
102
RTVSPropertyOp61
 70
     1
102
RTVSPropertyOp62
 70
     1
  0
XRECORD
  5
14B4
102
{ACAD_REACTORS
330
14B3
102
}
330
14B3
100
AcDbXrecord
280
     1
102
RTVSPost2010Prop28
280
     0
102
RTVSPost2010PropOp28
 70
     1
102
RTVSPost2010Prop29
280
     1
102
RTVSPost2010PropOp29
 70
     1
102
RTVSPost2010Prop30
280
     1
102
RTVSPost2010PropOp30
 70
     1
102
RTVSPost2010Prop31
280
     0
102
RTVSPost2010PropOp31
 70
     1
102
RTVSPost2010Prop32
280
     0
102
RTVSPost2010PropOp32
 70
     1
102
RTVSPost2010Prop33
280
     0
102
RTVSPost2010PropOp33
 70
     1
102
RTVSPost2010Prop34
280
     0
102
RTVSPost2010PropOp34
 70
     1
102
RTVSPost2010Prop35
280
     0
102
RTVSPost2010PropOp35
 70
     1
102
RTVSPost2010Prop36
280
     0
102
RTVSPost2010PropOp36
 70
     1
102
RTVSPost2010Prop37
 90
       50
102
RTVSPost2010PropOp37
 70
     1
102
RTVSPost2010Prop38
140
0.0
102
RTVSPost2010PropOp38
 70
     1
102
RTVSPost2010Prop39
140
1.0
102
RTVSPost2010PropOp39
 70
     1
102
RTVSPost2010Prop40
 90
        0
102
RTVSPost2010PropOp40
 70
     1
102
RTVSPost2010Prop41ColorIndex
 90
       18
102
RTVSPost2010Prop41ColorRGB
 90
        0
102
RTVSPost2010PropOp41
 70
     1
102
RTVSPost2010Prop42
 90
       50
102
RTVSPost2010PropOp42
 70
     1
102
RTVSPost2010Prop43
 90
        3
102
RTVSPost2010PropOp43
 70
     1
102
RTVSPost2010Prop44ColorIndex
 90
        5
102
RTVSPost2010Prop44ColorRGB
 90
      255
102
RTVSPost2010PropOp44
 70
     1
102
RTVSPost2010Prop45
280
     0
102
RTVSPost2010PropOp45
 70
     1
102
RTVSPost2010Prop46
 90
       50
102
RTVSPost2010PropOp46
 70
     1
102
RTVSPost2010Prop47
 90
       50
102
RTVSPost2010PropOp47
 70
     1
102
RTVSPost2010Prop48
 90
       50
102
RTVSPost2010PropOp48
 70
     1
102
RTVSPost2010Prop49
280
     0
102
RTVSPost2010PropOp49
 70
     1
102
RTVSPost2010Prop50
 90
       50
102
RTVSPost2010PropOp50
 70
     1
102
RTVSPost2010Prop51ColorIndex
 90
      256
102
RTVSPost2010Prop51ColorRGB
 90
-16777216
102
RTVSPost2010PropOp51
 70
     0
102
RTVSPost2010Prop52
140
1.0
102
RTVSPost2010PropOp52
 70
     0
102
RTVSPost2010Prop53
 90
        2
102
RTVSPost2010PropOp53
 70
     1
102
RTVSPost2010Prop54
  1
strokes_ogs.tif
102
RTVSPost2010PropOp54
 70
     1
102
RTVSPost2010Prop55
280
     0
102
RTVSPost2010PropOp55
 70
     1
102
RTVSPost2010Prop56
140
1.0
102
RTVSPost2010PropOp56
 70
     1
102
RTVSPost2010Prop57
140
1.0
102
RTVSPost2010PropOp57
 70
     1
102
RTVSPropertyOp0
 70
     1
102
RTVSPropertyOp1
 70
     1
102
RTVSPropertyOp2
 70
     1
102
RTVSPropertyOp3
 70
     1
102
RTVSPropertyOp4
 70
     1
102
RTVSPropertyOp5
 70
     1
102
RTVSPropertyOp6
 70
     1
102
RTVSPropertyOp7
 70
     1
102
RTVSPropertyOp8
 70
     1
102
RTVSPropertyOp9
 70
     1
102
RTVSPropertyOp10
 70
     1
102
RTVSPropertyOp11
 70
     1
102
RTVSPropertyOp12
 70
     1
102
RTVSPropertyOp13
 70
     1
102
RTVSPropertyOp14
 70
     1
102
RTVSPropertyOp15
 70
     1
102
RTVSPropertyOp16
 70
     1
102
RTVSPropertyOp17
 70
     1
102
RTVSPropertyOp18
 70
     1
102
RTVSPropertyOp19
 70
     1
102
RTVSPropertyOp20
 70
     1
102
RTVSPropertyOp21
 70
     1
102
RTVSPropertyOp22
 70
     1
102
RTVSPropertyOp23
 70
     1
102
RTVSPropertyOp24
 70
     1
102
RTVSPropertyOp25
 70
     1
102
RTVSPropertyOp26
 70
     1
102
RTVSPropertyOp27
 70
     1
102
RTVSPropertyOp28
 70
     1
102
RTVSPropertyOp29
 70
     1
102
RTVSPropertyOp30
 70
     1
102
RTVSPropertyOp31
 70
     1
102
RTVSPropertyOp32
 70
     1
102
RTVSPropertyOp33
 70
     1
102
RTVSPropertyOp34
 70
     1
102
RTVSPropertyOp35
 70
     1
102
RTVSPropertyOp36
 70
     1
102
RTVSPropertyOp37
 70
     1
102
RTVSPropertyOp38
 70
     1
102
RTVSPropertyOp39
 70
     1
102
RTVSPropertyOp40
 70
     1
102
RTVSPropertyOp41
 70
     1
102
RTVSPropertyOp42
 70
     1
102
RTVSPropertyOp43
 70
     1
102
RTVSPropertyOp44
 70
     1
102
RTVSPropertyOp45
 70
     1
102
RTVSPropertyOp46
 70
     1
102
RTVSPropertyOp47
 70
     1
102
RTVSPropertyOp48
 70
     1
102
RTVSPropertyOp49
 70
     1
102
RTVSPropertyOp50
 70
     1
102
RTVSPropertyOp51
 70
     0
102
RTVSPropertyOp52
 70
     0
102
RTVSPropertyOp53
 70
     1
102
RTVSPropertyOp54
 70
     1
102
RTVSPropertyOp55
 70
     1
102
RTVSPropertyOp56
 70
     1
102
RTVSPropertyOp57
 70
     1
102
RTVSPropertyOp58
 70
     1
102
RTVSPropertyOp59
 70
     1
102
RTVSPropertyOp60
 70
     1
102
RTVSPropertyOp61
 70
     1
102
RTVSPropertyOp62
 70
     1
  0
XRECORD
  5
14B6
102
{ACAD_REACTORS
330
14B5
102
}
330
14B5
100
AcDbXrecord
280
     1
102
RTVSPost2010Prop28
280
     0
102
RTVSPost2010PropOp28
 70
     1
102
RTVSPost2010Prop29
280
     1
102
RTVSPost2010PropOp29
 70
     1
102
RTVSPost2010Prop30
280
     1
102
RTVSPost2010PropOp30
 70
     1
102
RTVSPost2010Prop31
280
     0
102
RTVSPost2010PropOp31
 70
     1
102
RTVSPost2010Prop32
280
     0
102
RTVSPost2010PropOp32
 70
     1
102
RTVSPost2010Prop33
280
     0
102
RTVSPost2010PropOp33
 70
     1
102
RTVSPost2010Prop34
280
     0
102
RTVSPost2010PropOp34
 70
     1
102
RTVSPost2010Prop35
280
     0
102
RTVSPost2010PropOp35
 70
     1
102
RTVSPost2010Prop36
280
     0
102
RTVSPost2010PropOp36
 70
     1
102
RTVSPost2010Prop37
 90
       50
102
RTVSPost2010PropOp37
 70
     1
102
RTVSPost2010Prop38
140
0.0
102
RTVSPost2010PropOp38
 70
     1
102
RTVSPost2010Prop39
140
1.0
102
RTVSPost2010PropOp39
 70
     1
102
RTVSPost2010Prop40
 90
        0
102
RTVSPost2010PropOp40
 70
     1
102
RTVSPost2010Prop41ColorIndex
 90
       18
102
RTVSPost2010Prop41ColorRGB
 90
        0
102
RTVSPost2010PropOp41
 70
     1
102
RTVSPost2010Prop42
 90
       50
102
RTVSPost2010PropOp42
 70
     1
102
RTVSPost2010Prop43
 90
        3
102
RTVSPost2010PropOp43
 70
     1
102
RTVSPost2010Prop44ColorIndex
 90
        5
102
RTVSPost2010Prop44ColorRGB
 90
      255
102
RTVSPost2010PropOp44
 70
     1
102
RTVSPost2010Prop45
280
     0
102
RTVSPost2010PropOp45
 70
     1
102
RTVSPost2010Prop46
 90
       50
102
RTVSPost2010PropOp46
 70
     1
102
RTVSPost2010Prop47
 90
       50
102
RTVSPost2010PropOp47
 70
     1
102
RTVSPost2010Prop48
 90
       50
102
RTVSPost2010PropOp48
 70
     1
102
RTVSPost2010Prop49
280
     0
102
RTVSPost2010PropOp49
 70
     1
102
RTVSPost2010Prop50
 90
       50
102
RTVSPost2010PropOp50
 70
     1
102
RTVSPost2010Prop51ColorIndex
 90
      256
102
RTVSPost2010Prop51ColorRGB
 90
-16777216
102
RTVSPost2010PropOp51
 70
     0
102
RTVSPost2010Prop52
140
1.0
102
RTVSPost2010PropOp52
 70
     0
102
RTVSPost2010Prop53
 90
        2
102
RTVSPost2010PropOp53
 70
     1
102
RTVSPost2010Prop54
  1
strokes_ogs.tif
102
RTVSPost2010PropOp54
 70
     1
102
RTVSPost2010Prop55
280
     0
102
RTVSPost2010PropOp55
 70
     1
102
RTVSPost2010Prop56
140
1.0
102
RTVSPost2010PropOp56
 70
     1
102
RTVSPost2010Prop57
140
1.0
102
RTVSPost2010PropOp57
 70
     1
102
RTVSPropertyOp0
 70
     1
102
RTVSPropertyOp1
 70
     1
102
RTVSPropertyOp2
 70
     1
102
RTVSPropertyOp3
 70
     1
102
RTVSPropertyOp4
 70
     1
102
RTVSPropertyOp5
 70
     1
102
RTVSPropertyOp6
 70
     1
102
RTVSPropertyOp7
 70
     1
102
RTVSPropertyOp8
 70
     1
102
RTVSPropertyOp9
 70
     1
102
RTVSPropertyOp10
 70
     1
102
RTVSPropertyOp11
 70
     1
102
RTVSPropertyOp12
 70
     1
102
RTVSPropertyOp13
 70
     1
102
RTVSPropertyOp14
 70
     1
102
RTVSPropertyOp15
 70
     1
102
RTVSPropertyOp16
 70
     1
102
RTVSPropertyOp17
 70
     1
102
RTVSPropertyOp18
 70
     1
102
RTVSPropertyOp19
 70
     1
102
RTVSPropertyOp20
 70
     1
102
RTVSPropertyOp21
 70
     1
102
RTVSPropertyOp22
 70
     1
102
RTVSPropertyOp23
 70
     1
102
RTVSPropertyOp24
 70
     1
102
RTVSPropertyOp25
 70
     1
102
RTVSPropertyOp26
 70
     1
102
RTVSPropertyOp27
 70
     1
102
RTVSPropertyOp28
 70
     1
102
RTVSPropertyOp29
 70
     1
102
RTVSPropertyOp30
 70
     1
102
RTVSPropertyOp31
 70
     1
102
RTVSPropertyOp32
 70
     1
102
RTVSPropertyOp33
 70
     1
102
RTVSPropertyOp34
 70
     1
102
RTVSPropertyOp35
 70
     1
102
RTVSPropertyOp36
 70
     1
102
RTVSPropertyOp37
 70
     1
102
RTVSPropertyOp38
 70
     1
102
RTVSPropertyOp39
 70
     1
102
RTVSPropertyOp40
 70
     1
102
RTVSPropertyOp41
 70
     1
102
RTVSPropertyOp42
 70
     1
102
RTVSPropertyOp43
 70
     1
102
RTVSPropertyOp44
 70
     1
102
RTVSPropertyOp45
 70
     1
102
RTVSPropertyOp46
 70
     1
102
RTVSPropertyOp47
 70
     1
102
RTVSPropertyOp48
 70
     1
102
RTVSPropertyOp49
 70
     1
102
RTVSPropertyOp50
 70
     1
102
RTVSPropertyOp51
 70
     0
102
RTVSPropertyOp52
 70
     0
102
RTVSPropertyOp53
 70
     1
102
RTVSPropertyOp54
 70
     1
102
RTVSPropertyOp55
 70
     1
102
RTVSPropertyOp56
 70
     1
102
RTVSPropertyOp57
 70
     1
102
RTVSPropertyOp58
 70
     1
102
RTVSPropertyOp59
 70
     1
102
RTVSPropertyOp60
 70
     1
102
RTVSPropertyOp61
 70
     1
102
RTVSPropertyOp62
 70
     1
  0
XRECORD
  5
14B8
102
{ACAD_REACTORS
330
14B7
102
}
330
14B7
100
AcDbXrecord
280
     1
102
RTVSPost2010Prop28
280
     0
102
RTVSPost2010PropOp28
 70
     1
102
RTVSPost2010Prop29
280
     1
102
RTVSPost2010PropOp29
 70
     1
102
RTVSPost2010Prop30
280
     1
102
RTVSPost2010PropOp30
 70
     1
102
RTVSPost2010Prop31
280
     0
102
RTVSPost2010PropOp31
 70
     1
102
RTVSPost2010Prop32
280
     0
102
RTVSPost2010PropOp32
 70
     1
102
RTVSPost2010Prop33
280
     0
102
RTVSPost2010PropOp33
 70
     1
102
RTVSPost2010Prop34
280
     0
102
RTVSPost2010PropOp34
 70
     1
102
RTVSPost2010Prop35
280
     0
102
RTVSPost2010PropOp35
 70
     1
102
RTVSPost2010Prop36
280
     0
102
RTVSPost2010PropOp36
 70
     1
102
RTVSPost2010Prop37
 90
       50
102
RTVSPost2010PropOp37
 70
     1
102
RTVSPost2010Prop38
140
0.0
102
RTVSPost2010PropOp38
 70
     1
102
RTVSPost2010Prop39
140
1.0
102
RTVSPost2010PropOp39
 70
     1
102
RTVSPost2010Prop40
 90
        0
102
RTVSPost2010PropOp40
 70
     1
102
RTVSPost2010Prop41ColorIndex
 90
       18
102
RTVSPost2010Prop41ColorRGB
 90
        0
102
RTVSPost2010PropOp41
 70
     1
102
RTVSPost2010Prop42
 90
       50
102
RTVSPost2010PropOp42
 70
     1
102
RTVSPost2010Prop43
 90
        3
102
RTVSPost2010PropOp43
 70
     1
102
RTVSPost2010Prop44ColorIndex
 90
        5
102
RTVSPost2010Prop44ColorRGB
 90
      255
102
RTVSPost2010PropOp44
 70
     1
102
RTVSPost2010Prop45
280
     0
102
RTVSPost2010PropOp45
 70
     1
102
RTVSPost2010Prop46
 90
       50
102
RTVSPost2010PropOp46
 70
     1
102
RTVSPost2010Prop47
 90
       50
102
RTVSPost2010PropOp47
 70
     1
102
RTVSPost2010Prop48
 90
       50
102
RTVSPost2010PropOp48
 70
     1
102
RTVSPost2010Prop49
280
     0
102
RTVSPost2010PropOp49
 70
     1
102
RTVSPost2010Prop50
 90
       50
102
RTVSPost2010PropOp50
 70
     1
102
RTVSPost2010Prop51ColorIndex
 90
      256
102
RTVSPost2010Prop51ColorRGB
 90
-16777216
102
RTVSPost2010PropOp51
 70
     0
102
RTVSPost2010Prop52
140
1.0
102
RTVSPost2010PropOp52
 70
     0
102
RTVSPost2010Prop53
 90
        2
102
RTVSPost2010PropOp53
 70
     1
102
RTVSPost2010Prop54
  1
strokes_ogs.tif
102
RTVSPost2010PropOp54
 70
     1
102
RTVSPost2010Prop55
280
     0
102
RTVSPost2010PropOp55
 70
     1
102
RTVSPost2010Prop56
140
1.0
102
RTVSPost2010PropOp56
 70
     1
102
RTVSPost2010Prop57
140
1.0
102
RTVSPost2010PropOp57
 70
     1
102
RTVSPropertyOp0
 70
     1
102
RTVSPropertyOp1
 70
     1
102
RTVSPropertyOp2
 70
     1
102
RTVSPropertyOp3
 70
     1
102
RTVSPropertyOp4
 70
     1
102
RTVSPropertyOp5
 70
     1
102
RTVSPropertyOp6
 70
     1
102
RTVSPropertyOp7
 70
     1
102
RTVSPropertyOp8
 70
     1
102
RTVSPropertyOp9
 70
     1
102
RTVSPropertyOp10
 70
     1
102
RTVSPropertyOp11
 70
     1
102
RTVSPropertyOp12
 70
     1
102
RTVSPropertyOp13
 70
     1
102
RTVSPropertyOp14
 70
     1
102
RTVSPropertyOp15
 70
     1
102
RTVSPropertyOp16
 70
     1
102
RTVSPropertyOp17
 70
     1
102
RTVSPropertyOp18
 70
     1
102
RTVSPropertyOp19
 70
     1
102
RTVSPropertyOp20
 70
     1
102
RTVSPropertyOp21
 70
     1
102
RTVSPropertyOp22
 70
     1
102
RTVSPropertyOp23
 70
     1
102
RTVSPropertyOp24
 70
     1
102
RTVSPropertyOp25
 70
     1
102
RTVSPropertyOp26
 70
     1
102
RTVSPropertyOp27
 70
     1
102
RTVSPropertyOp28
 70
     1
102
RTVSPropertyOp29
 70
     1
102
RTVSPropertyOp30
 70
     1
102
RTVSPropertyOp31
 70
     1
102
RTVSPropertyOp32
 70
     1
102
RTVSPropertyOp33
 70
     1
102
RTVSPropertyOp34
 70
     1
102
RTVSPropertyOp35
 70
     1
102
RTVSPropertyOp36
 70
     1
102
RTVSPropertyOp37
 70
     1
102
RTVSPropertyOp38
 70
     1
102
RTVSPropertyOp39
 70
     1
102
RTVSPropertyOp40
 70
     1
102
RTVSPropertyOp41
 70
     1
102
RTVSPropertyOp42
 70
     1
102
RTVSPropertyOp43
 70
     1
102
RTVSPropertyOp44
 70
     1
102
RTVSPropertyOp45
 70
     1
102
RTVSPropertyOp46
 70
     1
102
RTVSPropertyOp47
 70
     1
102
RTVSPropertyOp48
 70
     1
102
RTVSPropertyOp49
 70
     1
102
RTVSPropertyOp50
 70
     1
102
RTVSPropertyOp51
 70
     0
102
RTVSPropertyOp52
 70
     0
102
RTVSPropertyOp53
 70
     1
102
RTVSPropertyOp54
 70
     1
102
RTVSPropertyOp55
 70
     1
102
RTVSPropertyOp56
 70
     1
102
RTVSPropertyOp57
 70
     1
102
RTVSPropertyOp58
 70
     1
102
RTVSPropertyOp59
 70
     1
102
RTVSPropertyOp60
 70
     1
102
RTVSPropertyOp61
 70
     1
102
RTVSPropertyOp62
 70
     1
  0
XRECORD
  5
14C0
102
{ACAD_REACTORS
330
14BF
102
}
330
14BF
100
AcDbXrecord
280
     1
102
RTVSPost2010Prop28
280
     0
102
RTVSPost2010PropOp28
 70
     1
102
RTVSPost2010Prop29
280
     1
102
RTVSPost2010PropOp29
 70
     1
102
RTVSPost2010Prop30
280
     1
102
RTVSPost2010PropOp30
 70
     1
102
RTVSPost2010Prop31
280
     0
102
RTVSPost2010PropOp31
 70
     1
102
RTVSPost2010Prop32
280
     0
102
RTVSPost2010PropOp32
 70
     1
102
RTVSPost2010Prop33
280
     0
102
RTVSPost2010PropOp33
 70
     1
102
RTVSPost2010Prop34
280
     0
102
RTVSPost2010PropOp34
 70
     1
102
RTVSPost2010Prop35
280
     0
102
RTVSPost2010PropOp35
 70
     1
102
RTVSPost2010Prop36
280
     0
102
RTVSPost2010PropOp36
 70
     1
102
RTVSPost2010Prop37
 90
       50
102
RTVSPost2010PropOp37
 70
     1
102
RTVSPost2010Prop38
140
0.0
102
RTVSPost2010PropOp38
 70
     1
102
RTVSPost2010Prop39
140
1.0
102
RTVSPost2010PropOp39
 70
     1
102
RTVSPost2010Prop40
 90
        0
102
RTVSPost2010PropOp40
 70
     1
102
RTVSPost2010Prop41ColorIndex
 90
       18
102
RTVSPost2010Prop41ColorRGB
 90
        0
102
RTVSPost2010PropOp41
 70
     1
102
RTVSPost2010Prop42
 90
       50
102
RTVSPost2010PropOp42
 70
     1
102
RTVSPost2010Prop43
 90
        3
102
RTVSPost2010PropOp43
 70
     1
102
RTVSPost2010Prop44ColorIndex
 90
        5
102
RTVSPost2010Prop44ColorRGB
 90
      255
102
RTVSPost2010PropOp44
 70
     1
102
RTVSPost2010Prop45
280
     0
102
RTVSPost2010PropOp45
 70
     1
102
RTVSPost2010Prop46
 90
       50
102
RTVSPost2010PropOp46
 70
     1
102
RTVSPost2010Prop47
 90
       50
102
RTVSPost2010PropOp47
 70
     1
102
RTVSPost2010Prop48
 90
       50
102
RTVSPost2010PropOp48
 70
     1
102
RTVSPost2010Prop49
280
     0
102
RTVSPost2010PropOp49
 70
     1
102
RTVSPost2010Prop50
 90
       50
102
RTVSPost2010PropOp50
 70
     1
102
RTVSPost2010Prop51ColorIndex
 90
      256
102
RTVSPost2010Prop51ColorRGB
 90
-16777216
102
RTVSPost2010PropOp51
 70
     0
102
RTVSPost2010Prop52
140
1.0
102
RTVSPost2010PropOp52
 70
     0
102
RTVSPost2010Prop53
 90
        2
102
RTVSPost2010PropOp53
 70
     1
102
RTVSPost2010Prop54
  1
strokes_ogs.tif
102
RTVSPost2010PropOp54
 70
     1
102
RTVSPost2010Prop55
280
     0
102
RTVSPost2010PropOp55
 70
     1
102
RTVSPost2010Prop56
140
1.0
102
RTVSPost2010PropOp56
 70
     1
102
RTVSPost2010Prop57
140
1.0
102
RTVSPost2010PropOp57
 70
     1
102
RTVSPropertyOp0
 70
     1
102
RTVSPropertyOp1
 70
     1
102
RTVSPropertyOp2
 70
     1
102
RTVSPropertyOp3
 70
     1
102
RTVSPropertyOp4
 70
     1
102
RTVSPropertyOp5
 70
     1
102
RTVSPropertyOp6
 70
     1
102
RTVSPropertyOp7
 70
     1
102
RTVSPropertyOp8
 70
     1
102
RTVSPropertyOp9
 70
     1
102
RTVSPropertyOp10
 70
     1
102
RTVSPropertyOp11
 70
     1
102
RTVSPropertyOp12
 70
     1
102
RTVSPropertyOp13
 70
     1
102
RTVSPropertyOp14
 70
     1
102
RTVSPropertyOp15
 70
     1
102
RTVSPropertyOp16
 70
     1
102
RTVSPropertyOp17
 70
     1
102
RTVSPropertyOp18
 70
     1
102
RTVSPropertyOp19
 70
     1
102
RTVSPropertyOp20
 70
     1
102
RTVSPropertyOp21
 70
     1
102
RTVSPropertyOp22
 70
     1
102
RTVSPropertyOp23
 70
     1
102
RTVSPropertyOp24
 70
     1
102
RTVSPropertyOp25
 70
     1
102
RTVSPropertyOp26
 70
     1
102
RTVSPropertyOp27
 70
     1
102
RTVSPropertyOp28
 70
     1
102
RTVSPropertyOp29
 70
     1
102
RTVSPropertyOp30
 70
     1
102
RTVSPropertyOp31
 70
     1
102
RTVSPropertyOp32
 70
     1
102
RTVSPropertyOp33
 70
     1
102
RTVSPropertyOp34
 70
     1
102
RTVSPropertyOp35
 70
     1
102
RTVSPropertyOp36
 70
     1
102
RTVSPropertyOp37
 70
     1
102
RTVSPropertyOp38
 70
     1
102
RTVSPropertyOp39
 70
     1
102
RTVSPropertyOp40
 70
     1
102
RTVSPropertyOp41
 70
     1
102
RTVSPropertyOp42
 70
     1
102
RTVSPropertyOp43
 70
     1
102
RTVSPropertyOp44
 70
     1
102
RTVSPropertyOp45
 70
     1
102
RTVSPropertyOp46
 70
     1
102
RTVSPropertyOp47
 70
     1
102
RTVSPropertyOp48
 70
     1
102
RTVSPropertyOp49
 70
     1
102
RTVSPropertyOp50
 70
     1
102
RTVSPropertyOp51
 70
     0
102
RTVSPropertyOp52
 70
     0
102
RTVSPropertyOp53
 70
     1
102
RTVSPropertyOp54
 70
     1
102
RTVSPropertyOp55
 70
     1
102
RTVSPropertyOp56
 70
     1
102
RTVSPropertyOp57
 70
     1
102
RTVSPropertyOp58
 70
     1
102
RTVSPropertyOp59
 70
     1
102
RTVSPropertyOp60
 70
     1
102
RTVSPropertyOp61
 70
     1
102
RTVSPropertyOp62
 70
     1
  0
XRECORD
  5
14DC
102
{ACAD_REACTORS
330
14DB
102
}
330
14DB
100
AcDbXrecord
280
     1
102
RTVSPost2010Prop28
280
     0
102
RTVSPost2010PropOp28
 70
     1
102
RTVSPost2010Prop29
280
     1
102
RTVSPost2010PropOp29
 70
     1
102
RTVSPost2010Prop30
280
     1
102
RTVSPost2010PropOp30
 70
     1
102
RTVSPost2010Prop31
280
     0
102
RTVSPost2010PropOp31
 70
     1
102
RTVSPost2010Prop32
280
     0
102
RTVSPost2010PropOp32
 70
     1
102
RTVSPost2010Prop33
280
     0
102
RTVSPost2010PropOp33
 70
     1
102
RTVSPost2010Prop34
280
     0
102
RTVSPost2010PropOp34
 70
     1
102
RTVSPost2010Prop35
280
     0
102
RTVSPost2010PropOp35
 70
     1
102
RTVSPost2010Prop36
280
     0
102
RTVSPost2010PropOp36
 70
     1
102
RTVSPost2010Prop37
 90
       50
102
RTVSPost2010PropOp37
 70
     0
102
RTVSPost2010Prop38
140
0.0
102
RTVSPost2010PropOp38
 70
     0
102
RTVSPost2010Prop39
140
1.0
102
RTVSPost2010PropOp39
 70
     0
102
RTVSPost2010Prop40
 90
        0
102
RTVSPost2010PropOp40
 70
     0
102
RTVSPost2010Prop41ColorIndex
 90
       18
102
RTVSPost2010Prop41ColorRGB
 90
        0
102
RTVSPost2010PropOp41
 70
     0
102
RTVSPost2010Prop42
 90
       50
102
RTVSPost2010PropOp42
 70
     0
102
RTVSPost2010Prop43
 90
        3
102
RTVSPost2010PropOp43
 70
     0
102
RTVSPost2010Prop44ColorIndex
 90
        5
102
RTVSPost2010Prop44ColorRGB
 90
      255
102
RTVSPost2010PropOp44
 70
     0
102
RTVSPost2010Prop45
280
     0
102
RTVSPost2010PropOp45
 70
     1
102
RTVSPost2010Prop46
 90
       50
102
RTVSPost2010PropOp46
 70
     0
102
RTVSPost2010Prop47
 90
       50
102
RTVSPost2010PropOp47
 70
     0
102
RTVSPost2010Prop48
 90
       50
102
RTVSPost2010PropOp48
 70
     0
102
RTVSPost2010Prop49
280
     0
102
RTVSPost2010PropOp49
 70
     1
102
RTVSPost2010Prop50
 90
       50
102
RTVSPost2010PropOp50
 70
     0
102
RTVSPost2010Prop51ColorIndex
 90
      256
102
RTVSPost2010Prop51ColorRGB
 90
-16777216
102
RTVSPost2010PropOp51
 70
     0
102
RTVSPost2010Prop52
140
1.0
102
RTVSPost2010PropOp52
 70
     0
102
RTVSPost2010Prop53
 90
        2
102
RTVSPost2010PropOp53
 70
     0
102
RTVSPost2010Prop54
  1
strokes_ogs.tif
102
RTVSPost2010PropOp54
 70
     0
102
RTVSPost2010Prop55
280
     0
102
RTVSPost2010PropOp55
 70
     1
102
RTVSPost2010Prop56
140
1.0
102
RTVSPost2010PropOp56
 70
     0
102
RTVSPost2010Prop57
140
1.0
102
RTVSPost2010PropOp57
 70
     0
102
RTVSPropertyOp0
 70
     0
102
RTVSPropertyOp1
 70
     0
102
RTVSPropertyOp2
 70
     0
102
RTVSPropertyOp3
 70
     0
102
RTVSPropertyOp4
 70
     0
102
RTVSPropertyOp5
 70
     0
102
RTVSPropertyOp6
 70
     0
102
RTVSPropertyOp7
 70
     0
102
RTVSPropertyOp8
 70
     0
102
RTVSPropertyOp9
 70
     0
102
RTVSPropertyOp10
 70
     0
102
RTVSPropertyOp11
 70
     0
102
RTVSPropertyOp12
 70
     0
102
RTVSPropertyOp13
 70
     0
102
RTVSPropertyOp14
 70
     2
102
RTVSPropertyOp15
 70
     0
102
RTVSPropertyOp16
 70
     0
102
RTVSPropertyOp17
 70
     0
102
RTVSPropertyOp18
 70
     0
102
RTVSPropertyOp19
 70
     0
102
RTVSPropertyOp20
 70
     0
102
RTVSPropertyOp21
 70
     0
102
RTVSPropertyOp22
 70
     0
102
RTVSPropertyOp23
 70
     0
102
RTVSPropertyOp24
 70
     0
102
RTVSPropertyOp25
 70
     0
102
RTVSPropertyOp26
 70
     0
102
RTVSPropertyOp27
 70
     0
102
RTVSPropertyOp28
 70
     1
102
RTVSPropertyOp29
 70
     1
102
RTVSPropertyOp30
 70
     1
102
RTVSPropertyOp31
 70
     1
102
RTVSPropertyOp32
 70
     1
102
RTVSPropertyOp33
 70
     1
102
RTVSPropertyOp34
 70
     1
102
RTVSPropertyOp35
 70
     1
102
RTVSPropertyOp36
 70
     1
102
RTVSPropertyOp37
 70
     0
102
RTVSPropertyOp38
 70
     0
102
RTVSPropertyOp39
 70
     0
102
RTVSPropertyOp40
 70
     0
102
RTVSPropertyOp41
 70
     0
102
RTVSPropertyOp42
 70
     0
102
RTVSPropertyOp43
 70
     0
102
RTVSPropertyOp44
 70
     0
102
RTVSPropertyOp45
 70
     1
102
RTVSPropertyOp46
 70
     0
102
RTVSPropertyOp47
 70
     0
102
RTVSPropertyOp48
 70
     0
102
RTVSPropertyOp49
 70
     1
102
RTVSPropertyOp50
 70
     0
102
RTVSPropertyOp51
 70
     0
102
RTVSPropertyOp52
 70
     0
102
RTVSPropertyOp53
 70
     0
102
RTVSPropertyOp54
 70
     0
102
RTVSPropertyOp55
 70
     1
102
RTVSPropertyOp56
 70
     0
102
RTVSPropertyOp57
 70
     0
102
RTVSPropertyOp58
 70
     0
102
RTVSPropertyOp59
 70
     0
102
RTVSPropertyOp60
 70
     0
102
RTVSPropertyOp61
 70
     0
102
RTVSPropertyOp62
 70
     0
  0
XRECORD
  5
14CC
102
{ACAD_REACTORS
330
14CB
102
}
330
14CB
100
AcDbXrecord
280
     1
102
RTVSPost2010Prop28
280
     0
102
RTVSPost2010PropOp28
 70
     1
102
RTVSPost2010Prop29
280
     1
102
RTVSPost2010PropOp29
 70
     1
102
RTVSPost2010Prop30
280
     1
102
RTVSPost2010PropOp30
 70
     1
102
RTVSPost2010Prop31
280
     0
102
RTVSPost2010PropOp31
 70
     1
102
RTVSPost2010Prop32
280
     0
102
RTVSPost2010PropOp32
 70
     1
102
RTVSPost2010Prop33
280
     0
102
RTVSPost2010PropOp33
 70
     1
102
RTVSPost2010Prop34
280
     0
102
RTVSPost2010PropOp34
 70
     1
102
RTVSPost2010Prop35
280
     0
102
RTVSPost2010PropOp35
 70
     1
102
RTVSPost2010Prop36
280
     0
102
RTVSPost2010PropOp36
 70
     1
102
RTVSPost2010Prop37
 90
       50
102
RTVSPost2010PropOp37
 70
     1
102
RTVSPost2010Prop38
140
0.0
102
RTVSPost2010PropOp38
 70
     1
102
RTVSPost2010Prop39
140
1.0
102
RTVSPost2010PropOp39
 70
     1
102
RTVSPost2010Prop40
 90
        0
102
RTVSPost2010PropOp40
 70
     1
102
RTVSPost2010Prop41ColorIndex
 90
       18
102
RTVSPost2010Prop41ColorRGB
 90
        0
102
RTVSPost2010PropOp41
 70
     1
102
RTVSPost2010Prop42
 90
       50
102
RTVSPost2010PropOp42
 70
     1
102
RTVSPost2010Prop43
 90
        3
102
RTVSPost2010PropOp43
 70
     1
102
RTVSPost2010Prop44ColorIndex
 90
        5
102
RTVSPost2010Prop44ColorRGB
 90
      255
102
RTVSPost2010PropOp44
 70
     1
102
RTVSPost2010Prop45
280
     0
102
RTVSPost2010PropOp45
 70
     1
102
RTVSPost2010Prop46
 90
       50
102
RTVSPost2010PropOp46
 70
     1
102
RTVSPost2010Prop47
 90
       50
102
RTVSPost2010PropOp47
 70
     1
102
RTVSPost2010Prop48
 90
       50
102
RTVSPost2010PropOp48
 70
     1
102
RTVSPost2010Prop49
280
     0
102
RTVSPost2010PropOp49
 70
     1
102
RTVSPost2010Prop50
 90
       50
102
RTVSPost2010PropOp50
 70
     1
102
RTVSPost2010Prop51ColorIndex
 90
      256
102
RTVSPost2010Prop51ColorRGB
 90
-16777216
102
RTVSPost2010PropOp51
 70
     0
102
RTVSPost2010Prop52
140
1.0
102
RTVSPost2010PropOp52
 70
     0
102
RTVSPost2010Prop53
 90
        2
102
RTVSPost2010PropOp53
 70
     1
102
RTVSPost2010Prop54
  1
strokes_ogs.tif
102
RTVSPost2010PropOp54
 70
     1
102
RTVSPost2010Prop55
280
     0
102
RTVSPost2010PropOp55
 70
     1
102
RTVSPost2010Prop56
140
1.0
102
RTVSPost2010PropOp56
 70
     1
102
RTVSPost2010Prop57
140
1.0
102
RTVSPost2010PropOp57
 70
     1
102
RTVSPropertyOp0
 70
     1
102
RTVSPropertyOp1
 70
     1
102
RTVSPropertyOp2
 70
     1
102
RTVSPropertyOp3
 70
     1
102
RTVSPropertyOp4
 70
     1
102
RTVSPropertyOp5
 70
     1
102
RTVSPropertyOp6
 70
     1
102
RTVSPropertyOp7
 70
     1
102
RTVSPropertyOp8
 70
     1
102
RTVSPropertyOp9
 70
     1
102
RTVSPropertyOp10
 70
     1
102
RTVSPropertyOp11
 70
     1
102
RTVSPropertyOp12
 70
     1
102
RTVSPropertyOp13
 70
     1
102
RTVSPropertyOp14
 70
     1
102
RTVSPropertyOp15
 70
     1
102
RTVSPropertyOp16
 70
     1
102
RTVSPropertyOp17
 70
     1
102
RTVSPropertyOp18
 70
     1
102
RTVSPropertyOp19
 70
     1
102
RTVSPropertyOp20
 70
     1
102
RTVSPropertyOp21
 70
     1
102
RTVSPropertyOp22
 70
     1
102
RTVSPropertyOp23
 70
     1
102
RTVSPropertyOp24
 70
     1
102
RTVSPropertyOp25
 70
     1
102
RTVSPropertyOp26
 70
     1
102
RTVSPropertyOp27
 70
     1
102
RTVSPropertyOp28
 70
     1
102
RTVSPropertyOp29
 70
     1
102
RTVSPropertyOp30
 70
     1
102
RTVSPropertyOp31
 70
     1
102
RTVSPropertyOp32
 70
     1
102
RTVSPropertyOp33
 70
     1
102
RTVSPropertyOp34
 70
     1
102
RTVSPropertyOp35
 70
     1
102
RTVSPropertyOp36
 70
     1
102
RTVSPropertyOp37
 70
     1
102
RTVSPropertyOp38
 70
     1
102
RTVSPropertyOp39
 70
     1
102
RTVSPropertyOp40
 70
     1
102
RTVSPropertyOp41
 70
     1
102
RTVSPropertyOp42
 70
     1
102
RTVSPropertyOp43
 70
     1
102
RTVSPropertyOp44
 70
     1
102
RTVSPropertyOp45
 70
     1
102
RTVSPropertyOp46
 70
     1
102
RTVSPropertyOp47
 70
     1
102
RTVSPropertyOp48
 70
     1
102
RTVSPropertyOp49
 70
     1
102
RTVSPropertyOp50
 70
     1
102
RTVSPropertyOp51
 70
     0
102
RTVSPropertyOp52
 70
     0
102
RTVSPropertyOp53
 70
     1
102
RTVSPropertyOp54
 70
     1
102
RTVSPropertyOp55
 70
     1
102
RTVSPropertyOp56
 70
     1
102
RTVSPropertyOp57
 70
     1
102
RTVSPropertyOp58
 70
     1
102
RTVSPropertyOp59
 70
     1
102
RTVSPropertyOp60
 70
     1
102
RTVSPropertyOp61
 70
     1
102
RTVSPropertyOp62
 70
     1
  0
XRECORD
  5
14DE
102
{ACAD_REACTORS
330
14DD
102
}
330
14DD
100
AcDbXrecord
280
     1
102
RTVSPost2010Prop28
280
     0
102
RTVSPost2010PropOp28
 70
     1
102
RTVSPost2010Prop29
280
     1
102
RTVSPost2010PropOp29
 70
     1
102
RTVSPost2010Prop30
280
     1
102
RTVSPost2010PropOp30
 70
     1
102
RTVSPost2010Prop31
280
     0
102
RTVSPost2010PropOp31
 70
     1
102
RTVSPost2010Prop32
280
     0
102
RTVSPost2010PropOp32
 70
     1
102
RTVSPost2010Prop33
280
     0
102
RTVSPost2010PropOp33
 70
     1
102
RTVSPost2010Prop34
280
     0
102
RTVSPost2010PropOp34
 70
     1
102
RTVSPost2010Prop35
280
     0
102
RTVSPost2010PropOp35
 70
     1
102
RTVSPost2010Prop36
280
     0
102
RTVSPost2010PropOp36
 70
     1
102
RTVSPost2010Prop37
 90
       50
102
RTVSPost2010PropOp37
 70
     0
102
RTVSPost2010Prop38
140
0.0
102
RTVSPost2010PropOp38
 70
     0
102
RTVSPost2010Prop39
140
1.0
102
RTVSPost2010PropOp39
 70
     0
102
RTVSPost2010Prop40
 90
        0
102
RTVSPost2010PropOp40
 70
     0
102
RTVSPost2010Prop41ColorIndex
 90
       18
102
RTVSPost2010Prop41ColorRGB
 90
        0
102
RTVSPost2010PropOp41
 70
     0
102
RTVSPost2010Prop42
 90
       50
102
RTVSPost2010PropOp42
 70
     0
102
RTVSPost2010Prop43
 90
        3
102
RTVSPost2010PropOp43
 70
     0
102
RTVSPost2010Prop44ColorIndex
 90
        5
102
RTVSPost2010Prop44ColorRGB
 90
      255
102
RTVSPost2010PropOp44
 70
     0
102
RTVSPost2010Prop45
280
     0
102
RTVSPost2010PropOp45
 70
     1
102
RTVSPost2010Prop46
 90
       50
102
RTVSPost2010PropOp46
 70
     0
102
RTVSPost2010Prop47
 90
       50
102
RTVSPost2010PropOp47
 70
     0
102
RTVSPost2010Prop48
 90
       50
102
RTVSPost2010PropOp48
 70
     0
102
RTVSPost2010Prop49
280
     0
102
RTVSPost2010PropOp49
 70
     1
102
RTVSPost2010Prop50
 90
       50
102
RTVSPost2010PropOp50
 70
     0
102
RTVSPost2010Prop51ColorIndex
 90
      256
102
RTVSPost2010Prop51ColorRGB
 90
-16777216
102
RTVSPost2010PropOp51
 70
     0
102
RTVSPost2010Prop52
140
1.0
102
RTVSPost2010PropOp52
 70
     0
102
RTVSPost2010Prop53
 90
        2
102
RTVSPost2010PropOp53
 70
     0
102
RTVSPost2010Prop54
  1
strokes_ogs.tif
102
RTVSPost2010PropOp54
 70
     0
102
RTVSPost2010Prop55
280
     0
102
RTVSPost2010PropOp55
 70
     1
102
RTVSPost2010Prop56
140
1.0
102
RTVSPost2010PropOp56
 70
     0
102
RTVSPost2010Prop57
140
1.0
102
RTVSPost2010PropOp57
 70
     0
102
RTVSPropertyOp0
 70
     0
102
RTVSPropertyOp1
 70
     0
102
RTVSPropertyOp2
 70
     0
102
RTVSPropertyOp3
 70
     0
102
RTVSPropertyOp4
 70
     0
102
RTVSPropertyOp5
 70
     0
102
RTVSPropertyOp6
 70
     0
102
RTVSPropertyOp7
 70
     0
102
RTVSPropertyOp8
 70
     0
102
RTVSPropertyOp9
 70
     0
102
RTVSPropertyOp10
 70
     0
102
RTVSPropertyOp11
 70
     0
102
RTVSPropertyOp12
 70
     0
102
RTVSPropertyOp13
 70
     0
102
RTVSPropertyOp14
 70
     2
102
RTVSPropertyOp15
 70
     0
102
RTVSPropertyOp16
 70
     0
102
RTVSPropertyOp17
 70
     0
102
RTVSPropertyOp18
 70
     0
102
RTVSPropertyOp19
 70
     0
102
RTVSPropertyOp20
 70
     0
102
RTVSPropertyOp21
 70
     0
102
RTVSPropertyOp22
 70
     0
102
RTVSPropertyOp23
 70
     0
102
RTVSPropertyOp24
 70
     0
102
RTVSPropertyOp25
 70
     0
102
RTVSPropertyOp26
 70
     0
102
RTVSPropertyOp27
 70
     0
102
RTVSPropertyOp28
 70
     1
102
RTVSPropertyOp29
 70
     1
102
RTVSPropertyOp30
 70
     1
102
RTVSPropertyOp31
 70
     1
102
RTVSPropertyOp32
 70
     1
102
RTVSPropertyOp33
 70
     1
102
RTVSPropertyOp34
 70
     1
102
RTVSPropertyOp35
 70
     1
102
RTVSPropertyOp36
 70
     1
102
RTVSPropertyOp37
 70
     0
102
RTVSPropertyOp38
 70
     0
102
RTVSPropertyOp39
 70
     0
102
RTVSPropertyOp40
 70
     0
102
RTVSPropertyOp41
 70
     0
102
RTVSPropertyOp42
 70
     0
102
RTVSPropertyOp43
 70
     0
102
RTVSPropertyOp44
 70
     0
102
RTVSPropertyOp45
 70
     1
102
RTVSPropertyOp46
 70
     0
102
RTVSPropertyOp47
 70
     0
102
RTVSPropertyOp48
 70
     0
102
RTVSPropertyOp49
 70
     1
102
RTVSPropertyOp50
 70
     0
102
RTVSPropertyOp51
 70
     0
102
RTVSPropertyOp52
 70
     0
102
RTVSPropertyOp53
 70
     0
102
RTVSPropertyOp54
 70
     0
102
RTVSPropertyOp55
 70
     1
102
RTVSPropertyOp56
 70
     0
102
RTVSPropertyOp57
 70
     0
102
RTVSPropertyOp58
 70
     0
102
RTVSPropertyOp59
 70
     0
102
RTVSPropertyOp60
 70
     0
102
RTVSPropertyOp61
 70
     0
102
RTVSPropertyOp62
 70
     0
  0
XRECORD
  5
14C4
102
{ACAD_REACTORS
330
14C3
102
}
330
14C3
100
AcDbXrecord
280
     1
102
RTVSPost2010Prop28
280
     0
102
RTVSPost2010PropOp28
 70
     1
102
RTVSPost2010Prop29
280
     1
102
RTVSPost2010PropOp29
 70
     1
102
RTVSPost2010Prop30
280
     1
102
RTVSPost2010PropOp30
 70
     1
102
RTVSPost2010Prop31
280
     0
102
RTVSPost2010PropOp31
 70
     1
102
RTVSPost2010Prop32
280
     0
102
RTVSPost2010PropOp32
 70
     1
102
RTVSPost2010Prop33
280
     0
102
RTVSPost2010PropOp33
 70
     1
102
RTVSPost2010Prop34
280
     0
102
RTVSPost2010PropOp34
 70
     1
102
RTVSPost2010Prop35
280
     0
102
RTVSPost2010PropOp35
 70
     1
102
RTVSPost2010Prop36
280
     0
102
RTVSPost2010PropOp36
 70
     1
102
RTVSPost2010Prop37
 90
       50
102
RTVSPost2010PropOp37
 70
     1
102
RTVSPost2010Prop38
140
0.0
102
RTVSPost2010PropOp38
 70
     1
102
RTVSPost2010Prop39
140
1.0
102
RTVSPost2010PropOp39
 70
     1
102
RTVSPost2010Prop40
 90
        0
102
RTVSPost2010PropOp40
 70
     1
102
RTVSPost2010Prop41ColorIndex
 90
       18
102
RTVSPost2010Prop41ColorRGB
 90
        0
102
RTVSPost2010PropOp41
 70
     1
102
RTVSPost2010Prop42
 90
       50
102
RTVSPost2010PropOp42
 70
     1
102
RTVSPost2010Prop43
 90
        3
102
RTVSPost2010PropOp43
 70
     1
102
RTVSPost2010Prop44ColorIndex
 90
        5
102
RTVSPost2010Prop44ColorRGB
 90
      255
102
RTVSPost2010PropOp44
 70
     1
102
RTVSPost2010Prop45
280
     0
102
RTVSPost2010PropOp45
 70
     1
102
RTVSPost2010Prop46
 90
       50
102
RTVSPost2010PropOp46
 70
     1
102
RTVSPost2010Prop47
 90
       50
102
RTVSPost2010PropOp47
 70
     1
102
RTVSPost2010Prop48
 90
       50
102
RTVSPost2010PropOp48
 70
     1
102
RTVSPost2010Prop49
280
     0
102
RTVSPost2010PropOp49
 70
     1
102
RTVSPost2010Prop50
 90
       50
102
RTVSPost2010PropOp50
 70
     1
102
RTVSPost2010Prop51ColorIndex
 90
      256
102
RTVSPost2010Prop51ColorRGB
 90
-16777216
102
RTVSPost2010PropOp51
 70
     0
102
RTVSPost2010Prop52
140
1.0
102
RTVSPost2010PropOp52
 70
     0
102
RTVSPost2010Prop53
 90
        2
102
RTVSPost2010PropOp53
 70
     1
102
RTVSPost2010Prop54
  1
strokes_ogs.tif
102
RTVSPost2010PropOp54
 70
     1
102
RTVSPost2010Prop55
280
     0
102
RTVSPost2010PropOp55
 70
     1
102
RTVSPost2010Prop56
140
1.0
102
RTVSPost2010PropOp56
 70
     1
102
RTVSPost2010Prop57
140
1.0
102
RTVSPost2010PropOp57
 70
     1
102
RTVSPropertyOp0
 70
     1
102
RTVSPropertyOp1
 70
     1
102
RTVSPropertyOp2
 70
     1
102
RTVSPropertyOp3
 70
     1
102
RTVSPropertyOp4
 70
     1
102
RTVSPropertyOp5
 70
     1
102
RTVSPropertyOp6
 70
     1
102
RTVSPropertyOp7
 70
     1
102
RTVSPropertyOp8
 70
     1
102
RTVSPropertyOp9
 70
     1
102
RTVSPropertyOp10
 70
     1
102
RTVSPropertyOp11
 70
     1
102
RTVSPropertyOp12
 70
     1
102
RTVSPropertyOp13
 70
     1
102
RTVSPropertyOp14
 70
     1
102
RTVSPropertyOp15
 70
     1
102
RTVSPropertyOp16
 70
     1
102
RTVSPropertyOp17
 70
     1
102
RTVSPropertyOp18
 70
     1
102
RTVSPropertyOp19
 70
     1
102
RTVSPropertyOp20
 70
     1
102
RTVSPropertyOp21
 70
     1
102
RTVSPropertyOp22
 70
     1
102
RTVSPropertyOp23
 70
     1
102
RTVSPropertyOp24
 70
     1
102
RTVSPropertyOp25
 70
     1
102
RTVSPropertyOp26
 70
     1
102
RTVSPropertyOp27
 70
     1
102
RTVSPropertyOp28
 70
     1
102
RTVSPropertyOp29
 70
     1
102
RTVSPropertyOp30
 70
     1
102
RTVSPropertyOp31
 70
     1
102
RTVSPropertyOp32
 70
     1
102
RTVSPropertyOp33
 70
     1
102
RTVSPropertyOp34
 70
     1
102
RTVSPropertyOp35
 70
     1
102
RTVSPropertyOp36
 70
     1
102
RTVSPropertyOp37
 70
     1
102
RTVSPropertyOp38
 70
     1
102
RTVSPropertyOp39
 70
     1
102
RTVSPropertyOp40
 70
     1
102
RTVSPropertyOp41
 70
     1
102
RTVSPropertyOp42
 70
     1
102
RTVSPropertyOp43
 70
     1
102
RTVSPropertyOp44
 70
     1
102
RTVSPropertyOp45
 70
     1
102
RTVSPropertyOp46
 70
     1
102
RTVSPropertyOp47
 70
     1
102
RTVSPropertyOp48
 70
     1
102
RTVSPropertyOp49
 70
     1
102
RTVSPropertyOp50
 70
     1
102
RTVSPropertyOp51
 70
     0
102
RTVSPropertyOp52
 70
     0
102
RTVSPropertyOp53
 70
     1
102
RTVSPropertyOp54
 70
     1
102
RTVSPropertyOp55
 70
     1
102
RTVSPropertyOp56
 70
     1
102
RTVSPropertyOp57
 70
     1
102
RTVSPropertyOp58
 70
     1
102
RTVSPropertyOp59
 70
     1
102
RTVSPropertyOp60
 70
     1
102
RTVSPropertyOp61
 70
     1
102
RTVSPropertyOp62
 70
     1
  0
XRECORD
  5
14DA
102
{ACAD_REACTORS
330
14D9
102
}
330
14D9
100
AcDbXrecord
280
     1
102
RTVSPost2010Prop28
280
     0
102
RTVSPost2010PropOp28
 70
     1
102
RTVSPost2010Prop29
280
     1
102
RTVSPost2010PropOp29
 70
     1
102
RTVSPost2010Prop30
280
     1
102
RTVSPost2010PropOp30
 70
     1
102
RTVSPost2010Prop31
280
     0
102
RTVSPost2010PropOp31
 70
     1
102
RTVSPost2010Prop32
280
     0
102
RTVSPost2010PropOp32
 70
     1
102
RTVSPost2010Prop33
280
     0
102
RTVSPost2010PropOp33
 70
     1
102
RTVSPost2010Prop34
280
     0
102
RTVSPost2010PropOp34
 70
     1
102
RTVSPost2010Prop35
280
     0
102
RTVSPost2010PropOp35
 70
     1
102
RTVSPost2010Prop36
280
     0
102
RTVSPost2010PropOp36
 70
     1
102
RTVSPost2010Prop37
 90
       50
102
RTVSPost2010PropOp37
 70
     1
102
RTVSPost2010Prop38
140
0.0
102
RTVSPost2010PropOp38
 70
     1
102
RTVSPost2010Prop39
140
1.0
102
RTVSPost2010PropOp39
 70
     1
102
RTVSPost2010Prop40
 90
        0
102
RTVSPost2010PropOp40
 70
     1
102
RTVSPost2010Prop41ColorIndex
 90
       18
102
RTVSPost2010Prop41ColorRGB
 90
        0
102
RTVSPost2010PropOp41
 70
     1
102
RTVSPost2010Prop42
 90
       50
102
RTVSPost2010PropOp42
 70
     1
102
RTVSPost2010Prop43
 90
        3
102
RTVSPost2010PropOp43
 70
     1
102
RTVSPost2010Prop44ColorIndex
 90
        5
102
RTVSPost2010Prop44ColorRGB
 90
      255
102
RTVSPost2010PropOp44
 70
     1
102
RTVSPost2010Prop45
280
     0
102
RTVSPost2010PropOp45
 70
     1
102
RTVSPost2010Prop46
 90
       50
102
RTVSPost2010PropOp46
 70
     1
102
RTVSPost2010Prop47
 90
       50
102
RTVSPost2010PropOp47
 70
     1
102
RTVSPost2010Prop48
 90
       50
102
RTVSPost2010PropOp48
 70
     1
102
RTVSPost2010Prop49
280
     0
102
RTVSPost2010PropOp49
 70
     1
102
RTVSPost2010Prop50
 90
       50
102
RTVSPost2010PropOp50
 70
     1
102
RTVSPost2010Prop51ColorIndex
 90
      256
102
RTVSPost2010Prop51ColorRGB
 90
-16777216
102
RTVSPost2010PropOp51
 70
     0
102
RTVSPost2010Prop52
140
1.0
102
RTVSPost2010PropOp52
 70
     0
102
RTVSPost2010Prop53
 90
        2
102
RTVSPost2010PropOp53
 70
     1
102
RTVSPost2010Prop54
  1
strokes_ogs.tif
102
RTVSPost2010PropOp54
 70
     1
102
RTVSPost2010Prop55
280
     0
102
RTVSPost2010PropOp55
 70
     1
102
RTVSPost2010Prop56
140
1.0
102
RTVSPost2010PropOp56
 70
     1
102
RTVSPost2010Prop57
140
1.0
102
RTVSPost2010PropOp57
 70
     1
102
RTVSPropertyOp0
 70
     1
102
RTVSPropertyOp1
 70
     1
102
RTVSPropertyOp2
 70
     1
102
RTVSPropertyOp3
 70
     1
102
RTVSPropertyOp4
 70
     1
102
RTVSPropertyOp5
 70
     1
102
RTVSPropertyOp6
 70
     1
102
RTVSPropertyOp7
 70
     1
102
RTVSPropertyOp8
 70
     1
102
RTVSPropertyOp9
 70
     1
102
RTVSPropertyOp10
 70
     1
102
RTVSPropertyOp11
 70
     1
102
RTVSPropertyOp12
 70
     1
102
RTVSPropertyOp13
 70
     1
102
RTVSPropertyOp14
 70
     1
102
RTVSPropertyOp15
 70
     1
102
RTVSPropertyOp16
 70
     1
102
RTVSPropertyOp17
 70
     1
102
RTVSPropertyOp18
 70
     1
102
RTVSPropertyOp19
 70
     1
102
RTVSPropertyOp20
 70
     1
102
RTVSPropertyOp21
 70
     1
102
RTVSPropertyOp22
 70
     1
102
RTVSPropertyOp23
 70
     1
102
RTVSPropertyOp24
 70
     1
102
RTVSPropertyOp25
 70
     1
102
RTVSPropertyOp26
 70
     1
102
RTVSPropertyOp27
 70
     1
102
RTVSPropertyOp28
 70
     1
102
RTVSPropertyOp29
 70
     1
102
RTVSPropertyOp30
 70
     1
102
RTVSPropertyOp31
 70
     1
102
RTVSPropertyOp32
 70
     1
102
RTVSPropertyOp33
 70
     1
102
RTVSPropertyOp34
 70
     1
102
RTVSPropertyOp35
 70
     1
102
RTVSPropertyOp36
 70
     1
102
RTVSPropertyOp37
 70
     1
102
RTVSPropertyOp38
 70
     1
102
RTVSPropertyOp39
 70
     1
102
RTVSPropertyOp40
 70
     1
102
RTVSPropertyOp41
 70
     1
102
RTVSPropertyOp42
 70
     1
102
RTVSPropertyOp43
 70
     1
102
RTVSPropertyOp44
 70
     1
102
RTVSPropertyOp45
 70
     1
102
RTVSPropertyOp46
 70
     1
102
RTVSPropertyOp47
 70
     1
102
RTVSPropertyOp48
 70
     1
102
RTVSPropertyOp49
 70
     1
102
RTVSPropertyOp50
 70
     1
102
RTVSPropertyOp51
 70
     0
102
RTVSPropertyOp52
 70
     0
102
RTVSPropertyOp53
 70
     1
102
RTVSPropertyOp54
 70
     1
102
RTVSPropertyOp55
 70
     1
102
RTVSPropertyOp56
 70
     1
102
RTVSPropertyOp57
 70
     1
102
RTVSPropertyOp58
 70
     1
102
RTVSPropertyOp59
 70
     1
102
RTVSPropertyOp60
 70
     1
102
RTVSPropertyOp61
 70
     1
102
RTVSPropertyOp62
 70
     1
  0
XRECORD
  5
14D8
102
{ACAD_REACTORS
330
14D7
102
}
330
14D7
100
AcDbXrecord
280
     1
102
RTVSPost2010Prop28
280
     0
102
RTVSPost2010PropOp28
 70
     1
102
RTVSPost2010Prop29
280
     1
102
RTVSPost2010PropOp29
 70
     1
102
RTVSPost2010Prop30
280
     1
102
RTVSPost2010PropOp30
 70
     1
102
RTVSPost2010Prop31
280
     0
102
RTVSPost2010PropOp31
 70
     1
102
RTVSPost2010Prop32
280
     0
102
RTVSPost2010PropOp32
 70
     1
102
RTVSPost2010Prop33
280
     0
102
RTVSPost2010PropOp33
 70
     1
102
RTVSPost2010Prop34
280
     0
102
RTVSPost2010PropOp34
 70
     1
102
RTVSPost2010Prop35
280
     0
102
RTVSPost2010PropOp35
 70
     1
102
RTVSPost2010Prop36
280
     0
102
RTVSPost2010PropOp36
 70
     1
102
RTVSPost2010Prop37
 90
       50
102
RTVSPost2010PropOp37
 70
     1
102
RTVSPost2010Prop38
140
0.0
102
RTVSPost2010PropOp38
 70
     1
102
RTVSPost2010Prop39
140
1.0
102
RTVSPost2010PropOp39
 70
     1
102
RTVSPost2010Prop40
 90
        0
102
RTVSPost2010PropOp40
 70
     1
102
RTVSPost2010Prop41ColorIndex
 90
       18
102
RTVSPost2010Prop41ColorRGB
 90
        0
102
RTVSPost2010PropOp41
 70
     1
102
RTVSPost2010Prop42
 90
       50
102
RTVSPost2010PropOp42
 70
     1
102
RTVSPost2010Prop43
 90
        3
102
RTVSPost2010PropOp43
 70
     1
102
RTVSPost2010Prop44ColorIndex
 90
        5
102
RTVSPost2010Prop44ColorRGB
 90
      255
102
RTVSPost2010PropOp44
 70
     1
102
RTVSPost2010Prop45
280
     0
102
RTVSPost2010PropOp45
 70
     1
102
RTVSPost2010Prop46
 90
       50
102
RTVSPost2010PropOp46
 70
     1
102
RTVSPost2010Prop47
 90
       50
102
RTVSPost2010PropOp47
 70
     1
102
RTVSPost2010Prop48
 90
       50
102
RTVSPost2010PropOp48
 70
     1
102
RTVSPost2010Prop49
280
     0
102
RTVSPost2010PropOp49
 70
     1
102
RTVSPost2010Prop50
 90
       50
102
RTVSPost2010PropOp50
 70
     1
102
RTVSPost2010Prop51ColorIndex
 90
      256
102
RTVSPost2010Prop51ColorRGB
 90
-16777216
102
RTVSPost2010PropOp51
 70
     0
102
RTVSPost2010Prop52
140
1.0
102
RTVSPost2010PropOp52
 70
     0
102
RTVSPost2010Prop53
 90
        2
102
RTVSPost2010PropOp53
 70
     1
102
RTVSPost2010Prop54
  1
strokes_ogs.tif
102
RTVSPost2010PropOp54
 70
     1
102
RTVSPost2010Prop55
280
     0
102
RTVSPost2010PropOp55
 70
     1
102
RTVSPost2010Prop56
140
1.0
102
RTVSPost2010PropOp56
 70
     1
102
RTVSPost2010Prop57
140
1.0
102
RTVSPost2010PropOp57
 70
     1
102
RTVSPropertyOp0
 70
     1
102
RTVSPropertyOp1
 70
     1
102
RTVSPropertyOp2
 70
     1
102
RTVSPropertyOp3
 70
     1
102
RTVSPropertyOp4
 70
     1
102
RTVSPropertyOp5
 70
     1
102
RTVSPropertyOp6
 70
     1
102
RTVSPropertyOp7
 70
     1
102
RTVSPropertyOp8
 70
     1
102
RTVSPropertyOp9
 70
     1
102
RTVSPropertyOp10
 70
     1
102
RTVSPropertyOp11
 70
     1
102
RTVSPropertyOp12
 70
     1
102
RTVSPropertyOp13
 70
     1
102
RTVSPropertyOp14
 70
     1
102
RTVSPropertyOp15
 70
     1
102
RTVSPropertyOp16
 70
     1
102
RTVSPropertyOp17
 70
     1
102
RTVSPropertyOp18
 70
     1
102
RTVSPropertyOp19
 70
     1
102
RTVSPropertyOp20
 70
     1
102
RTVSPropertyOp21
 70
     1
102
RTVSPropertyOp22
 70
     1
102
RTVSPropertyOp23
 70
     1
102
RTVSPropertyOp24
 70
     1
102
RTVSPropertyOp25
 70
     1
102
RTVSPropertyOp26
 70
     1
102
RTVSPropertyOp27
 70
     1
102
RTVSPropertyOp28
 70
     1
102
RTVSPropertyOp29
 70
     1
102
RTVSPropertyOp30
 70
     1
102
RTVSPropertyOp31
 70
     1
102
RTVSPropertyOp32
 70
     1
102
RTVSPropertyOp33
 70
     1
102
RTVSPropertyOp34
 70
     1
102
RTVSPropertyOp35
 70
     1
102
RTVSPropertyOp36
 70
     1
102
RTVSPropertyOp37
 70
     1
102
RTVSPropertyOp38
 70
     1
102
RTVSPropertyOp39
 70
     1
102
RTVSPropertyOp40
 70
     1
102
RTVSPropertyOp41
 70
     1
102
RTVSPropertyOp42
 70
     1
102
RTVSPropertyOp43
 70
     1
102
RTVSPropertyOp44
 70
     1
102
RTVSPropertyOp45
 70
     1
102
RTVSPropertyOp46
 70
     1
102
RTVSPropertyOp47
 70
     1
102
RTVSPropertyOp48
 70
     1
102
RTVSPropertyOp49
 70
     1
102
RTVSPropertyOp50
 70
     1
102
RTVSPropertyOp51
 70
     0
102
RTVSPropertyOp52
 70
     0
102
RTVSPropertyOp53
 70
     1
102
RTVSPropertyOp54
 70
     1
102
RTVSPropertyOp55
 70
     1
102
RTVSPropertyOp56
 70
     1
102
RTVSPropertyOp57
 70
     1
102
RTVSPropertyOp58
 70
     1
102
RTVSPropertyOp59
 70
     1
102
RTVSPropertyOp60
 70
     1
102
RTVSPropertyOp61
 70
     1
102
RTVSPropertyOp62
 70
     1
  0
XRECORD
  5
14D2
102
{ACAD_REACTORS
330
14D1
102
}
330
14D1
100
AcDbXrecord
280
     1
102
RTVSPost2010Prop28
280
     0
102
RTVSPost2010PropOp28
 70
     1
102
RTVSPost2010Prop29
280
     1
102
RTVSPost2010PropOp29
 70
     1
102
RTVSPost2010Prop30
280
     1
102
RTVSPost2010PropOp30
 70
     1
102
RTVSPost2010Prop31
280
     0
102
RTVSPost2010PropOp31
 70
     1
102
RTVSPost2010Prop32
280
     0
102
RTVSPost2010PropOp32
 70
     1
102
RTVSPost2010Prop33
280
     0
102
RTVSPost2010PropOp33
 70
     1
102
RTVSPost2010Prop34
280
     0
102
RTVSPost2010PropOp34
 70
     1
102
RTVSPost2010Prop35
280
     0
102
RTVSPost2010PropOp35
 70
     1
102
RTVSPost2010Prop36
280
     0
102
RTVSPost2010PropOp36
 70
     1
102
RTVSPost2010Prop37
 90
       50
102
RTVSPost2010PropOp37
 70
     1
102
RTVSPost2010Prop38
140
0.0
102
RTVSPost2010PropOp38
 70
     1
102
RTVSPost2010Prop39
140
1.0
102
RTVSPost2010PropOp39
 70
     1
102
RTVSPost2010Prop40
 90
        0
102
RTVSPost2010PropOp40
 70
     1
102
RTVSPost2010Prop41ColorIndex
 90
       18
102
RTVSPost2010Prop41ColorRGB
 90
        0
102
RTVSPost2010PropOp41
 70
     1
102
RTVSPost2010Prop42
 90
       50
102
RTVSPost2010PropOp42
 70
     1
102
RTVSPost2010Prop43
 90
        3
102
RTVSPost2010PropOp43
 70
     1
102
RTVSPost2010Prop44ColorIndex
 90
        5
102
RTVSPost2010Prop44ColorRGB
 90
      255
102
RTVSPost2010PropOp44
 70
     1
102
RTVSPost2010Prop45
280
     0
102
RTVSPost2010PropOp45
 70
     1
102
RTVSPost2010Prop46
 90
       50
102
RTVSPost2010PropOp46
 70
     1
102
RTVSPost2010Prop47
 90
       50
102
RTVSPost2010PropOp47
 70
     1
102
RTVSPost2010Prop48
 90
       50
102
RTVSPost2010PropOp48
 70
     1
102
RTVSPost2010Prop49
280
     0
102
RTVSPost2010PropOp49
 70
     1
102
RTVSPost2010Prop50
 90
       50
102
RTVSPost2010PropOp50
 70
     1
102
RTVSPost2010Prop51ColorIndex
 90
      256
102
RTVSPost2010Prop51ColorRGB
 90
-16777216
102
RTVSPost2010PropOp51
 70
     0
102
RTVSPost2010Prop52
140
1.0
102
RTVSPost2010PropOp52
 70
     0
102
RTVSPost2010Prop53
 90
        2
102
RTVSPost2010PropOp53
 70
     1
102
RTVSPost2010Prop54
  1
strokes_ogs.tif
102
RTVSPost2010PropOp54
 70
     1
102
RTVSPost2010Prop55
280
     0
102
RTVSPost2010PropOp55
 70
     1
102
RTVSPost2010Prop56
140
1.0
102
RTVSPost2010PropOp56
 70
     1
102
RTVSPost2010Prop57
140
1.0
102
RTVSPost2010PropOp57
 70
     1
102
RTVSPropertyOp0
 70
     1
102
RTVSPropertyOp1
 70
     1
102
RTVSPropertyOp2
 70
     1
102
RTVSPropertyOp3
 70
     1
102
RTVSPropertyOp4
 70
     1
102
RTVSPropertyOp5
 70
     1
102
RTVSPropertyOp6
 70
     1
102
RTVSPropertyOp7
 70
     1
102
RTVSPropertyOp8
 70
     1
102
RTVSPropertyOp9
 70
     1
102
RTVSPropertyOp10
 70
     1
102
RTVSPropertyOp11
 70
     1
102
RTVSPropertyOp12
 70
     1
102
RTVSPropertyOp13
 70
     1
102
RTVSPropertyOp14
 70
     1
102
RTVSPropertyOp15
 70
     1
102
RTVSPropertyOp16
 70
     1
102
RTVSPropertyOp17
 70
     1
102
RTVSPropertyOp18
 70
     1
102
RTVSPropertyOp19
 70
     1
102
RTVSPropertyOp20
 70
     1
102
RTVSPropertyOp21
 70
     1
102
RTVSPropertyOp22
 70
     1
102
RTVSPropertyOp23
 70
     1
102
RTVSPropertyOp24
 70
     1
102
RTVSPropertyOp25
 70
     1
102
RTVSPropertyOp26
 70
     1
102
RTVSPropertyOp27
 70
     1
102
RTVSPropertyOp28
 70
     1
102
RTVSPropertyOp29
 70
     1
102
RTVSPropertyOp30
 70
     1
102
RTVSPropertyOp31
 70
     1
102
RTVSPropertyOp32
 70
     1
102
RTVSPropertyOp33
 70
     1
102
RTVSPropertyOp34
 70
     1
102
RTVSPropertyOp35
 70
     1
102
RTVSPropertyOp36
 70
     1
102
RTVSPropertyOp37
 70
     1
102
RTVSPropertyOp38
 70
     1
102
RTVSPropertyOp39
 70
     1
102
RTVSPropertyOp40
 70
     1
102
RTVSPropertyOp41
 70
     1
102
RTVSPropertyOp42
 70
     1
102
RTVSPropertyOp43
 70
     1
102
RTVSPropertyOp44
 70
     1
102
RTVSPropertyOp45
 70
     1
102
RTVSPropertyOp46
 70
     1
102
RTVSPropertyOp47
 70
     1
102
RTVSPropertyOp48
 70
     1
102
RTVSPropertyOp49
 70
     1
102
RTVSPropertyOp50
 70
     1
102
RTVSPropertyOp51
 70
     0
102
RTVSPropertyOp52
 70
     0
102
RTVSPropertyOp53
 70
     1
102
RTVSPropertyOp54
 70
     1
102
RTVSPropertyOp55
 70
     1
102
RTVSPropertyOp56
 70
     1
102
RTVSPropertyOp57
 70
     1
102
RTVSPropertyOp58
 70
     1
102
RTVSPropertyOp59
 70
     1
102
RTVSPropertyOp60
 70
     1
102
RTVSPropertyOp61
 70
     1
102
RTVSPropertyOp62
 70
     1
  0
XRECORD
  5
14D4
102
{ACAD_REACTORS
330
14D3
102
}
330
14D3
100
AcDbXrecord
280
     1
102
RTVSPost2010Prop28
280
     0
102
RTVSPost2010PropOp28
 70
     1
102
RTVSPost2010Prop29
280
     1
102
RTVSPost2010PropOp29
 70
     1
102
RTVSPost2010Prop30
280
     1
102
RTVSPost2010PropOp30
 70
     1
102
RTVSPost2010Prop31
280
     0
102
RTVSPost2010PropOp31
 70
     1
102
RTVSPost2010Prop32
280
     0
102
RTVSPost2010PropOp32
 70
     1
102
RTVSPost2010Prop33
280
     0
102
RTVSPost2010PropOp33
 70
     1
102
RTVSPost2010Prop34
280
     0
102
RTVSPost2010PropOp34
 70
     1
102
RTVSPost2010Prop35
280
     0
102
RTVSPost2010PropOp35
 70
     1
102
RTVSPost2010Prop36
280
     0
102
RTVSPost2010PropOp36
 70
     1
102
RTVSPost2010Prop37
 90
       50
102
RTVSPost2010PropOp37
 70
     1
102
RTVSPost2010Prop38
140
0.0
102
RTVSPost2010PropOp38
 70
     1
102
RTVSPost2010Prop39
140
1.0
102
RTVSPost2010PropOp39
 70
     1
102
RTVSPost2010Prop40
 90
        0
102
RTVSPost2010PropOp40
 70
     1
102
RTVSPost2010Prop41ColorIndex
 90
       18
102
RTVSPost2010Prop41ColorRGB
 90
        0
102
RTVSPost2010PropOp41
 70
     1
102
RTVSPost2010Prop42
 90
       50
102
RTVSPost2010PropOp42
 70
     1
102
RTVSPost2010Prop43
 90
        3
102
RTVSPost2010PropOp43
 70
     1
102
RTVSPost2010Prop44ColorIndex
 90
        5
102
RTVSPost2010Prop44ColorRGB
 90
      255
102
RTVSPost2010PropOp44
 70
     1
102
RTVSPost2010Prop45
280
     0
102
RTVSPost2010PropOp45
 70
     1
102
RTVSPost2010Prop46
 90
       50
102
RTVSPost2010PropOp46
 70
     1
102
RTVSPost2010Prop47
 90
       50
102
RTVSPost2010PropOp47
 70
     1
102
RTVSPost2010Prop48
 90
       50
102
RTVSPost2010PropOp48
 70
     1
102
RTVSPost2010Prop49
280
     0
102
RTVSPost2010PropOp49
 70
     1
102
RTVSPost2010Prop50
 90
       50
102
RTVSPost2010PropOp50
 70
     1
102
RTVSPost2010Prop51ColorIndex
 90
      256
102
RTVSPost2010Prop51ColorRGB
 90
-16777216
102
RTVSPost2010PropOp51
 70
     0
102
RTVSPost2010Prop52
140
1.0
102
RTVSPost2010PropOp52
 70
     0
102
RTVSPost2010Prop53
 90
        2
102
RTVSPost2010PropOp53
 70
     1
102
RTVSPost2010Prop54
  1
strokes_ogs.tif
102
RTVSPost2010PropOp54
 70
     1
102
RTVSPost2010Prop55
280
     0
102
RTVSPost2010PropOp55
 70
     1
102
RTVSPost2010Prop56
140
1.0
102
RTVSPost2010PropOp56
 70
     1
102
RTVSPost2010Prop57
140
1.0
102
RTVSPost2010PropOp57
 70
     1
102
RTVSPropertyOp0
 70
     1
102
RTVSPropertyOp1
 70
     1
102
RTVSPropertyOp2
 70
     1
102
RTVSPropertyOp3
 70
     1
102
RTVSPropertyOp4
 70
     1
102
RTVSPropertyOp5
 70
     1
102
RTVSPropertyOp6
 70
     1
102
RTVSPropertyOp7
 70
     1
102
RTVSPropertyOp8
 70
     1
102
RTVSPropertyOp9
 70
     1
102
RTVSPropertyOp10
 70
     1
102
RTVSPropertyOp11
 70
     1
102
RTVSPropertyOp12
 70
     1
102
RTVSPropertyOp13
 70
     1
102
RTVSPropertyOp14
 70
     1
102
RTVSPropertyOp15
 70
     1
102
RTVSPropertyOp16
 70
     1
102
RTVSPropertyOp17
 70
     1
102
RTVSPropertyOp18
 70
     1
102
RTVSPropertyOp19
 70
     1
102
RTVSPropertyOp20
 70
     1
102
RTVSPropertyOp21
 70
     1
102
RTVSPropertyOp22
 70
     1
102
RTVSPropertyOp23
 70
     1
102
RTVSPropertyOp24
 70
     1
102
RTVSPropertyOp25
 70
     1
102
RTVSPropertyOp26
 70
     1
102
RTVSPropertyOp27
 70
     1
102
RTVSPropertyOp28
 70
     1
102
RTVSPropertyOp29
 70
     1
102
RTVSPropertyOp30
 70
     1
102
RTVSPropertyOp31
 70
     1
102
RTVSPropertyOp32
 70
     1
102
RTVSPropertyOp33
 70
     1
102
RTVSPropertyOp34
 70
     1
102
RTVSPropertyOp35
 70
     1
102
RTVSPropertyOp36
 70
     1
102
RTVSPropertyOp37
 70
     1
102
RTVSPropertyOp38
 70
     1
102
RTVSPropertyOp39
 70
     1
102
RTVSPropertyOp40
 70
     1
102
RTVSPropertyOp41
 70
     1
102
RTVSPropertyOp42
 70
     1
102
RTVSPropertyOp43
 70
     1
102
RTVSPropertyOp44
 70
     1
102
RTVSPropertyOp45
 70
     1
102
RTVSPropertyOp46
 70
     1
102
RTVSPropertyOp47
 70
     1
102
RTVSPropertyOp48
 70
     1
102
RTVSPropertyOp49
 70
     1
102
RTVSPropertyOp50
 70
     1
102
RTVSPropertyOp51
 70
     0
102
RTVSPropertyOp52
 70
     0
102
RTVSPropertyOp53
 70
     1
102
RTVSPropertyOp54
 70
     1
102
RTVSPropertyOp55
 70
     1
102
RTVSPropertyOp56
 70
     1
102
RTVSPropertyOp57
 70
     1
102
RTVSPropertyOp58
 70
     1
102
RTVSPropertyOp59
 70
     1
102
RTVSPropertyOp60
 70
     1
102
RTVSPropertyOp61
 70
     1
102
RTVSPropertyOp62
 70
     1
  0
XRECORD
  5
14CA
102
{ACAD_REACTORS
330
14C9
102
}
330
14C9
100
AcDbXrecord
280
     1
102
RTVSPost2010Prop28
280
     0
102
RTVSPost2010PropOp28
 70
     1
102
RTVSPost2010Prop29
280
     1
102
RTVSPost2010PropOp29
 70
     1
102
RTVSPost2010Prop30
280
     1
102
RTVSPost2010PropOp30
 70
     1
102
RTVSPost2010Prop31
280
     0
102
RTVSPost2010PropOp31
 70
     1
102
RTVSPost2010Prop32
280
     0
102
RTVSPost2010PropOp32
 70
     1
102
RTVSPost2010Prop33
280
     0
102
RTVSPost2010PropOp33
 70
     1
102
RTVSPost2010Prop34
280
     0
102
RTVSPost2010PropOp34
 70
     1
102
RTVSPost2010Prop35
280
     0
102
RTVSPost2010PropOp35
 70
     1
102
RTVSPost2010Prop36
280
     0
102
RTVSPost2010PropOp36
 70
     1
102
RTVSPost2010Prop37
 90
       50
102
RTVSPost2010PropOp37
 70
     1
102
RTVSPost2010Prop38
140
0.0
102
RTVSPost2010PropOp38
 70
     1
102
RTVSPost2010Prop39
140
1.0
102
RTVSPost2010PropOp39
 70
     1
102
RTVSPost2010Prop40
 90
        0
102
RTVSPost2010PropOp40
 70
     1
102
RTVSPost2010Prop41ColorIndex
 90
       18
102
RTVSPost2010Prop41ColorRGB
 90
        0
102
RTVSPost2010PropOp41
 70
     1
102
RTVSPost2010Prop42
 90
       50
102
RTVSPost2010PropOp42
 70
     1
102
RTVSPost2010Prop43
 90
        3
102
RTVSPost2010PropOp43
 70
     1
102
RTVSPost2010Prop44ColorIndex
 90
        5
102
RTVSPost2010Prop44ColorRGB
 90
      255
102
RTVSPost2010PropOp44
 70
     1
102
RTVSPost2010Prop45
280
     0
102
RTVSPost2010PropOp45
 70
     1
102
RTVSPost2010Prop46
 90
       50
102
RTVSPost2010PropOp46
 70
     1
102
RTVSPost2010Prop47
 90
       50
102
RTVSPost2010PropOp47
 70
     1
102
RTVSPost2010Prop48
 90
       50
102
RTVSPost2010PropOp48
 70
     1
102
RTVSPost2010Prop49
280
     0
102
RTVSPost2010PropOp49
 70
     1
102
RTVSPost2010Prop50
 90
       50
102
RTVSPost2010PropOp50
 70
     1
102
RTVSPost2010Prop51ColorIndex
 90
      256
102
RTVSPost2010Prop51ColorRGB
 90
-16777216
102
RTVSPost2010PropOp51
 70
     0
102
RTVSPost2010Prop52
140
1.0
102
RTVSPost2010PropOp52
 70
     0
102
RTVSPost2010Prop53
 90
        2
102
RTVSPost2010PropOp53
 70
     1
102
RTVSPost2010Prop54
  1
strokes_ogs.tif
102
RTVSPost2010PropOp54
 70
     1
102
RTVSPost2010Prop55
280
     0
102
RTVSPost2010PropOp55
 70
     1
102
RTVSPost2010Prop56
140
1.0
102
RTVSPost2010PropOp56
 70
     1
102
RTVSPost2010Prop57
140
1.0
102
RTVSPost2010PropOp57
 70
     1
102
RTVSPropertyOp0
 70
     1
102
RTVSPropertyOp1
 70
     1
102
RTVSPropertyOp2
 70
     1
102
RTVSPropertyOp3
 70
     1
102
RTVSPropertyOp4
 70
     1
102
RTVSPropertyOp5
 70
     1
102
RTVSPropertyOp6
 70
     1
102
RTVSPropertyOp7
 70
     1
102
RTVSPropertyOp8
 70
     1
102
RTVSPropertyOp9
 70
     1
102
RTVSPropertyOp10
 70
     1
102
RTVSPropertyOp11
 70
     1
102
RTVSPropertyOp12
 70
     1
102
RTVSPropertyOp13
 70
     1
102
RTVSPropertyOp14
 70
     1
102
RTVSPropertyOp15
 70
     1
102
RTVSPropertyOp16
 70
     1
102
RTVSPropertyOp17
 70
     1
102
RTVSPropertyOp18
 70
     1
102
RTVSPropertyOp19
 70
     1
102
RTVSPropertyOp20
 70
     1
102
RTVSPropertyOp21
 70
     1
102
RTVSPropertyOp22
 70
     1
102
RTVSPropertyOp23
 70
     1
102
RTVSPropertyOp24
 70
     1
102
RTVSPropertyOp25
 70
     1
102
RTVSPropertyOp26
 70
     1
102
RTVSPropertyOp27
 70
     1
102
RTVSPropertyOp28
 70
     1
102
RTVSPropertyOp29
 70
     1
102
RTVSPropertyOp30
 70
     1
102
RTVSPropertyOp31
 70
     1
102
RTVSPropertyOp32
 70
     1
102
RTVSPropertyOp33
 70
     1
102
RTVSPropertyOp34
 70
     1
102
RTVSPropertyOp35
 70
     1
102
RTVSPropertyOp36
 70
     1
102
RTVSPropertyOp37
 70
     1
102
RTVSPropertyOp38
 70
     1
102
RTVSPropertyOp39
 70
     1
102
RTVSPropertyOp40
 70
     1
102
RTVSPropertyOp41
 70
     1
102
RTVSPropertyOp42
 70
     1
102
RTVSPropertyOp43
 70
     1
102
RTVSPropertyOp44
 70
     1
102
RTVSPropertyOp45
 70
     1
102
RTVSPropertyOp46
 70
     1
102
RTVSPropertyOp47
 70
     1
102
RTVSPropertyOp48
 70
     1
102
RTVSPropertyOp49
 70
     1
102
RTVSPropertyOp50
 70
     1
102
RTVSPropertyOp51
 70
     0
102
RTVSPropertyOp52
 70
     0
102
RTVSPropertyOp53
 70
     1
102
RTVSPropertyOp54
 70
     1
102
RTVSPropertyOp55
 70
     1
102
RTVSPropertyOp56
 70
     1
102
RTVSPropertyOp57
 70
     1
102
RTVSPropertyOp58
 70
     1
102
RTVSPropertyOp59
 70
     1
102
RTVSPropertyOp60
 70
     1
102
RTVSPropertyOp61
 70
     1
102
RTVSPropertyOp62
 70
     1
  0
XRECORD
  5
14BE
102
{ACAD_REACTORS
330
14BD
102
}
330
14BD
100
AcDbXrecord
280
     1
102
RTVSPost2010Prop28
280
     0
102
RTVSPost2010PropOp28
 70
     1
102
RTVSPost2010Prop29
280
     1
102
RTVSPost2010PropOp29
 70
     1
102
RTVSPost2010Prop30
280
     1
102
RTVSPost2010PropOp30
 70
     1
102
RTVSPost2010Prop31
280
     0
102
RTVSPost2010PropOp31
 70
     1
102
RTVSPost2010Prop32
280
     0
102
RTVSPost2010PropOp32
 70
     1
102
RTVSPost2010Prop33
280
     0
102
RTVSPost2010PropOp33
 70
     1
102
RTVSPost2010Prop34
280
     0
102
RTVSPost2010PropOp34
 70
     1
102
RTVSPost2010Prop35
280
     0
102
RTVSPost2010PropOp35
 70
     1
102
RTVSPost2010Prop36
280
     0
102
RTVSPost2010PropOp36
 70
     1
102
RTVSPost2010Prop37
 90
       50
102
RTVSPost2010PropOp37
 70
     1
102
RTVSPost2010Prop38
140
0.0
102
RTVSPost2010PropOp38
 70
     1
102
RTVSPost2010Prop39
140
1.0
102
RTVSPost2010PropOp39
 70
     1
102
RTVSPost2010Prop40
 90
        0
102
RTVSPost2010PropOp40
 70
     1
102
RTVSPost2010Prop41ColorIndex
 90
       18
102
RTVSPost2010Prop41ColorRGB
 90
        0
102
RTVSPost2010PropOp41
 70
     1
102
RTVSPost2010Prop42
 90
       50
102
RTVSPost2010PropOp42
 70
     1
102
RTVSPost2010Prop43
 90
        3
102
RTVSPost2010PropOp43
 70
     1
102
RTVSPost2010Prop44ColorIndex
 90
        5
102
RTVSPost2010Prop44ColorRGB
 90
      255
102
RTVSPost2010PropOp44
 70
     1
102
RTVSPost2010Prop45
280
     0
102
RTVSPost2010PropOp45
 70
     1
102
RTVSPost2010Prop46
 90
       50
102
RTVSPost2010PropOp46
 70
     1
102
RTVSPost2010Prop47
 90
       50
102
RTVSPost2010PropOp47
 70
     1
102
RTVSPost2010Prop48
 90
       50
102
RTVSPost2010PropOp48
 70
     1
102
RTVSPost2010Prop49
280
     0
102
RTVSPost2010PropOp49
 70
     1
102
RTVSPost2010Prop50
 90
       50
102
RTVSPost2010PropOp50
 70
     1
102
RTVSPost2010Prop51ColorIndex
 90
      256
102
RTVSPost2010Prop51ColorRGB
 90
-16777216
102
RTVSPost2010PropOp51
 70
     0
102
RTVSPost2010Prop52
140
1.0
102
RTVSPost2010PropOp52
 70
     0
102
RTVSPost2010Prop53
 90
        2
102
RTVSPost2010PropOp53
 70
     1
102
RTVSPost2010Prop54
  1
strokes_ogs.tif
102
RTVSPost2010PropOp54
 70
     1
102
RTVSPost2010Prop55
280
     0
102
RTVSPost2010PropOp55
 70
     1
102
RTVSPost2010Prop56
140
1.0
102
RTVSPost2010PropOp56
 70
     1
102
RTVSPost2010Prop57
140
1.0
102
RTVSPost2010PropOp57
 70
     1
102
RTVSPropertyOp0
 70
     1
102
RTVSPropertyOp1
 70
     1
102
RTVSPropertyOp2
 70
     1
102
RTVSPropertyOp3
 70
     1
102
RTVSPropertyOp4
 70
     1
102
RTVSPropertyOp5
 70
     1
102
RTVSPropertyOp6
 70
     1
102
RTVSPropertyOp7
 70
     1
102
RTVSPropertyOp8
 70
     1
102
RTVSPropertyOp9
 70
     1
102
RTVSPropertyOp10
 70
     1
102
RTVSPropertyOp11
 70
     1
102
RTVSPropertyOp12
 70
     1
102
RTVSPropertyOp13
 70
     1
102
RTVSPropertyOp14
 70
     1
102
RTVSPropertyOp15
 70
     1
102
RTVSPropertyOp16
 70
     1
102
RTVSPropertyOp17
 70
     1
102
RTVSPropertyOp18
 70
     1
102
RTVSPropertyOp19
 70
     1
102
RTVSPropertyOp20
 70
     1
102
RTVSPropertyOp21
 70
     1
102
RTVSPropertyOp22
 70
     1
102
RTVSPropertyOp23
 70
     1
102
RTVSPropertyOp24
 70
     1
102
RTVSPropertyOp25
 70
     1
102
RTVSPropertyOp26
 70
     1
102
RTVSPropertyOp27
 70
     1
102
RTVSPropertyOp28
 70
     1
102
RTVSPropertyOp29
 70
     1
102
RTVSPropertyOp30
 70
     1
102
RTVSPropertyOp31
 70
     1
102
RTVSPropertyOp32
 70
     1
102
RTVSPropertyOp33
 70
     1
102
RTVSPropertyOp34
 70
     1
102
RTVSPropertyOp35
 70
     1
102
RTVSPropertyOp36
 70
     1
102
RTVSPropertyOp37
 70
     1
102
RTVSPropertyOp38
 70
     1
102
RTVSPropertyOp39
 70
     1
102
RTVSPropertyOp40
 70
     1
102
RTVSPropertyOp41
 70
     1
102
RTVSPropertyOp42
 70
     1
102
RTVSPropertyOp43
 70
     1
102
RTVSPropertyOp44
 70
     1
102
RTVSPropertyOp45
 70
     1
102
RTVSPropertyOp46
 70
     1
102
RTVSPropertyOp47
 70
     1
102
RTVSPropertyOp48
 70
     1
102
RTVSPropertyOp49
 70
     1
102
RTVSPropertyOp50
 70
     1
102
RTVSPropertyOp51
 70
     0
102
RTVSPropertyOp52
 70
     0
102
RTVSPropertyOp53
 70
     1
102
RTVSPropertyOp54
 70
     1
102
RTVSPropertyOp55
 70
     1
102
RTVSPropertyOp56
 70
     1
102
RTVSPropertyOp57
 70
     1
102
RTVSPropertyOp58
 70
     1
102
RTVSPropertyOp59
 70
     1
102
RTVSPropertyOp60
 70
     1
102
RTVSPropertyOp61
 70
     1
102
RTVSPropertyOp62
 70
     1
  0
XRECORD
  5
14D6
102
{ACAD_REACTORS
330
14D5
102
}
330
14D5
100
AcDbXrecord
280
     1
102
RTVSPost2010Prop28
280
     0
102
RTVSPost2010PropOp28
 70
     1
102
RTVSPost2010Prop29
280
     1
102
RTVSPost2010PropOp29
 70
     1
102
RTVSPost2010Prop30
280
     1
102
RTVSPost2010PropOp30
 70
     1
102
RTVSPost2010Prop31
280
     0
102
RTVSPost2010PropOp31
 70
     1
102
RTVSPost2010Prop32
280
     0
102
RTVSPost2010PropOp32
 70
     1
102
RTVSPost2010Prop33
280
     0
102
RTVSPost2010PropOp33
 70
     1
102
RTVSPost2010Prop34
280
     0
102
RTVSPost2010PropOp34
 70
     1
102
RTVSPost2010Prop35
280
     0
102
RTVSPost2010PropOp35
 70
     1
102
RTVSPost2010Prop36
280
     0
102
RTVSPost2010PropOp36
 70
     1
102
RTVSPost2010Prop37
 90
       50
102
RTVSPost2010PropOp37
 70
     1
102
RTVSPost2010Prop38
140
0.0
102
RTVSPost2010PropOp38
 70
     1
102
RTVSPost2010Prop39
140
1.0
102
RTVSPost2010PropOp39
 70
     1
102
RTVSPost2010Prop40
 90
        0
102
RTVSPost2010PropOp40
 70
     1
102
RTVSPost2010Prop41ColorIndex
 90
       18
102
RTVSPost2010Prop41ColorRGB
 90
        0
102
RTVSPost2010PropOp41
 70
     1
102
RTVSPost2010Prop42
 90
       50
102
RTVSPost2010PropOp42
 70
     1
102
RTVSPost2010Prop43
 90
        3
102
RTVSPost2010PropOp43
 70
     1
102
RTVSPost2010Prop44ColorIndex
 90
        5
102
RTVSPost2010Prop44ColorRGB
 90
      255
102
RTVSPost2010PropOp44
 70
     1
102
RTVSPost2010Prop45
280
     0
102
RTVSPost2010PropOp45
 70
     1
102
RTVSPost2010Prop46
 90
       50
102
RTVSPost2010PropOp46
 70
     1
102
RTVSPost2010Prop47
 90
       50
102
RTVSPost2010PropOp47
 70
     1
102
RTVSPost2010Prop48
 90
       50
102
RTVSPost2010PropOp48
 70
     1
102
RTVSPost2010Prop49
280
     0
102
RTVSPost2010PropOp49
 70
     1
102
RTVSPost2010Prop50
 90
       50
102
RTVSPost2010PropOp50
 70
     1
102
RTVSPost2010Prop51ColorIndex
 90
      256
102
RTVSPost2010Prop51ColorRGB
 90
-16777216
102
RTVSPost2010PropOp51
 70
     0
102
RTVSPost2010Prop52
140
1.0
102
RTVSPost2010PropOp52
 70
     0
102
RTVSPost2010Prop53
 90
        2
102
RTVSPost2010PropOp53
 70
     1
102
RTVSPost2010Prop54
  1
strokes_ogs.tif
102
RTVSPost2010PropOp54
 70
     1
102
RTVSPost2010Prop55
280
     0
102
RTVSPost2010PropOp55
 70
     1
102
RTVSPost2010Prop56
140
1.0
102
RTVSPost2010PropOp56
 70
     1
102
RTVSPost2010Prop57
140
1.0
102
RTVSPost2010PropOp57
 70
     1
102
RTVSPropertyOp0
 70
     1
102
RTVSPropertyOp1
 70
     1
102
RTVSPropertyOp2
 70
     1
102
RTVSPropertyOp3
 70
     1
102
RTVSPropertyOp4
 70
     1
102
RTVSPropertyOp5
 70
     1
102
RTVSPropertyOp6
 70
     1
102
RTVSPropertyOp7
 70
     1
102
RTVSPropertyOp8
 70
     1
102
RTVSPropertyOp9
 70
     1
102
RTVSPropertyOp10
 70
     1
102
RTVSPropertyOp11
 70
     1
102
RTVSPropertyOp12
 70
     1
102
RTVSPropertyOp13
 70
     1
102
RTVSPropertyOp14
 70
     1
102
RTVSPropertyOp15
 70
     1
102
RTVSPropertyOp16
 70
     1
102
RTVSPropertyOp17
 70
     1
102
RTVSPropertyOp18
 70
     1
102
RTVSPropertyOp19
 70
     1
102
RTVSPropertyOp20
 70
     1
102
RTVSPropertyOp21
 70
     1
102
RTVSPropertyOp22
 70
     1
102
RTVSPropertyOp23
 70
     1
102
RTVSPropertyOp24
 70
     1
102
RTVSPropertyOp25
 70
     1
102
RTVSPropertyOp26
 70
     1
102
RTVSPropertyOp27
 70
     1
102
RTVSPropertyOp28
 70
     1
102
RTVSPropertyOp29
 70
     1
102
RTVSPropertyOp30
 70
     1
102
RTVSPropertyOp31
 70
     1
102
RTVSPropertyOp32
 70
     1
102
RTVSPropertyOp33
 70
     1
102
RTVSPropertyOp34
 70
     1
102
RTVSPropertyOp35
 70
     1
102
RTVSPropertyOp36
 70
     1
102
RTVSPropertyOp37
 70
     1
102
RTVSPropertyOp38
 70
     1
102
RTVSPropertyOp39
 70
     1
102
RTVSPropertyOp40
 70
     1
102
RTVSPropertyOp41
 70
     1
102
RTVSPropertyOp42
 70
     1
102
RTVSPropertyOp43
 70
     1
102
RTVSPropertyOp44
 70
     1
102
RTVSPropertyOp45
 70
     1
102
RTVSPropertyOp46
 70
     1
102
RTVSPropertyOp47
 70
     1
102
RTVSPropertyOp48
 70
     1
102
RTVSPropertyOp49
 70
     1
102
RTVSPropertyOp50
 70
     1
102
RTVSPropertyOp51
 70
     0
102
RTVSPropertyOp52
 70
     0
102
RTVSPropertyOp53
 70
     1
102
RTVSPropertyOp54
 70
     1
102
RTVSPropertyOp55
 70
     1
102
RTVSPropertyOp56
 70
     1
102
RTVSPropertyOp57
 70
     1
102
RTVSPropertyOp58
 70
     1
102
RTVSPropertyOp59
 70
     1
102
RTVSPropertyOp60
 70
     1
102
RTVSPropertyOp61
 70
     1
102
RTVSPropertyOp62
 70
     1
  0
ENDSEC
  0
EOF
