  0
SECTION
  2
HEADER
  9
$ACADVER
  1
AC1021
  9
$ACADMAINTVER
 70
    25
  9
$DWGCODEPAGE
  3
ANSI_1252
  9
$INSBASE
 10
0.0
 20
0.0
 30
0.0
  9
$EXTMIN
 10
-8.87838
 20
-12.91555
 30
0.0
  9
$EXTMAX
 10
8.96669
 20
12.84674
 30
0.0
  9
$LIMMIN
 10
0.0
 20
0.0
  9
$LIMMAX
 10
12.0
 20
9.0
  9
$ORTHOMODE
 70
     0
  9
$REGENMODE
 70
     1
  9
$FILLMODE
 70
     1
  9
$QTEXTMODE
 70
     0
  9
$MIRRTEXT
 70
     1
  9
$LTSCALE
 40
1.0
  9
$ATTMODE
 70
     1
  9
$TEXTSIZE
 40
0.2
  9
$TRACEWID
 40
0.05
  9
$TEXTSTYLE
  7
Standard
  9
$CLAYER
  8
0
  9
$CELTYPE
  6
ByLayer
  9
$CECOLOR
 62
   256
  9
$CELTSCALE
 40
1.0
  9
$DISPSILH
 70
     0
  9
$DIMSCALE
 40
1.0
  9
$DIMASZ
 40
0.18
  9
$DIMEXO
 40
0.0625
  9
$DIMDLI
 40
0.38
  9
$DIMRND
 40
0.0
  9
$DIMDLE
 40
0.0
  9
$DIMEXE
 40
0.18
  9
$DIMTP
 40
0.0
  9
$DIMTM
 40
0.0
  9
$DIMTXT
 40
0.18
  9
$DIMCEN
 40
0.09
  9
$DIMTSZ
 40
0.0
  9
$DIMTOL
 70
     0
  9
$DIMLIM
 70
     0
  9
$DIMTIH
 70
     1
  9
$DIMTOH
 70
     1
  9
$DIMSE1
 70
     0
  9
$DIMSE2
 70
     0
  9
$DIMTAD
 70
     0
  9
$DIMZIN
 70
     0
  9
$DIMBLK
  1

  9
$DIMASO
 70
     1
  9
$DIMSHO
 70
     1
  9
$DIMPOST
  1

  9
$DIMAPOST
  1

  9
$DIMALT
 70
     0
  9
$DIMALTD
 70
     2
  9
$DIMALTF
 40
25.4
  9
$DIMLFAC
 40
1.0
  9
$DIMTOFL
 70
     0
  9
$DIMTVP
 40
0.0
  9
$DIMTIX
 70
     0
  9
$DIMSOXD
 70
     0
  9
$DIMSAH
 70
     0
  9
$DIMBLK1
  1

  9
$DIMBLK2
  1

  9
$DIMSTYLE
  2
Standard
  9
$DIMCLRD
 70
     0
  9
$DIMCLRE
 70
     0
  9
$DIMCLRT
 70
     0
  9
$DIMTFAC
 40
1.0
  9
$DIMGAP
 40
0.09
  9
$DIMJUST
 70
     0
  9
$DIMSD1
 70
     0
  9
$DIMSD2
 70
     0
  9
$DIMTOLJ
 70
     1
  9
$DIMTZIN
 70
     0
  9
$DIMALTZ
 70
     0
  9
$DIMALTTZ
 70
     0
  9
$DIMUPT
 70
     0
  9
$DIMDEC
 70
     4
  9
$DIMTDEC
 70
     4
  9
$DIMALTU
 70
     2
  9
$DIMALTTD
 70
     2
  9
$DIMTXSTY
  7
Standard
  9
$DIMAUNIT
 70
     0
  9
$DIMADEC
 70
     0
  9
$DIMALTRND
 40
0.0
  9
$DIMAZIN
 70
     0
  9
$DIMDSEP
 70
    46
  9
$DIMATFIT
 70
     3
  9
$DIMFRAC
 70
     0
  9
$DIMLDRBLK
  1

  9
$DIMLUNIT
 70
     2
  9
$DIMLWD
 70
    -2
  9
$DIMLWE
 70
    -2
  9
$DIMTMOVE
 70
     0
  9
$DIMFXL
 40
1.0
  9
$DIMFXLON
 70
     0
  9
$DIMJOGANG
 40
0.7853981633974483
  9
$DIMTFILL
 70
     0
  9
$DIMTFILLCLR
 70
     0
  9
$DIMARCSYM
 70
     0
  9
$DIMLTYPE
  6

  9
$DIMLTEX1
  6

  9
$DIMLTEX2
  6

  9
$LUNITS
 70
     2
  9
$LUPREC
 70
     4
  9
$SKETCHINC
 40
0.1
  9
$FILLETRAD
 40
0.5
  9
$AUNITS
 70
     0
  9
$AUPREC
 70
     0
  9
$MENU
  1
.
  9
$ELEVATION
 40
0.0
  9
$PELEVATION
 40
0.0
  9
$THICKNESS
 40
0.0
  9
$LIMCHECK
 70
     0
  9
$CHAMFERA
 40
0.5
  9
$CHAMFERB
 40
0.5
  9
$CHAMFERC
 40
1.0
  9
$CHAMFERD
 40
0.0
  9
$SKPOLY
 70
     0
  9
$TDCREATE
 40
2457595.193870104
  9
$TDUCREATE
 40
2457595.318870104
  9
$TDUPDATE
 40
2457595.19387015
  9
$TDUUPDATE
 40
2457595.31887015
  9
$TDINDWG
 40
0.0000000116
  9
$TDUSRTIMER
 40
0.0000000116
  9
$USRTIMER
 70
     1
  9
$ANGBASE
 50
0.0
  9
$ANGDIR
 70
     0
  9
$PDMODE
 70
     0
  9
$PDSIZE
 40
0.0
  9
$PLINEWID
 40
0.0
  9
$SPLFRAME
 70
     0
  9
$SPLINETYPE
 70
     6
  9
$SPLINESEGS
 70
     8
  9
$HANDSEED
  5
C4
  9
$SURFTAB1
 70
     6
  9
$SURFTAB2
 70
     6
  9
$SURFTYPE
 70
     6
  9
$SURFU
 70
     6
  9
$SURFV
 70
     6
  9
$UCSBASE
  2

  9
$UCSNAME
  2

  9
$UCSORG
 10
0.0
 20
0.0
 30
0.0
  9
$UCSXDIR
 10
1.0
 20
0.0
 30
0.0
  9
$UCSYDIR
 10
0.0
 20
1.0
 30
0.0
  9
$UCSORTHOREF
  2

  9
$UCSORTHOVIEW
 70
     0
  9
$UCSORGTOP
 10
0.0
 20
0.0
 30
0.0
  9
$UCSORGBOTTOM
 10
0.0
 20
0.0
 30
0.0
  9
$UCSORGLEFT
 10
0.0
 20
0.0
 30
0.0
  9
$UCSORGRIGHT
 10
0.0
 20
0.0
 30
0.0
  9
$UCSORGFRONT
 10
0.0
 20
0.0
 30
0.0
  9
$UCSORGBACK
 10
0.0
 20
0.0
 30
0.0
  9
$PUCSBASE
  2

  9
$PUCSNAME
  2

  9
$PUCSORG
 10
0.0
 20
0.0
 30
0.0
  9
$PUCSXDIR
 10
1.0
 20
0.0
 30
0.0
  9
$PUCSYDIR
 10
0.0
 20
1.0
 30
0.0
  9
$PUCSORTHOREF
  2

  9
$PUCSORTHOVIEW
 70
     0
  9
$PUCSORGTOP
 10
0.0
 20
0.0
 30
0.0
  9
$PUCSORGBOTTOM
 10
0.0
 20
0.0
 30
0.0
  9
$PUCSORGLEFT
 10
0.0
 20
0.0
 30
0.0
  9
$PUCSORGRIGHT
 10
0.0
 20
0.0
 30
0.0
  9
$PUCSORGFRONT
 10
0.0
 20
0.0
 30
0.0
  9
$PUCSORGBACK
 10
0.0
 20
0.0
 30
0.0
  9
$USERI1
 70
     0
  9
$USERI2
 70
     0
  9
$USERI3
 70
     0
  9
$USERI4
 70
     0
  9
$USERI5
 70
     0
  9
$USERR1
 40
0.0
  9
$USERR2
 40
0.0
  9
$USERR3
 40
0.0
  9
$USERR4
 40
0.0
  9
$USERR5
 40
0.0
  9
$WORLDVIEW
 70
     1
  9
$SHADEDGE
 70
     3
  9
$SHADEDIF
 70
    70
  9
$TILEMODE
 70
     1
  9
$MAXACTVP
 70
    64
  9
$PINSBASE
 10
0.0
 20
0.0
 30
0.0
  9
$PLIMCHECK
 70
     0
  9
$PEXTMIN
 10
1.000000000000000E+20
 20
1.000000000000000E+20
 30
1.000000000000000E+20
  9
$PEXTMAX
 10
-1.000000000000000E+20
 20
-1.000000000000000E+20
 30
-1.000000000000000E+20
  9
$PLIMMIN
 10
0.0
 20
0.0
  9
$PLIMMAX
 10
12.0
 20
9.0
  9
$UNITMODE
 70
     0
  9
$VISRETAIN
 70
     1
  9
$PLINEGEN
 70
     0
  9
$PSLTSCALE
 70
     1
  9
$TREEDEPTH
 70
  3020
  9
$CMLSTYLE
  2
Standard
  9
$CMLJUST
 70
     0
  9
$CMLSCALE
 40
1.0
  9
$PROXYGRAPHICS
 70
     1
  9
$MEASUREMENT
 70
     0
  9
$CELWEIGHT
370
    -1
  9
$ENDCAPS
280
     0
  9
$JOINSTYLE
280
     0
  9
$LWDISPLAY
290
     0
  9
$INSUNITS
 70
     5
  9
$HYPERLINKBASE
  1

  9
$STYLESHEET
  1

  9
$XEDIT
290
     1
  9
$CEPSNTYPE
380
     0
  9
$PSTYLEMODE
290
     1
  9
$FINGERPRINTGUID
  2
{AB4C5079-8E86-4AAB-806B-818E9B12C1B2}
  9
$VERSIONGUID
  2
{FAEB1C32-E019-11D5-929B-00C0DF256EC4}
  9
$EXTNAMES
290
     1
  9
$PSVPSCALE
 40
0.0
  9
$OLESTARTUP
290
     0
  9
$SORTENTS
280
   127
  9
$INDEXCTL
280
     0
  9
$HIDETEXT
280
     1
  9
$XCLIPFRAME
290
     0
  9
$HALOGAP
280
     0
  9
$OBSCOLOR
 70
   257
  9
$OBSLTYPE
280
     0
  9
$INTERSECTIONDISPLAY
280
     0
  9
$INTERSECTIONCOLOR
 70
   257
  9
$DIMASSOC
280
     2
  9
$PROJECTNAME
  1

  9
$CAMERADISPLAY
290
     0
  9
$LENSLENGTH
 40
50.0
  9
$CAMERAHEIGHT
 40
0.0
  9
$STEPSPERSEC
 40
2.0
  9
$STEPSIZE
 40
6.0
  9
$3DDWFPREC
 40
2.0
  9
$PSOLWIDTH
 40
0.25
  9
$PSOLHEIGHT
 40
4.0
  9
$LOFTANG1
 40
1.570796326794897
  9
$LOFTANG2
 40
1.570796326794897
  9
$LOFTMAG1
 40
0.0
  9
$LOFTMAG2
 40
0.0
  9
$LOFTPARAM
 70
     7
  9
$LOFTNORMALS
280
     1
  9
$LATITUDE
 40
37.795
  9
$LONGITUDE
 40
-122.394
  9
$NORTHDIRECTION
 40
0.0
  9
$TIMEZONE
 70
 -8000
  9
$LIGHTGLYPHDISPLAY
280
     1
  9
$TILEMODELIGHTSYNCH
280
     1
  9
$SOLIDHIST
280
     1
  9
$SHOWHIST
280
     1
  9
$DWFFRAME
280
     2
  9
$DGNFRAME
280
     2
  9
$REALWORLDSCALE
290
     1
  9
$INTERFERECOLOR
 62
   256
  9
$CSHADOW
280
     0
  9
$SHADOWPLANELOCATION
 40
0.0
  0
ENDSEC
  0
SECTION
  2
CLASSES
  0
CLASS
  1
ACDBDICTIONARYWDFLT
  2
AcDbDictionaryWithDefault
  3
ObjectDBX Classes
 90
        0
 91
        4
280
     0
281
     0
  0
CLASS
  1
VISUALSTYLE
  2
AcDbVisualStyle
  3
ObjectDBX Classes
 90
     4095
 91
        4
280
     0
281
     0
  0
CLASS
  1
MATERIAL
  2
AcDbMaterial
  3
ObjectDBX Classes
 90
     1153
 91
        4
280
     0
281
     0
  0
ENDSEC
  0
SECTION
  2
TABLES
  0
TABLE
  2
VPORT
  5
8
330
0
100
AcDbSymbolTable
 70
     1
  0
VPORT
  5
29
330
8
100
AcDbSymbolTableRecord
100
AcDbViewportTableRecord
  2
*Active
 70
     0
 10
0.0
 20
0.0
 11
1.0
 21
1.0
 12
10.42990654205607
 22
4.5
 13
0.0
 23
0.0
 14
0.5
 24
0.5
 15
0.5
 25
0.5
 16
0.0
 26
0.0
 36
1.0
 17
0.0
 27
0.0
 37
0.0
 40
9.0
 41
1.972972972850329
 42
50.0
 43
0.0
 44
0.0
 50
0.0
 51
0.0
 71
     0
 72
   100
 73
     1
 74
     3
 75
     0
 76
     0
 77
     0
 78
     0
281
     0
 65
     1
110
0.0
120
0.0
130
0.0
111
1.0
121
0.0
131
0.0
112
0.0
122
1.0
132
0.0
 79
     0
146
0.0
 60
     3
 61
     5
292
     1
282
     1
141
0.0
142
0.0
 63
   250
  0
ENDTAB
  0
TABLE
  2
LTYPE
  5
5
330
0
100
AcDbSymbolTable
 70
     1
  0
LTYPE
  5
14
330
5
100
AcDbSymbolTableRecord
100
AcDbLinetypeTableRecord
  2
ByBlock
 70
     0
  3

 72
    65
 73
     0
 40
0.0
  0
LTYPE
  5
15
330
5
100
AcDbSymbolTableRecord
100
AcDbLinetypeTableRecord
  2
ByLayer
 70
     0
  3

 72
    65
 73
     0
 40
0.0
  0
LTYPE
  5
16
330
5
100
AcDbSymbolTableRecord
100
AcDbLinetypeTableRecord
  2
Continuous
 70
     0
  3
Solid line
 72
    65
 73
     0
 40
0.0
  0
ENDTAB
  0
TABLE
  2
LAYER
  5
2
330
0
100
AcDbSymbolTable
 70
     2
  0
LAYER
  5
10
330
2
100
AcDbSymbolTableRecord
100
AcDbLayerTableRecord
  2
0
 70
     0
 62
     7
  6
Continuous
370
    -3
390
F
347
3E
  0
LAYER
  5
40
330
2
100
AcDbSymbolTableRecord
100
AcDbLayerTableRecord
  2
Camada 1
 70
     0
 62
     7
  6
Continuous
370
    -3
390
F
347
3E
  0
ENDTAB
  0
TABLE
  2
STYLE
  5
3
330
0
100
AcDbSymbolTable
 70
     1
  0
STYLE
  5
11
330
3
100
AcDbSymbolTableRecord
100
AcDbTextStyleTableRecord
  2
Standard
 70
     0
 40
0.0
 41
1.0
 50
0.0
 71
     0
 42
0.2
  3
txt
  4

  0
ENDTAB
  0
TABLE
  2
VIEW
  5
6
330
0
100
AcDbSymbolTable
 70
     0
  0
ENDTAB
  0
TABLE
  2
UCS
  5
7
330
0
100
AcDbSymbolTable
 70
     0
  0
ENDTAB
  0
TABLE
  2
APPID
  5
9
330
0
100
AcDbSymbolTable
 70
     2
  0
APPID
  5
12
330
9
100
AcDbSymbolTableRecord
100
AcDbRegAppTableRecord
  2
ACAD
 70
     0
  0
APPID
  5
3F
330
9
100
AcDbSymbolTableRecord
100
AcDbRegAppTableRecord
  2
ODA
 70
     0
  0
ENDTAB
  0
TABLE
  2
DIMSTYLE
  5
A
330
0
100
AcDbSymbolTable
 70
     1
100
AcDbDimStyleTable
  0
DIMSTYLE
105
27
330
A
100
AcDbSymbolTableRecord
100
AcDbDimStyleTableRecord
  2
Standard
 70
     0
178
     0
340
11
  0
ENDTAB
  0
TABLE
  2
BLOCK_RECORD
  5
1
330
0
100
AcDbSymbolTable
 70
     1
  0
BLOCK_RECORD
  5
1F
330
1
100
AcDbSymbolTableRecord
100
AcDbBlockTableRecord
  2
*Model_Space
340
22
 70
     0
280
     1
281
     0
  0
BLOCK_RECORD
  5
1B
330
1
100
AcDbSymbolTableRecord
100
AcDbBlockTableRecord
  2
*Paper_Space
340
1E
 70
     0
280
     1
281
     0
  0
BLOCK_RECORD
  5
23
330
1
100
AcDbSymbolTableRecord
100
AcDbBlockTableRecord
  2
*Paper_Space0
340
26
 70
     0
280
     1
281
     0
  0
ENDTAB
  0
ENDSEC
  0
SECTION
  2
BLOCKS
  0
BLOCK
  5
20
330
1F
100
AcDbEntity
  8
0
100
AcDbBlockBegin
  2
*Model_Space
 70
     0
 10
0.0
 20
0.0
 30
0.0
  3
*Model_Space
  1

  0
ENDBLK
  5
21
330
1F
100
AcDbEntity
  8
0
100
AcDbBlockEnd
  0
BLOCK
  5
1C
330
1B
100
AcDbEntity
 67
     1
  8
0
100
AcDbBlockBegin
  2
*Paper_Space
 70
     0
 10
0.0
 20
0.0
 30
0.0
  3
*Paper_Space
  1

  0
ENDBLK
  5
1D
330
1B
100
AcDbEntity
 67
     1
  8
0
100
AcDbBlockEnd
  0
BLOCK
  5
24
330
23
100
AcDbEntity
  8
0
100
AcDbBlockBegin
  2
*Paper_Space0
 70
     0
 10
0.0
 20
0.0
 30
0.0
  3
*Paper_Space0
  1

  0
ENDBLK
  5
25
330
23
100
AcDbEntity
  8
0
100
AcDbBlockEnd
  0
ENDSEC
  0
SECTION
  2
ENTITIES
  0
SPLINE
  5
41
330
1F
100
AcDbEntity
  8
Camada 1
 62
   183
100
AcDbSpline
210
0.0
220
0.0
230
1.0
 70
    11
 71
     3
 72
  2056
 73
  2052
 74
     0
 42
0.0000000001
 43
0.0000000001
 12
1.0
 22
0.0
 32
0.0
 13
1.0
 23
0.0
 33
0.0
 40
0.0
 40
0.0
 40
0.0
 40
0.0
 40
0.0019455252918288
 40
0.0019455252918288
 40
0.0019455252918288
 40
0.0019455252918288
 40
0.0038910505836576
 40
0.0038910505836576
 40
0.0038910505836576
 40
0.0038910505836576
 40
0.0058365758754864
 40
0.0058365758754864
 40
0.0058365758754864
 40
0.0058365758754864
 40
0.0077821011673152
 40
0.0077821011673152
 40
0.0077821011673152
 40
0.0077821011673152
 40
0.009727626459144
 40
0.009727626459144
 40
0.009727626459144
 40
0.009727626459144
 40
0.0116731517509728
 40
0.0116731517509728
 40
0.0116731517509728
 40
0.0116731517509728
 40
0.0136186770428016
 40
0.0136186770428016
 40
0.0136186770428016
 40
0.0136186770428016
 40
0.0155642023346304
 40
0.0155642023346304
 40
0.0155642023346304
 40
0.0155642023346304
 40
0.0175097276264591
 40
0.0175097276264591
 40
0.0175097276264591
 40
0.0175097276264591
 40
0.0194552529182879
 40
0.0194552529182879
 40
0.0194552529182879
 40
0.0194552529182879
 40
0.0214007782101167
 40
0.0214007782101167
 40
0.0214007782101167
 40
0.0214007782101167
 40
0.0233463035019455
 40
0.0233463035019455
 40
0.0233463035019455
 40
0.0233463035019455
 40
0.0252918287937743
 40
0.0252918287937743
 40
0.0252918287937743
 40
0.0252918287937743
 40
0.0272373540856031
 40
0.0272373540856031
 40
0.0272373540856031
 40
0.0272373540856031
 40
0.0291828793774319
 40
0.0291828793774319
 40
0.0291828793774319
 40
0.0291828793774319
 40
0.0311284046692607
 40
0.0311284046692607
 40
0.0311284046692607
 40
0.0311284046692607
 40
0.0330739299610895
 40
0.0330739299610895
 40
0.0330739299610895
 40
0.0330739299610895
 40
0.0350194552529183
 40
0.0350194552529183
 40
0.0350194552529183
 40
0.0350194552529183
 40
0.0369649805447471
 40
0.0369649805447471
 40
0.0369649805447471
 40
0.0369649805447471
 40
0.0389105058365759
 40
0.0389105058365759
 40
0.0389105058365759
 40
0.0389105058365759
 40
0.0408560311284047
 40
0.0408560311284047
 40
0.0408560311284047
 40
0.0408560311284047
 40
0.0428015564202335
 40
0.0428015564202335
 40
0.0428015564202335
 40
0.0428015564202335
 40
0.0447470817120623
 40
0.0447470817120623
 40
0.0447470817120623
 40
0.0447470817120623
 40
0.0466926070038911
 40
0.0466926070038911
 40
0.0466926070038911
 40
0.0466926070038911
 40
0.0486381322957198
 40
0.0486381322957198
 40
0.0486381322957198
 40
0.0486381322957198
 40
0.0505836575875486
 40
0.0505836575875486
 40
0.0505836575875486
 40
0.0505836575875486
 40
0.0525291828793774
 40
0.0525291828793774
 40
0.0525291828793774
 40
0.0525291828793774
 40
0.0544747081712062
 40
0.0544747081712062
 40
0.0544747081712062
 40
0.0544747081712062
 40
0.056420233463035
 40
0.056420233463035
 40
0.056420233463035
 40
0.056420233463035
 40
0.0583657587548638
 40
0.0583657587548638
 40
0.0583657587548638
 40
0.0583657587548638
 40
0.0603112840466926
 40
0.0603112840466926
 40
0.0603112840466926
 40
0.0603112840466926
 40
0.0622568093385214
 40
0.0622568093385214
 40
0.0622568093385214
 40
0.0622568093385214
 40
0.0642023346303502
 40
0.0642023346303502
 40
0.0642023346303502
 40
0.0642023346303502
 40
0.066147859922179
 40
0.066147859922179
 40
0.066147859922179
 40
0.066147859922179
 40
0.0680933852140078
 40
0.0680933852140078
 40
0.0680933852140078
 40
0.0680933852140078
 40
0.0700389105058366
 40
0.0700389105058366
 40
0.0700389105058366
 40
0.0700389105058366
 40
0.0719844357976654
 40
0.0719844357976654
 40
0.0719844357976654
 40
0.0719844357976654
 40
0.0739299610894942
 40
0.0739299610894942
 40
0.0739299610894942
 40
0.0739299610894942
 40
0.075875486381323
 40
0.075875486381323
 40
0.075875486381323
 40
0.075875486381323
 40
0.0778210116731518
 40
0.0778210116731518
 40
0.0778210116731518
 40
0.0778210116731518
 40
0.0797665369649805
 40
0.0797665369649805
 40
0.0797665369649805
 40
0.0797665369649805
 40
0.0817120622568093
 40
0.0817120622568093
 40
0.0817120622568093
 40
0.0817120622568093
 40
0.0836575875486381
 40
0.0836575875486381
 40
0.0836575875486381
 40
0.0836575875486381
 40
0.0856031128404669
 40
0.0856031128404669
 40
0.0856031128404669
 40
0.0856031128404669
 40
0.0875486381322957
 40
0.0875486381322957
 40
0.0875486381322957
 40
0.0875486381322957
 40
0.0894941634241245
 40
0.0894941634241245
 40
0.0894941634241245
 40
0.0894941634241245
 40
0.0914396887159533
 40
0.0914396887159533
 40
0.0914396887159533
 40
0.0914396887159533
 40
0.0933852140077821
 40
0.0933852140077821
 40
0.0933852140077821
 40
0.0933852140077821
 40
0.0953307392996109
 40
0.0953307392996109
 40
0.0953307392996109
 40
0.0953307392996109
 40
0.0972762645914397
 40
0.0972762645914397
 40
0.0972762645914397
 40
0.0972762645914397
 40
0.0992217898832685
 40
0.0992217898832685
 40
0.0992217898832685
 40
0.0992217898832685
 40
0.1011673151750973
 40
0.1011673151750973
 40
0.1011673151750973
 40
0.1011673151750973
 40
0.1031128404669261
 40
0.1031128404669261
 40
0.1031128404669261
 40
0.1031128404669261
 40
0.1050583657587549
 40
0.1050583657587549
 40
0.1050583657587549
 40
0.1050583657587549
 40
0.1070038910505837
 40
0.1070038910505837
 40
0.1070038910505837
 40
0.1070038910505837
 40
0.1089494163424125
 40
0.1089494163424125
 40
0.1089494163424125
 40
0.1089494163424125
 40
0.1108949416342412
 40
0.1108949416342412
 40
0.1108949416342412
 40
0.1108949416342412
 40
0.11284046692607
 40
0.11284046692607
 40
0.11284046692607
 40
0.11284046692607
 40
0.1147859922178988
 40
0.1147859922178988
 40
0.1147859922178988
 40
0.1147859922178988
 40
0.1167315175097276
 40
0.1167315175097276
 40
0.1167315175097276
 40
0.1167315175097276
 40
0.1186770428015564
 40
0.1186770428015564
 40
0.1186770428015564
 40
0.1186770428015564
 40
0.1206225680933852
 40
0.1206225680933852
 40
0.1206225680933852
 40
0.1206225680933852
 40
0.122568093385214
 40
0.122568093385214
 40
0.122568093385214
 40
0.122568093385214
 40
0.1245136186770428
 40
0.1245136186770428
 40
0.1245136186770428
 40
0.1245136186770428
 40
0.1264591439688716
 40
0.1264591439688716
 40
0.1264591439688716
 40
0.1264591439688716
 40
0.1284046692607004
 40
0.1284046692607004
 40
0.1284046692607004
 40
0.1284046692607004
 40
0.1303501945525292
 40
0.1303501945525292
 40
0.1303501945525292
 40
0.1303501945525292
 40
0.132295719844358
 40
0.132295719844358
 40
0.132295719844358
 40
0.132295719844358
 40
0.1342412451361868
 40
0.1342412451361868
 40
0.1342412451361868
 40
0.1342412451361868
 40
0.1361867704280156
 40
0.1361867704280156
 40
0.1361867704280156
 40
0.1361867704280156
 40
0.1381322957198444
 40
0.1381322957198444
 40
0.1381322957198444
 40
0.1381322957198444
 40
0.1400778210116732
 40
0.1400778210116732
 40
0.1400778210116732
 40
0.1400778210116732
 40
0.1420233463035019
 40
0.1420233463035019
 40
0.1420233463035019
 40
0.1420233463035019
 40
0.1439688715953307
 40
0.1439688715953307
 40
0.1439688715953307
 40
0.1439688715953307
 40
0.1459143968871595
 40
0.1459143968871595
 40
0.1459143968871595
 40
0.1459143968871595
 40
0.1478599221789883
 40
0.1478599221789883
 40
0.1478599221789883
 40
0.1478599221789883
 40
0.1498054474708171
 40
0.1498054474708171
 40
0.1498054474708171
 40
0.1498054474708171
 40
0.1517509727626459
 40
0.1517509727626459
 40
0.1517509727626459
 40
0.1517509727626459
 40
0.1536964980544747
 40
0.1536964980544747
 40
0.1536964980544747
 40
0.1536964980544747
 40
0.1556420233463035
 40
0.1556420233463035
 40
0.1556420233463035
 40
0.1556420233463035
 40
0.1575875486381323
 40
0.1575875486381323
 40
0.1575875486381323
 40
0.1575875486381323
 40
0.1595330739299611
 40
0.1595330739299611
 40
0.1595330739299611
 40
0.1595330739299611
 40
0.1614785992217899
 40
0.1614785992217899
 40
0.1614785992217899
 40
0.1614785992217899
 40
0.1634241245136187
 40
0.1634241245136187
 40
0.1634241245136187
 40
0.1634241245136187
 40
0.1653696498054475
 40
0.1653696498054475
 40
0.1653696498054475
 40
0.1653696498054475
 40
0.1673151750972763
 40
0.1673151750972763
 40
0.1673151750972763
 40
0.1673151750972763
 40
0.1692607003891051
 40
0.1692607003891051
 40
0.1692607003891051
 40
0.1692607003891051
 40
0.1712062256809339
 40
0.1712062256809339
 40
0.1712062256809339
 40
0.1712062256809339
 40
0.1731517509727626
 40
0.1731517509727626
 40
0.1731517509727626
 40
0.1731517509727626
 40
0.1750972762645914
 40
0.1750972762645914
 40
0.1750972762645914
 40
0.1750972762645914
 40
0.1770428015564202
 40
0.1770428015564202
 40
0.1770428015564202
 40
0.1770428015564202
 40
0.178988326848249
 40
0.178988326848249
 40
0.178988326848249
 40
0.178988326848249
 40
0.1809338521400778
 40
0.1809338521400778
 40
0.1809338521400778
 40
0.1809338521400778
 40
0.1828793774319066
 40
0.1828793774319066
 40
0.1828793774319066
 40
0.1828793774319066
 40
0.1848249027237354
 40
0.1848249027237354
 40
0.1848249027237354
 40
0.1848249027237354
 40
0.1867704280155642
 40
0.1867704280155642
 40
0.1867704280155642
 40
0.1867704280155642
 40
0.188715953307393
 40
0.188715953307393
 40
0.188715953307393
 40
0.188715953307393
 40
0.1906614785992218
 40
0.1906614785992218
 40
0.1906614785992218
 40
0.1906614785992218
 40
0.1926070038910506
 40
0.1926070038910506
 40
0.1926070038910506
 40
0.1926070038910506
 40
0.1945525291828794
 40
0.1945525291828794
 40
0.1945525291828794
 40
0.1945525291828794
 40
0.1964980544747082
 40
0.1964980544747082
 40
0.1964980544747082
 40
0.1964980544747082
 40
0.198443579766537
 40
0.198443579766537
 40
0.198443579766537
 40
0.198443579766537
 40
0.2003891050583658
 40
0.2003891050583658
 40
0.2003891050583658
 40
0.2003891050583658
 40
0.2023346303501946
 40
0.2023346303501946
 40
0.2023346303501946
 40
0.2023346303501946
 40
0.2042801556420233
 40
0.2042801556420233
 40
0.2042801556420233
 40
0.2042801556420233
 40
0.2062256809338521
 40
0.2062256809338521
 40
0.2062256809338521
 40
0.2062256809338521
 40
0.2081712062256809
 40
0.2081712062256809
 40
0.2081712062256809
 40
0.2081712062256809
 40
0.2101167315175097
 40
0.2101167315175097
 40
0.2101167315175097
 40
0.2101167315175097
 40
0.2120622568093385
 40
0.2120622568093385
 40
0.2120622568093385
 40
0.2120622568093385
 40
0.2140077821011673
 40
0.2140077821011673
 40
0.2140077821011673
 40
0.2140077821011673
 40
0.2159533073929961
 40
0.2159533073929961
 40
0.2159533073929961
 40
0.2159533073929961
 40
0.2178988326848249
 40
0.2178988326848249
 40
0.2178988326848249
 40
0.2178988326848249
 40
0.2198443579766537
 40
0.2198443579766537
 40
0.2198443579766537
 40
0.2198443579766537
 40
0.2217898832684825
 40
0.2217898832684825
 40
0.2217898832684825
 40
0.2217898832684825
 40
0.2237354085603113
 40
0.2237354085603113
 40
0.2237354085603113
 40
0.2237354085603113
 40
0.2256809338521401
 40
0.2256809338521401
 40
0.2256809338521401
 40
0.2256809338521401
 40
0.2276264591439689
 40
0.2276264591439689
 40
0.2276264591439689
 40
0.2276264591439689
 40
0.2295719844357977
 40
0.2295719844357977
 40
0.2295719844357977
 40
0.2295719844357977
 40
0.2315175097276265
 40
0.2315175097276265
 40
0.2315175097276265
 40
0.2315175097276265
 40
0.2334630350194553
 40
0.2334630350194553
 40
0.2334630350194553
 40
0.2334630350194553
 40
0.235408560311284
 40
0.235408560311284
 40
0.235408560311284
 40
0.235408560311284
 40
0.2373540856031128
 40
0.2373540856031128
 40
0.2373540856031128
 40
0.2373540856031128
 40
0.2392996108949416
 40
0.2392996108949416
 40
0.2392996108949416
 40
0.2392996108949416
 40
0.2412451361867704
 40
0.2412451361867704
 40
0.2412451361867704
 40
0.2412451361867704
 40
0.2431906614785992
 40
0.2431906614785992
 40
0.2431906614785992
 40
0.2431906614785992
 40
0.245136186770428
 40
0.245136186770428
 40
0.245136186770428
 40
0.245136186770428
 40
0.2470817120622568
 40
0.2470817120622568
 40
0.2470817120622568
 40
0.2470817120622568
 40
0.2490272373540856
 40
0.2490272373540856
 40
0.2490272373540856
 40
0.2490272373540856
 40
0.2509727626459144
 40
0.2509727626459144
 40
0.2509727626459144
 40
0.2509727626459144
 40
0.2529182879377432
 40
0.2529182879377432
 40
0.2529182879377432
 40
0.2529182879377432
 40
0.254863813229572
 40
0.254863813229572
 40
0.254863813229572
 40
0.254863813229572
 40
0.2568093385214008
 40
0.2568093385214008
 40
0.2568093385214008
 40
0.2568093385214008
 40
0.2587548638132296
 40
0.2587548638132296
 40
0.2587548638132296
 40
0.2587548638132296
 40
0.2607003891050584
 40
0.2607003891050584
 40
0.2607003891050584
 40
0.2607003891050584
 40
0.2626459143968872
 40
0.2626459143968872
 40
0.2626459143968872
 40
0.2626459143968872
 40
0.264591439688716
 40
0.264591439688716
 40
0.264591439688716
 40
0.264591439688716
 40
0.2665369649805447
 40
0.2665369649805447
 40
0.2665369649805447
 40
0.2665369649805447
 40
0.2684824902723735
 40
0.2684824902723735
 40
0.2684824902723735
 40
0.2684824902723735
 40
0.2704280155642023
 40
0.2704280155642023
 40
0.2704280155642023
 40
0.2704280155642023
 40
0.2723735408560311
 40
0.2723735408560311
 40
0.2723735408560311
 40
0.2723735408560311
 40
0.2743190661478599
 40
0.2743190661478599
 40
0.2743190661478599
 40
0.2743190661478599
 40
0.2762645914396887
 40
0.2762645914396887
 40
0.2762645914396887
 40
0.2762645914396887
 40
0.2782101167315175
 40
0.2782101167315175
 40
0.2782101167315175
 40
0.2782101167315175
 40
0.2801556420233463
 40
0.2801556420233463
 40
0.2801556420233463
 40
0.2801556420233463
 40
0.2821011673151751
 40
0.2821011673151751
 40
0.2821011673151751
 40
0.2821011673151751
 40
0.2840466926070039
 40
0.2840466926070039
 40
0.2840466926070039
 40
0.2840466926070039
 40
0.2859922178988327
 40
0.2859922178988327
 40
0.2859922178988327
 40
0.2859922178988327
 40
0.2879377431906615
 40
0.2879377431906615
 40
0.2879377431906615
 40
0.2879377431906615
 40
0.2898832684824903
 40
0.2898832684824903
 40
0.2898832684824903
 40
0.2898832684824903
 40
0.2918287937743191
 40
0.2918287937743191
 40
0.2918287937743191
 40
0.2918287937743191
 40
0.2937743190661479
 40
0.2937743190661479
 40
0.2937743190661479
 40
0.2937743190661479
 40
0.2957198443579767
 40
0.2957198443579767
 40
0.2957198443579767
 40
0.2957198443579767
 40
0.2976653696498054
 40
0.2976653696498054
 40
0.2976653696498054
 40
0.2976653696498054
 40
0.2996108949416342
 40
0.2996108949416342
 40
0.2996108949416342
 40
0.2996108949416342
 40
0.301556420233463
 40
0.301556420233463
 40
0.301556420233463
 40
0.301556420233463
 40
0.3035019455252918
 40
0.3035019455252918
 40
0.3035019455252918
 40
0.3035019455252918
 40
0.3054474708171206
 40
0.3054474708171206
 40
0.3054474708171206
 40
0.3054474708171206
 40
0.3073929961089494
 40
0.3073929961089494
 40
0.3073929961089494
 40
0.3073929961089494
 40
0.3093385214007782
 40
0.3093385214007782
 40
0.3093385214007782
 40
0.3093385214007782
 40
0.311284046692607
 40
0.311284046692607
 40
0.311284046692607
 40
0.311284046692607
 40
0.3132295719844358
 40
0.3132295719844358
 40
0.3132295719844358
 40
0.3132295719844358
 40
0.3151750972762646
 40
0.3151750972762646
 40
0.3151750972762646
 40
0.3151750972762646
 40
0.3171206225680934
 40
0.3171206225680934
 40
0.3171206225680934
 40
0.3171206225680934
 40
0.3190661478599222
 40
0.3190661478599222
 40
0.3190661478599222
 40
0.3190661478599222
 40
0.321011673151751
 40
0.321011673151751
 40
0.321011673151751
 40
0.321011673151751
 40
0.3229571984435798
 40
0.3229571984435798
 40
0.3229571984435798
 40
0.3229571984435798
 40
0.3249027237354086
 40
0.3249027237354086
 40
0.3249027237354086
 40
0.3249027237354086
 40
0.3268482490272374
 40
0.3268482490272374
 40
0.3268482490272374
 40
0.3268482490272374
 40
0.3287937743190661
 40
0.3287937743190661
 40
0.3287937743190661
 40
0.3287937743190661
 40
0.3307392996108949
 40
0.3307392996108949
 40
0.3307392996108949
 40
0.3307392996108949
 40
0.3326848249027237
 40
0.3326848249027237
 40
0.3326848249027237
 40
0.3326848249027237
 40
0.3346303501945525
 40
0.3346303501945525
 40
0.3346303501945525
 40
0.3346303501945525
 40
0.3365758754863813
 40
0.3365758754863813
 40
0.3365758754863813
 40
0.3365758754863813
 40
0.3385214007782101
 40
0.3385214007782101
 40
0.3385214007782101
 40
0.3385214007782101
 40
0.3404669260700389
 40
0.3404669260700389
 40
0.3404669260700389
 40
0.3404669260700389
 40
0.3424124513618677
 40
0.3424124513618677
 40
0.3424124513618677
 40
0.3424124513618677
 40
0.3443579766536965
 40
0.3443579766536965
 40
0.3443579766536965
 40
0.3443579766536965
 40
0.3463035019455253
 40
0.3463035019455253
 40
0.3463035019455253
 40
0.3463035019455253
 40
0.3482490272373541
 40
0.3482490272373541
 40
0.3482490272373541
 40
0.3482490272373541
 40
0.3501945525291829
 40
0.3501945525291829
 40
0.3501945525291829
 40
0.3501945525291829
 40
0.3521400778210117
 40
0.3521400778210117
 40
0.3521400778210117
 40
0.3521400778210117
 40
0.3540856031128405
 40
0.3540856031128405
 40
0.3540856031128405
 40
0.3540856031128405
 40
0.3560311284046693
 40
0.3560311284046693
 40
0.3560311284046693
 40
0.3560311284046693
 40
0.3579766536964981
 40
0.3579766536964981
 40
0.3579766536964981
 40
0.3579766536964981
 40
0.3599221789883268
 40
0.3599221789883268
 40
0.3599221789883268
 40
0.3599221789883268
 40
0.3618677042801556
 40
0.3618677042801556
 40
0.3618677042801556
 40
0.3618677042801556
 40
0.3638132295719844
 40
0.3638132295719844
 40
0.3638132295719844
 40
0.3638132295719844
 40
0.3657587548638132
 40
0.3657587548638132
 40
0.3657587548638132
 40
0.3657587548638132
 40
0.367704280155642
 40
0.367704280155642
 40
0.367704280155642
 40
0.367704280155642
 40
0.3696498054474708
 40
0.3696498054474708
 40
0.3696498054474708
 40
0.3696498054474708
 40
0.3715953307392996
 40
0.3715953307392996
 40
0.3715953307392996
 40
0.3715953307392996
 40
0.3735408560311284
 40
0.3735408560311284
 40
0.3735408560311284
 40
0.3735408560311284
 40
0.3754863813229572
 40
0.3754863813229572
 40
0.3754863813229572
 40
0.3754863813229572
 40
0.377431906614786
 40
0.377431906614786
 40
0.377431906614786
 40
0.377431906614786
 40
0.3793774319066148
 40
0.3793774319066148
 40
0.3793774319066148
 40
0.3793774319066148
 40
0.3813229571984436
 40
0.3813229571984436
 40
0.3813229571984436
 40
0.3813229571984436
 40
0.3832684824902724
 40
0.3832684824902724
 40
0.3832684824902724
 40
0.3832684824902724
 40
0.3852140077821012
 40
0.3852140077821012
 40
0.3852140077821012
 40
0.3852140077821012
 40
0.38715953307393
 40
0.38715953307393
 40
0.38715953307393
 40
0.38715953307393
 40
0.3891050583657588
 40
0.3891050583657588
 40
0.3891050583657588
 40
0.3891050583657588
 40
0.3910505836575875
 40
0.3910505836575875
 40
0.3910505836575875
 40
0.3910505836575875
 40
0.3929961089494163
 40
0.3929961089494163
 40
0.3929961089494163
 40
0.3929961089494163
 40
0.3949416342412451
 40
0.3949416342412451
 40
0.3949416342412451
 40
0.3949416342412451
 40
0.3968871595330739
 40
0.3968871595330739
 40
0.3968871595330739
 40
0.3968871595330739
 40
0.3988326848249028
 40
0.3988326848249028
 40
0.3988326848249028
 40
0.3988326848249028
 40
0.4007782101167315
 40
0.4007782101167315
 40
0.4007782101167315
 40
0.4007782101167315
 40
0.4027237354085603
 40
0.4027237354085603
 40
0.4027237354085603
 40
0.4027237354085603
 40
0.4046692607003891
 40
0.4046692607003891
 40
0.4046692607003891
 40
0.4046692607003891
 40
0.4066147859922179
 40
0.4066147859922179
 40
0.4066147859922179
 40
0.4066147859922179
 40
0.4085603112840467
 40
0.4085603112840467
 40
0.4085603112840467
 40
0.4085603112840467
 40
0.4105058365758755
 40
0.4105058365758755
 40
0.4105058365758755
 40
0.4105058365758755
 40
0.4124513618677043
 40
0.4124513618677043
 40
0.4124513618677043
 40
0.4124513618677043
 40
0.4143968871595331
 40
0.4143968871595331
 40
0.4143968871595331
 40
0.4143968871595331
 40
0.4163424124513619
 40
0.4163424124513619
 40
0.4163424124513619
 40
0.4163424124513619
 40
0.4182879377431907
 40
0.4182879377431907
 40
0.4182879377431907
 40
0.4182879377431907
 40
0.4202334630350195
 40
0.4202334630350195
 40
0.4202334630350195
 40
0.4202334630350195
 40
0.4221789883268482
 40
0.4221789883268482
 40
0.4221789883268482
 40
0.4221789883268482
 40
0.424124513618677
 40
0.424124513618677
 40
0.424124513618677
 40
0.424124513618677
 40
0.4260700389105058
 40
0.4260700389105058
 40
0.4260700389105058
 40
0.4260700389105058
 40
0.4280155642023346
 40
0.4280155642023346
 40
0.4280155642023346
 40
0.4280155642023346
 40
0.4299610894941635
 40
0.4299610894941635
 40
0.4299610894941635
 40
0.4299610894941635
 40
0.4319066147859922
 40
0.4319066147859922
 40
0.4319066147859922
 40
0.4319066147859922
 40
0.433852140077821
 40
0.433852140077821
 40
0.433852140077821
 40
0.433852140077821
 40
0.4357976653696498
 40
0.4357976653696498
 40
0.4357976653696498
 40
0.4357976653696498
 40
0.4377431906614786
 40
0.4377431906614786
 40
0.4377431906614786
 40
0.4377431906614786
 40
0.4396887159533074
 40
0.4396887159533074
 40
0.4396887159533074
 40
0.4396887159533074
 40
0.4416342412451362
 40
0.4416342412451362
 40
0.4416342412451362
 40
0.4416342412451362
 40
0.443579766536965
 40
0.443579766536965
 40
0.443579766536965
 40
0.443579766536965
 40
0.4455252918287938
 40
0.4455252918287938
 40
0.4455252918287938
 40
0.4455252918287938
 40
0.4474708171206226
 40
0.4474708171206226
 40
0.4474708171206226
 40
0.4474708171206226
 40
0.4494163424124514
 40
0.4494163424124514
 40
0.4494163424124514
 40
0.4494163424124514
 40
0.4513618677042802
 40
0.4513618677042802
 40
0.4513618677042802
 40
0.4513618677042802
 40
0.4533073929961089
 40
0.4533073929961089
 40
0.4533073929961089
 40
0.4533073929961089
 40
0.4552529182879377
 40
0.4552529182879377
 40
0.4552529182879377
 40
0.4552529182879377
 40
0.4571984435797665
 40
0.4571984435797665
 40
0.4571984435797665
 40
0.4571984435797665
 40
0.4591439688715953
 40
0.4591439688715953
 40
0.4591439688715953
 40
0.4591439688715953
 40
0.4610894941634242
 40
0.4610894941634242
 40
0.4610894941634242
 40
0.4610894941634242
 40
0.4630350194552529
 40
0.4630350194552529
 40
0.4630350194552529
 40
0.4630350194552529
 40
0.4649805447470817
 40
0.4649805447470817
 40
0.4649805447470817
 40
0.4649805447470817
 40
0.4669260700389105
 40
0.4669260700389105
 40
0.4669260700389105
 40
0.4669260700389105
 40
0.4688715953307393
 40
0.4688715953307393
 40
0.4688715953307393
 40
0.4688715953307393
 40
0.4708171206225681
 40
0.4708171206225681
 40
0.4708171206225681
 40
0.4708171206225681
 40
0.4727626459143969
 40
0.4727626459143969
 40
0.4727626459143969
 40
0.4727626459143969
 40
0.4747081712062257
 40
0.4747081712062257
 40
0.4747081712062257
 40
0.4747081712062257
 40
0.4766536964980545
 40
0.4766536964980545
 40
0.4766536964980545
 40
0.4766536964980545
 40
0.4785992217898833
 40
0.4785992217898833
 40
0.4785992217898833
 40
0.4785992217898833
 40
0.4805447470817121
 40
0.4805447470817121
 40
0.4805447470817121
 40
0.4805447470817121
 40
0.4824902723735409
 40
0.4824902723735409
 40
0.4824902723735409
 40
0.4824902723735409
 40
0.4844357976653696
 40
0.4844357976653696
 40
0.4844357976653696
 40
0.4844357976653696
 40
0.4863813229571984
 40
0.4863813229571984
 40
0.4863813229571984
 40
0.4863813229571984
 40
0.4883268482490272
 40
0.4883268482490272
 40
0.4883268482490272
 40
0.4883268482490272
 40
0.490272373540856
 40
0.490272373540856
 40
0.490272373540856
 40
0.490272373540856
 40
0.4922178988326849
 40
0.4922178988326849
 40
0.4922178988326849
 40
0.4922178988326849
 40
0.4941634241245136
 40
0.4941634241245136
 40
0.4941634241245136
 40
0.4941634241245136
 40
0.4961089494163424
 40
0.4961089494163424
 40
0.4961089494163424
 40
0.4961089494163424
 40
0.4980544747081712
 40
0.4980544747081712
 40
0.4980544747081712
 40
0.4980544747081712
 40
0.5
 40
0.5
 40
0.5
 40
0.5
 40
0.5019455252918288
 40
0.5019455252918288
 40
0.5019455252918288
 40
0.5019455252918288
 40
0.5038910505836576
 40
0.5038910505836576
 40
0.5038910505836576
 40
0.5038910505836576
 40
0.5058365758754864
 40
0.5058365758754864
 40
0.5058365758754864
 40
0.5058365758754864
 40
0.5077821011673151
 40
0.5077821011673151
 40
0.5077821011673151
 40
0.5077821011673151
 40
0.5097276264591439
 40
0.5097276264591439
 40
0.5097276264591439
 40
0.5097276264591439
 40
0.5116731517509727
 40
0.5116731517509727
 40
0.5116731517509727
 40
0.5116731517509727
 40
0.5136186770428015
 40
0.5136186770428015
 40
0.5136186770428015
 40
0.5136186770428015
 40
0.5155642023346303
 40
0.5155642023346303
 40
0.5155642023346303
 40
0.5155642023346303
 40
0.5175097276264592
 40
0.5175097276264592
 40
0.5175097276264592
 40
0.5175097276264592
 40
0.519455252918288
 40
0.519455252918288
 40
0.519455252918288
 40
0.519455252918288
 40
0.5214007782101168
 40
0.5214007782101168
 40
0.5214007782101168
 40
0.5214007782101168
 40
0.5233463035019456
 40
0.5233463035019456
 40
0.5233463035019456
 40
0.5233463035019456
 40
0.5252918287937743
 40
0.5252918287937743
 40
0.5252918287937743
 40
0.5252918287937743
 40
0.5272373540856031
 40
0.5272373540856031
 40
0.5272373540856031
 40
0.5272373540856031
 40
0.5291828793774319
 40
0.5291828793774319
 40
0.5291828793774319
 40
0.5291828793774319
 40
0.5311284046692607
 40
0.5311284046692607
 40
0.5311284046692607
 40
0.5311284046692607
 40
0.5330739299610895
 40
0.5330739299610895
 40
0.5330739299610895
 40
0.5330739299610895
 40
0.5350194552529183
 40
0.5350194552529183
 40
0.5350194552529183
 40
0.5350194552529183
 40
0.5369649805447471
 40
0.5369649805447471
 40
0.5369649805447471
 40
0.5369649805447471
 40
0.5389105058365758
 40
0.5389105058365758
 40
0.5389105058365758
 40
0.5389105058365758
 40
0.5408560311284046
 40
0.5408560311284046
 40
0.5408560311284046
 40
0.5408560311284046
 40
0.5428015564202334
 40
0.5428015564202334
 40
0.5428015564202334
 40
0.5428015564202334
 40
0.5447470817120622
 40
0.5447470817120622
 40
0.5447470817120622
 40
0.5447470817120622
 40
0.546692607003891
 40
0.546692607003891
 40
0.546692607003891
 40
0.546692607003891
 40
0.5486381322957199
 40
0.5486381322957199
 40
0.5486381322957199
 40
0.5486381322957199
 40
0.5505836575875487
 40
0.5505836575875487
 40
0.5505836575875487
 40
0.5505836575875487
 40
0.5525291828793775
 40
0.5525291828793775
 40
0.5525291828793775
 40
0.5525291828793775
 40
0.5544747081712063
 40
0.5544747081712063
 40
0.5544747081712063
 40
0.5544747081712063
 40
0.556420233463035
 40
0.556420233463035
 40
0.556420233463035
 40
0.556420233463035
 40
0.5583657587548638
 40
0.5583657587548638
 40
0.5583657587548638
 40
0.5583657587548638
 40
0.5603112840466926
 40
0.5603112840466926
 40
0.5603112840466926
 40
0.5603112840466926
 40
0.5622568093385214
 40
0.5622568093385214
 40
0.5622568093385214
 40
0.5622568093385214
 40
0.5642023346303502
 40
0.5642023346303502
 40
0.5642023346303502
 40
0.5642023346303502
 40
0.566147859922179
 40
0.566147859922179
 40
0.566147859922179
 40
0.566147859922179
 40
0.5680933852140078
 40
0.5680933852140078
 40
0.5680933852140078
 40
0.5680933852140078
 40
0.5700389105058365
 40
0.5700389105058365
 40
0.5700389105058365
 40
0.5700389105058365
 40
0.5719844357976653
 40
0.5719844357976653
 40
0.5719844357976653
 40
0.5719844357976653
 40
0.5739299610894941
 40
0.5739299610894941
 40
0.5739299610894941
 40
0.5739299610894941
 40
0.5758754863813229
 40
0.5758754863813229
 40
0.5758754863813229
 40
0.5758754863813229
 40
0.5778210116731517
 40
0.5778210116731517
 40
0.5778210116731517
 40
0.5778210116731517
 40
0.5797665369649806
 40
0.5797665369649806
 40
0.5797665369649806
 40
0.5797665369649806
 40
0.5817120622568094
 40
0.5817120622568094
 40
0.5817120622568094
 40
0.5817120622568094
 40
0.5836575875486382
 40
0.5836575875486382
 40
0.5836575875486382
 40
0.5836575875486382
 40
0.585603112840467
 40
0.585603112840467
 40
0.585603112840467
 40
0.585603112840467
 40
0.5875486381322957
 40
0.5875486381322957
 40
0.5875486381322957
 40
0.5875486381322957
 40
0.5894941634241245
 40
0.5894941634241245
 40
0.5894941634241245
 40
0.5894941634241245
 40
0.5914396887159533
 40
0.5914396887159533
 40
0.5914396887159533
 40
0.5914396887159533
 40
0.5933852140077821
 40
0.5933852140077821
 40
0.5933852140077821
 40
0.5933852140077821
 40
0.5953307392996109
 40
0.5953307392996109
 40
0.5953307392996109
 40
0.5953307392996109
 40
0.5972762645914397
 40
0.5972762645914397
 40
0.5972762645914397
 40
0.5972762645914397
 40
0.5992217898832685
 40
0.5992217898832685
 40
0.5992217898832685
 40
0.5992217898832685
 40
0.6011673151750972
 40
0.6011673151750972
 40
0.6011673151750972
 40
0.6011673151750972
 40
0.603112840466926
 40
0.603112840466926
 40
0.603112840466926
 40
0.603112840466926
 40
0.6050583657587548
 40
0.6050583657587548
 40
0.6050583657587548
 40
0.6050583657587548
 40
0.6070038910505836
 40
0.6070038910505836
 40
0.6070038910505836
 40
0.6070038910505836
 40
0.6089494163424124
 40
0.6089494163424124
 40
0.6089494163424124
 40
0.6089494163424124
 40
0.6108949416342413
 40
0.6108949416342413
 40
0.6108949416342413
 40
0.6108949416342413
 40
0.6128404669260701
 40
0.6128404669260701
 40
0.6128404669260701
 40
0.6128404669260701
 40
0.6147859922178989
 40
0.6147859922178989
 40
0.6147859922178989
 40
0.6147859922178989
 40
0.6167315175097277
 40
0.6167315175097277
 40
0.6167315175097277
 40
0.6167315175097277
 40
0.6186770428015564
 40
0.6186770428015564
 40
0.6186770428015564
 40
0.6186770428015564
 40
0.6206225680933852
 40
0.6206225680933852
 40
0.6206225680933852
 40
0.6206225680933852
 40
0.622568093385214
 40
0.622568093385214
 40
0.622568093385214
 40
0.622568093385214
 40
0.6245136186770428
 40
0.6245136186770428
 40
0.6245136186770428
 40
0.6245136186770428
 40
0.6264591439688716
 40
0.6264591439688716
 40
0.6264591439688716
 40
0.6264591439688716
 40
0.6284046692607004
 40
0.6284046692607004
 40
0.6284046692607004
 40
0.6284046692607004
 40
0.6303501945525292
 40
0.6303501945525292
 40
0.6303501945525292
 40
0.6303501945525292
 40
0.632295719844358
 40
0.632295719844358
 40
0.632295719844358
 40
0.632295719844358
 40
0.6342412451361867
 40
0.6342412451361867
 40
0.6342412451361867
 40
0.6342412451361867
 40
0.6361867704280155
 40
0.6361867704280155
 40
0.6361867704280155
 40
0.6361867704280155
 40
0.6381322957198443
 40
0.6381322957198443
 40
0.6381322957198443
 40
0.6381322957198443
 40
0.6400778210116731
 40
0.6400778210116731
 40
0.6400778210116731
 40
0.6400778210116731
 40
0.642023346303502
 40
0.642023346303502
 40
0.642023346303502
 40
0.642023346303502
 40
0.6439688715953308
 40
0.6439688715953308
 40
0.6439688715953308
 40
0.6439688715953308
 40
0.6459143968871596
 40
0.6459143968871596
 40
0.6459143968871596
 40
0.6459143968871596
 40
0.6478599221789884
 40
0.6478599221789884
 40
0.6478599221789884
 40
0.6478599221789884
 40
0.6498054474708171
 40
0.6498054474708171
 40
0.6498054474708171
 40
0.6498054474708171
 40
0.6517509727626459
 40
0.6517509727626459
 40
0.6517509727626459
 40
0.6517509727626459
 40
0.6536964980544747
 40
0.6536964980544747
 40
0.6536964980544747
 40
0.6536964980544747
 40
0.6556420233463035
 40
0.6556420233463035
 40
0.6556420233463035
 40
0.6556420233463035
 40
0.6575875486381323
 40
0.6575875486381323
 40
0.6575875486381323
 40
0.6575875486381323
 40
0.6595330739299611
 40
0.6595330739299611
 40
0.6595330739299611
 40
0.6595330739299611
 40
0.6614785992217899
 40
0.6614785992217899
 40
0.6614785992217899
 40
0.6614785992217899
 40
0.6634241245136187
 40
0.6634241245136187
 40
0.6634241245136187
 40
0.6634241245136187
 40
0.6653696498054474
 40
0.6653696498054474
 40
0.6653696498054474
 40
0.6653696498054474
 40
0.6673151750972762
 40
0.6673151750972762
 40
0.6673151750972762
 40
0.6673151750972762
 40
0.669260700389105
 40
0.669260700389105
 40
0.669260700389105
 40
0.669260700389105
 40
0.6712062256809338
 40
0.6712062256809338
 40
0.6712062256809338
 40
0.6712062256809338
 40
0.6731517509727627
 40
0.6731517509727627
 40
0.6731517509727627
 40
0.6731517509727627
 40
0.6750972762645915
 40
0.6750972762645915
 40
0.6750972762645915
 40
0.6750972762645915
 40
0.6770428015564203
 40
0.6770428015564203
 40
0.6770428015564203
 40
0.6770428015564203
 40
0.6789883268482491
 40
0.6789883268482491
 40
0.6789883268482491
 40
0.6789883268482491
 40
0.6809338521400778
 40
0.6809338521400778
 40
0.6809338521400778
 40
0.6809338521400778
 40
0.6828793774319066
 40
0.6828793774319066
 40
0.6828793774319066
 40
0.6828793774319066
 40
0.6848249027237354
 40
0.6848249027237354
 40
0.6848249027237354
 40
0.6848249027237354
 40
0.6867704280155642
 40
0.6867704280155642
 40
0.6867704280155642
 40
0.6867704280155642
 40
0.688715953307393
 40
0.688715953307393
 40
0.688715953307393
 40
0.688715953307393
 40
0.6906614785992218
 40
0.6906614785992218
 40
0.6906614785992218
 40
0.6906614785992218
 40
0.6926070038910506
 40
0.6926070038910506
 40
0.6926070038910506
 40
0.6926070038910506
 40
0.6945525291828794
 40
0.6945525291828794
 40
0.6945525291828794
 40
0.6945525291828794
 40
0.6964980544747081
 40
0.6964980544747081
 40
0.6964980544747081
 40
0.6964980544747081
 40
0.6984435797665369
 40
0.6984435797665369
 40
0.6984435797665369
 40
0.6984435797665369
 40
0.7003891050583657
 40
0.7003891050583657
 40
0.7003891050583657
 40
0.7003891050583657
 40
0.7023346303501945
 40
0.7023346303501945
 40
0.7023346303501945
 40
0.7023346303501945
 40
0.7042801556420234
 40
0.7042801556420234
 40
0.7042801556420234
 40
0.7042801556420234
 40
0.7062256809338522
 40
0.7062256809338522
 40
0.7062256809338522
 40
0.7062256809338522
 40
0.708171206225681
 40
0.708171206225681
 40
0.708171206225681
 40
0.708171206225681
 40
0.7101167315175098
 40
0.7101167315175098
 40
0.7101167315175098
 40
0.7101167315175098
 40
0.7120622568093385
 40
0.7120622568093385
 40
0.7120622568093385
 40
0.7120622568093385
 40
0.7140077821011673
 40
0.7140077821011673
 40
0.7140077821011673
 40
0.7140077821011673
 40
0.7159533073929961
 40
0.7159533073929961
 40
0.7159533073929961
 40
0.7159533073929961
 40
0.7178988326848249
 40
0.7178988326848249
 40
0.7178988326848249
 40
0.7178988326848249
 40
0.7198443579766537
 40
0.7198443579766537
 40
0.7198443579766537
 40
0.7198443579766537
 40
0.7217898832684825
 40
0.7217898832684825
 40
0.7217898832684825
 40
0.7217898832684825
 40
0.7237354085603113
 40
0.7237354085603113
 40
0.7237354085603113
 40
0.7237354085603113
 40
0.72568093385214
 40
0.72568093385214
 40
0.72568093385214
 40
0.72568093385214
 40
0.7276264591439688
 40
0.7276264591439688
 40
0.7276264591439688
 40
0.7276264591439688
 40
0.7295719844357976
 40
0.7295719844357976
 40
0.7295719844357976
 40
0.7295719844357976
 40
0.7315175097276264
 40
0.7315175097276264
 40
0.7315175097276264
 40
0.7315175097276264
 40
0.7334630350194552
 40
0.7334630350194552
 40
0.7334630350194552
 40
0.7334630350194552
 40
0.7354085603112841
 40
0.7354085603112841
 40
0.7354085603112841
 40
0.7354085603112841
 40
0.7373540856031129
 40
0.7373540856031129
 40
0.7373540856031129
 40
0.7373540856031129
 40
0.7392996108949417
 40
0.7392996108949417
 40
0.7392996108949417
 40
0.7392996108949417
 40
0.7412451361867705
 40
0.7412451361867705
 40
0.7412451361867705
 40
0.7412451361867705
 40
0.7431906614785992
 40
0.7431906614785992
 40
0.7431906614785992
 40
0.7431906614785992
 40
0.745136186770428
 40
0.745136186770428
 40
0.745136186770428
 40
0.745136186770428
 40
0.7470817120622568
 40
0.7470817120622568
 40
0.7470817120622568
 40
0.7470817120622568
 40
0.7490272373540856
 40
0.7490272373540856
 40
0.7490272373540856
 40
0.7490272373540856
 40
0.7509727626459144
 40
0.7509727626459144
 40
0.7509727626459144
 40
0.7509727626459144
 40
0.7529182879377432
 40
0.7529182879377432
 40
0.7529182879377432
 40
0.7529182879377432
 40
0.754863813229572
 40
0.754863813229572
 40
0.754863813229572
 40
0.754863813229572
 40
0.7568093385214008
 40
0.7568093385214008
 40
0.7568093385214008
 40
0.7568093385214008
 40
0.7587548638132295
 40
0.7587548638132295
 40
0.7587548638132295
 40
0.7587548638132295
 40
0.7607003891050583
 40
0.7607003891050583
 40
0.7607003891050583
 40
0.7607003891050583
 40
0.7626459143968871
 40
0.7626459143968871
 40
0.7626459143968871
 40
0.7626459143968871
 40
0.7645914396887159
 40
0.7645914396887159
 40
0.7645914396887159
 40
0.7645914396887159
 40
0.7665369649805448
 40
0.7665369649805448
 40
0.7665369649805448
 40
0.7665369649805448
 40
0.7684824902723736
 40
0.7684824902723736
 40
0.7684824902723736
 40
0.7684824902723736
 40
0.7704280155642024
 40
0.7704280155642024
 40
0.7704280155642024
 40
0.7704280155642024
 40
0.7723735408560312
 40
0.7723735408560312
 40
0.7723735408560312
 40
0.7723735408560312
 40
0.77431906614786
 40
0.77431906614786
 40
0.77431906614786
 40
0.77431906614786
 40
0.7762645914396887
 40
0.7762645914396887
 40
0.7762645914396887
 40
0.7762645914396887
 40
0.7782101167315175
 40
0.7782101167315175
 40
0.7782101167315175
 40
0.7782101167315175
 40
0.7801556420233463
 40
0.7801556420233463
 40
0.7801556420233463
 40
0.7801556420233463
 40
0.7821011673151751
 40
0.7821011673151751
 40
0.7821011673151751
 40
0.7821011673151751
 40
0.7840466926070039
 40
0.7840466926070039
 40
0.7840466926070039
 40
0.7840466926070039
 40
0.7859922178988327
 40
0.7859922178988327
 40
0.7859922178988327
 40
0.7859922178988327
 40
0.7879377431906615
 40
0.7879377431906615
 40
0.7879377431906615
 40
0.7879377431906615
 40
0.7898832684824902
 40
0.7898832684824902
 40
0.7898832684824902
 40
0.7898832684824902
 40
0.791828793774319
 40
0.791828793774319
 40
0.791828793774319
 40
0.791828793774319
 40
0.7937743190661478
 40
0.7937743190661478
 40
0.7937743190661478
 40
0.7937743190661478
 40
0.7957198443579766
 40
0.7957198443579766
 40
0.7957198443579766
 40
0.7957198443579766
 40
0.7976653696498055
 40
0.7976653696498055
 40
0.7976653696498055
 40
0.7976653696498055
 40
0.7996108949416343
 40
0.7996108949416343
 40
0.7996108949416343
 40
0.7996108949416343
 40
0.8015564202334631
 40
0.8015564202334631
 40
0.8015564202334631
 40
0.8015564202334631
 40
0.8035019455252919
 40
0.8035019455252919
 40
0.8035019455252919
 40
0.8035019455252919
 40
0.8054474708171206
 40
0.8054474708171206
 40
0.8054474708171206
 40
0.8054474708171206
 40
0.8073929961089494
 40
0.8073929961089494
 40
0.8073929961089494
 40
0.8073929961089494
 40
0.8093385214007782
 40
0.8093385214007782
 40
0.8093385214007782
 40
0.8093385214007782
 40
0.811284046692607
 40
0.811284046692607
 40
0.811284046692607
 40
0.811284046692607
 40
0.8132295719844358
 40
0.8132295719844358
 40
0.8132295719844358
 40
0.8132295719844358
 40
0.8151750972762646
 40
0.8151750972762646
 40
0.8151750972762646
 40
0.8151750972762646
 40
0.8171206225680934
 40
0.8171206225680934
 40
0.8171206225680934
 40
0.8171206225680934
 40
0.8190661478599222
 40
0.8190661478599222
 40
0.8190661478599222
 40
0.8190661478599222
 40
0.8210116731517509
 40
0.8210116731517509
 40
0.8210116731517509
 40
0.8210116731517509
 40
0.8229571984435797
 40
0.8229571984435797
 40
0.8229571984435797
 40
0.8229571984435797
 40
0.8249027237354085
 40
0.8249027237354085
 40
0.8249027237354085
 40
0.8249027237354085
 40
0.8268482490272373
 40
0.8268482490272373
 40
0.8268482490272373
 40
0.8268482490272373
 40
0.8287937743190662
 40
0.8287937743190662
 40
0.8287937743190662
 40
0.8287937743190662
 40
0.830739299610895
 40
0.830739299610895
 40
0.830739299610895
 40
0.830739299610895
 40
0.8326848249027238
 40
0.8326848249027238
 40
0.8326848249027238
 40
0.8326848249027238
 40
0.8346303501945526
 40
0.8346303501945526
 40
0.8346303501945526
 40
0.8346303501945526
 40
0.8365758754863813
 40
0.8365758754863813
 40
0.8365758754863813
 40
0.8365758754863813
 40
0.8385214007782101
 40
0.8385214007782101
 40
0.8385214007782101
 40
0.8385214007782101
 40
0.8404669260700389
 40
0.8404669260700389
 40
0.8404669260700389
 40
0.8404669260700389
 40
0.8424124513618677
 40
0.8424124513618677
 40
0.8424124513618677
 40
0.8424124513618677
 40
0.8443579766536965
 40
0.8443579766536965
 40
0.8443579766536965
 40
0.8443579766536965
 40
0.8463035019455253
 40
0.8463035019455253
 40
0.8463035019455253
 40
0.8463035019455253
 40
0.8482490272373541
 40
0.8482490272373541
 40
0.8482490272373541
 40
0.8482490272373541
 40
0.8501945525291829
 40
0.8501945525291829
 40
0.8501945525291829
 40
0.8501945525291829
 40
0.8521400778210116
 40
0.8521400778210116
 40
0.8521400778210116
 40
0.8521400778210116
 40
0.8540856031128404
 40
0.8540856031128404
 40
0.8540856031128404
 40
0.8540856031128404
 40
0.8560311284046692
 40
0.8560311284046692
 40
0.8560311284046692
 40
0.8560311284046692
 40
0.857976653696498
 40
0.857976653696498
 40
0.857976653696498
 40
0.857976653696498
 40
0.8599221789883269
 40
0.8599221789883269
 40
0.8599221789883269
 40
0.8599221789883269
 40
0.8618677042801557
 40
0.8618677042801557
 40
0.8618677042801557
 40
0.8618677042801557
 40
0.8638132295719845
 40
0.8638132295719845
 40
0.8638132295719845
 40
0.8638132295719845
 40
0.8657587548638133
 40
0.8657587548638133
 40
0.8657587548638133
 40
0.8657587548638133
 40
0.867704280155642
 40
0.867704280155642
 40
0.867704280155642
 40
0.867704280155642
 40
0.8696498054474708
 40
0.8696498054474708
 40
0.8696498054474708
 40
0.8696498054474708
 40
0.8715953307392996
 40
0.8715953307392996
 40
0.8715953307392996
 40
0.8715953307392996
 40
0.8735408560311284
 40
0.8735408560311284
 40
0.8735408560311284
 40
0.8735408560311284
 40
0.8754863813229572
 40
0.8754863813229572
 40
0.8754863813229572
 40
0.8754863813229572
 40
0.877431906614786
 40
0.877431906614786
 40
0.877431906614786
 40
0.877431906614786
 40
0.8793774319066148
 40
0.8793774319066148
 40
0.8793774319066148
 40
0.8793774319066148
 40
0.8813229571984436
 40
0.8813229571984436
 40
0.8813229571984436
 40
0.8813229571984436
 40
0.8832684824902723
 40
0.8832684824902723
 40
0.8832684824902723
 40
0.8832684824902723
 40
0.8852140077821011
 40
0.8852140077821011
 40
0.8852140077821011
 40
0.8852140077821011
 40
0.8871595330739299
 40
0.8871595330739299
 40
0.8871595330739299
 40
0.8871595330739299
 40
0.8891050583657587
 40
0.8891050583657587
 40
0.8891050583657587
 40
0.8891050583657587
 40
0.8910505836575876
 40
0.8910505836575876
 40
0.8910505836575876
 40
0.8910505836575876
 40
0.8929961089494164
 40
0.8929961089494164
 40
0.8929961089494164
 40
0.8929961089494164
 40
0.8949416342412452
 40
0.8949416342412452
 40
0.8949416342412452
 40
0.8949416342412452
 40
0.896887159533074
 40
0.896887159533074
 40
0.896887159533074
 40
0.896887159533074
 40
0.8988326848249028
 40
0.8988326848249028
 40
0.8988326848249028
 40
0.8988326848249028
 40
0.9007782101167315
 40
0.9007782101167315
 40
0.9007782101167315
 40
0.9007782101167315
 40
0.9027237354085603
 40
0.9027237354085603
 40
0.9027237354085603
 40
0.9027237354085603
 40
0.9046692607003891
 40
0.9046692607003891
 40
0.9046692607003891
 40
0.9046692607003891
 40
0.9066147859922179
 40
0.9066147859922179
 40
0.9066147859922179
 40
0.9066147859922179
 40
0.9085603112840467
 40
0.9085603112840467
 40
0.9085603112840467
 40
0.9085603112840467
 40
0.9105058365758755
 40
0.9105058365758755
 40
0.9105058365758755
 40
0.9105058365758755
 40
0.9124513618677043
 40
0.9124513618677043
 40
0.9124513618677043
 40
0.9124513618677043
 40
0.914396887159533
 40
0.914396887159533
 40
0.914396887159533
 40
0.914396887159533
 40
0.9163424124513618
 40
0.9163424124513618
 40
0.9163424124513618
 40
0.9163424124513618
 40
0.9182879377431906
 40
0.9182879377431906
 40
0.9182879377431906
 40
0.9182879377431906
 40
0.9202334630350194
 40
0.9202334630350194
 40
0.9202334630350194
 40
0.9202334630350194
 40
0.9221789883268483
 40
0.9221789883268483
 40
0.9221789883268483
 40
0.9221789883268483
 40
0.9241245136186771
 40
0.9241245136186771
 40
0.9241245136186771
 40
0.9241245136186771
 40
0.9260700389105059
 40
0.9260700389105059
 40
0.9260700389105059
 40
0.9260700389105059
 40
0.9280155642023347
 40
0.9280155642023347
 40
0.9280155642023347
 40
0.9280155642023347
 40
0.9299610894941635
 40
0.9299610894941635
 40
0.9299610894941635
 40
0.9299610894941635
 40
0.9319066147859922
 40
0.9319066147859922
 40
0.9319066147859922
 40
0.9319066147859922
 40
0.933852140077821
 40
0.933852140077821
 40
0.933852140077821
 40
0.933852140077821
 40
0.9357976653696498
 40
0.9357976653696498
 40
0.9357976653696498
 40
0.9357976653696498
 40
0.9377431906614786
 40
0.9377431906614786
 40
0.9377431906614786
 40
0.9377431906614786
 40
0.9396887159533074
 40
0.9396887159533074
 40
0.9396887159533074
 40
0.9396887159533074
 40
0.9416342412451362
 40
0.9416342412451362
 40
0.9416342412451362
 40
0.9416342412451362
 40
0.943579766536965
 40
0.943579766536965
 40
0.943579766536965
 40
0.943579766536965
 40
0.9455252918287937
 40
0.9455252918287937
 40
0.9455252918287937
 40
0.9455252918287937
 40
0.9474708171206225
 40
0.9474708171206225
 40
0.9474708171206225
 40
0.9474708171206225
 40
0.9494163424124513
 40
0.9494163424124513
 40
0.9494163424124513
 40
0.9494163424124513
 40
0.9513618677042801
 40
0.9513618677042801
 40
0.9513618677042801
 40
0.9513618677042801
 40
0.953307392996109
 40
0.953307392996109
 40
0.953307392996109
 40
0.953307392996109
 40
0.9552529182879378
 40
0.9552529182879378
 40
0.9552529182879378
 40
0.9552529182879378
 40
0.9571984435797666
 40
0.9571984435797666
 40
0.9571984435797666
 40
0.9571984435797666
 40
0.9591439688715954
 40
0.9591439688715954
 40
0.9591439688715954
 40
0.9591439688715954
 40
0.9610894941634242
 40
0.9610894941634242
 40
0.9610894941634242
 40
0.9610894941634242
 40
0.9630350194552529
 40
0.9630350194552529
 40
0.9630350194552529
 40
0.9630350194552529
 40
0.9649805447470817
 40
0.9649805447470817
 40
0.9649805447470817
 40
0.9649805447470817
 40
0.9669260700389105
 40
0.9669260700389105
 40
0.9669260700389105
 40
0.9669260700389105
 40
0.9688715953307393
 40
0.9688715953307393
 40
0.9688715953307393
 40
0.9688715953307393
 40
0.9708171206225681
 40
0.9708171206225681
 40
0.9708171206225681
 40
0.9708171206225681
 40
0.9727626459143969
 40
0.9727626459143969
 40
0.9727626459143969
 40
0.9727626459143969
 40
0.9747081712062257
 40
0.9747081712062257
 40
0.9747081712062257
 40
0.9747081712062257
 40
0.9766536964980544
 40
0.9766536964980544
 40
0.9766536964980544
 40
0.9766536964980544
 40
0.9785992217898832
 40
0.9785992217898832
 40
0.9785992217898832
 40
0.9785992217898832
 40
0.980544747081712
 40
0.980544747081712
 40
0.980544747081712
 40
0.980544747081712
 40
0.9824902723735408
 40
0.9824902723735408
 40
0.9824902723735408
 40
0.9824902723735408
 40
0.9844357976653697
 40
0.9844357976653697
 40
0.9844357976653697
 40
0.9844357976653697
 40
0.9863813229571985
 40
0.9863813229571985
 40
0.9863813229571985
 40
0.9863813229571985
 40
0.9883268482490273
 40
0.9883268482490273
 40
0.9883268482490273
 40
0.9883268482490273
 40
0.9902723735408561
 40
0.9902723735408561
 40
0.9902723735408561
 40
0.9902723735408561
 40
0.9922178988326849
 40
0.9922178988326849
 40
0.9922178988326849
 40
0.9922178988326849
 40
0.9941634241245136
 40
0.9941634241245136
 40
0.9941634241245136
 40
0.9941634241245136
 40
0.9961089494163424
 40
0.9961089494163424
 40
0.9961089494163424
 40
0.9961089494163424
 40
1.0
 40
1.0
 40
1.0
 40
1.0
 10
-4.747
 20
12.808
 30
0.0
 10
-4.506
 20
12.911
 30
0.0
 10
-4.254
 20
12.792
 30
0.0
 10
-4.066
 20
12.645
 30
0.0
 10
-4.066
 20
12.645
 30
0.0
 10
-3.916
 20
12.703
 30
0.0
 10
-3.773
 20
12.838
 30
0.0
 10
-3.602
 20
12.822
 30
0.0
 10
-3.602
 20
12.822
 30
0.0
 10
-3.461
 20
12.814
 30
0.0
 10
-3.455
 20
12.625
 30
0.0
 10
-3.397
 20
12.538
 30
0.0
 10
-3.397
 20
12.538
 30
0.0
 10
-3.6
 20
12.348
 30
0.0
 10
-3.837
 20
12.181
 30
0.0
 10
-3.975
 20
11.934
 30
0.0
 10
-3.975
 20
11.934
 30
0.0
 10
-4.006
 20
11.799
 30
0.0
 10
-3.98
 20
11.656
 30
0.0
 10
-3.967
 20
11.519
 30
0.0
 10
-3.967
 20
11.519
 30
0.0
 10
-3.756
 20
11.719
 30
0.0
 10
-3.573
 20
11.992
 30
0.0
 10
-3.257
 20
12.022
 30
0.0
 10
-3.257
 20
12.022
 30
0.0
 10
-3.219
 20
11.926
 30
0.0
 10
-3.164
 20
11.829
 30
0.0
 10
-3.169
 20
11.723
 30
0.0
 10
-3.169
 20
11.723
 30
0.0
 10
-3.292
 20
11.532
 30
0.0
 10
-3.499
 20
11.417
 30
0.0
 10
-3.635
 20
11.238
 30
0.0
 10
-3.635
 20
11.238
 30
0.0
 10
-3.731
 20
11.102
 30
0.0
 10
-3.689
 20
10.928
 30
0.0
 10
-3.691
 20
10.773
 30
0.0
 10
-3.691
 20
10.773
 30
0.0
 10
-3.475
 20
10.893
 30
0.0
 10
-3.278
 20
11.047
 30
0.0
 10
-3.05
 20
11.145
 30
0.0
 10
-3.05
 20
11.145
 30
0.0
 10
-2.881
 20
11.186
 30
0.0
 10
-2.702
 20
11.155
 30
0.0
 10
-2.53
 20
11.14
 30
0.0
 10
-2.53
 20
11.14
 30
0.0
 10
-2.42
 20
11.307
 30
0.0
 10
-2.323
 20
11.517
 30
0.0
 10
-2.121
 20
11.592
 30
0.0
 10
-2.121
 20
11.592
 30
0.0
 10
-2.035
 20
11.64
 30
0.0
 10
-1.98
 20
11.549
 30
0.0
 10
-1.925
 20
11.497
 30
0.0
 10
-1.925
 20
11.497
 30
0.0
 10
-1.785
 20
11.383
 30
0.0
 10
-1.793
 20
11.194
 30
0.0
 10
-1.762
 20
11.032
 30
0.0
 10
-1.762
 20
11.032
 30
0.0
 10
-1.56
 20
10.991
 30
0.0
 10
-1.357
 20
10.921
 30
0.0
 10
-1.207
 20
10.771
 30
0.0
 10
-1.207
 20
10.771
 30
0.0
 10
-1.079
 20
10.61
 30
0.0
 10
-0.996
 20
10.422
 30
0.0
 10
-0.909
 20
10.238
 30
0.0
 10
-0.909
 20
10.238
 30
0.0
 10
-0.853
 20
10.393
 30
0.0
 10
-0.721
 20
10.555
 30
0.0
 10
-0.788
 20
10.728
 30
0.0
 10
-0.788
 20
10.728
 30
0.0
 10
-0.873
 20
10.971
 30
0.0
 10
-1.031
 20
11.185
 30
0.0
 10
-1.066
 20
11.446
 30
0.0
 10
-1.066
 20
11.446
 30
0.0
 10
-0.975
 20
11.465
 30
0.0
 10
-0.886
 20
11.481
 30
0.0
 10
-0.792
 20
11.488
 30
0.0
 10
-0.792
 20
11.488
 30
0.0
 10
-0.567
 20
11.35
 30
0.0
 10
-0.514
 20
11.071
 30
0.0
 10
-0.406
 20
10.849
 30
0.0
 10
-0.406
 20
10.849
 30
0.0
 10
-0.319
 20
11.005
 30
0.0
 10
-0.188
 20
11.16
 30
0.0
 10
-0.238
 20
11.353
 30
0.0
 10
-0.238
 20
11.353
 30
0.0
 10
-0.293
 20
11.569
 30
0.0
 10
-0.432
 20
11.754
 30
0.0
 10
-0.499
 20
11.966
 30
0.0
 10
-0.499
 20
11.966
 30
0.0
 10
-0.535
 20
12.086
 30
0.0
 10
-0.421
 20
12.206
 30
0.0
 10
-0.302
 20
12.205
 30
0.0
 10
-0.302
 20
12.205
 30
0.0
 10
-0.143
 20
12.128
 30
0.0
 10
-0.03
 20
11.982
 30
0.0
 10
0.087
 20
11.854
 30
0.0
 10
0.087
 20
11.854
 30
0.0
 10
0.281
 20
11.908
 30
0.0
 10
0.513
 20
11.957
 30
0.0
 10
0.68
 20
11.808
 30
0.0
 10
0.68
 20
11.808
 30
0.0
 10
0.902
 20
11.669
 30
0.0
 10
0.892
 20
11.397
 30
0.0
 10
0.891
 20
11.167
 30
0.0
 10
0.891
 20
11.167
 30
0.0
 10
1.03
 20
11.076
 30
0.0
 10
1.187
 20
11.0
 30
0.0
 10
1.291
 20
10.867
 30
0.0
 10
1.291
 20
10.867
 30
0.0
 10
1.378
 20
10.752
 30
0.0
 10
1.256
 20
10.573
 30
0.0
 10
1.118
 20
10.598
 30
0.0
 10
1.118
 20
10.598
 30
0.0
 10
0.868
 20
10.634
 30
0.0
 10
0.625
 20
10.716
 30
0.0
 10
0.372
 20
10.724
 30
0.0
 10
0.372
 20
10.724
 30
0.0
 10
0.235
 20
10.697
 30
0.0
 10
0.145
 20
10.57
 30
0.0
 10
0.038
 20
10.489
 30
0.0
 10
0.038
 20
10.489
 30
0.0
 10
0.257
 20
10.428
 30
0.0
 10
0.512
 20
10.42
 30
0.0
 10
0.695
 20
10.27
 30
0.0
 10
0.695
 20
10.27
 30
0.0
 10
0.822
 20
10.166
 30
0.0
 10
0.748
 20
9.927
 30
0.0
 10
0.581
 20
9.924
 30
0.0
 10
0.581
 20
9.924
 30
0.0
 10
0.41
 20
9.933
 30
0.0
 10
0.249
 20
10.003
 30
0.0
 10
0.081
 20
10.029
 30
0.0
 10
0.081
 20
10.029
 30
0.0
 10
-0.135
 20
10.128
 30
0.0
 10
-0.318
 20
9.964
 30
0.0
 10
-0.467
 20
9.831
 30
0.0
 10
-0.467
 20
9.831
 30
0.0
 10
-0.235
 20
9.711
 30
0.0
 10
0.001
 20
9.593
 30
0.0
 10
0.205
 20
9.427
 30
0.0
 10
0.205
 20
9.427
 30
0.0
 10
0.33
 20
9.316
 30
0.0
 10
0.364
 20
9.142
 30
0.0
 10
0.434
 20
8.997
 30
0.0
 10
0.434
 20
8.997
 30
0.0
 10
0.657
 20
8.961
 30
0.0
 10
0.87
 20
8.889
 30
0.0
 10
1.07
 20
8.786
 30
0.0
 10
1.07
 20
8.786
 30
0.0
 10
1.027
 20
8.66
 30
0.0
 10
1.011
 20
8.514
 30
0.0
 10
0.924
 20
8.407
 30
0.0
 10
0.924
 20
8.407
 30
0.0
 10
0.843
 20
8.334
 30
0.0
 10
0.741
 20
8.289
 30
0.0
 10
0.648
 20
8.233
 30
0.0
 10
0.648
 20
8.233
 30
0.0
 10
0.676
 20
8.066
 30
0.0
 10
0.716
 20
7.9
 30
0.0
 10
0.715
 20
7.729
 30
0.0
 10
0.715
 20
7.729
 30
0.0
 10
0.689
 20
7.479
 30
0.0
 10
0.486
 20
7.31
 30
0.0
 10
0.352
 20
7.113
 30
0.0
 10
0.352
 20
7.113
 30
0.0
 10
0.781
 20
7.067
 30
0.0
 10
1.03
 20
7.467
 30
0.0
 10
1.229
 20
7.778
 30
0.0
 10
1.229
 20
7.778
 30
0.0
 10
1.333
 20
7.744
 30
0.0
 10
1.435
 20
7.7
 30
0.0
 10
1.533
 20
7.651
 30
0.0
 10
1.533
 20
7.651
 30
0.0
 10
1.512
 20
7.361
 30
0.0
 10
1.288
 20
7.166
 30
0.0
 10
1.131
 20
6.943
 30
0.0
 10
1.131
 20
6.943
 30
0.0
 10
1.325
 20
6.93
 30
0.0
 10
1.544
 20
6.91
 30
0.0
 10
1.675
 20
7.092
 30
0.0
 10
1.675
 20
7.092
 30
0.0
 10
1.89
 20
7.218
 30
0.0
 10
1.868
 20
7.464
 30
0.0
 10
1.889
 20
7.676
 30
0.0
 10
1.889
 20
7.676
 30
0.0
 10
1.894
 20
7.833
 30
0.0
 10
2.112
 20
7.839
 30
0.0
 10
2.202
 20
7.918
 30
0.0
 10
2.202
 20
7.918
 30
0.0
 10
2.365
 20
8.074
 30
0.0
 10
2.463
 20
8.351
 30
0.0
 10
2.715
 20
8.38
 30
0.0
 10
2.715
 20
8.38
 30
0.0
 10
3.005
 20
8.472
 30
0.0
 10
3.23
 20
8.233
 30
0.0
 10
3.506
 20
8.236
 30
0.0
 10
3.506
 20
8.236
 30
0.0
 10
3.342
 20
8.545
 30
0.0
 10
3.082
 20
8.787
 30
0.0
 10
2.855
 20
9.048
 30
0.0
 10
2.855
 20
9.048
 30
0.0
 10
2.719
 20
9.002
 30
0.0
 10
2.573
 20
8.941
 30
0.0
 10
2.428
 20
8.969
 30
0.0
 10
2.428
 20
8.969
 30
0.0
 10
2.164
 20
9.066
 30
0.0
 10
2.114
 20
9.505
 30
0.0
 10
2.381
 20
9.631
 30
0.0
 10
2.381
 20
9.631
 30
0.0
 10
2.578
 20
9.74
 30
0.0
 10
2.757
 20
9.585
 30
0.0
 10
2.915
 20
9.49
 30
0.0
 10
2.915
 20
9.49
 30
0.0
 10
3.194
 20
9.612
 30
0.0
 10
3.471
 20
9.738
 30
0.0
 10
3.744
 20
9.872
 30
0.0
 10
3.744
 20
9.872
 30
0.0
 10
3.577
 20
9.998
 30
0.0
 10
3.368
 20
9.905
 30
0.0
 10
3.181
 20
9.936
 30
0.0
 10
3.181
 20
9.936
 30
0.0
 10
2.976
 20
9.994
 30
0.0
 10
2.777
 20
10.127
 30
0.0
 10
2.704
 20
10.336
 30
0.0
 10
2.704
 20
10.336
 30
0.0
 10
2.624
 20
10.502
 30
0.0
 10
2.661
 20
10.69
 30
0.0
 10
2.663
 20
10.866
 30
0.0
 10
2.663
 20
10.866
 30
0.0
 10
2.651
 20
11.025
 30
0.0
 10
2.5
 20
11.198
 30
0.0
 10
2.604
 20
11.348
 30
0.0
 10
2.604
 20
11.348
 30
0.0
 10
2.702
 20
11.468
 30
0.0
 10
2.896
 20
11.441
 30
0.0
 10
3.001
 20
11.34
 30
0.0
 10
3.001
 20
11.34
 30
0.0
 10
3.194
 20
11.147
 30
0.0
 10
3.515
 20
11.3
 30
0.0
 10
3.715
 20
11.103
 30
0.0
 10
3.715
 20
11.103
 30
0.0
 10
3.95
 20
10.952
 30
0.0
 10
3.981
 20
10.665
 30
0.0
 10
4.024
 20
10.415
 30
0.0
 10
4.024
 20
10.415
 30
0.0
 10
4.052
 20
10.4
 30
0.0
 10
4.081
 20
10.385
 30
0.0
 10
4.11
 20
10.37
 30
0.0
 10
4.11
 20
10.37
 30
0.0
 10
4.208
 20
10.636
 30
0.0
 10
4.299
 20
10.905
 30
0.0
 10
4.386
 20
11.175
 30
0.0
 10
4.386
 20
11.175
 30
0.0
 10
4.281
 20
11.303
 30
0.0
 10
4.103
 20
11.411
 30
0.0
 10
4.145
 20
11.607
 30
0.0
 10
4.145
 20
11.607
 30
0.0
 10
4.131
 20
11.783
 30
0.0
 10
4.31
 20
11.899
 30
0.0
 10
4.465
 20
11.922
 30
0.0
 10
4.465
 20
11.922
 30
0.0
 10
4.606
 20
11.902
 30
0.0
 10
4.708
 20
11.788
 30
0.0
 10
4.824
 20
11.715
 30
0.0
 10
4.824
 20
11.715
 30
0.0
 10
4.841
 20
11.58
 30
0.0
 10
4.783
 20
11.43
 30
0.0
 10
4.831
 20
11.298
 30
0.0
 10
4.831
 20
11.298
 30
0.0
 10
5.05
 20
11.088
 30
0.0
 10
5.311
 20
10.928
 30
0.0
 10
5.576
 20
10.782
 30
0.0
 10
5.576
 20
10.782
 30
0.0
 10
5.586
 20
11.023
 30
0.0
 10
5.361
 20
11.18
 30
0.0
 10
5.327
 20
11.409
 30
0.0
 10
5.327
 20
11.409
 30
0.0
 10
5.244
 20
11.719
 30
0.0
 10
5.457
 20
12.056
 30
0.0
 10
5.757
 20
12.146
 30
0.0
 10
5.757
 20
12.146
 30
0.0
 10
5.939
 20
12.189
 30
0.0
 10
6.005
 20
12.376
 30
0.0
 10
6.101
 20
12.513
 30
0.0
 10
6.101
 20
12.513
 30
0.0
 10
6.206
 20
12.478
 30
0.0
 10
6.373
 20
12.496
 30
0.0
 10
6.436
 20
12.377
 30
0.0
 10
6.436
 20
12.377
 30
0.0
 10
6.54
 20
12.213
 30
0.0
 10
6.386
 20
12.011
 30
0.0
 10
6.501
 20
11.849
 30
0.0
 10
6.501
 20
11.849
 30
0.0
 10
6.62
 20
11.623
 30
0.0
 10
6.666
 20
11.324
 30
0.0
 10
6.521
 20
11.1
 30
0.0
 10
6.521
 20
11.1
 30
0.0
 10
6.404
 20
10.903
 30
0.0
 10
6.112
 20
10.89
 30
0.0
 10
6.046
 20
10.652
 30
0.0
 10
6.046
 20
10.652
 30
0.0
 10
6.304
 20
10.673
 30
0.0
 10
6.569
 20
10.696
 30
0.0
 10
6.809
 20
10.8
 30
0.0
 10
6.809
 20
10.8
 30
0.0
 10
6.877
 20
11.001
 30
0.0
 10
6.96
 20
11.318
 30
0.0
 10
7.253
 20
11.254
 30
0.0
 10
7.253
 20
11.254
 30
0.0
 10
7.487
 20
11.266
 30
0.0
 10
7.621
 20
10.966
 30
0.0
 10
7.558
 20
10.769
 30
0.0
 10
7.558
 20
10.769
 30
0.0
 10
7.5
 20
10.612
 30
0.0
 10
7.326
 20
10.556
 30
0.0
 10
7.188
 20
10.49
 30
0.0
 10
7.188
 20
10.49
 30
0.0
 10
7.157
 20
10.192
 30
0.0
 10
7.128
 20
9.892
 30
0.0
 10
7.121
 20
9.593
 30
0.0
 10
7.121
 20
9.593
 30
0.0
 10
7.382
 20
9.748
 30
0.0
 10
7.394
 20
10.142
 30
0.0
 10
7.709
 20
10.232
 30
0.0
 10
7.709
 20
10.232
 30
0.0
 10
7.94
 20
10.358
 30
0.0
 10
8.206
 20
10.254
 30
0.0
 10
8.39
 20
10.097
 30
0.0
 10
8.39
 20
10.097
 30
0.0
 10
8.515
 20
9.965
 30
0.0
 10
8.708
 20
10.035
 30
0.0
 10
8.858
 20
9.965
 30
0.0
 10
8.858
 20
9.965
 30
0.0
 10
8.953
 20
9.877
 30
0.0
 10
9.005
 20
9.725
 30
0.0
 10
8.933
 20
9.607
 30
0.0
 10
8.933
 20
9.607
 30
0.0
 10
8.865
 20
9.498
 30
0.0
 10
8.719
 20
9.501
 30
0.0
 10
8.609
 20
9.462
 30
0.0
 10
8.609
 20
9.462
 30
0.0
 10
8.513
 20
9.25
 30
0.0
 10
8.379
 20
9.02
 30
0.0
 10
8.134
 20
8.961
 30
0.0
 10
8.134
 20
8.961
 30
0.0
 10
7.893
 20
8.86
 30
0.0
 10
7.621
 20
9.09
 30
0.0
 10
7.401
 20
8.914
 30
0.0
 10
7.401
 20
8.914
 30
0.0
 10
7.586
 20
8.706
 30
0.0
 10
7.771
 20
8.498
 30
0.0
 10
7.963
 20
8.296
 30
0.0
 10
7.963
 20
8.296
 30
0.0
 10
8.141
 20
8.371
 30
0.0
 10
8.388
 20
8.443
 30
0.0
 10
8.526
 20
8.256
 30
0.0
 10
8.526
 20
8.256
 30
0.0
 10
8.701
 20
8.075
 30
0.0
 10
8.62
 20
7.726
 30
0.0
 10
8.367
 20
7.669
 30
0.0
 10
8.367
 20
7.669
 30
0.0
 10
8.179
 20
7.597
 30
0.0
 10
8.056
 20
7.773
 30
0.0
 10
7.919
 20
7.859
 30
0.0
 10
7.919
 20
7.859
 30
0.0
 10
7.641
 20
7.709
 30
0.0
 10
7.323
 20
7.622
 30
0.0
 10
7.078
 20
7.416
 30
0.0
 10
7.078
 20
7.416
 30
0.0
 10
7.381
 20
7.345
 30
0.0
 10
7.741
 20
7.482
 30
0.0
 10
7.971
 20
7.207
 30
0.0
 10
7.971
 20
7.207
 30
0.0
 10
8.189
 20
7.017
 30
0.0
 10
8.149
 20
6.724
 30
0.0
 10
8.146
 20
6.467
 30
0.0
 10
8.146
 20
6.467
 30
0.0
 10
8.171
 20
6.309
 30
0.0
 10
8.355
 20
6.139
 30
0.0
 10
8.216
 20
5.986
 30
0.0
 10
8.216
 20
5.986
 30
0.0
 10
8.102
 20
5.833
 30
0.0
 10
7.897
 20
5.925
 30
0.0
 10
7.772
 20
6.016
 30
0.0
 10
7.772
 20
6.016
 30
0.0
 10
7.532
 20
6.122
 30
0.0
 10
7.215
 20
6.086
 30
0.0
 10
7.021
 20
6.292
 30
0.0
 10
7.021
 20
6.292
 30
0.0
 10
6.839
 20
6.482
 30
0.0
 10
6.859
 20
6.766
 30
0.0
 10
6.736
 20
6.987
 30
0.0
 10
6.736
 20
6.987
 30
0.0
 10
6.614
 20
6.717
 30
0.0
 10
6.514
 20
6.437
 30
0.0
 10
6.44
 20
6.15
 30
0.0
 10
6.44
 20
6.15
 30
0.0
 10
6.554
 20
6.021
 30
0.0
 10
6.737
 20
5.895
 30
0.0
 10
6.673
 20
5.692
 30
0.0
 10
6.673
 20
5.692
 30
0.0
 10
6.648
 20
5.401
 30
0.0
 10
6.196
 20
5.327
 30
0.0
 10
6.056
 20
5.573
 30
0.0
 10
6.056
 20
5.573
 30
0.0
 10
5.999
 20
5.725
 30
0.0
 10
6.039
 20
5.904
 30
0.0
 10
5.963
 20
6.048
 30
0.0
 10
5.963
 20
6.048
 30
0.0
 10
5.741
 20
6.239
 30
0.0
 10
5.503
 20
6.418
 30
0.0
 10
5.247
 20
6.562
 30
0.0
 10
5.247
 20
6.562
 30
0.0
 10
5.322
 20
6.246
 30
0.0
 10
5.566
 20
5.967
 30
0.0
 10
5.476
 20
5.619
 30
0.0
 10
5.476
 20
5.619
 30
0.0
 10
5.431
 20
5.329
 30
0.0
 10
5.133
 20
5.195
 30
0.0
 10
4.887
 20
5.106
 30
0.0
 10
4.887
 20
5.106
 30
0.0
 10
4.848
 20
5.035
 30
0.0
 10
4.813
 20
4.963
 30
0.0
 10
4.773
 20
4.893
 30
0.0
 10
4.773
 20
4.893
 30
0.0
 10
4.869
 20
4.756
 30
0.0
 10
4.958
 20
4.593
 30
0.0
 10
4.916
 20
4.419
 30
0.0
 10
4.916
 20
4.419
 30
0.0
 10
4.856
 20
4.254
 30
0.0
 10
4.658
 20
4.219
 30
0.0
 10
4.532
 20
4.128
 30
0.0
 10
4.532
 20
4.128
 30
0.0
 10
4.479
 20
4.069
 30
0.0
 10
4.442
 20
3.998
 30
0.0
 10
4.403
 20
3.93
 30
0.0
 10
4.403
 20
3.93
 30
0.0
 10
4.651
 20
3.88
 30
0.0
 10
4.9
 20
3.839
 30
0.0
 10
5.151
 20
3.812
 30
0.0
 10
5.151
 20
3.812
 30
0.0
 10
5.16
 20
4.024
 30
0.0
 10
5.09
 20
4.258
 30
0.0
 10
5.2
 20
4.452
 30
0.0
 10
5.2
 20
4.452
 30
0.0
 10
5.254
 20
4.563
 30
0.0
 10
5.426
 20
4.523
 30
0.0
 10
5.452
 20
4.41
 30
0.0
 10
5.452
 20
4.41
 30
0.0
 10
5.5
 20
4.213
 30
0.0
 10
5.504
 20
4.007
 30
0.0
 10
5.532
 20
3.806
 30
0.0
 10
5.532
 20
3.806
 30
0.0
 10
5.61
 20
3.855
 30
0.0
 10
5.688
 20
3.905
 30
0.0
 10
5.766
 20
3.955
 30
0.0
 10
5.766
 20
3.955
 30
0.0
 10
5.766
 20
4.167
 30
0.0
 10
5.746
 20
4.379
 30
0.0
 10
5.77
 20
4.59
 30
0.0
 10
5.77
 20
4.59
 30
0.0
 10
5.786
 20
4.728
 30
0.0
 10
5.964
 20
4.755
 30
0.0
 10
6.06
 20
4.8
 30
0.0
 10
6.06
 20
4.8
 30
0.0
 10
6.106
 20
4.607
 30
0.0
 10
6.138
 20
4.412
 30
0.0
 10
6.169
 20
4.217
 30
0.0
 10
6.169
 20
4.217
 30
0.0
 10
6.382
 20
4.319
 30
0.0
 10
6.58
 20
4.458
 30
0.0
 10
6.802
 20
4.54
 30
0.0
 10
6.802
 20
4.54
 30
0.0
 10
7.013
 20
4.578
 30
0.0
 10
7.173
 20
4.297
 30
0.0
 10
7.041
 20
4.129
 30
0.0
 10
7.041
 20
4.129
 30
0.0
 10
6.866
 20
3.976
 30
0.0
 10
6.66
 20
3.862
 30
0.0
 10
6.469
 20
3.729
 30
0.0
 10
6.469
 20
3.729
 30
0.0
 10
6.597
 20
3.634
 30
0.0
 10
6.746
 20
3.561
 30
0.0
 10
6.852
 20
3.44
 30
0.0
 10
6.852
 20
3.44
 30
0.0
 10
6.921
 20
3.305
 30
0.0
 10
6.768
 20
3.132
 30
0.0
 10
6.631
 20
3.188
 30
0.0
 10
6.631
 20
3.188
 30
0.0
 10
6.413
 20
3.266
 30
0.0
 10
6.221
 20
3.399
 30
0.0
 10
6.017
 20
3.507
 30
0.0
 10
6.017
 20
3.507
 30
0.0
 10
5.952
 20
3.451
 30
0.0
 10
5.888
 20
3.395
 30
0.0
 10
5.825
 20
3.336
 30
0.0
 10
5.825
 20
3.336
 30
0.0
 10
5.963
 20
3.25
 30
0.0
 10
6.113
 20
3.181
 30
0.0
 10
6.238
 20
3.077
 30
0.0
 10
6.238
 20
3.077
 30
0.0
 10
6.34
 20
2.994
 30
0.0
 10
6.321
 20
2.853
 30
0.0
 10
6.322
 20
2.737
 30
0.0
 10
6.322
 20
2.737
 30
0.0
 10
6.033
 20
2.679
 30
0.0
 10
5.827
 20
2.912
 30
0.0
 10
5.599
 20
3.042
 30
0.0
 10
5.599
 20
3.042
 30
0.0
 10
5.528
 20
2.792
 30
0.0
 10
5.453
 20
2.543
 30
0.0
 10
5.41
 20
2.286
 30
0.0
 10
5.41
 20
2.286
 30
0.0
 10
5.625
 20
2.314
 30
0.0
 10
5.802
 20
2.433
 30
0.0
 10
5.986
 20
2.535
 30
0.0
 10
5.986
 20
2.535
 30
0.0
 10
6.186
 20
2.528
 30
0.0
 10
6.379
 20
2.326
 30
0.0
 10
6.336
 20
2.117
 30
0.0
 10
6.336
 20
2.117
 30
0.0
 10
6.334
 20
1.963
 30
0.0
 10
6.178
 20
1.881
 30
0.0
 10
6.051
 20
1.839
 30
0.0
 10
6.051
 20
1.839
 30
0.0
 10
5.841
 20
1.926
 30
0.0
 10
5.636
 20
2.028
 30
0.0
 10
5.411
 20
2.071
 30
0.0
 10
5.411
 20
2.071
 30
0.0
 10
5.445
 20
1.819
 30
0.0
 10
5.512
 20
1.574
 30
0.0
 10
5.572
 20
1.327
 30
0.0
 10
5.572
 20
1.327
 30
0.0
 10
5.812
 20
1.432
 30
0.0
 10
6.042
 20
1.605
 30
0.0
 10
6.317
 20
1.576
 30
0.0
 10
6.317
 20
1.576
 30
0.0
 10
6.315
 20
1.48
 30
0.0
 10
6.334
 20
1.375
 30
0.0
 10
6.287
 20
1.286
 30
0.0
 10
6.287
 20
1.286
 30
0.0
 10
6.138
 20
1.166
 30
0.0
 10
5.965
 20
1.083
 30
0.0
 10
5.796
 20
0.996
 30
0.0
 10
5.796
 20
0.996
 30
0.0
 10
5.857
 20
0.94
 30
0.0
 10
5.921
 20
0.885
 30
0.0
 10
5.984
 20
0.83
 30
0.0
 10
5.984
 20
0.83
 30
0.0
 10
6.19
 20
0.931
 30
0.0
 10
6.373
 20
1.081
 30
0.0
 10
6.595
 20
1.145
 30
0.0
 10
6.595
 20
1.145
 30
0.0
 10
6.754
 20
1.176
 30
0.0
 10
6.835
 20
0.987
 30
0.0
 10
6.861
 20
0.865
 30
0.0
 10
6.861
 20
0.865
 30
0.0
 10
6.714
 20
0.773
 30
0.0
 10
6.565
 20
0.683
 30
0.0
 10
6.42
 20
0.588
 30
0.0
 10
6.42
 20
0.588
 30
0.0
 10
6.603
 20
0.428
 30
0.0
 10
6.851
 20
0.334
 30
0.0
 10
7.0
 20
0.137
 30
0.0
 10
7.0
 20
0.137
 30
0.0
 10
7.11
 20
0.004
 30
0.0
 10
6.981
 20
-0.252
 30
0.0
 10
6.806
 20
-0.196
 30
0.0
 10
6.806
 20
-0.196
 30
0.0
 10
6.574
 20
-0.1
 30
0.0
 10
6.382
 20
0.072
 30
0.0
 10
6.173
 20
0.209
 30
0.0
 10
6.173
 20
0.209
 30
0.0
 10
6.143
 20
0.045
 30
0.0
 10
6.159
 20
-0.135
 30
0.0
 10
6.092
 20
-0.291
 30
0.0
 10
6.092
 20
-0.291
 30
0.0
 10
6.014
 20
-0.434
 30
0.0
 10
5.784
 20
-0.366
 30
0.0
 10
5.763
 20
-0.217
 30
0.0
 10
5.763
 20
-0.217
 30
0.0
 10
5.723
 20
0.006
 30
0.0
 10
5.779
 20
0.23
 30
0.0
 10
5.777
 20
0.453
 30
0.0
 10
5.777
 20
0.453
 30
0.0
 10
5.735
 20
0.552
 30
0.0
 10
5.625
 20
0.596
 30
0.0
 10
5.545
 20
0.658
 30
0.0
 10
5.545
 20
0.658
 30
0.0
 10
5.483
 20
0.417
 30
0.0
 10
5.578
 20
0.104
 30
0.0
 10
5.41
 20
-0.105
 30
0.0
 10
5.41
 20
-0.105
 30
0.0
 10
5.306
 20
-0.119
 30
0.0
 10
5.164
 20
-0.072
 30
0.0
 10
5.155
 20
0.05
 30
0.0
 10
5.155
 20
0.05
 30
0.0
 10
5.14
 20
0.244
 30
0.0
 10
5.15
 20
0.438
 30
0.0
 10
5.15
 20
0.632
 30
0.0
 10
5.15
 20
0.632
 30
0.0
 10
4.901
 20
0.587
 30
0.0
 10
4.65
 20
0.546
 30
0.0
 10
4.404
 20
0.486
 30
0.0
 10
4.404
 20
0.486
 30
0.0
 10
4.468
 20
0.385
 30
0.0
 10
4.535
 20
0.279
 30
0.0
 10
4.639
 20
0.215
 30
0.0
 10
4.639
 20
0.215
 30
0.0
 10
4.771
 20
0.128
 30
0.0
 10
4.941
 20
0.018
 30
0.0
 10
4.888
 20
-0.176
 30
0.0
 10
4.888
 20
-0.176
 30
0.0
 10
4.872
 20
-0.442
 30
0.0
 10
4.447
 20
-0.513
 30
0.0
 10
4.342
 20
-0.269
 30
0.0
 10
4.342
 20
-0.269
 30
0.0
 10
4.296
 20
-0.078
 30
0.0
 10
4.299
 20
0.127
 30
0.0
 10
4.21
 20
0.307
 30
0.0
 10
4.21
 20
0.307
 30
0.0
 10
4.048
 20
0.113
 30
0.0
 10
3.9
 20
-0.091
 30
0.0
 10
3.758
 20
-0.3
 30
0.0
 10
3.758
 20
-0.3
 30
0.0
 10
3.934
 20
-0.399
 30
0.0
 10
4.176
 20
-0.455
 30
0.0
 10
4.267
 20
-0.657
 30
0.0
 10
4.267
 20
-0.657
 30
0.0
 10
4.322
 20
-0.762
 30
0.0
 10
4.184
 20
-0.874
 30
0.0
 10
4.082
 20
-0.836
 30
0.0
 10
4.082
 20
-0.836
 30
0.0
 10
3.92
 20
-0.785
 30
0.0
 10
3.773
 20
-0.698
 30
0.0
 10
3.62
 20
-0.626
 30
0.0
 10
3.62
 20
-0.626
 30
0.0
 10
3.62
 20
-0.719
 30
0.0
 10
3.619
 20
-0.813
 30
0.0
 10
3.619
 20
-0.907
 30
0.0
 10
3.619
 20
-0.907
 30
0.0
 10
3.79
 20
-0.991
 30
0.0
 10
3.987
 20
-1.045
 30
0.0
 10
4.126
 20
-1.183
 30
0.0
 10
4.126
 20
-1.183
 30
0.0
 10
4.216
 20
-1.28
 30
0.0
 10
4.181
 20
-1.421
 30
0.0
 10
4.167
 20
-1.538
 30
0.0
 10
4.167
 20
-1.538
 30
0.0
 10
3.993
 20
-1.492
 30
0.0
 10
3.825
 20
-1.43
 30
0.0
 10
3.656
 20
-1.37
 30
0.0
 10
3.656
 20
-1.37
 30
0.0
 10
3.652
 20
-1.615
 30
0.0
 10
3.649
 20
-1.861
 30
0.0
 10
3.644
 20
-2.106
 30
0.0
 10
3.644
 20
-2.106
 30
0.0
 10
3.275
 20
-2.446
 30
0.0
 10
2.91
 20
-2.793
 30
0.0
 10
2.514
 20
-3.104
 30
0.0
 10
2.514
 20
-3.104
 30
0.0
 10
2.576
 20
-3.357
 30
0.0
 10
2.639
 20
-3.61
 30
0.0
 10
2.702
 20
-3.862
 30
0.0
 10
2.702
 20
-3.862
 30
0.0
 10
2.889
 20
-3.885
 30
0.0
 10
3.087
 20
-3.875
 30
0.0
 10
3.266
 20
-3.945
 30
0.0
 10
3.266
 20
-3.945
 30
0.0
 10
3.458
 20
-4.019
 30
0.0
 10
3.604
 20
-4.169
 30
0.0
 10
3.755
 20
-4.303
 30
0.0
 10
3.755
 20
-4.303
 30
0.0
 10
3.799
 20
-4.186
 30
0.0
 10
3.844
 20
-4.067
 30
0.0
 10
3.89
 20
-3.951
 30
0.0
 10
3.89
 20
-3.951
 30
0.0
 10
3.697
 20
-3.758
 30
0.0
 10
3.478
 20
-3.59
 30
0.0
 10
3.294
 20
-3.389
 30
0.0
 10
3.294
 20
-3.389
 30
0.0
 10
3.251
 20
-3.276
 30
0.0
 10
3.302
 20
-3.145
 30
0.0
 10
3.318
 20
-3.028
 30
0.0
 10
3.318
 20
-3.028
 30
0.0
 10
3.592
 20
-3.108
 30
0.0
 10
3.778
 20
-3.334
 30
0.0
 10
4.016
 20
-3.476
 30
0.0
 10
4.016
 20
-3.476
 30
0.0
 10
4.058
 20
-3.343
 30
0.0
 10
4.101
 20
-3.211
 30
0.0
 10
4.143
 20
-3.079
 30
0.0
 10
4.143
 20
-3.079
 30
0.0
 10
3.984
 20
-2.954
 30
0.0
 10
3.817
 20
-2.835
 30
0.0
 10
3.681
 20
-2.684
 30
0.0
 10
3.681
 20
-2.684
 30
0.0
 10
3.609
 20
-2.593
 30
0.0
 10
3.577
 20
-2.435
 30
0.0
 10
3.694
 20
-2.365
 30
0.0
 10
3.694
 20
-2.365
 30
0.0
 10
3.88
 20
-2.36
 30
0.0
 10
4.026
 20
-2.502
 30
0.0
 10
4.185
 20
-2.573
 30
0.0
 10
4.185
 20
-2.573
 30
0.0
 10
4.205
 20
-2.427
 30
0.0
 10
4.197
 20
-2.226
 30
0.0
 10
4.354
 20
-2.148
 30
0.0
 10
4.354
 20
-2.148
 30
0.0
 10
4.586
 20
-1.951
 30
0.0
 10
4.972
 20
-2.216
 30
0.0
 10
4.911
 20
-2.503
 30
0.0
 10
4.911
 20
-2.503
 30
0.0
 10
4.912
 20
-2.593
 30
0.0
 10
4.886
 20
-2.68
 30
0.0
 10
4.865
 20
-2.767
 30
0.0
 10
4.865
 20
-2.767
 30
0.0
 10
5.055
 20
-2.751
 30
0.0
 10
5.454
 20
-2.737
 30
0.0
 10
5.342
 20
-3.061
 30
0.0
 10
5.342
 20
-3.061
 30
0.0
 10
5.13
 20
-3.205
 30
0.0
 10
4.852
 20
-3.156
 30
0.0
 10
4.615
 20
-3.227
 30
0.0
 10
4.615
 20
-3.227
 30
0.0
 10
4.523
 20
-3.337
 30
0.0
 10
4.516
 20
-3.492
 30
0.0
 10
4.475
 20
-3.622
 30
0.0
 10
4.475
 20
-3.622
 30
0.0
 10
4.709
 20
-3.623
 30
0.0
 10
4.978
 20
-3.461
 30
0.0
 10
5.196
 20
-3.602
 30
0.0
 10
5.196
 20
-3.602
 30
0.0
 10
5.343
 20
-3.694
 30
0.0
 10
5.255
 20
-3.925
 30
0.0
 10
5.101
 20
-3.95
 30
0.0
 10
5.101
 20
-3.95
 30
0.0
 10
4.849
 20
-4.006
 30
0.0
 10
4.592
 20
-4.032
 30
0.0
 10
4.337
 20
-4.07
 30
0.0
 10
4.337
 20
-4.07
 30
0.0
 10
4.306
 20
-4.187
 30
0.0
 10
4.275
 20
-4.305
 30
0.0
 10
4.245
 20
-4.423
 30
0.0
 10
4.245
 20
-4.423
 30
0.0
 10
4.429
 20
-4.394
 30
0.0
 10
4.615
 20
-4.377
 30
0.0
 10
4.802
 20
-4.39
 30
0.0
 10
4.802
 20
-4.39
 30
0.0
 10
5.001
 20
-4.423
 30
0.0
 10
5.165
 20
-4.551
 30
0.0
 10
5.338
 20
-4.646
 30
0.0
 10
5.338
 20
-4.646
 30
0.0
 10
5.534
 20
-4.459
 30
0.0
 10
5.773
 20
-4.303
 30
0.0
 10
5.922
 20
-4.074
 30
0.0
 10
5.922
 20
-4.074
 30
0.0
 10
5.939
 20
-3.678
 30
0.0
 10
5.569
 20
-3.277
 30
0.0
 10
5.793
 20
-2.888
 30
0.0
 10
5.793
 20
-2.888
 30
0.0
 10
5.903
 20
-2.921
 30
0.0
 10
6.079
 20
-2.916
 30
0.0
 10
6.137
 20
-3.045
 30
0.0
 10
6.137
 20
-3.045
 30
0.0
 10
6.233
 20
-3.259
 30
0.0
 10
6.264
 20
-3.495
 30
0.0
 10
6.335
 20
-3.718
 30
0.0
 10
6.335
 20
-3.718
 30
0.0
 10
6.419
 20
-3.652
 30
0.0
 10
6.503
 20
-3.584
 30
0.0
 10
6.587
 20
-3.517
 30
0.0
 10
6.587
 20
-3.517
 30
0.0
 10
6.51
 20
-3.229
 30
0.0
 10
6.376
 20
-2.939
 30
0.0
 10
6.454
 20
-2.636
 30
0.0
 10
6.454
 20
-2.636
 30
0.0
 10
6.781
 20
-2.652
 30
0.0
 10
6.761
 20
-3.006
 30
0.0
 10
6.855
 20
-3.233
 30
0.0
 10
6.855
 20
-3.233
 30
0.0
 10
7.04
 20
-3.048
 30
0.0
 10
7.091
 20
-2.66
 30
0.0
 10
7.426
 20
-2.712
 30
0.0
 10
7.426
 20
-2.712
 30
0.0
 10
7.718
 20
-2.721
 30
0.0
 10
7.853
 20
-3.139
 30
0.0
 10
7.664
 20
-3.341
 30
0.0
 10
7.664
 20
-3.341
 30
0.0
 10
7.496
 20
-3.438
 30
0.0
 10
7.293
 20
-3.435
 30
0.0
 10
7.124
 20
-3.529
 30
0.0
 10
7.124
 20
-3.529
 30
0.0
 10
7.289
 20
-3.617
 30
0.0
 10
7.476
 20
-3.671
 30
0.0
 10
7.625
 20
-3.787
 30
0.0
 10
7.625
 20
-3.787
 30
0.0
 10
7.709
 20
-3.878
 30
0.0
 10
7.611
 20
-3.991
 30
0.0
 10
7.575
 20
-4.081
 30
0.0
 10
7.575
 20
-4.081
 30
0.0
 10
7.326
 20
-4.014
 30
0.0
 10
7.091
 20
-3.905
 30
0.0
 10
6.854
 20
-3.805
 30
0.0
 10
6.854
 20
-3.805
 30
0.0
 10
6.77
 20
-3.872
 30
0.0
 10
6.687
 20
-3.941
 30
0.0
 10
6.606
 20
-4.011
 30
0.0
 10
6.606
 20
-4.011
 30
0.0
 10
6.875
 20
-4.122
 30
0.0
 10
7.148
 20
-4.224
 30
0.0
 10
7.4
 20
-4.37
 30
0.0
 10
7.4
 20
-4.37
 30
0.0
 10
7.353
 20
-4.465
 30
0.0
 10
7.355
 20
-4.599
 30
0.0
 10
7.272
 20
-4.678
 30
0.0
 10
7.272
 20
-4.678
 30
0.0
 10
7.152
 20
-4.745
 30
0.0
 10
7.014
 20
-4.699
 30
0.0
 10
6.896
 20
-4.655
 30
0.0
 10
6.896
 20
-4.655
 30
0.0
 10
6.658
 20
-4.563
 30
0.0
 10
6.427
 20
-4.45
 30
0.0
 10
6.175
 20
-4.399
 30
0.0
 10
6.175
 20
-4.399
 30
0.0
 10
6.007
 20
-4.547
 30
0.0
 10
5.835
 20
-4.69
 30
0.0
 10
5.671
 20
-4.841
 30
0.0
 10
5.671
 20
-4.841
 30
0.0
 10
5.638
 20
-4.875
 30
0.0
 10
5.585
 20
-4.91
 30
0.0
 10
5.611
 20
-4.964
 30
0.0
 10
5.611
 20
-4.964
 30
0.0
 10
5.659
 20
-5.145
 30
0.0
 10
5.755
 20
-5.311
 30
0.0
 10
5.775
 20
-5.5
 30
0.0
 10
5.775
 20
-5.5
 30
0.0
 10
5.815
 20
-5.681
 30
0.0
 10
5.74
 20
-5.859
 30
0.0
 10
5.703
 20
-6.034
 30
0.0
 10
5.703
 20
-6.034
 30
0.0
 10
5.825
 20
-6.016
 30
0.0
 10
5.945
 20
-5.997
 30
0.0
 10
6.067
 20
-5.978
 30
0.0
 10
6.067
 20
-5.978
 30
0.0
 10
6.133
 20
-5.725
 30
0.0
 10
6.164
 20
-5.459
 30
0.0
 10
6.263
 20
-5.216
 30
0.0
 10
6.263
 20
-5.216
 30
0.0
 10
6.315
 20
-5.092
 30
0.0
 10
6.537
 20
-5.0
 30
0.0
 10
6.602
 20
-5.16
 30
0.0
 10
6.602
 20
-5.16
 30
0.0
 10
6.698
 20
-5.395
 30
0.0
 10
6.542
 20
-5.647
 30
0.0
 10
6.539
 20
-5.887
 30
0.0
 10
6.539
 20
-5.887
 30
0.0
 10
6.668
 20
-5.86
 30
0.0
 10
6.798
 20
-5.833
 30
0.0
 10
6.927
 20
-5.807
 30
0.0
 10
6.927
 20
-5.807
 30
0.0
 10
7.03
 20
-5.531
 30
0.0
 10
6.972
 20
-5.073
 30
0.0
 10
7.367
 20
-5.037
 30
0.0
 10
7.367
 20
-5.037
 30
0.0
 10
7.401
 20
-5.219
 30
0.0
 10
7.415
 20
-5.405
 30
0.0
 10
7.41
 20
-5.591
 30
0.0
 10
7.41
 20
-5.591
 30
0.0
 10
7.527
 20
-5.554
 30
0.0
 10
7.652
 20
-5.491
 30
0.0
 10
7.778
 20
-5.532
 30
0.0
 10
7.778
 20
-5.532
 30
0.0
 10
8.032
 20
-5.607
 30
0.0
 10
8.142
 20
-5.979
 30
0.0
 10
7.961
 20
-6.176
 30
0.0
 10
7.961
 20
-6.176
 30
0.0
 10
7.847
 20
-6.287
 30
0.0
 10
7.673
 20
-6.255
 30
0.0
 10
7.526
 20
-6.271
 30
0.0
 10
7.526
 20
-6.271
 30
0.0
 10
7.605
 20
-6.446
 30
0.0
 10
7.677
 20
-6.623
 30
0.0
 10
7.734
 20
-6.807
 30
0.0
 10
7.734
 20
-6.807
 30
0.0
 10
7.622
 20
-6.82
 30
0.0
 10
7.51
 20
-6.833
 30
0.0
 10
7.399
 20
-6.844
 30
0.0
 10
7.399
 20
-6.844
 30
0.0
 10
7.297
 20
-6.647
 30
0.0
 10
7.185
 20
-6.456
 30
0.0
 10
7.065
 20
-6.27
 30
0.0
 10
7.065
 20
-6.27
 30
0.0
 10
6.92
 20
-6.298
 30
0.0
 10
6.775
 20
-6.33
 30
0.0
 10
6.631
 20
-6.362
 30
0.0
 10
6.631
 20
-6.362
 30
0.0
 10
6.738
 20
-6.569
 30
0.0
 10
6.913
 20
-6.742
 30
0.0
 10
6.979
 20
-6.968
 30
0.0
 10
6.979
 20
-6.968
 30
0.0
 10
7.014
 20
-7.101
 30
0.0
 10
6.829
 20
-7.184
 30
0.0
 10
6.727
 20
-7.117
 30
0.0
 10
6.727
 20
-7.117
 30
0.0
 10
6.488
 20
-6.951
 30
0.0
 10
6.362
 20
-6.67
 30
0.0
 10
6.185
 20
-6.446
 30
0.0
 10
6.185
 20
-6.446
 30
0.0
 10
6.056
 20
-6.472
 30
0.0
 10
5.927
 20
-6.499
 30
0.0
 10
5.799
 20
-6.527
 30
0.0
 10
5.799
 20
-6.527
 30
0.0
 10
5.918
 20
-6.696
 30
0.0
 10
6.056
 20
-6.865
 30
0.0
 10
6.095
 20
-7.073
 30
0.0
 10
6.095
 20
-7.073
 30
0.0
 10
6.119
 20
-7.257
 30
0.0
 10
6.129
 20
-7.442
 30
0.0
 10
6.143
 20
-7.628
 30
0.0
 10
6.143
 20
-7.628
 30
0.0
 10
6.395
 20
-7.702
 30
0.0
 10
6.639
 20
-7.799
 30
0.0
 10
6.891
 20
-7.874
 30
0.0
 10
6.891
 20
-7.874
 30
0.0
 10
7.126
 20
-7.657
 30
0.0
 10
7.327
 20
-7.396
 30
0.0
 10
7.603
 20
-7.229
 30
0.0
 10
7.603
 20
-7.229
 30
0.0
 10
7.789
 20
-7.094
 30
0.0
 10
8.029
 20
-7.366
 30
0.0
 10
7.922
 20
-7.546
 30
0.0
 10
7.922
 20
-7.546
 30
0.0
 10
7.79
 20
-7.755
 30
0.0
 10
7.58
 20
-7.898
 30
0.0
 10
7.411
 20
-8.076
 30
0.0
 10
7.411
 20
-8.076
 30
0.0
 10
7.516
 20
-8.104
 30
0.0
 10
7.62
 20
-8.128
 30
0.0
 10
7.727
 20
-8.15
 30
0.0
 10
7.727
 20
-8.15
 30
0.0
 10
7.877
 20
-8.001
 30
0.0
 10
8.004
 20
-7.82
 30
0.0
 10
8.186
 20
-7.708
 30
0.0
 10
8.186
 20
-7.708
 30
0.0
 10
8.307
 20
-7.622
 30
0.0
 10
8.469
 20
-7.766
 30
0.0
 10
8.443
 20
-7.89
 30
0.0
 10
8.443
 20
-7.89
 30
0.0
 10
8.336
 20
-8.041
 30
0.0
 10
8.201
 20
-8.171
 30
0.0
 10
8.081
 20
-8.312
 30
0.0
 10
8.081
 20
-8.312
 30
0.0
 10
8.313
 20
-8.357
 30
0.0
 10
8.691
 20
-8.266
 30
0.0
 10
8.778
 20
-8.556
 30
0.0
 10
8.778
 20
-8.556
 30
0.0
 10
8.911
 20
-8.822
 30
0.0
 10
8.644
 20
-9.162
 30
0.0
 10
8.355
 20
-9.049
 30
0.0
 10
8.355
 20
-9.049
 30
0.0
 10
8.19
 20
-8.927
 30
0.0
 10
8.08
 20
-8.738
 30
0.0
 10
7.891
 20
-8.645
 30
0.0
 10
7.891
 20
-8.645
 30
0.0
 10
7.887
 20
-8.891
 30
0.0
 10
8.034
 20
-9.19
 30
0.0
 10
7.822
 20
-9.389
 30
0.0
 10
7.822
 20
-9.389
 30
0.0
 10
7.577
 20
-9.239
 30
0.0
 10
7.598
 20
-8.933
 30
0.0
 10
7.547
 20
-8.686
 30
0.0
 10
7.547
 20
-8.686
 30
0.0
 10
7.533
 20
-8.517
 30
0.0
 10
7.333
 20
-8.505
 30
0.0
 10
7.21
 20
-8.45
 30
0.0
 10
7.21
 20
-8.45
 30
0.0
 10
7.229
 20
-8.735
 30
0.0
 10
7.426
 20
-9.043
 30
0.0
 10
7.292
 20
-9.319
 30
0.0
 10
7.292
 20
-9.319
 30
0.0
 10
7.207
 20
-9.488
 30
0.0
 10
6.969
 20
-9.406
 30
0.0
 10
6.919
 20
-9.252
 30
0.0
 10
6.919
 20
-9.252
 30
0.0
 10
6.813
 20
-8.955
 30
0.0
 10
6.83
 20
-8.624
 30
0.0
 10
6.711
 20
-8.331
 30
0.0
 10
6.711
 20
-8.331
 30
0.0
 10
6.471
 20
-8.221
 30
0.0
 10
6.216
 20
-8.156
 30
0.0
 10
5.963
 20
-8.082
 30
0.0
 10
5.963
 20
-8.082
 30
0.0
 10
5.865
 20
-8.253
 30
0.0
 10
5.764
 20
-8.428
 30
0.0
 10
5.617
 20
-8.563
 30
0.0
 10
5.617
 20
-8.563
 30
0.0
 10
5.475
 20
-8.675
 30
0.0
 10
5.297
 20
-8.729
 30
0.0
 10
5.126
 20
-8.781
 30
0.0
 10
5.126
 20
-8.781
 30
0.0
 10
5.179
 20
-8.866
 30
0.0
 10
5.232
 20
-8.951
 30
0.0
 10
5.285
 20
-9.036
 30
0.0
 10
5.285
 20
-9.036
 30
0.0
 10
5.572
 20
-8.976
 30
0.0
 10
5.843
 20
-8.832
 30
0.0
 10
6.142
 20
-8.833
 30
0.0
 10
6.142
 20
-8.833
 30
0.0
 10
6.281
 20
-8.849
 30
0.0
 10
6.274
 20
-9.041
 30
0.0
 10
6.33
 20
-9.127
 30
0.0
 10
6.33
 20
-9.127
 30
0.0
 10
6.113
 20
-9.24
 30
0.0
 10
5.882
 20
-9.324
 30
0.0
 10
5.655
 20
-9.415
 30
0.0
 10
5.655
 20
-9.415
 30
0.0
 10
5.738
 20
-9.512
 30
0.0
 10
5.821
 20
-9.61
 30
0.0
 10
5.903
 20
-9.708
 30
0.0
 10
5.903
 20
-9.708
 30
0.0
 10
6.12
 20
-9.625
 30
0.0
 10
6.335
 20
-9.52
 30
0.0
 10
6.574
 20
-9.526
 30
0.0
 10
6.574
 20
-9.526
 30
0.0
 10
6.71
 20
-9.534
 30
0.0
 10
6.772
 20
-9.734
 30
0.0
 10
6.665
 20
-9.818
 30
0.0
 10
6.665
 20
-9.818
 30
0.0
 10
6.562
 20
-9.886
 30
0.0
 10
6.45
 20
-9.939
 30
0.0
 10
6.34
 20
-9.995
 30
0.0
 10
6.34
 20
-9.995
 30
0.0
 10
6.464
 20
-10.126
 30
0.0
 10
6.632
 20
-10.27
 30
0.0
 10
6.576
 20
-10.474
 30
0.0
 10
6.576
 20
-10.474
 30
0.0
 10
6.562
 20
-10.671
 30
0.0
 10
6.342
 20
-10.832
 30
0.0
 10
6.152
 20
-10.761
 30
0.0
 10
6.152
 20
-10.761
 30
0.0
 10
6.011
 20
-10.72
 30
0.0
 10
5.935
 20
-10.582
 30
0.0
 10
5.853
 20
-10.472
 30
0.0
 10
5.853
 20
-10.472
 30
0.0
 10
5.755
 20
-10.649
 30
0.0
 10
5.673
 20
-10.878
 30
0.0
 10
5.434
 20
-10.905
 30
0.0
 10
5.434
 20
-10.905
 30
0.0
 10
5.407
 20
-10.748
 30
0.0
 10
5.373
 20
-10.581
 30
0.0
 10
5.435
 20
-10.429
 30
0.0
 10
5.435
 20
-10.429
 30
0.0
 10
5.476
 20
-10.284
 30
0.0
 10
5.573
 20
-10.151
 30
0.0
 10
5.573
 20
-9.999
 30
0.0
 10
5.573
 20
-9.999
 30
0.0
 10
5.495
 20
-9.903
 30
0.0
 10
5.409
 20
-9.816
 30
0.0
 10
5.322
 20
-9.729
 30
0.0
 10
5.322
 20
-9.729
 30
0.0
 10
5.218
 20
-9.981
 30
0.0
 10
5.135
 20
-10.264
 30
0.0
 10
4.914
 20
-10.44
 30
0.0
 10
4.914
 20
-10.44
 30
0.0
 10
4.866
 20
-10.385
 30
0.0
 10
4.77
 20
-10.276
 30
0.0
 10
4.722
 20
-10.221
 30
0.0
 10
4.722
 20
-10.221
 30
0.0
 10
4.8
 20
-9.925
 30
0.0
 10
4.917
 20
-9.642
 30
0.0
 10
5.025
 20
-9.357
 30
0.0
 10
5.025
 20
-9.357
 30
0.0
 10
4.936
 20
-9.272
 30
0.0
 10
4.848
 20
-9.187
 30
0.0
 10
4.759
 20
-9.102
 30
0.0
 10
4.759
 20
-9.102
 30
0.0
 10
4.691
 20
-9.278
 30
0.0
 10
4.655
 20
-9.479
 30
0.0
 10
4.528
 20
-9.627
 30
0.0
 10
4.528
 20
-9.627
 30
0.0
 10
4.397
 20
-9.782
 30
0.0
 10
4.21
 20
-9.869
 30
0.0
 10
4.038
 20
-9.968
 30
0.0
 10
4.038
 20
-9.968
 30
0.0
 10
4.08
 20
-10.231
 30
0.0
 10
4.14
 20
-10.491
 30
0.0
 10
4.185
 20
-10.754
 30
0.0
 10
4.185
 20
-10.754
 30
0.0
 10
4.474
 20
-10.843
 30
0.0
 10
4.783
 20
-10.879
 30
0.0
 10
5.059
 20
-11.007
 30
0.0
 10
5.059
 20
-11.007
 30
0.0
 10
5.2
 20
-11.071
 30
0.0
 10
5.22
 20
-11.245
 30
0.0
 10
5.196
 20
-11.384
 30
0.0
 10
5.196
 20
-11.384
 30
0.0
 10
5.144
 20
-11.45
 30
0.0
 10
5.057
 20
-11.489
 30
0.0
 10
4.974
 20
-11.475
 30
0.0
 10
4.974
 20
-11.475
 30
0.0
 10
4.746
 20
-11.438
 30
0.0
 10
4.527
 20
-11.362
 30
0.0
 10
4.307
 20
-11.293
 30
0.0
 10
4.307
 20
-11.293
 30
0.0
 10
4.33
 20
-11.397
 30
0.0
 10
4.355
 20
-11.502
 30
0.0
 10
4.381
 20
-11.606
 30
0.0
 10
4.381
 20
-11.606
 30
0.0
 10
4.583
 20
-11.66
 30
0.0
 10
4.799
 20
-11.685
 30
0.0
 10
4.987
 20
-11.785
 30
0.0
 10
4.987
 20
-11.785
 30
0.0
 10
5.093
 20
-11.842
 30
0.0
 10
5.073
 20
-11.995
 30
0.0
 10
5.132
 20
-12.081
 30
0.0
 10
5.132
 20
-12.081
 30
0.0
 10
4.898
 20
-12.156
 30
0.0
 10
4.668
 20
-12.045
 30
0.0
 10
4.44
 20
-11.998
 30
0.0
 10
4.44
 20
-11.998
 30
0.0
 10
4.513
 20
-12.172
 30
0.0
 10
4.639
 20
-12.324
 30
0.0
 10
4.684
 20
-12.51
 30
0.0
 10
4.684
 20
-12.51
 30
0.0
 10
4.719
 20
-12.735
 30
0.0
 10
4.492
 20
-12.978
 30
0.0
 10
4.257
 20
-12.901
 30
0.0
 10
4.257
 20
-12.901
 30
0.0
 10
4.108
 20
-12.827
 30
0.0
 10
3.952
 20
-12.676
 30
0.0
 10
4.012
 20
-12.488
 30
0.0
 10
4.012
 20
-12.488
 30
0.0
 10
4.022
 20
-12.351
 30
0.0
 10
4.076
 20
-12.22
 30
0.0
 10
4.1
 20
-12.086
 30
0.0
 10
4.1
 20
-12.086
 30
0.0
 10
3.921
 20
-12.201
 30
0.0
 10
3.754
 20
-12.338
 30
0.0
 10
3.551
 20
-12.411
 30
0.0
 10
3.551
 20
-12.411
 30
0.0
 10
3.52
 20
-12.312
 30
0.0
 10
3.487
 20
-12.21
 30
0.0
 10
3.46
 20
-12.11
 30
0.0
 10
3.46
 20
-12.11
 30
0.0
 10
3.63
 20
-11.97
 30
0.0
 10
3.826
 20
-11.854
 30
0.0
 10
3.971
 20
-11.686
 30
0.0
 10
3.971
 20
-11.686
 30
0.0
 10
3.982
 20
-11.581
 30
0.0
 10
3.983
 20
-11.479
 30
0.0
 10
3.975
 20
-11.374
 30
0.0
 10
3.975
 20
-11.374
 30
0.0
 10
3.786
 20
-11.509
 30
0.0
 10
3.628
 20
-11.693
 30
0.0
 10
3.419
 20
-11.799
 30
0.0
 10
3.419
 20
-11.799
 30
0.0
 10
3.189
 20
-11.927
 30
0.0
 10
2.972
 20
-11.552
 30
0.0
 10
3.167
 20
-11.407
 30
0.0
 10
3.167
 20
-11.407
 30
0.0
 10
3.368
 20
-11.178
 30
0.0
 10
3.627
 20
-11.014
 30
0.0
 10
3.862
 20
-10.822
 30
0.0
 10
3.862
 20
-10.822
 30
0.0
 10
3.819
 20
-10.561
 30
0.0
 10
3.772
 20
-10.3
 30
0.0
 10
3.715
 20
-10.041
 30
0.0
 10
3.715
 20
-10.041
 30
0.0
 10
3.48
 20
-9.995
 30
0.0
 10
3.205
 20
-10.007
 30
0.0
 10
3.018
 20
-9.834
 30
0.0
 10
3.018
 20
-9.834
 30
0.0
 10
2.902
 20
-9.752
 30
0.0
 10
2.807
 20
-9.648
 30
0.0
 10
2.709
 20
-9.547
 30
0.0
 10
2.709
 20
-9.547
 30
0.0
 10
2.669
 20
-9.672
 30
0.0
 10
2.602
 20
-9.795
 30
0.0
 10
2.605
 20
-9.93
 30
0.0
 10
2.605
 20
-9.93
 30
0.0
 10
2.757
 20
-10.118
 30
0.0
 10
2.951
 20
-10.268
 30
0.0
 10
3.101
 20
-10.457
 30
0.0
 10
3.101
 20
-10.457
 30
0.0
 10
3.178
 20
-10.572
 30
0.0
 10
3.124
 20
-10.712
 30
0.0
 10
3.093
 20
-10.832
 30
0.0
 10
3.093
 20
-10.832
 30
0.0
 10
2.82
 20
-10.753
 30
0.0
 10
2.646
 20
-10.52
 30
0.0
 10
2.431
 20
-10.354
 30
0.0
 10
2.431
 20
-10.354
 30
0.0
 10
2.392
 20
-10.492
 30
0.0
 10
2.31
 20
-10.628
 30
0.0
 10
2.324
 20
-10.775
 30
0.0
 10
2.324
 20
-10.775
 30
0.0
 10
2.471
 20
-10.982
 30
0.0
 10
2.831
 20
-11.106
 30
0.0
 10
2.761
 20
-11.418
 30
0.0
 10
2.761
 20
-11.418
 30
0.0
 10
2.728
 20
-11.458
 30
0.0
 10
2.69
 20
-11.518
 30
0.0
 10
2.63
 20
-11.49
 30
0.0
 10
2.63
 20
-11.49
 30
0.0
 10
2.479
 20
-11.426
 30
0.0
 10
2.355
 20
-11.312
 30
0.0
 10
2.221
 20
-11.219
 30
0.0
 10
2.221
 20
-11.219
 30
0.0
 10
2.229
 20
-11.395
 30
0.0
 10
2.214
 20
-11.634
 30
0.0
 10
2.014
 20
-11.698
 30
0.0
 10
2.014
 20
-11.698
 30
0.0
 10
1.819
 20
-11.787
 30
0.0
 10
1.594
 20
-11.656
 30
0.0
 10
1.531
 20
-11.461
 30
0.0
 10
1.531
 20
-11.461
 30
0.0
 10
1.461
 20
-11.305
 30
0.0
 10
1.554
 20
-11.146
 30
0.0
 10
1.621
 20
-11.007
 30
0.0
 10
1.621
 20
-11.007
 30
0.0
 10
1.474
 20
-10.996
 30
0.0
 10
1.327
 20
-10.988
 30
0.0
 10
1.181
 20
-10.977
 30
0.0
 10
1.181
 20
-10.977
 30
0.0
 10
1.165
 20
-10.886
 30
0.0
 10
1.149
 20
-10.795
 30
0.0
 10
1.134
 20
-10.704
 30
0.0
 10
1.134
 20
-10.704
 30
0.0
 10
1.308
 20
-10.638
 30
0.0
 10
1.493
 20
-10.615
 30
0.0
 10
1.674
 20
-10.58
 30
0.0
 10
1.674
 20
-10.58
 30
0.0
 10
1.925
 20
-10.626
 30
0.0
 10
1.947
 20
-10.365
 30
0.0
 10
2.007
 20
-10.201
 30
0.0
 10
2.007
 20
-10.201
 30
0.0
 10
1.775
 20
-10.151
 30
0.0
 10
1.424
 20
-10.35
 30
0.0
 10
1.255
 20
-10.111
 30
0.0
 10
1.255
 20
-10.111
 30
0.0
 10
1.248
 20
-10.025
 30
0.0
 10
1.25
 20
-9.878
 30
0.0
 10
1.354
 20
-9.844
 30
0.0
 10
1.354
 20
-9.844
 30
0.0
 10
1.61
 20
-9.774
 30
0.0
 10
1.882
 20
-9.783
 30
0.0
 10
2.136
 20
-9.707
 30
0.0
 10
2.136
 20
-9.707
 30
0.0
 10
2.178
 20
-9.603
 30
0.0
 10
2.217
 20
-9.498
 30
0.0
 10
2.253
 20
-9.392
 30
0.0
 10
2.253
 20
-9.392
 30
0.0
 10
2.079
 20
-9.397
 30
0.0
 10
1.904
 20
-9.405
 30
0.0
 10
1.731
 20
-9.389
 30
0.0
 10
1.731
 20
-9.389
 30
0.0
 10
1.535
 20
-9.337
 30
0.0
 10
1.366
 20
-9.22
 30
0.0
 10
1.2
 20
-9.108
 30
0.0
 10
1.2
 20
-9.108
 30
0.0
 10
1.005
 20
-9.289
 30
0.0
 10
0.807
 20
-9.468
 30
0.0
 10
0.606
 20
-9.642
 30
0.0
 10
0.606
 20
-9.642
 30
0.0
 10
0.655
 20
-9.991
 30
0.0
 10
0.782
 20
-10.329
 30
0.0
 10
0.788
 20
-10.683
 30
0.0
 10
0.788
 20
-10.683
 30
0.0
 10
0.744
 20
-10.838
 30
0.0
 10
0.571
 20
-10.848
 30
0.0
 10
0.443
 20
-10.789
 30
0.0
 10
0.443
 20
-10.789
 30
0.0
 10
0.302
 20
-10.553
 30
0.0
 10
0.284
 20
-10.274
 30
0.0
 10
0.218
 20
-10.012
 30
0.0
 10
0.218
 20
-10.012
 30
0.0
 10
0.137
 20
-10.073
 30
0.0
 10
0.056
 20
-10.133
 30
0.0
 10
-0.024
 20
-10.195
 30
0.0
 10
-0.024
 20
-10.195
 30
0.0
 10
0.028
 20
-10.471
 30
0.0
 10
0.108
 20
-10.744
 30
0.0
 10
0.102
 20
-11.028
 30
0.0
 10
0.102
 20
-11.028
 30
0.0
 10
0.043
 20
-11.044
 30
0.0
 10
-0.015
 20
-11.061
 30
0.0
 10
-0.074
 20
-11.078
 30
0.0
 10
-0.074
 20
-11.078
 30
0.0
 10
-0.218
 20
-10.894
 30
0.0
 10
-0.232
 20
-10.653
 30
0.0
 10
-0.325
 20
-10.444
 30
0.0
 10
-0.325
 20
-10.444
 30
0.0
 10
-0.42
 20
-10.619
 30
0.0
 10
-0.465
 20
-10.818
 30
0.0
 10
-0.571
 20
-10.988
 30
0.0
 10
-0.571
 20
-10.988
 30
0.0
 10
-0.655
 20
-11.157
 30
0.0
 10
-0.879
 20
-11.163
 30
0.0
 10
-1.032
 20
-11.096
 30
0.0
 10
-1.032
 20
-11.096
 30
0.0
 10
-1.216
 20
-10.979
 30
0.0
 10
-1.288
 20
-10.695
 30
0.0
 10
-1.134
 20
-10.527
 30
0.0
 10
-1.134
 20
-10.527
 30
0.0
 10
-1.008
 20
-10.41
 30
0.0
 10
-0.831
 20
-10.369
 30
0.0
 10
-0.7
 20
-10.257
 30
0.0
 10
-0.7
 20
-10.257
 30
0.0
 10
-0.851
 20
-10.187
 30
0.0
 10
-1.019
 20
-10.15
 30
0.0
 10
-1.158
 20
-10.056
 30
0.0
 10
-1.158
 20
-10.056
 30
0.0
 10
-1.264
 20
-9.987
 30
0.0
 10
-1.171
 20
-9.845
 30
0.0
 10
-1.172
 20
-9.744
 30
0.0
 10
-1.172
 20
-9.744
 30
0.0
 10
-0.901
 20
-9.78
 30
0.0
 10
-0.653
 20
-9.9
 30
0.0
 10
-0.388
 20
-9.958
 30
0.0
 10
-0.388
 20
-9.958
 30
0.0
 10
-0.324
 20
-9.886
 30
0.0
 10
-0.26
 20
-9.815
 30
0.0
 10
-0.196
 20
-9.745
 30
0.0
 10
-0.196
 20
-9.745
 30
0.0
 10
-0.413
 20
-9.68
 30
0.0
 10
-0.633
 20
-9.62
 30
0.0
 10
-0.84
 20
-9.526
 30
0.0
 10
-0.84
 20
-9.526
 30
0.0
 10
-0.95
 20
-9.458
 30
0.0
 10
-1.011
 20
-9.291
 30
0.0
 10
-0.929
 20
-9.18
 30
0.0
 10
-0.929
 20
-9.18
 30
0.0
 10
-0.856
 20
-9.071
 30
0.0
 10
-0.704
 20
-9.072
 30
0.0
 10
-0.59
 20
-9.105
 30
0.0
 10
-0.59
 20
-9.105
 30
0.0
 10
-0.327
 20
-9.182
 30
0.0
 10
-0.071
 20
-9.282
 30
0.0
 10
0.192
 20
-9.36
 30
0.0
 10
0.192
 20
-9.36
 30
0.0
 10
0.393
 20
-9.16
 30
0.0
 10
0.595
 20
-8.961
 30
0.0
 10
0.792
 20
-8.757
 30
0.0
 10
0.792
 20
-8.757
 30
0.0
 10
0.551
 20
-8.451
 30
0.0
 10
0.495
 20
-8.048
 30
0.0
 10
0.603
 20
-7.679
 30
0.0
 10
0.603
 20
-7.679
 30
0.0
 10
0.48
 20
-7.704
 30
0.0
 10
0.356
 20
-7.732
 30
0.0
 10
0.234
 20
-7.759
 30
0.0
 10
0.234
 20
-7.759
 30
0.0
 10
0.187
 20
-8.025
 30
0.0
 10
0.161
 20
-8.3
 30
0.0
 10
0.066
 20
-8.555
 30
0.0
 10
0.066
 20
-8.555
 30
0.0
 10
0.014
 20
-8.701
 30
0.0
 10
-0.219
 20
-8.731
 30
0.0
 10
-0.27
 20
-8.571
 30
0.0
 10
-0.27
 20
-8.571
 30
0.0
 10
-0.329
 20
-8.347
 30
0.0
 10
-0.241
 20
-8.115
 30
0.0
 10
-0.212
 20
-7.891
 30
0.0
 10
-0.212
 20
-7.891
 30
0.0
 10
-0.348
 20
-7.916
 30
0.0
 10
-0.483
 20
-7.945
 30
0.0
 10
-0.617
 20
-7.974
 30
0.0
 10
-0.617
 20
-7.974
 30
0.0
 10
-0.664
 20
-8.21
 30
0.0
 10
-0.66
 20
-8.472
 30
0.0
 10
-0.79
 20
-8.683
 30
0.0
 10
-0.79
 20
-8.683
 30
0.0
 10
-0.833
 20
-8.77
 30
0.0
 10
-0.975
 20
-8.77
 30
0.0
 10
-1.019
 20
-8.684
 30
0.0
 10
-1.019
 20
-8.684
 30
0.0
 10
-1.098
 20
-8.551
 30
0.0
 10
-1.06
 20
-8.381
 30
0.0
 10
-1.091
 20
-8.236
 30
0.0
 10
-1.091
 20
-8.236
 30
0.0
 10
-1.226
 20
-8.291
 30
0.0
 10
-1.376
 20
-8.323
 30
0.0
 10
-1.514
 20
-8.258
 30
0.0
 10
-1.514
 20
-8.258
 30
0.0
 10
-1.653
 20
-8.189
 30
0.0
 10
-1.802
 20
-8.263
 30
0.0
 10
-1.938
 20
-8.294
 30
0.0
 10
-1.938
 20
-8.294
 30
0.0
 10
-2.049
 20
-8.526
 30
0.0
 10
-2.233
 20
-8.77
 30
0.0
 10
-2.507
 20
-8.8
 30
0.0
 10
-2.507
 20
-8.8
 30
0.0
 10
-2.769
 20
-8.891
 30
0.0
 10
-2.971
 20
-8.677
 30
0.0
 10
-3.18
 20
-8.568
 30
0.0
 10
-3.18
 20
-8.568
 30
0.0
 10
-3.274
 20
-8.553
 30
0.0
 10
-3.368
 20
-8.593
 30
0.0
 10
-3.46
 20
-8.608
 30
0.0
 10
-3.46
 20
-8.608
 30
0.0
 10
-3.302
 20
-8.843
 30
0.0
 10
-3.136
 20
-9.074
 30
0.0
 10
-2.957
 20
-9.293
 30
0.0
 10
-2.957
 20
-9.293
 30
0.0
 10
-2.826
 20
-9.242
 30
0.0
 10
-2.673
 20
-9.172
 30
0.0
 10
-2.539
 20
-9.253
 30
0.0
 10
-2.539
 20
-9.253
 30
0.0
 10
-2.388
 20
-9.354
 30
0.0
 10
-2.28
 20
-9.588
 30
0.0
 10
-2.406
 20
-9.748
 30
0.0
 10
-2.406
 20
-9.748
 30
0.0
 10
-2.484
 20
-9.856
 30
0.0
 10
-2.643
 20
-9.948
 30
0.0
 10
-2.771
 20
-9.874
 30
0.0
 10
-2.771
 20
-9.874
 30
0.0
 10
-2.876
 20
-9.822
 30
0.0
 10
-2.954
 20
-9.727
 30
0.0
 10
-3.061
 20
-9.678
 30
0.0
 10
-3.061
 20
-9.678
 30
0.0
 10
-3.339
 20
-9.698
 30
0.0
 10
-3.601
 20
-9.823
 30
0.0
 10
-3.859
 20
-9.922
 30
0.0
 10
-3.859
 20
-9.922
 30
0.0
 10
-3.685
 20
-10.01
 30
0.0
 10
-3.497
 20
-10.063
 30
0.0
 10
-3.301
 20
-10.034
 30
0.0
 10
-3.301
 20
-10.034
 30
0.0
 10
-3.09
 20
-10.0
 30
0.0
 10
-2.861
 20
-10.086
 30
0.0
 10
-2.741
 20
-10.266
 30
0.0
 10
-2.741
 20
-10.266
 30
0.0
 10
-2.578
 20
-10.442
 30
0.0
 10
-2.622
 20
-10.705
 30
0.0
 10
-2.494
 20
-10.899
 30
0.0
 10
-2.494
 20
-10.899
 30
0.0
 10
-2.408
 20
-11.034
 30
0.0
 10
-2.319
 20
-11.183
 30
0.0
 10
-2.352
 20
-11.351
 30
0.0
 10
-2.352
 20
-11.351
 30
0.0
 10
-2.417
 20
-11.441
 30
0.0
 10
-2.52
 20
-11.513
 30
0.0
 10
-2.634
 20
-11.52
 30
0.0
 10
-2.634
 20
-11.52
 30
0.0
 10
-2.798
 20
-11.496
 30
0.0
 10
-2.934
 20
-11.364
 30
0.0
 10
-3.104
 20
-11.378
 30
0.0
 10
-3.104
 20
-11.378
 30
0.0
 10
-3.329
 20
-11.404
 30
0.0
 10
-3.574
 20
-11.363
 30
0.0
 10
-3.739
 20
-11.194
 30
0.0
 10
-3.739
 20
-11.194
 30
0.0
 10
-3.951
 20
-11.044
 30
0.0
 10
-3.891
 20
-10.755
 30
0.0
 10
-3.922
 20
-10.531
 30
0.0
 10
-3.922
 20
-10.531
 30
0.0
 10
-3.917
 20
-10.388
 30
0.0
 10
-4.046
 20
-10.303
 30
0.0
 10
-4.138
 20
-10.214
 30
0.0
 10
-4.138
 20
-10.214
 30
0.0
 10
-4.229
 20
-10.484
 30
0.0
 10
-4.313
 20
-10.756
 30
0.0
 10
-4.395
 20
-11.029
 30
0.0
 10
-4.395
 20
-11.029
 30
0.0
 10
-4.276
 20
-11.149
 30
0.0
 10
-4.159
 20
-11.3
 30
0.0
 10
-4.199
 20
-11.484
 30
0.0
 10
-4.199
 20
-11.484
 30
0.0
 10
-4.257
 20
-11.704
 30
0.0
 10
-4.581
 20
-11.796
 30
0.0
 10
-4.736
 20
-11.624
 30
0.0
 10
-4.736
 20
-11.624
 30
0.0
 10
-4.905
 20
-11.48
 30
0.0
 10
-4.778
 20
-11.261
 30
0.0
 10
-4.795
 20
-11.076
 30
0.0
 10
-4.795
 20
-11.076
 30
0.0
 10
-4.98
 20
-10.873
 30
0.0
 10
-5.217
 20
-10.723
 30
0.0
 10
-5.439
 20
-10.562
 30
0.0
 10
-5.439
 20
-10.562
 30
0.0
 10
-5.458
 20
-10.712
 30
0.0
 10
-5.491
 20
-10.876
 30
0.0
 10
-5.395
 20
-11.008
 30
0.0
 10
-5.395
 20
-11.008
 30
0.0
 10
-5.266
 20
-11.222
 30
0.0
 10
-5.228
 20
-11.512
 30
0.0
 10
-5.361
 20
-11.732
 30
0.0
 10
-5.361
 20
-11.732
 30
0.0
 10
-5.47
 20
-11.929
 30
0.0
 10
-5.736
 20
-11.966
 30
0.0
 10
-5.829
 20
-12.175
 30
0.0
 10
-5.829
 20
-12.175
 30
0.0
 10
-5.898
 20
-12.313
 30
0.0
 10
-6.03
 20
-12.489
 30
0.0
 10
-6.209
 20
-12.432
 30
0.0
 10
-6.209
 20
-12.432
 30
0.0
 10
-6.398
 20
-12.403
 30
0.0
 10
-6.481
 20
-12.195
 30
0.0
 10
-6.46
 20
-12.023
 30
0.0
 10
-6.46
 20
-12.023
 30
0.0
 10
-6.46
 20
-11.779
 30
0.0
 10
-6.616
 20
-11.57
 30
0.0
 10
-6.636
 20
-11.33
 30
0.0
 10
-6.636
 20
-11.33
 30
0.0
 10
-6.632
 20
-11.167
 30
0.0
 10
-6.57
 20
-11.002
 30
0.0
 10
-6.448
 20
-10.89
 30
0.0
 10
-6.448
 20
-10.89
 30
0.0
 10
-6.302
 20
-10.722
 30
0.0
 10
-6.023
 20
-10.708
 30
0.0
 10
-5.949
 20
-10.472
 30
0.0
 10
-5.949
 20
-10.472
 30
0.0
 10
-6.288
 20
-10.509
 30
0.0
 10
-6.615
 20
-10.609
 30
0.0
 10
-6.945
 20
-10.692
 30
0.0
 10
-6.945
 20
-10.692
 30
0.0
 10
-6.991
 20
-10.832
 30
0.0
 10
-7.033
 20
-11.016
 30
0.0
 10
-7.196
 20
-11.061
 30
0.0
 10
-7.196
 20
-11.061
 30
0.0
 10
-7.481
 20
-11.181
 30
0.0
 10
-7.735
 20
-10.826
 30
0.0
 10
-7.609
 20
-10.577
 30
0.0
 10
-7.609
 20
-10.577
 30
0.0
 10
-7.541
 20
-10.397
 30
0.0
 10
-7.318
 20
-10.419
 30
0.0
 10
-7.162
 20
-10.377
 30
0.0
 10
-7.162
 20
-10.377
 30
0.0
 10
-7.078
 20
-10.058
 30
0.0
 10
-7.002
 20
-9.737
 30
0.0
 10
-6.932
 20
-9.415
 30
0.0
 10
-6.932
 20
-9.415
 30
0.0
 10
-6.999
 20
-9.43
 30
0.0
 10
-7.065
 20
-9.446
 30
0.0
 10
-7.132
 20
-9.461
 30
0.0
 10
-7.132
 20
-9.461
 30
0.0
 10
-7.191
 20
-9.741
 30
0.0
 10
-7.352
 20
-10.032
 30
0.0
 10
-7.647
 20
-10.113
 30
0.0
 10
-7.647
 20
-10.113
 30
0.0
 10
-7.927
 20
-10.217
 30
0.0
 10
-8.185
 20
-9.959
 30
0.0
 10
-8.468
 20
-10.015
 30
0.0
 10
-8.468
 20
-10.015
 30
0.0
 10
-8.812
 20
-10.163
 30
0.0
 10
-9.048
 20
-9.572
 30
0.0
 10
-8.725
 20
-9.428
 30
0.0
 10
-8.725
 20
-9.428
 30
0.0
 10
-8.501
 20
-9.317
 30
0.0
 10
-8.443
 20
-9.054
 30
0.0
 10
-8.266
 20
-8.895
 30
0.0
 10
-8.266
 20
-8.895
 30
0.0
 10
-8.106
 20
-8.77
 30
0.0
 10
-7.875
 20
-8.697
 30
0.0
 10
-7.683
 20
-8.796
 30
0.0
 10
-7.683
 20
-8.796
 30
0.0
 10
-7.569
 20
-8.827
 30
0.0
 10
-7.467
 20
-8.891
 30
0.0
 10
-7.353
 20
-8.92
 30
0.0
 10
-7.353
 20
-8.92
 30
0.0
 10
-7.261
 20
-8.925
 30
0.0
 10
-7.172
 20
-8.894
 30
0.0
 10
-7.082
 20
-8.879
 30
0.0
 10
-7.082
 20
-8.879
 30
0.0
 10
-7.25
 20
-8.649
 30
0.0
 10
-7.458
 20
-8.452
 30
0.0
 10
-7.644
 20
-8.237
 30
0.0
 10
-7.644
 20
-8.237
 30
0.0
 10
-7.774
 20
-8.289
 30
0.0
 10
-7.927
 20
-8.4
 30
0.0
 10
-8.066
 20
-8.323
 30
0.0
 10
-8.066
 20
-8.323
 30
0.0
 10
-8.337
 20
-8.247
 30
0.0
 10
-8.362
 20
-7.784
 30
0.0
 10
-8.088
 20
-7.695
 30
0.0
 10
-8.088
 20
-7.695
 30
0.0
 10
-7.965
 20
-7.629
 30
0.0
 10
-7.84
 20
-7.72
 30
0.0
 10
-7.728
 20
-7.765
 30
0.0
 10
-7.728
 20
-7.765
 30
0.0
 10
-7.616
 20
-7.845
 30
0.0
 10
-7.484
 20
-7.784
 30
0.0
 10
-7.37
 20
-7.746
 30
0.0
 10
-7.37
 20
-7.746
 30
0.0
 10
-7.116
 20
-7.65
 30
0.0
 10
-6.863
 20
-7.549
 30
0.0
 10
-6.606
 20
-7.46
 30
0.0
 10
-6.606
 20
-7.46
 30
0.0
 10
-6.644
 20
-7.409
 30
0.0
 10
-6.684
 20
-7.358
 30
0.0
 10
-6.723
 20
-7.308
 30
0.0
 10
-6.723
 20
-7.308
 30
0.0
 10
-6.931
 20
-7.343
 30
0.0
 10
-7.165
 20
-7.421
 30
0.0
 10
-7.356
 20
-7.296
 30
0.0
 10
-7.356
 20
-7.296
 30
0.0
 10
-7.553
 20
-7.194
 30
0.0
 10
-7.689
 20
-7.005
 30
0.0
 10
-7.722
 20
-6.788
 30
0.0
 10
-7.722
 20
-6.788
 30
0.0
 10
-7.728
 20
-6.519
 30
0.0
 10
-7.984
 20
-6.326
 30
0.0
 10
-7.938
 20
-6.051
 30
0.0
 10
-7.938
 20
-6.051
 30
0.0
 10
-7.904
 20
-5.858
 30
0.0
 10
-7.649
 20
-5.781
 30
0.0
 10
-7.493
 20
-5.885
 30
0.0
 10
-7.493
 20
-5.885
 30
0.0
 10
-7.215
 20
-6.082
 30
0.0
 10
-6.808
 20
-5.926
 30
0.0
 10
-6.571
 20
-6.194
 30
0.0
 10
-6.571
 20
-6.194
 30
0.0
 10
-6.382
 20
-6.392
 30
0.0
 10
-6.382
 20
-6.678
 30
0.0
 10
-6.39
 20
-6.933
 30
0.0
 10
-6.39
 20
-6.933
 30
0.0
 10
-6.329
 20
-6.977
 30
0.0
 10
-6.269
 20
-7.023
 30
0.0
 10
-6.208
 20
-7.068
 30
0.0
 10
-6.208
 20
-7.068
 30
0.0
 10
-6.092
 20
-6.812
 30
0.0
 10
-6.005
 20
-6.546
 30
0.0
 10
-5.917
 20
-6.28
 30
0.0
 10
-5.917
 20
-6.28
 30
0.0
 10
-6.041
 20
-6.154
 30
0.0
 10
-6.246
 20
-6.007
 30
0.0
 10
-6.177
 20
-5.801
 30
0.0
 10
-6.177
 20
-5.801
 30
0.0
 10
-6.13
 20
-5.584
 30
0.0
 10
-5.825
 20
-5.484
 30
0.0
 10
-5.662
 20
-5.636
 30
0.0
 10
-5.662
 20
-5.636
 30
0.0
 10
-5.506
 20
-5.767
 30
0.0
 10
-5.558
 20
-5.986
 30
0.0
 10
-5.546
 20
-6.167
 30
0.0
 10
-5.546
 20
-6.167
 30
0.0
 10
-5.345
 20
-6.327
 30
0.0
 10
-5.155
 20
-6.505
 30
0.0
 10
-4.939
 20
-6.646
 30
0.0
 10
-4.939
 20
-6.646
 30
0.0
 10
-4.908
 20
-6.591
 30
0.0
 10
-4.877
 20
-6.537
 30
0.0
 10
-4.846
 20
-6.482
 30
0.0
 10
-4.846
 20
-6.482
 30
0.0
 10
-5.001
 20
-6.253
 30
0.0
 10
-5.191
 20
-6.002
 30
0.0
 10
-5.11
 20
-5.706
 30
0.0
 10
-5.11
 20
-5.706
 30
0.0
 10
-5.062
 20
-5.455
 30
0.0
 10
-4.826
 20
-5.321
 30
0.0
 10
-4.636
 20
-5.187
 30
0.0
 10
-4.636
 20
-5.187
 30
0.0
 10
-4.543
 20
-5.068
 30
0.0
 10
-4.492
 20
-4.92
 30
0.0
 10
-4.401
 20
-4.798
 30
0.0
 10
-4.401
 20
-4.798
 30
0.0
 10
-4.578
 20
-4.553
 30
0.0
 10
-4.758
 20
-4.234
 30
0.0
 10
-4.626
 20
-3.927
 30
0.0
 10
-4.626
 20
-3.927
 30
0.0
 10
-4.568
 20
-3.725
 30
0.0
 10
-4.391
 20
-3.591
 30
0.0
 10
-4.222
 20
-3.483
 30
0.0
 10
-4.222
 20
-3.483
 30
0.0
 10
-4.082
 20
-3.417
 30
0.0
 10
-4.072
 20
-3.25
 30
0.0
 10
-4.016
 20
-3.123
 30
0.0
 10
-4.016
 20
-3.123
 30
0.0
 10
-4.14
 20
-3.074
 30
0.0
 10
-4.26
 20
-3.016
 30
0.0
 10
-4.37
 20
-2.941
 30
0.0
 10
-4.37
 20
-2.941
 30
0.0
 10
-4.547
 20
-3.086
 30
0.0
 10
-4.732
 20
-3.255
 30
0.0
 10
-4.974
 20
-3.262
 30
0.0
 10
-4.974
 20
-3.262
 30
0.0
 10
-5.077
 20
-3.268
 30
0.0
 10
-5.253
 20
-3.279
 30
0.0
 10
-5.293
 20
-3.149
 30
0.0
 10
-5.293
 20
-3.149
 30
0.0
 10
-5.361
 20
-2.854
 30
0.0
 10
-5.215
 20
-2.565
 30
0.0
 10
-5.011
 20
-2.361
 30
0.0
 10
-5.011
 20
-2.361
 30
0.0
 10
-5.128
 20
-2.203
 30
0.0
 10
-5.231
 20
-2.03
 30
0.0
 10
-5.27
 20
-1.834
 30
0.0
 10
-5.27
 20
-1.834
 30
0.0
 10
-5.386
 20
-1.886
 30
0.0
 10
-5.531
 20
-1.917
 30
0.0
 10
-5.594
 20
-2.04
 30
0.0
 10
-5.594
 20
-2.04
 30
0.0
 10
-5.698
 20
-2.223
 30
0.0
 10
-5.844
 20
-2.417
 30
0.0
 10
-6.069
 20
-2.448
 30
0.0
 10
-6.069
 20
-2.448
 30
0.0
 10
-6.409
 20
-2.519
 30
0.0
 10
-6.722
 20
-2.366
 30
0.0
 10
-7.025
 20
-2.239
 30
0.0
 10
-7.025
 20
-2.239
 30
0.0
 10
-6.957
 20
-1.977
 30
0.0
 10
-6.858
 20
-1.702
 30
0.0
 10
-6.643
 20
-1.525
 30
0.0
 10
-6.643
 20
-1.525
 30
0.0
 10
-6.398
 20
-1.345
 30
0.0
 10
-6.065
 20
-1.384
 30
0.0
 10
-5.799
 20
-1.498
 30
0.0
 10
-5.799
 20
-1.498
 30
0.0
 10
-5.654
 20
-1.585
 30
0.0
 10
-5.493
 20
-1.521
 30
0.0
 10
-5.345
 20
-1.482
 30
0.0
 10
-5.345
 20
-1.482
 30
0.0
 10
-5.376
 20
-1.337
 30
0.0
 10
-5.406
 20
-1.191
 30
0.0
 10
-5.434
 20
-1.045
 30
0.0
 10
-5.434
 20
-1.045
 30
0.0
 10
-5.779
 20
-0.925
 30
0.0
 10
-6.068
 20
-0.658
 30
0.0
 10
-6.12
 20
-0.282
 30
0.0
 10
-6.12
 20
-0.282
 30
0.0
 10
-5.84
 20
-0.17
 30
0.0
 10
-5.532
 20
-0.108
 30
0.0
 10
-5.237
 20
-0.196
 30
0.0
 10
-5.237
 20
-0.196
 30
0.0
 10
-5.173
 20
0.009
 30
0.0
 10
-5.029
 20
0.176
 30
0.0
 10
-4.853
 20
0.296
 30
0.0
 10
-4.853
 20
0.296
 30
0.0
 10
-5.13
 20
0.517
 30
0.0
 10
-5.553
 20
0.446
 30
0.0
 10
-5.789
 20
0.727
 30
0.0
 10
-5.789
 20
0.727
 30
0.0
 10
-6.019
 20
0.993
 30
0.0
 10
-5.994
 20
1.377
 30
0.0
 10
-6.03
 20
1.704
 30
0.0
 10
-6.03
 20
1.704
 30
0.0
 10
-5.735
 20
1.679
 30
0.0
 10
-5.384
 20
1.772
 30
0.0
 10
-5.138
 20
1.555
 30
0.0
 10
-5.138
 20
1.555
 30
0.0
 10
-4.898
 20
1.399
 30
0.0
 10
-4.856
 20
1.099
 30
0.0
 10
-4.836
 20
0.838
 30
0.0
 10
-4.836
 20
0.838
 30
0.0
 10
-4.836
 20
0.687
 30
0.0
 10
-4.706
 20
0.592
 30
0.0
 10
-4.603
 20
0.502
 30
0.0
 10
-4.603
 20
0.502
 30
0.0
 10
-4.506
 20
0.599
 30
0.0
 10
-4.394
 20
0.679
 30
0.0
 10
-4.27
 20
0.738
 30
0.0
 10
-4.27
 20
0.738
 30
0.0
 10
-4.356
 20
1.057
 30
0.0
 10
-4.283
 20
1.388
 30
0.0
 10
-4.108
 20
1.663
 30
0.0
 10
-4.108
 20
1.663
 30
0.0
 10
-3.782
 20
1.58
 30
0.0
 10
-3.567
 20
1.292
 30
0.0
 10
-3.459
 20
0.988
 30
0.0
 10
-3.459
 20
0.988
 30
0.0
 10
-3.255
 20
1.022
 30
0.0
 10
-3.05
 20
1.016
 30
0.0
 10
-2.855
 20
0.942
 30
0.0
 10
-2.855
 20
0.942
 30
0.0
 10
-2.773
 20
1.174
 30
0.0
 10
-2.88
 20
1.389
 30
0.0
 10
-2.98
 20
1.591
 30
0.0
 10
-2.98
 20
1.591
 30
0.0
 10
-3.099
 20
1.872
 30
0.0
 10
-2.927
 20
2.165
 30
0.0
 10
-2.729
 20
2.355
 30
0.0
 10
-2.729
 20
2.355
 30
0.0
 10
-2.456
 20
2.599
 30
0.0
 10
-2.136
 20
2.807
 30
0.0
 10
-1.95
 20
3.131
 30
0.0
 10
-1.95
 20
3.131
 30
0.0
 10
-1.877
 20
3.27
 30
0.0
 10
-1.941
 20
3.428
 30
0.0
 10
-1.956
 20
3.575
 30
0.0
 10
-1.956
 20
3.575
 30
0.0
 10
-2.159
 20
3.365
 30
0.0
 10
-2.333
 20
3.089
 30
0.0
 10
-2.642
 20
3.031
 30
0.0
 10
-2.642
 20
3.031
 30
0.0
 10
-2.667
 20
3.156
 30
0.0
 10
-2.797
 20
3.33
 30
0.0
 10
-2.68
 20
3.435
 30
0.0
 10
-2.68
 20
3.435
 30
0.0
 10
-2.534
 20
3.582
 30
0.0
 10
-2.363
 20
3.712
 30
0.0
 10
-2.256
 20
3.893
 30
0.0
 10
-2.256
 20
3.893
 30
0.0
 10
-2.203
 20
4.018
 30
0.0
 10
-2.232
 20
4.161
 30
0.0
 10
-2.235
 20
4.293
 30
0.0
 10
-2.235
 20
4.293
 30
0.0
 10
-2.428
 20
4.187
 30
0.0
 10
-2.592
 20
4.034
 30
0.0
 10
-2.789
 20
3.936
 30
0.0
 10
-2.789
 20
3.936
 30
0.0
 10
-2.99
 20
3.834
 30
0.0
 10
-3.213
 20
3.89
 30
0.0
 10
-3.422
 20
3.925
 30
0.0
 10
-3.422
 20
3.925
 30
0.0
 10
-3.528
 20
3.709
 30
0.0
 10
-3.668
 20
3.5
 30
0.0
 10
-3.896
 20
3.402
 30
0.0
 10
-3.896
 20
3.402
 30
0.0
 10
-4.052
 20
3.58
 30
0.0
 10
-4.157
 20
3.787
 30
0.0
 10
-4.177
 20
4.024
 30
0.0
 10
-4.177
 20
4.024
 30
0.0
 10
-4.356
 20
4.079
 30
0.0
 10
-4.55
 20
4.128
 30
0.0
 10
-4.691
 20
4.259
 30
0.0
 10
-4.691
 20
4.259
 30
0.0
 10
-4.858
 20
4.399
 30
0.0
 10
-4.925
 20
4.613
 30
0.0
 10
-4.998
 20
4.81
 30
0.0
 10
-4.998
 20
4.81
 30
0.0
 10
-5.071
 20
4.691
 30
0.0
 10
-5.133
 20
4.562
 30
0.0
 10
-5.156
 20
4.423
 30
0.0
 10
-5.156
 20
4.423
 30
0.0
 10
-5.136
 20
4.14
 30
0.0
 10
-4.88
 20
3.935
 30
0.0
 10
-4.896
 20
3.646
 30
0.0
 10
-4.896
 20
3.646
 30
0.0
 10
-4.947
 20
3.571
 30
0.0
 10
-5.033
 20
3.508
 30
0.0
 10
-5.128
 20
3.533
 30
0.0
 10
-5.128
 20
3.533
 30
0.0
 10
-5.346
 20
3.706
 30
0.0
 10
-5.412
 20
3.985
 30
0.0
 10
-5.525
 20
4.225
 30
0.0
 10
-5.525
 20
4.225
 30
0.0
 10
-5.622
 20
4.066
 30
0.0
 10
-5.742
 20
3.882
 30
0.0
 10
-5.686
 20
3.685
 30
0.0
 10
-5.686
 20
3.685
 30
0.0
 10
-5.602
 20
3.434
 30
0.0
 10
-5.462
 20
3.206
 30
0.0
 10
-5.387
 20
2.951
 30
0.0
 10
-5.387
 20
2.951
 30
0.0
 10
-5.484
 20
2.917
 30
0.0
 10
-5.583
 20
2.887
 30
0.0
 10
-5.685
 20
2.874
 30
0.0
 10
-5.685
 20
2.874
 30
0.0
 10
-5.802
 20
2.971
 30
0.0
 10
-5.906
 20
3.082
 30
0.0
 10
-6.0
 20
3.201
 30
0.0
 10
-6.0
 20
3.201
 30
0.0
 10
-6.206
 20
3.175
 30
0.0
 10
-6.444
 20
3.085
 30
0.0
 10
-6.617
 20
3.249
 30
0.0
 10
-6.617
 20
3.249
 30
0.0
 10
-6.848
 20
3.382
 30
0.0
 10
-6.82
 20
3.663
 30
0.0
 10
-6.817
 20
3.89
 30
0.0
 10
-6.817
 20
3.89
 30
0.0
 10
-6.987
 20
3.989
 30
0.0
 10
-7.139
 20
4.113
 30
0.0
 10
-7.273
 20
4.257
 30
0.0
 10
-7.273
 20
4.257
 30
0.0
 10
-7.228
 20
4.324
 30
0.0
 10
-7.184
 20
4.39
 30
0.0
 10
-7.141
 20
4.458
 30
0.0
 10
-7.141
 20
4.458
 30
0.0
 10
-6.883
 20
4.435
 30
0.0
 10
-6.632
 20
4.363
 30
0.0
 10
-6.372
 20
4.349
 30
0.0
 10
-6.372
 20
4.349
 30
0.0
 10
-6.193
 20
4.311
 30
0.0
 10
-6.072
 20
4.453
 30
0.0
 10
-5.961
 20
4.563
 30
0.0
 10
-5.961
 20
4.563
 30
0.0
 10
-6.191
 20
4.628
 30
0.0
 10
-6.466
 20
4.63
 30
0.0
 10
-6.641
 20
4.814
 30
0.0
 10
-6.641
 20
4.814
 30
0.0
 10
-6.728
 20
4.915
 30
0.0
 10
-6.63
 20
5.04
 30
0.0
 10
-6.594
 20
5.141
 30
0.0
 10
-6.594
 20
5.141
 30
0.0
 10
-6.361
 20
5.109
 30
0.0
 10
-6.14
 20
5.024
 30
0.0
 10
-5.908
 20
4.991
 30
0.0
 10
-5.908
 20
4.991
 30
0.0
 10
-5.729
 20
4.978
 30
0.0
 10
-5.584
 20
5.106
 30
0.0
 10
-5.466
 20
5.225
 30
0.0
 10
-5.466
 20
5.225
 30
0.0
 10
-5.703
 20
5.352
 30
0.0
 10
-5.965
 20
5.453
 30
0.0
 10
-6.15
 20
5.656
 30
0.0
 10
-6.15
 20
5.656
 30
0.0
 10
-6.258
 20
5.769
 30
0.0
 10
-6.29
 20
5.93
 30
0.0
 10
-6.335
 20
6.074
 30
0.0
 10
-6.335
 20
6.074
 30
0.0
 10
-6.54
 20
6.122
 30
0.0
 10
-6.828
 20
6.087
 30
0.0
 10
-6.96
 20
6.293
 30
0.0
 10
-6.96
 20
6.293
 30
0.0
 10
-6.999
 20
6.536
 30
0.0
 10
-6.793
 20
6.728
 30
0.0
 10
-6.593
 20
6.826
 30
0.0
 10
-6.593
 20
6.826
 30
0.0
 10
-6.62
 20
7.07
 30
0.0
 10
-6.689
 20
7.334
 30
0.0
 10
-6.557
 20
7.561
 30
0.0
 10
-6.557
 20
7.561
 30
0.0
 10
-6.471
 20
7.69
 30
0.0
 10
-6.369
 20
7.806
 30
0.0
 10
-6.264
 20
7.919
 30
0.0
 10
-6.264
 20
7.919
 30
0.0
 10
-6.417
 20
7.924
 30
0.0
 10
-6.591
 20
7.933
 30
0.0
 10
-6.712
 20
7.821
 30
0.0
 10
-6.712
 20
7.821
 30
0.0
 10
-6.899
 20
7.678
 30
0.0
 10
-6.997
 20
7.46
 30
0.0
 10
-7.129
 20
7.272
 30
0.0
 10
-7.129
 20
7.272
 30
0.0
 10
-7.261
 20
7.305
 30
0.0
 10
-7.518
 20
7.371
 30
0.0
 10
-7.422
 20
7.579
 30
0.0
 10
-7.422
 20
7.579
 30
0.0
 10
-7.338
 20
7.783
 30
0.0
 10
-7.187
 20
7.947
 30
0.0
 10
-7.059
 20
8.124
 30
0.0
 10
-7.059
 20
8.124
 30
0.0
 10
-7.154
 20
8.114
 30
0.0
 10
-7.345
 20
8.094
 30
0.0
 10
-7.44
 20
8.084
 30
0.0
 10
-7.44
 20
8.084
 30
0.0
 10
-7.679
 20
7.942
 30
0.0
 10
-7.817
 20
7.686
 30
0.0
 10
-7.999
 20
7.482
 30
0.0
 10
-7.999
 20
7.482
 30
0.0
 10
-8.085
 20
7.493
 30
0.0
 10
-8.17
 20
7.505
 30
0.0
 10
-8.256
 20
7.516
 30
0.0
 10
-8.256
 20
7.516
 30
0.0
 10
-8.284
 20
7.725
 30
0.0
 10
-8.236
 20
7.926
 30
0.0
 10
-8.151
 20
8.116
 30
0.0
 10
-8.151
 20
8.116
 30
0.0
 10
-8.303
 20
8.293
 30
0.0
 10
-8.462
 20
8.549
 30
0.0
 10
-8.347
 20
8.787
 30
0.0
 10
-8.347
 20
8.787
 30
0.0
 10
-8.279
 20
8.977
 30
0.0
 10
-8.088
 20
9.059
 30
0.0
 10
-7.915
 20
9.125
 30
0.0
 10
-7.915
 20
9.125
 30
0.0
 10
-7.875
 20
9.302
 30
0.0
 10
-7.915
 20
9.526
 30
0.0
 10
-7.774
 20
9.667
 30
0.0
 10
-7.774
 20
9.667
 30
0.0
 10
-7.693
 20
9.672
 30
0.0
 10
-7.563
 20
9.708
 30
0.0
 10
-7.533
 20
9.604
 30
0.0
 10
-7.533
 20
9.604
 30
0.0
 10
-7.418
 20
9.342
 30
0.0
 10
-7.398
 20
9.041
 30
0.0
 10
-7.244
 20
8.797
 30
0.0
 10
-7.244
 20
8.797
 30
0.0
 10
-7.148
 20
8.715
 30
0.0
 10
-7.019
 20
8.696
 30
0.0
 10
-6.902
 20
8.662
 30
0.0
 10
-6.902
 20
8.662
 30
0.0
 10
-6.95
 20
8.922
 30
0.0
 10
-6.994
 20
9.183
 30
0.0
 10
-7.021
 20
9.446
 30
0.0
 10
-7.021
 20
9.446
 30
0.0
 10
-6.9
 20
9.47
 30
0.0
 10
-6.775
 20
9.472
 30
0.0
 10
-6.654
 20
9.451
 30
0.0
 10
-6.654
 20
9.451
 30
0.0
 10
-6.605
 20
9.176
 30
0.0
 10
-6.567
 20
8.896
 30
0.0
 10
-6.46
 20
8.636
 30
0.0
 10
-6.46
 20
8.636
 30
0.0
 10
-6.353
 20
8.6
 30
0.0
 10
-6.246
 20
8.563
 30
0.0
 10
-6.138
 20
8.527
 30
0.0
 10
-6.138
 20
8.527
 30
0.0
 10
-6.125
 20
8.855
 30
0.0
 10
-6.257
 20
9.233
 30
0.0
 10
-6.044
 20
9.52
 30
0.0
 10
-6.044
 20
9.52
 30
0.0
 10
-5.992
 20
9.605
 30
0.0
 10
-5.922
 20
9.676
 30
0.0
 10
-5.853
 20
9.745
 30
0.0
 10
-5.853
 20
9.745
 30
0.0
 10
-5.975
 20
9.948
 30
0.0
 10
-6.028
 20
10.18
 30
0.0
 10
-6.039
 20
10.416
 30
0.0
 10
-6.039
 20
10.416
 30
0.0
 10
-5.804
 20
10.477
 30
0.0
 10
-5.566
 20
10.462
 30
0.0
 10
-5.357
 20
10.328
 30
0.0
 10
-5.357
 20
10.328
 30
0.0
 10
-5.205
 20
10.471
 30
0.0
 10
-5.043
 20
10.637
 30
0.0
 10
-4.825
 20
10.667
 30
0.0
 10
-4.825
 20
10.667
 30
0.0
 10
-4.625
 20
10.685
 30
0.0
 10
-4.428
 20
10.63
 30
0.0
 10
-4.232
 20
10.597
 30
0.0
 10
-4.232
 20
10.597
 30
0.0
 10
-4.291
 20
10.729
 30
0.0
 10
-4.346
 20
10.888
 30
0.0
 10
-4.502
 20
10.934
 30
0.0
 10
-4.502
 20
10.934
 30
0.0
 10
-4.714
 20
11.025
 30
0.0
 10
-4.957
 20
10.97
 30
0.0
 10
-5.173
 20
11.044
 30
0.0
 10
-5.173
 20
11.044
 30
0.0
 10
-5.294
 20
11.1
 30
0.0
 10
-5.348
 20
11.276
 30
0.0
 10
-5.269
 20
11.387
 30
0.0
 10
-5.269
 20
11.387
 30
0.0
 10
-5.02
 20
11.483
 30
0.0
 10
-4.737
 20
11.404
 30
0.0
 10
-4.481
 20
11.386
 30
0.0
 10
-4.481
 20
11.386
 30
0.0
 10
-4.536
 20
11.507
 30
0.0
 10
-4.568
 20
11.664
 30
0.0
 10
-4.701
 20
11.725
 30
0.0
 10
-4.701
 20
11.725
 30
0.0
 10
-4.952
 20
11.828
 30
0.0
 10
-5.241
 20
11.784
 30
0.0
 10
-5.491
 20
11.89
 30
0.0
 10
-5.491
 20
11.89
 30
0.0
 10
-5.62
 20
11.952
 30
0.0
 10
-5.629
 20
12.148
 30
0.0
 10
-5.516
 20
12.23
 30
0.0
 10
-5.516
 20
12.23
 30
0.0
 10
-5.364
 20
12.273
 30
0.0
 10
-5.211
 20
12.309
 30
0.0
 10
-5.055
 20
12.337
 30
0.0
 10
-5.055
 20
12.337
 30
0.0
 10
-4.999
 20
12.517
 30
0.0
 10
-4.918
 20
12.707
 30
0.0
 10
-4.752
 20
12.81
 30
0.0
 10
-4.752
 20
12.81
 30
0.0
 10
-4.752
 20
12.81
 30
0.0
 10
-4.747
 20
12.808
 30
0.0
 10
-4.747
 20
12.808
 30
0.0
  0
SPLINE
  5
42
330
1F
100
AcDbEntity
  8
Camada 1
 62
   183
100
AcDbSpline
210
0.0
220
0.0
230
1.0
 70
    11
 71
     3
 72
    24
 73
    20
 74
     0
 42
0.0000000001
 43
0.0000000001
 12
1.0
 22
0.0
 32
0.0
 13
1.0
 23
0.0
 33
0.0
 40
0.0
 40
0.0
 40
0.0
 40
0.0
 40
0.1666666666666667
 40
0.1666666666666667
 40
0.1666666666666667
 40
0.1666666666666667
 40
0.3333333333333333
 40
0.3333333333333333
 40
0.3333333333333333
 40
0.3333333333333333
 40
0.5
 40
0.5
 40
0.5
 40
0.5
 40
0.6666666666666666
 40
0.6666666666666666
 40
0.6666666666666666
 40
0.6666666666666666
 40
1.0
 40
1.0
 40
1.0
 40
1.0
 10
5.762
 20
11.642
 30
0.0
 10
5.689
 20
11.469
 30
0.0
 10
5.798
 20
11.29
 30
0.0
 10
5.831
 20
11.119
 30
0.0
 10
5.831
 20
11.119
 30
0.0
 10
5.953
 20
11.175
 30
0.0
 10
6.082
 20
11.239
 30
0.0
 10
6.15
 20
11.362
 30
0.0
 10
6.15
 20
11.362
 30
0.0
 10
6.285
 20
11.552
 30
0.0
 10
6.19
 20
11.787
 30
0.0
 10
6.148
 20
11.992
 30
0.0
 10
6.148
 20
11.992
 30
0.0
 10
5.989
 20
11.918
 30
0.0
 10
5.834
 20
11.807
 30
0.0
 10
5.763
 20
11.642
 30
0.0
 10
5.763
 20
11.642
 30
0.0
 10
5.763
 20
11.642
 30
0.0
 10
5.762
 20
11.642
 30
0.0
 10
5.762
 20
11.642
 30
0.0
  0
SPLINE
  5
43
330
1F
100
AcDbEntity
  8
Camada 1
 62
   183
100
AcDbSpline
210
0.0
220
0.0
230
1.0
 70
    11
 71
     3
 72
    24
 73
    20
 74
     0
 42
0.0000000001
 43
0.0000000001
 12
1.0
 22
0.0
 32
0.0
 13
1.0
 23
0.0
 33
0.0
 40
0.0
 40
0.0
 40
0.0
 40
0.0
 40
0.1666666666666667
 40
0.1666666666666667
 40
0.1666666666666667
 40
0.1666666666666667
 40
0.3333333333333333
 40
0.3333333333333333
 40
0.3333333333333333
 40
0.3333333333333333
 40
0.5
 40
0.5
 40
0.5
 40
0.5
 40
0.6666666666666666
 40
0.6666666666666666
 40
0.6666666666666666
 40
0.6666666666666666
 40
1.0
 40
1.0
 40
1.0
 40
1.0
 10
2.934
 20
10.936
 30
0.0
 10
2.96
 20
10.809
 30
0.0
 10
2.989
 20
10.683
 30
0.0
 10
3.027
 20
10.56
 30
0.0
 10
3.027
 20
10.56
 30
0.0
 10
3.155
 20
10.354
 30
0.0
 10
3.406
 20
10.324
 30
0.0
 10
3.626
 20
10.318
 30
0.0
 10
3.626
 20
10.318
 30
0.0
 10
3.592
 20
10.469
 30
0.0
 10
3.601
 20
10.654
 30
0.0
 10
3.478
 20
10.77
 30
0.0
 10
3.478
 20
10.77
 30
0.0
 10
3.35
 20
10.936
 30
0.0
 10
3.122
 20
10.937
 30
0.0
 10
2.933
 20
10.936
 30
0.0
 10
2.933
 20
10.936
 30
0.0
 10
2.933
 20
10.936
 30
0.0
 10
2.934
 20
10.936
 30
0.0
 10
2.934
 20
10.936
 30
0.0
  0
SPLINE
  5
44
330
1F
100
AcDbEntity
  8
Camada 1
 62
   183
100
AcDbSpline
210
0.0
220
0.0
230
1.0
 70
    11
 71
     3
 72
    28
 73
    24
 74
     0
 42
0.0000000001
 43
0.0000000001
 12
1.0
 22
0.0
 32
0.0
 13
1.0
 23
0.0
 33
0.0
 40
0.0
 40
0.0
 40
0.0
 40
0.0
 40
0.1428571428571428
 40
0.1428571428571428
 40
0.1428571428571428
 40
0.1428571428571428
 40
0.2857142857142857
 40
0.2857142857142857
 40
0.2857142857142857
 40
0.2857142857142857
 40
0.4285714285714285
 40
0.4285714285714285
 40
0.4285714285714285
 40
0.4285714285714285
 40
0.5714285714285714
 40
0.5714285714285714
 40
0.5714285714285714
 40
0.5714285714285714
 40
0.7142857142857143
 40
0.7142857142857143
 40
0.7142857142857143
 40
0.7142857142857143
 40
1.0
 40
1.0
 40
1.0
 40
1.0
 10
4.757
 20
10.851
 30
0.0
 10
4.684
 20
10.6
 30
0.0
 10
4.608
 20
10.35
 30
0.0
 10
4.553
 20
10.094
 30
0.0
 10
4.553
 20
10.094
 30
0.0
 10
4.542
 20
10.038
 30
0.0
 10
4.528
 20
9.971
 30
0.0
 10
4.573
 20
9.924
 30
0.0
 10
4.573
 20
9.924
 30
0.0
 10
4.755
 20
9.713
 30
0.0
 10
4.982
 20
9.545
 30
0.0
 10
5.194
 20
9.366
 30
0.0
 10
5.194
 20
9.366
 30
0.0
 10
5.287
 20
9.662
 30
0.0
 10
5.355
 20
9.966
 30
0.0
 10
5.436
 20
10.265
 30
0.0
 10
5.436
 20
10.265
 30
0.0
 10
5.219
 20
10.47
 30
0.0
 10
4.999
 20
10.674
 30
0.0
 10
4.757
 20
10.851
 30
0.0
 10
4.757
 20
10.851
 30
0.0
 10
4.757
 20
10.851
 30
0.0
 10
4.757
 20
10.851
 30
0.0
 10
4.757
 20
10.851
 30
0.0
  0
SPLINE
  5
45
330
1F
100
AcDbEntity
  8
Camada 1
 62
   183
100
AcDbSpline
210
0.0
220
0.0
230
1.0
 70
    11
 71
     3
 72
    28
 73
    24
 74
     0
 42
0.0000000001
 43
0.0000000001
 12
1.0
 22
0.0
 32
0.0
 13
1.0
 23
0.0
 33
0.0
 40
0.0
 40
0.0
 40
0.0
 40
0.0
 40
0.1428571428571428
 40
0.1428571428571428
 40
0.1428571428571428
 40
0.1428571428571428
 40
0.2857142857142857
 40
0.2857142857142857
 40
0.2857142857142857
 40
0.2857142857142857
 40
0.4285714285714285
 40
0.4285714285714285
 40
0.4285714285714285
 40
0.4285714285714285
 40
0.5714285714285714
 40
0.5714285714285714
 40
0.5714285714285714
 40
0.5714285714285714
 40
0.7142857142857143
 40
0.7142857142857143
 40
0.7142857142857143
 40
0.7142857142857143
 40
1.0
 40
1.0
 40
1.0
 40
1.0
 10
-3.195
 20
10.545
 30
0.0
 10
-3.328
 20
10.352
 30
0.0
 10
-3.341
 20
10.106
 30
0.0
 10
-3.34
 20
9.879
 30
0.0
 10
-3.34
 20
9.879
 30
0.0
 10
-3.351
 20
9.36
 30
0.0
 10
-3.175
 20
8.835
 30
0.0
 10
-2.833
 20
8.441
 30
0.0
 10
-2.833
 20
8.441
 30
0.0
 10
-2.705
 20
9.015
 30
0.0
 10
-2.638
 20
9.601
 30
0.0
 10
-2.542
 20
10.18
 30
0.0
 10
-2.542
 20
10.18
 30
0.0
 10
-2.524
 20
10.328
 30
0.0
 10
-2.478
 20
10.508
 30
0.0
 10
-2.58
 20
10.638
 30
0.0
 10
-2.58
 20
10.638
 30
0.0
 10
-2.755
 20
10.793
 30
0.0
 10
-3.074
 20
10.748
 30
0.0
 10
-3.195
 20
10.545
 30
0.0
 10
-3.195
 20
10.545
 30
0.0
 10
-3.195
 20
10.545
 30
0.0
 10
-3.195
 20
10.545
 30
0.0
 10
-3.195
 20
10.545
 30
0.0
  0
SPLINE
  5
46
330
1F
100
AcDbEntity
  8
Camada 1
 62
   183
100
AcDbSpline
210
0.0
220
0.0
230
1.0
 70
    11
 71
     3
 72
    24
 73
    20
 74
     0
 42
0.0000000001
 43
0.0000000001
 12
1.0
 22
0.0
 32
0.0
 13
1.0
 23
0.0
 33
0.0
 40
0.0
 40
0.0
 40
0.0
 40
0.0
 40
0.1666666666666667
 40
0.1666666666666667
 40
0.1666666666666667
 40
0.1666666666666667
 40
0.3333333333333333
 40
0.3333333333333333
 40
0.3333333333333333
 40
0.3333333333333333
 40
0.5
 40
0.5
 40
0.5
 40
0.5
 40
0.6666666666666666
 40
0.6666666666666666
 40
0.6666666666666666
 40
0.6666666666666666
 40
1.0
 40
1.0
 40
1.0
 40
1.0
 10
-1.907
 20
10.588
 30
0.0
 10
-2.1
 20
10.272
 30
0.0
 10
-2.129
 20
9.897
 30
0.0
 10
-2.197
 20
9.542
 30
0.0
 10
-2.197
 20
9.542
 30
0.0
 10
-2.263
 20
9.154
 30
0.0
 10
-2.351
 20
8.769
 30
0.0
 10
-2.383
 20
8.376
 30
0.0
 10
-2.383
 20
8.376
 30
0.0
 10
-1.803
 20
8.809
 30
0.0
 10
-1.26
 20
9.487
 30
0.0
 10
-1.344
 20
10.253
 30
0.0
 10
-1.344
 20
10.253
 30
0.0
 10
-1.378
 20
10.514
 30
0.0
 10
-1.699
 20
10.562
 30
0.0
 10
-1.907
 20
10.588
 30
0.0
 10
-1.907
 20
10.588
 30
0.0
 10
-1.907
 20
10.588
 30
0.0
 10
-1.907
 20
10.588
 30
0.0
 10
-1.907
 20
10.588
 30
0.0
  0
SPLINE
  5
47
330
1F
100
AcDbEntity
  8
Camada 1
 62
   183
100
AcDbSpline
210
0.0
220
0.0
230
1.0
 70
    11
 71
     3
 72
    28
 73
    24
 74
     0
 42
0.0000000001
 43
0.0000000001
 12
1.0
 22
0.0
 32
0.0
 13
1.0
 23
0.0
 33
0.0
 40
0.0
 40
0.0
 40
0.0
 40
0.0
 40
0.1428571428571428
 40
0.1428571428571428
 40
0.1428571428571428
 40
0.1428571428571428
 40
0.2857142857142857
 40
0.2857142857142857
 40
0.2857142857142857
 40
0.2857142857142857
 40
0.4285714285714285
 40
0.4285714285714285
 40
0.4285714285714285
 40
0.4285714285714285
 40
0.5714285714285714
 40
0.5714285714285714
 40
0.5714285714285714
 40
0.5714285714285714
 40
0.7142857142857143
 40
0.7142857142857143
 40
0.7142857142857143
 40
0.7142857142857143
 40
1.0
 40
1.0
 40
1.0
 40
1.0
 10
-4.764
 20
10.247
 30
0.0
 10
-4.898
 20
10.173
 30
0.0
 10
-5.005
 20
10.033
 30
0.0
 10
-5.025
 20
9.879
 30
0.0
 10
-5.025
 20
9.879
 30
0.0
 10
-4.938
 20
9.666
 30
0.0
 10
-4.745
 20
9.53
 30
0.0
 10
-4.582
 20
9.378
 30
0.0
 10
-4.582
 20
9.378
 30
0.0
 10
-4.194
 20
9.044
 30
0.0
 10
-3.846
 20
8.667
 30
0.0
 10
-3.443
 20
8.351
 30
0.0
 10
-3.443
 20
8.351
 30
0.0
 10
-3.479
 20
8.925
 30
0.0
 10
-3.633
 20
9.526
 30
0.0
 10
-4.05
 20
9.946
 30
0.0
 10
-4.05
 20
9.946
 30
0.0
 10
-4.237
 20
10.127
 30
0.0
 10
-4.481
 20
10.342
 30
0.0
 10
-4.764
 20
10.248
 30
0.0
 10
-4.764
 20
10.248
 30
0.0
 10
-4.764
 20
10.248
 30
0.0
 10
-4.764
 20
10.247
 30
0.0
 10
-4.764
 20
10.247
 30
0.0
  0
SPLINE
  5
48
330
1F
100
AcDbEntity
  8
Camada 1
 62
   183
100
AcDbSpline
210
0.0
220
0.0
230
1.0
 70
    11
 71
     3
 72
    24
 73
    20
 74
     0
 42
0.0000000001
 43
0.0000000001
 12
1.0
 22
0.0
 32
0.0
 13
1.0
 23
0.0
 33
0.0
 40
0.0
 40
0.0
 40
0.0
 40
0.0
 40
0.1666666666666667
 40
0.1666666666666667
 40
0.1666666666666667
 40
0.1666666666666667
 40
0.3333333333333333
 40
0.3333333333333333
 40
0.3333333333333333
 40
0.3333333333333333
 40
0.5
 40
0.5
 40
0.5
 40
0.5
 40
0.6666666666666666
 40
0.6666666666666666
 40
0.6666666666666666
 40
0.6666666666666666
 40
1.0
 40
1.0
 40
1.0
 40
1.0
 10
5.876
 20
10.05
 30
0.0
 10
5.818
 20
9.758
 30
0.0
 10
5.76
 20
9.466
 30
0.0
 10
5.722
 20
9.17
 30
0.0
 10
5.722
 20
9.17
 30
0.0
 10
6.022
 20
9.251
 30
0.0
 10
6.32
 20
9.339
 30
0.0
 10
6.612
 20
9.447
 30
0.0
 10
6.612
 20
9.447
 30
0.0
 10
6.667
 20
9.723
 30
0.0
 10
6.719
 20
10.0
 30
0.0
 10
6.758
 20
10.279
 30
0.0
 10
6.758
 20
10.279
 30
0.0
 10
6.462
 20
10.21
 30
0.0
 10
6.17
 20
10.13
 30
0.0
 10
5.877
 20
10.05
 30
0.0
 10
5.877
 20
10.05
 30
0.0
 10
5.877
 20
10.05
 30
0.0
 10
5.876
 20
10.05
 30
0.0
 10
5.876
 20
10.05
 30
0.0
  0
SPLINE
  5
49
330
1F
100
AcDbEntity
  8
Camada 1
 62
   183
100
AcDbSpline
210
0.0
220
0.0
230
1.0
 70
    11
 71
     3
 72
    24
 73
    20
 74
     0
 42
0.0000000001
 43
0.0000000001
 12
1.0
 22
0.0
 32
0.0
 13
1.0
 23
0.0
 33
0.0
 40
0.0
 40
0.0
 40
0.0
 40
0.0
 40
0.1666666666666667
 40
0.1666666666666667
 40
0.1666666666666667
 40
0.1666666666666667
 40
0.3333333333333333
 40
0.3333333333333333
 40
0.3333333333333333
 40
0.3333333333333333
 40
0.5
 40
0.5
 40
0.5
 40
0.5
 40
0.6666666666666666
 40
0.6666666666666666
 40
0.6666666666666666
 40
0.6666666666666666
 40
1.0
 40
1.0
 40
1.0
 40
1.0
 10
7.878
 20
9.813
 30
0.0
 10
7.721
 20
9.748
 30
0.0
 10
7.634
 20
9.59
 30
0.0
 10
7.535
 20
9.46
 30
0.0
 10
7.535
 20
9.46
 30
0.0
 10
7.711
 20
9.413
 30
0.0
 10
7.893
 20
9.385
 30
0.0
 10
8.076
 20
9.403
 30
0.0
 10
8.076
 20
9.403
 30
0.0
 10
8.252
 20
9.452
 30
0.0
 10
8.347
 20
9.622
 30
0.0
 10
8.431
 20
9.771
 30
0.0
 10
8.431
 20
9.771
 30
0.0
 10
8.254
 20
9.827
 30
0.0
 10
8.061
 20
9.876
 30
0.0
 10
7.878
 20
9.813
 30
0.0
 10
7.878
 20
9.813
 30
0.0
 10
7.878
 20
9.813
 30
0.0
 10
7.878
 20
9.813
 30
0.0
 10
7.878
 20
9.813
 30
0.0
  0
SPLINE
  5
4A
330
1F
100
AcDbEntity
  8
Camada 1
 62
   183
100
AcDbSpline
210
0.0
220
0.0
230
1.0
 70
    11
 71
     3
 72
    24
 73
    20
 74
     0
 42
0.0000000001
 43
0.0000000001
 12
1.0
 22
0.0
 32
0.0
 13
1.0
 23
0.0
 33
0.0
 40
0.0
 40
0.0
 40
0.0
 40
0.0
 40
0.1666666666666667
 40
0.1666666666666667
 40
0.1666666666666667
 40
0.1666666666666667
 40
0.3333333333333333
 40
0.3333333333333333
 40
0.3333333333333333
 40
0.3333333333333333
 40
0.5
 40
0.5
 40
0.5
 40
0.5
 40
0.6666666666666666
 40
0.6666666666666666
 40
0.6666666666666666
 40
0.6666666666666666
 40
1.0
 40
1.0
 40
1.0
 40
1.0
 10
3.284
 20
9.208
 30
0.0
 10
3.49
 20
9.005
 30
0.0
 10
3.696
 20
8.802
 30
0.0
 10
3.903
 20
8.601
 30
0.0
 10
3.903
 20
8.601
 30
0.0
 10
4.212
 20
8.656
 30
0.0
 10
4.503
 20
8.772
 30
0.0
 10
4.794
 20
8.885
 30
0.0
 10
4.794
 20
8.885
 30
0.0
 10
4.593
 20
9.091
 30
0.0
 10
4.407
 20
9.322
 30
0.0
 10
4.163
 20
9.479
 30
0.0
 10
4.163
 20
9.479
 30
0.0
 10
3.854
 20
9.475
 30
0.0
 10
3.573
 20
9.299
 30
0.0
 10
3.283
 20
9.209
 30
0.0
 10
3.283
 20
9.209
 30
0.0
 10
3.283
 20
9.209
 30
0.0
 10
3.284
 20
9.208
 30
0.0
 10
3.284
 20
9.208
 30
0.0
  0
SPLINE
  5
4B
330
1F
100
AcDbEntity
  8
Camada 1
 62
   183
100
AcDbSpline
210
0.0
220
0.0
230
1.0
 70
    11
 71
     3
 72
    28
 73
    24
 74
     0
 42
0.0000000001
 43
0.0000000001
 12
1.0
 22
0.0
 32
0.0
 13
1.0
 23
0.0
 33
0.0
 40
0.0
 40
0.0
 40
0.0
 40
0.0
 40
0.1428571428571428
 40
0.1428571428571428
 40
0.1428571428571428
 40
0.1428571428571428
 40
0.2857142857142857
 40
0.2857142857142857
 40
0.2857142857142857
 40
0.2857142857142857
 40
0.4285714285714285
 40
0.4285714285714285
 40
0.4285714285714285
 40
0.4285714285714285
 40
0.5714285714285714
 40
0.5714285714285714
 40
0.5714285714285714
 40
0.5714285714285714
 40
0.7142857142857143
 40
0.7142857142857143
 40
0.7142857142857143
 40
0.7142857142857143
 40
1.0
 40
1.0
 40
1.0
 40
1.0
 10
-5.75
 20
8.883
 30
0.0
 10
-5.645
 20
8.639
 30
0.0
 10
-5.418
 20
8.474
 30
0.0
 10
-5.199
 20
8.341
 30
0.0
 10
-5.199
 20
8.341
 30
0.0
 10
-4.76
 20
8.099
 30
0.0
 10
-4.246
 20
7.972
 30
0.0
 10
-3.745
 20
8.04
 30
0.0
 10
-3.745
 20
8.04
 30
0.0
 10
-4.184
 20
8.446
 30
0.0
 10
-4.638
 20
8.835
 30
0.0
 10
-5.088
 20
9.228
 30
0.0
 10
-5.088
 20
9.228
 30
0.0
 10
-5.198
 20
9.302
 30
0.0
 10
-5.305
 20
9.435
 30
0.0
 10
-5.451
 20
9.417
 30
0.0
 10
-5.451
 20
9.417
 30
0.0
 10
-5.669
 20
9.358
 30
0.0
 10
-5.849
 20
9.111
 30
0.0
 10
-5.749
 20
8.882
 30
0.0
 10
-5.749
 20
8.882
 30
0.0
 10
-5.749
 20
8.882
 30
0.0
 10
-5.75
 20
8.883
 30
0.0
 10
-5.75
 20
8.883
 30
0.0
  0
SPLINE
  5
4C
330
1F
100
AcDbEntity
  8
Camada 1
 62
   183
100
AcDbSpline
210
0.0
220
0.0
230
1.0
 70
    11
 71
     3
 72
    28
 73
    24
 74
     0
 42
0.0000000001
 43
0.0000000001
 12
1.0
 22
0.0
 32
0.0
 13
1.0
 23
0.0
 33
0.0
 40
0.0
 40
0.0
 40
0.0
 40
0.0
 40
0.1428571428571428
 40
0.1428571428571428
 40
0.1428571428571428
 40
0.1428571428571428
 40
0.2857142857142857
 40
0.2857142857142857
 40
0.2857142857142857
 40
0.2857142857142857
 40
0.4285714285714285
 40
0.4285714285714285
 40
0.4285714285714285
 40
0.4285714285714285
 40
0.5714285714285714
 40
0.5714285714285714
 40
0.5714285714285714
 40
0.5714285714285714
 40
0.7142857142857143
 40
0.7142857142857143
 40
0.7142857142857143
 40
0.7142857142857143
 40
1.0
 40
1.0
 40
1.0
 40
1.0
 10
-1.363
 20
8.963
 30
0.0
 10
-1.699
 20
8.742
 30
0.0
 10
-1.939
 20
8.403
 30
0.0
 10
-2.126
 20
8.053
 30
0.0
 10
-2.126
 20
8.053
 30
0.0
 10
-1.479
 20
8.255
 30
0.0
 10
-0.826
 20
8.438
 30
0.0
 10
-0.19
 20
8.674
 30
0.0
 10
-0.19
 20
8.674
 30
0.0
 10
-0.084
 20
8.705
 30
0.0
 10
-0.043
 20
8.826
 30
0.0
 10
-0.055
 20
8.927
 30
0.0
 10
-0.055
 20
8.927
 30
0.0
 10
-0.02
 20
9.127
 30
0.0
 10
-0.199
 20
9.285
 30
0.0
 10
-0.38
 20
9.309
 30
0.0
 10
-0.38
 20
9.309
 30
0.0
 10
-0.74
 20
9.333
 30
0.0
 10
-1.076
 20
9.162
 30
0.0
 10
-1.363
 20
8.963
 30
0.0
 10
-1.363
 20
8.963
 30
0.0
 10
-1.363
 20
8.963
 30
0.0
 10
-1.363
 20
8.963
 30
0.0
 10
-1.363
 20
8.963
 30
0.0
  0
SPLINE
  5
4D
330
1F
100
AcDbEntity
  8
Camada 1
 62
   183
100
AcDbSpline
210
0.0
220
0.0
230
1.0
 70
    11
 71
     3
 72
    24
 73
    20
 74
     0
 42
0.0000000001
 43
0.0000000001
 12
1.0
 22
0.0
 32
0.0
 13
1.0
 23
0.0
 33
0.0
 40
0.0
 40
0.0
 40
0.0
 40
0.0
 40
0.1666666666666667
 40
0.1666666666666667
 40
0.1666666666666667
 40
0.1666666666666667
 40
0.3333333333333333
 40
0.3333333333333333
 40
0.3333333333333333
 40
0.3333333333333333
 40
0.5
 40
0.5
 40
0.5
 40
0.5
 40
0.6666666666666666
 40
0.6666666666666666
 40
0.6666666666666666
 40
0.6666666666666666
 40
1.0
 40
1.0
 40
1.0
 40
1.0
 10
6.007
 20
8.458
 30
0.0
 10
6.216
 20
8.243
 30
0.0
 10
6.43
 20
8.032
 30
0.0
 10
6.644
 20
7.821
 30
0.0
 10
6.644
 20
7.821
 30
0.0
 10
6.933
 20
7.92
 30
0.0
 10
7.222
 20
8.02
 30
0.0
 10
7.504
 20
8.135
 30
0.0
 10
7.504
 20
8.135
 30
0.0
 10
7.31
 20
8.363
 30
0.0
 10
7.079
 20
8.553
 30
0.0
 10
6.858
 20
8.754
 30
0.0
 10
6.858
 20
8.754
 30
0.0
 10
6.575
 20
8.652
 30
0.0
 10
6.291
 20
8.556
 30
0.0
 10
6.007
 20
8.458
 30
0.0
 10
6.007
 20
8.458
 30
0.0
 10
6.007
 20
8.458
 30
0.0
 10
6.007
 20
8.458
 30
0.0
 10
6.007
 20
8.458
 30
0.0
  0
SPLINE
  5
4E
330
1F
100
AcDbEntity
  8
Camada 1
 62
   183
100
AcDbSpline
210
0.0
220
0.0
230
1.0
 70
    11
 71
     3
 72
    24
 73
    20
 74
     0
 42
0.0000000001
 43
0.0000000001
 12
1.0
 22
0.0
 32
0.0
 13
1.0
 23
0.0
 33
0.0
 40
0.0
 40
0.0
 40
0.0
 40
0.0
 40
0.1666666666666667
 40
0.1666666666666667
 40
0.1666666666666667
 40
0.1666666666666667
 40
0.3333333333333333
 40
0.3333333333333333
 40
0.3333333333333333
 40
0.3333333333333333
 40
0.5
 40
0.5
 40
0.5
 40
0.5
 40
0.6666666666666666
 40
0.6666666666666666
 40
0.6666666666666666
 40
0.6666666666666666
 40
1.0
 40
1.0
 40
1.0
 40
1.0
 10
-0.246
 20
8.134
 30
0.0
 10
-0.832
 20
7.955
 30
0.0
 10
-1.426
 20
7.801
 30
0.0
 10
-2.008
 20
7.61
 30
0.0
 10
-2.008
 20
7.61
 30
0.0
 10
-1.397
 20
7.3
 30
0.0
 10
-0.663
 20
7.142
 30
0.0
 10
-0.013
 20
7.436
 30
0.0
 10
-0.013
 20
7.436
 30
0.0
 10
0.235
 20
7.518
 30
0.0
 10
0.408
 20
7.855
 30
0.0
 10
0.219
 20
8.075
 30
0.0
 10
0.219
 20
8.075
 30
0.0
 10
0.108
 20
8.226
 30
0.0
 10
-0.091
 20
8.173
 30
0.0
 10
-0.246
 20
8.134
 30
0.0
 10
-0.246
 20
8.134
 30
0.0
 10
-0.246
 20
8.134
 30
0.0
 10
-0.246
 20
8.134
 30
0.0
 10
-0.246
 20
8.134
 30
0.0
  0
SPLINE
  5
4F
330
1F
100
AcDbEntity
  8
Camada 1
 62
   183
100
AcDbSpline
210
0.0
220
0.0
230
1.0
 70
    11
 71
     3
 72
    28
 73
    24
 74
     0
 42
0.0000000001
 43
0.0000000001
 12
1.0
 22
0.0
 32
0.0
 13
1.0
 23
0.0
 33
0.0
 40
0.0
 40
0.0
 40
0.0
 40
0.0
 40
0.1428571428571428
 40
0.1428571428571428
 40
0.1428571428571428
 40
0.1428571428571428
 40
0.2857142857142857
 40
0.2857142857142857
 40
0.2857142857142857
 40
0.2857142857142857
 40
0.4285714285714285
 40
0.4285714285714285
 40
0.4285714285714285
 40
0.4285714285714285
 40
0.5714285714285714
 40
0.5714285714285714
 40
0.5714285714285714
 40
0.5714285714285714
 40
0.7142857142857143
 40
0.7142857142857143
 40
0.7142857142857143
 40
0.7142857142857143
 40
1.0
 40
1.0
 40
1.0
 40
1.0
 10
4.183
 20
7.902
 30
0.0
 10
4.138
 20
7.616
 30
0.0
 10
4.078
 20
7.333
 30
0.0
 10
4.027
 20
7.048
 30
0.0
 10
4.027
 20
7.048
 30
0.0
 10
4.275
 20
7.105
 30
0.0
 10
4.52
 20
7.178
 30
0.0
 10
4.765
 20
7.247
 30
0.0
 10
4.765
 20
7.247
 30
0.0
 10
4.826
 20
7.27
 30
0.0
 10
4.905
 20
7.293
 30
0.0
 10
4.922
 20
7.366
 30
0.0
 10
4.922
 20
7.366
 30
0.0
 10
5.006
 20
7.625
 30
0.0
 10
5.04
 20
7.897
 30
0.0
 10
5.092
 20
8.163
 30
0.0
 10
5.092
 20
8.163
 30
0.0
 10
4.785
 20
8.09
 30
0.0
 10
4.481
 20
8.005
 30
0.0
 10
4.182
 20
7.903
 30
0.0
 10
4.182
 20
7.903
 30
0.0
 10
4.182
 20
7.903
 30
0.0
 10
4.183
 20
7.902
 30
0.0
 10
4.183
 20
7.902
 30
0.0
  0
SPLINE
  5
50
330
1F
100
AcDbEntity
  8
Camada 1
 62
   183
100
AcDbSpline
210
0.0
220
0.0
230
1.0
 70
    11
 71
     3
 72
    20
 73
    16
 74
     0
 42
0.0000000001
 43
0.0000000001
 12
1.0
 22
0.0
 32
0.0
 13
1.0
 23
0.0
 33
0.0
 40
0.0
 40
0.0
 40
0.0
 40
0.0
 40
0.2
 40
0.2
 40
0.2
 40
0.2
 40
0.4
 40
0.4
 40
0.4
 40
0.4
 40
0.6
 40
0.6
 40
0.6
 40
0.6
 40
1.0
 40
1.0
 40
1.0
 40
1.0
 10
-3.008
 20
7.997
 30
0.0
 10
-3.32
 20
7.951
 30
0.0
 10
-3.504
 20
7.575
 30
0.0
 10
-3.335
 20
7.311
 30
0.0
 10
-3.335
 20
7.311
 30
0.0
 10
-3.151
 20
6.986
 30
0.0
 10
-2.596
 20
7.047
 30
0.0
 10
-2.492
 20
7.411
 30
0.0
 10
-2.492
 20
7.411
 30
0.0
 10
-2.334
 20
7.728
 30
0.0
 10
-2.683
 20
8.088
 30
0.0
 10
-3.008
 20
7.997
 30
0.0
 10
-3.008
 20
7.997
 30
0.0
 10
-3.008
 20
7.997
 30
0.0
 10
-3.008
 20
7.997
 30
0.0
 10
-3.008
 20
7.997
 30
0.0
  0
SPLINE
  5
51
330
1F
100
AcDbEntity
  8
Camada 1
 62
   183
100
AcDbSpline
210
0.0
220
0.0
230
1.0
 70
    11
 71
     3
 72
    24
 73
    20
 74
     0
 42
0.0000000001
 43
0.0000000001
 12
1.0
 22
0.0
 32
0.0
 13
1.0
 23
0.0
 33
0.0
 40
0.0
 40
0.0
 40
0.0
 40
0.0
 40
0.1666666666666667
 40
0.1666666666666667
 40
0.1666666666666667
 40
0.1666666666666667
 40
0.3333333333333333
 40
0.3333333333333333
 40
0.3333333333333333
 40
0.3333333333333333
 40
0.5
 40
0.5
 40
0.5
 40
0.5
 40
0.6666666666666666
 40
0.6666666666666666
 40
0.6666666666666666
 40
0.6666666666666666
 40
1.0
 40
1.0
 40
1.0
 40
1.0
 10
2.753
 20
7.952
 30
0.0
 10
2.574
 20
7.892
 30
0.0
 10
2.474
 20
7.719
 30
0.0
 10
2.355
 20
7.584
 30
0.0
 10
2.355
 20
7.584
 30
0.0
 10
2.526
 20
7.519
 30
0.0
 10
2.719
 20
7.456
 30
0.0
 10
2.901
 20
7.52
 30
0.0
 10
2.901
 20
7.52
 30
0.0
 10
3.051
 20
7.587
 30
0.0
 10
3.147
 20
7.732
 30
0.0
 10
3.256
 20
7.848
 30
0.0
 10
3.256
 20
7.848
 30
0.0
 10
3.103
 20
7.93
 30
0.0
 10
2.929
 20
7.999
 30
0.0
 10
2.753
 20
7.951
 30
0.0
 10
2.753
 20
7.951
 30
0.0
 10
2.753
 20
7.951
 30
0.0
 10
2.753
 20
7.952
 30
0.0
 10
2.753
 20
7.952
 30
0.0
  0
SPLINE
  5
52
330
1F
100
AcDbEntity
  8
Camada 1
 62
   183
100
AcDbSpline
210
0.0
220
0.0
230
1.0
 70
    11
 71
     3
 72
    28
 73
    24
 74
     0
 42
0.0000000001
 43
0.0000000001
 12
1.0
 22
0.0
 32
0.0
 13
1.0
 23
0.0
 33
0.0
 40
0.0
 40
0.0
 40
0.0
 40
0.0
 40
0.1428571428571428
 40
0.1428571428571428
 40
0.1428571428571428
 40
0.1428571428571428
 40
0.2857142857142857
 40
0.2857142857142857
 40
0.2857142857142857
 40
0.2857142857142857
 40
0.4285714285714285
 40
0.4285714285714285
 40
0.4285714285714285
 40
0.4285714285714285
 40
0.5714285714285714
 40
0.5714285714285714
 40
0.5714285714285714
 40
0.5714285714285714
 40
0.7142857142857143
 40
0.7142857142857143
 40
0.7142857142857143
 40
0.7142857142857143
 40
1.0
 40
1.0
 40
1.0
 40
1.0
 10
5.599
 20
7.982
 30
0.0
 10
5.528
 20
7.726
 30
0.0
 10
5.456
 20
7.469
 30
0.0
 10
5.395
 20
7.21
 30
0.0
 10
5.395
 20
7.21
 30
0.0
 10
5.381
 20
7.15
 30
0.0
 10
5.373
 20
7.081
 30
0.0
 10
5.42
 20
7.033
 30
0.0
 10
5.42
 20
7.033
 30
0.0
 10
5.6
 20
6.826
 30
0.0
 10
5.823
 20
6.66
 30
0.0
 10
6.026
 20
6.476
 30
0.0
 10
6.026
 20
6.476
 30
0.0
 10
6.129
 20
6.77
 30
0.0
 10
6.204
 20
7.072
 30
0.0
 10
6.285
 20
7.372
 30
0.0
 10
6.285
 20
7.372
 30
0.0
 10
6.059
 20
7.579
 30
0.0
 10
5.832
 20
7.784
 30
0.0
 10
5.599
 20
7.982
 30
0.0
 10
5.599
 20
7.982
 30
0.0
 10
5.599
 20
7.982
 30
0.0
 10
5.599
 20
7.982
 30
0.0
 10
5.599
 20
7.982
 30
0.0
  0
SPLINE
  5
53
330
1F
100
AcDbEntity
  8
Camada 1
 62
   183
100
AcDbSpline
210
0.0
220
0.0
230
1.0
 70
    11
 71
     3
 72
    28
 73
    24
 74
     0
 42
0.0000000001
 43
0.0000000001
 12
1.0
 22
0.0
 32
0.0
 13
1.0
 23
0.0
 33
0.0
 40
0.0
 40
0.0
 40
0.0
 40
0.0
 40
0.1428571428571428
 40
0.1428571428571428
 40
0.1428571428571428
 40
0.1428571428571428
 40
0.2857142857142857
 40
0.2857142857142857
 40
0.2857142857142857
 40
0.2857142857142857
 40
0.4285714285714285
 40
0.4285714285714285
 40
0.4285714285714285
 40
0.4285714285714285
 40
0.5714285714285714
 40
0.5714285714285714
 40
0.5714285714285714
 40
0.5714285714285714
 40
0.7142857142857143
 40
0.7142857142857143
 40
0.7142857142857143
 40
0.7142857142857143
 40
1.0
 40
1.0
 40
1.0
 40
1.0
 10
-6.153
 20
7.439
 30
0.0
 10
-6.314
 20
7.277
 30
0.0
 10
-6.217
 20
6.965
 30
0.0
 10
-6.015
 20
6.887
 30
0.0
 10
-6.015
 20
6.887
 30
0.0
 10
-5.853
 20
6.881
 30
0.0
 10
-5.694
 20
6.922
 30
0.0
 10
-5.539
 20
6.966
 30
0.0
 10
-5.539
 20
6.966
 30
0.0
 10
-5.002
 20
7.127
 30
0.0
 10
-4.462
 20
7.273
 30
0.0
 10
-3.926
 20
7.438
 30
0.0
 10
-3.926
 20
7.438
 30
0.0
 10
-4.344
 20
7.673
 30
0.0
 10
-4.833
 20
7.807
 30
0.0
 10
-5.314
 20
7.76
 30
0.0
 10
-5.314
 20
7.76
 30
0.0
 10
-5.616
 20
7.749
 30
0.0
 10
-5.945
 20
7.676
 30
0.0
 10
-6.153
 20
7.439
 30
0.0
 10
-6.153
 20
7.439
 30
0.0
 10
-6.153
 20
7.439
 30
0.0
 10
-6.153
 20
7.439
 30
0.0
 10
-6.153
 20
7.439
 30
0.0
  0
SPLINE
  5
54
330
1F
100
AcDbEntity
  8
Camada 1
 62
   183
100
AcDbSpline
210
0.0
220
0.0
230
1.0
 70
    11
 71
     3
 72
   196
 73
   192
 74
     0
 42
0.0000000001
 43
0.0000000001
 12
1.0
 22
0.0
 32
0.0
 13
1.0
 23
0.0
 33
0.0
 40
0.0
 40
0.0
 40
0.0
 40
0.0
 40
0.0204081632653061
 40
0.0204081632653061
 40
0.0204081632653061
 40
0.0204081632653061
 40
0.0408163265306122
 40
0.0408163265306122
 40
0.0408163265306122
 40
0.0408163265306122
 40
0.0612244897959184
 40
0.0612244897959184
 40
0.0612244897959184
 40
0.0612244897959184
 40
0.0816326530612245
 40
0.0816326530612245
 40
0.0816326530612245
 40
0.0816326530612245
 40
0.1020408163265306
 40
0.1020408163265306
 40
0.1020408163265306
 40
0.1020408163265306
 40
0.1224489795918367
 40
0.1224489795918367
 40
0.1224489795918367
 40
0.1224489795918367
 40
0.1428571428571428
 40
0.1428571428571428
 40
0.1428571428571428
 40
0.1428571428571428
 40
0.163265306122449
 40
0.163265306122449
 40
0.163265306122449
 40
0.163265306122449
 40
0.1836734693877551
 40
0.1836734693877551
 40
0.1836734693877551
 40
0.1836734693877551
 40
0.2040816326530612
 40
0.2040816326530612
 40
0.2040816326530612
 40
0.2040816326530612
 40
0.2244897959183673
 40
0.2244897959183673
 40
0.2244897959183673
 40
0.2244897959183673
 40
0.2448979591836735
 40
0.2448979591836735
 40
0.2448979591836735
 40
0.2448979591836735
 40
0.2653061224489796
 40
0.2653061224489796
 40
0.2653061224489796
 40
0.2653061224489796
 40
0.2857142857142857
 40
0.2857142857142857
 40
0.2857142857142857
 40
0.2857142857142857
 40
0.3061224489795918
 40
0.3061224489795918
 40
0.3061224489795918
 40
0.3061224489795918
 40
0.3265306122448979
 40
0.3265306122448979
 40
0.3265306122448979
 40
0.3265306122448979
 40
0.3469387755102041
 40
0.3469387755102041
 40
0.3469387755102041
 40
0.3469387755102041
 40
0.3673469387755102
 40
0.3673469387755102
 40
0.3673469387755102
 40
0.3673469387755102
 40
0.3877551020408163
 40
0.3877551020408163
 40
0.3877551020408163
 40
0.3877551020408163
 40
0.4081632653061225
 40
0.4081632653061225
 40
0.4081632653061225
 40
0.4081632653061225
 40
0.4285714285714285
 40
0.4285714285714285
 40
0.4285714285714285
 40
0.4285714285714285
 40
0.4489795918367347
 40
0.4489795918367347
 40
0.4489795918367347
 40
0.4489795918367347
 40
0.4693877551020408
 40
0.4693877551020408
 40
0.4693877551020408
 40
0.4693877551020408
 40
0.4897959183673469
 40
0.4897959183673469
 40
0.4897959183673469
 40
0.4897959183673469
 40
0.5102040816326531
 40
0.5102040816326531
 40
0.5102040816326531
 40
0.5102040816326531
 40
0.5306122448979592
 40
0.5306122448979592
 40
0.5306122448979592
 40
0.5306122448979592
 40
0.5510204081632653
 40
0.5510204081632653
 40
0.5510204081632653
 40
0.5510204081632653
 40
0.5714285714285714
 40
0.5714285714285714
 40
0.5714285714285714
 40
0.5714285714285714
 40
0.5918367346938775
 40
0.5918367346938775
 40
0.5918367346938775
 40
0.5918367346938775
 40
0.6122448979591837
 40
0.6122448979591837
 40
0.6122448979591837
 40
0.6122448979591837
 40
0.6326530612244898
 40
0.6326530612244898
 40
0.6326530612244898
 40
0.6326530612244898
 40
0.6530612244897959
 40
0.6530612244897959
 40
0.6530612244897959
 40
0.6530612244897959
 40
0.673469387755102
 40
0.673469387755102
 40
0.673469387755102
 40
0.673469387755102
 40
0.6938775510204082
 40
0.6938775510204082
 40
0.6938775510204082
 40
0.6938775510204082
 40
0.7142857142857143
 40
0.7142857142857143
 40
0.7142857142857143
 40
0.7142857142857143
 40
0.7346938775510204
 40
0.7346938775510204
 40
0.7346938775510204
 40
0.7346938775510204
 40
0.7551020408163265
 40
0.7551020408163265
 40
0.7551020408163265
 40
0.7551020408163265
 40
0.7755102040816326
 40
0.7755102040816326
 40
0.7755102040816326
 40
0.7755102040816326
 40
0.7959183673469388
 40
0.7959183673469388
 40
0.7959183673469388
 40
0.7959183673469388
 40
0.8163265306122449
 40
0.8163265306122449
 40
0.8163265306122449
 40
0.8163265306122449
 40
0.8367346938775511
 40
0.8367346938775511
 40
0.8367346938775511
 40
0.8367346938775511
 40
0.8571428571428571
 40
0.8571428571428571
 40
0.8571428571428571
 40
0.8571428571428571
 40
0.8775510204081632
 40
0.8775510204081632
 40
0.8775510204081632
 40
0.8775510204081632
 40
0.8979591836734694
 40
0.8979591836734694
 40
0.8979591836734694
 40
0.8979591836734694
 40
0.9183673469387755
 40
0.9183673469387755
 40
0.9183673469387755
 40
0.9183673469387755
 40
0.9387755102040817
 40
0.9387755102040817
 40
0.9387755102040817
 40
0.9387755102040817
 40
0.9591836734693877
 40
0.9591836734693877
 40
0.9591836734693877
 40
0.9591836734693877
 40
1.0
 40
1.0
 40
1.0
 40
1.0
 10
3.549
 20
7.689
 30
0.0
 10
3.458
 20
7.459
 30
0.0
 10
3.368
 20
7.194
 30
0.0
 10
3.112
 20
7.1
 30
0.0
 10
3.112
 20
7.1
 30
0.0
 10
2.848
 20
6.989
 30
0.0
 10
2.561
 20
7.094
 30
0.0
 10
2.355
 20
7.266
 30
0.0
 10
2.355
 20
7.266
 30
0.0
 10
2.31
 20
7.16
 30
0.0
 10
2.263
 20
7.056
 30
0.0
 10
2.211
 20
6.953
 30
0.0
 10
2.211
 20
6.953
 30
0.0
 10
2.352
 20
6.748
 30
0.0
 10
2.551
 20
6.51
 30
0.0
 10
2.415
 20
6.245
 30
0.0
 10
2.415
 20
6.245
 30
0.0
 10
2.35
 20
6.05
 30
0.0
 10
2.144
 20
5.993
 30
0.0
 10
1.969
 20
5.944
 30
0.0
 10
1.969
 20
5.944
 30
0.0
 10
1.953
 20
5.797
 30
0.0
 10
1.952
 20
5.647
 30
0.0
 10
1.922
 20
5.501
 30
0.0
 10
1.922
 20
5.501
 30
0.0
 10
1.901
 20
5.36
 30
0.0
 10
1.678
 20
5.311
 30
0.0
 10
1.609
 20
5.443
 30
0.0
 10
1.609
 20
5.443
 30
0.0
 10
1.496
 20
5.671
 30
0.0
 10
1.481
 20
5.935
 30
0.0
 10
1.376
 20
6.166
 30
0.0
 10
1.376
 20
6.166
 30
0.0
 10
1.29
 20
6.325
 30
0.0
 10
1.095
 20
6.361
 30
0.0
 10
0.937
 20
6.408
 30
0.0
 10
0.937
 20
6.408
 30
0.0
 10
1.032
 20
6.157
 30
0.0
 10
1.084
 20
5.893
 30
0.0
 10
1.094
 20
5.624
 30
0.0
 10
1.094
 20
5.624
 30
0.0
 10
0.996
 20
5.603
 30
0.0
 10
0.894
 20
5.59
 30
0.0
 10
0.794
 20
5.585
 30
0.0
 10
0.794
 20
5.585
 30
0.0
 10
0.613
 20
5.814
 30
0.0
 10
0.693
 20
6.16
 30
0.0
 10
0.509
 20
6.39
 30
0.0
 10
0.509
 20
6.39
 30
0.0
 10
0.426
 20
6.495
 30
0.0
 10
0.279
 20
6.513
 30
0.0
 10
0.163
 20
6.558
 30
0.0
 10
0.163
 20
6.558
 30
0.0
 10
0.181
 20
6.298
 30
0.0
 10
0.197
 20
6.036
 30
0.0
 10
0.167
 20
5.776
 30
0.0
 10
0.167
 20
5.776
 30
0.0
 10
0.137
 20
5.605
 30
0.0
 10
-0.004
 20
5.488
 30
0.0
 10
-0.113
 20
5.365
 30
0.0
 10
-0.113
 20
5.365
 30
0.0
 10
0.003
 20
5.166
 30
0.0
 10
0.108
 20
4.955
 30
0.0
 10
0.113
 20
4.719
 30
0.0
 10
0.113
 20
4.719
 30
0.0
 10
-0.116
 20
4.64
 30
0.0
 10
-0.376
 20
4.657
 30
0.0
 10
-0.58
 20
4.794
 30
0.0
 10
-0.58
 20
4.794
 30
0.0
 10
-0.708
 20
4.661
 30
0.0
 10
-0.852
 20
4.536
 30
0.0
 10
-1.021
 20
4.458
 30
0.0
 10
-1.021
 20
4.458
 30
0.0
 10
-1.246
 20
4.383
 30
0.0
 10
-1.489
 20
4.442
 30
0.0
 10
-1.712
 20
4.5
 30
0.0
 10
-1.712
 20
4.5
 30
0.0
 10
-1.598
 20
4.138
 30
0.0
 10
-1.155
 20
4.072
 30
0.0
 10
-0.83
 20
4.091
 30
0.0
 10
-0.83
 20
4.091
 30
0.0
 10
-0.711
 20
4.128
 30
0.0
 10
-0.605
 20
4.204
 30
0.0
 10
-0.481
 20
4.224
 30
0.0
 10
-0.481
 20
4.224
 30
0.0
 10
-0.24
 20
4.157
 30
0.0
 10
-0.018
 20
4.033
 30
0.0
 10
0.207
 20
3.925
 30
0.0
 10
0.207
 20
3.925
 30
0.0
 10
0.226
 20
4.119
 30
0.0
 10
0.241
 20
4.313
 30
0.0
 10
0.262
 20
4.507
 30
0.0
 10
0.262
 20
4.507
 30
0.0
 10
0.387
 20
4.479
 30
0.0
 10
0.567
 20
4.448
 30
0.0
 10
0.598
 20
4.295
 30
0.0
 10
0.598
 20
4.295
 30
0.0
 10
0.634
 20
4.088
 30
0.0
 10
0.61
 20
3.876
 30
0.0
 10
0.621
 20
3.667
 30
0.0
 10
0.621
 20
3.667
 30
0.0
 10
0.708
 20
3.634
 30
0.0
 10
0.795
 20
3.601
 30
0.0
 10
0.882
 20
3.57
 30
0.0
 10
0.882
 20
3.57
 30
0.0
 10
0.886
 20
3.758
 30
0.0
 10
0.87
 20
3.948
 30
0.0
 10
0.892
 20
4.135
 30
0.0
 10
0.892
 20
4.135
 30
0.0
 10
0.897
 20
4.254
 30
0.0
 10
1.073
 20
4.255
 30
0.0
 10
1.136
 20
4.308
 30
0.0
 10
1.136
 20
4.308
 30
0.0
 10
1.216
 20
4.066
 30
0.0
 10
1.241
 20
3.811
 30
0.0
 10
1.267
 20
3.559
 30
0.0
 10
1.267
 20
3.559
 30
0.0
 10
1.502
 20
3.644
 30
0.0
 10
1.736
 20
3.73
 30
0.0
 10
1.97
 20
3.819
 30
0.0
 10
1.97
 20
3.819
 30
0.0
 10
1.83
 20
3.977
 30
0.0
 10
1.669
 20
4.112
 30
0.0
 10
1.516
 20
4.256
 30
0.0
 10
1.516
 20
4.256
 30
0.0
 10
1.409
 20
4.327
 30
0.0
 10
1.479
 20
4.48
 30
0.0
 10
1.473
 20
4.573
 30
0.0
 10
1.473
 20
4.573
 30
0.0
 10
1.545
 20
4.86
 30
0.0
 10
2.057
 20
4.827
 30
0.0
 10
2.062
 20
4.508
 30
0.0
 10
2.062
 20
4.508
 30
0.0
 10
2.072
 20
4.331
 30
0.0
 10
2.089
 20
4.15
 30
0.0
 10
2.197
 20
4.002
 30
0.0
 10
2.197
 20
4.002
 30
0.0
 10
2.375
 20
4.191
 30
0.0
 10
2.544
 20
4.39
 30
0.0
 10
2.709
 20
4.591
 30
0.0
 10
2.709
 20
4.591
 30
0.0
 10
2.509
 20
4.703
 30
0.0
 10
2.25
 20
4.765
 30
0.0
 10
2.142
 20
4.986
 30
0.0
 10
2.142
 20
4.986
 30
0.0
 10
2.089
 20
5.088
 30
0.0
 10
2.217
 20
5.163
 30
0.0
 10
2.305
 20
5.171
 30
0.0
 10
2.305
 20
5.171
 30
0.0
 10
2.507
 20
5.135
 30
0.0
 10
2.681
 20
5.014
 30
0.0
 10
2.868
 20
4.932
 30
0.0
 10
2.868
 20
4.932
 30
0.0
 10
2.869
 20
4.997
 30
0.0
 10
2.872
 20
5.126
 30
0.0
 10
2.873
 20
5.191
 30
0.0
 10
2.873
 20
5.191
 30
0.0
 10
2.645
 20
5.312
 30
0.0
 10
2.4
 20
5.407
 30
0.0
 10
2.215
 20
5.593
 30
0.0
 10
2.215
 20
5.593
 30
0.0
 10
2.236
 20
5.687
 30
0.0
 10
2.257
 20
5.781
 30
0.0
 10
2.278
 20
5.875
 30
0.0
 10
2.278
 20
5.875
 30
0.0
 10
2.464
 20
5.831
 30
0.0
 10
2.642
 20
5.761
 30
0.0
 10
2.82
 20
5.692
 30
0.0
 10
2.82
 20
5.692
 30
0.0
 10
2.83
 20
5.943
 30
0.0
 10
2.83
 20
6.195
 30
0.0
 10
2.854
 20
6.446
 30
0.0
 10
2.854
 20
6.446
 30
0.0
 10
2.942
 20
6.603
 30
0.0
 10
3.168
 20
6.517
 30
0.0
 10
3.29
 20
6.636
 30
0.0
 10
3.29
 20
6.636
 30
0.0
 10
3.441
 20
6.764
 30
0.0
 10
3.714
 20
6.829
 30
0.0
 10
3.655
 20
7.09
 30
0.0
 10
3.655
 20
7.09
 30
0.0
 10
3.679
 20
7.298
 30
0.0
 10
3.689
 20
7.507
 30
0.0
 10
3.703
 20
7.716
 30
0.0
 10
3.703
 20
7.716
 30
0.0
 10
3.652
 20
7.707
 30
0.0
 10
3.601
 20
7.698
 30
0.0
 10
3.55
 20
7.688
 30
0.0
 10
3.55
 20
7.688
 30
0.0
 10
3.55
 20
7.688
 30
0.0
 10
3.549
 20
7.689
 30
0.0
 10
3.549
 20
7.689
 30
0.0
  0
SPLINE
  5
55
330
1F
100
AcDbEntity
  8
Camada 1
 62
   183
100
AcDbSpline
210
0.0
220
0.0
230
1.0
 70
    11
 71
     3
 72
    24
 73
    20
 74
     0
 42
0.0000000001
 43
0.0000000001
 12
1.0
 22
0.0
 32
0.0
 13
1.0
 23
0.0
 33
0.0
 40
0.0
 40
0.0
 40
0.0
 40
0.0
 40
0.1666666666666667
 40
0.1666666666666667
 40
0.1666666666666667
 40
0.1666666666666667
 40
0.3333333333333333
 40
0.3333333333333333
 40
0.3333333333333333
 40
0.3333333333333333
 40
0.5
 40
0.5
 40
0.5
 40
0.5
 40
0.6666666666666666
 40
0.6666666666666666
 40
0.6666666666666666
 40
0.6666666666666666
 40
1.0
 40
1.0
 40
1.0
 40
1.0
 10
-2.256
 20
7.056
 30
0.0
 10
-1.744
 20
6.612
 30
0.0
 10
-1.24
 20
6.154
 30
0.0
 10
-0.701
 20
5.744
 30
0.0
 10
-0.701
 20
5.744
 30
0.0
 10
-0.43
 20
5.594
 30
0.0
 10
-0.157
 20
5.903
 30
0.0
 10
-0.202
 20
6.17
 30
0.0
 10
-0.202
 20
6.17
 30
0.0
 10
-0.276
 20
6.381
 30
0.0
 10
-0.43
 20
6.557
 30
0.0
 10
-0.623
 20
6.668
 30
0.0
 10
-0.623
 20
6.668
 30
0.0
 10
-1.094
 20
7.002
 30
0.0
 10
-1.69
 20
7.095
 30
0.0
 10
-2.256
 20
7.057
 30
0.0
 10
-2.256
 20
7.057
 30
0.0
 10
-2.256
 20
7.057
 30
0.0
 10
-2.256
 20
7.056
 30
0.0
 10
-2.256
 20
7.056
 30
0.0
  0
SPLINE
  5
56
330
1F
100
AcDbEntity
  8
Camada 1
 62
   183
100
AcDbSpline
210
0.0
220
0.0
230
1.0
 70
    11
 71
     3
 72
    24
 73
    20
 74
     0
 42
0.0000000001
 43
0.0000000001
 12
1.0
 22
0.0
 32
0.0
 13
1.0
 23
0.0
 33
0.0
 40
0.0
 40
0.0
 40
0.0
 40
0.0
 40
0.1666666666666667
 40
0.1666666666666667
 40
0.1666666666666667
 40
0.1666666666666667
 40
0.3333333333333333
 40
0.3333333333333333
 40
0.3333333333333333
 40
0.3333333333333333
 40
0.5
 40
0.5
 40
0.5
 40
0.5
 40
0.6666666666666666
 40
0.6666666666666666
 40
0.6666666666666666
 40
0.6666666666666666
 40
1.0
 40
1.0
 40
1.0
 40
1.0
 10
7.173
 20
7.02
 30
0.0
 10
7.21
 20
6.882
 30
0.0
 10
7.217
 20
6.731
 30
0.0
 10
7.286
 20
6.603
 30
0.0
 10
7.286
 20
6.603
 30
0.0
 10
7.403
 20
6.446
 30
0.0
 10
7.616
 20
6.396
 30
0.0
 10
7.802
 20
6.394
 30
0.0
 10
7.802
 20
6.394
 30
0.0
 10
7.904
 20
6.441
 30
0.0
 10
7.796
 20
6.591
 30
0.0
 10
7.829
 20
6.655
 30
0.0
 10
7.829
 20
6.655
 30
0.0
 10
7.764
 20
6.942
 30
0.0
 10
7.435
 20
7.048
 30
0.0
 10
7.173
 20
7.02
 30
0.0
 10
7.173
 20
7.02
 30
0.0
 10
7.173
 20
7.02
 30
0.0
 10
7.173
 20
7.02
 30
0.0
 10
7.173
 20
7.02
 30
0.0
  0
SPLINE
  5
57
330
1F
100
AcDbEntity
  8
Camada 1
 62
   183
100
AcDbSpline
210
0.0
220
0.0
230
1.0
 70
    11
 71
     3
 72
    24
 73
    20
 74
     0
 42
0.0000000001
 43
0.0000000001
 12
1.0
 22
0.0
 32
0.0
 13
1.0
 23
0.0
 33
0.0
 40
0.0
 40
0.0
 40
0.0
 40
0.0
 40
0.1666666666666667
 40
0.1666666666666667
 40
0.1666666666666667
 40
0.1666666666666667
 40
0.3333333333333333
 40
0.3333333333333333
 40
0.3333333333333333
 40
0.3333333333333333
 40
0.5
 40
0.5
 40
0.5
 40
0.5
 40
0.6666666666666666
 40
0.6666666666666666
 40
0.6666666666666666
 40
0.6666666666666666
 40
1.0
 40
1.0
 40
1.0
 40
1.0
 10
-5.71
 20
6.397
 30
0.0
 10
-5.912
 20
6.326
 30
0.0
 10
-5.93
 20
6.038
 30
0.0
 10
-5.817
 20
5.884
 30
0.0
 10
-5.817
 20
5.884
 30
0.0
 10
-5.635
 20
5.695
 30
0.0
 10
-5.352
 20
5.746
 30
0.0
 10
-5.123
 20
5.807
 30
0.0
 10
-5.123
 20
5.807
 30
0.0
 10
-4.536
 20
5.994
 30
0.0
 10
-4.085
 20
6.471
 30
0.0
 10
-3.79
 20
6.998
 30
0.0
 10
-3.79
 20
6.998
 30
0.0
 10
-4.441
 20
6.835
 30
0.0
 10
-5.076
 20
6.613
 30
0.0
 10
-5.709
 20
6.397
 30
0.0
 10
-5.709
 20
6.397
 30
0.0
 10
-5.709
 20
6.397
 30
0.0
 10
-5.71
 20
6.397
 30
0.0
 10
-5.71
 20
6.397
 30
0.0
  0
SPLINE
  5
58
330
1F
100
AcDbEntity
  8
Camada 1
 62
   183
100
AcDbSpline
210
0.0
220
0.0
230
1.0
 70
    11
 71
     3
 72
    24
 73
    20
 74
     0
 42
0.0000000001
 43
0.0000000001
 12
1.0
 22
0.0
 32
0.0
 13
1.0
 23
0.0
 33
0.0
 40
0.0
 40
0.0
 40
0.0
 40
0.0
 40
0.1666666666666667
 40
0.1666666666666667
 40
0.1666666666666667
 40
0.1666666666666667
 40
0.3333333333333333
 40
0.3333333333333333
 40
0.3333333333333333
 40
0.3333333333333333
 40
0.5
 40
0.5
 40
0.5
 40
0.5
 40
0.6666666666666666
 40
0.6666666666666666
 40
0.6666666666666666
 40
0.6666666666666666
 40
1.0
 40
1.0
 40
1.0
 40
1.0
 10
-2.532
 20
6.718
 30
0.0
 10
-2.489
 20
6.072
 30
0.0
 10
-2.266
 20
5.368
 30
0.0
 10
-1.71
 20
4.981
 30
0.0
 10
-1.71
 20
4.981
 30
0.0
 10
-1.548
 20
4.836
 30
0.0
 10
-1.267
 20
4.765
 30
0.0
 10
-1.085
 20
4.913
 30
0.0
 10
-1.085
 20
4.913
 30
0.0
 10
-0.952
 20
5.029
 30
0.0
 10
-0.87
 20
5.282
 30
0.0
 10
-1.039
 20
5.403
 30
0.0
 10
-1.039
 20
5.403
 30
0.0
 10
-1.524
 20
5.854
 30
0.0
 10
-2.019
 20
6.298
 30
0.0
 10
-2.531
 20
6.718
 30
0.0
 10
-2.531
 20
6.718
 30
0.0
 10
-2.531
 20
6.718
 30
0.0
 10
-2.532
 20
6.718
 30
0.0
 10
-2.532
 20
6.718
 30
0.0
  0
SPLINE
  5
59
330
1F
100
AcDbEntity
  8
Camada 1
 62
   183
100
AcDbSpline
210
0.0
220
0.0
230
1.0
 70
    11
 71
     3
 72
    76
 73
    72
 74
     0
 42
0.0000000001
 43
0.0000000001
 12
1.0
 22
0.0
 32
0.0
 13
1.0
 23
0.0
 33
0.0
 40
0.0
 40
0.0
 40
0.0
 40
0.0
 40
0.0526315789473684
 40
0.0526315789473684
 40
0.0526315789473684
 40
0.0526315789473684
 40
0.1052631578947368
 40
0.1052631578947368
 40
0.1052631578947368
 40
0.1052631578947368
 40
0.1578947368421053
 40
0.1578947368421053
 40
0.1578947368421053
 40
0.1578947368421053
 40
0.2105263157894737
 40
0.2105263157894737
 40
0.2105263157894737
 40
0.2105263157894737
 40
0.2631578947368421
 40
0.2631578947368421
 40
0.2631578947368421
 40
0.2631578947368421
 40
0.3157894736842105
 40
0.3157894736842105
 40
0.3157894736842105
 40
0.3157894736842105
 40
0.3684210526315789
 40
0.3684210526315789
 40
0.3684210526315789
 40
0.3684210526315789
 40
0.4210526315789473
 40
0.4210526315789473
 40
0.4210526315789473
 40
0.4210526315789473
 40
0.4736842105263158
 40
0.4736842105263158
 40
0.4736842105263158
 40
0.4736842105263158
 40
0.5263157894736842
 40
0.5263157894736842
 40
0.5263157894736842
 40
0.5263157894736842
 40
0.5789473684210527
 40
0.5789473684210527
 40
0.5789473684210527
 40
0.5789473684210527
 40
0.631578947368421
 40
0.631578947368421
 40
0.631578947368421
 40
0.631578947368421
 40
0.6842105263157895
 40
0.6842105263157895
 40
0.6842105263157895
 40
0.6842105263157895
 40
0.7368421052631579
 40
0.7368421052631579
 40
0.7368421052631579
 40
0.7368421052631579
 40
0.7894736842105263
 40
0.7894736842105263
 40
0.7894736842105263
 40
0.7894736842105263
 40
0.8421052631578947
 40
0.8421052631578947
 40
0.8421052631578947
 40
0.8421052631578947
 40
0.8947368421052632
 40
0.8947368421052632
 40
0.8947368421052632
 40
0.8947368421052632
 40
1.0
 40
1.0
 40
1.0
 40
1.0
 10
3.952
 20
6.558
 30
0.0
 10
3.918
 20
6.412
 30
0.0
 10
3.932
 20
6.23
 30
0.0
 10
3.8
 20
6.131
 30
0.0
 10
3.8
 20
6.131
 30
0.0
 10
3.664
 20
6.026
 30
0.0
 10
3.485
 20
6.111
 30
0.0
 10
3.331
 20
6.128
 30
0.0
 10
3.331
 20
6.128
 30
0.0
 10
3.333
 20
5.989
 30
0.0
 10
3.335
 20
5.849
 30
0.0
 10
3.337
 20
5.71
 30
0.0
 10
3.337
 20
5.71
 30
0.0
 10
3.523
 20
5.806
 30
0.0
 10
3.705
 20
5.914
 30
0.0
 10
3.911
 20
5.966
 30
0.0
 10
3.911
 20
5.966
 30
0.0
 10
3.937
 20
5.854
 30
0.0
 10
3.957
 20
5.741
 30
0.0
 10
3.954
 20
5.624
 30
0.0
 10
3.954
 20
5.624
 30
0.0
 10
3.799
 20
5.443
 30
0.0
 10
3.569
 20
5.342
 30
0.0
 10
3.371
 20
5.217
 30
0.0
 10
3.371
 20
5.217
 30
0.0
 10
3.372
 20
5.153
 30
0.0
 10
3.375
 20
5.026
 30
0.0
 10
3.376
 20
4.963
 30
0.0
 10
3.376
 20
4.963
 30
0.0
 10
3.556
 20
5.053
 30
0.0
 10
3.719
 20
5.181
 30
0.0
 10
3.911
 20
5.245
 30
0.0
 10
3.911
 20
5.245
 30
0.0
 10
4.037
 20
5.285
 30
0.0
 10
4.165
 20
5.149
 30
0.0
 10
4.137
 20
5.025
 30
0.0
 10
4.137
 20
5.025
 30
0.0
 10
3.988
 20
4.857
 30
0.0
 10
3.787
 20
4.748
 30
0.0
 10
3.603
 20
4.625
 30
0.0
 10
3.603
 20
4.625
 30
0.0
 10
3.773
 20
4.449
 30
0.0
 10
3.947
 20
4.276
 30
0.0
 10
4.124
 20
4.106
 30
0.0
 10
4.124
 20
4.106
 30
0.0
 10
4.18
 20
4.204
 30
0.0
 10
4.258
 20
4.303
 30
0.0
 10
4.249
 20
4.422
 30
0.0
 10
4.249
 20
4.422
 30
0.0
 10
4.242
 20
4.59
 30
0.0
 10
4.253
 20
4.76
 30
0.0
 10
4.336
 20
4.911
 30
0.0
 10
4.336
 20
4.911
 30
0.0
 10
4.376
 20
5.099
 30
0.0
 10
4.396
 20
5.31
 30
0.0
 10
4.309
 20
5.488
 30
0.0
 10
4.309
 20
5.488
 30
0.0
 10
4.235
 20
5.67
 30
0.0
 10
4.138
 20
5.871
 30
0.0
 10
4.217
 20
6.068
 30
0.0
 10
4.217
 20
6.068
 30
0.0
 10
4.291
 20
6.373
 30
0.0
 10
4.679
 20
6.41
 30
0.0
 10
4.774
 20
6.7
 30
0.0
 10
4.774
 20
6.7
 30
0.0
 10
4.499
 20
6.659
 30
0.0
 10
4.226
 20
6.607
 30
0.0
 10
3.953
 20
6.559
 30
0.0
 10
3.953
 20
6.559
 30
0.0
 10
3.953
 20
6.559
 30
0.0
 10
3.952
 20
6.558
 30
0.0
 10
3.952
 20
6.558
 30
0.0
  0
SPLINE
  5
5A
330
1F
100
AcDbEntity
  8
Camada 1
 62
   183
100
AcDbSpline
210
0.0
220
0.0
230
1.0
 70
    11
 71
     3
 72
    28
 73
    24
 74
     0
 42
0.0000000001
 43
0.0000000001
 12
1.0
 22
0.0
 32
0.0
 13
1.0
 23
0.0
 33
0.0
 40
0.0
 40
0.0
 40
0.0
 40
0.0
 40
0.1428571428571428
 40
0.1428571428571428
 40
0.1428571428571428
 40
0.1428571428571428
 40
0.2857142857142857
 40
0.2857142857142857
 40
0.2857142857142857
 40
0.2857142857142857
 40
0.4285714285714285
 40
0.4285714285714285
 40
0.4285714285714285
 40
0.4285714285714285
 40
0.5714285714285714
 40
0.5714285714285714
 40
0.5714285714285714
 40
0.5714285714285714
 40
0.7142857142857143
 40
0.7142857142857143
 40
0.7142857142857143
 40
0.7142857142857143
 40
1.0
 40
1.0
 40
1.0
 40
1.0
 10
-3.541
 20
6.684
 30
0.0
 10
-3.993
 20
6.345
 30
0.0
 10
-4.39
 20
5.897
 30
0.0
 10
-4.548
 20
5.344
 30
0.0
 10
-4.548
 20
5.344
 30
0.0
 10
-4.591
 20
5.127
 30
0.0
 10
-4.656
 20
4.867
 30
0.0
 10
-4.53
 20
4.666
 30
0.0
 10
-4.53
 20
4.666
 30
0.0
 10
-4.411
 20
4.485
 30
0.0
 10
-4.155
 20
4.492
 30
0.0
 10
-3.974
 20
4.559
 30
0.0
 10
-3.974
 20
4.559
 30
0.0
 10
-3.864
 20
4.74
 30
0.0
 10
-3.844
 20
4.957
 30
0.0
 10
-3.799
 20
5.159
 30
0.0
 10
-3.799
 20
5.159
 30
0.0
 10
-3.716
 20
5.668
 30
0.0
 10
-3.593
 20
6.17
 30
0.0
 10
-3.541
 20
6.683
 30
0.0
 10
-3.541
 20
6.683
 30
0.0
 10
-3.541
 20
6.683
 30
0.0
 10
-3.541
 20
6.684
 30
0.0
 10
-3.541
 20
6.684
 30
0.0
  0
SPLINE
  5
5B
330
1F
100
AcDbEntity
  8
Camada 1
 62
   183
100
AcDbSpline
210
0.0
220
0.0
230
1.0
 70
    11
 71
     3
 72
    28
 73
    24
 74
     0
 42
0.0000000001
 43
0.0000000001
 12
1.0
 22
0.0
 32
0.0
 13
1.0
 23
0.0
 33
0.0
 40
0.0
 40
0.0
 40
0.0
 40
0.0
 40
0.1428571428571428
 40
0.1428571428571428
 40
0.1428571428571428
 40
0.1428571428571428
 40
0.2857142857142857
 40
0.2857142857142857
 40
0.2857142857142857
 40
0.2857142857142857
 40
0.4285714285714285
 40
0.4285714285714285
 40
0.4285714285714285
 40
0.4285714285714285
 40
0.5714285714285714
 40
0.5714285714285714
 40
0.5714285714285714
 40
0.5714285714285714
 40
0.7142857142857143
 40
0.7142857142857143
 40
0.7142857142857143
 40
0.7142857142857143
 40
1.0
 40
1.0
 40
1.0
 40
1.0
 10
-3.105
 20
6.649
 30
0.0
 10
-3.195
 20
6.104
 30
0.0
 10
-3.28
 20
5.558
 30
0.0
 10
-3.37
 20
5.012
 30
0.0
 10
-3.37
 20
5.012
 30
0.0
 10
-3.387
 20
4.805
 30
0.0
 10
-3.493
 20
4.562
 30
0.0
 10
-3.327
 20
4.385
 30
0.0
 10
-3.327
 20
4.385
 30
0.0
 10
-3.146
 20
4.277
 30
0.0
 10
-2.891
 20
4.301
 30
0.0
 10
-2.762
 20
4.475
 30
0.0
 10
-2.762
 20
4.475
 30
0.0
 10
-2.617
 20
4.681
 30
0.0
 10
-2.584
 20
4.947
 30
0.0
 10
-2.571
 20
5.192
 30
0.0
 10
-2.571
 20
5.192
 30
0.0
 10
-2.595
 20
5.717
 30
0.0
 10
-2.781
 20
6.233
 30
0.0
 10
-3.104
 20
6.649
 30
0.0
 10
-3.104
 20
6.649
 30
0.0
 10
-3.104
 20
6.649
 30
0.0
 10
-3.105
 20
6.649
 30
0.0
 10
-3.105
 20
6.649
 30
0.0
  0
SPLINE
  5
5C
330
1F
100
AcDbEntity
  8
Camada 1
 62
   183
100
AcDbSpline
210
0.0
220
0.0
230
1.0
 70
    11
 71
     3
 72
    24
 73
    20
 74
     0
 42
0.0000000001
 43
0.0000000001
 12
1.0
 22
0.0
 32
0.0
 13
1.0
 23
0.0
 33
0.0
 40
0.0
 40
0.0
 40
0.0
 40
0.0
 40
0.1666666666666667
 40
0.1666666666666667
 40
0.1666666666666667
 40
0.1666666666666667
 40
0.3333333333333333
 40
0.3333333333333333
 40
0.3333333333333333
 40
0.3333333333333333
 40
0.5
 40
0.5
 40
0.5
 40
0.5
 40
0.6666666666666666
 40
0.6666666666666666
 40
0.6666666666666666
 40
0.6666666666666666
 40
1.0
 40
1.0
 40
1.0
 40
1.0
 10
4.615
 20
5.918
 30
0.0
 10
4.522
 20
5.732
 30
0.0
 10
4.608
 20
5.517
 30
0.0
 10
4.674
 20
5.334
 30
0.0
 10
4.674
 20
5.334
 30
0.0
 10
4.829
 20
5.43
 30
0.0
 10
4.992
 20
5.549
 30
0.0
 10
5.053
 20
5.728
 30
0.0
 10
5.053
 20
5.728
 30
0.0
 10
5.082
 20
5.903
 30
0.0
 10
5.018
 20
6.079
 30
0.0
 10
4.957
 20
6.24
 30
0.0
 10
4.957
 20
6.24
 30
0.0
 10
4.829
 20
6.15
 30
0.0
 10
4.698
 20
6.053
 30
0.0
 10
4.616
 20
5.918
 30
0.0
 10
4.616
 20
5.918
 30
0.0
 10
4.616
 20
5.918
 30
0.0
 10
4.615
 20
5.918
 30
0.0
 10
4.615
 20
5.918
 30
0.0
  0
SPLINE
  5
5D
330
1F
100
AcDbEntity
  8
Camada 1
 62
   183
100
AcDbSpline
210
0.0
220
0.0
230
1.0
 70
    11
 71
     3
 72
    20
 73
    16
 74
     0
 42
0.0000000001
 43
0.0000000001
 12
1.0
 22
0.0
 32
0.0
 13
1.0
 23
0.0
 33
0.0
 40
0.0
 40
0.0
 40
0.0
 40
0.0
 40
0.2
 40
0.2
 40
0.2
 40
0.2
 40
0.4
 40
0.4
 40
0.4
 40
0.4
 40
0.6
 40
0.6
 40
0.6
 40
0.6
 40
1.0
 40
1.0
 40
1.0
 40
1.0
 10
2.441
 20
3.668
 30
0.0
 10
2.614
 20
3.337
 30
0.0
 10
2.805
 20
3.016
 30
0.0
 10
3.011
 20
2.704
 30
0.0
 10
3.011
 20
2.704
 30
0.0
 10
3.005
 20
3.231
 30
0.0
 10
2.996
 20
3.76
 30
0.0
 10
2.944
 20
4.286
 30
0.0
 10
2.944
 20
4.286
 30
0.0
 10
2.762
 20
4.093
 30
0.0
 10
2.608
 20
3.875
 30
0.0
 10
2.441
 20
3.668
 30
0.0
 10
2.441
 20
3.668
 30
0.0
 10
2.441
 20
3.668
 30
0.0
 10
2.441
 20
3.668
 30
0.0
 10
2.441
 20
3.668
 30
0.0
  0
SPLINE
  5
5E
330
1F
100
AcDbEntity
  8
Camada 1
 62
   183
100
AcDbSpline
210
0.0
220
0.0
230
1.0
 70
    11
 71
     3
 72
    24
 73
    20
 74
     0
 42
0.0000000001
 43
0.0000000001
 12
1.0
 22
0.0
 32
0.0
 13
1.0
 23
0.0
 33
0.0
 40
0.0
 40
0.0
 40
0.0
 40
0.0
 40
0.1666666666666667
 40
0.1666666666666667
 40
0.1666666666666667
 40
0.1666666666666667
 40
0.3333333333333333
 40
0.3333333333333333
 40
0.3333333333333333
 40
0.3333333333333333
 40
0.5
 40
0.5
 40
0.5
 40
0.5
 40
0.6666666666666666
 40
0.6666666666666666
 40
0.6666666666666666
 40
0.6666666666666666
 40
1.0
 40
1.0
 40
1.0
 40
1.0
 10
3.412
 20
4.29
 30
0.0
 10
3.4
 20
3.771
 30
0.0
 10
3.398
 20
3.25
 30
0.0
 10
3.429
 20
2.731
 30
0.0
 10
3.429
 20
2.731
 30
0.0
 10
3.597
 20
3.039
 30
0.0
 10
3.753
 20
3.355
 30
0.0
 10
3.899
 20
3.674
 30
0.0
 10
3.899
 20
3.674
 30
0.0
 10
3.92
 20
3.73
 30
0.0
 10
3.953
 20
3.802
 30
0.0
 10
3.905
 20
3.854
 30
0.0
 10
3.905
 20
3.854
 30
0.0
 10
3.767
 20
4.026
 30
0.0
 10
3.587
 20
4.159
 30
0.0
 10
3.412
 20
4.29
 30
0.0
 10
3.412
 20
4.29
 30
0.0
 10
3.412
 20
4.29
 30
0.0
 10
3.412
 20
4.29
 30
0.0
 10
3.412
 20
4.29
 30
0.0
  0
SPLINE
  5
5F
330
1F
100
AcDbEntity
  8
Camada 1
 62
   183
100
AcDbSpline
210
0.0
220
0.0
230
1.0
 70
    11
 71
     3
 72
    28
 73
    24
 74
     0
 42
0.0000000001
 43
0.0000000001
 12
1.0
 22
0.0
 32
0.0
 13
1.0
 23
0.0
 33
0.0
 40
0.0
 40
0.0
 40
0.0
 40
0.0
 40
0.1428571428571428
 40
0.1428571428571428
 40
0.1428571428571428
 40
0.1428571428571428
 40
0.2857142857142857
 40
0.2857142857142857
 40
0.2857142857142857
 40
0.2857142857142857
 40
0.4285714285714285
 40
0.4285714285714285
 40
0.4285714285714285
 40
0.4285714285714285
 40
0.5714285714285714
 40
0.5714285714285714
 40
0.5714285714285714
 40
0.5714285714285714
 40
0.7142857142857143
 40
0.7142857142857143
 40
0.7142857142857143
 40
0.7142857142857143
 40
1.0
 40
1.0
 40
1.0
 40
1.0
 10
-0.622
 20
3.721
 30
0.0
 10
-0.898
 20
3.705
 30
0.0
 10
-1.176
 20
3.684
 30
0.0
 10
-1.45
 20
3.726
 30
0.0
 10
-1.45
 20
3.726
 30
0.0
 10
-1.378
 20
3.574
 30
0.0
 10
-1.297
 20
3.396
 30
0.0
 10
-1.123
 20
3.341
 30
0.0
 10
-1.123
 20
3.341
 30
0.0
 10
-0.929
 20
3.284
 30
0.0
 10
-0.725
 20
3.274
 30
0.0
 10
-0.525
 20
3.256
 30
0.0
 10
-0.525
 20
3.256
 30
0.0
 10
-0.341
 20
3.234
 30
0.0
 10
-0.185
 20
3.358
 30
0.0
 10
-0.033
 20
3.443
 30
0.0
 10
-0.033
 20
3.443
 30
0.0
 10
-0.221
 20
3.55
 30
0.0
 10
-0.4
 20
3.701
 30
0.0
 10
-0.622
 20
3.721
 30
0.0
 10
-0.622
 20
3.721
 30
0.0
 10
-0.622
 20
3.721
 30
0.0
 10
-0.622
 20
3.721
 30
0.0
 10
-0.622
 20
3.721
 30
0.0
  0
SPLINE
  5
60
330
1F
100
AcDbEntity
  8
Camada 1
 62
   183
100
AcDbSpline
210
0.0
220
0.0
230
1.0
 70
    11
 71
     3
 72
    20
 73
    16
 74
     0
 42
0.0000000001
 43
0.0000000001
 12
1.0
 22
0.0
 32
0.0
 13
1.0
 23
0.0
 33
0.0
 40
0.0
 40
0.0
 40
0.0
 40
0.0
 40
0.2
 40
0.2
 40
0.2
 40
0.2
 40
0.4
 40
0.4
 40
0.4
 40
0.4
 40
0.6
 40
0.6
 40
0.6
 40
0.6
 40
1.0
 40
1.0
 40
1.0
 40
1.0
 10
4.226
 20
3.633
 30
0.0
 10
4.057
 20
3.292
 30
0.0
 10
3.89
 20
2.949
 30
0.0
 10
3.719
 20
2.609
 30
0.0
 10
3.719
 20
2.609
 30
0.0
 10
4.14
 20
2.871
 30
0.0
 10
4.541
 20
3.165
 30
0.0
 10
4.94
 20
3.458
 30
0.0
 10
4.94
 20
3.458
 30
0.0
 10
4.704
 20
3.524
 30
0.0
 10
4.464
 20
3.578
 30
0.0
 10
4.226
 20
3.632
 30
0.0
 10
4.226
 20
3.632
 30
0.0
 10
4.226
 20
3.632
 30
0.0
 10
4.226
 20
3.633
 30
0.0
 10
4.226
 20
3.633
 30
0.0
  0
SPLINE
  5
61
330
1F
100
AcDbEntity
  8
Camada 1
 62
   183
100
AcDbSpline
210
0.0
220
0.0
230
1.0
 70
    11
 71
     3
 72
    20
 73
    16
 74
     0
 42
0.0000000001
 43
0.0000000001
 12
1.0
 22
0.0
 32
0.0
 13
1.0
 23
0.0
 33
0.0
 40
0.0
 40
0.0
 40
0.0
 40
0.0
 40
0.2
 40
0.2
 40
0.2
 40
0.2
 40
0.4
 40
0.4
 40
0.4
 40
0.4
 40
0.6
 40
0.6
 40
0.6
 40
0.6
 40
1.0
 40
1.0
 40
1.0
 40
1.0
 10
1.485
 20
3.231
 30
0.0
 10
1.866
 20
2.988
 30
0.0
 10
2.274
 20
2.79
 30
0.0
 10
2.673
 20
2.578
 30
0.0
 10
2.673
 20
2.578
 30
0.0
 10
2.526
 20
2.881
 30
0.0
 10
2.348
 20
3.168
 30
0.0
 10
2.171
 20
3.454
 30
0.0
 10
2.171
 20
3.454
 30
0.0
 10
1.943
 20
3.378
 30
0.0
 10
1.711
 20
3.315
 30
0.0
 10
1.485
 20
3.231
 30
0.0
 10
1.485
 20
3.231
 30
0.0
 10
1.485
 20
3.231
 30
0.0
 10
1.485
 20
3.231
 30
0.0
 10
1.485
 20
3.231
 30
0.0
  0
SPLINE
  5
62
330
1F
100
AcDbEntity
  8
Camada 1
 62
   183
100
AcDbSpline
210
0.0
220
0.0
230
1.0
 70
    11
 71
     3
 72
   140
 73
   136
 74
     0
 42
0.0000000001
 43
0.0000000001
 12
1.0
 22
0.0
 32
0.0
 13
1.0
 23
0.0
 33
0.0
 40
0.0
 40
0.0
 40
0.0
 40
0.0
 40
0.0285714285714286
 40
0.0285714285714286
 40
0.0285714285714286
 40
0.0285714285714286
 40
0.0571428571428571
 40
0.0571428571428571
 40
0.0571428571428571
 40
0.0571428571428571
 40
0.0857142857142857
 40
0.0857142857142857
 40
0.0857142857142857
 40
0.0857142857142857
 40
0.1142857142857143
 40
0.1142857142857143
 40
0.1142857142857143
 40
0.1142857142857143
 40
0.1428571428571428
 40
0.1428571428571428
 40
0.1428571428571428
 40
0.1428571428571428
 40
0.1714285714285714
 40
0.1714285714285714
 40
0.1714285714285714
 40
0.1714285714285714
 40
0.2
 40
0.2
 40
0.2
 40
0.2
 40
0.2285714285714286
 40
0.2285714285714286
 40
0.2285714285714286
 40
0.2285714285714286
 40
0.2571428571428571
 40
0.2571428571428571
 40
0.2571428571428571
 40
0.2571428571428571
 40
0.2857142857142857
 40
0.2857142857142857
 40
0.2857142857142857
 40
0.2857142857142857
 40
0.3142857142857143
 40
0.3142857142857143
 40
0.3142857142857143
 40
0.3142857142857143
 40
0.3428571428571429
 40
0.3428571428571429
 40
0.3428571428571429
 40
0.3428571428571429
 40
0.3714285714285714
 40
0.3714285714285714
 40
0.3714285714285714
 40
0.3714285714285714
 40
0.4
 40
0.4
 40
0.4
 40
0.4
 40
0.4285714285714285
 40
0.4285714285714285
 40
0.4285714285714285
 40
0.4285714285714285
 40
0.4571428571428571
 40
0.4571428571428571
 40
0.4571428571428571
 40
0.4571428571428571
 40
0.4857142857142857
 40
0.4857142857142857
 40
0.4857142857142857
 40
0.4857142857142857
 40
0.5142857142857142
 40
0.5142857142857142
 40
0.5142857142857142
 40
0.5142857142857142
 40
0.5428571428571428
 40
0.5428571428571428
 40
0.5428571428571428
 40
0.5428571428571428
 40
0.5714285714285714
 40
0.5714285714285714
 40
0.5714285714285714
 40
0.5714285714285714
 40
0.6
 40
0.6
 40
0.6
 40
0.6
 40
0.6285714285714286
 40
0.6285714285714286
 40
0.6285714285714286
 40
0.6285714285714286
 40
0.6571428571428571
 40
0.6571428571428571
 40
0.6571428571428571
 40
0.6571428571428571
 40
0.6857142857142857
 40
0.6857142857142857
 40
0.6857142857142857
 40
0.6857142857142857
 40
0.7142857142857143
 40
0.7142857142857143
 40
0.7142857142857143
 40
0.7142857142857143
 40
0.7428571428571429
 40
0.7428571428571429
 40
0.7428571428571429
 40
0.7428571428571429
 40
0.7714285714285715
 40
0.7714285714285715
 40
0.7714285714285715
 40
0.7714285714285715
 40
0.8
 40
0.8
 40
0.8
 40
0.8
 40
0.8285714285714286
 40
0.8285714285714286
 40
0.8285714285714286
 40
0.8285714285714286
 40
0.8571428571428571
 40
0.8571428571428571
 40
0.8571428571428571
 40
0.8571428571428571
 40
0.8857142857142857
 40
0.8857142857142857
 40
0.8857142857142857
 40
0.8857142857142857
 40
0.9142857142857143
 40
0.9142857142857143
 40
0.9142857142857143
 40
0.9142857142857143
 40
0.9428571428571428
 40
0.9428571428571428
 40
0.9428571428571428
 40
0.9428571428571428
 40
1.0
 40
1.0
 40
1.0
 40
1.0
 10
-0.129
 20
2.912
 30
0.0
 10
-0.363
 20
2.854
 30
0.0
 10
-0.602
 20
2.821
 30
0.0
 10
-0.838
 20
2.774
 30
0.0
 10
-0.838
 20
2.774
 30
0.0
 10
-0.892
 20
2.546
 30
0.0
 10
-1.026
 20
2.299
 30
0.0
 10
-1.274
 20
2.246
 30
0.0
 10
-1.274
 20
2.246
 30
0.0
 10
-1.494
 20
2.184
 30
0.0
 10
-1.667
 20
2.343
 30
0.0
 10
-1.822
 20
2.467
 30
0.0
 10
-1.822
 20
2.467
 30
0.0
 10
-1.89
 20
2.417
 30
0.0
 10
-1.959
 20
2.368
 30
0.0
 10
-2.029
 20
2.32
 30
0.0
 10
-2.029
 20
2.32
 30
0.0
 10
-1.977
 20
2.133
 30
0.0
 10
-1.898
 20
1.945
 30
0.0
 10
-1.94
 20
1.746
 30
0.0
 10
-1.94
 20
1.746
 30
0.0
 10
-1.964
 20
1.496
 30
0.0
 10
-2.196
 20
1.341
 30
0.0
 10
-2.37
 20
1.189
 30
0.0
 10
-2.37
 20
1.189
 30
0.0
 10
-2.484
 20
1.104
 30
0.0
 10
-2.492
 20
0.952
 30
0.0
 10
-2.535
 20
0.826
 30
0.0
 10
-2.535
 20
0.826
 30
0.0
 10
-2.385
 20
0.791
 30
0.0
 10
-2.24
 20
0.74
 30
0.0
 10
-2.101
 20
0.676
 30
0.0
 10
-2.101
 20
0.676
 30
0.0
 10
-1.982
 20
0.772
 30
0.0
 10
-1.859
 20
0.864
 30
0.0
 10
-1.719
 20
0.928
 30
0.0
 10
-1.719
 20
0.928
 30
0.0
 10
-1.54
 20
0.995
 30
0.0
 10
-1.349
 20
0.966
 30
0.0
 10
-1.164
 20
0.961
 30
0.0
 10
-1.164
 20
0.961
 30
0.0
 10
-1.154
 20
0.799
 30
0.0
 10
-1.14
 20
0.629
 30
0.0
 10
-1.193
 20
0.473
 30
0.0
 10
-1.193
 20
0.473
 30
0.0
 10
-1.26
 20
0.324
 30
0.0
 10
-1.366
 20
0.196
 30
0.0
 10
-1.462
 20
0.066
 30
0.0
 10
-1.462
 20
0.066
 30
0.0
 10
-1.356
 20
-0.093
 30
0.0
 10
-1.265
 20
-0.266
 30
0.0
 10
-1.24
 20
-0.458
 30
0.0
 10
-1.24
 20
-0.458
 30
0.0
 10
-0.936
 20
-0.422
 30
0.0
 10
-0.823
 20
-0.107
 30
0.0
 10
-0.59
 20
0.045
 30
0.0
 10
-0.59
 20
0.045
 30
0.0
 10
-0.346
 20
0.162
 30
0.0
 10
-0.03
 20
0.061
 30
0.0
 10
0.179
 20
0.259
 30
0.0
 10
0.179
 20
0.259
 30
0.0
 10
0.034
 20
0.349
 30
0.0
 10
-0.129
 20
0.418
 30
0.0
 10
-0.251
 20
0.539
 30
0.0
 10
-0.251
 20
0.539
 30
0.0
 10
-0.246
 20
0.641
 30
0.0
 10
-0.227
 20
0.74
 30
0.0
 10
-0.208
 20
0.84
 30
0.0
 10
-0.208
 20
0.84
 30
0.0
 10
0.037
 20
0.789
 30
0.0
 10
0.255
 20
0.666
 30
0.0
 10
0.483
 20
0.569
 30
0.0
 10
0.483
 20
0.569
 30
0.0
 10
0.595
 20
0.508
 30
0.0
 10
0.69
 20
0.633
 30
0.0
 10
0.778
 20
0.686
 30
0.0
 10
0.778
 20
0.686
 30
0.0
 10
0.579
 20
0.8
 30
0.0
 10
0.379
 20
0.912
 30
0.0
 10
0.186
 20
1.037
 30
0.0
 10
0.186
 20
1.037
 30
0.0
 10
0.224
 20
1.117
 30
0.0
 10
0.256
 20
1.199
 30
0.0
 10
0.311
 20
1.268
 30
0.0
 10
0.311
 20
1.268
 30
0.0
 10
0.545
 20
1.25
 30
0.0
 10
0.745
 20
1.107
 30
0.0
 10
0.966
 20
1.042
 30
0.0
 10
0.966
 20
1.042
 30
0.0
 10
1.03
 20
1.289
 30
0.0
 10
1.086
 20
1.538
 30
0.0
 10
1.116
 20
1.791
 30
0.0
 10
1.116
 20
1.791
 30
0.0
 10
0.868
 20
1.786
 30
0.0
 10
0.716
 20
1.581
 30
0.0
 10
0.508
 20
1.491
 30
0.0
 10
0.508
 20
1.491
 30
0.0
 10
0.242
 20
1.485
 30
0.0
 10
0.129
 20
1.801
 30
0.0
 10
0.117
 20
2.022
 30
0.0
 10
0.117
 20
2.022
 30
0.0
 10
0.249
 20
2.077
 30
0.0
 10
0.369
 20
2.218
 30
0.0
 10
0.528
 20
2.153
 30
0.0
 10
0.528
 20
2.153
 30
0.0
 10
0.708
 20
2.105
 30
0.0
 10
0.881
 20
2.029
 30
0.0
 10
1.073
 20
2.049
 30
0.0
 10
1.073
 20
2.049
 30
0.0
 10
1.009
 20
2.29
 30
0.0
 10
0.935
 20
2.527
 30
0.0
 10
0.855
 20
2.762
 30
0.0
 10
0.855
 20
2.762
 30
0.0
 10
0.631
 20
2.648
 30
0.0
 10
0.424
 20
2.497
 30
0.0
 10
0.176
 20
2.436
 30
0.0
 10
0.176
 20
2.436
 30
0.0
 10
0.153
 20
2.536
 30
0.0
 10
0.136
 20
2.639
 30
0.0
 10
0.136
 20
2.742
 30
0.0
 10
0.136
 20
2.742
 30
0.0
 10
0.285
 20
2.879
 30
0.0
 10
0.457
 20
2.988
 30
0.0
 10
0.625
 20
3.1
 30
0.0
 10
0.625
 20
3.1
 30
0.0
 10
0.57
 20
3.128
 30
0.0
 10
0.459
 20
3.185
 30
0.0
 10
0.403
 20
3.213
 30
0.0
 10
0.403
 20
3.213
 30
0.0
 10
0.225
 20
3.114
 30
0.0
 10
0.06
 20
2.986
 30
0.0
 10
-0.131
 20
2.911
 30
0.0
 10
-0.131
 20
2.911
 30
0.0
 10
-0.131
 20
2.911
 30
0.0
 10
-0.129
 20
2.912
 30
0.0
 10
-0.129
 20
2.912
 30
0.0
  0
SPLINE
  5
63
330
1F
100
AcDbEntity
  8
Camada 1
 62
   183
100
AcDbSpline
210
0.0
220
0.0
230
1.0
 70
    11
 71
     3
 72
    20
 73
    16
 74
     0
 42
0.0000000001
 43
0.0000000001
 12
1.0
 22
0.0
 32
0.0
 13
1.0
 23
0.0
 33
0.0
 40
0.0
 40
0.0
 40
0.0
 40
0.0
 40
0.2
 40
0.2
 40
0.2
 40
0.2
 40
0.4
 40
0.4
 40
0.4
 40
0.4
 40
0.6
 40
0.6
 40
0.6
 40
0.6
 40
1.0
 40
1.0
 40
1.0
 40
1.0
 10
3.957
 20
2.301
 30
0.0
 10
4.3
 20
2.293
 30
0.0
 10
4.643
 20
2.295
 30
0.0
 10
4.987
 20
2.296
 30
0.0
 10
4.987
 20
2.296
 30
0.0
 10
5.064
 20
2.531
 30
0.0
 10
5.142
 20
2.765
 30
0.0
 10
5.214
 20
3.002
 30
0.0
 10
5.214
 20
3.002
 30
0.0
 10
4.79
 20
2.777
 30
0.0
 10
4.369
 20
2.546
 30
0.0
 10
3.957
 20
2.301
 30
0.0
 10
3.957
 20
2.301
 30
0.0
 10
3.957
 20
2.301
 30
0.0
 10
3.957
 20
2.301
 30
0.0
 10
3.957
 20
2.301
 30
0.0
  0
SPLINE
  5
64
330
1F
100
AcDbEntity
  8
Camada 1
 62
   183
100
AcDbSpline
210
0.0
220
0.0
230
1.0
 70
    11
 71
     3
 72
    24
 73
    20
 74
     0
 42
0.0000000001
 43
0.0000000001
 12
1.0
 22
0.0
 32
0.0
 13
1.0
 23
0.0
 33
0.0
 40
0.0
 40
0.0
 40
0.0
 40
0.0
 40
0.1666666666666667
 40
0.1666666666666667
 40
0.1666666666666667
 40
0.1666666666666667
 40
0.3333333333333333
 40
0.3333333333333333
 40
0.3333333333333333
 40
0.3333333333333333
 40
0.5
 40
0.5
 40
0.5
 40
0.5
 40
0.6666666666666666
 40
0.6666666666666666
 40
0.6666666666666666
 40
0.6666666666666666
 40
1.0
 40
1.0
 40
1.0
 40
1.0
 10
-1.462
 20
2.93
 30
0.0
 10
-1.59
 20
2.881
 30
0.0
 10
-1.609
 20
2.718
 30
0.0
 10
-1.647
 20
2.609
 30
0.0
 10
-1.647
 20
2.609
 30
0.0
 10
-1.555
 20
2.572
 30
0.0
 10
-1.465
 20
2.517
 30
0.0
 10
-1.363
 20
2.514
 30
0.0
 10
-1.363
 20
2.514
 30
0.0
 10
-1.276
 20
2.527
 30
0.0
 10
-1.204
 20
2.59
 30
0.0
 10
-1.157
 20
2.661
 30
0.0
 10
-1.157
 20
2.661
 30
0.0
 10
-1.077
 20
2.847
 30
0.0
 10
-1.305
 20
3.014
 30
0.0
 10
-1.463
 20
2.93
 30
0.0
 10
-1.463
 20
2.93
 30
0.0
 10
-1.463
 20
2.93
 30
0.0
 10
-1.462
 20
2.93
 30
0.0
 10
-1.462
 20
2.93
 30
0.0
  0
SPLINE
  5
65
330
1F
100
AcDbEntity
  8
Camada 1
 62
   183
100
AcDbSpline
210
0.0
220
0.0
230
1.0
 70
    11
 71
     3
 72
    20
 73
    16
 74
     0
 42
0.0000000001
 43
0.0000000001
 12
1.0
 22
0.0
 32
0.0
 13
1.0
 23
0.0
 33
0.0
 40
0.0
 40
0.0
 40
0.0
 40
0.0
 40
0.2
 40
0.2
 40
0.2
 40
0.2
 40
0.4
 40
0.4
 40
0.4
 40
0.4
 40
0.6
 40
0.6
 40
0.6
 40
0.6
 40
1.0
 40
1.0
 40
1.0
 40
1.0
 10
1.178
 20
2.798
 30
0.0
 10
1.255
 20
2.569
 30
0.0
 10
1.343
 20
2.343
 30
0.0
 10
1.434
 20
2.119
 30
0.0
 10
1.434
 20
2.119
 30
0.0
 10
1.765
 20
2.118
 30
0.0
 10
2.096
 20
2.119
 30
0.0
 10
2.427
 20
2.126
 30
0.0
 10
2.427
 20
2.126
 30
0.0
 10
2.02
 20
2.366
 30
0.0
 10
1.599
 20
2.582
 30
0.0
 10
1.178
 20
2.797
 30
0.0
 10
1.178
 20
2.797
 30
0.0
 10
1.178
 20
2.797
 30
0.0
 10
1.178
 20
2.798
 30
0.0
 10
1.178
 20
2.798
 30
0.0
  0
SPLINE
  5
66
330
1F
100
AcDbEntity
  8
Camada 1
 62
   183
100
AcDbSpline
210
0.0
220
0.0
230
1.0
 70
    11
 71
     3
 72
    20
 73
    16
 74
     0
 42
0.0000000001
 43
0.0000000001
 12
1.0
 22
0.0
 32
0.0
 13
1.0
 23
0.0
 33
0.0
 40
0.0
 40
0.0
 40
0.0
 40
0.0
 40
0.2
 40
0.2
 40
0.2
 40
0.2
 40
0.4
 40
0.4
 40
0.4
 40
0.4
 40
0.6
 40
0.6
 40
0.6
 40
0.6
 40
1.0
 40
1.0
 40
1.0
 40
1.0
 10
3.066
 20
2.419
 30
0.0
 10
2.868
 20
2.334
 30
0.0
 10
2.767
 20
2.05
 30
0.0
 10
2.917
 20
1.877
 30
0.0
 10
2.917
 20
1.877
 30
0.0
 10
3.096
 20
1.644
 30
0.0
 10
3.554
 20
1.771
 30
0.0
 10
3.546
 20
2.08
 30
0.0
 10
3.546
 20
2.08
 30
0.0
 10
3.61
 20
2.354
 30
0.0
 10
3.288
 20
2.511
 30
0.0
 10
3.066
 20
2.419
 30
0.0
 10
3.066
 20
2.419
 30
0.0
 10
3.066
 20
2.419
 30
0.0
 10
3.066
 20
2.419
 30
0.0
 10
3.066
 20
2.419
 30
0.0
  0
SPLINE
  5
67
330
1F
100
AcDbEntity
  8
Camada 1
 62
   183
100
AcDbSpline
210
0.0
220
0.0
230
1.0
 70
    11
 71
     3
 72
    24
 73
    20
 74
     0
 42
0.0000000001
 43
0.0000000001
 12
1.0
 22
0.0
 32
0.0
 13
1.0
 23
0.0
 33
0.0
 40
0.0
 40
0.0
 40
0.0
 40
0.0
 40
0.1666666666666667
 40
0.1666666666666667
 40
0.1666666666666667
 40
0.1666666666666667
 40
0.3333333333333333
 40
0.3333333333333333
 40
0.3333333333333333
 40
0.3333333333333333
 40
0.5
 40
0.5
 40
0.5
 40
0.5
 40
0.6666666666666666
 40
0.6666666666666666
 40
0.6666666666666666
 40
0.6666666666666666
 40
1.0
 40
1.0
 40
1.0
 40
1.0
 10
-2.651
 20
1.893
 30
0.0
 10
-2.735
 20
1.722
 30
0.0
 10
-2.642
 20
1.536
 30
0.0
 10
-2.575
 20
1.375
 30
0.0
 10
-2.575
 20
1.375
 30
0.0
 10
-2.442
 20
1.525
 30
0.0
 10
-2.261
 20
1.668
 30
0.0
 10
-2.266
 20
1.89
 30
0.0
 10
-2.266
 20
1.89
 30
0.0
 10
-2.258
 20
2.018
 30
0.0
 10
-2.316
 20
2.139
 30
0.0
 10
-2.356
 20
2.258
 30
0.0
 10
-2.356
 20
2.258
 30
0.0
 10
-2.47
 20
2.151
 30
0.0
 10
-2.573
 20
2.029
 30
0.0
 10
-2.651
 20
1.894
 30
0.0
 10
-2.651
 20
1.894
 30
0.0
 10
-2.651
 20
1.894
 30
0.0
 10
-2.651
 20
1.893
 30
0.0
 10
-2.651
 20
1.893
 30
0.0
  0
SPLINE
  5
68
330
1F
100
AcDbEntity
  8
Camada 1
 62
   183
100
AcDbSpline
210
0.0
220
0.0
230
1.0
 70
    11
 71
     3
 72
    20
 73
    16
 74
     0
 42
0.0000000001
 43
0.0000000001
 12
1.0
 22
0.0
 32
0.0
 13
1.0
 23
0.0
 33
0.0
 40
0.0
 40
0.0
 40
0.0
 40
0.0
 40
0.2
 40
0.2
 40
0.2
 40
0.2
 40
0.4
 40
0.4
 40
0.4
 40
0.4
 40
0.6
 40
0.6
 40
0.6
 40
0.6
 40
1.0
 40
1.0
 40
1.0
 40
1.0
 10
3.887
 20
2.005
 30
0.0
 10
4.341
 20
1.784
 30
0.0
 10
4.782
 20
1.538
 30
0.0
 10
5.243
 20
1.333
 30
0.0
 10
5.243
 20
1.333
 30
0.0
 10
5.188
 20
1.561
 30
0.0
 10
5.121
 20
1.787
 30
0.0
 10
5.06
 20
2.013
 30
0.0
 10
5.06
 20
2.013
 30
0.0
 10
4.669
 20
2.013
 30
0.0
 10
4.278
 20
2.012
 30
0.0
 10
3.887
 20
2.005
 30
0.0
 10
3.887
 20
2.005
 30
0.0
 10
3.887
 20
2.005
 30
0.0
 10
3.887
 20
2.005
 30
0.0
 10
3.887
 20
2.005
 30
0.0
  0
SPLINE
  5
69
330
1F
100
AcDbEntity
  8
Camada 1
 62
   183
100
AcDbSpline
210
0.0
220
0.0
230
1.0
 70
    11
 71
     3
 72
    20
 73
    16
 74
     0
 42
0.0000000001
 43
0.0000000001
 12
1.0
 22
0.0
 32
0.0
 13
1.0
 23
0.0
 33
0.0
 40
0.0
 40
0.0
 40
0.0
 40
0.0
 40
0.2
 40
0.2
 40
0.2
 40
0.2
 40
0.4
 40
0.4
 40
0.4
 40
0.4
 40
0.6
 40
0.6
 40
0.6
 40
0.6
 40
1.0
 40
1.0
 40
1.0
 40
1.0
 10
1.479
 20
1.749
 30
0.0
 10
1.435
 20
1.517
 30
0.0
 10
1.391
 20
1.285
 30
0.0
 10
1.355
 20
1.052
 30
0.0
 10
1.355
 20
1.052
 30
0.0
 10
1.751
 20
1.286
 30
0.0
 10
2.127
 20
1.553
 30
0.0
 10
2.495
 20
1.828
 30
0.0
 10
2.495
 20
1.828
 30
0.0
 10
2.156
 20
1.805
 30
0.0
 10
1.818
 20
1.778
 30
0.0
 10
1.479
 20
1.749
 30
0.0
 10
1.479
 20
1.749
 30
0.0
 10
1.479
 20
1.749
 30
0.0
 10
1.479
 20
1.749
 30
0.0
 10
1.479
 20
1.749
 30
0.0
  0
SPLINE
  5
6A
330
1F
100
AcDbEntity
  8
Camada 1
 62
   183
100
AcDbSpline
210
0.0
220
0.0
230
1.0
 70
    11
 71
     3
 72
    20
 73
    16
 74
     0
 42
0.0000000001
 43
0.0000000001
 12
1.0
 22
0.0
 32
0.0
 13
1.0
 23
0.0
 33
0.0
 40
0.0
 40
0.0
 40
0.0
 40
0.0
 40
0.2
 40
0.2
 40
0.2
 40
0.2
 40
0.4
 40
0.4
 40
0.4
 40
0.4
 40
0.6
 40
0.6
 40
0.6
 40
0.6
 40
1.0
 40
1.0
 40
1.0
 40
1.0
 10
3.724
 20
1.714
 30
0.0
 10
3.878
 20
1.435
 30
0.0
 10
4.038
 20
1.16
 30
0.0
 10
4.192
 20
0.882
 30
0.0
 10
4.192
 20
0.882
 30
0.0
 10
4.452
 20
0.901
 30
0.0
 10
4.711
 20
0.936
 30
0.0
 10
4.969
 20
0.972
 30
0.0
 10
4.969
 20
0.972
 30
0.0
 10
4.569
 20
1.243
 30
0.0
 10
4.151
 20
1.49
 30
0.0
 10
3.723
 20
1.715
 30
0.0
 10
3.723
 20
1.715
 30
0.0
 10
3.723
 20
1.715
 30
0.0
 10
3.724
 20
1.714
 30
0.0
 10
3.724
 20
1.714
 30
0.0
  0
SPLINE
  5
6B
330
1F
100
AcDbEntity
  8
Camada 1
 62
   183
100
AcDbSpline
210
0.0
220
0.0
230
1.0
 70
    11
 71
     3
 72
    20
 73
    16
 74
     0
 42
0.0000000001
 43
0.0000000001
 12
1.0
 22
0.0
 32
0.0
 13
1.0
 23
0.0
 33
0.0
 40
0.0
 40
0.0
 40
0.0
 40
0.0
 40
0.2
 40
0.2
 40
0.2
 40
0.2
 40
0.4
 40
0.4
 40
0.4
 40
0.4
 40
0.6
 40
0.6
 40
0.6
 40
0.6
 40
1.0
 40
1.0
 40
1.0
 40
1.0
 10
1.586
 20
0.728
 30
0.0
 10
1.802
 20
0.718
 30
0.0
 10
2.018
 20
0.713
 30
0.0
 10
2.235
 20
0.706
 30
0.0
 10
2.235
 20
0.706
 30
0.0
 10
2.379
 20
0.991
 30
0.0
 10
2.523
 20
1.275
 30
0.0
 10
2.666
 20
1.561
 30
0.0
 10
2.666
 20
1.561
 30
0.0
 10
2.288
 20
1.308
 30
0.0
 10
1.919
 20
1.039
 30
0.0
 10
1.586
 20
0.728
 30
0.0
 10
1.586
 20
0.728
 30
0.0
 10
1.586
 20
0.728
 30
0.0
 10
1.586
 20
0.728
 30
0.0
 10
1.586
 20
0.728
 30
0.0
  0
SPLINE
  5
6C
330
1F
100
AcDbEntity
  8
Camada 1
 62
   183
100
AcDbSpline
210
0.0
220
0.0
230
1.0
 70
    11
 71
     3
 72
    20
 73
    16
 74
     0
 42
0.0000000001
 43
0.0000000001
 12
1.0
 22
0.0
 32
0.0
 13
1.0
 23
0.0
 33
0.0
 40
0.0
 40
0.0
 40
0.0
 40
0.0
 40
0.2
 40
0.2
 40
0.2
 40
0.2
 40
0.4
 40
0.4
 40
0.4
 40
0.4
 40
0.6
 40
0.6
 40
0.6
 40
0.6
 40
1.0
 40
1.0
 40
1.0
 40
1.0
 10
3.511
 20
1.497
 30
0.0
 10
3.506
 20
1.018
 30
0.0
 10
3.528
 20
0.538
 30
0.0
 10
3.58
 20
0.061
 30
0.0
 10
3.58
 20
0.061
 30
0.0
 10
3.706
 20
0.233
 30
0.0
 10
3.837
 20
0.403
 30
0.0
 10
3.943
 20
0.588
 30
0.0
 10
3.943
 20
0.588
 30
0.0
 10
3.941
 20
0.937
 30
0.0
 10
3.66
 20
1.201
 30
0.0
 10
3.511
 20
1.497
 30
0.0
 10
3.511
 20
1.497
 30
0.0
 10
3.511
 20
1.497
 30
0.0
 10
3.511
 20
1.497
 30
0.0
 10
3.511
 20
1.497
 30
0.0
  0
SPLINE
  5
6D
330
1F
100
AcDbEntity
  8
Camada 1
 62
   183
100
AcDbSpline
210
0.0
220
0.0
230
1.0
 70
    11
 71
     3
 72
    20
 73
    16
 74
     0
 42
0.0000000001
 43
0.0000000001
 12
1.0
 22
0.0
 32
0.0
 13
1.0
 23
0.0
 33
0.0
 40
0.0
 40
0.0
 40
0.0
 40
0.0
 40
0.2
 40
0.2
 40
0.2
 40
0.2
 40
0.4
 40
0.4
 40
0.4
 40
0.4
 40
0.6
 40
0.6
 40
0.6
 40
0.6
 40
1.0
 40
1.0
 40
1.0
 40
1.0
 10
2.628
 20
0.516
 30
0.0
 10
2.782
 20
0.334
 30
0.0
 10
2.947
 20
0.16
 30
0.0
 10
3.117
 20
-0.008
 30
0.0
 10
3.117
 20
-0.008
 30
0.0
 10
3.11
 20
0.471
 30
0.0
 10
3.084
 20
0.949
 30
0.0
 10
3.068
 20
1.428
 30
0.0
 10
3.068
 20
1.428
 30
0.0
 10
2.916
 20
1.127
 30
0.0
 10
2.77
 20
0.822
 30
0.0
 10
2.628
 20
0.516
 30
0.0
 10
2.628
 20
0.516
 30
0.0
 10
2.628
 20
0.516
 30
0.0
 10
2.628
 20
0.516
 30
0.0
 10
2.628
 20
0.516
 30
0.0
  0
SPLINE
  5
6E
330
1F
100
AcDbEntity
  8
Camada 1
 62
   183
100
AcDbSpline
210
0.0
220
0.0
230
1.0
 70
    11
 71
     3
 72
    24
 73
    20
 74
     0
 42
0.0000000001
 43
0.0000000001
 12
1.0
 22
0.0
 32
0.0
 13
1.0
 23
0.0
 33
0.0
 40
0.0
 40
0.0
 40
0.0
 40
0.0
 40
0.1666666666666667
 40
0.1666666666666667
 40
0.1666666666666667
 40
0.1666666666666667
 40
0.3333333333333333
 40
0.3333333333333333
 40
0.3333333333333333
 40
0.3333333333333333
 40
0.5
 40
0.5
 40
0.5
 40
0.5
 40
0.6666666666666666
 40
0.6666666666666666
 40
0.6666666666666666
 40
0.6666666666666666
 40
1.0
 40
1.0
 40
1.0
 40
1.0
 10
-5.724
 20
1.404
 30
0.0
 10
-5.683
 20
1.239
 30
0.0
 10
-5.662
 20
1.04
 30
0.0
 10
-5.523
 20
0.921
 30
0.0
 10
-5.523
 20
0.921
 30
0.0
 10
-5.395
 20
0.824
 30
0.0
 10
-5.229
 20
0.798
 30
0.0
 10
-5.08
 20
0.748
 30
0.0
 10
-5.08
 20
0.748
 30
0.0
 10
-5.116
 20
0.91
 30
0.0
 10
-5.134
 20
1.098
 30
0.0
 10
-5.26
 20
1.22
 30
0.0
 10
-5.26
 20
1.22
 30
0.0
 10
-5.381
 20
1.343
 30
0.0
 10
-5.566
 20
1.364
 30
0.0
 10
-5.724
 20
1.404
 30
0.0
 10
-5.724
 20
1.404
 30
0.0
 10
-5.724
 20
1.404
 30
0.0
 10
-5.724
 20
1.404
 30
0.0
 10
-5.724
 20
1.404
 30
0.0
  0
SPLINE
  5
6F
330
1F
100
AcDbEntity
  8
Camada 1
 62
   183
100
AcDbSpline
210
0.0
220
0.0
230
1.0
 70
    11
 71
     3
 72
    20
 73
    16
 74
     0
 42
0.0000000001
 43
0.0000000001
 12
1.0
 22
0.0
 32
0.0
 13
1.0
 23
0.0
 33
0.0
 40
0.0
 40
0.0
 40
0.0
 40
0.0
 40
0.2
 40
0.2
 40
0.2
 40
0.2
 40
0.4
 40
0.4
 40
0.4
 40
0.4
 40
0.6
 40
0.6
 40
0.6
 40
0.6
 40
1.0
 40
1.0
 40
1.0
 40
1.0
 10
-3.528
 20
0.478
 30
0.0
 10
-3.454
 20
0.153
 30
0.0
 10
-3.361
 20
-0.168
 30
0.0
 10
-3.237
 20
-0.478
 30
0.0
 10
-3.237
 20
-0.478
 30
0.0
 10
-3.118
 20
-0.17
 30
0.0
 10
-3.042
 20
0.153
 30
0.0
 10
-2.968
 20
0.474
 30
0.0
 10
-2.968
 20
0.474
 30
0.0
 10
-3.136
 20
0.598
 30
0.0
 10
-3.349
 20
0.549
 30
0.0
 10
-3.529
 20
0.478
 30
0.0
 10
-3.529
 20
0.478
 30
0.0
 10
-3.529
 20
0.478
 30
0.0
 10
-3.528
 20
0.478
 30
0.0
 10
-3.528
 20
0.478
 30
0.0
  0
SPLINE
  5
70
330
1F
100
AcDbEntity
  8
Camada 1
 62
   183
100
AcDbSpline
210
0.0
220
0.0
230
1.0
 70
    11
 71
     3
 72
    20
 73
    16
 74
     0
 42
0.0000000001
 43
0.0000000001
 12
1.0
 22
0.0
 32
0.0
 13
1.0
 23
0.0
 33
0.0
 40
0.0
 40
0.0
 40
0.0
 40
0.0
 40
0.2
 40
0.2
 40
0.2
 40
0.2
 40
0.4
 40
0.4
 40
0.4
 40
0.4
 40
0.6
 40
0.6
 40
0.6
 40
0.6
 40
1.0
 40
1.0
 40
1.0
 40
1.0
 10
-4.236
 20
0.129
 30
0.0
 10
-4.03
 20
-0.126
 30
0.0
 10
-3.783
 20
-0.345
 30
0.0
 10
-3.551
 20
-0.576
 30
0.0
 10
-3.551
 20
-0.576
 30
0.0
 10
-3.604
 20
-0.232
 30
0.0
 10
-3.693
 20
0.104
 30
0.0
 10
-3.766
 20
0.444
 30
0.0
 10
-3.766
 20
0.444
 30
0.0
 10
-3.955
 20
0.463
 30
0.0
 10
-4.32
 20
0.406
 30
0.0
 10
-4.236
 20
0.129
 30
0.0
 10
-4.236
 20
0.129
 30
0.0
 10
-4.236
 20
0.129
 30
0.0
 10
-4.236
 20
0.129
 30
0.0
 10
-4.236
 20
0.129
 30
0.0
  0
SPLINE
  5
71
330
1F
100
AcDbEntity
  8
Camada 1
 62
   183
100
AcDbSpline
210
0.0
220
0.0
230
1.0
 70
    11
 71
     3
 72
    20
 73
    16
 74
     0
 42
0.0000000001
 43
0.0000000001
 12
1.0
 22
0.0
 32
0.0
 13
1.0
 23
0.0
 33
0.0
 40
0.0
 40
0.0
 40
0.0
 40
0.0
 40
0.2
 40
0.2
 40
0.2
 40
0.2
 40
0.4
 40
0.4
 40
0.4
 40
0.4
 40
0.6
 40
0.6
 40
0.6
 40
0.6
 40
1.0
 40
1.0
 40
1.0
 40
1.0
 10
-2.696
 20
0.418
 30
0.0
 10
-2.779
 20
0.089
 30
0.0
 10
-2.885
 20
-0.236
 30
0.0
 10
-2.957
 20
-0.568
 30
0.0
 10
-2.957
 20
-0.568
 30
0.0
 10
-2.721
 20
-0.351
 30
0.0
 10
-2.468
 20
-0.151
 30
0.0
 10
-2.259
 20
0.094
 30
0.0
 10
-2.259
 20
0.094
 30
0.0
 10
-2.185
 20
0.355
 30
0.0
 10
-2.508
 20
0.42
 30
0.0
 10
-2.696
 20
0.419
 30
0.0
 10
-2.696
 20
0.419
 30
0.0
 10
-2.696
 20
0.419
 30
0.0
 10
-2.696
 20
0.418
 30
0.0
 10
-2.696
 20
0.418
 30
0.0
  0
SPLINE
  5
72
330
1F
100
AcDbEntity
  8
Camada 1
 62
   183
100
AcDbSpline
210
0.0
220
0.0
230
1.0
 70
    11
 71
     3
 72
   216
 73
   212
 74
     0
 42
0.0000000001
 43
0.0000000001
 12
1.0
 22
0.0
 32
0.0
 13
1.0
 23
0.0
 33
0.0
 40
0.0
 40
0.0
 40
0.0
 40
0.0
 40
0.0185185185185185
 40
0.0185185185185185
 40
0.0185185185185185
 40
0.0185185185185185
 40
0.037037037037037
 40
0.037037037037037
 40
0.037037037037037
 40
0.037037037037037
 40
0.0555555555555556
 40
0.0555555555555556
 40
0.0555555555555556
 40
0.0555555555555556
 40
0.0740740740740741
 40
0.0740740740740741
 40
0.0740740740740741
 40
0.0740740740740741
 40
0.0925925925925926
 40
0.0925925925925926
 40
0.0925925925925926
 40
0.0925925925925926
 40
0.1111111111111111
 40
0.1111111111111111
 40
0.1111111111111111
 40
0.1111111111111111
 40
0.1296296296296296
 40
0.1296296296296296
 40
0.1296296296296296
 40
0.1296296296296296
 40
0.1481481481481481
 40
0.1481481481481481
 40
0.1481481481481481
 40
0.1481481481481481
 40
0.1666666666666667
 40
0.1666666666666667
 40
0.1666666666666667
 40
0.1666666666666667
 40
0.1851851851851852
 40
0.1851851851851852
 40
0.1851851851851852
 40
0.1851851851851852
 40
0.2037037037037037
 40
0.2037037037037037
 40
0.2037037037037037
 40
0.2037037037037037
 40
0.2222222222222222
 40
0.2222222222222222
 40
0.2222222222222222
 40
0.2222222222222222
 40
0.2407407407407407
 40
0.2407407407407407
 40
0.2407407407407407
 40
0.2407407407407407
 40
0.2592592592592592
 40
0.2592592592592592
 40
0.2592592592592592
 40
0.2592592592592592
 40
0.2777777777777778
 40
0.2777777777777778
 40
0.2777777777777778
 40
0.2777777777777778
 40
0.2962962962962963
 40
0.2962962962962963
 40
0.2962962962962963
 40
0.2962962962962963
 40
0.3148148148148148
 40
0.3148148148148148
 40
0.3148148148148148
 40
0.3148148148148148
 40
0.3333333333333333
 40
0.3333333333333333
 40
0.3333333333333333
 40
0.3333333333333333
 40
0.3518518518518519
 40
0.3518518518518519
 40
0.3518518518518519
 40
0.3518518518518519
 40
0.3703703703703703
 40
0.3703703703703703
 40
0.3703703703703703
 40
0.3703703703703703
 40
0.3888888888888889
 40
0.3888888888888889
 40
0.3888888888888889
 40
0.3888888888888889
 40
0.4074074074074074
 40
0.4074074074074074
 40
0.4074074074074074
 40
0.4074074074074074
 40
0.4259259259259259
 40
0.4259259259259259
 40
0.4259259259259259
 40
0.4259259259259259
 40
0.4444444444444444
 40
0.4444444444444444
 40
0.4444444444444444
 40
0.4444444444444444
 40
0.462962962962963
 40
0.462962962962963
 40
0.462962962962963
 40
0.462962962962963
 40
0.4814814814814815
 40
0.4814814814814815
 40
0.4814814814814815
 40
0.4814814814814815
 40
0.5
 40
0.5
 40
0.5
 40
0.5
 40
0.5185185185185185
 40
0.5185185185185185
 40
0.5185185185185185
 40
0.5185185185185185
 40
0.5370370370370371
 40
0.5370370370370371
 40
0.5370370370370371
 40
0.5370370370370371
 40
0.5555555555555556
 40
0.5555555555555556
 40
0.5555555555555556
 40
0.5555555555555556
 40
0.5740740740740741
 40
0.5740740740740741
 40
0.5740740740740741
 40
0.5740740740740741
 40
0.5925925925925926
 40
0.5925925925925926
 40
0.5925925925925926
 40
0.5925925925925926
 40
0.6111111111111112
 40
0.6111111111111112
 40
0.6111111111111112
 40
0.6111111111111112
 40
0.6296296296296297
 40
0.6296296296296297
 40
0.6296296296296297
 40
0.6296296296296297
 40
0.6481481481481481
 40
0.6481481481481481
 40
0.6481481481481481
 40
0.6481481481481481
 40
0.6666666666666666
 40
0.6666666666666666
 40
0.6666666666666666
 40
0.6666666666666666
 40
0.6851851851851852
 40
0.6851851851851852
 40
0.6851851851851852
 40
0.6851851851851852
 40
0.7037037037037037
 40
0.7037037037037037
 40
0.7037037037037037
 40
0.7037037037037037
 40
0.7222222222222222
 40
0.7222222222222222
 40
0.7222222222222222
 40
0.7222222222222222
 40
0.7407407407407407
 40
0.7407407407407407
 40
0.7407407407407407
 40
0.7407407407407407
 40
0.7592592592592593
 40
0.7592592592592593
 40
0.7592592592592593
 40
0.7592592592592593
 40
0.7777777777777778
 40
0.7777777777777778
 40
0.7777777777777778
 40
0.7777777777777778
 40
0.7962962962962963
 40
0.7962962962962963
 40
0.7962962962962963
 40
0.7962962962962963
 40
0.8148148148148148
 40
0.8148148148148148
 40
0.8148148148148148
 40
0.8148148148148148
 40
0.8333333333333334
 40
0.8333333333333334
 40
0.8333333333333334
 40
0.8333333333333334
 40
0.8518518518518519
 40
0.8518518518518519
 40
0.8518518518518519
 40
0.8518518518518519
 40
0.8703703703703703
 40
0.8703703703703703
 40
0.8703703703703703
 40
0.8703703703703703
 40
0.8888888888888888
 40
0.8888888888888888
 40
0.8888888888888888
 40
0.8888888888888888
 40
0.9074074074074074
 40
0.9074074074074074
 40
0.9074074074074074
 40
0.9074074074074074
 40
0.9259259259259259
 40
0.9259259259259259
 40
0.9259259259259259
 40
0.9259259259259259
 40
0.9444444444444444
 40
0.9444444444444444
 40
0.9444444444444444
 40
0.9444444444444444
 40
0.9629629629629629
 40
0.9629629629629629
 40
0.9629629629629629
 40
0.9629629629629629
 40
1.0
 40
1.0
 40
1.0
 40
1.0
 10
1.4
 20
0.388
 30
0.0
 10
1.422
 20
0.147
 30
0.0
 10
1.447
 20
-0.092
 30
0.0
 10
1.456
 20
-0.334
 30
0.0
 10
1.456
 20
-0.334
 30
0.0
 10
1.393
 20
-0.339
 30
0.0
 10
1.268
 20
-0.348
 30
0.0
 10
1.205
 20
-0.353
 30
0.0
 10
1.205
 20
-0.353
 30
0.0
 10
1.126
 20
-0.14
 30
0.0
 10
1.082
 20
0.084
 30
0.0
 10
1.02
 20
0.302
 30
0.0
 10
1.02
 20
0.302
 30
0.0
 10
0.946
 20
0.247
 30
0.0
 10
0.872
 20
0.192
 30
0.0
 10
0.797
 20
0.138
 30
0.0
 10
0.797
 20
0.138
 30
0.0
 10
0.849
 20
-0.124
 30
0.0
 10
0.888
 20
-0.388
 30
0.0
 10
0.915
 20
-0.654
 30
0.0
 10
0.915
 20
-0.654
 30
0.0
 10
0.815
 20
-0.654
 30
0.0
 10
0.678
 20
-0.737
 30
0.0
 10
0.607
 20
-0.639
 30
0.0
 10
0.607
 20
-0.639
 30
0.0
 10
0.537
 20
-0.554
 30
0.0
 10
0.512
 20
-0.444
 30
0.0
 10
0.475
 20
-0.344
 30
0.0
 10
0.475
 20
-0.344
 30
0.0
 10
0.352
 20
-0.534
 30
0.0
 10
0.256
 20
-0.761
 30
0.0
 10
0.05
 20
-0.877
 30
0.0
 10
0.05
 20
-0.877
 30
0.0
 10
-0.202
 20
-1.017
 30
0.0
 10
-0.519
 20
-0.939
 30
0.0
 10
-0.752
 20
-0.795
 30
0.0
 10
-0.752
 20
-0.795
 30
0.0
 10
-0.894
 20
-0.708
 30
0.0
 10
-1.057
 20
-0.797
 30
0.0
 10
-1.205
 20
-0.825
 30
0.0
 10
-1.205
 20
-0.825
 30
0.0
 10
-1.18
 20
-0.95
 30
0.0
 10
-1.165
 20
-1.078
 30
0.0
 10
-1.163
 20
-1.206
 30
0.0
 10
-1.163
 20
-1.206
 30
0.0
 10
-0.822
 20
-1.313
 30
0.0
 10
-0.538
 20
-1.58
 30
0.0
 10
-0.468
 20
-1.938
 30
0.0
 10
-0.468
 20
-1.938
 30
0.0
 10
-0.745
 20
-2.095
 30
0.0
 10
-1.06
 20
-2.087
 30
0.0
 10
-1.365
 20
-2.037
 30
0.0
 10
-1.365
 20
-2.037
 30
0.0
 10
-1.423
 20
-2.24
 30
0.0
 10
-1.526
 20
-2.435
 30
0.0
 10
-1.713
 20
-2.544
 30
0.0
 10
-1.713
 20
-2.544
 30
0.0
 10
-1.466
 20
-2.73
 30
0.0
 10
-1.129
 20
-2.687
 30
0.0
 10
-0.877
 20
-2.863
 30
0.0
 10
-0.877
 20
-2.863
 30
0.0
 10
-0.679
 20
-3.025
 30
0.0
 10
-0.56
 20
-3.258
 30
0.0
 10
-0.443
 20
-3.481
 30
0.0
 10
-0.443
 20
-3.481
 30
0.0
 10
-0.365
 20
-3.293
 30
0.0
 10
-0.234
 20
-3.053
 30
0.0
 10
0.011
 20
-3.098
 30
0.0
 10
0.011
 20
-3.098
 30
0.0
 10
0.161
 20
-3.153
 30
0.0
 10
0.255
 20
-3.287
 30
0.0
 10
0.358
 20
-3.402
 30
0.0
 10
0.358
 20
-3.402
 30
0.0
 10
0.483
 20
-3.238
 30
0.0
 10
0.577
 20
-3.022
 30
0.0
 10
0.807
 20
-2.987
 30
0.0
 10
0.807
 20
-2.987
 30
0.0
 10
0.825
 20
-3.097
 30
0.0
 10
0.839
 20
-3.209
 30
0.0
 10
0.829
 20
-3.322
 30
0.0
 10
0.829
 20
-3.322
 30
0.0
 10
0.803
 20
-3.509
 30
0.0
 10
0.683
 20
-3.664
 30
0.0
 10
0.633
 20
-3.843
 30
0.0
 10
0.633
 20
-3.843
 30
0.0
 10
0.66
 20
-3.981
 30
0.0
 10
0.798
 20
-4.068
 30
0.0
 10
0.876
 20
-4.179
 30
0.0
 10
0.876
 20
-4.179
 30
0.0
 10
0.991
 20
-3.962
 30
0.0
 10
1.076
 20
-3.726
 30
0.0
 10
1.223
 20
-3.528
 30
0.0
 10
1.223
 20
-3.528
 30
0.0
 10
1.348
 20
-3.477
 30
0.0
 10
1.46
 20
-3.514
 30
0.0
 10
1.484
 20
-3.641
 30
0.0
 10
1.484
 20
-3.641
 30
0.0
 10
1.526
 20
-3.966
 30
0.0
 10
1.268
 20
-4.222
 30
0.0
 10
1.231
 20
-4.533
 30
0.0
 10
1.231
 20
-4.533
 30
0.0
 10
1.298
 20
-4.624
 30
0.0
 10
1.389
 20
-4.695
 30
0.0
 10
1.469
 20
-4.774
 30
0.0
 10
1.469
 20
-4.774
 30
0.0
 10
1.534
 20
-4.617
 30
0.0
 10
1.59
 20
-4.453
 30
0.0
 10
1.686
 20
-4.312
 30
0.0
 10
1.686
 20
-4.312
 30
0.0
 10
1.831
 20
-4.142
 30
0.0
 10
2.036
 20
-4.045
 30
0.0
 10
2.237
 20
-3.958
 30
0.0
 10
2.237
 20
-3.958
 30
0.0
 10
2.195
 20
-3.698
 30
0.0
 10
2.158
 20
-3.436
 30
0.0
 10
2.081
 20
-3.184
 30
0.0
 10
2.081
 20
-3.184
 30
0.0
 10
1.914
 20
-3.059
 30
0.0
 10
1.686
 20
-3.061
 30
0.0
 10
1.496
 20
-2.992
 30
0.0
 10
1.496
 20
-2.992
 30
0.0
 10
1.332
 20
-2.943
 30
0.0
 10
1.083
 20
-2.913
 30
0.0
 10
1.042
 20
-2.708
 30
0.0
 10
1.042
 20
-2.708
 30
0.0
 10
0.989
 20
-2.592
 30
0.0
 10
1.076
 20
-2.465
 30
0.0
 10
1.182
 20
-2.435
 30
0.0
 10
1.182
 20
-2.435
 30
0.0
 10
1.459
 20
-2.428
 30
0.0
 10
1.714
 20
-2.546
 30
0.0
 10
1.976
 20
-2.616
 30
0.0
 10
1.976
 20
-2.616
 30
0.0
 10
1.915
 20
-2.536
 30
0.0
 10
1.966
 20
-2.372
 30
0.0
 10
1.867
 20
-2.311
 30
0.0
 10
1.867
 20
-2.311
 30
0.0
 10
1.673
 20
-2.237
 30
0.0
 10
1.468
 20
-2.193
 30
0.0
 10
1.276
 20
-2.114
 30
0.0
 10
1.276
 20
-2.114
 30
0.0
 10
1.169
 20
-2.06
 30
0.0
 10
1.188
 20
-1.895
 30
0.0
 10
1.148
 20
-1.811
 30
0.0
 10
1.148
 20
-1.811
 30
0.0
 10
1.38
 20
-1.815
 30
0.0
 10
1.606
 20
-1.872
 30
0.0
 10
1.836
 20
-1.9
 30
0.0
 10
1.836
 20
-1.9
 30
0.0
 10
1.77
 20
-1.661
 30
0.0
 10
1.516
 20
-1.456
 30
0.0
 10
1.635
 20
-1.193
 30
0.0
 10
1.635
 20
-1.193
 30
0.0
 10
1.746
 20
-0.953
 30
0.0
 10
2.121
 20
-0.964
 30
0.0
 10
2.248
 20
-1.183
 30
0.0
 10
2.248
 20
-1.183
 30
0.0
 10
2.395
 20
-1.4
 30
0.0
 10
2.188
 20
-1.644
 30
0.0
 10
2.177
 20
-1.873
 30
0.0
 10
2.177
 20
-1.873
 30
0.0
 10
2.367
 20
-1.736
 30
0.0
 10
2.586
 20
-1.596
 30
0.0
 10
2.657
 20
-1.358
 30
0.0
 10
2.657
 20
-1.358
 30
0.0
 10
2.744
 20
-1.147
 30
0.0
 10
2.976
 20
-1.061
 30
0.0
 10
3.15
 20
-0.94
 30
0.0
 10
3.15
 20
-0.94
 30
0.0
 10
3.148
 20
-0.874
 30
0.0
 10
3.143
 20
-0.743
 30
0.0
 10
3.14
 20
-0.678
 30
0.0
 10
3.14
 20
-0.678
 30
0.0
 10
2.966
 20
-0.776
 30
0.0
 10
2.803
 20
-0.892
 30
0.0
 10
2.638
 20
-1.005
 30
0.0
 10
2.638
 20
-1.005
 30
0.0
 10
2.57
 20
-0.922
 30
0.0
 10
2.426
 20
-0.818
 30
0.0
 10
2.517
 20
-0.702
 30
0.0
 10
2.517
 20
-0.702
 30
0.0
 10
2.643
 20
-0.552
 30
0.0
 10
2.813
 20
-0.446
 30
0.0
 10
2.957
 20
-0.313
 30
0.0
 10
2.957
 20
-0.313
 30
0.0
 10
2.796
 20
-0.148
 30
0.0
 10
2.63
 20
0.012
 30
0.0
 10
2.457
 20
0.164
 30
0.0
 10
2.457
 20
0.164
 30
0.0
 10
2.395
 20
-0.037
 30
0.0
 10
2.396
 20
-0.252
 30
0.0
 10
2.335
 20
-0.452
 30
0.0
 10
2.335
 20
-0.452
 30
0.0
 10
2.313
 20
-0.543
 30
0.0
 10
2.209
 20
-0.56
 30
0.0
 10
2.131
 20
-0.562
 30
0.0
 10
2.131
 20
-0.562
 30
0.0
 10
1.901
 20
-0.615
 30
0.0
 10
1.738
 20
-0.376
 30
0.0
 10
1.747
 20
-0.176
 30
0.0
 10
1.747
 20
-0.176
 30
0.0
 10
1.797
 20
0.036
 30
0.0
 10
2.017
 20
0.144
 30
0.0
 10
2.124
 20
0.326
 30
0.0
 10
2.124
 20
0.326
 30
0.0
 10
1.884
 20
0.364
 30
0.0
 10
1.641
 20
0.376
 30
0.0
 10
1.398
 20
0.388
 30
0.0
 10
1.398
 20
0.388
 30
0.0
 10
1.398
 20
0.388
 30
0.0
 10
1.4
 20
0.388
 30
0.0
 10
1.4
 20
0.388
 30
0.0
  0
SPLINE
  5
73
330
1F
100
AcDbEntity
  8
Camada 1
 62
   183
100
AcDbSpline
210
0.0
220
0.0
230
1.0
 70
    11
 71
     3
 72
    20
 73
    16
 74
     0
 42
0.0000000001
 43
0.0000000001
 12
1.0
 22
0.0
 32
0.0
 13
1.0
 23
0.0
 33
0.0
 40
0.0
 40
0.0
 40
0.0
 40
0.0
 40
0.2
 40
0.2
 40
0.2
 40
0.2
 40
0.4
 40
0.4
 40
0.4
 40
0.4
 40
0.6
 40
0.6
 40
0.6
 40
0.6
 40
1.0
 40
1.0
 40
1.0
 40
1.0
 10
-4.846
 20
-0.547
 30
0.0
 10
-4.507
 20
-0.632
 30
0.0
 10
-4.171
 20
-0.734
 30
0.0
 10
-3.83
 20
-0.811
 30
0.0
 10
-3.83
 20
-0.811
 30
0.0
 10
-4.05
 20
-0.568
 30
0.0
 10
-4.248
 20
-0.299
 30
0.0
 10
-4.51
 20
-0.099
 30
0.0
 10
-4.51
 20
-0.099
 30
0.0
 10
-4.741
 20
-0.094
 30
0.0
 10
-4.842
 20
-0.353
 30
0.0
 10
-4.846
 20
-0.547
 30
0.0
 10
-4.846
 20
-0.547
 30
0.0
 10
-4.846
 20
-0.547
 30
0.0
 10
-4.846
 20
-0.547
 30
0.0
 10
-4.846
 20
-0.547
 30
0.0
  0
SPLINE
  5
74
330
1F
100
AcDbEntity
  8
Camada 1
 62
   183
100
AcDbSpline
210
0.0
220
0.0
230
1.0
 70
    11
 71
     3
 72
    20
 73
    16
 74
     0
 42
0.0000000001
 43
0.0000000001
 12
1.0
 22
0.0
 32
0.0
 13
1.0
 23
0.0
 33
0.0
 40
0.0
 40
0.0
 40
0.0
 40
0.0
 40
0.2
 40
0.2
 40
0.2
 40
0.2
 40
0.4
 40
0.4
 40
0.4
 40
0.4
 40
0.6
 40
0.6
 40
0.6
 40
0.6
 40
1.0
 40
1.0
 40
1.0
 40
1.0
 10
-2.678
 20
-0.773
 30
0.0
 10
-2.345
 20
-0.729
 30
0.0
 10
-2.019
 20
-0.651
 30
0.0
 10
-1.696
 20
-0.562
 30
0.0
 10
-1.696
 20
-0.562
 30
0.0
 10
-1.698
 20
-0.362
 30
0.0
 10
-1.786
 20
-0.187
 30
0.0
 10
-1.952
 20
-0.08
 30
0.0
 10
-1.952
 20
-0.08
 30
0.0
 10
-2.206
 20
-0.298
 30
0.0
 10
-2.452
 20
-0.526
 30
0.0
 10
-2.678
 20
-0.774
 30
0.0
 10
-2.678
 20
-0.774
 30
0.0
 10
-2.678
 20
-0.774
 30
0.0
 10
-2.678
 20
-0.773
 30
0.0
 10
-2.678
 20
-0.773
 30
0.0
  0
SPLINE
  5
75
330
1F
100
AcDbEntity
  8
Camada 1
 62
   183
100
AcDbSpline
210
0.0
220
0.0
230
1.0
 70
    11
 71
     3
 72
    24
 73
    20
 74
     0
 42
0.0000000001
 43
0.0000000001
 12
1.0
 22
0.0
 32
0.0
 13
1.0
 23
0.0
 33
0.0
 40
0.0
 40
0.0
 40
0.0
 40
0.0
 40
0.1666666666666667
 40
0.1666666666666667
 40
0.1666666666666667
 40
0.1666666666666667
 40
0.3333333333333333
 40
0.3333333333333333
 40
0.3333333333333333
 40
0.3333333333333333
 40
0.5
 40
0.5
 40
0.5
 40
0.5
 40
0.6666666666666666
 40
0.6666666666666666
 40
0.6666666666666666
 40
0.6666666666666666
 40
1.0
 40
1.0
 40
1.0
 40
1.0
 10
-0.423
 20
-0.266
 30
0.0
 10
-0.565
 20
-0.309
 30
0.0
 10
-0.648
 20
-0.44
 30
0.0
 10
-0.721
 20
-0.56
 30
0.0
 10
-0.721
 20
-0.56
 30
0.0
 10
-0.542
 20
-0.588
 30
0.0
 10
-0.36
 20
-0.594
 30
0.0
 10
-0.179
 20
-0.579
 30
0.0
 10
-0.179
 20
-0.579
 30
0.0
 10
-0.047
 20
-0.529
 30
0.0
 10
0.04
 20
-0.406
 30
0.0
 10
0.147
 20
-0.32
 30
0.0
 10
0.147
 20
-0.32
 30
0.0
 10
-0.03
 20
-0.24
 30
0.0
 10
-0.234
 20
-0.22
 30
0.0
 10
-0.423
 20
-0.267
 30
0.0
 10
-0.423
 20
-0.267
 30
0.0
 10
-0.423
 20
-0.267
 30
0.0
 10
-0.423
 20
-0.266
 30
0.0
 10
-0.423
 20
-0.266
 30
0.0
  0
SPLINE
  5
76
330
1F
100
AcDbEntity
  8
Camada 1
 62
   183
100
AcDbSpline
210
0.0
220
0.0
230
1.0
 70
    11
 71
     3
 72
    20
 73
    16
 74
     0
 42
0.0000000001
 43
0.0000000001
 12
1.0
 22
0.0
 32
0.0
 13
1.0
 23
0.0
 33
0.0
 40
0.0
 40
0.0
 40
0.0
 40
0.0
 40
0.2
 40
0.2
 40
0.2
 40
0.2
 40
0.4
 40
0.4
 40
0.4
 40
0.4
 40
0.6
 40
0.6
 40
0.6
 40
0.6
 40
1.0
 40
1.0
 40
1.0
 40
1.0
 10
-3.43
 20
-0.823
 30
0.0
 10
-3.724
 20
-0.911
 30
0.0
 10
-3.779
 20
-1.387
 30
0.0
 10
-3.48
 20
-1.514
 30
0.0
 10
-3.48
 20
-1.514
 30
0.0
 10
-3.189
 20
-1.684
 30
0.0
 10
-2.8
 20
-1.35
 30
0.0
 10
-2.929
 20
-1.034
 30
0.0
 10
-2.929
 20
-1.034
 30
0.0
 10
-2.987
 20
-0.826
 30
0.0
 10
-3.242
 20
-0.757
 30
0.0
 10
-3.43
 20
-0.823
 30
0.0
 10
-3.43
 20
-0.823
 30
0.0
 10
-3.43
 20
-0.823
 30
0.0
 10
-3.43
 20
-0.823
 30
0.0
 10
-3.43
 20
-0.823
 30
0.0
  0
SPLINE
  5
77
330
1F
100
AcDbEntity
  8
Camada 1
 62
   183
100
AcDbSpline
210
0.0
220
0.0
230
1.0
 70
    11
 71
     3
 72
    20
 73
    16
 74
     0
 42
0.0000000001
 43
0.0000000001
 12
1.0
 22
0.0
 32
0.0
 13
1.0
 23
0.0
 33
0.0
 40
0.0
 40
0.0
 40
0.0
 40
0.0
 40
0.2
 40
0.2
 40
0.2
 40
0.2
 40
0.4
 40
0.4
 40
0.4
 40
0.4
 40
0.6
 40
0.6
 40
0.6
 40
0.6
 40
1.0
 40
1.0
 40
1.0
 40
1.0
 10
-4.94
 20
-0.898
 30
0.0
 10
-5.053
 20
-1.07
 30
0.0
 10
-5.02
 20
-1.28
 30
0.0
 10
-4.943
 20
-1.46
 30
0.0
 10
-4.943
 20
-1.46
 30
0.0
 10
-4.612
 20
-1.365
 30
0.0
 10
-4.29
 20
-1.243
 30
0.0
 10
-3.962
 20
-1.138
 30
0.0
 10
-3.962
 20
-1.138
 30
0.0
 10
-4.284
 20
-1.043
 30
0.0
 10
-4.613
 20
-0.972
 30
0.0
 10
-4.94
 20
-0.898
 30
0.0
 10
-4.94
 20
-0.898
 30
0.0
 10
-4.94
 20
-0.898
 30
0.0
 10
-4.94
 20
-0.898
 30
0.0
 10
-4.94
 20
-0.898
 30
0.0
  0
SPLINE
  5
78
330
1F
100
AcDbEntity
  8
Camada 1
 62
   183
100
AcDbSpline
210
0.0
220
0.0
230
1.0
 70
    11
 71
     3
 72
    28
 73
    24
 74
     0
 42
0.0000000001
 43
0.0000000001
 12
1.0
 22
0.0
 32
0.0
 13
1.0
 23
0.0
 33
0.0
 40
0.0
 40
0.0
 40
0.0
 40
0.0
 40
0.1428571428571428
 40
0.1428571428571428
 40
0.1428571428571428
 40
0.1428571428571428
 40
0.2857142857142857
 40
0.2857142857142857
 40
0.2857142857142857
 40
0.2857142857142857
 40
0.4285714285714285
 40
0.4285714285714285
 40
0.4285714285714285
 40
0.4285714285714285
 40
0.5714285714285714
 40
0.5714285714285714
 40
0.5714285714285714
 40
0.5714285714285714
 40
0.7142857142857143
 40
0.7142857142857143
 40
0.7142857142857143
 40
0.7142857142857143
 40
1.0
 40
1.0
 40
1.0
 40
1.0
 10
-2.641
 20
-1.171
 30
0.0
 10
-2.359
 20
-1.269
 30
0.0
 10
-2.079
 20
-1.376
 30
0.0
 10
-1.789
 20
-1.448
 30
0.0
 10
-1.789
 20
-1.448
 30
0.0
 10
-1.719
 20
-1.467
 30
0.0
 10
-1.628
 20
-1.465
 30
0.0
 10
-1.587
 20
-1.396
 30
0.0
 10
-1.587
 20
-1.396
 30
0.0
 10
-1.525
 20
-1.286
 30
0.0
 10
-1.544
 20
-1.15
 30
0.0
 10
-1.522
 20
-1.032
 30
0.0
 10
-1.522
 20
-1.032
 30
0.0
 10
-1.557
 20
-1.003
 30
0.0
 10
-1.591
 20
-0.975
 30
0.0
 10
-1.626
 20
-0.946
 30
0.0
 10
-1.626
 20
-0.946
 30
0.0
 10
-1.969
 20
-0.997
 30
0.0
 10
-2.304
 20
-1.09
 30
0.0
 10
-2.641
 20
-1.171
 30
0.0
 10
-2.641
 20
-1.171
 30
0.0
 10
-2.641
 20
-1.171
 30
0.0
 10
-2.641
 20
-1.171
 30
0.0
 10
-2.641
 20
-1.171
 30
0.0
  0
SPLINE
  5
79
330
1F
100
AcDbEntity
  8
Camada 1
 62
   183
100
AcDbSpline
210
0.0
220
0.0
230
1.0
 70
    11
 71
     3
 72
    28
 73
    24
 74
     0
 42
0.0000000001
 43
0.0000000001
 12
1.0
 22
0.0
 32
0.0
 13
1.0
 23
0.0
 33
0.0
 40
0.0
 40
0.0
 40
0.0
 40
0.0
 40
0.1428571428571428
 40
0.1428571428571428
 40
0.1428571428571428
 40
0.1428571428571428
 40
0.2857142857142857
 40
0.2857142857142857
 40
0.2857142857142857
 40
0.2857142857142857
 40
0.4285714285714285
 40
0.4285714285714285
 40
0.4285714285714285
 40
0.4285714285714285
 40
0.5714285714285714
 40
0.5714285714285714
 40
0.5714285714285714
 40
0.5714285714285714
 40
0.7142857142857143
 40
0.7142857142857143
 40
0.7142857142857143
 40
0.7142857142857143
 40
1.0
 40
1.0
 40
1.0
 40
1.0
 10
2.831
 20
-1.765
 30
0.0
 10
2.729
 20
-1.996
 30
0.0
 10
2.477
 20
-2.099
 30
0.0
 10
2.297
 20
-2.258
 30
0.0
 10
2.297
 20
-2.258
 30
0.0
 10
2.321
 20
-2.353
 30
0.0
 10
2.346
 20
-2.449
 30
0.0
 10
2.373
 20
-2.544
 30
0.0
 10
2.373
 20
-2.544
 30
0.0
 10
2.649
 20
-2.336
 30
0.0
 10
2.886
 20
-2.061
 30
0.0
 10
3.215
 20
-1.934
 30
0.0
 10
3.215
 20
-1.934
 30
0.0
 10
3.201
 20
-1.75
 30
0.0
 10
3.184
 20
-1.566
 30
0.0
 10
3.167
 20
-1.383
 30
0.0
 10
3.167
 20
-1.383
 30
0.0
 10
3.041
 20
-1.497
 30
0.0
 10
2.897
 20
-1.605
 30
0.0
 10
2.831
 20
-1.766
 30
0.0
 10
2.831
 20
-1.766
 30
0.0
 10
2.831
 20
-1.766
 30
0.0
 10
2.831
 20
-1.765
 30
0.0
 10
2.831
 20
-1.765
 30
0.0
  0
SPLINE
  5
7A
330
1F
100
AcDbEntity
  8
Camada 1
 62
   183
100
AcDbSpline
210
0.0
220
0.0
230
1.0
 70
    11
 71
     3
 72
    20
 73
    16
 74
     0
 42
0.0000000001
 43
0.0000000001
 12
1.0
 22
0.0
 32
0.0
 13
1.0
 23
0.0
 33
0.0
 40
0.0
 40
0.0
 40
0.0
 40
0.0
 40
0.2
 40
0.2
 40
0.2
 40
0.2
 40
0.4
 40
0.4
 40
0.4
 40
0.4
 40
0.6
 40
0.6
 40
0.6
 40
0.6
 40
1.0
 40
1.0
 40
1.0
 40
1.0
 10
-4.849
 20
-1.72
 30
0.0
 10
-4.837
 20
-1.922
 30
0.0
 10
-4.711
 20
-2.077
 30
0.0
 10
-4.548
 20
-2.179
 30
0.0
 10
-4.548
 20
-2.179
 30
0.0
 10
-4.331
 20
-1.953
 30
0.0
 10
-4.118
 20
-1.722
 30
0.0
 10
-3.924
 20
-1.475
 30
0.0
 10
-3.924
 20
-1.475
 30
0.0
 10
-4.239
 20
-1.529
 30
0.0
 10
-4.55
 20
-1.608
 30
0.0
 10
-4.849
 20
-1.721
 30
0.0
 10
-4.849
 20
-1.721
 30
0.0
 10
-4.849
 20
-1.721
 30
0.0
 10
-4.849
 20
-1.72
 30
0.0
 10
-4.849
 20
-1.72
 30
0.0
  0
SPLINE
  5
7B
330
1F
100
AcDbEntity
  8
Camada 1
 62
   183
100
AcDbSpline
210
0.0
220
0.0
230
1.0
 70
    11
 71
     3
 72
    20
 73
    16
 74
     0
 42
0.0000000001
 43
0.0000000001
 12
1.0
 22
0.0
 32
0.0
 13
1.0
 23
0.0
 33
0.0
 40
0.0
 40
0.0
 40
0.0
 40
0.0
 40
0.2
 40
0.2
 40
0.2
 40
0.2
 40
0.4
 40
0.4
 40
0.4
 40
0.4
 40
0.6
 40
0.6
 40
0.6
 40
0.6
 40
1.0
 40
1.0
 40
1.0
 40
1.0
 10
-2.674
 20
-1.477
 30
0.0
 10
-2.425
 20
-1.724
 30
0.0
 10
-2.231
 20
-2.05
 30
0.0
 10
-1.9
 20
-2.2
 30
0.0
 10
-1.9
 20
-2.2
 30
0.0
 10
-1.807
 20
-2.048
 30
0.0
 10
-1.716
 20
-1.894
 30
0.0
 10
-1.657
 20
-1.726
 30
0.0
 10
-1.657
 20
-1.726
 30
0.0
 10
-1.99
 20
-1.619
 30
0.0
 10
-2.332
 20
-1.546
 30
0.0
 10
-2.674
 20
-1.477
 30
0.0
 10
-2.674
 20
-1.477
 30
0.0
 10
-2.674
 20
-1.477
 30
0.0
 10
-2.674
 20
-1.477
 30
0.0
 10
-2.674
 20
-1.477
 30
0.0
  0
SPLINE
  5
7C
330
1F
100
AcDbEntity
  8
Camada 1
 62
   183
100
AcDbSpline
210
0.0
220
0.0
230
1.0
 70
    11
 71
     3
 72
    20
 73
    16
 74
     0
 42
0.0000000001
 43
0.0000000001
 12
1.0
 22
0.0
 32
0.0
 13
1.0
 23
0.0
 33
0.0
 40
0.0
 40
0.0
 40
0.0
 40
0.0
 40
0.2
 40
0.2
 40
0.2
 40
0.2
 40
0.4
 40
0.4
 40
0.4
 40
0.4
 40
0.6
 40
0.6
 40
0.6
 40
0.6
 40
1.0
 40
1.0
 40
1.0
 40
1.0
 10
-4.362
 20
-2.403
 30
0.0
 10
-4.377
 20
-2.623
 30
0.0
 10
-4.094
 20
-2.677
 30
0.0
 10
-3.936
 20
-2.713
 30
0.0
 10
-3.936
 20
-2.713
 30
0.0
 10
-3.804
 20
-2.38
 30
0.0
 10
-3.719
 20
-2.031
 30
0.0
 10
-3.621
 20
-1.688
 30
0.0
 10
-3.621
 20
-1.688
 30
0.0
 10
-3.885
 20
-1.907
 30
0.0
 10
-4.152
 20
-2.13
 30
0.0
 10
-4.362
 20
-2.403
 30
0.0
 10
-4.362
 20
-2.403
 30
0.0
 10
-4.362
 20
-2.403
 30
0.0
 10
-4.362
 20
-2.403
 30
0.0
 10
-4.362
 20
-2.403
 30
0.0
  0
SPLINE
  5
7D
330
1F
100
AcDbEntity
  8
Camada 1
 62
   183
100
AcDbSpline
210
0.0
220
0.0
230
1.0
 70
    11
 71
     3
 72
    24
 73
    20
 74
     0
 42
0.0000000001
 43
0.0000000001
 12
1.0
 22
0.0
 32
0.0
 13
1.0
 23
0.0
 33
0.0
 40
0.0
 40
0.0
 40
0.0
 40
0.0
 40
0.1666666666666667
 40
0.1666666666666667
 40
0.1666666666666667
 40
0.1666666666666667
 40
0.3333333333333333
 40
0.3333333333333333
 40
0.3333333333333333
 40
0.3333333333333333
 40
0.5
 40
0.5
 40
0.5
 40
0.5
 40
0.6666666666666666
 40
0.6666666666666666
 40
0.6666666666666666
 40
0.6666666666666666
 40
1.0
 40
1.0
 40
1.0
 40
1.0
 10
-2.953
 20
-1.687
 30
0.0
 10
-2.88
 20
-1.994
 30
0.0
 10
-2.819
 20
-2.303
 30
0.0
 10
-2.732
 20
-2.606
 30
0.0
 10
-2.732
 20
-2.606
 30
0.0
 10
-2.707
 20
-2.687
 30
0.0
 10
-2.611
 20
-2.726
 30
0.0
 10
-2.533
 20
-2.713
 30
0.0
 10
-2.533
 20
-2.713
 30
0.0
 10
-2.391
 20
-2.663
 30
0.0
 10
-2.281
 20
-2.555
 30
0.0
 10
-2.186
 20
-2.443
 30
0.0
 10
-2.186
 20
-2.443
 30
0.0
 10
-2.436
 20
-2.185
 30
0.0
 10
-2.69
 20
-1.931
 30
0.0
 10
-2.953
 20
-1.687
 30
0.0
 10
-2.953
 20
-1.687
 30
0.0
 10
-2.953
 20
-1.687
 30
0.0
 10
-2.953
 20
-1.687
 30
0.0
 10
-2.953
 20
-1.687
 30
0.0
  0
SPLINE
  5
7E
330
1F
100
AcDbEntity
  8
Camada 1
 62
   183
100
AcDbSpline
210
0.0
220
0.0
230
1.0
 70
    11
 71
     3
 72
    24
 73
    20
 74
     0
 42
0.0000000001
 43
0.0000000001
 12
1.0
 22
0.0
 32
0.0
 13
1.0
 23
0.0
 33
0.0
 40
0.0
 40
0.0
 40
0.0
 40
0.0
 40
0.1666666666666667
 40
0.1666666666666667
 40
0.1666666666666667
 40
0.1666666666666667
 40
0.3333333333333333
 40
0.3333333333333333
 40
0.3333333333333333
 40
0.3333333333333333
 40
0.5
 40
0.5
 40
0.5
 40
0.5
 40
0.6666666666666666
 40
0.6666666666666666
 40
0.6666666666666666
 40
0.6666666666666666
 40
1.0
 40
1.0
 40
1.0
 40
1.0
 10
-6.374
 20
-1.797
 30
0.0
 10
-6.495
 20
-1.859
 30
0.0
 10
-6.575
 20
-1.974
 30
0.0
 10
-6.648
 20
-2.085
 30
0.0
 10
-6.648
 20
-2.085
 30
0.0
 10
-6.48
 20
-2.107
 30
0.0
 10
-6.31
 20
-2.112
 30
0.0
 10
-6.141
 20
-2.099
 30
0.0
 10
-6.141
 20
-2.099
 30
0.0
 10
-5.987
 20
-2.059
 30
0.0
 10
-5.904
 20
-1.902
 30
0.0
 10
-5.789
 20
-1.807
 30
0.0
 10
-5.789
 20
-1.807
 30
0.0
 10
-5.972
 20
-1.732
 30
0.0
 10
-6.194
 20
-1.7
 30
0.0
 10
-6.375
 20
-1.797
 30
0.0
 10
-6.375
 20
-1.797
 30
0.0
 10
-6.375
 20
-1.797
 30
0.0
 10
-6.374
 20
-1.797
 30
0.0
 10
-6.374
 20
-1.797
 30
0.0
  0
SPLINE
  5
7F
330
1F
100
AcDbEntity
  8
Camada 1
 62
   183
100
AcDbSpline
210
0.0
220
0.0
230
1.0
 70
    11
 71
     3
 72
    20
 73
    16
 74
     0
 42
0.0000000001
 43
0.0000000001
 12
1.0
 22
0.0
 32
0.0
 13
1.0
 23
0.0
 33
0.0
 40
0.0
 40
0.0
 40
0.0
 40
0.0
 40
0.2
 40
0.2
 40
0.2
 40
0.2
 40
0.4
 40
0.4
 40
0.4
 40
0.4
 40
0.6
 40
0.6
 40
0.6
 40
0.6
 40
1.0
 40
1.0
 40
1.0
 40
1.0
 10
-3.57
 20
-2.802
 30
0.0
 10
-3.391
 20
-2.882
 30
0.0
 10
-3.185
 20
-2.88
 30
0.0
 10
-3.004
 20
-2.805
 30
0.0
 10
-3.004
 20
-2.805
 30
0.0
 10
-3.073
 20
-2.461
 30
0.0
 10
-3.162
 20
-2.121
 30
0.0
 10
-3.258
 20
-1.784
 30
0.0
 10
-3.258
 20
-1.784
 30
0.0
 10
-3.389
 20
-2.114
 30
0.0
 10
-3.482
 20
-2.458
 30
0.0
 10
-3.57
 20
-2.802
 30
0.0
 10
-3.57
 20
-2.802
 30
0.0
 10
-3.57
 20
-2.802
 30
0.0
 10
-3.57
 20
-2.802
 30
0.0
 10
-3.57
 20
-2.802
 30
0.0
  0
SPLINE
  5
80
330
1F
100
AcDbEntity
  8
Camada 1
 62
   183
100
AcDbSpline
210
0.0
220
0.0
230
1.0
 70
    11
 71
     3
 72
   264
 73
   260
 74
     0
 42
0.0000000001
 43
0.0000000001
 12
1.0
 22
0.0
 32
0.0
 13
1.0
 23
0.0
 33
0.0
 40
0.0
 40
0.0
 40
0.0
 40
0.0
 40
0.0151515151515152
 40
0.0151515151515152
 40
0.0151515151515152
 40
0.0151515151515152
 40
0.0303030303030303
 40
0.0303030303030303
 40
0.0303030303030303
 40
0.0303030303030303
 40
0.0454545454545455
 40
0.0454545454545455
 40
0.0454545454545455
 40
0.0454545454545455
 40
0.0606060606060606
 40
0.0606060606060606
 40
0.0606060606060606
 40
0.0606060606060606
 40
0.0757575757575758
 40
0.0757575757575758
 40
0.0757575757575758
 40
0.0757575757575758
 40
0.0909090909090909
 40
0.0909090909090909
 40
0.0909090909090909
 40
0.0909090909090909
 40
0.1060606060606061
 40
0.1060606060606061
 40
0.1060606060606061
 40
0.1060606060606061
 40
0.1212121212121212
 40
0.1212121212121212
 40
0.1212121212121212
 40
0.1212121212121212
 40
0.1363636363636364
 40
0.1363636363636364
 40
0.1363636363636364
 40
0.1363636363636364
 40
0.1515151515151515
 40
0.1515151515151515
 40
0.1515151515151515
 40
0.1515151515151515
 40
0.1666666666666667
 40
0.1666666666666667
 40
0.1666666666666667
 40
0.1666666666666667
 40
0.1818181818181818
 40
0.1818181818181818
 40
0.1818181818181818
 40
0.1818181818181818
 40
0.196969696969697
 40
0.196969696969697
 40
0.196969696969697
 40
0.196969696969697
 40
0.2121212121212121
 40
0.2121212121212121
 40
0.2121212121212121
 40
0.2121212121212121
 40
0.2272727272727273
 40
0.2272727272727273
 40
0.2272727272727273
 40
0.2272727272727273
 40
0.2424242424242424
 40
0.2424242424242424
 40
0.2424242424242424
 40
0.2424242424242424
 40
0.2575757575757576
 40
0.2575757575757576
 40
0.2575757575757576
 40
0.2575757575757576
 40
0.2727272727272727
 40
0.2727272727272727
 40
0.2727272727272727
 40
0.2727272727272727
 40
0.2878787878787879
 40
0.2878787878787879
 40
0.2878787878787879
 40
0.2878787878787879
 40
0.303030303030303
 40
0.303030303030303
 40
0.303030303030303
 40
0.303030303030303
 40
0.3181818181818182
 40
0.3181818181818182
 40
0.3181818181818182
 40
0.3181818181818182
 40
0.3333333333333333
 40
0.3333333333333333
 40
0.3333333333333333
 40
0.3333333333333333
 40
0.3484848484848485
 40
0.3484848484848485
 40
0.3484848484848485
 40
0.3484848484848485
 40
0.3636363636363636
 40
0.3636363636363636
 40
0.3636363636363636
 40
0.3636363636363636
 40
0.3787878787878788
 40
0.3787878787878788
 40
0.3787878787878788
 40
0.3787878787878788
 40
0.3939393939393939
 40
0.3939393939393939
 40
0.3939393939393939
 40
0.3939393939393939
 40
0.4090909090909091
 40
0.4090909090909091
 40
0.4090909090909091
 40
0.4090909090909091
 40
0.4242424242424243
 40
0.4242424242424243
 40
0.4242424242424243
 40
0.4242424242424243
 40
0.4393939393939394
 40
0.4393939393939394
 40
0.4393939393939394
 40
0.4393939393939394
 40
0.4545454545454545
 40
0.4545454545454545
 40
0.4545454545454545
 40
0.4545454545454545
 40
0.4696969696969697
 40
0.4696969696969697
 40
0.4696969696969697
 40
0.4696969696969697
 40
0.4848484848484849
 40
0.4848484848484849
 40
0.4848484848484849
 40
0.4848484848484849
 40
0.5
 40
0.5
 40
0.5
 40
0.5
 40
0.5151515151515151
 40
0.5151515151515151
 40
0.5151515151515151
 40
0.5151515151515151
 40
0.5303030303030303
 40
0.5303030303030303
 40
0.5303030303030303
 40
0.5303030303030303
 40
0.5454545454545454
 40
0.5454545454545454
 40
0.5454545454545454
 40
0.5454545454545454
 40
0.5606060606060606
 40
0.5606060606060606
 40
0.5606060606060606
 40
0.5606060606060606
 40
0.5757575757575758
 40
0.5757575757575758
 40
0.5757575757575758
 40
0.5757575757575758
 40
0.5909090909090909
 40
0.5909090909090909
 40
0.5909090909090909
 40
0.5909090909090909
 40
0.6060606060606061
 40
0.6060606060606061
 40
0.6060606060606061
 40
0.6060606060606061
 40
0.6212121212121212
 40
0.6212121212121212
 40
0.6212121212121212
 40
0.6212121212121212
 40
0.6363636363636364
 40
0.6363636363636364
 40
0.6363636363636364
 40
0.6363636363636364
 40
0.6515151515151515
 40
0.6515151515151515
 40
0.6515151515151515
 40
0.6515151515151515
 40
0.6666666666666666
 40
0.6666666666666666
 40
0.6666666666666666
 40
0.6666666666666666
 40
0.6818181818181818
 40
0.6818181818181818
 40
0.6818181818181818
 40
0.6818181818181818
 40
0.696969696969697
 40
0.696969696969697
 40
0.696969696969697
 40
0.696969696969697
 40
0.7121212121212122
 40
0.7121212121212122
 40
0.7121212121212122
 40
0.7121212121212122
 40
0.7272727272727273
 40
0.7272727272727273
 40
0.7272727272727273
 40
0.7272727272727273
 40
0.7424242424242424
 40
0.7424242424242424
 40
0.7424242424242424
 40
0.7424242424242424
 40
0.7575757575757576
 40
0.7575757575757576
 40
0.7575757575757576
 40
0.7575757575757576
 40
0.7727272727272727
 40
0.7727272727272727
 40
0.7727272727272727
 40
0.7727272727272727
 40
0.7878787878787878
 40
0.7878787878787878
 40
0.7878787878787878
 40
0.7878787878787878
 40
0.803030303030303
 40
0.803030303030303
 40
0.803030303030303
 40
0.803030303030303
 40
0.8181818181818182
 40
0.8181818181818182
 40
0.8181818181818182
 40
0.8181818181818182
 40
0.8333333333333334
 40
0.8333333333333334
 40
0.8333333333333334
 40
0.8333333333333334
 40
0.8484848484848485
 40
0.8484848484848485
 40
0.8484848484848485
 40
0.8484848484848485
 40
0.8636363636363636
 40
0.8636363636363636
 40
0.8636363636363636
 40
0.8636363636363636
 40
0.8787878787878788
 40
0.8787878787878788
 40
0.8787878787878788
 40
0.8787878787878788
 40
0.8939393939393939
 40
0.8939393939393939
 40
0.8939393939393939
 40
0.8939393939393939
 40
0.9090909090909091
 40
0.9090909090909091
 40
0.9090909090909091
 40
0.9090909090909091
 40
0.9242424242424242
 40
0.9242424242424242
 40
0.9242424242424242
 40
0.9242424242424242
 40
0.9393939393939394
 40
0.9393939393939394
 40
0.9393939393939394
 40
0.9393939393939394
 40
0.9545454545454546
 40
0.9545454545454546
 40
0.9545454545454546
 40
0.9545454545454546
 40
0.9696969696969697
 40
0.9696969696969697
 40
0.9696969696969697
 40
0.9696969696969697
 40
1.0
 40
1.0
 40
1.0
 40
1.0
 10
-1.968
 20
-2.75
 30
0.0
 10
-2.071
 20
-2.854
 30
0.0
 10
-2.178
 20
-2.954
 30
0.0
 10
-2.288
 20
-3.05
 30
0.0
 10
-2.288
 20
-3.05
 30
0.0
 10
-2.269
 20
-3.224
 30
0.0
 10
-2.254
 20
-3.399
 30
0.0
 10
-2.271
 20
-3.574
 30
0.0
 10
-2.271
 20
-3.574
 30
0.0
 10
-2.307
 20
-3.733
 30
0.0
 10
-2.397
 20
-3.874
 30
0.0
 10
-2.469
 20
-4.02
 30
0.0
 10
-2.469
 20
-4.02
 30
0.0
 10
-2.797
 20
-3.945
 30
0.0
 10
-2.995
 20
-3.641
 30
0.0
 10
-3.08
 20
-3.335
 30
0.0
 10
-3.08
 20
-3.335
 30
0.0
 10
-3.293
 20
-3.349
 30
0.0
 10
-3.515
 20
-3.331
 30
0.0
 10
-3.698
 20
-3.212
 30
0.0
 10
-3.698
 20
-3.212
 30
0.0
 10
-3.709
 20
-3.323
 30
0.0
 10
-3.742
 20
-3.435
 30
0.0
 10
-3.73
 20
-3.548
 30
0.0
 10
-3.73
 20
-3.548
 30
0.0
 10
-3.677
 20
-3.769
 30
0.0
 10
-3.544
 20
-3.982
 30
0.0
 10
-3.604
 20
-4.218
 30
0.0
 10
-3.604
 20
-4.218
 30
0.0
 10
-3.65
 20
-4.494
 30
0.0
 10
-3.916
 20
-4.653
 30
0.0
 10
-4.105
 20
-4.827
 30
0.0
 10
-4.105
 20
-4.827
 30
0.0
 10
-4.035
 20
-4.922
 30
0.0
 10
-3.952
 20
-5.022
 30
0.0
 10
-3.957
 20
-5.148
 30
0.0
 10
-3.957
 20
-5.148
 30
0.0
 10
-4.023
 20
-5.479
 30
0.0
 10
-3.669
 20
-5.721
 30
0.0
 10
-3.781
 20
-6.053
 30
0.0
 10
-3.781
 20
-6.053
 30
0.0
 10
-3.809
 20
-6.309
 30
0.0
 10
-4.05
 20
-6.454
 30
0.0
 10
-4.254
 20
-6.57
 30
0.0
 10
-4.254
 20
-6.57
 30
0.0
 10
-4.362
 20
-6.62
 30
0.0
 10
-4.382
 20
-6.746
 30
0.0
 10
-4.423
 20
-6.846
 30
0.0
 10
-4.423
 20
-6.846
 30
0.0
 10
-4.146
 20
-6.812
 30
0.0
 10
-3.871
 20
-6.767
 30
0.0
 10
-3.596
 20
-6.726
 30
0.0
 10
-3.596
 20
-6.726
 30
0.0
 10
-3.523
 20
-6.572
 30
0.0
 10
-3.491
 20
-6.34
 30
0.0
 10
-3.302
 20
-6.282
 30
0.0
 10
-3.302
 20
-6.282
 30
0.0
 10
-3.029
 20
-6.227
 30
0.0
 10
-2.788
 20
-6.53
 30
0.0
 10
-2.909
 20
-6.782
 30
0.0
 10
-2.909
 20
-6.782
 30
0.0
 10
-2.967
 20
-6.922
 30
0.0
 10
-3.127
 20
-6.951
 30
0.0
 10
-3.258
 20
-6.98
 30
0.0
 10
-3.258
 20
-6.98
 30
0.0
 10
-3.341
 20
-7.348
 30
0.0
 10
-3.489
 20
-7.702
 30
0.0
 10
-3.518
 20
-8.081
 30
0.0
 10
-3.518
 20
-8.081
 30
0.0
 10
-3.244
 20
-8.019
 30
0.0
 10
-3.242
 20
-7.683
 30
0.0
 10
-3.021
 20
-7.552
 30
0.0
 10
-3.021
 20
-7.552
 30
0.0
 10
-2.805
 20
-7.366
 30
0.0
 10
-2.485
 20
-7.435
 30
0.0
 10
-2.257
 20
-7.562
 30
0.0
 10
-2.257
 20
-7.562
 30
0.0
 10
-1.945
 20
-7.729
 30
0.0
 10
-1.579
 20
-7.611
 30
0.0
 10
-1.261
 20
-7.527
 30
0.0
 10
-1.261
 20
-7.527
 30
0.0
 10
-1.332
 20
-7.394
 30
0.0
 10
-1.437
 20
-7.274
 30
0.0
 10
-1.467
 20
-7.124
 30
0.0
 10
-1.467
 20
-7.124
 30
0.0
 10
-1.489
 20
-6.996
 30
0.0
 10
-1.303
 20
-6.939
 30
0.0
 10
-1.208
 20
-6.996
 30
0.0
 10
-1.208
 20
-6.996
 30
0.0
 10
-1.039
 20
-7.15
 30
0.0
 10
-0.907
 20
-7.337
 30
0.0
 10
-0.767
 20
-7.517
 30
0.0
 10
-0.767
 20
-7.517
 30
0.0
 10
-0.626
 20
-7.479
 30
0.0
 10
-0.484
 20
-7.442
 30
0.0
 10
-0.342
 20
-7.406
 30
0.0
 10
-0.342
 20
-7.406
 30
0.0
 10
-0.509
 20
-7.184
 30
0.0
 10
-0.722
 20
-6.976
 30
0.0
 10
-0.77
 20
-6.69
 30
0.0
 10
-0.77
 20
-6.69
 30
0.0
 10
-0.654
 20
-6.668
 30
0.0
 10
-0.508
 20
-6.596
 30
0.0
 10
-0.41
 20
-6.699
 30
0.0
 10
-0.41
 20
-6.699
 30
0.0
 10
-0.235
 20
-6.868
 30
0.0
 10
-0.117
 20
-7.088
 30
0.0
 10
0.063
 20
-7.251
 30
0.0
 10
0.063
 20
-7.251
 30
0.0
 10
0.188
 20
-7.325
 30
0.0
 10
0.338
 20
-7.216
 30
0.0
 10
0.469
 20
-7.218
 30
0.0
 10
0.469
 20
-7.218
 30
0.0
 10
0.35
 20
-7.055
 30
0.0
 10
0.226
 20
-6.893
 30
0.0
 10
0.147
 20
-6.706
 30
0.0
 10
0.147
 20
-6.706
 30
0.0
 10
0.082
 20
-6.524
 30
0.0
 10
0.086
 20
-6.326
 30
0.0
 10
0.094
 20
-6.136
 30
0.0
 10
0.094
 20
-6.136
 30
0.0
 10
-0.173
 20
-6.051
 30
0.0
 10
-0.444
 20
-5.977
 30
0.0
 10
-0.718
 20
-5.917
 30
0.0
 10
-0.718
 20
-5.917
 30
0.0
 10
-0.89
 20
-6.116
 30
0.0
 10
-1.058
 20
-6.321
 30
0.0
 10
-1.252
 20
-6.499
 30
0.0
 10
-1.252
 20
-6.499
 30
0.0
 10
-1.339
 20
-6.571
 30
0.0
 10
-1.431
 20
-6.679
 30
0.0
 10
-1.564
 20
-6.62
 30
0.0
 10
-1.564
 20
-6.62
 30
0.0
 10
-1.734
 20
-6.58
 30
0.0
 10
-1.76
 20
-6.349
 30
0.0
 10
-1.666
 20
-6.225
 30
0.0
 10
-1.666
 20
-6.225
 30
0.0
 10
-1.538
 20
-6.052
 30
0.0
 10
-1.372
 20
-5.912
 30
0.0
 10
-1.235
 20
-5.747
 30
0.0
 10
-1.235
 20
-5.747
 30
0.0
 10
-1.329
 20
-5.727
 30
0.0
 10
-1.43
 20
-5.67
 30
0.0
 10
-1.526
 20
-5.699
 30
0.0
 10
-1.526
 20
-5.699
 30
0.0
 10
-1.721
 20
-5.84
 30
0.0
 10
-1.833
 20
-6.076
 30
0.0
 10
-2.048
 20
-6.195
 30
0.0
 10
-2.048
 20
-6.195
 30
0.0
 10
-2.128
 20
-6.249
 30
0.0
 10
-2.193
 20
-6.142
 30
0.0
 10
-2.24
 20
-6.089
 30
0.0
 10
-2.24
 20
-6.089
 30
0.0
 10
-2.268
 20
-5.846
 30
0.0
 10
-2.035
 20
-5.707
 30
0.0
 10
-1.915
 20
-5.532
 30
0.0
 10
-1.915
 20
-5.532
 30
0.0
 10
-2.061
 20
-5.522
 30
0.0
 10
-2.205
 20
-5.55
 30
0.0
 10
-2.351
 20
-5.554
 30
0.0
 10
-2.351
 20
-5.554
 30
0.0
 10
-2.586
 20
-5.556
 30
0.0
 10
-2.721
 20
-5.261
 30
0.0
 10
-2.658
 20
-5.059
 30
0.0
 10
-2.658
 20
-5.059
 30
0.0
 10
-2.6
 20
-4.852
 30
0.0
 10
-2.327
 20
-4.76
 30
0.0
 10
-2.148
 20
-4.874
 30
0.0
 10
-2.148
 20
-4.874
 30
0.0
 10
-2.027
 20
-4.972
 30
0.0
 10
-1.938
 20
-5.106
 30
0.0
 10
-1.802
 20
-5.187
 30
0.0
 10
-1.802
 20
-5.187
 30
0.0
 10
-1.806
 20
-4.965
 30
0.0
 10
-1.816
 20
-4.743
 30
0.0
 10
-1.823
 20
-4.521
 30
0.0
 10
-1.823
 20
-4.521
 30
0.0
 10
-1.728
 20
-4.535
 30
0.0
 10
-1.595
 20
-4.518
 30
0.0
 10
-1.544
 20
-4.62
 30
0.0
 10
-1.544
 20
-4.62
 30
0.0
 10
-1.444
 20
-4.826
 30
0.0
 10
-1.466
 20
-5.067
 30
0.0
 10
-1.391
 20
-5.282
 30
0.0
 10
-1.391
 20
-5.282
 30
0.0
 10
-1.301
 20
-5.342
 30
0.0
 10
-1.193
 20
-5.365
 30
0.0
 10
-1.092
 20
-5.397
 30
0.0
 10
-1.092
 20
-5.397
 30
0.0
 10
-1.126
 20
-5.18
 30
0.0
 10
-1.186
 20
-4.968
 30
0.0
 10
-1.212
 20
-4.75
 30
0.0
 10
-1.212
 20
-4.75
 30
0.0
 10
-1.222
 20
-4.655
 30
0.0
 10
-1.193
 20
-4.545
 30
0.0
 10
-1.109
 20
-4.49
 30
0.0
 10
-1.109
 20
-4.49
 30
0.0
 10
-0.999
 20
-4.409
 30
0.0
 10
-0.84
 20
-4.49
 30
0.0
 10
-0.782
 20
-4.599
 30
0.0
 10
-0.782
 20
-4.599
 30
0.0
 10
-0.68
 20
-4.904
 30
0.0
 10
-0.644
 20
-5.226
 30
0.0
 10
-0.59
 20
-5.542
 30
0.0
 10
-0.59
 20
-5.542
 30
0.0
 10
-0.329
 20
-5.634
 30
0.0
 10
-0.066
 20
-5.722
 30
0.0
 10
0.201
 20
-5.797
 30
0.0
 10
0.201
 20
-5.797
 30
0.0
 10
0.378
 20
-5.442
 30
0.0
 10
0.705
 20
-5.17
 30
0.0
 10
1.106
 20
-5.116
 30
0.0
 10
1.106
 20
-5.116
 30
0.0
 10
1.033
 20
-5.024
 30
0.0
 10
0.961
 20
-4.93
 30
0.0
 10
0.889
 20
-4.837
 30
0.0
 10
0.889
 20
-4.837
 30
0.0
 10
0.628
 20
-4.909
 30
0.0
 10
0.376
 20
-5.018
 30
0.0
 10
0.109
 20
-5.065
 30
0.0
 10
0.109
 20
-5.065
 30
0.0
 10
-0.055
 20
-5.089
 30
0.0
 10
-0.128
 20
-4.889
 30
0.0
 10
-0.169
 20
-4.771
 30
0.0
 10
-0.169
 20
-4.771
 30
0.0
 10
0.061
 20
-4.658
 30
0.0
 10
0.299
 20
-4.564
 30
0.0
 10
0.538
 20
-4.472
 30
0.0
 10
0.538
 20
-4.472
 30
0.0
 10
0.456
 20
-4.377
 30
0.0
 10
0.375
 20
-4.283
 30
0.0
 10
0.292
 20
-4.189
 30
0.0
 10
0.292
 20
-4.189
 30
0.0
 10
0.051
 20
-4.261
 30
0.0
 10
-0.186
 20
-4.344
 30
0.0
 10
-0.435
 20
-4.384
 30
0.0
 10
-0.435
 20
-4.384
 30
0.0
 10
-0.474
 20
-4.341
 30
0.0
 10
-0.514
 20
-4.298
 30
0.0
 10
-0.553
 20
-4.255
 30
0.0
 10
-0.553
 20
-4.255
 30
0.0
 10
-0.533
 20
-4.158
 30
0.0
 10
-0.51
 20
-4.065
 30
0.0
 10
-0.487
 20
-3.969
 30
0.0
 10
-0.487
 20
-3.969
 30
0.0
 10
-0.791
 20
-3.925
 30
0.0
 10
-1.129
 20
-3.993
 30
0.0
 10
-1.396
 20
-3.804
 30
0.0
 10
-1.396
 20
-3.804
 30
0.0
 10
-1.609
 20
-3.672
 30
0.0
 10
-1.685
 20
-3.408
 30
0.0
 10
-1.726
 20
-3.176
 30
0.0
 10
-1.726
 20
-3.176
 30
0.0
 10
-1.718
 20
-2.991
 30
0.0
 10
-1.86
 20
-2.873
 30
0.0
 10
-1.971
 20
-2.752
 30
0.0
 10
-1.971
 20
-2.752
 30
0.0
 10
-1.971
 20
-2.752
 30
0.0
 10
-1.968
 20
-2.75
 30
0.0
 10
-1.968
 20
-2.75
 30
0.0
  0
SPLINE
  5
81
330
1F
100
AcDbEntity
  8
Camada 1
 62
   183
100
AcDbSpline
210
0.0
220
0.0
230
1.0
 70
    11
 71
     3
 72
    24
 73
    20
 74
     0
 42
0.0000000001
 43
0.0000000001
 12
1.0
 22
0.0
 32
0.0
 13
1.0
 23
0.0
 33
0.0
 40
0.0
 40
0.0
 40
0.0
 40
0.0
 40
0.1666666666666667
 40
0.1666666666666667
 40
0.1666666666666667
 40
0.1666666666666667
 40
0.3333333333333333
 40
0.3333333333333333
 40
0.3333333333333333
 40
0.3333333333333333
 40
0.5
 40
0.5
 40
0.5
 40
0.5
 40
0.6666666666666666
 40
0.6666666666666666
 40
0.6666666666666666
 40
0.6666666666666666
 40
1.0
 40
1.0
 40
1.0
 40
1.0
 10
-1.461
 20
-3.09
 30
0.0
 10
-1.414
 20
-3.233
 30
0.0
 10
-1.371
 20
-3.385
 30
0.0
 10
-1.265
 20
-3.497
 30
0.0
 10
-1.265
 20
-3.497
 30
0.0
 10
-1.133
 20
-3.637
 30
0.0
 10
-0.921
 20
-3.635
 30
0.0
 10
-0.745
 20
-3.65
 30
0.0
 10
-0.745
 20
-3.65
 30
0.0
 10
-0.792
 20
-3.507
 30
0.0
 10
-0.835
 20
-3.355
 30
0.0
 10
-0.941
 20
-3.243
 30
0.0
 10
-0.941
 20
-3.243
 30
0.0
 10
-1.073
 20
-3.103
 30
0.0
 10
-1.285
 20
-3.105
 30
0.0
 10
-1.461
 20
-3.09
 30
0.0
 10
-1.461
 20
-3.09
 30
0.0
 10
-1.461
 20
-3.09
 30
0.0
 10
-1.461
 20
-3.09
 30
0.0
 10
-1.461
 20
-3.09
 30
0.0
  0
SPLINE
  5
82
330
1F
100
AcDbEntity
  8
Camada 1
 62
   183
100
AcDbSpline
210
0.0
220
0.0
230
1.0
 70
    11
 71
     3
 72
    24
 73
    20
 74
     0
 42
0.0000000001
 43
0.0000000001
 12
1.0
 22
0.0
 32
0.0
 13
1.0
 23
0.0
 33
0.0
 40
0.0
 40
0.0
 40
0.0
 40
0.0
 40
0.1666666666666667
 40
0.1666666666666667
 40
0.1666666666666667
 40
0.1666666666666667
 40
0.3333333333333333
 40
0.3333333333333333
 40
0.3333333333333333
 40
0.3333333333333333
 40
0.5
 40
0.5
 40
0.5
 40
0.5
 40
0.6666666666666666
 40
0.6666666666666666
 40
0.6666666666666666
 40
0.6666666666666666
 40
1.0
 40
1.0
 40
1.0
 40
1.0
 10
-4.326
 20
-4.098
 30
0.0
 10
-4.328
 20
-4.254
 30
0.0
 10
-4.273
 20
-4.404
 30
0.0
 10
-4.233
 20
-4.553
 30
0.0
 10
-4.233
 20
-4.553
 30
0.0
 10
-4.117
 20
-4.416
 30
0.0
 10
-3.978
 20
-4.284
 30
0.0
 10
-3.93
 20
-4.106
 30
0.0
 10
-3.93
 20
-4.106
 30
0.0
 10
-3.906
 20
-3.948
 30
0.0
 10
-3.96
 20
-3.796
 30
0.0
 10
-4.018
 20
-3.652
 30
0.0
 10
-4.018
 20
-3.652
 30
0.0
 10
-4.137
 20
-3.786
 30
0.0
 10
-4.296
 20
-3.911
 30
0.0
 10
-4.326
 20
-4.098
 30
0.0
 10
-4.326
 20
-4.098
 30
0.0
 10
-4.326
 20
-4.098
 30
0.0
 10
-4.326
 20
-4.098
 30
0.0
 10
-4.326
 20
-4.098
 30
0.0
  0
SPLINE
  5
83
330
1F
100
AcDbEntity
  8
Camada 1
 62
   183
100
AcDbSpline
210
0.0
220
0.0
230
1.0
 70
    11
 71
     3
 72
    28
 73
    24
 74
     0
 42
0.0000000001
 43
0.0000000001
 12
1.0
 22
0.0
 32
0.0
 13
1.0
 23
0.0
 33
0.0
 40
0.0
 40
0.0
 40
0.0
 40
0.0
 40
0.1428571428571428
 40
0.1428571428571428
 40
0.1428571428571428
 40
0.1428571428571428
 40
0.2857142857142857
 40
0.2857142857142857
 40
0.2857142857142857
 40
0.2857142857142857
 40
0.4285714285714285
 40
0.4285714285714285
 40
0.4285714285714285
 40
0.4285714285714285
 40
0.5714285714285714
 40
0.5714285714285714
 40
0.5714285714285714
 40
0.5714285714285714
 40
0.7142857142857143
 40
0.7142857142857143
 40
0.7142857142857143
 40
0.7142857142857143
 40
1.0
 40
1.0
 40
1.0
 40
1.0
 10
2.811
 20
-4.324
 30
0.0
 10
2.849
 20
-4.476
 30
0.0
 10
2.852
 20
-4.641
 30
0.0
 10
2.92
 20
-4.785
 30
0.0
 10
2.92
 20
-4.785
 30
0.0
 10
3.018
 20
-4.914
 30
0.0
 10
3.133
 20
-5.029
 30
0.0
 10
3.235
 20
-5.155
 30
0.0
 10
3.235
 20
-5.155
 30
0.0
 10
3.318
 20
-5.118
 30
0.0
 10
3.416
 20
-5.098
 30
0.0
 10
3.48
 20
-5.029
 30
0.0
 10
3.48
 20
-5.029
 30
0.0
 10
3.547
 20
-4.93
 30
0.0
 10
3.576
 20
-4.81
 30
0.0
 10
3.615
 20
-4.698
 30
0.0
 10
3.615
 20
-4.698
 30
0.0
 10
3.387
 20
-4.498
 30
0.0
 10
3.122
 20
-4.337
 30
0.0
 10
2.811
 20
-4.324
 30
0.0
 10
2.811
 20
-4.324
 30
0.0
 10
2.811
 20
-4.324
 30
0.0
 10
2.811
 20
-4.324
 30
0.0
 10
2.811
 20
-4.324
 30
0.0
  0
SPLINE
  5
84
330
1F
100
AcDbEntity
  8
Camada 1
 62
   183
100
AcDbSpline
210
0.0
220
0.0
230
1.0
 70
    11
 71
     3
 72
    28
 73
    24
 74
     0
 42
0.0000000001
 43
0.0000000001
 12
1.0
 22
0.0
 32
0.0
 13
1.0
 23
0.0
 33
0.0
 40
0.0
 40
0.0
 40
0.0
 40
0.0
 40
0.1428571428571428
 40
0.1428571428571428
 40
0.1428571428571428
 40
0.1428571428571428
 40
0.2857142857142857
 40
0.2857142857142857
 40
0.2857142857142857
 40
0.2857142857142857
 40
0.4285714285714285
 40
0.4285714285714285
 40
0.4285714285714285
 40
0.4285714285714285
 40
0.5714285714285714
 40
0.5714285714285714
 40
0.5714285714285714
 40
0.5714285714285714
 40
0.7142857142857143
 40
0.7142857142857143
 40
0.7142857142857143
 40
0.7142857142857143
 40
1.0
 40
1.0
 40
1.0
 40
1.0
 10
1.898
 20
-4.999
 30
0.0
 10
1.829
 20
-5.153
 30
0.0
 10
2.013
 20
-5.258
 30
0.0
 10
2.083
 20
-5.369
 30
0.0
 10
2.083
 20
-5.369
 30
0.0
 10
2.185
 20
-5.351
 30
0.0
 10
2.285
 20
-5.332
 30
0.0
 10
2.387
 20
-5.318
 30
0.0
 10
2.387
 20
-5.318
 30
0.0
 10
2.419
 20
-5.186
 30
0.0
 10
2.452
 20
-5.054
 30
0.0
 10
2.493
 20
-4.925
 30
0.0
 10
2.493
 20
-4.925
 30
0.0
 10
2.547
 20
-4.771
 30
0.0
 10
2.488
 20
-4.609
 30
0.0
 10
2.474
 20
-4.453
 30
0.0
 10
2.474
 20
-4.453
 30
0.0
 10
2.208
 20
-4.53
 30
0.0
 10
2.013
 20
-4.756
 30
0.0
 10
1.898
 20
-4.999
 30
0.0
 10
1.898
 20
-4.999
 30
0.0
 10
1.898
 20
-4.999
 30
0.0
 10
1.898
 20
-4.999
 30
0.0
 10
1.898
 20
-4.999
 30
0.0
  0
SPLINE
  5
85
330
1F
100
AcDbEntity
  8
Camada 1
 62
   183
100
AcDbSpline
210
0.0
220
0.0
230
1.0
 70
    11
 71
     3
 72
    24
 73
    20
 74
     0
 42
0.0000000001
 43
0.0000000001
 12
1.0
 22
0.0
 32
0.0
 13
1.0
 23
0.0
 33
0.0
 40
0.0
 40
0.0
 40
0.0
 40
0.0
 40
0.1666666666666667
 40
0.1666666666666667
 40
0.1666666666666667
 40
0.1666666666666667
 40
0.3333333333333333
 40
0.3333333333333333
 40
0.3333333333333333
 40
0.3333333333333333
 40
0.5
 40
0.5
 40
0.5
 40
0.5
 40
0.6666666666666666
 40
0.6666666666666666
 40
0.6666666666666666
 40
0.6666666666666666
 40
1.0
 40
1.0
 40
1.0
 40
1.0
 10
4.132
 20
-4.847
 30
0.0
 10
4.078
 20
-4.992
 30
0.0
 10
4.023
 20
-5.138
 30
0.0
 10
3.968
 20
-5.284
 30
0.0
 10
3.968
 20
-5.284
 30
0.0
 10
4.134
 20
-5.437
 30
0.0
 10
4.371
 20
-5.428
 30
0.0
 10
4.575
 20
-5.373
 30
0.0
 10
4.575
 20
-5.373
 30
0.0
 10
4.726
 20
-5.283
 30
0.0
 10
4.843
 20
-5.147
 30
0.0
 10
4.974
 20
-5.032
 30
0.0
 10
4.974
 20
-5.032
 30
0.0
 10
4.738
 20
-4.841
 30
0.0
 10
4.42
 20
-4.838
 30
0.0
 10
4.132
 20
-4.847
 30
0.0
 10
4.132
 20
-4.847
 30
0.0
 10
4.132
 20
-4.847
 30
0.0
 10
4.132
 20
-4.847
 30
0.0
 10
4.132
 20
-4.847
 30
0.0
  0
SPLINE
  5
86
330
1F
100
AcDbEntity
  8
Camada 1
 62
   183
100
AcDbSpline
210
0.0
220
0.0
230
1.0
 70
    11
 71
     3
 72
    24
 73
    20
 74
     0
 42
0.0000000001
 43
0.0000000001
 12
1.0
 22
0.0
 32
0.0
 13
1.0
 23
0.0
 33
0.0
 40
0.0
 40
0.0
 40
0.0
 40
0.0
 40
0.1666666666666667
 40
0.1666666666666667
 40
0.1666666666666667
 40
0.1666666666666667
 40
0.3333333333333333
 40
0.3333333333333333
 40
0.3333333333333333
 40
0.3333333333333333
 40
0.5
 40
0.5
 40
0.5
 40
0.5
 40
0.6666666666666666
 40
0.6666666666666666
 40
0.6666666666666666
 40
0.6666666666666666
 40
1.0
 40
1.0
 40
1.0
 40
1.0
 10
4.781
 20
-5.62
 30
0.0
 10
4.706
 20
-5.782
 30
0.0
 10
4.619
 20
-6.023
 30
0.0
 10
4.783
 20
-6.158
 30
0.0
 10
4.783
 20
-6.158
 30
0.0
 10
4.93
 20
-6.164
 30
0.0
 10
5.076
 20
-6.146
 30
0.0
 10
5.222
 20
-6.134
 30
0.0
 10
5.222
 20
-6.134
 30
0.0
 10
5.305
 20
-5.846
 30
0.0
 10
5.293
 20
-5.547
 30
0.0
 10
5.23
 20
-5.257
 30
0.0
 10
5.23
 20
-5.257
 30
0.0
 10
5.066
 20
-5.358
 30
0.0
 10
4.912
 20
-5.478
 30
0.0
 10
4.781
 20
-5.62
 30
0.0
 10
4.781
 20
-5.62
 30
0.0
 10
4.781
 20
-5.62
 30
0.0
 10
4.781
 20
-5.62
 30
0.0
 10
4.781
 20
-5.62
 30
0.0
  0
SPLINE
  5
87
330
1F
100
AcDbEntity
  8
Camada 1
 62
   183
100
AcDbSpline
210
0.0
220
0.0
230
1.0
 70
    11
 71
     3
 72
    32
 73
    28
 74
     0
 42
0.0000000001
 43
0.0000000001
 12
1.0
 22
0.0
 32
0.0
 13
1.0
 23
0.0
 33
0.0
 40
0.0
 40
0.0
 40
0.0
 40
0.0
 40
0.125
 40
0.125
 40
0.125
 40
0.125
 40
0.25
 40
0.25
 40
0.25
 40
0.25
 40
0.375
 40
0.375
 40
0.375
 40
0.375
 40
0.5
 40
0.5
 40
0.5
 40
0.5
 40
0.625
 40
0.625
 40
0.625
 40
0.625
 40
0.75
 40
0.75
 40
0.75
 40
0.75
 40
1.0
 40
1.0
 40
1.0
 40
1.0
 10
2.593
 20
-5.621
 30
0.0
 10
2.48
 20
-5.656
 30
0.0
 10
2.334
 20
-5.636
 30
0.0
 10
2.256
 20
-5.742
 30
0.0
 10
2.256
 20
-5.742
 30
0.0
 10
2.185
 20
-5.829
 30
0.0
 10
2.207
 20
-5.97
 30
0.0
 10
2.303
 20
-6.029
 30
0.0
 10
2.303
 20
-6.029
 30
0.0
 10
2.468
 20
-6.113
 30
0.0
 10
2.64
 20
-6.184
 30
0.0
 10
2.813
 20
-6.253
 30
0.0
 10
2.813
 20
-6.253
 30
0.0
 10
2.89
 20
-6.077
 30
0.0
 10
2.996
 20
-5.912
 30
0.0
 10
3.054
 20
-5.728
 30
0.0
 10
3.054
 20
-5.728
 30
0.0
 10
3.095
 20
-5.614
 30
0.0
 10
3.036
 20
-5.444
 30
0.0
 10
2.894
 20
-5.452
 30
0.0
 10
2.894
 20
-5.452
 30
0.0
 10
2.777
 20
-5.471
 30
0.0
 10
2.696
 20
-5.569
 30
0.0
 10
2.594
 20
-5.621
 30
0.0
 10
2.594
 20
-5.621
 30
0.0
 10
2.594
 20
-5.621
 30
0.0
 10
2.593
 20
-5.621
 30
0.0
 10
2.593
 20
-5.621
 30
0.0
  0
SPLINE
  5
88
330
1F
100
AcDbEntity
  8
Camada 1
 62
   183
100
AcDbSpline
210
0.0
220
0.0
230
1.0
 70
    11
 71
     3
 72
    32
 73
    28
 74
     0
 42
0.0000000001
 43
0.0000000001
 12
1.0
 22
0.0
 32
0.0
 13
1.0
 23
0.0
 33
0.0
 40
0.0
 40
0.0
 40
0.0
 40
0.0
 40
0.125
 40
0.125
 40
0.125
 40
0.125
 40
0.25
 40
0.25
 40
0.25
 40
0.25
 40
0.375
 40
0.375
 40
0.375
 40
0.375
 40
0.5
 40
0.5
 40
0.5
 40
0.5
 40
0.625
 40
0.625
 40
0.625
 40
0.625
 40
0.75
 40
0.75
 40
0.75
 40
0.75
 40
1.0
 40
1.0
 40
1.0
 40
1.0
 10
0.711
 20
-5.817
 30
0.0
 10
0.712
 20
-5.846
 30
0.0
 10
0.713
 20
-5.904
 30
0.0
 10
0.714
 20
-5.933
 30
0.0
 10
0.714
 20
-5.933
 30
0.0
 10
0.798
 20
-5.967
 30
0.0
 10
0.881
 20
-6.002
 30
0.0
 10
0.966
 20
-6.03
 30
0.0
 10
0.966
 20
-6.03
 30
0.0
 10
1.173
 20
-6.106
 30
0.0
 10
1.382
 20
-5.973
 30
0.0
 10
1.587
 20
-5.951
 30
0.0
 10
1.587
 20
-5.951
 30
0.0
 10
1.603
 20
-5.874
 30
0.0
 10
1.619
 20
-5.798
 30
0.0
 10
1.636
 20
-5.722
 30
0.0
 10
1.636
 20
-5.722
 30
0.0
 10
1.57
 20
-5.633
 30
0.0
 10
1.505
 20
-5.546
 30
0.0
 10
1.439
 20
-5.457
 30
0.0
 10
1.439
 20
-5.457
 30
0.0
 10
1.162
 20
-5.492
 30
0.0
 10
0.911
 20
-5.625
 30
0.0
 10
0.711
 20
-5.817
 30
0.0
 10
0.711
 20
-5.817
 30
0.0
 10
0.711
 20
-5.817
 30
0.0
 10
0.711
 20
-5.817
 30
0.0
 10
0.711
 20
-5.817
 30
0.0
  0
SPLINE
  5
89
330
1F
100
AcDbEntity
  8
Camada 1
 62
   183
100
AcDbSpline
210
0.0
220
0.0
230
1.0
 70
    11
 71
     3
 72
    24
 73
    20
 74
     0
 42
0.0000000001
 43
0.0000000001
 12
1.0
 22
0.0
 32
0.0
 13
1.0
 23
0.0
 33
0.0
 40
0.0
 40
0.0
 40
0.0
 40
0.0
 40
0.1666666666666667
 40
0.1666666666666667
 40
0.1666666666666667
 40
0.1666666666666667
 40
0.3333333333333333
 40
0.3333333333333333
 40
0.3333333333333333
 40
0.3333333333333333
 40
0.5
 40
0.5
 40
0.5
 40
0.5
 40
0.6666666666666666
 40
0.6666666666666666
 40
0.6666666666666666
 40
0.6666666666666666
 40
1.0
 40
1.0
 40
1.0
 40
1.0
 10
-4.724
 20
-5.827
 30
0.0
 10
-4.716
 20
-6.0
 30
0.0
 10
-4.632
 20
-6.153
 30
0.0
 10
-4.566
 20
-6.309
 30
0.0
 10
-4.566
 20
-6.309
 30
0.0
 10
-4.425
 20
-6.216
 30
0.0
 10
-4.232
 20
-6.148
 30
0.0
 10
-4.176
 20
-5.975
 30
0.0
 10
-4.176
 20
-5.975
 30
0.0
 10
-4.11
 20
-5.785
 30
0.0
 10
-4.253
 20
-5.632
 30
0.0
 10
-4.336
 20
-5.477
 30
0.0
 10
-4.336
 20
-5.477
 30
0.0
 10
-4.482
 20
-5.572
 30
0.0
 10
-4.639
 20
-5.666
 30
0.0
 10
-4.723
 20
-5.826
 30
0.0
 10
-4.723
 20
-5.826
 30
0.0
 10
-4.723
 20
-5.826
 30
0.0
 10
-4.724
 20
-5.827
 30
0.0
 10
-4.724
 20
-5.827
 30
0.0
  0
SPLINE
  5
8A
330
1F
100
AcDbEntity
  8
Camada 1
 62
   183
100
AcDbSpline
210
0.0
220
0.0
230
1.0
 70
    11
 71
     3
 72
    28
 73
    24
 74
     0
 42
0.0000000001
 43
0.0000000001
 12
1.0
 22
0.0
 32
0.0
 13
1.0
 23
0.0
 33
0.0
 40
0.0
 40
0.0
 40
0.0
 40
0.0
 40
0.1428571428571428
 40
0.1428571428571428
 40
0.1428571428571428
 40
0.1428571428571428
 40
0.2857142857142857
 40
0.2857142857142857
 40
0.2857142857142857
 40
0.2857142857142857
 40
0.4285714285714285
 40
0.4285714285714285
 40
0.4285714285714285
 40
0.4285714285714285
 40
0.5714285714285714
 40
0.5714285714285714
 40
0.5714285714285714
 40
0.5714285714285714
 40
0.7142857142857143
 40
0.7142857142857143
 40
0.7142857142857143
 40
0.7142857142857143
 40
1.0
 40
1.0
 40
1.0
 40
1.0
 10
3.579
 20
-5.652
 30
0.0
 10
3.436
 20
-5.849
 30
0.0
 10
3.601
 20
-6.097
 30
0.0
 10
3.613
 20
-6.31
 30
0.0
 10
3.613
 20
-6.31
 30
0.0
 10
3.794
 20
-6.278
 30
0.0
 10
3.976
 20
-6.252
 30
0.0
 10
4.157
 20
-6.219
 30
0.0
 10
4.157
 20
-6.219
 30
0.0
 10
4.28
 20
-6.197
 30
0.0
 10
4.403
 20
-6.076
 30
0.0
 10
4.345
 20
-5.937
 30
0.0
 10
4.345
 20
-5.937
 30
0.0
 10
4.232
 20
-5.816
 30
0.0
 10
4.057
 20
-5.783
 30
0.0
 10
3.945
 20
-5.661
 30
0.0
 10
3.945
 20
-5.661
 30
0.0
 10
3.854
 20
-5.557
 30
0.0
 10
3.662
 20
-5.523
 30
0.0
 10
3.579
 20
-5.652
 30
0.0
 10
3.579
 20
-5.652
 30
0.0
 10
3.579
 20
-5.652
 30
0.0
 10
3.579
 20
-5.652
 30
0.0
 10
3.579
 20
-5.652
 30
0.0
  0
SPLINE
  5
8B
330
1F
100
AcDbEntity
  8
Camada 1
 62
   183
100
AcDbSpline
210
0.0
220
0.0
230
1.0
 70
    11
 71
     3
 72
    28
 73
    24
 74
     0
 42
0.0000000001
 43
0.0000000001
 12
1.0
 22
0.0
 32
0.0
 13
1.0
 23
0.0
 33
0.0
 40
0.0
 40
0.0
 40
0.0
 40
0.0
 40
0.1428571428571428
 40
0.1428571428571428
 40
0.1428571428571428
 40
0.1428571428571428
 40
0.2857142857142857
 40
0.2857142857142857
 40
0.2857142857142857
 40
0.2857142857142857
 40
0.4285714285714285
 40
0.4285714285714285
 40
0.4285714285714285
 40
0.4285714285714285
 40
0.5714285714285714
 40
0.5714285714285714
 40
0.5714285714285714
 40
0.5714285714285714
 40
0.7142857142857143
 40
0.7142857142857143
 40
0.7142857142857143
 40
0.7142857142857143
 40
1.0
 40
1.0
 40
1.0
 40
1.0
 10
0.594
 20
-6.243
 30
0.0
 10
0.572
 20
-6.554
 30
0.0
 10
0.679
 20
-6.859
 30
0.0
 10
0.91
 20
-7.074
 30
0.0
 10
0.91
 20
-7.074
 30
0.0
 10
1.032
 20
-7.043
 30
0.0
 10
1.154
 20
-7.012
 30
0.0
 10
1.277
 20
-6.982
 30
0.0
 10
1.277
 20
-6.982
 30
0.0
 10
1.31
 20
-6.908
 30
0.0
 10
1.343
 20
-6.834
 30
0.0
 10
1.378
 20
-6.762
 30
0.0
 10
1.378
 20
-6.762
 30
0.0
 10
1.281
 20
-6.644
 30
0.0
 10
1.197
 20
-6.513
 30
0.0
 10
1.086
 20
-6.409
 30
0.0
 10
1.086
 20
-6.409
 30
0.0
 10
0.927
 20
-6.341
 30
0.0
 10
0.76
 20
-6.292
 30
0.0
 10
0.594
 20
-6.244
 30
0.0
 10
0.594
 20
-6.244
 30
0.0
 10
0.594
 20
-6.244
 30
0.0
 10
0.594
 20
-6.243
 30
0.0
 10
0.594
 20
-6.243
 30
0.0
  0
SPLINE
  5
8C
330
1F
100
AcDbEntity
  8
Camada 1
 62
   183
100
AcDbSpline
210
0.0
220
0.0
230
1.0
 70
    11
 71
     3
 72
    28
 73
    24
 74
     0
 42
0.0000000001
 43
0.0000000001
 12
1.0
 22
0.0
 32
0.0
 13
1.0
 23
0.0
 33
0.0
 40
0.0
 40
0.0
 40
0.0
 40
0.0
 40
0.1428571428571428
 40
0.1428571428571428
 40
0.1428571428571428
 40
0.1428571428571428
 40
0.2857142857142857
 40
0.2857142857142857
 40
0.2857142857142857
 40
0.2857142857142857
 40
0.4285714285714285
 40
0.4285714285714285
 40
0.4285714285714285
 40
0.4285714285714285
 40
0.5714285714285714
 40
0.5714285714285714
 40
0.5714285714285714
 40
0.5714285714285714
 40
0.7142857142857143
 40
0.7142857142857143
 40
0.7142857142857143
 40
0.7142857142857143
 40
1.0
 40
1.0
 40
1.0
 40
1.0
 10
1.701
 20
-6.399
 30
0.0
 10
1.776
 20
-6.639
 30
0.0
 10
1.731
 20
-6.883
 30
0.0
 10
1.654
 20
-7.115
 30
0.0
 10
1.654
 20
-7.115
 30
0.0
 10
1.757
 20
-7.149
 30
0.0
 10
1.861
 20
-7.177
 30
0.0
 10
1.97
 20
-7.181
 30
0.0
 10
1.97
 20
-7.181
 30
0.0
 10
2.146
 20
-7.098
 30
0.0
 10
2.27
 20
-6.938
 30
0.0
 10
2.418
 20
-6.816
 30
0.0
 10
2.418
 20
-6.816
 30
0.0
 10
2.298
 20
-6.672
 30
0.0
 10
2.207
 20
-6.5
 30
0.0
 10
2.067
 20
-6.375
 30
0.0
 10
2.067
 20
-6.375
 30
0.0
 10
1.959
 20
-6.283
 30
0.0
 10
1.819
 20
-6.369
 30
0.0
 10
1.702
 20
-6.399
 30
0.0
 10
1.702
 20
-6.399
 30
0.0
 10
1.702
 20
-6.399
 30
0.0
 10
1.701
 20
-6.399
 30
0.0
 10
1.701
 20
-6.399
 30
0.0
  0
SPLINE
  5
8D
330
1F
100
AcDbEntity
  8
Camada 1
 62
   183
100
AcDbSpline
210
0.0
220
0.0
230
1.0
 70
    11
 71
     3
 72
    24
 73
    20
 74
     0
 42
0.0000000001
 43
0.0000000001
 12
1.0
 22
0.0
 32
0.0
 13
1.0
 23
0.0
 33
0.0
 40
0.0
 40
0.0
 40
0.0
 40
0.0
 40
0.1666666666666667
 40
0.1666666666666667
 40
0.1666666666666667
 40
0.1666666666666667
 40
0.3333333333333333
 40
0.3333333333333333
 40
0.3333333333333333
 40
0.3333333333333333
 40
0.5
 40
0.5
 40
0.5
 40
0.5
 40
0.6666666666666666
 40
0.6666666666666666
 40
0.6666666666666666
 40
0.6666666666666666
 40
1.0
 40
1.0
 40
1.0
 40
1.0
 10
-7.414
 20
-6.411
 30
0.0
 10
-7.384
 20
-6.548
 30
0.0
 10
-7.402
 20
-6.71
 30
0.0
 10
-7.3
 20
-6.82
 30
0.0
 10
-7.3
 20
-6.82
 30
0.0
 10
-7.161
 20
-7.025
 30
0.0
 10
-6.9
 20
-6.92
 30
0.0
 10
-6.697
 20
-6.901
 30
0.0
 10
-6.697
 20
-6.901
 30
0.0
 10
-6.744
 20
-6.741
 30
0.0
 10
-6.762
 20
-6.535
 30
0.0
 10
-6.915
 20
-6.433
 30
0.0
 10
-6.915
 20
-6.433
 30
0.0
 10
-7.07
 20
-6.366
 30
0.0
 10
-7.249
 20
-6.416
 30
0.0
 10
-7.414
 20
-6.41
 30
0.0
 10
-7.414
 20
-6.41
 30
0.0
 10
-7.414
 20
-6.41
 30
0.0
 10
-7.414
 20
-6.411
 30
0.0
 10
-7.414
 20
-6.411
 30
0.0
  0
SPLINE
  5
8E
330
1F
100
AcDbEntity
  8
Camada 1
 62
   183
100
AcDbSpline
210
0.0
220
0.0
230
1.0
 70
    11
 71
     3
 72
    24
 73
    20
 74
     0
 42
0.0000000001
 43
0.0000000001
 12
1.0
 22
0.0
 32
0.0
 13
1.0
 23
0.0
 33
0.0
 40
0.0
 40
0.0
 40
0.0
 40
0.0
 40
0.1666666666666667
 40
0.1666666666666667
 40
0.1666666666666667
 40
0.1666666666666667
 40
0.3333333333333333
 40
0.3333333333333333
 40
0.3333333333333333
 40
0.3333333333333333
 40
0.5
 40
0.5
 40
0.5
 40
0.5
 40
0.6666666666666666
 40
0.6666666666666666
 40
0.6666666666666666
 40
0.6666666666666666
 40
1.0
 40
1.0
 40
1.0
 40
1.0
 10
3.127
 20
-6.505
 30
0.0
 10
2.934
 20
-6.534
 30
0.0
 10
2.757
 20
-6.731
 30
0.0
 10
2.846
 20
-6.937
 30
0.0
 10
2.846
 20
-6.937
 30
0.0
 10
2.892
 20
-7.119
 30
0.0
 10
3.12
 20
-7.197
 30
0.0
 10
3.281
 20
-7.118
 30
0.0
 10
3.281
 20
-7.118
 30
0.0
 10
3.474
 20
-7.049
 30
0.0
 10
3.551
 20
-6.771
 30
0.0
 10
3.416
 20
-6.616
 30
0.0
 10
3.416
 20
-6.616
 30
0.0
 10
3.342
 20
-6.541
 30
0.0
 10
3.234
 20
-6.489
 30
0.0
 10
3.128
 20
-6.505
 30
0.0
 10
3.128
 20
-6.505
 30
0.0
 10
3.128
 20
-6.505
 30
0.0
 10
3.127
 20
-6.505
 30
0.0
 10
3.127
 20
-6.505
 30
0.0
  0
SPLINE
  5
8F
330
1F
100
AcDbEntity
  8
Camada 1
 62
   183
100
AcDbSpline
210
0.0
220
0.0
230
1.0
 70
    11
 71
     3
 72
    28
 73
    24
 74
     0
 42
0.0000000001
 43
0.0000000001
 12
1.0
 22
0.0
 32
0.0
 13
1.0
 23
0.0
 33
0.0
 40
0.0
 40
0.0
 40
0.0
 40
0.0
 40
0.1428571428571428
 40
0.1428571428571428
 40
0.1428571428571428
 40
0.1428571428571428
 40
0.2857142857142857
 40
0.2857142857142857
 40
0.2857142857142857
 40
0.2857142857142857
 40
0.4285714285714285
 40
0.4285714285714285
 40
0.4285714285714285
 40
0.4285714285714285
 40
0.5714285714285714
 40
0.5714285714285714
 40
0.5714285714285714
 40
0.5714285714285714
 40
0.7142857142857143
 40
0.7142857142857143
 40
0.7142857142857143
 40
0.7142857142857143
 40
1.0
 40
1.0
 40
1.0
 40
1.0
 10
4.311
 20
-6.556
 30
0.0
 10
4.142
 20
-6.665
 30
0.0
 10
4.026
 20
-6.839
 30
0.0
 10
3.886
 20
-6.981
 30
0.0
 10
3.886
 20
-6.981
 30
0.0
 10
4.023
 20
-7.118
 30
0.0
 10
4.149
 20
-7.268
 30
0.0
 10
4.305
 20
-7.384
 30
0.0
 10
4.305
 20
-7.384
 30
0.0
 10
4.388
 20
-7.447
 30
0.0
 10
4.504
 20
-7.397
 30
0.0
 10
4.594
 20
-7.368
 30
0.0
 10
4.594
 20
-7.368
 30
0.0
 10
4.625
 20
-7.177
 30
0.0
 10
4.538
 20
-6.983
 30
0.0
 10
4.596
 20
-6.792
 30
0.0
 10
4.596
 20
-6.792
 30
0.0
 10
4.649
 20
-6.631
 30
0.0
 10
4.458
 20
-6.47
 30
0.0
 10
4.31
 20
-6.555
 30
0.0
 10
4.31
 20
-6.555
 30
0.0
 10
4.31
 20
-6.555
 30
0.0
 10
4.311
 20
-6.556
 30
0.0
 10
4.311
 20
-6.556
 30
0.0
  0
SPLINE
  5
90
330
1F
100
AcDbEntity
  8
Camada 1
 62
   183
100
AcDbSpline
210
0.0
220
0.0
230
1.0
 70
    11
 71
     3
 72
    24
 73
    20
 74
     0
 42
0.0000000001
 43
0.0000000001
 12
1.0
 22
0.0
 32
0.0
 13
1.0
 23
0.0
 33
0.0
 40
0.0
 40
0.0
 40
0.0
 40
0.0
 40
0.1666666666666667
 40
0.1666666666666667
 40
0.1666666666666667
 40
0.1666666666666667
 40
0.3333333333333333
 40
0.3333333333333333
 40
0.3333333333333333
 40
0.3333333333333333
 40
0.5
 40
0.5
 40
0.5
 40
0.5
 40
0.6666666666666666
 40
0.6666666666666666
 40
0.6666666666666666
 40
0.6666666666666666
 40
1.0
 40
1.0
 40
1.0
 40
1.0
 10
4.9
 20
-6.838
 30
0.0
 10
4.851
 20
-7.023
 30
0.0
 10
5.051
 20
-7.151
 30
0.0
 10
5.146
 20
-7.28
 30
0.0
 10
5.146
 20
-7.28
 30
0.0
 10
5.312
 20
-7.348
 30
0.0
 10
5.492
 20
-7.385
 30
0.0
 10
5.667
 20
-7.424
 30
0.0
 10
5.667
 20
-7.424
 30
0.0
 10
5.664
 20
-7.127
 30
0.0
 10
5.557
 20
-6.85
 30
0.0
 10
5.378
 20
-6.615
 30
0.0
 10
5.378
 20
-6.615
 30
0.0
 10
5.222
 20
-6.682
 30
0.0
 10
4.933
 20
-6.623
 30
0.0
 10
4.9
 20
-6.838
 30
0.0
 10
4.9
 20
-6.838
 30
0.0
 10
4.9
 20
-6.838
 30
0.0
 10
4.9
 20
-6.838
 30
0.0
 10
4.9
 20
-6.838
 30
0.0
  0
SPLINE
  5
91
330
1F
100
AcDbEntity
  8
Camada 1
 62
   183
100
AcDbSpline
210
0.0
220
0.0
230
1.0
 70
    11
 71
     3
 72
    24
 73
    20
 74
     0
 42
0.0000000001
 43
0.0000000001
 12
1.0
 22
0.0
 32
0.0
 13
1.0
 23
0.0
 33
0.0
 40
0.0
 40
0.0
 40
0.0
 40
0.0
 40
0.1666666666666667
 40
0.1666666666666667
 40
0.1666666666666667
 40
0.1666666666666667
 40
0.3333333333333333
 40
0.3333333333333333
 40
0.3333333333333333
 40
0.3333333333333333
 40
0.5
 40
0.5
 40
0.5
 40
0.5
 40
0.6666666666666666
 40
0.6666666666666666
 40
0.6666666666666666
 40
0.6666666666666666
 40
1.0
 40
1.0
 40
1.0
 40
1.0
 10
-5.627
 20
-6.725
 30
0.0
 10
-5.71
 20
-6.986
 30
0.0
 10
-5.779
 20
-7.252
 30
0.0
 10
-5.815
 20
-7.525
 30
0.0
 10
-5.815
 20
-7.525
 30
0.0
 10
-5.624
 20
-7.673
 30
0.0
 10
-5.442
 20
-7.832
 30
0.0
 10
-5.252
 20
-7.981
 30
0.0
 10
-5.252
 20
-7.981
 30
0.0
 10
-5.176
 20
-7.719
 30
0.0
 10
-5.11
 20
-7.455
 30
0.0
 10
-5.039
 20
-7.192
 30
0.0
 10
-5.039
 20
-7.192
 30
0.0
 10
-5.226
 20
-7.026
 30
0.0
 10
-5.426
 20
-6.873
 30
0.0
 10
-5.628
 20
-6.725
 30
0.0
 10
-5.628
 20
-6.725
 30
0.0
 10
-5.628
 20
-6.725
 30
0.0
 10
-5.627
 20
-6.725
 30
0.0
 10
-5.627
 20
-6.725
 30
0.0
  0
SPLINE
  5
92
330
1F
100
AcDbEntity
  8
Camada 1
 62
   183
100
AcDbSpline
210
0.0
220
0.0
230
1.0
 70
    11
 71
     3
 72
    32
 73
    28
 74
     0
 42
0.0000000001
 43
0.0000000001
 12
1.0
 22
0.0
 32
0.0
 13
1.0
 23
0.0
 33
0.0
 40
0.0
 40
0.0
 40
0.0
 40
0.0
 40
0.125
 40
0.125
 40
0.125
 40
0.125
 40
0.25
 40
0.25
 40
0.25
 40
0.25
 40
0.375
 40
0.375
 40
0.375
 40
0.375
 40
0.5
 40
0.5
 40
0.5
 40
0.5
 40
0.625
 40
0.625
 40
0.625
 40
0.625
 40
0.75
 40
0.75
 40
0.75
 40
0.75
 40
1.0
 40
1.0
 40
1.0
 40
1.0
 10
-4.553
 20
-7.366
 30
0.0
 10
-4.607
 20
-7.376
 30
0.0
 10
-4.634
 20
-7.428
 30
0.0
 10
-4.646
 20
-7.477
 30
0.0
 10
-4.646
 20
-7.477
 30
0.0
 10
-4.698
 20
-7.678
 30
0.0
 10
-4.738
 20
-7.882
 30
0.0
 10
-4.783
 20
-8.085
 30
0.0
 10
-4.783
 20
-8.085
 30
0.0
 10
-4.547
 20
-8.043
 30
0.0
 10
-4.307
 20
-8.01
 30
0.0
 10
-4.077
 20
-7.94
 30
0.0
 10
-4.077
 20
-7.94
 30
0.0
 10
-3.991
 20
-7.923
 30
0.0
 10
-3.969
 20
-7.828
 30
0.0
 10
-3.946
 20
-7.757
 30
0.0
 10
-3.946
 20
-7.757
 30
0.0
 10
-3.896
 20
-7.572
 30
0.0
 10
-3.862
 20
-7.385
 30
0.0
 10
-3.828
 20
-7.197
 30
0.0
 10
-3.828
 20
-7.197
 30
0.0
 10
-4.07
 20
-7.25
 30
0.0
 10
-4.316
 20
-7.289
 30
0.0
 10
-4.552
 20
-7.365
 30
0.0
 10
-4.552
 20
-7.365
 30
0.0
 10
-4.552
 20
-7.365
 30
0.0
 10
-4.553
 20
-7.366
 30
0.0
 10
-4.553
 20
-7.366
 30
0.0
  0
SPLINE
  5
93
330
1F
100
AcDbEntity
  8
Camada 1
 62
   183
100
AcDbSpline
210
0.0
220
0.0
230
1.0
 70
    11
 71
     3
 72
    28
 73
    24
 74
     0
 42
0.0000000001
 43
0.0000000001
 12
1.0
 22
0.0
 32
0.0
 13
1.0
 23
0.0
 33
0.0
 40
0.0
 40
0.0
 40
0.0
 40
0.0
 40
0.1428571428571428
 40
0.1428571428571428
 40
0.1428571428571428
 40
0.1428571428571428
 40
0.2857142857142857
 40
0.2857142857142857
 40
0.2857142857142857
 40
0.2857142857142857
 40
0.4285714285714285
 40
0.4285714285714285
 40
0.4285714285714285
 40
0.4285714285714285
 40
0.5714285714285714
 40
0.5714285714285714
 40
0.5714285714285714
 40
0.5714285714285714
 40
0.7142857142857143
 40
0.7142857142857143
 40
0.7142857142857143
 40
0.7142857142857143
 40
1.0
 40
1.0
 40
1.0
 40
1.0
 10
2.268
 20
-7.516
 30
0.0
 10
2.147
 20
-7.567
 30
0.0
 10
2.122
 20
-7.715
 30
0.0
 10
2.091
 20
-7.825
 30
0.0
 10
2.091
 20
-7.825
 30
0.0
 10
2.318
 20
-7.904
 30
0.0
 10
2.548
 20
-7.98
 30
0.0
 10
2.739
 20
-8.132
 30
0.0
 10
2.739
 20
-8.132
 30
0.0
 10
2.809
 20
-8.07
 30
0.0
 10
2.889
 20
-8.014
 30
0.0
 10
2.935
 20
-7.931
 30
0.0
 10
2.935
 20
-7.931
 30
0.0
 10
2.943
 20
-7.728
 30
0.0
 10
2.861
 20
-7.535
 30
0.0
 10
2.807
 20
-7.344
 30
0.0
 10
2.807
 20
-7.344
 30
0.0
 10
2.63
 20
-7.409
 30
0.0
 10
2.44
 20
-7.437
 30
0.0
 10
2.268
 20
-7.515
 30
0.0
 10
2.268
 20
-7.515
 30
0.0
 10
2.268
 20
-7.515
 30
0.0
 10
2.268
 20
-7.516
 30
0.0
 10
2.268
 20
-7.516
 30
0.0
  0
SPLINE
  5
94
330
1F
100
AcDbEntity
  8
Camada 1
 62
   183
100
AcDbSpline
210
0.0
220
0.0
230
1.0
 70
    11
 71
     3
 72
    24
 73
    20
 74
     0
 42
0.0000000001
 43
0.0000000001
 12
1.0
 22
0.0
 32
0.0
 13
1.0
 23
0.0
 33
0.0
 40
0.0
 40
0.0
 40
0.0
 40
0.0
 40
0.1666666666666667
 40
0.1666666666666667
 40
0.1666666666666667
 40
0.1666666666666667
 40
0.3333333333333333
 40
0.3333333333333333
 40
0.3333333333333333
 40
0.3333333333333333
 40
0.5
 40
0.5
 40
0.5
 40
0.5
 40
0.6666666666666666
 40
0.6666666666666666
 40
0.6666666666666666
 40
0.6666666666666666
 40
1.0
 40
1.0
 40
1.0
 40
1.0
 10
1.041
 20
-7.557
 30
0.0
 10
0.948
 20
-7.833
 30
0.0
 10
1.025
 20
-8.128
 30
0.0
 10
1.135
 20
-8.386
 30
0.0
 10
1.135
 20
-8.386
 30
0.0
 10
1.287
 20
-8.286
 30
0.0
 10
1.439
 20
-8.178
 30
0.0
 10
1.553
 20
-8.035
 30
0.0
 10
1.553
 20
-8.035
 30
0.0
 10
1.626
 20
-7.834
 30
0.0
 10
1.641
 20
-7.592
 30
0.0
 10
1.493
 20
-7.422
 30
0.0
 10
1.493
 20
-7.422
 30
0.0
 10
1.342
 20
-7.459
 30
0.0
 10
1.175
 20
-7.469
 30
0.0
 10
1.041
 20
-7.557
 30
0.0
 10
1.041
 20
-7.557
 30
0.0
 10
1.041
 20
-7.557
 30
0.0
 10
1.041
 20
-7.557
 30
0.0
 10
1.041
 20
-7.557
 30
0.0
  0
SPLINE
  5
95
330
1F
100
AcDbEntity
  8
Camada 1
 62
   183
100
AcDbSpline
210
0.0
220
0.0
230
1.0
 70
    11
 71
     3
 72
    24
 73
    20
 74
     0
 42
0.0000000001
 43
0.0000000001
 12
1.0
 22
0.0
 32
0.0
 13
1.0
 23
0.0
 33
0.0
 40
0.0
 40
0.0
 40
0.0
 40
0.0
 40
0.1666666666666667
 40
0.1666666666666667
 40
0.1666666666666667
 40
0.1666666666666667
 40
0.3333333333333333
 40
0.3333333333333333
 40
0.3333333333333333
 40
0.3333333333333333
 40
0.5
 40
0.5
 40
0.5
 40
0.5
 40
0.6666666666666666
 40
0.6666666666666666
 40
0.6666666666666666
 40
0.6666666666666666
 40
1.0
 40
1.0
 40
1.0
 40
1.0
 10
3.482
 20
-7.446
 30
0.0
 10
3.414
 20
-7.699
 30
0.0
 10
3.32
 20
-7.948
 30
0.0
 10
3.302
 20
-8.213
 30
0.0
 10
3.302
 20
-8.213
 30
0.0
 10
3.564
 20
-8.259
 30
0.0
 10
3.755
 20
-8.061
 30
0.0
 10
3.989
 20
-7.987
 30
0.0
 10
3.989
 20
-7.987
 30
0.0
 10
4.117
 20
-7.95
 30
0.0
 10
4.13
 20
-7.787
 30
0.0
 10
4.176
 20
-7.689
 30
0.0
 10
4.176
 20
-7.689
 30
0.0
 10
3.963
 20
-7.561
 30
0.0
 10
3.714
 20
-7.526
 30
0.0
 10
3.482
 20
-7.447
 30
0.0
 10
3.482
 20
-7.447
 30
0.0
 10
3.482
 20
-7.447
 30
0.0
 10
3.482
 20
-7.446
 30
0.0
 10
3.482
 20
-7.446
 30
0.0
  0
SPLINE
  5
96
330
1F
100
AcDbEntity
  8
Camada 1
 62
   183
100
AcDbSpline
210
0.0
220
0.0
230
1.0
 70
    11
 71
     3
 72
    28
 73
    24
 74
     0
 42
0.0000000001
 43
0.0000000001
 12
1.0
 22
0.0
 32
0.0
 13
1.0
 23
0.0
 33
0.0
 40
0.0
 40
0.0
 40
0.0
 40
0.0
 40
0.1428571428571428
 40
0.1428571428571428
 40
0.1428571428571428
 40
0.1428571428571428
 40
0.2857142857142857
 40
0.2857142857142857
 40
0.2857142857142857
 40
0.2857142857142857
 40
0.4285714285714285
 40
0.4285714285714285
 40
0.4285714285714285
 40
0.4285714285714285
 40
0.5714285714285714
 40
0.5714285714285714
 40
0.5714285714285714
 40
0.5714285714285714
 40
0.7142857142857143
 40
0.7142857142857143
 40
0.7142857142857143
 40
0.7142857142857143
 40
1.0
 40
1.0
 40
1.0
 40
1.0
 10
4.662
 20
-7.883
 30
0.0
 10
4.647
 20
-7.965
 30
0.0
 10
4.617
 20
-8.048
 30
0.0
 10
4.625
 20
-8.133
 30
0.0
 10
4.625
 20
-8.133
 30
0.0
 10
4.668
 20
-8.237
 30
0.0
 10
4.744
 20
-8.322
 30
0.0
 10
4.804
 20
-8.417
 30
0.0
 10
4.804
 20
-8.417
 30
0.0
 10
5.099
 20
-8.357
 30
0.0
 10
5.385
 20
-8.211
 30
0.0
 10
5.538
 20
-7.941
 30
0.0
 10
5.538
 20
-7.941
 30
0.0
 10
5.464
 20
-7.909
 30
0.0
 10
5.391
 20
-7.876
 30
0.0
 10
5.315
 20
-7.851
 30
0.0
 10
5.315
 20
-7.851
 30
0.0
 10
5.102
 20
-7.766
 30
0.0
 10
4.879
 20
-7.881
 30
0.0
 10
4.663
 20
-7.884
 30
0.0
 10
4.663
 20
-7.884
 30
0.0
 10
4.663
 20
-7.884
 30
0.0
 10
4.662
 20
-7.883
 30
0.0
 10
4.662
 20
-7.883
 30
0.0
  0
SPLINE
  5
97
330
1F
100
AcDbEntity
  8
Camada 1
 62
   183
100
AcDbSpline
210
0.0
220
0.0
230
1.0
 70
    11
 71
     3
 72
    24
 73
    20
 74
     0
 42
0.0000000001
 43
0.0000000001
 12
1.0
 22
0.0
 32
0.0
 13
1.0
 23
0.0
 33
0.0
 40
0.0
 40
0.0
 40
0.0
 40
0.0
 40
0.1666666666666667
 40
0.1666666666666667
 40
0.1666666666666667
 40
0.1666666666666667
 40
0.3333333333333333
 40
0.3333333333333333
 40
0.3333333333333333
 40
0.3333333333333333
 40
0.5
 40
0.5
 40
0.5
 40
0.5
 40
0.6666666666666666
 40
0.6666666666666666
 40
0.6666666666666666
 40
0.6666666666666666
 40
1.0
 40
1.0
 40
1.0
 40
1.0
 10
-3.02
 20
-8.289
 30
0.0
 10
-2.855
 20
-8.353
 30
0.0
 10
-2.668
 20
-8.436
 30
0.0
 10
-2.491
 20
-8.363
 30
0.0
 10
-2.491
 20
-8.363
 30
0.0
 10
-2.361
 20
-8.266
 30
0.0
 10
-2.273
 20
-8.123
 30
0.0
 10
-2.215
 20
-7.974
 30
0.0
 10
-2.215
 20
-7.974
 30
0.0
 10
-2.328
 20
-7.931
 30
0.0
 10
-2.441
 20
-7.875
 30
0.0
 10
-2.564
 20
-7.872
 30
0.0
 10
-2.564
 20
-7.872
 30
0.0
 10
-2.839
 20
-7.799
 30
0.0
 10
-2.929
 20
-8.098
 30
0.0
 10
-3.02
 20
-8.289
 30
0.0
 10
-3.02
 20
-8.289
 30
0.0
 10
-3.02
 20
-8.289
 30
0.0
 10
-3.02
 20
-8.289
 30
0.0
 10
-3.02
 20
-8.289
 30
0.0
  0
SPLINE
  5
98
330
1F
100
AcDbEntity
  8
Camada 1
 62
   183
100
AcDbSpline
210
0.0
220
0.0
230
1.0
 70
    11
 71
     3
 72
    24
 73
    20
 74
     0
 42
0.0000000001
 43
0.0000000001
 12
1.0
 22
0.0
 32
0.0
 13
1.0
 23
0.0
 33
0.0
 40
0.0
 40
0.0
 40
0.0
 40
0.0
 40
0.1666666666666667
 40
0.1666666666666667
 40
0.1666666666666667
 40
0.1666666666666667
 40
0.3333333333333333
 40
0.3333333333333333
 40
0.3333333333333333
 40
0.3333333333333333
 40
0.5
 40
0.5
 40
0.5
 40
0.5
 40
0.6666666666666666
 40
0.6666666666666666
 40
0.6666666666666666
 40
0.6666666666666666
 40
1.0
 40
1.0
 40
1.0
 40
1.0
 10
-6.44
 20
-7.9
 30
0.0
 10
-6.669
 20
-8.002
 30
0.0
 10
-6.9
 20
-8.101
 30
0.0
 10
-7.13
 20
-8.201
 30
0.0
 10
-7.13
 20
-8.201
 30
0.0
 10
-6.956
 20
-8.377
 30
0.0
 10
-6.774
 20
-8.546
 30
0.0
 10
-6.602
 20
-8.723
 30
0.0
 10
-6.602
 20
-8.723
 30
0.0
 10
-6.344
 20
-8.663
 30
0.0
 10
-6.1
 20
-8.556
 30
0.0
 10
-5.858
 20
-8.45
 30
0.0
 10
-5.858
 20
-8.45
 30
0.0
 10
-6.04
 20
-8.254
 30
0.0
 10
-6.242
 20
-8.078
 30
0.0
 10
-6.44
 20
-7.899
 30
0.0
 10
-6.44
 20
-7.899
 30
0.0
 10
-6.44
 20
-7.899
 30
0.0
 10
-6.44
 20
-7.9
 30
0.0
 10
-6.44
 20
-7.9
 30
0.0
  0
SPLINE
  5
99
330
1F
100
AcDbEntity
  8
Camada 1
 62
   183
100
AcDbSpline
210
0.0
220
0.0
230
1.0
 70
    11
 71
     3
 72
    24
 73
    20
 74
     0
 42
0.0000000001
 43
0.0000000001
 12
1.0
 22
0.0
 32
0.0
 13
1.0
 23
0.0
 33
0.0
 40
0.0
 40
0.0
 40
0.0
 40
0.0
 40
0.1666666666666667
 40
0.1666666666666667
 40
0.1666666666666667
 40
0.1666666666666667
 40
0.3333333333333333
 40
0.3333333333333333
 40
0.3333333333333333
 40
0.3333333333333333
 40
0.5
 40
0.5
 40
0.5
 40
0.5
 40
0.6666666666666666
 40
0.6666666666666666
 40
0.6666666666666666
 40
0.6666666666666666
 40
1.0
 40
1.0
 40
1.0
 40
1.0
 10
1.972
 20
-8.409
 30
0.0
 10
1.814
 20
-8.487
 30
0.0
 10
1.697
 20
-8.624
 30
0.0
 10
1.566
 20
-8.739
 30
0.0
 10
1.566
 20
-8.739
 30
0.0
 10
1.816
 20
-8.881
 30
0.0
 10
2.1
 20
-8.913
 30
0.0
 10
2.383
 20
-8.903
 30
0.0
 10
2.383
 20
-8.903
 30
0.0
 10
2.479
 20
-8.723
 30
0.0
 10
2.558
 20
-8.504
 30
0.0
 10
2.427
 20
-8.32
 30
0.0
 10
2.427
 20
-8.32
 30
0.0
 10
2.276
 20
-8.351
 30
0.0
 10
2.123
 20
-8.375
 30
0.0
 10
1.973
 20
-8.409
 30
0.0
 10
1.973
 20
-8.409
 30
0.0
 10
1.973
 20
-8.409
 30
0.0
 10
1.972
 20
-8.409
 30
0.0
 10
1.972
 20
-8.409
 30
0.0
  0
SPLINE
  5
9A
330
1F
100
AcDbEntity
  8
Camada 1
 62
   183
100
AcDbSpline
210
0.0
220
0.0
230
1.0
 70
    11
 71
     3
 72
    20
 73
    16
 74
     0
 42
0.0000000001
 43
0.0000000001
 12
1.0
 22
0.0
 32
0.0
 13
1.0
 23
0.0
 33
0.0
 40
0.0
 40
0.0
 40
0.0
 40
0.0
 40
0.2
 40
0.2
 40
0.2
 40
0.2
 40
0.4
 40
0.4
 40
0.4
 40
0.4
 40
0.6
 40
0.6
 40
0.6
 40
0.6
 40
1.0
 40
1.0
 40
1.0
 40
1.0
 10
4.017
 20
-8.543
 30
0.0
 10
3.913
 20
-8.831
 30
0.0
 10
3.814
 20
-9.136
 30
0.0
 10
3.91
 20
-9.442
 30
0.0
 10
3.91
 20
-9.442
 30
0.0
 10
4.197
 20
-9.413
 30
0.0
 10
4.421
 20
-9.116
 30
0.0
 10
4.491
 20
-8.853
 30
0.0
 10
4.491
 20
-8.853
 30
0.0
 10
4.452
 20
-8.634
 30
0.0
 10
4.226
 20
-8.528
 30
0.0
 10
4.018
 20
-8.544
 30
0.0
 10
4.018
 20
-8.544
 30
0.0
 10
4.018
 20
-8.544
 30
0.0
 10
4.017
 20
-8.543
 30
0.0
 10
4.017
 20
-8.543
 30
0.0
  0
SPLINE
  5
9B
330
1F
100
AcDbEntity
  8
Camada 1
 62
   183
100
AcDbSpline
210
0.0
220
0.0
230
1.0
 70
    11
 71
     3
 72
    24
 73
    20
 74
     0
 42
0.0000000001
 43
0.0000000001
 12
1.0
 22
0.0
 32
0.0
 13
1.0
 23
0.0
 33
0.0
 40
0.0
 40
0.0
 40
0.0
 40
0.0
 40
0.1666666666666667
 40
0.1666666666666667
 40
0.1666666666666667
 40
0.1666666666666667
 40
0.3333333333333333
 40
0.3333333333333333
 40
0.3333333333333333
 40
0.3333333333333333
 40
0.5
 40
0.5
 40
0.5
 40
0.5
 40
0.6666666666666666
 40
0.6666666666666666
 40
0.6666666666666666
 40
0.6666666666666666
 40
1.0
 40
1.0
 40
1.0
 40
1.0
 10
-4.726
 20
-8.872
 30
0.0
 10
-4.57
 20
-9.086
 30
0.0
 10
-4.4
 20
-9.289
 30
0.0
 10
-4.222
 20
-9.484
 30
0.0
 10
-4.222
 20
-9.484
 30
0.0
 10
-3.974
 20
-9.41
 30
0.0
 10
-3.725
 20
-9.342
 30
0.0
 10
-3.477
 20
-9.272
 30
0.0
 10
-3.477
 20
-9.272
 30
0.0
 10
-3.642
 20
-9.062
 30
0.0
 10
-3.813
 20
-8.857
 30
0.0
 10
-4.001
 20
-8.668
 30
0.0
 10
-4.001
 20
-8.668
 30
0.0
 10
-4.242
 20
-8.738
 30
0.0
 10
-4.484
 20
-8.807
 30
0.0
 10
-4.727
 20
-8.872
 30
0.0
 10
-4.727
 20
-8.872
 30
0.0
 10
-4.727
 20
-8.872
 30
0.0
 10
-4.726
 20
-8.872
 30
0.0
 10
-4.726
 20
-8.872
 30
0.0
  0
SPLINE
  5
9C
330
1F
100
AcDbEntity
  8
Camada 1
 62
   183
100
AcDbSpline
210
0.0
220
0.0
230
1.0
 70
    11
 71
     3
 72
    28
 73
    24
 74
     0
 42
0.0000000001
 43
0.0000000001
 12
1.0
 22
0.0
 32
0.0
 13
1.0
 23
0.0
 33
0.0
 40
0.0
 40
0.0
 40
0.0
 40
0.0
 40
0.1428571428571428
 40
0.1428571428571428
 40
0.1428571428571428
 40
0.1428571428571428
 40
0.2857142857142857
 40
0.2857142857142857
 40
0.2857142857142857
 40
0.2857142857142857
 40
0.4285714285714285
 40
0.4285714285714285
 40
0.4285714285714285
 40
0.4285714285714285
 40
0.5714285714285714
 40
0.5714285714285714
 40
0.5714285714285714
 40
0.5714285714285714
 40
0.7142857142857143
 40
0.7142857142857143
 40
0.7142857142857143
 40
0.7142857142857143
 40
1.0
 40
1.0
 40
1.0
 40
1.0
 10
2.956
 20
-8.872
 30
0.0
 10
2.92
 20
-8.966
 30
0.0
 10
2.854
 20
-9.086
 30
0.0
 10
2.93
 20
-9.179
 30
0.0
 10
2.93
 20
-9.179
 30
0.0
 10
3.092
 20
-9.384
 30
0.0
 10
3.347
 20
-9.487
 30
0.0
 10
3.595
 20
-9.54
 30
0.0
 10
3.595
 20
-9.54
 30
0.0
 10
3.594
 20
-9.361
 30
0.0
 10
3.589
 20
-9.174
 30
0.0
 10
3.526
 20
-9.005
 30
0.0
 10
3.526
 20
-9.005
 30
0.0
 10
3.448
 20
-8.889
 30
0.0
 10
3.339
 20
-8.798
 30
0.0
 10
3.25
 20
-8.692
 30
0.0
 10
3.25
 20
-8.692
 30
0.0
 10
3.145
 20
-8.735
 30
0.0
 10
2.995
 20
-8.746
 30
0.0
 10
2.955
 20
-8.873
 30
0.0
 10
2.955
 20
-8.873
 30
0.0
 10
2.955
 20
-8.873
 30
0.0
 10
2.956
 20
-8.872
 30
0.0
 10
2.956
 20
-8.872
 30
0.0
  0
SPLINE
  5
9D
330
1F
100
AcDbEntity
  8
Camada 1
 62
   183
100
AcDbSpline
210
0.0
220
0.0
230
1.0
 70
    11
 71
     3
 72
    24
 73
    20
 74
     0
 42
0.0000000001
 43
0.0000000001
 12
1.0
 22
0.0
 32
0.0
 13
1.0
 23
0.0
 33
0.0
 40
0.0
 40
0.0
 40
0.0
 40
0.0
 40
0.1666666666666667
 40
0.1666666666666667
 40
0.1666666666666667
 40
0.1666666666666667
 40
0.3333333333333333
 40
0.3333333333333333
 40
0.3333333333333333
 40
0.3333333333333333
 40
0.5
 40
0.5
 40
0.5
 40
0.5
 40
0.6666666666666666
 40
0.6666666666666666
 40
0.6666666666666666
 40
0.6666666666666666
 40
1.0
 40
1.0
 40
1.0
 40
1.0
 10
-8.026
 20
-9.214
 30
0.0
 10
-8.125
 20
-9.339
 30
0.0
 10
-8.2
 20
-9.483
 30
0.0
 10
-8.247
 20
-9.636
 30
0.0
 10
-8.247
 20
-9.636
 30
0.0
 10
-8.076
 20
-9.683
 30
0.0
 10
-7.887
 20
-9.732
 30
0.0
 10
-7.713
 20
-9.667
 30
0.0
 10
-7.713
 20
-9.667
 30
0.0
 10
-7.576
 20
-9.578
 30
0.0
 10
-7.533
 20
-9.405
 30
0.0
 10
-7.454
 20
-9.27
 30
0.0
 10
-7.454
 20
-9.27
 30
0.0
 10
-7.631
 20
-9.196
 30
0.0
 10
-7.839
 20
-9.123
 30
0.0
 10
-8.026
 20
-9.213
 30
0.0
 10
-8.026
 20
-9.213
 30
0.0
 10
-8.026
 20
-9.213
 30
0.0
 10
-8.026
 20
-9.214
 30
0.0
 10
-8.026
 20
-9.214
 30
0.0
  0
SPLINE
  5
9E
330
1F
100
AcDbEntity
  8
Camada 1
 62
   183
100
AcDbSpline
210
0.0
220
0.0
230
1.0
 70
    11
 71
     3
 72
    24
 73
    20
 74
     0
 42
0.0000000001
 43
0.0000000001
 12
1.0
 22
0.0
 32
0.0
 13
1.0
 23
0.0
 33
0.0
 40
0.0
 40
0.0
 40
0.0
 40
0.0
 40
0.1666666666666667
 40
0.1666666666666667
 40
0.1666666666666667
 40
0.1666666666666667
 40
0.3333333333333333
 40
0.3333333333333333
 40
0.3333333333333333
 40
0.3333333333333333
 40
0.5
 40
0.5
 40
0.5
 40
0.5
 40
0.6666666666666666
 40
0.6666666666666666
 40
0.6666666666666666
 40
0.6666666666666666
 40
1.0
 40
1.0
 40
1.0
 40
1.0
 10
-6.484
 20
-9.276
 30
0.0
 10
-6.568
 20
-9.523
 30
0.0
 10
-6.641
 20
-9.773
 30
0.0
 10
-6.725
 20
-10.019
 30
0.0
 10
-6.725
 20
-10.019
 30
0.0
 10
-6.473
 20
-9.989
 30
0.0
 10
-6.222
 20
-9.958
 30
0.0
 10
-5.97
 20
-9.927
 30
0.0
 10
-5.97
 20
-9.927
 30
0.0
 10
-5.887
 20
-9.675
 30
0.0
 10
-5.811
 20
-9.422
 30
0.0
 10
-5.736
 20
-9.167
 30
0.0
 10
-5.736
 20
-9.167
 30
0.0
 10
-5.985
 20
-9.205
 30
0.0
 10
-6.234
 20
-9.243
 30
0.0
 10
-6.484
 20
-9.275
 30
0.0
 10
-6.484
 20
-9.275
 30
0.0
 10
-6.484
 20
-9.275
 30
0.0
 10
-6.484
 20
-9.276
 30
0.0
 10
-6.484
 20
-9.276
 30
0.0
  0
SPLINE
  5
9F
330
1F
100
AcDbEntity
  8
Camada 1
 62
   183
100
AcDbSpline
210
0.0
220
0.0
230
1.0
 70
    11
 71
     3
 72
    24
 73
    20
 74
     0
 42
0.0000000001
 43
0.0000000001
 12
1.0
 22
0.0
 32
0.0
 13
1.0
 23
0.0
 33
0.0
 40
0.0
 40
0.0
 40
0.0
 40
0.0
 40
0.1666666666666667
 40
0.1666666666666667
 40
0.1666666666666667
 40
0.1666666666666667
 40
0.3333333333333333
 40
0.3333333333333333
 40
0.3333333333333333
 40
0.3333333333333333
 40
0.5
 40
0.5
 40
0.5
 40
0.5
 40
0.6666666666666666
 40
0.6666666666666666
 40
0.6666666666666666
 40
0.6666666666666666
 40
1.0
 40
1.0
 40
1.0
 40
1.0
 10
-5.123
 20
-9.302
 30
0.0
 10
-5.19
 20
-9.542
 30
0.0
 10
-5.266
 20
-9.778
 30
0.0
 10
-5.345
 20
-10.014
 30
0.0
 10
-5.345
 20
-10.014
 30
0.0
 10
-5.157
 20
-10.2
 30
0.0
 10
-4.966
 20
-10.383
 30
0.0
 10
-4.775
 20
-10.566
 30
0.0
 10
-4.775
 20
-10.566
 30
0.0
 10
-4.663
 20
-10.327
 30
0.0
 10
-4.594
 20
-10.071
 30
0.0
 10
-4.527
 20
-9.818
 30
0.0
 10
-4.527
 20
-9.818
 30
0.0
 10
-4.722
 20
-9.642
 30
0.0
 10
-4.919
 20
-9.467
 30
0.0
 10
-5.124
 20
-9.302
 30
0.0
 10
-5.124
 20
-9.302
 30
0.0
 10
-5.124
 20
-9.302
 30
0.0
 10
-5.123
 20
-9.302
 30
0.0
 10
-5.123
 20
-9.302
 30
0.0
  0
SPLINE
  5
A0
330
1F
100
AcDbEntity
  8
Camada 1
 62
   183
100
AcDbSpline
210
0.0
220
0.0
230
1.0
 70
    11
 71
     3
 72
    24
 73
    20
 74
     0
 42
0.0000000001
 43
0.0000000001
 12
1.0
 22
0.0
 32
0.0
 13
1.0
 23
0.0
 33
0.0
 40
0.0
 40
0.0
 40
0.0
 40
0.0
 40
0.1666666666666667
 40
0.1666666666666667
 40
0.1666666666666667
 40
0.1666666666666667
 40
0.3333333333333333
 40
0.3333333333333333
 40
0.3333333333333333
 40
0.3333333333333333
 40
0.5
 40
0.5
 40
0.5
 40
0.5
 40
0.6666666666666666
 40
0.6666666666666666
 40
0.6666666666666666
 40
0.6666666666666666
 40
1.0
 40
1.0
 40
1.0
 40
1.0
 10
-3.568
 20
-10.386
 30
0.0
 10
-3.541
 20
-10.567
 30
0.0
 10
-3.565
 20
-10.775
 30
0.0
 10
-3.438
 20
-10.922
 30
0.0
 10
-3.438
 20
-10.922
 30
0.0
 10
-3.287
 20
-11.012
 30
0.0
 10
-3.104
 20
-10.981
 30
0.0
 10
-2.936
 20
-10.982
 30
0.0
 10
-2.936
 20
-10.982
 30
0.0
 10
-2.942
 20
-10.833
 30
0.0
 10
-2.935
 20
-10.667
 30
0.0
 10
-3.014
 20
-10.536
 30
0.0
 10
-3.014
 20
-10.536
 30
0.0
 10
-3.142
 20
-10.369
 30
0.0
 10
-3.391
 20
-10.431
 30
0.0
 10
-3.568
 20
-10.386
 30
0.0
 10
-3.568
 20
-10.386
 30
0.0
 10
-3.568
 20
-10.386
 30
0.0
 10
-3.568
 20
-10.386
 30
0.0
 10
-3.568
 20
-10.386
 30
0.0
  0
SPLINE
  5
A1
330
1F
100
AcDbEntity
  8
Camada 1
 62
   183
100
AcDbSpline
210
0.0
220
0.0
230
1.0
 70
    11
 71
     3
 72
    24
 73
    20
 74
     0
 42
0.0000000001
 43
0.0000000001
 12
1.0
 22
0.0
 32
0.0
 13
1.0
 23
0.0
 33
0.0
 40
0.0
 40
0.0
 40
0.0
 40
0.0
 40
0.1666666666666667
 40
0.1666666666666667
 40
0.1666666666666667
 40
0.1666666666666667
 40
0.3333333333333333
 40
0.3333333333333333
 40
0.3333333333333333
 40
0.3333333333333333
 40
0.5
 40
0.5
 40
0.5
 40
0.5
 40
0.6666666666666666
 40
0.6666666666666666
 40
0.6666666666666666
 40
0.6666666666666666
 40
1.0
 40
1.0
 40
1.0
 40
1.0
 10
-6.19
 20
-11.226
 30
0.0
 10
-6.294
 20
-11.394
 30
0.0
 10
-6.182
 20
-11.602
 30
0.0
 10
-6.135
 20
-11.774
 30
0.0
 10
-6.135
 20
-11.774
 30
0.0
 10
-5.994
 20
-11.731
 30
0.0
 10
-5.851
 20
-11.675
 30
0.0
 10
-5.75
 20
-11.561
 30
0.0
 10
-5.75
 20
-11.561
 30
0.0
 10
-5.59
 20
-11.398
 30
0.0
 10
-5.72
 20
-11.158
 30
0.0
 10
-5.774
 20
-10.975
 30
0.0
 10
-5.774
 20
-10.975
 30
0.0
 10
-5.921
 20
-11.043
 30
0.0
 10
-6.075
 20
-11.112
 30
0.0
 10
-6.191
 20
-11.226
 30
0.0
 10
-6.191
 20
-11.226
 30
0.0
 10
-6.191
 20
-11.226
 30
0.0
 10
-6.19
 20
-11.226
 30
0.0
 10
-6.19
 20
-11.226
 30
0.0
  0
ENDSEC
  0
SECTION
  2
OBJECTS
  0
DICTIONARY
  5
C
330
0
100
AcDbDictionary
281
     1
  3
ACAD_GROUP
350
D
  3
ACAD_LAYOUT
350
1A
  3
ACAD_MATERIAL
350
3B
  3
ACAD_MLEADERSTYLE
350
C3
  3
ACAD_MLINESTYLE
350
17
  3
ACAD_PLOTSETTINGS
350
19
  3
ACAD_PLOTSTYLENAME
350
E
  3
ACAD_TABLESTYLE
350
C2
  3
ACAD_VISUALSTYLE
350
2A
  0
DICTIONARY
  5
D
102
{ACAD_REACTORS
330
C
102
}
330
C
100
AcDbDictionary
281
     1
  0
DICTIONARY
  5
1A
102
{ACAD_REACTORS
330
C
102
}
330
C
100
AcDbDictionary
281
     1
  3
Layout1
350
1E
  3
Layout2
350
26
  3
Model
350
22
  0
DICTIONARY
  5
3B
102
{ACAD_REACTORS
330
C
102
}
330
C
100
AcDbDictionary
281
     1
  3
ByBlock
350
3D
  3
ByLayer
350
3C
  3
Global
350
3E
  0
DICTIONARY
  5
C3
102
{ACAD_REACTORS
330
C
102
}
330
C
100
AcDbDictionary
281
     1
  0
DICTIONARY
  5
17
102
{ACAD_REACTORS
330
C
102
}
330
C
100
AcDbDictionary
281
     1
  3
Standard
350
18
  0
DICTIONARY
  5
19
102
{ACAD_REACTORS
330
C
102
}
330
C
100
AcDbDictionary
281
     1
  0
ACDBDICTIONARYWDFLT
  5
E
102
{ACAD_REACTORS
330
C
102
}
330
C
100
AcDbDictionary
281
     1
  3
Normal
350
F
100
AcDbDictionaryWithDefault
340
F
  0
DICTIONARY
  5
C2
102
{ACAD_REACTORS
330
C
102
}
330
C
100
AcDbDictionary
281
     1
  0
DICTIONARY
  5
2A
102
{ACAD_REACTORS
330
C
102
}
330
C
100
AcDbDictionary
281
     1
  3
2dWireframe
350
2F
  3
3D Hidden
350
31
  3
3dWireframe
350
30
  3
Basic
350
32
  3
Brighten
350
36
  3
ColorChange
350
3A
  3
Conceptual
350
34
  3
Dim
350
35
  3
Facepattern
350
39
  3
Flat
350
2B
  3
FlatWithEdges
350
2C
  3
Gouraud
350
2D
  3
GouraudWithEdges
350
2E
  3
Linepattern
350
38
  3
Realistic
350
33
  3
Thicken
350
37
  0
LAYOUT
  5
1E
102
{ACAD_REACTORS
330
1A
102
}
330
1A
100
AcDbPlotSettings
  1

  2
none_device
  4

  6

 40
0.0
 41
0.0
 42
0.0
 43
0.0
 44
0.0
 45
0.0
 46
0.0
 47
0.0
 48
0.0
 49
0.0
140
0.0
141
0.0
142
1.0
143
1.0
 70
   688
 72
     0
 73
     0
 74
     5
  7

 75
    16
 76
     0
 77
     2
 78
   300
147
1.0
148
0.0
149
0.0
100
AcDbLayout
  1
Layout1
 70
     1
 71
     1
 10
0.0
 20
0.0
 11
12.0
 21
9.0
 12
0.0
 22
0.0
 32
0.0
 14
1.000000000000000E+20
 24
1.000000000000000E+20
 34
1.000000000000000E+20
 15
-1.000000000000000E+20
 25
-1.000000000000000E+20
 35
-1.000000000000000E+20
146
0.0
 13
0.0
 23
0.0
 33
0.0
 16
1.0
 26
0.0
 36
0.0
 17
0.0
 27
1.0
 37
0.0
 76
     0
330
1B
  0
LAYOUT
  5
26
102
{ACAD_REACTORS
330
1A
102
}
330
1A
100
AcDbPlotSettings
  1

  2
none_device
  4

  6

 40
0.0
 41
0.0
 42
0.0
 43
0.0
 44
0.0
 45
0.0
 46
0.0
 47
0.0
 48
0.0
 49
0.0
140
0.0
141
0.0
142
1.0
143
1.0
 70
   688
 72
     0
 73
     0
 74
     5
  7

 75
    16
 76
     0
 77
     2
 78
   300
147
1.0
148
0.0
149
0.0
100
AcDbLayout
  1
Layout2
 70
     1
 71
     2
 10
0.0
 20
0.0
 11
0.0
 21
0.0
 12
0.0
 22
0.0
 32
0.0
 14
0.0
 24
0.0
 34
0.0
 15
0.0
 25
0.0
 35
0.0
146
0.0
 13
0.0
 23
0.0
 33
0.0
 16
1.0
 26
0.0
 36
0.0
 17
0.0
 27
1.0
 37
0.0
 76
     0
330
23
  0
LAYOUT
  5
22
102
{ACAD_REACTORS
330
1A
102
}
330
1A
100
AcDbPlotSettings
  1

  2
none_device
  4

  6

 40
0.0
 41
0.0
 42
0.0
 43
0.0
 44
0.0
 45
0.0
 46
0.0
 47
0.0
 48
0.0
 49
0.0
140
0.0
141
0.0
142
1.0
143
1.0
 70
  1712
 72
     0
 73
     0
 74
     0
  7

 75
     0
 76
     0
 77
     2
 78
   300
147
1.0
148
0.0
149
0.0
100
AcDbLayout
  1
Model
 70
     1
 71
     0
 10
0.0
 20
0.0
 11
12.0
 21
9.0
 12
0.0
 22
0.0
 32
0.0
 14
-8.87838
 24
-12.91555
 34
0.0
 15
8.96669
 25
12.84674
 35
0.0
146
0.0
 13
0.0
 23
0.0
 33
0.0
 16
1.0
 26
0.0
 36
0.0
 17
0.0
 27
1.0
 37
0.0
 76
     0
330
1F
331
29
  0
MATERIAL
  5
3D
102
{ACAD_REACTORS
330
3B
102
}
330
3B
100
AcDbMaterial
  1
ByBlock
 72
     1
 94
      127
  0
MATERIAL
  5
3C
102
{ACAD_REACTORS
330
3B
102
}
330
3B
100
AcDbMaterial
  1
ByLayer
 72
     1
 94
      127
  0
MATERIAL
  5
3E
102
{ACAD_REACTORS
330
3B
102
}
330
3B
100
AcDbMaterial
  1
Global
 72
     1
 94
      127
  0
MLINESTYLE
  5
18
102
{ACAD_REACTORS
330
17
102
}
330
17
100
AcDbMlineStyle
  2
Standard
 70
     0
  3

 62
   256
 51
90.0
 52
90.0
 71
     2
 49
0.5
 62
   256
  6
BYLAYER
 49
-0.5
 62
   256
  6
BYLAYER
  0
ACDBPLACEHOLDER
  5
F
102
{ACAD_REACTORS
330
E
102
}
330
E
  0
VISUALSTYLE
  5
2F
102
{ACAD_REACTORS
330
2A
102
}
102
{ACAD_XDICTIONARY
360
AA
102
}
330
2A
100
AcDbVisualStyle
  2
2dWireframe
 70
     4
 71
     0
 72
     2
 73
     0
 90
        0
 40
-0.6
 41
-30.0
 62
     5
 63
     7
421
 16777215
 74
     1
 91
        4
 64
     7
 65
   257
 75
     1
175
     1
 42
1.0
 92
        0
 66
   257
 43
1.0
 76
     1
 77
     6
 78
     2
 67
     7
 79
     5
170
     0
171
     0
290
     0
174
     0
 93
        1
 44
0.0
173
     0
291
     0
 45
0.0
  0
VISUALSTYLE
  5
31
102
{ACAD_REACTORS
330
2A
102
}
102
{ACAD_XDICTIONARY
360
AE
102
}
330
2A
100
AcDbVisualStyle
  2
3D Hidden
 70
     6
 71
     1
 72
     2
 73
     2
 90
        0
 40
-0.6
 41
-30.0
 62
     5
 63
     7
421
 16777215
 74
     2
 91
        2
 64
     7
 65
   257
 75
     2
175
     1
 42
40.0
 92
        0
 66
   257
 43
1.0
 76
     1
 77
     6
 78
     2
 67
     7
 79
     3
170
     0
171
     0
290
     0
174
     0
 93
        1
 44
0.0
173
     0
291
     0
 45
0.0
  0
VISUALSTYLE
  5
30
102
{ACAD_REACTORS
330
2A
102
}
102
{ACAD_XDICTIONARY
360
AC
102
}
330
2A
100
AcDbVisualStyle
  2
3dWireframe
 70
     5
 71
     0
 72
     2
 73
     0
 90
        0
 40
-0.6
 41
-30.0
 62
     5
 63
     7
421
 16777215
 74
     1
 91
        4
 64
     7
 65
   257
 75
     1
175
     1
 42
1.0
 92
        0
 66
   257
 43
1.0
 76
     1
 77
     6
 78
     2
 67
     7
 79
     5
170
     0
171
     0
290
     0
174
     0
 93
        1
 44
0.0
173
     0
291
     0
 45
0.0
  0
VISUALSTYLE
  5
32
102
{ACAD_REACTORS
330
2A
102
}
102
{ACAD_XDICTIONARY
360
B0
102
}
330
2A
100
AcDbVisualStyle
  2
Basic
 70
     7
 71
     1
 72
     0
 73
     1
 90
        0
 40
-0.6
 41
-30.0
 62
     5
 63
     7
421
 16777215
 74
     0
 91
        4
 64
     7
 65
   257
 75
     1
175
     1
 42
1.0
 92
        8
 66
     7
 43
1.0
 76
     1
 77
     6
 78
     2
 67
     7
 79
     5
170
     0
171
     0
290
     0
174
     0
 93
        1
 44
0.0
173
     0
291
     1
 45
0.0
  0
VISUALSTYLE
  5
36
102
{ACAD_REACTORS
330
2A
102
}
102
{ACAD_XDICTIONARY
360
B8
102
}
330
2A
100
AcDbVisualStyle
  2
Brighten
 70
    12
 71
     2
 72
     2
 73
     0
 90
        0
 40
-0.6
 41
-30.0
 62
     5
 63
     7
421
 16777215
 74
     1
 91
        4
 64
     7
 65
   257
 75
     1
175
     1
 42
1.0
 92
        8
 66
     7
 43
1.0
 76
     1
 77
     6
 78
     2
 67
     7
 79
     5
170
     0
171
     0
290
     0
174
     0
 93
        1
 44
50.0
173
     0
291
     1
 45
0.0
  0
VISUALSTYLE
  5
3A
102
{ACAD_REACTORS
330
2A
102
}
102
{ACAD_XDICTIONARY
360
C0
102
}
330
2A
100
AcDbVisualStyle
  2
ColorChange
 70
    16
 71
     2
 72
     2
 73
     3
 90
        0
 40
-0.6
 41
-30.0
 62
     5
 63
     8
421
  8421504
 74
     1
 91
        4
 64
     7
 65
   257
 75
     1
175
     1
 42
1.0
 92
        8
 66
     8
424
  8421504
 43
1.0
 76
     1
 77
     6
 78
     2
 67
     7
 79
     5
170
     0
171
     0
290
     0
174
     0
 93
        1
 44
0.0
173
     0
291
     1
 45
0.0
  0
VISUALSTYLE
  5
34
102
{ACAD_REACTORS
330
2A
102
}
102
{ACAD_XDICTIONARY
360
B4
102
}
330
2A
100
AcDbVisualStyle
  2
Conceptual
 70
     9
 71
     3
 72
     2
 73
     0
 90
        0
 40
-0.6
 41
-30.0
 62
     5
 63
     7
421
 16777215
 74
     2
 91
        2
 64
     7
 65
   257
 75
     1
175
     1
 42
40.0
 92
        8
 66
     7
 43
1.0
 76
     1
 77
     6
 78
     2
 67
     7
 79
     3
170
     0
171
     0
290
     0
174
     0
 93
        1
 44
0.0
173
     0
291
     0
 45
0.0
  0
VISUALSTYLE
  5
35
102
{ACAD_REACTORS
330
2A
102
}
102
{ACAD_XDICTIONARY
360
B6
102
}
330
2A
100
AcDbVisualStyle
  2
Dim
 70
    11
 71
     2
 72
     2
 73
     0
 90
        0
 40
-0.6
 41
-30.0
 62
     5
 63
     7
421
 16777215
 74
     1
 91
        4
 64
     7
 65
   257
 75
     1
175
     1
 42
1.0
 92
        8
 66
     7
 43
1.0
 76
     1
 77
     6
 78
     2
 67
     7
 79
     5
170
     0
171
     0
290
     0
174
     0
 93
        1
 44
-50.0
173
     0
291
     1
 45
0.0
  0
VISUALSTYLE
  5
39
102
{ACAD_REACTORS
330
2A
102
}
102
{ACAD_XDICTIONARY
360
BE
102
}
330
2A
100
AcDbVisualStyle
  2
Facepattern
 70
    15
 71
     2
 72
     2
 73
     0
 90
        0
 40
-0.6
 41
-30.0
 62
     5
 63
     7
421
 16777215
 74
     1
 91
        4
 64
     7
 65
   257
 75
     1
175
     1
 42
1.0
 92
        8
 66
     7
 43
1.0
 76
     1
 77
     6
 78
     2
 67
     7
 79
     5
170
     0
171
     0
290
     0
174
     0
 93
        1
 44
0.0
173
     0
291
     1
 45
0.0
  0
VISUALSTYLE
  5
2B
102
{ACAD_REACTORS
330
2A
102
}
102
{ACAD_XDICTIONARY
360
A2
102
}
330
2A
100
AcDbVisualStyle
  2
Flat
 70
     0
 71
     2
 72
     1
 73
     1
 90
        2
 40
-0.6
 41
30.0
 62
     5
 63
     7
421
 16777215
 74
     0
 91
        4
 64
     7
 65
   257
 75
     1
175
     1
 42
1.0
 92
        8
 66
     7
 43
1.0
 76
     1
 77
     6
 78
     2
 67
     7
 79
     5
170
     0
171
     0
290
     0
174
     0
 93
       13
 44
0.0
173
     0
291
     1
 45
0.0
  0
VISUALSTYLE
  5
2C
102
{ACAD_REACTORS
330
2A
102
}
102
{ACAD_XDICTIONARY
360
A4
102
}
330
2A
100
AcDbVisualStyle
  2
FlatWithEdges
 70
     1
 71
     2
 72
     1
 73
     1
 90
        2
 40
-0.6
 41
30.0
 62
     5
 63
     7
421
 16777215
 74
     1
 91
        4
 64
     7
 65
   257
 75
     1
175
     1
 42
1.0
 92
        0
 66
   257
 43
1.0
 76
     1
 77
     6
 78
     2
 67
     7
 79
     5
170
     0
171
     0
290
     0
174
     0
 93
       13
 44
0.0
173
     0
291
     1
 45
0.0
  0
VISUALSTYLE
  5
2D
102
{ACAD_REACTORS
330
2A
102
}
102
{ACAD_XDICTIONARY
360
A6
102
}
330
2A
100
AcDbVisualStyle
  2
Gouraud
 70
     2
 71
     2
 72
     2
 73
     1
 90
        2
 40
-0.6
 41
30.0
 62
     5
 63
     7
421
 16777215
 74
     0
 91
        4
 64
     7
 65
   257
 75
     1
175
     1
 42
1.0
 92
        0
 66
     7
 43
1.0
 76
     1
 77
     6
 78
     2
 67
     7
 79
     5
170
     0
171
     0
290
     0
174
     0
 93
       13
 44
0.0
173
     0
291
     1
 45
0.0
  0
VISUALSTYLE
  5
2E
102
{ACAD_REACTORS
330
2A
102
}
102
{ACAD_XDICTIONARY
360
A8
102
}
330
2A
100
AcDbVisualStyle
  2
GouraudWithEdges
 70
     3
 71
     2
 72
     2
 73
     1
 90
        2
 40
-0.6
 41
30.0
 62
     5
 63
     7
421
 16777215
 74
     1
 91
        4
 64
     7
 65
   257
 75
     1
175
     1
 42
1.0
 92
        0
 66
   257
 43
1.0
 76
     1
 77
     6
 78
     2
 67
     7
 79
     5
170
     0
171
     0
290
     0
174
     0
 93
       13
 44
0.0
173
     0
291
     1
 45
0.0
  0
VISUALSTYLE
  5
38
102
{ACAD_REACTORS
330
2A
102
}
102
{ACAD_XDICTIONARY
360
BC
102
}
330
2A
100
AcDbVisualStyle
  2
Linepattern
 70
    14
 71
     2
 72
     2
 73
     0
 90
        0
 40
-0.6
 41
-30.0
 62
     5
 63
     7
421
 16777215
 74
     1
 91
        4
 64
     7
 65
   257
 75
     7
175
     7
 42
1.0
 92
        8
 66
     7
 43
1.0
 76
     1
 77
     6
 78
     2
 67
     7
 79
     5
170
     0
171
     0
290
     0
174
     0
 93
        1
 44
0.0
173
     0
291
     1
 45
0.0
  0
VISUALSTYLE
  5
33
102
{ACAD_REACTORS
330
2A
102
}
102
{ACAD_XDICTIONARY
360
B2
102
}
330
2A
100
AcDbVisualStyle
  2
Realistic
 70
     8
 71
     2
 72
     2
 73
     0
 90
        0
 40
-0.6
 41
-30.0
 62
     5
 63
     7
421
 16777215
 74
     1
 91
        0
 64
     7
 65
   257
 75
     1
175
     1
 42
1.0
 92
        8
 66
     8
424
  7895160
 43
1.0
 76
     1
 77
     6
 78
     2
 67
     7
 79
     5
170
     0
171
     0
290
     0
174
     0
 93
       13
 44
0.0
173
     0
291
     0
 45
0.0
  0
VISUALSTYLE
  5
37
102
{ACAD_REACTORS
330
2A
102
}
102
{ACAD_XDICTIONARY
360
BA
102
}
330
2A
100
AcDbVisualStyle
  2
Thicken
 70
    13
 71
     2
 72
     2
 73
     0
 90
        0
 40
-0.6
 41
-30.0
 62
     5
 63
     7
421
 16777215
 74
     1
 91
        4
 64
     7
 65
   257
 75
     1
175
     1
 42
1.0
 92
       12
 66
     7
 43
1.0
 76
     1
 77
     6
 78
     2
 67
     7
 79
     5
170
     0
171
     0
290
     0
174
     0
 93
        1
 44
0.0
173
     0
291
     1
 45
0.0
  0
DICTIONARY
  5
AA
330
2F
100
AcDbDictionary
280
     1
281
     1
  3
ACAD_XREC_ROUNDTRIP
360
AB
  0
DICTIONARY
  5
AE
330
31
100
AcDbDictionary
280
     1
281
     1
  3
ACAD_XREC_ROUNDTRIP
360
AF
  0
DICTIONARY
  5
AC
330
30
100
AcDbDictionary
280
     1
281
     1
  3
ACAD_XREC_ROUNDTRIP
360
AD
  0
DICTIONARY
  5
B0
330
32
100
AcDbDictionary
280
     1
281
     1
  3
ACAD_XREC_ROUNDTRIP
360
B1
  0
DICTIONARY
  5
B8
330
36
100
AcDbDictionary
280
     1
281
     1
  3
ACAD_XREC_ROUNDTRIP
360
B9
  0
DICTIONARY
  5
C0
330
3A
100
AcDbDictionary
280
     1
281
     1
  3
ACAD_XREC_ROUNDTRIP
360
C1
  0
DICTIONARY
  5
B4
330
34
100
AcDbDictionary
280
     1
281
     1
  3
ACAD_XREC_ROUNDTRIP
360
B5
  0
DICTIONARY
  5
B6
330
35
100
AcDbDictionary
280
     1
281
     1
  3
ACAD_XREC_ROUNDTRIP
360
B7
  0
DICTIONARY
  5
BE
330
39
100
AcDbDictionary
280
     1
281
     1
  3
ACAD_XREC_ROUNDTRIP
360
BF
  0
DICTIONARY
  5
A2
330
2B
100
AcDbDictionary
280
     1
281
     1
  3
ACAD_XREC_ROUNDTRIP
360
A3
  0
DICTIONARY
  5
A4
330
2C
100
AcDbDictionary
280
     1
281
     1
  3
ACAD_XREC_ROUNDTRIP
360
A5
  0
DICTIONARY
  5
A6
330
2D
100
AcDbDictionary
280
     1
281
     1
  3
ACAD_XREC_ROUNDTRIP
360
A7
  0
DICTIONARY
  5
A8
330
2E
100
AcDbDictionary
280
     1
281
     1
  3
ACAD_XREC_ROUNDTRIP
360
A9
  0
DICTIONARY
  5
BC
330
38
100
AcDbDictionary
280
     1
281
     1
  3
ACAD_XREC_ROUNDTRIP
360
BD
  0
DICTIONARY
  5
B2
330
33
100
AcDbDictionary
280
     1
281
     1
  3
ACAD_XREC_ROUNDTRIP
360
B3
  0
DICTIONARY
  5
BA
330
37
100
AcDbDictionary
280
     1
281
     1
  3
ACAD_XREC_ROUNDTRIP
360
BB
  0
XRECORD
  5
AB
102
{ACAD_REACTORS
330
AA
102
}
330
AA
100
AcDbXrecord
280
     1
102
RTVSPropertyOp0
 70
     1
102
RTVSPropertyOp1
 70
     1
102
RTVSPropertyOp2
 70
     1
102
RTVSPropertyOp3
 70
     1
102
RTVSPropertyOp4
 70
     1
102
RTVSPropertyOp5
 70
     1
102
RTVSPropertyOp6
 70
     1
102
RTVSPropertyOp7
 70
     1
102
RTVSPropertyOp8
 70
     1
102
RTVSPropertyOp9
 70
     1
102
RTVSPropertyOp10
 70
     1
102
RTVSPropertyOp11
 70
     1
102
RTVSPropertyOp12
 70
     1
102
RTVSPropertyOp13
 70
     1
102
RTVSPropertyOp14
 70
     1
102
RTVSPropertyOp15
 70
     1
102
RTVSPropertyOp16
 70
     1
102
RTVSPropertyOp17
 70
     1
102
RTVSPropertyOp18
 70
     1
102
RTVSPropertyOp19
 70
     1
102
RTVSPropertyOp20
 70
     1
102
RTVSPropertyOp21
 70
     1
102
RTVSPropertyOp22
 70
     1
102
RTVSPropertyOp23
 70
     1
102
RTVSPropertyOp24
 70
     1
102
RTVSPropertyOp25
 70
     1
102
RTVSPropertyOp26
 70
     1
102
RTVSPropertyOp27
 70
     1
102
RTVSPropertyOp28
 70
     1
102
RTVSPropertyOp29
 70
     1
102
RTVSPropertyOp30
 70
     1
102
RTVSPropertyOp31
 70
     1
102
RTVSPropertyOp32
 70
     1
  0
XRECORD
  5
AF
102
{ACAD_REACTORS
330
AE
102
}
330
AE
100
AcDbXrecord
280
     1
102
RTVSPropertyOp0
 70
     1
102
RTVSPropertyOp1
 70
     1
102
RTVSPropertyOp2
 70
     1
102
RTVSPropertyOp3
 70
     1
102
RTVSPropertyOp4
 70
     1
102
RTVSPropertyOp5
 70
     1
102
RTVSPropertyOp6
 70
     1
102
RTVSPropertyOp7
 70
     1
102
RTVSPropertyOp8
 70
     1
102
RTVSPropertyOp9
 70
     1
102
RTVSPropertyOp10
 70
     1
102
RTVSPropertyOp11
 70
     1
102
RTVSPropertyOp12
 70
     1
102
RTVSPropertyOp13
 70
     1
102
RTVSPropertyOp14
 70
     1
102
RTVSPropertyOp15
 70
     1
102
RTVSPropertyOp16
 70
     1
102
RTVSPropertyOp17
 70
     1
102
RTVSPropertyOp18
 70
     1
102
RTVSPropertyOp19
 70
     1
102
RTVSPropertyOp20
 70
     1
102
RTVSPropertyOp21
 70
     1
102
RTVSPropertyOp22
 70
     1
102
RTVSPropertyOp23
 70
     1
102
RTVSPropertyOp24
 70
     1
102
RTVSPropertyOp25
 70
     1
102
RTVSPropertyOp26
 70
     1
102
RTVSPropertyOp27
 70
     1
102
RTVSPropertyOp28
 70
     1
102
RTVSPropertyOp29
 70
     1
102
RTVSPropertyOp30
 70
     1
102
RTVSPropertyOp31
 70
     1
102
RTVSPropertyOp32
 70
     1
  0
XRECORD
  5
AD
102
{ACAD_REACTORS
330
AC
102
}
330
AC
100
AcDbXrecord
280
     1
102
RTVSPropertyOp0
 70
     1
102
RTVSPropertyOp1
 70
     1
102
RTVSPropertyOp2
 70
     1
102
RTVSPropertyOp3
 70
     1
102
RTVSPropertyOp4
 70
     1
102
RTVSPropertyOp5
 70
     1
102
RTVSPropertyOp6
 70
     1
102
RTVSPropertyOp7
 70
     1
102
RTVSPropertyOp8
 70
     1
102
RTVSPropertyOp9
 70
     1
102
RTVSPropertyOp10
 70
     1
102
RTVSPropertyOp11
 70
     1
102
RTVSPropertyOp12
 70
     1
102
RTVSPropertyOp13
 70
     1
102
RTVSPropertyOp14
 70
     1
102
RTVSPropertyOp15
 70
     1
102
RTVSPropertyOp16
 70
     1
102
RTVSPropertyOp17
 70
     1
102
RTVSPropertyOp18
 70
     1
102
RTVSPropertyOp19
 70
     1
102
RTVSPropertyOp20
 70
     1
102
RTVSPropertyOp21
 70
     1
102
RTVSPropertyOp22
 70
     1
102
RTVSPropertyOp23
 70
     1
102
RTVSPropertyOp24
 70
     1
102
RTVSPropertyOp25
 70
     1
102
RTVSPropertyOp26
 70
     1
102
RTVSPropertyOp27
 70
     1
102
RTVSPropertyOp28
 70
     1
102
RTVSPropertyOp29
 70
     1
102
RTVSPropertyOp30
 70
     1
102
RTVSPropertyOp31
 70
     1
102
RTVSPropertyOp32
 70
     1
  0
XRECORD
  5
B1
102
{ACAD_REACTORS
330
B0
102
}
330
B0
100
AcDbXrecord
280
     1
102
RTVSPropertyOp0
 70
     1
102
RTVSPropertyOp1
 70
     1
102
RTVSPropertyOp2
 70
     1
102
RTVSPropertyOp3
 70
     1
102
RTVSPropertyOp4
 70
     1
102
RTVSPropertyOp5
 70
     1
102
RTVSPropertyOp6
 70
     1
102
RTVSPropertyOp7
 70
     1
102
RTVSPropertyOp8
 70
     1
102
RTVSPropertyOp9
 70
     1
102
RTVSPropertyOp10
 70
     1
102
RTVSPropertyOp11
 70
     1
102
RTVSPropertyOp12
 70
     1
102
RTVSPropertyOp13
 70
     1
102
RTVSPropertyOp14
 70
     1
102
RTVSPropertyOp15
 70
     1
102
RTVSPropertyOp16
 70
     1
102
RTVSPropertyOp17
 70
     1
102
RTVSPropertyOp18
 70
     1
102
RTVSPropertyOp19
 70
     1
102
RTVSPropertyOp20
 70
     1
102
RTVSPropertyOp21
 70
     1
102
RTVSPropertyOp22
 70
     1
102
RTVSPropertyOp23
 70
     1
102
RTVSPropertyOp24
 70
     1
102
RTVSPropertyOp25
 70
     1
102
RTVSPropertyOp26
 70
     1
102
RTVSPropertyOp27
 70
     1
102
RTVSPropertyOp28
 70
     1
102
RTVSPropertyOp29
 70
     1
102
RTVSPropertyOp30
 70
     1
102
RTVSPropertyOp31
 70
     1
102
RTVSPropertyOp32
 70
     1
  0
XRECORD
  5
B9
102
{ACAD_REACTORS
330
B8
102
}
330
B8
100
AcDbXrecord
280
     1
102
RTVSPropertyOp0
 70
     1
102
RTVSPropertyOp1
 70
     1
102
RTVSPropertyOp2
 70
     1
102
RTVSPropertyOp3
 70
     1
102
RTVSPropertyOp4
 70
     1
102
RTVSPropertyOp5
 70
     1
102
RTVSPropertyOp6
 70
     1
102
RTVSPropertyOp7
 70
     1
102
RTVSPropertyOp8
 70
     1
102
RTVSPropertyOp9
 70
     1
102
RTVSPropertyOp10
 70
     1
102
RTVSPropertyOp11
 70
     1
102
RTVSPropertyOp12
 70
     1
102
RTVSPropertyOp13
 70
     1
102
RTVSPropertyOp14
 70
     1
102
RTVSPropertyOp15
 70
     1
102
RTVSPropertyOp16
 70
     1
102
RTVSPropertyOp17
 70
     1
102
RTVSPropertyOp18
 70
     1
102
RTVSPropertyOp19
 70
     1
102
RTVSPropertyOp20
 70
     1
102
RTVSPropertyOp21
 70
     1
102
RTVSPropertyOp22
 70
     1
102
RTVSPropertyOp23
 70
     1
102
RTVSPropertyOp24
 70
     1
102
RTVSPropertyOp25
 70
     1
102
RTVSPropertyOp26
 70
     1
102
RTVSPropertyOp27
 70
     1
102
RTVSPropertyOp28
 70
     1
102
RTVSPropertyOp29
 70
     1
102
RTVSPropertyOp30
 70
     1
102
RTVSPropertyOp31
 70
     1
102
RTVSPropertyOp32
 70
     1
  0
XRECORD
  5
C1
102
{ACAD_REACTORS
330
C0
102
}
330
C0
100
AcDbXrecord
280
     1
102
RTVSPropertyOp0
 70
     1
102
RTVSPropertyOp1
 70
     1
102
RTVSPropertyOp2
 70
     1
102
RTVSPropertyOp3
 70
     1
102
RTVSPropertyOp4
 70
     1
102
RTVSPropertyOp5
 70
     1
102
RTVSPropertyOp6
 70
     1
102
RTVSPropertyOp7
 70
     1
102
RTVSPropertyOp8
 70
     1
102
RTVSPropertyOp9
 70
     1
102
RTVSPropertyOp10
 70
     1
102
RTVSPropertyOp11
 70
     1
102
RTVSPropertyOp12
 70
     1
102
RTVSPropertyOp13
 70
     1
102
RTVSPropertyOp14
 70
     1
102
RTVSPropertyOp15
 70
     1
102
RTVSPropertyOp16
 70
     1
102
RTVSPropertyOp17
 70
     1
102
RTVSPropertyOp18
 70
     1
102
RTVSPropertyOp19
 70
     1
102
RTVSPropertyOp20
 70
     1
102
RTVSPropertyOp21
 70
     1
102
RTVSPropertyOp22
 70
     1
102
RTVSPropertyOp23
 70
     1
102
RTVSPropertyOp24
 70
     1
102
RTVSPropertyOp25
 70
     1
102
RTVSPropertyOp26
 70
     1
102
RTVSPropertyOp27
 70
     1
102
RTVSPropertyOp28
 70
     1
102
RTVSPropertyOp29
 70
     1
102
RTVSPropertyOp30
 70
     1
102
RTVSPropertyOp31
 70
     1
102
RTVSPropertyOp32
 70
     1
  0
XRECORD
  5
B5
102
{ACAD_REACTORS
330
B4
102
}
330
B4
100
AcDbXrecord
280
     1
102
RTVSPropertyOp0
 70
     1
102
RTVSPropertyOp1
 70
     1
102
RTVSPropertyOp2
 70
     1
102
RTVSPropertyOp3
 70
     1
102
RTVSPropertyOp4
 70
     1
102
RTVSPropertyOp5
 70
     1
102
RTVSPropertyOp6
 70
     1
102
RTVSPropertyOp7
 70
     1
102
RTVSPropertyOp8
 70
     1
102
RTVSPropertyOp9
 70
     1
102
RTVSPropertyOp10
 70
     1
102
RTVSPropertyOp11
 70
     1
102
RTVSPropertyOp12
 70
     1
102
RTVSPropertyOp13
 70
     1
102
RTVSPropertyOp14
 70
     1
102
RTVSPropertyOp15
 70
     1
102
RTVSPropertyOp16
 70
     1
102
RTVSPropertyOp17
 70
     1
102
RTVSPropertyOp18
 70
     1
102
RTVSPropertyOp19
 70
     1
102
RTVSPropertyOp20
 70
     1
102
RTVSPropertyOp21
 70
     1
102
RTVSPropertyOp22
 70
     1
102
RTVSPropertyOp23
 70
     1
102
RTVSPropertyOp24
 70
     1
102
RTVSPropertyOp25
 70
     1
102
RTVSPropertyOp26
 70
     1
102
RTVSPropertyOp27
 70
     1
102
RTVSPropertyOp28
 70
     1
102
RTVSPropertyOp29
 70
     1
102
RTVSPropertyOp30
 70
     1
102
RTVSPropertyOp31
 70
     1
102
RTVSPropertyOp32
 70
     1
  0
XRECORD
  5
B7
102
{ACAD_REACTORS
330
B6
102
}
330
B6
100
AcDbXrecord
280
     1
102
RTVSPropertyOp0
 70
     1
102
RTVSPropertyOp1
 70
     1
102
RTVSPropertyOp2
 70
     1
102
RTVSPropertyOp3
 70
     1
102
RTVSPropertyOp4
 70
     1
102
RTVSPropertyOp5
 70
     1
102
RTVSPropertyOp6
 70
     1
102
RTVSPropertyOp7
 70
     1
102
RTVSPropertyOp8
 70
     1
102
RTVSPropertyOp9
 70
     1
102
RTVSPropertyOp10
 70
     1
102
RTVSPropertyOp11
 70
     1
102
RTVSPropertyOp12
 70
     1
102
RTVSPropertyOp13
 70
     1
102
RTVSPropertyOp14
 70
     1
102
RTVSPropertyOp15
 70
     1
102
RTVSPropertyOp16
 70
     1
102
RTVSPropertyOp17
 70
     1
102
RTVSPropertyOp18
 70
     1
102
RTVSPropertyOp19
 70
     1
102
RTVSPropertyOp20
 70
     1
102
RTVSPropertyOp21
 70
     1
102
RTVSPropertyOp22
 70
     1
102
RTVSPropertyOp23
 70
     1
102
RTVSPropertyOp24
 70
     1
102
RTVSPropertyOp25
 70
     1
102
RTVSPropertyOp26
 70
     1
102
RTVSPropertyOp27
 70
     1
102
RTVSPropertyOp28
 70
     1
102
RTVSPropertyOp29
 70
     1
102
RTVSPropertyOp30
 70
     1
102
RTVSPropertyOp31
 70
     1
102
RTVSPropertyOp32
 70
     1
  0
XRECORD
  5
BF
102
{ACAD_REACTORS
330
BE
102
}
330
BE
100
AcDbXrecord
280
     1
102
RTVSPropertyOp0
 70
     1
102
RTVSPropertyOp1
 70
     1
102
RTVSPropertyOp2
 70
     1
102
RTVSPropertyOp3
 70
     1
102
RTVSPropertyOp4
 70
     1
102
RTVSPropertyOp5
 70
     1
102
RTVSPropertyOp6
 70
     1
102
RTVSPropertyOp7
 70
     1
102
RTVSPropertyOp8
 70
     1
102
RTVSPropertyOp9
 70
     1
102
RTVSPropertyOp10
 70
     1
102
RTVSPropertyOp11
 70
     1
102
RTVSPropertyOp12
 70
     1
102
RTVSPropertyOp13
 70
     1
102
RTVSPropertyOp14
 70
     1
102
RTVSPropertyOp15
 70
     1
102
RTVSPropertyOp16
 70
     1
102
RTVSPropertyOp17
 70
     1
102
RTVSPropertyOp18
 70
     1
102
RTVSPropertyOp19
 70
     1
102
RTVSPropertyOp20
 70
     1
102
RTVSPropertyOp21
 70
     1
102
RTVSPropertyOp22
 70
     1
102
RTVSPropertyOp23
 70
     1
102
RTVSPropertyOp24
 70
     1
102
RTVSPropertyOp25
 70
     1
102
RTVSPropertyOp26
 70
     1
102
RTVSPropertyOp27
 70
     1
102
RTVSPropertyOp28
 70
     1
102
RTVSPropertyOp29
 70
     1
102
RTVSPropertyOp30
 70
     1
102
RTVSPropertyOp31
 70
     1
102
RTVSPropertyOp32
 70
     1
  0
XRECORD
  5
A3
102
{ACAD_REACTORS
330
A2
102
}
330
A2
100
AcDbXrecord
280
     1
102
RTVSPropertyOp0
 70
     1
102
RTVSPropertyOp1
 70
     1
102
RTVSPropertyOp2
 70
     1
102
RTVSPropertyOp3
 70
     1
102
RTVSPropertyOp4
 70
     1
102
RTVSPropertyOp5
 70
     1
102
RTVSPropertyOp6
 70
     1
102
RTVSPropertyOp7
 70
     1
102
RTVSPropertyOp8
 70
     1
102
RTVSPropertyOp9
 70
     1
102
RTVSPropertyOp10
 70
     1
102
RTVSPropertyOp11
 70
     1
102
RTVSPropertyOp12
 70
     1
102
RTVSPropertyOp13
 70
     1
102
RTVSPropertyOp14
 70
     1
102
RTVSPropertyOp15
 70
     1
102
RTVSPropertyOp16
 70
     1
102
RTVSPropertyOp17
 70
     1
102
RTVSPropertyOp18
 70
     1
102
RTVSPropertyOp19
 70
     1
102
RTVSPropertyOp20
 70
     1
102
RTVSPropertyOp21
 70
     1
102
RTVSPropertyOp22
 70
     1
102
RTVSPropertyOp23
 70
     1
102
RTVSPropertyOp24
 70
     1
102
RTVSPropertyOp25
 70
     1
102
RTVSPropertyOp26
 70
     1
102
RTVSPropertyOp27
 70
     1
102
RTVSPropertyOp28
 70
     1
102
RTVSPropertyOp29
 70
     1
102
RTVSPropertyOp30
 70
     1
102
RTVSPropertyOp31
 70
     1
102
RTVSPropertyOp32
 70
     1
  0
XRECORD
  5
A5
102
{ACAD_REACTORS
330
A4
102
}
330
A4
100
AcDbXrecord
280
     1
102
RTVSPropertyOp0
 70
     1
102
RTVSPropertyOp1
 70
     1
102
RTVSPropertyOp2
 70
     1
102
RTVSPropertyOp3
 70
     1
102
RTVSPropertyOp4
 70
     1
102
RTVSPropertyOp5
 70
     1
102
RTVSPropertyOp6
 70
     1
102
RTVSPropertyOp7
 70
     1
102
RTVSPropertyOp8
 70
     1
102
RTVSPropertyOp9
 70
     1
102
RTVSPropertyOp10
 70
     1
102
RTVSPropertyOp11
 70
     1
102
RTVSPropertyOp12
 70
     1
102
RTVSPropertyOp13
 70
     1
102
RTVSPropertyOp14
 70
     1
102
RTVSPropertyOp15
 70
     1
102
RTVSPropertyOp16
 70
     1
102
RTVSPropertyOp17
 70
     1
102
RTVSPropertyOp18
 70
     1
102
RTVSPropertyOp19
 70
     1
102
RTVSPropertyOp20
 70
     1
102
RTVSPropertyOp21
 70
     1
102
RTVSPropertyOp22
 70
     1
102
RTVSPropertyOp23
 70
     1
102
RTVSPropertyOp24
 70
     1
102
RTVSPropertyOp25
 70
     1
102
RTVSPropertyOp26
 70
     1
102
RTVSPropertyOp27
 70
     1
102
RTVSPropertyOp28
 70
     1
102
RTVSPropertyOp29
 70
     1
102
RTVSPropertyOp30
 70
     1
102
RTVSPropertyOp31
 70
     1
102
RTVSPropertyOp32
 70
     1
  0
XRECORD
  5
A7
102
{ACAD_REACTORS
330
A6
102
}
330
A6
100
AcDbXrecord
280
     1
102
RTVSPropertyOp0
 70
     1
102
RTVSPropertyOp1
 70
     1
102
RTVSPropertyOp2
 70
     1
102
RTVSPropertyOp3
 70
     1
102
RTVSPropertyOp4
 70
     1
102
RTVSPropertyOp5
 70
     1
102
RTVSPropertyOp6
 70
     1
102
RTVSPropertyOp7
 70
     1
102
RTVSPropertyOp8
 70
     1
102
RTVSPropertyOp9
 70
     1
102
RTVSPropertyOp10
 70
     1
102
RTVSPropertyOp11
 70
     1
102
RTVSPropertyOp12
 70
     1
102
RTVSPropertyOp13
 70
     1
102
RTVSPropertyOp14
 70
     1
102
RTVSPropertyOp15
 70
     1
102
RTVSPropertyOp16
 70
     1
102
RTVSPropertyOp17
 70
     1
102
RTVSPropertyOp18
 70
     1
102
RTVSPropertyOp19
 70
     1
102
RTVSPropertyOp20
 70
     1
102
RTVSPropertyOp21
 70
     1
102
RTVSPropertyOp22
 70
     1
102
RTVSPropertyOp23
 70
     1
102
RTVSPropertyOp24
 70
     1
102
RTVSPropertyOp25
 70
     1
102
RTVSPropertyOp26
 70
     1
102
RTVSPropertyOp27
 70
     1
102
RTVSPropertyOp28
 70
     1
102
RTVSPropertyOp29
 70
     1
102
RTVSPropertyOp30
 70
     1
102
RTVSPropertyOp31
 70
     1
102
RTVSPropertyOp32
 70
     1
  0
XRECORD
  5
A9
102
{ACAD_REACTORS
330
A8
102
}
330
A8
100
AcDbXrecord
280
     1
102
RTVSPropertyOp0
 70
     1
102
RTVSPropertyOp1
 70
     1
102
RTVSPropertyOp2
 70
     1
102
RTVSPropertyOp3
 70
     1
102
RTVSPropertyOp4
 70
     1
102
RTVSPropertyOp5
 70
     1
102
RTVSPropertyOp6
 70
     1
102
RTVSPropertyOp7
 70
     1
102
RTVSPropertyOp8
 70
     1
102
RTVSPropertyOp9
 70
     1
102
RTVSPropertyOp10
 70
     1
102
RTVSPropertyOp11
 70
     1
102
RTVSPropertyOp12
 70
     1
102
RTVSPropertyOp13
 70
     1
102
RTVSPropertyOp14
 70
     1
102
RTVSPropertyOp15
 70
     1
102
RTVSPropertyOp16
 70
     1
102
RTVSPropertyOp17
 70
     1
102
RTVSPropertyOp18
 70
     1
102
RTVSPropertyOp19
 70
     1
102
RTVSPropertyOp20
 70
     1
102
RTVSPropertyOp21
 70
     1
102
RTVSPropertyOp22
 70
     1
102
RTVSPropertyOp23
 70
     1
102
RTVSPropertyOp24
 70
     1
102
RTVSPropertyOp25
 70
     1
102
RTVSPropertyOp26
 70
     1
102
RTVSPropertyOp27
 70
     1
102
RTVSPropertyOp28
 70
     1
102
RTVSPropertyOp29
 70
     1
102
RTVSPropertyOp30
 70
     1
102
RTVSPropertyOp31
 70
     1
102
RTVSPropertyOp32
 70
     1
  0
XRECORD
  5
BD
102
{ACAD_REACTORS
330
BC
102
}
330
BC
100
AcDbXrecord
280
     1
102
RTVSPropertyOp0
 70
     1
102
RTVSPropertyOp1
 70
     1
102
RTVSPropertyOp2
 70
     1
102
RTVSPropertyOp3
 70
     1
102
RTVSPropertyOp4
 70
     1
102
RTVSPropertyOp5
 70
     1
102
RTVSPropertyOp6
 70
     1
102
RTVSPropertyOp7
 70
     1
102
RTVSPropertyOp8
 70
     1
102
RTVSPropertyOp9
 70
     1
102
RTVSPropertyOp10
 70
     1
102
RTVSPropertyOp11
 70
     1
102
RTVSPropertyOp12
 70
     1
102
RTVSPropertyOp13
 70
     1
102
RTVSPropertyOp14
 70
     1
102
RTVSPropertyOp15
 70
     1
102
RTVSPropertyOp16
 70
     1
102
RTVSPropertyOp17
 70
     1
102
RTVSPropertyOp18
 70
     1
102
RTVSPropertyOp19
 70
     1
102
RTVSPropertyOp20
 70
     1
102
RTVSPropertyOp21
 70
     1
102
RTVSPropertyOp22
 70
     1
102
RTVSPropertyOp23
 70
     1
102
RTVSPropertyOp24
 70
     1
102
RTVSPropertyOp25
 70
     1
102
RTVSPropertyOp26
 70
     1
102
RTVSPropertyOp27
 70
     1
102
RTVSPropertyOp28
 70
     1
102
RTVSPropertyOp29
 70
     1
102
RTVSPropertyOp30
 70
     1
102
RTVSPropertyOp31
 70
     1
102
RTVSPropertyOp32
 70
     1
  0
XRECORD
  5
B3
102
{ACAD_REACTORS
330
B2
102
}
330
B2
100
AcDbXrecord
280
     1
102
RTVSPropertyOp0
 70
     1
102
RTVSPropertyOp1
 70
     1
102
RTVSPropertyOp2
 70
     1
102
RTVSPropertyOp3
 70
     1
102
RTVSPropertyOp4
 70
     1
102
RTVSPropertyOp5
 70
     1
102
RTVSPropertyOp6
 70
     1
102
RTVSPropertyOp7
 70
     1
102
RTVSPropertyOp8
 70
     1
102
RTVSPropertyOp9
 70
     1
102
RTVSPropertyOp10
 70
     1
102
RTVSPropertyOp11
 70
     1
102
RTVSPropertyOp12
 70
     1
102
RTVSPropertyOp13
 70
     1
102
RTVSPropertyOp14
 70
     1
102
RTVSPropertyOp15
 70
     1
102
RTVSPropertyOp16
 70
     1
102
RTVSPropertyOp17
 70
     1
102
RTVSPropertyOp18
 70
     1
102
RTVSPropertyOp19
 70
     1
102
RTVSPropertyOp20
 70
     1
102
RTVSPropertyOp21
 70
     1
102
RTVSPropertyOp22
 70
     1
102
RTVSPropertyOp23
 70
     1
102
RTVSPropertyOp24
 70
     1
102
RTVSPropertyOp25
 70
     1
102
RTVSPropertyOp26
 70
     1
102
RTVSPropertyOp27
 70
     1
102
RTVSPropertyOp28
 70
     1
102
RTVSPropertyOp29
 70
     1
102
RTVSPropertyOp30
 70
     1
102
RTVSPropertyOp31
 70
     1
102
RTVSPropertyOp32
 70
     1
  0
XRECORD
  5
BB
102
{ACAD_REACTORS
330
BA
102
}
330
BA
100
AcDbXrecord
280
     1
102
RTVSPropertyOp0
 70
     1
102
RTVSPropertyOp1
 70
     1
102
RTVSPropertyOp2
 70
     1
102
RTVSPropertyOp3
 70
     1
102
RTVSPropertyOp4
 70
     1
102
RTVSPropertyOp5
 70
     1
102
RTVSPropertyOp6
 70
     1
102
RTVSPropertyOp7
 70
     1
102
RTVSPropertyOp8
 70
     1
102
RTVSPropertyOp9
 70
     1
102
RTVSPropertyOp10
 70
     1
102
RTVSPropertyOp11
 70
     1
102
RTVSPropertyOp12
 70
     1
102
RTVSPropertyOp13
 70
     1
102
RTVSPropertyOp14
 70
     1
102
RTVSPropertyOp15
 70
     1
102
RTVSPropertyOp16
 70
     1
102
RTVSPropertyOp17
 70
     1
102
RTVSPropertyOp18
 70
     1
102
RTVSPropertyOp19
 70
     1
102
RTVSPropertyOp20
 70
     1
102
RTVSPropertyOp21
 70
     1
102
RTVSPropertyOp22
 70
     1
102
RTVSPropertyOp23
 70
     1
102
RTVSPropertyOp24
 70
     1
102
RTVSPropertyOp25
 70
     1
102
RTVSPropertyOp26
 70
     1
102
RTVSPropertyOp27
 70
     1
102
RTVSPropertyOp28
 70
     1
102
RTVSPropertyOp29
 70
     1
102
RTVSPropertyOp30
 70
     1
102
RTVSPropertyOp31
 70
     1
102
RTVSPropertyOp32
 70
     1
  0
ENDSEC
  0
EOF
